# https://github.com/mikedh/trimesh

o complex_knot_0000.obj
v 2.07644397 0.97141504 0.36378861
v 2.03099261 1.06286126 0.32473836
v 1.97440452 1.13727559 0.28345491
v 1.91221895 1.18737383 0.24397937
v 1.85052304 1.20825203 0.21017588
v 1.79535604 1.19786648 0.18535337
v 1.75211806 1.15723379 0.17194163
v 1.72504154 1.09033137 0.17125350
v 1.71677692 1.00370809 0.18335633
v 1.72813320 0.90584325 0.20706542
v 1.75799874 0.80631654 0.24005996
v 1.80345011 0.71487032 0.27911021
v 1.86003819 0.64045599 0.32039366
v 1.92222377 0.59035774 0.35986919
v 1.98391967 0.56947954 0.39367268
v 2.03908668 0.57986509 0.41849519
v 2.08232466 0.62049779 0.43190694
v 2.10940118 0.68740021 0.43259507
v 2.11766580 0.77402348 0.42049223
v 2.10630952 0.87188833 0.39678314
v 1.80780965 1.16386015 1.13198281
v 1.76360284 1.25550152 1.09155218
v 1.70920260 1.32974246 1.04563764
v 1.64993402 1.37931575 0.99873364
v 1.59159872 1.39936882 0.95543146
v 1.53990695 1.38793872 0.91996982
v 1.49991867 1.34614433 0.89581995
v 1.47554822 1.27807675 0.88534581
v 1.46918114 1.19039893 0.88957268
v 1.48144068 1.09169337 0.90808682
v 1.51112680 0.99162207 0.93907591
v 1.55533361 0.89998070 0.97950654
v 1.60973384 0.82573976 1.02542107
v 1.66900242 0.77616646 1.07232508
v 1.72733773 0.75611340 1.11562726
v 1.77902950 0.76754349 1.15108890
v 1.81901777 0.80933789 1.17523877
v 1.84338823 0.87740546 1.18571291
v 1.84975531 0.96508329 1.18148603
v 1.83749577 1.06378885 1.16297190
v 1.44621786 1.31075894 1.87890167
v 1.40451296 1.40302069 1.83652685
v 1.35501467 1.47743191 1.78246653
v 1.30256823 1.52670871 1.72201250
v 1.25230744 1.54602753 1.66108242
v 1.20915220 1.53349731 1.60564056
v 1.17732684 1.49034460 1.56111396
v 1.15994664 1.42079348 1.53186118
v 1.15871290 1.33165211 1.52074569
v 1.17374639 1.23164625 1.52885556
v 1.20357552 1.13056519 1.55539693
v 1.24528042 1.03830343 1.59777175
v 1.29477871 0.96389221 1.65183208
v 1.34722516 0.91461541 1.71228611
v 1.39748594 0.89529659 1.77321618
v 1.44064118 0.90782681 1.82865804
v 1.47246654 0.95097952 1.87318464
v 1.48984674 1.02053064 1.90243742
v 1.49108048 1.10967202 1.91355291
v 1.47604699 1.20967787 1.90544304
v 1.01747816 1.40477589 2.53093037
v 0.97824181 1.49788196 2.48757255
v 0.93419003 1.57309229 2.42699999
v 0.88963491 1.62304479 2.35514195
v 0.84893782 1.64284976 2.27903241
v 0.81608247 1.63056854 2.20612149
v 0.79428498 1.58740331 2.14354623
v 0.78567903 1.51757938 2.09743192
v 0.79110703 1.42793160 2.07229256
v 0.81003765 1.32723533 2.07058895
v 0.84061784 1.22534741 2.09248788
v 0.87985419 1.13224135 2.13584570
v 0.92390597 1.05703101 2.19641826
v 0.96846108 1.00707851 2.26827630
v 1.00915817 0.98727355 2.34438584
v 1.04201352 0.99955477 2.41729676
v 1.06381102 1.04272000 2.47987202
v 1.07241697 1.11254393 2.52598633
v 1.06698897 1.20219170 2.55112569
v 1.04805834 1.30288798 2.55282930
v 0.54198022 1.44596954 3.05529751
v 0.50505215 1.54009217 3.01192898
v 0.46672104 1.61668199 2.94676000
v 0.43073900 1.66824186 2.86616978
v 0.40062822 1.68972474 2.77804705
v 0.37933614 1.67902773 2.69101787
v 0.36894698 1.63719794 2.61360126
v 0.37047771 1.56832995 2.55337531
v 0.38377848 1.47916505 2.51623534
v 0.40754732 1.37843130 2.50581688
v 0.43945758 1.27598925 2.52313976
v 0.47638565 1.18186662 2.56650830
v 0.51471676 1.10527680 2.63167727
v 0.55069879 1.05371693 2.71226749
v 0.58080957 1.03223405 2.80039023
v 0.60210165 1.04293105 2.88741941
v 0.61249081 1.08476084 2.96483601
v 0.61096009 1.15362883 3.02506197
v 0.59765932 1.24279374 3.06220193
v 0.57389048 1.34352748 3.07262039
v 0.04245043 1.43715050 3.42655518
v 0.00755936 1.53240361 3.38410302
v -0.02505326 1.61087819 3.31643454
v -0.05219507 1.66489261 3.23017359
v -0.07120926 1.68915955 3.13376399
v -0.08023456 1.68130361 3.03664300
v -0.07838754 1.64209377 2.94831749
v -0.06584898 1.57536817 2.87743337
v -0.04384625 1.48765837 2.83092928
v -0.01453313 1.38755003 2.81335737
v 0.01922101 1.28484243 2.82643768
v 0.05411208 1.18958932 2.86888984
v 0.08672470 1.11111474 2.93655832
v 0.11386651 1.05710032 3.02281927
v 0.13288069 1.03283337 3.11922887
v 0.14190600 1.04068932 3.21634986
v 0.14005898 1.07989916 3.30467537
v 0.12752042 1.14662476 3.37555949
v 0.10551769 1.23433455 3.42206358
v 0.07620457 1.33444290 3.43963549
v -0.45738280 1.38364716 3.62796411
v -0.49059710 1.48008359 3.58725963
v -0.51776158 1.56085114 3.51926282
v -0.53621719 1.61804373 3.43062967
v -0.54415736 1.64606294 3.33003622
v -0.54080486 1.64216606 3.22732926
v -0.52648785 1.60673454 3.13256245
v -0.50260779 1.54323667 3.05501224
v -0.47150221 1.45788806 3.00226978
v -0.43621595 1.35904323 2.97949787
v -0.40020307 1.25637780 2.98892558
v -0.36698877 1.15994137 3.02963006
v -0.33982429 1.07917382 3.09762688
v -0.32136869 1.02198123 3.18626003
v -0.31342851 0.99396202 3.28685348
v -0.31678101 0.99785890 3.38956044
v -0.33109802 1.03329042 3.48432724
v -0.35497809 1.09678829 3.56187745
v -0.38608366 1.18213689 3.61461991
v -0.42136992 1.28098173 3.63739183
v -0.93416627 1.29292039 3.65231993
v -0.96612647 1.39053316 3.61405688
v -0.98836001 1.47388849 3.54787054
v -0.99869049 1.53482697 3.46023967
v -0.99610672 1.56738352 3.35974221
v -0.98086160 1.56837127 3.25621555
v -0.95444743 1.53769354 3.15979359
v -0.91944982 1.47835328 3.07991478
v -0.87929457 1.39615913 3.02439823
v -0.83791236 1.29915681 2.99867828
v -0.79935398 1.19684161 3.00527258
v -0.76739378 1.09922883 3.04353562
v -0.74516025 1.01587350 3.10972197
v -0.73482976 0.95493503 3.19735283
v -0.73741353 0.92237848 3.29785029
v -0.75265866 0.92139073 3.40137696
v -0.77907282 0.95206845 3.49779892
v -0.81407044 1.01140872 3.57767772
v -0.85422568 1.09360287 3.63319427
v -0.89560789 1.19060518 3.65891422
v -1.36625104 1.17405517 3.50217497
v -1.39741316 1.27278253 3.46687915
v -1.41544684 1.35889697 3.40450878
v -1.41858682 1.42396902 3.32116910
v -1.40652575 1.46162897 3.22501797
v -1.38044424 1.46819039 3.12546735
v -1.34289532 1.44301102 3.03226194
v -1.29755456 1.38855559 2.95452534
v -1.24886022 1.31015456 2.89986694
v -1.20157884 1.21548239 2.87363709
v -1.16033866 1.11380624 2.87840335
v -1.12917654 1.01507888 2.91369917
v -1.11114286 0.92896444 2.97606954
v -1.10800287 0.86389239 3.05940923
v -1.12006395 0.82623245 3.15556035
v -1.14614546 0.81967102 3.25511097
v -1.18369437 0.84485039 3.34831638
v -1.22903513 0.89930583 3.42605298
v -1.27772948 0.97770685 3.48071138
v -1.32501085 1.07237902 3.50694123
v -1.73488722 1.03716513 3.18945293
v -1.76571101 1.13689879 3.15746476
v -1.78044749 1.22581672 3.10069248
v -1.77765415 1.29521501 3.02469336
v -1.75760444 1.33830049 2.93690672
v -1.72226094 1.35085563 2.84592572
v -1.67508334 1.33165146 2.76065623
v -1.62068969 1.28256782 2.68944501
v -1.56440444 1.20840934 2.63926271
v -1.51173718 1.11643519 2.61502153
v -1.46784333 1.01564843 2.61909437
v -1.43701955 0.91591477 2.65108253
v -1.42228307 0.82699684 2.70785481
v -1.42507640 0.75759855 2.78385393
v -1.44512612 0.71451307 2.87164057
v -1.48046961 0.70195793 2.96262157
v -1.52764722 0.72116210 3.04789106
v -1.58204086 0.77024574 3.11910228
v -1.63832611 0.84440422 3.16928458
v -1.69099338 0.93637837 3.19352576
v -2.02520953 0.89275106 2.73449510
v -2.05613045 0.99334709 2.70596608
v -2.06859477 1.08498888 2.65627581
v -2.06138239 1.15870591 2.59028833
v -2.03519932 1.20728223 2.51446293
v -1.99260853 1.22596285 2.43622195
v -1.93777911 1.21291920 2.36322416
v -1.87607814 1.16942807 2.30261508
v -1.81354535 1.09974667 2.26032756
v -1.75630187 1.01069591 2.24050099
v -1.70995111 0.91099269 2.24507614
v -1.67903019 0.81039667 2.27360516
v -1.66656587 0.71875487 2.32329543
v -1.67377825 0.64503785 2.38928292
v -1.69996132 0.59646153 2.46510831
v -1.74255211 0.57778090 2.54334930
v -1.79738153 0.59082455 2.61634709
v -1.85908250 0.63431569 2.67695617
v -1.92161529 0.70399708 2.71924369
v -1.97885876 0.79304785 2.73907025
v -2.22695448 0.75105712 2.16461589
v -2.25835923 0.85234847 2.13951877
v -2.26964581 0.94651951 2.09804003
v -2.25970940 1.02435210 2.04423990
v -2.22952265 1.07822747 1.98338471
v -2.18204044 1.10287190 1.92143139
v -2.12191068 1.09587304 1.86444436
v -2.05501928 1.05791598 1.81800191
v -1.98791403 0.99271621 1.78665015
v -1.92716366 0.90665596 1.77345801
v -1.87871485 0.80815939 1.77971683
v -1.84731010 0.70686804 1.80481395
v -1.83602353 0.61269700 1.84629269
v -1.84595994 0.53486440 1.90009282
v -1.87614669 0.48098904 1.96094801
v -1.92362889 0.45634460 2.02290133
v -1.98375865 0.46334347 2.07988836
v -2.05065005 0.50130053 2.12633081
v -2.11775530 0.56650029 2.15768257
v -2.17850567 0.65256055 2.17087470
v -2.33487043 0.62146701 1.51227681
v -2.36707774 0.72327679 1.49042840
v -2.37829656 0.81968168 1.45790105
v -2.36742869 0.90124491 1.41787875
v -2.33553798 0.95998250 1.37427917
v -2.28574609 0.99014480 1.33137014
v -2.22292701 0.98877932 1.29335188
v -2.15322991 0.95601972 1.26394591
v -2.08347722 0.89507274 1.24603066
v -2.02049682 0.81190429 1.24135983
v -1.97045368 0.71465548 1.25039061
v -1.93824637 0.61284570 1.27223901
v -1.92702755 0.51644081 1.30476637
v -1.93789542 0.43487758 1.34478866
v -1.96978613 0.37613999 1.38838825
v -2.01957802 0.34597769 1.43129728
v -2.08239710 0.34734317 1.46931553
v -2.15209421 0.38010277 1.49872151
v -2.22184689 0.44104976 1.51663675
v -2.28482729 0.52421821 1.52130759
v -2.34880390 0.51197886 0.81301201
v -2.38205200 0.61413313 0.79410660
v -2.39427704 0.71239416 0.77086743
v -2.38428233 0.79714347 0.74556929
v -2.35304624 0.86008521 0.72068855
v -2.30362636 0.89505822 0.69866070
v -2.24086026 0.89863908 0.68164199
v -2.17089193 0.87047727 0.67129832
v -2.10057035 0.81332948 0.66864221
v -2.03677908 0.73278972 0.67393365
v -1.98576247 0.63674178 0.68665468
v -1.95251437 0.53458752 0.70556009
v -1.94028933 0.43632649 0.72879926
v -1.95028404 0.35157718 0.75409740
v -1.98152013 0.28863543 0.77897814
v -2.03094001 0.25366243 0.80100599
v -2.09370611 0.25008157 0.81802470
v -2.16367444 0.27824337 0.82836837
v -2.23399602 0.33539117 0.83102448
v -2.29778729 0.41593093 0.82573304
v -2.27346876 0.42879041 0.10325090
v -2.30791036 0.53112958 0.08690141
v -2.32213307 0.63080795 0.07289224
v -2.31474466 0.71806831 0.06259470
v -2.28646837 0.78436900 0.05701679
v -2.24007208 0.82322005 0.05670452
v -2.18009737 0.83081845 0.06168845
v -2.11241499 0.80642042 0.07148071
v -2.04365016 0.75241419 0.08512278
v -1.98053407 0.67408629 0.10127928
v -1.92924495 0.57910398 0.11836869
v -1.89480335 0.47676481 0.13471818
v -1.88058064 0.37708643 0.14872735
v -1.88796905 0.28982607 0.15902488
v -1.91624534 0.22352538 0.16460279
v -1.96264163 0.18467433 0.16491507
v -2.02261634 0.17707593 0.15993114
v -2.09029872 0.20147397 0.15013887
v -2.15906355 0.25548019 0.13649680
v -2.22217964 0.33380810 0.12034031
v -2.11792659 0.37601756 -0.58181409
v -2.15363180 0.47840534 -0.59603081
v -2.17072205 0.57902394 -0.60123521
v -2.16752442 0.66802413 -0.59691784
v -2.14435193 0.73669393 -0.58350132
v -2.10347286 0.77831147 -0.56229895
v -2.04888873 0.78880295 -0.53538617
v -1.98594262 0.76714137 -0.50539738
v -1.92079614 0.71544712 -0.47526810
v -1.85982627 0.63878040 -0.44794759
v -1.80900118 0.54464588 -0.42611017
v -1.77329597 0.44225810 -0.41189345
v -1.75620572 0.34163950 -0.40668905
v -1.75940335 0.25263931 -0.41100642
v -1.78257584 0.18396951 -0.42442294
v -1.82345492 0.14235197 -0.44562531
v -1.87803904 0.13186049 -0.47253810
v -1.94098515 0.15352207 -0.50252689
v -2.00613163 0.20521632 -0.53265617
v -2.06710150 0.28188304 -0.55997668
v -1.89482590 0.35555905 -1.21017580
v -1.93179268 0.45788801 -1.22267347
v -1.95246899 0.55895408 -1.21982061
v -1.95483087 0.64886420 -1.20189649
v -1.93864714 0.71881734 -1.17065564
v -1.90550197 0.76196600 -1.12915613
v -1.85863984 0.77408649 -1.08146023
v -1.80264793 0.75399237 -1.03223674
v -1.74300714 0.70365060 -0.98630400
v -1.68555551 0.62798898 -0.94815823
v -1.63591682 0.53441379 -0.92153339
v -1.59895003 0.43208482 -0.90903573
v -1.57827373 0.33101876 -0.91188858
v -1.57591184 0.24110864 -0.92981271
v -1.59209557 0.17115550 -0.96105356
v -1.62524075 0.12800684 -1.00255306
v -1.67210288 0.11588635 -1.05024897
v -1.72809478 0.13598046 -1.09947246
v -1.78773558 0.18632224 -1.14540520
v -1.84518720 0.26198386 -1.18355097
v -1.61946235 0.36710895 -1.75465635
v -1.65763370 0.46930230 -1.76579785
v -1.68244396 0.57032858 -1.75589986
v -1.69146452 0.66029865 -1.72593126
v -1.68381240 0.73040560 -1.67882558
v -1.66023663 0.77378689 -1.61919386
v -1.62304498 0.78619604 -1.55287326
v -1.57587802 0.76641837 -1.48635571
v -1.52335279 0.71638984 -1.42615241
v -1.47061081 0.64100761 -1.37815647
v -1.42281485 0.54765060 -1.34706608
v -1.38464349 0.44545726 -1.33592458
v -1.35983324 0.34443098 -1.34582257
v -1.35081267 0.25446091 -1.37579117
v -1.35846479 0.18435396 -1.42289685
v -1.38204056 0.14097267 -1.48252857
v -1.41923221 0.12856352 -1.54884917
v -1.46639917 0.14834119 -1.61536672
v -1.51892441 0.19836972 -1.67557002
v -1.57166639 0.27375195 -1.72356596
v -1.30873252 0.40830856 -2.19415364
v -1.34801867 0.51031758 -2.20421791
v -1.37733173 0.61084077 -2.18848566
v -1.39380235 0.70003823 -2.14849689
v -1.39581827 0.76917867 -2.08816597
v -1.38318215 0.81149417 -2.01339851
v -1.35713090 0.82284257 -1.93151327
v -1.32021460 0.80211302 -1.85052575
v -1.27604688 0.75133467 -1.77836357
v -1.22895118 0.67547807 -1.72209047
v -1.18353756 0.58196857 -1.68721485
v -1.14425141 0.47995955 -1.67715059
v -1.11493835 0.37943636 -1.69288283
v -1.09846773 0.29023890 -1.73287160
v -1.09645181 0.22109846 -1.79320252
v -1.10908793 0.17878296 -1.86796998
v -1.13513918 0.16743456 -1.94985522
v -1.17205548 0.18816411 -2.03084274
v -1.21622320 0.23894246 -2.10300492
v -1.26331890 0.31479906 -2.15927802
v -0.98005717 0.47501933 -2.51442990
v -1.02036072 0.57681678 -2.52359072
v -1.05436841 0.67641212 -2.50336508
v -1.07875133 0.76405625 -2.45573280
v -1.09112272 0.83116995 -2.38535646
v -1.09027157 0.87118368 -2.29912500
v -1.07628121 0.88018060 -2.20547934
v -1.05052110 0.85728004 -2.11358618
v -1.01551283 0.80472366 -2.03244066
v -0.97468324 0.72765604 -1.96998587
v -0.93202903 0.63362111 -1.93233532
v -0.89172549 0.53182366 -1.92317450
v -0.85771780 0.43222832 -1.94340014
v -0.83333487 0.34458419 -1.99103242
v -0.82096348 0.27747049 -2.06140876
v -0.82181463 0.23745676 -2.14764022
v -0.83580500 0.22845984 -2.24128588
v -0.86156511 0.25136040 -2.33317904
v -0.89657338 0.30391678 -2.41432456
v -0.93740296 0.38098440 -2.47677935
v -0.65034855 0.56169118 -2.70841756
v -0.69158989 0.66326095 -2.71673726
v -0.73031813 0.76155234 -2.69342251
v -0.76274229 0.84694388 -2.64075551
v -0.78568845 0.91107688 -2.56389167
v -0.79691049 0.94767353 -2.47035497
v -0.79530992 0.95315151 -2.36930142
v -0.78104342 0.92697460 -2.27062286
v -0.75550748 0.87170516 -2.18397862
v -0.72120174 0.79275337 -2.11785005
v -0.68148429 0.69784757 -2.07871027
v -0.64024296 0.59627779 -2.07039057
v -0.60151472 0.49798641 -2.09370532
v -0.56909056 0.41259486 -2.14637232
v -0.54614440 0.34846187 -2.22323616
v -0.53492236 0.31186522 -2.31677286
v -0.53652293 0.30638723 -2.41782641
v -0.55078943 0.33256415 -2.51650497
v -0.57632537 0.38783358 -2.60314921
v -0.61063111 0.46678538 -2.66927778
v -0.33508870 0.66179471 -2.77605382
v -0.37722877 0.76311870 -2.78349361
v -0.42055592 0.85978413 -2.75849807
v -0.46082898 0.94232872 -2.70351394
v -0.49410574 1.00267244 -2.62392345
v -0.51712884 1.03490841 -2.52751747
v -0.52764462 1.03588117 -2.42373290
v -0.52462372 1.00549548 -2.32272888
v -0.50836185 0.94672570 -2.23439239
v -0.48045083 0.86532465 -2.16737043
v -0.44362280 0.76926041 -2.12822358
v -0.40148272 0.66793643 -2.12078379
v -0.35815558 0.57127099 -2.14577933
v -0.31788252 0.48872640 -2.20076346
v -0.28460576 0.42838268 -2.28035395
v -0.26158266 0.39614671 -2.37675992
v -0.25106688 0.39517396 -2.48054450
v -0.25408778 0.42555965 -2.58154852
v -0.27034965 0.48432942 -2.66988500
v -0.29826066 0.56573047 -2.73690696
v -0.04757382 0.76828331 -2.72368901
v -0.09063124 0.86932687 -2.73013600
v -0.13831097 0.96409943 -2.70482366
v -0.18594578 1.04332398 -2.65022974
v -0.22887284 1.09924548 -2.57169825
v -0.26289016 1.12638994 -2.47691643
v -0.28466789 1.12210027 -2.37516216
v -0.29207426 1.08679638 -2.27639587
v -0.28438429 1.02393405 -2.19028549
v -0.26235073 0.93966669 -2.12526010
v -0.22813037 0.84224298 -2.08768485
v -0.18507295 0.74119942 -2.08123785
v -0.13739322 0.64642686 -2.10655019
v -0.08975841 0.56720231 -2.16114412
v -0.04683135 0.51128081 -2.23967560
v -0.01281403 0.48413635 -2.33445743
v 0.00896369 0.48842602 -2.43621169
v 0.01637007 0.52372991 -2.53497798
v 0.00868010 0.58659224 -2.62108836
v -0.01335346 0.67085960 -2.68611375
v 0.20163586 0.87405101 -2.56314160
v 0.15757609 0.97474869 -2.56845110
v 0.10589025 1.06741378 -2.54410693
v 0.05163768 1.14297559 -2.49249207
v 0.00012903 1.19403759 -2.41865894
v -0.04359369 1.21560148 -2.32983484
v -0.07525060 1.20555644 -2.23471449
v -0.09174289 1.16488575 -2.14260893
v -0.09145618 1.09757053 -2.06253411
v -0.07441855 1.01020007 -2.00232829
v -0.04229774 0.91132680 -1.96788485
v 0.00176202 0.81062913 -1.96257535
v 0.05344787 0.71796404 -1.98691952
v 0.10770043 0.64240223 -2.03853438
v 0.15920909 0.59134023 -2.11236751
v 0.20293181 0.56977634 -2.20119162
v 0.23458872 0.57982138 -2.29631196
v 0.25108101 0.62049207 -2.38841752
v 0.25079430 0.68780729 -2.46849234
v 0.23375667 0.77517775 -2.52869816
v 0.40503912 0.97235439 -2.31049459
v 0.35982746 1.07259787 -2.31454380
v 0.30455882 1.16298806 -2.29235366
v 0.24464329 1.23467694 -2.24609630
v 0.18594580 1.28064708 -2.18029970
v 0.13421209 1.29639863 -2.10140451
v 0.09450620 1.28038970 -2.01713353
v 0.07071483 1.23418736 -1.93573579
v 0.06516684 1.16231423 -1.86517907
v 0.07840530 1.07180573 -1.81236995
v 0.10913435 0.97152148 -1.78247776
v 0.15434601 0.87127799 -1.77842855
v 0.20961464 0.78088780 -1.80061870
v 0.26953018 0.70919893 -1.84687606
v 0.32822766 0.66322878 -1.91267265
v 0.37996138 0.64747724 -1.99156784
v 0.41966727 0.66348616 -2.07583883
v 0.44345864 0.70968850 -2.15723657
v 0.44900663 0.78156164 -2.22779329
v 0.43576817 0.87207013 -2.28060240
v 0.55828643 1.05717174 -1.98474033
v 0.51172236 1.15680221 -1.98748798
v 0.45335179 1.24479112 -1.96853205
v 0.38888845 1.31252551 -1.92972809
v 0.32464245 1.35337507 -1.87487450
v 0.26690264 1.36334117 -1.80934073
v 0.22132100 1.34144824 -1.73954169
v 0.19235937 1.28983932 -1.67230978
v 0.18285272 1.21356625 -1.61422614
v 0.19373163 1.12009517 -1.57097641
v 0.22393119 1.01857568 -1.54679415
v 0.27049527 0.91894522 -1.54404651
v 0.32886583 0.83095631 -1.56300244
v 0.39332917 0.76322191 -1.60180640
v 0.45757517 0.72237235 -1.65665999
v 0.51531498 0.71240626 -1.72219376
v 0.56089662 0.73429919 -1.79199280
v 0.58985825 0.78590811 -1.85922470
v 0.59936490 0.86218118 -1.91730834
v 0.58848599 0.95565226 -1.96055808
v 0.66005679 1.12347945 -1.60638476
v 0.61191396 1.22228615 -1.60792930
v 0.55096626 1.30778329 -1.59318608
v 0.48317968 1.37160182 -1.56359826
v 0.41518964 1.40749474 -1.52206211
v 0.35365148 1.41194859 -1.47264347
v 0.30458898 1.38452740 -1.42017979
v 0.27280473 1.32791535 -1.36980657
v 0.26140998 1.24765402 -1.32645470
v 0.27152013 1.15159995 -1.29436776
v 0.30214554 1.04915557 -1.27668664
v 0.35028837 0.95034887 -1.27514210
v 0.41123607 0.86485173 -1.28988532
v 0.47902265 0.80103320 -1.31947314
v 0.54701269 0.76514029 -1.36100929
v 0.60855085 0.76068644 -1.41042793
v 0.65761335 0.78810763 -1.46289161
v 0.68939760 0.84471968 -1.51326483
v 0.70079235 0.92498101 -1.55661670
v 0.69068219 1.02103508 -1.58870364
v 0.71174850 1.16743299 -1.19611705
v 0.66180967 1.26515978 -1.19674512
v 0.59884654 1.34810801 -1.18710121
v 0.52902237 1.40815813 -1.16812933
v 0.45917205 1.43943201 -1.14168659
v 0.39613301 1.43886834 -1.11036139
v 0.34607596 1.40652230 -1.07722005
v 0.31390081 1.34556016 -1.04550668
v 0.30275711 1.26194929 -1.01832560
v 0.31373567 1.16387413 -0.99833750
v 0.34576184 1.06093495 -0.98749893
v 0.39570068 0.96320815 -0.98687087
v 0.45866381 0.88025992 -0.99651478
v 0.52848798 0.82020981 -1.01548665
v 0.59833830 0.78893593 -1.04192939
v 0.66137733 0.78949960 -1.07325460
v 0.71143439 0.82184563 -1.10639594
v 0.74360954 0.88280778 -1.13810931
v 0.75475324 0.96641864 -1.16529038
v 0.74377467 1.06449380 -1.18527849
v 0.71702633 1.18644875 -0.77363753
v 0.66512453 1.28280921 -0.77385414
v 0.60074348 1.36318621 -0.77011413
v 0.53018525 1.41971189 -0.76278361
v 0.46035656 1.44685313 -0.75258013
v 0.39809273 1.44195315 -0.74050249
v 0.34948859 1.40549160 -0.72773292
v 0.31930184 1.34103758 -0.71552141
v 0.31048737 1.25490031 -0.70506329
v 0.32390801 1.15551150 -0.69738229
v 0.35825005 1.05260002 -0.69323027
v 0.41015184 0.95623956 -0.69301367
v 0.47453289 0.87586256 -0.69675367
v 0.54509113 0.81933687 -0.70408420
v 0.61491982 0.79219563 -0.71428767
v 0.67718364 0.79709561 -0.72636532
v 0.72578779 0.83355717 -0.73913488
v 0.75597454 0.89801118 -0.75134640
v 0.76478900 0.98414846 -0.76180451
v 0.75136837 1.08353727 -0.76948551
v 0.68127516 1.17919071 -0.35671695
v 0.62733609 1.27389156 -0.35725044
v 0.56217343 1.35171605 -0.36014098
v 0.49216576 1.40504619 -0.36510563
v 0.42416591 1.42866164 -0.37165842
v 0.36483019 1.42025075 -0.37915791
v 0.31996678 1.38063685 -0.38687000
v 0.29396724 1.31369763 -0.39403977
v 0.28937657 1.22598555 -0.39996540
v 0.30664415 1.12608648 -0.40406685
v 0.34407970 1.02377925 -0.40594264
v 0.39801877 0.92907840 -0.40540915
v 0.46318142 0.85125391 -0.40251861
v 0.53318910 0.79792377 -0.39755396
v 0.60118894 0.77430832 -0.39100117
v 0.66052467 0.78271921 -0.38350168
v 0.70538807 0.82233311 -0.37578960
v 0.73138762 0.88927233 -0.36861982
v 0.73597828 0.97698441 -0.36269419
v 0.71871071 1.07688348 -0.35859274
v 0.61101472 1.14547350 0.03946384
v 0.55509427 1.23824483 0.03768655
v 0.48982907 1.31358732 0.02752333
v 0.42160772 1.36412594 0.00996901
v 0.35710820 1.38491361 -0.01325805
v 0.30264418 1.37391548 -0.03988424
v 0.26354697 1.33220814 -0.06730320
v 0.24364369 1.26387418 -0.09283097
v 0.24488260 1.17560262 -0.11396871
v 0.26714243 1.07603408 -0.12864731
v 0.30824423 0.97491503 -0.13542994
v 0.36416468 0.88214370 -0.13365265
v 0.42942988 0.80680120 -0.12348943
v 0.49765123 0.75626259 -0.10593511
v 0.56215075 0.73547492 -0.08270805
v 0.61661477 0.74647304 -0.05608186
v 0.65571198 0.78818039 -0.02866290
v 0.67561526 0.85651434 -0.00313513
v 0.67437635 0.94478591 0.01800261
v 0.65211652 1.04435445 0.03268121
v 0.51332884 1.08609968 0.40267206
v 0.45563978 1.17672886 0.39858024
v 0.39099527 1.24972563 0.38060664
v 0.32572317 1.29794458 0.35051064
v 0.26621277 1.31666569 0.31123825
v 0.21828937 1.30405641 0.26663373
v 0.18664403 1.26135102 0.22106327
v 0.17437443 1.19272984 0.17898763
v 0.18268160 1.10490996 0.14452547
v 0.21075238 1.00648783 0.12105018
v 0.25583899 0.90709767 0.11085968
v 0.31352806 0.81646850 0.11495150
v 0.37817257 0.74347172 0.13292510
v 0.44344467 0.69525278 0.16302110
v 0.50295506 0.67653167 0.20229349
v 0.55087847 0.68914095 0.24689801
v 0.58252380 0.73184633 0.29246847
v 0.59479340 0.80046752 0.33454411
v 0.58648623 0.88828739 0.36900627
v 0.55841546 0.98670953 0.39248156
v 0.39535809 1.00265339 0.72368513
v 0.33628086 1.09101875 0.71614465
v 0.27302006 1.16188682 0.68996055
v 0.21176810 1.20832055 0.64769590
v 0.15852075 1.22577468 0.59348786
v 0.11849023 1.21254068 0.53264270
v 0.09559502 1.16991398 0.47111636
v 0.09207624 1.10206718 0.41493146
v 0.10827834 1.01564160 0.36958779
v 0.14261536 0.91909717 0.33952388
v 0.19172614 0.82188435 0.32768261
v 0.25080337 0.73351899 0.33522309
v 0.31406417 0.66265092 0.36140719
v 0.37531613 0.61621719 0.40367184
v 0.42856348 0.59876306 0.45787988
v 0.46859399 0.61199706 0.51872504
v 0.49148921 0.65462377 0.58025138
v 0.49500799 0.72247057 0.63643628
v 0.47880588 0.80889615 0.68177996
v 0.44446887 0.90544057 0.71184386
v 0.26389579 0.89727531 0.99608961
v 0.20397088 0.98337495 0.98400050
v 0.14288407 1.05242509 0.94938672
v 0.08661495 1.09766662 0.89563652
v 0.04067154 1.11467099 0.82801133
v 0.00955109 1.10177368 0.75313077
v -0.00370011 1.06023719 0.67832469
v 0.00221507 0.99412738 0.61091562
v 0.02671760 0.90991555 0.55750203
v 0.06740900 0.81584494 0.52331241
v 0.12030612 0.72112383 0.51169348
v 0.18023102 0.63502420 0.52378259
v 0.24131784 0.56597406 0.55839637
v 0.29758696 0.52073253 0.61214657
v 0.34353037 0.50372816 0.67977177
v 0.37465082 0.51662546 0.75465232
v 0.38790202 0.55816196 0.82945840
v 0.38198684 0.62427177 0.89686747
v 0.35748431 0.70848360 0.95028106
v 0.31679291 0.80255421 0.98447068
v 0.12511533 0.77244441 1.21587376
v 0.06501739 0.85641572 1.19827346
v 0.00690075 0.92406037 1.15524046
v -0.04354573 0.96875682 1.09098711
v -0.08138399 0.98612988 1.01180300
v -0.10291015 0.97447893 0.92543921
v -0.10601710 0.93494447 0.84034962
v -0.09040069 0.87139640 0.76486341
v -0.05758958 0.79005524 0.70636968
v -0.01079554 0.69888325 0.67059421
v 0.04540090 0.60680496 0.66103896
v 0.10549885 0.52283364 0.67863926
v 0.16361549 0.45518899 0.72167226
v 0.21406196 0.41049254 0.78592560
v 0.25190022 0.39311949 0.86510972
v 0.27342639 0.40477043 0.95147351
v 0.27653333 0.44430489 1.03656310
v 0.26091693 0.50785296 1.11204931
v 0.22810582 0.58919412 1.17054304
v 0.18131177 0.68036611 1.20631850
v -0.01555805 0.63079009 1.38089013
v -0.07506153 0.71291678 1.35705088
v -0.12943549 0.77967019 1.30588684
v -0.17335741 0.82451605 1.23240630
v -0.20252791 0.84306452 1.14380204
v -0.21409159 0.83349996 1.04874727
v -0.20691650 0.79675860 0.95654661
v -0.18170500 0.73643696 0.87622530
v -0.14092496 0.65843972 0.81564576
v -0.08856821 0.57040181 0.78073793
v -0.02975981 0.48094099 0.77491883
v 0.02974368 0.39881431 0.79875807
v 0.08411763 0.33206089 0.84992212
v 0.12803955 0.28721503 0.92340266
v 0.15721006 0.26866656 1.01200692
v 0.16877373 0.27823112 1.10706169
v 0.16159864 0.31497248 1.19926235
v 0.13638714 0.37529413 1.27958365
v 0.09560710 0.45329136 1.34016320
v 0.04325036 0.54132927 1.37507103
v -0.15343518 0.47495435 1.49027706
v -0.21153565 0.55565913 1.45978755
v -0.26145435 0.62212783 1.40110057
v -0.29830488 0.66785404 1.31996080
v -0.31848006 0.68836174 1.22431077
v -0.32000501 0.68164352 1.12351338
v -0.30273045 0.64835698 1.02743537
v -0.26834732 0.59176046 0.94548153
v -0.22022131 0.51739401 0.88567408
v -0.16306330 0.43253714 0.85386737
v -0.10246834 0.34549623 0.85317488
v -0.04436787 0.26479145 0.88366439
v 0.00555083 0.19832274 0.94235138
v 0.04240137 0.15259654 1.02349115
v 0.06257655 0.13208883 1.11914117
v 0.06410150 0.13880706 1.21993856
v 0.04682693 0.17209359 1.31601657
v 0.01244381 0.22869012 1.39797041
v -0.03568221 0.30305657 1.45777787
v -0.09284021 0.38791344 1.48958457
v -0.28443200 0.30751648 1.54393150
v -0.34033715 0.38733990 1.50675620
v -0.38518931 0.45420269 1.44150564
v -0.41459803 0.50155984 1.35456701
v -0.42568459 0.52477571 1.25445048
v -0.41736375 0.52157777 1.15095614
v -0.39045002 0.49227905 1.05421474
v -0.34757790 0.43974752 0.97369600
v -0.29294402 0.36912533 0.91728166
v -0.23189631 0.28732546 0.89049395
v -0.17041055 0.20235507 0.89595503
v -0.11450540 0.12253165 0.93313034
v -0.06965324 0.05566887 0.99838089
v -0.04024452 0.00831171 1.08531952
v -0.02915796 -0.01490416 1.18543605
v -0.03747880 -0.01170621 1.28893039
v -0.06439253 0.01759250 1.38567180
v -0.10726465 0.07012404 1.46619053
v -0.16189853 0.14074623 1.52260487
v -0.22294624 0.22254609 1.54939259
v -0.40485794 0.13098429 1.54211725
v -0.45785019 0.21055143 1.49862953
v -0.49717076 0.27852929 1.42814177
v -0.51897068 0.32826372 1.33755379
v -0.52111602 0.35488638 1.23573297
v -0.50339678 0.35579126 1.13264625
v -0.46754745 0.33088977 1.03838447
v -0.41707719 0.28261945 0.96217463
v -0.35692641 0.21570534 0.91147669
v -0.29298307 0.13669745 0.89125330
v -0.23150639 0.05332962 0.90348408
v -0.17851414 -0.02623751 0.94697180
v -0.13919357 -0.09421537 1.01745956
v -0.11739365 -0.14394981 1.10804754
v -0.11524830 -0.17057247 1.20986836
v -0.13296754 -0.17147735 1.31295508
v -0.16881688 -0.14657586 1.40721686
v -0.21928713 -0.09830554 1.48342670
v -0.27943791 -0.03139142 1.53412464
v -0.34338126 0.04761647 1.55434803
v -0.51117376 -0.05215472 1.48527135
v -0.56066660 0.02782343 1.43625804
v -0.59418359 0.09764076 1.36222059
v -0.60844386 0.15046308 1.27040632
v -0.60205152 0.18111976 1.16980262
v -0.57563229 0.18660992 1.07025731
v -0.53177227 0.16639613 0.98151456
v -0.47476478 0.12245708 0.91226113
v -0.41019011 0.05909380 0.86927604
v -0.34436929 -0.01749124 0.85676696
v -0.28374531 -0.09980138 0.87595837
v -0.23425247 -0.17977953 0.92497168
v -0.20073548 -0.24959687 0.99900912
v -0.18647520 -0.30241918 1.09082340
v -0.19286755 -0.33307586 1.19142710
v -0.21928678 -0.33856602 1.29097241
v -0.26314680 -0.31835224 1.37971516
v -0.32015429 -0.27441318 1.44896859
v -0.38472896 -0.21104991 1.49195368
v -0.45054978 -0.13446486 1.50446276
v -0.59977413 -0.23933852 1.37403923
v -0.64536329 -0.15828728 1.32067394
v -0.67304342 -0.08594772 1.24510108
v -0.68010499 -0.02940093 1.15471825
v -0.66585677 0.00581789 1.05837275
v -0.63169346 0.01626129 0.96549555
v -0.58095921 0.00090698 0.88517811
v -0.51862025 -0.03874204 0.82528248
v -0.45077874 -0.09880465 0.79167164
v -0.38407549 -0.17340151 0.78763566
v -0.32503987 -0.25523056 0.81356962
v -0.27945070 -0.33628179 0.86693491
v -0.25177057 -0.40862135 0.94250777
v -0.24470900 -0.46516814 1.03289060
v -0.25895722 -0.50038697 1.12923610
v -0.29312053 -0.51083036 1.22211330
v -0.34385478 -0.49547606 1.30243073
v -0.40619374 -0.45582703 1.36232637
v -0.47403525 -0.39576442 1.39593721
v -0.54073851 -0.32116756 1.39997319
v -0.66684581 -0.42781551 1.20953039
v -0.70835161 -0.34508286 1.15331356
v -0.73043961 -0.26962793 1.07847658
v -0.73094769 -0.20883677 0.99234502
v -0.70982610 -0.16866005 0.90335003
v -0.66914238 -0.15303055 0.82020306
v -0.61287893 -0.16347818 0.75104313
v -0.54654321 -0.19898026 0.70264007
v -0.47662863 -0.25606160 0.67973193
v -0.40997890 -0.32913468 0.68456112
v -0.35311818 -0.41104660 0.71665490
v -0.31161238 -0.49377925 0.77287173
v -0.28952438 -0.56923418 0.84770871
v -0.28901630 -0.63002533 0.93384027
v -0.31013789 -0.67020205 1.02283526
v -0.35082161 -0.68583156 1.10598222
v -0.40708506 -0.67538393 1.17514216
v -0.47342078 -0.63988185 1.22354521
v -0.54333536 -0.58280051 1.24645335
v -0.60998508 -0.50972743 1.24162417
v -0.70833986 -0.61453642 0.99374952
v -0.74583571 -0.52961304 0.93641478
v -0.76288019 -0.45058573 0.86473375
v -0.75780486 -0.38519024 0.78572306
v -0.73110652 -0.33982794 0.70711683
v -0.68539861 -0.31893921 0.63660958
v -0.62515532 -0.32456878 0.58110305
v -0.55627369 -0.35616559 0.54603062
v -0.48549634 -0.41063672 0.53482541
v -0.41975144 -0.48265016 0.54858427
v -0.36547457 -0.56515674 0.58596039
v -0.32797871 -0.65008012 0.64329512
v -0.31093424 -0.72910743 0.71497615
v -0.31600957 -0.79450292 0.79398685
v -0.34270790 -0.83986522 0.87259308
v -0.38841582 -0.86075395 0.94310033
v -0.44865910 -0.85512438 0.99860685
v -0.51754073 -0.82352757 1.03367928
v -0.58831808 -0.76905644 1.04488449
v -0.65406298 -0.69704300 1.03112563
v -0.72007742 -0.79607897 0.73012931
v -0.75389935 -0.70859234 0.67352027
v -0.76675751 -0.62571197 0.60742029
v -0.75739325 -0.55555077 0.53829971
v -0.72672320 -0.50497660 0.47292453
v -0.67774957 -0.47894002 0.41769413
v -0.61526624 -0.47998967 0.37801484
v -0.54538950 -0.50802280 0.35777074
v -0.47495938 -0.56029533 0.35894348
v -0.41087008 -0.63169047 0.38141826
v -0.35939509 -0.71521956 0.42299508
v -0.32557316 -0.80270619 0.47960413
v -0.31271500 -0.88558655 0.54570410
v -0.32207926 -0.95574776 0.61482468
v -0.35274931 -1.00632192 0.68019986
v -0.40172294 -1.03235850 0.73543027
v -0.46420628 -1.03130885 0.77510956
v -0.53408301 -1.00327572 0.79535365
v -0.60451313 -0.95100319 0.79418091
v -0.66860243 -0.87960805 0.77170613
v -0.69798838 -0.96862612 0.42407486
v -0.72872135 -0.87836722 0.37000206
v -0.73853664 -0.79155855 0.31174496
v -0.72647346 -0.71669754 0.25500619
v -0.69371264 -0.66111211 0.20533972
v -0.64346103 -0.63024334 0.16760725
v -0.58063761 -0.62711290 0.14550230
v -0.51139198 -0.65202721 0.14118866
v -0.44250238 -0.70254748 0.15508857
v -0.38071220 -0.77372843 0.18584143
v -0.33206990 -0.85860239 0.23043691
v -0.30133693 -0.94886128 0.28450971
v -0.29152164 -1.03566996 0.34276680
v -0.30358482 -1.11053097 0.39950558
v -0.33634564 -1.16611640 0.44917205
v -0.38659725 -1.19698516 0.48690452
v -0.44942067 -1.20011560 0.50900947
v -0.51866630 -1.17520129 0.51332311
v -0.58755590 -1.12468103 0.49942319
v -0.64934608 -1.05350007 0.46867034
v -0.63846322 -1.12801178 0.08342701
v -0.66690303 -1.03494782 0.03352007
v -0.67505345 -0.94435516 -0.01497113
v -0.66211668 -0.86510164 -0.05729994
v -0.62935905 -0.80494515 -0.08932291
v -0.57998710 -0.76977421 -0.10790542
v -0.51883371 -0.76303162 -0.11122848
v -0.45188500 -0.78537737 -0.09896681
v -0.38569437 -0.83462412 -0.07232066
v -0.32674103 -0.90595124 -0.03389834
v -0.28079573 -0.99237675 0.01253909
v -0.25235592 -1.08544071 0.06244603
v -0.24420550 -1.17603336 0.11093723
v -0.25714227 -1.25528689 0.15326603
v -0.28989991 -1.31544338 0.18528901
v -0.33927185 -1.35061431 0.20387152
v -0.40042524 -1.35735691 0.20719458
v -0.46737395 -1.33501115 0.19493290
v -0.53356458 -1.28576441 0.16828676
v -0.59251793 -1.21443728 0.12986444
v -0.53878327 -1.26983878 -0.28123943
v -0.56587659 -1.17411089 -0.32566725
v -0.57389618 -1.08009506 -0.36297038
v -0.56205700 -0.99699421 -0.38949734
v -0.53151798 -0.93294283 -0.40265147
v -0.48526847 -0.89421072 -0.40114515
v -0.42783571 -0.88458924 -0.38512585
v -0.36484160 -0.90502022 -0.35616163
v -0.30245247 -0.95350373 -0.31708772
v -0.24677538 -1.02529385 -0.27172895
v -0.20326039 -1.11336329 -0.22452534
v -0.17616707 -1.20909117 -0.18009752
v -0.16814749 -1.30310701 -0.14279438
v -0.17998666 -1.38620785 -0.11626743
v -0.21052569 -1.45025923 -0.10311330
v -0.25677520 -1.48899134 -0.10461961
v -0.31420796 -1.49861282 -0.12063892
v -0.37720206 -1.47818184 -0.14960313
v -0.43959120 -1.42969834 -0.18867704
v -0.49526829 -1.35790821 -0.23403582
v -0.39758428 -1.38966597 -0.65654981
v -0.42435305 -1.29157232 -0.69460839
v -0.43383335 -1.19469021 -0.71993087
v -0.42509717 -1.10850313 -0.73003849
v -0.39899966 -1.04144769 -0.72394186
v -0.35809545 -1.00008772 -0.70223776
v -0.30638851 -0.98847185 -0.66705073
v -0.24894028 -1.00773709 -0.62182513
v -0.19137420 -1.05599765 -0.57098796
v -0.13932522 -1.12852944 -0.51951550
v -0.09788828 -1.21823254 -0.47244625
v -0.07111951 -1.31632619 -0.43438766
v -0.06163921 -1.41320831 -0.40906519
v -0.07037540 -1.49939538 -0.39895757
v -0.09647290 -1.56645082 -0.40505420
v -0.13737711 -1.60781079 -0.42675830
v -0.18908405 -1.61942667 -0.46194533
v -0.24653228 -1.60016142 -0.50717093
v -0.30409837 -1.55190086 -0.55800810
v -0.35614734 -1.47936907 -0.60948056
v -0.21530281 -1.48325338 -1.02654070
v -0.24276137 -1.38321995 -1.05782911
v -0.25524292 -1.28418864 -1.07108810
v -0.25152570 -1.19585332 -1.06501979
v -0.23197355 -1.12686089 -1.04021820
v -0.19850040 -1.08396479 -0.99911108
v -0.15438281 -1.07136400 -0.94572227
v -0.10393932 -1.09029196 -0.88527785
v -0.05210771 -1.13889588 -0.82369453
v -0.00396160 -1.21241807 -0.76700052
v 0.03578613 -1.30366166 -0.72074544
v 0.06324469 -1.40369510 -0.68945703
v 0.07572625 -1.50272641 -0.67619804
v 0.07200902 -1.59106172 -0.68226634
v 0.05245688 -1.66005416 -0.70706794
v 0.01898372 -1.70295026 -0.74817506
v -0.02513387 -1.71555105 -0.80156387
v -0.07557735 -1.69662309 -0.86200829
v -0.12740897 -1.64801916 -0.92359161
v -0.17555508 -1.57449697 -0.98028561
v 0.00544613 -1.54684780 -1.37316614
v -0.02362811 -1.44539022 -1.39779204
v -0.04049288 -1.34503911 -1.39963761
v -0.04349734 -1.25561754 -1.37852218
v -0.03234740 -1.18587870 -1.33651268
v -0.00813447 -1.14264913 -1.27772130
v 0.02677130 -1.13016044 -1.20790294
v 0.06895309 -1.14963510 -1.13389191
v 0.11428186 -1.19916680 -1.06293292
v 0.15832051 -1.27390704 -1.00197195
v 0.19675823 -1.36653971 -0.95697626
v 0.22583247 -1.46799728 -0.93235036
v 0.24269724 -1.56834839 -0.93050479
v 0.24570170 -1.65776997 -0.95162022
v 0.23455176 -1.72750880 -0.99362971
v 0.21033883 -1.77073837 -1.05242110
v 0.17543307 -1.78322706 -1.12223946
v 0.13325127 -1.76375240 -1.19625049
v 0.08792250 -1.71422070 -1.26720947
v 0.04388385 -1.63948047 -1.32817045
v 0.25960825 -1.57748610 -1.67709010
v 0.22815133 -1.47516673 -1.69564297
v 0.20577626 -1.37438222 -1.68742277
v 0.19467327 -1.28499806 -1.65323414
v 0.19592920 -1.21576380 -1.59642371
v 0.20942111 -1.17345657 -1.52255247
v 0.23382832 -1.16221769 -1.43885146
v 0.26676168 -1.18314731 -1.35351392
v 0.30499744 -1.23419668 -1.27489327
v 0.34479282 -1.31036875 -1.21068546
v 0.38225237 -1.40420725 -1.16717559
v 0.41370929 -1.50652663 -1.14862272
v 0.43608436 -1.60731114 -1.15684292
v 0.44718735 -1.69669529 -1.19103155
v 0.44593142 -1.76592955 -1.24784198
v 0.43243951 -1.80823679 -1.32171322
v 0.40803230 -1.81947566 -1.40541423
v 0.37509894 -1.79854604 -1.49075177
v 0.33686318 -1.74749667 -1.56937242
v 0.29706780 -1.67132460 -1.63358023
v 0.53958656 -1.57329032 -1.91872847
v 0.50519259 -1.47067458 -1.93221228
v 0.47651159 -1.37034211 -1.91588300
v 0.45635107 -1.28211417 -1.87133906
v 0.44668448 -1.21462711 -1.80294074
v 0.44845804 -1.17448704 -1.71738332
v 0.46149815 -1.16562315 -1.62304178
v 0.48452836 -1.18890309 -1.52915091
v 0.51529430 -1.24204807 -1.44490142
v 0.55078440 -1.31985588 -1.37854022
v 0.58752463 -1.41471016 -1.33656322
v 0.62191860 -1.51732590 -1.32307941
v 0.65059959 -1.61765836 -1.33940869
v 0.67076011 -1.70588631 -1.38395262
v 0.68042671 -1.77337336 -1.45235095
v 0.67865314 -1.81351344 -1.53790836
v 0.66561303 -1.82237733 -1.63224991
v 0.64258282 -1.79909738 -1.72614077
v 0.61181688 -1.74595240 -1.81039027
v 0.57632679 -1.66814459 -1.87675147
v 0.83532484 -1.53372707 -2.07947847
v 0.79768523 -1.43134294 -2.08921343
v 0.76228535 -1.33229111 -2.06720888
v 0.73259039 -1.24626745 -2.01561879
v 0.71150710 -1.18169256 -1.93949315
v 0.70109927 -1.14488748 -1.84628367
v 0.70238567 -1.13945496 -1.74511435
v 0.71524039 -1.16592676 -1.64588834
v 0.73840512 -1.22171163 -1.55831858
v 0.76961233 -1.30134897 -1.49097700
v 0.80580725 -1.39704333 -1.45045546
v 0.84344687 -1.49942746 -1.44072051
v 0.87884675 -1.59847929 -1.46272506
v 0.90854171 -1.68450295 -1.51431515
v 0.92962499 -1.74907784 -1.59044079
v 0.94003283 -1.78588292 -1.68365027
v 0.93874643 -1.79131544 -1.78481959
v 0.92589171 -1.76484364 -1.88404560
v 0.90272698 -1.70905877 -1.97161536
v 0.87151976 -1.62942142 -2.03895694
v 1.13459343 -1.45980500 -2.14305189
v 1.09365665 -1.35810854 -2.15055675
v 1.05153064 -1.26105911 -2.12562538
v 1.01233898 -1.17815657 -2.07069825
v 0.97991804 -1.11751601 -1.99115201
v 0.95744139 -1.08507335 -1.89477320
v 0.94710922 -1.08400431 -1.79099604
v 0.94993290 -1.11441351 -1.68997898
v 0.96563603 -1.17332431 -1.60161026
v 0.99268148 -1.25497011 -1.53454002
v 1.02842186 -1.35135883 -1.49533358
v 1.06935864 -1.45305529 -1.48782873
v 1.11148465 -1.55010472 -1.51276010
v 1.15067631 -1.63300726 -1.56768723
v 1.18309725 -1.69364782 -1.64723347
v 1.20557390 -1.72609048 -1.74361228
v 1.21590607 -1.72715953 -1.84738943
v 1.21308239 -1.69675032 -1.94840650
v 1.19737926 -1.63783952 -2.03677522
v 1.17033381 -1.55619373 -2.10384545
v 1.42347654 -1.35418682 -2.09681284
v 1.37943850 -1.25353584 -2.10367950
v 1.33097956 -1.15906295 -2.07870545
v 1.28284320 -1.08001581 -2.02433534
v 1.23974135 -1.02413210 -1.94589128
v 1.20589313 -0.99688212 -1.85105193
v 1.18461183 -1.00093327 -1.74910082
v 1.17798062 -1.03588901 -1.65001764
v 1.18664859 -1.09832762 -1.56350135
v 1.20976728 -1.18213717 -1.49802075
v 1.24507366 -1.27911382 -1.45998554
v 1.28911170 -1.37976479 -1.45311889
v 1.33757065 -1.47423768 -1.47809293
v 1.38570700 -1.55328482 -1.53246305
v 1.42880885 -1.60916853 -1.61090711
v 1.46265707 -1.63641852 -1.70574646
v 1.48393837 -1.63236736 -1.80769756
v 1.49056959 -1.59741162 -1.90678074
v 1.48190161 -1.53497301 -1.99329704
v 1.45878292 -1.45116346 -2.05877764
v 1.68704337 -1.22119809 -1.93301210
v 1.64031958 -1.12183511 -1.94078347
v 1.58628984 -1.03033564 -1.91860488
v 1.53024296 -0.95565627 -1.86864731
v 1.47766520 -0.90510715 -1.79580097
v 1.43370324 -0.88363638 -1.70719656
v 1.40266038 -0.89334567 -1.61150730
v 1.38757531 -0.93328460 -1.51809991
v 1.38992466 -0.99954367 -1.43611778
v 1.40947847 -1.08563699 -1.37358587
v 1.44432267 -1.18313713 -1.33662524
v 1.49104646 -1.28250011 -1.32885387
v 1.54507620 -1.37399959 -1.35103246
v 1.60112308 -1.44867895 -1.40099003
v 1.65370083 -1.49922807 -1.47383637
v 1.69766280 -1.52069884 -1.56244078
v 1.72870566 -1.51098956 -1.65813004
v 1.74379073 -1.47105063 -1.75153743
v 1.74144137 -1.40479155 -1.83351956
v 1.72188757 -1.31869824 -1.89605147
v 1.91016850 -1.06672176 -1.64981034
v 1.86135180 -0.96876649 -1.65987058
v 1.80282840 -0.88044272 -1.64310763
v 1.74032696 -0.81039621 -1.60116237
v 1.67996558 -0.76548359 -1.53814070
v 1.62765283 -0.75010123 -1.46021161
v 1.58850945 -0.76575485 -1.37500335
v 1.56636708 -0.81091218 -1.29085669
v 1.56339316 -0.88115290 -1.21600849
v 1.57987880 -0.96960135 -1.15778543
v 1.61421027 -1.06759959 -1.12188677
v 1.66302696 -1.16555487 -1.11182654
v 1.72155037 -1.25387863 -1.12858948
v 1.78405180 -1.32392515 -1.17053474
v 1.84441319 -1.36883776 -1.23355642
v 1.89672594 -1.38422013 -1.31148551
v 1.93586931 -1.36856650 -1.39669377
v 1.95801168 -1.32340917 -1.48084043
v 1.96098560 -1.25316846 -1.55568862
v 1.94449997 -1.16472000 -1.61391169
v 2.07845236 -0.89797586 -1.25199121
v 2.02826080 -0.80142682 -1.26547533
v 1.96656432 -0.71628173 -1.25637865
v 1.89940219 -0.65087520 -1.22559161
v 1.83334872 -0.61160966 -1.17612787
v 1.77486968 -0.60232869 -1.11282928
v 1.72968941 -0.62394080 -1.04189195
v 1.70223045 -0.67433043 -0.97025971
v 1.69518070 -0.74856509 -0.90494444
v 1.70923023 -0.83937818 -0.85233964
v 1.74300376 -0.93788028 -0.81759464
v 1.79319532 -1.03442933 -0.80411052
v 1.85489181 -1.11957441 -0.81320720
v 1.92205393 -1.18498095 -0.84399424
v 1.98810740 -1.22424649 -0.89345798
v 2.04658644 -1.23352745 -0.95675657
v 2.09176672 -1.21191535 -1.02769391
v 2.11922567 -1.16152572 -1.09932614
v 2.12627542 -1.08729106 -1.16464141
v 2.11222590 -0.99647796 -1.21724621
v 2.17918087 -0.72318118 -0.75128282
v 2.12840024 -0.62792544 -0.76901042
v 2.06501119 -0.54576993 -0.76933789
v 1.99521868 -0.48475661 -0.75223317
v 1.92585449 -0.45085788 -0.71937059
v 1.86370848 -0.44739199 -0.67396698
v 1.81486392 -0.47469821 -0.62046675
v 1.78410207 -0.53010360 -0.56410687
v 1.77443410 -0.60818472 -0.51040426
v 1.78680638 -0.70129842 -0.46461568
v 1.82000784 -0.80033010 -0.43122325
v 1.87078847 -0.89558584 -0.41349566
v 1.93417753 -0.97774135 -0.41316819
v 2.00397003 -1.03875468 -0.43027291
v 2.07333422 -1.07265340 -0.46313549
v 2.13548023 -1.07611929 -0.50853910
v 2.18432479 -1.04881308 -0.56203933
v 2.21508665 -0.99340768 -0.61839920
v 2.22475461 -0.91532657 -0.67210182
v 2.21238233 -0.82221286 -0.71789040
v 2.20225581 -0.55113459 -0.16623149
v 2.15168139 -0.45696413 -0.18866696
v 2.08815044 -0.37743506 -0.19959472
v 2.01788180 -0.32033225 -0.19794508
v 1.94775385 -0.29124531 -0.18387952
v 1.88463122 -0.29302147 -0.15877486
v 1.83469278 -0.32548688 -0.12508854
v 1.80282686 -0.38546359 -0.08611800
v 1.79215271 -0.46708066 -0.04567795
v 1.80371520 -0.56234885 -0.00772695
v 1.83638250 -0.66194264 0.02402011
v 1.88695692 -0.75611311 0.04645558
v 1.95048788 -0.83564217 0.05738334
v 2.02075652 -0.89274499 0.05573370
v 2.09088446 -0.92183193 0.04166813
v 2.15400709 -0.92005577 0.01656348
v 2.20394553 -0.88759036 -0.01712284
v 2.23581145 -0.82761365 -0.05609338
v 2.24648560 -0.74599658 -0.09653343
v 2.23492311 -0.65072838 -0.13448444
v 2.14102541 -0.39071218 0.47839740
v 2.09140695 -0.29734527 0.45115773
v 2.02926453 -0.21993261 0.42908693
v 1.96068108 -0.16605189 0.41434544
v 1.89237003 -0.14097734 0.40837625
v 1.83101814 -0.14716341 0.41176367
v 1.78263097 -0.18400458 0.42417613
v 1.75194498 -0.24789458 0.44439859
v 1.74196394 -0.33257940 0.47045154
v 1.75366485 -0.42976951 0.49978475
v 1.78590236 -0.52995126 0.52952687
v 1.83552082 -0.62331817 0.55676653
v 1.89766325 -0.70073083 0.57883733
v 1.96624669 -0.75461155 0.59357883
v 2.03455774 -0.77968610 0.59954801
v 2.09590963 -0.77350003 0.59616059
v 2.14429680 -0.73665886 0.58374814
v 2.17498279 -0.67276886 0.56352568
v 2.18496383 -0.58808404 0.53747272
v 2.17326292 -0.49089393 0.50813951
v 1.99294771 -0.25033329 1.15268157
v 1.94494088 -0.15743905 1.12089692
v 1.88561140 -0.08152005 1.08778722
v 1.82076686 -0.03000777 1.05659346
v 1.75675470 -0.00794459 1.03036912
v 1.69984087 -0.01749020 1.01168122
v 1.65559649 -0.05771022 1.00235905
v 1.62835251 -0.12466763 1.00331513
v 1.62077577 -0.21180818 1.01445588
v 1.63360792 -0.31060193 1.03469077
v 1.66559287 -0.41137828 1.06203905
v 1.71359971 -0.50427251 1.09382370
v 1.77292919 -0.58019152 1.12693340
v 1.83777372 -0.63170380 1.15812716
v 1.90178589 -0.65376698 1.18435150
v 1.95869972 -0.64422137 1.20303940
v 2.00294410 -0.60400134 1.21236157
v 2.03018807 -0.53704393 1.21140549
v 2.03776482 -0.44990339 1.20026474
v 2.02493266 -0.35110963 1.18002985
v 1.76002790 -0.13742134 1.82302162
v 1.71415498 -0.04464564 1.78727151
v 1.65888020 0.03047625 1.74385058
v 1.59961423 0.08059088 1.69700914
v 1.54215844 0.10079266 1.65133239
v 1.49213700 0.08910412 1.61129146
v 1.45444636 0.04666941 1.58080586
v 1.43277594 -0.02235766 1.56285971
v 1.42924700 -0.11122025 1.55920972
v 1.44420496 -0.21121987 1.57021317
v 1.47618565 -0.31256785 1.59479296
v 1.52205857 -0.40534356 1.63054307
v 1.57733335 -0.48046545 1.67396400
v 1.63659932 -0.53058007 1.72080543
v 1.69405511 -0.55078186 1.76648219
v 1.74407655 -0.53909332 1.80652312
v 1.78176719 -0.49665861 1.83700872
v 1.80343761 -0.42763153 1.85495487
v 1.80696655 -0.33876894 1.85860486
v 1.79200859 -0.23876932 1.84760141
v 1.44898482 -0.05789935 2.45395863
v 1.40560637 0.03510963 2.41508908
v 1.35538162 0.11016341 2.36265110
v 1.30322692 0.15991521 2.30177768
v 1.25424752 0.17949497 2.23842753
v 1.21323789 0.16698609 2.17880181
v 1.18421232 0.12361302 2.12873710
v 1.17001204 0.05362143 2.09313408
v 1.17202707 -0.03613742 2.07547783
v 1.19006017 -0.13687731 2.07749665
v 1.22234613 -0.23873712 2.09899294
v 1.26572458 -0.33174609 2.13786249
v 1.31594933 -0.40679988 2.19030047
v 1.36810404 -0.45655167 2.25117389
v 1.41708343 -0.47613143 2.31452404
v 1.45809307 -0.46362255 2.37414976
v 1.48711864 -0.42024949 2.42421447
v 1.50131892 -0.35025790 2.45981749
v 1.49930389 -0.26049905 2.47747374
v 1.48127079 -0.15975915 2.47545492
v 1.07111957 -0.01575768 3.01022085
v 1.03041798 0.07781039 2.96927660
v 0.98594416 0.15351611 2.90959638
v 0.94205149 0.20394888 2.83702210
v 0.90303651 0.22417200 2.75865785
v 0.87271827 0.21220587 2.68217445
v 0.85406454 0.16922183 2.61505864
v 0.84890127 0.09942746 2.56388018
v 0.85773387 0.00965470 2.53364877
v 0.87969776 -0.09130884 2.52732368
v 0.91264294 -0.19358016 2.54552405
v 0.95334453 -0.28714823 2.58646830
v 0.99781836 -0.36285396 2.64614852
v 1.04171102 -0.41328673 2.71872279
v 1.08072600 -0.43350984 2.79708705
v 1.11104424 -0.42154372 2.87357045
v 1.12969797 -0.37855968 2.94068626
v 1.13486125 -0.30876530 2.99186472
v 1.12602864 -0.21899255 3.02209612
v 1.10406476 -0.11802901 3.02842121
v 0.64187978 -0.01272782 3.45886830
v 0.60385505 0.08167868 3.41701630
v 0.56550811 0.15870816 3.35224041
v 0.53059262 0.21082045 3.27088133
v 0.50252636 0.23291443 3.18090305
v 0.48405665 0.22282738 3.09111329
v 0.47699142 0.18154670 3.01030128
v 0.48202228 0.11311323 2.94637748
v 0.49865677 0.02422572 2.90559918
v 0.52526659 -0.07641492 2.89195805
v 0.55924698 -0.17895727 2.90678938
v 0.59727170 -0.27336377 2.94864137
v 0.63561864 -0.35039325 3.01341727
v 0.67053413 -0.40250554 3.09477635
v 0.69860039 -0.42459952 3.18475463
v 0.71707011 -0.41451247 3.27454439
v 0.72413533 -0.37323179 3.35535639
v 0.71910447 -0.30479832 3.41928020
v 0.70246998 -0.21591080 3.46005850
v 0.67586017 -0.11527017 3.47369963
v 0.18013537 -0.04808949 3.77139149
v 0.14461245 0.04737200 3.72984088
v 0.11243135 0.12631361 3.66236259
v 0.08674218 0.18100799 3.57556188
v 0.07005958 0.20610126 3.47793540
v 0.06401657 0.19913713 3.37903952
v 0.06920466 0.16079729 3.28855484
v 0.08511602 0.09483471 3.21533865
v 0.11019313 0.00770627 3.16655786
v 0.14198126 -0.09205930 3.14698746
v 0.17736878 -0.19469623 3.15854314
v 0.21289171 -0.29015773 3.20009376
v 0.24507281 -0.36909934 3.26757204
v 0.27076197 -0.42379371 3.35437276
v 0.28744457 -0.44888699 3.45199923
v 0.29348759 -0.44192285 3.55089512
v 0.28829949 -0.40358301 3.64137979
v 0.27238814 -0.33762043 3.71459598
v 0.24731103 -0.25049199 3.76337678
v 0.21552289 -0.15072643 3.78294718
v -0.29279686 -0.11863024 3.92561764
v -0.32615028 -0.02197136 3.88554122
v -0.35245746 0.05935780 3.81786660
v -0.36914326 0.11739618 3.72921825
v -0.37457437 0.14646257 3.62827368
v -0.36821914 0.14371175 3.52491404
v -0.35069968 0.10941299 3.42925691
v -0.32373091 0.04692370 3.35066586
v -0.28995271 -0.03763924 3.29683394
v -0.25267154 -0.13599823 3.27303059
v -0.21553674 -0.23852518 3.28158585
v -0.18218332 -0.33518407 3.32166226
v -0.15587614 -0.41651323 3.38933688
v -0.13919033 -0.47455161 3.47798523
v -0.13375923 -0.50361800 3.57892980
v -0.14011445 -0.50086718 3.68228944
v -0.15763392 -0.46656842 3.77794657
v -0.18460269 -0.40407913 3.85653762
v -0.21838088 -0.31951619 3.91036954
v -0.25566205 -0.22115720 3.93417289
v -0.75432316 -0.21876584 3.90728661
v -0.78597006 -0.12084747 3.86974863
v -0.80700276 -0.03679076 3.80436096
v -0.81536244 0.02517623 3.71752423
v -0.81023078 0.05898773 3.61773860
v -0.79211011 0.06133405 3.51477180
v -0.76277422 0.03198550 3.41870293
v -0.72509469 -0.02618507 3.33893588
v -0.68275987 -0.10748352 3.28327881
v -0.63991378 -0.20395180 3.25717981
v -0.60075050 -0.30614691 3.26319365
v -0.56910360 -0.40406528 3.30073164
v -0.54807090 -0.48812199 3.36611930
v -0.53971122 -0.55008898 3.45295603
v -0.54484288 -0.58390048 3.55274166
v -0.56296355 -0.58624680 3.65570846
v -0.59229944 -0.55689825 3.75177733
v -0.62997897 -0.49872768 3.83154438
v -0.67231379 -0.41742923 3.88720145
v -0.71515988 -0.32096095 3.91330045
v -1.18186438 -0.34081871 3.71117789
v -1.21236518 -0.24165986 3.67707183
v -1.22899173 -0.15468565 3.61630157
v -1.23011650 -0.08840972 3.53481571
v -1.21562940 -0.04931962 3.44059066
v -1.18694852 -0.04124177 3.34284982
v -1.14688134 -0.06496689 3.25116075
v -1.09934993 -0.11817258 3.17449861
v -1.04900698 -0.19565071 3.12036763
v -1.00078042 -0.28981718 3.09406652
v -0.95939100 -0.39145432 3.09816982
v -0.92889020 -0.49061317 3.13227587
v -0.91226365 -0.57758739 3.19304614
v -0.91113888 -0.64386331 3.27453199
v -0.92562599 -0.68295341 3.36875705
v -0.95430687 -0.69103126 3.46649789
v -0.99437404 -0.66730615 3.55818696
v -1.04190545 -0.61410045 3.63484910
v -1.09224840 -0.53662232 3.68898008
v -1.14047496 -0.44245585 3.71528119
v -1.55418577 -0.47544037 3.34169823
v -1.58416075 -0.37513693 3.31169810
v -1.59746695 -0.28521160 3.25760473
v -1.59280185 -0.21446689 3.18471316
v -1.57062210 -0.16982779 3.10015851
v -1.53309882 -0.15566389 3.01221758
v -1.48390504 -0.17336164 2.92949865
v -1.42785620 -0.22118867 2.86009882
v -1.37043874 -0.29446333 2.81081144
v -1.31727309 -0.38601299 2.78646108
v -1.27356347 -0.48687613 2.78943134
v -1.24358849 -0.58717957 2.81943146
v -1.23028229 -0.67710490 2.87352483
v -1.23494740 -0.74784961 2.94641641
v -1.25712714 -0.79248871 3.03097106
v -1.29465042 -0.80665262 3.11891199
v -1.34384420 -0.78895487 3.20163091
v -1.39989304 -0.74112784 3.27103074
v -1.45731050 -0.66785318 3.32031813
v -1.51047615 -0.57630351 3.34466849
v -1.85267661 -0.61215296 2.81287602
v -1.88276649 -0.51086896 2.78740304
v -1.89399454 -0.41811320 2.74167461
v -1.88526169 -0.34296527 2.68016694
v -1.85742277 -0.29278116 2.60890083
v -1.81320284 -0.27247325 2.53485230
v -1.75693047 -0.28402942 2.46526975
v -1.69411398 -0.32631846 2.40696439
v -1.63090228 -0.39520083 2.36564356
v -1.57348299 -0.48393385 2.34535203
v -1.52747670 -0.58383171 2.34807607
v -1.49738682 -0.68511571 2.37354905
v -1.48615876 -0.77787146 2.41927748
v -1.49489161 -0.85301940 2.48078516
v -1.52273054 -0.90320350 2.55205127
v -1.56695046 -0.92351142 2.62609979
v -1.62322284 -0.91195525 2.69568235
v -1.68603933 -0.86966621 2.75398771
v -1.74925102 -0.80078384 2.79530854
v -1.80667031 -0.71205082 2.81560007
v -2.06249287 -0.73997617 2.14774861
v -2.09331987 -0.63793124 2.12695473
v -2.10380115 -0.54261013 2.09082941
v -2.09291072 -0.46334354 2.04290885
v -2.06171462 -0.40789063 1.98788385
v -2.01326653 -0.38167952 1.93114064
v -1.95230889 -0.38727593 1.87823363
v -1.88480867 -0.42413206 1.83434174
v -1.81737325 -0.48864016 1.80376142
v -1.75660368 -0.57448574 1.78948606
v -1.70844851 -0.67326563 1.79291306
v -1.67762150 -0.77531056 1.81370694
v -1.66714023 -0.87063167 1.84983226
v -1.67803065 -0.94989826 1.89775282
v -1.70922676 -1.00535118 1.95277782
v -1.75767485 -1.03156228 2.00952103
v -1.81863248 -1.02596587 2.06242804
v -1.88613271 -0.98910974 2.10631993
v -1.95356813 -0.92460164 2.13690025
v -2.01433770 -0.83875606 2.15117561
v -2.17348395 -0.84809914 1.37717172
v -2.20561582 -0.74555316 1.36094004
v -2.21670102 -0.64805906 1.33515309
v -2.20565443 -0.56516025 1.30233508
v -2.17355739 -0.50497145 1.26569846
v -2.12355177 -0.47338434 1.22882948
v -2.06053247 -0.47349090 1.19533713
v -1.99066826 -0.50528070 1.16849988
v -1.92079794 -0.56564192 1.15094475
v -1.85776089 -0.64866600 1.14439014
v -1.80772763 -0.74622595 1.14947768
v -1.77559576 -0.84877194 1.16570936
v -1.76451056 -0.94626603 1.19149631
v -1.77555715 -1.02916484 1.22431432
v -1.80765419 -1.08935365 1.26095094
v -1.85765981 -1.12094075 1.29781992
v -1.92067911 -1.12083419 1.33131227
v -1.99054332 -1.08904439 1.35814952
v -2.06041364 -1.02868317 1.37570465
v -2.12345069 -0.94565909 1.38225926
v -2.18083861 -0.92655292 0.53812072
v -2.21475744 -0.82378892 0.52608208
v -2.22774782 -0.72461843 0.51084000
v -2.21853815 -0.63874895 0.49388648
v -2.18802995 -0.57458599 0.47688105
v -2.13920956 -0.53841025 0.46148832
v -2.07685588 -0.53376287 0.44921503
v -2.00707250 -0.56109878 0.44126259
v -1.93669032 -0.61774213 0.43840943
v -1.87259883 -0.69814829 0.44093484
v -1.82107176 -0.79444654 0.44859161
v -1.78715293 -0.89721054 0.46063025
v -1.77416255 -0.99638103 0.47587233
v -1.78337221 -1.08225051 0.49282585
v -1.81388042 -1.14641347 0.50983128
v -1.86270080 -1.18258921 0.52522401
v -1.92505449 -1.18723659 0.53749730
v -1.99483786 -1.15990068 0.54544974
v -2.06522004 -1.10325733 0.54830290
v -2.12931153 -1.02285117 0.54577749
v -2.08540377 -0.96683883 -0.32840967
v -2.12148137 -0.86414524 -0.33684572
v -2.13756459 -0.76387147 -0.34186342
v -2.13207907 -0.67583302 -0.34297160
v -2.10556178 -0.60864769 -0.34006178
v -2.06060842 -0.56889206 -0.33341879
v -2.00161933 -0.56045770 -0.32369291
v -1.93436879 -0.58417020 -0.31183615
v -1.86543973 -0.63770843 -0.29900916
v -1.80157942 -0.71583169 -0.28646752
v -1.74903895 -0.81089274 -0.27543889
v -1.71296134 -0.91358633 -0.26700284
v -1.69687813 -1.01386010 -0.26198514
v -1.70236365 -1.10189856 -0.26087697
v -1.72888093 -1.16908389 -0.26378679
v -1.77383430 -1.20883951 -0.27042977
v -1.83282338 -1.21727388 -0.28015566
v -1.90007393 -1.19356137 -0.29201241
v -1.96900299 -1.14002314 -0.30483940
v -2.03286330 -1.06189988 -0.31738104
v -1.89365250 -0.96247035 -1.17977214
v -1.93213353 -0.86012366 -1.18537442
v -1.95232707 -0.75936546 -1.18098677
v -1.95225645 -0.67005864 -1.16703869
v -1.93192857 -0.60094518 -1.14489552
v -1.89333327 -0.55879040 -1.11672477
v -1.84024852 -0.54772069 -1.08528401
v -1.77787064 -0.56881963 -1.05365086
v -1.71230560 -0.62002192 -1.02492181
v -1.64997137 -0.69631552 -1.00190905
v -1.59696965 -0.79023227 -0.98686524
v -1.55848862 -0.89257895 -0.98126296
v -1.53829508 -0.99333716 -0.98565060
v -1.53836570 -1.08264398 -0.99959868
v -1.55869358 -1.15175743 -1.02174186
v -1.59728888 -1.19391222 -1.04991260
v -1.65037362 -1.20498193 -1.08135337
v -1.71275150 -1.18388298 -1.11298651
v -1.77831654 -1.13268069 -1.14171556
v -1.84065078 -1.05638710 -1.16472832
v -1.61730143 -0.90939194 -1.97414512
v -1.65829490 -0.80764094 -1.97780907
v -1.68339989 -0.70703073 -1.96528092
v -1.69015893 -0.61740974 -1.93778701
v -1.67791042 -0.54755068 -1.89801864
v -1.64785331 -0.50429186 -1.84986860
v -1.60292981 -0.49186775 -1.79805017
v -1.54753735 -0.51149451 -1.74763570
v -1.48709812 -0.56125093 -1.70356009
v -1.42752833 -0.63626650 -1.67013778
v -1.37465910 -0.72919819 -1.65064038
v -1.33366563 -0.83094919 -1.64697643
v -1.30856064 -0.93155940 -1.65950458
v -1.30180159 -1.02118040 -1.68699849
v -1.31405011 -1.09103945 -1.72676686
v -1.34410722 -1.13429827 -1.77491689
v -1.38903071 -1.14672238 -1.82673532
v -1.44442318 -1.12709562 -1.87714980
v -1.50486241 -1.07733921 -1.92122541
v -1.56443220 -1.00232363 -1.95464772
v -1.27260243 -0.80624701 -2.67295988
v -1.31608190 -0.70529936 -2.67565054
v -1.34664914 -0.60545133 -2.65661892
v -1.36131201 -0.51647672 -2.61772797
v -1.35863521 -0.44708498 -2.56278459
v -1.33888076 -0.40406868 -2.49716704
v -1.30398237 -0.39163853 -2.42729841
v -1.25735613 -0.41101130 -2.36001793
v -1.20356614 -0.46029064 -2.30191149
v -1.14787774 -0.53465274 -2.25866695
v -1.09574211 -0.62681852 -2.23451738
v -1.05226263 -0.72776616 -2.23182671
v -1.02169539 -0.82761420 -2.25085833
v -1.00703252 -0.91658881 -2.28974929
v -1.00970932 -0.98598055 -2.34469267
v -1.02946377 -1.02899685 -2.41031022
v -1.06436216 -1.04142700 -2.48017885
v -1.11098841 -1.02205423 -2.54745933
v -1.16477839 -0.97277489 -2.60556577
v -1.22046679 -0.89841279 -2.64881031
v -0.87935567 -0.65447701 -3.24311684
v -0.92516766 -0.55448907 -3.24581028
v -0.96147744 -0.45596921 -3.22219443
v -0.98473075 -0.36856126 -3.17458094
v -0.99265140 -0.30082130 -3.10763058
v -0.98446406 -0.25938020 -3.02789690
v -0.96097016 -0.24829450 -2.94318479
v -0.92446945 -0.26864935 -2.86178647
v -0.87853488 -0.31845227 -2.79166976
v -0.82766283 -0.39282820 -2.73969819
v -0.77683303 -0.48449672 -2.71095908
v -0.73102104 -0.58448466 -2.70826564
v -0.69471126 -0.68300451 -2.73188149
v -0.67145795 -0.77041246 -2.77949498
v -0.66353730 -0.83815242 -2.84644534
v -0.67172464 -0.87959352 -2.92617902
v -0.69521854 -0.89067922 -3.01089113
v -0.73171924 -0.87032437 -3.09228945
v -0.77765382 -0.82052145 -3.16240616
v -0.82852586 -0.74614552 -3.21437773
v -0.45971062 -0.45824607 -3.65884690
v -0.50759042 -0.35931632 -3.66247389
v -0.54964649 -0.26261601 -3.63637399
v -0.58176208 -0.17761085 -3.58310206
v -0.60079349 -0.11262173 -3.50787272
v -0.60487780 -0.07401025 -3.41804995
v -0.59361521 -0.06555595 -3.32242622
v -0.56810817 -0.08808642 -3.23036185
v -0.53085349 -0.13939620 -3.15086874
v -0.48549793 -0.21446274 -3.09172823
v -0.43648119 -0.30593801 -3.05872941
v -0.38860139 -0.40486776 -3.05510243
v -0.34654532 -0.50156807 -3.08120232
v -0.31442973 -0.58657323 -3.13447425
v -0.29539832 -0.65156235 -3.20970359
v -0.29131401 -0.69017383 -3.29952636
v -0.30257660 -0.69862813 -3.39515009
v -0.32808364 -0.67609766 -3.48721446
v -0.36533832 -0.62478788 -3.56670757
v -0.41069388 -0.54972134 -3.62584808
v -0.03683534 -0.22419715 -3.90309888
v -0.08642901 -0.12636369 -3.90849419
v -0.13396669 -0.03187784 -3.88208460
v -0.17479505 0.05001147 -3.82645526
v -0.20491752 0.11128833 -3.74705156
v -0.22138551 0.14595453 -3.65164608
v -0.22258703 0.15061672 -3.54957779
v -0.20840445 0.12481852 -3.45083783
v -0.18022606 0.07108524 -3.36509156
v -0.14081017 -0.00532333 -3.30073243
v -0.09401507 -0.09692779 -3.26406035
v -0.04442139 -0.19476126 -3.25866504
v 0.00311628 -0.28924711 -3.28507464
v 0.04394464 -0.37113642 -3.34070398
v 0.07406711 -0.43241327 -3.42010768
v 0.09053511 -0.46707948 -3.51551315
v 0.09173662 -0.47174167 -3.61758145
v 0.07755404 -0.44594347 -3.71632140
v 0.04937565 -0.39221019 -3.80206767
v 0.00995976 -0.31580162 -3.86642680
v 0.36645676 0.03894249 -3.96836787
v 0.31556599 0.13570048 -3.97622855
v 0.26305858 0.22768955 -3.95165102
v 0.21407432 0.30590518 -3.89704110
v 0.17340814 0.36269107 -3.81774439
v 0.14504071 0.39248862 -3.72152301
v 0.13174885 0.39238105 -3.61779576
v 0.13483365 0.36237887 -3.51671621
v 0.15399315 0.30541892 -3.42817872
v 0.18735188 0.22707683 -3.36084995
v 0.23164447 0.13502127 -3.32132052
v 0.28253524 0.03826328 -3.31345984
v 0.33504265 -0.05372579 -3.33803737
v 0.38402691 -0.13194142 -3.39264728
v 0.42469309 -0.18872731 -3.47194399
v 0.45306052 -0.21852486 -3.56816538
v 0.46635238 -0.21841729 -3.67189262
v 0.46326758 -0.18841511 -3.77297217
v 0.44410808 -0.13145516 -3.86150967
v 0.41074935 -0.05311307 -3.92883843
v 0.72903223 0.32087851 -3.85691923
v 0.67729498 0.41663546 -3.86777408
v 0.62054407 0.50596784 -3.84703683
v 0.56433466 0.58013118 -3.79673738
v 0.51416893 0.63186586 -3.72179939
v 0.47495745 0.65610772 -3.62955832
v 0.45053850 0.65048380 -3.52904336
v 0.44330240 0.61554462 -3.43009362
v 0.45395745 0.55471025 -3.34239499
v 0.48146067 0.47393560 -3.27453202
v 0.52311985 0.38112745 -3.23314761
v 0.57485710 0.28537050 -3.22229276
v 0.63160802 0.19603812 -3.24303002
v 0.68781743 0.12187478 -3.29332947
v 0.73798316 0.07014010 -3.36826745
v 0.77719464 0.04589824 -3.46050853
v 0.80161358 0.05152216 -3.56102348
v 0.80884969 0.08646135 -3.65997322
v 0.79819463 0.14729571 -3.74767185
v 0.77069141 0.22807036 -3.81553482
v 1.03262875 0.61035348 -3.58040523
v 0.98050002 0.70522883 -3.59459732
v 0.92040395 0.79187021 -3.57948486
v 0.85822317 0.86179658 -3.53654715
v 0.80004436 0.90816305 -3.46998725
v 0.75156248 0.92643094 -3.38632049
v 0.71752326 0.91481207 -3.29373676
v 0.70125871 0.87444378 -3.20129880
v 0.70436091 0.80927759 -3.11805509
v 0.72652619 0.72569242 -3.05215410
v 0.76558486 0.63187018 -3.01004667
v 0.81771360 0.53699484 -2.99585458
v 0.87780967 0.45035345 -3.01096704
v 0.93999045 0.38042709 -3.05390475
v 0.99816925 0.33406062 -3.12046465
v 1.04665114 0.31579273 -3.20413141
v 1.08069035 0.32741160 -3.29671514
v 1.09695491 0.36777989 -3.38915310
v 1.09385271 0.43294608 -3.47239681
v 1.07168743 0.51653124 -3.53829780
v 1.26283724 0.89579632 -3.15891321
v 1.21074853 0.98994326 -3.17659623
v 1.14832879 1.07398163 -3.16859446
v 1.08168809 1.13968517 -3.13569114
v 1.01734968 1.18062236 -3.08110710
v 0.96161146 1.19278599 -3.01018539
v 0.91992947 1.17498539 -2.92986832
v 0.89638384 1.12896301 -2.84801790
v 0.89327937 1.05922384 -2.77264620
v 0.91091996 0.97259444 -2.71113114
v 0.94757882 0.87755469 -2.66949425
v 0.99966752 0.78340775 -2.65181122
v 1.06208726 0.69936938 -2.65981299
v 1.12872796 0.63366584 -2.69271631
v 1.19306637 0.59272864 -2.74730036
v 1.24880459 0.58056502 -2.81822207
v 1.29048658 0.59836562 -2.89853913
v 1.31403221 0.64438800 -2.98038956
v 1.31713668 0.71412717 -3.05576125
v 1.29949609 0.80075657 -3.11727631
v 1.40981585 1.16597365 -2.61952280
v 1.35815095 1.25956611 -2.64067115
v 1.29449931 1.34120229 -2.64091105
v 1.22509159 1.40289109 -2.62021902
v 1.15672191 1.43859398 -2.58062054
v 1.09608277 1.44481611 -2.52599178
v 1.04910995 1.42094841 -2.46168019
v 1.02040147 1.36932722 -2.39398103
v 1.01276753 1.29500558 -2.32952117
v 1.02695538 1.20525862 -2.27461039
v 1.06157623 1.10887138 -2.23462374
v 1.11324113 1.01527893 -2.21347539
v 1.17689277 0.93364274 -2.21323549
v 1.24630049 0.87195394 -2.23392752
v 1.31467017 0.83625105 -2.27352600
v 1.37530931 0.83002893 -2.32815476
v 1.42228213 0.85389663 -2.39246635
v 1.45099061 0.90551781 -2.46016551
v 1.45862455 0.97983945 -2.52462536
v 1.44443670 1.06958642 -2.57953614
v 1.46869711 1.41060056 -1.99448168
v 1.41777307 1.50381934 -2.01891310
v 1.35399800 1.58335226 -2.02813537
v 1.28361466 1.64141406 -2.02124577
v 1.21351265 1.67232127 -1.99891869
v 1.15055405 1.67304845 -1.96333965
v 1.10090168 1.64352445 -1.91799140
v 1.06941587 1.58663926 -1.86731292
v 1.05917866 1.50796120 -1.81626499
v 1.07119215 1.41519184 -1.76984452
v 1.10428037 1.31741209 -1.73259548
v 1.15520441 1.22419330 -1.70816406
v 1.21897948 1.14466039 -1.69894179
v 1.28936282 1.08659858 -1.70583139
v 1.35946483 1.05569138 -1.72815848
v 1.42242343 1.05496419 -1.76373751
v 1.47207580 1.08448820 -1.80908576
v 1.50356161 1.14137339 -1.85976424
v 1.51379882 1.22005144 -1.91081217
v 1.50178533 1.31282080 -1.95723264
v 1.43967148 1.62087201 -1.31913252
v 1.38972641 1.71389131 -1.34654135
v 1.32690180 1.79169891 -1.36508284
v 1.25734737 1.84667844 -1.37294203
v 1.18787157 1.87344814 -1.36934961
v 1.12527519 1.86938759 -1.35465721
v 1.07568560 1.83489428 -1.33030305
v 1.04395697 1.77334464 -1.29867106
v 1.03319512 1.69076359 -1.26285762
v 1.04445349 1.59523473 -1.22636840
v 1.07663005 1.49610909 -1.19277520
v 1.12657511 1.40308979 -1.16536637
v 1.18939972 1.32528219 -1.14682487
v 1.25895416 1.27030266 -1.13896569
v 1.32842995 1.24353296 -1.14255811
v 1.39102633 1.24759351 -1.15725051
v 1.44061592 1.28208682 -1.18160467
v 1.47234456 1.34363646 -1.21323665
v 1.48310641 1.42621751 -1.24905009
v 1.47184803 1.52174637 -1.28553932
v 1.32775414 1.78988336 -0.62973698
v 1.27894257 1.88285851 -0.65973513
v 1.21806151 1.95937574 -0.68753676
v 1.15107042 2.01194500 -0.71042046
v 1.08452685 2.03542046 -0.72614623
v 1.02494455 2.02750416 -0.73317470
v 0.97815584 1.98897101 -0.73081788
v 0.94874075 1.92359290 -0.71930648
v 0.93957861 1.83776950 -0.69976731
v 0.95156628 1.73990181 -0.67411300
v 0.98353033 1.63956978 -0.64485477
v 1.03234190 1.54659462 -0.61485663
v 1.09322295 1.47007740 -0.58705499
v 1.16021405 1.41750813 -0.56417129
v 1.22675762 1.39403268 -0.54844553
v 1.28633992 1.40194898 -0.54141706
v 1.33312862 1.44048213 -0.54377388
v 1.36254372 1.50586023 -0.55528528
v 1.37170586 1.59168363 -0.57482445
v 1.35971819 1.68955133 -0.60047876
v 1.14226329 1.91291669 0.03865536
v 1.09465947 2.00597428 0.00649335
v 1.03659556 2.08166949 -0.03014111
v 0.97375526 2.13259275 -0.06766198
v 0.91228981 2.15375932 -0.10239646
v 0.85821588 2.14309728 -0.13094450
v 0.81682661 2.10165030 -0.15051162
v 0.79217346 2.03347551 -0.15918244
v 0.78666965 1.94524632 -0.15610822
v 0.80085394 1.84559922 -0.14158987
v 0.83333787 1.74428837 -0.11704856
v 0.88094169 1.65123077 -0.08488655
v 0.93900559 1.57553556 -0.04825210
v 1.00184590 1.52461231 -0.01073122
v 1.06331134 1.50344573 0.02400326
v 1.11738527 1.51410777 0.05255130
v 1.15877455 1.55555475 0.07211842
v 1.18342770 1.62372954 0.08078924
v 1.18893151 1.71195874 0.07771502
v 1.17474722 1.81160583 0.06319667
v 0.89605748 1.98758045 0.65415429
v 0.84966634 2.08081158 0.62024601
v 0.79514438 2.15616281 0.57552974
v 0.73782858 2.20625826 0.52438262
v 0.68332942 2.22619423 0.47181130
v 0.63698165 2.21401924 0.42296181
v 0.60332212 2.17092507 0.38261589
v 0.58564564 2.10113008 0.35472287
v 0.58568253 2.01146629 0.34201312
v 0.60342917 1.91071061 0.34573076
v 0.63714840 1.80872571 0.36551188
v 0.68353954 1.71549459 0.39942016
v 0.73806150 1.64014335 0.44413643
v 0.79537730 1.59004791 0.49528355
v 0.84987646 1.57011194 0.54785487
v 0.89622423 1.58228693 0.59670436
v 0.92988377 1.62538109 0.63705028
v 0.94756024 1.69517608 0.66494330
v 0.94752335 1.78483988 0.67765305
v 0.92977671 1.88559556 0.67393541
v 0.60459446 2.01380036 1.18967214
v 0.55936932 2.10725760 1.15438622
v 0.50894652 2.18273025 1.10260545
v 0.45826179 2.23283053 1.03939848
v 0.41227650 2.25265427 0.97095246
v 0.37549203 2.24026100 0.90396736
v 0.35150908 2.19686384 0.84500014
v 0.34267528 2.12671081 0.79982294
v 0.34985534 2.03666899 0.77285800
v 0.37234643 1.93555228 0.76674485
v 0.40794696 1.83325871 0.78208188
v 0.45317210 1.73980148 0.81736780
v 0.50359491 1.66432883 0.86914858
v 0.55427964 1.61422855 0.93235554
v 0.60026492 1.59440480 1.00080157
v 0.63704939 1.60679808 1.06778667
v 0.66103234 1.65019524 1.12675388
v 0.66986614 1.72034827 1.17193109
v 0.66268608 1.81039009 1.19889603
v 0.64019499 1.91150679 1.20500918
v 0.28488373 1.99367021 1.62416971
v 0.24074912 2.08736869 1.58779304
v 0.19480724 2.16339578 1.53016583
v 0.15155519 2.21430943 1.45692902
v 0.11522679 2.23512585 1.37525155
v 0.08937812 2.22380738 1.29312856
v 0.07653942 2.18146195 1.21859885
v 0.07796744 2.11223464 1.15895788
v 0.09352239 2.02290188 1.12004374
v 0.12168164 1.92220820 1.10566561
v 0.15968877 1.82001019 1.11723092
v 0.20382339 1.72631171 1.15360759
v 0.24976527 1.65028462 1.21123480
v 0.29301732 1.59937097 1.28447161
v 0.32934572 1.57855455 1.36614908
v 0.35519439 1.58987302 1.44827206
v 0.36803309 1.63221845 1.52280178
v 0.36660507 1.70144577 1.58244275
v 0.35105012 1.79077852 1.62135689
v 0.32289087 1.89147220 1.63573502
v -0.04559095 1.93118073 1.94344427
v -0.08871347 2.02510324 1.90616120
v -0.12996553 2.10206944 1.84403791
v -0.16530908 2.15454534 1.76315548
v -0.19128445 2.17739423 1.67143123
v -0.20534899 2.16837950 1.57784378
v -0.20612596 2.12838358 1.49155411
v -0.19353931 2.06132155 1.42100887
v -0.16882111 1.97375790 1.37311350
v -0.13439095 1.87426398 1.35255634
v -0.09361909 1.77257895 1.36134968
v -0.05049656 1.67865643 1.39863275
v -0.00924451 1.60169023 1.46075604
v 0.02609904 1.54921433 1.54163847
v 0.05207441 1.52636544 1.63336272
v 0.06613895 1.53538017 1.72695017
v 0.06691592 1.57537609 1.81323984
v 0.05432928 1.64243812 1.88378508
v 0.02961108 1.73000177 1.93168045
v -0.00481909 1.82949569 1.95223760
v -0.36990472 1.83185240 2.14043527
v -0.41207049 1.92595811 2.10232165
v -0.44858488 2.00418812 2.03711878
v -0.47587362 2.05888475 1.95120918
v -0.49126550 2.08469390 1.85300229
v -0.49325385 2.07908920 1.75211127
v -0.48164403 2.04261926 1.65841204
v -0.45757249 1.97885404 1.58107653
v -0.42339554 1.89403530 1.52767489
v -0.38245864 1.79646569 1.50343443
v -0.33876898 1.69569602 1.51072799
v -0.29660321 1.60159032 1.54884162
v -0.26008881 1.52336030 1.61404448
v -0.23280007 1.46866368 1.69995408
v -0.21740819 1.44285452 1.79816097
v -0.21541985 1.44845923 1.89905200
v -0.22702967 1.48492916 1.99275123
v -0.25110120 1.54869439 2.07008673
v -0.28527816 1.63351313 2.12348837
v -0.32621506 1.73108273 2.14772883
v -0.67261338 1.70230341 2.21505887
v -0.71383117 1.79653939 2.17609274
v -0.74570225 1.87629115 2.10923381
v -0.76510684 1.93375204 2.02102671
v -0.77014548 1.96329737 1.92010576
v -0.76032497 1.96203505 1.81634981
v -0.73660660 1.93008864 1.71991521
v -0.70131209 1.87058528 1.64024165
v -0.65789632 1.78934958 1.58512814
v -0.61060911 1.69433344 1.55996957
v -0.56407928 1.59483772 1.56722863
v -0.52286149 1.50060174 1.60619476
v -0.49099041 1.42084998 1.67305369
v -0.47158582 1.36338909 1.76126079
v -0.46654718 1.33384376 1.86218174
v -0.47636769 1.33510608 1.96593769
v -0.50008606 1.36705249 2.06237230
v -0.53538057 1.42655585 2.14204585
v -0.57879634 1.50779155 2.19715937
v -0.62608355 1.60280769 2.22231794
v -0.94050876 1.54978690 2.17361638
v -0.98072314 1.64410138 2.13370537
v -1.00816398 1.72556386 2.06657287
v -1.02014520 1.78620022 1.97879027
v -1.01549398 1.82007496 1.87895036
v -0.99466562 1.82387217 1.77682614
v -0.95969894 1.79722016 1.68241426
v -0.91401672 1.74272782 1.60495641
v -0.86209067 1.66572924 1.55203470
v -0.80900365 1.57376156 1.52882947
v -0.75995221 1.47582724 1.53761222
v -0.71973783 1.38151276 1.57752323
v -0.69229698 1.30005028 1.64465573
v -0.68031577 1.23941392 1.73243832
v -0.68496699 1.20553918 1.83227824
v -0.70579535 1.20174197 1.93440245
v -0.74076203 1.22839398 2.02881433
v -0.78644425 1.28288632 2.10627218
v -0.83837030 1.35988490 2.15919390
v -0.89145732 1.45185258 2.18239912
v -1.16316825 1.38173169 2.02784965
v -1.20225044 1.47608744 1.98687343
v -1.22556803 1.55938259 1.92077431
v -1.23083854 1.62346362 1.83602253
v -1.21754605 1.66205784 1.74091419
v -1.18699172 1.67138737 1.64475915
v -1.14216642 1.65053898 1.55696974
v -1.08745797 1.60155346 1.48613939
v -1.02822160 1.52922584 1.43920149
v -0.97025580 1.44063606 1.42075062
v -0.91923465 1.34445590 1.43259290
v -0.88015246 1.25010015 1.47356912
v -0.85683487 1.16680501 1.53966824
v -0.85156436 1.10272398 1.62442002
v -0.86485685 1.06412976 1.71952836
v -0.89541118 1.05480023 1.81568340
v -0.94023648 1.07564861 1.90347281
v -0.99494493 1.12463414 1.97430316
v -1.05418130 1.19696176 2.02124106
v -1.11214710 1.28555154 2.03969193
v -1.33327686 1.20531812 1.79373801
v -1.37102657 1.29970438 1.75160204
v -1.39059845 1.38489222 1.68774764
v -1.39007670 1.45254286 1.60842534
v -1.36951236 1.49603419 1.52139974
v -1.33091844 1.51110897 1.43518954
v -1.27807276 1.49629157 1.35823357
v -1.21614824 1.45303243 1.29806483
v -1.15120647 1.38556606 1.26057305
v -1.08960441 1.30049652 1.24942818
v -1.03737209 1.20615103 1.26572118
v -0.99962239 1.11176477 1.30785715
v -0.98005050 1.02657693 1.37171155
v -0.98057226 0.95892628 1.45103385
v -1.00113659 0.91543496 1.53805945
v -1.03973051 0.90036018 1.62426965
v -1.09257619 0.91517757 1.70122562
v -1.15450072 0.95843671 1.76139436
v -1.21944249 1.02590309 1.79888614
v -1.28104455 1.11097262 1.81003100
v -1.44671861 1.02711575 1.49014380
v -1.48287804 1.12155702 1.44683867
v -1.49913343 1.20864274 1.38633794
v -1.49389357 1.27984836 1.31456384
v -1.46767140 1.32820378 1.23854212
v -1.42303371 1.34897563 1.16571431
v -1.36434995 1.34013062 1.10320931
v -1.29736450 1.30253456 1.05714554
v -1.22863436 1.23986761 1.03203204
v -1.16488731 1.15826405 1.03032710
v -1.11236337 1.06571181 1.05219761
v -1.07620394 0.97127055 1.09550274
v -1.05994855 0.88418482 1.15600347
v -1.06518840 0.81297920 1.22777757
v -1.09141058 0.76462378 1.30379929
v -1.13604827 0.74385193 1.37662710
v -1.19473203 0.75269694 1.43913210
v -1.26171748 0.79029301 1.48519587
v -1.33044762 0.85295995 1.51030937
v -1.39419466 0.93456351 1.51201431
v -1.50245168 0.85280326 1.13741750
v -1.53673191 0.94736343 1.09307654
v -1.55013913 1.03630507 1.03693940
v -1.54136095 1.11092194 0.97450119
v -1.51125663 1.16391002 0.91187378
v -1.46277300 1.19008248 0.85518760
v -1.40065597 1.18687736 0.80999146
v -1.33098599 1.15460841 0.78070950
v -1.26058285 1.09643435 0.77020802
v -1.19633809 1.01804964 0.77951500
v -1.14454043 0.92712713 0.80771939
v -1.11026020 0.83256696 0.85206035
v -1.09685298 0.74362532 0.90819749
v -1.10563117 0.66900845 0.97063570
v -1.13573548 0.61602037 1.03326310
v -1.18421911 0.58984791 1.08994929
v -1.24633614 0.59305303 1.13514542
v -1.31600612 0.62532197 1.16442739
v -1.38640926 0.68349604 1.17492886
v -1.45065403 0.76188075 1.16562189
v -1.50219732 0.68698273 0.75606855
v -1.53431532 0.78176363 0.71101499
v -1.54537673 0.87247910 0.66016109
v -1.53429877 0.95024928 0.60848478
v -1.50216584 1.00746147 0.56104450
v -1.45212332 1.03851536 0.52248404
v -1.38906974 1.04037118 0.49657796
v -1.31917721 1.01284725 0.48586213
v -1.24928730 0.95863782 0.49138549
v -1.18624133 0.88304928 0.51260737
v -1.13621066 0.79348076 0.54745043
v -1.10409266 0.69869986 0.59250399
v -1.09303126 0.60798439 0.64335789
v -1.10410921 0.53021422 0.69503420
v -1.13624215 0.47300202 0.74247447
v -1.18628466 0.44194813 0.78103494
v -1.24933825 0.44009231 0.80694102
v -1.31923078 0.46761624 0.81765685
v -1.38912068 0.52182567 0.81213349
v -1.45216666 0.59741421 0.79091161
v -1.44998464 0.53309258 0.36559441
v -1.47970774 0.62822648 0.32036985
v -1.48896157 0.72059903 0.27563678
v -1.47684031 0.80116817 0.23577398
v -1.44453046 0.86204722 0.20468349
v -1.39519475 0.89727693 0.18540867
v -1.33366249 0.90340875 0.17983628
v -1.26595690 0.87984248 0.18851177
v -1.19870546 0.82888493 0.21058594
v -1.13849121 0.75552419 0.24389800
v -1.09120836 0.66694131 0.28518715
v -1.06148526 0.57180741 0.33041170
v -1.05223143 0.47943486 0.37514477
v -1.06435269 0.39886572 0.41500758
v -1.09666254 0.33798667 0.44609806
v -1.14599825 0.30275696 0.46537288
v -1.20753050 0.29662514 0.47094527
v -1.27523610 0.32019141 0.46226978
v -1.34248754 0.37114896 0.44019561
v -1.40270178 0.44450970 0.40688355
v -1.35160179 0.39341489 -0.01645867
v -1.37879455 0.48905166 -0.06109186
v -1.38682198 0.58293321 -0.09894676
v -1.37489829 0.66586977 -0.12631787
v -1.34419065 0.72974292 -0.14052592
v -1.29770495 0.76830032 -0.14018013
v -1.23999152 0.77776770 -0.12531435
v -1.17669977 0.75721833 -0.09738373
v -1.11402512 0.70866372 -0.05912233
v -1.05810261 0.63685673 -0.01427544
v -1.01440632 0.54882634 0.03276702
v -0.98721356 0.45318957 0.07740020
v -0.97918613 0.35930802 0.11525510
v -0.99110983 0.27637146 0.14262622
v -1.02181746 0.21249831 0.15683427
v -1.06830316 0.17394090 0.15648848
v -1.12601659 0.16447352 0.14162270
v -1.18930834 0.18502290 0.11369208
v -1.25198299 0.23357751 0.07543068
v -1.30790550 0.30538449 0.03058379
v -1.21400780 0.26916566 -0.37515440
v -1.23867532 0.36545601 -0.41824100
v -1.24610956 0.46066852 -0.44855008
v -1.23558282 0.54548312 -0.46311477
v -1.20812552 0.61159757 -0.46050937
v -1.16642538 0.65254012 -0.44098892
v -1.11456430 0.66430303 -0.40646422
v -1.05761879 0.64573488 -0.36031479
v -1.00116309 0.59865323 -0.30705805
v -0.95072347 0.52766676 -0.25190714
v -0.91123732 0.43972414 -0.20026062
v -0.88656980 0.34343378 -0.15717401
v -0.87913556 0.24822128 -0.12686493
v -0.88966230 0.16340668 -0.11230025
v -0.91711960 0.09729223 -0.11490565
v -0.95881974 0.05634968 -0.13442609
v -1.01068082 0.04458676 -0.16895079
v -1.06762633 0.06315492 -0.21510023
v -1.12408203 0.11023657 -0.26835697
v -1.17452165 0.18122303 -0.32350788
v -1.04475882 0.16065037 -0.69852292
v -1.06707994 0.25772740 -0.73897334
v -1.07461366 0.35406283 -0.76118188
v -1.06662253 0.44022669 -0.76297461
v -1.04388878 0.50778465 -0.74417604
v -1.00863775 0.55012367 -0.70662632
v -0.96432004 0.56309931 -0.65400106
v -0.91527380 0.54544143 -0.59145160
v -0.86630000 0.49887850 -0.52510071
v -0.82219254 0.42796843 -0.46144328
v -0.78726897 0.33965238 -0.40671055
v -0.76494785 0.24257535 -0.36626013
v -0.75741413 0.14623992 -0.34405159
v -0.76540526 0.06007606 -0.34225886
v -0.78813901 -0.00748190 -0.36105743
v -0.82339005 -0.04982092 -0.39860716
v -0.86770775 -0.06279657 -0.45123241
v -0.91675400 -0.04513868 -0.51378187
v -0.96572780 0.00142425 -0.58013276
v -1.00983525 0.07233432 -0.64379019
v -0.85149737 0.06746250 -0.97762112
v -0.87184242 0.16542410 -1.01429560
v -0.88022949 0.26264401 -1.02799838
v -0.87583761 0.34960566 -1.01738814
v -0.85909668 0.41779664 -0.98350349
v -0.83164542 0.46054194 -0.92966128
v -0.79617094 0.47365735 -0.86113198
v -0.75614575 0.45585904 -0.78462370
v -0.71548778 0.40888924 -0.70762561
v -0.67817692 0.33734568 -0.63767483
v -0.64786541 0.24823154 -0.58161860
v -0.62752036 0.15026993 -0.54494413
v -0.61913329 0.05305002 -0.53124135
v -0.62352517 -0.03391163 -0.54185158
v -0.64026610 -0.10210260 -0.57573624
v -0.66771736 -0.14484790 -0.62957844
v -0.70319184 -0.15796331 -0.69810775
v -0.74321703 -0.14016501 -0.77461602
v -0.78387500 -0.09319521 -0.85161411
v -0.82118586 -0.02165165 -0.92156490
v -0.64154487 -0.01129968 -1.20632955
v -0.66047413 0.08759482 -1.23813911
v -0.67052268 0.18543030 -1.24312691
v -0.67070691 0.27262996 -1.22080468
v -0.66100878 0.34065806 -1.17335750
v -0.64237760 0.38285556 -1.10542981
v -0.61663713 0.39509186 -1.02367086
v -0.58630703 0.37616920 -0.93608379
v -0.55435621 0.32793984 -0.85124221
v -0.52391224 0.25512483 -0.77745103
v -0.49795520 0.16485179 -0.72193343
v -0.47902594 0.06595729 -0.69012386
v -0.46897739 -0.03187819 -0.68513607
v -0.46879316 -0.11907784 -0.70745829
v -0.47849129 -0.18710595 -0.75490547
v -0.49712247 -0.22930345 -0.82283316
v -0.52286294 -0.24153975 -0.90459211
v -0.55319304 -0.22261708 -0.99217919
v -0.58514386 -0.17438773 -1.07702076
v -0.61558782 -0.10157272 -1.15081195
v -0.42162528 -0.07682352 -1.38094296
v -0.43986727 0.02299290 -1.40695506
v -0.45242210 0.12114555 -1.40326537
v -0.45806082 0.20802659 -1.37023506
v -0.45623147 0.27513149 -1.31109737
v -0.44711313 0.31589155 -1.23164110
v -0.43159836 0.32631689 -1.13964399
v -0.41120585 0.30538702 -1.04411135
v -0.38793177 0.25515068 -0.95439460
v -0.36405434 0.18052537 -0.87927582
v -0.34191085 0.08881593 -0.82610817
v -0.32366887 -0.01100048 -0.80009607
v -0.31111404 -0.10915314 -0.80378576
v -0.30547531 -0.19603418 -0.83681607
v -0.30730466 -0.26313907 -0.89595376
v -0.31642300 -0.30389913 -0.97541003
v -0.33193777 -0.31432448 -1.06740714
v -0.35233028 -0.29339460 -1.16293978
v -0.37560436 -0.24315827 -1.25265653
v -0.39948179 -0.16853296 -1.32777531
v -0.19773297 -0.13040323 -1.49963076
v -0.21614417 -0.02973981 -1.51916717
v -0.23205806 0.06840410 -1.50713288
v -0.24391690 0.15442151 -1.46470589
v -0.25055985 0.21989242 -1.39603923
v -0.25133665 0.25840810 -1.30785449
v -0.24617126 0.26619834 -1.20878380
v -0.23556931 0.24250060 -1.10852489
v -0.22056860 0.18963457 -1.01689180
v -0.20263749 0.11277515 -0.94285422
v -0.18353120 0.01944587 -0.89365946
v -0.16512001 -0.08121754 -0.87412304
v -0.14920611 -0.17936146 -0.88615733
v -0.13734727 -0.26537886 -0.92858433
v -0.13070432 -0.33084978 -0.99725099
v -0.12992752 -0.36936545 -1.08543573
v -0.13509291 -0.37715570 -1.18450642
v -0.14569486 -0.35345796 -1.28476533
v -0.16069557 -0.30059193 -1.37639841
v -0.17862668 -0.22373251 -1.45043600
v 0.02485918 -0.17331136 -1.56185623
v 0.00534923 -0.07193986 -1.57457300
v -0.01474544 0.02584483 -1.55486296
v -0.03345783 0.11047086 -1.50465547
v -0.04895625 0.17365443 -1.42886519
v -0.05972358 0.20921071 -1.33491100
v -0.06470586 0.21365919 -1.23198979
v -0.06341539 0.18656443 -1.13017621
v -0.05597848 0.13057866 -1.03943647
v -0.04312311 0.05118214 -0.96865282
v -0.02610766 -0.04385324 -0.92475406
v -0.00659771 -0.14522474 -0.91203729
v 0.01349697 -0.24300943 -0.93174733
v 0.03220936 -0.32763545 -0.98195482
v 0.04770777 -0.39081903 -1.05774510
v 0.05847511 -0.42637531 -1.15169929
v 0.06345739 -0.43082379 -1.25462050
v 0.06216692 -0.40372903 -1.35643408
v 0.05473001 -0.34774325 -1.44717382
v 0.04187464 -0.26834674 -1.51795747
v 0.24147289 -0.20673317 -1.56784715
v 0.21992641 -0.10485284 -1.57378971
v 0.19490844 -0.00779829 -1.54743636
v 0.16886792 0.07493009 -1.49136672
v 0.14435387 0.13523427 -1.41106930
v 0.12376590 0.16721126 -1.31440416
v 0.10911930 0.16773093 -1.21083356
v 0.10184779 0.13674241 -1.11049571
v 0.10266315 0.07727907 -1.02321238
v 0.11148557 -0.00483840 -0.95752747
v 0.12745144 -0.10157177 -0.91987067
v 0.14899793 -0.20345211 -0.91392810
v 0.17401590 -0.30050666 -0.94028146
v 0.20005642 -0.38323503 -0.99635109
v 0.22457047 -0.44353922 -1.07664851
v 0.24515844 -0.47551621 -1.17331366
v 0.25980503 -0.47603588 -1.27688426
v 0.26707654 -0.44504736 -1.37722211
v 0.26626118 -0.38558402 -1.46450544
v 0.25743877 -0.30346655 -1.53019035
v 0.44781704 -0.23176760 -1.51820160
v 0.42335766 -0.12963097 -1.51783177
v 0.39280811 -0.03369150 -1.48624120
v 0.35915878 0.04665960 -1.42652221
v 0.32570351 0.10355699 -1.34452051
v 0.29571714 0.13143116 -1.24826299
v 0.27213494 0.12755360 -1.14717201
v 0.25726530 0.09230387 -1.05114306
v 0.25256376 0.02913245 -0.96957612
v 0.25849054 -0.05577699 -0.91045554
v 0.27446549 -0.15411293 -0.87956844
v 0.29892488 -0.25624955 -0.87993828
v 0.32947443 -0.35218903 -0.91152884
v 0.36312376 -0.43254012 -0.97124784
v 0.39657903 -0.48943751 -1.05324954
v 0.42656540 -0.51731168 -1.14950706
v 0.45014760 -0.51343412 -1.25059804
v 0.46501724 -0.47818439 -1.34662699
v 0.46971878 -0.41501297 -1.42819393
v 0.46379200 -0.33010353 -1.48731451
v 0.63974975 -0.24948827 -1.41369217
v 0.61163217 -0.14739013 -1.40788514
v 0.57513579 -0.05295408 -1.37282464
v 0.53383314 0.02457583 -1.31194264
v 0.49176720 0.07761044 -1.23119869
v 0.45305568 0.10095833 -1.13849658
v 0.42148794 0.09233406 -1.04291063
v 0.40015405 0.05258184 -0.95379746
v 0.39114231 -0.01440712 -0.87988009
v 0.39533486 -0.10207546 -0.82839406
v 0.41232131 -0.20184161 -0.80437920
v 0.44043889 -0.30393974 -0.81018623
v 0.47693527 -0.39837580 -0.84524673
v 0.51823792 -0.47590571 -0.90612873
v 0.56030386 -0.52894031 -0.98687268
v 0.59901537 -0.55228821 -1.07957479
v 0.63058311 -0.54366394 -1.17516074
v 0.65191701 -0.50391171 -1.26427391
v 0.66092874 -0.43692276 -1.33819128
v 0.65673619 -0.34925441 -1.38967731
v 0.81306514 -0.26104835 -1.25529860
v 0.78073962 -0.15930948 -1.24530897
v 0.73813190 -0.06675171 -1.20886586
v 0.68941271 0.00756476 -1.14953658
v 0.63935103 0.05636532 -1.07312868
v 0.59284725 0.07487303 -0.98712151
v 0.55445348 0.06127623 -0.89993405
v 0.52792797 0.01690587 -0.82010080
v 0.51586721 -0.05389478 -0.75543642
v 0.51945181 -0.14419525 -0.71227069
v 0.53833088 -0.24515631 -0.69482899
v 0.57065640 -0.34689518 -0.70481861
v 0.61326412 -0.43945295 -0.74126172
v 0.66198331 -0.51376942 -0.80059101
v 0.71204499 -0.56256998 -0.87699891
v 0.75854877 -0.58107769 -0.96300608
v 0.79694254 -0.56748089 -1.05019354
v 0.82346805 -0.52311053 -1.13002678
v 0.83552880 -0.45230988 -1.19469117
v 0.83194420 -0.36200940 -1.23785689
v 0.96335576 -0.26780538 -1.04446118
v 0.92652163 -0.16675030 -1.03185675
v 0.87793816 -0.07640792 -0.99636308
v 0.82236104 -0.00562159 -0.94145455
v 0.76523054 0.03867964 -0.87250598
v 0.71213899 0.05215925 -0.79626654
v 0.66828337 0.03349777 -0.72019908
v 0.63795656 -0.01547810 -0.65174961
v 0.62412718 -0.08997425 -0.59761844
v 0.62814892 -0.18269847 -0.56310431
v 0.64962813 -0.28457428 -0.55158570
v 0.68646225 -0.38562937 -0.56419013
v 0.73504572 -0.47597175 -0.59968379
v 0.79062285 -0.54675808 -0.65459233
v 0.84775335 -0.59105931 -0.72354089
v 0.90084490 -0.60453892 -0.79978033
v 0.94470052 -0.58587743 -0.87584779
v 0.97502732 -0.53690157 -0.94429727
v 0.98885671 -0.46240542 -0.99842844
v 0.98483496 -0.36968119 -1.03294257
v 1.08598894 -0.27143920 -0.78350957
v 1.04463063 -0.17136845 -0.77007352
v 0.99053974 -0.08351014 -0.73799405
v 0.92901106 -0.01646444 -0.69041134
v 0.86606745 0.02320573 -0.63198312
v 0.80787026 0.03161719 -0.56842874
v 0.76011624 0.00794657 -0.50596935
v 0.72747990 -0.04548910 -0.45071891
v 0.71315589 -0.12345915 -0.40808572
v 0.71854636 -0.21833133 -0.38224301
v 0.74312365 -0.32081889 -0.37572045
v 0.78448196 -0.42088964 -0.38915651
v 0.83857285 -0.50874796 -0.42123597
v 0.90010153 -0.57579365 -0.46881868
v 0.96304514 -0.61546383 -0.52724690
v 1.02124233 -0.62387529 -0.59080129
v 1.06899634 -0.60020467 -0.65326068
v 1.10163269 -0.54676900 -0.70851111
v 1.11595670 -0.46879895 -0.75114431
v 1.11056623 -0.37392677 -0.77698701
v 1.17621669 -0.27403692 -0.47619332
v 1.13061634 -0.17519659 -0.46379923
v 1.07182663 -0.08998897 -0.43758614
v 1.00560229 -0.02675479 -0.40011997
v 0.93842582 0.00831614 -0.35506817
v 0.87687294 0.01179086 -0.30684072
v 0.82696886 -0.01667079 -0.26015847
v 0.79359854 -0.07428276 -0.21959100
v 0.78002850 -0.15540561 -0.18910933
v 0.78758707 -0.25209845 -0.17169722
v 0.81553437 -0.35489633 -0.16905909
v 0.86113472 -0.45373667 -0.18145318
v 0.91992443 -0.53894428 -0.20766627
v 0.98614877 -0.60217846 -0.24513244
v 1.05332524 -0.63724940 -0.29018424
v 1.11487812 -0.64072411 -0.33841168
v 1.16478220 -0.61226247 -0.38509393
v 1.19815252 -0.55465049 -0.42566141
v 1.21172256 -0.47352765 -0.45614308
v 1.20416399 -0.37683480 -0.47355519
v 1.22941836 -0.27812394 -0.12822399
v 1.18014115 -0.18067663 -0.11869343
v 1.11777821 -0.09815310 -0.10061848
v 1.04843406 -0.03863130 -0.07576842
v 0.97889659 -0.00793766 -0.04657577
v 0.91597261 -0.00907668 -0.01589810
v 0.86582156 -0.04193686 0.01326164
v 0.83335258 -0.10330163 0.03804910
v 0.82174394 -0.18716416 0.05603791
v 0.83213200 -0.28531542 0.06546720
v 0.86349988 -0.38814767 0.06541396
v 0.91277710 -0.48559497 0.05588340
v 0.97514003 -0.56811851 0.03780844
v 1.04448418 -0.62764030 0.01295839
v 1.11402165 -0.65833394 -0.01623426
v 1.17694563 -0.65719492 -0.04691193
v 1.22709668 -0.62433474 -0.07607168
v 1.25956567 -0.56296997 -0.10085914
v 1.27117430 -0.47910744 -0.11884795
v 1.26078624 -0.38095618 -0.12827723
v 1.24145631 -0.28662738 0.25226355
v 1.18930815 -0.19062966 0.25730660
v 1.12475913 -0.11066732 0.26532549
v 1.05412775 -0.05456762 0.27553530
v 0.98432789 -0.02782200 0.28693660
v 0.92219207 -0.03304851 0.29841337
v 0.87380256 -0.06973553 0.30884217
v 0.84389607 -0.13429189 0.31720217
v 0.83540005 -0.22039836 0.32267502
v 0.84914615 -0.31962624 0.32472501
v 0.88378881 -0.42226241 0.32315147
v 0.93593697 -0.51826013 0.31810842
v 1.00048599 -0.59822248 0.31008953
v 1.07111738 -0.65432217 0.29987972
v 1.14091723 -0.68106779 0.28847842
v 1.20305305 -0.67584129 0.27700165
v 1.25144256 -0.63915426 0.26657285
v 1.28134906 -0.57459790 0.25821285
v 1.28984507 -0.48849143 0.25274000
v 1.27609897 -0.38926356 0.25069001
v 1.20910990 -0.30276682 0.65441505
v 1.15507139 -0.20815708 0.65367620
v 1.08990089 -0.13046686 0.65023389
v 1.01997773 -0.07730102 0.64442508
v 0.95214649 -0.05386380 0.63681837
v 0.89304697 -0.06244939 0.62815836
v 0.84846422 -0.10221738 0.61929275
v 0.82276233 -0.16927501 0.61108937
v 0.81845717 -0.25705820 0.60435123
v 0.83597017 -0.35697412 0.59973790
v 0.87358702 -0.45924231 0.59770096
v 0.92762553 -0.55385204 0.59843981
v 0.99279604 -0.63154226 0.60188212
v 1.06271919 -0.68470810 0.60769093
v 1.13055043 -0.70814533 0.61529764
v 1.18964995 -0.69955973 0.62395765
v 1.23423270 -0.65979174 0.63282326
v 1.25993459 -0.59273412 0.64102664
v 1.26423975 -0.50495093 0.64776478
v 1.24672675 -0.40503501 0.65237811
v 1.13054259 -0.32987536 1.06459294
v 1.07568647 -0.23647465 1.05721036
v 1.01153188 -0.16060721 1.04153977
v 0.94435873 -0.10969946 1.01911511
v 0.88074238 -0.08873462 0.99213148
v 0.82691005 -0.09976485 0.96323020
v 0.78813123 -0.14171046 0.93524035
v 0.76820184 -0.21046550 0.91090175
v 0.76907273 -0.29929977 0.89259686
v 0.79065864 -0.39951753 0.88211747
v 0.83084659 -0.50130878 0.88048937
v 0.88570271 -0.59470949 0.88787195
v 0.94985730 -0.67057693 0.90354254
v 1.01703045 -0.72148468 0.92596720
v 1.08064680 -0.74244953 0.95295084
v 1.13447913 -0.73141929 0.98185211
v 1.17325796 -0.68947368 1.00984197
v 1.19318734 -0.62071864 1.03418056
v 1.19231645 -0.53188437 1.05248546
v 1.17073054 -0.43166661 1.06296485
v 1.00575163 -0.37116233 1.46658921
v 0.95115335 -0.27868807 1.45219599
v 0.88961037 -0.20405568 1.42424499
v 0.82714694 -0.15457070 1.38547225
v 0.76987741 -0.13507706 1.33967312
v 0.72340772 -0.14748293 1.29133074
v 0.69228666 -0.19057395 1.24517719
v 0.67956056 -0.26013206 1.20573030
v 0.68647515 -0.34934843 1.17685142
v 0.71235358 -0.44948995 1.16136740
v 0.75466269 -0.55075405 1.16079394
v 0.80926096 -0.64322831 1.17518716
v 0.87080394 -0.71786070 1.20313816
v 0.93326738 -0.76734568 1.24191090
v 0.99053691 -0.78683932 1.28771003
v 1.03700659 -0.77443345 1.33605241
v 1.06812765 -0.73134243 1.38220596
v 1.08085375 -0.66178432 1.42165284
v 1.07393916 -0.57256795 1.45053173
v 1.04806073 -0.47242644 1.46601574
v 0.83694876 -0.42943491 1.84213339
v 0.78359994 -0.33752561 1.82087379
v 0.72610980 -0.26343794 1.78132544
v 0.67010586 -0.21442411 1.72735962
v 0.62107019 -0.19528195 1.66425887
v 0.58380274 -0.20788521 1.59819993
v 0.56195150 -0.25100021 1.53564912
v 0.55765543 -0.32040655 1.48272935
v 0.57133506 -0.40931025 1.44462076
v 0.60165132 -0.50900879 1.42505369
v 0.64563666 -0.60974300 1.42594351
v 0.69898548 -0.70165230 1.44720312
v 0.75647563 -0.77573997 1.48675146
v 0.81247956 -0.82475379 1.54071729
v 0.86151523 -0.84389596 1.60381804
v 0.89878269 -0.83129269 1.66987697
v 0.92063393 -0.78817769 1.73242778
v 0.92493000 -0.71877136 1.78534756
v 0.91125037 -0.62986766 1.82345615
v 0.88093410 -0.53016911 1.84302321
v 0.62882393 -0.50680140 2.17168664
v 0.57755734 -0.41504904 2.14418674
v 0.52530646 -0.34075892 2.09442174
v 0.47718596 -0.29120306 2.02726297
v 0.43790620 -0.27123234 1.94928441
v 0.41131218 -0.28280163 1.86811913
v 0.40000709 -0.32477844 1.79171216
v 0.40509755 -0.39305381 1.72754275
v 0.42608528 -0.48094445 1.68189224
v 0.46091585 -0.57984702 1.65922923
v 0.50617980 -0.68008024 1.66177213
v 0.55744639 -0.77183260 1.68927202
v 0.60969727 -0.84612272 1.73903703
v 0.65781777 -0.89567858 1.80619579
v 0.69709753 -0.91564930 1.88417436
v 0.72369155 -0.90408001 1.96533964
v 0.73499665 -0.86210319 2.04174661
v 0.72990618 -0.79382783 2.10591602
v 0.70891845 -0.70593719 2.15156653
v 0.67408788 -0.60703462 2.17422953
v 0.38865118 -0.60438219 2.43548505
v 0.34008379 -0.51236818 2.40278368
v 0.29392426 -0.43712261 2.34479015
v 0.25469101 -0.38601104 2.26718127
v 0.22622445 -0.36403663 2.17755394
v 0.21131110 -0.37335038 2.08468151
v 0.21141077 -0.41304059 1.99765499
v 0.22651372 -0.47922212 1.92499312
v 0.25514155 -0.56541666 1.87380856
v 0.29449198 -0.66318688 1.84911162
v 0.34071312 -0.76296235 1.85331980
v 0.38928051 -0.85497635 1.88602118
v 0.43544004 -0.93022192 1.94401471
v 0.47467330 -0.98133349 2.02162358
v 0.50313985 -1.00330791 2.11125091
v 0.51805321 -0.99399416 2.20412334
v 0.51795353 -0.95430394 2.29114987
v 0.50285059 -0.88812241 2.36381173
v 0.47422275 -0.80192788 2.41499629
v 0.43487232 -0.70415766 2.43969323
v 0.12620755 -0.72205563 2.61477042
v 0.08070520 -0.62938634 2.57821966
v 0.04110164 -0.55247794 2.51446016
v 0.01127353 -0.49885876 2.42973315
v -0.00585934 -0.47377743 2.33233230
v -0.00861989 -0.47968908 2.23179188
v 0.00326210 -0.51601503 2.13795350
v 0.02862354 -0.57919946 2.06000270
v 0.06498187 -0.66305741 2.00556985
v 0.10877810 -0.75938031 1.97998323
v 0.15572514 -0.85873938 1.98574742
v 0.20122748 -0.95140868 2.02229818
v 0.24083104 -1.02831708 2.08605768
v 0.27065915 -1.08193625 2.17078469
v 0.28779203 -1.10701758 2.26818554
v 0.29055258 -1.10110594 2.36872595
v 0.27867059 -1.06477998 2.46256434
v 0.25330915 -1.00159556 2.54051514
v 0.21695081 -0.91773760 2.59494798
v 0.17315458 -0.82141471 2.62053461
v -0.14651085 -0.85826522 2.69312452
v -0.18884587 -0.76460364 2.65427137
v -0.22184043 -0.68541804 2.58751984
v -0.24226480 -0.62845966 2.49940405
v -0.24811970 -0.59930398 2.39854937
v -0.23883202 -0.60080497 2.29482817
v -0.21531088 -0.63281569 2.19839340
v -0.17985872 -0.69220271 2.11868478
v -0.13594582 -0.77315283 2.06350472
v -0.08787070 -0.86774207 2.03825465
v -0.04033928 -0.96671138 2.04540621
v 0.00199574 -1.06037296 2.08425937
v 0.03499030 -1.13955856 2.15101089
v 0.05541467 -1.19651694 2.23912669
v 0.06126957 -1.22567262 2.33998137
v 0.05198188 -1.22417163 2.44370256
v 0.02846075 -1.19216091 2.54013733
v -0.00699142 -1.13277389 2.61984596
v -0.05090431 -1.05182377 2.67502602
v -0.09897943 -0.95723453 2.70027609
v -0.41577446 -1.00991131 2.65780779
v -0.45509429 -0.91500232 2.61826852
v -0.48183357 -0.83305802 2.55143109
v -0.49337486 -0.77209968 2.46383800
v -0.48858842 -0.73809434 2.36406348
v -0.46794279 -0.73437067 2.26187416
v -0.43345890 -0.76129317 2.16727303
v -0.38851227 -0.81622649 2.08952031
v -0.33750260 -0.89379335 2.03622698
v -0.28542307 -0.98640099 2.01260977
v -0.23737158 -1.08498431 2.02098049
v -0.19805175 -1.17989330 2.06051975
v -0.17131248 -1.26183760 2.12735719
v -0.15977119 -1.32279594 2.21495027
v -0.16455763 -1.35680128 2.31472479
v -0.18520326 -1.36052495 2.41691412
v -0.21968715 -1.33360245 2.51151525
v -0.26463377 -1.27866913 2.58926797
v -0.31564344 -1.20110227 2.64256129
v -0.36772298 -1.10849463 2.66617850
v -0.66679010 -1.17234549 2.50099438
v -0.70347341 -1.07603300 2.46233242
v -0.72468631 -0.99101108 2.39826571
v -0.72835233 -0.92560227 2.31506555
v -0.71411261 -0.88620924 2.22087615
v -0.68336103 -0.87668806 2.12491743
v -0.63910779 -0.89797073 2.03658248
v -0.58568468 -0.94797394 1.96451816
v -0.52832114 -1.02180304 1.91577862
v -0.47263230 -1.11223112 1.89513482
v -0.42406939 -1.21040646 1.90460753
v -0.38738608 -1.30671895 1.94326949
v -0.36617318 -1.39174087 2.00733619
v -0.36250716 -1.45714968 2.09053635
v -0.37674688 -1.49654270 2.18472576
v -0.40749846 -1.50606388 2.28068448
v -0.45175171 -1.48478122 2.36901943
v -0.50517482 -1.43477801 2.44108375
v -0.56253836 -1.36094890 2.48982329
v -0.61822719 -1.27052082 2.51046709
v -0.88452038 -1.33947829 2.22079598
v -0.91912975 -1.24171360 2.18441232
v -0.93586610 -1.15347583 2.12575174
v -0.93309113 -1.08340232 2.05055633
v -0.91107650 -1.03835234 1.96618674
v -0.87197715 -1.02273571 1.88090166
v -0.81962038 -1.03808108 1.80304939
v -0.75913125 -1.08288635 1.74025064
v -0.69643086 -1.15276566 1.69865260
v -0.63765675 -1.24087874 1.68232718
v -0.58856215 -1.33860047 1.69287241
v -0.55395277 -1.43636516 1.72925606
v -0.53721643 -1.52460293 1.78791665
v -0.53999139 -1.59467644 1.86311206
v -0.56200602 -1.63972642 1.94748165
v -0.60110538 -1.65534306 2.03276673
v -0.65346214 -1.63999768 2.11061900
v -0.71395127 -1.59519242 2.17341775
v -0.77665167 -1.52531311 2.21501579
v -0.83542577 -1.43720002 2.23134121
v -1.05460358 -1.50400290 1.82197515
v -1.08783278 -1.40484444 1.78901833
v -1.10139124 -1.31343924 1.73802668
v -1.09395179 -1.23873468 1.67399161
v -1.06624263 -1.18804335 1.60318131
v -1.02097614 -1.16632729 1.53252720
v -0.96258331 -1.17571221 1.46894539
v -0.89678005 -1.21527945 1.41865971
v -0.83000763 -1.28115589 1.38659247
v -0.76880220 -1.36689308 1.37588264
v -0.71915498 -1.46409848 1.38757857
v -0.68592578 -1.56325694 1.42053539
v -0.67236731 -1.65466214 1.47152704
v -0.67980677 -1.72936671 1.53556211
v -0.70751593 -1.78005803 1.60637241
v -0.75278242 -1.80177409 1.67702652
v -0.81117524 -1.79238918 1.74060833
v -0.87697851 -1.75282194 1.79089401
v -0.94375093 -1.68694550 1.82296125
v -1.00495636 -1.60120830 1.83367108
v -1.16431299 -1.65772813 1.31626703
v -1.19692884 -1.55733330 1.28756720
v -1.20877286 -1.46298987 1.24601188
v -1.19868565 -1.38393285 1.19566880
v -1.16765462 -1.32790088 1.14146588
v -1.11871731 -1.30037876 1.08870888
v -1.05666405 -1.30406055 1.04256203
v -0.98756903 -1.33858585 1.00754250
v -0.91819577 -1.40057509 0.98707825
v -0.85533499 -1.48396032 0.98317246
v -0.80513995 -1.58057922 0.99620746
v -0.77252409 -1.68097405 1.02490728
v -0.76068008 -1.77531748 1.06646260
v -0.77076729 -1.85437450 1.11680568
v -0.80179832 -1.91040647 1.17100860
v -0.85073563 -1.93792859 1.22376560
v -0.91278889 -1.93424680 1.26991245
v -0.98188391 -1.89972150 1.30493198
v -1.05125717 -1.83773226 1.32539623
v -1.11411795 -1.75434703 1.32930202
v -1.20348739 -1.79200491 0.72225300
v -1.23627090 -1.69061528 0.69828253
v -1.24793821 -1.59372705 0.66734687
v -1.23734725 -1.51082430 0.63247424
v -1.20553474 -1.45002214 0.59707820
v -1.15561470 -1.41727230 0.56462357
v -1.09247367 -1.41578057 0.53828722
v -1.02229232 -1.44569296 0.52064716
v -0.95194048 -1.50408145 0.51343010
v -0.88830470 -1.58523056 0.51734251
v -0.83761408 -1.68119686 0.53200141
v -0.80483058 -1.78258648 0.55597188
v -0.79316327 -1.87947472 0.58690754
v -0.80375423 -1.96237747 0.62178017
v -0.83556674 -2.02317963 0.65717621
v -0.88548677 -2.05592947 0.68963084
v -0.94862781 -2.05742120 0.71596718
v -1.01880916 -2.02750881 0.73360725
v -1.08916099 -1.96912032 0.74082431
v -1.15279677 -1.88797120 0.73691190
v -1.16536211 -1.89822207 0.06476134
v -1.19905267 -1.79614361 0.04562227
v -1.21206440 -1.69724245 0.02585422
v -1.20312363 -1.61119973 0.00739221
v -1.17310553 -1.54643791 -0.00795657
v -1.12494850 -1.50929633 -0.01868966
v -1.06336647 -1.50341066 -0.02375644
v -0.99438753 -1.52935704 -0.02266094
v -0.92476381 -1.58459566 -0.01551040
v -0.86131057 -1.66371936 -0.00300475
v -0.81023905 -1.75898298 0.01363187
v -0.77654849 -1.86106145 0.03277093
v -0.76353676 -1.95996261 0.05253899
v -0.77247753 -2.04600533 0.07100100
v -0.80249562 -2.11076715 0.08634977
v -0.85065266 -2.14790873 0.09708286
v -0.91223468 -2.15379439 0.10214964
v -0.98121363 -2.12784801 0.10105414
v -1.05083735 -2.07260940 0.09390360
v -1.11429059 -1.99348569 0.08139795
v -1.04723309 -1.96834047 -0.62619548
v -1.08247943 -1.86592038 -0.64075847
v -1.09825371 -1.76564378 -0.64945957
v -1.09301186 -1.67732644 -0.65144706
v -1.06726698 -1.60961348 -0.64652639
v -1.02353916 -1.56913311 -0.63517922
v -0.96610877 -1.55984784 -0.61851631
v -0.90059752 -1.58266657 -0.59816873
v -0.83341808 -1.63535565 -0.57612824
v -0.77114647 -1.71275750 -0.55455232
v -0.71987825 -1.80729549 -0.53555297
v -0.68463192 -1.90971558 -0.52098998
v -0.66885763 -2.00999218 -0.51228888
v -0.67409948 -2.09830952 -0.51030139
v -0.69984437 -2.16602248 -0.51522207
v -0.74357219 -2.20650285 -0.52656923
v -0.80100258 -2.21578812 -0.54323214
v -0.86651383 -2.19296939 -0.56357973
v -0.93369326 -2.14028031 -0.58562021
v -0.99596488 -2.06287846 -0.60719613
v -0.85089548 -1.99542953 -1.31690110
v -0.88821573 -1.89303167 -1.32746523
v -0.90799058 -1.79208493 -1.32582496
v -0.90828435 -1.70247071 -1.31214086
v -0.88906826 -1.63296105 -1.28775242
v -0.85222332 -1.59036006 -1.25504695
v -0.80135618 -1.57883781 -1.21722589
v -0.74144606 -1.59952217 -1.17799143
v -0.67835738 -1.65038843 -1.14118411
v -0.61826571 -1.72645743 -1.11040688
v -0.56705323 -1.82028302 -1.08867245
v -0.52973298 -1.92268089 -1.07810832
v -0.50995812 -2.02362762 -1.07974859
v -0.50966436 -2.11324184 -1.09343269
v -0.52888045 -2.18275150 -1.11782113
v -0.56572538 -2.22535249 -1.15052660
v -0.61659252 -2.23687475 -1.18834766
v -0.67650264 -2.21619038 -1.22758213
v -0.73959132 -2.16532412 -1.26438945
v -0.79968299 -2.08925512 -1.29516667
v -0.58281151 -1.97416822 -1.97175376
v -0.62256441 -1.87214864 -1.97916403
v -0.64733354 -1.77126461 -1.96847568
v -0.65469432 -1.68139137 -1.94073495
v -0.64392622 -1.61132634 -1.89865730
v -0.61608330 -1.56792797 -1.84636159
v -0.57389101 -1.55544440 -1.78896687
v -0.52147944 -1.57509760 -1.73209135
v -0.46397899 -1.62496378 -1.68130240
v -0.40701821 -1.70016170 -1.64157160
v -0.35617282 -1.79333045 -1.61678807
v -0.31641991 -1.89535004 -1.60937779
v -0.29165078 -1.99623406 -1.62006615
v -0.28429000 -2.08610730 -1.64780688
v -0.29505810 -2.15617233 -1.68988452
v -0.32290103 -2.19957070 -1.74218024
v -0.36509331 -2.21205428 -1.79957495
v -0.41750488 -2.19240108 -1.85645047
v -0.47500533 -2.14253489 -1.90723942
v -0.53196611 -2.06733698 -1.94697023
v -0.25398095 -1.90127309 -2.55531394
v -0.29634901 -1.79995735 -2.56061516
v -0.32681340 -1.69985586 -2.54265358
v -0.34239205 -1.61076723 -2.50318741
v -0.34156000 -1.54141209 -2.44607986
v -0.32439870 -1.49857940 -2.37692102
v -0.29258802 -1.48646192 -2.30248065
v -0.24924182 -1.50624580 -2.23004548
v -0.19860312 -1.55599445 -2.16670597
v -0.14562879 -1.63083813 -2.11866224
v -0.09550432 -1.72345061 -2.09061714
v -0.05313625 -1.82476635 -2.08531592
v -0.02267186 -1.92486784 -2.10327749
v -0.00709322 -2.01395647 -2.14274367
v -0.00792527 -2.08331161 -2.19985122
v -0.02508656 -2.12614430 -2.26901005
v -0.05689724 -2.13826177 -2.34345042
v -0.10024344 -2.11847790 -2.41588559
v -0.15088214 -2.06872925 -2.47922510
v -0.20385648 -1.99388557 -2.52726883
v 0.12049252 -1.77581956 -3.03445020
v 0.07550763 -1.67548310 -3.03881025
v 0.03897051 -1.57683242 -3.01572285
v 0.01445767 -1.48952414 -2.96744794
v 0.00436859 -1.42210460 -2.89871101
v 0.00969087 -1.38117330 -2.81624052
v 0.02990353 -1.37073687 -2.72810924
v 0.06302801 -1.39181692 -2.64294409
v 0.10582184 -1.44234997 -2.56908162
v 0.15409609 -1.51738950 -2.51375199
v 0.20312532 -1.60959011 -2.48237128
v 0.24811021 -1.70992658 -2.47801122
v 0.28464733 -1.80857726 -2.50109863
v 0.30916017 -1.89588554 -2.54937354
v 0.31924925 -1.96330507 -2.61811046
v 0.31392696 -2.00423637 -2.70058095
v 0.29371431 -2.01467280 -2.78871223
v 0.26058983 -1.99359275 -2.87387738
v 0.21779599 -1.94305970 -2.94773986
v 0.16952175 -1.86802018 -3.00306948
v 0.52212310 -1.59942912 -3.38043919
v 0.47469350 -1.50028162 -3.38506883
v 0.43204205 -1.40366391 -3.35925036
v 0.39834377 -1.31903362 -3.30551106
v 0.37689728 -1.25467496 -3.22911132
v 0.36980191 -1.21688779 -3.13752967
v 0.37775221 -1.20937098 -3.03973076
v 0.39996994 -1.23286034 -2.94528784
v 0.43428028 -1.28505656 -2.86344562
v 0.47732469 -1.36085032 -2.80221541
v 0.52488969 -1.45282238 -2.76759083
v 0.57231928 -1.55196989 -2.76296119
v 0.61497073 -1.64858759 -2.78877966
v 0.64866901 -1.73321788 -2.84251896
v 0.67011550 -1.79757655 -2.91891870
v 0.67721087 -1.83536372 -3.01050035
v 0.66926058 -1.84288052 -3.10829926
v 0.64704285 -1.81939116 -3.20274218
v 0.61273251 -1.76719494 -3.28458439
v 0.56968809 -1.69140119 -3.34581461
v 0.93001566 -1.37630344 -3.57087338
v 0.88046972 -1.27847802 -3.57694763
v 0.83199230 -1.18436036 -3.55090613
v 0.78932871 -1.10316335 -3.49529801
v 0.75665516 -1.04283512 -3.41556657
v 0.73716997 -1.00928101 -3.31951648
v 0.73278047 -1.00578555 -3.21654980
v 0.74391635 -1.03269087 -3.11674562
v 0.76948755 -1.08736332 -3.02987347
v 0.80699098 -1.16445116 -2.96443700
v 0.85275555 -1.25640850 -2.92684158
v 0.90230149 -1.35423392 -2.92076733
v 0.95077891 -1.44835159 -2.94680883
v 0.99344250 -1.52954860 -3.00241695
v 1.02611605 -1.58987683 -3.08214839
v 1.04560124 -1.62343093 -3.17819848
v 1.04999074 -1.62692640 -3.28116516
v 1.03885485 -1.60002107 -3.38096934
v 1.01328366 -1.54534863 -3.46784149
v 0.97578023 -1.46826079 -3.53327796
v 1.32203267 -1.11309704 -3.59123867
v 1.27082860 -1.01664465 -3.59982441
v 1.21712036 -0.92535695 -3.57604557
v 1.16616529 -0.84816984 -3.52222977
v 1.12295122 -0.79263890 -3.44364490
v 1.09170825 -0.76419991 -3.34798338
v 1.07549466 -0.76563667 -3.24460923
v 1.07589754 -0.79680853 -3.14364143
v 1.09287747 -0.85466419 -3.05496341
v 1.12477232 -0.93354032 -2.98725560
v 1.16846001 -1.02571597 -2.94714571
v 1.21966408 -1.12216836 -2.93855997
v 1.27337232 -1.21345605 -2.96233882
v 1.32432739 -1.29064317 -3.01615461
v 1.36754146 -1.34617410 -3.09473948
v 1.39878443 -1.37461310 -3.19040100
v 1.41499802 -1.37317634 -3.29377515
v 1.41459514 -1.34200447 -3.39474295
v 1.39761521 -1.28414882 -3.48342097
v 1.36572036 -1.20527269 -3.55112878
v 1.67608252 -0.81863129 -3.43604312
v 1.62377535 -0.72352025 -3.44803685
v 1.56569974 -0.63524106 -3.42885381
v 1.50754055 -0.56243510 -3.38037176
v 1.45499080 -0.51222912 -3.30733646
v 1.41319442 -0.48953764 -3.21689711
v 1.38624274 -0.49658186 -3.11790655
v 1.37677398 -0.53267224 -3.02005466
v 1.38571500 -0.59427600 -2.93291987
v 1.41219059 -0.67536293 -2.86503154
v 1.45360914 -0.76799569 -2.82303505
v 1.50591632 -0.86310673 -2.81104131
v 1.56399192 -0.95138592 -2.83022435
v 1.62215111 -1.02419188 -2.87870641
v 1.67470087 -1.07439785 -2.95174171
v 1.71649724 -1.09708933 -3.04218106
v 1.74344892 -1.09004512 -3.14117162
v 1.75291769 -1.05395474 -3.23902351
v 1.74397667 -0.99235098 -3.32615830
v 1.71750107 -0.91126405 -3.39404663
v 1.97144595 -0.50346405 -3.10940650
v 1.91865006 -0.40958463 -3.12548551
v 1.85728757 -0.32433507 -3.11296074
v 1.79336506 -0.25606020 -3.07305818
v 1.73313972 -0.21144324 -3.00968378
v 1.68250682 -0.19485160 -2.92904108
v 1.64642266 -0.20790939 -2.83902393
v 1.62841942 -0.24933843 -2.74844385
v 1.63025937 -0.31508335 -2.66616744
v 1.65176240 -0.39870857 -2.60024849
v 1.69082366 -0.49202829 -2.55713961
v 1.74361955 -0.58590772 -2.54106060
v 1.80498204 -0.67115727 -2.55358538
v 1.86890455 -0.73943214 -2.59348794
v 1.92912989 -0.78404911 -2.65686233
v 1.97976279 -0.80064075 -2.73750504
v 2.01584695 -0.78758295 -2.82752218
v 2.03385019 -0.74615392 -2.91810227
v 2.03201025 -0.68040900 -3.00037867
v 2.01050721 -0.59678377 -3.06629762
v 2.19005206 -0.17933957 -2.62505670
v 2.13740187 -0.08651300 -2.64564570
v 2.07398904 -0.00415908 -2.64147038
v 2.00602085 0.05966081 -2.61293945
v 1.94015049 0.09869954 -2.56284571
v 1.88282583 0.10913572 -2.49609269
v 1.83965819 0.08994779 -2.41921463
v 1.81487313 0.04301400 -2.33973690
v 1.81089678 -0.02707145 -2.26543933
v 1.82811838 -0.11344811 -2.20359469
v 1.86485215 -0.20766082 -2.16025675
v 1.91750233 -0.30048739 -2.13966774
v 1.98091516 -0.38284131 -2.14384306
v 2.04888336 -0.44666120 -2.17237399
v 2.11475371 -0.48569993 -2.22246773
v 2.17207838 -0.49613612 -2.28922076
v 2.21524601 -0.47694819 -2.36609882
v 2.24003107 -0.43001439 -2.44557655
v 2.24400742 -0.35992894 -2.51987412
v 2.22678583 -0.27355229 -2.58171876
v 2.31761714 0.14144729 -2.00571911
v 2.26572832 0.23345606 -2.03097372
v 2.20159058 0.31319332 -2.03638934
v 2.13148216 0.37285384 -2.02143586
v 2.06226576 0.40659762 -1.98757702
v 2.00071678 0.41112160 -1.93812717
v 1.95286004 0.38598293 -1.87792681
v 1.92338011 0.33364236 -1.81286875
v 1.91516267 0.25922335 -1.74932134
v 1.92901212 0.17001055 -1.69350505
v 1.96357278 0.07473674 -1.65088355
v 2.01546159 -0.01727203 -1.62562895
v 2.07959934 -0.09700929 -1.62021332
v 2.14970776 -0.15666981 -1.63516681
v 2.21892415 -0.19041360 -1.66902564
v 2.28047314 -0.19493758 -1.71847549
v 2.32832987 -0.16979891 -1.77867586
v 2.35780981 -0.11745834 -1.84373391
v 2.36602724 -0.04303933 -1.90728132
v 2.35217779 0.04617347 -1.96309762
v 2.34456752 0.44673214 -1.28192827
v 2.29400103 0.53819891 -1.31173536
v 2.23048295 0.61572625 -1.32748059
v 2.16023087 0.67172524 -1.32762270
v 2.09012156 0.70071431 -1.31214778
v 2.02701781 0.69985580 -1.28257063
v 1.97709664 0.66923376 -1.24178646
v 1.94524470 0.61184568 -1.19378750
v 1.93457987 0.53330911 -1.14327225
v 1.94614610 0.44131176 -1.09518547
v 1.97881120 0.34485896 -1.05423423
v 2.02937770 0.25339219 -1.02442714
v 2.09289578 0.17586485 -1.00868191
v 2.16314785 0.11986587 -1.00853980
v 2.23325716 0.09087680 -1.02401472
v 2.29636092 0.09173530 -1.05359188
v 2.34628208 0.12235734 -1.09437605
v 2.37813403 0.17974542 -1.14237500
v 2.38879886 0.25828199 -1.19289026
v 2.37723263 0.35027935 -1.24097704
v 2.26928872 0.71794923 -0.52541490
v 2.21955953 0.80928106 -0.55730558
v 2.15683472 0.88591310 -0.57825850
v 2.08725423 0.94034406 -0.58622263
v 2.01762909 0.96724586 -0.58041839
v 1.95477469 0.96398517 -0.56141395
v 1.90484365 0.93088117 -0.53106958
v 1.87272357 0.87117431 -0.49235560
v 1.86155859 0.79070911 -0.44906162
v 1.87244162 0.69736206 -0.40542554
v 1.90430735 0.60027063 -0.36571877
v 1.95403653 0.50893880 -0.33382809
v 2.01676134 0.43230676 -0.31287517
v 2.08634183 0.37787580 -0.30491104
v 2.15596697 0.35097400 -0.31071528
v 2.21882138 0.35423469 -0.32971973
v 2.26875242 0.38733869 -0.36006410
v 2.30087250 0.44704555 -0.39877807
v 2.31203747 0.52751075 -0.44207205
v 2.30115444 0.62085780 -0.48570813
vn 0.90068485 0.40967772 0.14467539
vn 0.82876655 0.55337103 0.08322561
vn 0.71571664 0.69832867 0.00931496
vn 0.52285049 0.84772728 -0.08936341
vn 0.18073579 0.95833233 -0.22120970
vn -0.31358027 0.88471895 -0.34487650
vn -0.73491032 0.56532414 -0.37458702
vn -0.92206468 0.20880491 -0.32587918
vn -0.96340038 -0.05691136 -0.26195575
vn -0.94658959 -0.25142445 -0.20187595
vn -0.90090322 -0.40944661 -0.14396825
vn -0.82840015 -0.55406834 -0.08222813
vn -0.71385188 -0.70025041 -0.00805376
vn -0.51681207 -0.85125716 0.09092047
vn -0.16448956 -0.96108023 0.22196389
vn 0.33723895 -0.87743375 0.34114498
vn 0.74683000 -0.55321453 0.36905098
vn 0.92460679 -0.20188035 0.32302726
vn 0.96343570 0.06001948 0.26113082
vn 0.94620750 0.25270302 0.20207067
vn 0.86323759 0.43049112 0.26362523
vn 0.79188440 0.57725799 0.19922929
vn 0.68087981 0.72277339 0.11832716
vn 0.49487379 0.86894837 0.00535411
vn 0.17198052 0.97262957 -0.15625112
vn -0.29179888 0.89599960 -0.33472097
vn -0.69637106 0.57633968 -0.42766799
vn -0.88319418 0.21155301 -0.41858496
vn -0.92619580 -0.06447750 -0.37148889
vn -0.91002268 -0.26676384 -0.31732597
vn -0.86455997 -0.42997983 -0.26010268
vn -0.79260361 -0.57757264 -0.19542100
vn -0.68015824 -0.72414400 -0.11401857
vn -0.49013918 -0.87164417 -0.00016790
vn -0.15723984 -0.97421137 0.16182659
vn 0.31427465 -0.88747041 0.33708711
vn 0.70713312 -0.56323442 0.42746899
vn 0.88428989 -0.20418861 0.41992667
vn 0.92489010 0.06780902 0.37413932
vn 0.90845012 0.26826118 0.32055315
vn 0.81118005 0.43747643 0.38807384
vn 0.74048185 0.59171411 0.31868643
vn 0.63224611 0.74032977 0.22842217
vn 0.45712501 0.88379362 0.09972740
vn 0.16639680 0.98202890 -0.08905806
vn -0.24611284 0.91586343 -0.31721073
vn -0.62655502 0.61613158 -0.47729517
vn -0.81994715 0.24731842 -0.51625601
vn -0.87049043 -0.04553013 -0.49007491
vn -0.85740750 -0.26307214 -0.44231824
vn -0.81285562 -0.43750096 -0.38452392
vn -0.74157225 -0.59240759 -0.31483941
vn -0.63190438 -0.74195190 -0.22406303
vn -0.45234240 -0.88680959 -0.09463146
vn -0.14940553 -0.98424532 0.09454700
vn 0.27475138 -0.90677761 0.31979062
vn 0.64177475 -0.60113908 0.47619006
vn 0.82171331 -0.23975160 0.51701684
vn 0.86884650 0.04822707 0.49272702
vn 0.85544252 0.26389945 0.44561775
vn 0.73281760 0.43565372 0.52267027
vn 0.66183938 0.60335209 0.44489875
vn 0.55542852 0.75881390 0.34014796
vn 0.39176851 0.90005395 0.19084108
vn 0.13837009 0.99007801 -0.02447975
vn -0.20684999 0.93385021 -0.29178223
vn -0.53958948 0.66678791 -0.51403996
vn -0.73011935 0.30644922 -0.61074922
vn -0.78889446 -0.00404467 -0.61451539
vn -0.78002185 -0.24352984 -0.57641924
vn -0.73621862 -0.43633968 -0.51729085
vn -0.66450972 -0.60448307 -0.43934844
vn -0.55623349 -0.76079628 -0.33435508
vn -0.38688665 -0.90350357 -0.18439095
vn -0.11898275 -0.99236154 0.03258327
vn 0.24052323 -0.92336843 0.29923121
vn 0.56016252 -0.64840673 0.51554502
vn 0.73292654 -0.29732830 0.61189425
vn 0.78599556 0.00627954 0.61820025
vn 0.77632747 0.24350875 0.58139414
vn 0.61342168 0.41904739 0.66941253
vn 0.54290166 0.60747932 0.57985056
vn 0.44062148 0.77427499 0.45425868
vn 0.29384250 0.91447186 0.27820460
vn 0.08651432 0.99560767 0.03578614
vn -0.17758137 0.94900415 -0.26049180
vn -0.43728949 0.72409101 -0.53335740
vn -0.60502826 0.38945899 -0.69445122
vn -0.66684651 0.06610340 -0.74225742
vn -0.66205427 -0.20126548 -0.72192545
vn -0.61932149 -0.42116275 -0.66261817
vn -0.54763308 -0.61007561 -0.57263056
vn -0.44236989 -0.77772250 -0.44660564
vn -0.28801269 -0.91906786 -0.26900363
vn -0.06514452 -0.99762285 -0.02246866
vn 0.21305587 -0.93720363 0.27614588
vn 0.46279106 -0.70186910 0.54148334
vn 0.61071843 -0.37605492 0.69685415
vn 0.66312060 -0.06287356 0.74586727
vn 0.65605570 0.20030954 0.72764483
vn 0.42968368 0.37615101 0.82090337
vn 0.36312932 0.59333268 0.71839643
vn 0.27305990 0.77750627 0.56650004
vn 0.15586430 0.92035940 0.35867100
vn 0.00845818 0.99594762 0.08953657
vn -0.16203683 0.96062960 -0.22568747
vn -0.32593080 0.78220237 -0.53096946
vn -0.44007971 0.49166717 -0.75139420
vn -0.48673902 0.17033913 -0.85677868
vn -0.48004897 -0.12503024 -0.86828591
vn -0.43816137 -0.38031144 -0.81448009
vn -0.36992215 -0.59912538 -0.71007491
vn -0.27543839 -0.78426300 -0.55593636
vn -0.14942471 -0.92701409 -0.34397259
vn 0.01168101 -0.99762511 -0.06788000
vn 0.19299669 -0.94833796 0.25180825
vn 0.35154494 -0.75763512 0.54991379
vn 0.44933000 -0.47150166 0.75880744
vn 0.48391014 -0.16231437 0.85993315
vn 0.47231968 0.12467928 0.87256472
vn 0.16066752 0.29076421 0.94320842
vn 0.10344880 0.54126018 0.83446735
vn 0.03991118 0.75079575 0.65932757
vn -0.02795709 0.90590105 0.42256560
vn -0.09747622 0.98641676 0.13221330
vn -0.16328126 0.96791475 -0.19099806
vn -0.21582947 0.83472854 -0.50660232
vn -0.24388795 0.59911363 -0.76261493
vn -0.24213094 0.30332169 -0.92161194
vn -0.21444948 -0.00527284 -0.97672085
vn -0.16853624 -0.29540336 -0.94038949
vn -0.11038871 -0.55135547 -0.82693499
vn -0.04318729 -0.76282488 -0.64516127
vn 0.03111789 -0.91595456 -0.40007365
vn 0.10871118 -0.98893841 -0.10090939
vn 0.18027711 -0.95710795 0.22681389
vn 0.23153497 -0.81137462 0.53671480
vn 0.25189612 -0.57378870 0.77930410
vn 0.24167092 -0.28684469 0.92699261
vn 0.20855566 0.00990403 0.97796035
vn -0.17395379 0.15679787 0.97219057
vn -0.22106844 0.43256560 0.87407994
vn -0.24776237 0.67297626 0.69693383
vn -0.25047389 0.85642803 0.45143533
vn -0.22773634 0.96116723 0.15586441
vn -0.18138814 0.97002020 -0.16173793
vn -0.11672111 0.87713839 -0.46583735
vn -0.04119786 0.69221320 -0.72051622
vn 0.03715874 0.43853957 -0.89794336
vn 0.11080732 0.14586096 -0.98308002
vn 0.17318504 -0.15669600 -0.97234423
vn 0.21883539 -0.44317105 -0.86931611
vn 0.24346791 -0.68940687 -0.68223277
vn 0.24436372 -0.87156055 -0.42505127
vn 0.22107079 -0.96781474 -0.12025945
vn 0.17577524 -0.96384537 0.20026276
vn 0.11306174 -0.85900713 0.49932333
vn 0.03938009 -0.66822396 0.74291719
vn -0.03778230 -0.41708078 0.90808376
vn -0.11104507 -0.13367338 0.98478445
vn -0.49154526 -0.00074397 0.87085171
vn -0.53586173 0.27724034 0.79748981
vn -0.53463874 0.54165065 0.64867248
vn -0.47962424 0.76588398 0.42823162
vn -0.36812695 0.91704749 0.15331816
vn -0.21085991 0.96715262 -0.14196444
vn -0.03227153 0.90890446 -0.41575381
vn 0.14123684 0.75890130 -0.63570510
vn 0.29234124 0.54391272 -0.78657202
vn 0.41275711 0.28749123 -0.86428026
vn 0.49752085 0.00714995 -0.86742255
vn 0.54035364 -0.28114096 -0.79308114
vn 0.53241860 -0.55587660 -0.63838205
vn 0.46610742 -0.78497448 -0.40811632
vn 0.34381545 -0.93073276 -0.12460923
vn 0.18339161 -0.96781744 0.17232794
vn 0.01065937 -0.89742140 0.44104559
vn -0.15302135 -0.74123108 0.65357551
vn -0.29517787 -0.52587280 0.79770159
vn -0.40948069 -0.27347845 0.87036493
vn -0.71573302 -0.14033455 0.68412898
vn -0.76410328 0.11661485 0.63446604
vn -0.75655677 0.38579030 0.52800350
vn -0.67387753 0.64713240 0.35652311
vn -0.49945635 0.85719476 0.12554085
vn -0.24482127 0.96071093 -0.13075569
vn 0.03663523 0.93242403 -0.35950422
vn 0.28675313 0.80051917 -0.52625250
vn 0.48223039 0.61033739 -0.62844421
vn 0.62523736 0.38969446 -0.67617785
vn 0.72163761 0.14790329 -0.67628675
vn 0.77016241 -0.11407658 -0.62756386
vn 0.75799164 -0.39235973 -0.52105902
vn 0.66215691 -0.66452315 -0.34634838
vn 0.46867787 -0.87649786 -0.10996612
vn 0.20564933 -0.96746975 0.14734528
vn -0.06578554 -0.92582724 0.37217763
vn -0.30058962 -0.78897026 0.53588414
vn -0.48521081 -0.59879121 0.63719664
vn -0.62221726 -0.37959265 0.68465692
vn -0.84109499 -0.24195767 0.48375170
vn -0.89370929 -0.01499301 0.44839593
vn -0.89412567 0.24117595 0.37732405
vn -0.81279802 0.52305755 0.25645697
vn -0.60912772 0.78909000 0.07937497
vn -0.28004052 0.95174441 -0.12553837
vn 0.08759685 0.95016542 -0.29918636
vn 0.38994764 0.82507128 -0.40889878
vn 0.60312813 0.64851094 -0.46440287
vn 0.74811049 0.45454069 -0.48344954
vn 0.84426062 0.24743621 -0.47539387
vn 0.89751103 0.01892968 -0.44058554
vn 0.89647809 -0.24223814 -0.37100906
vn 0.80652276 -0.53495403 -0.25168476
vn 0.58216944 -0.80964497 -0.07452357
vn 0.23940155 -0.96219226 0.12989595
vn -0.11586969 -0.94615360 0.30227070
vn -0.40117987 -0.81745259 0.41331099
vn -0.60532327 -0.64167646 0.47099370
vn -0.74657201 -0.44849390 0.49140965
vn -0.90048344 -0.31041925 0.30458079
vn -0.95477354 -0.11017170 0.27616966
vn -0.96554728 0.12610227 0.22763276
vn -0.89939554 0.41191118 0.14634493
vn -0.69275372 0.72085410 0.02148589
vn -0.31493860 0.94081573 -0.12521758
vn 0.11916855 0.96392061 -0.23802504
vn 0.45449583 0.84054518 -0.29481747
vn 0.67114144 0.67155350 -0.31398259
vn 0.81021139 0.49574188 -0.31272591
vn 0.90155940 0.31374598 -0.29791627
vn 0.95635401 0.11291337 -0.26951361
vn 0.96693746 -0.12583475 -0.22180526
vn 0.89646151 -0.41942769 -0.14295863
vn 0.67302329 -0.73929271 -0.02204427
vn 0.27886322 -0.95259811 0.12162294
vn -0.14338474 -0.96112443 0.23596748
vn -0.46312640 -0.83504254 0.29701498
vn -0.67317133 -0.66715639 0.31897133
vn -0.81002042 -0.49208953 0.31892760
vn -0.92207074 -0.35661118 0.15037957
vn -0.97645331 -0.17573775 0.12512063
vn -0.99506803 0.04236120 0.08969468
vn -0.94578214 0.32280438 0.03596500
vn -0.75067020 0.65925402 -0.04334035
vn -0.34775191 0.92862681 -0.12930918
vn 0.13201052 0.97498189 -0.17883939
vn 0.48745637 0.85251572 -0.18868817
vn 0.70280869 0.68807704 -0.18058218
vn 0.83546697 0.52402713 -0.16550080
vn 0.92205663 0.35851990 -0.14585971
vn 0.97682469 0.17697693 -0.12038556
vn 0.99545189 -0.04286269 -0.08507839
vn 0.94387824 -0.32864803 -0.03292921
vn 0.73695268 -0.67467755 0.04136363
vn 0.31851655 -0.94000726 0.12220296
vn -0.15213844 -0.97277080 0.17484526
vn -0.49486178 -0.84798076 0.18984320
vn -0.70520373 -0.68470595 0.18402568
vn -0.83617475 -0.52155072 0.16969568
vn -0.92125855 -0.38867194 0.01472456
vn -0.97549103 -0.21984503 -0.00924167
vn -0.99921336 -0.01459258 -0.03687430
vn -0.96342658 0.25825814 -0.07149794
vn -0.78507109 0.60918984 -0.11203180
vn -0.37681257 0.91607613 -0.13717438
vn 0.12778919 0.98410229 -0.12333940
vn 0.49491706 0.86415421 -0.09107468
vn 0.70888156 0.70267016 -0.06116842
vn 0.83731495 0.54555395 -0.03570093
vn 0.92083362 0.38976430 -0.01221660
vn 0.97542662 0.21999808 0.01198976
vn 0.99912409 0.01297230 0.03978409
vn 0.96165669 -0.26415422 0.07374933
vn 0.77485075 -0.62241208 0.11049669
vn 0.35371245 -0.92621861 0.13040930
vn -0.14512305 -0.98219945 0.11926248
vn -0.50211596 -0.85997469 0.09123099
vn -0.71168839 -0.69967090 0.06293065
vn -0.83846382 -0.54363359 0.03795968
vn -0.90480813 -0.41136492 -0.11000526
vn -0.95945939 -0.24809866 -0.13373380
vn -0.98648702 -0.04944133 -0.15620151
vn -0.95991339 0.21792399 -0.17628219
vn -0.79821065 0.57400666 -0.18269131
vn -0.40087694 0.90406511 -0.14820244
vn 0.10826220 0.99147973 -0.07243786
vn 0.48062632 0.87692515 -0.00078633
vn 0.69476231 0.71758691 0.04872733
vn 0.82184719 0.56356168 0.08345918
vn 0.90442223 0.41202768 0.11069603
vn 0.95944959 0.24766399 0.13460692
vn 0.98643992 0.04711617 0.15721437
vn 0.95830254 -0.22422418 0.17714332
vn 0.78939290 -0.58630926 0.18193491
vn 0.38072221 -0.91336234 0.14429081
vn -0.12461655 -0.98979438 0.06912165
vn -0.48790444 -0.87289699 -0.00031990
vn -0.69766489 -0.71476421 -0.04874247
vn -0.82300703 -0.56193237 -0.08301465
vn -0.87431617 -0.42704264 -0.23066388
vn -0.93040162 -0.26340023 -0.25489829
vn -0.95978403 -0.06497945 -0.27311588
vn -0.93875374 0.20100576 -0.27988945
vn -0.79152498 0.55590152 -0.25389308
vn -0.41868604 0.89354304 -0.16211980
vn 0.07493968 0.99683043 -0.02670459
vn 0.44588823 0.89115776 0.08379458
vn 0.66182035 0.73380786 0.15336182
vn 0.79046767 0.57962005 0.19799358
vn 0.87434089 0.42753591 0.22965419
vn 0.93081298 0.26281776 0.25399610
vn 0.96018788 0.06255995 0.27225997
vn 0.93758536 -0.20730743 0.27920840
vn 0.78270740 -0.56836513 0.25363399
vn 0.39713912 -0.90350904 0.16109604
vn -0.09237002 -0.99543187 0.02414881
vn -0.45311131 -0.88727847 -0.08618039
vn -0.66433868 -0.73116394 -0.15509161
vn -0.79121062 -0.57817137 -0.19925765
vn -0.82754687 -0.43622122 -0.35337972
vn -0.88637448 -0.26627540 -0.37873169
vn -0.91780225 -0.06168093 -0.39221740
vn -0.89977845 0.20738261 -0.38391561
vn -0.76528811 0.55608776 -0.32419210
vn -0.42839936 0.88578595 -0.17848598
vn 0.02911563 0.99948785 0.01327834
vn 0.38971219 0.90624366 0.16385005
vn 0.60804320 0.75139702 0.25629277
vn 0.74091333 0.59412779 0.31314469
vn 0.82838843 0.43677860 0.35070937
vn 0.88758952 0.26592847 0.37612084
vn 0.91900841 0.05967121 0.38969590
vn 0.89915308 -0.21343688 0.38205815
vn 0.75526138 -0.56978551 0.32392086
vn 0.40228498 -0.89807583 0.17783869
vn -0.04969090 -0.99863581 -0.01604186
vn -0.39705931 -0.90242533 -0.16724960
vn -0.60978810 -0.74887921 -0.25949642
vn -0.74080057 -0.59274517 -0.31601847
vn -0.75809061 -0.43745572 -0.48366427
vn -0.82119991 -0.25478105 -0.51060487
vn -0.85501416 -0.03753607 -0.51724445
vn -0.83914869 0.23803260 -0.48905006
vn -0.71830238 0.57498742 -0.39170288
vn -0.42806735 0.88224547 -0.19596244
vn -0.02782030 0.99851929 0.04674683
vn 0.30927362 0.92036807 0.23931662
vn 0.52800990 0.76920642 0.35989864
vn 0.66694032 0.60612586 0.43336134
vn 0.76026136 0.43839429 0.47938826
vn 0.82372038 0.25499909 0.50641899
vn 0.85735854 0.03607142 0.51345417
vn 0.83877552 -0.24446670 0.48650966
vn 0.70580688 -0.59123355 0.39023011
vn 0.39669929 -0.89764706 0.19198811
vn 0.00267817 -0.99865190 -0.05183838
vn -0.31778502 -0.91628579 -0.24378892
vn -0.52900596 -0.76644969 -0.36429049
vn -0.66557149 -0.60450698 -0.43770527
vn -0.65366419 -0.42633132 -0.62527173
vn -0.72273784 -0.22383721 -0.65387072
vn -0.76048294 0.01199656 -0.64924709
vn -0.74911624 0.29469472 -0.59327893
vn -0.64790434 0.61220852 -0.45323359
vn -0.41635078 0.88403794 -0.21243574
vn -0.09397213 0.99291087 0.07278221
vn 0.20097551 0.92988944 0.30808191
vn 0.41267904 0.78377086 0.46411125
vn 0.55701257 0.61221170 0.56118965
vn 0.65773180 0.42817779 0.61971982
vn 0.72718033 0.22477423 0.64860259
vn 0.76420107 -0.01359140 0.64483486
vn 0.74825869 -0.30336339 0.58998271
vn 0.63218161 -0.63214991 0.44803227
vn 0.38166858 -0.90210792 0.20132161
vn 0.06459529 -0.99442291 -0.08336983
vn -0.21227999 -0.92508035 -0.31490244
vn -0.41370965 -0.77987087 -0.46972944
vn -0.55424430 -0.60959939 -0.56674671
vn -0.49427449 -0.39349083 -0.77515011
vn -0.57089980 -0.16453846 -0.80436342
vn -0.61696457 0.09291679 -0.78148653
vn -0.61872695 0.37809019 -0.68863980
vn -0.55084724 0.66587564 -0.50316692
vn -0.39269154 0.89164244 -0.22531559
vn -0.16644914 0.98188503 0.09053436
vn 0.06271119 0.92880293 0.36522928
vn 0.25061627 0.78721807 0.56345293
vn 0.39336126 0.60406988 0.69308477
vn 0.50033042 0.39697821 0.76946590
vn 0.57752389 0.16566911 0.79938720
vn 0.62181871 -0.09681892 0.77715351
vn 0.61665106 -0.39166736 0.68288956
vn 0.53330218 -0.68935649 0.49028197
vn 0.35962967 -0.91056215 0.20382116
vn 0.13638087 -0.98450701 -0.11020985
vn -0.07736153 -0.92277520 -0.37749322
vn -0.25318805 -0.78067572 -0.57135035
vn -0.38985448 -0.59899767 -0.69943926
vn -0.25710913 -0.32384179 -0.91050612
vn -0.34233769 -0.06656584 -0.93721603
vn -0.40616696 0.20780355 -0.88985734
vn -0.43870624 0.48404389 -0.75712505
vn -0.42587823 0.73145274 -0.53254542
vn -0.35755196 0.90479941 -0.23128907
vn -0.24112445 0.96532082 0.10007352
vn -0.10211413 0.90930475 0.40340747
vn 0.03476560 0.76531830 0.64271242
vn 0.15759339 0.56536163 0.80964841
vn 0.26312436 0.32907993 0.90690240
vn 0.34944154 0.06572465 0.93465014
vn 0.41108036 -0.21739957 0.88529677
vn 0.43673082 -0.50358339 0.74543273
vn 0.41253266 -0.75558109 0.50883595
vn 0.33458820 -0.92121909 0.19850979
vn 0.21834545 -0.96707278 -0.13074974
vn 0.08785554 -0.90107979 -0.42466058
vn -0.03942884 -0.75448439 -0.65513256
vn -0.15539739 -0.55620395 -0.81638766
vn 0.05600747 -0.20589870 -0.97696924
vn -0.03760541 0.06975354 -0.99685519
vn -0.13076260 0.34548645 -0.92926866
vn -0.21482447 0.59861986 -0.77168952
vn -0.27922002 0.80065008 -0.53009020
vn -0.31403767 0.92215251 -0.22586522
vn -0.31423230 0.94365859 0.10376183
vn -0.28164261 0.86452764 0.41625642
vn -0.22273919 0.70088892 0.67760016
vn -0.14499396 0.47558568 0.86763760
vn -0.05512050 0.21032194 0.97607705
vn 0.04054830 -0.07549331 0.99632153
vn 0.13467377 -0.36113739 0.92273656
vn 0.21784506 -0.62016989 0.75361319
vn 0.27940504 -0.82033821 0.49897699
vn 0.31076981 -0.93194624 0.18681093
vn 0.30883354 -0.94054311 -0.14142315
vn 0.27623379 -0.85193445 -0.44486243
vn 0.21889230 -0.68539111 -0.69449636
vn 0.14344381 -0.46339709 -0.87446384
vn 0.38342593 -0.05412379 -0.92198437
vn 0.28416910 0.21828697 -0.93359452
vn 0.16033952 0.47614224 -0.86462697
vn 0.01907044 0.69908754 -0.71478173
vn -0.12947633 0.86238174 -0.48942171
vn -0.27054518 0.94048414 -0.20565721
vn -0.38596649 0.91653693 0.10483284
vn -0.45938901 0.79220881 0.40170505
vn -0.48264530 0.58808928 0.64900271
vn -0.45713304 0.33316434 0.82463987
vn -0.38956660 0.05411996 0.91940682
vn -0.28748520 -0.22749327 0.93037577
vn -0.15796868 -0.49190666 0.85619726
vn -0.00932124 -0.71655649 0.69746679
vn 0.14592315 -0.87481773 0.46195278
vn 0.28953128 -0.94173010 0.17121932
vn 0.40122714 -0.90540454 -0.13877822
vn 0.46661709 -0.77413577 -0.42776431
vn 0.48195451 -0.57122038 -0.66439983
vn 0.45173316 -0.32352129 -0.83142716
vn 0.64015257 0.09200878 -0.76271821
vn 0.54050898 0.34136609 -0.76897284
vn 0.39991537 0.57120145 -0.71679607
vn 0.21861347 0.76852047 -0.60131891
vn 0.00040768 0.90852491 -0.41783049
vn -0.23766368 0.95580310 -0.17307921
vn -0.45880874 0.88258967 0.10261585
vn -0.61937027 0.69755901 0.36026643
vn -0.69805022 0.44577981 0.56036261
vn -0.70216062 0.17308969 0.69065942
vn -0.64791698 -0.09523076 0.75573453
vn -0.54606042 -0.34914676 0.76152122
vn -0.39961913 -0.58195501 0.70826049
vn -0.20791557 -0.78004823 0.59016597
vn 0.02394159 -0.91555177 0.40148693
vn 0.27093293 -0.95064918 0.15120017
vn 0.48683789 -0.86458516 -0.12442415
vn 0.63227570 -0.67737150 -0.37602566
vn 0.69800597 -0.43304758 -0.57031347
vn 0.69572769 -0.16946362 -0.69802942
vn 0.79706887 0.20461063 -0.56816874
vn 0.70173881 0.42422315 -0.57236121
vn 0.56048940 0.62733412 -0.54065103
vn 0.36260442 0.80796080 -0.46445386
vn 0.09769518 0.93884141 -0.33020063
vn -0.22138578 0.96592475 -0.13408097
vn -0.53171448 0.84168164 0.09408357
vn -0.74845382 0.59321276 0.29650550
vn -0.84552988 0.30595693 0.43757238
vn -0.85319356 0.03529628 0.52039880
vn -0.80239025 -0.20771710 0.55948502
vn -0.70599845 -0.42879953 0.56364629
vn -0.56141485 -0.63318256 0.53281630
vn -0.35519641 -0.81497942 0.45786904
vn -0.07453059 -0.94331681 0.32341705
vn 0.25861251 -0.95788137 0.12483132
vn 0.56196704 -0.82066795 -0.10342714
vn 0.75942043 -0.57551811 -0.30341312
vn 0.84464981 -0.29882447 -0.44415159
vn 0.84840917 -0.03522526 -0.52816764
vn 0.87814503 0.28240007 -0.38614958
vn 0.78858140 0.47588227 -0.38945530
vn 0.65405013 0.65823565 -0.37275227
vn 0.45381878 0.82867994 -0.32762488
vn 0.16014261 0.95800479 -0.23786798
vn -0.22357660 0.97021588 -0.09324509
vn -0.60132057 0.79516723 0.07824733
vn -0.84204657 0.49258267 0.21981785
vn -0.93232632 0.18905842 0.30826053
vn -0.93197593 -0.06730078 0.35621828
vn -0.88095089 -0.28409345 0.37843949
vn -0.79097487 -0.47808689 0.38182676
vn -0.65489158 -0.66118186 0.36599941
vn -0.44928513 -0.83298119 0.32293222
vn -0.14150989 -0.96137659 0.23607201
vn 0.25823832 -0.96161441 0.09279383
vn 0.62751429 -0.77457181 -0.07914753
vn 0.84919527 -0.47891231 -0.22250933
vn 0.93136015 -0.18503930 -0.31357411
vn 0.92927832 0.06697427 -0.36325783
vn 0.91391521 0.33513094 -0.22901143
vn 0.82893948 0.50924729 -0.23135805
vn 0.70114534 0.67703246 -0.22365657
vn 0.50256543 0.84110844 -0.19991144
vn 0.18941279 0.97086661 -0.14676792
vn -0.24475524 0.96810064 -0.05362854
vn -0.66513078 0.74463596 0.05584210
vn -0.90426017 0.40371414 0.13902674
vn -0.97740176 0.09904778 0.18674940
vn -0.96730269 -0.13990914 0.21154416
vn -0.91522011 -0.33551756 0.22315942
vn -0.83000466 -0.51012171 0.22553957
vn -0.70131817 -0.67861363 0.21825758
vn -0.49920314 -0.84401608 0.19604355
vn -0.17476091 -0.97361356 0.14674895
vn 0.27413171 -0.95994859 0.05788366
vn 0.68533873 -0.72631971 -0.05263564
vn 0.90875298 -0.39301177 -0.14039149
vn 0.97688794 -0.09565831 -0.19115290
vn 0.96599096 0.14047027 -0.21709346
vn 0.92365122 0.37167451 -0.09341561
vn 0.84092237 0.53285872 -0.09439890
vn 0.71663274 0.69139701 -0.09169351
vn 0.51761657 0.85163116 -0.08244671
vn 0.18737852 0.98047581 -0.05963622
vn -0.28465728 0.95846295 -0.01786070
vn -0.72193189 0.69140368 0.02784398
vn -0.94241566 0.32916492 0.05918770
vn -0.99656114 0.03222469 0.07633778
vn -0.97791299 -0.19086236 0.08519245
vn -0.92425292 -0.37116180 0.08941729
vn -0.84125245 -0.53303484 0.09037795
vn -0.71614039 -0.69241460 0.08777792
vn -0.51426450 -0.85395069 0.07937405
vn -0.17499788 -0.98274031 0.05997691
vn 0.30847297 -0.95094313 0.02348619
vn 0.73677341 -0.67572248 -0.02375016
vn 0.94555566 -0.31986360 -0.06009806
vn 0.99642638 -0.02836441 -0.07956090
vn 0.97726611 0.19240715 -0.08905302
vn 0.91709856 0.39773087 0.02721010
vn 0.83380573 0.55134461 0.02805572
vn 0.70857326 0.70508042 0.02802738
vn 0.50394251 0.86332909 0.02654858
vn 0.15493119 0.98767909 0.02205304
vn -0.34183895 0.93968866 0.01146089
vn -0.77113731 0.63664874 -0.00506212
vn -0.96310923 0.26851355 -0.01791864
vn -0.99956690 -0.01631274 -0.02449304
vn -0.97361284 -0.22650665 -0.02779879
vn -0.91749056 -0.39665595 -0.02958254
vn -0.83386306 -0.55113034 -0.03045883
vn -0.70769881 -0.70585951 -0.03040976
vn -0.50020287 -0.86543884 -0.02850811
vn -0.14328973 -0.98944321 -0.02168375
vn 0.36145178 -0.93236512 -0.00692063
vn 0.78230577 -0.62284011 0.00823921
vn 0.96554232 -0.25965454 0.01753706
vn 0.99952818 0.02074986 0.02264640
vn 0.97315071 0.22874798 0.02553531
vn 0.89842833 0.41655680 0.13894951
vn 0.81134683 0.56702653 0.14211697
vn 0.67997318 0.71966947 0.14040060
vn 0.46280642 0.87698730 0.12924195
vn 0.09209495 0.99104135 0.09672411
vn -0.41330358 0.91003469 0.03189065
vn -0.81230342 0.58168581 -0.04248251
vn -0.97100946 0.22044965 -0.09242604
vn -0.99165919 -0.05042923 -0.11861256
vn -0.95892763 -0.25083593 -0.13243537
vn -0.89894065 -0.41512945 -0.13990445
vn -0.81152141 -0.56654175 -0.14305047
vn -0.67915387 -0.72028001 -0.14123287
vn -0.45887472 -0.87896634 -0.12981587
vn -0.08017027 -0.99211668 -0.09631834
vn 0.43116234 -0.90178603 -0.02968159
vn 0.82152747 -0.56844297 0.04433076
vn 0.97291211 -0.21174614 0.09276639
vn 0.99146590 0.05517589 0.11811431
vn 0.95835043 0.25347374 0.13158845
vn 0.86852342 0.42978889 0.24687767
vn 0.77373780 0.58085614 0.25285561
vn 0.63006895 0.73538568 0.24944141
vn 0.39243938 0.89135962 0.22686861
vn -0.00080456 0.98682563 0.16178543
vn -0.49450186 0.86819216 0.04135546
vn -0.84493144 0.52819827 -0.08424640
vn -0.96894634 0.18389198 -0.16530797
vn -0.97522901 -0.07259073 -0.20894728
vn -0.93537255 -0.26605217 -0.23301165
vn -0.86944993 -0.42810798 -0.24653677
vn -0.77444058 -0.58011870 -0.25239670
vn -0.62986595 -0.73578850 -0.24876529
vn -0.38876452 -0.89315533 -0.22613205
vn 0.01399564 -0.98677580 -0.16148571
vn 0.51307953 -0.85736233 -0.04097847
vn 0.85331204 -0.51435721 0.08541206
vn 0.97035029 -0.17529255 0.16641164
vn 0.97470928 0.07741739 0.20963867
vn 0.93445569 0.26889967 0.23342136
vn 0.82587234 0.43786300 0.35526169
vn 0.71829242 0.59269614 0.36437245
vn 0.55487337 0.75104461 0.35783730
vn 0.28914616 0.90268324 0.31868082
vn -0.12125770 0.96942465 0.21333638
vn -0.57950026 0.81407777 0.03816844
vn -0.86844226 0.47836918 -0.13027268
vn -0.95834275 0.15832482 -0.23772344
vn -0.95081965 -0.08402676 -0.29813000
vn -0.90247289 -0.27301565 -0.33317435
vn -0.82757603 -0.43594617 -0.35365076
vn -0.72004026 -0.59168560 -0.36256058
vn -0.55589763 -0.75122658 -0.35586016
vn -0.28574230 -0.90428440 -0.31720823
vn 0.13736717 -0.96732857 -0.21308613
vn 0.59979882 -0.79926776 -0.03758212
vn 0.87629149 -0.46338160 0.13187386
vn 0.95925263 -0.14969315 0.23963798
vn 0.94982322 0.08889348 0.29988966
vn 0.90096850 0.27601851 0.33476790
vn 0.76658547 0.44003661 0.46766922
vn 0.63934163 0.60104578 0.47956882
vn 0.44752315 0.76325909 0.46600279
vn 0.14946933 0.90390349 0.40077101
vn -0.26276476 0.93283906 0.24650755
vn -0.66124998 0.74986299 0.02130657
vn -0.88230073 0.43474640 -0.18039119
vn -0.93954684 0.14377135 -0.31077568
vn -0.91754248 -0.08490999 -0.38846633
vn -0.85800295 -0.27142971 -0.43606977
vn -0.76960039 -0.43786382 -0.46474780
vn -0.64279157 -0.59978999 -0.47651964
vn -0.45011513 -0.76339773 -0.46327128
vn -0.14493747 -0.90528495 -0.39931478
vn 0.28354205 -0.92712000 -0.24505594
vn 0.68221493 -0.73092763 -0.01809922
vn 0.88936165 -0.41874496 0.18354429
vn 0.93987014 -0.13490957 0.31375712
vn 0.91583866 0.08992948 0.39134669
vn 0.85553657 0.27463231 0.43890121
vn 0.68384136 0.43400896 0.58651275
vn 0.52791010 0.60215270 0.59893493
vn 0.29967489 0.76502242 0.57003127
vn -0.02585041 0.88485632 0.46514626
vn -0.41393086 0.87340860 0.25655148
vn -0.73273096 0.68046049 -0.00888037
vn -0.88610455 0.39990906 -0.23428929
vn -0.91192192 0.14078599 -0.38545781
vn -0.87306190 -0.07440213 -0.48189962
vn -0.79768635 -0.25976779 -0.54425837
vn -0.68894982 -0.43160724 -0.58229145
vn -0.53367722 -0.60087939 -0.59509040
vn -0.30303962 -0.76557736 -0.56750180
vn 0.03471689 -0.88540019 -0.46353127
vn 0.43910490 -0.86258472 -0.25126577
vn 0.75206086 -0.65889040 0.01636763
vn 0.89181089 -0.38354943 0.23992326
vn 0.91134887 -0.13161677 0.39002597
vn 0.87021072 0.07971078 0.48618875
vn 0.79363189 0.26323822 0.54850165
vn 0.56725268 0.41511999 0.71126633
vn 0.37258435 0.58858252 0.71746186
vn 0.10611781 0.74480319 0.65879225
vn -0.22699430 0.83537652 0.50061927
vn -0.55965561 0.79293099 0.24092745
vn -0.78878835 0.61259311 -0.05042437
vn -0.87946665 0.37619884 -0.29156961
vn -0.87372877 0.15052312 -0.46253738
vn -0.81323953 -0.05057618 -0.57972711
vn -0.71448073 -0.23498274 -0.65901472
vn -0.57535970 -0.41272101 -0.70613212
vn -0.38041244 -0.58787573 -0.71392472
vn -0.10706366 -0.74611118 -0.65715712
vn 0.24313259 -0.83335802 -0.49638791
vn 0.58561877 -0.77746073 -0.22935883
vn 0.80421744 -0.59102000 0.06268710
vn 0.88305974 -0.36051525 0.30039016
vn 0.87160615 -0.14127572 0.46940803
vn 0.80842982 0.05616168 0.58590707
vn 0.70784002 0.23868088 0.66482625
vn 0.40386527 0.37552481 0.83419060
vn 0.16481572 0.54860334 0.81967686
vn -0.12645297 0.68943049 0.71322875
vn -0.43324276 0.75172316 0.49720520
vn -0.68529849 0.69985696 0.20141059
vn -0.82719448 0.55287191 -0.10040885
vn -0.86170451 0.36566345 -0.35178911
vn -0.82184081 0.17479755 -0.54223933
vn -0.73153465 -0.01033720 -0.68172590
vn -0.59781457 -0.19217891 -0.77825767
vn -0.41510500 -0.37371432 -0.82947299
vn -0.17179980 -0.54913067 -0.81788772
vn 0.13282419 -0.69063008 -0.71090635
vn 0.45498203 -0.74581741 -0.48656731
vn 0.70698616 -0.68303801 -0.18338388
vn 0.83726017 -0.53415246 0.11694684
vn 0.86223268 -0.35200150 0.36421112
vn 0.81703750 -0.16616835 0.55212119
vn 0.72343480 0.01583326 0.69021112
vn 0.58732606 0.19576845 0.78531701
vn 0.18499294 0.30542224 0.93407434
vn -0.08877390 0.47053961 0.87790186
vn -0.37259830 0.59334760 0.71351884
vn -0.61860332 0.64205978 0.45286771
vn -0.78195784 0.60646409 0.14402514
vn -0.84813343 0.50630627 -0.15596038
vn -0.83143403 0.37018506 -0.41434342
vn -0.75135781 0.21602362 -0.62353447
vn -0.61857900 0.05031532 -0.78410994
vn -0.43437558 -0.12500850 -0.89201498
vn -0.19648701 -0.30481054 -0.93192456
vn 0.08851728 -0.47189383 -0.87720061
vn 0.38732407 -0.59270368 -0.70617449
vn 0.63936973 -0.63408299 -0.43490815
vn 0.79616472 -0.59267937 -0.12187248
vn 0.85223524 -0.49280372 0.17561205
vn 0.82773094 -0.36013825 0.43030445
vn 0.74220060 -0.20925323 0.63667210
vn 0.60549892 -0.04576211 0.79452935
vn 0.41958352 0.12780362 0.89867453
vn -0.07868647 0.20027231 0.97657536
vn -0.35608928 0.35439610 0.86464087
vn -0.59499506 0.46767585 0.65365142
vn -0.76368419 0.52422418 0.37679631
vn -0.84847319 0.52370680 0.07631794
vn -0.85280401 0.47603363 -0.21474941
vn -0.78620193 0.39162359 -0.47803503
vn -0.65545558 0.27674610 -0.70270163
vn -0.46347419 0.13479700 -0.87579761
vn -0.21488964 -0.02884775 -0.97621219
vn 0.07359439 -0.20040458 -0.97694517
vn 0.36527494 -0.35499562 -0.86055350
vn 0.61189967 -0.46552229 -0.63942770
vn 0.77807676 -0.51813721 -0.35514841
vn 0.85495892 -0.51595419 -0.05325898
vn 0.85092712 -0.46930314 0.23596103
vn 0.77694980 -0.38684197 0.49669135
vn 0.64004811 -0.27338258 0.71805319
vn 0.44467505 -0.13218868 0.88588388
vn 0.19884545 0.03042510 0.97955847
vn -0.34821004 0.07130348 0.93470080
vn -0.59103472 0.21907121 0.77632839
vn -0.76519148 0.33608938 0.54911376
vn -0.86390991 0.41579517 0.28420776
vn -0.88890702 0.45806500 0.00455694
vn -0.84225097 0.46378371 -0.27480532
vn -0.72240218 0.43162650 -0.54021631
vn -0.52653280 0.35811425 -0.77104954
vn -0.26029654 0.24184537 -0.93474945
vn 0.04908712 0.09139381 -0.99460426
vn 0.35298958 -0.07097235 -0.93293155
vn 0.60409240 -0.21874866 -0.76630372
vn 0.77787243 -0.33480554 -0.53180799
vn 0.87127257 -0.41404088 -0.26354174
vn 0.88922457 -0.45716280 0.01678803
vn 0.83469864 -0.46451568 0.29580969
vn 0.70643519 -0.43334745 0.55960639
vn 0.50408405 -0.35907615 0.78547030
vn 0.23890258 -0.24114297 0.94062513
vn -0.05908700 -0.09027629 0.99416242
vn -0.57579818 -0.05680641 0.81561602
vn -0.76320119 0.09079324 0.63975036
vn -0.87800965 0.21912334 0.42553967
vn -0.92636819 0.32641382 0.18787229
vn -0.90882341 0.41172628 -0.06724199
vn -0.81684992 0.47029289 -0.33403713
vn -0.63589566 0.49072214 -0.59567482
vn -0.36058513 0.45673054 -0.81325001
vn -0.02125275 0.35982264 -0.93277864
vn 0.31392284 0.21587629 -0.92458092
vn 0.58528676 0.05747050 -0.80878709
vn 0.77366809 -0.09083685 -0.62704573
vn 0.88525033 -0.21996175 -0.40981543
vn 0.92878552 -0.32889662 -0.17083459
vn 0.90492218 -0.41693552 0.08532655
vn 0.80412591 -0.47831028 0.35298837
vn 0.61294798 -0.49894625 0.61265603
vn 0.33378445 -0.46086857 0.82230658
vn 0.00479589 -0.35936532 0.93318464
vn -0.31390255 -0.21437173 0.92493781
vn -0.73672333 -0.16377283 0.65606189
vn -0.87201243 -0.01466149 0.48926411
vn -0.94505401 0.12515268 0.30200949
vn -0.96148628 0.25806131 0.09459652
vn -0.91299953 0.38429751 -0.13692074
vn -0.77632814 0.49538978 -0.38974811
vn -0.52399398 0.56662517 -0.63589797
vn -0.16519681 0.56146677 -0.81084220
vn 0.21730104 0.46789336 -0.85665399
vn 0.52978819 0.32139170 -0.78487696
vn 0.74483821 0.16395026 -0.64678927
vn 0.87836305 0.01370433 -0.47779760
vn 0.94853036 -0.12770748 -0.28979467
vn 0.96120460 -0.26345559 -0.08171210
vn 0.90652455 -0.39417627 0.15112348
vn 0.75918671 -0.50960787 0.40488931
vn 0.49580543 -0.57930853 0.64697650
vn 0.14069337 -0.56561404 0.81257992
vn -0.22397651 -0.46650020 0.85569392
vn -0.52417091 -0.31999486 0.78920729
vn -0.83590892 -0.24421083 0.49154587
vn -0.93353490 -0.09510214 0.34564169
vn -0.98097342 0.05360418 0.18659512
vn -0.97791405 0.20890485 0.00654757
vn -0.90473699 0.37430552 -0.20333805
vn -0.72034196 0.53766153 -0.43820947
vn -0.38914964 0.65247434 -0.65026133
vn 0.03619167 0.65566227 -0.75418642
vn 0.41567412 0.54978462 -0.72453564
vn 0.67784730 0.39865868 -0.61773319
vn 0.84097444 0.24374671 -0.48306265
vn 0.93691097 0.09348084 -0.33683702
vn 0.98242347 -0.05705234 -0.17773339
vn 0.97642201 -0.21585274 0.00276518
vn 0.89686640 -0.38726793 0.21366844
vn 0.69995268 -0.55607914 0.44815425
vn 0.35986026 -0.66582858 0.65358465
vn -0.05271134 -0.65743814 0.75166256
vn -0.41542149 -0.54803563 0.72600409
vn -0.67226762 -0.39793511 0.62426268
vn -0.89066760 -0.30243376 0.33947761
vn -0.96422328 -0.15471430 0.21526021
vn -0.99676230 0.00079663 0.08040071
vn -0.98138527 0.17617136 -0.07646310
vn -0.88606338 0.37989311 -0.26565562
vn -0.64968628 0.59376343 -0.47471332
vn -0.24210249 0.73725905 -0.63074200
vn 0.21454493 0.72682902 -0.65244927
vn 0.55710411 0.60395093 -0.56998095
vn 0.76798426 0.45182189 -0.45393519
vn 0.89339505 0.30154676 -0.33303880
vn 0.96592244 0.15274225 -0.20895848
vn 0.99724221 -0.00459679 -0.07407324
vn 0.97945397 -0.18374740 0.08310721
vn 0.87756677 -0.39447764 0.27251413
vn 0.62775356 -0.61367780 0.47887892
vn 0.21642711 -0.74776401 0.62770079
vn -0.22322661 -0.72640273 0.65000688
vn -0.55507613 -0.60254559 0.57343640
vn -0.76443531 -0.45168411 0.46002188
vn -0.91644171 -0.34470361 0.20325847
vn -0.97527803 -0.19845720 0.09719825
vn -0.99914929 -0.03693035 -0.01835319
vn -0.97521273 0.15739323 -0.15552333
vn -0.85821892 0.39893313 -0.32297467
vn -0.56769134 0.65807197 -0.49463909
vn -0.09980901 0.81023579 -0.57754318
vn 0.35181963 0.77367415 -0.52692623
vn 0.64682474 0.63825834 -0.41742550
vn 0.81736147 0.48873508 -0.30505451
vn 0.91782707 0.34356749 -0.19888403
vn 0.97614247 0.19627370 -0.09285753
vn 0.99919407 0.03296630 0.02290058
vn 0.97314930 -0.16514799 0.16033273
vn 0.84955093 -0.41391222 0.32701667
vn 0.54621909 -0.67668459 0.49370302
vn 0.08002376 -0.81658599 0.57164983
vn -0.35645494 -0.77222689 0.52593299
vn -0.64560650 -0.63724578 0.42084446
vn -0.81558059 -0.48892907 0.30947805
vn -0.92314609 -0.37598105 0.08024674
vn -0.97308464 -0.23014088 -0.01189373
vn -0.99172405 -0.06223772 -0.11229367
vn -0.96096934 0.15078526 -0.23195201
vn -0.82214949 0.42893842 -0.37427538
vn -0.48077289 0.72354783 -0.49531402
vn 0.02177524 0.86608806 -0.49941698
vn 0.44516015 0.80286867 -0.39652786
vn 0.69718217 0.66134658 -0.27669068
vn 0.83935336 0.51578302 -0.17162113
vn 0.92390473 0.37466541 -0.07762653
vn 0.97360539 0.22776378 0.01470406
vn 0.99160431 0.05808102 0.11553131
vn 0.95883306 -0.15863671 0.23552827
vn 0.81347467 -0.44340081 0.37637040
vn 0.46124371 -0.73884733 0.49128287
vn -0.03661147 -0.86899416 0.49346607
vn -0.44876635 -0.80113878 0.39596138
vn -0.69706797 -0.66058567 0.27878812
vn -0.83858481 -0.51617058 0.17419372
vn -0.91609550 -0.39952529 -0.03389073
vn -0.96071913 -0.25219185 -0.11583622
vn -0.97593288 -0.07663898 -0.20416043
vn -0.93894477 0.15531351 -0.30701862
vn -0.77889305 0.46701459 -0.41859645
vn -0.39727560 0.78369216 -0.47749208
vn 0.11325579 0.90582312 -0.40823718
vn 0.49989559 0.82245785 -0.27141754
vn 0.71863007 0.67932004 -0.14864420
vn 0.84200627 0.53713590 -0.05010452
vn 0.91669359 0.39805333 0.03502014
vn 0.96121056 0.24961498 0.11733124
vn 0.97582922 0.07220890 0.20626006
vn 0.93670088 -0.16337866 0.30967544
vn 0.76998623 -0.48052092 0.41978667
vn 0.37963043 -0.79511517 0.47294038
vn -0.12534507 -0.90657393 0.40300412
vn -0.50342875 -0.82075228 0.27004664
vn -0.71907246 -0.67876495 0.14904008
vn -0.84160436 -0.53768194 0.05099253
vn -0.89737156 -0.41722906 -0.14368086
vn -0.93895979 -0.26580938 -0.21840303
vn -0.95160012 -0.08053703 -0.29659904
vn -0.90836153 0.17068142 -0.38176848
vn -0.72971417 0.51003473 -0.45539192
vn -0.32507737 0.83429878 -0.44527547
vn 0.17175358 0.93385474 -0.31371329
vn 0.52241890 0.83854188 -0.15468032
vn 0.71751200 0.69587799 -0.03050184
vn 0.82917669 0.55531014 0.06400516
vn 0.89815008 0.41563239 0.14344392
vn 0.93968028 0.26308036 0.21860855
vn 0.95170183 0.07584863 0.29750733
vn 0.90597794 -0.17907901 0.38358140
vn 0.71979309 -0.52283418 0.45666435
vn 0.30747238 -0.84270883 0.44193050
vn -0.18267206 -0.93341957 0.30880224
vn -0.52562695 -0.83702320 0.15201470
vn -0.71787123 -0.69556014 0.02927443
vn -0.82865749 -0.55601412 -0.06461480
vn -0.86653764 -0.42989584 -0.25357858
vn -0.90664059 -0.27105929 -0.32331054
vn -0.91701468 -0.07324192 -0.39207104
vn -0.86743195 0.19724042 -0.45679101
vn -0.67585616 0.55512079 -0.48482920
vn -0.26955475 0.87390364 -0.40451535
vn 0.19767226 0.95484708 -0.22179436
vn 0.51679923 0.85488084 -0.04579631
vn 0.69627585 0.71312638 0.08155193
vn 0.80151862 0.57170671 0.17526935
vn 0.86781971 0.42825471 0.25196597
vn 0.90787160 0.26832878 0.32213169
vn 0.91755749 0.06848407 0.39166082
vn 0.86485954 -0.20601078 0.45779639
vn 0.66358373 -0.56822704 0.48659497
vn 0.24944094 -0.88090841 0.40221835
vn -0.20827774 -0.95374200 0.21678697
vn -0.51924704 -0.85359292 0.04197198
vn -0.69602802 -0.71306123 -0.08419422
vn -0.80047617 -0.57254764 -0.17727690
vn -0.82057744 -0.43724627 -0.36806028
vn -0.86038071 -0.26676530 -0.43425949
vn -0.86862142 -0.05294032 -0.49263998
vn -0.81332801 0.23574525 -0.53190386
vn -0.61807833 0.60021294 -0.50766486
vn -0.23310747 0.90299833 -0.36090848
vn 0.19193626 0.97196473 -0.13581248
vn 0.48383193 0.87331077 0.05687679
vn 0.65379434 0.73207684 0.19135427
vn 0.75670129 0.58682316 0.28816964
vn 0.82276177 0.43572671 0.36497301
vn 0.86248727 0.26429196 0.43158484
vn 0.86986017 0.04837779 0.49092043
vn 0.81030911 -0.24512356 0.53227210
vn 0.60198144 -0.61509562 0.50919125
vn 0.20871782 -0.91015315 0.35785209
vn -0.20317042 -0.97042959 0.13033875
vn -0.48545115 -0.87209361 -0.06156235
vn -0.65254582 -0.73216673 -0.19523278
vn -0.75471294 -0.58770198 -0.29157291
vn -0.75297591 -0.43751459 -0.49153664
vn -0.79362451 -0.25012342 -0.55461555
vn -0.80032805 -0.01666254 -0.59933077
vn -0.74209876 0.28699249 -0.60574314
vn -0.55637970 0.64428070 -0.52473232
vn -0.21579351 0.92283602 -0.31907183
vn 0.15495630 0.98621254 -0.05808075
vn 0.42088097 0.89384176 0.15461604
vn 0.58506566 0.75256917 0.30222148
vn 0.68871872 0.60000257 0.40701773
vn 0.75662504 0.43640986 0.48689319
vn 0.79709726 0.24818757 0.55048968
vn 0.80243119 0.01226207 0.59661866
vn 0.73795977 -0.29791991 0.60552383
vn 0.53563094 -0.66225294 0.52394708
vn 0.18689629 -0.93129295 0.31267109
vn -0.16807109 -0.98444340 0.05121824
vn -0.42214254 -0.89227051 -0.16015309
vn -0.58256129 -0.75247125 -0.30726108
vn -0.68527200 -0.60064322 -0.41186164
vn -0.65181446 -0.42638323 -0.62716446
vn -0.69495786 -0.21604027 -0.68582809
vn -0.70263773 0.03953453 -0.71044862
vn -0.64871814 0.35137614 -0.67505525
vn -0.49001711 0.68710119 -0.53644681
vn -0.21585683 0.93465289 -0.28254168
vn 0.08679112 0.99618667 0.00891183
vn 0.32199202 0.91396035 0.24697694
vn 0.48025781 0.77227742 0.41586058
vn 0.58618446 0.60836697 0.53504899
vn 0.65767779 0.42613151 0.62118585
vn 0.70036203 0.21464496 0.68075000
vn 0.70549360 -0.04475584 0.70730170
vn 0.64254869 -0.36566946 0.67336248
vn 0.46541990 -0.70871222 0.53019931
vn 0.18410524 -0.94510565 0.26996403
vn -0.10273672 -0.99452430 -0.01914641
vn -0.32388884 -0.91133657 -0.25408990
vn -0.47650105 -0.77118581 -0.42216016
vn -0.58069879 -0.60812951 -0.54126464
vn -0.49769826 -0.39505914 -0.77215589
vn -0.54672387 -0.15669578 -0.82252018
vn -0.56275231 0.11949172 -0.81794350
vn -0.52780969 0.42817597 -0.73354091
vn -0.41771161 0.72889796 -0.54242490
vn -0.22979193 0.93954676 -0.25386521
vn -0.01147713 0.99803174 0.06165168
vn 0.17927797 0.92689223 0.32974264
vn 0.32419709 0.78409174 0.52924134
vn 0.43030567 0.60418509 0.67066937
vn 0.50633284 0.39605788 0.76600602
vn 0.55430112 0.15484803 0.81778503
vn 0.56587377 -0.12805003 0.81448761
vn 0.51969968 -0.44768786 0.72765914
vn 0.39293395 -0.75339460 0.52725657
vn 0.19942054 -0.95195126 0.23242257
vn -0.00643025 -0.99690080 -0.07840564
vn -0.18283005 -0.92232660 -0.34042153
vn -0.31974030 -0.78048981 -0.53721671
vn -0.42253363 -0.60184317 -0.67767996
vn -0.26751757 -0.32906537 -0.90562152
vn -0.32940580 -0.06357684 -0.94204554
vn -0.36915273 0.22384331 -0.90200911
vn -0.37616583 0.51444386 -0.77061455
vn -0.33821725 0.77003816 -0.54097165
vn -0.25240045 0.93885951 -0.23417266
vn -0.13500541 0.98620648 0.09576173
vn -0.01157060 0.91967722 0.39250468
vn 0.10120813 0.77179307 0.62776777
vn 0.19795120 0.57060098 0.79701307
vn 0.27766453 0.33077168 0.90193819
vn 0.33810051 0.05851189 0.93928931
vn 0.37259170 -0.23873511 0.89676138
vn 0.36984510 -0.53882031 0.75689317
vn 0.32083768 -0.79481755 0.51510023
vn 0.23106118 -0.95160284 0.20263950
vn 0.12016610 -0.98522951 -0.12199559
vn 0.00720987 -0.91218095 -0.40972422
vn -0.09727562 -0.76372967 -0.63816491
vn -0.18934513 -0.56476354 -0.80323755
vn 0.04042654 -0.21551550 -0.97566324
vn -0.04333552 0.06371379 -0.99702687
vn -0.12577318 0.34463100 -0.93027447
vn -0.19861505 0.60364275 -0.77211884
vn -0.25217550 0.81058337 -0.52854717
vn -0.27815087 0.93449033 -0.22217093
vn -0.27327139 0.95583198 0.10820342
vn -0.24020739 0.87529736 0.41970816
vn -0.18500920 0.71009649 0.67936336
vn -0.11421986 0.48304319 0.86811468
vn -0.03378221 0.21519887 0.97598576
vn 0.05049336 -0.07447524 0.99594370
vn 0.13182661 -0.36491140 0.92166231
vn 0.20186756 -0.62838318 0.75125500
vn 0.25184824 -0.83121584 0.49563363
vn 0.27538538 -0.94356330 0.18398691
vn 0.27056293 -0.95213582 -0.14224305
vn 0.23963169 -0.86366427 -0.44346440
vn 0.18731359 -0.69730630 -0.69186527
vn 0.11911654 -0.47484235 -0.87197247
vn 0.36927255 -0.06464876 -0.92706975
vn 0.26247131 0.20516886 -0.94287568
vn 0.13209687 0.46210476 -0.87693193
vn -0.01423095 0.68525792 -0.72816143
vn -0.16520841 0.84917412 -0.50160692
vn -0.30449829 0.92795654 -0.21488940
vn -0.41299481 0.90532307 0.09912329
vn -0.47534837 0.78398396 0.39926567
vn -0.48589930 0.58457409 0.64974995
vn -0.44821265 0.33483432 0.82884944
vn -0.36996672 0.06010282 0.92709885
vn -0.25893902 -0.21861847 0.94082759
vn -0.12247451 -0.48127675 0.86797044
vn 0.03033029 -0.70465204 0.70890449
vn 0.18564099 -0.86185356 0.47195961
vn 0.32434595 -0.92871024 0.17971362
vn 0.42698337 -0.89465164 -0.13146724
vn 0.48143383 -0.76822689 -0.42195843
vn 0.48600809 -0.57148048 -0.66121569
vn 0.44610739 -0.32962740 -0.83206609
vn 0.63244391 0.08506768 -0.76992090
vn 0.51470852 0.32762349 -0.79229918
vn 0.35399723 0.55436762 -0.75323469
vn 0.15106423 0.74908789 -0.64501700
vn -0.08603966 0.88290474 -0.46160199
vn -0.33161588 0.91932822 -0.21181723
vn -0.54166623 0.83773107 0.06931335
vn -0.67732533 0.65664070 0.33174295
vn -0.72942968 0.41992166 0.53999829
vn -0.71093535 0.16424433 0.68380899
vn -0.63670458 -0.09142203 0.76566917
vn -0.51442965 -0.33835558 0.78795789
vn -0.34522651 -0.56781455 0.74726521
vn -0.12975071 -0.76180092 0.63468427
vn 0.11960467 -0.88801443 0.44398772
vn 0.36709643 -0.91087124 0.18855713
vn 0.56509636 -0.82001819 -0.09075394
vn 0.68515665 -0.64082650 -0.34626835
vn 0.72744749 -0.41219032 -0.54856111
vn 0.70561495 -0.16453775 -0.68922774
vn 0.79512127 0.20210325 -0.57178357
vn 0.68102154 0.41376798 -0.60415704
vn 0.51440300 0.61450045 -0.59814609
vn 0.28247254 0.79229115 -0.54081789
vn -0.01925803 0.90999780 -0.41416558
vn -0.35717183 0.90899859 -0.21482514
vn -0.64735764 0.76191439 0.02036055
vn -0.82099875 0.52166579 0.23200400
vn -0.88252548 0.26267094 0.39006763
vn -0.86721253 0.01862009 0.49758990
vn -0.79844648 -0.20732781 0.56524190
vn -0.68184946 -0.42054436 0.59851796
vn -0.50916226 -0.62274067 0.59409415
vn -0.26442609 -0.80047937 0.53787696
vn 0.05489193 -0.91091646 0.40892307
vn 0.39724626 -0.89453999 0.20492344
vn 0.67003857 -0.74170070 -0.03046942
vn 0.82608694 -0.51000489 -0.23974022
vn 0.88016426 -0.26035476 -0.39689581
vn 0.86321639 -0.02142260 -0.50437935
vn 0.87902907 0.28296253 -0.38371878
vn 0.77531851 0.46896014 -0.42303380
vn 0.61748694 0.65023529 -0.44261038
vn 0.37881851 0.81913469 -0.43071440
vn 0.03521766 0.93092560 -0.36350686
vn -0.37661380 0.89889229 -0.22395245
vn -0.72277315 0.68978093 -0.04244101
vn -0.90678813 0.40421400 0.11977614
vn -0.96133102 0.13899817 0.23774392
vn -0.94347425 -0.08717605 0.31977598
vn -0.88050925 -0.28645500 0.37768637
vn -0.77566375 -0.47311391 0.41774271
vn -0.61443841 -0.65541901 0.43919399
vn -0.36600612 -0.82490308 0.43078351
vn -0.00407035 -0.93053985 0.36616803
vn 0.41377369 -0.88239854 0.22397353
vn 0.74038405 -0.67104076 0.03918867
vn 0.90945598 -0.39669692 -0.12458482
vn 0.95989611 -0.13885583 -0.24355395
vn 0.94158964 0.08461181 -0.32595980
vn 0.91526311 0.33746841 -0.22001936
vn 0.82209376 0.50493327 -0.26306698
vn 0.67722023 0.67216125 -0.29928583
vn 0.44427741 0.83581600 -0.32253557
vn 0.07844927 0.94704163 -0.31138058
vn -0.38661129 0.89122945 -0.23715347
vn -0.76783049 0.63069067 -0.11254163
vn -0.94916284 0.31469104 0.00771002
vn -0.99390212 0.05079258 0.09787078
vn -0.97344976 -0.15974679 0.16394062
vn -0.91550208 -0.33963589 0.21564647
vn -0.82161754 -0.50772594 0.25915052
vn -0.67464716 -0.67592121 0.29661713
vn -0.43493478 -0.84042708 0.32328634
vn -0.05351800 -0.94677484 0.31741649
vn 0.41762717 -0.87560388 0.24270434
vn 0.78073933 -0.61470759 0.11216363
vn 0.95094340 -0.30915220 -0.01147063
vn 0.99344550 -0.05052882 -0.10253229
vn 0.97289879 0.15827582 -0.16857255
vn 0.92378146 0.37500033 -0.07747621
vn 0.83881138 0.53039431 -0.12278979
vn 0.70568061 0.68787595 -0.16982800
vn 0.48338581 0.84750760 -0.21924650
vn 0.11099079 0.95963909 -0.25840640
vn -0.38574396 0.88755302 -0.25189529
vn -0.78626462 0.58950857 -0.18511507
vn -0.96214706 0.25351134 -0.10002517
vn -0.99953951 -0.00844031 -0.02914674
vn -0.97761778 -0.20865583 0.02694845
vn -0.92346286 -0.37629576 0.07495231
vn -0.83779594 -0.53249467 0.12061255
vn -0.70291038 -0.69104603 0.16844104
vn -0.47553109 -0.85164885 0.22037337
vn -0.09123088 -0.95997243 0.26482045
vn 0.41042255 -0.87434979 0.25897062
vn 0.79628216 -0.57580502 0.18542737
vn 0.96384866 -0.24814169 0.09706421
vn 0.99961765 0.00963301 0.02591826
vn 0.97762653 0.20822422 -0.02981670
vn 0.91441662 0.40153223 0.05112843
vn 0.83491380 0.55036901 0.00359247
vn 0.71050926 0.70179192 -0.05162059
vn 0.49946985 0.85778688 -0.12137358
vn 0.13272248 0.96976117 -0.20481215
vn -0.37376620 0.88864009 -0.26573975
vn -0.78189391 0.56784753 -0.25727629
vn -0.95442388 0.21801945 -0.20381997
vn -0.98802600 -0.04485037 -0.14762474
vn -0.96564442 -0.24065927 -0.09805082
vn -0.91404680 -0.40227648 -0.05188519
vn -0.83379833 -0.55205468 -0.00399609
vn -0.70766047 -0.70464606 0.05187081
vn -0.49215442 -0.86172492 0.12334582
vn -0.11593341 -0.97075178 0.21023898
vn 0.39432252 -0.87804397 0.27119834
vn 0.79073674 -0.55540008 0.25742214
vn 0.95614143 -0.21206713 0.20204232
vn 0.98816064 0.04692732 0.14606980
vn 0.96568260 0.24095576 0.09694037
vn 0.89076549 0.42029832 0.17287616
vn 0.81425549 0.56749978 0.12219653
vn 0.69535886 0.71623122 0.05906681
vn 0.49432254 0.86881403 -0.02841487
vn 0.14285350 0.97819271 -0.15077100
vn -0.35128003 0.89463240 -0.27610723
vn -0.75696012 0.56567684 -0.32714077
vn -0.92959792 0.20596336 -0.30565799
vn -0.96288736 -0.06209948 -0.26266251
vn -0.94087195 -0.25948239 -0.21778169
vn -0.89074324 -0.42072977 -0.17193874
vn -0.81348601 -0.56888075 -0.12089333
vn -0.69288809 -0.71877922 -0.05711863
vn -0.48750021 -0.87255224 0.03156159
vn -0.12673970 -0.97972506 0.15516398
vn 0.37173998 -0.88552927 0.27865264
vn 0.76600129 -0.55351622 0.32689727
vn 0.93107279 -0.19957668 0.30540563
vn 0.96264516 0.06460865 0.26294488
vn 0.94054211 0.26013316 0.21842910
vn 0.85226636 0.43256226 0.29416312
vn 0.77668382 0.58293574 0.23863814
vn 0.66056060 0.73219650 0.16597584
vn 0.46822369 0.88153570 0.06050940
vn 0.14006565 0.98541677 -0.09661990
vn -0.32023129 0.90491909 -0.28030940
vn -0.71180994 0.58230785 -0.39273932
vn -0.88710804 0.21672915 -0.40751417
vn -0.92334120 -0.06118256 -0.37907482
vn -0.90253057 -0.26637181 -0.33835578
vn -0.85299282 -0.43292213 -0.29151616
vn -0.77669892 -0.58411563 -0.23568563
vn -0.65892906 -0.73444809 -0.16247617
vn -0.46200921 -0.88508897 -0.05625836
vn -0.12275898 -0.98730232 0.10081848
vn 0.34460322 -0.89558574 0.28138018
vn 0.72250245 -0.56938601 0.39216039
vn 0.88812279 -0.21035262 0.40864371
vn 0.92230354 0.06351976 0.38121046
vn 0.90143268 0.26695819 0.34081146
vn 0.79447069 0.43778566 0.42090385
vn 0.71830397 0.59653574 0.35802866
vn 0.60324070 0.74957107 0.27247730
vn 0.41976793 0.89575270 0.14636255
vn 0.12266415 0.99152126 -0.04288458
vn -0.28407341 0.91809577 -0.27640994
vn -0.64548512 0.61648928 -0.45087685
vn -0.82262780 0.25151301 -0.50992618
vn -0.86457448 -0.04039666 -0.50087831
vn -0.84598513 -0.26021220 -0.46540172
vn -0.79645798 -0.43842115 -0.41646319
vn -0.71956025 -0.59776269 -0.35343007
vn -0.60270648 -0.75175836 -0.26758973
vn -0.41380420 -0.89937051 -0.14106298
vn -0.10287677 -0.99351572 0.04840337
vn 0.31422436 -0.90729784 0.27941667
vn 0.65966365 -0.60135907 0.45078946
vn 0.82343349 -0.24497071 0.51180723
vn 0.86232906 0.04208241 0.50459654
vn 0.84359817 0.26025529 0.46969066
vn 0.70778363 0.43300775 0.55816362
vn 0.63054255 0.60626672 0.48462022
vn 0.51681981 0.76662145 0.38103652
vn 0.34548440 0.90988203 0.22968506
vn 0.08851981 0.99602747 0.00967062
vn -0.24712847 0.93240959 -0.26370415
vn -0.55721366 0.66561891 -0.49645181
vn -0.72831476 0.31245895 -0.60985819
vn -0.77671929 0.00482497 -0.62982844
vn -0.76136828 -0.23695612 -0.60346511
vn -0.71173875 -0.43450287 -0.55193769
vn -0.63352132 -0.60814555 -0.47834059
vn -0.51732263 -0.76940733 -0.37468608
vn -0.33890230 -0.91408151 -0.22271108
vn -0.06586855 -0.99782812 -0.00060688
vn 0.28203959 -0.91988657 0.27251122
vn 0.57643123 -0.64685400 0.49930645
vn 0.73000744 -0.30415271 0.61202963
vn 0.77301012 -0.00361723 0.63438338
vn 0.75699393 0.23599173 0.60931772
vn 0.57507525 0.41118957 0.70725638
vn 0.49842009 0.60635900 0.61960163
vn 0.39032357 0.77845132 0.49159033
vn 0.23972171 0.92016630 0.30956013
vn 0.03500341 0.99759773 0.05977901
vn -0.21423079 0.94617956 -0.24258899
vn -0.44875018 0.72476859 -0.52281332
vn -0.59452073 0.40008613 -0.69747845
vn -0.64363854 0.08139093 -0.76098945
vn -0.63102161 -0.18846038 -0.75252536
vn -0.58175973 -0.41442954 -0.69985982
vn -0.50349683 -0.61015484 -0.61172053
vn -0.39148992 -0.78314733 -0.48313134
vn -0.23183064 -0.92565947 -0.29901353
vn -0.01089239 -0.99896197 -0.04423052
vn 0.24988117 -0.93255808 0.26056634
vn 0.47238884 -0.70210173 0.53282450
vn 0.59892434 -0.38699901 0.70108587
vn 0.63893223 -0.07883133 0.76521319
vn 0.62408034 0.18652096 0.75877115
vn 0.37172505 0.35917969 0.85604348
vn 0.30090067 0.58400237 0.75392309
vn 0.20948398 0.77419843 0.59727151
vn 0.09565198 0.91934400 0.38165076
vn -0.04079973 0.99363285 0.10501975
vn -0.19059702 0.95789405 -0.21473651
vn -0.32707948 0.78641824 -0.52398986
vn -0.41641202 0.50818933 -0.75388636
vn -0.44652040 0.19421321 -0.87344191
vn -0.42960193 -0.10257537 -0.89717360
vn -0.38080186 -0.36473040 -0.84968328
vn -0.30777803 -0.59165034 -0.74513258
vn -0.21112011 -0.78280775 -0.58535487
vn -0.08781150 -0.92707847 -0.36443743
vn 0.06155006 -0.99488589 -0.08008532
vn 0.21959198 -0.94466094 0.24371104
vn 0.34963131 -0.76188164 0.54524703
vn 0.42382383 -0.48805750 0.76300278
vn 0.44270996 -0.18613252 0.87713316
vn 0.42107583 0.10160655 0.90131640
vn 0.08221188 0.26114672 0.96179187
vn 0.02418027 0.51859235 0.85467964
vn -0.03415940 0.73538498 0.67678805
vn -0.09011974 0.89590845 0.43500170
vn -0.14055126 0.98005381 0.14049869
vn -0.18082329 0.96618356 -0.18382671
vn -0.20452957 0.84212423 -0.49899343
vn -0.20571221 0.61932067 -0.75770997
vn -0.18330338 0.33378239 -0.92465625
vn -0.14221462 0.02785960 -0.98944371
vn -0.08944181 -0.26675474 -0.95960517
vn -0.03052249 -0.53065475 -0.84703832
vn 0.03101532 -0.74962021 -0.66114112
vn 0.09229713 -0.90746697 -0.40985966
vn 0.14890881 -0.98310479 -0.10644784
vn 0.19309431 -0.95585078 0.22150365
vn 0.21540118 -0.81988900 0.53045674
vn 0.21070379 -0.59480675 0.77576339
vn 0.18186453 -0.31722873 0.93074767
vn 0.13653249 -0.02320184 0.99036385
vn -0.25741640 0.11762390 0.95911491
vn -0.30248684 0.39674708 0.86665649
vn -0.32008808 0.64474467 0.69415267
vn -0.30620832 0.83797020 0.45171053
vn -0.26001256 0.95249182 0.15859634
vn -0.18581433 0.97023187 -0.15531629
vn -0.09284614 0.88624296 -0.45382046
vn 0.00756130 0.71129516 -0.70285277
vn 0.10493142 0.46776808 -0.87760038
vn 0.19076069 0.18260117 -0.96450359
vn 0.25817158 -0.11771716 -0.95890047
vn 0.30126794 -0.40800806 -0.86183934
vn 0.31514742 -0.66266369 -0.67938129
vn 0.29708212 -0.85499729 -0.42511392
vn 0.24827621 -0.96082888 -0.12315352
vn 0.17445507 -0.96560963 0.19277829
vn 0.08442090 -0.86999525 0.48577915
vn -0.01213750 -0.68936437 0.72431309
vn -0.10619984 -0.44779861 0.88780516
vn -0.19009546 -0.17099832 0.96675917
vn -0.55668454 -0.03883278 0.82981585
vn -0.59795511 0.23781754 0.76543616
vn -0.58910337 0.50786830 0.62851174
vn -0.51970054 0.74415594 0.41969428
vn -0.38587391 0.90955935 0.15428256
vn -0.20138005 0.97053288 -0.13233294
vn 0.00221195 0.91837320 -0.39570920
vn 0.19312981 0.77329647 -0.60391510
vn 0.35373735 0.56526440 -0.74521543
vn 0.47801201 0.31748711 -0.81896670
vn 0.56291794 0.04451231 -0.82531330
vn 0.60250724 -0.24159515 -0.76066866
vn 0.58629692 -0.52226736 -0.61926790
vn 0.50396982 -0.76456810 -0.40180847
vn 0.35767682 -0.92496658 -0.12846838
vn 0.17037630 -0.97242836 0.15923255
vn -0.02531786 -0.90829971 0.41755317
vn -0.20478903 -0.75783658 0.61947169
vn -0.35596703 -0.54973272 0.75569929
vn -0.47426482 -0.30536076 0.82572858
vn -0.75462461 -0.16943560 0.63390320
vn -0.79993499 0.08373749 0.59421548
vn -0.78814790 0.35585914 0.50218240
vn -0.69623613 0.62857417 0.34662626
vn -0.50339159 0.85423436 0.12992521
vn -0.22386794 0.96797714 -0.11359311
vn 0.07692170 0.94125935 -0.32880675
vn 0.33407435 0.80954681 -0.48273003
vn 0.52835676 0.62336570 -0.57641508
vn 0.66739529 0.40988398 -0.62175449
vn 0.75987714 0.17564777 -0.62588704
vn 0.80517818 -0.08180493 -0.58736364
vn 0.78892012 -0.36257562 -0.49612898
vn 0.68355747 -0.64655870 -0.33869019
vn 0.47080007 -0.87436281 -0.11763069
vn 0.18416146 -0.97470446 0.12663244
vn -0.10412431 -0.93508838 0.33877403
vn -0.34565475 -0.79962173 0.49104774
vn -0.53020915 -0.61391743 0.58479368
vn -0.66436612 -0.40169696 0.63028343
vn -0.86053375 -0.26184384 0.43694332
vn -0.91052715 -0.03842422 0.41165992
vn -0.90892911 0.21924787 0.35465229
vn -0.82237502 0.51070300 0.25076239
vn -0.60405343 0.79173495 0.09096821
vn -0.25287719 0.96253651 -0.09786006
vn 0.12762632 0.95787425 -0.25727117
vn 0.42797225 0.83003077 -0.35761526
vn 0.63369414 0.65600909 -0.40998025
vn 0.77180824 0.46746365 -0.43103338
vn 0.86317258 0.26603368 -0.42913772
vn 0.91363549 0.04121884 -0.40443936
vn 0.91060907 -0.22117606 -0.34910210
vn 0.81541715 -0.52330073 -0.24748983
vn 0.57621927 -0.81247299 -0.08865091
vn 0.21347555 -0.97183869 0.09978851
vn -0.15244354 -0.95366595 0.25938818
vn -0.43682690 -0.82351047 0.36195685
vn -0.63509914 -0.65055548 0.41644525
vn -0.77037802 -0.46276726 0.43859339
vn -0.90852314 -0.32387634 0.26398831
vn -0.96109333 -0.12596754 0.24582878
vn -0.97115318 0.11151090 0.21077670
vn -0.90239076 0.40513516 0.14682106
vn -0.68468879 0.72762573 0.04197675
vn -0.28824134 0.95372490 -0.08559061
vn 0.15315054 0.97062526 -0.18555732
vn 0.48138150 0.84338944 -0.23867573
vn 0.68907685 0.67628625 -0.26040353
vn 0.82181550 0.50441095 -0.26493184
vn 0.90940204 0.32616678 -0.25807587
vn 0.96236766 0.12752817 -0.23996885
vn 0.97211095 -0.11251085 -0.20577078
vn 0.89882629 -0.41377432 -0.14457565
vn 0.66431534 -0.74613399 -0.04437567
vn 0.25397640 -0.96383032 0.08079044
vn -0.17397751 -0.96742585 0.18389959
vn -0.48829616 -0.83864663 0.24132694
vn -0.69064767 -0.67279246 0.26524724
vn -0.82164409 -0.50169024 0.27056958
vn -0.92349855 -0.36602354 0.11479198
vn -0.97735997 -0.18634010 0.10022401
vn -0.99638722 0.03290963 0.07829088
vn -0.94670672 0.31926781 0.04259641
vn -0.74506604 0.66684916 -0.01374037
vn -0.32884479 0.94118982 -0.07760683
vn 0.15438791 0.98107572 -0.11685375
vn 0.50227285 0.85504568 -0.12891419
vn 0.71053184 0.69193201 -0.12796327
vn 0.83899887 0.53042837 -0.12135338
vn 0.92353740 0.36708929 -0.11101406
vn 0.97771526 0.18653680 -0.09631664
vn 0.99661075 -0.03470294 -0.07458364
vn 0.94433880 -0.32645176 -0.04066300
vn 0.73083743 -0.68247222 0.01040798
vn 0.30126057 -0.95094642 0.07030635
vn -0.17195484 -0.97849310 0.11394200
vn -0.50855797 -0.85107388 0.13054518
vn -0.71256522 -0.68923374 0.13117800
vn -0.83957499 -0.52867471 0.12496755
vn -0.91829302 -0.39549954 -0.01783394
vn -0.97342023 -0.22701155 -0.03031195
vn -0.99882203 -0.02091996 -0.04378254
vn -0.96503521 0.25535106 -0.05918519
vn -0.78631962 0.61338003 -0.07393502
vn -0.37316535 0.92476623 -0.07453217
vn 0.13273869 0.98973006 -0.05305507
vn 0.49619916 0.86776576 -0.02773052
vn 0.70731804 0.70684651 -0.00831931
vn 0.83459082 0.55082984 0.00668224
vn 0.91809719 0.39586839 0.01964097
vn 0.97352749 0.22628447 0.03224223
vn 0.99878874 0.01818399 0.04572074
vn 0.96304758 -0.26250069 0.06027231
vn 0.77574289 -0.62699580 0.07140895
vn 0.35108806 -0.93384831 0.06829726
vn -0.14851052 -0.98763823 0.05015331
vn -0.50258607 -0.86406757 0.02818646
vn -0.70969520 -0.70444091 0.00978383
vn -0.83544753 -0.54954760 -0.00498554
vn -0.89811879 -0.41638749 -0.14143587
vn -0.95541707 -0.25290535 -0.15237161
vn -0.98574151 -0.05420108 -0.15929821
vn -0.96407147 0.21317209 -0.15850507
vn -0.80989510 0.57032189 -0.13712356
vn -0.41957149 0.90444189 -0.07710146
vn 0.08932655 0.99599194 0.00456311
vn 0.46553569 0.88251619 0.06664611
vn 0.68321050 0.72284861 0.10350503
vn 0.81307845 0.56833070 0.12610971
vn 0.89811877 0.41638752 0.14143586
vn 0.95571845 0.25172226 0.15244067
vn 0.98590487 0.05098980 0.15934749
vn 0.96247536 -0.22045894 0.15823727
vn 0.80087051 -0.58327714 0.13562524
vn 0.39957637 -0.91371206 0.07395262
vn -0.10493094 -0.99445527 -0.00694336
vn -0.47203267 -0.87898138 -0.06765280
vn -0.68549958 -0.72062291 -0.10388906
vn -0.81376096 -0.56732431 -0.12623879
vn -0.86346618 -0.43056304 -0.26275774
vn -0.92461559 -0.26645620 -0.27218945
vn -0.95959721 -0.06947962 -0.27266423
vn -0.94730519 0.19186623 -0.25651553
vn -0.81701536 0.53999931 -0.20220446
vn -0.46580358 0.88066368 -0.08636267
vn 0.02490450 0.99819346 0.05467712
vn 0.40955410 0.89886887 0.15588519
vn 0.63770770 0.74053159 0.21199494
vn 0.77443718 0.58411018 0.24302748
vn 0.86408106 0.43038844 0.26101670
vn 0.92548031 0.26517766 0.27049400
vn 0.96031073 0.06630273 0.27093772
vn 0.94627034 -0.19900533 0.25489081
vn 0.80817091 -0.55350376 0.20122965
vn 0.44388828 -0.89197752 0.08566964
vn -0.04221599 -0.99750725 -0.05654289
vn -0.41584429 -0.89555696 -0.15827591
vn -0.63928201 -0.73854095 -0.21418631
vn -0.77442477 -0.58332770 -0.24493891
vn -0.81091847 -0.43809011 -0.38792821
vn -0.87852032 -0.26787190 -0.39553343
vn -0.91914280 -0.06726182 -0.38813961
vn -0.91524450 0.19096789 -0.35476580
vn -0.80834666 0.52400386 -0.26832002
vn -0.50863723 0.85480207 -0.10296404
vn -0.05962298 0.99366190 0.09529497
vn 0.32460744 0.91476296 0.24049684
vn 0.56625267 0.75928066 0.32070358
vn 0.71461602 0.59806506 0.36282520
vn 0.81269920 0.43786794 0.38443683
vn 0.88039682 0.26672113 0.39212405
vn 0.92073069 0.06435706 0.38485473
vn 0.91477523 -0.19807119 0.35207112
vn 0.79876587 -0.53917280 0.26695653
vn 0.48256975 -0.86991956 0.10181546
vn 0.03836600 -0.99449077 -0.09755085
vn -0.33094142 -0.91161343 -0.24380061
vn -0.56651503 -0.75750536 -0.32441693
vn -0.71325836 -0.59746758 -0.36646281
vn -0.73230814 -0.43684892 -0.52238665
vn -0.81035142 -0.25493855 -0.52757645
vn -0.85934465 -0.04581791 -0.50934025
vn -0.86538016 0.21105265 -0.45450407
vn -0.78353660 0.52350132 -0.33468905
vn -0.54460635 0.82908792 -0.12655889
vn -0.16194921 0.97904192 0.12348837
vn 0.20498703 0.92552634 0.31840432
vn 0.45970522 0.77633216 0.43125339
vn 0.62457480 0.60821309 0.48988076
vn 0.73606224 0.43670653 0.51720381
vn 0.81392370 0.25395357 0.52252828
vn 0.86222505 0.04293124 0.50470275
vn 0.86536069 -0.21901032 0.45076086
vn 0.77273656 -0.54136373 0.33136615
vn 0.51481629 -0.84867978 0.12127170
vn 0.13500321 -0.98247202 -0.12854129
vn -0.21306396 -0.92228436 -0.32248304
vn -0.45859403 -0.77437298 -0.43593350
vn -0.62113734 -0.60758927 -0.49499868
vn -0.61254370 -0.42110714 -0.66892376
vn -0.70711473 -0.22223073 -0.67126914
vn -0.77023643 -0.00098883 -0.63775769
vn -0.79185031 0.25386882 -0.55544911
vn -0.74086170 0.53951008 -0.40006601
vn -0.57060608 0.80626515 -0.15602950
vn -0.27683800 0.95127270 0.13579753
vn 0.04577397 0.92256772 0.38311036
vn 0.30430238 0.78443563 0.54042651
vn 0.48835296 0.60877374 0.62522470
vn 0.61927870 0.42126315 0.66259434
vn 0.71342500 0.22112299 0.66492811
vn 0.77509621 -0.00286303 0.63183675
vn 0.79240005 -0.26423944 0.54979967
vn 0.72932826 -0.56057135 0.39222449
vn 0.53997613 -0.82943117 0.14307240
vn 0.24484721 -0.95827081 -0.14753607
vn -0.05863151 -0.91915691 -0.38950343
vn -0.30330431 -0.78126581 -0.54555498
vn -0.48252225 -0.60742400 -0.63103753
vn -0.42844346 -0.37906063 -0.82021293
vn -0.54772886 -0.16025681 -0.82116432
vn -0.63574219 0.07335688 -0.76840785
vn -0.68527741 0.32165901 -0.65339907
vn -0.67716776 0.57286432 -0.46181198
vn -0.58390612 0.78937408 -0.18958431
vn -0.39513643 0.90944213 0.12954617
vn -0.15044513 0.89372122 0.42264481
vn 0.08656888 0.76847149 0.63400110
vn 0.28335757 0.58647394 0.75878640
vn 0.43834730 0.37987527 0.81458359
vn 0.55787657 0.15817890 0.81471048
vn 0.64380149 -0.07992746 0.76100673
vn 0.68771232 -0.33582417 0.64364112
vn 0.66763385 -0.59606713 0.44605943
vn 0.55783783 -0.81314139 0.16618674
vn 0.36321890 -0.91922148 -0.15199966
vn 0.13123515 -0.89052099 -0.43560269
vn -0.08958088 -0.76279346 -0.64040721
vn -0.27695614 -0.58300777 -0.76380445
vn -0.15960579 -0.29325506 -0.94261735
vn -0.30944602 -0.05798478 -0.94914747
vn -0.43746616 0.18187967 -0.88064927
vn -0.53501484 0.41484731 -0.73597610
vn -0.58879081 0.62358553 -0.51426303
vn -0.58237514 0.78141668 -0.22411417
vn -0.50510898 0.85661380 0.10525070
vn -0.36487276 0.82905654 0.42371349
vn -0.18840881 0.70673700 0.68192737
vn -0.00446787 0.51885929 0.85484798
vn 0.16882007 0.29473746 0.94054751
vn 0.32253150 0.05366237 0.94503639
vn 0.45037894 -0.19245849 0.87184777
vn 0.54338012 -0.43183434 0.71990079
vn 0.58770527 -0.64487468 0.48860942
vn 0.56877880 -0.80019878 0.19019094
vn 0.48285214 -0.86459813 -0.13901038
vn 0.34450319 -0.82538128 -0.44728436
vn 0.17826673 -0.69834118 -0.69321034
vn 0.00564517 -0.51242535 -0.85871322
vn 0.17378336 -0.15639803 -0.97228545
vn 0.00113943 0.08339420 -0.99651599
vn -0.17449880 0.31766057 -0.93200962
vn -0.33902656 0.52655703 -0.77961445
vn -0.47551314 0.68867632 -0.54736841
vn -0.56625160 0.78396417 -0.25447850
vn -0.59766948 0.79884251 0.06813103
vn -0.56529904 0.73064605 0.38287511
vn -0.47496582 0.58856843 0.65421302
vn -0.33936625 0.39034484 0.85583962
vn -0.17333549 0.15704897 0.97226047
vn 0.00851968 -0.09021046 0.99588628
vn 0.19124926 -0.33045219 0.92424297
vn 0.35807503 -0.54177814 0.76043325
vn 0.49061784 -0.70182731 0.51646159
vn 0.57226012 -0.79106714 0.21617385
vn 0.59324113 -0.79799976 -0.10611948
vn 0.55372442 -0.72321632 -0.41273165
vn 0.46228652 -0.57881837 -0.67175924
vn 0.33142017 -0.38333296 -0.86210006
vn 0.49008043 0.00418051 -0.87166719
vn 0.31797741 0.23392256 -0.91878757
vn 0.11071917 0.45287693 -0.88467155
vn -0.11857890 0.63751784 -0.76125557
vn -0.34636503 0.75917129 -0.55108095
vn -0.54022469 0.79491355 -0.27616976
vn -0.67102173 0.74104181 0.02422542
vn -0.72624863 0.61355319 0.31002486
vn -0.70960895 0.43500936 0.55427610
vn -0.63080267 0.22404995 0.74289273
vn -0.49815296 -0.00566704 0.86707065
vn -0.31774439 -0.24110674 0.91700929
vn -0.09767294 -0.46404921 0.88040805
vn 0.14456111 -0.64767162 0.74807992
vn 0.37765563 -0.76185919 0.52625734
vn 0.56504985 -0.78804773 0.24433470
vn 0.68251566 -0.72878725 -0.05515008
vn 0.72532630 -0.60141280 -0.33496926
vn 0.70100906 -0.42621887 -0.57177248
vn 0.61983284 -0.22001375 -0.75326038
vn 0.71407618 0.14422151 -0.68505136
vn 0.56319457 0.35472278 -0.74631336
vn 0.35510862 0.55601869 -0.75149258
vn 0.08871291 0.72568071 -0.68228845
vn -0.21690743 0.82341531 -0.52434567
vn -0.50996436 0.81003796 -0.28943888
vn -0.72670714 0.68650451 -0.02466371
vn -0.83982591 0.49700546 0.21835298
vn -0.86366308 0.28451471 0.41609790
vn -0.82055646 0.06852981 0.56744230
vn -0.72217811 -0.14663526 0.67598586
vn -0.56809521 -0.35997886 0.74005612
vn -0.35046371 -0.56371253 0.74793273
vn -0.06679441 -0.73221442 0.67779093
vn 0.25448909 -0.82007270 0.51255835
vn 0.54500353 -0.79358343 0.27054850
vn 0.74482942 -0.66722927 0.00585094
vn 0.84322219 -0.48406140 -0.23379671
vn 0.85924802 -0.27871087 -0.42896746
vn 0.81285211 -0.06764222 -0.57852915
vn 0.83987764 0.24481359 -0.48442941
vn 0.71498013 0.43429678 -0.54789572
vn 0.52725926 0.61950321 -0.58156121
vn 0.25594519 0.78333525 -0.56646090
vn -0.10007302 0.87471550 -0.47419215
vn -0.47805573 0.82677137 -0.29649928
vn -0.76507099 0.63920836 -0.07796828
vn -0.91046101 0.39606807 0.11912527
vn -0.94855596 0.16187272 0.27210073
vn -0.92052444 -0.05005261 0.38746547
vn -0.84452097 -0.24682539 0.47524893
vn -0.71910056 -0.43748578 0.53990793
vn -0.52715788 -0.62419778 0.57661227
vn -0.24254001 -0.78816582 0.56565801
vn 0.13406570 -0.87066321 0.47325675
vn 0.51467290 -0.80688802 0.28990263
vn 0.78278649 -0.61845242 0.06900665
vn 0.91387096 -0.38533550 -0.12789219
vn 0.94647745 -0.15868110 -0.28107072
vn 0.91657439 0.04966340 -0.39676811
vn 0.89970014 0.31225691 -0.30501686
vn 0.79551909 0.48378723 -0.36482776
vn 0.63249774 0.65524150 -0.41304380
vn 0.37566822 0.81676819 -0.43790766
vn -0.00346445 0.91249393 -0.40907557
vn -0.44582298 0.84395300 -0.29830386
vn -0.78685351 0.60248753 -0.13367993
vn -0.94807673 0.31740985 0.02003745
vn -0.98789358 0.07155615 0.13764442
vn -0.96487166 -0.13290444 0.22662544
vn -0.90166208 -0.31350509 0.29785911
vn -0.79743600 -0.48573964 0.35798440
vn -0.63271187 -0.65826811 0.40787103
vn -0.36786611 -0.82067239 0.43723147
vn 0.03000951 -0.91004233 0.41342760
vn 0.47883561 -0.82498509 0.30019338
vn 0.80169994 -0.58330214 0.13052134
vn 0.95074392 -0.30892222 -0.02555483
vn 0.98711494 -0.06936435 -0.14419668
vn 0.96323509 0.13264350 -0.23363190
vn 0.92156200 0.35780470 -0.15066279
vn 0.83130264 0.51626541 -0.20592705
vn 0.68847878 0.67690603 -0.26037511
vn 0.45176269 0.83617953 -0.31098917
vn 0.06927772 0.93931225 -0.33599567
vn -0.41491634 0.86061483 -0.29527367
vn -0.79387166 0.57776355 -0.18962347
vn -0.96226347 0.26139540 -0.07564033
vn -0.99984562 0.00878013 0.01521962
vn -0.97813423 -0.18932564 0.08607692
vn -0.92212783 -0.35835286 0.14582007
vn -0.83164459 -0.51757364 0.20120836
vn -0.68765031 -0.67924870 0.25643373
vn -0.44589749 -0.83962910 0.31015866
vn -0.04928876 -0.93860168 0.34146376
vn 0.44224592 -0.84476353 0.30131896
vn 0.80591637 -0.56101100 0.18911757
vn 0.96456111 -0.25394747 0.07164179
vn 0.99977898 -0.00637610 -0.02003353
vn 0.97761444 0.18972916 -0.09095520
vn 0.92089878 0.38951596 -0.01492484
vn 0.83904001 0.53996305 -0.06672159
vn 0.70994433 0.69322608 -0.12416384
vn 0.49111539 0.84979761 -0.19144108
vn 0.11683143 0.95851958 -0.25998198
vn -0.38702832 0.87591653 -0.28806129
vn -0.78810077 0.56500782 -0.24426081
vn -0.95959803 0.22600072 -0.16761653
vn -0.99467201 -0.03219753 -0.09793317
vn -0.97305333 -0.22710780 -0.03986560
vn -0.92094097 -0.38951243 0.01215683
vn -0.83865086 -0.54087796 0.06415428
vn -0.70829001 -0.69527740 0.12212532
vn -0.48543694 -0.85307103 0.19136560
vn -0.10075689 -0.95903161 0.26477618
vn 0.40922676 -0.86365884 0.29432442
vn 0.79837022 -0.55033738 0.24440492
vn 0.96183133 -0.21853092 0.16469586
vn 0.99487760 0.03530087 0.09472281
vn 0.97291168 0.22821504 0.03688840
vn 0.90452197 0.41203625 0.10984595
vn 0.82682705 0.55925795 0.05989642
vn 0.70545196 0.70875770 -0.00025272
vn 0.49928564 0.86272209 -0.08015258
vn 0.13879570 0.97299990 -0.18440972
vn -0.36355848 0.88932240 -0.27736422
vn -0.77106805 0.56348172 -0.29655086
vn -0.94354252 0.20908945 -0.25692238
vn -0.97701130 -0.05542263 -0.20585736
vn -0.95505455 -0.25105336 -0.15761668
vn -0.90459286 -0.41162738 -0.11079103
vn -0.82637815 -0.55985343 -0.06052510
vn -0.70365205 -0.71054468 0.00021565
vn -0.49366846 -0.86582079 0.08152180
vn -0.12421794 -0.97421025 0.18837273
vn 0.38356040 -0.87966652 0.28119074
vn 0.78091952 -0.54991134 0.29624690
vn 0.94572970 -0.20117430 0.25519450
vn 0.97711568 0.05916458 0.20431472
vn 0.95482464 0.25268444 0.15639845
vn 0.87405961 0.42764452 0.23052105
vn 0.79703621 0.57627931 0.18065281
vn 0.67818213 0.72562565 0.11634609
vn 0.47905683 0.87745647 0.02397290
vn 0.13490498 0.98454786 -0.11165196
vn -0.34600539 0.90044485 -0.26358935
vn -0.74373796 0.57218928 -0.34562014
vn -0.91498053 0.20934635 -0.34494163
vn -0.94781058 -0.06286650 -0.31257464
vn -0.92522800 -0.26346843 -0.27301563
vn -0.87458174 -0.42697087 -0.22978828
vn -0.79707318 -0.57657518 -0.17954220
vn -0.67694118 -0.72706487 -0.11457451
vn -0.47400327 -0.88026954 -0.02112894
vn -0.12013541 -0.98604806 0.11522458
vn 0.36792315 -0.89134906 0.26481959
vn 0.75467135 -0.55834596 0.34455905
vn 0.91702229 -0.20107009 0.34444294
vn 0.94748643 0.06689114 0.31272198
vn 0.92454875 0.26535628 0.27348794
vn 0.82728611 0.43683296 0.35323457
vn 0.74767678 0.59166418 0.30151770
vn 0.62678959 0.74440501 0.23020857
vn 0.43013198 0.89442161 0.12246006
vn 0.10475371 0.99354497 -0.04353212
vn -0.33647581 0.90863311 -0.24732548
vn -0.70666068 0.59005244 -0.39047252
vn -0.87260022 0.22662572 -0.43267729
vn -0.90511083 -0.05446780 -0.42167244
vn -0.88139280 -0.26455892 -0.39135062
vn -0.82870083 -0.43604569 -0.35088329
vn -0.74872293 -0.59171351 -0.29881281
vn -0.62666981 -0.74550597 -0.22694891
vn -0.42582459 -0.89700538 -0.11855279
vn -0.08828196 -0.99496751 0.04739136
vn 0.36328212 -0.89796682 0.24835799
vn 0.72015833 -0.57430019 0.38929587
vn 0.87460596 -0.21791286 0.43310323
vn 0.90408627 0.05844720 0.42333432
vn 0.87989145 0.26643397 0.39345136
vn 0.75777765 0.43818992 0.48349004
vn 0.67216839 0.60441329 0.42763796
vn 0.54537458 0.76395948 0.34486588
vn 0.34901277 0.91184038 0.21618789
vn 0.04751312 0.99870352 0.01826971
vn -0.33712800 0.91292506 -0.23002729
vn -0.66030084 0.61583278 -0.42982879
vn -0.81316680 0.26177985 -0.51983754
vn -0.84390308 -0.02811189 -0.53575863
vn -0.81775045 -0.25232097 -0.51731840
vn -0.76065627 -0.43746782 -0.47960812
vn -0.67478317 -0.60441009 -0.42350457
vn -0.54664158 -0.76502235 -0.34047582
vn -0.34473367 -0.91456976 -0.21147304
vn -0.02773869 -0.99953396 -0.01274471
vn 0.36924520 -0.89928075 0.23441866
vn 0.67732251 -0.59664930 0.43039962
vn 0.81563798 -0.25169164 0.52094722
vn 0.84199080 0.03217824 0.53853139
vn 0.81495877 0.25404013 0.52087024
vn 0.65320281 0.42741374 0.62501487
vn 0.55788830 0.61057899 0.56209780
vn 0.42291153 0.77995570 0.46131869
vn 0.22935698 0.92467553 0.30392524
vn -0.03790695 0.99672451 0.07143754
vn -0.34933176 0.91227524 -0.21382520
vn -0.60544973 0.64795298 -0.46215534
vn -0.73197654 0.31585429 -0.60369397
vn -0.75542476 0.02032044 -0.65492023
vn -0.72339186 -0.22188107 -0.65381420
vn -0.65825520 -0.42694986 -0.62001121
vn -0.56253289 -0.61104186 -0.55694218
vn -0.42516104 -0.78180626 -0.45608887
vn -0.22332039 -0.92815701 -0.29774581
vn 0.06189668 -0.99617773 -0.06163392
vn 0.38446102 -0.89525415 0.22518823
vn 0.62551491 -0.62459553 0.46755910
vn 0.73553676 -0.30249514 0.60620324
vn 0.75254922 -0.01505652 0.65836386
vn 0.71872921 0.22371306 0.65831664
vn 0.49349218 0.39532615 0.77471460
vn 0.38519280 0.60021241 0.70097901
vn 0.24418755 0.78162883 0.57395889
vn 0.06423014 0.92277538 0.37994748
vn -0.15159089 0.98206442 0.11211460
vn -0.37338764 0.90560137 -0.20116619
vn -0.54375304 0.68426973 -0.48590901
vn -0.62420956 0.38848839 -0.67781944
vn -0.62707187 0.09595770 -0.77302846
vn -0.58061691 -0.16476268 -0.79733134
vn -0.50110085 -0.39517078 -0.76989480
vn -0.39146432 -0.60217024 -0.69580650
vn -0.24563786 -0.78571217 -0.56773095
vn -0.05435375 -0.92749837 -0.36985463
vn 0.17804981 -0.97949577 -0.09426723
vn 0.40626114 -0.88623972 0.22255573
vn 0.56358600 -0.65763546 0.49988641
vn 0.62840490 -0.36998844 0.68426299
vn 0.62309315 -0.08713230 0.77727916
vn 0.57360830 0.16790589 0.80173632
vn 0.25586102 0.32676991 0.90981128
vn 0.13454472 0.55405412 0.82153621
vn -0.00155717 0.74872900 0.66287439
vn -0.14710246 0.89028021 0.43100117
vn -0.28983649 0.94763467 0.13410195
vn -0.40824909 0.89179198 -0.19503783
vn -0.47803156 0.72183988 -0.50043284
vn -0.48809899 0.47535228 -0.73198332
vn -0.44654638 0.20073132 -0.87195371
vn -0.36835009 -0.07092041 -0.92697816
vn -0.26430656 -0.32630650 -0.90756053
vn -0.13940346 -0.55848002 -0.81772046
vn 0.00394869 -0.75627053 -0.65424712
vn 0.16004260 -0.89646428 -0.41320474
vn 0.31200568 -0.94420674 -0.10548033
vn 0.43042295 -0.87351908 0.22737742
vn 0.49031813 -0.69547239 0.52526783
vn 0.48903565 -0.45232354 0.74582005
vn 0.44035095 -0.18609042 0.87832875
vn 0.35939132 0.07762832 0.92995254
vn -0.05742638 0.20922747 0.97617933
vn -0.18435839 0.45097996 0.87328636
vn -0.29737435 0.65893520 0.69092178
vn -0.38654827 0.81221791 0.43690103
vn -0.44069619 0.88829409 0.12930770
vn -0.45005424 0.87042912 -0.19951021
vn -0.41086294 0.75743573 -0.50742758
vn -0.32833256 0.56649166 -0.75583393
vn -0.21455737 0.32502139 -0.92104627
vn -0.08328238 0.05995712 -0.99472066
vn 0.05360804 -0.20677362 -0.97691906
vn 0.18614459 -0.45633477 -0.87011997
vn 0.30432126 -0.66875762 -0.67834491
vn 0.39630013 -0.82063246 -0.41171418
vn 0.44903888 -0.88861226 -0.09344703
vn 0.45272528 -0.85923526 0.23823223
vn 0.40637757 -0.73736279 0.53958631
vn 0.31880751 -0.54404960 0.77612616
vn 0.20384215 -0.30635611 0.92983564
vn 0.07486877 -0.04877057 0.99600005
vn -0.38426931 0.05610241 0.92151485
vn -0.50362960 0.29657371 0.81141929
vn -0.58243978 0.51411716 0.62964072
vn -0.61167395 0.69117734 0.38487514
vn -0.58235042 0.80758431 0.09314273
vn -0.49010196 0.84401600 -0.21780052
vn -0.34133302 0.78972873 -0.50972571
vn -0.15533687 0.64995583 -0.74392733
vn 0.04206267 0.44553029 -0.89427820
vn 0.22828386 0.20372244 -0.95204183
vn 0.38818901 -0.05088813 -0.92017373
vn 0.51178597 -0.29872283 -0.80550592
vn 0.59024294 -0.52222126 -0.61554709
vn 0.61398632 -0.70200525 -0.36084543
vn 0.57480612 -0.81603388 -0.06071767
vn 0.47191934 -0.84465501 0.25268567
vn 0.31733891 -0.78037218 0.53880912
vn 0.13352682 -0.63381913 0.76186869
vn -0.05570679 -0.42876908 0.90169498
vn -0.23221841 -0.19146665 0.95363260
vn -0.64024454 -0.09179303 0.76266701
vn -0.74258154 0.13270195 0.65647760
vn -0.79299712 0.35097974 0.49796464
vn -0.78191840 0.55300910 0.28772305
vn -0.69418683 0.71910094 0.03159870
vn -0.51855737 0.81831331 -0.24791447
vn -0.26685739 0.81984401 -0.50659938
vn 0.01609199 0.71774921 -0.69611573
vn 0.27775316 0.54024922 -0.79434499
vn 0.48972653 0.32528684 -0.80892299
vn 0.64680745 0.09783377 -0.75635222
vn 0.75064374 -0.13081160 -0.64762821
vn 0.79879813 -0.35453045 -0.48603467
vn 0.78047629 -0.56319570 -0.27141733
vn 0.67915278 -0.73392786 -0.01006929
vn 0.48792921 -0.82966322 0.27126377
vn 0.23109368 -0.81970301 0.52410179
vn -0.04168594 -0.70816909 0.70481120
vn -0.28811554 -0.52856724 0.79850241
vn -0.48888305 -0.31579983 0.81318130
vn -0.79685081 -0.20512218 0.56829014
vn -0.88141559 -0.00269624 0.47233386
vn -0.91630948 0.20743008 0.34256342
vn -0.88843920 0.42566273 0.17171789
vn -0.76947528 0.63717403 -0.04378412
vn -0.53065467 0.79838387 -0.28458535
vn -0.18857558 0.84813961 -0.49507420
vn 0.16872182 0.76685514 -0.61924642
vn 0.45816334 0.60281609 -0.65322210
vn 0.66349255 0.40974777 -0.62600671
vn 0.80133045 0.21020343 -0.56007502
vn 0.88615222 0.00615360 -0.46335341
vn 0.91971036 -0.20738901 -0.33335064
vn 0.88696272 -0.43255969 -0.16183092
vn 0.75508337 -0.65327960 0.05545153
vn 0.49730464 -0.81552201 0.29599314
vn 0.15120574 -0.85245592 0.50045552
vn -0.18978303 -0.76086764 0.62053432
vn -0.46352820 -0.59529781 0.65632471
vn -0.66143088 -0.40343121 0.63225980
vn -0.87795305 -0.28285048 0.38625646
vn -0.94845307 -0.10081874 0.30045359
vn -0.97625146 0.09765794 0.19338049
vn -0.94478879 0.32314984 0.05429839
vn -0.81170136 0.57057080 -0.12485942
vn -0.52538898 0.78687904 -0.32370943
vn -0.10995778 0.87351226 -0.47422106
vn 0.29160697 0.79876450 -0.52625151
vn 0.57885054 0.64020592 -0.50504300
vn 0.76297206 0.46378875 -0.45030394
vn 0.87984152 0.28669606 -0.37905708
vn 0.95041556 0.10403444 -0.29306499
vn 0.97777126 -0.09630318 -0.18624997
vn 0.94378095 -0.32712028 -0.04764285
vn 0.80056619 -0.58478839 0.13082932
vn 0.49490449 -0.80528029 0.32648614
vn 0.07712307 -0.87852788 0.47142421
vn -0.30651076 -0.79424118 0.52462567
vn -0.58180386 -0.63502980 0.50817459
vn -0.76199171 -0.45943346 0.45638749
vn -0.91385769 -0.33526592 0.22904344
vn -0.97410660 -0.16868104 0.15054248
vn -0.99810368 0.01964035 0.05833776
vn -0.96691640 0.24827237 -0.05859608
vn -0.82635052 0.52340778 -0.20781991
vn -0.50249659 0.78497375 -0.36237190
vn -0.03374194 0.89493965 -0.44490955
vn 0.38355374 0.81787817 -0.42890772
vn 0.65282219 0.66242527 -0.36744517
vn 0.81428805 0.49888592 -0.29672851
vn 0.91408950 0.33816999 -0.22378884
vn 0.97451050 0.17110688 -0.14509214
vn 0.99843237 -0.01842487 -0.05285198
vn 0.96591125 -0.25089452 0.06377618
vn 0.81788786 -0.53518068 0.21128437
vn 0.47682449 -0.80181636 0.36017903
vn 0.00737669 -0.89881054 0.43827525
vn -0.39432057 -0.81386141 0.42677967
vn -0.65551276 -0.65829712 0.37006475
vn -0.81465452 -0.49550993 0.30134354
vn -0.92374311 -0.37145893 0.09336445
vn -0.97645140 -0.21490372 0.01894893
vn -0.99737319 -0.03277183 -0.06459670
vn -0.96560129 0.19935393 -0.16694959
vn -0.81729252 0.49732065 -0.29104142
vn -0.46182547 0.79280690 -0.39771152
vn 0.03846807 0.91202206 -0.40833315
vn 0.44879916 0.82887371 -0.33398756
vn 0.69433117 0.67681554 -0.24459137
vn 0.83622436 0.52326796 -0.16407151
vn 0.92316177 0.37372168 -0.09002474
vn 0.97614883 0.21656405 -0.01528017
vn 0.99708625 0.03330755 0.06862662
vn 0.96432831 -0.20191195 0.17117967
vn 0.81016093 -0.50737054 0.29362289
vn 0.44074120 -0.80673478 0.39360665
vn -0.05908270 -0.91415963 0.40102544
vn -0.45757129 -0.82496193 0.33176245
vn -0.69742084 -0.67311114 0.24601941
vn -0.83746196 -0.52039172 0.16688299
vn -0.91734554 -0.39715144 -0.02734759
vn -0.96414342 -0.24556864 -0.10061564
vn -0.98153878 -0.06469546 -0.17998922
vn -0.94618570 0.17418624 -0.27274854
vn -0.78598097 0.49278191 -0.37336297
vn -0.40370829 0.80938668 -0.42651238
vn 0.10555858 0.92481826 -0.36547034
vn 0.49258431 0.83535144 -0.24402594
vn 0.71340178 0.68766434 -0.13481712
vn 0.83926805 0.54168340 -0.04699190
vn 0.91649463 0.39899243 0.02902811
vn 0.96364370 0.24666121 0.10270866
vn 0.98106819 0.06452707 0.18259644
vn 0.94467633 -0.17730880 0.27594968
vn 0.77903169 -0.50202578 0.37560584
vn 0.38555111 -0.82012519 0.42278247
vn -0.12243845 -0.92522765 0.35911365
vn -0.50046599 -0.83142785 0.24137426
vn -0.71673165 -0.68419867 0.13478845
vn -0.84085487 -0.53911786 0.04811472
vn -0.89886032 -0.41554333 -0.13919000
vn -0.94043717 -0.26417689 -0.21398247
vn -0.95301720 -0.07910034 -0.29240616
vn -0.90974847 0.17155175 -0.37805782
vn -0.73170220 0.50949566 -0.45279803
vn -0.32946177 0.83251406 -0.44539340
vn 0.16637492 0.93368106 -0.31711049
vn 0.51908812 0.83977083 -0.15916180
vn 0.71592853 0.69730132 -0.03488867
vn 0.82854847 0.55670919 0.05985236
vn 0.89808332 0.41714075 0.13942717
vn 0.94007415 0.26495332 0.21461670
vn 0.95272280 0.07847938 0.29353066
vn 0.90823984 -0.17525724 0.37998066
vn 0.72408453 -0.51852452 0.45478998
vn 0.31152588 -0.84058155 0.44314138
vn -0.18170875 -0.93259032 0.31186090
vn -0.52637009 -0.83585439 0.15582674
vn -0.71914198 -0.69405562 0.03349037
vn -0.83009553 -0.55436342 -0.06018802
vn -0.86920884 -0.42818086 -0.24725926
vn -0.90529511 -0.27221888 -0.32609452
vn -0.91076544 -0.07686361 -0.40570716
vn -0.85397994 0.19142790 -0.48381156
vn -0.65253639 0.54593109 -0.52550500
vn -0.24173701 0.85904557 -0.45122491
vn 0.21943362 0.93923762 -0.26397270
vn 0.53089524 0.84378839 -0.07855821
vn 0.70482043 0.70697706 0.05840888
vn 0.80595068 0.56967963 0.16096157
vn 0.86876161 0.42972280 0.24615358
vn 0.90535879 0.27298078 0.32527980
vn 0.91100990 0.07621668 0.40528013
vn 0.85274065 -0.19534607 0.48443089
vn 0.64323184 -0.55509890 0.52736896
vn 0.22121643 -0.86531706 0.44976625
vn -0.23469496 -0.93693620 0.25897649
vn -0.53762851 -0.83988521 0.07448768
vn -0.70766396 -0.70391339 -0.06097262
vn -0.80719682 -0.56745266 -0.16257545
vn -0.82692615 -0.43539073 -0.35584836
vn -0.85605486 -0.26950148 -0.44106579
vn -0.85071188 -0.05699897 -0.52253269
vn -0.77380057 0.23433001 -0.58849140
vn -0.54703275 0.59840393 -0.58537843
vn -0.14494453 0.88549056 -0.44147203
vn 0.26283550 0.94240177 -0.20687292
vn 0.52917688 0.84851070 -0.00119627
vn 0.68087773 0.71731827 0.14785137
vn 0.77113574 0.58113639 0.26005800
vn 0.82707304 0.43712619 0.35337075
vn 0.85688986 0.27063248 0.43874574
vn 0.85188387 0.05683436 0.52063780
vn 0.77273905 -0.23822397 0.58832279
vn 0.53424921 -0.60830299 0.58697978
vn 0.12050151 -0.89057752 0.43857845
vn -0.27843976 -0.93919572 0.20095447
vn -0.53545073 -0.84455834 -0.00370443
vn -0.68323756 -0.71431113 -0.15147952
vn -0.77188034 -0.57886305 -0.26290362
vn -0.76817000 -0.43631928 -0.46855132
vn -0.78720380 -0.25415686 -0.56188474
vn -0.76560754 -0.01702392 -0.64308264
vn -0.66254835 0.29979462 -0.68640576
vn -0.41644753 0.66061257 -0.62462988
vn -0.04572640 0.90872396 -0.41488537
vn 0.29447572 0.94430800 -0.14685518
vn 0.51398254 0.85461483 0.07386102
vn 0.64321489 0.72849045 0.23574620
vn 0.72181288 0.59093555 0.36025177
vn 0.76928113 0.43861282 0.46457005
vn 0.78927461 0.25613653 0.55806779
vn 0.76798054 0.01767636 0.64022921
vn 0.66053594 -0.30432391 0.68635212
vn 0.39806782 -0.67195646 0.62451303
vn 0.01840013 -0.91273540 0.40813665
vn -0.30996767 -0.94053000 0.13900848
vn -0.51982606 -0.85052594 -0.07991558
vn -0.64499699 -0.72533186 -0.24056719
vn -0.72181312 -0.58835137 -0.36445641
vn -0.68614268 -0.42861000 -0.58779392
vn -0.68973705 -0.22250203 -0.68902514
vn -0.64537149 0.04599179 -0.76248305
vn -0.51505351 0.38411991 -0.76627134
vn -0.26708631 0.72427730 -0.63567861
vn 0.04763202 0.92680134 -0.37251909
vn 0.31234525 0.94614687 -0.08512661
vn 0.48431833 0.86238431 0.14740783
vn 0.58928692 0.74014641 0.32392007
vn 0.65349135 0.59805344 0.46398398
vn 0.68878763 0.43198775 0.58220115
vn 0.69356278 0.22578325 0.68409984
vn 0.64854408 -0.04498602 0.75984659
vn 0.50942799 -0.39117929 0.76646062
vn 0.24271168 -0.73697661 0.63083795
vn -0.07491817 -0.92970592 0.36060251
vn -0.32672144 -0.94216669 0.07466605
vn -0.48948109 -0.85809719 -0.15516917
vn -0.59022735 -0.73655981 -0.33032003
vn -0.65232335 -0.59475212 -0.46983419
vn -0.57038274 -0.40777679 -0.71300885
vn -0.55129033 -0.16933316 -0.81694875
vn -0.48020054 0.13280565 -0.86704677
vn -0.33308105 0.47857632 -0.81241721
vn -0.11127024 0.78108035 -0.61443667
vn 0.12718113 0.93955649 -0.31789710
vn 0.31462289 0.94894089 -0.02288294
vn 0.43803538 0.87162616 0.21998374
vn 0.51463131 0.75111970 0.41348979
vn 0.55888922 0.60000487 0.57239583
vn 0.57529713 0.41286778 0.70609731
vn 0.55691197 0.17380273 0.81218327
vn 0.48203664 -0.13358624 0.86590727
vn 0.32098117 -0.49006908 0.81043407
vn 0.08416522 -0.79387179 0.60223234
vn -0.15093315 -0.94160375 0.30100094
vn -0.32651994 -0.94514318 0.00943954
vn -0.44178099 -0.86710654 -0.23012131
vn -0.51406974 -0.74673893 -0.42203469
vn -0.55579468 -0.59538366 -0.58018151
vn -0.40760091 -0.36676089 -0.83627026
vn -0.36027378 -0.09005304 -0.92848977
vn -0.26886898 0.23800618 -0.93330731
vn -0.13032429 0.57042136 -0.81094701
vn 0.03512830 0.82546103 -0.56336497
vn 0.18727124 0.94840649 -0.25584098
vn 0.29948894 0.95331052 0.03879970
vn 0.37163824 0.88139071 0.29160836
vn 0.41253229 0.75872591 0.50413501
vn 0.42750691 0.59172557 0.68344619
vn 0.41506568 0.37380656 0.82945111
vn 0.36586337 0.09385197 0.92592430
vn 0.26557341 -0.24402218 0.93269713
vn 0.11263752 -0.58583443 0.80256514
vn -0.05908622 -0.83695392 0.54407440
vn -0.20457045 -0.95015583 0.23527608
vn -0.30724002 -0.95002727 -0.05524271
vn -0.37257221 -0.87656002 -0.30468423
vn -0.40920807 -0.75301822 -0.51527888
vn -0.42141529 -0.58499990 -0.69295329
vn -0.18837745 -0.29748213 -0.93595850
vn -0.11784850 0.01420248 -0.99293002
vn -0.02876161 0.34825429 -0.93695876
vn 0.06889934 0.64756160 -0.75889186
vn 0.15835036 0.85653704 -0.49119188
vn 0.22505238 0.95545986 -0.19091326
vn 0.26476810 0.95922953 0.09887647
vn 0.28017059 0.88939514 0.36122116
vn 0.27423538 0.75752474 0.59241136
vn 0.24719793 0.56413265 0.78781186
vn 0.19642780 0.30494945 0.93189160
vn 0.11907692 -0.01512810 0.99276978
vn 0.01911488 -0.36081383 0.93244196
vn -0.08612854 -0.66383677 0.74290148
vn -0.17425964 -0.86632784 0.46809149
vn -0.23403704 -0.95750708 0.16854331
vn -0.26646219 -0.95661441 -0.11784215
vn -0.27621668 -0.88395849 -0.37725552
vn -0.26642744 -0.74970943 -0.60576579
vn -0.23758420 -0.55477924 -0.79735422
vn 0.07725861 -0.19692245 -0.97737027
vn 0.14881474 0.13187601 -0.98003209
vn 0.20511312 0.44699834 -0.87070149
vn 0.24010828 0.70410003 -0.66827477
vn 0.25126593 0.87735866 -0.40878748
vn 0.23959167 0.96258018 -0.12663028
vn 0.20764219 0.96569423 0.15594669
vn 0.15766716 0.89107988 0.42557927
vn 0.09149984 0.73786555 0.66871684
vn 0.01216021 0.50445686 0.86335127
vn -0.07363049 0.20048936 0.97692506
vn -0.15422345 -0.14013729 0.97804738
vn -0.21621461 -0.46276636 0.85970840
vn -0.25093046 -0.71856322 0.64861453
vn -0.25741851 -0.88589281 0.38591403
vn -0.23943427 -0.96527667 0.10446139
vn -0.20134991 -0.96353199 -0.17625075
vn -0.14658977 -0.88428493 -0.44334140
vn -0.07836662 -0.72718138 -0.68195741
vn -0.00136473 -0.49372055 -0.86961954
vn 0.34963790 -0.07465329 -0.93390590
vn 0.39355398 0.24422422 -0.88626734
vn 0.39888310 0.52328066 -0.75304025
vn 0.37045156 0.74187233 -0.55891957
vn 0.31330711 0.89230895 -0.32499752
vn 0.23075813 0.97079611 -0.06561708
vn 0.12486179 0.97022052 0.20756128
vn -0.00061350 0.87858620 0.47758341
vn -0.13538856 0.68644327 0.71446874
vn -0.26013864 0.40373913 0.87711037
vn -0.35295342 0.07088758 0.93295168
vn -0.40136295 -0.25686043 0.87916466
vn -0.40589808 -0.53785701 0.73888875
vn -0.37348415 -0.75378509 0.54066406
vn -0.31066481 -0.90015505 0.30530029
vn -0.22148631 -0.97409814 0.04557001
vn -0.10922793 -0.96771800 -0.22713682
vn 0.01949189 -0.86924803 -0.49399184
vn 0.15097938 -0.67353123 -0.72357509
vn 0.26636162 -0.39599580 -0.87877119
vn 0.57918266 0.04886630 -0.81373186
vn 0.58120186 0.33618240 -0.74107071
vn 0.53893813 0.57634818 -0.61430323
vn 0.46038427 0.76679787 -0.44728888
vn 0.34755466 0.90502638 -0.24522031
vn 0.19865170 0.98001792 -0.01011818
vn 0.01399059 0.96828511 0.24945584
vn -0.19265605 0.84118924 0.50525667
vn -0.38518620 0.59369486 0.70651115
vn -0.52151705 0.27114565 0.80901174
vn -0.58522755 -0.05760948 0.80882005
vn -0.58649044 -0.34828730 0.73124888
vn -0.54090672 -0.58787828 0.60151396
vn -0.45759832 -0.77652218 0.43314787
vn -0.33825626 -0.91247908 0.23014044
vn -0.18104485 -0.98345583 -0.00611471
vn 0.01065954 -0.96405487 -0.26548934
vn 0.21591952 -0.82875279 -0.51628245
vn 0.39656397 -0.58223662 -0.70974470
vn 0.52052497 -0.27037037 -0.80990964
vn 0.74045892 0.15500892 -0.65398228
vn 0.70610164 0.40389296 -0.58162784
vn 0.63082728 0.61203227 -0.47694176
vn 0.51702100 0.78466706 -0.34203347
vn 0.35800686 0.91773129 -0.17204759
vn 0.14363843 0.98891853 0.03752523
vn -0.12390591 0.95336678 0.27520740
vn -0.40242273 0.77018508 0.49484431
vn -0.61569863 0.46675893 0.63486321
vn -0.72385174 0.13388699 0.67684040
vn -0.74479889 -0.16404251 0.64681116
vn -0.70805541 -0.41325098 0.57260909
vn -0.62952801 -0.62068128 0.46738553
vn -0.51100199 -0.79273266 0.33234304
vn -0.34430895 -0.92479769 0.16186594
vn -0.11926347 -0.99167052 -0.04863945
vn 0.15436472 -0.94600948 -0.28502209
vn 0.42287364 -0.75653052 -0.49883812
vn 0.61929850 -0.46093651 -0.63561538
vn 0.71962898 -0.13855540 -0.68039439
vn 0.83903900 0.23686760 -0.48980333
vn 0.78148955 0.45180492 -0.43028642
vn 0.68661333 0.63697308 -0.35046746
vn 0.54808888 0.79947738 -0.24583429
vn 0.34819718 0.93135291 -0.10649166
vn 0.06705771 0.99496222 0.07452141
vn -0.28063431 0.91885820 0.27738780
vn -0.60030544 0.66776484 0.44014031
vn -0.79064708 0.32991284 0.51578552
vn -0.85434681 0.01541430 0.51947467
vn -0.84091186 -0.24389350 0.48309751
vn -0.78131948 -0.45850293 0.42345595
vn -0.68381522 -0.64349117 0.34397072
vn -0.54072859 -0.80629654 0.23978842
vn -0.33202267 -0.93787180 0.10078412
vn -0.03834543 -0.99607045 -0.07983281
vn 0.31106557 -0.90818278 -0.28007543
vn 0.61278664 -0.65651478 -0.43986461
vn 0.78950420 -0.32957320 -0.51774958
vn 0.85097360 -0.02131426 -0.52477580
vn 0.89296891 0.29703481 -0.33819645
vn 0.82291475 0.48622817 -0.29392767
vn 0.71677896 0.65605235 -0.23626942
vn 0.55951748 0.81354263 -0.15839374
vn 0.32097391 0.94582305 -0.04893372
vn -0.02745642 0.99483286 0.09774314
vn -0.43971410 0.86230228 0.25116984
vn -0.75868981 0.54975048 0.34951993
vn -0.90260856 0.20661249 0.37763616
vn -0.92786977 -0.07672586 0.36492579
vn -0.89323285 -0.30192729 0.33312910
vn -0.82172745 -0.49102784 0.28923289
vn -0.71346723 -0.66114749 0.23205280
vn -0.55185041 -0.81942289 0.15494274
vn -0.30380748 -0.95157829 0.04690180
vn 0.05734535 -0.99358405 -0.09747945
vn 0.46459005 -0.84992189 -0.24857368
vn 0.76413054 -0.54257351 -0.34888179
vn 0.90077275 -0.20846865 -0.38098462
vn 0.92626224 0.07203349 -0.36993166
vn 0.91802624 0.34098628 -0.20237633
vn 0.84155458 0.51217628 -0.17164307
vn 0.72830764 0.67233269 -0.13242632
vn 0.55516862 0.82804231 -0.07831819
vn 0.27882494 0.96034185 0.00042189
vn -0.13292368 0.98559108 0.10460168
vn -0.58180096 0.78884064 0.19808608
vn -0.86741814 0.43593473 0.23988887
vn -0.96469013 0.10746304 0.24046756
vn -0.96384450 -0.14508165 0.22350636
vn -0.91750781 -0.34431648 0.19906175
vn -0.83995239 -0.51577955 0.16867552
vn -0.72486648 -0.67654672 0.12981954
vn -0.54758498 -0.83323820 0.07658197
vn -0.26172589 -0.96514222 0.00022971
vn 0.16075727 -0.98190236 -0.10012422
vn 0.59918850 -0.77686566 -0.19352748
vn 0.86953396 -0.43147127 -0.24029824
vn 0.96369089 -0.10898939 -0.24376461
vn 0.96344277 0.14204014 -0.22716211
vn 0.92419992 0.37350874 -0.07966008
vn 0.84399648 0.53298544 -0.05997058
vn 0.72513839 0.68765537 -0.03611647
vn 0.53716743 0.84346624 -0.00398154
vn 0.22429775 0.97363888 0.04144709
vn -0.23952745 0.96629746 0.09431769
vn -0.69339166 0.70954345 0.12552332
vn -0.93215686 0.33963965 0.12541331
vn -0.99316839 0.03304566 0.11191304
vn -0.97620298 -0.19472988 0.09543597
vn -0.92340174 -0.37584544 0.07790653
vn -0.84226824 -0.53588452 0.05841227
vn -0.72166240 -0.69137255 0.03474729
vn -0.52966715 -0.84819880 0.00339144
vn -0.20786788 -0.97737013 -0.03922478
vn 0.26320103 -0.96072101 -0.08797929
vn 0.70490184 -0.69883446 -0.12142401
vn 0.93342077 -0.33587445 -0.12615081
vn 0.99290648 -0.03345994 -0.11409271
vn 0.97634726 0.19297590 -0.09750036
vn 0.91678092 0.39791727 0.03427231
vn 0.83346024 0.55074486 0.04499029
vn 0.70888759 0.70313495 0.05549439
vn 0.50622299 0.85986425 0.06611933
vn 0.16027594 0.98427882 0.07420793
vn -0.33702030 0.93898724 0.06870430
vn -0.77048330 0.63605160 0.04235393
vn -0.96387174 0.26604353 0.01311870
vn -0.99977400 -0.01974823 -0.00787065
vn -0.97292450 -0.22999795 -0.02277860
vn -0.91600527 -0.39966814 -0.03463696
vn -0.83178868 -0.55324245 -0.04528114
vn -0.70542062 -0.70659525 -0.05572166
vn -0.49864981 -0.86430174 -0.06580928
vn -0.14448850 -0.98691497 -0.07156759
vn 0.35660853 -0.93212253 -0.06307093
vn 0.77868599 -0.62618277 -0.03928455
vn 0.96496934 -0.26203524 -0.01310370
vn 0.99976898 0.02024289 0.00722569
vn 0.97316167 0.22904466 0.02224635
vn 0.89780355 0.41621560 0.14392134
vn 0.81070494 0.56669898 0.14700262
vn 0.67927622 0.71941674 0.14499439
vn 0.46181942 0.87691912 0.13317534
vn 0.08989539 0.99099855 0.09920024
vn -0.41761064 0.90806889 0.03181571
vn -0.81566781 0.57678654 -0.04475835
vn -0.97178400 0.21568166 -0.09548446
vn -0.99108092 -0.05407739 -0.12179594
vn -0.95772945 -0.25372168 -0.13557140
vn -0.89729276 -0.41764367 -0.14296664
vn -0.80930111 -0.56895366 -0.14602554
vn -0.67597116 -0.72272072 -0.14400610
vn -0.45405664 -0.88114146 -0.13199358
vn -0.07386458 -0.99253271 -0.09707135
vn 0.43529293 -0.89983994 -0.02842777
vn 0.82227926 -0.56711746 0.04727166
vn 0.97256906 -0.21151586 0.09680117
vn 0.99091526 0.05499099 0.12273114
vn 0.95774781 0.25316451 0.13648031
vn 0.86678462 0.42931641 0.25371606
vn 0.77434474 0.58142915 0.24966050
vn 0.63421814 0.73669071 0.23463621
vn 0.40235565 0.89384202 0.19787970
vn 0.01598885 0.99294696 0.11747635
vn -0.47744814 0.87858667 -0.01134649
vn -0.83341419 0.53662189 -0.13212772
vn -0.96127272 0.18786682 -0.20164525
vn -0.96964524 -0.07179393 -0.23373862
vn -0.93129929 -0.26723751 -0.24751918
vn -0.86682378 -0.43059119 -0.25141152
vn -0.77352679 -0.58350557 -0.24734098
vn -0.63139239 -0.73983568 -0.23235065
vn -0.39433469 -0.89785423 -0.19585181
vn 0.00199510 -0.99323991 -0.11606249
vn 0.49610638 -0.86816690 0.01283317
vn 0.83932752 -0.52671899 0.13452296
vn 0.96149024 -0.18392239 0.20422798
vn 0.96899353 0.07267629 0.23615608
vn 0.93081386 0.26677167 0.24983681
vn 0.82066934 0.43703066 0.36811146
vn 0.72057654 0.59474991 0.35642952
vn 0.56961589 0.75441593 0.32618145
vn 0.32534359 0.90908029 0.26023944
vn -0.05961239 0.98966910 0.13038958
vn -0.51610666 0.85467960 -0.05618438
vn -0.82709932 0.51814611 -0.21778733
vn -0.93389575 0.18255190 -0.30743053
vn -0.93474018 -0.07296980 -0.34775883
vn -0.89159764 -0.27035242 -0.36326741
vn -0.82167061 -0.43828660 -0.36436556
vn -0.72079865 -0.59669752 -0.35270579
vn -0.56763017 -0.75741805 -0.32266684
vn -0.31669256 -0.91291504 -0.25747223
vn 0.08148233 -0.98833011 -0.12870207
vn 0.53776485 -0.84111673 0.05772015
vn 0.83308443 -0.50736684 0.22033888
vn 0.93343589 -0.17889151 0.31095864
vn 0.93328626 0.07354156 0.35152298
vn 0.89024198 0.26974693 0.36702289
vn 0.75291837 0.43764957 0.49150461
vn 0.64228808 0.60516308 0.47036547
vn 0.47895289 0.77061798 0.42041891
vn 0.22766637 0.91988066 0.31935496
vn -0.13633572 0.98084952 0.13909271
vn -0.53516265 0.83892894 -0.09899083
vn -0.79808320 0.52258172 -0.29995258
vn -0.88758905 0.20106881 -0.41443577
vn -0.88217984 -0.05553070 -0.46762706
vn -0.83322454 -0.26098774 -0.48746514
vn -0.75549443 -0.43906230 -0.48626378
vn -0.64408260 -0.60716435 -0.46530534
vn -0.47785160 -0.77373509 -0.41592290
vn -0.21725333 -0.92367234 -0.31564285
vn 0.16324181 -0.97732267 -0.13487964
vn 0.56035552 -0.82178144 0.10332932
vn 0.80500886 -0.50983101 0.30336955
vn 0.88649355 -0.19711033 0.41866062
vn 0.87951961 0.05579847 0.47257992
vn 0.83043910 0.26007700 0.49267722
vn 0.65162248 0.42683361 0.62705758
vn 0.52767124 0.60849948 0.59269844
vn 0.35308146 0.78053454 0.51584815
vn 0.10603364 0.92177733 0.37293891
vn -0.21462032 0.96599850 0.14417012
vn -0.53728596 0.83224182 -0.13673828
vn -0.74584738 0.54997834 -0.37581314
vn -0.81648787 0.24614114 -0.52226631
vn -0.80313753 -0.01479229 -0.59561003
vn -0.74562515 -0.23431453 -0.62381074
vn -0.65656840 -0.42873417 -0.62056824
vn -0.53135815 -0.61113297 -0.58666431
vn -0.35201784 -0.78450849 -0.51051922
vn -0.09210910 -0.92567767 -0.36692883
vn 0.24585848 -0.95996725 -0.13422553
vn 0.56486035 -0.81198928 0.14699046
vn 0.75429544 -0.53405131 0.38187378
vn 0.81485884 -0.24049320 0.52741643
vn 0.79870237 0.01529225 0.60153194
vn 0.74057046 0.23306599 0.63026633
vn 0.49748021 0.39557067 0.77203451
vn 0.35974560 0.59535222 0.71842803
vn 0.18163070 0.77463058 0.60577038
vn -0.04182773 0.90820983 0.41641967
vn -0.29546120 0.94422590 0.14539648
vn -0.52612519 0.83385664 -0.16695924
vn -0.66907564 0.59856469 -0.44052026
vn -0.71104431 0.32064692 -0.62578075
vn -0.68249259 0.05647986 -0.72870700
vn -0.61045943 -0.18153919 -0.77096226
vn -0.50527303 -0.39854426 -0.76541599
vn -0.36460011 -0.59989209 -0.71217711
vn -0.17850728 -0.78072293 -0.59883793
vn 0.06003228 -0.91238005 -0.40491822
vn 0.32735613 -0.93642665 -0.12626594
vn 0.55261995 -0.81235734 0.18624377
vn 0.67821030 -0.57911461 0.45239038
vn 0.70866482 -0.31129693 0.63315748
vn 0.67556040 -0.05427441 0.73530431
vn 0.60221040 0.18031627 0.77770732
vn 0.26760955 0.32884962 0.90567271
vn 0.12256118 0.54884023 0.82689368
vn -0.04073773 0.73777151 0.67382018
vn -0.21442395 0.87109673 0.44182900
vn -0.37971433 0.91424999 0.14129398
vn -0.50646167 0.84145289 -0.18829129
vn -0.56808893 0.66327313 -0.48717935
vn -0.56099012 0.42356676 -0.71125332
vn -0.50038716 0.16469242 -0.84999359
vn -0.40253451 -0.09064267 -0.91090607
vn -0.27655499 -0.33337468 -0.90132051
vn -0.12566643 -0.55688838 -0.82102575
vn 0.04770537 -0.74729392 -0.66277899
vn 0.23343317 -0.87648790 -0.42104383
vn 0.40482845 -0.90761611 -0.11111672
vn 0.52515987 -0.82251357 0.21835415
vn 0.57361301 -0.64239635 0.50822736
vn 0.55609504 -0.40934864 0.72332012
vn 0.49035740 -0.15845151 0.85699635
vn 0.39141769 0.09069550 0.91573278
vn -0.03958314 0.21353685 0.97613277
vn -0.17617922 0.45127410 0.87482145
vn -0.30047455 0.65535846 0.69297932
vn -0.40152883 0.80431209 0.43801445
vn -0.46639057 0.87519335 0.12851630
vn -0.48329974 0.85189480 -0.20173403
vn -0.44745785 0.73501964 -0.50943852
vn -0.36445771 0.54326438 -0.75632955
vn -0.24726507 0.30403139 -0.92001353
vn -0.11008091 0.04317294 -0.99298454
vn 0.03515979 -0.21843073 -0.97521885
vn 0.17835583 -0.46241157 -0.86854173
vn 0.30875602 -0.66870816 -0.67638681
vn 0.41285832 -0.81378145 -0.40903271
vn 0.47545129 -0.87504982 -0.09074075
vn 0.48526176 -0.84093684 0.23947079
vn 0.44126382 -0.71783024 0.53852204
vn 0.35297182 -0.52660063 0.77337098
vn 0.23478669 -0.29295310 0.92685149
vn 0.10034392 -0.04001825 0.99414769
vn -0.36785364 0.06131997 0.92785967
vn -0.48078392 0.30699880 0.82133949
vn -0.55483130 0.52964240 0.64159267
vn -0.58081034 0.71072610 0.39689767
vn -0.55000271 0.82873181 0.10344378
vn -0.45899680 0.86322497 -0.21015373
vn -0.31544912 0.80362738 -0.50465323
vn -0.13879683 0.65681837 -0.74116467
vn 0.04690426 0.44532093 -0.89414163
vn 0.22151975 0.19699379 -0.95505102
vn 0.37147921 -0.06365114 -0.92625684
vn 0.48721535 -0.31692436 -0.81374452
vn 0.55977105 -0.54463357 -0.62452433
vn 0.57964489 -0.72636725 -0.36932697
vn 0.53945425 -0.83924076 -0.06829388
vn 0.43974598 -0.86387139 0.24566177
vn 0.29293283 -0.79429251 0.53224971
vn 0.11993889 -0.64261087 0.75674694
vn -0.05787114 -0.43294116 0.89956261
vn -0.22414359 -0.19110611 0.95563492
vn -0.63119580 -0.08799580 0.77061573
vn -0.71870244 0.15095214 0.67873430
vn -0.75491934 0.38620717 0.53003851
vn -0.72795542 0.60431546 0.32385758
vn -0.62262391 0.77964044 0.06708391
vn -0.43339526 0.87540997 -0.21406994
vn -0.18287210 0.86205673 -0.47266901
vn 0.08055188 0.74340697 -0.66397099
vn 0.31440061 0.55374847 -0.77104792
vn 0.50089728 0.32851102 -0.80073867
vn 0.63788679 0.08864851 -0.76501104
vn 0.72518629 -0.15608559 -0.67062816
vn 0.75700732 -0.39823502 -0.51802393
vn 0.71996382 -0.62285611 -0.30610841
vn 0.59955130 -0.79914630 -0.04362839
vn 0.39870463 -0.88572012 0.23776981
vn 0.15061838 -0.85906924 0.48919745
vn -0.09934795 -0.73349757 0.67239222
vn -0.31972337 -0.54434218 0.77554404
vn -0.49782198 -0.32295057 0.80490758
vn -0.79433894 -0.20393857 0.57221910
vn -0.86477538 0.01732385 0.50185997
vn -0.88430812 0.25330762 0.39221728
vn -0.83351591 0.50047249 0.23404810
vn -0.68070882 0.73214465 0.02448902
vn -0.40871893 0.88780329 -0.21155176
vn -0.06399432 0.90693789 -0.41637530
vn 0.25870143 0.79749993 -0.54503893
vn 0.50634462 0.61986017 -0.59949020
vn 0.68115295 0.41788103 -0.60117061
vn 0.79921690 0.20552038 -0.56481300
vn 0.86910514 -0.01876285 -0.49427139
vn 0.88561786 -0.26043509 -0.38451862
vn 0.82592447 -0.51681197 -0.22528682
vn 0.65531026 -0.75523831 -0.01354847
vn 0.36883288 -0.90270384 0.22155833
vn 0.03239959 -0.90623932 0.42152171
vn -0.27159005 -0.79086066 0.54843255
vn -0.50738728 -0.61419088 0.60442345
vn -0.67750940 -0.41425138 0.60776377
vn -0.87856769 -0.28404492 0.38397564
vn -0.93980341 -0.08307380 0.33146386
vn -0.95632651 0.14469211 0.25397597
vn -0.90207535 0.40844081 0.13941363
vn -0.72532784 0.68809285 -0.02068244
vn -0.38951574 0.89846981 -0.20255738
vn 0.02869490 0.93854672 -0.34395734
vn 0.38184985 0.82730643 -0.41201306
vn 0.62229099 0.65639949 -0.42648990
vn 0.77882682 0.47344365 -0.41143637
vn 0.88103266 0.28522707 -0.37739498
vn 0.94204305 0.08278332 -0.32511817
vn 0.95718412 -0.14867228 -0.24838501
vn 0.89700714 -0.42084068 -0.13517143
vn 0.70349220 -0.71032404 0.02320513
vn 0.35190881 -0.91391466 0.20228738
vn -0.05457273 -0.93789232 0.34260737
vn -0.38969671 -0.82267332 0.41393851
vn -0.62232471 -0.65309641 0.43148236
vn -0.77674011 -0.47135356 0.41773272
vn -0.91495017 -0.33820256 0.22019357
vn -0.97148103 -0.15446643 0.17990202
vn -0.99020507 0.06211016 0.12504495
vn -0.94213039 0.33216144 0.04537725
vn -0.75844992 0.64825958 -0.06718067
vn -0.37933319 0.90569836 -0.18925329
vn 0.08976226 0.96007684 -0.26494376
vn 0.45512096 0.84434544 -0.28274667
vn 0.68318519 0.67815835 -0.27084913
vn 0.82451255 0.50915779 -0.24685503
vn 0.91589699 0.33870943 -0.21542661
vn 0.97242767 0.15392104 -0.17519344
vn 0.99054033 -0.06517332 -0.12075714
vn 0.93882797 -0.34172089 -0.04276539
vn 0.74163918 -0.66757724 0.06566548
vn 0.34756821 -0.91956664 0.18328541
vn -0.10995007 -0.95898342 0.26126956
vn -0.46080751 -0.84072071 0.28433278
vn -0.68380593 -0.67589457 0.27491085
vn -0.82386725 -0.50790811 0.25153947
vn -0.92352071 -0.37561207 0.07762138
vn -0.97790226 -0.20408310 0.04535692
vn -0.99997879 0.00255609 0.00599009
vn -0.96093248 0.27283061 -0.04660714
vn -0.78145822 0.61329688 -0.11484762
vn -0.37982316 0.90848961 -0.17430142
vn 0.11928514 0.97524442 -0.18619715
vn 0.48881853 0.85693096 -0.16348018
vn 0.70720091 0.69427505 -0.13360023
vn 0.83875119 0.53444086 -0.10425647
vn 0.92377528 0.37556282 -0.07477840
vn 0.97827543 0.20292574 -0.04240661
vn 0.99997801 -0.00588321 -0.00306138
vn 0.95841915 -0.28122049 0.04845386
vn 0.76877595 -0.62956785 0.11237374
vn 0.35445254 -0.92006931 0.16684083
vn -0.13574774 -0.97382771 0.18229684
vn -0.49420214 -0.85366254 0.16439135
vn -0.70860502 -0.69235705 0.13609056
vn -0.83892885 -0.53361298 0.10703069
vn -0.91416008 -0.40213409 -0.05098561
vn -0.96825190 -0.23755396 -0.07782275
vn -0.99365700 -0.03751914 -0.10600978
vn -0.96338087 0.23056171 -0.13688900
vn -0.79502372 0.58401668 -0.16389569
vn -0.39129609 0.90621800 -0.16017587
vn 0.11932180 0.98656561 -0.11158231
vn 0.49084180 0.86955749 -0.05425950
vn 0.70477932 0.70935527 -0.01006071
vn 0.83190460 0.55441674 0.02359690
vn 0.91428766 0.40171143 0.05201927
vn 0.96855866 0.23590305 0.07901813
vn 0.99365069 0.03370475 0.10734198
vn 0.96124676 -0.23877916 0.13780123
vn 0.78473156 -0.59826799 0.16208573
vn 0.37036873 -0.91594401 0.15451078
vn -0.13411677 -0.98504930 0.10812289
vn -0.49644448 -0.86639509 0.05387424
vn -0.70655873 -0.70757351 0.01070000
vn -0.83231721 -0.55383481 -0.02269491
vn -0.89047933 -0.42096964 -0.17271686
vn -0.94607309 -0.25825188 -0.19558033
vn -0.97480967 -0.06063157 -0.21463906
vn -0.95214782 0.20525720 -0.22645973
vn -0.79915649 0.56151295 -0.21459755
vn -0.41300250 0.89839649 -0.14937432
vn 0.09178525 0.99484275 -0.04316686
vn 0.46496383 0.88408162 0.04699287
vn 0.68009949 0.72552795 0.10523249
vn 0.80780052 0.57167182 0.14369987
vn 0.89091389 0.42032943 0.17203374
vn 0.94669337 0.25637245 0.19505082
vn 0.97513705 0.05661500 0.21424864
vn 0.95041636 -0.21346245 0.22614713
vn 0.78954548 -0.57523641 0.21382473
vn 0.39269548 -0.90785821 0.14691402
vn -0.10658627 -0.99349032 0.04020377
vn -0.47044502 -0.88106943 -0.04897086
vn -0.68161011 -0.72392500 -0.10649066
vn -0.80790981 -0.57129237 -0.14459175
vn -0.85190661 -0.43340624 -0.29396284
vn -0.91113169 -0.26751716 -0.31348623
vn -0.94374979 -0.06782647 -0.32362928
vn -0.92793911 0.19696982 -0.31643626
vn -0.79331287 0.54712003 -0.26704749
vn -0.44270789 0.88495838 -0.14442431
vn 0.03771606 0.99913584 0.01746644
vn 0.41088825 0.90049614 0.14239923
vn 0.63250713 0.74348766 0.21716543
vn 0.76575479 0.58725175 0.26221172
vn 0.85310021 0.43267019 0.29157595
vn 0.91243730 0.26566948 0.31125214
vn 0.94471948 0.06397551 0.32157773
vn 0.92669018 -0.20506599 0.31494958
vn 0.78307059 -0.56180777 0.26678171
vn 0.41923770 -0.89640691 0.14385550
vn -0.05426278 -0.99832343 -0.02014660
vn -0.41581158 -0.89770311 -0.14570468
vn -0.63303451 -0.74215326 -0.22017232
vn -0.76498165 -0.58707624 -0.26484820
vn -0.79396198 -0.43897910 -0.42062064
vn -0.85974364 -0.26471417 -0.43676914
vn -0.89781594 -0.05848904 -0.43646944
vn -0.88946728 0.20617552 -0.40784753
vn -0.77644207 0.54226051 -0.32107826
vn -0.47668911 0.86667500 -0.14711199
vn -0.04217874 0.99678996 0.06804947
vn 0.32464703 0.91676416 0.23269675
vn 0.55677289 0.76250807 0.32952296
vn 0.70080505 0.60080890 0.38457892
vn 0.79652919 0.43825407 0.41650284
vn 0.86222750 0.26306120 0.43285395
vn 0.89974338 0.05490122 0.43295231
vn 0.88861131 -0.21454058 0.40539151
vn 0.76473792 -0.55922969 0.32005946
vn 0.44844386 -0.88194381 0.14516617
vn 0.02172882 -0.99720723 -0.07145341
vn -0.32941402 -0.91401323 -0.23678307
vn -0.55573980 -0.76134966 -0.33391611
vn -0.69844749 -0.60078296 -0.38888424
vn -0.70700032 -0.43484540 -0.55772755
vn -0.78375724 -0.24682063 -0.56991593
vn -0.83076343 -0.03010074 -0.55581118
vn -0.83310191 0.23408265 -0.50114521
vn -0.74683502 0.54839909 -0.37615940
vn -0.51057034 0.84517363 -0.15811219
vn -0.14581908 0.98371613 0.10506846
vn 0.19971938 0.92764112 0.31558536
vn 0.44249374 0.77927786 0.44376268
vn 0.60245027 0.60978236 0.51499432
vn 0.71184144 0.43426195 0.55199486
vn 0.78818158 0.24530813 0.56444107
vn 0.83407476 0.02629770 0.55102425
vn 0.83248322 -0.24387355 0.49749109
vn 0.73355348 -0.56857997 0.37231185
vn 0.47872200 -0.86488217 0.15101018
vn 0.11978698 -0.98649401 -0.11171680
vn -0.20628010 -0.92452664 -0.32046686
vn -0.43996060 -0.77772650 -0.44897233
vn -0.59773945 -0.60960735 -0.52065961
vn -0.57385792 -0.41404548 -0.70657868
vn -0.66842248 -0.20752850 -0.71424318
vn -0.73147777 0.02190625 -0.68151331
vn -0.75241279 0.28262178 -0.59497892
vn -0.70192023 0.56700828 -0.43105638
vn -0.53984365 0.82290071 -0.17720965
vn -0.26748491 0.95553961 0.12408013
vn 0.03053801 0.92303367 0.38350525
vn 0.27431831 0.78504496 0.55538625
vn 0.45261111 0.60701653 0.65320296
vn 0.58202010 0.41381873 0.70000476
vn 0.67591078 0.20566674 0.70770460
vn 0.73691777 -0.02723635 0.67543348
vn 0.75234399 -0.29547986 0.58878703
vn 0.68836649 -0.59041180 0.42138520
vn 0.50821517 -0.84595765 0.16147135
vn 0.23681195 -0.96170374 -0.13800734
vn -0.04207152 -0.91939377 -0.39108195
vn -0.27206579 -0.78184787 -0.56097603
vn -0.44535117 -0.60582475 -0.65927135
vn -0.37006821 -0.36306667 -0.85512111
vn -0.49153550 -0.13676755 -0.86005086
vn -0.58352119 0.10330366 -0.80550070
vn -0.63828455 0.35368766 -0.68373816
vn -0.63824414 0.59942367 -0.48304832
vn -0.56005579 0.80315916 -0.20315726
vn -0.39608748 0.91015236 0.12139765
vn -0.17895050 0.88854824 0.42244378
vn 0.03899248 0.76185901 0.64656820
vn 0.22753478 0.57663081 0.78468136
vn 0.38134235 0.36346237 0.84998419
vn 0.50309713 0.13342609 0.85386812
vn 0.59255282 -0.11204440 0.79770120
vn 0.64088426 -0.37044615 0.67233698
vn 0.62852182 -0.62404265 0.46425326
vn 0.53519368 -0.82608794 0.17648354
vn 0.36673246 -0.91872846 -0.14644222
vn 0.16134081 -0.88475564 -0.43723746
vn -0.04126179 -0.75567644 -0.65364408
vn -0.22016712 -0.57294417 -0.78946907
vn -0.08074704 -0.26458328 -0.96097638
vn -0.23453242 -0.02510011 -0.97178420
vn -0.37167179 0.21670669 -0.90271717
vn -0.48218519 0.44673543 -0.75360792
vn -0.55262379 0.64615485 -0.52639419
vn -0.56761815 0.78968160 -0.23283599
vn -0.51694152 0.85046773 0.09734531
vn -0.40495637 0.81332544 0.41774640
vn -0.25144224 0.68614337 0.68263027
vn -0.08039462 0.49438806 0.86551554
vn 0.09007389 0.26527185 0.95995705
vn 0.24856807 0.01911357 0.96842583
vn 0.38625240 -0.22930188 0.89343703
vn 0.49271465 -0.46498751 0.73553987
vn 0.55438446 -0.66684150 0.49797619
vn 0.55799031 -0.80621538 0.19663055
vn 0.49909080 -0.85632978 -0.13269396
vn 0.38749936 -0.80859510 -0.44273944
vn 0.24205507 -0.67729886 -0.69474859
vn 0.08135186 -0.48796108 -0.86906608
vn 0.25758683 -0.11802375 -0.95902003
vn 0.08211176 0.12025921 -0.98934088
vn -0.10441614 0.35115447 -0.93047719
vn -0.28689622 0.55347010 -0.78189603
vn -0.44629030 0.70451506 -0.55180024
vn -0.56222103 0.78468064 -0.26112030
vn -0.61884248 0.78339908 0.05761830
vn -0.61000007 0.70204354 0.36747079
vn -0.53964860 0.55209097 0.63559023
vn -0.41811573 0.35078033 0.83793341
vn -0.25802111 0.11736415 0.95898423
vn -0.07270900 -0.12819781 0.98907974
vn 0.12265965 -0.36444427 0.92311158
vn 0.30941477 -0.56786193 0.76275509
vn 0.46611434 -0.71515201 0.52085990
vn 0.57318467 -0.78837475 0.22343810
vn 0.61882859 -0.77984830 -0.09427516
vn 0.60163795 -0.69362069 -0.39613396
vn 0.52846100 -0.54283824 -0.65272936
vn 0.41002447 -0.34496145 -0.84432312
vn 0.55562278 0.04132371 -0.83040693
vn 0.38375426 0.26470386 -0.88468330
vn 0.16916573 0.47731749 -0.86229402
vn -0.07669875 0.65501399 -0.75171403
vn -0.32851319 0.76641339 -0.55198696
vn -0.54767583 0.78677387 -0.28467186
vn -0.69862840 0.71543987 0.00800918
vn -0.76762782 0.57449241 0.28408800
vn -0.76092901 0.39001897 0.51852893
vn -0.69015481 0.18020599 0.70086528
vn -0.56320178 -0.04384640 0.82515529
vn -0.38358987 -0.27199131 0.88254152
vn -0.15575715 -0.48779134 0.85895245
vn 0.10479091 -0.66360207 0.74070990
vn 0.36326162 -0.76637577 0.52981994
vn 0.57528010 -0.77690307 0.25587970
vn 0.71158487 -0.70170256 -0.03550336
vn 0.76776095 -0.56291179 -0.30606118
vn 0.75352202 -0.38294274 -0.53437760
vn 0.68026205 -0.17791469 -0.71104846
vn 0.75338437 0.17234524 -0.63459366
vn 0.60457147 0.37459100 -0.70297576
vn 0.39381864 0.56924863 -0.72170830
vn 0.11567092 0.73344847 -0.66983101
vn -0.21137225 0.82262226 -0.52783937
vn -0.52696650 0.79350224 -0.30440186
vn -0.75623654 0.65243286 -0.04937267
vn -0.87236196 0.45329140 0.18306150
vn -0.89671988 0.24082480 0.37134469
vn -0.85534972 0.03106253 0.51711891
vn -0.76006306 -0.17521163 0.62578354
vn -0.60848676 -0.37963878 0.69686316
vn -0.38874997 -0.57623505 0.71890655
vn -0.09303262 -0.73882968 0.66743961
vn 0.25026715 -0.81728168 0.51905396
vn 0.56178151 -0.77529922 0.28863931
vn 0.77283386 -0.63372351 0.03350136
vn 0.87506786 -0.44239669 -0.19631968
vn 0.89289146 -0.23694571 -0.38288585
vn 0.84896567 -0.03137890 -0.52751555
vn 0.85965578 0.26390358 -0.43743210
vn 0.73699370 0.44553867 -0.50826723
vn 0.54911283 0.62489151 -0.55496459
vn 0.27028810 0.78450882 -0.55811313
vn -0.10358489 0.86840493 -0.48491551
vn -0.50015476 0.80409830 -0.32135827
vn -0.79181002 0.60031998 -0.11248469
vn -0.93235963 0.35327655 0.07681921
vn -0.96642047 0.12457644 0.22474914
vn -0.93760015 -0.07851107 0.33873585
vn -0.86312977 -0.26613411 0.42916154
vn -0.73993421 -0.44872704 0.50114010
vn -0.54806492 -0.62936291 0.55093300
vn -0.25616288 -0.78872607 0.55883071
vn 0.13790819 -0.86289071 0.48621081
vn 0.53471191 -0.78343062 0.31673277
vn 0.80679090 -0.58145179 0.10489165
vn 0.93483472 -0.34483020 -0.08471235
vn 0.96471406 -0.12273066 -0.23294626
vn 0.93459110 0.07751865 -0.34717480
vn 0.90801367 0.32507156 -0.26427194
vn 0.80590321 0.49004804 -0.33222423
vn 0.64375165 0.65658255 -0.39304347
vn 0.38252810 0.81447753 -0.43623229
vn -0.01047697 0.90325301 -0.42898045
vn -0.46709816 0.81832333 -0.33491228
vn -0.80690436 0.56310001 -0.17839209
vn -0.95985550 0.27912442 -0.02769419
vn -0.99506842 0.04157882 0.09005581
vn -0.97122948 -0.15388145 0.18175202
vn -0.90924568 -0.32653362 0.25816292
vn -0.80692062 -0.49221141 0.32650733
vn -0.64292168 -0.65977663 0.38903279
vn -0.37369397 -0.81820123 0.43692056
vn 0.03722319 -0.89969590 0.43492726
vn 0.49747990 -0.79910782 0.33755066
vn 0.81914411 -0.54615348 0.17526923
vn 0.96190781 -0.27246001 0.02233607
vn 0.99456378 -0.04020351 -0.09605497
vn 0.97015612 0.15327673 -0.18789187
vn 0.92325976 0.36630205 -0.11581980
vn 0.83514093 0.51964827 -0.18029227
vn 0.69393170 0.67617382 -0.24748283
vn 0.45570603 0.83192211 -0.31660326
vn 0.06462725 0.92854305 -0.36555591
vn -0.42872165 0.83516192 -0.34453203
vn -0.80385557 0.54194830 -0.24516985
vn -0.96471719 0.22942519 -0.12916978
vn -0.99932471 -0.01475723 -0.03365028
vn -0.97778102 -0.20515319 0.04308643
vn -0.92336087 -0.36783320 0.11001569
vn -0.83495602 -0.52185140 0.17469851
vn -0.69248537 -0.67931056 0.24290158
vn -0.44920438 -0.83586476 0.31550835
vn -0.04490845 -0.92759249 0.37088462
vn 0.45329465 -0.82005074 0.34934332
vn 0.81379440 -0.52792848 0.24296129
vn 0.96664810 -0.22411721 0.12394732
vn 0.99948780 0.01573318 0.02786756
vn 0.97765724 0.20443468 -0.04891612
vn 0.91533568 0.40243404 0.01440281
vn 0.83501935 0.54814995 -0.04768982
vn 0.70656439 0.69764711 -0.11855491
vn 0.48502607 0.85021022 -0.20467605
vn 0.10204910 0.94930894 -0.29731887
vn -0.40724430 0.84586051 -0.34448814
vn -0.79786483 0.52068077 -0.30381448
vn -0.95714399 0.18705320 -0.22110290
vn -0.98774466 -0.06072191 -0.14378226
vn -0.96586866 -0.24708628 -0.07775662
vn -0.91502306 -0.40304252 -0.01701542
vn -0.83430198 -0.54942570 0.04551501
vn -0.70459393 -0.69978185 0.11769776
vn -0.47863873 -0.85308137 0.20774297
vn -0.08377667 -0.94752199 0.30851832
vn 0.43035977 -0.82916018 0.35676864
vn 0.80664484 -0.50519980 0.30675278
vn 0.95871975 -0.18073766 0.21952298
vn 0.98799477 0.06267443 0.14120286
vn 0.96602451 0.24731942 0.07503171
f 1//1 2//2 21//21
f 2//2 22//22 21//21
f 2//2 3//3 22//22
f 3//3 23//23 22//22
f 3//3 4//4 23//23
f 4//4 24//24 23//23
f 4//4 5//5 24//24
f 5//5 25//25 24//24
f 5//5 6//6 25//25
f 6//6 26//26 25//25
f 6//6 7//7 26//26
f 7//7 27//27 26//26
f 7//7 8//8 27//27
f 8//8 28//28 27//27
f 8//8 9//9 28//28
f 9//9 29//29 28//28
f 9//9 10//10 29//29
f 10//10 30//30 29//29
f 10//10 11//11 30//30
f 11//11 31//31 30//30
f 11//11 12//12 31//31
f 12//12 32//32 31//31
f 12//12 13//13 32//32
f 13//13 33//33 32//32
f 13//13 14//14 33//33
f 14//14 34//34 33//33
f 14//14 15//15 34//34
f 15//15 35//35 34//34
f 15//15 16//16 35//35
f 16//16 36//36 35//35
f 16//16 17//17 36//36
f 17//17 37//37 36//36
f 17//17 18//18 37//37
f 18//18 38//38 37//37
f 18//18 19//19 38//38
f 19//19 39//39 38//38
f 19//19 20//20 39//39
f 20//20 40//40 39//39
f 20//20 1//1 40//40
f 1//1 21//21 40//40
f 21//21 22//22 41//41
f 22//22 42//42 41//41
f 22//22 23//23 42//42
f 23//23 43//43 42//42
f 23//23 24//24 43//43
f 24//24 44//44 43//43
f 24//24 25//25 44//44
f 25//25 45//45 44//44
f 25//25 26//26 45//45
f 26//26 46//46 45//45
f 26//26 27//27 46//46
f 27//27 47//47 46//46
f 27//27 28//28 47//47
f 28//28 48//48 47//47
f 28//28 29//29 48//48
f 29//29 49//49 48//48
f 29//29 30//30 49//49
f 30//30 50//50 49//49
f 30//30 31//31 50//50
f 31//31 51//51 50//50
f 31//31 32//32 51//51
f 32//32 52//52 51//51
f 32//32 33//33 52//52
f 33//33 53//53 52//52
f 33//33 34//34 53//53
f 34//34 54//54 53//53
f 34//34 35//35 54//54
f 35//35 55//55 54//54
f 35//35 36//36 55//55
f 36//36 56//56 55//55
f 36//36 37//37 56//56
f 37//37 57//57 56//56
f 37//37 38//38 57//57
f 38//38 58//58 57//57
f 38//38 39//39 58//58
f 39//39 59//59 58//58
f 39//39 40//40 59//59
f 40//40 60//60 59//59
f 40//40 21//21 60//60
f 21//21 41//41 60//60
f 41//41 42//42 61//61
f 42//42 62//62 61//61
f 42//42 43//43 62//62
f 43//43 63//63 62//62
f 43//43 44//44 63//63
f 44//44 64//64 63//63
f 44//44 45//45 64//64
f 45//45 65//65 64//64
f 45//45 46//46 65//65
f 46//46 66//66 65//65
f 46//46 47//47 66//66
f 47//47 67//67 66//66
f 47//47 48//48 67//67
f 48//48 68//68 67//67
f 48//48 49//49 68//68
f 49//49 69//69 68//68
f 49//49 50//50 69//69
f 50//50 70//70 69//69
f 50//50 51//51 70//70
f 51//51 71//71 70//70
f 51//51 52//52 71//71
f 52//52 72//72 71//71
f 52//52 53//53 72//72
f 53//53 73//73 72//72
f 53//53 54//54 73//73
f 54//54 74//74 73//73
f 54//54 55//55 74//74
f 55//55 75//75 74//74
f 55//55 56//56 75//75
f 56//56 76//76 75//75
f 56//56 57//57 76//76
f 57//57 77//77 76//76
f 57//57 58//58 77//77
f 58//58 78//78 77//77
f 58//58 59//59 78//78
f 59//59 79//79 78//78
f 59//59 60//60 79//79
f 60//60 80//80 79//79
f 60//60 41//41 80//80
f 41//41 61//61 80//80
f 61//61 62//62 81//81
f 62//62 82//82 81//81
f 62//62 63//63 82//82
f 63//63 83//83 82//82
f 63//63 64//64 83//83
f 64//64 84//84 83//83
f 64//64 65//65 84//84
f 65//65 85//85 84//84
f 65//65 66//66 85//85
f 66//66 86//86 85//85
f 66//66 67//67 86//86
f 67//67 87//87 86//86
f 67//67 68//68 87//87
f 68//68 88//88 87//87
f 68//68 69//69 88//88
f 69//69 89//89 88//88
f 69//69 70//70 89//89
f 70//70 90//90 89//89
f 70//70 71//71 90//90
f 71//71 91//91 90//90
f 71//71 72//72 91//91
f 72//72 92//92 91//91
f 72//72 73//73 92//92
f 73//73 93//93 92//92
f 73//73 74//74 93//93
f 74//74 94//94 93//93
f 74//74 75//75 94//94
f 75//75 95//95 94//94
f 75//75 76//76 95//95
f 76//76 96//96 95//95
f 76//76 77//77 96//96
f 77//77 97//97 96//96
f 77//77 78//78 97//97
f 78//78 98//98 97//97
f 78//78 79//79 98//98
f 79//79 99//99 98//98
f 79//79 80//80 99//99
f 80//80 100//100 99//99
f 80//80 61//61 100//100
f 61//61 81//81 100//100
f 81//81 82//82 101//101
f 82//82 102//102 101//101
f 82//82 83//83 102//102
f 83//83 103//103 102//102
f 83//83 84//84 103//103
f 84//84 104//104 103//103
f 84//84 85//85 104//104
f 85//85 105//105 104//104
f 85//85 86//86 105//105
f 86//86 106//106 105//105
f 86//86 87//87 106//106
f 87//87 107//107 106//106
f 87//87 88//88 107//107
f 88//88 108//108 107//107
f 88//88 89//89 108//108
f 89//89 109//109 108//108
f 89//89 90//90 109//109
f 90//90 110//110 109//109
f 90//90 91//91 110//110
f 91//91 111//111 110//110
f 91//91 92//92 111//111
f 92//92 112//112 111//111
f 92//92 93//93 112//112
f 93//93 113//113 112//112
f 93//93 94//94 113//113
f 94//94 114//114 113//113
f 94//94 95//95 114//114
f 95//95 115//115 114//114
f 95//95 96//96 115//115
f 96//96 116//116 115//115
f 96//96 97//97 116//116
f 97//97 117//117 116//116
f 97//97 98//98 117//117
f 98//98 118//118 117//117
f 98//98 99//99 118//118
f 99//99 119//119 118//118
f 99//99 100//100 119//119
f 100//100 120//120 119//119
f 100//100 81//81 120//120
f 81//81 101//101 120//120
f 101//101 102//102 121//121
f 102//102 122//122 121//121
f 102//102 103//103 122//122
f 103//103 123//123 122//122
f 103//103 104//104 123//123
f 104//104 124//124 123//123
f 104//104 105//105 124//124
f 105//105 125//125 124//124
f 105//105 106//106 125//125
f 106//106 126//126 125//125
f 106//106 107//107 126//126
f 107//107 127//127 126//126
f 107//107 108//108 127//127
f 108//108 128//128 127//127
f 108//108 109//109 128//128
f 109//109 129//129 128//128
f 109//109 110//110 129//129
f 110//110 130//130 129//129
f 110//110 111//111 130//130
f 111//111 131//131 130//130
f 111//111 112//112 131//131
f 112//112 132//132 131//131
f 112//112 113//113 132//132
f 113//113 133//133 132//132
f 113//113 114//114 133//133
f 114//114 134//134 133//133
f 114//114 115//115 134//134
f 115//115 135//135 134//134
f 115//115 116//116 135//135
f 116//116 136//136 135//135
f 116//116 117//117 136//136
f 117//117 137//137 136//136
f 117//117 118//118 137//137
f 118//118 138//138 137//137
f 118//118 119//119 138//138
f 119//119 139//139 138//138
f 119//119 120//120 139//139
f 120//120 140//140 139//139
f 120//120 101//101 140//140
f 101//101 121//121 140//140
f 121//121 122//122 141//141
f 122//122 142//142 141//141
f 122//122 123//123 142//142
f 123//123 143//143 142//142
f 123//123 124//124 143//143
f 124//124 144//144 143//143
f 124//124 125//125 144//144
f 125//125 145//145 144//144
f 125//125 126//126 145//145
f 126//126 146//146 145//145
f 126//126 127//127 146//146
f 127//127 147//147 146//146
f 127//127 128//128 147//147
f 128//128 148//148 147//147
f 128//128 129//129 148//148
f 129//129 149//149 148//148
f 129//129 130//130 149//149
f 130//130 150//150 149//149
f 130//130 131//131 150//150
f 131//131 151//151 150//150
f 131//131 132//132 151//151
f 132//132 152//152 151//151
f 132//132 133//133 152//152
f 133//133 153//153 152//152
f 133//133 134//134 153//153
f 134//134 154//154 153//153
f 134//134 135//135 154//154
f 135//135 155//155 154//154
f 135//135 136//136 155//155
f 136//136 156//156 155//155
f 136//136 137//137 156//156
f 137//137 157//157 156//156
f 137//137 138//138 157//157
f 138//138 158//158 157//157
f 138//138 139//139 158//158
f 139//139 159//159 158//158
f 139//139 140//140 159//159
f 140//140 160//160 159//159
f 140//140 121//121 160//160
f 121//121 141//141 160//160
f 141//141 142//142 161//161
f 142//142 162//162 161//161
f 142//142 143//143 162//162
f 143//143 163//163 162//162
f 143//143 144//144 163//163
f 144//144 164//164 163//163
f 144//144 145//145 164//164
f 145//145 165//165 164//164
f 145//145 146//146 165//165
f 146//146 166//166 165//165
f 146//146 147//147 166//166
f 147//147 167//167 166//166
f 147//147 148//148 167//167
f 148//148 168//168 167//167
f 148//148 149//149 168//168
f 149//149 169//169 168//168
f 149//149 150//150 169//169
f 150//150 170//170 169//169
f 150//150 151//151 170//170
f 151//151 171//171 170//170
f 151//151 152//152 171//171
f 152//152 172//172 171//171
f 152//152 153//153 172//172
f 153//153 173//173 172//172
f 153//153 154//154 173//173
f 154//154 174//174 173//173
f 154//154 155//155 174//174
f 155//155 175//175 174//174
f 155//155 156//156 175//175
f 156//156 176//176 175//175
f 156//156 157//157 176//176
f 157//157 177//177 176//176
f 157//157 158//158 177//177
f 158//158 178//178 177//177
f 158//158 159//159 178//178
f 159//159 179//179 178//178
f 159//159 160//160 179//179
f 160//160 180//180 179//179
f 160//160 141//141 180//180
f 141//141 161//161 180//180
f 161//161 162//162 181//181
f 162//162 182//182 181//181
f 162//162 163//163 182//182
f 163//163 183//183 182//182
f 163//163 164//164 183//183
f 164//164 184//184 183//183
f 164//164 165//165 184//184
f 165//165 185//185 184//184
f 165//165 166//166 185//185
f 166//166 186//186 185//185
f 166//166 167//167 186//186
f 167//167 187//187 186//186
f 167//167 168//168 187//187
f 168//168 188//188 187//187
f 168//168 169//169 188//188
f 169//169 189//189 188//188
f 169//169 170//170 189//189
f 170//170 190//190 189//189
f 170//170 171//171 190//190
f 171//171 191//191 190//190
f 171//171 172//172 191//191
f 172//172 192//192 191//191
f 172//172 173//173 192//192
f 173//173 193//193 192//192
f 173//173 174//174 193//193
f 174//174 194//194 193//193
f 174//174 175//175 194//194
f 175//175 195//195 194//194
f 175//175 176//176 195//195
f 176//176 196//196 195//195
f 176//176 177//177 196//196
f 177//177 197//197 196//196
f 177//177 178//178 197//197
f 178//178 198//198 197//197
f 178//178 179//179 198//198
f 179//179 199//199 198//198
f 179//179 180//180 199//199
f 180//180 200//200 199//199
f 180//180 161//161 200//200
f 161//161 181//181 200//200
f 181//181 182//182 201//201
f 182//182 202//202 201//201
f 182//182 183//183 202//202
f 183//183 203//203 202//202
f 183//183 184//184 203//203
f 184//184 204//204 203//203
f 184//184 185//185 204//204
f 185//185 205//205 204//204
f 185//185 186//186 205//205
f 186//186 206//206 205//205
f 186//186 187//187 206//206
f 187//187 207//207 206//206
f 187//187 188//188 207//207
f 188//188 208//208 207//207
f 188//188 189//189 208//208
f 189//189 209//209 208//208
f 189//189 190//190 209//209
f 190//190 210//210 209//209
f 190//190 191//191 210//210
f 191//191 211//211 210//210
f 191//191 192//192 211//211
f 192//192 212//212 211//211
f 192//192 193//193 212//212
f 193//193 213//213 212//212
f 193//193 194//194 213//213
f 194//194 214//214 213//213
f 194//194 195//195 214//214
f 195//195 215//215 214//214
f 195//195 196//196 215//215
f 196//196 216//216 215//215
f 196//196 197//197 216//216
f 197//197 217//217 216//216
f 197//197 198//198 217//217
f 198//198 218//218 217//217
f 198//198 199//199 218//218
f 199//199 219//219 218//218
f 199//199 200//200 219//219
f 200//200 220//220 219//219
f 200//200 181//181 220//220
f 181//181 201//201 220//220
f 201//201 202//202 221//221
f 202//202 222//222 221//221
f 202//202 203//203 222//222
f 203//203 223//223 222//222
f 203//203 204//204 223//223
f 204//204 224//224 223//223
f 204//204 205//205 224//224
f 205//205 225//225 224//224
f 205//205 206//206 225//225
f 206//206 226//226 225//225
f 206//206 207//207 226//226
f 207//207 227//227 226//226
f 207//207 208//208 227//227
f 208//208 228//228 227//227
f 208//208 209//209 228//228
f 209//209 229//229 228//228
f 209//209 210//210 229//229
f 210//210 230//230 229//229
f 210//210 211//211 230//230
f 211//211 231//231 230//230
f 211//211 212//212 231//231
f 212//212 232//232 231//231
f 212//212 213//213 232//232
f 213//213 233//233 232//232
f 213//213 214//214 233//233
f 214//214 234//234 233//233
f 214//214 215//215 234//234
f 215//215 235//235 234//234
f 215//215 216//216 235//235
f 216//216 236//236 235//235
f 216//216 217//217 236//236
f 217//217 237//237 236//236
f 217//217 218//218 237//237
f 218//218 238//238 237//237
f 218//218 219//219 238//238
f 219//219 239//239 238//238
f 219//219 220//220 239//239
f 220//220 240//240 239//239
f 220//220 201//201 240//240
f 201//201 221//221 240//240
f 221//221 222//222 241//241
f 222//222 242//242 241//241
f 222//222 223//223 242//242
f 223//223 243//243 242//242
f 223//223 224//224 243//243
f 224//224 244//244 243//243
f 224//224 225//225 244//244
f 225//225 245//245 244//244
f 225//225 226//226 245//245
f 226//226 246//246 245//245
f 226//226 227//227 246//246
f 227//227 247//247 246//246
f 227//227 228//228 247//247
f 228//228 248//248 247//247
f 228//228 229//229 248//248
f 229//229 249//249 248//248
f 229//229 230//230 249//249
f 230//230 250//250 249//249
f 230//230 231//231 250//250
f 231//231 251//251 250//250
f 231//231 232//232 251//251
f 232//232 252//252 251//251
f 232//232 233//233 252//252
f 233//233 253//253 252//252
f 233//233 234//234 253//253
f 234//234 254//254 253//253
f 234//234 235//235 254//254
f 235//235 255//255 254//254
f 235//235 236//236 255//255
f 236//236 256//256 255//255
f 236//236 237//237 256//256
f 237//237 257//257 256//256
f 237//237 238//238 257//257
f 238//238 258//258 257//257
f 238//238 239//239 258//258
f 239//239 259//259 258//258
f 239//239 240//240 259//259
f 240//240 260//260 259//259
f 240//240 221//221 260//260
f 221//221 241//241 260//260
f 241//241 242//242 261//261
f 242//242 262//262 261//261
f 242//242 243//243 262//262
f 243//243 263//263 262//262
f 243//243 244//244 263//263
f 244//244 264//264 263//263
f 244//244 245//245 264//264
f 245//245 265//265 264//264
f 245//245 246//246 265//265
f 246//246 266//266 265//265
f 246//246 247//247 266//266
f 247//247 267//267 266//266
f 247//247 248//248 267//267
f 248//248 268//268 267//267
f 248//248 249//249 268//268
f 249//249 269//269 268//268
f 249//249 250//250 269//269
f 250//250 270//270 269//269
f 250//250 251//251 270//270
f 251//251 271//271 270//270
f 251//251 252//252 271//271
f 252//252 272//272 271//271
f 252//252 253//253 272//272
f 253//253 273//273 272//272
f 253//253 254//254 273//273
f 254//254 274//274 273//273
f 254//254 255//255 274//274
f 255//255 275//275 274//274
f 255//255 256//256 275//275
f 256//256 276//276 275//275
f 256//256 257//257 276//276
f 257//257 277//277 276//276
f 257//257 258//258 277//277
f 258//258 278//278 277//277
f 258//258 259//259 278//278
f 259//259 279//279 278//278
f 259//259 260//260 279//279
f 260//260 280//280 279//279
f 260//260 241//241 280//280
f 241//241 261//261 280//280
f 261//261 262//262 281//281
f 262//262 282//282 281//281
f 262//262 263//263 282//282
f 263//263 283//283 282//282
f 263//263 264//264 283//283
f 264//264 284//284 283//283
f 264//264 265//265 284//284
f 265//265 285//285 284//284
f 265//265 266//266 285//285
f 266//266 286//286 285//285
f 266//266 267//267 286//286
f 267//267 287//287 286//286
f 267//267 268//268 287//287
f 268//268 288//288 287//287
f 268//268 269//269 288//288
f 269//269 289//289 288//288
f 269//269 270//270 289//289
f 270//270 290//290 289//289
f 270//270 271//271 290//290
f 271//271 291//291 290//290
f 271//271 272//272 291//291
f 272//272 292//292 291//291
f 272//272 273//273 292//292
f 273//273 293//293 292//292
f 273//273 274//274 293//293
f 274//274 294//294 293//293
f 274//274 275//275 294//294
f 275//275 295//295 294//294
f 275//275 276//276 295//295
f 276//276 296//296 295//295
f 276//276 277//277 296//296
f 277//277 297//297 296//296
f 277//277 278//278 297//297
f 278//278 298//298 297//297
f 278//278 279//279 298//298
f 279//279 299//299 298//298
f 279//279 280//280 299//299
f 280//280 300//300 299//299
f 280//280 261//261 300//300
f 261//261 281//281 300//300
f 281//281 282//282 301//301
f 282//282 302//302 301//301
f 282//282 283//283 302//302
f 283//283 303//303 302//302
f 283//283 284//284 303//303
f 284//284 304//304 303//303
f 284//284 285//285 304//304
f 285//285 305//305 304//304
f 285//285 286//286 305//305
f 286//286 306//306 305//305
f 286//286 287//287 306//306
f 287//287 307//307 306//306
f 287//287 288//288 307//307
f 288//288 308//308 307//307
f 288//288 289//289 308//308
f 289//289 309//309 308//308
f 289//289 290//290 309//309
f 290//290 310//310 309//309
f 290//290 291//291 310//310
f 291//291 311//311 310//310
f 291//291 292//292 311//311
f 292//292 312//312 311//311
f 292//292 293//293 312//312
f 293//293 313//313 312//312
f 293//293 294//294 313//313
f 294//294 314//314 313//313
f 294//294 295//295 314//314
f 295//295 315//315 314//314
f 295//295 296//296 315//315
f 296//296 316//316 315//315
f 296//296 297//297 316//316
f 297//297 317//317 316//316
f 297//297 298//298 317//317
f 298//298 318//318 317//317
f 298//298 299//299 318//318
f 299//299 319//319 318//318
f 299//299 300//300 319//319
f 300//300 320//320 319//319
f 300//300 281//281 320//320
f 281//281 301//301 320//320
f 301//301 302//302 321//321
f 302//302 322//322 321//321
f 302//302 303//303 322//322
f 303//303 323//323 322//322
f 303//303 304//304 323//323
f 304//304 324//324 323//323
f 304//304 305//305 324//324
f 305//305 325//325 324//324
f 305//305 306//306 325//325
f 306//306 326//326 325//325
f 306//306 307//307 326//326
f 307//307 327//327 326//326
f 307//307 308//308 327//327
f 308//308 328//328 327//327
f 308//308 309//309 328//328
f 309//309 329//329 328//328
f 309//309 310//310 329//329
f 310//310 330//330 329//329
f 310//310 311//311 330//330
f 311//311 331//331 330//330
f 311//311 312//312 331//331
f 312//312 332//332 331//331
f 312//312 313//313 332//332
f 313//313 333//333 332//332
f 313//313 314//314 333//333
f 314//314 334//334 333//333
f 314//314 315//315 334//334
f 315//315 335//335 334//334
f 315//315 316//316 335//335
f 316//316 336//336 335//335
f 316//316 317//317 336//336
f 317//317 337//337 336//336
f 317//317 318//318 337//337
f 318//318 338//338 337//337
f 318//318 319//319 338//338
f 319//319 339//339 338//338
f 319//319 320//320 339//339
f 320//320 340//340 339//339
f 320//320 301//301 340//340
f 301//301 321//321 340//340
f 321//321 322//322 341//341
f 322//322 342//342 341//341
f 322//322 323//323 342//342
f 323//323 343//343 342//342
f 323//323 324//324 343//343
f 324//324 344//344 343//343
f 324//324 325//325 344//344
f 325//325 345//345 344//344
f 325//325 326//326 345//345
f 326//326 346//346 345//345
f 326//326 327//327 346//346
f 327//327 347//347 346//346
f 327//327 328//328 347//347
f 328//328 348//348 347//347
f 328//328 329//329 348//348
f 329//329 349//349 348//348
f 329//329 330//330 349//349
f 330//330 350//350 349//349
f 330//330 331//331 350//350
f 331//331 351//351 350//350
f 331//331 332//332 351//351
f 332//332 352//352 351//351
f 332//332 333//333 352//352
f 333//333 353//353 352//352
f 333//333 334//334 353//353
f 334//334 354//354 353//353
f 334//334 335//335 354//354
f 335//335 355//355 354//354
f 335//335 336//336 355//355
f 336//336 356//356 355//355
f 336//336 337//337 356//356
f 337//337 357//357 356//356
f 337//337 338//338 357//357
f 338//338 358//358 357//357
f 338//338 339//339 358//358
f 339//339 359//359 358//358
f 339//339 340//340 359//359
f 340//340 360//360 359//359
f 340//340 321//321 360//360
f 321//321 341//341 360//360
f 341//341 342//342 361//361
f 342//342 362//362 361//361
f 342//342 343//343 362//362
f 343//343 363//363 362//362
f 343//343 344//344 363//363
f 344//344 364//364 363//363
f 344//344 345//345 364//364
f 345//345 365//365 364//364
f 345//345 346//346 365//365
f 346//346 366//366 365//365
f 346//346 347//347 366//366
f 347//347 367//367 366//366
f 347//347 348//348 367//367
f 348//348 368//368 367//367
f 348//348 349//349 368//368
f 349//349 369//369 368//368
f 349//349 350//350 369//369
f 350//350 370//370 369//369
f 350//350 351//351 370//370
f 351//351 371//371 370//370
f 351//351 352//352 371//371
f 352//352 372//372 371//371
f 352//352 353//353 372//372
f 353//353 373//373 372//372
f 353//353 354//354 373//373
f 354//354 374//374 373//373
f 354//354 355//355 374//374
f 355//355 375//375 374//374
f 355//355 356//356 375//375
f 356//356 376//376 375//375
f 356//356 357//357 376//376
f 357//357 377//377 376//376
f 357//357 358//358 377//377
f 358//358 378//378 377//377
f 358//358 359//359 378//378
f 359//359 379//379 378//378
f 359//359 360//360 379//379
f 360//360 380//380 379//379
f 360//360 341//341 380//380
f 341//341 361//361 380//380
f 361//361 362//362 381//381
f 362//362 382//382 381//381
f 362//362 363//363 382//382
f 363//363 383//383 382//382
f 363//363 364//364 383//383
f 364//364 384//384 383//383
f 364//364 365//365 384//384
f 365//365 385//385 384//384
f 365//365 366//366 385//385
f 366//366 386//386 385//385
f 366//366 367//367 386//386
f 367//367 387//387 386//386
f 367//367 368//368 387//387
f 368//368 388//388 387//387
f 368//368 369//369 388//388
f 369//369 389//389 388//388
f 369//369 370//370 389//389
f 370//370 390//390 389//389
f 370//370 371//371 390//390
f 371//371 391//391 390//390
f 371//371 372//372 391//391
f 372//372 392//392 391//391
f 372//372 373//373 392//392
f 373//373 393//393 392//392
f 373//373 374//374 393//393
f 374//374 394//394 393//393
f 374//374 375//375 394//394
f 375//375 395//395 394//394
f 375//375 376//376 395//395
f 376//376 396//396 395//395
f 376//376 377//377 396//396
f 377//377 397//397 396//396
f 377//377 378//378 397//397
f 378//378 398//398 397//397
f 378//378 379//379 398//398
f 379//379 399//399 398//398
f 379//379 380//380 399//399
f 380//380 400//400 399//399
f 380//380 361//361 400//400
f 361//361 381//381 400//400
f 381//381 382//382 401//401
f 382//382 402//402 401//401
f 382//382 383//383 402//402
f 383//383 403//403 402//402
f 383//383 384//384 403//403
f 384//384 404//404 403//403
f 384//384 385//385 404//404
f 385//385 405//405 404//404
f 385//385 386//386 405//405
f 386//386 406//406 405//405
f 386//386 387//387 406//406
f 387//387 407//407 406//406
f 387//387 388//388 407//407
f 388//388 408//408 407//407
f 388//388 389//389 408//408
f 389//389 409//409 408//408
f 389//389 390//390 409//409
f 390//390 410//410 409//409
f 390//390 391//391 410//410
f 391//391 411//411 410//410
f 391//391 392//392 411//411
f 392//392 412//412 411//411
f 392//392 393//393 412//412
f 393//393 413//413 412//412
f 393//393 394//394 413//413
f 394//394 414//414 413//413
f 394//394 395//395 414//414
f 395//395 415//415 414//414
f 395//395 396//396 415//415
f 396//396 416//416 415//415
f 396//396 397//397 416//416
f 397//397 417//417 416//416
f 397//397 398//398 417//417
f 398//398 418//418 417//417
f 398//398 399//399 418//418
f 399//399 419//419 418//418
f 399//399 400//400 419//419
f 400//400 420//420 419//419
f 400//400 381//381 420//420
f 381//381 401//401 420//420
f 401//401 402//402 421//421
f 402//402 422//422 421//421
f 402//402 403//403 422//422
f 403//403 423//423 422//422
f 403//403 404//404 423//423
f 404//404 424//424 423//423
f 404//404 405//405 424//424
f 405//405 425//425 424//424
f 405//405 406//406 425//425
f 406//406 426//426 425//425
f 406//406 407//407 426//426
f 407//407 427//427 426//426
f 407//407 408//408 427//427
f 408//408 428//428 427//427
f 408//408 409//409 428//428
f 409//409 429//429 428//428
f 409//409 410//410 429//429
f 410//410 430//430 429//429
f 410//410 411//411 430//430
f 411//411 431//431 430//430
f 411//411 412//412 431//431
f 412//412 432//432 431//431
f 412//412 413//413 432//432
f 413//413 433//433 432//432
f 413//413 414//414 433//433
f 414//414 434//434 433//433
f 414//414 415//415 434//434
f 415//415 435//435 434//434
f 415//415 416//416 435//435
f 416//416 436//436 435//435
f 416//416 417//417 436//436
f 417//417 437//437 436//436
f 417//417 418//418 437//437
f 418//418 438//438 437//437
f 418//418 419//419 438//438
f 419//419 439//439 438//438
f 419//419 420//420 439//439
f 420//420 440//440 439//439
f 420//420 401//401 440//440
f 401//401 421//421 440//440
f 421//421 422//422 441//441
f 422//422 442//442 441//441
f 422//422 423//423 442//442
f 423//423 443//443 442//442
f 423//423 424//424 443//443
f 424//424 444//444 443//443
f 424//424 425//425 444//444
f 425//425 445//445 444//444
f 425//425 426//426 445//445
f 426//426 446//446 445//445
f 426//426 427//427 446//446
f 427//427 447//447 446//446
f 427//427 428//428 447//447
f 428//428 448//448 447//447
f 428//428 429//429 448//448
f 429//429 449//449 448//448
f 429//429 430//430 449//449
f 430//430 450//450 449//449
f 430//430 431//431 450//450
f 431//431 451//451 450//450
f 431//431 432//432 451//451
f 432//432 452//452 451//451
f 432//432 433//433 452//452
f 433//433 453//453 452//452
f 433//433 434//434 453//453
f 434//434 454//454 453//453
f 434//434 435//435 454//454
f 435//435 455//455 454//454
f 435//435 436//436 455//455
f 436//436 456//456 455//455
f 436//436 437//437 456//456
f 437//437 457//457 456//456
f 437//437 438//438 457//457
f 438//438 458//458 457//457
f 438//438 439//439 458//458
f 439//439 459//459 458//458
f 439//439 440//440 459//459
f 440//440 460//460 459//459
f 440//440 421//421 460//460
f 421//421 441//441 460//460
f 441//441 442//442 461//461
f 442//442 462//462 461//461
f 442//442 443//443 462//462
f 443//443 463//463 462//462
f 443//443 444//444 463//463
f 444//444 464//464 463//463
f 444//444 445//445 464//464
f 445//445 465//465 464//464
f 445//445 446//446 465//465
f 446//446 466//466 465//465
f 446//446 447//447 466//466
f 447//447 467//467 466//466
f 447//447 448//448 467//467
f 448//448 468//468 467//467
f 448//448 449//449 468//468
f 449//449 469//469 468//468
f 449//449 450//450 469//469
f 450//450 470//470 469//469
f 450//450 451//451 470//470
f 451//451 471//471 470//470
f 451//451 452//452 471//471
f 452//452 472//472 471//471
f 452//452 453//453 472//472
f 453//453 473//473 472//472
f 453//453 454//454 473//473
f 454//454 474//474 473//473
f 454//454 455//455 474//474
f 455//455 475//475 474//474
f 455//455 456//456 475//475
f 456//456 476//476 475//475
f 456//456 457//457 476//476
f 457//457 477//477 476//476
f 457//457 458//458 477//477
f 458//458 478//478 477//477
f 458//458 459//459 478//478
f 459//459 479//479 478//478
f 459//459 460//460 479//479
f 460//460 480//480 479//479
f 460//460 441//441 480//480
f 441//441 461//461 480//480
f 461//461 462//462 481//481
f 462//462 482//482 481//481
f 462//462 463//463 482//482
f 463//463 483//483 482//482
f 463//463 464//464 483//483
f 464//464 484//484 483//483
f 464//464 465//465 484//484
f 465//465 485//485 484//484
f 465//465 466//466 485//485
f 466//466 486//486 485//485
f 466//466 467//467 486//486
f 467//467 487//487 486//486
f 467//467 468//468 487//487
f 468//468 488//488 487//487
f 468//468 469//469 488//488
f 469//469 489//489 488//488
f 469//469 470//470 489//489
f 470//470 490//490 489//489
f 470//470 471//471 490//490
f 471//471 491//491 490//490
f 471//471 472//472 491//491
f 472//472 492//492 491//491
f 472//472 473//473 492//492
f 473//473 493//493 492//492
f 473//473 474//474 493//493
f 474//474 494//494 493//493
f 474//474 475//475 494//494
f 475//475 495//495 494//494
f 475//475 476//476 495//495
f 476//476 496//496 495//495
f 476//476 477//477 496//496
f 477//477 497//497 496//496
f 477//477 478//478 497//497
f 478//478 498//498 497//497
f 478//478 479//479 498//498
f 479//479 499//499 498//498
f 479//479 480//480 499//499
f 480//480 500//500 499//499
f 480//480 461//461 500//500
f 461//461 481//481 500//500
f 481//481 482//482 501//501
f 482//482 502//502 501//501
f 482//482 483//483 502//502
f 483//483 503//503 502//502
f 483//483 484//484 503//503
f 484//484 504//504 503//503
f 484//484 485//485 504//504
f 485//485 505//505 504//504
f 485//485 486//486 505//505
f 486//486 506//506 505//505
f 486//486 487//487 506//506
f 487//487 507//507 506//506
f 487//487 488//488 507//507
f 488//488 508//508 507//507
f 488//488 489//489 508//508
f 489//489 509//509 508//508
f 489//489 490//490 509//509
f 490//490 510//510 509//509
f 490//490 491//491 510//510
f 491//491 511//511 510//510
f 491//491 492//492 511//511
f 492//492 512//512 511//511
f 492//492 493//493 512//512
f 493//493 513//513 512//512
f 493//493 494//494 513//513
f 494//494 514//514 513//513
f 494//494 495//495 514//514
f 495//495 515//515 514//514
f 495//495 496//496 515//515
f 496//496 516//516 515//515
f 496//496 497//497 516//516
f 497//497 517//517 516//516
f 497//497 498//498 517//517
f 498//498 518//518 517//517
f 498//498 499//499 518//518
f 499//499 519//519 518//518
f 499//499 500//500 519//519
f 500//500 520//520 519//519
f 500//500 481//481 520//520
f 481//481 501//501 520//520
f 501//501 502//502 521//521
f 502//502 522//522 521//521
f 502//502 503//503 522//522
f 503//503 523//523 522//522
f 503//503 504//504 523//523
f 504//504 524//524 523//523
f 504//504 505//505 524//524
f 505//505 525//525 524//524
f 505//505 506//506 525//525
f 506//506 526//526 525//525
f 506//506 507//507 526//526
f 507//507 527//527 526//526
f 507//507 508//508 527//527
f 508//508 528//528 527//527
f 508//508 509//509 528//528
f 509//509 529//529 528//528
f 509//509 510//510 529//529
f 510//510 530//530 529//529
f 510//510 511//511 530//530
f 511//511 531//531 530//530
f 511//511 512//512 531//531
f 512//512 532//532 531//531
f 512//512 513//513 532//532
f 513//513 533//533 532//532
f 513//513 514//514 533//533
f 514//514 534//534 533//533
f 514//514 515//515 534//534
f 515//515 535//535 534//534
f 515//515 516//516 535//535
f 516//516 536//536 535//535
f 516//516 517//517 536//536
f 517//517 537//537 536//536
f 517//517 518//518 537//537
f 518//518 538//538 537//537
f 518//518 519//519 538//538
f 519//519 539//539 538//538
f 519//519 520//520 539//539
f 520//520 540//540 539//539
f 520//520 501//501 540//540
f 501//501 521//521 540//540
f 521//521 522//522 541//541
f 522//522 542//542 541//541
f 522//522 523//523 542//542
f 523//523 543//543 542//542
f 523//523 524//524 543//543
f 524//524 544//544 543//543
f 524//524 525//525 544//544
f 525//525 545//545 544//544
f 525//525 526//526 545//545
f 526//526 546//546 545//545
f 526//526 527//527 546//546
f 527//527 547//547 546//546
f 527//527 528//528 547//547
f 528//528 548//548 547//547
f 528//528 529//529 548//548
f 529//529 549//549 548//548
f 529//529 530//530 549//549
f 530//530 550//550 549//549
f 530//530 531//531 550//550
f 531//531 551//551 550//550
f 531//531 532//532 551//551
f 532//532 552//552 551//551
f 532//532 533//533 552//552
f 533//533 553//553 552//552
f 533//533 534//534 553//553
f 534//534 554//554 553//553
f 534//534 535//535 554//554
f 535//535 555//555 554//554
f 535//535 536//536 555//555
f 536//536 556//556 555//555
f 536//536 537//537 556//556
f 537//537 557//557 556//556
f 537//537 538//538 557//557
f 538//538 558//558 557//557
f 538//538 539//539 558//558
f 539//539 559//559 558//558
f 539//539 540//540 559//559
f 540//540 560//560 559//559
f 540//540 521//521 560//560
f 521//521 541//541 560//560
f 541//541 542//542 561//561
f 542//542 562//562 561//561
f 542//542 543//543 562//562
f 543//543 563//563 562//562
f 543//543 544//544 563//563
f 544//544 564//564 563//563
f 544//544 545//545 564//564
f 545//545 565//565 564//564
f 545//545 546//546 565//565
f 546//546 566//566 565//565
f 546//546 547//547 566//566
f 547//547 567//567 566//566
f 547//547 548//548 567//567
f 548//548 568//568 567//567
f 548//548 549//549 568//568
f 549//549 569//569 568//568
f 549//549 550//550 569//569
f 550//550 570//570 569//569
f 550//550 551//551 570//570
f 551//551 571//571 570//570
f 551//551 552//552 571//571
f 552//552 572//572 571//571
f 552//552 553//553 572//572
f 553//553 573//573 572//572
f 553//553 554//554 573//573
f 554//554 574//574 573//573
f 554//554 555//555 574//574
f 555//555 575//575 574//574
f 555//555 556//556 575//575
f 556//556 576//576 575//575
f 556//556 557//557 576//576
f 557//557 577//577 576//576
f 557//557 558//558 577//577
f 558//558 578//578 577//577
f 558//558 559//559 578//578
f 559//559 579//579 578//578
f 559//559 560//560 579//579
f 560//560 580//580 579//579
f 560//560 541//541 580//580
f 541//541 561//561 580//580
f 561//561 562//562 581//581
f 562//562 582//582 581//581
f 562//562 563//563 582//582
f 563//563 583//583 582//582
f 563//563 564//564 583//583
f 564//564 584//584 583//583
f 564//564 565//565 584//584
f 565//565 585//585 584//584
f 565//565 566//566 585//585
f 566//566 586//586 585//585
f 566//566 567//567 586//586
f 567//567 587//587 586//586
f 567//567 568//568 587//587
f 568//568 588//588 587//587
f 568//568 569//569 588//588
f 569//569 589//589 588//588
f 569//569 570//570 589//589
f 570//570 590//590 589//589
f 570//570 571//571 590//590
f 571//571 591//591 590//590
f 571//571 572//572 591//591
f 572//572 592//592 591//591
f 572//572 573//573 592//592
f 573//573 593//593 592//592
f 573//573 574//574 593//593
f 574//574 594//594 593//593
f 574//574 575//575 594//594
f 575//575 595//595 594//594
f 575//575 576//576 595//595
f 576//576 596//596 595//595
f 576//576 577//577 596//596
f 577//577 597//597 596//596
f 577//577 578//578 597//597
f 578//578 598//598 597//597
f 578//578 579//579 598//598
f 579//579 599//599 598//598
f 579//579 580//580 599//599
f 580//580 600//600 599//599
f 580//580 561//561 600//600
f 561//561 581//581 600//600
f 581//581 582//582 601//601
f 582//582 602//602 601//601
f 582//582 583//583 602//602
f 583//583 603//603 602//602
f 583//583 584//584 603//603
f 584//584 604//604 603//603
f 584//584 585//585 604//604
f 585//585 605//605 604//604
f 585//585 586//586 605//605
f 586//586 606//606 605//605
f 586//586 587//587 606//606
f 587//587 607//607 606//606
f 587//587 588//588 607//607
f 588//588 608//608 607//607
f 588//588 589//589 608//608
f 589//589 609//609 608//608
f 589//589 590//590 609//609
f 590//590 610//610 609//609
f 590//590 591//591 610//610
f 591//591 611//611 610//610
f 591//591 592//592 611//611
f 592//592 612//612 611//611
f 592//592 593//593 612//612
f 593//593 613//613 612//612
f 593//593 594//594 613//613
f 594//594 614//614 613//613
f 594//594 595//595 614//614
f 595//595 615//615 614//614
f 595//595 596//596 615//615
f 596//596 616//616 615//615
f 596//596 597//597 616//616
f 597//597 617//617 616//616
f 597//597 598//598 617//617
f 598//598 618//618 617//617
f 598//598 599//599 618//618
f 599//599 619//619 618//618
f 599//599 600//600 619//619
f 600//600 620//620 619//619
f 600//600 581//581 620//620
f 581//581 601//601 620//620
f 601//601 602//602 621//621
f 602//602 622//622 621//621
f 602//602 603//603 622//622
f 603//603 623//623 622//622
f 603//603 604//604 623//623
f 604//604 624//624 623//623
f 604//604 605//605 624//624
f 605//605 625//625 624//624
f 605//605 606//606 625//625
f 606//606 626//626 625//625
f 606//606 607//607 626//626
f 607//607 627//627 626//626
f 607//607 608//608 627//627
f 608//608 628//628 627//627
f 608//608 609//609 628//628
f 609//609 629//629 628//628
f 609//609 610//610 629//629
f 610//610 630//630 629//629
f 610//610 611//611 630//630
f 611//611 631//631 630//630
f 611//611 612//612 631//631
f 612//612 632//632 631//631
f 612//612 613//613 632//632
f 613//613 633//633 632//632
f 613//613 614//614 633//633
f 614//614 634//634 633//633
f 614//614 615//615 634//634
f 615//615 635//635 634//634
f 615//615 616//616 635//635
f 616//616 636//636 635//635
f 616//616 617//617 636//636
f 617//617 637//637 636//636
f 617//617 618//618 637//637
f 618//618 638//638 637//637
f 618//618 619//619 638//638
f 619//619 639//639 638//638
f 619//619 620//620 639//639
f 620//620 640//640 639//639
f 620//620 601//601 640//640
f 601//601 621//621 640//640
f 621//621 622//622 641//641
f 622//622 642//642 641//641
f 622//622 623//623 642//642
f 623//623 643//643 642//642
f 623//623 624//624 643//643
f 624//624 644//644 643//643
f 624//624 625//625 644//644
f 625//625 645//645 644//644
f 625//625 626//626 645//645
f 626//626 646//646 645//645
f 626//626 627//627 646//646
f 627//627 647//647 646//646
f 627//627 628//628 647//647
f 628//628 648//648 647//647
f 628//628 629//629 648//648
f 629//629 649//649 648//648
f 629//629 630//630 649//649
f 630//630 650//650 649//649
f 630//630 631//631 650//650
f 631//631 651//651 650//650
f 631//631 632//632 651//651
f 632//632 652//652 651//651
f 632//632 633//633 652//652
f 633//633 653//653 652//652
f 633//633 634//634 653//653
f 634//634 654//654 653//653
f 634//634 635//635 654//654
f 635//635 655//655 654//654
f 635//635 636//636 655//655
f 636//636 656//656 655//655
f 636//636 637//637 656//656
f 637//637 657//657 656//656
f 637//637 638//638 657//657
f 638//638 658//658 657//657
f 638//638 639//639 658//658
f 639//639 659//659 658//658
f 639//639 640//640 659//659
f 640//640 660//660 659//659
f 640//640 621//621 660//660
f 621//621 641//641 660//660
f 641//641 642//642 661//661
f 642//642 662//662 661//661
f 642//642 643//643 662//662
f 643//643 663//663 662//662
f 643//643 644//644 663//663
f 644//644 664//664 663//663
f 644//644 645//645 664//664
f 645//645 665//665 664//664
f 645//645 646//646 665//665
f 646//646 666//666 665//665
f 646//646 647//647 666//666
f 647//647 667//667 666//666
f 647//647 648//648 667//667
f 648//648 668//668 667//667
f 648//648 649//649 668//668
f 649//649 669//669 668//668
f 649//649 650//650 669//669
f 650//650 670//670 669//669
f 650//650 651//651 670//670
f 651//651 671//671 670//670
f 651//651 652//652 671//671
f 652//652 672//672 671//671
f 652//652 653//653 672//672
f 653//653 673//673 672//672
f 653//653 654//654 673//673
f 654//654 674//674 673//673
f 654//654 655//655 674//674
f 655//655 675//675 674//674
f 655//655 656//656 675//675
f 656//656 676//676 675//675
f 656//656 657//657 676//676
f 657//657 677//677 676//676
f 657//657 658//658 677//677
f 658//658 678//678 677//677
f 658//658 659//659 678//678
f 659//659 679//679 678//678
f 659//659 660//660 679//679
f 660//660 680//680 679//679
f 660//660 641//641 680//680
f 641//641 661//661 680//680
f 661//661 662//662 681//681
f 662//662 682//682 681//681
f 662//662 663//663 682//682
f 663//663 683//683 682//682
f 663//663 664//664 683//683
f 664//664 684//684 683//683
f 664//664 665//665 684//684
f 665//665 685//685 684//684
f 665//665 666//666 685//685
f 666//666 686//686 685//685
f 666//666 667//667 686//686
f 667//667 687//687 686//686
f 667//667 668//668 687//687
f 668//668 688//688 687//687
f 668//668 669//669 688//688
f 669//669 689//689 688//688
f 669//669 670//670 689//689
f 670//670 690//690 689//689
f 670//670 671//671 690//690
f 671//671 691//691 690//690
f 671//671 672//672 691//691
f 672//672 692//692 691//691
f 672//672 673//673 692//692
f 673//673 693//693 692//692
f 673//673 674//674 693//693
f 674//674 694//694 693//693
f 674//674 675//675 694//694
f 675//675 695//695 694//694
f 675//675 676//676 695//695
f 676//676 696//696 695//695
f 676//676 677//677 696//696
f 677//677 697//697 696//696
f 677//677 678//678 697//697
f 678//678 698//698 697//697
f 678//678 679//679 698//698
f 679//679 699//699 698//698
f 679//679 680//680 699//699
f 680//680 700//700 699//699
f 680//680 661//661 700//700
f 661//661 681//681 700//700
f 681//681 682//682 701//701
f 682//682 702//702 701//701
f 682//682 683//683 702//702
f 683//683 703//703 702//702
f 683//683 684//684 703//703
f 684//684 704//704 703//703
f 684//684 685//685 704//704
f 685//685 705//705 704//704
f 685//685 686//686 705//705
f 686//686 706//706 705//705
f 686//686 687//687 706//706
f 687//687 707//707 706//706
f 687//687 688//688 707//707
f 688//688 708//708 707//707
f 688//688 689//689 708//708
f 689//689 709//709 708//708
f 689//689 690//690 709//709
f 690//690 710//710 709//709
f 690//690 691//691 710//710
f 691//691 711//711 710//710
f 691//691 692//692 711//711
f 692//692 712//712 711//711
f 692//692 693//693 712//712
f 693//693 713//713 712//712
f 693//693 694//694 713//713
f 694//694 714//714 713//713
f 694//694 695//695 714//714
f 695//695 715//715 714//714
f 695//695 696//696 715//715
f 696//696 716//716 715//715
f 696//696 697//697 716//716
f 697//697 717//717 716//716
f 697//697 698//698 717//717
f 698//698 718//718 717//717
f 698//698 699//699 718//718
f 699//699 719//719 718//718
f 699//699 700//700 719//719
f 700//700 720//720 719//719
f 700//700 681//681 720//720
f 681//681 701//701 720//720
f 701//701 702//702 721//721
f 702//702 722//722 721//721
f 702//702 703//703 722//722
f 703//703 723//723 722//722
f 703//703 704//704 723//723
f 704//704 724//724 723//723
f 704//704 705//705 724//724
f 705//705 725//725 724//724
f 705//705 706//706 725//725
f 706//706 726//726 725//725
f 706//706 707//707 726//726
f 707//707 727//727 726//726
f 707//707 708//708 727//727
f 708//708 728//728 727//727
f 708//708 709//709 728//728
f 709//709 729//729 728//728
f 709//709 710//710 729//729
f 710//710 730//730 729//729
f 710//710 711//711 730//730
f 711//711 731//731 730//730
f 711//711 712//712 731//731
f 712//712 732//732 731//731
f 712//712 713//713 732//732
f 713//713 733//733 732//732
f 713//713 714//714 733//733
f 714//714 734//734 733//733
f 714//714 715//715 734//734
f 715//715 735//735 734//734
f 715//715 716//716 735//735
f 716//716 736//736 735//735
f 716//716 717//717 736//736
f 717//717 737//737 736//736
f 717//717 718//718 737//737
f 718//718 738//738 737//737
f 718//718 719//719 738//738
f 719//719 739//739 738//738
f 719//719 720//720 739//739
f 720//720 740//740 739//739
f 720//720 701//701 740//740
f 701//701 721//721 740//740
f 721//721 722//722 741//741
f 722//722 742//742 741//741
f 722//722 723//723 742//742
f 723//723 743//743 742//742
f 723//723 724//724 743//743
f 724//724 744//744 743//743
f 724//724 725//725 744//744
f 725//725 745//745 744//744
f 725//725 726//726 745//745
f 726//726 746//746 745//745
f 726//726 727//727 746//746
f 727//727 747//747 746//746
f 727//727 728//728 747//747
f 728//728 748//748 747//747
f 728//728 729//729 748//748
f 729//729 749//749 748//748
f 729//729 730//730 749//749
f 730//730 750//750 749//749
f 730//730 731//731 750//750
f 731//731 751//751 750//750
f 731//731 732//732 751//751
f 732//732 752//752 751//751
f 732//732 733//733 752//752
f 733//733 753//753 752//752
f 733//733 734//734 753//753
f 734//734 754//754 753//753
f 734//734 735//735 754//754
f 735//735 755//755 754//754
f 735//735 736//736 755//755
f 736//736 756//756 755//755
f 736//736 737//737 756//756
f 737//737 757//757 756//756
f 737//737 738//738 757//757
f 738//738 758//758 757//757
f 738//738 739//739 758//758
f 739//739 759//759 758//758
f 739//739 740//740 759//759
f 740//740 760//760 759//759
f 740//740 721//721 760//760
f 721//721 741//741 760//760
f 741//741 742//742 761//761
f 742//742 762//762 761//761
f 742//742 743//743 762//762
f 743//743 763//763 762//762
f 743//743 744//744 763//763
f 744//744 764//764 763//763
f 744//744 745//745 764//764
f 745//745 765//765 764//764
f 745//745 746//746 765//765
f 746//746 766//766 765//765
f 746//746 747//747 766//766
f 747//747 767//767 766//766
f 747//747 748//748 767//767
f 748//748 768//768 767//767
f 748//748 749//749 768//768
f 749//749 769//769 768//768
f 749//749 750//750 769//769
f 750//750 770//770 769//769
f 750//750 751//751 770//770
f 751//751 771//771 770//770
f 751//751 752//752 771//771
f 752//752 772//772 771//771
f 752//752 753//753 772//772
f 753//753 773//773 772//772
f 753//753 754//754 773//773
f 754//754 774//774 773//773
f 754//754 755//755 774//774
f 755//755 775//775 774//774
f 755//755 756//756 775//775
f 756//756 776//776 775//775
f 756//756 757//757 776//776
f 757//757 777//777 776//776
f 757//757 758//758 777//777
f 758//758 778//778 777//777
f 758//758 759//759 778//778
f 759//759 779//779 778//778
f 759//759 760//760 779//779
f 760//760 780//780 779//779
f 760//760 741//741 780//780
f 741//741 761//761 780//780
f 761//761 762//762 781//781
f 762//762 782//782 781//781
f 762//762 763//763 782//782
f 763//763 783//783 782//782
f 763//763 764//764 783//783
f 764//764 784//784 783//783
f 764//764 765//765 784//784
f 765//765 785//785 784//784
f 765//765 766//766 785//785
f 766//766 786//786 785//785
f 766//766 767//767 786//786
f 767//767 787//787 786//786
f 767//767 768//768 787//787
f 768//768 788//788 787//787
f 768//768 769//769 788//788
f 769//769 789//789 788//788
f 769//769 770//770 789//789
f 770//770 790//790 789//789
f 770//770 771//771 790//790
f 771//771 791//791 790//790
f 771//771 772//772 791//791
f 772//772 792//792 791//791
f 772//772 773//773 792//792
f 773//773 793//793 792//792
f 773//773 774//774 793//793
f 774//774 794//794 793//793
f 774//774 775//775 794//794
f 775//775 795//795 794//794
f 775//775 776//776 795//795
f 776//776 796//796 795//795
f 776//776 777//777 796//796
f 777//777 797//797 796//796
f 777//777 778//778 797//797
f 778//778 798//798 797//797
f 778//778 779//779 798//798
f 779//779 799//799 798//798
f 779//779 780//780 799//799
f 780//780 800//800 799//799
f 780//780 761//761 800//800
f 761//761 781//781 800//800
f 781//781 782//782 801//801
f 782//782 802//802 801//801
f 782//782 783//783 802//802
f 783//783 803//803 802//802
f 783//783 784//784 803//803
f 784//784 804//804 803//803
f 784//784 785//785 804//804
f 785//785 805//805 804//804
f 785//785 786//786 805//805
f 786//786 806//806 805//805
f 786//786 787//787 806//806
f 787//787 807//807 806//806
f 787//787 788//788 807//807
f 788//788 808//808 807//807
f 788//788 789//789 808//808
f 789//789 809//809 808//808
f 789//789 790//790 809//809
f 790//790 810//810 809//809
f 790//790 791//791 810//810
f 791//791 811//811 810//810
f 791//791 792//792 811//811
f 792//792 812//812 811//811
f 792//792 793//793 812//812
f 793//793 813//813 812//812
f 793//793 794//794 813//813
f 794//794 814//814 813//813
f 794//794 795//795 814//814
f 795//795 815//815 814//814
f 795//795 796//796 815//815
f 796//796 816//816 815//815
f 796//796 797//797 816//816
f 797//797 817//817 816//816
f 797//797 798//798 817//817
f 798//798 818//818 817//817
f 798//798 799//799 818//818
f 799//799 819//819 818//818
f 799//799 800//800 819//819
f 800//800 820//820 819//819
f 800//800 781//781 820//820
f 781//781 801//801 820//820
f 801//801 802//802 821//821
f 802//802 822//822 821//821
f 802//802 803//803 822//822
f 803//803 823//823 822//822
f 803//803 804//804 823//823
f 804//804 824//824 823//823
f 804//804 805//805 824//824
f 805//805 825//825 824//824
f 805//805 806//806 825//825
f 806//806 826//826 825//825
f 806//806 807//807 826//826
f 807//807 827//827 826//826
f 807//807 808//808 827//827
f 808//808 828//828 827//827
f 808//808 809//809 828//828
f 809//809 829//829 828//828
f 809//809 810//810 829//829
f 810//810 830//830 829//829
f 810//810 811//811 830//830
f 811//811 831//831 830//830
f 811//811 812//812 831//831
f 812//812 832//832 831//831
f 812//812 813//813 832//832
f 813//813 833//833 832//832
f 813//813 814//814 833//833
f 814//814 834//834 833//833
f 814//814 815//815 834//834
f 815//815 835//835 834//834
f 815//815 816//816 835//835
f 816//816 836//836 835//835
f 816//816 817//817 836//836
f 817//817 837//837 836//836
f 817//817 818//818 837//837
f 818//818 838//838 837//837
f 818//818 819//819 838//838
f 819//819 839//839 838//838
f 819//819 820//820 839//839
f 820//820 840//840 839//839
f 820//820 801//801 840//840
f 801//801 821//821 840//840
f 821//821 822//822 841//841
f 822//822 842//842 841//841
f 822//822 823//823 842//842
f 823//823 843//843 842//842
f 823//823 824//824 843//843
f 824//824 844//844 843//843
f 824//824 825//825 844//844
f 825//825 845//845 844//844
f 825//825 826//826 845//845
f 826//826 846//846 845//845
f 826//826 827//827 846//846
f 827//827 847//847 846//846
f 827//827 828//828 847//847
f 828//828 848//848 847//847
f 828//828 829//829 848//848
f 829//829 849//849 848//848
f 829//829 830//830 849//849
f 830//830 850//850 849//849
f 830//830 831//831 850//850
f 831//831 851//851 850//850
f 831//831 832//832 851//851
f 832//832 852//852 851//851
f 832//832 833//833 852//852
f 833//833 853//853 852//852
f 833//833 834//834 853//853
f 834//834 854//854 853//853
f 834//834 835//835 854//854
f 835//835 855//855 854//854
f 835//835 836//836 855//855
f 836//836 856//856 855//855
f 836//836 837//837 856//856
f 837//837 857//857 856//856
f 837//837 838//838 857//857
f 838//838 858//858 857//857
f 838//838 839//839 858//858
f 839//839 859//859 858//858
f 839//839 840//840 859//859
f 840//840 860//860 859//859
f 840//840 821//821 860//860
f 821//821 841//841 860//860
f 841//841 842//842 861//861
f 842//842 862//862 861//861
f 842//842 843//843 862//862
f 843//843 863//863 862//862
f 843//843 844//844 863//863
f 844//844 864//864 863//863
f 844//844 845//845 864//864
f 845//845 865//865 864//864
f 845//845 846//846 865//865
f 846//846 866//866 865//865
f 846//846 847//847 866//866
f 847//847 867//867 866//866
f 847//847 848//848 867//867
f 848//848 868//868 867//867
f 848//848 849//849 868//868
f 849//849 869//869 868//868
f 849//849 850//850 869//869
f 850//850 870//870 869//869
f 850//850 851//851 870//870
f 851//851 871//871 870//870
f 851//851 852//852 871//871
f 852//852 872//872 871//871
f 852//852 853//853 872//872
f 853//853 873//873 872//872
f 853//853 854//854 873//873
f 854//854 874//874 873//873
f 854//854 855//855 874//874
f 855//855 875//875 874//874
f 855//855 856//856 875//875
f 856//856 876//876 875//875
f 856//856 857//857 876//876
f 857//857 877//877 876//876
f 857//857 858//858 877//877
f 858//858 878//878 877//877
f 858//858 859//859 878//878
f 859//859 879//879 878//878
f 859//859 860//860 879//879
f 860//860 880//880 879//879
f 860//860 841//841 880//880
f 841//841 861//861 880//880
f 861//861 862//862 881//881
f 862//862 882//882 881//881
f 862//862 863//863 882//882
f 863//863 883//883 882//882
f 863//863 864//864 883//883
f 864//864 884//884 883//883
f 864//864 865//865 884//884
f 865//865 885//885 884//884
f 865//865 866//866 885//885
f 866//866 886//886 885//885
f 866//866 867//867 886//886
f 867//867 887//887 886//886
f 867//867 868//868 887//887
f 868//868 888//888 887//887
f 868//868 869//869 888//888
f 869//869 889//889 888//888
f 869//869 870//870 889//889
f 870//870 890//890 889//889
f 870//870 871//871 890//890
f 871//871 891//891 890//890
f 871//871 872//872 891//891
f 872//872 892//892 891//891
f 872//872 873//873 892//892
f 873//873 893//893 892//892
f 873//873 874//874 893//893
f 874//874 894//894 893//893
f 874//874 875//875 894//894
f 875//875 895//895 894//894
f 875//875 876//876 895//895
f 876//876 896//896 895//895
f 876//876 877//877 896//896
f 877//877 897//897 896//896
f 877//877 878//878 897//897
f 878//878 898//898 897//897
f 878//878 879//879 898//898
f 879//879 899//899 898//898
f 879//879 880//880 899//899
f 880//880 900//900 899//899
f 880//880 861//861 900//900
f 861//861 881//881 900//900
f 881//881 882//882 901//901
f 882//882 902//902 901//901
f 882//882 883//883 902//902
f 883//883 903//903 902//902
f 883//883 884//884 903//903
f 884//884 904//904 903//903
f 884//884 885//885 904//904
f 885//885 905//905 904//904
f 885//885 886//886 905//905
f 886//886 906//906 905//905
f 886//886 887//887 906//906
f 887//887 907//907 906//906
f 887//887 888//888 907//907
f 888//888 908//908 907//907
f 888//888 889//889 908//908
f 889//889 909//909 908//908
f 889//889 890//890 909//909
f 890//890 910//910 909//909
f 890//890 891//891 910//910
f 891//891 911//911 910//910
f 891//891 892//892 911//911
f 892//892 912//912 911//911
f 892//892 893//893 912//912
f 893//893 913//913 912//912
f 893//893 894//894 913//913
f 894//894 914//914 913//913
f 894//894 895//895 914//914
f 895//895 915//915 914//914
f 895//895 896//896 915//915
f 896//896 916//916 915//915
f 896//896 897//897 916//916
f 897//897 917//917 916//916
f 897//897 898//898 917//917
f 898//898 918//918 917//917
f 898//898 899//899 918//918
f 899//899 919//919 918//918
f 899//899 900//900 919//919
f 900//900 920//920 919//919
f 900//900 881//881 920//920
f 881//881 901//901 920//920
f 901//901 902//902 921//921
f 902//902 922//922 921//921
f 902//902 903//903 922//922
f 903//903 923//923 922//922
f 903//903 904//904 923//923
f 904//904 924//924 923//923
f 904//904 905//905 924//924
f 905//905 925//925 924//924
f 905//905 906//906 925//925
f 906//906 926//926 925//925
f 906//906 907//907 926//926
f 907//907 927//927 926//926
f 907//907 908//908 927//927
f 908//908 928//928 927//927
f 908//908 909//909 928//928
f 909//909 929//929 928//928
f 909//909 910//910 929//929
f 910//910 930//930 929//929
f 910//910 911//911 930//930
f 911//911 931//931 930//930
f 911//911 912//912 931//931
f 912//912 932//932 931//931
f 912//912 913//913 932//932
f 913//913 933//933 932//932
f 913//913 914//914 933//933
f 914//914 934//934 933//933
f 914//914 915//915 934//934
f 915//915 935//935 934//934
f 915//915 916//916 935//935
f 916//916 936//936 935//935
f 916//916 917//917 936//936
f 917//917 937//937 936//936
f 917//917 918//918 937//937
f 918//918 938//938 937//937
f 918//918 919//919 938//938
f 919//919 939//939 938//938
f 919//919 920//920 939//939
f 920//920 940//940 939//939
f 920//920 901//901 940//940
f 901//901 921//921 940//940
f 921//921 922//922 941//941
f 922//922 942//942 941//941
f 922//922 923//923 942//942
f 923//923 943//943 942//942
f 923//923 924//924 943//943
f 924//924 944//944 943//943
f 924//924 925//925 944//944
f 925//925 945//945 944//944
f 925//925 926//926 945//945
f 926//926 946//946 945//945
f 926//926 927//927 946//946
f 927//927 947//947 946//946
f 927//927 928//928 947//947
f 928//928 948//948 947//947
f 928//928 929//929 948//948
f 929//929 949//949 948//948
f 929//929 930//930 949//949
f 930//930 950//950 949//949
f 930//930 931//931 950//950
f 931//931 951//951 950//950
f 931//931 932//932 951//951
f 932//932 952//952 951//951
f 932//932 933//933 952//952
f 933//933 953//953 952//952
f 933//933 934//934 953//953
f 934//934 954//954 953//953
f 934//934 935//935 954//954
f 935//935 955//955 954//954
f 935//935 936//936 955//955
f 936//936 956//956 955//955
f 936//936 937//937 956//956
f 937//937 957//957 956//956
f 937//937 938//938 957//957
f 938//938 958//958 957//957
f 938//938 939//939 958//958
f 939//939 959//959 958//958
f 939//939 940//940 959//959
f 940//940 960//960 959//959
f 940//940 921//921 960//960
f 921//921 941//941 960//960
f 941//941 942//942 961//961
f 942//942 962//962 961//961
f 942//942 943//943 962//962
f 943//943 963//963 962//962
f 943//943 944//944 963//963
f 944//944 964//964 963//963
f 944//944 945//945 964//964
f 945//945 965//965 964//964
f 945//945 946//946 965//965
f 946//946 966//966 965//965
f 946//946 947//947 966//966
f 947//947 967//967 966//966
f 947//947 948//948 967//967
f 948//948 968//968 967//967
f 948//948 949//949 968//968
f 949//949 969//969 968//968
f 949//949 950//950 969//969
f 950//950 970//970 969//969
f 950//950 951//951 970//970
f 951//951 971//971 970//970
f 951//951 952//952 971//971
f 952//952 972//972 971//971
f 952//952 953//953 972//972
f 953//953 973//973 972//972
f 953//953 954//954 973//973
f 954//954 974//974 973//973
f 954//954 955//955 974//974
f 955//955 975//975 974//974
f 955//955 956//956 975//975
f 956//956 976//976 975//975
f 956//956 957//957 976//976
f 957//957 977//977 976//976
f 957//957 958//958 977//977
f 958//958 978//978 977//977
f 958//958 959//959 978//978
f 959//959 979//979 978//978
f 959//959 960//960 979//979
f 960//960 980//980 979//979
f 960//960 941//941 980//980
f 941//941 961//961 980//980
f 961//961 962//962 981//981
f 962//962 982//982 981//981
f 962//962 963//963 982//982
f 963//963 983//983 982//982
f 963//963 964//964 983//983
f 964//964 984//984 983//983
f 964//964 965//965 984//984
f 965//965 985//985 984//984
f 965//965 966//966 985//985
f 966//966 986//986 985//985
f 966//966 967//967 986//986
f 967//967 987//987 986//986
f 967//967 968//968 987//987
f 968//968 988//988 987//987
f 968//968 969//969 988//988
f 969//969 989//989 988//988
f 969//969 970//970 989//989
f 970//970 990//990 989//989
f 970//970 971//971 990//990
f 971//971 991//991 990//990
f 971//971 972//972 991//991
f 972//972 992//992 991//991
f 972//972 973//973 992//992
f 973//973 993//993 992//992
f 973//973 974//974 993//993
f 974//974 994//994 993//993
f 974//974 975//975 994//994
f 975//975 995//995 994//994
f 975//975 976//976 995//995
f 976//976 996//996 995//995
f 976//976 977//977 996//996
f 977//977 997//997 996//996
f 977//977 978//978 997//997
f 978//978 998//998 997//997
f 978//978 979//979 998//998
f 979//979 999//999 998//998
f 979//979 980//980 999//999
f 980//980 1000//1000 999//999
f 980//980 961//961 1000//1000
f 961//961 981//981 1000//1000
f 981//981 982//982 1001//1001
f 982//982 1002//1002 1001//1001
f 982//982 983//983 1002//1002
f 983//983 1003//1003 1002//1002
f 983//983 984//984 1003//1003
f 984//984 1004//1004 1003//1003
f 984//984 985//985 1004//1004
f 985//985 1005//1005 1004//1004
f 985//985 986//986 1005//1005
f 986//986 1006//1006 1005//1005
f 986//986 987//987 1006//1006
f 987//987 1007//1007 1006//1006
f 987//987 988//988 1007//1007
f 988//988 1008//1008 1007//1007
f 988//988 989//989 1008//1008
f 989//989 1009//1009 1008//1008
f 989//989 990//990 1009//1009
f 990//990 1010//1010 1009//1009
f 990//990 991//991 1010//1010
f 991//991 1011//1011 1010//1010
f 991//991 992//992 1011//1011
f 992//992 1012//1012 1011//1011
f 992//992 993//993 1012//1012
f 993//993 1013//1013 1012//1012
f 993//993 994//994 1013//1013
f 994//994 1014//1014 1013//1013
f 994//994 995//995 1014//1014
f 995//995 1015//1015 1014//1014
f 995//995 996//996 1015//1015
f 996//996 1016//1016 1015//1015
f 996//996 997//997 1016//1016
f 997//997 1017//1017 1016//1016
f 997//997 998//998 1017//1017
f 998//998 1018//1018 1017//1017
f 998//998 999//999 1018//1018
f 999//999 1019//1019 1018//1018
f 999//999 1000//1000 1019//1019
f 1000//1000 1020//1020 1019//1019
f 1000//1000 981//981 1020//1020
f 981//981 1001//1001 1020//1020
f 1001//1001 1002//1002 1021//1021
f 1002//1002 1022//1022 1021//1021
f 1002//1002 1003//1003 1022//1022
f 1003//1003 1023//1023 1022//1022
f 1003//1003 1004//1004 1023//1023
f 1004//1004 1024//1024 1023//1023
f 1004//1004 1005//1005 1024//1024
f 1005//1005 1025//1025 1024//1024
f 1005//1005 1006//1006 1025//1025
f 1006//1006 1026//1026 1025//1025
f 1006//1006 1007//1007 1026//1026
f 1007//1007 1027//1027 1026//1026
f 1007//1007 1008//1008 1027//1027
f 1008//1008 1028//1028 1027//1027
f 1008//1008 1009//1009 1028//1028
f 1009//1009 1029//1029 1028//1028
f 1009//1009 1010//1010 1029//1029
f 1010//1010 1030//1030 1029//1029
f 1010//1010 1011//1011 1030//1030
f 1011//1011 1031//1031 1030//1030
f 1011//1011 1012//1012 1031//1031
f 1012//1012 1032//1032 1031//1031
f 1012//1012 1013//1013 1032//1032
f 1013//1013 1033//1033 1032//1032
f 1013//1013 1014//1014 1033//1033
f 1014//1014 1034//1034 1033//1033
f 1014//1014 1015//1015 1034//1034
f 1015//1015 1035//1035 1034//1034
f 1015//1015 1016//1016 1035//1035
f 1016//1016 1036//1036 1035//1035
f 1016//1016 1017//1017 1036//1036
f 1017//1017 1037//1037 1036//1036
f 1017//1017 1018//1018 1037//1037
f 1018//1018 1038//1038 1037//1037
f 1018//1018 1019//1019 1038//1038
f 1019//1019 1039//1039 1038//1038
f 1019//1019 1020//1020 1039//1039
f 1020//1020 1040//1040 1039//1039
f 1020//1020 1001//1001 1040//1040
f 1001//1001 1021//1021 1040//1040
f 1021//1021 1022//1022 1041//1041
f 1022//1022 1042//1042 1041//1041
f 1022//1022 1023//1023 1042//1042
f 1023//1023 1043//1043 1042//1042
f 1023//1023 1024//1024 1043//1043
f 1024//1024 1044//1044 1043//1043
f 1024//1024 1025//1025 1044//1044
f 1025//1025 1045//1045 1044//1044
f 1025//1025 1026//1026 1045//1045
f 1026//1026 1046//1046 1045//1045
f 1026//1026 1027//1027 1046//1046
f 1027//1027 1047//1047 1046//1046
f 1027//1027 1028//1028 1047//1047
f 1028//1028 1048//1048 1047//1047
f 1028//1028 1029//1029 1048//1048
f 1029//1029 1049//1049 1048//1048
f 1029//1029 1030//1030 1049//1049
f 1030//1030 1050//1050 1049//1049
f 1030//1030 1031//1031 1050//1050
f 1031//1031 1051//1051 1050//1050
f 1031//1031 1032//1032 1051//1051
f 1032//1032 1052//1052 1051//1051
f 1032//1032 1033//1033 1052//1052
f 1033//1033 1053//1053 1052//1052
f 1033//1033 1034//1034 1053//1053
f 1034//1034 1054//1054 1053//1053
f 1034//1034 1035//1035 1054//1054
f 1035//1035 1055//1055 1054//1054
f 1035//1035 1036//1036 1055//1055
f 1036//1036 1056//1056 1055//1055
f 1036//1036 1037//1037 1056//1056
f 1037//1037 1057//1057 1056//1056
f 1037//1037 1038//1038 1057//1057
f 1038//1038 1058//1058 1057//1057
f 1038//1038 1039//1039 1058//1058
f 1039//1039 1059//1059 1058//1058
f 1039//1039 1040//1040 1059//1059
f 1040//1040 1060//1060 1059//1059
f 1040//1040 1021//1021 1060//1060
f 1021//1021 1041//1041 1060//1060
f 1041//1041 1042//1042 1061//1061
f 1042//1042 1062//1062 1061//1061
f 1042//1042 1043//1043 1062//1062
f 1043//1043 1063//1063 1062//1062
f 1043//1043 1044//1044 1063//1063
f 1044//1044 1064//1064 1063//1063
f 1044//1044 1045//1045 1064//1064
f 1045//1045 1065//1065 1064//1064
f 1045//1045 1046//1046 1065//1065
f 1046//1046 1066//1066 1065//1065
f 1046//1046 1047//1047 1066//1066
f 1047//1047 1067//1067 1066//1066
f 1047//1047 1048//1048 1067//1067
f 1048//1048 1068//1068 1067//1067
f 1048//1048 1049//1049 1068//1068
f 1049//1049 1069//1069 1068//1068
f 1049//1049 1050//1050 1069//1069
f 1050//1050 1070//1070 1069//1069
f 1050//1050 1051//1051 1070//1070
f 1051//1051 1071//1071 1070//1070
f 1051//1051 1052//1052 1071//1071
f 1052//1052 1072//1072 1071//1071
f 1052//1052 1053//1053 1072//1072
f 1053//1053 1073//1073 1072//1072
f 1053//1053 1054//1054 1073//1073
f 1054//1054 1074//1074 1073//1073
f 1054//1054 1055//1055 1074//1074
f 1055//1055 1075//1075 1074//1074
f 1055//1055 1056//1056 1075//1075
f 1056//1056 1076//1076 1075//1075
f 1056//1056 1057//1057 1076//1076
f 1057//1057 1077//1077 1076//1076
f 1057//1057 1058//1058 1077//1077
f 1058//1058 1078//1078 1077//1077
f 1058//1058 1059//1059 1078//1078
f 1059//1059 1079//1079 1078//1078
f 1059//1059 1060//1060 1079//1079
f 1060//1060 1080//1080 1079//1079
f 1060//1060 1041//1041 1080//1080
f 1041//1041 1061//1061 1080//1080
f 1061//1061 1062//1062 1081//1081
f 1062//1062 1082//1082 1081//1081
f 1062//1062 1063//1063 1082//1082
f 1063//1063 1083//1083 1082//1082
f 1063//1063 1064//1064 1083//1083
f 1064//1064 1084//1084 1083//1083
f 1064//1064 1065//1065 1084//1084
f 1065//1065 1085//1085 1084//1084
f 1065//1065 1066//1066 1085//1085
f 1066//1066 1086//1086 1085//1085
f 1066//1066 1067//1067 1086//1086
f 1067//1067 1087//1087 1086//1086
f 1067//1067 1068//1068 1087//1087
f 1068//1068 1088//1088 1087//1087
f 1068//1068 1069//1069 1088//1088
f 1069//1069 1089//1089 1088//1088
f 1069//1069 1070//1070 1089//1089
f 1070//1070 1090//1090 1089//1089
f 1070//1070 1071//1071 1090//1090
f 1071//1071 1091//1091 1090//1090
f 1071//1071 1072//1072 1091//1091
f 1072//1072 1092//1092 1091//1091
f 1072//1072 1073//1073 1092//1092
f 1073//1073 1093//1093 1092//1092
f 1073//1073 1074//1074 1093//1093
f 1074//1074 1094//1094 1093//1093
f 1074//1074 1075//1075 1094//1094
f 1075//1075 1095//1095 1094//1094
f 1075//1075 1076//1076 1095//1095
f 1076//1076 1096//1096 1095//1095
f 1076//1076 1077//1077 1096//1096
f 1077//1077 1097//1097 1096//1096
f 1077//1077 1078//1078 1097//1097
f 1078//1078 1098//1098 1097//1097
f 1078//1078 1079//1079 1098//1098
f 1079//1079 1099//1099 1098//1098
f 1079//1079 1080//1080 1099//1099
f 1080//1080 1100//1100 1099//1099
f 1080//1080 1061//1061 1100//1100
f 1061//1061 1081//1081 1100//1100
f 1081//1081 1082//1082 1101//1101
f 1082//1082 1102//1102 1101//1101
f 1082//1082 1083//1083 1102//1102
f 1083//1083 1103//1103 1102//1102
f 1083//1083 1084//1084 1103//1103
f 1084//1084 1104//1104 1103//1103
f 1084//1084 1085//1085 1104//1104
f 1085//1085 1105//1105 1104//1104
f 1085//1085 1086//1086 1105//1105
f 1086//1086 1106//1106 1105//1105
f 1086//1086 1087//1087 1106//1106
f 1087//1087 1107//1107 1106//1106
f 1087//1087 1088//1088 1107//1107
f 1088//1088 1108//1108 1107//1107
f 1088//1088 1089//1089 1108//1108
f 1089//1089 1109//1109 1108//1108
f 1089//1089 1090//1090 1109//1109
f 1090//1090 1110//1110 1109//1109
f 1090//1090 1091//1091 1110//1110
f 1091//1091 1111//1111 1110//1110
f 1091//1091 1092//1092 1111//1111
f 1092//1092 1112//1112 1111//1111
f 1092//1092 1093//1093 1112//1112
f 1093//1093 1113//1113 1112//1112
f 1093//1093 1094//1094 1113//1113
f 1094//1094 1114//1114 1113//1113
f 1094//1094 1095//1095 1114//1114
f 1095//1095 1115//1115 1114//1114
f 1095//1095 1096//1096 1115//1115
f 1096//1096 1116//1116 1115//1115
f 1096//1096 1097//1097 1116//1116
f 1097//1097 1117//1117 1116//1116
f 1097//1097 1098//1098 1117//1117
f 1098//1098 1118//1118 1117//1117
f 1098//1098 1099//1099 1118//1118
f 1099//1099 1119//1119 1118//1118
f 1099//1099 1100//1100 1119//1119
f 1100//1100 1120//1120 1119//1119
f 1100//1100 1081//1081 1120//1120
f 1081//1081 1101//1101 1120//1120
f 1101//1101 1102//1102 1121//1121
f 1102//1102 1122//1122 1121//1121
f 1102//1102 1103//1103 1122//1122
f 1103//1103 1123//1123 1122//1122
f 1103//1103 1104//1104 1123//1123
f 1104//1104 1124//1124 1123//1123
f 1104//1104 1105//1105 1124//1124
f 1105//1105 1125//1125 1124//1124
f 1105//1105 1106//1106 1125//1125
f 1106//1106 1126//1126 1125//1125
f 1106//1106 1107//1107 1126//1126
f 1107//1107 1127//1127 1126//1126
f 1107//1107 1108//1108 1127//1127
f 1108//1108 1128//1128 1127//1127
f 1108//1108 1109//1109 1128//1128
f 1109//1109 1129//1129 1128//1128
f 1109//1109 1110//1110 1129//1129
f 1110//1110 1130//1130 1129//1129
f 1110//1110 1111//1111 1130//1130
f 1111//1111 1131//1131 1130//1130
f 1111//1111 1112//1112 1131//1131
f 1112//1112 1132//1132 1131//1131
f 1112//1112 1113//1113 1132//1132
f 1113//1113 1133//1133 1132//1132
f 1113//1113 1114//1114 1133//1133
f 1114//1114 1134//1134 1133//1133
f 1114//1114 1115//1115 1134//1134
f 1115//1115 1135//1135 1134//1134
f 1115//1115 1116//1116 1135//1135
f 1116//1116 1136//1136 1135//1135
f 1116//1116 1117//1117 1136//1136
f 1117//1117 1137//1137 1136//1136
f 1117//1117 1118//1118 1137//1137
f 1118//1118 1138//1138 1137//1137
f 1118//1118 1119//1119 1138//1138
f 1119//1119 1139//1139 1138//1138
f 1119//1119 1120//1120 1139//1139
f 1120//1120 1140//1140 1139//1139
f 1120//1120 1101//1101 1140//1140
f 1101//1101 1121//1121 1140//1140
f 1121//1121 1122//1122 1141//1141
f 1122//1122 1142//1142 1141//1141
f 1122//1122 1123//1123 1142//1142
f 1123//1123 1143//1143 1142//1142
f 1123//1123 1124//1124 1143//1143
f 1124//1124 1144//1144 1143//1143
f 1124//1124 1125//1125 1144//1144
f 1125//1125 1145//1145 1144//1144
f 1125//1125 1126//1126 1145//1145
f 1126//1126 1146//1146 1145//1145
f 1126//1126 1127//1127 1146//1146
f 1127//1127 1147//1147 1146//1146
f 1127//1127 1128//1128 1147//1147
f 1128//1128 1148//1148 1147//1147
f 1128//1128 1129//1129 1148//1148
f 1129//1129 1149//1149 1148//1148
f 1129//1129 1130//1130 1149//1149
f 1130//1130 1150//1150 1149//1149
f 1130//1130 1131//1131 1150//1150
f 1131//1131 1151//1151 1150//1150
f 1131//1131 1132//1132 1151//1151
f 1132//1132 1152//1152 1151//1151
f 1132//1132 1133//1133 1152//1152
f 1133//1133 1153//1153 1152//1152
f 1133//1133 1134//1134 1153//1153
f 1134//1134 1154//1154 1153//1153
f 1134//1134 1135//1135 1154//1154
f 1135//1135 1155//1155 1154//1154
f 1135//1135 1136//1136 1155//1155
f 1136//1136 1156//1156 1155//1155
f 1136//1136 1137//1137 1156//1156
f 1137//1137 1157//1157 1156//1156
f 1137//1137 1138//1138 1157//1157
f 1138//1138 1158//1158 1157//1157
f 1138//1138 1139//1139 1158//1158
f 1139//1139 1159//1159 1158//1158
f 1139//1139 1140//1140 1159//1159
f 1140//1140 1160//1160 1159//1159
f 1140//1140 1121//1121 1160//1160
f 1121//1121 1141//1141 1160//1160
f 1141//1141 1142//1142 1161//1161
f 1142//1142 1162//1162 1161//1161
f 1142//1142 1143//1143 1162//1162
f 1143//1143 1163//1163 1162//1162
f 1143//1143 1144//1144 1163//1163
f 1144//1144 1164//1164 1163//1163
f 1144//1144 1145//1145 1164//1164
f 1145//1145 1165//1165 1164//1164
f 1145//1145 1146//1146 1165//1165
f 1146//1146 1166//1166 1165//1165
f 1146//1146 1147//1147 1166//1166
f 1147//1147 1167//1167 1166//1166
f 1147//1147 1148//1148 1167//1167
f 1148//1148 1168//1168 1167//1167
f 1148//1148 1149//1149 1168//1168
f 1149//1149 1169//1169 1168//1168
f 1149//1149 1150//1150 1169//1169
f 1150//1150 1170//1170 1169//1169
f 1150//1150 1151//1151 1170//1170
f 1151//1151 1171//1171 1170//1170
f 1151//1151 1152//1152 1171//1171
f 1152//1152 1172//1172 1171//1171
f 1152//1152 1153//1153 1172//1172
f 1153//1153 1173//1173 1172//1172
f 1153//1153 1154//1154 1173//1173
f 1154//1154 1174//1174 1173//1173
f 1154//1154 1155//1155 1174//1174
f 1155//1155 1175//1175 1174//1174
f 1155//1155 1156//1156 1175//1175
f 1156//1156 1176//1176 1175//1175
f 1156//1156 1157//1157 1176//1176
f 1157//1157 1177//1177 1176//1176
f 1157//1157 1158//1158 1177//1177
f 1158//1158 1178//1178 1177//1177
f 1158//1158 1159//1159 1178//1178
f 1159//1159 1179//1179 1178//1178
f 1159//1159 1160//1160 1179//1179
f 1160//1160 1180//1180 1179//1179
f 1160//1160 1141//1141 1180//1180
f 1141//1141 1161//1161 1180//1180
f 1161//1161 1162//1162 1181//1181
f 1162//1162 1182//1182 1181//1181
f 1162//1162 1163//1163 1182//1182
f 1163//1163 1183//1183 1182//1182
f 1163//1163 1164//1164 1183//1183
f 1164//1164 1184//1184 1183//1183
f 1164//1164 1165//1165 1184//1184
f 1165//1165 1185//1185 1184//1184
f 1165//1165 1166//1166 1185//1185
f 1166//1166 1186//1186 1185//1185
f 1166//1166 1167//1167 1186//1186
f 1167//1167 1187//1187 1186//1186
f 1167//1167 1168//1168 1187//1187
f 1168//1168 1188//1188 1187//1187
f 1168//1168 1169//1169 1188//1188
f 1169//1169 1189//1189 1188//1188
f 1169//1169 1170//1170 1189//1189
f 1170//1170 1190//1190 1189//1189
f 1170//1170 1171//1171 1190//1190
f 1171//1171 1191//1191 1190//1190
f 1171//1171 1172//1172 1191//1191
f 1172//1172 1192//1192 1191//1191
f 1172//1172 1173//1173 1192//1192
f 1173//1173 1193//1193 1192//1192
f 1173//1173 1174//1174 1193//1193
f 1174//1174 1194//1194 1193//1193
f 1174//1174 1175//1175 1194//1194
f 1175//1175 1195//1195 1194//1194
f 1175//1175 1176//1176 1195//1195
f 1176//1176 1196//1196 1195//1195
f 1176//1176 1177//1177 1196//1196
f 1177//1177 1197//1197 1196//1196
f 1177//1177 1178//1178 1197//1197
f 1178//1178 1198//1198 1197//1197
f 1178//1178 1179//1179 1198//1198
f 1179//1179 1199//1199 1198//1198
f 1179//1179 1180//1180 1199//1199
f 1180//1180 1200//1200 1199//1199
f 1180//1180 1161//1161 1200//1200
f 1161//1161 1181//1181 1200//1200
f 1181//1181 1182//1182 1201//1201
f 1182//1182 1202//1202 1201//1201
f 1182//1182 1183//1183 1202//1202
f 1183//1183 1203//1203 1202//1202
f 1183//1183 1184//1184 1203//1203
f 1184//1184 1204//1204 1203//1203
f 1184//1184 1185//1185 1204//1204
f 1185//1185 1205//1205 1204//1204
f 1185//1185 1186//1186 1205//1205
f 1186//1186 1206//1206 1205//1205
f 1186//1186 1187//1187 1206//1206
f 1187//1187 1207//1207 1206//1206
f 1187//1187 1188//1188 1207//1207
f 1188//1188 1208//1208 1207//1207
f 1188//1188 1189//1189 1208//1208
f 1189//1189 1209//1209 1208//1208
f 1189//1189 1190//1190 1209//1209
f 1190//1190 1210//1210 1209//1209
f 1190//1190 1191//1191 1210//1210
f 1191//1191 1211//1211 1210//1210
f 1191//1191 1192//1192 1211//1211
f 1192//1192 1212//1212 1211//1211
f 1192//1192 1193//1193 1212//1212
f 1193//1193 1213//1213 1212//1212
f 1193//1193 1194//1194 1213//1213
f 1194//1194 1214//1214 1213//1213
f 1194//1194 1195//1195 1214//1214
f 1195//1195 1215//1215 1214//1214
f 1195//1195 1196//1196 1215//1215
f 1196//1196 1216//1216 1215//1215
f 1196//1196 1197//1197 1216//1216
f 1197//1197 1217//1217 1216//1216
f 1197//1197 1198//1198 1217//1217
f 1198//1198 1218//1218 1217//1217
f 1198//1198 1199//1199 1218//1218
f 1199//1199 1219//1219 1218//1218
f 1199//1199 1200//1200 1219//1219
f 1200//1200 1220//1220 1219//1219
f 1200//1200 1181//1181 1220//1220
f 1181//1181 1201//1201 1220//1220
f 1201//1201 1202//1202 1221//1221
f 1202//1202 1222//1222 1221//1221
f 1202//1202 1203//1203 1222//1222
f 1203//1203 1223//1223 1222//1222
f 1203//1203 1204//1204 1223//1223
f 1204//1204 1224//1224 1223//1223
f 1204//1204 1205//1205 1224//1224
f 1205//1205 1225//1225 1224//1224
f 1205//1205 1206//1206 1225//1225
f 1206//1206 1226//1226 1225//1225
f 1206//1206 1207//1207 1226//1226
f 1207//1207 1227//1227 1226//1226
f 1207//1207 1208//1208 1227//1227
f 1208//1208 1228//1228 1227//1227
f 1208//1208 1209//1209 1228//1228
f 1209//1209 1229//1229 1228//1228
f 1209//1209 1210//1210 1229//1229
f 1210//1210 1230//1230 1229//1229
f 1210//1210 1211//1211 1230//1230
f 1211//1211 1231//1231 1230//1230
f 1211//1211 1212//1212 1231//1231
f 1212//1212 1232//1232 1231//1231
f 1212//1212 1213//1213 1232//1232
f 1213//1213 1233//1233 1232//1232
f 1213//1213 1214//1214 1233//1233
f 1214//1214 1234//1234 1233//1233
f 1214//1214 1215//1215 1234//1234
f 1215//1215 1235//1235 1234//1234
f 1215//1215 1216//1216 1235//1235
f 1216//1216 1236//1236 1235//1235
f 1216//1216 1217//1217 1236//1236
f 1217//1217 1237//1237 1236//1236
f 1217//1217 1218//1218 1237//1237
f 1218//1218 1238//1238 1237//1237
f 1218//1218 1219//1219 1238//1238
f 1219//1219 1239//1239 1238//1238
f 1219//1219 1220//1220 1239//1239
f 1220//1220 1240//1240 1239//1239
f 1220//1220 1201//1201 1240//1240
f 1201//1201 1221//1221 1240//1240
f 1221//1221 1222//1222 1241//1241
f 1222//1222 1242//1242 1241//1241
f 1222//1222 1223//1223 1242//1242
f 1223//1223 1243//1243 1242//1242
f 1223//1223 1224//1224 1243//1243
f 1224//1224 1244//1244 1243//1243
f 1224//1224 1225//1225 1244//1244
f 1225//1225 1245//1245 1244//1244
f 1225//1225 1226//1226 1245//1245
f 1226//1226 1246//1246 1245//1245
f 1226//1226 1227//1227 1246//1246
f 1227//1227 1247//1247 1246//1246
f 1227//1227 1228//1228 1247//1247
f 1228//1228 1248//1248 1247//1247
f 1228//1228 1229//1229 1248//1248
f 1229//1229 1249//1249 1248//1248
f 1229//1229 1230//1230 1249//1249
f 1230//1230 1250//1250 1249//1249
f 1230//1230 1231//1231 1250//1250
f 1231//1231 1251//1251 1250//1250
f 1231//1231 1232//1232 1251//1251
f 1232//1232 1252//1252 1251//1251
f 1232//1232 1233//1233 1252//1252
f 1233//1233 1253//1253 1252//1252
f 1233//1233 1234//1234 1253//1253
f 1234//1234 1254//1254 1253//1253
f 1234//1234 1235//1235 1254//1254
f 1235//1235 1255//1255 1254//1254
f 1235//1235 1236//1236 1255//1255
f 1236//1236 1256//1256 1255//1255
f 1236//1236 1237//1237 1256//1256
f 1237//1237 1257//1257 1256//1256
f 1237//1237 1238//1238 1257//1257
f 1238//1238 1258//1258 1257//1257
f 1238//1238 1239//1239 1258//1258
f 1239//1239 1259//1259 1258//1258
f 1239//1239 1240//1240 1259//1259
f 1240//1240 1260//1260 1259//1259
f 1240//1240 1221//1221 1260//1260
f 1221//1221 1241//1241 1260//1260
f 1241//1241 1242//1242 1261//1261
f 1242//1242 1262//1262 1261//1261
f 1242//1242 1243//1243 1262//1262
f 1243//1243 1263//1263 1262//1262
f 1243//1243 1244//1244 1263//1263
f 1244//1244 1264//1264 1263//1263
f 1244//1244 1245//1245 1264//1264
f 1245//1245 1265//1265 1264//1264
f 1245//1245 1246//1246 1265//1265
f 1246//1246 1266//1266 1265//1265
f 1246//1246 1247//1247 1266//1266
f 1247//1247 1267//1267 1266//1266
f 1247//1247 1248//1248 1267//1267
f 1248//1248 1268//1268 1267//1267
f 1248//1248 1249//1249 1268//1268
f 1249//1249 1269//1269 1268//1268
f 1249//1249 1250//1250 1269//1269
f 1250//1250 1270//1270 1269//1269
f 1250//1250 1251//1251 1270//1270
f 1251//1251 1271//1271 1270//1270
f 1251//1251 1252//1252 1271//1271
f 1252//1252 1272//1272 1271//1271
f 1252//1252 1253//1253 1272//1272
f 1253//1253 1273//1273 1272//1272
f 1253//1253 1254//1254 1273//1273
f 1254//1254 1274//1274 1273//1273
f 1254//1254 1255//1255 1274//1274
f 1255//1255 1275//1275 1274//1274
f 1255//1255 1256//1256 1275//1275
f 1256//1256 1276//1276 1275//1275
f 1256//1256 1257//1257 1276//1276
f 1257//1257 1277//1277 1276//1276
f 1257//1257 1258//1258 1277//1277
f 1258//1258 1278//1278 1277//1277
f 1258//1258 1259//1259 1278//1278
f 1259//1259 1279//1279 1278//1278
f 1259//1259 1260//1260 1279//1279
f 1260//1260 1280//1280 1279//1279
f 1260//1260 1241//1241 1280//1280
f 1241//1241 1261//1261 1280//1280
f 1261//1261 1262//1262 1281//1281
f 1262//1262 1282//1282 1281//1281
f 1262//1262 1263//1263 1282//1282
f 1263//1263 1283//1283 1282//1282
f 1263//1263 1264//1264 1283//1283
f 1264//1264 1284//1284 1283//1283
f 1264//1264 1265//1265 1284//1284
f 1265//1265 1285//1285 1284//1284
f 1265//1265 1266//1266 1285//1285
f 1266//1266 1286//1286 1285//1285
f 1266//1266 1267//1267 1286//1286
f 1267//1267 1287//1287 1286//1286
f 1267//1267 1268//1268 1287//1287
f 1268//1268 1288//1288 1287//1287
f 1268//1268 1269//1269 1288//1288
f 1269//1269 1289//1289 1288//1288
f 1269//1269 1270//1270 1289//1289
f 1270//1270 1290//1290 1289//1289
f 1270//1270 1271//1271 1290//1290
f 1271//1271 1291//1291 1290//1290
f 1271//1271 1272//1272 1291//1291
f 1272//1272 1292//1292 1291//1291
f 1272//1272 1273//1273 1292//1292
f 1273//1273 1293//1293 1292//1292
f 1273//1273 1274//1274 1293//1293
f 1274//1274 1294//1294 1293//1293
f 1274//1274 1275//1275 1294//1294
f 1275//1275 1295//1295 1294//1294
f 1275//1275 1276//1276 1295//1295
f 1276//1276 1296//1296 1295//1295
f 1276//1276 1277//1277 1296//1296
f 1277//1277 1297//1297 1296//1296
f 1277//1277 1278//1278 1297//1297
f 1278//1278 1298//1298 1297//1297
f 1278//1278 1279//1279 1298//1298
f 1279//1279 1299//1299 1298//1298
f 1279//1279 1280//1280 1299//1299
f 1280//1280 1300//1300 1299//1299
f 1280//1280 1261//1261 1300//1300
f 1261//1261 1281//1281 1300//1300
f 1281//1281 1282//1282 1301//1301
f 1282//1282 1302//1302 1301//1301
f 1282//1282 1283//1283 1302//1302
f 1283//1283 1303//1303 1302//1302
f 1283//1283 1284//1284 1303//1303
f 1284//1284 1304//1304 1303//1303
f 1284//1284 1285//1285 1304//1304
f 1285//1285 1305//1305 1304//1304
f 1285//1285 1286//1286 1305//1305
f 1286//1286 1306//1306 1305//1305
f 1286//1286 1287//1287 1306//1306
f 1287//1287 1307//1307 1306//1306
f 1287//1287 1288//1288 1307//1307
f 1288//1288 1308//1308 1307//1307
f 1288//1288 1289//1289 1308//1308
f 1289//1289 1309//1309 1308//1308
f 1289//1289 1290//1290 1309//1309
f 1290//1290 1310//1310 1309//1309
f 1290//1290 1291//1291 1310//1310
f 1291//1291 1311//1311 1310//1310
f 1291//1291 1292//1292 1311//1311
f 1292//1292 1312//1312 1311//1311
f 1292//1292 1293//1293 1312//1312
f 1293//1293 1313//1313 1312//1312
f 1293//1293 1294//1294 1313//1313
f 1294//1294 1314//1314 1313//1313
f 1294//1294 1295//1295 1314//1314
f 1295//1295 1315//1315 1314//1314
f 1295//1295 1296//1296 1315//1315
f 1296//1296 1316//1316 1315//1315
f 1296//1296 1297//1297 1316//1316
f 1297//1297 1317//1317 1316//1316
f 1297//1297 1298//1298 1317//1317
f 1298//1298 1318//1318 1317//1317
f 1298//1298 1299//1299 1318//1318
f 1299//1299 1319//1319 1318//1318
f 1299//1299 1300//1300 1319//1319
f 1300//1300 1320//1320 1319//1319
f 1300//1300 1281//1281 1320//1320
f 1281//1281 1301//1301 1320//1320
f 1301//1301 1302//1302 1321//1321
f 1302//1302 1322//1322 1321//1321
f 1302//1302 1303//1303 1322//1322
f 1303//1303 1323//1323 1322//1322
f 1303//1303 1304//1304 1323//1323
f 1304//1304 1324//1324 1323//1323
f 1304//1304 1305//1305 1324//1324
f 1305//1305 1325//1325 1324//1324
f 1305//1305 1306//1306 1325//1325
f 1306//1306 1326//1326 1325//1325
f 1306//1306 1307//1307 1326//1326
f 1307//1307 1327//1327 1326//1326
f 1307//1307 1308//1308 1327//1327
f 1308//1308 1328//1328 1327//1327
f 1308//1308 1309//1309 1328//1328
f 1309//1309 1329//1329 1328//1328
f 1309//1309 1310//1310 1329//1329
f 1310//1310 1330//1330 1329//1329
f 1310//1310 1311//1311 1330//1330
f 1311//1311 1331//1331 1330//1330
f 1311//1311 1312//1312 1331//1331
f 1312//1312 1332//1332 1331//1331
f 1312//1312 1313//1313 1332//1332
f 1313//1313 1333//1333 1332//1332
f 1313//1313 1314//1314 1333//1333
f 1314//1314 1334//1334 1333//1333
f 1314//1314 1315//1315 1334//1334
f 1315//1315 1335//1335 1334//1334
f 1315//1315 1316//1316 1335//1335
f 1316//1316 1336//1336 1335//1335
f 1316//1316 1317//1317 1336//1336
f 1317//1317 1337//1337 1336//1336
f 1317//1317 1318//1318 1337//1337
f 1318//1318 1338//1338 1337//1337
f 1318//1318 1319//1319 1338//1338
f 1319//1319 1339//1339 1338//1338
f 1319//1319 1320//1320 1339//1339
f 1320//1320 1340//1340 1339//1339
f 1320//1320 1301//1301 1340//1340
f 1301//1301 1321//1321 1340//1340
f 1321//1321 1322//1322 1341//1341
f 1322//1322 1342//1342 1341//1341
f 1322//1322 1323//1323 1342//1342
f 1323//1323 1343//1343 1342//1342
f 1323//1323 1324//1324 1343//1343
f 1324//1324 1344//1344 1343//1343
f 1324//1324 1325//1325 1344//1344
f 1325//1325 1345//1345 1344//1344
f 1325//1325 1326//1326 1345//1345
f 1326//1326 1346//1346 1345//1345
f 1326//1326 1327//1327 1346//1346
f 1327//1327 1347//1347 1346//1346
f 1327//1327 1328//1328 1347//1347
f 1328//1328 1348//1348 1347//1347
f 1328//1328 1329//1329 1348//1348
f 1329//1329 1349//1349 1348//1348
f 1329//1329 1330//1330 1349//1349
f 1330//1330 1350//1350 1349//1349
f 1330//1330 1331//1331 1350//1350
f 1331//1331 1351//1351 1350//1350
f 1331//1331 1332//1332 1351//1351
f 1332//1332 1352//1352 1351//1351
f 1332//1332 1333//1333 1352//1352
f 1333//1333 1353//1353 1352//1352
f 1333//1333 1334//1334 1353//1353
f 1334//1334 1354//1354 1353//1353
f 1334//1334 1335//1335 1354//1354
f 1335//1335 1355//1355 1354//1354
f 1335//1335 1336//1336 1355//1355
f 1336//1336 1356//1356 1355//1355
f 1336//1336 1337//1337 1356//1356
f 1337//1337 1357//1357 1356//1356
f 1337//1337 1338//1338 1357//1357
f 1338//1338 1358//1358 1357//1357
f 1338//1338 1339//1339 1358//1358
f 1339//1339 1359//1359 1358//1358
f 1339//1339 1340//1340 1359//1359
f 1340//1340 1360//1360 1359//1359
f 1340//1340 1321//1321 1360//1360
f 1321//1321 1341//1341 1360//1360
f 1341//1341 1342//1342 1361//1361
f 1342//1342 1362//1362 1361//1361
f 1342//1342 1343//1343 1362//1362
f 1343//1343 1363//1363 1362//1362
f 1343//1343 1344//1344 1363//1363
f 1344//1344 1364//1364 1363//1363
f 1344//1344 1345//1345 1364//1364
f 1345//1345 1365//1365 1364//1364
f 1345//1345 1346//1346 1365//1365
f 1346//1346 1366//1366 1365//1365
f 1346//1346 1347//1347 1366//1366
f 1347//1347 1367//1367 1366//1366
f 1347//1347 1348//1348 1367//1367
f 1348//1348 1368//1368 1367//1367
f 1348//1348 1349//1349 1368//1368
f 1349//1349 1369//1369 1368//1368
f 1349//1349 1350//1350 1369//1369
f 1350//1350 1370//1370 1369//1369
f 1350//1350 1351//1351 1370//1370
f 1351//1351 1371//1371 1370//1370
f 1351//1351 1352//1352 1371//1371
f 1352//1352 1372//1372 1371//1371
f 1352//1352 1353//1353 1372//1372
f 1353//1353 1373//1373 1372//1372
f 1353//1353 1354//1354 1373//1373
f 1354//1354 1374//1374 1373//1373
f 1354//1354 1355//1355 1374//1374
f 1355//1355 1375//1375 1374//1374
f 1355//1355 1356//1356 1375//1375
f 1356//1356 1376//1376 1375//1375
f 1356//1356 1357//1357 1376//1376
f 1357//1357 1377//1377 1376//1376
f 1357//1357 1358//1358 1377//1377
f 1358//1358 1378//1378 1377//1377
f 1358//1358 1359//1359 1378//1378
f 1359//1359 1379//1379 1378//1378
f 1359//1359 1360//1360 1379//1379
f 1360//1360 1380//1380 1379//1379
f 1360//1360 1341//1341 1380//1380
f 1341//1341 1361//1361 1380//1380
f 1361//1361 1362//1362 1381//1381
f 1362//1362 1382//1382 1381//1381
f 1362//1362 1363//1363 1382//1382
f 1363//1363 1383//1383 1382//1382
f 1363//1363 1364//1364 1383//1383
f 1364//1364 1384//1384 1383//1383
f 1364//1364 1365//1365 1384//1384
f 1365//1365 1385//1385 1384//1384
f 1365//1365 1366//1366 1385//1385
f 1366//1366 1386//1386 1385//1385
f 1366//1366 1367//1367 1386//1386
f 1367//1367 1387//1387 1386//1386
f 1367//1367 1368//1368 1387//1387
f 1368//1368 1388//1388 1387//1387
f 1368//1368 1369//1369 1388//1388
f 1369//1369 1389//1389 1388//1388
f 1369//1369 1370//1370 1389//1389
f 1370//1370 1390//1390 1389//1389
f 1370//1370 1371//1371 1390//1390
f 1371//1371 1391//1391 1390//1390
f 1371//1371 1372//1372 1391//1391
f 1372//1372 1392//1392 1391//1391
f 1372//1372 1373//1373 1392//1392
f 1373//1373 1393//1393 1392//1392
f 1373//1373 1374//1374 1393//1393
f 1374//1374 1394//1394 1393//1393
f 1374//1374 1375//1375 1394//1394
f 1375//1375 1395//1395 1394//1394
f 1375//1375 1376//1376 1395//1395
f 1376//1376 1396//1396 1395//1395
f 1376//1376 1377//1377 1396//1396
f 1377//1377 1397//1397 1396//1396
f 1377//1377 1378//1378 1397//1397
f 1378//1378 1398//1398 1397//1397
f 1378//1378 1379//1379 1398//1398
f 1379//1379 1399//1399 1398//1398
f 1379//1379 1380//1380 1399//1399
f 1380//1380 1400//1400 1399//1399
f 1380//1380 1361//1361 1400//1400
f 1361//1361 1381//1381 1400//1400
f 1381//1381 1382//1382 1401//1401
f 1382//1382 1402//1402 1401//1401
f 1382//1382 1383//1383 1402//1402
f 1383//1383 1403//1403 1402//1402
f 1383//1383 1384//1384 1403//1403
f 1384//1384 1404//1404 1403//1403
f 1384//1384 1385//1385 1404//1404
f 1385//1385 1405//1405 1404//1404
f 1385//1385 1386//1386 1405//1405
f 1386//1386 1406//1406 1405//1405
f 1386//1386 1387//1387 1406//1406
f 1387//1387 1407//1407 1406//1406
f 1387//1387 1388//1388 1407//1407
f 1388//1388 1408//1408 1407//1407
f 1388//1388 1389//1389 1408//1408
f 1389//1389 1409//1409 1408//1408
f 1389//1389 1390//1390 1409//1409
f 1390//1390 1410//1410 1409//1409
f 1390//1390 1391//1391 1410//1410
f 1391//1391 1411//1411 1410//1410
f 1391//1391 1392//1392 1411//1411
f 1392//1392 1412//1412 1411//1411
f 1392//1392 1393//1393 1412//1412
f 1393//1393 1413//1413 1412//1412
f 1393//1393 1394//1394 1413//1413
f 1394//1394 1414//1414 1413//1413
f 1394//1394 1395//1395 1414//1414
f 1395//1395 1415//1415 1414//1414
f 1395//1395 1396//1396 1415//1415
f 1396//1396 1416//1416 1415//1415
f 1396//1396 1397//1397 1416//1416
f 1397//1397 1417//1417 1416//1416
f 1397//1397 1398//1398 1417//1417
f 1398//1398 1418//1418 1417//1417
f 1398//1398 1399//1399 1418//1418
f 1399//1399 1419//1419 1418//1418
f 1399//1399 1400//1400 1419//1419
f 1400//1400 1420//1420 1419//1419
f 1400//1400 1381//1381 1420//1420
f 1381//1381 1401//1401 1420//1420
f 1401//1401 1402//1402 1421//1421
f 1402//1402 1422//1422 1421//1421
f 1402//1402 1403//1403 1422//1422
f 1403//1403 1423//1423 1422//1422
f 1403//1403 1404//1404 1423//1423
f 1404//1404 1424//1424 1423//1423
f 1404//1404 1405//1405 1424//1424
f 1405//1405 1425//1425 1424//1424
f 1405//1405 1406//1406 1425//1425
f 1406//1406 1426//1426 1425//1425
f 1406//1406 1407//1407 1426//1426
f 1407//1407 1427//1427 1426//1426
f 1407//1407 1408//1408 1427//1427
f 1408//1408 1428//1428 1427//1427
f 1408//1408 1409//1409 1428//1428
f 1409//1409 1429//1429 1428//1428
f 1409//1409 1410//1410 1429//1429
f 1410//1410 1430//1430 1429//1429
f 1410//1410 1411//1411 1430//1430
f 1411//1411 1431//1431 1430//1430
f 1411//1411 1412//1412 1431//1431
f 1412//1412 1432//1432 1431//1431
f 1412//1412 1413//1413 1432//1432
f 1413//1413 1433//1433 1432//1432
f 1413//1413 1414//1414 1433//1433
f 1414//1414 1434//1434 1433//1433
f 1414//1414 1415//1415 1434//1434
f 1415//1415 1435//1435 1434//1434
f 1415//1415 1416//1416 1435//1435
f 1416//1416 1436//1436 1435//1435
f 1416//1416 1417//1417 1436//1436
f 1417//1417 1437//1437 1436//1436
f 1417//1417 1418//1418 1437//1437
f 1418//1418 1438//1438 1437//1437
f 1418//1418 1419//1419 1438//1438
f 1419//1419 1439//1439 1438//1438
f 1419//1419 1420//1420 1439//1439
f 1420//1420 1440//1440 1439//1439
f 1420//1420 1401//1401 1440//1440
f 1401//1401 1421//1421 1440//1440
f 1421//1421 1422//1422 1441//1441
f 1422//1422 1442//1442 1441//1441
f 1422//1422 1423//1423 1442//1442
f 1423//1423 1443//1443 1442//1442
f 1423//1423 1424//1424 1443//1443
f 1424//1424 1444//1444 1443//1443
f 1424//1424 1425//1425 1444//1444
f 1425//1425 1445//1445 1444//1444
f 1425//1425 1426//1426 1445//1445
f 1426//1426 1446//1446 1445//1445
f 1426//1426 1427//1427 1446//1446
f 1427//1427 1447//1447 1446//1446
f 1427//1427 1428//1428 1447//1447
f 1428//1428 1448//1448 1447//1447
f 1428//1428 1429//1429 1448//1448
f 1429//1429 1449//1449 1448//1448
f 1429//1429 1430//1430 1449//1449
f 1430//1430 1450//1450 1449//1449
f 1430//1430 1431//1431 1450//1450
f 1431//1431 1451//1451 1450//1450
f 1431//1431 1432//1432 1451//1451
f 1432//1432 1452//1452 1451//1451
f 1432//1432 1433//1433 1452//1452
f 1433//1433 1453//1453 1452//1452
f 1433//1433 1434//1434 1453//1453
f 1434//1434 1454//1454 1453//1453
f 1434//1434 1435//1435 1454//1454
f 1435//1435 1455//1455 1454//1454
f 1435//1435 1436//1436 1455//1455
f 1436//1436 1456//1456 1455//1455
f 1436//1436 1437//1437 1456//1456
f 1437//1437 1457//1457 1456//1456
f 1437//1437 1438//1438 1457//1457
f 1438//1438 1458//1458 1457//1457
f 1438//1438 1439//1439 1458//1458
f 1439//1439 1459//1459 1458//1458
f 1439//1439 1440//1440 1459//1459
f 1440//1440 1460//1460 1459//1459
f 1440//1440 1421//1421 1460//1460
f 1421//1421 1441//1441 1460//1460
f 1441//1441 1442//1442 1461//1461
f 1442//1442 1462//1462 1461//1461
f 1442//1442 1443//1443 1462//1462
f 1443//1443 1463//1463 1462//1462
f 1443//1443 1444//1444 1463//1463
f 1444//1444 1464//1464 1463//1463
f 1444//1444 1445//1445 1464//1464
f 1445//1445 1465//1465 1464//1464
f 1445//1445 1446//1446 1465//1465
f 1446//1446 1466//1466 1465//1465
f 1446//1446 1447//1447 1466//1466
f 1447//1447 1467//1467 1466//1466
f 1447//1447 1448//1448 1467//1467
f 1448//1448 1468//1468 1467//1467
f 1448//1448 1449//1449 1468//1468
f 1449//1449 1469//1469 1468//1468
f 1449//1449 1450//1450 1469//1469
f 1450//1450 1470//1470 1469//1469
f 1450//1450 1451//1451 1470//1470
f 1451//1451 1471//1471 1470//1470
f 1451//1451 1452//1452 1471//1471
f 1452//1452 1472//1472 1471//1471
f 1452//1452 1453//1453 1472//1472
f 1453//1453 1473//1473 1472//1472
f 1453//1453 1454//1454 1473//1473
f 1454//1454 1474//1474 1473//1473
f 1454//1454 1455//1455 1474//1474
f 1455//1455 1475//1475 1474//1474
f 1455//1455 1456//1456 1475//1475
f 1456//1456 1476//1476 1475//1475
f 1456//1456 1457//1457 1476//1476
f 1457//1457 1477//1477 1476//1476
f 1457//1457 1458//1458 1477//1477
f 1458//1458 1478//1478 1477//1477
f 1458//1458 1459//1459 1478//1478
f 1459//1459 1479//1479 1478//1478
f 1459//1459 1460//1460 1479//1479
f 1460//1460 1480//1480 1479//1479
f 1460//1460 1441//1441 1480//1480
f 1441//1441 1461//1461 1480//1480
f 1461//1461 1462//1462 1481//1481
f 1462//1462 1482//1482 1481//1481
f 1462//1462 1463//1463 1482//1482
f 1463//1463 1483//1483 1482//1482
f 1463//1463 1464//1464 1483//1483
f 1464//1464 1484//1484 1483//1483
f 1464//1464 1465//1465 1484//1484
f 1465//1465 1485//1485 1484//1484
f 1465//1465 1466//1466 1485//1485
f 1466//1466 1486//1486 1485//1485
f 1466//1466 1467//1467 1486//1486
f 1467//1467 1487//1487 1486//1486
f 1467//1467 1468//1468 1487//1487
f 1468//1468 1488//1488 1487//1487
f 1468//1468 1469//1469 1488//1488
f 1469//1469 1489//1489 1488//1488
f 1469//1469 1470//1470 1489//1489
f 1470//1470 1490//1490 1489//1489
f 1470//1470 1471//1471 1490//1490
f 1471//1471 1491//1491 1490//1490
f 1471//1471 1472//1472 1491//1491
f 1472//1472 1492//1492 1491//1491
f 1472//1472 1473//1473 1492//1492
f 1473//1473 1493//1493 1492//1492
f 1473//1473 1474//1474 1493//1493
f 1474//1474 1494//1494 1493//1493
f 1474//1474 1475//1475 1494//1494
f 1475//1475 1495//1495 1494//1494
f 1475//1475 1476//1476 1495//1495
f 1476//1476 1496//1496 1495//1495
f 1476//1476 1477//1477 1496//1496
f 1477//1477 1497//1497 1496//1496
f 1477//1477 1478//1478 1497//1497
f 1478//1478 1498//1498 1497//1497
f 1478//1478 1479//1479 1498//1498
f 1479//1479 1499//1499 1498//1498
f 1479//1479 1480//1480 1499//1499
f 1480//1480 1500//1500 1499//1499
f 1480//1480 1461//1461 1500//1500
f 1461//1461 1481//1481 1500//1500
f 1481//1481 1482//1482 1501//1501
f 1482//1482 1502//1502 1501//1501
f 1482//1482 1483//1483 1502//1502
f 1483//1483 1503//1503 1502//1502
f 1483//1483 1484//1484 1503//1503
f 1484//1484 1504//1504 1503//1503
f 1484//1484 1485//1485 1504//1504
f 1485//1485 1505//1505 1504//1504
f 1485//1485 1486//1486 1505//1505
f 1486//1486 1506//1506 1505//1505
f 1486//1486 1487//1487 1506//1506
f 1487//1487 1507//1507 1506//1506
f 1487//1487 1488//1488 1507//1507
f 1488//1488 1508//1508 1507//1507
f 1488//1488 1489//1489 1508//1508
f 1489//1489 1509//1509 1508//1508
f 1489//1489 1490//1490 1509//1509
f 1490//1490 1510//1510 1509//1509
f 1490//1490 1491//1491 1510//1510
f 1491//1491 1511//1511 1510//1510
f 1491//1491 1492//1492 1511//1511
f 1492//1492 1512//1512 1511//1511
f 1492//1492 1493//1493 1512//1512
f 1493//1493 1513//1513 1512//1512
f 1493//1493 1494//1494 1513//1513
f 1494//1494 1514//1514 1513//1513
f 1494//1494 1495//1495 1514//1514
f 1495//1495 1515//1515 1514//1514
f 1495//1495 1496//1496 1515//1515
f 1496//1496 1516//1516 1515//1515
f 1496//1496 1497//1497 1516//1516
f 1497//1497 1517//1517 1516//1516
f 1497//1497 1498//1498 1517//1517
f 1498//1498 1518//1518 1517//1517
f 1498//1498 1499//1499 1518//1518
f 1499//1499 1519//1519 1518//1518
f 1499//1499 1500//1500 1519//1519
f 1500//1500 1520//1520 1519//1519
f 1500//1500 1481//1481 1520//1520
f 1481//1481 1501//1501 1520//1520
f 1501//1501 1502//1502 1521//1521
f 1502//1502 1522//1522 1521//1521
f 1502//1502 1503//1503 1522//1522
f 1503//1503 1523//1523 1522//1522
f 1503//1503 1504//1504 1523//1523
f 1504//1504 1524//1524 1523//1523
f 1504//1504 1505//1505 1524//1524
f 1505//1505 1525//1525 1524//1524
f 1505//1505 1506//1506 1525//1525
f 1506//1506 1526//1526 1525//1525
f 1506//1506 1507//1507 1526//1526
f 1507//1507 1527//1527 1526//1526
f 1507//1507 1508//1508 1527//1527
f 1508//1508 1528//1528 1527//1527
f 1508//1508 1509//1509 1528//1528
f 1509//1509 1529//1529 1528//1528
f 1509//1509 1510//1510 1529//1529
f 1510//1510 1530//1530 1529//1529
f 1510//1510 1511//1511 1530//1530
f 1511//1511 1531//1531 1530//1530
f 1511//1511 1512//1512 1531//1531
f 1512//1512 1532//1532 1531//1531
f 1512//1512 1513//1513 1532//1532
f 1513//1513 1533//1533 1532//1532
f 1513//1513 1514//1514 1533//1533
f 1514//1514 1534//1534 1533//1533
f 1514//1514 1515//1515 1534//1534
f 1515//1515 1535//1535 1534//1534
f 1515//1515 1516//1516 1535//1535
f 1516//1516 1536//1536 1535//1535
f 1516//1516 1517//1517 1536//1536
f 1517//1517 1537//1537 1536//1536
f 1517//1517 1518//1518 1537//1537
f 1518//1518 1538//1538 1537//1537
f 1518//1518 1519//1519 1538//1538
f 1519//1519 1539//1539 1538//1538
f 1519//1519 1520//1520 1539//1539
f 1520//1520 1540//1540 1539//1539
f 1520//1520 1501//1501 1540//1540
f 1501//1501 1521//1521 1540//1540
f 1521//1521 1522//1522 1541//1541
f 1522//1522 1542//1542 1541//1541
f 1522//1522 1523//1523 1542//1542
f 1523//1523 1543//1543 1542//1542
f 1523//1523 1524//1524 1543//1543
f 1524//1524 1544//1544 1543//1543
f 1524//1524 1525//1525 1544//1544
f 1525//1525 1545//1545 1544//1544
f 1525//1525 1526//1526 1545//1545
f 1526//1526 1546//1546 1545//1545
f 1526//1526 1527//1527 1546//1546
f 1527//1527 1547//1547 1546//1546
f 1527//1527 1528//1528 1547//1547
f 1528//1528 1548//1548 1547//1547
f 1528//1528 1529//1529 1548//1548
f 1529//1529 1549//1549 1548//1548
f 1529//1529 1530//1530 1549//1549
f 1530//1530 1550//1550 1549//1549
f 1530//1530 1531//1531 1550//1550
f 1531//1531 1551//1551 1550//1550
f 1531//1531 1532//1532 1551//1551
f 1532//1532 1552//1552 1551//1551
f 1532//1532 1533//1533 1552//1552
f 1533//1533 1553//1553 1552//1552
f 1533//1533 1534//1534 1553//1553
f 1534//1534 1554//1554 1553//1553
f 1534//1534 1535//1535 1554//1554
f 1535//1535 1555//1555 1554//1554
f 1535//1535 1536//1536 1555//1555
f 1536//1536 1556//1556 1555//1555
f 1536//1536 1537//1537 1556//1556
f 1537//1537 1557//1557 1556//1556
f 1537//1537 1538//1538 1557//1557
f 1538//1538 1558//1558 1557//1557
f 1538//1538 1539//1539 1558//1558
f 1539//1539 1559//1559 1558//1558
f 1539//1539 1540//1540 1559//1559
f 1540//1540 1560//1560 1559//1559
f 1540//1540 1521//1521 1560//1560
f 1521//1521 1541//1541 1560//1560
f 1541//1541 1542//1542 1561//1561
f 1542//1542 1562//1562 1561//1561
f 1542//1542 1543//1543 1562//1562
f 1543//1543 1563//1563 1562//1562
f 1543//1543 1544//1544 1563//1563
f 1544//1544 1564//1564 1563//1563
f 1544//1544 1545//1545 1564//1564
f 1545//1545 1565//1565 1564//1564
f 1545//1545 1546//1546 1565//1565
f 1546//1546 1566//1566 1565//1565
f 1546//1546 1547//1547 1566//1566
f 1547//1547 1567//1567 1566//1566
f 1547//1547 1548//1548 1567//1567
f 1548//1548 1568//1568 1567//1567
f 1548//1548 1549//1549 1568//1568
f 1549//1549 1569//1569 1568//1568
f 1549//1549 1550//1550 1569//1569
f 1550//1550 1570//1570 1569//1569
f 1550//1550 1551//1551 1570//1570
f 1551//1551 1571//1571 1570//1570
f 1551//1551 1552//1552 1571//1571
f 1552//1552 1572//1572 1571//1571
f 1552//1552 1553//1553 1572//1572
f 1553//1553 1573//1573 1572//1572
f 1553//1553 1554//1554 1573//1573
f 1554//1554 1574//1574 1573//1573
f 1554//1554 1555//1555 1574//1574
f 1555//1555 1575//1575 1574//1574
f 1555//1555 1556//1556 1575//1575
f 1556//1556 1576//1576 1575//1575
f 1556//1556 1557//1557 1576//1576
f 1557//1557 1577//1577 1576//1576
f 1557//1557 1558//1558 1577//1577
f 1558//1558 1578//1578 1577//1577
f 1558//1558 1559//1559 1578//1578
f 1559//1559 1579//1579 1578//1578
f 1559//1559 1560//1560 1579//1579
f 1560//1560 1580//1580 1579//1579
f 1560//1560 1541//1541 1580//1580
f 1541//1541 1561//1561 1580//1580
f 1561//1561 1562//1562 1581//1581
f 1562//1562 1582//1582 1581//1581
f 1562//1562 1563//1563 1582//1582
f 1563//1563 1583//1583 1582//1582
f 1563//1563 1564//1564 1583//1583
f 1564//1564 1584//1584 1583//1583
f 1564//1564 1565//1565 1584//1584
f 1565//1565 1585//1585 1584//1584
f 1565//1565 1566//1566 1585//1585
f 1566//1566 1586//1586 1585//1585
f 1566//1566 1567//1567 1586//1586
f 1567//1567 1587//1587 1586//1586
f 1567//1567 1568//1568 1587//1587
f 1568//1568 1588//1588 1587//1587
f 1568//1568 1569//1569 1588//1588
f 1569//1569 1589//1589 1588//1588
f 1569//1569 1570//1570 1589//1589
f 1570//1570 1590//1590 1589//1589
f 1570//1570 1571//1571 1590//1590
f 1571//1571 1591//1591 1590//1590
f 1571//1571 1572//1572 1591//1591
f 1572//1572 1592//1592 1591//1591
f 1572//1572 1573//1573 1592//1592
f 1573//1573 1593//1593 1592//1592
f 1573//1573 1574//1574 1593//1593
f 1574//1574 1594//1594 1593//1593
f 1574//1574 1575//1575 1594//1594
f 1575//1575 1595//1595 1594//1594
f 1575//1575 1576//1576 1595//1595
f 1576//1576 1596//1596 1595//1595
f 1576//1576 1577//1577 1596//1596
f 1577//1577 1597//1597 1596//1596
f 1577//1577 1578//1578 1597//1597
f 1578//1578 1598//1598 1597//1597
f 1578//1578 1579//1579 1598//1598
f 1579//1579 1599//1599 1598//1598
f 1579//1579 1580//1580 1599//1599
f 1580//1580 1600//1600 1599//1599
f 1580//1580 1561//1561 1600//1600
f 1561//1561 1581//1581 1600//1600
f 1581//1581 1582//1582 1601//1601
f 1582//1582 1602//1602 1601//1601
f 1582//1582 1583//1583 1602//1602
f 1583//1583 1603//1603 1602//1602
f 1583//1583 1584//1584 1603//1603
f 1584//1584 1604//1604 1603//1603
f 1584//1584 1585//1585 1604//1604
f 1585//1585 1605//1605 1604//1604
f 1585//1585 1586//1586 1605//1605
f 1586//1586 1606//1606 1605//1605
f 1586//1586 1587//1587 1606//1606
f 1587//1587 1607//1607 1606//1606
f 1587//1587 1588//1588 1607//1607
f 1588//1588 1608//1608 1607//1607
f 1588//1588 1589//1589 1608//1608
f 1589//1589 1609//1609 1608//1608
f 1589//1589 1590//1590 1609//1609
f 1590//1590 1610//1610 1609//1609
f 1590//1590 1591//1591 1610//1610
f 1591//1591 1611//1611 1610//1610
f 1591//1591 1592//1592 1611//1611
f 1592//1592 1612//1612 1611//1611
f 1592//1592 1593//1593 1612//1612
f 1593//1593 1613//1613 1612//1612
f 1593//1593 1594//1594 1613//1613
f 1594//1594 1614//1614 1613//1613
f 1594//1594 1595//1595 1614//1614
f 1595//1595 1615//1615 1614//1614
f 1595//1595 1596//1596 1615//1615
f 1596//1596 1616//1616 1615//1615
f 1596//1596 1597//1597 1616//1616
f 1597//1597 1617//1617 1616//1616
f 1597//1597 1598//1598 1617//1617
f 1598//1598 1618//1618 1617//1617
f 1598//1598 1599//1599 1618//1618
f 1599//1599 1619//1619 1618//1618
f 1599//1599 1600//1600 1619//1619
f 1600//1600 1620//1620 1619//1619
f 1600//1600 1581//1581 1620//1620
f 1581//1581 1601//1601 1620//1620
f 1601//1601 1602//1602 1621//1621
f 1602//1602 1622//1622 1621//1621
f 1602//1602 1603//1603 1622//1622
f 1603//1603 1623//1623 1622//1622
f 1603//1603 1604//1604 1623//1623
f 1604//1604 1624//1624 1623//1623
f 1604//1604 1605//1605 1624//1624
f 1605//1605 1625//1625 1624//1624
f 1605//1605 1606//1606 1625//1625
f 1606//1606 1626//1626 1625//1625
f 1606//1606 1607//1607 1626//1626
f 1607//1607 1627//1627 1626//1626
f 1607//1607 1608//1608 1627//1627
f 1608//1608 1628//1628 1627//1627
f 1608//1608 1609//1609 1628//1628
f 1609//1609 1629//1629 1628//1628
f 1609//1609 1610//1610 1629//1629
f 1610//1610 1630//1630 1629//1629
f 1610//1610 1611//1611 1630//1630
f 1611//1611 1631//1631 1630//1630
f 1611//1611 1612//1612 1631//1631
f 1612//1612 1632//1632 1631//1631
f 1612//1612 1613//1613 1632//1632
f 1613//1613 1633//1633 1632//1632
f 1613//1613 1614//1614 1633//1633
f 1614//1614 1634//1634 1633//1633
f 1614//1614 1615//1615 1634//1634
f 1615//1615 1635//1635 1634//1634
f 1615//1615 1616//1616 1635//1635
f 1616//1616 1636//1636 1635//1635
f 1616//1616 1617//1617 1636//1636
f 1617//1617 1637//1637 1636//1636
f 1617//1617 1618//1618 1637//1637
f 1618//1618 1638//1638 1637//1637
f 1618//1618 1619//1619 1638//1638
f 1619//1619 1639//1639 1638//1638
f 1619//1619 1620//1620 1639//1639
f 1620//1620 1640//1640 1639//1639
f 1620//1620 1601//1601 1640//1640
f 1601//1601 1621//1621 1640//1640
f 1621//1621 1622//1622 1641//1641
f 1622//1622 1642//1642 1641//1641
f 1622//1622 1623//1623 1642//1642
f 1623//1623 1643//1643 1642//1642
f 1623//1623 1624//1624 1643//1643
f 1624//1624 1644//1644 1643//1643
f 1624//1624 1625//1625 1644//1644
f 1625//1625 1645//1645 1644//1644
f 1625//1625 1626//1626 1645//1645
f 1626//1626 1646//1646 1645//1645
f 1626//1626 1627//1627 1646//1646
f 1627//1627 1647//1647 1646//1646
f 1627//1627 1628//1628 1647//1647
f 1628//1628 1648//1648 1647//1647
f 1628//1628 1629//1629 1648//1648
f 1629//1629 1649//1649 1648//1648
f 1629//1629 1630//1630 1649//1649
f 1630//1630 1650//1650 1649//1649
f 1630//1630 1631//1631 1650//1650
f 1631//1631 1651//1651 1650//1650
f 1631//1631 1632//1632 1651//1651
f 1632//1632 1652//1652 1651//1651
f 1632//1632 1633//1633 1652//1652
f 1633//1633 1653//1653 1652//1652
f 1633//1633 1634//1634 1653//1653
f 1634//1634 1654//1654 1653//1653
f 1634//1634 1635//1635 1654//1654
f 1635//1635 1655//1655 1654//1654
f 1635//1635 1636//1636 1655//1655
f 1636//1636 1656//1656 1655//1655
f 1636//1636 1637//1637 1656//1656
f 1637//1637 1657//1657 1656//1656
f 1637//1637 1638//1638 1657//1657
f 1638//1638 1658//1658 1657//1657
f 1638//1638 1639//1639 1658//1658
f 1639//1639 1659//1659 1658//1658
f 1639//1639 1640//1640 1659//1659
f 1640//1640 1660//1660 1659//1659
f 1640//1640 1621//1621 1660//1660
f 1621//1621 1641//1641 1660//1660
f 1641//1641 1642//1642 1661//1661
f 1642//1642 1662//1662 1661//1661
f 1642//1642 1643//1643 1662//1662
f 1643//1643 1663//1663 1662//1662
f 1643//1643 1644//1644 1663//1663
f 1644//1644 1664//1664 1663//1663
f 1644//1644 1645//1645 1664//1664
f 1645//1645 1665//1665 1664//1664
f 1645//1645 1646//1646 1665//1665
f 1646//1646 1666//1666 1665//1665
f 1646//1646 1647//1647 1666//1666
f 1647//1647 1667//1667 1666//1666
f 1647//1647 1648//1648 1667//1667
f 1648//1648 1668//1668 1667//1667
f 1648//1648 1649//1649 1668//1668
f 1649//1649 1669//1669 1668//1668
f 1649//1649 1650//1650 1669//1669
f 1650//1650 1670//1670 1669//1669
f 1650//1650 1651//1651 1670//1670
f 1651//1651 1671//1671 1670//1670
f 1651//1651 1652//1652 1671//1671
f 1652//1652 1672//1672 1671//1671
f 1652//1652 1653//1653 1672//1672
f 1653//1653 1673//1673 1672//1672
f 1653//1653 1654//1654 1673//1673
f 1654//1654 1674//1674 1673//1673
f 1654//1654 1655//1655 1674//1674
f 1655//1655 1675//1675 1674//1674
f 1655//1655 1656//1656 1675//1675
f 1656//1656 1676//1676 1675//1675
f 1656//1656 1657//1657 1676//1676
f 1657//1657 1677//1677 1676//1676
f 1657//1657 1658//1658 1677//1677
f 1658//1658 1678//1678 1677//1677
f 1658//1658 1659//1659 1678//1678
f 1659//1659 1679//1679 1678//1678
f 1659//1659 1660//1660 1679//1679
f 1660//1660 1680//1680 1679//1679
f 1660//1660 1641//1641 1680//1680
f 1641//1641 1661//1661 1680//1680
f 1661//1661 1662//1662 1681//1681
f 1662//1662 1682//1682 1681//1681
f 1662//1662 1663//1663 1682//1682
f 1663//1663 1683//1683 1682//1682
f 1663//1663 1664//1664 1683//1683
f 1664//1664 1684//1684 1683//1683
f 1664//1664 1665//1665 1684//1684
f 1665//1665 1685//1685 1684//1684
f 1665//1665 1666//1666 1685//1685
f 1666//1666 1686//1686 1685//1685
f 1666//1666 1667//1667 1686//1686
f 1667//1667 1687//1687 1686//1686
f 1667//1667 1668//1668 1687//1687
f 1668//1668 1688//1688 1687//1687
f 1668//1668 1669//1669 1688//1688
f 1669//1669 1689//1689 1688//1688
f 1669//1669 1670//1670 1689//1689
f 1670//1670 1690//1690 1689//1689
f 1670//1670 1671//1671 1690//1690
f 1671//1671 1691//1691 1690//1690
f 1671//1671 1672//1672 1691//1691
f 1672//1672 1692//1692 1691//1691
f 1672//1672 1673//1673 1692//1692
f 1673//1673 1693//1693 1692//1692
f 1673//1673 1674//1674 1693//1693
f 1674//1674 1694//1694 1693//1693
f 1674//1674 1675//1675 1694//1694
f 1675//1675 1695//1695 1694//1694
f 1675//1675 1676//1676 1695//1695
f 1676//1676 1696//1696 1695//1695
f 1676//1676 1677//1677 1696//1696
f 1677//1677 1697//1697 1696//1696
f 1677//1677 1678//1678 1697//1697
f 1678//1678 1698//1698 1697//1697
f 1678//1678 1679//1679 1698//1698
f 1679//1679 1699//1699 1698//1698
f 1679//1679 1680//1680 1699//1699
f 1680//1680 1700//1700 1699//1699
f 1680//1680 1661//1661 1700//1700
f 1661//1661 1681//1681 1700//1700
f 1681//1681 1682//1682 1701//1701
f 1682//1682 1702//1702 1701//1701
f 1682//1682 1683//1683 1702//1702
f 1683//1683 1703//1703 1702//1702
f 1683//1683 1684//1684 1703//1703
f 1684//1684 1704//1704 1703//1703
f 1684//1684 1685//1685 1704//1704
f 1685//1685 1705//1705 1704//1704
f 1685//1685 1686//1686 1705//1705
f 1686//1686 1706//1706 1705//1705
f 1686//1686 1687//1687 1706//1706
f 1687//1687 1707//1707 1706//1706
f 1687//1687 1688//1688 1707//1707
f 1688//1688 1708//1708 1707//1707
f 1688//1688 1689//1689 1708//1708
f 1689//1689 1709//1709 1708//1708
f 1689//1689 1690//1690 1709//1709
f 1690//1690 1710//1710 1709//1709
f 1690//1690 1691//1691 1710//1710
f 1691//1691 1711//1711 1710//1710
f 1691//1691 1692//1692 1711//1711
f 1692//1692 1712//1712 1711//1711
f 1692//1692 1693//1693 1712//1712
f 1693//1693 1713//1713 1712//1712
f 1693//1693 1694//1694 1713//1713
f 1694//1694 1714//1714 1713//1713
f 1694//1694 1695//1695 1714//1714
f 1695//1695 1715//1715 1714//1714
f 1695//1695 1696//1696 1715//1715
f 1696//1696 1716//1716 1715//1715
f 1696//1696 1697//1697 1716//1716
f 1697//1697 1717//1717 1716//1716
f 1697//1697 1698//1698 1717//1717
f 1698//1698 1718//1718 1717//1717
f 1698//1698 1699//1699 1718//1718
f 1699//1699 1719//1719 1718//1718
f 1699//1699 1700//1700 1719//1719
f 1700//1700 1720//1720 1719//1719
f 1700//1700 1681//1681 1720//1720
f 1681//1681 1701//1701 1720//1720
f 1701//1701 1702//1702 1721//1721
f 1702//1702 1722//1722 1721//1721
f 1702//1702 1703//1703 1722//1722
f 1703//1703 1723//1723 1722//1722
f 1703//1703 1704//1704 1723//1723
f 1704//1704 1724//1724 1723//1723
f 1704//1704 1705//1705 1724//1724
f 1705//1705 1725//1725 1724//1724
f 1705//1705 1706//1706 1725//1725
f 1706//1706 1726//1726 1725//1725
f 1706//1706 1707//1707 1726//1726
f 1707//1707 1727//1727 1726//1726
f 1707//1707 1708//1708 1727//1727
f 1708//1708 1728//1728 1727//1727
f 1708//1708 1709//1709 1728//1728
f 1709//1709 1729//1729 1728//1728
f 1709//1709 1710//1710 1729//1729
f 1710//1710 1730//1730 1729//1729
f 1710//1710 1711//1711 1730//1730
f 1711//1711 1731//1731 1730//1730
f 1711//1711 1712//1712 1731//1731
f 1712//1712 1732//1732 1731//1731
f 1712//1712 1713//1713 1732//1732
f 1713//1713 1733//1733 1732//1732
f 1713//1713 1714//1714 1733//1733
f 1714//1714 1734//1734 1733//1733
f 1714//1714 1715//1715 1734//1734
f 1715//1715 1735//1735 1734//1734
f 1715//1715 1716//1716 1735//1735
f 1716//1716 1736//1736 1735//1735
f 1716//1716 1717//1717 1736//1736
f 1717//1717 1737//1737 1736//1736
f 1717//1717 1718//1718 1737//1737
f 1718//1718 1738//1738 1737//1737
f 1718//1718 1719//1719 1738//1738
f 1719//1719 1739//1739 1738//1738
f 1719//1719 1720//1720 1739//1739
f 1720//1720 1740//1740 1739//1739
f 1720//1720 1701//1701 1740//1740
f 1701//1701 1721//1721 1740//1740
f 1721//1721 1722//1722 1741//1741
f 1722//1722 1742//1742 1741//1741
f 1722//1722 1723//1723 1742//1742
f 1723//1723 1743//1743 1742//1742
f 1723//1723 1724//1724 1743//1743
f 1724//1724 1744//1744 1743//1743
f 1724//1724 1725//1725 1744//1744
f 1725//1725 1745//1745 1744//1744
f 1725//1725 1726//1726 1745//1745
f 1726//1726 1746//1746 1745//1745
f 1726//1726 1727//1727 1746//1746
f 1727//1727 1747//1747 1746//1746
f 1727//1727 1728//1728 1747//1747
f 1728//1728 1748//1748 1747//1747
f 1728//1728 1729//1729 1748//1748
f 1729//1729 1749//1749 1748//1748
f 1729//1729 1730//1730 1749//1749
f 1730//1730 1750//1750 1749//1749
f 1730//1730 1731//1731 1750//1750
f 1731//1731 1751//1751 1750//1750
f 1731//1731 1732//1732 1751//1751
f 1732//1732 1752//1752 1751//1751
f 1732//1732 1733//1733 1752//1752
f 1733//1733 1753//1753 1752//1752
f 1733//1733 1734//1734 1753//1753
f 1734//1734 1754//1754 1753//1753
f 1734//1734 1735//1735 1754//1754
f 1735//1735 1755//1755 1754//1754
f 1735//1735 1736//1736 1755//1755
f 1736//1736 1756//1756 1755//1755
f 1736//1736 1737//1737 1756//1756
f 1737//1737 1757//1757 1756//1756
f 1737//1737 1738//1738 1757//1757
f 1738//1738 1758//1758 1757//1757
f 1738//1738 1739//1739 1758//1758
f 1739//1739 1759//1759 1758//1758
f 1739//1739 1740//1740 1759//1759
f 1740//1740 1760//1760 1759//1759
f 1740//1740 1721//1721 1760//1760
f 1721//1721 1741//1741 1760//1760
f 1741//1741 1742//1742 1761//1761
f 1742//1742 1762//1762 1761//1761
f 1742//1742 1743//1743 1762//1762
f 1743//1743 1763//1763 1762//1762
f 1743//1743 1744//1744 1763//1763
f 1744//1744 1764//1764 1763//1763
f 1744//1744 1745//1745 1764//1764
f 1745//1745 1765//1765 1764//1764
f 1745//1745 1746//1746 1765//1765
f 1746//1746 1766//1766 1765//1765
f 1746//1746 1747//1747 1766//1766
f 1747//1747 1767//1767 1766//1766
f 1747//1747 1748//1748 1767//1767
f 1748//1748 1768//1768 1767//1767
f 1748//1748 1749//1749 1768//1768
f 1749//1749 1769//1769 1768//1768
f 1749//1749 1750//1750 1769//1769
f 1750//1750 1770//1770 1769//1769
f 1750//1750 1751//1751 1770//1770
f 1751//1751 1771//1771 1770//1770
f 1751//1751 1752//1752 1771//1771
f 1752//1752 1772//1772 1771//1771
f 1752//1752 1753//1753 1772//1772
f 1753//1753 1773//1773 1772//1772
f 1753//1753 1754//1754 1773//1773
f 1754//1754 1774//1774 1773//1773
f 1754//1754 1755//1755 1774//1774
f 1755//1755 1775//1775 1774//1774
f 1755//1755 1756//1756 1775//1775
f 1756//1756 1776//1776 1775//1775
f 1756//1756 1757//1757 1776//1776
f 1757//1757 1777//1777 1776//1776
f 1757//1757 1758//1758 1777//1777
f 1758//1758 1778//1778 1777//1777
f 1758//1758 1759//1759 1778//1778
f 1759//1759 1779//1779 1778//1778
f 1759//1759 1760//1760 1779//1779
f 1760//1760 1780//1780 1779//1779
f 1760//1760 1741//1741 1780//1780
f 1741//1741 1761//1761 1780//1780
f 1761//1761 1762//1762 1781//1781
f 1762//1762 1782//1782 1781//1781
f 1762//1762 1763//1763 1782//1782
f 1763//1763 1783//1783 1782//1782
f 1763//1763 1764//1764 1783//1783
f 1764//1764 1784//1784 1783//1783
f 1764//1764 1765//1765 1784//1784
f 1765//1765 1785//1785 1784//1784
f 1765//1765 1766//1766 1785//1785
f 1766//1766 1786//1786 1785//1785
f 1766//1766 1767//1767 1786//1786
f 1767//1767 1787//1787 1786//1786
f 1767//1767 1768//1768 1787//1787
f 1768//1768 1788//1788 1787//1787
f 1768//1768 1769//1769 1788//1788
f 1769//1769 1789//1789 1788//1788
f 1769//1769 1770//1770 1789//1789
f 1770//1770 1790//1790 1789//1789
f 1770//1770 1771//1771 1790//1790
f 1771//1771 1791//1791 1790//1790
f 1771//1771 1772//1772 1791//1791
f 1772//1772 1792//1792 1791//1791
f 1772//1772 1773//1773 1792//1792
f 1773//1773 1793//1793 1792//1792
f 1773//1773 1774//1774 1793//1793
f 1774//1774 1794//1794 1793//1793
f 1774//1774 1775//1775 1794//1794
f 1775//1775 1795//1795 1794//1794
f 1775//1775 1776//1776 1795//1795
f 1776//1776 1796//1796 1795//1795
f 1776//1776 1777//1777 1796//1796
f 1777//1777 1797//1797 1796//1796
f 1777//1777 1778//1778 1797//1797
f 1778//1778 1798//1798 1797//1797
f 1778//1778 1779//1779 1798//1798
f 1779//1779 1799//1799 1798//1798
f 1779//1779 1780//1780 1799//1799
f 1780//1780 1800//1800 1799//1799
f 1780//1780 1761//1761 1800//1800
f 1761//1761 1781//1781 1800//1800
f 1781//1781 1782//1782 1801//1801
f 1782//1782 1802//1802 1801//1801
f 1782//1782 1783//1783 1802//1802
f 1783//1783 1803//1803 1802//1802
f 1783//1783 1784//1784 1803//1803
f 1784//1784 1804//1804 1803//1803
f 1784//1784 1785//1785 1804//1804
f 1785//1785 1805//1805 1804//1804
f 1785//1785 1786//1786 1805//1805
f 1786//1786 1806//1806 1805//1805
f 1786//1786 1787//1787 1806//1806
f 1787//1787 1807//1807 1806//1806
f 1787//1787 1788//1788 1807//1807
f 1788//1788 1808//1808 1807//1807
f 1788//1788 1789//1789 1808//1808
f 1789//1789 1809//1809 1808//1808
f 1789//1789 1790//1790 1809//1809
f 1790//1790 1810//1810 1809//1809
f 1790//1790 1791//1791 1810//1810
f 1791//1791 1811//1811 1810//1810
f 1791//1791 1792//1792 1811//1811
f 1792//1792 1812//1812 1811//1811
f 1792//1792 1793//1793 1812//1812
f 1793//1793 1813//1813 1812//1812
f 1793//1793 1794//1794 1813//1813
f 1794//1794 1814//1814 1813//1813
f 1794//1794 1795//1795 1814//1814
f 1795//1795 1815//1815 1814//1814
f 1795//1795 1796//1796 1815//1815
f 1796//1796 1816//1816 1815//1815
f 1796//1796 1797//1797 1816//1816
f 1797//1797 1817//1817 1816//1816
f 1797//1797 1798//1798 1817//1817
f 1798//1798 1818//1818 1817//1817
f 1798//1798 1799//1799 1818//1818
f 1799//1799 1819//1819 1818//1818
f 1799//1799 1800//1800 1819//1819
f 1800//1800 1820//1820 1819//1819
f 1800//1800 1781//1781 1820//1820
f 1781//1781 1801//1801 1820//1820
f 1801//1801 1802//1802 1821//1821
f 1802//1802 1822//1822 1821//1821
f 1802//1802 1803//1803 1822//1822
f 1803//1803 1823//1823 1822//1822
f 1803//1803 1804//1804 1823//1823
f 1804//1804 1824//1824 1823//1823
f 1804//1804 1805//1805 1824//1824
f 1805//1805 1825//1825 1824//1824
f 1805//1805 1806//1806 1825//1825
f 1806//1806 1826//1826 1825//1825
f 1806//1806 1807//1807 1826//1826
f 1807//1807 1827//1827 1826//1826
f 1807//1807 1808//1808 1827//1827
f 1808//1808 1828//1828 1827//1827
f 1808//1808 1809//1809 1828//1828
f 1809//1809 1829//1829 1828//1828
f 1809//1809 1810//1810 1829//1829
f 1810//1810 1830//1830 1829//1829
f 1810//1810 1811//1811 1830//1830
f 1811//1811 1831//1831 1830//1830
f 1811//1811 1812//1812 1831//1831
f 1812//1812 1832//1832 1831//1831
f 1812//1812 1813//1813 1832//1832
f 1813//1813 1833//1833 1832//1832
f 1813//1813 1814//1814 1833//1833
f 1814//1814 1834//1834 1833//1833
f 1814//1814 1815//1815 1834//1834
f 1815//1815 1835//1835 1834//1834
f 1815//1815 1816//1816 1835//1835
f 1816//1816 1836//1836 1835//1835
f 1816//1816 1817//1817 1836//1836
f 1817//1817 1837//1837 1836//1836
f 1817//1817 1818//1818 1837//1837
f 1818//1818 1838//1838 1837//1837
f 1818//1818 1819//1819 1838//1838
f 1819//1819 1839//1839 1838//1838
f 1819//1819 1820//1820 1839//1839
f 1820//1820 1840//1840 1839//1839
f 1820//1820 1801//1801 1840//1840
f 1801//1801 1821//1821 1840//1840
f 1821//1821 1822//1822 1841//1841
f 1822//1822 1842//1842 1841//1841
f 1822//1822 1823//1823 1842//1842
f 1823//1823 1843//1843 1842//1842
f 1823//1823 1824//1824 1843//1843
f 1824//1824 1844//1844 1843//1843
f 1824//1824 1825//1825 1844//1844
f 1825//1825 1845//1845 1844//1844
f 1825//1825 1826//1826 1845//1845
f 1826//1826 1846//1846 1845//1845
f 1826//1826 1827//1827 1846//1846
f 1827//1827 1847//1847 1846//1846
f 1827//1827 1828//1828 1847//1847
f 1828//1828 1848//1848 1847//1847
f 1828//1828 1829//1829 1848//1848
f 1829//1829 1849//1849 1848//1848
f 1829//1829 1830//1830 1849//1849
f 1830//1830 1850//1850 1849//1849
f 1830//1830 1831//1831 1850//1850
f 1831//1831 1851//1851 1850//1850
f 1831//1831 1832//1832 1851//1851
f 1832//1832 1852//1852 1851//1851
f 1832//1832 1833//1833 1852//1852
f 1833//1833 1853//1853 1852//1852
f 1833//1833 1834//1834 1853//1853
f 1834//1834 1854//1854 1853//1853
f 1834//1834 1835//1835 1854//1854
f 1835//1835 1855//1855 1854//1854
f 1835//1835 1836//1836 1855//1855
f 1836//1836 1856//1856 1855//1855
f 1836//1836 1837//1837 1856//1856
f 1837//1837 1857//1857 1856//1856
f 1837//1837 1838//1838 1857//1857
f 1838//1838 1858//1858 1857//1857
f 1838//1838 1839//1839 1858//1858
f 1839//1839 1859//1859 1858//1858
f 1839//1839 1840//1840 1859//1859
f 1840//1840 1860//1860 1859//1859
f 1840//1840 1821//1821 1860//1860
f 1821//1821 1841//1841 1860//1860
f 1841//1841 1842//1842 1861//1861
f 1842//1842 1862//1862 1861//1861
f 1842//1842 1843//1843 1862//1862
f 1843//1843 1863//1863 1862//1862
f 1843//1843 1844//1844 1863//1863
f 1844//1844 1864//1864 1863//1863
f 1844//1844 1845//1845 1864//1864
f 1845//1845 1865//1865 1864//1864
f 1845//1845 1846//1846 1865//1865
f 1846//1846 1866//1866 1865//1865
f 1846//1846 1847//1847 1866//1866
f 1847//1847 1867//1867 1866//1866
f 1847//1847 1848//1848 1867//1867
f 1848//1848 1868//1868 1867//1867
f 1848//1848 1849//1849 1868//1868
f 1849//1849 1869//1869 1868//1868
f 1849//1849 1850//1850 1869//1869
f 1850//1850 1870//1870 1869//1869
f 1850//1850 1851//1851 1870//1870
f 1851//1851 1871//1871 1870//1870
f 1851//1851 1852//1852 1871//1871
f 1852//1852 1872//1872 1871//1871
f 1852//1852 1853//1853 1872//1872
f 1853//1853 1873//1873 1872//1872
f 1853//1853 1854//1854 1873//1873
f 1854//1854 1874//1874 1873//1873
f 1854//1854 1855//1855 1874//1874
f 1855//1855 1875//1875 1874//1874
f 1855//1855 1856//1856 1875//1875
f 1856//1856 1876//1876 1875//1875
f 1856//1856 1857//1857 1876//1876
f 1857//1857 1877//1877 1876//1876
f 1857//1857 1858//1858 1877//1877
f 1858//1858 1878//1878 1877//1877
f 1858//1858 1859//1859 1878//1878
f 1859//1859 1879//1879 1878//1878
f 1859//1859 1860//1860 1879//1879
f 1860//1860 1880//1880 1879//1879
f 1860//1860 1841//1841 1880//1880
f 1841//1841 1861//1861 1880//1880
f 1861//1861 1862//1862 1881//1881
f 1862//1862 1882//1882 1881//1881
f 1862//1862 1863//1863 1882//1882
f 1863//1863 1883//1883 1882//1882
f 1863//1863 1864//1864 1883//1883
f 1864//1864 1884//1884 1883//1883
f 1864//1864 1865//1865 1884//1884
f 1865//1865 1885//1885 1884//1884
f 1865//1865 1866//1866 1885//1885
f 1866//1866 1886//1886 1885//1885
f 1866//1866 1867//1867 1886//1886
f 1867//1867 1887//1887 1886//1886
f 1867//1867 1868//1868 1887//1887
f 1868//1868 1888//1888 1887//1887
f 1868//1868 1869//1869 1888//1888
f 1869//1869 1889//1889 1888//1888
f 1869//1869 1870//1870 1889//1889
f 1870//1870 1890//1890 1889//1889
f 1870//1870 1871//1871 1890//1890
f 1871//1871 1891//1891 1890//1890
f 1871//1871 1872//1872 1891//1891
f 1872//1872 1892//1892 1891//1891
f 1872//1872 1873//1873 1892//1892
f 1873//1873 1893//1893 1892//1892
f 1873//1873 1874//1874 1893//1893
f 1874//1874 1894//1894 1893//1893
f 1874//1874 1875//1875 1894//1894
f 1875//1875 1895//1895 1894//1894
f 1875//1875 1876//1876 1895//1895
f 1876//1876 1896//1896 1895//1895
f 1876//1876 1877//1877 1896//1896
f 1877//1877 1897//1897 1896//1896
f 1877//1877 1878//1878 1897//1897
f 1878//1878 1898//1898 1897//1897
f 1878//1878 1879//1879 1898//1898
f 1879//1879 1899//1899 1898//1898
f 1879//1879 1880//1880 1899//1899
f 1880//1880 1900//1900 1899//1899
f 1880//1880 1861//1861 1900//1900
f 1861//1861 1881//1881 1900//1900
f 1881//1881 1882//1882 1901//1901
f 1882//1882 1902//1902 1901//1901
f 1882//1882 1883//1883 1902//1902
f 1883//1883 1903//1903 1902//1902
f 1883//1883 1884//1884 1903//1903
f 1884//1884 1904//1904 1903//1903
f 1884//1884 1885//1885 1904//1904
f 1885//1885 1905//1905 1904//1904
f 1885//1885 1886//1886 1905//1905
f 1886//1886 1906//1906 1905//1905
f 1886//1886 1887//1887 1906//1906
f 1887//1887 1907//1907 1906//1906
f 1887//1887 1888//1888 1907//1907
f 1888//1888 1908//1908 1907//1907
f 1888//1888 1889//1889 1908//1908
f 1889//1889 1909//1909 1908//1908
f 1889//1889 1890//1890 1909//1909
f 1890//1890 1910//1910 1909//1909
f 1890//1890 1891//1891 1910//1910
f 1891//1891 1911//1911 1910//1910
f 1891//1891 1892//1892 1911//1911
f 1892//1892 1912//1912 1911//1911
f 1892//1892 1893//1893 1912//1912
f 1893//1893 1913//1913 1912//1912
f 1893//1893 1894//1894 1913//1913
f 1894//1894 1914//1914 1913//1913
f 1894//1894 1895//1895 1914//1914
f 1895//1895 1915//1915 1914//1914
f 1895//1895 1896//1896 1915//1915
f 1896//1896 1916//1916 1915//1915
f 1896//1896 1897//1897 1916//1916
f 1897//1897 1917//1917 1916//1916
f 1897//1897 1898//1898 1917//1917
f 1898//1898 1918//1918 1917//1917
f 1898//1898 1899//1899 1918//1918
f 1899//1899 1919//1919 1918//1918
f 1899//1899 1900//1900 1919//1919
f 1900//1900 1920//1920 1919//1919
f 1900//1900 1881//1881 1920//1920
f 1881//1881 1901//1901 1920//1920
f 1901//1901 1902//1902 1921//1921
f 1902//1902 1922//1922 1921//1921
f 1902//1902 1903//1903 1922//1922
f 1903//1903 1923//1923 1922//1922
f 1903//1903 1904//1904 1923//1923
f 1904//1904 1924//1924 1923//1923
f 1904//1904 1905//1905 1924//1924
f 1905//1905 1925//1925 1924//1924
f 1905//1905 1906//1906 1925//1925
f 1906//1906 1926//1926 1925//1925
f 1906//1906 1907//1907 1926//1926
f 1907//1907 1927//1927 1926//1926
f 1907//1907 1908//1908 1927//1927
f 1908//1908 1928//1928 1927//1927
f 1908//1908 1909//1909 1928//1928
f 1909//1909 1929//1929 1928//1928
f 1909//1909 1910//1910 1929//1929
f 1910//1910 1930//1930 1929//1929
f 1910//1910 1911//1911 1930//1930
f 1911//1911 1931//1931 1930//1930
f 1911//1911 1912//1912 1931//1931
f 1912//1912 1932//1932 1931//1931
f 1912//1912 1913//1913 1932//1932
f 1913//1913 1933//1933 1932//1932
f 1913//1913 1914//1914 1933//1933
f 1914//1914 1934//1934 1933//1933
f 1914//1914 1915//1915 1934//1934
f 1915//1915 1935//1935 1934//1934
f 1915//1915 1916//1916 1935//1935
f 1916//1916 1936//1936 1935//1935
f 1916//1916 1917//1917 1936//1936
f 1917//1917 1937//1937 1936//1936
f 1917//1917 1918//1918 1937//1937
f 1918//1918 1938//1938 1937//1937
f 1918//1918 1919//1919 1938//1938
f 1919//1919 1939//1939 1938//1938
f 1919//1919 1920//1920 1939//1939
f 1920//1920 1940//1940 1939//1939
f 1920//1920 1901//1901 1940//1940
f 1901//1901 1921//1921 1940//1940
f 1921//1921 1922//1922 1941//1941
f 1922//1922 1942//1942 1941//1941
f 1922//1922 1923//1923 1942//1942
f 1923//1923 1943//1943 1942//1942
f 1923//1923 1924//1924 1943//1943
f 1924//1924 1944//1944 1943//1943
f 1924//1924 1925//1925 1944//1944
f 1925//1925 1945//1945 1944//1944
f 1925//1925 1926//1926 1945//1945
f 1926//1926 1946//1946 1945//1945
f 1926//1926 1927//1927 1946//1946
f 1927//1927 1947//1947 1946//1946
f 1927//1927 1928//1928 1947//1947
f 1928//1928 1948//1948 1947//1947
f 1928//1928 1929//1929 1948//1948
f 1929//1929 1949//1949 1948//1948
f 1929//1929 1930//1930 1949//1949
f 1930//1930 1950//1950 1949//1949
f 1930//1930 1931//1931 1950//1950
f 1931//1931 1951//1951 1950//1950
f 1931//1931 1932//1932 1951//1951
f 1932//1932 1952//1952 1951//1951
f 1932//1932 1933//1933 1952//1952
f 1933//1933 1953//1953 1952//1952
f 1933//1933 1934//1934 1953//1953
f 1934//1934 1954//1954 1953//1953
f 1934//1934 1935//1935 1954//1954
f 1935//1935 1955//1955 1954//1954
f 1935//1935 1936//1936 1955//1955
f 1936//1936 1956//1956 1955//1955
f 1936//1936 1937//1937 1956//1956
f 1937//1937 1957//1957 1956//1956
f 1937//1937 1938//1938 1957//1957
f 1938//1938 1958//1958 1957//1957
f 1938//1938 1939//1939 1958//1958
f 1939//1939 1959//1959 1958//1958
f 1939//1939 1940//1940 1959//1959
f 1940//1940 1960//1960 1959//1959
f 1940//1940 1921//1921 1960//1960
f 1921//1921 1941//1941 1960//1960
f 1941//1941 1942//1942 1961//1961
f 1942//1942 1962//1962 1961//1961
f 1942//1942 1943//1943 1962//1962
f 1943//1943 1963//1963 1962//1962
f 1943//1943 1944//1944 1963//1963
f 1944//1944 1964//1964 1963//1963
f 1944//1944 1945//1945 1964//1964
f 1945//1945 1965//1965 1964//1964
f 1945//1945 1946//1946 1965//1965
f 1946//1946 1966//1966 1965//1965
f 1946//1946 1947//1947 1966//1966
f 1947//1947 1967//1967 1966//1966
f 1947//1947 1948//1948 1967//1967
f 1948//1948 1968//1968 1967//1967
f 1948//1948 1949//1949 1968//1968
f 1949//1949 1969//1969 1968//1968
f 1949//1949 1950//1950 1969//1969
f 1950//1950 1970//1970 1969//1969
f 1950//1950 1951//1951 1970//1970
f 1951//1951 1971//1971 1970//1970
f 1951//1951 1952//1952 1971//1971
f 1952//1952 1972//1972 1971//1971
f 1952//1952 1953//1953 1972//1972
f 1953//1953 1973//1973 1972//1972
f 1953//1953 1954//1954 1973//1973
f 1954//1954 1974//1974 1973//1973
f 1954//1954 1955//1955 1974//1974
f 1955//1955 1975//1975 1974//1974
f 1955//1955 1956//1956 1975//1975
f 1956//1956 1976//1976 1975//1975
f 1956//1956 1957//1957 1976//1976
f 1957//1957 1977//1977 1976//1976
f 1957//1957 1958//1958 1977//1977
f 1958//1958 1978//1978 1977//1977
f 1958//1958 1959//1959 1978//1978
f 1959//1959 1979//1979 1978//1978
f 1959//1959 1960//1960 1979//1979
f 1960//1960 1980//1980 1979//1979
f 1960//1960 1941//1941 1980//1980
f 1941//1941 1961//1961 1980//1980
f 1961//1961 1962//1962 1981//1981
f 1962//1962 1982//1982 1981//1981
f 1962//1962 1963//1963 1982//1982
f 1963//1963 1983//1983 1982//1982
f 1963//1963 1964//1964 1983//1983
f 1964//1964 1984//1984 1983//1983
f 1964//1964 1965//1965 1984//1984
f 1965//1965 1985//1985 1984//1984
f 1965//1965 1966//1966 1985//1985
f 1966//1966 1986//1986 1985//1985
f 1966//1966 1967//1967 1986//1986
f 1967//1967 1987//1987 1986//1986
f 1967//1967 1968//1968 1987//1987
f 1968//1968 1988//1988 1987//1987
f 1968//1968 1969//1969 1988//1988
f 1969//1969 1989//1989 1988//1988
f 1969//1969 1970//1970 1989//1989
f 1970//1970 1990//1990 1989//1989
f 1970//1970 1971//1971 1990//1990
f 1971//1971 1991//1991 1990//1990
f 1971//1971 1972//1972 1991//1991
f 1972//1972 1992//1992 1991//1991
f 1972//1972 1973//1973 1992//1992
f 1973//1973 1993//1993 1992//1992
f 1973//1973 1974//1974 1993//1993
f 1974//1974 1994//1994 1993//1993
f 1974//1974 1975//1975 1994//1994
f 1975//1975 1995//1995 1994//1994
f 1975//1975 1976//1976 1995//1995
f 1976//1976 1996//1996 1995//1995
f 1976//1976 1977//1977 1996//1996
f 1977//1977 1997//1997 1996//1996
f 1977//1977 1978//1978 1997//1997
f 1978//1978 1998//1998 1997//1997
f 1978//1978 1979//1979 1998//1998
f 1979//1979 1999//1999 1998//1998
f 1979//1979 1980//1980 1999//1999
f 1980//1980 2000//2000 1999//1999
f 1980//1980 1961//1961 2000//2000
f 1961//1961 1981//1981 2000//2000
f 1981//1981 1982//1982 2001//2001
f 1982//1982 2002//2002 2001//2001
f 1982//1982 1983//1983 2002//2002
f 1983//1983 2003//2003 2002//2002
f 1983//1983 1984//1984 2003//2003
f 1984//1984 2004//2004 2003//2003
f 1984//1984 1985//1985 2004//2004
f 1985//1985 2005//2005 2004//2004
f 1985//1985 1986//1986 2005//2005
f 1986//1986 2006//2006 2005//2005
f 1986//1986 1987//1987 2006//2006
f 1987//1987 2007//2007 2006//2006
f 1987//1987 1988//1988 2007//2007
f 1988//1988 2008//2008 2007//2007
f 1988//1988 1989//1989 2008//2008
f 1989//1989 2009//2009 2008//2008
f 1989//1989 1990//1990 2009//2009
f 1990//1990 2010//2010 2009//2009
f 1990//1990 1991//1991 2010//2010
f 1991//1991 2011//2011 2010//2010
f 1991//1991 1992//1992 2011//2011
f 1992//1992 2012//2012 2011//2011
f 1992//1992 1993//1993 2012//2012
f 1993//1993 2013//2013 2012//2012
f 1993//1993 1994//1994 2013//2013
f 1994//1994 2014//2014 2013//2013
f 1994//1994 1995//1995 2014//2014
f 1995//1995 2015//2015 2014//2014
f 1995//1995 1996//1996 2015//2015
f 1996//1996 2016//2016 2015//2015
f 1996//1996 1997//1997 2016//2016
f 1997//1997 2017//2017 2016//2016
f 1997//1997 1998//1998 2017//2017
f 1998//1998 2018//2018 2017//2017
f 1998//1998 1999//1999 2018//2018
f 1999//1999 2019//2019 2018//2018
f 1999//1999 2000//2000 2019//2019
f 2000//2000 2020//2020 2019//2019
f 2000//2000 1981//1981 2020//2020
f 1981//1981 2001//2001 2020//2020
f 2001//2001 2002//2002 2021//2021
f 2002//2002 2022//2022 2021//2021
f 2002//2002 2003//2003 2022//2022
f 2003//2003 2023//2023 2022//2022
f 2003//2003 2004//2004 2023//2023
f 2004//2004 2024//2024 2023//2023
f 2004//2004 2005//2005 2024//2024
f 2005//2005 2025//2025 2024//2024
f 2005//2005 2006//2006 2025//2025
f 2006//2006 2026//2026 2025//2025
f 2006//2006 2007//2007 2026//2026
f 2007//2007 2027//2027 2026//2026
f 2007//2007 2008//2008 2027//2027
f 2008//2008 2028//2028 2027//2027
f 2008//2008 2009//2009 2028//2028
f 2009//2009 2029//2029 2028//2028
f 2009//2009 2010//2010 2029//2029
f 2010//2010 2030//2030 2029//2029
f 2010//2010 2011//2011 2030//2030
f 2011//2011 2031//2031 2030//2030
f 2011//2011 2012//2012 2031//2031
f 2012//2012 2032//2032 2031//2031
f 2012//2012 2013//2013 2032//2032
f 2013//2013 2033//2033 2032//2032
f 2013//2013 2014//2014 2033//2033
f 2014//2014 2034//2034 2033//2033
f 2014//2014 2015//2015 2034//2034
f 2015//2015 2035//2035 2034//2034
f 2015//2015 2016//2016 2035//2035
f 2016//2016 2036//2036 2035//2035
f 2016//2016 2017//2017 2036//2036
f 2017//2017 2037//2037 2036//2036
f 2017//2017 2018//2018 2037//2037
f 2018//2018 2038//2038 2037//2037
f 2018//2018 2019//2019 2038//2038
f 2019//2019 2039//2039 2038//2038
f 2019//2019 2020//2020 2039//2039
f 2020//2020 2040//2040 2039//2039
f 2020//2020 2001//2001 2040//2040
f 2001//2001 2021//2021 2040//2040
f 2021//2021 2022//2022 2041//2041
f 2022//2022 2042//2042 2041//2041
f 2022//2022 2023//2023 2042//2042
f 2023//2023 2043//2043 2042//2042
f 2023//2023 2024//2024 2043//2043
f 2024//2024 2044//2044 2043//2043
f 2024//2024 2025//2025 2044//2044
f 2025//2025 2045//2045 2044//2044
f 2025//2025 2026//2026 2045//2045
f 2026//2026 2046//2046 2045//2045
f 2026//2026 2027//2027 2046//2046
f 2027//2027 2047//2047 2046//2046
f 2027//2027 2028//2028 2047//2047
f 2028//2028 2048//2048 2047//2047
f 2028//2028 2029//2029 2048//2048
f 2029//2029 2049//2049 2048//2048
f 2029//2029 2030//2030 2049//2049
f 2030//2030 2050//2050 2049//2049
f 2030//2030 2031//2031 2050//2050
f 2031//2031 2051//2051 2050//2050
f 2031//2031 2032//2032 2051//2051
f 2032//2032 2052//2052 2051//2051
f 2032//2032 2033//2033 2052//2052
f 2033//2033 2053//2053 2052//2052
f 2033//2033 2034//2034 2053//2053
f 2034//2034 2054//2054 2053//2053
f 2034//2034 2035//2035 2054//2054
f 2035//2035 2055//2055 2054//2054
f 2035//2035 2036//2036 2055//2055
f 2036//2036 2056//2056 2055//2055
f 2036//2036 2037//2037 2056//2056
f 2037//2037 2057//2057 2056//2056
f 2037//2037 2038//2038 2057//2057
f 2038//2038 2058//2058 2057//2057
f 2038//2038 2039//2039 2058//2058
f 2039//2039 2059//2059 2058//2058
f 2039//2039 2040//2040 2059//2059
f 2040//2040 2060//2060 2059//2059
f 2040//2040 2021//2021 2060//2060
f 2021//2021 2041//2041 2060//2060
f 2041//2041 2042//2042 2061//2061
f 2042//2042 2062//2062 2061//2061
f 2042//2042 2043//2043 2062//2062
f 2043//2043 2063//2063 2062//2062
f 2043//2043 2044//2044 2063//2063
f 2044//2044 2064//2064 2063//2063
f 2044//2044 2045//2045 2064//2064
f 2045//2045 2065//2065 2064//2064
f 2045//2045 2046//2046 2065//2065
f 2046//2046 2066//2066 2065//2065
f 2046//2046 2047//2047 2066//2066
f 2047//2047 2067//2067 2066//2066
f 2047//2047 2048//2048 2067//2067
f 2048//2048 2068//2068 2067//2067
f 2048//2048 2049//2049 2068//2068
f 2049//2049 2069//2069 2068//2068
f 2049//2049 2050//2050 2069//2069
f 2050//2050 2070//2070 2069//2069
f 2050//2050 2051//2051 2070//2070
f 2051//2051 2071//2071 2070//2070
f 2051//2051 2052//2052 2071//2071
f 2052//2052 2072//2072 2071//2071
f 2052//2052 2053//2053 2072//2072
f 2053//2053 2073//2073 2072//2072
f 2053//2053 2054//2054 2073//2073
f 2054//2054 2074//2074 2073//2073
f 2054//2054 2055//2055 2074//2074
f 2055//2055 2075//2075 2074//2074
f 2055//2055 2056//2056 2075//2075
f 2056//2056 2076//2076 2075//2075
f 2056//2056 2057//2057 2076//2076
f 2057//2057 2077//2077 2076//2076
f 2057//2057 2058//2058 2077//2077
f 2058//2058 2078//2078 2077//2077
f 2058//2058 2059//2059 2078//2078
f 2059//2059 2079//2079 2078//2078
f 2059//2059 2060//2060 2079//2079
f 2060//2060 2080//2080 2079//2079
f 2060//2060 2041//2041 2080//2080
f 2041//2041 2061//2061 2080//2080
f 2061//2061 2062//2062 2081//2081
f 2062//2062 2082//2082 2081//2081
f 2062//2062 2063//2063 2082//2082
f 2063//2063 2083//2083 2082//2082
f 2063//2063 2064//2064 2083//2083
f 2064//2064 2084//2084 2083//2083
f 2064//2064 2065//2065 2084//2084
f 2065//2065 2085//2085 2084//2084
f 2065//2065 2066//2066 2085//2085
f 2066//2066 2086//2086 2085//2085
f 2066//2066 2067//2067 2086//2086
f 2067//2067 2087//2087 2086//2086
f 2067//2067 2068//2068 2087//2087
f 2068//2068 2088//2088 2087//2087
f 2068//2068 2069//2069 2088//2088
f 2069//2069 2089//2089 2088//2088
f 2069//2069 2070//2070 2089//2089
f 2070//2070 2090//2090 2089//2089
f 2070//2070 2071//2071 2090//2090
f 2071//2071 2091//2091 2090//2090
f 2071//2071 2072//2072 2091//2091
f 2072//2072 2092//2092 2091//2091
f 2072//2072 2073//2073 2092//2092
f 2073//2073 2093//2093 2092//2092
f 2073//2073 2074//2074 2093//2093
f 2074//2074 2094//2094 2093//2093
f 2074//2074 2075//2075 2094//2094
f 2075//2075 2095//2095 2094//2094
f 2075//2075 2076//2076 2095//2095
f 2076//2076 2096//2096 2095//2095
f 2076//2076 2077//2077 2096//2096
f 2077//2077 2097//2097 2096//2096
f 2077//2077 2078//2078 2097//2097
f 2078//2078 2098//2098 2097//2097
f 2078//2078 2079//2079 2098//2098
f 2079//2079 2099//2099 2098//2098
f 2079//2079 2080//2080 2099//2099
f 2080//2080 2100//2100 2099//2099
f 2080//2080 2061//2061 2100//2100
f 2061//2061 2081//2081 2100//2100
f 2081//2081 2082//2082 2101//2101
f 2082//2082 2102//2102 2101//2101
f 2082//2082 2083//2083 2102//2102
f 2083//2083 2103//2103 2102//2102
f 2083//2083 2084//2084 2103//2103
f 2084//2084 2104//2104 2103//2103
f 2084//2084 2085//2085 2104//2104
f 2085//2085 2105//2105 2104//2104
f 2085//2085 2086//2086 2105//2105
f 2086//2086 2106//2106 2105//2105
f 2086//2086 2087//2087 2106//2106
f 2087//2087 2107//2107 2106//2106
f 2087//2087 2088//2088 2107//2107
f 2088//2088 2108//2108 2107//2107
f 2088//2088 2089//2089 2108//2108
f 2089//2089 2109//2109 2108//2108
f 2089//2089 2090//2090 2109//2109
f 2090//2090 2110//2110 2109//2109
f 2090//2090 2091//2091 2110//2110
f 2091//2091 2111//2111 2110//2110
f 2091//2091 2092//2092 2111//2111
f 2092//2092 2112//2112 2111//2111
f 2092//2092 2093//2093 2112//2112
f 2093//2093 2113//2113 2112//2112
f 2093//2093 2094//2094 2113//2113
f 2094//2094 2114//2114 2113//2113
f 2094//2094 2095//2095 2114//2114
f 2095//2095 2115//2115 2114//2114
f 2095//2095 2096//2096 2115//2115
f 2096//2096 2116//2116 2115//2115
f 2096//2096 2097//2097 2116//2116
f 2097//2097 2117//2117 2116//2116
f 2097//2097 2098//2098 2117//2117
f 2098//2098 2118//2118 2117//2117
f 2098//2098 2099//2099 2118//2118
f 2099//2099 2119//2119 2118//2118
f 2099//2099 2100//2100 2119//2119
f 2100//2100 2120//2120 2119//2119
f 2100//2100 2081//2081 2120//2120
f 2081//2081 2101//2101 2120//2120
f 2101//2101 2102//2102 2121//2121
f 2102//2102 2122//2122 2121//2121
f 2102//2102 2103//2103 2122//2122
f 2103//2103 2123//2123 2122//2122
f 2103//2103 2104//2104 2123//2123
f 2104//2104 2124//2124 2123//2123
f 2104//2104 2105//2105 2124//2124
f 2105//2105 2125//2125 2124//2124
f 2105//2105 2106//2106 2125//2125
f 2106//2106 2126//2126 2125//2125
f 2106//2106 2107//2107 2126//2126
f 2107//2107 2127//2127 2126//2126
f 2107//2107 2108//2108 2127//2127
f 2108//2108 2128//2128 2127//2127
f 2108//2108 2109//2109 2128//2128
f 2109//2109 2129//2129 2128//2128
f 2109//2109 2110//2110 2129//2129
f 2110//2110 2130//2130 2129//2129
f 2110//2110 2111//2111 2130//2130
f 2111//2111 2131//2131 2130//2130
f 2111//2111 2112//2112 2131//2131
f 2112//2112 2132//2132 2131//2131
f 2112//2112 2113//2113 2132//2132
f 2113//2113 2133//2133 2132//2132
f 2113//2113 2114//2114 2133//2133
f 2114//2114 2134//2134 2133//2133
f 2114//2114 2115//2115 2134//2134
f 2115//2115 2135//2135 2134//2134
f 2115//2115 2116//2116 2135//2135
f 2116//2116 2136//2136 2135//2135
f 2116//2116 2117//2117 2136//2136
f 2117//2117 2137//2137 2136//2136
f 2117//2117 2118//2118 2137//2137
f 2118//2118 2138//2138 2137//2137
f 2118//2118 2119//2119 2138//2138
f 2119//2119 2139//2139 2138//2138
f 2119//2119 2120//2120 2139//2139
f 2120//2120 2140//2140 2139//2139
f 2120//2120 2101//2101 2140//2140
f 2101//2101 2121//2121 2140//2140
f 2121//2121 2122//2122 2141//2141
f 2122//2122 2142//2142 2141//2141
f 2122//2122 2123//2123 2142//2142
f 2123//2123 2143//2143 2142//2142
f 2123//2123 2124//2124 2143//2143
f 2124//2124 2144//2144 2143//2143
f 2124//2124 2125//2125 2144//2144
f 2125//2125 2145//2145 2144//2144
f 2125//2125 2126//2126 2145//2145
f 2126//2126 2146//2146 2145//2145
f 2126//2126 2127//2127 2146//2146
f 2127//2127 2147//2147 2146//2146
f 2127//2127 2128//2128 2147//2147
f 2128//2128 2148//2148 2147//2147
f 2128//2128 2129//2129 2148//2148
f 2129//2129 2149//2149 2148//2148
f 2129//2129 2130//2130 2149//2149
f 2130//2130 2150//2150 2149//2149
f 2130//2130 2131//2131 2150//2150
f 2131//2131 2151//2151 2150//2150
f 2131//2131 2132//2132 2151//2151
f 2132//2132 2152//2152 2151//2151
f 2132//2132 2133//2133 2152//2152
f 2133//2133 2153//2153 2152//2152
f 2133//2133 2134//2134 2153//2153
f 2134//2134 2154//2154 2153//2153
f 2134//2134 2135//2135 2154//2154
f 2135//2135 2155//2155 2154//2154
f 2135//2135 2136//2136 2155//2155
f 2136//2136 2156//2156 2155//2155
f 2136//2136 2137//2137 2156//2156
f 2137//2137 2157//2157 2156//2156
f 2137//2137 2138//2138 2157//2157
f 2138//2138 2158//2158 2157//2157
f 2138//2138 2139//2139 2158//2158
f 2139//2139 2159//2159 2158//2158
f 2139//2139 2140//2140 2159//2159
f 2140//2140 2160//2160 2159//2159
f 2140//2140 2121//2121 2160//2160
f 2121//2121 2141//2141 2160//2160
f 2141//2141 2142//2142 2161//2161
f 2142//2142 2162//2162 2161//2161
f 2142//2142 2143//2143 2162//2162
f 2143//2143 2163//2163 2162//2162
f 2143//2143 2144//2144 2163//2163
f 2144//2144 2164//2164 2163//2163
f 2144//2144 2145//2145 2164//2164
f 2145//2145 2165//2165 2164//2164
f 2145//2145 2146//2146 2165//2165
f 2146//2146 2166//2166 2165//2165
f 2146//2146 2147//2147 2166//2166
f 2147//2147 2167//2167 2166//2166
f 2147//2147 2148//2148 2167//2167
f 2148//2148 2168//2168 2167//2167
f 2148//2148 2149//2149 2168//2168
f 2149//2149 2169//2169 2168//2168
f 2149//2149 2150//2150 2169//2169
f 2150//2150 2170//2170 2169//2169
f 2150//2150 2151//2151 2170//2170
f 2151//2151 2171//2171 2170//2170
f 2151//2151 2152//2152 2171//2171
f 2152//2152 2172//2172 2171//2171
f 2152//2152 2153//2153 2172//2172
f 2153//2153 2173//2173 2172//2172
f 2153//2153 2154//2154 2173//2173
f 2154//2154 2174//2174 2173//2173
f 2154//2154 2155//2155 2174//2174
f 2155//2155 2175//2175 2174//2174
f 2155//2155 2156//2156 2175//2175
f 2156//2156 2176//2176 2175//2175
f 2156//2156 2157//2157 2176//2176
f 2157//2157 2177//2177 2176//2176
f 2157//2157 2158//2158 2177//2177
f 2158//2158 2178//2178 2177//2177
f 2158//2158 2159//2159 2178//2178
f 2159//2159 2179//2179 2178//2178
f 2159//2159 2160//2160 2179//2179
f 2160//2160 2180//2180 2179//2179
f 2160//2160 2141//2141 2180//2180
f 2141//2141 2161//2161 2180//2180
f 2161//2161 2162//2162 2181//2181
f 2162//2162 2182//2182 2181//2181
f 2162//2162 2163//2163 2182//2182
f 2163//2163 2183//2183 2182//2182
f 2163//2163 2164//2164 2183//2183
f 2164//2164 2184//2184 2183//2183
f 2164//2164 2165//2165 2184//2184
f 2165//2165 2185//2185 2184//2184
f 2165//2165 2166//2166 2185//2185
f 2166//2166 2186//2186 2185//2185
f 2166//2166 2167//2167 2186//2186
f 2167//2167 2187//2187 2186//2186
f 2167//2167 2168//2168 2187//2187
f 2168//2168 2188//2188 2187//2187
f 2168//2168 2169//2169 2188//2188
f 2169//2169 2189//2189 2188//2188
f 2169//2169 2170//2170 2189//2189
f 2170//2170 2190//2190 2189//2189
f 2170//2170 2171//2171 2190//2190
f 2171//2171 2191//2191 2190//2190
f 2171//2171 2172//2172 2191//2191
f 2172//2172 2192//2192 2191//2191
f 2172//2172 2173//2173 2192//2192
f 2173//2173 2193//2193 2192//2192
f 2173//2173 2174//2174 2193//2193
f 2174//2174 2194//2194 2193//2193
f 2174//2174 2175//2175 2194//2194
f 2175//2175 2195//2195 2194//2194
f 2175//2175 2176//2176 2195//2195
f 2176//2176 2196//2196 2195//2195
f 2176//2176 2177//2177 2196//2196
f 2177//2177 2197//2197 2196//2196
f 2177//2177 2178//2178 2197//2197
f 2178//2178 2198//2198 2197//2197
f 2178//2178 2179//2179 2198//2198
f 2179//2179 2199//2199 2198//2198
f 2179//2179 2180//2180 2199//2199
f 2180//2180 2200//2200 2199//2199
f 2180//2180 2161//2161 2200//2200
f 2161//2161 2181//2181 2200//2200
f 2181//2181 2182//2182 2201//2201
f 2182//2182 2202//2202 2201//2201
f 2182//2182 2183//2183 2202//2202
f 2183//2183 2203//2203 2202//2202
f 2183//2183 2184//2184 2203//2203
f 2184//2184 2204//2204 2203//2203
f 2184//2184 2185//2185 2204//2204
f 2185//2185 2205//2205 2204//2204
f 2185//2185 2186//2186 2205//2205
f 2186//2186 2206//2206 2205//2205
f 2186//2186 2187//2187 2206//2206
f 2187//2187 2207//2207 2206//2206
f 2187//2187 2188//2188 2207//2207
f 2188//2188 2208//2208 2207//2207
f 2188//2188 2189//2189 2208//2208
f 2189//2189 2209//2209 2208//2208
f 2189//2189 2190//2190 2209//2209
f 2190//2190 2210//2210 2209//2209
f 2190//2190 2191//2191 2210//2210
f 2191//2191 2211//2211 2210//2210
f 2191//2191 2192//2192 2211//2211
f 2192//2192 2212//2212 2211//2211
f 2192//2192 2193//2193 2212//2212
f 2193//2193 2213//2213 2212//2212
f 2193//2193 2194//2194 2213//2213
f 2194//2194 2214//2214 2213//2213
f 2194//2194 2195//2195 2214//2214
f 2195//2195 2215//2215 2214//2214
f 2195//2195 2196//2196 2215//2215
f 2196//2196 2216//2216 2215//2215
f 2196//2196 2197//2197 2216//2216
f 2197//2197 2217//2217 2216//2216
f 2197//2197 2198//2198 2217//2217
f 2198//2198 2218//2218 2217//2217
f 2198//2198 2199//2199 2218//2218
f 2199//2199 2219//2219 2218//2218
f 2199//2199 2200//2200 2219//2219
f 2200//2200 2220//2220 2219//2219
f 2200//2200 2181//2181 2220//2220
f 2181//2181 2201//2201 2220//2220
f 2201//2201 2202//2202 2221//2221
f 2202//2202 2222//2222 2221//2221
f 2202//2202 2203//2203 2222//2222
f 2203//2203 2223//2223 2222//2222
f 2203//2203 2204//2204 2223//2223
f 2204//2204 2224//2224 2223//2223
f 2204//2204 2205//2205 2224//2224
f 2205//2205 2225//2225 2224//2224
f 2205//2205 2206//2206 2225//2225
f 2206//2206 2226//2226 2225//2225
f 2206//2206 2207//2207 2226//2226
f 2207//2207 2227//2227 2226//2226
f 2207//2207 2208//2208 2227//2227
f 2208//2208 2228//2228 2227//2227
f 2208//2208 2209//2209 2228//2228
f 2209//2209 2229//2229 2228//2228
f 2209//2209 2210//2210 2229//2229
f 2210//2210 2230//2230 2229//2229
f 2210//2210 2211//2211 2230//2230
f 2211//2211 2231//2231 2230//2230
f 2211//2211 2212//2212 2231//2231
f 2212//2212 2232//2232 2231//2231
f 2212//2212 2213//2213 2232//2232
f 2213//2213 2233//2233 2232//2232
f 2213//2213 2214//2214 2233//2233
f 2214//2214 2234//2234 2233//2233
f 2214//2214 2215//2215 2234//2234
f 2215//2215 2235//2235 2234//2234
f 2215//2215 2216//2216 2235//2235
f 2216//2216 2236//2236 2235//2235
f 2216//2216 2217//2217 2236//2236
f 2217//2217 2237//2237 2236//2236
f 2217//2217 2218//2218 2237//2237
f 2218//2218 2238//2238 2237//2237
f 2218//2218 2219//2219 2238//2238
f 2219//2219 2239//2239 2238//2238
f 2219//2219 2220//2220 2239//2239
f 2220//2220 2240//2240 2239//2239
f 2220//2220 2201//2201 2240//2240
f 2201//2201 2221//2221 2240//2240
f 2221//2221 2222//2222 2241//2241
f 2222//2222 2242//2242 2241//2241
f 2222//2222 2223//2223 2242//2242
f 2223//2223 2243//2243 2242//2242
f 2223//2223 2224//2224 2243//2243
f 2224//2224 2244//2244 2243//2243
f 2224//2224 2225//2225 2244//2244
f 2225//2225 2245//2245 2244//2244
f 2225//2225 2226//2226 2245//2245
f 2226//2226 2246//2246 2245//2245
f 2226//2226 2227//2227 2246//2246
f 2227//2227 2247//2247 2246//2246
f 2227//2227 2228//2228 2247//2247
f 2228//2228 2248//2248 2247//2247
f 2228//2228 2229//2229 2248//2248
f 2229//2229 2249//2249 2248//2248
f 2229//2229 2230//2230 2249//2249
f 2230//2230 2250//2250 2249//2249
f 2230//2230 2231//2231 2250//2250
f 2231//2231 2251//2251 2250//2250
f 2231//2231 2232//2232 2251//2251
f 2232//2232 2252//2252 2251//2251
f 2232//2232 2233//2233 2252//2252
f 2233//2233 2253//2253 2252//2252
f 2233//2233 2234//2234 2253//2253
f 2234//2234 2254//2254 2253//2253
f 2234//2234 2235//2235 2254//2254
f 2235//2235 2255//2255 2254//2254
f 2235//2235 2236//2236 2255//2255
f 2236//2236 2256//2256 2255//2255
f 2236//2236 2237//2237 2256//2256
f 2237//2237 2257//2257 2256//2256
f 2237//2237 2238//2238 2257//2257
f 2238//2238 2258//2258 2257//2257
f 2238//2238 2239//2239 2258//2258
f 2239//2239 2259//2259 2258//2258
f 2239//2239 2240//2240 2259//2259
f 2240//2240 2260//2260 2259//2259
f 2240//2240 2221//2221 2260//2260
f 2221//2221 2241//2241 2260//2260
f 2241//2241 2242//2242 2261//2261
f 2242//2242 2262//2262 2261//2261
f 2242//2242 2243//2243 2262//2262
f 2243//2243 2263//2263 2262//2262
f 2243//2243 2244//2244 2263//2263
f 2244//2244 2264//2264 2263//2263
f 2244//2244 2245//2245 2264//2264
f 2245//2245 2265//2265 2264//2264
f 2245//2245 2246//2246 2265//2265
f 2246//2246 2266//2266 2265//2265
f 2246//2246 2247//2247 2266//2266
f 2247//2247 2267//2267 2266//2266
f 2247//2247 2248//2248 2267//2267
f 2248//2248 2268//2268 2267//2267
f 2248//2248 2249//2249 2268//2268
f 2249//2249 2269//2269 2268//2268
f 2249//2249 2250//2250 2269//2269
f 2250//2250 2270//2270 2269//2269
f 2250//2250 2251//2251 2270//2270
f 2251//2251 2271//2271 2270//2270
f 2251//2251 2252//2252 2271//2271
f 2252//2252 2272//2272 2271//2271
f 2252//2252 2253//2253 2272//2272
f 2253//2253 2273//2273 2272//2272
f 2253//2253 2254//2254 2273//2273
f 2254//2254 2274//2274 2273//2273
f 2254//2254 2255//2255 2274//2274
f 2255//2255 2275//2275 2274//2274
f 2255//2255 2256//2256 2275//2275
f 2256//2256 2276//2276 2275//2275
f 2256//2256 2257//2257 2276//2276
f 2257//2257 2277//2277 2276//2276
f 2257//2257 2258//2258 2277//2277
f 2258//2258 2278//2278 2277//2277
f 2258//2258 2259//2259 2278//2278
f 2259//2259 2279//2279 2278//2278
f 2259//2259 2260//2260 2279//2279
f 2260//2260 2280//2280 2279//2279
f 2260//2260 2241//2241 2280//2280
f 2241//2241 2261//2261 2280//2280
f 2261//2261 2262//2262 2281//2281
f 2262//2262 2282//2282 2281//2281
f 2262//2262 2263//2263 2282//2282
f 2263//2263 2283//2283 2282//2282
f 2263//2263 2264//2264 2283//2283
f 2264//2264 2284//2284 2283//2283
f 2264//2264 2265//2265 2284//2284
f 2265//2265 2285//2285 2284//2284
f 2265//2265 2266//2266 2285//2285
f 2266//2266 2286//2286 2285//2285
f 2266//2266 2267//2267 2286//2286
f 2267//2267 2287//2287 2286//2286
f 2267//2267 2268//2268 2287//2287
f 2268//2268 2288//2288 2287//2287
f 2268//2268 2269//2269 2288//2288
f 2269//2269 2289//2289 2288//2288
f 2269//2269 2270//2270 2289//2289
f 2270//2270 2290//2290 2289//2289
f 2270//2270 2271//2271 2290//2290
f 2271//2271 2291//2291 2290//2290
f 2271//2271 2272//2272 2291//2291
f 2272//2272 2292//2292 2291//2291
f 2272//2272 2273//2273 2292//2292
f 2273//2273 2293//2293 2292//2292
f 2273//2273 2274//2274 2293//2293
f 2274//2274 2294//2294 2293//2293
f 2274//2274 2275//2275 2294//2294
f 2275//2275 2295//2295 2294//2294
f 2275//2275 2276//2276 2295//2295
f 2276//2276 2296//2296 2295//2295
f 2276//2276 2277//2277 2296//2296
f 2277//2277 2297//2297 2296//2296
f 2277//2277 2278//2278 2297//2297
f 2278//2278 2298//2298 2297//2297
f 2278//2278 2279//2279 2298//2298
f 2279//2279 2299//2299 2298//2298
f 2279//2279 2280//2280 2299//2299
f 2280//2280 2300//2300 2299//2299
f 2280//2280 2261//2261 2300//2300
f 2261//2261 2281//2281 2300//2300
f 2281//2281 2282//2282 2301//2301
f 2282//2282 2302//2302 2301//2301
f 2282//2282 2283//2283 2302//2302
f 2283//2283 2303//2303 2302//2302
f 2283//2283 2284//2284 2303//2303
f 2284//2284 2304//2304 2303//2303
f 2284//2284 2285//2285 2304//2304
f 2285//2285 2305//2305 2304//2304
f 2285//2285 2286//2286 2305//2305
f 2286//2286 2306//2306 2305//2305
f 2286//2286 2287//2287 2306//2306
f 2287//2287 2307//2307 2306//2306
f 2287//2287 2288//2288 2307//2307
f 2288//2288 2308//2308 2307//2307
f 2288//2288 2289//2289 2308//2308
f 2289//2289 2309//2309 2308//2308
f 2289//2289 2290//2290 2309//2309
f 2290//2290 2310//2310 2309//2309
f 2290//2290 2291//2291 2310//2310
f 2291//2291 2311//2311 2310//2310
f 2291//2291 2292//2292 2311//2311
f 2292//2292 2312//2312 2311//2311
f 2292//2292 2293//2293 2312//2312
f 2293//2293 2313//2313 2312//2312
f 2293//2293 2294//2294 2313//2313
f 2294//2294 2314//2314 2313//2313
f 2294//2294 2295//2295 2314//2314
f 2295//2295 2315//2315 2314//2314
f 2295//2295 2296//2296 2315//2315
f 2296//2296 2316//2316 2315//2315
f 2296//2296 2297//2297 2316//2316
f 2297//2297 2317//2317 2316//2316
f 2297//2297 2298//2298 2317//2317
f 2298//2298 2318//2318 2317//2317
f 2298//2298 2299//2299 2318//2318
f 2299//2299 2319//2319 2318//2318
f 2299//2299 2300//2300 2319//2319
f 2300//2300 2320//2320 2319//2319
f 2300//2300 2281//2281 2320//2320
f 2281//2281 2301//2301 2320//2320
f 2301//2301 2302//2302 2321//2321
f 2302//2302 2322//2322 2321//2321
f 2302//2302 2303//2303 2322//2322
f 2303//2303 2323//2323 2322//2322
f 2303//2303 2304//2304 2323//2323
f 2304//2304 2324//2324 2323//2323
f 2304//2304 2305//2305 2324//2324
f 2305//2305 2325//2325 2324//2324
f 2305//2305 2306//2306 2325//2325
f 2306//2306 2326//2326 2325//2325
f 2306//2306 2307//2307 2326//2326
f 2307//2307 2327//2327 2326//2326
f 2307//2307 2308//2308 2327//2327
f 2308//2308 2328//2328 2327//2327
f 2308//2308 2309//2309 2328//2328
f 2309//2309 2329//2329 2328//2328
f 2309//2309 2310//2310 2329//2329
f 2310//2310 2330//2330 2329//2329
f 2310//2310 2311//2311 2330//2330
f 2311//2311 2331//2331 2330//2330
f 2311//2311 2312//2312 2331//2331
f 2312//2312 2332//2332 2331//2331
f 2312//2312 2313//2313 2332//2332
f 2313//2313 2333//2333 2332//2332
f 2313//2313 2314//2314 2333//2333
f 2314//2314 2334//2334 2333//2333
f 2314//2314 2315//2315 2334//2334
f 2315//2315 2335//2335 2334//2334
f 2315//2315 2316//2316 2335//2335
f 2316//2316 2336//2336 2335//2335
f 2316//2316 2317//2317 2336//2336
f 2317//2317 2337//2337 2336//2336
f 2317//2317 2318//2318 2337//2337
f 2318//2318 2338//2338 2337//2337
f 2318//2318 2319//2319 2338//2338
f 2319//2319 2339//2339 2338//2338
f 2319//2319 2320//2320 2339//2339
f 2320//2320 2340//2340 2339//2339
f 2320//2320 2301//2301 2340//2340
f 2301//2301 2321//2321 2340//2340
f 2321//2321 2322//2322 2341//2341
f 2322//2322 2342//2342 2341//2341
f 2322//2322 2323//2323 2342//2342
f 2323//2323 2343//2343 2342//2342
f 2323//2323 2324//2324 2343//2343
f 2324//2324 2344//2344 2343//2343
f 2324//2324 2325//2325 2344//2344
f 2325//2325 2345//2345 2344//2344
f 2325//2325 2326//2326 2345//2345
f 2326//2326 2346//2346 2345//2345
f 2326//2326 2327//2327 2346//2346
f 2327//2327 2347//2347 2346//2346
f 2327//2327 2328//2328 2347//2347
f 2328//2328 2348//2348 2347//2347
f 2328//2328 2329//2329 2348//2348
f 2329//2329 2349//2349 2348//2348
f 2329//2329 2330//2330 2349//2349
f 2330//2330 2350//2350 2349//2349
f 2330//2330 2331//2331 2350//2350
f 2331//2331 2351//2351 2350//2350
f 2331//2331 2332//2332 2351//2351
f 2332//2332 2352//2352 2351//2351
f 2332//2332 2333//2333 2352//2352
f 2333//2333 2353//2353 2352//2352
f 2333//2333 2334//2334 2353//2353
f 2334//2334 2354//2354 2353//2353
f 2334//2334 2335//2335 2354//2354
f 2335//2335 2355//2355 2354//2354
f 2335//2335 2336//2336 2355//2355
f 2336//2336 2356//2356 2355//2355
f 2336//2336 2337//2337 2356//2356
f 2337//2337 2357//2357 2356//2356
f 2337//2337 2338//2338 2357//2357
f 2338//2338 2358//2358 2357//2357
f 2338//2338 2339//2339 2358//2358
f 2339//2339 2359//2359 2358//2358
f 2339//2339 2340//2340 2359//2359
f 2340//2340 2360//2360 2359//2359
f 2340//2340 2321//2321 2360//2360
f 2321//2321 2341//2341 2360//2360
f 2341//2341 2342//2342 2361//2361
f 2342//2342 2362//2362 2361//2361
f 2342//2342 2343//2343 2362//2362
f 2343//2343 2363//2363 2362//2362
f 2343//2343 2344//2344 2363//2363
f 2344//2344 2364//2364 2363//2363
f 2344//2344 2345//2345 2364//2364
f 2345//2345 2365//2365 2364//2364
f 2345//2345 2346//2346 2365//2365
f 2346//2346 2366//2366 2365//2365
f 2346//2346 2347//2347 2366//2366
f 2347//2347 2367//2367 2366//2366
f 2347//2347 2348//2348 2367//2367
f 2348//2348 2368//2368 2367//2367
f 2348//2348 2349//2349 2368//2368
f 2349//2349 2369//2369 2368//2368
f 2349//2349 2350//2350 2369//2369
f 2350//2350 2370//2370 2369//2369
f 2350//2350 2351//2351 2370//2370
f 2351//2351 2371//2371 2370//2370
f 2351//2351 2352//2352 2371//2371
f 2352//2352 2372//2372 2371//2371
f 2352//2352 2353//2353 2372//2372
f 2353//2353 2373//2373 2372//2372
f 2353//2353 2354//2354 2373//2373
f 2354//2354 2374//2374 2373//2373
f 2354//2354 2355//2355 2374//2374
f 2355//2355 2375//2375 2374//2374
f 2355//2355 2356//2356 2375//2375
f 2356//2356 2376//2376 2375//2375
f 2356//2356 2357//2357 2376//2376
f 2357//2357 2377//2377 2376//2376
f 2357//2357 2358//2358 2377//2377
f 2358//2358 2378//2378 2377//2377
f 2358//2358 2359//2359 2378//2378
f 2359//2359 2379//2379 2378//2378
f 2359//2359 2360//2360 2379//2379
f 2360//2360 2380//2380 2379//2379
f 2360//2360 2341//2341 2380//2380
f 2341//2341 2361//2361 2380//2380
f 2361//2361 2362//2362 2381//2381
f 2362//2362 2382//2382 2381//2381
f 2362//2362 2363//2363 2382//2382
f 2363//2363 2383//2383 2382//2382
f 2363//2363 2364//2364 2383//2383
f 2364//2364 2384//2384 2383//2383
f 2364//2364 2365//2365 2384//2384
f 2365//2365 2385//2385 2384//2384
f 2365//2365 2366//2366 2385//2385
f 2366//2366 2386//2386 2385//2385
f 2366//2366 2367//2367 2386//2386
f 2367//2367 2387//2387 2386//2386
f 2367//2367 2368//2368 2387//2387
f 2368//2368 2388//2388 2387//2387
f 2368//2368 2369//2369 2388//2388
f 2369//2369 2389//2389 2388//2388
f 2369//2369 2370//2370 2389//2389
f 2370//2370 2390//2390 2389//2389
f 2370//2370 2371//2371 2390//2390
f 2371//2371 2391//2391 2390//2390
f 2371//2371 2372//2372 2391//2391
f 2372//2372 2392//2392 2391//2391
f 2372//2372 2373//2373 2392//2392
f 2373//2373 2393//2393 2392//2392
f 2373//2373 2374//2374 2393//2393
f 2374//2374 2394//2394 2393//2393
f 2374//2374 2375//2375 2394//2394
f 2375//2375 2395//2395 2394//2394
f 2375//2375 2376//2376 2395//2395
f 2376//2376 2396//2396 2395//2395
f 2376//2376 2377//2377 2396//2396
f 2377//2377 2397//2397 2396//2396
f 2377//2377 2378//2378 2397//2397
f 2378//2378 2398//2398 2397//2397
f 2378//2378 2379//2379 2398//2398
f 2379//2379 2399//2399 2398//2398
f 2379//2379 2380//2380 2399//2399
f 2380//2380 2400//2400 2399//2399
f 2380//2380 2361//2361 2400//2400
f 2361//2361 2381//2381 2400//2400
f 2381//2381 2382//2382 2401//2401
f 2382//2382 2402//2402 2401//2401
f 2382//2382 2383//2383 2402//2402
f 2383//2383 2403//2403 2402//2402
f 2383//2383 2384//2384 2403//2403
f 2384//2384 2404//2404 2403//2403
f 2384//2384 2385//2385 2404//2404
f 2385//2385 2405//2405 2404//2404
f 2385//2385 2386//2386 2405//2405
f 2386//2386 2406//2406 2405//2405
f 2386//2386 2387//2387 2406//2406
f 2387//2387 2407//2407 2406//2406
f 2387//2387 2388//2388 2407//2407
f 2388//2388 2408//2408 2407//2407
f 2388//2388 2389//2389 2408//2408
f 2389//2389 2409//2409 2408//2408
f 2389//2389 2390//2390 2409//2409
f 2390//2390 2410//2410 2409//2409
f 2390//2390 2391//2391 2410//2410
f 2391//2391 2411//2411 2410//2410
f 2391//2391 2392//2392 2411//2411
f 2392//2392 2412//2412 2411//2411
f 2392//2392 2393//2393 2412//2412
f 2393//2393 2413//2413 2412//2412
f 2393//2393 2394//2394 2413//2413
f 2394//2394 2414//2414 2413//2413
f 2394//2394 2395//2395 2414//2414
f 2395//2395 2415//2415 2414//2414
f 2395//2395 2396//2396 2415//2415
f 2396//2396 2416//2416 2415//2415
f 2396//2396 2397//2397 2416//2416
f 2397//2397 2417//2417 2416//2416
f 2397//2397 2398//2398 2417//2417
f 2398//2398 2418//2418 2417//2417
f 2398//2398 2399//2399 2418//2418
f 2399//2399 2419//2419 2418//2418
f 2399//2399 2400//2400 2419//2419
f 2400//2400 2420//2420 2419//2419
f 2400//2400 2381//2381 2420//2420
f 2381//2381 2401//2401 2420//2420
f 2401//2401 2402//2402 2421//2421
f 2402//2402 2422//2422 2421//2421
f 2402//2402 2403//2403 2422//2422
f 2403//2403 2423//2423 2422//2422
f 2403//2403 2404//2404 2423//2423
f 2404//2404 2424//2424 2423//2423
f 2404//2404 2405//2405 2424//2424
f 2405//2405 2425//2425 2424//2424
f 2405//2405 2406//2406 2425//2425
f 2406//2406 2426//2426 2425//2425
f 2406//2406 2407//2407 2426//2426
f 2407//2407 2427//2427 2426//2426
f 2407//2407 2408//2408 2427//2427
f 2408//2408 2428//2428 2427//2427
f 2408//2408 2409//2409 2428//2428
f 2409//2409 2429//2429 2428//2428
f 2409//2409 2410//2410 2429//2429
f 2410//2410 2430//2430 2429//2429
f 2410//2410 2411//2411 2430//2430
f 2411//2411 2431//2431 2430//2430
f 2411//2411 2412//2412 2431//2431
f 2412//2412 2432//2432 2431//2431
f 2412//2412 2413//2413 2432//2432
f 2413//2413 2433//2433 2432//2432
f 2413//2413 2414//2414 2433//2433
f 2414//2414 2434//2434 2433//2433
f 2414//2414 2415//2415 2434//2434
f 2415//2415 2435//2435 2434//2434
f 2415//2415 2416//2416 2435//2435
f 2416//2416 2436//2436 2435//2435
f 2416//2416 2417//2417 2436//2436
f 2417//2417 2437//2437 2436//2436
f 2417//2417 2418//2418 2437//2437
f 2418//2418 2438//2438 2437//2437
f 2418//2418 2419//2419 2438//2438
f 2419//2419 2439//2439 2438//2438
f 2419//2419 2420//2420 2439//2439
f 2420//2420 2440//2440 2439//2439
f 2420//2420 2401//2401 2440//2440
f 2401//2401 2421//2421 2440//2440
f 2421//2421 2422//2422 2441//2441
f 2422//2422 2442//2442 2441//2441
f 2422//2422 2423//2423 2442//2442
f 2423//2423 2443//2443 2442//2442
f 2423//2423 2424//2424 2443//2443
f 2424//2424 2444//2444 2443//2443
f 2424//2424 2425//2425 2444//2444
f 2425//2425 2445//2445 2444//2444
f 2425//2425 2426//2426 2445//2445
f 2426//2426 2446//2446 2445//2445
f 2426//2426 2427//2427 2446//2446
f 2427//2427 2447//2447 2446//2446
f 2427//2427 2428//2428 2447//2447
f 2428//2428 2448//2448 2447//2447
f 2428//2428 2429//2429 2448//2448
f 2429//2429 2449//2449 2448//2448
f 2429//2429 2430//2430 2449//2449
f 2430//2430 2450//2450 2449//2449
f 2430//2430 2431//2431 2450//2450
f 2431//2431 2451//2451 2450//2450
f 2431//2431 2432//2432 2451//2451
f 2432//2432 2452//2452 2451//2451
f 2432//2432 2433//2433 2452//2452
f 2433//2433 2453//2453 2452//2452
f 2433//2433 2434//2434 2453//2453
f 2434//2434 2454//2454 2453//2453
f 2434//2434 2435//2435 2454//2454
f 2435//2435 2455//2455 2454//2454
f 2435//2435 2436//2436 2455//2455
f 2436//2436 2456//2456 2455//2455
f 2436//2436 2437//2437 2456//2456
f 2437//2437 2457//2457 2456//2456
f 2437//2437 2438//2438 2457//2457
f 2438//2438 2458//2458 2457//2457
f 2438//2438 2439//2439 2458//2458
f 2439//2439 2459//2459 2458//2458
f 2439//2439 2440//2440 2459//2459
f 2440//2440 2460//2460 2459//2459
f 2440//2440 2421//2421 2460//2460
f 2421//2421 2441//2441 2460//2460
f 2441//2441 2442//2442 2461//2461
f 2442//2442 2462//2462 2461//2461
f 2442//2442 2443//2443 2462//2462
f 2443//2443 2463//2463 2462//2462
f 2443//2443 2444//2444 2463//2463
f 2444//2444 2464//2464 2463//2463
f 2444//2444 2445//2445 2464//2464
f 2445//2445 2465//2465 2464//2464
f 2445//2445 2446//2446 2465//2465
f 2446//2446 2466//2466 2465//2465
f 2446//2446 2447//2447 2466//2466
f 2447//2447 2467//2467 2466//2466
f 2447//2447 2448//2448 2467//2467
f 2448//2448 2468//2468 2467//2467
f 2448//2448 2449//2449 2468//2468
f 2449//2449 2469//2469 2468//2468
f 2449//2449 2450//2450 2469//2469
f 2450//2450 2470//2470 2469//2469
f 2450//2450 2451//2451 2470//2470
f 2451//2451 2471//2471 2470//2470
f 2451//2451 2452//2452 2471//2471
f 2452//2452 2472//2472 2471//2471
f 2452//2452 2453//2453 2472//2472
f 2453//2453 2473//2473 2472//2472
f 2453//2453 2454//2454 2473//2473
f 2454//2454 2474//2474 2473//2473
f 2454//2454 2455//2455 2474//2474
f 2455//2455 2475//2475 2474//2474
f 2455//2455 2456//2456 2475//2475
f 2456//2456 2476//2476 2475//2475
f 2456//2456 2457//2457 2476//2476
f 2457//2457 2477//2477 2476//2476
f 2457//2457 2458//2458 2477//2477
f 2458//2458 2478//2478 2477//2477
f 2458//2458 2459//2459 2478//2478
f 2459//2459 2479//2479 2478//2478
f 2459//2459 2460//2460 2479//2479
f 2460//2460 2480//2480 2479//2479
f 2460//2460 2441//2441 2480//2480
f 2441//2441 2461//2461 2480//2480
f 2461//2461 2462//2462 2481//2481
f 2462//2462 2482//2482 2481//2481
f 2462//2462 2463//2463 2482//2482
f 2463//2463 2483//2483 2482//2482
f 2463//2463 2464//2464 2483//2483
f 2464//2464 2484//2484 2483//2483
f 2464//2464 2465//2465 2484//2484
f 2465//2465 2485//2485 2484//2484
f 2465//2465 2466//2466 2485//2485
f 2466//2466 2486//2486 2485//2485
f 2466//2466 2467//2467 2486//2486
f 2467//2467 2487//2487 2486//2486
f 2467//2467 2468//2468 2487//2487
f 2468//2468 2488//2488 2487//2487
f 2468//2468 2469//2469 2488//2488
f 2469//2469 2489//2489 2488//2488
f 2469//2469 2470//2470 2489//2489
f 2470//2470 2490//2490 2489//2489
f 2470//2470 2471//2471 2490//2490
f 2471//2471 2491//2491 2490//2490
f 2471//2471 2472//2472 2491//2491
f 2472//2472 2492//2492 2491//2491
f 2472//2472 2473//2473 2492//2492
f 2473//2473 2493//2493 2492//2492
f 2473//2473 2474//2474 2493//2493
f 2474//2474 2494//2494 2493//2493
f 2474//2474 2475//2475 2494//2494
f 2475//2475 2495//2495 2494//2494
f 2475//2475 2476//2476 2495//2495
f 2476//2476 2496//2496 2495//2495
f 2476//2476 2477//2477 2496//2496
f 2477//2477 2497//2497 2496//2496
f 2477//2477 2478//2478 2497//2497
f 2478//2478 2498//2498 2497//2497
f 2478//2478 2479//2479 2498//2498
f 2479//2479 2499//2499 2498//2498
f 2479//2479 2480//2480 2499//2499
f 2480//2480 2500//2500 2499//2499
f 2480//2480 2461//2461 2500//2500
f 2461//2461 2481//2481 2500//2500
f 2481//2481 2482//2482 2501//2501
f 2482//2482 2502//2502 2501//2501
f 2482//2482 2483//2483 2502//2502
f 2483//2483 2503//2503 2502//2502
f 2483//2483 2484//2484 2503//2503
f 2484//2484 2504//2504 2503//2503
f 2484//2484 2485//2485 2504//2504
f 2485//2485 2505//2505 2504//2504
f 2485//2485 2486//2486 2505//2505
f 2486//2486 2506//2506 2505//2505
f 2486//2486 2487//2487 2506//2506
f 2487//2487 2507//2507 2506//2506
f 2487//2487 2488//2488 2507//2507
f 2488//2488 2508//2508 2507//2507
f 2488//2488 2489//2489 2508//2508
f 2489//2489 2509//2509 2508//2508
f 2489//2489 2490//2490 2509//2509
f 2490//2490 2510//2510 2509//2509
f 2490//2490 2491//2491 2510//2510
f 2491//2491 2511//2511 2510//2510
f 2491//2491 2492//2492 2511//2511
f 2492//2492 2512//2512 2511//2511
f 2492//2492 2493//2493 2512//2512
f 2493//2493 2513//2513 2512//2512
f 2493//2493 2494//2494 2513//2513
f 2494//2494 2514//2514 2513//2513
f 2494//2494 2495//2495 2514//2514
f 2495//2495 2515//2515 2514//2514
f 2495//2495 2496//2496 2515//2515
f 2496//2496 2516//2516 2515//2515
f 2496//2496 2497//2497 2516//2516
f 2497//2497 2517//2517 2516//2516
f 2497//2497 2498//2498 2517//2517
f 2498//2498 2518//2518 2517//2517
f 2498//2498 2499//2499 2518//2518
f 2499//2499 2519//2519 2518//2518
f 2499//2499 2500//2500 2519//2519
f 2500//2500 2520//2520 2519//2519
f 2500//2500 2481//2481 2520//2520
f 2481//2481 2501//2501 2520//2520
f 2501//2501 2502//2502 2521//2521
f 2502//2502 2522//2522 2521//2521
f 2502//2502 2503//2503 2522//2522
f 2503//2503 2523//2523 2522//2522
f 2503//2503 2504//2504 2523//2523
f 2504//2504 2524//2524 2523//2523
f 2504//2504 2505//2505 2524//2524
f 2505//2505 2525//2525 2524//2524
f 2505//2505 2506//2506 2525//2525
f 2506//2506 2526//2526 2525//2525
f 2506//2506 2507//2507 2526//2526
f 2507//2507 2527//2527 2526//2526
f 2507//2507 2508//2508 2527//2527
f 2508//2508 2528//2528 2527//2527
f 2508//2508 2509//2509 2528//2528
f 2509//2509 2529//2529 2528//2528
f 2509//2509 2510//2510 2529//2529
f 2510//2510 2530//2530 2529//2529
f 2510//2510 2511//2511 2530//2530
f 2511//2511 2531//2531 2530//2530
f 2511//2511 2512//2512 2531//2531
f 2512//2512 2532//2532 2531//2531
f 2512//2512 2513//2513 2532//2532
f 2513//2513 2533//2533 2532//2532
f 2513//2513 2514//2514 2533//2533
f 2514//2514 2534//2534 2533//2533
f 2514//2514 2515//2515 2534//2534
f 2515//2515 2535//2535 2534//2534
f 2515//2515 2516//2516 2535//2535
f 2516//2516 2536//2536 2535//2535
f 2516//2516 2517//2517 2536//2536
f 2517//2517 2537//2537 2536//2536
f 2517//2517 2518//2518 2537//2537
f 2518//2518 2538//2538 2537//2537
f 2518//2518 2519//2519 2538//2538
f 2519//2519 2539//2539 2538//2538
f 2519//2519 2520//2520 2539//2539
f 2520//2520 2540//2540 2539//2539
f 2520//2520 2501//2501 2540//2540
f 2501//2501 2521//2521 2540//2540
f 2521//2521 2522//2522 2541//2541
f 2522//2522 2542//2542 2541//2541
f 2522//2522 2523//2523 2542//2542
f 2523//2523 2543//2543 2542//2542
f 2523//2523 2524//2524 2543//2543
f 2524//2524 2544//2544 2543//2543
f 2524//2524 2525//2525 2544//2544
f 2525//2525 2545//2545 2544//2544
f 2525//2525 2526//2526 2545//2545
f 2526//2526 2546//2546 2545//2545
f 2526//2526 2527//2527 2546//2546
f 2527//2527 2547//2547 2546//2546
f 2527//2527 2528//2528 2547//2547
f 2528//2528 2548//2548 2547//2547
f 2528//2528 2529//2529 2548//2548
f 2529//2529 2549//2549 2548//2548
f 2529//2529 2530//2530 2549//2549
f 2530//2530 2550//2550 2549//2549
f 2530//2530 2531//2531 2550//2550
f 2531//2531 2551//2551 2550//2550
f 2531//2531 2532//2532 2551//2551
f 2532//2532 2552//2552 2551//2551
f 2532//2532 2533//2533 2552//2552
f 2533//2533 2553//2553 2552//2552
f 2533//2533 2534//2534 2553//2553
f 2534//2534 2554//2554 2553//2553
f 2534//2534 2535//2535 2554//2554
f 2535//2535 2555//2555 2554//2554
f 2535//2535 2536//2536 2555//2555
f 2536//2536 2556//2556 2555//2555
f 2536//2536 2537//2537 2556//2556
f 2537//2537 2557//2557 2556//2556
f 2537//2537 2538//2538 2557//2557
f 2538//2538 2558//2558 2557//2557
f 2538//2538 2539//2539 2558//2558
f 2539//2539 2559//2559 2558//2558
f 2539//2539 2540//2540 2559//2559
f 2540//2540 2560//2560 2559//2559
f 2540//2540 2521//2521 2560//2560
f 2521//2521 2541//2541 2560//2560
f 2541//2541 2542//2542 2561//2561
f 2542//2542 2562//2562 2561//2561
f 2542//2542 2543//2543 2562//2562
f 2543//2543 2563//2563 2562//2562
f 2543//2543 2544//2544 2563//2563
f 2544//2544 2564//2564 2563//2563
f 2544//2544 2545//2545 2564//2564
f 2545//2545 2565//2565 2564//2564
f 2545//2545 2546//2546 2565//2565
f 2546//2546 2566//2566 2565//2565
f 2546//2546 2547//2547 2566//2566
f 2547//2547 2567//2567 2566//2566
f 2547//2547 2548//2548 2567//2567
f 2548//2548 2568//2568 2567//2567
f 2548//2548 2549//2549 2568//2568
f 2549//2549 2569//2569 2568//2568
f 2549//2549 2550//2550 2569//2569
f 2550//2550 2570//2570 2569//2569
f 2550//2550 2551//2551 2570//2570
f 2551//2551 2571//2571 2570//2570
f 2551//2551 2552//2552 2571//2571
f 2552//2552 2572//2572 2571//2571
f 2552//2552 2553//2553 2572//2572
f 2553//2553 2573//2573 2572//2572
f 2553//2553 2554//2554 2573//2573
f 2554//2554 2574//2574 2573//2573
f 2554//2554 2555//2555 2574//2574
f 2555//2555 2575//2575 2574//2574
f 2555//2555 2556//2556 2575//2575
f 2556//2556 2576//2576 2575//2575
f 2556//2556 2557//2557 2576//2576
f 2557//2557 2577//2577 2576//2576
f 2557//2557 2558//2558 2577//2577
f 2558//2558 2578//2578 2577//2577
f 2558//2558 2559//2559 2578//2578
f 2559//2559 2579//2579 2578//2578
f 2559//2559 2560//2560 2579//2579
f 2560//2560 2580//2580 2579//2579
f 2560//2560 2541//2541 2580//2580
f 2541//2541 2561//2561 2580//2580
f 2561//2561 2562//2562 2581//2581
f 2562//2562 2582//2582 2581//2581
f 2562//2562 2563//2563 2582//2582
f 2563//2563 2583//2583 2582//2582
f 2563//2563 2564//2564 2583//2583
f 2564//2564 2584//2584 2583//2583
f 2564//2564 2565//2565 2584//2584
f 2565//2565 2585//2585 2584//2584
f 2565//2565 2566//2566 2585//2585
f 2566//2566 2586//2586 2585//2585
f 2566//2566 2567//2567 2586//2586
f 2567//2567 2587//2587 2586//2586
f 2567//2567 2568//2568 2587//2587
f 2568//2568 2588//2588 2587//2587
f 2568//2568 2569//2569 2588//2588
f 2569//2569 2589//2589 2588//2588
f 2569//2569 2570//2570 2589//2589
f 2570//2570 2590//2590 2589//2589
f 2570//2570 2571//2571 2590//2590
f 2571//2571 2591//2591 2590//2590
f 2571//2571 2572//2572 2591//2591
f 2572//2572 2592//2592 2591//2591
f 2572//2572 2573//2573 2592//2592
f 2573//2573 2593//2593 2592//2592
f 2573//2573 2574//2574 2593//2593
f 2574//2574 2594//2594 2593//2593
f 2574//2574 2575//2575 2594//2594
f 2575//2575 2595//2595 2594//2594
f 2575//2575 2576//2576 2595//2595
f 2576//2576 2596//2596 2595//2595
f 2576//2576 2577//2577 2596//2596
f 2577//2577 2597//2597 2596//2596
f 2577//2577 2578//2578 2597//2597
f 2578//2578 2598//2598 2597//2597
f 2578//2578 2579//2579 2598//2598
f 2579//2579 2599//2599 2598//2598
f 2579//2579 2580//2580 2599//2599
f 2580//2580 2600//2600 2599//2599
f 2580//2580 2561//2561 2600//2600
f 2561//2561 2581//2581 2600//2600
f 2581//2581 2582//2582 2601//2601
f 2582//2582 2602//2602 2601//2601
f 2582//2582 2583//2583 2602//2602
f 2583//2583 2603//2603 2602//2602
f 2583//2583 2584//2584 2603//2603
f 2584//2584 2604//2604 2603//2603
f 2584//2584 2585//2585 2604//2604
f 2585//2585 2605//2605 2604//2604
f 2585//2585 2586//2586 2605//2605
f 2586//2586 2606//2606 2605//2605
f 2586//2586 2587//2587 2606//2606
f 2587//2587 2607//2607 2606//2606
f 2587//2587 2588//2588 2607//2607
f 2588//2588 2608//2608 2607//2607
f 2588//2588 2589//2589 2608//2608
f 2589//2589 2609//2609 2608//2608
f 2589//2589 2590//2590 2609//2609
f 2590//2590 2610//2610 2609//2609
f 2590//2590 2591//2591 2610//2610
f 2591//2591 2611//2611 2610//2610
f 2591//2591 2592//2592 2611//2611
f 2592//2592 2612//2612 2611//2611
f 2592//2592 2593//2593 2612//2612
f 2593//2593 2613//2613 2612//2612
f 2593//2593 2594//2594 2613//2613
f 2594//2594 2614//2614 2613//2613
f 2594//2594 2595//2595 2614//2614
f 2595//2595 2615//2615 2614//2614
f 2595//2595 2596//2596 2615//2615
f 2596//2596 2616//2616 2615//2615
f 2596//2596 2597//2597 2616//2616
f 2597//2597 2617//2617 2616//2616
f 2597//2597 2598//2598 2617//2617
f 2598//2598 2618//2618 2617//2617
f 2598//2598 2599//2599 2618//2618
f 2599//2599 2619//2619 2618//2618
f 2599//2599 2600//2600 2619//2619
f 2600//2600 2620//2620 2619//2619
f 2600//2600 2581//2581 2620//2620
f 2581//2581 2601//2601 2620//2620
f 2601//2601 2602//2602 2621//2621
f 2602//2602 2622//2622 2621//2621
f 2602//2602 2603//2603 2622//2622
f 2603//2603 2623//2623 2622//2622
f 2603//2603 2604//2604 2623//2623
f 2604//2604 2624//2624 2623//2623
f 2604//2604 2605//2605 2624//2624
f 2605//2605 2625//2625 2624//2624
f 2605//2605 2606//2606 2625//2625
f 2606//2606 2626//2626 2625//2625
f 2606//2606 2607//2607 2626//2626
f 2607//2607 2627//2627 2626//2626
f 2607//2607 2608//2608 2627//2627
f 2608//2608 2628//2628 2627//2627
f 2608//2608 2609//2609 2628//2628
f 2609//2609 2629//2629 2628//2628
f 2609//2609 2610//2610 2629//2629
f 2610//2610 2630//2630 2629//2629
f 2610//2610 2611//2611 2630//2630
f 2611//2611 2631//2631 2630//2630
f 2611//2611 2612//2612 2631//2631
f 2612//2612 2632//2632 2631//2631
f 2612//2612 2613//2613 2632//2632
f 2613//2613 2633//2633 2632//2632
f 2613//2613 2614//2614 2633//2633
f 2614//2614 2634//2634 2633//2633
f 2614//2614 2615//2615 2634//2634
f 2615//2615 2635//2635 2634//2634
f 2615//2615 2616//2616 2635//2635
f 2616//2616 2636//2636 2635//2635
f 2616//2616 2617//2617 2636//2636
f 2617//2617 2637//2637 2636//2636
f 2617//2617 2618//2618 2637//2637
f 2618//2618 2638//2638 2637//2637
f 2618//2618 2619//2619 2638//2638
f 2619//2619 2639//2639 2638//2638
f 2619//2619 2620//2620 2639//2639
f 2620//2620 2640//2640 2639//2639
f 2620//2620 2601//2601 2640//2640
f 2601//2601 2621//2621 2640//2640
f 2621//2621 2622//2622 2641//2641
f 2622//2622 2642//2642 2641//2641
f 2622//2622 2623//2623 2642//2642
f 2623//2623 2643//2643 2642//2642
f 2623//2623 2624//2624 2643//2643
f 2624//2624 2644//2644 2643//2643
f 2624//2624 2625//2625 2644//2644
f 2625//2625 2645//2645 2644//2644
f 2625//2625 2626//2626 2645//2645
f 2626//2626 2646//2646 2645//2645
f 2626//2626 2627//2627 2646//2646
f 2627//2627 2647//2647 2646//2646
f 2627//2627 2628//2628 2647//2647
f 2628//2628 2648//2648 2647//2647
f 2628//2628 2629//2629 2648//2648
f 2629//2629 2649//2649 2648//2648
f 2629//2629 2630//2630 2649//2649
f 2630//2630 2650//2650 2649//2649
f 2630//2630 2631//2631 2650//2650
f 2631//2631 2651//2651 2650//2650
f 2631//2631 2632//2632 2651//2651
f 2632//2632 2652//2652 2651//2651
f 2632//2632 2633//2633 2652//2652
f 2633//2633 2653//2653 2652//2652
f 2633//2633 2634//2634 2653//2653
f 2634//2634 2654//2654 2653//2653
f 2634//2634 2635//2635 2654//2654
f 2635//2635 2655//2655 2654//2654
f 2635//2635 2636//2636 2655//2655
f 2636//2636 2656//2656 2655//2655
f 2636//2636 2637//2637 2656//2656
f 2637//2637 2657//2657 2656//2656
f 2637//2637 2638//2638 2657//2657
f 2638//2638 2658//2658 2657//2657
f 2638//2638 2639//2639 2658//2658
f 2639//2639 2659//2659 2658//2658
f 2639//2639 2640//2640 2659//2659
f 2640//2640 2660//2660 2659//2659
f 2640//2640 2621//2621 2660//2660
f 2621//2621 2641//2641 2660//2660
f 2641//2641 2642//2642 2661//2661
f 2642//2642 2662//2662 2661//2661
f 2642//2642 2643//2643 2662//2662
f 2643//2643 2663//2663 2662//2662
f 2643//2643 2644//2644 2663//2663
f 2644//2644 2664//2664 2663//2663
f 2644//2644 2645//2645 2664//2664
f 2645//2645 2665//2665 2664//2664
f 2645//2645 2646//2646 2665//2665
f 2646//2646 2666//2666 2665//2665
f 2646//2646 2647//2647 2666//2666
f 2647//2647 2667//2667 2666//2666
f 2647//2647 2648//2648 2667//2667
f 2648//2648 2668//2668 2667//2667
f 2648//2648 2649//2649 2668//2668
f 2649//2649 2669//2669 2668//2668
f 2649//2649 2650//2650 2669//2669
f 2650//2650 2670//2670 2669//2669
f 2650//2650 2651//2651 2670//2670
f 2651//2651 2671//2671 2670//2670
f 2651//2651 2652//2652 2671//2671
f 2652//2652 2672//2672 2671//2671
f 2652//2652 2653//2653 2672//2672
f 2653//2653 2673//2673 2672//2672
f 2653//2653 2654//2654 2673//2673
f 2654//2654 2674//2674 2673//2673
f 2654//2654 2655//2655 2674//2674
f 2655//2655 2675//2675 2674//2674
f 2655//2655 2656//2656 2675//2675
f 2656//2656 2676//2676 2675//2675
f 2656//2656 2657//2657 2676//2676
f 2657//2657 2677//2677 2676//2676
f 2657//2657 2658//2658 2677//2677
f 2658//2658 2678//2678 2677//2677
f 2658//2658 2659//2659 2678//2678
f 2659//2659 2679//2679 2678//2678
f 2659//2659 2660//2660 2679//2679
f 2660//2660 2680//2680 2679//2679
f 2660//2660 2641//2641 2680//2680
f 2641//2641 2661//2661 2680//2680
f 2661//2661 2662//2662 2681//2681
f 2662//2662 2682//2682 2681//2681
f 2662//2662 2663//2663 2682//2682
f 2663//2663 2683//2683 2682//2682
f 2663//2663 2664//2664 2683//2683
f 2664//2664 2684//2684 2683//2683
f 2664//2664 2665//2665 2684//2684
f 2665//2665 2685//2685 2684//2684
f 2665//2665 2666//2666 2685//2685
f 2666//2666 2686//2686 2685//2685
f 2666//2666 2667//2667 2686//2686
f 2667//2667 2687//2687 2686//2686
f 2667//2667 2668//2668 2687//2687
f 2668//2668 2688//2688 2687//2687
f 2668//2668 2669//2669 2688//2688
f 2669//2669 2689//2689 2688//2688
f 2669//2669 2670//2670 2689//2689
f 2670//2670 2690//2690 2689//2689
f 2670//2670 2671//2671 2690//2690
f 2671//2671 2691//2691 2690//2690
f 2671//2671 2672//2672 2691//2691
f 2672//2672 2692//2692 2691//2691
f 2672//2672 2673//2673 2692//2692
f 2673//2673 2693//2693 2692//2692
f 2673//2673 2674//2674 2693//2693
f 2674//2674 2694//2694 2693//2693
f 2674//2674 2675//2675 2694//2694
f 2675//2675 2695//2695 2694//2694
f 2675//2675 2676//2676 2695//2695
f 2676//2676 2696//2696 2695//2695
f 2676//2676 2677//2677 2696//2696
f 2677//2677 2697//2697 2696//2696
f 2677//2677 2678//2678 2697//2697
f 2678//2678 2698//2698 2697//2697
f 2678//2678 2679//2679 2698//2698
f 2679//2679 2699//2699 2698//2698
f 2679//2679 2680//2680 2699//2699
f 2680//2680 2700//2700 2699//2699
f 2680//2680 2661//2661 2700//2700
f 2661//2661 2681//2681 2700//2700
f 2681//2681 2682//2682 2701//2701
f 2682//2682 2702//2702 2701//2701
f 2682//2682 2683//2683 2702//2702
f 2683//2683 2703//2703 2702//2702
f 2683//2683 2684//2684 2703//2703
f 2684//2684 2704//2704 2703//2703
f 2684//2684 2685//2685 2704//2704
f 2685//2685 2705//2705 2704//2704
f 2685//2685 2686//2686 2705//2705
f 2686//2686 2706//2706 2705//2705
f 2686//2686 2687//2687 2706//2706
f 2687//2687 2707//2707 2706//2706
f 2687//2687 2688//2688 2707//2707
f 2688//2688 2708//2708 2707//2707
f 2688//2688 2689//2689 2708//2708
f 2689//2689 2709//2709 2708//2708
f 2689//2689 2690//2690 2709//2709
f 2690//2690 2710//2710 2709//2709
f 2690//2690 2691//2691 2710//2710
f 2691//2691 2711//2711 2710//2710
f 2691//2691 2692//2692 2711//2711
f 2692//2692 2712//2712 2711//2711
f 2692//2692 2693//2693 2712//2712
f 2693//2693 2713//2713 2712//2712
f 2693//2693 2694//2694 2713//2713
f 2694//2694 2714//2714 2713//2713
f 2694//2694 2695//2695 2714//2714
f 2695//2695 2715//2715 2714//2714
f 2695//2695 2696//2696 2715//2715
f 2696//2696 2716//2716 2715//2715
f 2696//2696 2697//2697 2716//2716
f 2697//2697 2717//2717 2716//2716
f 2697//2697 2698//2698 2717//2717
f 2698//2698 2718//2718 2717//2717
f 2698//2698 2699//2699 2718//2718
f 2699//2699 2719//2719 2718//2718
f 2699//2699 2700//2700 2719//2719
f 2700//2700 2720//2720 2719//2719
f 2700//2700 2681//2681 2720//2720
f 2681//2681 2701//2701 2720//2720
f 2701//2701 2702//2702 2721//2721
f 2702//2702 2722//2722 2721//2721
f 2702//2702 2703//2703 2722//2722
f 2703//2703 2723//2723 2722//2722
f 2703//2703 2704//2704 2723//2723
f 2704//2704 2724//2724 2723//2723
f 2704//2704 2705//2705 2724//2724
f 2705//2705 2725//2725 2724//2724
f 2705//2705 2706//2706 2725//2725
f 2706//2706 2726//2726 2725//2725
f 2706//2706 2707//2707 2726//2726
f 2707//2707 2727//2727 2726//2726
f 2707//2707 2708//2708 2727//2727
f 2708//2708 2728//2728 2727//2727
f 2708//2708 2709//2709 2728//2728
f 2709//2709 2729//2729 2728//2728
f 2709//2709 2710//2710 2729//2729
f 2710//2710 2730//2730 2729//2729
f 2710//2710 2711//2711 2730//2730
f 2711//2711 2731//2731 2730//2730
f 2711//2711 2712//2712 2731//2731
f 2712//2712 2732//2732 2731//2731
f 2712//2712 2713//2713 2732//2732
f 2713//2713 2733//2733 2732//2732
f 2713//2713 2714//2714 2733//2733
f 2714//2714 2734//2734 2733//2733
f 2714//2714 2715//2715 2734//2734
f 2715//2715 2735//2735 2734//2734
f 2715//2715 2716//2716 2735//2735
f 2716//2716 2736//2736 2735//2735
f 2716//2716 2717//2717 2736//2736
f 2717//2717 2737//2737 2736//2736
f 2717//2717 2718//2718 2737//2737
f 2718//2718 2738//2738 2737//2737
f 2718//2718 2719//2719 2738//2738
f 2719//2719 2739//2739 2738//2738
f 2719//2719 2720//2720 2739//2739
f 2720//2720 2740//2740 2739//2739
f 2720//2720 2701//2701 2740//2740
f 2701//2701 2721//2721 2740//2740
f 2721//2721 2722//2722 2741//2741
f 2722//2722 2742//2742 2741//2741
f 2722//2722 2723//2723 2742//2742
f 2723//2723 2743//2743 2742//2742
f 2723//2723 2724//2724 2743//2743
f 2724//2724 2744//2744 2743//2743
f 2724//2724 2725//2725 2744//2744
f 2725//2725 2745//2745 2744//2744
f 2725//2725 2726//2726 2745//2745
f 2726//2726 2746//2746 2745//2745
f 2726//2726 2727//2727 2746//2746
f 2727//2727 2747//2747 2746//2746
f 2727//2727 2728//2728 2747//2747
f 2728//2728 2748//2748 2747//2747
f 2728//2728 2729//2729 2748//2748
f 2729//2729 2749//2749 2748//2748
f 2729//2729 2730//2730 2749//2749
f 2730//2730 2750//2750 2749//2749
f 2730//2730 2731//2731 2750//2750
f 2731//2731 2751//2751 2750//2750
f 2731//2731 2732//2732 2751//2751
f 2732//2732 2752//2752 2751//2751
f 2732//2732 2733//2733 2752//2752
f 2733//2733 2753//2753 2752//2752
f 2733//2733 2734//2734 2753//2753
f 2734//2734 2754//2754 2753//2753
f 2734//2734 2735//2735 2754//2754
f 2735//2735 2755//2755 2754//2754
f 2735//2735 2736//2736 2755//2755
f 2736//2736 2756//2756 2755//2755
f 2736//2736 2737//2737 2756//2756
f 2737//2737 2757//2757 2756//2756
f 2737//2737 2738//2738 2757//2757
f 2738//2738 2758//2758 2757//2757
f 2738//2738 2739//2739 2758//2758
f 2739//2739 2759//2759 2758//2758
f 2739//2739 2740//2740 2759//2759
f 2740//2740 2760//2760 2759//2759
f 2740//2740 2721//2721 2760//2760
f 2721//2721 2741//2741 2760//2760
f 2741//2741 2742//2742 2761//2761
f 2742//2742 2762//2762 2761//2761
f 2742//2742 2743//2743 2762//2762
f 2743//2743 2763//2763 2762//2762
f 2743//2743 2744//2744 2763//2763
f 2744//2744 2764//2764 2763//2763
f 2744//2744 2745//2745 2764//2764
f 2745//2745 2765//2765 2764//2764
f 2745//2745 2746//2746 2765//2765
f 2746//2746 2766//2766 2765//2765
f 2746//2746 2747//2747 2766//2766
f 2747//2747 2767//2767 2766//2766
f 2747//2747 2748//2748 2767//2767
f 2748//2748 2768//2768 2767//2767
f 2748//2748 2749//2749 2768//2768
f 2749//2749 2769//2769 2768//2768
f 2749//2749 2750//2750 2769//2769
f 2750//2750 2770//2770 2769//2769
f 2750//2750 2751//2751 2770//2770
f 2751//2751 2771//2771 2770//2770
f 2751//2751 2752//2752 2771//2771
f 2752//2752 2772//2772 2771//2771
f 2752//2752 2753//2753 2772//2772
f 2753//2753 2773//2773 2772//2772
f 2753//2753 2754//2754 2773//2773
f 2754//2754 2774//2774 2773//2773
f 2754//2754 2755//2755 2774//2774
f 2755//2755 2775//2775 2774//2774
f 2755//2755 2756//2756 2775//2775
f 2756//2756 2776//2776 2775//2775
f 2756//2756 2757//2757 2776//2776
f 2757//2757 2777//2777 2776//2776
f 2757//2757 2758//2758 2777//2777
f 2758//2758 2778//2778 2777//2777
f 2758//2758 2759//2759 2778//2778
f 2759//2759 2779//2779 2778//2778
f 2759//2759 2760//2760 2779//2779
f 2760//2760 2780//2780 2779//2779
f 2760//2760 2741//2741 2780//2780
f 2741//2741 2761//2761 2780//2780
f 2761//2761 2762//2762 2781//2781
f 2762//2762 2782//2782 2781//2781
f 2762//2762 2763//2763 2782//2782
f 2763//2763 2783//2783 2782//2782
f 2763//2763 2764//2764 2783//2783
f 2764//2764 2784//2784 2783//2783
f 2764//2764 2765//2765 2784//2784
f 2765//2765 2785//2785 2784//2784
f 2765//2765 2766//2766 2785//2785
f 2766//2766 2786//2786 2785//2785
f 2766//2766 2767//2767 2786//2786
f 2767//2767 2787//2787 2786//2786
f 2767//2767 2768//2768 2787//2787
f 2768//2768 2788//2788 2787//2787
f 2768//2768 2769//2769 2788//2788
f 2769//2769 2789//2789 2788//2788
f 2769//2769 2770//2770 2789//2789
f 2770//2770 2790//2790 2789//2789
f 2770//2770 2771//2771 2790//2790
f 2771//2771 2791//2791 2790//2790
f 2771//2771 2772//2772 2791//2791
f 2772//2772 2792//2792 2791//2791
f 2772//2772 2773//2773 2792//2792
f 2773//2773 2793//2793 2792//2792
f 2773//2773 2774//2774 2793//2793
f 2774//2774 2794//2794 2793//2793
f 2774//2774 2775//2775 2794//2794
f 2775//2775 2795//2795 2794//2794
f 2775//2775 2776//2776 2795//2795
f 2776//2776 2796//2796 2795//2795
f 2776//2776 2777//2777 2796//2796
f 2777//2777 2797//2797 2796//2796
f 2777//2777 2778//2778 2797//2797
f 2778//2778 2798//2798 2797//2797
f 2778//2778 2779//2779 2798//2798
f 2779//2779 2799//2799 2798//2798
f 2779//2779 2780//2780 2799//2799
f 2780//2780 2800//2800 2799//2799
f 2780//2780 2761//2761 2800//2800
f 2761//2761 2781//2781 2800//2800
f 2781//2781 2782//2782 2801//2801
f 2782//2782 2802//2802 2801//2801
f 2782//2782 2783//2783 2802//2802
f 2783//2783 2803//2803 2802//2802
f 2783//2783 2784//2784 2803//2803
f 2784//2784 2804//2804 2803//2803
f 2784//2784 2785//2785 2804//2804
f 2785//2785 2805//2805 2804//2804
f 2785//2785 2786//2786 2805//2805
f 2786//2786 2806//2806 2805//2805
f 2786//2786 2787//2787 2806//2806
f 2787//2787 2807//2807 2806//2806
f 2787//2787 2788//2788 2807//2807
f 2788//2788 2808//2808 2807//2807
f 2788//2788 2789//2789 2808//2808
f 2789//2789 2809//2809 2808//2808
f 2789//2789 2790//2790 2809//2809
f 2790//2790 2810//2810 2809//2809
f 2790//2790 2791//2791 2810//2810
f 2791//2791 2811//2811 2810//2810
f 2791//2791 2792//2792 2811//2811
f 2792//2792 2812//2812 2811//2811
f 2792//2792 2793//2793 2812//2812
f 2793//2793 2813//2813 2812//2812
f 2793//2793 2794//2794 2813//2813
f 2794//2794 2814//2814 2813//2813
f 2794//2794 2795//2795 2814//2814
f 2795//2795 2815//2815 2814//2814
f 2795//2795 2796//2796 2815//2815
f 2796//2796 2816//2816 2815//2815
f 2796//2796 2797//2797 2816//2816
f 2797//2797 2817//2817 2816//2816
f 2797//2797 2798//2798 2817//2817
f 2798//2798 2818//2818 2817//2817
f 2798//2798 2799//2799 2818//2818
f 2799//2799 2819//2819 2818//2818
f 2799//2799 2800//2800 2819//2819
f 2800//2800 2820//2820 2819//2819
f 2800//2800 2781//2781 2820//2820
f 2781//2781 2801//2801 2820//2820
f 2801//2801 2802//2802 2821//2821
f 2802//2802 2822//2822 2821//2821
f 2802//2802 2803//2803 2822//2822
f 2803//2803 2823//2823 2822//2822
f 2803//2803 2804//2804 2823//2823
f 2804//2804 2824//2824 2823//2823
f 2804//2804 2805//2805 2824//2824
f 2805//2805 2825//2825 2824//2824
f 2805//2805 2806//2806 2825//2825
f 2806//2806 2826//2826 2825//2825
f 2806//2806 2807//2807 2826//2826
f 2807//2807 2827//2827 2826//2826
f 2807//2807 2808//2808 2827//2827
f 2808//2808 2828//2828 2827//2827
f 2808//2808 2809//2809 2828//2828
f 2809//2809 2829//2829 2828//2828
f 2809//2809 2810//2810 2829//2829
f 2810//2810 2830//2830 2829//2829
f 2810//2810 2811//2811 2830//2830
f 2811//2811 2831//2831 2830//2830
f 2811//2811 2812//2812 2831//2831
f 2812//2812 2832//2832 2831//2831
f 2812//2812 2813//2813 2832//2832
f 2813//2813 2833//2833 2832//2832
f 2813//2813 2814//2814 2833//2833
f 2814//2814 2834//2834 2833//2833
f 2814//2814 2815//2815 2834//2834
f 2815//2815 2835//2835 2834//2834
f 2815//2815 2816//2816 2835//2835
f 2816//2816 2836//2836 2835//2835
f 2816//2816 2817//2817 2836//2836
f 2817//2817 2837//2837 2836//2836
f 2817//2817 2818//2818 2837//2837
f 2818//2818 2838//2838 2837//2837
f 2818//2818 2819//2819 2838//2838
f 2819//2819 2839//2839 2838//2838
f 2819//2819 2820//2820 2839//2839
f 2820//2820 2840//2840 2839//2839
f 2820//2820 2801//2801 2840//2840
f 2801//2801 2821//2821 2840//2840
f 2821//2821 2822//2822 2841//2841
f 2822//2822 2842//2842 2841//2841
f 2822//2822 2823//2823 2842//2842
f 2823//2823 2843//2843 2842//2842
f 2823//2823 2824//2824 2843//2843
f 2824//2824 2844//2844 2843//2843
f 2824//2824 2825//2825 2844//2844
f 2825//2825 2845//2845 2844//2844
f 2825//2825 2826//2826 2845//2845
f 2826//2826 2846//2846 2845//2845
f 2826//2826 2827//2827 2846//2846
f 2827//2827 2847//2847 2846//2846
f 2827//2827 2828//2828 2847//2847
f 2828//2828 2848//2848 2847//2847
f 2828//2828 2829//2829 2848//2848
f 2829//2829 2849//2849 2848//2848
f 2829//2829 2830//2830 2849//2849
f 2830//2830 2850//2850 2849//2849
f 2830//2830 2831//2831 2850//2850
f 2831//2831 2851//2851 2850//2850
f 2831//2831 2832//2832 2851//2851
f 2832//2832 2852//2852 2851//2851
f 2832//2832 2833//2833 2852//2852
f 2833//2833 2853//2853 2852//2852
f 2833//2833 2834//2834 2853//2853
f 2834//2834 2854//2854 2853//2853
f 2834//2834 2835//2835 2854//2854
f 2835//2835 2855//2855 2854//2854
f 2835//2835 2836//2836 2855//2855
f 2836//2836 2856//2856 2855//2855
f 2836//2836 2837//2837 2856//2856
f 2837//2837 2857//2857 2856//2856
f 2837//2837 2838//2838 2857//2857
f 2838//2838 2858//2858 2857//2857
f 2838//2838 2839//2839 2858//2858
f 2839//2839 2859//2859 2858//2858
f 2839//2839 2840//2840 2859//2859
f 2840//2840 2860//2860 2859//2859
f 2840//2840 2821//2821 2860//2860
f 2821//2821 2841//2841 2860//2860
f 2841//2841 2842//2842 2861//2861
f 2842//2842 2862//2862 2861//2861
f 2842//2842 2843//2843 2862//2862
f 2843//2843 2863//2863 2862//2862
f 2843//2843 2844//2844 2863//2863
f 2844//2844 2864//2864 2863//2863
f 2844//2844 2845//2845 2864//2864
f 2845//2845 2865//2865 2864//2864
f 2845//2845 2846//2846 2865//2865
f 2846//2846 2866//2866 2865//2865
f 2846//2846 2847//2847 2866//2866
f 2847//2847 2867//2867 2866//2866
f 2847//2847 2848//2848 2867//2867
f 2848//2848 2868//2868 2867//2867
f 2848//2848 2849//2849 2868//2868
f 2849//2849 2869//2869 2868//2868
f 2849//2849 2850//2850 2869//2869
f 2850//2850 2870//2870 2869//2869
f 2850//2850 2851//2851 2870//2870
f 2851//2851 2871//2871 2870//2870
f 2851//2851 2852//2852 2871//2871
f 2852//2852 2872//2872 2871//2871
f 2852//2852 2853//2853 2872//2872
f 2853//2853 2873//2873 2872//2872
f 2853//2853 2854//2854 2873//2873
f 2854//2854 2874//2874 2873//2873
f 2854//2854 2855//2855 2874//2874
f 2855//2855 2875//2875 2874//2874
f 2855//2855 2856//2856 2875//2875
f 2856//2856 2876//2876 2875//2875
f 2856//2856 2857//2857 2876//2876
f 2857//2857 2877//2877 2876//2876
f 2857//2857 2858//2858 2877//2877
f 2858//2858 2878//2878 2877//2877
f 2858//2858 2859//2859 2878//2878
f 2859//2859 2879//2879 2878//2878
f 2859//2859 2860//2860 2879//2879
f 2860//2860 2880//2880 2879//2879
f 2860//2860 2841//2841 2880//2880
f 2841//2841 2861//2861 2880//2880
f 2861//2861 2862//2862 2881//2881
f 2862//2862 2882//2882 2881//2881
f 2862//2862 2863//2863 2882//2882
f 2863//2863 2883//2883 2882//2882
f 2863//2863 2864//2864 2883//2883
f 2864//2864 2884//2884 2883//2883
f 2864//2864 2865//2865 2884//2884
f 2865//2865 2885//2885 2884//2884
f 2865//2865 2866//2866 2885//2885
f 2866//2866 2886//2886 2885//2885
f 2866//2866 2867//2867 2886//2886
f 2867//2867 2887//2887 2886//2886
f 2867//2867 2868//2868 2887//2887
f 2868//2868 2888//2888 2887//2887
f 2868//2868 2869//2869 2888//2888
f 2869//2869 2889//2889 2888//2888
f 2869//2869 2870//2870 2889//2889
f 2870//2870 2890//2890 2889//2889
f 2870//2870 2871//2871 2890//2890
f 2871//2871 2891//2891 2890//2890
f 2871//2871 2872//2872 2891//2891
f 2872//2872 2892//2892 2891//2891
f 2872//2872 2873//2873 2892//2892
f 2873//2873 2893//2893 2892//2892
f 2873//2873 2874//2874 2893//2893
f 2874//2874 2894//2894 2893//2893
f 2874//2874 2875//2875 2894//2894
f 2875//2875 2895//2895 2894//2894
f 2875//2875 2876//2876 2895//2895
f 2876//2876 2896//2896 2895//2895
f 2876//2876 2877//2877 2896//2896
f 2877//2877 2897//2897 2896//2896
f 2877//2877 2878//2878 2897//2897
f 2878//2878 2898//2898 2897//2897
f 2878//2878 2879//2879 2898//2898
f 2879//2879 2899//2899 2898//2898
f 2879//2879 2880//2880 2899//2899
f 2880//2880 2900//2900 2899//2899
f 2880//2880 2861//2861 2900//2900
f 2861//2861 2881//2881 2900//2900
f 2881//2881 2882//2882 2901//2901
f 2882//2882 2902//2902 2901//2901
f 2882//2882 2883//2883 2902//2902
f 2883//2883 2903//2903 2902//2902
f 2883//2883 2884//2884 2903//2903
f 2884//2884 2904//2904 2903//2903
f 2884//2884 2885//2885 2904//2904
f 2885//2885 2905//2905 2904//2904
f 2885//2885 2886//2886 2905//2905
f 2886//2886 2906//2906 2905//2905
f 2886//2886 2887//2887 2906//2906
f 2887//2887 2907//2907 2906//2906
f 2887//2887 2888//2888 2907//2907
f 2888//2888 2908//2908 2907//2907
f 2888//2888 2889//2889 2908//2908
f 2889//2889 2909//2909 2908//2908
f 2889//2889 2890//2890 2909//2909
f 2890//2890 2910//2910 2909//2909
f 2890//2890 2891//2891 2910//2910
f 2891//2891 2911//2911 2910//2910
f 2891//2891 2892//2892 2911//2911
f 2892//2892 2912//2912 2911//2911
f 2892//2892 2893//2893 2912//2912
f 2893//2893 2913//2913 2912//2912
f 2893//2893 2894//2894 2913//2913
f 2894//2894 2914//2914 2913//2913
f 2894//2894 2895//2895 2914//2914
f 2895//2895 2915//2915 2914//2914
f 2895//2895 2896//2896 2915//2915
f 2896//2896 2916//2916 2915//2915
f 2896//2896 2897//2897 2916//2916
f 2897//2897 2917//2917 2916//2916
f 2897//2897 2898//2898 2917//2917
f 2898//2898 2918//2918 2917//2917
f 2898//2898 2899//2899 2918//2918
f 2899//2899 2919//2919 2918//2918
f 2899//2899 2900//2900 2919//2919
f 2900//2900 2920//2920 2919//2919
f 2900//2900 2881//2881 2920//2920
f 2881//2881 2901//2901 2920//2920
f 2901//2901 2902//2902 2921//2921
f 2902//2902 2922//2922 2921//2921
f 2902//2902 2903//2903 2922//2922
f 2903//2903 2923//2923 2922//2922
f 2903//2903 2904//2904 2923//2923
f 2904//2904 2924//2924 2923//2923
f 2904//2904 2905//2905 2924//2924
f 2905//2905 2925//2925 2924//2924
f 2905//2905 2906//2906 2925//2925
f 2906//2906 2926//2926 2925//2925
f 2906//2906 2907//2907 2926//2926
f 2907//2907 2927//2927 2926//2926
f 2907//2907 2908//2908 2927//2927
f 2908//2908 2928//2928 2927//2927
f 2908//2908 2909//2909 2928//2928
f 2909//2909 2929//2929 2928//2928
f 2909//2909 2910//2910 2929//2929
f 2910//2910 2930//2930 2929//2929
f 2910//2910 2911//2911 2930//2930
f 2911//2911 2931//2931 2930//2930
f 2911//2911 2912//2912 2931//2931
f 2912//2912 2932//2932 2931//2931
f 2912//2912 2913//2913 2932//2932
f 2913//2913 2933//2933 2932//2932
f 2913//2913 2914//2914 2933//2933
f 2914//2914 2934//2934 2933//2933
f 2914//2914 2915//2915 2934//2934
f 2915//2915 2935//2935 2934//2934
f 2915//2915 2916//2916 2935//2935
f 2916//2916 2936//2936 2935//2935
f 2916//2916 2917//2917 2936//2936
f 2917//2917 2937//2937 2936//2936
f 2917//2917 2918//2918 2937//2937
f 2918//2918 2938//2938 2937//2937
f 2918//2918 2919//2919 2938//2938
f 2919//2919 2939//2939 2938//2938
f 2919//2919 2920//2920 2939//2939
f 2920//2920 2940//2940 2939//2939
f 2920//2920 2901//2901 2940//2940
f 2901//2901 2921//2921 2940//2940
f 2921//2921 2922//2922 2941//2941
f 2922//2922 2942//2942 2941//2941
f 2922//2922 2923//2923 2942//2942
f 2923//2923 2943//2943 2942//2942
f 2923//2923 2924//2924 2943//2943
f 2924//2924 2944//2944 2943//2943
f 2924//2924 2925//2925 2944//2944
f 2925//2925 2945//2945 2944//2944
f 2925//2925 2926//2926 2945//2945
f 2926//2926 2946//2946 2945//2945
f 2926//2926 2927//2927 2946//2946
f 2927//2927 2947//2947 2946//2946
f 2927//2927 2928//2928 2947//2947
f 2928//2928 2948//2948 2947//2947
f 2928//2928 2929//2929 2948//2948
f 2929//2929 2949//2949 2948//2948
f 2929//2929 2930//2930 2949//2949
f 2930//2930 2950//2950 2949//2949
f 2930//2930 2931//2931 2950//2950
f 2931//2931 2951//2951 2950//2950
f 2931//2931 2932//2932 2951//2951
f 2932//2932 2952//2952 2951//2951
f 2932//2932 2933//2933 2952//2952
f 2933//2933 2953//2953 2952//2952
f 2933//2933 2934//2934 2953//2953
f 2934//2934 2954//2954 2953//2953
f 2934//2934 2935//2935 2954//2954
f 2935//2935 2955//2955 2954//2954
f 2935//2935 2936//2936 2955//2955
f 2936//2936 2956//2956 2955//2955
f 2936//2936 2937//2937 2956//2956
f 2937//2937 2957//2957 2956//2956
f 2937//2937 2938//2938 2957//2957
f 2938//2938 2958//2958 2957//2957
f 2938//2938 2939//2939 2958//2958
f 2939//2939 2959//2959 2958//2958
f 2939//2939 2940//2940 2959//2959
f 2940//2940 2960//2960 2959//2959
f 2940//2940 2921//2921 2960//2960
f 2921//2921 2941//2941 2960//2960
f 2941//2941 2942//2942 2961//2961
f 2942//2942 2962//2962 2961//2961
f 2942//2942 2943//2943 2962//2962
f 2943//2943 2963//2963 2962//2962
f 2943//2943 2944//2944 2963//2963
f 2944//2944 2964//2964 2963//2963
f 2944//2944 2945//2945 2964//2964
f 2945//2945 2965//2965 2964//2964
f 2945//2945 2946//2946 2965//2965
f 2946//2946 2966//2966 2965//2965
f 2946//2946 2947//2947 2966//2966
f 2947//2947 2967//2967 2966//2966
f 2947//2947 2948//2948 2967//2967
f 2948//2948 2968//2968 2967//2967
f 2948//2948 2949//2949 2968//2968
f 2949//2949 2969//2969 2968//2968
f 2949//2949 2950//2950 2969//2969
f 2950//2950 2970//2970 2969//2969
f 2950//2950 2951//2951 2970//2970
f 2951//2951 2971//2971 2970//2970
f 2951//2951 2952//2952 2971//2971
f 2952//2952 2972//2972 2971//2971
f 2952//2952 2953//2953 2972//2972
f 2953//2953 2973//2973 2972//2972
f 2953//2953 2954//2954 2973//2973
f 2954//2954 2974//2974 2973//2973
f 2954//2954 2955//2955 2974//2974
f 2955//2955 2975//2975 2974//2974
f 2955//2955 2956//2956 2975//2975
f 2956//2956 2976//2976 2975//2975
f 2956//2956 2957//2957 2976//2976
f 2957//2957 2977//2977 2976//2976
f 2957//2957 2958//2958 2977//2977
f 2958//2958 2978//2978 2977//2977
f 2958//2958 2959//2959 2978//2978
f 2959//2959 2979//2979 2978//2978
f 2959//2959 2960//2960 2979//2979
f 2960//2960 2980//2980 2979//2979
f 2960//2960 2941//2941 2980//2980
f 2941//2941 2961//2961 2980//2980
f 2961//2961 2962//2962 2981//2981
f 2962//2962 2982//2982 2981//2981
f 2962//2962 2963//2963 2982//2982
f 2963//2963 2983//2983 2982//2982
f 2963//2963 2964//2964 2983//2983
f 2964//2964 2984//2984 2983//2983
f 2964//2964 2965//2965 2984//2984
f 2965//2965 2985//2985 2984//2984
f 2965//2965 2966//2966 2985//2985
f 2966//2966 2986//2986 2985//2985
f 2966//2966 2967//2967 2986//2986
f 2967//2967 2987//2987 2986//2986
f 2967//2967 2968//2968 2987//2987
f 2968//2968 2988//2988 2987//2987
f 2968//2968 2969//2969 2988//2988
f 2969//2969 2989//2989 2988//2988
f 2969//2969 2970//2970 2989//2989
f 2970//2970 2990//2990 2989//2989
f 2970//2970 2971//2971 2990//2990
f 2971//2971 2991//2991 2990//2990
f 2971//2971 2972//2972 2991//2991
f 2972//2972 2992//2992 2991//2991
f 2972//2972 2973//2973 2992//2992
f 2973//2973 2993//2993 2992//2992
f 2973//2973 2974//2974 2993//2993
f 2974//2974 2994//2994 2993//2993
f 2974//2974 2975//2975 2994//2994
f 2975//2975 2995//2995 2994//2994
f 2975//2975 2976//2976 2995//2995
f 2976//2976 2996//2996 2995//2995
f 2976//2976 2977//2977 2996//2996
f 2977//2977 2997//2997 2996//2996
f 2977//2977 2978//2978 2997//2997
f 2978//2978 2998//2998 2997//2997
f 2978//2978 2979//2979 2998//2998
f 2979//2979 2999//2999 2998//2998
f 2979//2979 2980//2980 2999//2999
f 2980//2980 3000//3000 2999//2999
f 2980//2980 2961//2961 3000//3000
f 2961//2961 2981//2981 3000//3000
f 2981//2981 2982//2982 1//1
f 2982//2982 2//2 1//1
f 2982//2982 2983//2983 2//2
f 2983//2983 3//3 2//2
f 2983//2983 2984//2984 3//3
f 2984//2984 4//4 3//3
f 2984//2984 2985//2985 4//4
f 2985//2985 5//5 4//4
f 2985//2985 2986//2986 5//5
f 2986//2986 6//6 5//5
f 2986//2986 2987//2987 6//6
f 2987//2987 7//7 6//6
f 2987//2987 2988//2988 7//7
f 2988//2988 8//8 7//7
f 2988//2988 2989//2989 8//8
f 2989//2989 9//9 8//8
f 2989//2989 2990//2990 9//9
f 2990//2990 10//10 9//9
f 2990//2990 2991//2991 10//10
f 2991//2991 11//11 10//10
f 2991//2991 2992//2992 11//11
f 2992//2992 12//12 11//11
f 2992//2992 2993//2993 12//12
f 2993//2993 13//13 12//12
f 2993//2993 2994//2994 13//13
f 2994//2994 14//14 13//13
f 2994//2994 2995//2995 14//14
f 2995//2995 15//15 14//14
f 2995//2995 2996//2996 15//15
f 2996//2996 16//16 15//15
f 2996//2996 2997//2997 16//16
f 2997//2997 17//17 16//16
f 2997//2997 2998//2998 17//17
f 2998//2998 18//18 17//17
f 2998//2998 2999//2999 18//18
f 2999//2999 19//19 18//18
f 2999//2999 3000//3000 19//19
f 3000//3000 20//20 19//19
f 3000//3000 2981//2981 20//20
f 2981//2981 1//1 20//20

