# https://github.com/mikedh/trimesh

o complex_knot_0002.obj
v 1.38340215 0.19952355 -4.10458746
v 1.32902973 0.19116613 -4.11377462
v 1.27126550 0.18177035 -4.10450346
v 1.21300602 0.17180736 -4.07723885
v 1.15717266 0.16177675 -4.03334796
v 1.10656513 0.15218149 -3.97503167
v 1.06372111 0.14350274 -3.90521420
v 1.03078897 0.13617567 -3.82739648
v 1.00942007 0.13056770 -3.74548062
v 1.00068594 0.12696004 -3.66357423
v 1.00502453 0.12553358 -3.58578443
v 1.02221831 0.12635987 -3.51601193
v 1.05140509 0.12939745 -3.45775541
v 1.09112134 0.13449403 -3.41393610
v 1.13937551 0.14139402 -3.38675128
v 1.19374793 0.14975145 -3.37756411
v 1.25151216 0.15914723 -3.38683528
v 1.30977164 0.16911022 -3.41409989
v 1.36560500 0.17914083 -3.45799077
v 1.41621253 0.18873608 -3.51630706
v 1.45905656 0.19741484 -3.58612454
v 1.49198870 0.20474191 -3.66394226
v 1.51335759 0.21034988 -3.74585812
v 1.52209173 0.21395754 -3.82776451
v 1.51775313 0.21538400 -3.90555431
v 1.50055935 0.21455771 -3.97532681
v 1.47137257 0.21152012 -4.03358333
v 1.43165632 0.20642355 -4.07740264
v 1.36890799 0.45780490 -4.08569653
v 1.31469120 0.44917638 -4.09542344
v 1.25704529 0.43888950 -4.08674738
v 1.19886084 0.42746011 -4.06010339
v 1.14305548 0.41546130 -4.01682751
v 1.09242752 0.40349476 -3.95908979
v 1.04951566 0.39216054 -3.88978543
v 1.01647167 0.38202698 -3.81238963
v 0.99495252 0.37360222 -3.73078335
v 0.98603727 0.36730871 -3.64905868
v 0.99017296 0.36346204 -3.57131361
v 1.00715223 0.36225510 -3.50144662
v 1.03612364 0.36374840 -3.44296114
v 1.07563447 0.36786706 -3.39878985
v 1.12370346 0.37440456 -3.37114771
v 1.17792025 0.38303309 -3.36142079
v 1.23556617 0.39331996 -3.37009686
v 1.29375061 0.40474936 -3.39674085
v 1.34955597 0.41674816 -3.44001672
v 1.40018393 0.42871470 -3.49775445
v 1.44309580 0.44004892 -3.56705881
v 1.47613979 0.45018248 -3.64445461
v 1.49765894 0.45860724 -3.72606088
v 1.50657419 0.46490075 -3.80778556
v 1.50243849 0.46874742 -3.88553063
v 1.48545923 0.46995437 -3.95539761
v 1.45648781 0.46846107 -4.01388310
v 1.41697698 0.46434240 -4.05805439
v 1.34769681 0.72611612 -4.04378792
v 1.29380450 0.71702509 -4.05462109
v 1.23643441 0.70504158 -4.04723820
v 1.17846331 0.69076649 -4.02200946
v 1.12279812 0.67491564 -3.98019993
v 1.07223011 0.65828386 -3.92390612
v 1.02929499 0.64170513 -3.85595085
v 0.99614569 0.62601078 -3.77974166
v 0.97444446 0.61198779 -3.69910001
v 0.96527950 0.60033934 -3.61806960
v 0.96911036 0.59164951 -3.54071365
v 0.98574497 0.58635406 -3.47091109
v 1.01434917 0.58471853 -3.41216212
v 1.05348866 0.58682492 -3.36741267
v 1.10120079 0.59256761 -3.33890664
v 1.15509310 0.60165865 -3.32807347
v 1.21246319 0.61364216 -3.33545635
v 1.27043429 0.62791725 -3.36068510
v 1.32609948 0.64376809 -3.40249463
v 1.37666749 0.66039988 -3.45878843
v 1.41960261 0.67697860 -3.52674371
v 1.45275191 0.69267295 -3.60295290
v 1.47445314 0.70669594 -3.68359455
v 1.48361810 0.71834440 -3.76462496
v 1.47978724 0.72703423 -3.84198091
v 1.46315264 0.73232967 -3.91178347
v 1.43454843 0.73396521 -3.97053244
v 1.39540895 0.73185882 -4.01528189
v 1.31900363 0.99015083 -3.98031133
v 1.26545227 0.98068561 -3.99228034
v 1.20840937 0.96710873 -3.98632084
v 1.15073529 0.95010099 -3.96273169
v 1.09532206 0.93051521 -3.92269574
v 1.04494833 0.90933353 -3.86822056
v 1.00214004 0.88761806 -3.80203775
v 0.96904379 0.86645772 -3.72746601
v 0.94731916 0.84691358 -3.64824468
v 0.93805550 0.82996566 -3.56834623
v 0.94171735 0.81646379 -3.49177712
v 0.95812108 0.80708503 -3.42237683
v 0.98644413 0.80229966 -3.36362539
v 1.02526628 0.80234763 -3.31846884
v 1.07264081 0.80722655 -3.28917152
v 1.12619217 0.81669176 -3.27720252
v 1.18323508 0.83026864 -3.28316201
v 1.24090915 0.84727639 -3.30675116
v 1.29632238 0.86686216 -3.34678712
v 1.34669611 0.88804385 -3.40126230
v 1.38950440 0.90975932 -3.46744510
v 1.42260065 0.93091966 -3.54201684
v 1.44432528 0.95046380 -3.62123818
v 1.45358894 0.96741172 -3.70113663
v 1.44992709 0.98091358 -3.77770574
v 1.43352337 0.99029235 -3.84710603
v 1.40520031 0.99507772 -3.90585747
v 1.36637817 0.99502974 -3.95101401
v 1.28288024 1.24831366 -3.89573755
v 1.22968344 1.23856396 -3.90886301
v 1.17301636 1.22350543 -3.90444666
v 1.11572052 1.20389317 -3.88270995
v 1.06066898 1.18071061 -3.84474285
v 1.01062224 1.15512024 -3.79244919
v 0.96808987 1.12840525 -3.72845120
v 0.93520460 1.10190525 -3.65595799
v 0.91361546 1.07694906 -3.57860469
v 0.90440500 1.05478808 -3.50027010
v 0.90803508 1.03653357 -3.42488226
v 0.92432366 1.02310087 -3.35622142
v 0.95245398 1.01516357 -3.29773053
v 0.99101546 1.01311966 -3.25234256
v 1.03807447 1.01707164 -3.22233345
v 1.09127127 1.02682134 -3.20920799
v 1.14793835 1.04187987 -3.21362435
v 1.20523419 1.06149214 -3.23536106
v 1.26028574 1.08467469 -3.27332816
v 1.31033247 1.11026507 -3.32562181
v 1.35286485 1.13698006 -3.38961981
v 1.38575011 1.16348006 -3.46211302
v 1.40733925 1.18843625 -3.53946632
v 1.41654971 1.21059722 -3.61780090
v 1.41291964 1.22885173 -3.69318875
v 1.39663105 1.24228443 -3.76184958
v 1.36850073 1.25022174 -3.82034048
v 1.32993925 1.25226564 -3.86572845
v 1.23942950 1.49905234 -3.79067970
v 1.18659797 1.48910840 -3.80497331
v 1.13035235 1.47268748 -3.80220876
v 1.07351303 1.45061299 -3.78252469
v 1.01893018 1.42399183 -3.74690814
v 0.96934080 1.39415891 -3.69714507
v 0.92723151 1.36261017 -3.63573080
v 0.89471385 1.33092760 -3.56574491
v 0.87341840 1.30069989 -3.49069678
v 0.86441298 1.27344279 -3.41434964
v 0.86814918 1.25052307 -3.34053185
v 0.88443964 1.23309004 -3.27294494
v 0.91246750 1.22201786 -3.21497800
v 0.95082731 1.21786172 -3.16953775
v 0.99759556 1.22083005 -3.13890273
v 1.05042709 1.23077399 -3.12460913
v 1.10667271 1.24719491 -3.12737367
v 1.16351203 1.26926940 -3.14705774
v 1.21809489 1.29589056 -3.18267429
v 1.26768427 1.32572348 -3.23243737
v 1.30979355 1.35727222 -3.29385163
v 1.34231121 1.38895479 -3.36383752
v 1.36360667 1.41918250 -3.43888565
v 1.37261208 1.44643961 -3.51523280
v 1.36887588 1.46935932 -3.58905059
v 1.35258542 1.48679235 -3.65663750
v 1.32455757 1.49786453 -3.71460443
v 1.28619775 1.50202067 -3.76004469
v 1.18880471 1.74086910 -3.66588830
v 1.13634618 1.73082096 -3.68135286
v 1.08056441 1.71316351 -3.68033722
v 1.02425652 1.68878218 -3.66289230
v 0.97024604 1.65889954 -3.62989286
v 0.92124126 1.62501403 -3.58299363
v 0.87969950 1.58882482 -3.52454633
v 0.84770383 1.55214658 -3.45748176
v 0.82685865 1.51681851 -3.38516282
v 0.81820922 1.48461212 -3.31121587
v 0.82218926 1.45714235 -3.23934893
v 0.83859920 1.43578667 -3.17316570
v 0.86661617 1.42161593 -3.11598490
v 0.90483528 1.41534072 -3.07067379
v 0.95134007 1.41727570 -3.03950447
v 1.00379860 1.42732384 -3.02403991
v 1.05958037 1.44498129 -3.02505555
v 1.11588825 1.46936262 -3.04250048
v 1.16989874 1.49924526 -3.07549992
v 1.21890351 1.53313077 -3.12239915
v 1.26044527 1.56931998 -3.18084644
v 1.29244094 1.60599822 -3.24791101
v 1.31328612 1.64132629 -3.32022995
v 1.32193555 1.67353268 -3.39417690
v 1.31795551 1.70100245 -3.46604384
v 1.30154558 1.72235813 -3.53222707
v 1.27352861 1.73652887 -3.58940788
v 1.23530950 1.74280408 -3.63471898
v 1.13120847 1.97233170 -3.52224518
v 1.07912771 1.96226841 -3.53887479
v 1.02384871 1.94350594 -3.53969315
v 0.96814339 1.91698514 -3.52465924
v 0.91480504 1.88403584 -3.49452692
v 0.86650829 1.84631029 -3.45080715
v 0.82567492 1.80570018 -3.39569221
v 0.79435249 1.76424189 -3.33194581
v 0.77411164 1.72401430 -3.26276446
v 0.76596733 1.68703459 -3.19161719
v 0.77032795 1.65515709 -3.12207162
v 0.78697485 1.62998025 -3.05761507
v 0.81507326 1.61276656 -3.00147965
v 0.85321424 1.60437917 -2.95648023
v 0.89948521 1.60523868 -2.92487327
v 0.95156598 1.61530197 -2.90824366
v 1.00684498 1.63406443 -2.90742530
v 1.06255030 1.66058524 -2.92245921
v 1.11588864 1.69353453 -2.95259153
v 1.16418540 1.73126009 -2.99631130
v 1.20501877 1.77187019 -3.05142624
v 1.23634120 1.81332849 -3.11517264
v 1.25658205 1.85355608 -3.18435399
v 1.26472636 1.89053578 -3.25550126
v 1.26036573 1.92241329 -3.32504683
v 1.24371884 1.94759013 -3.38950338
v 1.21562042 1.96480382 -3.44563880
v 1.17747945 1.97319121 -3.49063822
v 1.06689130 2.19208387 -3.36075640
v 1.01519008 2.18209274 -3.37853662
v 0.96044910 2.16236141 -3.38126179
v 0.90541331 2.13387930 -3.36879529
v 0.85284242 2.09807462 -3.34176221
v 0.80537256 2.05674277 -3.30151813
v 0.76538407 2.01195630 -3.25008104
v 0.73488213 1.96596099 -3.19003021
v 0.71539625 1.92106324 -3.12437685
v 0.70790353 1.87951440 -3.05641309
v 0.71277968 1.84339791 -2.98954691
v 0.72978019 1.81452480 -2.92713126
v 0.75805258 1.79434290 -2.87229593
v 0.79617917 1.78386419 -2.82779059
v 0.84224811 1.78361414 -2.79584691
v 0.89394933 1.79360528 -2.77806670
v 0.94869031 1.81333660 -2.77534152
v 1.00372611 1.84181871 -2.78780803
v 1.05629700 1.87762339 -2.81484110
v 1.10376686 1.91895524 -2.85508519
v 1.14375535 1.96374171 -2.90652228
v 1.17425728 2.00973702 -2.96657310
v 1.19374316 2.05463478 -3.03222647
v 1.20123589 2.09618361 -3.10019023
v 1.19635974 2.13230010 -3.16705641
v 1.17935923 2.16117321 -3.22947206
v 1.15108683 2.18135512 -3.28430739
v 1.11296025 2.19183382 -3.32881273
v 0.99614968 2.39885508 -3.18254413
v 0.94482685 2.38902094 -3.20145231
v 0.89065532 2.36846056 -3.20614457
v 0.83635149 2.33820491 -3.19638565
v 0.78463839 2.29977115 -3.17266489
v 0.73810911 2.25508650 -3.13617174
v 0.69909683 2.20639164 -3.08873613
v 0.66955780 2.15612833 -3.03273668
v 0.65097322 2.10681699 -2.97098143
v 0.64427500 2.06093028 -2.90656705
v 0.64979901 2.02076917 -2.84272355
v 0.66726827 1.98834749 -2.78265230
v 0.69580678 1.96529101 -2.72936553
v 0.73398352 1.95275588 -2.68553525
v 0.77988412 1.95137065 -2.65335931
v 0.83120696 1.96120479 -2.63445114
v 0.88537849 1.98176518 -2.62975887
v 0.93968232 2.01202082 -2.63951780
v 0.99139542 2.05045458 -2.66323856
v 1.03792470 2.09513923 -2.69973171
v 1.07693697 2.14383409 -2.74716731
v 1.10647601 2.19409740 -2.80316677
v 1.12506059 2.24340875 -2.86492201
v 1.13175881 2.28929545 -2.92933639
v 1.12623479 2.32945657 -2.99317990
v 1.10876554 2.36187824 -3.05325115
v 1.08022703 2.38493472 -3.10653792
v 1.04205029 2.39746986 -3.15036819
v 0.91932390 2.59146961 -2.98883765
v 0.86837540 2.58187414 -3.00884328
v 0.81480080 2.56062714 -3.01555027
v 0.76128656 2.52879404 -3.00862230
v 0.71051610 2.48797107 -2.98840676
v 0.66503525 2.44020527 -2.95591735
v 0.62712463 2.38789182 -2.91278322
v 0.59868523 2.33365392 -2.86116730
v 0.58114312 2.28021131 -2.80365782
v 0.57537793 2.23024380 -2.74313856
v 0.58167876 2.18625699 -2.68264419
v 0.59972965 2.15045655 -2.62520816
v 0.62862546 2.12463767 -2.57371056
v 0.66691723 2.11009501 -2.53073368
v 0.71268485 2.10755780 -2.49843257
v 0.76363335 2.11715328 -2.47842694
v 0.81720794 2.13840027 -2.47171995
v 0.87072219 2.17023338 -2.47864792
v 0.92149265 2.21105635 -2.49886346
v 0.96697349 2.25882215 -2.53135287
v 1.00488411 2.31113560 -2.57448700
v 1.03332352 2.36537349 -2.62610292
v 1.05086563 2.41881611 -2.68361240
v 1.05663082 2.46878361 -2.74413166
v 1.05032999 2.51277042 -2.80462603
v 1.03227910 2.54857086 -2.86206205
v 1.00338329 2.57438975 -2.91355966
v 0.96509152 2.58893241 -2.95653654
v 0.83679541 2.76885476 -2.78096353
v 0.78621443 2.75957580 -2.80202871
v 0.73326019 2.73778628 -2.81078536
v 0.68058803 2.70457881 -2.80679439
v 0.63083915 2.66161856 -2.79025591
v 0.58650818 2.61105973 -2.76199925
v 0.54981805 2.55543756 -2.72344130
v 0.52260855 2.49754116 -2.67651553
v 0.50624409 2.44027372 -2.62357498
v 0.50154525 2.38650685 -2.56727432
v 0.50874765 2.33893665 -2.51043669
v 0.52749013 2.29994850 -2.45591218
v 0.55683286 2.27149741 -2.40643487
v 0.59530448 2.25501005 -2.36448575
v 0.64097585 2.25131316 -2.33216834
v 0.69155683 2.26059212 -2.31110316
v 0.74451108 2.28238164 -2.30234651
v 0.79718324 2.31558911 -2.30633748
v 0.84693211 2.35854936 -2.32287595
v 0.89126309 2.40910819 -2.35113262
v 0.92795322 2.46473036 -2.38969056
v 0.95516271 2.52262676 -2.43661634
v 0.97152717 2.57989420 -2.48955689
v 0.97622601 2.63366107 -2.54585755
v 0.96902361 2.68123127 -2.60269518
v 0.95028114 2.72021942 -2.65721969
v 0.92093841 2.74867051 -2.70669700
v 0.88246679 2.76515787 -2.74864612
v 0.74898402 2.93004821 -2.56033507
v 0.69876105 2.92115917 -2.58241496
v 0.64644646 2.89897185 -2.59324360
v 0.59466353 2.86459881 -2.59227799
v 0.54600887 2.81976366 -2.57956655
v 0.50292223 2.76671464 -2.55574669
v 0.46756415 2.70811182 -2.52201283
v 0.44170763 2.64689381 -2.48005653
v 0.42664923 2.58613033 -2.43198165
v 0.42314404 2.52886832 -2.38019887
v 0.43136783 2.47797913 -2.32730479
v 0.45090821 2.43601456 -2.27595175
v 0.48078536 2.40507888 -2.22871479
v 0.51950110 2.38672335 -2.18796259
v 0.56511407 2.38186838 -2.15573862
v 0.61533705 2.39075742 -2.13365872
v 0.66765163 2.41294475 -2.12283008
v 0.71943456 2.44731778 -2.12379569
v 0.76808923 2.49215293 -2.13650713
v 0.81117587 2.54520196 -2.16032700
v 0.84653395 2.60380477 -2.19406086
v 0.87239046 2.66502278 -2.23601716
v 0.88744886 2.72578626 -2.28409204
v 0.89095405 2.78304827 -2.33587482
v 0.88273027 2.83393746 -2.38876889
v 0.86318988 2.87590204 -2.44012194
v 0.83331274 2.90683771 -2.48735889
v 0.79459699 2.92519324 -2.52811110
v 0.65634463 3.07420448 -2.32844111
v 0.60646761 3.06577374 -2.35148453
v 0.55480783 3.04333300 -2.36439501
v 0.50395571 3.00800754 -2.36652517
v 0.45646121 2.96156872 -2.35776820
v 0.41470589 2.90634518 -2.33856321
v 0.38078354 2.84510606 -2.30987320
v 0.35639516 2.78092215 -2.27313683
v 0.34276369 2.71701189 -2.23019620
v 0.34057268 2.65658001 -2.18320454
v 0.34993198 2.60265681 -2.13451821
v 0.37037228 2.55794624 -2.08657854
v 0.40086862 2.52469026 -2.04178942
v 0.43989179 2.50455648 -2.00239678
v 0.48548500 2.49855447 -1.97037591
v 0.53536202 2.50698522 -1.94733249
v 0.58702180 2.52942596 -1.93442201
v 0.63787391 2.56475142 -1.93229184
v 0.68536842 2.61119023 -1.94104882
v 0.72712374 2.66641377 -1.96025381
v 0.76104609 2.72765289 -1.98894382
v 0.78543447 2.79183681 -2.02568019
v 0.79906593 2.85574707 -2.06862082
v 0.80125695 2.91617895 -2.11561248
v 0.79189765 2.97010214 -2.16429881
v 0.77145735 3.01481271 -2.21223848
v 0.74096101 3.04806869 -2.25702760
v 0.70193784 3.06820248 -2.29642024
v 0.55936377 3.20060029 -2.08683426
v 0.50981829 3.19269070 -2.11078427
v 0.45882430 3.17013964 -2.12577424
v 0.40893888 3.13407791 -2.13105250
v 0.36266347 3.08631381 -2.12635439
v 0.32231853 3.02924241 -2.11191548
v 0.28992712 2.96572553 -2.08845981
v 0.26711347 2.89894816 -2.05716354
v 0.25502157 2.83225879 -2.01959598
v 0.25425774 2.76900152 -1.97764095
v 0.26486029 2.71234832 -1.93340224
v 0.28629756 2.66514002 -1.88909816
v 0.31749460 2.62974385 -1.84695030
v 0.35688706 2.60793472 -1.80907214
v 0.40249964 2.60080622 -1.77736304
v 0.45204513 2.60871581 -1.75341303
v 0.50303911 2.63126687 -1.73842306
v 0.55292454 2.66732860 -1.73314479
v 0.59919994 2.71509271 -1.73784291
v 0.63954488 2.77216410 -1.75228181
v 0.67193630 2.83568098 -1.77573749
v 0.69474994 2.90245836 -1.80703376
v 0.70684185 2.96914772 -1.84460131
v 0.70760568 3.03240499 -1.88655635
v 0.69700313 3.08905819 -1.93079506
v 0.67556586 3.13626649 -1.97509914
v 0.64436881 3.17166266 -2.01724700
v 0.60497635 3.19347179 -2.05512516
v 0.45855598 3.30863901 -1.83711879
v 0.40932539 3.30130743 -1.86191337
v 0.35900408 3.27878692 -1.87896857
v 0.31011536 3.24220675 -1.88742915
v 0.26511072 3.19340122 -1.88687088
v 0.22624689 3.13481762 -1.87732174
v 0.19547265 3.06939359 -1.85926058
v 0.17433115 3.00040976 -1.83359305
v 0.16388252 2.93132527 -1.80160622
v 0.16465069 2.86560431 -1.76490407
v 0.17659715 2.80654238 -1.72532697
v 0.19912286 2.75710112 -1.68485950
v 0.23109826 2.71975971 -1.64553086
v 0.27092000 2.69639060 -1.60931315
v 0.31659124 2.68816561 -1.57802248
v 0.36582182 2.69549720 -1.55322790
v 0.41614314 2.71801770 -1.53617271
v 0.46503185 2.75459787 -1.52771212
v 0.51003649 2.80340341 -1.52827039
v 0.54890033 2.86198700 -1.53781953
v 0.57967457 2.92741103 -1.55588069
v 0.60081606 2.99639486 -1.58154823
v 0.61126469 3.06547935 -1.61353505
v 0.61049652 3.13120032 -1.65023721
v 0.59855006 3.19026224 -1.68981430
v 0.57602436 3.23970350 -1.73028178
v 0.54404895 3.27704492 -1.76961042
v 0.50422721 3.30041403 -1.80582813
v 0.35445980 3.39785396 -1.58093808
v 0.30552550 3.39115085 -1.60651083
v 0.25587966 3.36879867 -1.62560551
v 0.20801175 3.33191823 -1.63726463
v 0.16432205 3.28235889 -1.64090355
v 0.12700135 3.22260576 -1.63633980
v 0.09792107 3.15565510 -1.62380222
v 0.07853941 3.08486410 -1.60391951
v 0.06982825 3.01378252 -1.57768866
v 0.07222441 2.94597469 -1.54642500
v 0.08560773 2.88484077 -1.51169622
v 0.10930711 2.83344627 -1.47524376
v 0.14213418 2.79436833 -1.43889551
v 0.18244284 2.76956648 -1.40447411
v 0.22821184 2.76028439 -1.37370560
v 0.27714615 2.76698749 -1.34813284
v 0.32679199 2.78933968 -1.32903816
v 0.37465990 2.82622011 -1.31737904
v 0.41834960 2.87577945 -1.31374012
v 0.45567030 2.93553259 -1.31830388
v 0.48475058 3.00248325 -1.33084145
v 0.50413224 3.07327424 -1.35072417
v 0.51284339 3.14435582 -1.37695502
v 0.51044724 3.21216366 -1.40821868
v 0.49706392 3.27329758 -1.44294746
v 0.47336453 3.32469208 -1.47939992
v 0.44053747 3.36377002 -1.51574817
v 0.40022881 3.38857187 -1.55016957
v 0.24763382 3.46791068 -1.31996192
v 0.19897539 3.46187978 -1.34624282
v 0.15000387 3.43982975 -1.36734027
v 0.10317487 3.40286625 -1.38219634
v 0.06083661 3.35284279 -1.39006610
v 0.02511210 3.29226777 -1.39055492
v -0.00220728 3.22417865 -1.38363829
v -0.01975163 3.15198972 -1.36966304
v -0.02664120 3.07932083 -1.34932995
v -0.02253052 3.00981590 -1.32365859
v -0.00762570 2.94696020 -1.29393625
v 0.01732584 2.89390558 -1.26165332
v 0.05107296 2.85331241 -1.22842861
v 0.09192341 2.82721621 -1.19592814
v 0.13782879 2.81692555 -1.16578161
v 0.18648721 2.82295644 -1.13950071
v 0.23545874 2.84500648 -1.11840326
v 0.28228773 2.88196997 -1.10354719
v 0.32462599 2.93199343 -1.09567743
v 0.36035050 2.99256846 -1.09518861
v 0.38766989 3.06065757 -1.10210524
v 0.40521424 3.13284650 -1.11608049
v 0.41210380 3.20551539 -1.13641359
v 0.40799312 3.27502032 -1.16208494
v 0.39308831 3.33787602 -1.19180728
v 0.36813676 3.39093064 -1.22409021
v 0.33438965 3.43152381 -1.25731492
v 0.29353920 3.45762001 -1.28981540
v 0.13865237 3.51860806 -1.05587377
v 0.09024790 3.51328612 -1.08278992
v 0.04194567 3.49166733 -1.10584298
v -0.00383226 3.45483572 -1.12387697
v -0.04479038 3.40463820 -1.13598759
v -0.07887489 3.34359188 -1.14156756
v -0.10437663 3.27475787 -1.14033707
v -0.12001686 3.20158780 -1.13235784
v -0.12501131 3.12775073 -1.11802997
v -0.11910952 3.05694915 -1.09807192
v -0.10260745 2.99273334 -1.07348447
v -0.07633257 2.93832336 -1.04550055
v -0.04160241 2.89644756 -1.01552337
v -0.00015850 2.86920575 -0.98505612
v 0.04592100 2.85796396 -0.95562656
v 0.09432546 2.86328589 -0.92871040
v 0.14262770 2.88490469 -0.90565734
v 0.18840562 2.92173629 -0.88762335
v 0.22936375 2.97193381 -0.87551273
v 0.26344825 3.03298014 -0.86993277
v 0.28895000 3.10181414 -0.87116325
v 0.30459023 3.17498421 -0.87914248
v 0.30958467 3.24882129 -0.89347035
v 0.30368289 3.31962287 -0.91342840
v 0.28718081 3.38383867 -0.93801585
v 0.26090593 3.43824865 -0.96599978
v 0.22617578 3.48012446 -0.99597696
v 0.18473187 3.50736627 -1.02644420
v 0.02810133 3.54987842 -0.79035789
v -0.02007240 3.54529501 -0.81783434
v -0.06771406 3.52423107 -0.84278608
v -0.11243471 3.48774283 -0.86396191
v -0.15199186 3.43765998 -0.88029999
v -0.18440196 3.37649387 -0.89098106
v -0.20803982 3.30731163 -0.89546952
v -0.22172014 3.23358234 -0.89354032
v -0.22475694 3.15900310 -0.88529018
v -0.21699793 3.08731362 -0.87113280
v -0.19883220 3.02210871 -0.85177810
v -0.17117063 2.96665803 -0.82819659
v -0.13540031 2.92374209 -0.80157075
v -0.09331489 2.89551288 -0.77323572
v -0.04702473 2.88338594 -0.74461233
v 0.00114900 2.88796935 -0.71713588
v 0.04879066 2.90903329 -0.69218414
v 0.09351131 2.94552152 -0.67100831
v 0.13306846 2.99560438 -0.65467023
v 0.16547855 3.05677049 -0.64398916
v 0.18911641 3.12595273 -0.63950070
v 0.20279674 3.19968202 -0.64142990
v 0.20583353 3.27426126 -0.64968004
v 0.19807453 3.34595074 -0.66383742
v 0.17990879 3.41115565 -0.68319212
v 0.15224723 3.46660633 -0.70677363
v 0.11647690 3.50952227 -0.73339947
v 0.07439149 3.53775148 -0.76173450
v -0.08342627 3.56178647 -0.52508674
v -0.13139350 3.55796384 -0.55304729
v -0.17838684 3.53757223 -0.57983166
v -0.22204986 3.50163417 -0.60409677
v -0.26019311 3.45195174 -0.62462586
v -0.29090393 3.39101624 -0.64038952
v -0.31264235 3.32188320 -0.65059730
v -0.32431831 3.24801927 -0.65473733
v -0.32534634 3.17312828 -0.65260202
v -0.31567487 3.10096558 -0.64429843
v -0.29578890 3.03514970 -0.63024296
v -0.26668556 2.97898094 -0.61114039
v -0.22982424 2.93527583 -0.58794860
v -0.18705331 2.90622592 -0.56183054
v -0.14051748 2.89328790 -0.53409587
v -0.09255026 2.89711054 -0.50613532
v -0.04555691 2.91750215 -0.47935095
v -0.00189389 2.95344021 -0.45508585
v 0.03624936 3.00312263 -0.43455675
v 0.06696018 3.06405814 -0.41879309
v 0.08869859 3.13319117 -0.40858531
v 0.10037456 3.20705511 -0.40444528
v 0.10140258 3.28194610 -0.40658059
v 0.09173112 3.35410880 -0.41488418
v 0.07184514 3.41992467 -0.42893965
v 0.04274181 3.47609343 -0.44804223
v 0.00588049 3.51979854 -0.47123401
v -0.03689044 3.54884845 -0.49735207
v -0.19533460 3.55452720 -0.26170854
v -0.24312030 3.55148025 -0.29007655
v -0.28948090 3.53187170 -0.31861916
v -0.33209168 3.49668481 -0.34590513
v -0.36881598 3.44768399 -0.37056623
v -0.39781226 3.38732635 -0.39136584
v -0.41762655 3.31863848 -0.40726098
v -0.42726527 3.24506466 -0.41745461
v -0.42624509 3.17029420 -0.42143557
v -0.41461718 3.09807640 -0.41900425
v -0.39296459 3.03203257 -0.41028255
v -0.36237309 2.97547441 -0.39570783
v -0.32437666 2.93123799 -0.37601092
v -0.28088059 2.90154151 -0.35217950
v -0.23406597 2.88787408 -0.32540858
v -0.18628028 2.89092103 -0.29704057
v -0.13991968 2.91052957 -0.26849796
v -0.09730889 2.94571647 -0.24121199
v -0.06058460 2.99471728 -0.21655089
v -0.03158831 3.05507492 -0.19575128
v -0.01177402 3.12376280 -0.17985614
v -0.00213530 3.19733662 -0.16966251
v -0.00315548 3.27210708 -0.16568155
v -0.01478340 3.34432487 -0.16811287
v -0.03643598 3.41036871 -0.17683457
v -0.06702748 3.46692687 -0.19140929
v -0.10502392 3.51116328 -0.21110620
v -0.14851998 3.54085976 -0.23493762
v -0.30702935 3.52842275 -0.00183517
v -0.35465896 3.52615908 -0.03053440
v -0.40040550 3.50743703 -0.06075332
v -0.44197504 3.47319541 -0.09097662
v -0.47728312 3.42515124 -0.11968877
v -0.50455924 3.36571365 -0.14545004
v -0.52243566 3.29786308 -0.16696864
v -0.53001599 3.22500186 -0.18316554
v -0.52692012 3.15078354 -0.19322856
v -0.51330327 3.07892974 -0.19665309
v -0.48984827 3.01304352 -0.19326743
v -0.45773124 2.95642867 -0.18324133
v -0.41856267 2.91192412 -0.16707755
v -0.37430662 2.88176149 -0.14558661
v -0.32718229 2.86745328 -0.11984616
v -0.27955269 2.86971695 -0.09114692
v -0.23380615 2.88843900 -0.06092800
v -0.19223661 2.92268062 -0.03070471
v -0.15692853 2.97072479 -0.00199255
v -0.12965241 3.03016239 0.02376871
v -0.11177598 3.09801295 0.04528731
v -0.10419566 3.17087418 0.06148421
v -0.10729153 3.24509249 0.07154723
v -0.12090837 3.31694629 0.07497177
v -0.14436338 3.38283252 0.07158610
v -0.17648040 3.43944736 0.06156000
v -0.21564898 3.48395191 0.04539623
v -0.25990502 3.51411454 0.02390529
v -0.41792204 3.48391827 0.25296945
v -0.46542117 3.48243826 0.22401401
v -0.51057519 3.46469842 0.19220744
v -0.55111988 3.43158829 0.15914465
v -0.58502217 3.38476815 0.12648355
v -0.61058206 3.32658577 0.09586190
v -0.62651786 3.25995864 0.06881520
v -0.63203049 3.18822774 0.04669969
v -0.62684352 3.11498995 0.03062432
v -0.61121704 3.04391771 0.02139519
v -0.58593464 2.97857490 0.01947508
v -0.55226408 2.92223806 0.02496027
v -0.51189375 2.87773216 0.03757571
v -0.46684797 2.84728892 0.05668882
v -0.41938553 2.83243488 0.08134118
v -0.37188640 2.83391489 0.11029662
v -0.32673238 2.85165474 0.14210319
v -0.28618769 2.88476487 0.17516598
v -0.25228540 2.93158500 0.20782708
v -0.22672551 2.98976739 0.23844873
v -0.21078971 3.05639451 0.26549543
v -0.20527708 3.12812541 0.28761094
v -0.21046406 3.20136321 0.30368631
v -0.22609053 3.27243544 0.31291544
v -0.25137293 3.33777826 0.31483555
v -0.28504349 3.39411510 0.30935036
v -0.32541383 3.43862099 0.29673492
v -0.37045960 3.46906424 0.27762181
v -0.52743416 3.42157684 0.50120042
v -0.57482831 3.42087385 0.47206179
v -0.61941395 3.40420377 0.43876206
v -0.65895538 3.37240252 0.40297103
v -0.69146982 3.32706474 0.36648340
v -0.71532686 3.27046386 0.33112881
v -0.72933022 3.20543808 0.29868010
v -0.73277770 3.13524807 0.27076438
v -0.72549644 3.06341344 0.24878145
v -0.70785155 2.99353629 0.23383364
v -0.68072781 2.92912054 0.22667048
v -0.64548532 2.87339627 0.22765118
v -0.60389129 2.82915774 0.23672655
v -0.55803142 2.79862324 0.25344151
v -0.51020532 2.78332389 0.27695792
v -0.46281117 2.78402689 0.30609655
v -0.41822553 2.80069696 0.33939628
v -0.37868410 2.83249821 0.37518731
v -0.34616966 2.87783599 0.41167494
v -0.32231262 2.93443687 0.44702953
v -0.30830926 2.99946265 0.47947824
v -0.30486178 3.06965267 0.50739396
v -0.31214304 3.14148730 0.52937689
v -0.32978793 3.21136445 0.54432470
v -0.35691167 3.27578020 0.55148786
v -0.39215416 3.33150446 0.55050716
v -0.43374819 3.37574300 0.54143179
v -0.47960806 3.40627750 0.52471683
v -0.63500126 3.34207345 0.74142238
v -0.68231551 3.34213407 0.71217076
v -0.72635924 3.32661291 0.67747732
v -0.76492391 3.29628826 0.63908172
v -0.79607574 3.25268072 0.59890928
v -0.81825264 3.19797697 0.55897442
v -0.83034257 3.13492007 0.52127963
v -0.83173928 3.06667196 0.48771509
v -0.82237275 2.99665489 0.45996386
v -0.80271265 2.92837980 0.43941751
v -0.77374481 2.86527029 0.42710632
v -0.73692181 2.81049094 0.42364762
v -0.69409011 2.76678861 0.42921485
v -0.64739746 2.73635472 0.44352883
v -0.59918523 2.72071535 0.46587182
v -0.55187099 2.72065473 0.49512343
v -0.50782726 2.73617589 0.52981688
v -0.46926258 2.76650054 0.56821247
v -0.43811075 2.81010807 0.60838491
v -0.41593385 2.86481183 0.64831978
v -0.40384393 2.92786873 0.68601457
v -0.40244721 2.99611684 0.71957911
v -0.41181374 3.06613391 0.74733033
v -0.43147385 3.13440900 0.76787668
v -0.46044168 3.19751851 0.78018787
v -0.49726468 3.25229786 0.78364657
v -0.54009639 3.29600019 0.77807935
v -0.58678903 3.32643408 0.76376536
v -0.74007681 3.24618820 0.97227916
v -0.78733554 3.24699261 0.94298124
v -0.83086585 3.23269085 0.90699755
v -0.86848494 3.20400009 0.86613248
v -0.89830644 3.16235899 0.82243517
v -0.91883497 3.10985562 0.77809678
v -0.92904114 3.04912270 0.73534063
v -0.92841317 2.98320565 0.69631068
v -0.91698256 2.91540982 0.66296407
v -0.89532247 2.84913477 0.63697293
v -0.86451905 2.78770381 0.61964057
v -0.82611690 2.73419735 0.61183609
v -0.78204166 2.69129843 0.61395086
v -0.73450345 2.66115817 0.62587883
v -0.68588604 2.64528794 0.64702187
v -0.63862731 2.64448353 0.67631980
v -0.59509700 2.65878528 0.71230349
v -0.55747790 2.68747604 0.75316856
v -0.52765641 2.72911714 0.79686587
v -0.50712788 2.78162052 0.84120426
v -0.49692171 2.84235343 0.88396041
v -0.49754968 2.90827049 0.92299036
v -0.50898029 2.97606632 0.95633697
v -0.53064038 3.04234137 0.98232811
v -0.56144380 3.10377232 0.99966047
v -0.59984595 3.15727878 1.00746495
v -0.64392119 3.20017771 1.00535018
v -0.69145940 3.23031796 0.99342221
v -0.84213588 3.13479871 1.19250282
v -0.88936252 3.13632106 1.16322099
v -0.93240963 3.12330043 1.12605365
v -0.96911865 3.09638974 1.08286452
v -0.99764884 3.05693839 1.03581928
v -1.01656957 3.00692466 0.98727698
v -1.02493208 2.94885642 0.93967173
v -1.02231704 2.88564547 0.89539066
v -1.00885558 2.82046147 0.85665420
v -0.98522271 2.75657301 0.82540477
v -0.95260348 2.69718373 0.80320934
v -0.91263356 2.64527166 0.79118088
v -0.86731720 2.60343988 0.78992254
v -0.81892676 2.57378602 0.79949744
v -0.76988873 2.55779703 0.81942544
v -0.72266209 2.55627469 0.84870726
v -0.67961498 2.56929532 0.88587460
v -0.64290596 2.59620601 0.92906374
v -0.61437578 2.63565735 0.97610897
v -0.59545504 2.68567109 1.02465127
v -0.58709253 2.74373933 1.07225652
v -0.58970757 2.80695028 1.11653759
v -0.60316904 2.87213428 1.15527405
v -0.62680191 2.93602274 1.18652348
v -0.65942114 2.99541201 1.20871891
v -0.69939106 3.04732409 1.22074738
v -0.74470742 3.08915587 1.22200571
v -0.79309786 3.11880973 1.21243081
v -0.94067863 3.00887187 1.40092159
v -0.98789534 3.01108076 1.37171336
v -1.03049089 2.99939413 1.33347114
v -1.06632936 2.97439801 1.28811255
v -1.09361367 2.93734580 1.23791207
v -1.11097567 2.89009545 1.18538696
v -1.11754476 2.83501629 1.13317104
v -1.11299152 2.77487023 1.08388264
v -1.09754429 2.71267324 1.03999329
v -1.07197764 2.65154412 1.00370378
v -1.03757360 2.59454817 0.97683382
v -0.99605734 2.54454338 0.96073077
v -0.94951064 2.50403720 0.95620212
v -0.90026756 2.47506080 0.96347496
v -0.85079734 2.45906716 0.98218458
v -0.80358064 2.45685827 1.01139281
v -0.76098509 2.46854489 1.04963503
v -0.72514661 2.49354102 1.09499362
v -0.69786230 2.53059323 1.14519410
v -0.68050030 2.57784358 1.19771921
v -0.67393122 2.63292273 1.24993513
v -0.67848445 2.69306880 1.29922353
v -0.69393169 2.75526579 1.34311288
v -0.71949833 2.81639490 1.37940239
v -0.75390237 2.87339086 1.40627235
v -0.79541864 2.92339565 1.42237540
v -0.84196534 2.96390182 1.42690405
v -0.89120842 2.99287823 1.41963121
v -1.03523348 2.86945492 1.59646715
v -1.08246090 2.87231396 1.56738447
v -1.12463763 2.86200542 1.52817743
v -1.15964874 2.83904620 1.48081202
v -1.18573865 2.80458758 1.42766336
v -1.20159908 2.76035746 1.37139653
v -1.20643474 2.70857372 1.31483299
v -1.20000314 2.65183302 1.26080907
v -1.18262679 2.59298056 1.21203375
v -1.15517701 2.53496747 1.17095284
v -1.11903024 2.48070274 1.13962630
v -1.07599905 2.43290746 1.11962498
v -1.02824119 2.39397827 1.11195182
v -0.97815144 2.36586724 1.11699159
v -0.92824151 2.34998397 1.13449157
v -0.88101409 2.34712493 1.16357425
v -0.83883737 2.35743348 1.20278129
v -0.80382625 2.38039269 1.25014670
v -0.77773635 2.41485131 1.30329536
v -0.76187591 2.45908143 1.35956219
v -0.75704026 2.51086517 1.41612573
v -0.76347186 2.56760587 1.47014965
v -0.78084821 2.62645833 1.51892497
v -0.80829799 2.68447143 1.56000588
v -0.84444475 2.73873615 1.59133242
v -0.88747594 2.78653143 1.61133374
v -0.93523380 2.82546063 1.61900690
v -0.98532355 2.85357166 1.61396713
v -1.12536004 2.71766611 1.77818067
v -1.17261707 2.72113451 1.74926943
v -1.21440849 2.71223943 1.70920801
v -1.24863872 2.69142693 1.66000527
v -1.27359132 2.65974060 1.60412842
v -1.28801504 2.61876936 1.54437937
v -1.29118663 2.57056765 1.48375419
v -1.28294705 2.51755253 1.42529288
v -1.26370947 2.46238238 1.37192692
v -1.23443854 2.40782367 1.32633232
v -1.19660203 2.35661220 1.29079538
v -1.15209721 2.31131592 1.26709806
v -1.10315575 2.27420619 1.25642865
v -1.05223177 2.24714384 1.25932216
v -1.00187881 2.23148589 1.27563349
v -0.95462179 2.22801749 1.30454473
v -0.91283037 2.23691256 1.34460615
v -0.87860014 2.25772507 1.39380890
v -0.85364754 2.28941139 1.44968574
v -0.83922382 2.33038263 1.50943479
v -0.83605223 2.37858434 1.57005997
v -0.84429180 2.43159947 1.62852129
v -0.86352938 2.48676962 1.68188724
v -0.89280032 2.54132833 1.72748184
v -0.93063683 2.59253980 1.76301879
v -0.97514165 2.63783607 1.78671611
v -1.02408311 2.67494580 1.79738552
v -1.07500709 2.70200815 1.79449201
v -1.21065174 2.55468485 1.94521807
v -1.25795527 2.55871809 1.91651758
v -1.29939538 2.55126339 1.87571176
v -1.33289411 2.53269457 1.82484678
v -1.35677168 2.50394275 1.76647321
v -1.36983077 2.46644967 1.70351816
v -1.37141655 2.42209537 1.63913845
v -1.36144950 2.37310398 1.57656235
v -1.34042940 2.32193213 1.51892769
v -1.30941030 2.27114578 1.46912451
v -1.26994762 2.22329158 1.42965015
v -1.22402018 2.18076914 1.40248402
v -1.17393098 2.14571070 1.38898834
v -1.12219171 2.11987425 1.38983984
v -1.07139677 2.10455533 1.40499582
v -1.02409325 2.10052209 1.43369631
v -0.98265313 2.10797679 1.47450213
v -0.94915441 2.12654561 1.52536712
v -0.92527684 2.15529743 1.58374069
v -0.91221774 2.19279052 1.64669574
v -0.91063197 2.23714481 1.71107545
v -0.92059902 2.28613620 1.77365155
v -0.94161911 2.33730805 1.83128621
v -0.97263821 2.38809440 1.88108939
v -1.01210089 2.43594860 1.92056375
v -1.05802833 2.47847104 1.94772988
v -1.10811753 2.51352948 1.96122556
v -1.15985681 2.53936593 1.96037406
v -1.29073813 2.38174164 2.09685403
v -1.33810285 2.38629215 2.06839665
v -1.37922579 2.38029651 2.02695509
v -1.41204489 2.36405538 1.97460739
v -1.43491446 2.33838315 1.91397850
v -1.44668771 2.30456714 1.84810859
v -1.44677430 2.26430301 1.78030066
v -1.43516987 2.21960979 1.71395489
v -1.41245633 2.17272857 1.65239812
v -1.37977262 2.12601018 1.59871707
v -1.33875764 2.08179727 1.55560353
v -1.29146806 2.04230686 1.52521940
v -1.24027516 2.00951917 1.50908826
v -1.18774599 1.98507830 1.50801899
v -1.13651456 1.97020983 1.52206522
v -1.08914984 1.96565932 1.55052260
v -1.04802689 1.97165496 1.59196416
v -1.01520779 1.98789609 1.64431186
v -0.99233823 2.01356832 1.70494075
v -0.98056497 2.04738433 1.77081066
v -0.98047839 2.08764846 1.83861858
v -0.99208282 2.13234168 1.90496436
v -1.01479636 2.17922290 1.96652113
v -1.04748007 2.22594129 2.02020218
v -1.08849505 2.27015420 2.06331572
v -1.13578463 2.30964461 2.09369985
v -1.18697752 2.34243230 2.10983099
v -1.23950670 2.36687316 2.11090026
v -1.36528681 2.20010760 2.23248509
v -1.41272503 2.20512556 2.20429587
v -1.45356480 2.20059981 2.16232513
v -1.48575826 2.18675730 2.10867748
v -1.50769108 2.16429215 2.04604301
v -1.51826347 2.13433085 1.97756250
v -1.51694528 2.09837579 1.90666983
v -1.50380261 2.05822990 1.83691986
v -1.47949449 2.01590628 1.77181014
v -1.44523982 1.97352719 1.71460556
v -1.40275629 1.93321771 1.66817458
v -1.35417419 1.89699912 1.63484545
v -1.30192963 1.86668758 1.61628942
v -1.24864237 1.84380302 1.61343699
v -1.19698446 1.82949298 1.62643117
v -1.14954625 1.82447503 1.65462039
v -1.10870647 1.82900077 1.69659113
v -1.07651301 1.84284328 1.75023878
v -1.05458019 1.86530844 1.81287325
v -1.04400780 1.89526974 1.88135376
v -1.04532599 1.93122480 1.95224643
v -1.05846866 1.97137068 2.02199640
v -1.08277678 2.01369431 2.08710612
v -1.11703145 2.05607339 2.14431070
v -1.15951498 2.09638287 2.19074168
v -1.20809708 2.13260146 2.22407082
v -1.26034164 2.16291300 2.24262684
v -1.31362890 2.18579756 2.24547927
v -1.43400510 2.01108406 2.35163156
v -1.48152656 2.01651816 2.32372802
v -1.52211672 2.01346568 2.28133186
v -1.55374021 2.00207969 2.22656902
v -1.57481129 1.98293113 2.16218553
v -1.58427339 1.95698019 2.09140984
v -1.58165202 1.92552816 2.01779094
v -1.56707864 1.89015218 1.94502039
v -1.54128402 1.85262614 1.87674722
v -1.50556160 1.81483175 1.81639492
v -1.46170265 1.77866419 1.76698981
v -1.41190646 1.74593705 1.73100927
v -1.35867000 1.71829139 1.71025751
v -1.30466277 1.69711350 1.70577512
v -1.25259293 1.68346532 1.71778685
v -1.20507147 1.67803123 1.74569039
v -1.16448132 1.68108371 1.78808654
v -1.13285783 1.69246970 1.84284938
v -1.11178674 1.71161826 1.90723288
v -1.10232464 1.73756919 1.97800857
v -1.10494601 1.76902122 2.05162747
v -1.11951939 1.80439721 2.12439801
v -1.14531402 1.84192325 2.19267118
v -1.18103644 1.87971764 2.25302348
v -1.22489538 1.91588520 2.30242859
v -1.27469158 1.94861234 2.33840913
v -1.32792804 1.97625799 2.35916089
v -1.38193526 1.99743588 2.36364329
v -1.49664128 1.81599198 2.45393843
v -1.54425303 1.82179024 2.42633040
v -1.58462639 1.82020745 2.38360908
v -1.61573686 1.81132298 2.32791669
v -1.63602443 1.79558233 2.26204589
v -1.64447181 1.77377480 2.18929971
v -1.64065540 1.74699391 2.11332594
v -1.62476657 1.71658257 2.03793423
v -1.59760207 1.68406574 1.96690503
v -1.56052402 1.65107393 1.90380005
v -1.51539168 1.61926150 1.85178363
v -1.46446817 1.59022365 1.81346409
v -1.41030701 1.56541647 1.79076294
v -1.35562406 1.54608388 1.78481850
v -1.30316136 1.53319532 1.79592885
v -1.25554961 1.52739705 1.82353688
v -1.21517625 1.52897984 1.86625820
v -1.18406578 1.53786431 1.92195058
v -1.16377821 1.55360496 1.98782139
v -1.15533084 1.57541249 2.06056757
v -1.15914725 1.60219338 2.13654134
v -1.17503607 1.63260472 2.21193305
v -1.20220058 1.66512156 2.28296225
v -1.23927863 1.69811336 2.34606723
v -1.28441097 1.72992580 2.39808365
v -1.33533448 1.75896364 2.43640319
v -1.38949564 1.78377083 2.45910434
v -1.44417858 1.80310341 2.46504878
v -1.55298546 1.61616143 2.53917517
v -1.60069175 1.62227207 2.51186476
v -1.64088014 1.62214899 2.46891442
v -1.67153541 1.61579835 2.41247787
v -1.69112038 1.60353860 2.34538508
v -1.69865298 1.58598449 2.27100034
v -1.69375550 1.56401627 2.19305363
v -1.67667350 1.53873550 2.11545352
v -1.64826356 1.51140987 2.04209119
v -1.60995027 1.48340961 1.97664536
v -1.56365482 1.45613876 1.92239773
v -1.51169864 1.43096480 1.88206852
v -1.45668706 1.40915005 1.85768000
v -1.40137856 1.39178841 1.85045511
v -1.34854656 1.37975044 1.86075614
v -1.30084027 1.37363979 1.88806656
v -1.26065188 1.37376287 1.93101689
v -1.22999661 1.38011351 1.98745344
v -1.21041164 1.39237326 2.05454624
v -1.20287904 1.40992737 2.12893097
v -1.20777653 1.43189560 2.20687768
v -1.22485852 1.45717637 2.28447780
v -1.25326846 1.48450199 2.35784012
v -1.29158175 1.51250225 2.42328595
v -1.33787721 1.53977310 2.47753358
v -1.38983338 1.56494706 2.51786279
v -1.44484497 1.58676181 2.54225131
v -1.50015346 1.60412346 2.54947620
v -1.60287016 1.41292131 2.60723450
v -1.65067235 1.41929360 2.58021612
v -1.69070636 1.42061443 2.53712829
v -1.72096473 1.41681757 2.48013162
v -1.73993016 1.40809341 2.41208416
v -1.74665166 1.39487941 2.33639808
v -1.74079217 1.37783819 2.25686862
v -1.72264553 1.35782426 2.17748370
v -1.69312167 1.33584120 2.10222402
v -1.65370104 1.31299133 2.03486342
v -1.60636037 1.29042044 1.97877963
v -1.55347351 1.26926033 1.93678493
v -1.49769243 1.25057206 1.91098511
v -1.44181422 1.23529274 1.90267388
v -1.38864085 1.22418852 1.91226800
v -1.34083866 1.21781624 1.93928638
v -1.30080465 1.21649541 1.98237421
v -1.27054628 1.22029227 2.03937088
v -1.25158085 1.22901643 2.10741835
v -1.24485935 1.24223042 2.18310442
v -1.25071884 1.25927165 2.26263388
v -1.26886548 1.27928558 2.34201880
v -1.29838934 1.30126864 2.41727848
v -1.33780996 1.32411851 2.48463909
v -1.38515064 1.34668940 2.54072288
v -1.43803750 1.36784950 2.58271758
v -1.49381858 1.38653777 2.60851740
v -1.54969679 1.40181710 2.61682863
v -1.64617044 1.20758926 2.65813018
v -1.69406697 1.21417434 2.63139069
v -1.73397574 1.21691812 2.58825181
v -1.76389556 1.21568303 2.53087668
v -1.78232613 1.21053098 2.46214234
v -1.78834326 1.20172034 2.38549542
v -1.78164522 1.18969289 2.30477931
v -1.76256789 1.17505175 2.22404145
v -1.73206788 1.15853108 2.14733038
v -1.69167459 1.14095931 2.07849271
v -1.64341350 1.12321754 2.02098025
v -1.58970464 1.10619544 1.97767692
v -1.53324118 1.09074655 1.95075412
v -1.47685444 1.07764555 1.94156187
v -1.42337188 1.06754938 1.95056112
v -1.37547536 1.06096430 1.97730060
v -1.33556658 1.05822052 2.02043949
v -1.30564676 1.05945561 2.07781461
v -1.28721619 1.06460766 2.14654895
v -1.28119907 1.07341830 2.22319588
v -1.28789710 1.08544575 2.30391199
v -1.30697443 1.10008689 2.38464985
v -1.33747445 1.11660755 2.46136092
v -1.37786774 1.13417933 2.53019859
v -1.42612882 1.15192109 2.58771104
v -1.47983769 1.16894320 2.63101438
v -1.53630115 1.18439209 2.65793718
v -1.59268789 1.19749309 2.66712943
v -1.68280379 1.00146185 2.69199371
v -1.73079015 1.00821362 2.66551272
v -1.77060115 1.01235493 2.62240377
v -1.80024049 1.01367810 2.56482852
v -1.81822194 1.01211679 2.49567405
v -1.82364382 1.00774928 2.41840805
v -1.81623427 1.00079460 2.33690495
v -1.79636483 0.99160146 2.25525166
v -1.76503183 0.98063085 2.17754262
v -1.72380645 0.96843289 2.10767449
v -1.67475590 0.95561923 2.04915074
v -1.62033977 0.94283240 2.00490600
v -1.56328671 0.93071359 1.97715888
v -1.50645762 0.91987049 1.96730075
v -1.45270213 0.91084680 1.97582592
v -1.40471576 0.90409503 2.00230692
v -1.36490476 0.89995372 2.04541587
v -1.33526542 0.89863055 2.10299111
v -1.31728398 0.90019186 2.17214558
v -1.31186209 0.90455936 2.24941158
v -1.31927164 0.91151405 2.33091468
v -1.33914108 0.92070719 2.41256797
v -1.37047408 0.93167780 2.49027701
v -1.41169946 0.94387576 2.56014514
v -1.46075002 0.95668942 2.61866890
v -1.51516615 0.96947624 2.66291364
v -1.57221920 0.98159506 2.69066075
v -1.62904829 0.99243816 2.70051889
v -1.71272951 0.79580527 2.70907030
v -1.76079830 0.80268124 2.68282045
v -1.80053715 0.80819086 2.63981670
v -1.82995341 0.81205789 2.58221546
v -1.84757202 0.81408839 2.51290509
v -1.85250950 0.81418056 2.43536110
v -1.84451828 0.81232978 2.35347187
v -1.82399906 0.80862884 2.27134367
v -1.79198077 0.80326334 2.19309475
v -1.75006893 0.79650231 2.12264883
v -1.70036518 0.78868479 2.06353837
v -1.64536187 0.78020278 2.01872742
v -1.58781710 0.77148160 1.99046298
v -1.53061641 0.76295857 1.98016235
v -1.47662807 0.75506106 1.98834204
v -1.42855929 0.74818510 2.01459190
v -1.38882043 0.74267547 2.05759564
v -1.35940417 0.73880845 2.11519688
v -1.34178556 0.73677795 2.18450725
v -1.33684808 0.73668578 2.26205124
v -1.34483930 0.73853656 2.34394047
v -1.36535852 0.74223750 2.42606868
v -1.39737681 0.74760300 2.50431760
v -1.43928865 0.75436403 2.57476351
v -1.48899240 0.76218155 2.63387397
v -1.54399571 0.77066356 2.67868493
v -1.60154048 0.77938474 2.70694937
v -1.65874117 0.78790777 2.71725000
v -1.73594795 0.59184651 2.70971377
v -1.78408888 0.59880854 2.68366124
v -1.82377925 0.60565427 2.64083208
v -1.85302882 0.61204042 2.58337393
v -1.87037089 0.61764677 2.51416798
v -1.87493585 0.62219220 2.43668451
v -1.86649480 0.62544876 2.35480885
v -1.84547101 0.62725318 2.27264660
v -1.81291869 0.62751495 2.19431772
v -1.77047017 0.62622097 2.12374994
v -1.72025398 0.62343611 2.06448182
v -1.66478818 0.61930003 2.01948533
v -1.60685405 0.61402011 1.99101676
v -1.54935665 0.60786112 1.98050365
v -1.49517913 0.60113189 1.98847318
v -1.44703820 0.59416986 2.01452571
v -1.40734783 0.58732413 2.05735487
v -1.37809826 0.58093797 2.11481302
v -1.36075620 0.57533162 2.18401897
v -1.35619124 0.57078620 2.26150244
v -1.36463229 0.56752963 2.34337810
v -1.38565608 0.56572522 2.42554035
v -1.41820839 0.56546344 2.50386923
v -1.46065691 0.56675742 2.57443701
v -1.51087310 0.56954228 2.63370513
v -1.56633890 0.57367837 2.67870162
v -1.62427303 0.57895829 2.70717019
v -1.68177044 0.58511728 2.71768330
v -1.75249925 0.39076497 2.69438080
v -1.80069931 0.39778012 2.66848587
v -1.84036276 0.40592745 2.62589469
v -1.86950069 0.41479841 2.56874296
v -1.88665201 0.42394817 2.49989651
v -1.89095669 0.43291794 2.42280758
v -1.88219886 0.44125792 2.34134174
v -1.86081769 0.44854992 2.25958402
v -1.82788530 0.45442828 2.18163411
v -1.78505308 0.45859824 2.11140072
v -1.73446880 0.46085071 2.05240566
v -1.67866898 0.46107272 2.00760718
v -1.62045164 0.45925315 1.97925168
v -1.56273606 0.45548325 1.96876100
v -1.50841633 0.44995204 1.97666121
v -1.46021626 0.44293689 2.00255614
v -1.42055281 0.43478956 2.04514732
v -1.39141488 0.42591860 2.10229905
v -1.37426356 0.41676884 2.17114550
v -1.36995888 0.40779907 2.24823443
v -1.37871671 0.39945909 2.32970027
v -1.40009788 0.39216709 2.41145798
v -1.43303027 0.38628873 2.48940790
v -1.47586249 0.38211877 2.55964129
v -1.52644677 0.37986630 2.61863635
v -1.58224659 0.37964429 2.66343482
v -1.64046393 0.38146386 2.69179033
v -1.69817951 0.38523376 2.70228100
v -1.76246190 0.19368490 2.66362434
v -1.81070545 0.20072610 2.63784204
v -1.85036136 0.21013898 2.59554627
v -1.87944110 0.22145154 2.53885791
v -1.89648650 0.23409650 2.47061954
v -1.90064283 0.24743981 2.39425294
v -1.89170167 0.26081238 2.31358743
v -1.87011137 0.27354364 2.23266792
v -1.83695456 0.28499520 2.15555206
v -1.79389386 0.29459283 2.08610676
v -1.74308851 0.30185527 2.02781429
v -1.68708611 0.30641834 1.98359768
v -1.62869485 0.30805324 1.95567414
v -1.57084270 0.30667798 1.94544387
v -1.51643063 0.30236152 1.95341985
v -1.46818707 0.29532032 1.97920215
v -1.42853117 0.28590744 2.02149792
v -1.39945142 0.27459488 2.07818628
v -1.38240603 0.26194992 2.14642465
v -1.37824970 0.24860660 2.22279125
v -1.38719086 0.23523404 2.30345676
v -1.40878115 0.22250278 2.38437627
v -1.44193796 0.21105122 2.46149213
v -1.48499866 0.20145358 2.53093743
v -1.53580401 0.19419115 2.58922990
v -1.59180641 0.18962808 2.63344651
v -1.65019768 0.18799318 2.66137005
v -1.70804982 0.18936844 2.67160033
v -1.76595098 0.00166834 2.61808646
v -1.81421994 0.00871508 2.59236735
v -1.85388547 0.01935667 2.55041856
v -1.88295857 0.03305950 2.49434358
v -1.89998141 0.04913645 2.42695425
v -1.90410037 0.06678136 2.35162975
v -1.89510893 0.08510944 2.27214716
v -1.87345794 0.10320163 2.19249207
v -1.84023309 0.12015072 2.11665873
v -1.79710039 0.13510682 2.04844972
v -1.74622272 0.14731997 1.99128534
v -1.69015127 0.15617773 1.94803204
v -1.63169772 0.16123596 1.92085873
v -1.57379317 0.16224100 1.91112799
v -1.51934118 0.15914247 1.91932777
v -1.47107223 0.15209573 1.94504688
v -1.43140669 0.14145414 1.98699566
v -1.40233359 0.12775131 2.04307064
v -1.38531076 0.11167435 2.11045997
v -1.38119179 0.09402945 2.18578447
v -1.39018323 0.07570137 2.26526706
v -1.41183422 0.05760918 2.34492215
v -1.44505908 0.04066009 2.42075550
v -1.48819177 0.02570399 2.48896450
v -1.53906945 0.01349084 2.54612888
v -1.59514089 0.00463308 2.58938218
v -1.65359444 -0.00042515 2.61655549
v -1.71149899 -0.00143019 2.62628623
v -1.76311613 -0.18429107 2.55849054
v -1.81139016 -0.17725218 2.53278153
v -1.85108025 -0.16541881 2.49122567
v -1.88019615 -0.14938432 2.43590676
v -1.89727788 -0.12995276 2.36959870
v -1.90146889 -0.10809850 2.29562647
v -1.89255902 -0.08491742 2.21769933
v -1.87099505 -0.06157189 2.13972490
v -1.83785829 -0.03923257 2.06561311
v -1.79481035 -0.01901965 1.99908026
v -1.74400984 -0.00194668 1.94346258
v -1.68800411 0.01113023 1.90154896
v -1.62960151 0.01955534 1.87544113
v -1.57173060 0.02290619 1.86644826
v -1.51729327 0.02101474 1.87502127
v -1.46901924 0.01397586 1.90073028
v -1.42932915 0.00214248 1.94228614
v -1.40021325 -0.01389200 1.99760506
v -1.38313152 -0.03332356 2.06391311
v -1.37894051 -0.05517782 2.13788535
v -1.38785038 -0.07835891 2.21581248
v -1.40941435 -0.10170443 2.29378692
v -1.44255112 -0.12404375 2.36789870
v -1.48559905 -0.14425667 2.43443155
v -1.53639956 -0.16132964 2.49004924
v -1.59240530 -0.17440655 2.53196285
v -1.65080789 -0.18283166 2.55807068
v -1.70867880 -0.18618251 2.56706356
v -1.75413930 -0.36327361 2.48563307
v -1.80239609 -0.35624832 2.45987836
v -1.84212344 -0.34325950 2.41875605
v -1.87132926 -0.32495846 2.36432817
v -1.88854903 -0.30226290 2.29932397
v -1.89291929 -0.27631086 2.22700302
v -1.88422090 -0.24840369 2.15099181
v -1.86289002 -0.21994078 2.07510186
v -1.82999629 -0.19234936 2.00313860
v -1.78718912 -0.16701299 1.93871057
v -1.73661505 -0.14520214 1.88504846
v -1.68081007 -0.12801050 1.84484311
v -1.62257248 -0.11630012 1.82011059
v -1.56482256 -0.11065822 1.81209109
v -1.51045612 -0.11136771 1.82118674
v -1.46219932 -0.11839300 1.84694145
v -1.42247197 -0.13138182 1.88806377
v -1.39326616 -0.14968285 1.94249165
v -1.37604638 -0.17237842 2.00749585
v -1.37167612 -0.19833045 2.07981679
v -1.38037452 -0.22623762 2.15582800
v -1.40170539 -0.25470054 2.23171796
v -1.43459913 -0.28229196 2.30368122
v -1.47740629 -0.30762833 2.36810925
v -1.52798036 -0.32943918 2.42177136
v -1.58378534 -0.34663082 2.46197671
v -1.64202293 -0.35834120 2.48670923
v -1.69977286 -0.36398309 2.49472873
v -1.73923229 -0.53443812 2.40037494
v -1.78744781 -0.52742412 2.37451705
v -1.82722298 -0.51331495 2.33386395
v -1.85656333 -0.49281813 2.28045418
v -1.87399760 -0.46696143 2.21696591
v -1.87865156 -0.43704142 2.14658271
v -1.87029184 -0.40455842 2.07283390
v -1.84933765 -0.37114126 1.99941754
v -1.81683970 -0.33846562 1.93001504
v -1.77442758 -0.30816998 1.86810653
v -1.72422801 -0.28177350 1.81679636
v -1.66875821 -0.26059982 1.77865744
v -1.61079966 -0.24571065 1.75560220
v -1.55325865 -0.23785262 1.74878675
v -1.49902053 -0.23741975 1.75855282
v -1.45080501 -0.24443376 1.78441072
v -1.41102984 -0.25854292 1.82506381
v -1.38168949 -0.27903975 1.87847359
v -1.36425523 -0.30489645 1.94196186
v -1.35960126 -0.33481645 2.01234505
v -1.36796098 -0.36729945 2.08609386
v -1.38891517 -0.40071661 2.15951022
v -1.42141312 -0.43339226 2.22891272
v -1.46382524 -0.46368789 2.29082123
v -1.51402481 -0.49008437 2.34213140
v -1.56949461 -0.51125806 2.38027033
v -1.62745316 -0.52614722 2.40332556
v -1.68499417 -0.53400525 2.41014102
v -1.71863414 -0.69702583 2.30363252
v -1.76678293 -0.69001245 2.27761332
v -1.80661442 -0.67481623 2.23746068
v -1.83613130 -0.65219920 2.18518804
v -1.85385346 -0.62329546 2.12341656
v -1.85889226 -0.58955436 2.05524372
v -1.85099501 -0.55266782 1.98408799
v -1.83055772 -0.51448550 1.91351741
v -1.79860520 -0.47692200 1.84707070
v -1.75673968 -0.44186093 1.78807976
v -1.70706048 -0.41106038 1.73950265
v -1.65205871 -0.38606484 1.70377522
v -1.59449240 -0.36812767 1.68268901
v -1.53724817 -0.35814832 1.67730135
v -1.48319646 -0.35662721 1.68788242
v -1.43504768 -0.36364059 1.71390162
v -1.39521618 -0.37883680 1.75405425
v -1.36569931 -0.40145384 1.80632690
v -1.34797714 -0.43035758 1.86809838
v -1.34293835 -0.46409868 1.93627122
v -1.35083560 -0.50098521 2.00742695
v -1.37127289 -0.53916754 2.07799753
v -1.40322541 -0.57673103 2.14444424
v -1.44509092 -0.61179211 2.20343518
v -1.49477013 -0.64259265 2.25201229
v -1.54977189 -0.66758820 2.28773971
v -1.60733820 -0.68552537 2.30882593
v -1.66458244 -0.69550472 2.31421359
v -1.69260829 -0.85036336 2.19636849
v -1.74066383 -0.84333136 2.17013035
v -1.78055819 -0.82707906 2.13050554
v -1.81029089 -0.80242143 2.07948099
v -1.82837101 -0.77059490 2.01961531
v -1.83389193 -0.73319540 1.95391041
v -1.82657683 -0.69209828 1.88566100
v -1.80679250 -0.64936432 1.81828939
v -1.77553101 -0.60713640 1.75517388
v -1.73435995 -0.56753198 1.69947934
v -1.68534381 -0.53253701 1.65399853
v -1.63094045 -0.50390627 1.62101205
v -1.57387790 -0.48307543 1.60217398
v -1.51701750 -0.47108904 1.59842893
v -1.46321047 -0.46854814 1.60996470
v -1.41515493 -0.47558015 1.63620284
v -1.37526057 -0.49183244 1.67582766
v -1.34552787 -0.51649007 1.72685220
v -1.32744775 -0.54831660 1.78671788
v -1.32192682 -0.58571611 1.85242278
v -1.32924193 -0.62681323 1.92067220
v -1.34902626 -0.66954718 1.98804380
v -1.38028775 -0.71177511 2.05115932
v -1.42145881 -0.75137952 2.10685385
v -1.47047495 -0.78637450 2.15233466
v -1.52487831 -0.81500524 2.18532114
v -1.58194086 -0.83583607 2.20415922
v -1.63880126 -0.84782247 2.20790426
v -1.66143974 -0.99386484 2.07958256
v -1.70937482 -0.98678634 2.05306951
v -1.74933680 -0.96950615 2.01399663
v -1.77932182 -0.94289077 1.96432317
v -1.79782632 -0.90827480 1.90653998
v -1.80392239 -0.86739404 1.84354455
v -1.79730436 -0.82229842 1.77849573
v -1.77830408 -0.77524922 1.71465534
v -1.74787430 -0.72860569 1.65522460
v -1.70754091 -0.68470671 1.60318363
v -1.65932637 -0.64575358 1.56114196
v -1.60564838 -0.61369957 1.53120775
v -1.54919858 -0.59015199 1.51488203
v -1.49280758 -0.57629163 1.51298342
v -1.43930307 -0.57281349 1.52560714
v -1.39136800 -0.57989199 1.55212019
v -1.35140601 -0.59717218 1.59119308
v -1.32142099 -0.62378756 1.64086653
v -1.30291649 -0.65840353 1.69864972
v -1.29682042 -0.69928428 1.76164515
v -1.30343845 -0.74437991 1.82669397
v -1.32243873 -0.79142911 1.89053436
v -1.35286851 -0.83807264 1.94996510
v -1.39320191 -0.88197162 2.00200608
v -1.44141644 -0.92092475 2.04404774
v -1.49509443 -0.95297876 2.07398195
v -1.55154424 -0.97652634 2.09030767
v -1.60793523 -0.99038670 2.09220628
v -1.62543202 -1.12703315 1.95430213
v -1.67321908 -1.11987170 1.92746106
v -1.71325185 -1.10158869 1.88896167
v -1.74352292 -1.07310090 1.84073446
v -1.76251436 -1.03583683 1.78519776
v -1.76927387 -0.99166506 1.72513641
v -1.76346249 -0.94280054 1.66356213
v -1.74537164 -0.89169356 1.60356252
v -1.71590846 -0.84090681 1.54814621
v -1.67655036 -0.79298697 1.50009199
v -1.62927093 -0.75033693 1.46180952
v -1.57644094 -0.71509535 1.43521843
v -1.52070952 -0.68902938 1.42165212
v -1.46487127 -0.67344608 1.42179085
v -1.41172615 -0.66912687 1.43562766
v -1.36393909 -0.67628832 1.46246873
v -1.32390632 -0.69457134 1.50096813
v -1.29363525 -0.72305913 1.54919533
v -1.27464381 -0.76032319 1.60473203
v -1.26788431 -0.80449496 1.66479338
v -1.27369568 -0.85335948 1.72636766
v -1.29178653 -0.90446647 1.78636727
v -1.32124971 -0.95525321 1.84178359
v -1.36060781 -1.00317305 1.88983780
v -1.40788724 -1.04582309 1.92812027
v -1.46071723 -1.08106468 1.95471136
v -1.51644865 -1.10713064 1.96827768
v -1.57228690 -1.12271394 1.96813895
v -1.58490417 -1.24946043 1.82157311
v -1.63251576 -1.24217117 1.79435494
v -1.67262109 -1.22290701 1.75644879
v -1.70320912 -1.19263395 1.70975544
v -1.72274602 -1.15287001 1.65661629
v -1.73025215 -1.10560912 1.59969595
v -1.72535111 -1.05322112 1.54184865
v -1.70828865 -0.99833299 1.48597510
v -1.67992037 -0.94369703 1.43487702
v -1.64166877 -0.89205293 1.39111669
v -1.59545194 -0.84599033 1.35688844
v -1.54358738 -0.80781900 1.33390860
v -1.48867581 -0.77945302 1.32332950
v -1.43347071 -0.76231477 1.32568160
v -1.38074030 -0.75726364 1.34084696
v -1.33312871 -0.76455291 1.36806513
v -1.29302338 -0.78381706 1.40597128
v -1.26243535 -0.81409012 1.45266463
v -1.24289845 -0.85385406 1.50580378
v -1.23539232 -0.90111496 1.56272412
v -1.24029336 -0.95350295 1.62057142
v -1.25735581 -1.00839108 1.67644497
v -1.28572410 -1.06302704 1.72754305
v -1.32397570 -1.11467114 1.77130338
v -1.37019253 -1.16073374 1.80553163
v -1.42205709 -1.19890507 1.82851147
v -1.47696866 -1.22727105 1.83909057
v -1.53217376 -1.24440930 1.83673847
v -1.54018764 -1.36082761 1.68245075
v -1.58759680 -1.35335759 1.65481163
v -1.62777533 -1.33313044 1.61751746
v -1.65870850 -1.30116042 1.57243834
v -1.67884520 -1.25905065 1.52183471
v -1.68717570 -1.20891269 1.46824406
v -1.68328226 -1.15326066 1.41435365
v -1.66736012 -1.09488520 1.36286575
v -1.64020768 -1.03671349 1.31636220
v -1.60318648 -0.98166249 1.27717487
v -1.55815291 -0.93249271 1.24726879
v -1.50736515 -0.89166972 1.22814356
v -1.45336991 -0.86124054 1.22075820
v -1.39887474 -0.84273104 1.22548306
v -1.34661224 -0.83706935 1.24208119
v -1.29920308 -0.84453937 1.26972031
v -1.25902456 -0.86476653 1.30701448
v -1.22809138 -0.89673654 1.35209360
v -1.20795468 -0.93884631 1.40269723
v -1.19962418 -0.98898427 1.45628788
v -1.20351762 -1.04463630 1.51017829
v -1.21943976 -1.10301176 1.56166619
v -1.24659220 -1.16118347 1.60816974
v -1.28361340 -1.21623447 1.64735707
v -1.32864697 -1.26540425 1.67726315
v -1.37943473 -1.30622724 1.69638838
v -1.43342997 -1.33665642 1.70377374
v -1.48792515 -1.35516592 1.69904888
v -1.49162328 -1.46090325 1.53799085
v -1.53880397 -1.45319193 1.50989332
v -1.57905543 -1.43201632 1.47322965
v -1.61035928 -1.39843825 1.42983830
v -1.63114581 -1.35414147 1.38189509
v -1.64037270 -1.30134720 1.33180409
v -1.63757728 -1.24270276 1.28207708
v -1.62289972 -1.18114884 1.23520758
v -1.59707602 -1.11977200 1.19354581
v -1.56140108 -1.06164994 1.15918088
v -1.51766379 -1.00969713 1.13383599
v -1.46805732 -0.96651872 1.11878203
v -1.41506915 -0.93427984 1.11477387
v -1.36135633 -0.91459708 1.12201250
v -1.30961225 -0.90845743 1.14013494
v -1.26243155 -0.91616875 1.16823247
v -1.22218010 -0.93734436 1.20489614
v -1.19087625 -0.97092243 1.24828749
v -1.17008972 -1.01521922 1.29623070
v -1.16086282 -1.06801349 1.34632170
v -1.16365824 -1.12665793 1.39604871
v -1.17833580 -1.18821185 1.44291821
v -1.20415951 -1.24958869 1.48457998
v -1.23983445 -1.30771075 1.51894491
v -1.28357174 -1.35966355 1.54428980
v -1.33317820 -1.40284197 1.55934376
v -1.38616637 -1.43508085 1.56335192
v -1.43987919 -1.45476360 1.55611329
v -1.43955825 -1.54954158 1.38924119
v -1.48648579 -1.54152142 1.36065533
v -1.52680931 -1.51940837 1.32464124
v -1.55850681 -1.48431127 1.28300482
v -1.57998885 -1.43799003 1.23783389
v -1.59017823 -1.38276739 1.19139352
v -1.58856400 -1.32141246 1.14601241
v -1.57522712 -1.25700181 1.10396617
v -1.55083636 -1.19276527 1.06736316
v -1.51661475 -1.13192393 1.03803882
v -1.47427833 -1.07752862 1.01746360
v -1.42595001 -1.03230696 1.00666921
v -1.37405318 -0.99852655 1.00619694
v -1.32119016 -0.97788127 1.01607046
v -1.27001173 -0.97140637 1.03579468
v -1.22308418 -0.97942653 1.06438054
v -1.18276066 -1.00153958 1.10039463
v -1.15106316 -1.03663669 1.14203105
v -1.12958112 -1.08295792 1.18720198
v -1.11939175 -1.13818056 1.23364236
v -1.12100597 -1.19953550 1.27902346
v -1.13434285 -1.26394614 1.32106971
v -1.15873362 -1.32818268 1.35767271
v -1.19295522 -1.38902402 1.38699705
v -1.23529165 -1.44341933 1.40757228
v -1.28361996 -1.48864099 1.41836666
v -1.33551680 -1.52242140 1.41883894
v -1.38837981 -1.54306668 1.40896541
v -1.38434309 -1.62667981 1.23723343
v -1.43099460 -1.61827703 1.20813785
v -1.47138899 -1.59523420 1.17279381
v -1.50350071 -1.55870679 1.13297361
v -1.52571955 -1.51052644 1.09067400
v -1.53693136 -1.45310911 1.04801607
v -1.53657395 -1.38933395 1.00713885
v -1.52466522 -1.32239890 0.97009211
v -1.50180233 -1.25566038 0.93873352
v -1.46913172 -1.19246493 0.91463553
v -1.42829164 -1.13598143 0.89900652
v -1.38132998 -1.08904220 0.89263018
v -1.33060158 -1.05400098 0.89582627
v -1.27865019 -1.03261486 0.90843450
v -1.22808086 -1.02595625 0.92982266
v -1.18142935 -1.03435904 0.95891825
v -1.14103497 -1.05740187 0.99426229
v -1.10892325 -1.09392928 1.03408249
v -1.08670441 -1.14210963 1.07638209
v -1.07549259 -1.19952696 1.11904003
v -1.07585001 -1.26330212 1.15991724
v -1.08775874 -1.33023716 1.19696399
v -1.11062163 -1.39697569 1.22832258
v -1.14329223 -1.46017114 1.25242056
v -1.18413231 -1.51665464 1.26804958
v -1.23109398 -1.56359386 1.27442591
v -1.28182237 -1.59863509 1.27122983
v -1.33377376 -1.62002120 1.25862159
v -1.32632888 -1.69233479 1.08297541
v -1.37268365 -1.68347023 1.05335824
v -1.41314768 -1.65950223 1.01870685
v -1.44569194 -1.62163264 0.98075881
v -1.46868452 -1.57176039 0.94141699
v -1.48097248 -1.51238630 0.90265416
v -1.48193965 -1.44648762 0.86641404
v -1.47153752 -1.37736880 0.83451387
v -1.45028771 -1.30849573 0.80855325
v -1.41925578 -1.24332200 0.78983396
v -1.37999778 -1.18511569 0.77929467
v -1.33448229 -1.13679552 0.77746385
v -1.28499163 -1.10078445 0.78443331
v -1.23400748 -1.07888824 0.79985357
v -1.18408639 -1.07220484 0.82295140
v -1.13773162 -1.08106940 0.85256857
v -1.09726759 -1.10503740 0.88721996
v -1.06472333 -1.14290699 0.92516800
v -1.04173075 -1.19277924 0.96450982
v -1.02944279 -1.25215333 1.00327265
v -1.02847562 -1.31805201 1.03951277
v -1.03887775 -1.38717083 1.07141294
v -1.06012755 -1.45604390 1.09737356
v -1.09115949 -1.52121763 1.11609285
v -1.13041749 -1.57942394 1.12663214
v -1.17593298 -1.62774411 1.12846296
v -1.22542364 -1.66375518 1.12149350
v -1.27640779 -1.68565139 1.10607324
v -1.26586442 -1.74659900 0.92744402
v -1.31190435 -1.73718920 0.89730376
v -1.35243708 -1.71229798 0.86337048
v -1.38543013 -1.67317349 0.82734572
v -1.40922908 -1.62177760 0.79103594
v -1.42264057 -1.56068751 0.75626184
v -1.42499207 -1.49296653 0.72476714
v -1.41616568 -1.42201049 0.69813113
v -1.39660400 -1.35137740 0.67768944
v -1.36728791 -1.28460911 0.66446710
v -1.32968746 -1.22505366 0.65912714
v -1.28568809 -1.17569741 0.66193733
v -1.23749611 -1.13901528 0.67275675
v -1.18752806 -1.11684667 0.69104286
v -1.13828956 -1.11030321 0.71587874
v -1.09224963 -1.11971302 0.74601899
v -1.05171690 -1.14460424 0.77995228
v -1.01872385 -1.18372873 0.81597703
v -0.99492490 -1.23512462 0.85228682
v -0.98151341 -1.29621471 0.88706092
v -0.97916191 -1.36393568 0.91855561
v -0.98798829 -1.43489173 0.94519162
v -1.00754998 -1.50552482 0.96563331
v -1.03686607 -1.57229311 0.97885565
v -1.07446652 -1.63184856 0.98419561
v -1.11846589 -1.68120481 0.98138542
v -1.16665787 -1.71788694 0.97056601
v -1.21662592 -1.74005554 0.95227989
v -1.20329368 -1.78963604 0.77157864
v -1.24900365 -1.77959431 0.74092489
v -1.28960469 -1.75377970 0.70773867
v -1.32306091 -1.71348664 0.67368408
v -1.34769466 -1.66073562 0.64046874
v -1.36227071 -1.59817177 0.60975823
v -1.36605815 -1.52893233 0.58309249
v -1.35886707 -1.45648923 0.56180865
v -1.34105806 -1.38447508 0.54697398
v -1.31352413 -1.31650097 0.53933234
v -1.27764594 -1.25597540 0.53926692
v -1.23522260 -1.20593339 0.54678101
v -1.18838136 -1.16888424 0.56149781
v -1.13947106 -1.14668575 0.58267935
v -1.09094426 -1.14045106 0.60926352
v -1.04523429 -1.15049279 0.63991727
v -1.00463325 -1.17630740 0.67310349
v -0.97117703 -1.21660045 0.70715809
v -0.94654328 -1.26935148 0.74037342
v -0.93196723 -1.33191532 0.77108393
v -0.92817979 -1.40115477 0.79774967
v -0.93537087 -1.47359787 0.81903351
v -0.95317988 -1.54561202 0.83386819
v -0.98071381 -1.61358613 0.84150982
v -1.01659199 -1.67411170 0.84157524
v -1.05901534 -1.72415371 0.83406115
v -1.10585657 -1.76120286 0.81934436
v -1.15476688 -1.78340134 0.79816281
v -1.13895334 -1.82167554 0.61627527
v -1.18432154 -1.81091327 0.58512928
v -1.22499138 -1.78417358 0.55272314
v -1.25892348 -1.74279731 0.52068183
v -1.28441637 -1.68885923 0.49061202
v -1.30019171 -1.62506403 0.46402154
v -1.30545847 -1.55461066 0.44224376
v -1.29995255 -1.48103195 0.42637069
v -1.28395004 -1.40801745 0.41719829
v -1.25825337 -1.33922840 0.41518649
v -1.22415108 -1.27811418 0.42043618
v -1.18335320 -1.22773930 0.43268411
v -1.13790551 -1.19062978 0.45131613
v -1.09008694 -1.16864644 0.47539793
v -1.04229532 -1.16289162 0.50372197
v -0.99692712 -1.17365389 0.53486795
v -0.95625728 -1.20039358 0.56727410
v -0.92232518 -1.24176985 0.59931541
v -0.89683229 -1.29570793 0.62938522
v -0.88105695 -1.35950313 0.65597570
v -0.87579019 -1.42995650 0.67775348
v -0.88129611 -1.50353521 0.69362655
v -0.89729862 -1.57654971 0.70279895
v -0.92299529 -1.64533876 0.70481074
v -0.95709758 -1.70645298 0.69956106
v -0.99789546 -1.75682786 0.68731313
v -1.04334315 -1.79393738 0.66868111
v -1.09116172 -1.81592072 0.64459931
v -1.07317054 -1.84300771 0.46238125
v -1.11818881 -1.83143569 0.43077635
v -1.15892903 -1.80376846 0.39918782
v -1.19334831 -1.76139337 0.36919965
v -1.21972073 -1.70643529 0.34231557
v -1.23672387 -1.64165005 0.31988367
v -1.24350511 -1.57028624 0.30302876
v -1.23972441 -1.49592235 0.29259603
v -1.22557137 -1.42228729 0.28910862
v -1.20175566 -1.35307344 0.29274139
v -1.16947151 -1.29175146 0.30331219
v -1.13033777 -1.24139629 0.32029096
v -1.08631679 -1.20453296 0.34282630
v -1.03961595 -1.18300994 0.36978820
v -0.99257704 -1.17790649 0.39982468
v -0.94755876 -1.18947851 0.43142959
v -0.90681854 -1.21714574 0.46301812
v -0.87239926 -1.25952083 0.49300628
v -0.84602684 -1.31447890 0.51989036
v -0.82902371 -1.37926415 0.54232227
v -0.82224247 -1.45062795 0.55917717
v -0.82602316 -1.52499184 0.56960990
v -0.84017621 -1.59862690 0.57309732
v -0.86399192 -1.66784075 0.56946454
v -0.89627607 -1.72916274 0.55889374
v -0.93540980 -1.77951790 0.54191498
v -0.97943078 -1.81638124 0.51937964
v -1.02613162 -1.83790426 0.49241773
v -1.00626082 -1.85397748 0.31069079
v -1.05092490 -1.84150730 0.27867256
v -1.09173849 -1.81291007 0.24794403
v -1.12665501 -1.76961979 0.22004608
v -1.15392361 -1.71380721 0.19637761
v -1.17217692 -1.64827100 0.17812546
v -1.18049966 -1.57629742 0.16620488
v -1.17847448 -1.50149553 0.16121360
v -1.16620293 -1.42761620 0.16340192
v -1.14430036 -1.35836407 0.17266009
v -1.11386506 -1.29721170 0.18852389
v -1.07642318 -1.24722555 0.21019782
v -1.03385221 -1.21091212 0.23659507
v -0.98828684 -1.19009233 0.26639198
v -0.94201190 -1.18581016 0.29809439
v -0.89734782 -1.19828034 0.33011262
v -0.85653424 -1.22687756 0.36084114
v -0.82161772 -1.27016784 0.38873910
v -0.79434912 -1.32598043 0.41240757
v -0.77609580 -1.39151664 0.43065971
v -0.76777306 -1.46349022 0.44258030
v -0.76979825 -1.53829211 0.44757158
v -0.78206979 -1.61217143 0.44538326
v -0.80397236 -1.68142357 0.43612508
v -0.83440766 -1.74257593 0.42026129
v -0.87184954 -1.79256209 0.39858736
v -0.91442051 -1.82887551 0.37219010
v -0.95998588 -1.84969531 0.34239320
v -0.93852630 -1.85497834 0.16194116
v -0.98283606 -1.84152390 0.12956749
v -1.02372760 -1.81199512 0.09974643
v -1.05915042 -1.76787269 0.07397332
v -1.08732829 -1.71136911 0.05354054
v -1.10684825 -1.64531769 0.03947267
v -1.11673149 -1.57303054 0.03247513
v -1.11648241 -1.49813242 0.03289881
v -1.10611352 -1.42437905 0.04072247
v -1.08614474 -1.35546873 0.05555379
v -1.05757741 -1.29485691 0.07664906
v -1.02184399 -1.24558291 0.10295049
v -0.98073632 -1.21011754 0.13313921
v -0.93631571 -1.19023919 0.16570144
v -0.89080959 -1.18694463 0.19900435
v -0.84649982 -1.20039908 0.23137802
v -0.80560829 -1.22992786 0.26119908
v -0.77018547 -1.27405029 0.28697219
v -0.74200760 -1.33055387 0.30740497
v -0.72248764 -1.39660528 0.32147284
v -0.71260440 -1.46889244 0.32847038
v -0.71285347 -1.54379055 0.32804670
v -0.72322237 -1.61754392 0.32022304
v -0.74319114 -1.68645425 0.30539173
v -0.77175848 -1.74706607 0.28429645
v -0.80749189 -1.79634007 0.25799502
v -0.84859956 -1.83180544 0.22780630
v -0.89302018 -1.85168379 0.19524408
v -0.87025408 -1.84644603 0.01680973
v -0.91421370 -1.83192501 -0.01584937
v -0.95518957 -1.80146490 -0.04471041
v -0.99112697 -1.75659311 -0.06832616
v -1.02022387 -1.69955969 -0.08551244
v -1.04102121 -1.63322455 -0.09540745
v -1.05247613 -1.56091399 -0.09751502
v -1.05401423 -1.48625398 -0.09172946
v -1.04555840 -1.41298828 -0.07834089
v -1.02753263 -1.34479073 -0.05802066
v -1.00084082 -1.28508105 -0.03178772
v -0.96682140 -1.23685333 -0.00095750
v -0.92718026 -1.20252591 0.03292406
v -0.88390515 -1.18382011 0.06815798
v -0.83916608 -1.18167391 0.10297749
v -0.79520646 -1.19619494 0.13563659
v -0.75423059 -1.22665505 0.16449763
v -0.71829319 -1.27152684 0.18811338
v -0.68919629 -1.32856026 0.20529966
v -0.66839896 -1.39489540 0.21519467
v -0.65694403 -1.46720596 0.21730224
v -0.65540593 -1.54186597 0.21151668
v -0.66386176 -1.61513167 0.19812811
v -0.68188753 -1.68332922 0.17780789
v -0.70857934 -1.74303889 0.15157494
v -0.74259876 -1.79126661 0.12074472
v -0.78223990 -1.82559404 0.08686316
v -0.82551501 -1.84429984 0.05162924
v -0.80171487 -1.82885198 -0.12408827
v -0.84533296 -1.81318735 -0.15695113
v -0.88640151 -1.78179890 -0.18479455
v -0.92286119 -1.73626059 -0.20622235
v -0.95288375 -1.67885590 -0.22016004
v -0.97496374 -1.61246333 -0.22590875
v -0.98799397 -1.54041209 -0.22318020
v -0.99132106 -1.46631514 -0.21211121
v -0.98477816 -1.39388799 -0.19325682
v -0.96869338 -1.32676245 -0.16756249
v -0.94387326 -1.26830447 -0.13631662
v -0.91156239 -1.22144539 -0.10108602
v -0.87338097 -1.18853490 -0.06363729
v -0.83124358 -1.17122329 -0.02584827
v -0.78726316 -1.17037862 0.01038614
v -0.74364508 -1.18604326 0.04324899
v -0.70257653 -1.21743171 0.07109241
v -0.66611685 -1.26297002 0.09252021
v -0.63609428 -1.32037471 0.10645791
v -0.61401430 -1.38676728 0.11220661
v -0.60098406 -1.45881851 0.10947806
v -0.59765698 -1.53291547 0.09840907
v -0.60419987 -1.60534262 0.07955469
v -0.62028466 -1.67246816 0.05386035
v -0.64510478 -1.73092614 0.02261448
v -0.67741565 -1.77778522 -0.01261612
v -0.71559707 -1.81069570 -0.05006485
v -0.75773446 -1.82800732 -0.08785387
v -0.73316194 -1.80269677 -0.26020125
v -0.77645155 -1.78581827 -0.29317509
v -0.81762324 -1.75350819 -0.31993855
v -0.85461249 -1.70738667 -0.33914958
v -0.88556450 -1.64976645 -0.34984487
v -0.90892722 -1.58353684 -0.35148810
v -0.92352914 -1.51201887 -0.34399689
v -0.92863805 -1.43879875 -0.32774686
v -0.92399778 -1.36754805 -0.30355288
v -0.90984100 -1.30183957 -0.27262811
v -0.88687760 -1.24496821 -0.23652327
v -0.85625906 -1.19978573 -0.19704879
v -0.81952072 -1.16855779 -0.15618409
v -0.77850479 -1.15285026 -0.11597830
v -0.73526799 -1.15345080 -0.07844751
v -0.69197838 -1.17032929 -0.04547366
v -0.65080669 -1.20263938 -0.01871021
v -0.61381743 -1.24876090 0.00050082
v -0.58286542 -1.30638112 0.01119611
v -0.55950270 -1.37261073 0.01283934
v -0.54490078 -1.44412870 0.00534813
v -0.53979187 -1.51734881 -0.01090189
v -0.54443214 -1.58859952 -0.03509588
v -0.55858892 -1.65430800 -0.06602065
v -0.58155232 -1.71117936 -0.10212549
v -0.61217086 -1.75636183 -0.14159997
v -0.64890920 -1.78758978 -0.18246467
v -0.68992513 -1.80329731 -0.22267045
v -0.66483019 -1.76850353 -0.39104184
v -0.70780886 -1.75034913 -0.42402370
v -0.74909632 -1.71712876 -0.44964051
v -0.78662221 -1.67050824 -0.46660773
v -0.81850486 -1.61282531 -0.47407455
v -0.84314551 -1.54697243 -0.47166656
v -0.85930860 -1.47625174 -0.45950450
v -0.86618363 -1.40420948 -0.43819823
v -0.86342586 -1.33445814 -0.40881613
v -0.85117358 -1.27049534 -0.37283155
v -0.83004116 -1.21552845 -0.33204890
v -0.80108828 -1.17231374 -0.28851320
v -0.76576676 -1.14301817 -0.24440750
v -0.72584776 -1.12911074 -0.20194346
v -0.68333298 -1.13128884 -0.16325039
v -0.64035430 -1.14944324 -0.13026852
v -0.59906685 -1.18266361 -0.10465172
v -0.56154095 -1.22928413 -0.08768450
v -0.52965831 -1.28696706 -0.08021768
v -0.50501765 -1.35281994 -0.08262567
v -0.48885457 -1.42354063 -0.09478773
v -0.48197954 -1.49558289 -0.11609400
v -0.48473731 -1.56533423 -0.14547610
v -0.49698959 -1.62929703 -0.18146068
v -0.51812201 -1.68426392 -0.22224333
v -0.54707489 -1.72747863 -0.26577903
v -0.58239641 -1.75677420 -0.30988473
v -0.62231541 -1.77068163 -0.35234877
v -0.59693563 -1.72681150 -0.51618692
v -0.63962532 -1.70732868 -0.54906466
v -0.68104338 -1.67321497 -0.57346438
v -0.71911293 -1.62618096 -0.58816258
v -0.75192501 -1.56858515 -0.59242225
v -0.77783428 -1.50331563 -0.58602976
v -0.79554154 -1.43364527 -0.56930568
v -0.80415887 -1.36306765 -0.54308862
v -0.80325418 -1.29512182 -0.50869321
v -0.79287281 -1.23321487 -0.46784418
v -0.77353534 -1.18045107 -0.42258987
v -0.74621144 -1.13947622 -0.37519952
v -0.71227122 -1.11234497 -0.32804948
v -0.67341660 -1.10041779 -0.28350405
v -0.63159592 -1.10429277 -0.24379693
v -0.58890622 -1.12377558 -0.21091920
v -0.54748816 -1.15788930 -0.18651947
v -0.50941861 -1.20492330 -0.17182127
v -0.47660654 -1.26251911 -0.16756161
v -0.45069727 -1.32778864 -0.17395409
v -0.43299001 -1.39745899 -0.19067817
v -0.42437267 -1.46803661 -0.21689523
v -0.42527737 -1.53598244 -0.25129064
v -0.43565874 -1.59788939 -0.29213968
v -0.45499620 -1.65065319 -0.33739399
v -0.48232011 -1.69162804 -0.38478433
v -0.51626033 -1.71875929 -0.43193437
v -0.55511494 -1.73068647 -0.47647980
v -0.52967504 -1.67816964 -0.63527672
v -0.57210197 -1.65731667 -0.66793027
v -0.61366771 -1.62233296 -0.69103945
v -0.65228797 -1.57497276 -0.70344548
v -0.68602618 -1.51761090 -0.70452627
v -0.71319055 -1.45312374 -0.69422762
v -0.73241897 -1.38474495 -0.67306594
v -0.74274722 -1.31590331 -0.64210238
v -0.74365742 -1.25005084 -0.60288957
v -0.73510391 -1.19048965 -0.55739382
v -0.71751561 -1.14020639 -0.50789646
v -0.69177447 -1.10172247 -0.45687949
v -0.65917126 -1.07696764 -0.40690114
v -0.62134083 -1.06718321 -0.36046751
v -0.58018017 -1.07285980 -0.31990698
v -0.53775324 -1.09371278 -0.28725344
v -0.49618750 -1.12869649 -0.26414425
v -0.45756723 -1.17605669 -0.25173822
v -0.42382903 -1.23341855 -0.25065743
v -0.39666465 -1.29790570 -0.26095609
v -0.37743624 -1.36628450 -0.28211776
v -0.36710798 -1.43512614 -0.31308132
v -0.36619779 -1.50097861 -0.35229413
v -0.37475129 -1.56053980 -0.39778988
v -0.39233959 -1.61082306 -0.44728725
v -0.41808073 -1.64930698 -0.49830421
v -0.45068395 -1.67406181 -0.54828256
v -0.48851437 -1.68384624 -0.59471619
v -0.46322585 -1.62313057 -0.74801332
v -0.50542034 -1.60087754 -0.78031613
v -0.54715301 -1.56505440 -0.80205918
v -0.58633121 -1.51745745 -0.81215219
v -0.62099038 -1.46047342 -0.81008905
v -0.64939257 -1.39695971 -0.79597321
v -0.67011357 -1.33010117 -0.77051251
v -0.68211435 -1.26325037 -0.73498365
v -0.68479313 -1.19975949 -0.69116819
v -0.67801559 -1.14281222 -0.64126323
v -0.66212159 -1.09526413 -0.58777121
v -0.63790811 -1.05949949 -0.53337443
v -0.60658933 -1.03731169 -0.48080059
v -0.56973569 -1.02981331 -0.43268596
v -0.52919519 -1.03738035 -0.39144319
v -0.48700070 -1.05963338 -0.35914039
v -0.44526803 -1.09545652 -0.33739734
v -0.40608983 -1.14305347 -0.32730433
v -0.37143065 -1.20003750 -0.32936747
v -0.34302846 -1.26355121 -0.34348330
v -0.32230746 -1.33040974 -0.36894400
v -0.31030668 -1.39726054 -0.40447287
v -0.30762790 -1.46075143 -0.44828832
v -0.31440544 -1.51769870 -0.49819328
v -0.33029944 -1.56524678 -0.55168531
v -0.35451292 -1.60101142 -0.60608208
v -0.38583171 -1.62319923 -0.65865592
v -0.42268535 -1.63069761 -0.70677056
v -0.39774637 -1.56224465 -0.85415846
v -0.43974259 -1.53857447 -0.88597905
v -0.48166355 -1.50195030 -0.90627922
v -0.52140716 -1.45420863 -0.91404105
v -0.55698051 -1.39774341 -0.90887531
v -0.58659980 -1.33538606 -0.89104105
v -0.60877980 -1.27026344 -0.86143255
v -0.62240831 -1.20564105 -0.82153449
v -0.62680194 -1.14475934 -0.77334754
v -0.62174038 -1.09067117 -0.71928799
v -0.60747742 -1.04608875 -0.66206662
v -0.58472829 -1.01324763 -0.60455273
v -0.55463371 -0.99379460 -0.54963032
v -0.51870275 -0.98870511 -0.50005343
v -0.47873713 -0.99823437 -0.45830804
v -0.43674091 -1.02190454 -0.42648745
v -0.39481995 -1.05852871 -0.40618728
v -0.35507634 -1.10627039 -0.39842546
v -0.31950299 -1.16273560 -0.40359119
v -0.28988370 -1.22509295 -0.42142545
v -0.26770370 -1.29021558 -0.45103396
v -0.25407519 -1.35483797 -0.49093201
v -0.24968156 -1.41571968 -0.53911896
v -0.25474313 -1.46980784 -0.59317851
v -0.26900608 -1.51439026 -0.65039989
v -0.29175521 -1.54723139 -0.70791378
v -0.32184980 -1.56668442 -0.76283618
v -0.35778076 -1.57177391 -0.81241308
v -0.33337617 -1.49605460 -0.95353067
v -0.37521186 -1.47096368 -0.98473434
v -0.41734446 -1.43358532 -1.00351485
v -0.45766125 -1.38579382 -1.00893047
v -0.49414060 -1.32998566 -1.00070964
v -0.52495327 -1.26895927 -0.97926458
v -0.54855419 -1.20577479 -0.94567065
v -0.56375990 -1.14360054 -0.90161238
v -0.56980794 -1.08555421 -0.84929903
v -0.56639502 -1.03454647 -0.79135381
v -0.55369228 -0.99313507 -0.73068235
v -0.53233670 -0.96339655 -0.67032696
v -0.50339913 -0.94682212 -0.61331411
v -0.46833062 -0.94424290 -0.56250267
v -0.42888966 -0.95578821 -0.52044053
v -0.38705397 -0.98087913 -0.48923686
v -0.34492138 -1.01825749 -0.47045635
v -0.30460458 -1.06604899 -0.46504073
v -0.26812523 -1.12185716 -0.47326156
v -0.23731256 -1.18288354 -0.49470661
v -0.21371165 -1.24606802 -0.52830055
v -0.19850593 -1.30824227 -0.57235882
v -0.19245790 -1.36628861 -0.62467217
v -0.19587081 -1.41729634 -0.68261738
v -0.20857355 -1.45870774 -0.74328885
v -0.22992913 -1.48844626 -0.80364424
v -0.25886670 -1.50502069 -0.86065709
v -0.29393521 -1.50759991 -0.91146853
v -0.27023675 -1.42509037 -1.04600187
v -0.31195288 -1.39858917 -1.07645246
v -0.35432229 -1.36051228 -1.09363765
v -0.39522039 -1.31276905 -1.09669570
v -0.43259638 -1.25775351 -1.08547326
v -0.46457608 -1.19822438 -1.06053308
v -0.48955589 -1.13716669 -1.02312577
v -0.50628321 -1.07764214 -0.97512707
v -0.51391927 -1.02263553 -0.91894385
v -0.51208117 -0.97490512 -0.85739336
v -0.50086108 -0.93684431 -0.79356201
v -0.48082161 -0.91036164 -0.73065056
v -0.45296763 -0.89678505 -0.67181367
v -0.41869585 -0.89679533 -0.62000165
v -0.37972482 -0.91039197 -0.57781257
v -0.33800868 -0.93689318 -0.54736198
v -0.29563928 -0.97497006 -0.53017679
v -0.25474118 -1.02271329 -0.52711874
v -0.21736518 -1.07772883 -0.53834118
v -0.18538548 -1.13725796 -0.56328135
v -0.16040568 -1.19831565 -0.60068867
v -0.14367835 -1.25784020 -0.64868737
v -0.13604229 -1.31284681 -0.70487059
v -0.13788039 -1.36057722 -0.76642108
v -0.14910049 -1.39863803 -0.83025243
v -0.16913996 -1.42512070 -0.89316387
v -0.19699394 -1.43869729 -0.95200077
v -0.23126571 -1.43868701 -1.00381279
v -0.20843237 -1.34986453 -1.13149339
v -0.25007279 -1.32197788 -1.16105513
v -0.29270584 -1.28326725 -1.17657169
v -0.33419371 -1.23567377 -1.17726501
v -0.37245604 -1.18158396 -1.16310033
v -0.40557418 -1.12371013 -1.13478792
v -0.43188746 -1.06495430 -1.09374749
v -0.45007642 -1.00826273 -1.04203696
v -0.45922899 -0.95647819 -0.98224934
v -0.45888622 -0.91219735 -0.91738261
v -0.44906530 -0.87764066 -0.85068946
v -0.43025869 -0.85454092 -0.78551417
v -0.40340943 -0.84405645 -0.72512491
v -0.36986385 -0.84671299 -0.67254983
v -0.33130408 -0.86237732 -0.63042527
v -0.28966366 -0.89026398 -0.60086353
v -0.24703061 -0.92897461 -0.58534697
v -0.20554274 -0.97656809 -0.58465365
v -0.16728042 -1.03065789 -0.59881833
v -0.13416227 -1.08853173 -0.62713074
v -0.10784899 -1.14728756 -0.66817118
v -0.08966003 -1.20397912 -0.71988170
v -0.08050746 -1.25576367 -0.77966932
v -0.08085023 -1.30004450 -0.84453605
v -0.09067116 -1.33460120 -0.91122920
v -0.10947777 -1.35770094 -0.97640449
v -0.13632703 -1.36818541 -1.03679376
v -0.16987260 -1.36552887 -1.08936884
v -0.14805115 -1.27086825 -1.20997161
v -0.18966217 -1.24163543 -1.23851090
v -0.23258713 -1.20236508 -1.25228912
v -0.27467359 -1.15502638 -1.25061537
v -0.31381116 -1.10199309 -1.23357358
v -0.34803731 -1.04592452 -1.20201830
v -0.37563581 -0.98963219 -1.15753184
v -0.39522274 -0.93593881 -1.10234493
v -0.40581595 -0.88753681 -1.03922488
v -0.40688423 -0.84685327 -0.97133679
v -0.39837404 -0.81592822 -0.90208486
v -0.38071209 -0.79631238 -0.83494166
v -0.35478403 -0.78898936 -0.77327403
v -0.32189001 -0.79432638 -0.72017426
v -0.28367947 -0.81205581 -0.67830497
v -0.24206845 -0.84128863 -0.64976568
v -0.19914349 -0.88055898 -0.63598746
v -0.15705703 -0.92789768 -0.63766121
v -0.11791946 -0.98093097 -0.65470300
v -0.08369331 -1.03699954 -0.68625829
v -0.05609481 -1.09329188 -0.73074475
v -0.03650788 -1.14698525 -0.78593166
v -0.02591467 -1.19538725 -0.84905171
v -0.02484638 -1.23607080 -0.91693980
v -0.03335658 -1.26699584 -0.98619173
v -0.05101853 -1.28661169 -1.05333493
v -0.07694659 -1.29393470 -1.11500255
v -0.10984061 -1.28859768 -1.16810233
v -0.08916628 -1.18856771 -1.28144307
v -0.13079628 -1.15804237 -1.30883033
v -0.17404264 -1.11829554 -1.32080532
v -0.21673681 -1.07132029 -1.31676757
v -0.25673791 -1.01947214 -1.29691954
v -0.29204014 -0.96535100 -1.26225650
v -0.32087328 -0.91167070 -1.21451659
v -0.34179152 -0.86112301 -1.15609370
v -0.35374594 -0.81624261 -1.08991740
v -0.35613709 -0.77927997 -1.01930603
v -0.34884507 -0.75208857 -0.94780035
v -0.33223553 -0.73603189 -0.87898595
v -0.30714134 -0.73191508 -0.81631348
v -0.27482083 -0.73994458 -0.76292559
v -0.23689469 -0.75971775 -0.72149937
v -0.19526469 -0.79024308 -0.69411211
v -0.15201833 -0.82998991 -0.68213712
v -0.10932416 -0.87696517 -0.68617487
v -0.06932306 -0.92881331 -0.70602290
v -0.03402084 -0.98293446 -0.74068594
v -0.00518770 -1.03661475 -0.78842585
v 0.01573055 -1.08716244 -0.84684874
v 0.02768497 -1.13204285 -0.91302505
v 0.03007612 -1.16900548 -0.98363641
v 0.02278410 -1.19619688 -1.05514209
v 0.00617456 -1.21225356 -1.12395649
v -0.01891963 -1.21637037 -1.18662896
v -0.05124014 -1.20834088 -1.24001685
v -0.03183747 -1.10340122 -1.34594937
v -0.07353645 -1.07165104 -1.37206072
v -0.11713466 -1.03152002 -1.38217361
v -0.16044591 -0.98502052 -1.37578094
v -0.20129838 -0.93448419 -1.35320325
v -0.23764358 -0.88244516 -1.31557270
v -0.26765899 -0.83151287 -1.26477623
v -0.28983952 -0.78424128 -1.20336098
v -0.30307295 -0.74300078 -1.13440659
v -0.30669569 -0.70985935 -1.06137070
v -0.30052609 -0.68647883 -0.98791565
v -0.28487351 -0.67403163 -0.91772477
v -0.26052284 -0.67314189 -0.85431773
v -0.22869513 -0.68385424 -0.80087402
v -0.19098635 -0.70563151 -0.76007354
v -0.14928738 -0.73738169 -0.73396219
v -0.10568917 -0.77751271 -0.72384930
v -0.06237792 -0.82401222 -0.73024197
v -0.02152544 -0.87454854 -0.75281966
v 0.01481975 -0.92658757 -0.79045021
v 0.04483516 -0.97751986 -0.84124669
v 0.06701570 -1.02479146 -0.90266193
v 0.08024912 -1.06603195 -0.97161632
v 0.08387186 -1.09917338 -1.04465221
v 0.07770226 -1.12255390 -1.11810727
v 0.06204968 -1.13500110 -1.18829814
v 0.03769902 -1.13589084 -1.25170518
v 0.00587131 -1.12517849 -1.30514889
v 0.02388753 -1.01577700 -1.40356177
v -0.01793160 -0.98288313 -1.42828066
v -0.06191281 -0.94246898 -1.43647971
v -0.10585069 -0.89656110 -1.42774780
v -0.14754203 -0.84746150 -1.40252278
v -0.18489623 -0.79763223 -1.36206953
v -0.21604020 -0.74957195 -1.30841655
v -0.23941227 -0.70569059 -1.24425422
v -0.25384044 -0.66818855 -1.17279991
v -0.25860124 -0.63894635 -1.09763664
v -0.25345593 -0.61943030 -1.02253341
v -0.23866253 -0.61061902 -0.95125621
v -0.21496284 -0.61295434 -0.88737917
v -0.18354525 -0.62631918 -0.83410536
v -0.14598518 -0.65004334 -0.79410614
v -0.10416605 -0.68293722 -0.76938725
v -0.06018484 -0.72335136 -0.76118819
v -0.01624696 -0.76925924 -0.76992010
v 0.02544437 -0.81835884 -0.79514513
v 0.06279857 -0.86818811 -0.83559838
v 0.09394255 -0.91624839 -0.88925136
v 0.11731461 -0.96012975 -0.95341369
v 0.13174279 -0.99763179 -1.02486800
v 0.13650358 -1.02687399 -1.10003127
v 0.13135828 -1.04639004 -1.17513450
v 0.11656488 -1.05520132 -1.24641170
v 0.09286518 -1.05286600 -1.31028874
v 0.06144760 -1.03950116 -1.36356255
v 0.07797128 -0.92607150 -1.45437562
v 0.03598006 -0.89212790 -1.47759429
v -0.00841571 -0.85154003 -1.48383596
v -0.05298987 -0.80634313 -1.47278766
v -0.09550727 -0.75880356 -1.44500338
v -0.13383591 -0.71130517 -1.40187636
v -0.16605383 -0.66622971 -1.34556915
v -0.19054549 -0.62583746 -1.27890524
v -0.20608279 -0.59215385 -1.20522744
v -0.21188661 -0.56686792 -1.12823025
v -0.20766592 -0.55124762 -1.05177464
v -0.19363238 -0.54607620 -0.97969441
v -0.17048967 -0.55161300 -0.91560397
v -0.13939827 -0.56758036 -0.86271707
v -0.10191724 -0.59317762 -0.82368569
v -0.05992603 -0.62712122 -0.80046702
v -0.01553025 -0.66770910 -0.79422535
v 0.02904390 -0.71290600 -0.80527365
v 0.07156130 -0.76044556 -0.83305793
v 0.10988994 -0.80794396 -0.87618495
v 0.14210786 -0.85301942 -0.93249216
v 0.16659953 -0.89341167 -0.99915607
v 0.18213682 -0.92709527 -1.07283387
v 0.18794064 -0.95238120 -1.14983106
v 0.18371996 -0.96800150 -1.22628667
v 0.16968641 -0.97317292 -1.29836690
v 0.14654370 -0.96763613 -1.36245734
v 0.11545231 -0.95166876 -1.41534424
v 0.13038486 -0.83462860 -1.49850477
v 0.08816933 -0.79974116 -1.52012555
v 0.04332729 -0.75909677 -1.52437540
v -0.00189272 -0.71473350 -1.51104122
v -0.04522316 -0.66887590 -1.48079165
v -0.08449127 -0.62382348 -1.43514351
v -0.11772798 -0.58183535 -1.37638580
v -0.14326666 -0.54501696 -1.30746487
v -0.15982670 -0.51521455 -1.23183671
v -0.16657771 -0.49392253 -1.15329363
v -0.16318116 -0.48220858 -1.07577411
v -0.14980737 -0.48066008 -1.00316530
v -0.12712696 -0.48935467 -0.93910811
v -0.09627722 -0.50785639 -0.88681463
v -0.05880509 -0.53523746 -0.84890708
v -0.01658956 -0.57012489 -0.82728630
v 0.02825248 -0.61076929 -0.82303645
v 0.07347249 -0.65513256 -0.83637063
v 0.11680293 -0.70099016 -0.86662021
v 0.15607104 -0.74604258 -0.91226834
v 0.18930775 -0.78803071 -0.97102605
v 0.21484643 -0.82484910 -1.03994698
v 0.23140647 -0.85465151 -1.11557514
v 0.23815748 -0.87594353 -1.19411822
v 0.23476093 -0.88765748 -1.27163774
v 0.22138714 -0.88920598 -1.34424655
v 0.19870673 -0.88051139 -1.40830374
v 0.16785699 -0.86200967 -1.46059722
v 0.18110611 -0.74175933 -1.53607592
v 0.13861418 -0.70604493 -1.55601237
v 0.09329434 -0.66546844 -1.55824591
v 0.04741912 -0.62206451 -1.54266454
v 0.00328889 -0.57800962 -1.51004957
v -0.03688347 -0.53551285 -1.46203645
v -0.07108356 -0.49670518 -1.40103277
v -0.09759644 -0.46353257 -1.33009750
v -0.11509264 -0.43765845 -1.25278763
v -0.12269484 -0.42038025 -1.17297981
v -0.12002182 -0.41256437 -1.09467592
v -0.10720762 -0.41460273 -1.02180246
v -0.08489479 -0.42639312 -0.95801360
v -0.05420221 -0.44734432 -0.90650799
v -0.01666892 -0.47640575 -0.86986832
v 0.02582301 -0.51212015 -0.84993187
v 0.07114284 -0.55269665 -0.84769834
v 0.11701806 -0.59610057 -0.86327971
v 0.16114829 -0.64015547 -0.89589468
v 0.20132066 -0.68265223 -0.94390780
v 0.23552075 -0.72145991 -1.00491148
v 0.26203363 -0.75463251 -1.07584675
v 0.27952983 -0.78050664 -1.15315662
v 0.28713202 -0.79778484 -1.23296444
v 0.28445900 -0.80560072 -1.31126833
v 0.27164480 -0.80356236 -1.38414179
v 0.24933198 -0.79177197 -1.44793064
v 0.21863940 -0.77082077 -1.49943626
v 0.23011777 -0.64774248 -1.56722319
v 0.18729792 -0.61132787 -1.58540102
v 0.14146928 -0.57095020 -1.58560439
v 0.09492989 -0.52863417 -1.56782309
v 0.05001342 -0.48650168 -1.53294877
v 0.00897218 -0.44666543 -1.48273015
v -0.02613586 -0.41112298 -1.41968542
v -0.05355024 -0.38165657 -1.34697590
v -0.07189627 -0.35974377 -1.26824754
v -0.08025402 -0.34648339 -1.18744813
v -0.07820439 -0.34254035 -1.10862926
v -0.06585016 -0.34811238 -1.03574326
v -0.04381082 -0.36292006 -0.97244493
v -0.01319152 -0.38622088 -0.92190832
v 0.02447237 -0.41684644 -0.88666754
v 0.06729221 -0.45326105 -0.86848971
v 0.11312085 -0.49363872 -0.86828634
v 0.15966025 -0.53595475 -0.88606763
v 0.20457672 -0.57808724 -0.92094196
v 0.24561796 -0.61792349 -0.97116057
v 0.28072600 -0.65346594 -1.03420530
v 0.30814037 -0.68293235 -1.10691482
v 0.32648641 -0.70484515 -1.18564318
v 0.33484416 -0.71810553 -1.26644260
v 0.33279453 -0.72204857 -1.34526146
v 0.32044030 -0.71647654 -1.41814746
v 0.29840096 -0.70166886 -1.48144579
v 0.26778166 -0.67836804 -1.53198240
v 0.27740569 -0.55282574 -1.59208276
v 0.23420742 -0.51584643 -1.60844059
v 0.18783981 -0.47580429 -1.60661118
v 0.14062793 -0.43470720 -1.58668626
v 0.09493918 -0.39461593 -1.54966494
v 0.05306459 -0.35754084 -1.49740364
v 0.01710391 -0.32534102 -1.43252295
v -0.01113962 -0.29963111 -1.35827625
v -0.03024977 -0.28170030 -1.27838660
v -0.03926826 -0.27244773 -1.19685998
v -0.03774288 -0.27233735 -1.11778450
v -0.02575011 -0.28137471 -1.04512531
v -0.00389132 -0.29910662 -0.98252585
v 0.02673739 -0.32464395 -0.93312513
v 0.06460019 -0.35670613 -0.89940030
v 0.10779846 -0.39368544 -0.88304247
v 0.15416606 -0.43372758 -0.88487188
v 0.20137794 -0.47482467 -0.90479680
v 0.24706669 -0.51491594 -0.94181812
v 0.28894129 -0.55199103 -0.99407942
v 0.32490196 -0.58419085 -1.05896012
v 0.35314549 -0.60990076 -1.13320681
v 0.37225564 -0.62783157 -1.21309646
v 0.38127413 -0.63708414 -1.29462308
v 0.37974875 -0.63719452 -1.37369857
v 0.36775598 -0.62815716 -1.44635775
v 0.34589720 -0.61042525 -1.50895721
v 0.31526848 -0.58488793 -1.55835793
v 0.32295702 -0.45722769 -1.61078800
v 0.27933127 -0.41982674 -1.62527793
v 0.23239575 -0.38026181 -1.62142486
v 0.18450401 -0.34051687 -1.59942199
v 0.13805753 -0.30258488 -1.56037265
v 0.09538533 -0.26836791 -1.50623492
v 0.05862718 -0.23958176 -1.43972349
v 0.02962628 -0.21766987 -1.36417354
v 0.00983687 -0.20373099 -1.28337345
v 0.00025126 -0.19846409 -1.20137486
v 0.00135011 -0.20213327 -1.12228955
v 0.01307833 -0.21455453 -1.05008317
v 0.03484782 -0.23510503 -0.98837644
v 0.06556695 -0.26275428 -0.94026362
v 0.10369535 -0.29611582 -0.90815726
v 0.14732110 -0.33351678 -0.89366733
v 0.19425662 -0.37308170 -0.89752040
v 0.24214836 -0.41282665 -0.91952327
v 0.28859485 -0.45075864 -0.95857262
v 0.33126704 -0.48497560 -1.01271035
v 0.36802519 -0.51376176 -1.07922177
v 0.39702609 -0.53567365 -1.15477172
v 0.41681550 -0.54961252 -1.23557182
v 0.42640112 -0.55487942 -1.31757040
v 0.42530226 -0.55121024 -1.39665572
v 0.41357404 -0.53878898 -1.46886210
v 0.39180456 -0.51823848 -1.53056882
v 0.36108542 -0.49058924 -1.57868165
v 0.36675855 -0.36114029 -1.62346487
v 0.32265818 -0.32346709 -1.63605289
v 0.27512743 -0.28452522 -1.63019742
v 0.22654969 -0.24626739 -1.60619206
v 0.17936086 -0.21061200 -1.56524055
v 0.13592718 -0.17934696 -1.50939637
v 0.09842660 -0.15404003 -1.44145978
v 0.06873954 -0.13596022 -1.36483740
v 0.04835466 -0.12601410 -1.28337139
v 0.03829412 -0.12470044 -1.20114681
v 0.03906240 -0.13208509 -1.12228674
v 0.05062099 -0.14779776 -1.05074555
v 0.07239028 -0.17105055 -0.99011061
v 0.10327867 -0.20067747 -0.94342242
v 0.14173729 -0.23519290 -0.91302211
v 0.18583767 -0.27286610 -0.90043409
v 0.23336841 -0.31180797 -0.90628956
v 0.28194615 -0.35006580 -0.93029492
v 0.32913498 -0.38572119 -0.97124643
v 0.37256866 -0.41698623 -1.02709061
v 0.41006924 -0.44229315 -1.09502720
v 0.43975630 -0.46037297 -1.17164958
v 0.46014119 -0.47031908 -1.25311559
v 0.47020173 -0.47163275 -1.33534017
v 0.46943344 -0.46424810 -1.41420024
v 0.45787485 -0.44853543 -1.48574143
v 0.43610556 -0.42528264 -1.54637637
v 0.40521717 -0.39565572 -1.59306456
v 0.40879509 -0.26473204 -1.63022788
v 0.36417531 -0.22694112 -1.64089415
v 0.31602406 -0.18877144 -1.63306999
v 0.26675586 -0.15213698 -1.60714775
v 0.21884122 -0.11887474 -1.56442726
v 0.17468278 -0.09065264 -1.50705071
v 0.13649483 -0.06888585 -1.43789520
v 0.10619227 -0.05466585 -1.36042848
v 0.08529459 -0.04870568 -1.27853505
v 0.07484970 -0.05130422 -1.19632139
v 0.07538135 -0.06233116 -1.11791004
v 0.08686287 -0.08123356 -1.04723287
v 0.10871854 -0.10706359 -0.98783392
v 0.13985242 -0.13852601 -0.94269172
v 0.17870332 -0.17404318 -0.91406987
v 0.22332311 -0.21183410 -0.90340359
v 0.27147436 -0.25000378 -0.91122775
v 0.32074256 -0.28663824 -0.93715000
v 0.36865720 -0.31990048 -0.97987048
v 0.41281564 -0.34812258 -1.03724703
v 0.45100359 -0.36988937 -1.10640254
v 0.48130615 -0.38410937 -1.18386926
v 0.50220383 -0.39006954 -1.26576269
v 0.51264872 -0.38747100 -1.34797635
v 0.51211707 -0.37644406 -1.42638770
v 0.50063555 -0.35754165 -1.49706487
v 0.47877988 -0.33171163 -1.55646382
v 0.44764600 -0.30024920 -1.60160603
v 0.44904808 -0.16815172 -1.63117663
v 0.40386693 -0.13040148 -1.63991564
v 0.35507244 -0.09315549 -1.63016927
v 0.30511139 -0.05828141 -1.60242624
v 0.25648901 -0.02752798 -1.55807771
v 0.21164345 -0.00243730 -1.49934750
v 0.17282344 0.01573248 -1.42918059
v 0.14197559 0.02607024 -1.35109543
v 0.12064673 0.02805762 -1.26900754
v 0.10990638 0.02159495 -1.18703316
v 0.11029311 0.00700630 -1.10928282
v 0.12178752 -0.01497679 -1.03965524
v 0.14381325 -0.04325200 -0.98164185
v 0.17526581 -0.07640150 -0.93815168
v 0.21456806 -0.11276303 -0.91136550
v 0.25974921 -0.15051326 -0.90262649
v 0.30854370 -0.18775925 -0.91237286
v 0.35850476 -0.22263333 -0.94011589
v 0.40712713 -0.25338676 -0.98446441
v 0.45197269 -0.27847744 -1.04319463
v 0.49079270 -0.29664722 -1.11336154
v 0.52164055 -0.30698499 -1.19144670
v 0.54296941 -0.30897237 -1.27353459
v 0.55370976 -0.30250970 -1.35550897
v 0.55332303 -0.28792105 -1.43325931
v 0.54182862 -0.26593796 -1.50288689
v 0.51980290 -0.23766274 -1.56090028
v 0.48835033 -0.20451325 -1.60439045
v 0.48749428 -0.07153244 -1.62639304
v 0.44171313 -0.03398396 -1.63321367
v 0.39225569 0.00218540 -1.62160453
v 0.34160195 0.03516196 -1.59214774
v 0.29229191 0.06329214 -1.54632040
v 0.24679817 0.08516537 -1.48642047
v 0.20740198 0.09968484 -1.41545159
v 0.17607884 0.10612247 -1.33697243
v 0.15439942 0.10415547 -1.25491828
v 0.14345080 0.09388246 -1.17340365
v 0.14378201 0.07581857 -1.09651605
v 0.15537643 0.05086961 -1.02811093
v 0.17765267 0.02028662 -0.97161841
v 0.20949371 -0.01439684 -0.92987127
v 0.24930290 -0.05144161 -0.90496288
v 0.29508405 -0.08899009 -0.89814224
v 0.34454149 -0.12515945 -0.90975139
v 0.39519523 -0.15813601 -0.93920817
v 0.44450527 -0.18626619 -0.98503552
v 0.48999901 -0.20813942 -1.04493544
v 0.52939520 -0.22265889 -1.11590432
v 0.56071834 -0.22909652 -1.19438348
v 0.58239776 -0.22712952 -1.27643764
v 0.59334638 -0.21685651 -1.35795226
v 0.59301517 -0.19879262 -1.43483986
v 0.58142075 -0.17384366 -1.50324498
v 0.55914451 -0.14326067 -1.55973750
v 0.52730347 -0.10857720 -1.60148464
v 0.52410477 0.02500380 -1.61593923
v 0.47768883 0.06218802 -1.62086479
v 0.42755225 0.09712741 -1.60746550
v 0.37620911 0.12806995 -1.57641327
v 0.32623395 0.15346406 -1.52926517
v 0.28013274 0.17203637 -1.46838541
v 0.24021719 0.18285559 -1.39682676
v 0.20848883 0.18537920 -1.31817746
v 0.18653865 0.17948065 -1.23638132
v 0.17546733 0.16545572 -1.15553995
v 0.17583003 0.14400768 -1.07970706
v 0.18760856 0.11621203 -1.01268522
v 0.21021230 0.08346254 -0.95783521
v 0.24250779 0.04740143 -0.91790742
v 0.28287562 0.00983694 -0.89490400
v 0.32929157 -0.02734728 -0.88997844
v 0.37942814 -0.06228667 -0.90337773
v 0.43077129 -0.09322921 -0.93442997
v 0.48074645 -0.11862332 -0.98157807
v 0.52684766 -0.13719563 -1.04245783
v 0.56676321 -0.14801485 -1.11401648
v 0.59849157 -0.15053846 -1.19266577
v 0.62044174 -0.14463991 -1.27446191
v 0.63151306 -0.13061498 -1.35530329
v 0.63115037 -0.10916694 -1.43113618
v 0.61937184 -0.08137129 -1.49815801
v 0.59676810 -0.04862181 -1.55300802
v 0.56447260 -0.01256069 -1.59293581
v 0.55884413 0.12134137 -1.59985628
v 0.51176292 0.15799864 -1.60292443
v 0.46093514 0.19155538 -1.58782099
v 0.40890952 0.22032891 -1.55530330
v 0.35829484 0.24287641 -1.50700193
v 0.31162912 0.25806726 -1.44533892
v 0.27125239 0.26513971 -1.37340631
v 0.23918929 0.26373913 -1.29481110
v 0.21704762 0.25393576 -1.21349438
v 0.20593763 0.23622116 -1.13353371
v 0.20641644 0.21148363 -1.05893865
v 0.21846004 0.18096361 -0.99344972
v 0.24146450 0.14619149 -0.94035079
v 0.27427630 0.10891091 -0.90230448
v 0.31525010 0.07099126 -0.88121857
v 0.36233131 0.03433399 -0.87815042
v 0.41315908 0.00077725 -0.89325386
v 0.46518470 -0.02799629 -0.92577155
v 0.51579939 -0.05054379 -0.97407292
v 0.56246510 -0.06573463 -1.03573593
v 0.60284184 -0.07280709 -1.10766854
v 0.63490493 -0.07140651 -1.18626375
v 0.65704661 -0.06160313 -1.26758047
v 0.66815659 -0.04388853 -1.34754114
v 0.66767778 -0.01915100 -1.42213620
v 0.65563419 0.01136902 -1.48762514
v 0.63262972 0.04614113 -1.54072406
v 0.59981793 0.08342172 -1.57877038
v 0.59166986 0.21736615 -1.57816368
v 0.54389776 0.25333484 -1.57942639
v 0.49237138 0.28535811 -1.56271829
v 0.43967446 0.31183018 -1.52887720
v 0.38844945 0.33142363 -1.47960006
v 0.34126498 0.34315596 -1.41735783
v 0.30048708 0.34643887 -1.34527159
v 0.26816053 0.34110773 -1.26695604
v 0.24590631 0.32742987 -1.18633827
v 0.23484034 0.30609116 -1.10746077
v 0.23551751 0.27816161 -1.03427879
v 0.24790387 0.24504172 -0.97046199
v 0.27137832 0.20839227 -0.91921041
v 0.30476375 0.17005100 -0.88309401
v 0.34638607 0.13194051 -0.86392382
v 0.39415817 0.09597182 -0.86266112
v 0.44568455 0.06394855 -0.87936922
v 0.49838147 0.03747648 -0.91321031
v 0.54960648 0.01788304 -0.96248745
v 0.59679095 0.00615070 -1.02472968
v 0.63756884 0.00286780 -1.09681592
v 0.66989540 0.00819893 -1.17513146
v 0.69214962 0.02187679 -1.25574924
v 0.70321559 0.04321550 -1.33462674
v 0.70253842 0.07114505 -1.40780871
v 0.69015205 0.10426494 -1.47162551
v 0.66667760 0.14091439 -1.52287710
v 0.63329218 0.17925566 -1.55899350
v 0.62253211 0.31296057 -1.55085971
v 0.57404886 0.34808141 -1.55038308
v 0.52182168 0.37842351 -1.53218344
v 0.46846946 0.40246539 -1.49717341
v 0.41666750 0.41900150 -1.44710853
v 0.36901338 0.42720263 -1.38449927
v 0.32789666 0.42665755 -1.31248511
v 0.29537911 0.41739360 -1.23467715
v 0.27309130 0.39987530 -1.15497699
v 0.26215083 0.37498110 -1.07738115
v 0.26310630 0.34395929 -1.00578060
v 0.27590980 0.30836545 -0.94376569
v 0.29991931 0.26998439 -0.89444610
v 0.33393089 0.23074070 -0.86029493
v 0.37623906 0.19260222 -0.84302466
v 0.42472232 0.15748138 -0.84350129
v 0.47694950 0.12713927 -0.86170093
v 0.53030172 0.10309739 -0.89671096
v 0.58210367 0.08656129 -0.94677584
v 0.62975780 0.07836016 -1.00938510
v 0.67087452 0.07890524 -1.08139926
v 0.70339206 0.08816919 -1.15920722
v 0.72567987 0.10568749 -1.23890737
v 0.73662034 0.13058169 -1.31650322
v 0.73566487 0.16160349 -1.38810377
v 0.72286137 0.19719734 -1.45011868
v 0.69885186 0.23557840 -1.49943827
v 0.66484028 0.27482209 -1.53358944
v 0.65137368 0.40799880 -1.51792250
v 0.60216483 0.44211623 -1.51578664
v 0.54924041 0.47063397 -1.49622225
v 0.49525427 0.49212202 -1.46021038
v 0.44291349 0.50550288 -1.40955680
v 0.39484267 0.51010558 -1.34680150
v 0.35345227 0.50569931 -1.27509130
v 0.32081779 0.49250503 -1.19802203
v 0.29857564 0.47118436 -1.11945829
v 0.28784116 0.44280639 -1.04333957
v 0.28915260 0.40879413 -0.97348279
v 0.30244421 0.37085308 -0.91339087
v 0.32704949 0.33088578 -0.86607705
v 0.36173462 0.29089634 -0.83391386
v 0.40476036 0.25289001 -0.81851409
v 0.45396921 0.21877258 -0.82064995
v 0.50689363 0.19025484 -0.84021434
v 0.56087978 0.16876679 -0.87622621
v 0.61322055 0.15538593 -0.92687979
v 0.66129138 0.15078323 -0.98963509
v 0.70268177 0.15518950 -1.06134529
v 0.73531626 0.16838377 -1.13841456
v 0.75755840 0.18970445 -1.21697831
v 0.76829289 0.21808241 -1.29309702
v 0.76698145 0.25209468 -1.36295380
v 0.75368984 0.29003572 -1.42304572
v 0.72908456 0.33000303 -1.47035954
v 0.69439942 0.36999247 -1.50252273
v 0.67813028 0.50234217 -1.47931200
v 0.62818765 0.53530571 -1.47561078
v 0.57457578 0.56186187 -1.45482204
v 0.51998298 0.58067903 -1.41798821
v 0.46714677 0.59081362 -1.36695630
v 0.41871657 0.59175744 -1.30428526
v 0.37712088 0.58346316 -1.23311768
v 0.34444548 0.56634670 -1.15702219
v 0.32232884 0.54126635 -1.07981454
v 0.31188000 0.50947974 -1.00536625
v 0.31362289 0.47258079 -0.93741046
v 0.32747013 0.43241976 -0.87935476
v 0.35272735 0.39101049 -0.83411031
v 0.38812806 0.35042941 -0.80394585
v 0.43189710 0.31271144 -0.79037395
v 0.48183973 0.27974791 -0.79407517
v 0.53545160 0.25319175 -0.81486391
v 0.59004440 0.23437459 -0.85169773
v 0.64288061 0.22424000 -0.90272964
v 0.69131081 0.22329618 -0.96540069
v 0.73290650 0.23159046 -1.03656827
v 0.76558190 0.24870691 -1.11266376
v 0.78769854 0.27378726 -1.18987141
v 0.79814738 0.30557387 -1.26431970
v 0.79640449 0.34247283 -1.33227549
v 0.78255725 0.38263386 -1.39033119
v 0.75730003 0.42404313 -1.43557564
v 0.72189932 0.46462420 -1.46574010
v 0.70273104 0.59583487 -1.43497257
v 0.65205310 0.62750052 -1.42981330
v 0.59777022 0.65196546 -1.40795406
v 0.54260439 0.66800292 -1.37049097
v 0.48932183 0.67480870 -1.31930258
v 0.44059437 0.67204155 -1.25695568
v 0.39886540 0.65984021 -1.18657663
v 0.36622739 0.63881652 -1.11169450
v 0.34431694 0.61002468 -1.03606421
v 0.33423274 0.57490844 -0.96347818
v 0.33648044 0.53522868 -0.89757616
v 0.35094734 0.49297511 -0.84166277
v 0.37690801 0.45026649 -0.79854174
v 0.41306067 0.40924441 -0.77037532
v 0.45759247 0.37196590 -0.75857591
v 0.50827042 0.34030025 -0.76373518
v 0.56255329 0.31583531 -0.78559442
v 0.61771913 0.29979785 -0.82305751
v 0.67100168 0.29299207 -0.87424591
v 0.71972914 0.29575922 -0.93659280
v 0.76145811 0.30796056 -1.00697186
v 0.79409613 0.32898425 -1.08185398
v 0.81600658 0.35777609 -1.15748427
v 0.82609078 0.39289232 -1.23007031
v 0.82384308 0.43257208 -1.29597232
v 0.80937618 0.47482566 -1.35188571
v 0.78341551 0.51753428 -1.39500675
v 0.74726285 0.55855635 -1.42317316
v 0.72509937 0.68830007 -1.38483633
v 0.67369150 0.71853183 -1.37833933
v 0.61876107 0.74078512 -1.35557658
v 0.56306251 0.75394407 -1.31768949
v 0.50938878 0.75734883 -1.26657788
v 0.46043131 0.75082868 -1.20480471
v 0.41864502 0.73471056 -1.13546753
v 0.38612526 0.70980271 -1.06204319
v 0.36450271 0.67735410 -0.98821352
v 0.35486160 0.63899185 -0.91768062
v 0.35768539 0.59663960 -0.85398132
v 0.37283248 0.55242106 -0.80030977
v 0.39954332 0.50855354 -0.75935727
v 0.43647853 0.46723675 -0.73317736
v 0.48178602 0.43054247 -0.72308282
v 0.53319389 0.40031071 -0.72957981
v 0.58812432 0.37805742 -0.75234257
v 0.64382288 0.36489847 -0.79022965
v 0.69749661 0.36149370 -0.84134126
v 0.74645409 0.36801385 -0.90311444
v 0.78824037 0.38413197 -0.97245162
v 0.82076013 0.40903982 -1.04587595
v 0.84238268 0.44148843 -1.11970563
v 0.85202379 0.47985068 -1.19023852
v 0.84920000 0.52220294 -1.25393782
v 0.83405292 0.56642147 -1.30760938
v 0.80734207 0.61028899 -1.34856187
v 0.77040686 0.65160579 -1.37474178
v 0.74515395 0.77953660 -1.32882704
v 0.69302870 0.80820792 -1.32112508
v 0.63748137 0.82814007 -1.29763842
v 0.58129735 0.83833358 -1.25954477
v 0.52729393 0.83827731 -1.20875432
v 0.47817907 0.82797407 -1.14781389
v 0.43641559 0.80794052 -1.07977931
v 0.40409769 0.77918121 -1.00806211
v 0.38284592 0.74313827 -0.93625849
v 0.37372594 0.70161903 -0.86796898
v 0.37719506 0.65670544 -0.80661790
v 0.39307932 0.61064966 -0.75528166
v 0.42058222 0.56576111 -0.71653446
v 0.45832465 0.52429071 -0.69231926
v 0.50441405 0.48831793 -0.68385030
v 0.55653930 0.45964662 -0.69155226
v 0.61208663 0.43971446 -0.71503892
v 0.66827065 0.42952095 -0.75313257
v 0.72227407 0.42957722 -0.80392302
v 0.77138894 0.43988046 -0.86486345
v 0.81315242 0.45991402 -0.93289803
v 0.84547032 0.48867332 -1.00461523
v 0.86672208 0.52471627 -1.07641886
v 0.87584206 0.56623551 -1.14470837
v 0.87237295 0.61114910 -1.20605944
v 0.85648868 0.65720488 -1.25739568
v 0.82898578 0.70209342 -1.29614288
v 0.79124335 0.74356383 -1.32035808
v 0.76281004 0.86931620 -1.26686454
v 0.70998717 0.89631146 -1.25810211
v 0.65386095 0.91382567 -1.23408304
v 0.59724578 0.92098058 -1.19601174
v 0.54298058 0.91741743 -1.14579728
v 0.49378644 0.90331488 -1.08595761
v 0.45213016 0.87938009 -1.01949335
v 0.42010055 0.84681326 -0.94973729
v 0.39930371 0.80724742 -0.88018728
v 0.39078249 0.76266656 -0.81433087
v 0.39496417 0.71530617 -0.75547036
v 0.41163907 0.66754108 -0.70655726
v 0.43997103 0.62176643 -0.67004429
v 0.47853939 0.58027757 -0.64776235
v 0.52541014 0.54515490 -0.64082876
v 0.57823301 0.51815964 -0.64959119
v 0.63435923 0.50064543 -0.67361026
v 0.69097440 0.49349052 -0.71168156
v 0.74523960 0.49705367 -0.76189602
v 0.79443374 0.51115622 -0.82173569
v 0.83609003 0.53509101 -0.88819995
v 0.86811964 0.56765784 -0.95795602
v 0.88891648 0.60722368 -1.02750602
v 0.89743770 0.65180454 -1.09336243
v 0.89325602 0.69916493 -1.15222295
v 0.87658112 0.74693002 -1.20113604
v 0.84824915 0.79270467 -1.23764901
v 0.80968080 0.83419354 -1.25993095
v 0.77798093 0.95738134 -1.19886959
v 0.72448741 0.98259735 -1.18920197
v 0.66782759 0.99761119 -1.16485291
v 0.61084262 1.00167002 -1.12704339
v 0.55638997 0.99457029 -1.07766932
v 0.50720012 0.97666802 -1.01920654
v 0.46573966 0.94886091 -0.95458661
v 0.43408759 0.91254332 -0.88704984
v 0.41383106 0.86953636 -0.81998280
v 0.40598584 0.82199658 -0.75674853
v 0.41094532 0.77230784 -0.70051785
v 0.42846079 0.72296172 -0.65411040
v 0.45765397 0.67643265 -0.61985324
v 0.49706099 0.63505379 -0.59946417
v 0.54470582 0.60090004 -0.59396559
v 0.59819933 0.57568403 -0.60363322
v 0.65485916 0.56067019 -0.62798227
v 0.71184412 0.55661136 -0.66579180
v 0.76629677 0.56371109 -0.71516586
v 0.81548662 0.58161336 -0.77362864
v 0.85694708 0.60942047 -0.83824858
v 0.88859916 0.64573806 -0.90578535
v 0.90885568 0.68874502 -0.97285238
v 0.91670090 0.73628479 -1.03608666
v 0.91174143 0.78597354 -1.09231734
v 0.89422595 0.83531966 -1.13872479
v 0.86503277 0.88184873 -1.17298195
v 0.82562575 0.92322759 -1.19337101
v 0.79057956 1.04344382 -1.12476903
v 0.73644941 1.06679118 -1.11436117
v 0.67930840 1.07923831 -1.08989426
v 0.62202182 1.08016104 -1.05259516
v 0.56746227 1.06951312 -1.00433420
v 0.51836558 1.04782846 -0.94753140
v 0.47719366 1.01619443 -0.88503507
v 0.44601106 0.97619729 -0.81997905
v 0.42638139 0.92984267 -0.75562552
v 0.41928897 0.87945497 -0.69520142
v 0.42508944 0.82756086 -0.64173669
v 0.44349194 0.77676251 -0.59791226
v 0.47357370 0.72960716 -0.56592568
v 0.51382628 0.68845940 -0.54738087
v 0.56223127 0.65538252 -0.54320777
v 0.61636142 0.63203515 -0.55361562
v 0.67350242 0.61958803 -0.57808253
v 0.73078900 0.61866529 -0.61538163
v 0.78534855 0.62931322 -0.66364259
v 0.83444524 0.65099788 -0.72044540
v 0.87561716 0.68263191 -0.78294172
v 0.90679976 0.72262905 -0.84799775
v 0.92642943 0.76898367 -0.91235128
v 0.93352185 0.81937137 -0.97277537
v 0.92772138 0.87126548 -1.02624010
v 0.90931888 0.92206383 -1.07006453
v 0.87923712 0.96921917 -1.10205112
v 0.83898454 1.01036694 -1.12059592
v 0.80052031 1.12718401 -1.04450112
v 0.74579429 1.14858844 -1.03352638
v 0.68823131 1.15842010 -1.00916196
v 0.63071783 1.15618597 -0.97262961
v 0.57613780 1.14199809 -0.92576120
v 0.52722810 1.11656790 -0.87090692
v 0.48644126 1.08117058 -0.81081738
v 0.45582251 1.03758109 -0.74850574
v 0.43690720 0.98798520 -0.68709654
v 0.43064382 0.93486984 -0.62966911
v 0.43734644 0.88089845 -0.57910310
v 0.45667897 0.82877737 -0.53793410
v 0.48767199 0.78112018 -0.50822649
v 0.52877138 0.74031660 -0.49146995
v 0.57791626 0.70841269 -0.48850470
v 0.63264228 0.68700826 -0.49947944
v 0.69020525 0.67717661 -0.52384386
v 0.74771874 0.67941073 -0.56037621
v 0.80229877 0.69359861 -0.60724462
v 0.85120847 0.71902880 -0.66209890
v 0.89199531 0.75442612 -0.72218844
v 0.92261406 0.79801561 -0.78450009
v 0.94152937 0.84761151 -0.84590928
v 0.94779275 0.90072686 -0.90333671
v 0.94109013 0.95469826 -0.95390272
v 0.92175760 1.00681933 -0.99507172
v 0.89076457 1.05447653 -1.02477933
v 0.84966518 1.09528011 -1.04153588
v 0.80772087 1.20825085 -0.95802113
v 0.75244607 1.22765431 -0.94665967
v 0.69452666 1.23484074 -0.92262459
v 0.63686697 1.22944976 -0.88712113
v 0.58235828 1.21175171 -0.84192956
v 0.53373390 1.18263403 -0.78931598
v 0.49343206 1.14355682 -0.73191867
v 0.46347365 1.09647956 -0.67261575
v 0.44536091 1.04376290 -0.61438093
v 0.44000210 0.98805029 -0.56013434
v 0.44766592 0.93213537 -0.51259613
v 0.46796809 0.87882197 -0.47415007
v 0.49989056 0.83078343 -0.44672401
v 0.54183261 0.79042861 -0.43169319
v 0.59169110 0.75978106 -0.42981133
v 0.64696590 0.74037760 -0.44117279
v 0.70488530 0.73319117 -0.46520787
v 0.76254500 0.73858215 -0.50071134
v 0.81705368 0.75628020 -0.54590290
v 0.86567806 0.78539788 -0.59851648
v 0.90597991 0.82447509 -0.65591379
v 0.93593832 0.87155235 -0.71521671
v 0.95405105 0.92426901 -0.77345153
v 0.95940987 0.97998162 -0.82769812
v 0.95174604 1.03589654 -0.87523633
v 0.93144387 1.08920994 -0.91368239
v 0.89952140 1.13724848 -0.94110846
v 0.85757935 1.17760330 -0.95613927
v 0.81210416 1.28626249 -0.86530676
v 0.75633345 1.30362422 -0.85374388
v 0.69812886 1.30815586 -0.83026952
v 0.64040903 1.29963015 -0.79606077
v 0.58606825 1.27847463 -0.75283301
v 0.53783142 1.24575012 -0.70275386
v 0.49811731 1.20309756 -0.64833449
v 0.46891736 1.15265572 -0.59230372
v 0.45169579 1.09695398 -0.53747117
v 0.44731615 1.03878545 -0.48658636
v 0.45599805 0.98106694 -0.44220088
v 0.47730615 0.92669271 -0.40654040
v 0.51017197 0.87838929 -0.38139309
v 0.55294748 0.83857883 -0.36801993
v 0.60348775 0.80925759 -0.36709151
v 0.65925846 0.79189586 -0.37865439
v 0.71746304 0.78736423 -0.40212875
v 0.77518288 0.79588993 -0.43633750
v 0.82952365 0.81704546 -0.47956526
v 0.87776049 0.84976997 -0.52964441
v 0.91747460 0.89242253 -0.58406378
v 0.94667454 0.94286437 -0.64009455
v 0.96389612 0.99856611 -0.69492711
v 0.96827576 1.05673464 -0.74581191
v 0.95959386 1.11445315 -0.79019739
v 0.93828576 1.16882738 -0.82585787
v 0.90541994 1.21713080 -0.85100519
v 0.86264442 1.25694125 -0.86437835
v 0.81360034 1.36080777 -0.76636365
v 0.75739170 1.37610502 -0.75478792
v 0.69897816 1.37799344 -0.73210799
v 0.64128883 1.36637834 -0.69946113
v 0.58721649 1.34184215 -0.65848440
v 0.53947256 1.30561522 -0.61123253
v 0.50045111 1.25951411 -0.56007494
v 0.47210885 1.20585054 -0.50757687
v 0.45586697 1.14731541 -0.45637081
v 0.45253990 1.08684392 -0.40902443
v 0.46229449 1.02746836 -0.36791188
v 0.48464159 0.97216608 -0.33509472
v 0.51846063 0.92371016 -0.31221854
v 0.56205578 0.88453037 -0.30043043
v 0.61324100 0.85659137 -0.30032152
v 0.66944965 0.84129413 -0.31189725
v 0.72786318 0.83940571 -0.33457718
v 0.78555251 0.85102081 -0.36722404
v 0.83962485 0.87555700 -0.40820077
v 0.88736878 0.91178393 -0.45545264
v 0.92639023 0.95788503 -0.50661023
v 0.95473249 1.01154861 -0.55910830
v 0.97097438 1.07008374 -0.61031436
v 0.97430144 1.13055523 -0.65766074
v 0.96454685 1.18993078 -0.69877329
v 0.94219975 1.24523307 -0.73159045
v 0.90838071 1.29368899 -0.75446664
v 0.86478556 1.33286877 -0.76625474
v 0.81214878 1.43144823 -0.66123062
v 0.75556452 1.44467682 -0.64983183
v 0.69702238 1.44395542 -0.62818008
v 0.63945789 1.42932023 -0.59736107
v 0.58575758 1.40150510 -0.55892021
v 0.53861420 1.36190480 -0.51478507
v 0.50039173 1.31250507 -0.46716878
v 0.47300680 1.25578299 -0.41845901
v 0.45783260 1.19458287 -0.37109828
v 0.45563003 1.13197353 -0.32746146
v 0.46650954 1.07109446 -0.28973667
v 0.48992557 1.01499839 -0.25981559
v 0.52470397 0.96649822 -0.23919859
v 0.56910078 0.92802594 -0.22891950
v 0.62088977 0.90151071 -0.22949375
v 0.67747403 0.88828213 -0.24089254
v 0.73601617 0.88900353 -0.26254429
v 0.79358066 0.90363872 -0.29336330
v 0.84728097 0.93145385 -0.33180416
v 0.89442435 0.97105415 -0.37593930
v 0.93264682 1.02045388 -0.42355559
v 0.96003175 1.07717595 -0.47226536
v 0.97520595 1.13837608 -0.51962609
v 0.97740852 1.20098542 -0.56326291
v 0.96652901 1.26186449 -0.60098770
v 0.94311297 1.31796056 -0.63090878
v 0.90833458 1.36646073 -0.65152578
v 0.86393777 1.40493301 -0.66180487
v 0.80770000 1.49772089 -0.54998472
v 0.75080597 1.50889549 -0.53895180
v 0.69221872 1.50561989 -0.51855951
v 0.63487608 1.48805833 -0.48983040
v 0.58165344 1.45709142 -0.45420508
v 0.53521961 1.41427198 -0.41346994
v 0.49790298 1.36174715 -0.36966761
v 0.47157475 1.30215074 -0.32499453
v 0.45755513 1.23847118 -0.28169079
v 0.45654713 1.17390161 -0.24192782
v 0.46860129 1.11167982 -0.20769950
v 0.49311316 1.05492588 -0.18072219
v 0.52885362 1.00648567 -0.16234863
v 0.57403049 0.96878817 -0.15350016
v 0.62637842 0.94372371 -0.15462047
v 0.68327246 0.93254911 -0.16565339
v 0.74185970 0.93582471 -0.18604567
v 0.79920234 0.95338627 -0.21477478
v 0.85242498 0.98435318 -0.25040010
v 0.89885881 1.02717262 -0.29113524
v 0.93617545 1.07969745 -0.33493757
v 0.96250368 1.13929386 -0.37961065
v 0.97652330 1.20297342 -0.42291439
v 0.97753130 1.26754299 -0.46267736
v 0.96547714 1.32976478 -0.49690568
v 0.94096526 1.38651872 -0.52388300
v 0.90522480 1.43495893 -0.54225655
v 0.86004793 1.47265643 -0.55110503
v 0.80021764 1.55914160 -0.43274589
v 0.74308223 1.56829576 -0.42226474
v 0.68453555 1.56254379 -0.40335821
v 0.62751337 1.54217413 -0.37697436
v 0.57487502 1.50820819 -0.34443619
v 0.52926001 1.46234916 -0.30737529
v 0.49295566 1.40689661 -0.26765005
v 0.46778243 1.34463117 -0.22725247
v 0.45500261 1.27867507 -0.18820824
v 0.45525703 1.21233564 -0.15247520
v 0.46853293 1.14893941 -0.12184517
v 0.49416460 1.09166533 -0.09785405
v 0.53086677 1.04338537 -0.08170486
v 0.57679904 1.00652048 -0.07420739
v 0.62965816 0.98291922 -0.07573760
v 0.68679357 0.97376506 -0.08621875
v 0.74534025 0.97951703 -0.10512528
v 0.80236243 0.99988669 -0.13150912
v 0.85500078 1.03385263 -0.16404730
v 0.90061579 1.07971166 -0.20110820
v 0.93692013 1.13516421 -0.24083344
v 0.96209336 1.19742965 -0.28123102
v 0.97487319 1.26338575 -0.32027525
v 0.97461877 1.32972518 -0.35600829
v 0.96134287 1.39312141 -0.38663832
v 0.93571119 1.45039548 -0.41062944
v 0.89900902 1.49867545 -0.42677863
v 0.85307676 1.53554034 -0.43427610
v 0.78968018 1.61520894 -0.30968129
v 0.73237346 1.62239480 -0.29993259
v 0.67395408 1.61426631 -0.28273057
v 0.61735144 1.59123109 -0.25893782
v 0.56540382 1.55444421 -0.22974740
v 0.52071611 1.50575032 -0.19662305
v 0.48552912 1.44759113 -0.16122575
v 0.46160729 1.38288298 -0.12533048
v 0.45015014 1.31487063 -0.09073717
v 0.45173220 1.24696448 -0.05918047
v 0.46627412 1.18256964 -0.03224278
v 0.49304672 1.12491513 -0.01127486
v 0.53070750 1.07689199 0.00267188
v 0.57736800 1.04090830 0.00889808
v 0.63068847 1.01876843 0.00709153
v 0.68799519 1.01158258 -0.00265717
v 0.74641457 1.01971106 -0.01985919
v 0.80301721 1.04274628 -0.04365194
v 0.85496482 1.07953316 -0.07284236
v 0.89965254 1.12822706 -0.10596671
v 0.93483952 1.18638625 -0.14136401
v 0.95876136 1.25109439 -0.17725928
v 0.97021851 1.31910674 -0.21185259
v 0.96863645 1.38701289 -0.24340929
v 0.95409453 1.45140774 -0.27034698
v 0.92732193 1.50906225 -0.29131490
v 0.88966115 1.55708539 -0.30526164
v 0.84300064 1.59306907 -0.31148783
v 0.77608274 1.66540873 -0.18100908
v 0.71867542 1.67069646 -0.17216615
v 0.66047007 1.66031270 -0.15687729
v 0.60438534 1.63477813 -0.13590916
v 0.55323356 1.59537316 -0.11031317
v 0.50957969 1.54407373 -0.08137282
v 0.47561272 1.48345219 -0.05053929
v 0.45303589 1.41654837 -0.01935872
v 0.44298131 1.34671710 0.01060538
v 0.44595314 1.27746002 0.03785048
v 0.46180238 1.21224996 0.06101040
v 0.48973427 1.15435682 0.07892381
v 0.52834819 1.10668363 0.09069244
v 0.57570787 1.07162089 0.09572617
v 0.62943852 1.05092681 0.09377260
v 0.68684583 1.04563908 0.08492967
v 0.74505119 1.05602284 0.06964081
v 0.80113592 1.08155741 0.04867268
v 0.85228770 1.12096238 0.02307669
v 0.89594157 1.17226182 -0.00586366
v 0.92990854 1.23288336 -0.03669719
v 0.95248536 1.29978718 -0.06787776
v 0.96253995 1.36961845 -0.09784186
v 0.95956811 1.43887553 -0.12508696
v 0.94371888 1.50408559 -0.14824688
v 0.91578699 1.56197872 -0.16616029
v 0.87717307 1.60965192 -0.17792892
v 0.82981338 1.64471465 -0.18296265
v 0.75943861 1.70921893 -0.04700170
v 0.70200110 1.71269594 -0.03922846
v 0.64409537 1.70019862 -0.02604887
v 0.58862506 1.67235362 -0.00812381
v 0.53837167 1.63055722 0.01364787
v 0.49585512 1.57690526 0.03817446
v 0.46320737 1.51408808 0.06422609
v 0.44206551 1.44525558 0.09049642
v 0.43348968 1.37385933 0.11566815
v 0.43790992 1.30347942 0.13847906
v 0.45510457 1.23764499 0.15778532
v 0.48421142 1.17965727 0.17261884
v 0.52377093 1.13242400 0.18223579
v 0.57179943 1.09831364 0.18615394
v 0.62588855 1.07903664 0.18417682
v 0.68332606 1.07555963 0.17640358
v 0.74123179 1.08805696 0.16322399
v 0.79670211 1.11590195 0.14529894
v 0.84695550 1.15769835 0.12352725
v 0.88947205 1.21135031 0.09900066
v 0.92211980 1.27416749 0.07294903
v 0.94326166 1.34299999 0.04667870
v 0.95183748 1.41439624 0.02150697
v 0.94741724 1.48477616 -0.00130394
v 0.93022259 1.55061058 -0.02061020
v 0.90111574 1.60859830 -0.03544371
v 0.86155623 1.65583158 -0.04506066
v 0.81352774 1.68994193 -0.04897882
v 0.73978066 1.74611497 0.09201141
v 0.68238212 1.74788482 0.09856242
v 0.62485941 1.73343492 0.10945152
v 0.57009697 1.70348984 0.12413267
v 0.52084081 1.65955116 0.14186971
v 0.47956085 1.60382214 0.16177322
v 0.44832702 1.53909727 0.18284516
v 0.42870553 1.46862214 0.20402890
v 0.42168028 1.39593064 0.22426218
v 0.42760355 1.32466785 0.24253044
v 0.44617831 1.25840717 0.25791763
v 0.47647315 1.20047119 0.26965216
v 0.51696897 1.15376506 0.27714562
v 0.56563513 1.12063083 0.28002226
v 0.62003130 1.10272997 0.27813782
v 0.67742985 1.10096012 0.27158681
v 0.73495255 1.11541003 0.26069771
v 0.78971499 1.14535511 0.24601656
v 0.83897115 1.18929379 0.22827952
v 0.88025112 1.24502281 0.20837601
v 0.91148494 1.30974767 0.18730407
v 0.93110643 1.38022281 0.16612033
v 0.93813168 1.45291430 0.14588704
v 0.93220842 1.52417710 0.12761878
v 0.91363365 1.59043778 0.11223160
v 0.88333881 1.64837376 0.10049707
v 0.84284300 1.69507989 0.09300361
v 0.79417684 1.72821412 0.09012697
v 0.71716259 1.77557551 0.23564179
v 0.65987000 1.77575659 0.24083117
v 0.60281047 1.75953287 0.24926558
v 0.54884521 1.72771787 0.26052209
v 0.50068026 1.68190692 0.27403625
v 0.46073082 1.62439717 0.28913040
v 0.43100011 1.55807241 0.30504767
v 0.41297896 1.48625844 0.32098988
v 0.40757102 1.41255631 0.33615764
v 0.41504747 1.34066175 0.34979036
v 0.43503341 1.27417985 0.36120446
v 0.46652667 1.21644430 0.36982756
v 0.50794803 1.17035019 0.37522729
v 0.55722045 1.13820888 0.37713286
v 0.61187322 1.12163207 0.37544874
v 0.66916582 1.12145098 0.37025936
v 0.72622535 1.13767471 0.36182495
v 0.78019061 1.16948971 0.35056844
v 0.82835555 1.21530066 0.33705428
v 0.86830500 1.27281041 0.32196012
v 0.89803571 1.33913517 0.30604286
v 0.91605686 1.41094914 0.29010064
v 0.92146480 1.48465127 0.27493289
v 0.91398834 1.55654583 0.26130016
v 0.89400240 1.62302773 0.24988607
v 0.86250915 1.68076328 0.24126296
v 0.82108779 1.72685739 0.23586324
v 0.77181536 1.75899870 0.23395766
v 0.69165995 1.79708836 0.38344057
v 0.63453726 1.79581242 0.38714364
v 0.57801683 1.77800969 0.39297816
v 0.52493283 1.74457285 0.40065157
v 0.47794712 1.69717859 0.40977909
v 0.43941575 1.63820344 0.41990304
v 0.41127084 1.57060466 0.43051574
v 0.39492371 1.49777194 0.44108504
v 0.39119406 1.42335742 0.45108096
v 0.40026892 1.35109255 0.46000224
v 0.42169323 1.28460099 0.46740154
v 0.45439269 1.22721691 0.47290784
v 0.49672761 1.18181778 0.47624501
v 0.54657514 1.15068011 0.47724573
v 0.60143572 1.13536527 0.47585980
v 0.65855841 1.13664121 0.47215674
v 0.71507884 1.15444395 0.46632222
v 0.76816284 1.18788078 0.45864880
v 0.81514855 1.23527505 0.44952128
v 0.85367992 1.29425020 0.43939734
v 0.88182483 1.36184897 0.42878463
v 0.89817196 1.43468169 0.41821533
v 0.90190161 1.50909622 0.40821942
v 0.89282675 1.58136109 0.39929814
v 0.87140244 1.64785265 0.39189883
v 0.83870298 1.70523673 0.38639254
v 0.79636807 1.75063585 0.38305536
v 0.74652053 1.78177352 0.38205465
v 0.66337096 1.81015677 0.53489780
v 0.60647832 1.80756720 0.53700598
v 0.55056777 1.78839434 0.54011610
v 0.49844289 1.75359959 0.54407221
v 0.45271745 1.70492772 0.54867591
v 0.41568431 1.64481933 0.55369638
v 0.38920046 1.57628850 0.55888185
v 0.37459392 1.50277167 0.56397231
v 0.37259711 1.42795526 0.56871250
v 0.38331018 1.35559089 0.57286473
v 0.40619591 1.28930721 0.57622079
v 0.44010673 1.23242796 0.57861239
v 0.48334220 1.18780530 0.57991960
v 0.53373432 1.15767680 0.58007688
v 0.58875621 1.14355323 0.57907635
v 0.64564885 1.14614280 0.57696816
v 0.70155941 1.16531566 0.57385804
v 0.75368429 1.20011040 0.56990194
v 0.79940973 1.24878228 0.56529823
v 0.83644287 1.30889067 0.56027776
v 0.86292672 1.37742149 0.55509229
v 0.87753326 1.45093833 0.55000183
v 0.87953007 1.52575474 0.54526164
v 0.86881700 1.59811911 0.54110941
v 0.84593127 1.66440279 0.53775335
v 0.81202045 1.72128204 0.53536175
v 0.76878498 1.76590470 0.53405454
v 0.71839286 1.79603320 0.53389726
v 0.63241710 1.81430574 0.68944250
v 0.57581014 1.81055577 0.68986447
v 0.52057426 1.79023364 0.69014782
v 0.46947924 1.75435839 0.69027833
v 0.42508718 1.70472896 0.69024946
v 0.38962409 1.64383396 0.69006265
v 0.36486824 1.57472694 0.68972729
v 0.35206098 1.50087321 0.68926017
v 0.35184453 1.42597609 0.68868473
v 0.36422975 1.35379125 0.68802982
v 0.38859558 1.28793834 0.68732827
v 0.42372021 1.23171949 0.68661528
v 0.46784237 1.18795375 0.68592659
v 0.51874956 1.15883572 0.68529673
v 0.57388911 1.14582549 0.68475729
v 0.63049607 1.14957547 0.68433531
v 0.68573194 1.16989760 0.68405197
v 0.73682697 1.20577285 0.68392146
v 0.78121902 1.25540228 0.68395033
v 0.81668211 1.31629728 0.68413713
v 0.84143797 1.38540430 0.68447250
v 0.85424522 1.45925803 0.68493962
v 0.85446167 1.53415515 0.68551506
v 0.84207646 1.60633999 0.68616997
v 0.81771063 1.67219290 0.68687151
v 0.78258599 1.72841175 0.68758451
v 0.73846384 1.77217749 0.68827320
v 0.68755664 1.80129552 0.68890306
v 0.59894342 1.80908854 0.84644352
v 0.54267264 1.80433929 0.84510607
v 0.48816955 1.78309844 0.84248355
v 0.43816717 1.74643108 0.83870749
v 0.39517284 1.69617587 0.83396722
v 0.36134246 1.63485282 0.82850045
v 0.33837243 1.56553692 0.82258130
v 0.32741456 1.49170396 0.81650658
v 0.32901834 1.41705623 0.81058090
v 0.34310333 1.34533688 0.80510140
v 0.36896326 1.28014222 0.80034285
v 0.40530140 1.22474139 0.79654386
v 0.45029561 1.18191240 0.79389493
v 0.50168969 1.15380289 0.79252889
v 0.55690653 1.14182238 0.79251422
v 0.61317732 1.14657162 0.79385168
v 0.66768040 1.16781248 0.79647419
v 0.71768278 1.20447984 0.80025026
v 0.76067711 1.25473505 0.80499052
v 0.79450750 1.31605810 0.81045730
v 0.81747752 1.38537400 0.81637645
v 0.82843539 1.45920696 0.82245117
v 0.82683161 1.53385469 0.82837685
v 0.81274662 1.60557404 0.83385634
v 0.78688669 1.67076869 0.83861489
v 0.75054855 1.72616953 0.84241388
v 0.70555434 1.76899852 0.84506282
v 0.65416026 1.79710803 0.84642886
v 0.56311868 1.79409311 1.00521110
v 0.50722892 1.78851163 1.00205973
v 0.45350939 1.76658992 0.99647643
v 0.40465382 1.72942722 0.98874118
v 0.36311202 1.67888702 0.97924186
v 0.33096709 1.61750362 0.96845479
v 0.30983089 1.54835505 0.95692089
v 0.30076329 1.47490869 0.94521852
v 0.30421897 1.40084746 0.93393448
v 0.32002465 1.32988510 0.92363460
v 0.34738778 1.26557995 0.91483536
v 0.38493624 1.21115654 0.90797799
v 0.43078719 1.16934389 0.90340635
v 0.48264150 1.14223867 0.90134968
v 0.53789895 1.13120003 0.90191110
v 0.59378871 1.13678151 0.90506248
v 0.64750824 1.15870322 0.91064577
v 0.69636381 1.19586592 0.91838102
v 0.73790560 1.24640612 0.92788035
v 0.77005054 1.30778952 0.93866741
v 0.79118674 1.37693809 0.95020131
v 0.80025434 1.45038445 0.96190368
v 0.79679866 1.52444568 0.97318772
v 0.78099297 1.59540804 0.98348760
v 0.75362985 1.65971319 0.99228684
v 0.71608139 1.71413660 0.99914421
v 0.67023043 1.75594925 1.00371585
v 0.61837613 1.78305447 1.00577253
v 0.52513511 1.76894850 1.16499921
v 0.46966515 1.76270571 1.15999853
v 0.41677211 1.74034591 1.15142425
v 0.36910827 1.70299029 1.13970630
v 0.32906369 1.65251204 1.12543229
v 0.29864637 1.59144233 1.10931796
v 0.27938157 1.52284347 1.09217136
v 0.27223530 1.45015528 1.07485229
v 0.27756590 1.37702265 1.05822920
v 0.29510608 1.30711276 1.04313564
v 0.32397630 1.24393119 1.03032847
v 0.36272889 1.19064611 1.02044988
v 0.40942062 1.14992947 1.01399525
v 0.46171019 1.12382297 1.01128821
v 0.51697557 1.11363570 1.01246453
v 0.57244553 1.11987849 1.01746521
v 0.62533856 1.14223830 1.02603949
v 0.67300241 1.17959391 1.03775744
v 0.71304699 1.23007217 1.05203145
v 0.74346431 1.29114187 1.06814578
v 0.76272911 1.35974074 1.08529238
v 0.76987538 1.43242893 1.10261145
v 0.76454478 1.50556155 1.11923454
v 0.74700460 1.57547144 1.13432810
v 0.71813437 1.63865302 1.14713527
v 0.67938179 1.69193809 1.15701386
v 0.63269005 1.73265473 1.16346849
v 0.58040049 1.75876123 1.16617553
v 0.48520800 1.73333114 1.32500870
v 0.43019025 1.72659981 1.31814251
v 0.37815838 1.70404710 1.30657200
v 0.33172150 1.66680391 1.29087737
v 0.29320814 1.61673775 1.27184561
v 0.26454951 1.55635917 1.25043106
v 0.24718270 1.48869578 1.22770753
v 0.24197852 1.41714052 1.20481446
v 0.24919796 1.34528146 1.18289983
v 0.26847899 1.27672192 1.16306251
v 0.29885479 1.21489976 1.14629723
v 0.33880218 1.16291501 1.13344468
v 0.38631803 1.12337438 1.12514933
v 0.43901971 1.09826063 1.12182715
v 0.49426452 1.08883304 1.12364473
v 0.54928227 1.09556437 1.13051092
v 0.60131413 1.11811708 1.14208143
v 0.64775102 1.15536027 1.15777606
v 0.68626438 1.20542643 1.17680781
v 0.71492300 1.26580502 1.19822237
v 0.73228982 1.33346840 1.22094590
v 0.73749399 1.40502367 1.24383896
v 0.73027455 1.47688272 1.26575360
v 0.71099352 1.54544226 1.28559092
v 0.68061773 1.60726442 1.30235620
v 0.64067034 1.65924918 1.31520875
v 0.59315449 1.69878980 1.32350410
v 0.54045281 1.72390356 1.32682628
v 0.44357498 1.68697085 1.48439113
v 0.38903524 1.67992359 1.47566225
v 0.33789070 1.65742318 1.46111524
v 0.29270595 1.62059788 1.44147954
v 0.25574675 1.57129427 1.41773977
v 0.22886639 1.51198463 1.39108635
v 0.21341275 1.44564300 1.36285578
v 0.21016076 1.37559602 1.33446367
v 0.21927347 1.30535615 1.30733371
v 0.24029394 1.23844550 1.28282631
v 0.27216812 1.17821925 1.26217038
v 0.31329769 1.12769740 1.24640169
v 0.36162026 1.08941333 1.23631095
v 0.41471272 1.06528675 1.23240415
v 0.46991280 1.05652748 1.23487720
v 0.52445254 1.06357473 1.24360608
v 0.57559708 1.08607515 1.25815309
v 0.62078183 1.12290044 1.27778879
v 0.65774103 1.17220406 1.30152855
v 0.68462139 1.23151369 1.32818198
v 0.70007503 1.29785532 1.35641255
v 0.70332702 1.36790230 1.38480466
v 0.69421431 1.43814217 1.41193462
v 0.67319384 1.50505282 1.43644202
v 0.64131966 1.56527907 1.45709795
v 0.60019009 1.61580092 1.47286664
v 0.55186752 1.65408499 1.48295738
v 0.49877506 1.67821157 1.48686418
v 0.40049502 1.62965662 1.64225340
v 0.34645240 1.62246395 1.63168330
v 0.29621261 1.60025862 1.61420412
v 0.25229489 1.56415410 1.59069235
v 0.21690147 1.51596082 1.56232697
v 0.19180711 1.45809539 1.53053034
v 0.17827015 1.39345942 1.49689687
v 0.17696939 1.32529404 1.46311308
v 0.18797006 1.25701734 1.43087304
v 0.21072054 1.19205300 1.40179340
v 0.24408001 1.13365860 1.37733232
v 0.28637571 1.08476228 1.35871640
v 0.33548674 1.04781591 1.34687911
v 0.38895048 1.02467213 1.34241402
v 0.44408603 1.01649146 1.34554503
v 0.49812866 1.02368413 1.35611514
v 0.54836844 1.04588946 1.37359431
v 0.59228616 1.08199398 1.39710608
v 0.62767958 1.13018727 1.42547146
v 0.65277394 1.18805270 1.45726809
v 0.66631090 1.25268866 1.49090157
v 0.66761166 1.32085404 1.52468535
v 0.65661099 1.38913074 1.55692539
v 0.63386052 1.45409509 1.58600503
v 0.60050104 1.51248949 1.61046611
v 0.55820534 1.56138580 1.62908203
v 0.50909431 1.59833218 1.64091932
v 0.45563057 1.62147596 1.64538441
v 0.35624722 1.56124203 1.79766302
v 0.30271407 1.55407051 1.78529116
v 0.25338768 1.53239832 1.76494820
v 0.21074149 1.49731219 1.73765421
v 0.17691397 1.45057147 1.70477784
v 0.15360135 1.39451996 1.66796764
v 0.14197264 1.33196830 1.62906943
v 0.14261095 1.26605310 1.59003372
v 0.15548426 1.20007962 1.55281794
v 0.17994706 1.13735605 1.51928823
v 0.21477268 1.08102760 1.49112591
v 0.25821482 1.03391882 1.46974316
v 0.30809511 0.99839194 1.45621221
v 0.36191234 0.97622844 1.45121154
v 0.41696789 0.96853967 1.45499192
v 0.47050105 0.97571118 1.46736378
v 0.51982744 0.99738338 1.48770674
v 0.56247362 1.03246951 1.51500072
v 0.59630115 1.07921022 1.54787709
v 0.61961376 1.13526174 1.58468729
v 0.63124247 1.19781339 1.62358551
v 0.63060417 1.26372859 1.66262121
v 0.61773086 1.32970208 1.69983700
v 0.59326805 1.39242565 1.73336671
v 0.55844243 1.44875410 1.76152903
v 0.51500029 1.49586288 1.78291177
v 0.46512000 1.53138975 1.79644273
v 0.41130277 1.55355326 1.80144339
v 0.31112924 1.48165020 1.94965404
v 0.25811126 1.47466069 1.93553711
v 0.20969817 1.45375273 1.91242195
v 0.16831761 1.41997473 1.88146765
v 0.13604457 1.37502046 1.84422638
v 0.11449737 1.32114412 1.80256559
v 0.10475645 1.26104729 1.75857432
v 0.10731028 1.19774348 1.71445847
v 0.12203079 1.13440700 1.67243019
v 0.14817984 1.07421381 1.63459697
v 0.18444621 1.02018224 1.60285591
v 0.22901134 0.97502168 1.57879864
v 0.27964056 0.94099665 1.56363150
v 0.33379510 0.91981331 1.55811503
v 0.38875943 0.91253388 1.56252585
v 0.44177741 0.91952339 1.57664278
v 0.49019050 0.94043135 1.59975794
v 0.53157106 0.97420935 1.63071224
v 0.56384409 1.01916362 1.66795351
v 0.58539130 1.07303996 1.70961430
v 0.59513222 1.13313679 1.75360557
v 0.59257839 1.19644060 1.79772142
v 0.57785788 1.25977708 1.83974970
v 0.55170883 1.31997027 1.87758292
v 0.51544246 1.37400184 1.90932398
v 0.47087733 1.41916240 1.93338125
v 0.42024811 1.45318743 1.94854839
v 0.36609357 1.47437077 1.95406486
v 0.26545556 1.39087827 2.09723368
v 0.21295195 1.38422430 2.08144454
v 0.16544345 1.36430261 2.05567090
v 0.12531232 1.33211216 2.02120514
v 0.09457092 1.28926712 1.97977553
v 0.07476074 1.23791592 1.93345952
v 0.06687514 1.18063351 1.88457960
v 0.07130955 1.12029229 1.83558679
v 0.08784161 1.05991801 1.78893781
v 0.11564233 1.00253808 1.74697183
v 0.15331766 0.95102978 1.71179320
v 0.19897841 0.90797595 1.68516593
v 0.25033495 0.87553549 1.66842521
v 0.30481206 0.85533509 1.66241050
v 0.35967802 0.84838770 1.66742340
v 0.41218163 0.85504168 1.68321254
v 0.45969013 0.87496337 1.70898618
v 0.49982126 0.90715381 1.74345194
v 0.53056266 0.94999885 1.78488155
v 0.55037284 1.00135006 1.83119755
v 0.55825844 1.05863246 1.88007748
v 0.55382402 1.11897368 1.92907029
v 0.53729197 1.17934797 1.97571927
v 0.50949125 1.23672789 2.01768525
v 0.47181592 1.28823619 2.05286388
v 0.42615517 1.33129002 2.07949115
v 0.37479863 1.36373049 2.09623187
v 0.32032152 1.38393088 2.10224658
v 0.21955550 1.28900136 2.23938944
v 0.16755919 1.28282762 2.22201598
v 0.12093816 1.26410322 2.19371841
v 0.08203019 1.23376708 2.15591570
v 0.05278629 1.19334037 2.11050343
v 0.03467286 1.14485027 2.05975876
v 0.02859820 1.09072827 2.00622623
v 0.03486691 1.03368826 1.95259020
v 0.05316465 0.97659049 1.90154020
v 0.08257390 0.92229805 1.85563608
v 0.12161995 0.87353342 1.81717968
v 0.16834487 0.83274184 1.78809936
v 0.22040568 0.80196878 1.76985332
v 0.27519184 0.78275732 1.76335650
v 0.32995613 0.77607082 1.76893467
v 0.38195244 0.78224456 1.78630813
v 0.42857347 0.80096895 1.81460569
v 0.46748144 0.83130510 1.85240840
v 0.49672534 0.87173180 1.89782068
v 0.51483876 0.92022190 1.94856535
v 0.52091343 0.97434391 2.00209787
v 0.51464472 1.03138391 2.05573391
v 0.49634698 1.08848169 2.10678391
v 0.46693773 1.14277412 2.15268802
v 0.42789168 1.19153876 2.19114442
v 0.38116676 1.23233034 2.22022475
v 0.32910595 1.26310340 2.23847079
v 0.27431979 1.28231485 2.24496761
v 0.17377098 1.17617580 2.37509672
v 0.12226889 1.17061687 2.35624054
v 0.07651015 1.15328797 2.32557302
v 0.03878928 1.12505805 2.28463194
v 0.01099777 1.08734267 2.23547027
v -0.00547080 1.04203304 2.18055318
v -0.00979064 0.99140117 2.12263444
v -0.00174511 0.93798596 2.06461833
v 0.01826233 0.88446587 2.00941403
v 0.04922844 0.83352462 1.95978971
v 0.08960043 0.78771662 1.91823375
v 0.13735391 0.74933886 1.88682992
v 0.19009429 0.72031578 1.86715296
v 0.24517697 0.70210271 1.86018954
v 0.29983986 0.69561292 1.86628884
v 0.35134194 0.70117186 1.88514501
v 0.39710068 0.71850076 1.91581254
v 0.43482155 0.74673068 1.95675361
v 0.46261306 0.78444606 2.00591528
v 0.47908164 0.82975569 2.06083237
v 0.48340147 0.88038755 2.11875112
v 0.47535595 0.93380276 2.17676722
v 0.45534851 0.98732286 2.23197152
v 0.42438240 1.03826411 2.28159584
v 0.38401040 1.08407211 2.32315181
v 0.33625693 1.12244987 2.35455563
v 0.28351654 1.15147295 2.37423260
v 0.22843387 1.16968602 2.38119602
v 0.12845404 1.05264188 2.50332695
v 0.07742751 1.04782100 2.48310195
v 0.03249818 1.03207138 2.45023618
v -0.00408103 1.00618276 2.40637768
v -0.03047587 0.97145330 2.35372568
v -0.04536279 0.92962449 2.29492039
v -0.04799531 0.88279380 2.23291054
v -0.03824142 0.83330952 2.17080557
v -0.01659021 0.78365298 2.11171968
v 0.01587262 0.73631419 2.05861568
v 0.05751926 0.69366690 2.01415643
v 0.10626138 0.65784963 1.98057130
v 0.15965482 0.63065840 1.95954439
v 0.21502224 0.61345670 1.95213008
v 0.26958727 0.60710709 1.95870015
v 0.32061380 0.61192796 1.97892515
v 0.36554314 0.62767759 2.01179091
v 0.40212234 0.65356621 2.05564942
v 0.42851718 0.68829567 2.10830141
v 0.44340410 0.73012448 2.16710671
v 0.44603662 0.77695517 2.22911655
v 0.43628273 0.82643945 2.29122153
v 0.41463152 0.87609598 2.35030742
v 0.38216869 0.92343478 2.40341142
v 0.34052205 0.96608207 2.44787067
v 0.29177994 1.00189934 2.48145580
v 0.23838649 1.02909057 2.50248271
v 0.18301907 1.04629227 2.50989702
v 0.08396429 0.91872568 2.62305603
v 0.03338943 0.91475380 2.60158687
v -0.01075062 0.90075135 2.56671058
v -0.04624251 0.87742047 2.52017601
v -0.07130653 0.84593106 2.46431659
v -0.08468585 0.80786214 2.40193334
v -0.08570959 0.76512264 2.33615442
v -0.07432640 0.71985570 2.27027827
v -0.05110710 0.67433119 2.20760818
v -0.01721599 0.63083191 2.15128670
v 0.02564749 0.59153908 2.10413802
v 0.07533398 0.55842301 2.06852638
v 0.12935199 0.53314428 2.04623748
v 0.18499284 0.51697048 2.03838899
v 0.23946646 0.51071262 2.04537447
v 0.29004132 0.51468450 2.06684362
v 0.33418137 0.52868695 2.10171991
v 0.36967327 0.55201783 2.14825449
v 0.39473728 0.58350724 2.20411391
v 0.40811660 0.62157616 2.26649716
v 0.40914034 0.66431565 2.33227607
v 0.39775716 0.70958259 2.39815223
v 0.37453785 0.75510710 2.46082231
v 0.34064674 0.79860639 2.51714379
v 0.29778326 0.83789922 2.56429247
v 0.24809677 0.87101529 2.59990412
v 0.19407876 0.89629401 2.62219301
v 0.13843791 0.91246782 2.63004150
v 0.04066605 0.77484029 2.73327308
v -0.00948577 0.77181522 2.71069362
v -0.05288339 0.75971072 2.67400866
v -0.08735068 0.73913377 2.62505773
v -0.11115930 0.71111618 2.56629544
v -0.12311539 0.67706287 2.50066837
v -0.12261942 0.63868140 2.43146733
v -0.10969626 0.59789640 2.36216236
v -0.08499392 0.55675299 2.29622870
v -0.04975110 0.51731427 2.23697254
v -0.00573501 0.48155786 2.18736522
v 0.04484720 0.45127674 2.14989427
v 0.09945913 0.42798934 2.12643863
v 0.15536230 0.41286337 2.11817447
v 0.20975349 0.40665733 2.12551619
v 0.25990531 0.40968240 2.14809565
v 0.30330294 0.42178689 2.18478061
v 0.33777023 0.44236384 2.23373154
v 0.36157885 0.47038143 2.29249383
v 0.37353494 0.50443475 2.35812090
v 0.37303897 0.54281621 2.42732194
v 0.36011580 0.58360122 2.49662691
v 0.33541347 0.62474463 2.56256057
v 0.30017065 0.66418335 2.62181673
v 0.25615456 0.69993976 2.67142405
v 0.20557235 0.73022087 2.70889501
v 0.15096042 0.75350828 2.73235064
v 0.09505725 0.76863424 2.74061480
v -0.00107454 0.62148618 2.83298941
v -0.05083622 0.61949195 2.80944107
v -0.09354442 0.60941803 2.77116145
v -0.12705758 0.59176956 2.72007005
v -0.14969520 0.56743151 2.65872879
v -0.16032213 0.53762429 2.59021359
v -0.15840550 0.50384257 2.51796008
v -0.14404142 0.46778029 2.44559137
v -0.11795016 0.43124577 2.37673631
v -0.08144005 0.39607100 2.31484758
v -0.03634185 0.36401980 2.26302856
v 0.01508303 0.33669935 2.22387765
v 0.07025591 0.31547960 2.19935805
v 0.12641021 0.30142460 2.19069928
v 0.18073012 0.29523913 2.19833552
v 0.23049180 0.29723336 2.22188385
v 0.27320001 0.30730728 2.26016348
v 0.30671316 0.32495575 2.31125488
v 0.32935078 0.34929380 2.37259614
v 0.33997771 0.37910102 2.44111134
v 0.33806108 0.41288275 2.51336485
v 0.32369700 0.44894503 2.58573356
v 0.29760574 0.48547955 2.65458862
v 0.26109563 0.52065431 2.71647734
v 0.21599743 0.55270551 2.76829637
v 0.16457256 0.58002597 2.80744728
v 0.10939967 0.60124572 2.83196687
v 0.05324537 0.61530071 2.84062565
v -0.04089261 0.45925078 2.92124761
v -0.09030079 0.45835717 2.89687771
v -0.13237814 0.45042741 2.85722758
v -0.16501472 0.43585914 2.80428545
v -0.18657399 0.41538287 2.74070604
v -0.19597488 0.39002537 2.66967751
v -0.19274600 0.36105816 2.59476151
v -0.17704925 0.32993379 2.51971465
v -0.14967173 0.29821296 2.44830010
v -0.11198627 0.26748628 2.38409886
v -0.06588257 0.23929452 2.33033027
v -0.01367247 0.21505133 2.28969051
v 0.04202601 0.19597237 2.26421741
v 0.09841990 0.18301433 2.25518832
v 0.15268139 0.17682699 2.26305598
v 0.20208957 0.17772060 2.28742588
v 0.24416692 0.18565035 2.32707601
v 0.27680349 0.20021862 2.38001815
v 0.29836276 0.22069489 2.44359755
v 0.30776366 0.24605240 2.51462609
v 0.30453477 0.27501960 2.58954208
v 0.28883802 0.30614398 2.66458894
v 0.26146051 0.33786481 2.73600350
v 0.22377505 0.36859149 2.80020473
v 0.17767135 0.39678325 2.85397332
v 0.12546125 0.42102644 2.89461309
v 0.06976277 0.44010540 2.92008618
v 0.01336888 0.45306344 2.92911528
v -0.07842769 0.28880718 2.99713070
v -0.12752221 0.28906940 2.97209079
v -0.16903218 0.28337774 2.93130238
v -0.20087611 0.27201759 2.87681077
v -0.22145721 0.25555862 2.81134840
v -0.22974348 0.23482613 2.73819783
v -0.22531938 0.21085974 2.66102713
v -0.20840678 0.18486123 2.58370596
v -0.17985374 0.15813427 2.51011153
v -0.14109202 0.13201907 2.44393418
v -0.09406530 0.10782514 2.38849230
v -0.04113170 0.08676567 2.34656599
v 0.01505448 0.06989667 2.32025761
v 0.07167581 0.05806403 2.31088637
v 0.12589308 0.05186108 2.31892218
v 0.17498760 0.05159886 2.34396209
v 0.21649756 0.05729052 2.38475051
v 0.24834149 0.06865067 2.43924212
v 0.26892260 0.08510964 2.50470448
v 0.27720886 0.10584213 2.57785505
v 0.27278477 0.12980852 2.65502575
v 0.25587217 0.15580703 2.73234692
v 0.22731912 0.18253399 2.80594135
v 0.18855740 0.20864919 2.87211870
v 0.14153068 0.23284312 2.92756058
v 0.08859708 0.25390259 2.96948689
v 0.03241091 0.27077159 2.99579527
v -0.02421043 0.28260423 3.00516651
v -0.11332692 0.11091207 3.05977118
v -0.16215025 0.11237063 3.03421539
v -0.20316056 0.10899085 2.99252690
v -0.23430140 0.10094221 2.93679617
v -0.25401126 0.08862832 2.86981776
v -0.26130179 0.07266662 2.79495025
v -0.25580741 0.05385752 2.71594781
v -0.23780365 0.03314418 2.63677195
v -0.20819328 0.01156524 2.56139287
v -0.16846109 -0.00979722 2.49359041
v -0.12059941 -0.02987201 2.43676446
v -0.06700824 -0.04765249 2.39376450
v -0.01037485 -0.06224708 2.36674674
v 0.04646091 -0.07292395 2.35706597
v 0.10064907 -0.07914770 2.36520760
v 0.14947240 -0.08060625 2.39076340
v 0.19048271 -0.07722648 2.43245188
v 0.22162355 -0.06917784 2.48818261
v 0.24133341 -0.05686394 2.55516102
v 0.24862394 -0.04090225 2.63002853
v 0.24312957 -0.02209315 2.70903098
v 0.22512580 -0.00137980 2.78820684
v 0.19551543 0.02019913 2.86358591
v 0.15578324 0.04156159 2.93138838
v 0.10792156 0.06163638 2.98821433
v 0.05433039 0.07941687 3.03121428
v -0.00230299 0.09401146 3.05823204
v -0.05913876 0.10468832 3.06791282
v -0.14524825 -0.07359728 3.10836001
v -0.19384497 -0.07091656 3.08244342
v -0.23442689 -0.07193105 3.04009698
v -0.26495906 -0.07658987 2.98344413
v -0.28391047 -0.08465941 2.91532566
v -0.29033082 -0.09573503 2.83915733
v -0.28389816 -0.10926135 2.75875853
v -0.26493506 -0.12456011 2.67816079
v -0.23439240 -0.14086417 2.60140563
v -0.19380173 -0.15735596 2.53234186
v -0.14519842 -0.17320852 2.47443263
v -0.09101965 -0.18762695 2.43058175
v -0.03398217 -0.19988823 2.40298809
v 0.02305393 -0.20937753 2.39303531
v 0.07722861 -0.21561903 2.40122249
v 0.12582533 -0.21829975 2.42713907
v 0.16640725 -0.21728527 2.46948551
v 0.19693941 -0.21262645 2.52613837
v 0.21589083 -0.20455691 2.59425683
v 0.22231117 -0.19348128 2.67042516
v 0.21587852 -0.17995496 2.75082396
v 0.19691542 -0.16465620 2.83142170
v 0.16637276 -0.14835215 2.90817687
v 0.12578208 -0.13186035 2.97724064
v 0.07717877 -0.11600779 3.03514986
v 0.02300000 -0.10158937 3.07900074
v -0.03403748 -0.08932808 3.10659440
v -0.09107357 -0.07983878 3.11654718
v -0.17386374 -0.26380676 3.14215527
v -0.22227994 -0.25989257 3.11603236
v -0.26250761 -0.25850883 3.07327192
v -0.29252955 -0.25972493 3.01601814
v -0.31084036 -0.26347988 2.94714195
v -0.31652183 -0.26958540 2.87009710
v -0.30928909 -0.27773533 2.78874694
v -0.28950481 -0.28752099 2.70717070
v -0.25816106 -0.29845170 2.62945896
v -0.21682954 -0.30997934 2.55950851
v -0.16758280 -0.32152587 2.50082695
v -0.11289026 -0.33251229 2.45635683
v -0.05549444 -0.34238771 2.42832806
v 0.00172659 -0.35065693 2.41814613
v 0.05590354 -0.35690528 2.42632159
v 0.10431974 -0.36081947 2.45244449
v 0.14454741 -0.36220321 2.49520493
v 0.17456935 -0.36098711 2.55245872
v 0.19288015 -0.35723216 2.62133490
v 0.19856163 -0.35112664 2.69837975
v 0.19132889 -0.34297671 2.77972992
v 0.17154461 -0.33319105 2.86130615
v 0.14020086 -0.32226034 2.93901789
v 0.09886934 -0.31073270 3.00896835
v 0.04962260 -0.29918617 3.06764990
v -0.00506994 -0.28819975 3.11212002
v -0.06246576 -0.27832433 3.14014879
v -0.11968680 -0.27005512 3.15033073
v -0.19886271 -0.45873007 3.16049058
v -0.24714547 -0.45358532 3.13431370
v -0.28709517 -0.44979080 3.09138302
v -0.31670857 -0.44753678 3.03385127
v -0.33450074 -0.44693628 2.96460332
v -0.33957949 -0.44801941 2.88711157
v -0.33169016 -0.45073187 2.80526177
v -0.31122836 -0.45493764 2.72315821
v -0.27922012 -0.46042582 2.64491791
v -0.23727047 -0.46692121 2.57446416
v -0.18748294 -0.47409812 2.51532981
v -0.13235409 -0.48159665 2.47048010
v -0.07464830 -0.48904080 2.44216399
v -0.01725919 -0.49605728 2.43180135
v 0.03693552 -0.50229428 2.43991182
v 0.08521828 -0.50743902 2.46608870
v 0.12516798 -0.51123354 2.50901938
v 0.15478138 -0.51348757 2.56655114
v 0.17257354 -0.51408807 2.63579908
v 0.17765230 -0.51300493 2.71329083
v 0.16976297 -0.51029247 2.79514063
v 0.14930117 -0.50608670 2.87724419
v 0.11729293 -0.50059852 2.95548449
v 0.07534328 -0.49410313 3.02593824
v 0.02555575 -0.48692623 3.08507259
v -0.02957311 -0.47942770 3.12992230
v -0.08727890 -0.47198355 3.15823842
v -0.14466801 -0.46496706 3.16860106
v -0.21995490 -0.65731414 3.16278307
v -0.26815171 -0.65095550 3.13670096
v -0.30790119 -0.64475773 3.09384163
v -0.33721013 -0.63903161 3.03635423
v -0.35460886 -0.63406426 2.96712142
v -0.35922494 -0.63010477 2.88961481
v -0.35082689 -0.62735169 2.80772092
v -0.32983584 -0.62594307 2.72554624
v -0.29730435 -0.62594954 2.64721135
v -0.25486369 -0.62737077 2.57664430
v -0.20464202 -0.63013551 2.51738361
v -0.14915766 -0.63410511 2.47240086
v -0.09119282 -0.63908052 2.44395167
v -0.03365411 -0.64481226 2.43346261
v 0.02057324 -0.65101291 2.44145963
v 0.06877005 -0.65737154 2.46754173
v 0.10851953 -0.66356931 2.51040106
v 0.13782847 -0.66929543 2.56788846
v 0.15522720 -0.67426278 2.63712127
v 0.15984328 -0.67822227 2.71462788
v 0.15144523 -0.68097535 2.79652177
v 0.13045417 -0.68238397 2.87869645
v 0.09792268 -0.68237751 2.95703134
v 0.05548203 -0.68095627 3.02759839
v 0.00526036 -0.67819154 3.08685908
v -0.05022400 -0.67422194 3.13184183
v -0.10818884 -0.66924652 3.16029102
v -0.16572755 -0.66351479 3.17078009
v -0.23687349 -0.85844531 3.14854076
v -0.28503177 -0.85090267 3.12269725
v -0.32465953 -0.84232885 3.08014680
v -0.35376967 -0.83315378 3.02302309
v -0.37090249 -0.82383753 2.95419053
v -0.37519887 -0.81484726 2.87710067
v -0.36644337 -0.80663378 2.79561912
v -0.34507503 -0.79960895 2.71383170
v -0.31216536 -0.79412502 2.63583958
v -0.26936457 -0.79045698 2.56555361
v -0.21881888 -0.78878876 2.50649822
v -0.16306287 -0.78920401 2.46163470
v -0.10489236 -0.79168191 2.43321268
v -0.04722427 -0.79609821 2.42265736
v 0.00704967 -0.80223145 2.43049805
v 0.05520795 -0.80977409 2.45634156
v 0.09483571 -0.81834791 2.49889200
v 0.12394585 -0.82752299 2.55601571
v 0.14107867 -0.83683923 2.62484828
v 0.14537505 -0.84582950 2.70193814
v 0.13661955 -0.85404298 2.78341969
v 0.11525121 -0.86106781 2.86520710
v 0.08234154 -0.86655174 2.94319922
v 0.03954075 -0.87021978 3.01348519
v -0.01100494 -0.87188800 3.07254058
v -0.06676095 -0.87147275 3.11740411
v -0.12493146 -0.86899485 3.14582613
v -0.18259955 -0.86457855 3.15638144
v -0.24937803 -1.06095625 3.11736953
v -0.29754461 -1.05227202 3.09190221
v -0.33712924 -1.04136842 3.04989230
v -0.36614699 -1.02879222 2.99344633
v -0.38314280 -1.01517404 2.92539475
v -0.38726441 -1.00119674 2.84914995
v -0.37830516 -0.98756121 2.76853516
v -0.35671429 -0.97495118 2.68759273
v -0.32357448 -0.96399899 2.61038147
v -0.28054747 -0.95525382 2.54077307
v -0.22979083 -0.94915418 2.48225798
v -0.17384971 -0.94600594 2.43777040
v -0.11552922 -0.94596697 2.40954111
v -0.05775381 -0.94903921 2.39898566
v -0.00342057 -0.95506862 2.40663333
v 0.04474600 -0.96375285 2.43210064
v 0.08433064 -0.97465644 2.47411056
v 0.11334839 -0.98723264 2.53055652
v 0.13034420 -1.00085083 2.59860810
v 0.13446581 -1.01482813 2.67485290
v 0.12550656 -1.02846366 2.75546770
v 0.10391569 -1.04107368 2.83641012
v 0.07077587 -1.05202588 2.91362138
v 0.02774887 -1.06077105 2.98322978
v -0.02300777 -1.06687069 3.04174487
v -0.07894889 -1.07001893 3.08623246
v -0.13726938 -1.07005790 3.11446174
v -0.19504479 -1.06698566 3.12501720
v -0.25725718 -1.26363354 3.06897924
v -0.30547780 -1.25386189 3.04401836
v -0.34509732 -1.24069316 3.00277300
v -0.37412906 -1.22478766 2.94731137
v -0.39111724 -1.20694298 2.88041455
v -0.39521000 -1.18805391 2.80543703
v -0.38620213 -1.16906764 2.72613849
v -0.36454530 -1.15093621 2.64649529
v -0.33132549 -1.13456882 2.57050108
v -0.28820847 -1.12078618 2.50196652
v -0.23735631 -1.11027942 2.44432823
v -0.18131895 -1.10357539 2.40047641
v -0.12290634 -1.10101027 2.37261000
v -0.06504753 -1.10271267 2.36212633
v -0.01064380 -1.10859722 2.36955108
v 0.03757681 -1.11836887 2.39451196
v 0.07719633 -1.13153760 2.43575733
v 0.10622807 -1.14744310 2.49121896
v 0.12321625 -1.16528778 2.55811577
v 0.12730902 -1.18417685 2.63309330
v 0.11830114 -1.20316312 2.71239184
v 0.09664432 -1.22129455 2.79203503
v 0.06342450 -1.23766195 2.86802924
v 0.02030748 -1.25144458 2.93656380
v -0.03054467 -1.26195134 2.99420210
v -0.08658203 -1.26865537 3.03805391
v -0.14499464 -1.27122049 3.06592032
v -0.20285345 -1.26951810 3.07640400
v -0.26033128 -1.46522589 3.00318925
v -0.30865016 -1.45443193 2.97885660
v -0.34838138 -1.43908017 2.93859058
v -0.37753262 -1.41994042 2.88441030
v -0.39464214 -1.39797243 2.81903259
v -0.39885199 -1.37427777 2.74573576
v -0.38995106 -1.35004458 2.66819521
v -0.36838569 -1.32648802 2.59029916
v -0.33523726 -1.30478931 2.51595364
v -0.29216797 -1.28603651 2.44888664
v -0.24133748 -1.27116998 2.39246118
v -0.18529466 -1.26093517 2.34950667
v -0.12684973 -1.25584531 2.32217703
v -0.06893335 -1.25615562 2.31184269
v -0.01444970 -1.26185055 2.31902184
v 0.03386919 -1.27264452 2.34335449
v 0.07360040 -1.28799627 2.38362051
v 0.10275165 -1.30713602 2.43780079
v 0.11986117 -1.32910401 2.50317850
v 0.12407101 -1.35279867 2.57647533
v 0.11517009 -1.37703186 2.65401588
v 0.09360472 -1.40058842 2.73191193
v 0.06045629 -1.42228713 2.80625745
v 0.01738699 -1.44103993 2.87332445
v -0.03344349 -1.45590646 2.92974991
v -0.08948631 -1.46614127 2.97270442
v -0.14793125 -1.47123113 3.00003405
v -0.20584763 -1.47092082 3.01036840
v -0.25845467 -1.66445293 2.91993301
v -0.30691411 -1.65271170 2.89634099
v -0.34683200 -1.63527556 2.85725836
v -0.37620668 -1.61301884 2.80464489
v -0.39356518 -1.58705758 2.74113882
v -0.39803708 -1.55869359 2.66992462
v -0.38939813 -1.52934915 2.59457328
v -0.36808153 -1.50049572 2.51886321
v -0.33515618 -1.47358013 2.44659083
v -0.29227309 -1.44995205 2.38138020
v -0.24158261 -1.43079627 2.32650123
v -0.18562656 -1.41707335 2.28470580
v -0.12721082 -1.40947142 2.25808969
v -0.06926459 -1.40837167 2.24798755
v -0.01469355 -1.41382924 2.25490595
v 0.03376590 -1.42557047 2.27849796
v 0.07368379 -1.44300661 2.31758059
v 0.10305847 -1.46526333 2.37019407
v 0.12041697 -1.49122459 2.43370013
v 0.12488887 -1.51958858 2.50491433
v 0.11624992 -1.54893302 2.58026568
v 0.09493332 -1.57778645 2.65597575
v 0.06200797 -1.60470204 2.72824812
v 0.01912488 -1.62833013 2.79345876
v -0.03156560 -1.64748591 2.84833772
v -0.08752165 -1.66120882 2.89013316
v -0.14593739 -1.66881075 2.91674927
v -0.20388362 -1.66991050 2.92685140
v -0.25151780 -1.86001442 2.81926183
v -0.30015778 -1.84740996 2.79651267
v -0.34033493 -1.82800352 2.75880535
v -0.37003462 -1.80276823 2.70803069
v -0.38776758 -1.77296949 2.64673473
v -0.39264459 -1.74010153 2.57799112
v -0.38442112 -1.70581248 2.50524693
v -0.36350951 -1.67182175 2.43214988
v -0.33095836 -1.63983377 2.36236535
v -0.28839992 -1.61145255 2.29939262
v -0.23796826 -1.58810124 2.24638942
v -0.18219221 -1.57095078 2.20601355
v -0.12386864 -1.56086116 2.18028962
v -0.06592212 -1.55833832 2.17050753
v -0.01125834 -1.56350876 2.17715781
v 0.03738164 -1.57611322 2.19990698
v 0.07755880 -1.59551965 2.23761429
v 0.10725849 -1.62075494 2.28838895
v 0.12499144 -1.65055369 2.34968491
v 0.12986846 -1.68342165 2.41842853
v 0.12164498 -1.71771070 2.49117271
v 0.10073337 -1.75170143 2.56426977
v 0.06818222 -1.78368941 2.63405430
v 0.02562378 -1.81207063 2.69702702
v -0.02480788 -1.83542194 2.75003022
v -0.08058392 -1.85257240 2.79040609
v -0.13890750 -1.86266202 2.81613003
v -0.19685402 -1.86518486 2.82591211
v -0.23944907 -2.05059993 2.70134778
v -0.28830687 -2.03722422 2.67953276
v -0.32881296 -2.01597583 2.64337930
v -0.35893619 -1.98792027 2.59470029
v -0.37716605 -1.95446434 2.53593669
v -0.38258843 -1.91728567 2.47003516
v -0.37493143 -1.87824855 2.40030028
v -0.35457899 -1.83931047 2.33022885
v -0.32255168 -1.80242395 2.26333453
v -0.28045548 -1.76943862 2.20297169
v -0.23040126 -1.74200852 2.15216718
v -0.17489896 -1.72150910 2.11346854
v -0.11673169 -1.70896828 2.08881628
v -0.05881620 -1.70501493 2.07944658
v -0.00405662 -1.70984726 2.08582927
v 0.04480119 -1.72322298 2.10764429
v 0.08530727 -1.74447136 2.14379775
v 0.11543050 -1.77252693 2.19247676
v 0.13366037 -1.80598286 2.25124036
v 0.13908275 -1.84316153 2.31714189
v 0.13142574 -1.88219865 2.38687677
v 0.11107331 -1.92113672 2.45694820
v 0.07904600 -1.95802325 2.52384252
v 0.03694979 -1.99100857 2.58420536
v -0.01310443 -2.01843868 2.63500987
v -0.06860673 -2.03893810 2.67370851
v -0.12677400 -2.05147891 2.69836077
v -0.18468949 -2.05543227 2.70773047
v -0.22221633 -2.23489887 2.56648547
v -0.27132628 -2.22085070 2.54568438
v -0.31222752 -2.19790173 2.51124882
v -0.34286909 -2.16720270 2.46490552
v -0.36171451 -2.13029300 2.40897833
v -0.36781878 -2.08902343 2.34627167
v -0.36087581 -2.04546342 2.27992992
v -0.34123374 -2.00179725 2.21327973
v -0.30987752 -1.96021453 2.14966322
v -0.26837947 -1.92280039 2.09227038
v -0.21882048 -1.89143093 2.04397914
v -0.16368565 -1.86767914 2.00721101
v -0.10573966 -1.85273604 1.98380971
v -0.04788817 -1.84735093 1.97494867
v 0.00696790 -1.85179386 1.98107222
v 0.05607785 -1.86584203 2.00187331
v 0.09697909 -1.88879100 2.03630887
v 0.12762067 -1.91949003 2.08265218
v 0.14646608 -1.95639974 2.13857937
v 0.15257035 -1.99766931 2.20128602
v 0.14562738 -2.04122931 2.26762777
v 0.12598531 -2.08489548 2.33427796
v 0.09462909 -2.12647820 2.39789448
v 0.05313104 -2.16389234 2.45528731
v 0.00357205 -2.19526180 2.50357856
v -0.05156278 -2.21901359 2.54034668
v -0.10950877 -2.23395670 2.56374799
v -0.16736026 -2.23934180 2.57260902
v -0.19982812 -2.41161066 2.41509295
v -0.24922127 -2.39699457 2.39537363
v -0.29057999 -2.37249804 2.36280451
v -0.32183038 -2.33934943 2.31901876
v -0.34140541 -2.29921095 2.26621195
v -0.34832351 -2.25409530 2.20703206
v -0.34223777 -2.20626479 2.14444661
v -0.32345336 -2.15811782 2.08159389
v -0.29291220 -2.11206868 2.02162561
v -0.25214577 -2.07042648 1.96754881
v -0.20319825 -2.03527933 1.92207514
v -0.14852409 -2.00838965 1.88748484
v -0.09086487 -1.99110581 1.86551241
v -0.03311186 -1.98429448 1.85725964
v 0.02183895 -1.98829721 1.86314036
v 0.07123211 -2.00291330 1.88285968
v 0.11259083 -2.02740983 1.91542880
v 0.14384122 -2.06055844 1.95921455
v 0.16341624 -2.10069692 2.01202136
v 0.17033434 -2.14581257 2.07120125
v 0.16424860 -2.19364308 2.13378670
v 0.14546419 -2.24179005 2.19663942
v 0.11492304 -2.28783919 2.25660770
v 0.07415660 -2.32948139 2.31068450
v 0.02520909 -2.36462854 2.35615817
v -0.02946508 -2.39151822 2.39074847
v -0.08712430 -2.40880206 2.41272090
v -0.14487730 -2.41561339 2.42097367
v -0.17233453 -2.57945513 2.24771150
v -0.22203849 -2.56438024 2.22912948
v -0.26391270 -2.53849951 2.19855904
v -0.29585742 -2.50311070 2.15753313
v -0.31627082 -2.45998836 2.10810895
v -0.32412927 -2.41129482 2.05276484
v -0.31903873 -2.35947177 1.99427598
v -0.30125445 -2.30711785 1.93557525
v -0.27166821 -2.25685829 1.87960615
v -0.23176359 -2.21121332 1.82917521
v -0.18354157 -2.17247177 1.78681123
v -0.12942021 -2.14257631 1.75463853
v -0.07211338 -2.12302601 1.73427038
v -0.01449468 -2.11480121 1.72672813
v 0.04054665 -2.11831433 1.73238997
v 0.09025061 -2.13338922 1.75097200
v 0.13212482 -2.15926995 1.78154243
v 0.16406954 -2.19465876 1.82256835
v 0.18448294 -2.23778110 1.87199253
v 0.19234139 -2.28647465 1.92733664
v 0.18725085 -2.33829769 1.98582549
v 0.16946657 -2.39065161 2.04452622
v 0.13988033 -2.44091117 2.10049532
v 0.09997571 -2.48655614 2.15092627
v 0.05175369 -2.52529769 2.19329025
v -0.00236767 -2.55519315 2.22546294
v -0.05967450 -2.57474345 2.24583109
v -0.11729321 -2.58296825 2.25337335
v -0.13982779 -2.73718299 2.06500440
v -0.18986645 -2.72176187 2.04760267
v -0.23230948 -2.69466916 2.01914612
v -0.26502860 -2.65726340 1.98106169
v -0.28638314 -2.61142028 1.93525909
v -0.29530229 -2.55943855 1.88403505
v -0.29133882 -2.50392481 1.82995817
v -0.27469146 -2.44766273 1.77574008
v -0.24619499 -2.39347354 1.72409950
v -0.20727834 -2.34407451 1.67762590
v -0.15989295 -2.30194272 1.63864968
v -0.10641491 -2.26919081 1.60912525
v -0.04952586 -2.24746112 1.59053310
v 0.00792157 -2.23784327 1.58380552
v 0.06304672 -2.24081952 1.58927985
v 0.11308538 -2.25624064 1.60668158
v 0.15552841 -2.28333335 1.63513813
v 0.18824752 -2.32073910 1.67322256
v 0.20960206 -2.36658223 1.71902516
v 0.21852122 -2.41856395 1.77024919
v 0.21455775 -2.47407770 1.82432608
v 0.19791039 -2.53033977 1.87854417
v 0.16941392 -2.58452896 1.93018475
v 0.13049727 -2.63392799 1.97665834
v 0.08311187 -2.67605979 2.01563457
v 0.02963384 -2.70881169 2.04515899
v -0.02725522 -2.73054138 2.06375114
v -0.08470265 -2.74015924 2.07047873
v -0.10244240 -2.88358617 1.86775457
v -0.15283585 -2.86793369 1.85156350
v -0.19589599 -2.83980865 1.82531847
v -0.22946360 -2.80062136 1.79033551
v -0.25185545 -2.75233684 1.74836882
v -0.26194873 -2.69737626 1.70152277
v -0.25923732 -2.63849559 1.65214643
v -0.24385717 -2.57864735 1.60271573
v -0.21657952 -2.52083257 1.55570934
v -0.17877218 -2.46795034 1.51348434
v -0.13233097 -2.42265238 1.47815809
v -0.07958464 -2.38721013 1.45150198
v -0.02317811 -2.36340081 1.43485265
v 0.03406015 -2.35241832 1.42904499
v 0.08925998 -2.35481336 1.43437021
v 0.13965344 -2.37046584 1.45056128
v 0.18271358 -2.39859088 1.47680631
v 0.21628118 -2.43777817 1.51178927
v 0.23867303 -2.48606270 1.55375597
v 0.24876631 -2.54102327 1.60060201
v 0.24605490 -2.59990394 1.64997835
v 0.23067476 -2.65975219 1.69940905
v 0.20339711 -2.71756696 1.74641545
v 0.16558977 -2.77044919 1.78864044
v 0.11914855 -2.81574715 1.82396670
v 0.06640222 -2.85118940 1.85062281
v 0.00999570 -2.87499872 1.86727213
v -0.04724257 -2.88598121 1.87307979
v -0.06035496 -3.01750814 1.65686123
v -0.11111937 -3.00174035 1.64189859
v -0.15483962 -2.97276857 1.61794471
v -0.18932340 -2.93204557 1.58620075
v -0.21284155 -2.88161338 1.54825848
v -0.22421477 -2.82400086 1.50602048
v -0.22287276 -2.76209697 1.46160474
v -0.20888282 -2.69900580 1.41723846
v -0.18294645 -2.63789103 1.37514635
v -0.14636423 -2.58181719 1.33743907
v -0.10097052 -2.53359607 1.30600743
v -0.04904157 -2.49564567 1.28242754
v 0.00681870 -2.46986899 1.26788180
v 0.06380921 -2.45755857 1.26309960
v 0.11907223 -2.45933171 1.26832072
v 0.16983663 -2.47509950 1.28328336
v 0.21355688 -2.50407128 1.30723724
v 0.24804066 -2.54479428 1.33898120
v 0.27155881 -2.59522647 1.37692348
v 0.28293204 -2.65283899 1.41916147
v 0.28159003 -2.71474289 1.46357721
v 0.26760009 -2.77783405 1.50794349
v 0.24166372 -2.83894883 1.55003561
v 0.20508149 -2.89502266 1.58774289
v 0.15968779 -2.94324379 1.61917452
v 0.10775883 -2.98119418 1.64275441
v 0.05189857 -3.00697087 1.65730015
v -0.00509195 -3.01928128 1.66208236
v -0.01378366 -3.13785390 1.43333544
v -0.06493116 -3.12208691 1.41960648
v -0.10934898 -3.09245844 1.39800514
v -0.14480984 -3.05045418 1.36961459
v -0.16953556 -2.99818038 1.33585846
v -0.18228632 -2.93825829 1.29842942
v -0.18242272 -2.87369264 1.25920432
v -0.16993792 -2.80772103 1.22015006
v -0.14545798 -2.74365155 1.18322500
v -0.11021040 -2.68469690 1.15028070
v -0.06596266 -2.63381333 1.12296914
v -0.01493353 -2.59355234 1.10265982
v 0.04031820 -2.56593279 1.09037115
v 0.09702195 -2.55233964 1.08671933
v 0.15233438 -2.55345451 1.09188747
v 0.20348188 -2.56922149 1.10561643
v 0.24789970 -2.59884996 1.12721777
v 0.28336056 -2.64085423 1.15560832
v 0.30808629 -2.69312802 1.18936445
v 0.32083704 -2.75305011 1.22679349
v 0.32097344 -2.81761576 1.26601859
v 0.30848865 -2.88358737 1.30507285
v 0.28400870 -2.94765686 1.34199791
v 0.24876113 -3.00661150 1.37494221
v 0.20451339 -3.05749508 1.40225377
v 0.15348425 -3.09775607 1.42256309
v 0.09823253 -3.12537561 1.43485176
v 0.04152877 -3.13896876 1.43850358
v 0.03701272 -3.24359968 1.19829461
v -0.01452599 -3.22794862 1.18579235
v -0.05967313 -3.19785647 1.16658653
v -0.09616483 -3.15483217 1.14164023
v -0.12217126 -3.10103313 1.11220435
v -0.13638833 -3.03915706 1.07975493
v -0.13810314 -2.97230669 1.04591912
v -0.12722971 -2.90383417 1.01239359
v -0.10431328 -2.83717300 0.98085946
v -0.07050297 -2.77566586 0.95289796
v -0.02749417 -2.72239696 0.92991121
v 0.02255648 -2.68003743 0.91305187
v 0.07713923 -2.65071136 0.90316532
v 0.13351707 -2.63588927 0.90074732
v 0.18886298 -2.63631441 0.90591912
v 0.24040169 -2.65196546 0.91842139
v 0.28554883 -2.68205761 0.93762721
v 0.32204053 -2.72508192 0.96257351
v 0.34804696 -2.77888096 0.99200939
v 0.36226403 -2.84075703 1.02445881
v 0.36397884 -2.90760740 1.05829462
v 0.35310541 -2.97607992 1.09182014
v 0.33018898 -3.04274109 1.12335428
v 0.29637867 -3.10424823 1.15131578
v 0.25336987 -3.15751713 1.17430253
v 0.20331922 -3.19987666 1.19116187
v 0.14873647 -3.22920273 1.20104842
v 0.09235863 -3.24402482 1.20346642
v 0.09173601 -3.33380225 0.95295610
v 0.03980202 -3.31838020 0.94166159
v -0.00610031 -3.28801888 0.92487591
v -0.04366924 -3.24424072 0.90344077
v -0.07102090 -3.18924095 0.87843102
v -0.08678376 -3.12577747 0.85110075
v -0.09016742 -3.05703263 0.82282042
v -0.08100221 -2.98645356 0.79500811
v -0.05974769 -2.91757940 0.76905845
v -0.02746967 -2.85386379 0.74627268
v 0.01421330 -2.79850169 0.72779335
v 0.06321107 -2.75426919 0.71454711
v 0.11706667 -2.72338429 0.70719817
v 0.17307957 -2.70739570 0.70611505
v 0.22844105 -2.70710513 0.71135204
v 0.28037505 -2.72252718 0.72264656
v 0.32627737 -2.75288850 0.73943224
v 0.36384630 -2.79666666 0.76086737
v 0.39119796 -2.85166644 0.78587712
v 0.40696083 -2.91512991 0.81320739
v 0.41034449 -2.98387476 0.84148773
v 0.40117927 -3.05445382 0.86930004
v 0.37992475 -3.12332798 0.89524969
v 0.34764673 -3.18704360 0.91803547
v 0.30596376 -3.24240570 0.93651479
v 0.25696599 -3.28663819 0.94976103
v 0.20311039 -3.31752309 0.95710997
v 0.14709749 -3.33351169 0.95819310
v 0.15005038 -3.40760767 0.69862973
v 0.09772101 -3.39252468 0.68851253
v 0.05104358 -3.36208873 0.67415335
v 0.01235869 -3.31782602 0.65627225
v -0.01639383 -3.26195606 0.63576583
v -0.03377223 -3.19728040 0.61366240
v -0.03890506 -3.12704216 0.59107030
v -0.03153495 -3.05476336 0.56912239
v -0.01203146 -2.98406838 0.54891924
v 0.01862741 -2.91850215 0.53147391
v 0.05890430 -2.86135244 0.51766120
v 0.10677957 -2.81548497 0.50817371
v 0.15985254 -2.78319973 0.50348721
v 0.21546192 -2.76611564 0.50383668
v 0.27081922 -2.76508935 0.50920460
v 0.32314859 -2.78017235 0.51932181
v 0.36982602 -2.81060830 0.53368098
v 0.40851091 -2.85487101 0.55156209
v 0.43726344 -2.91074097 0.57206850
v 0.45464183 -2.97541662 0.59417194
v 0.45977466 -3.04565487 0.61676404
v 0.45240455 -3.11793366 0.63871195
v 0.43290107 -3.18862864 0.65891510
v 0.40224220 -3.25419487 0.67636042
v 0.36196530 -3.31134458 0.69017314
v 0.31409003 -3.35721205 0.69966062
v 0.26101706 -3.38949729 0.70434713
v 0.20540768 -3.40658139 0.70399766
v 0.21158431 -3.46425946 0.43670950
v 0.15886339 -3.44962158 0.42772815
v 0.11139695 -3.41930419 0.41578388
v 0.07156514 -3.37482751 0.40147562
v 0.04136532 -3.31842180 0.38552085
v 0.02231181 -3.25291548 0.36871960
v 0.01536005 -3.18159330 0.35191437
v 0.02085862 -3.10803166 0.33594783
v 0.03853180 -3.03591925 0.32162062
v 0.06749339 -2.96887207 0.30965116
v 0.10629113 -2.91025217 0.30063965
v 0.15297954 -2.86299898 0.29503796
v 0.20521747 -2.82948198 0.29312699
v 0.26038548 -2.81138184 0.29500256
v 0.31571723 -2.80960620 0.30057062
v 0.36843816 -2.82424407 0.30955197
v 0.41590460 -2.85456147 0.32149624
v 0.45573640 -2.89903815 0.33580450
v 0.48593623 -2.95544385 0.35175928
v 0.50498974 -3.02095018 0.36856052
v 0.51194150 -3.09227236 0.38536576
v 0.50644293 -3.16583400 0.40133229
v 0.48876975 -3.23794641 0.41565951
v 0.45980816 -3.30499358 0.42762897
v 0.42101042 -3.36361349 0.43664048
v 0.37432201 -3.41086668 0.44224217
v 0.32208408 -3.44438368 0.44415314
v 0.26691607 -3.46248381 0.44227757
v 0.27593294 -3.50310609 0.16866441
v 0.22282809 -3.48901454 0.16076707
v 0.17456473 -3.45900611 0.15120851
v 0.13356298 -3.41458554 0.14046804
v 0.10187883 -3.35798026 0.12908423
v 0.08110107 -3.29202871 0.11762790
v 0.07227158 -3.22003796 0.10667354
v 0.07583310 -3.14561793 0.09677043
v 0.09160704 -3.07250036 0.08841517
v 0.11880244 -3.00435166 0.08202671
v 0.15605561 -2.94458909 0.07792540
v 0.20149850 -2.89620941 0.07631690
v 0.25285243 -2.86163856 0.07728187
v 0.30754230 -2.84261008 0.08077191
v 0.36282573 -2.84007813 0.08661203
v 0.41593058 -2.85416968 0.09450937
v 0.46419394 -2.88417811 0.10406793
v 0.50519569 -2.92859868 0.11480840
v 0.53687984 -2.98520396 0.12619222
v 0.55765760 -3.05115551 0.13764854
v 0.56648709 -3.12314626 0.14860290
v 0.56292557 -3.19756629 0.15850601
v 0.54715162 -3.27068386 0.16686127
v 0.51995623 -3.33883256 0.17324973
v 0.48270306 -3.39859512 0.17735104
v 0.43726017 -3.44697481 0.17895954
v 0.38590623 -3.48154566 0.17799457
v 0.33121636 -3.50057414 0.17450453
v 0.34266071 -3.52360768 -0.10397145
v 0.28918324 -3.51015800 -0.11084638
v 0.24012102 -3.48064486 -0.11806549
v 0.19793425 -3.43654817 -0.12526679
v 0.16473835 -3.38007913 -0.13208918
v 0.14219789 -3.31406932 -0.13819056
v 0.13144315 -3.24182875 -0.14326497
v 0.13301341 -3.16697986 -0.14705797
v 0.14682994 -3.09327591 -0.14937935
v 0.17219992 -3.02441269 -0.15011272
v 0.20785119 -2.96384332 -0.14922130
v 0.25199605 -2.91460498 -0.14674979
v 0.30242089 -2.87916669 -0.14282212
v 0.35659720 -2.85930548 -0.13763524
v 0.41180835 -2.85601727 -0.13144924
v 0.46528582 -2.86946695 -0.12457432
v 0.51434804 -2.89898009 -0.11735521
v 0.55653481 -2.94307678 -0.11015391
v 0.58973071 -2.99954582 -0.10333152
v 0.61227117 -3.06555563 -0.09723014
v 0.62302591 -3.13779620 -0.09215573
v 0.62145565 -3.21264509 -0.08836273
v 0.60763912 -3.28634904 -0.08604134
v 0.58226914 -3.35521226 -0.08530798
v 0.54661787 -3.41578163 -0.08619940
v 0.50247301 -3.46501997 -0.08867091
v 0.45204817 -3.50045826 -0.09259858
v 0.39787186 -3.52031947 -0.09778546
v 0.41130441 -3.52534195 -0.37960956
v 0.35746909 -3.51262326 -0.38553266
v 0.30761197 -3.48378639 -0.39047504
v 0.26423309 -3.44027733 -0.39418887
v 0.22950764 -3.38427782 -0.39648794
v 0.20517692 -3.31859589 -0.39725694
v 0.19246095 -3.24652513 -0.39645733
v 0.19199738 -3.17167945 -0.39412919
v 0.20380944 -3.09781194 -0.39038928
v 0.22730484 -3.02862661 -0.38542512
v 0.26130542 -2.96759272 -0.37948564
v 0.30410623 -2.91777074 -0.37286866
v 0.35356108 -2.88165897 -0.36590600
v 0.40719009 -2.86106820 -0.35894679
v 0.46230408 -2.85703094 -0.35233999
v 0.51613940 -2.86974963 -0.34641689
v 0.56599652 -2.89858650 -0.34147451
v 0.60937540 -2.94209556 -0.33776068
v 0.64410084 -2.99809507 -0.33546161
v 0.66843157 -3.06377699 -0.33469261
v 0.68114753 -3.13584776 -0.33549222
v 0.68161111 -3.21069343 -0.33782036
v 0.66979904 -3.28456095 -0.34156027
v 0.64630364 -3.35374627 -0.34652443
v 0.61230307 -3.41478017 -0.35246392
v 0.56950225 -3.46460215 -0.35908089
v 0.52004740 -3.50071392 -0.36604355
v 0.46641839 -3.52130469 -0.37300276
v 0.48137633 -3.50800917 -0.65661813
v 0.42720125 -3.49610349 -0.66166820
v 0.37655892 -3.46811729 -0.66441231
v 0.33198876 -3.42545392 -0.66471285
v 0.29572571 -3.37025269 -0.66255477
v 0.26958813 -3.30528163 -0.65804626
v 0.25488669 -3.23379866 -0.65141342
v 0.25235858 -3.15938823 -0.64298883
v 0.26213055 -3.08578159 -0.63319495
v 0.28371261 -3.01666969 -0.62252287
v 0.31602254 -2.95551809 -0.61150774
v 0.35744019 -2.90539317 -0.60070191
v 0.40588870 -2.86880842 -0.59064722
v 0.45893866 -2.84759835 -0.58184786
v 0.51392993 -2.84282651 -0.57474507
v 0.56810501 -2.85473220 -0.56969500
v 0.61874734 -2.88271840 -0.56695090
v 0.66331750 -2.92538177 -0.56665035
v 0.69958055 -2.98058300 -0.56880844
v 0.72571812 -3.04555405 -0.57331694
v 0.74041956 -3.11703703 -0.57994978
v 0.74294768 -3.19144745 -0.58837437
v 0.73317571 -3.26505409 -0.59816826
v 0.71159364 -3.33416599 -0.60884033
v 0.67928371 -3.39531760 -0.61985546
v 0.63786607 -3.44544251 -0.63066129
v 0.58941756 -3.48202726 -0.64071598
v 0.53636759 -3.50323734 -0.64951534
v 0.55236784 -3.47143626 -0.93333390
v 0.49787415 -3.46041790 -0.93759710
v 0.44646191 -3.43344908 -0.93823631
v 0.40070914 -3.39188213 -0.93521946
v 0.36291007 -3.33780138 -0.92869785
v 0.33496011 -3.27391868 -0.91899848
v 0.31826078 -3.20343736 -0.90660773
v 0.31364945 -3.12989165 -0.89214692
v 0.32135737 -3.05696945 -0.87634118
v 0.34099802 -2.98832737 -0.85998307
v 0.37158653 -2.92740742 -0.84389286
v 0.41158908 -2.87726438 -0.82887737
v 0.45899976 -2.84041263 -0.81568955
v 0.51144121 -2.81870006 -0.80499068
v 0.56628380 -2.81321545 -0.79731726
v 0.62077748 -2.82423380 -0.79305406
v 0.67218972 -2.85120262 -0.79241486
v 0.71794249 -2.89276957 -0.79543170
v 0.75574156 -2.94685032 -0.80195332
v 0.78369152 -3.01073303 -0.81165268
v 0.80039085 -3.08121435 -0.82404343
v 0.80500218 -3.15476005 -0.83850424
v 0.79729426 -3.22768226 -0.85430998
v 0.77765361 -3.29632433 -0.87066809
v 0.74706510 -3.35724428 -0.88675831
v 0.70706255 -3.40738733 -0.90177380
v 0.65965187 -3.44423908 -0.91496162
v 0.60721042 -3.46595164 -0.92566048
v 0.62375308 -3.41557979 -1.20807424
v 0.56896478 -3.40551487 -1.21164321
v 0.51680332 -3.37972138 -1.21028489
v 0.46988428 -3.33949273 -1.20406741
v 0.43056038 -3.28684614 -1.19330252
v 0.40080348 -3.22442154 -1.17853003
v 0.38210572 -3.15534915 -1.16049069
v 0.37540469 -3.08309255 -1.14008906
v 0.38103639 -3.01127500 -1.11834818
v 0.39871844 -2.94349771 -1.09635822
v 0.42756418 -2.88315933 -1.07522184
v 0.46612716 -2.83328548 -1.05599892
v 0.51247369 -2.79637704 -1.03965336
v 0.56427974 -2.77428475 -1.02700482
v 0.61894755 -2.76811641 -1.01868753
v 0.67373584 -2.77818134 -1.01511856
v 0.72589730 -2.80397482 -1.01647687
v 0.77281635 -2.84420347 -1.02269436
v 0.81214025 -2.89685006 -1.03345925
v 0.84189714 -2.95927466 -1.04823174
v 0.86059490 -3.02834705 -1.06627108
v 0.86729594 -3.10060365 -1.08667270
v 0.86166423 -3.17242121 -1.10841359
v 0.84398219 -3.24019849 -1.13040355
v 0.81513645 -3.30053687 -1.15153993
v 0.77657346 -3.35041072 -1.17076285
v 0.73022694 -3.38731916 -1.18710840
v 0.67842089 -3.40941145 -1.19975695
v 0.69499290 -3.34052806 -1.47914961
v 0.63993656 -3.33147402 -1.48212254
v 0.58705172 -3.30700410 -1.47888712
v 0.53899024 -3.26834531 -1.46960559
v 0.49816212 -3.21743618 -1.45474337
v 0.46661466 -3.15682950 -1.43504570
v 0.44592979 -3.08956433 -1.41150032
v 0.43714472 -3.01901365 -1.38528788
v 0.44069997 -2.94871515 -1.35772279
v 0.45641728 -2.88219389 -1.33018728
v 0.48350850 -2.82278553 -1.30406209
v 0.52061518 -2.77346905 -1.28065724
v 0.56587663 -2.73671738 -1.26114636
v 0.61702324 -2.71437341 -1.24650780
v 0.67149033 -2.70755756 -1.23747560
v 0.72654667 -2.71661160 -1.23450268
v 0.77943151 -2.74108152 -1.23773810
v 0.82749299 -2.77974031 -1.24701963
v 0.86832111 -2.83064944 -1.26188185
v 0.89986856 -2.89125612 -1.28157952
v 0.92055344 -2.95852129 -1.30512490
v 0.92933851 -3.02907197 -1.33133734
v 0.92578326 -3.09937047 -1.35890243
v 0.91006595 -3.16589173 -1.38643794
v 0.88297472 -3.22530009 -1.41256313
v 0.84586805 -3.27461657 -1.43596798
v 0.80060660 -3.31136824 -1.45547886
v 0.74945999 -3.33371221 -1.47011741
v 0.76553896 -3.24650203 -1.74487626
v 0.71024342 -3.23850731 -1.74735593
v 0.65666593 -3.21549856 -1.74237579
v 0.60749308 -3.17862952 -1.73018555
v 0.56519061 -3.12974896 -1.71139649
v 0.53187972 -3.07130797 -1.68695077
v 0.50923079 -3.00623701 -1.65807420
v 0.49837950 -2.93779902 -1.62621476
v 0.49987000 -2.86942576 -1.59297004
v 0.51362755 -2.80454575 -1.56000705
v 0.53896228 -2.74641235 -1.52897870
v 0.57460380 -2.69794060 -1.50144087
v 0.61876490 -2.66156109 -1.47877444
v 0.66923115 -2.63909804 -1.46211598
v 0.72347198 -2.63167783 -1.45230083
v 0.77876751 -2.63967255 -1.44982115
v 0.83234501 -2.66268131 -1.45480130
v 0.88151786 -2.69955034 -1.46699153
v 0.92382033 -2.74843090 -1.48578059
v 0.95713121 -2.80687189 -1.51022632
v 0.97978015 -2.87194285 -1.53910289
v 0.99063143 -2.94038084 -1.57096232
v 0.98914093 -3.00875411 -1.60420705
v 0.97538339 -3.07363412 -1.63717004
v 0.95004866 -3.13176752 -1.66819839
v 0.91440714 -3.18023926 -1.69573621
v 0.87024604 -3.21661877 -1.71840265
v 0.81977978 -3.23908182 -1.73506110
v 0.83483789 -3.13385519 -2.00358889
v 0.77933402 -3.12695895 -2.00568174
v 0.72509921 -3.10553757 -1.99910011
v 0.67485302 -3.07066519 -1.98417403
v 0.63111500 -3.02409047 -1.96165196
v 0.59607837 -2.96814886 -1.93266325
v 0.57150001 -2.90564550 -1.89866151
v 0.55861236 -2.83971457 -1.86135173
v 0.55806169 -2.77366213 -1.82260479
v 0.56987560 -2.71080032 -1.78436361
v 0.59346168 -2.65428130 -1.74854577
v 0.62763725 -2.60693916 -1.71694732
v 0.67068858 -2.57114783 -1.69115274
v 0.72045691 -2.54870205 -1.67245548
v 0.77444665 -2.54072734 -1.66179310
v 0.82995052 -2.54762358 -1.65970026
v 0.88418533 -2.56904497 -1.66628189
v 0.93443152 -2.60391734 -1.68120797
v 0.97816953 -2.65049206 -1.70373004
v 1.01320617 -2.70643368 -1.73271875
v 1.03778453 -2.76893704 -1.76672049
v 1.05067217 -2.83486796 -1.80403026
v 1.05122285 -2.90092040 -1.84277721
v 1.03940894 -2.96378221 -1.88101839
v 1.01582285 -3.02030123 -1.91683623
v 0.98164729 -3.06764338 -1.94843468
v 0.93859596 -3.10343470 -1.97422926
v 0.88882762 -3.12588048 -1.99292651
v 0.90233565 -3.00307237 -2.25365348
v 0.84665599 -2.99730430 -2.25546858
v 0.79180346 -2.97758437 -2.24743837
v 0.74052860 -2.94490143 -2.22996554
v 0.69540253 -2.90089434 -2.20392622
v 0.65868808 -2.84776979 -2.17062616
v 0.63222626 -2.78819168 -2.13173514
v 0.61734396 -2.72514750 -2.08920333
v 0.61478746 -2.66179854 -2.04516346
v 0.62468495 -2.60132139 -2.00182386
v 0.64654012 -2.54674863 -1.96135776
v 0.67925707 -2.50081675 -1.92579430
v 0.72119523 -2.46582899 -1.89691679
v 0.77025164 -2.44353976 -1.87617325
v 0.82396642 -2.43506675 -1.86460387
v 0.87964608 -2.44083482 -1.86278877
v 0.93449861 -2.46055475 -1.87081897
v 0.98577348 -2.49323769 -1.88829181
v 1.03089954 -2.53724478 -1.91433113
v 1.06761399 -2.59036932 -1.94763119
v 1.09407582 -2.64994744 -1.98652221
v 1.10895811 -2.71299162 -2.02905401
v 1.11151461 -2.77634058 -2.07309389
v 1.10161712 -2.83681773 -2.11643349
v 1.07976195 -2.89139049 -2.15689959
v 1.04704501 -2.93732237 -2.19246305
v 1.00510685 -2.97231013 -2.22134056
v 0.95605043 -2.99459936 -2.24208410
v 0.96748187 -2.85476739 -2.49347978
v 0.91166035 -2.85014759 -2.49512789
v 0.85623362 -2.83223052 -2.48581049
v 0.80398102 -2.80191459 -2.46599481
v 0.75752269 -2.76071998 -2.43667448
v 0.71918827 -2.71071237 -2.39931974
v 0.69089998 -2.65439933 -2.35580372
v 0.67407634 -2.59460465 -2.30830849
v 0.66956094 -2.53432667 -2.25921567
v 0.67758021 -2.47658798 -2.21098697
v 0.69773202 -2.42428385 -2.16604078
v 0.72900589 -2.38003702 -2.12663089
v 0.76983360 -2.34606622 -2.09473347
v 0.81816789 -2.32407487 -2.07194800
v 0.87158507 -2.31516572 -2.05941703
v 0.92740659 -2.31978552 -2.05776893
v 0.98283332 -2.33770260 -2.06708632
v 1.03508592 -2.36801852 -2.08690201
v 1.08154425 -2.40921313 -2.11622234
v 1.11987868 -2.45922074 -2.15357708
v 1.14816696 -2.51553378 -2.19709310
v 1.16499060 -2.57532847 -2.24458832
v 1.16950600 -2.63560645 -2.29368114
v 1.16148673 -2.69334513 -2.34190985
v 1.14133492 -2.74564926 -2.38685604
v 1.11006105 -2.78989609 -2.42626593
v 1.06923334 -2.82386690 -2.45816335
v 1.02089905 -2.84585824 -2.48094882
v 1.02973419 -2.68967971 -2.72153373
v 0.97380581 -2.68621872 -2.72312630
v 0.91785196 -2.67019267 -2.71269031
v 0.86467842 -2.64240517 -2.69074906
v 0.81695151 -2.60424961 -2.65840277
v 0.77706447 -2.55763926 -2.61727343
v 0.74701740 -2.50491135 -2.56942343
v 0.72831698 -2.44870990 -2.51725217
v 0.72190093 -2.39185307 -2.46337573
v 0.72809099 -2.33719190 -2.41049571
v 0.74657674 -2.28746733 -2.36126372
v 0.77643125 -2.24517276 -2.31814848
v 0.81615748 -2.21242902 -2.28331194
v 0.86376339 -2.19087800 -2.25850098
v 0.91686182 -2.18160038 -2.24495970
v 0.97279020 -2.18506137 -2.24336713
v 1.02874404 -2.20108742 -2.25380312
v 1.08191759 -2.22887492 -2.27574437
v 1.12964450 -2.26703048 -2.30809065
v 1.16953154 -2.31364083 -2.34922000
v 1.19957861 -2.36636873 -2.39707000
v 1.21827903 -2.42257019 -2.44924126
v 1.22469507 -2.47942702 -2.50311770
v 1.21850502 -2.53408819 -2.55599772
v 1.20001926 -2.58381276 -2.60522971
v 1.17016476 -2.62610733 -2.64834495
v 1.13043853 -2.65885107 -2.68318149
v 1.08283262 -2.68040208 -2.70799245
v 1.08856264 -2.50866996 -2.93634940
v 1.03256313 -2.50636877 -2.93799764
v 0.97613242 -2.49230832 -2.92661758
v 0.92210018 -2.46719368 -2.90277988
v 0.87317581 -2.43228417 -2.86767985
v 0.83181259 -2.38933033 -2.82307756
v 0.80008462 -2.34048603 -2.77120956
v 0.77958290 -2.28820052 -2.71467671
v 0.77133546 -2.23509563 -2.65631381
v 0.77575586 -2.18383425 -2.59904743
v 0.79262245 -2.13698684 -2.54574914
v 0.82108946 -2.09690253 -2.49909153
v 0.85972944 -2.06559132 -2.46141422
v 0.90660482 -2.04462327 -2.43460650
v 0.95936507 -2.03504981 -2.42001262
v 1.01536458 -2.03735100 -2.41836438
v 1.07179529 -2.05141144 -2.42974444
v 1.12582753 -2.07652609 -2.45358214
v 1.17475190 -2.11143559 -2.48868217
v 1.21611512 -2.15438944 -2.53328446
v 1.24784309 -2.20323374 -2.58515247
v 1.26834481 -2.25551925 -2.64168531
v 1.27659225 -2.30862414 -2.70004821
v 1.27217185 -2.35988552 -2.75731459
v 1.25530526 -2.40673292 -2.81061288
v 1.22683825 -2.44681723 -2.85727049
v 1.18819827 -2.47812845 -2.89494780
v 1.14132289 -2.49909650 -2.92175552
v 1.14345391 -2.31271448 -3.13654054
v 1.08741943 -2.31156470 -3.13835444
v 1.03056488 -2.29953053 -3.12620950
v 0.97574118 -2.27721544 -3.10071472
v 0.92569741 -2.24573838 -3.06314852
v 0.88294297 -2.20667776 -3.01539463
v 0.84962177 -2.16199222 -2.95984761
v 0.82740465 -2.11392250 -2.89929284
v 0.81740569 -2.06487901 -2.83676678
v 0.82012626 -2.01732099 -2.77540475
v 0.83542994 -1.97363321 -2.71828369
v 0.86254936 -1.93600634 -2.66826790
v 0.90012462 -1.90632716 -2.62786538
v 0.94627155 -1.88608391 -2.59910208
v 0.99867614 -1.87629167 -2.58342030
v 1.05471061 -1.87744145 -2.58160640
v 1.11156517 -1.88947562 -2.59375134
v 1.16638887 -1.91179071 -2.61924611
v 1.21643264 -1.94326777 -2.65681231
v 1.25918707 -1.98232839 -2.70456621
v 1.29250828 -2.02701393 -2.76011322
v 1.31472540 -2.07508365 -2.82066800
v 1.32472436 -2.12412714 -2.88319406
v 1.32200379 -2.17168516 -2.94455609
v 1.30670010 -2.21537294 -3.00167714
v 1.27958069 -2.25299981 -3.05169293
v 1.24200543 -2.28267899 -3.09209546
v 1.19585850 -2.30292224 -3.12085876
v 1.19391553 -2.10289887 -3.32081152
v 1.13788234 -2.10288292 -3.32289896
v 1.08065932 -2.09292162 -3.31017166
v 1.02511588 -2.07351447 -3.28326782
v 0.97403719 -2.04563463 -3.24353652
v 0.92998455 -2.01068012 -3.19297003
v 0.89516694 -1.97040369 -3.13410398
v 0.87133027 -1.92682497 -3.06989016
v 0.85966981 -1.88212919 -3.00354851
v 0.86077026 -1.83855757 -2.93840569
v 0.87457643 -1.79829499 -2.87772822
v 0.90039604 -1.76336036 -2.82455874
v 0.93693437 -1.73550547 -2.78156337
v 0.98235924 -1.71612707 -2.75089808
v 1.03439286 -1.70619688 -2.73410057
v 1.09042605 -1.70621283 -2.73201313
v 1.14764907 -1.71617413 -2.74474042
v 1.20319251 -1.73558128 -2.77164426
v 1.25427120 -1.76346112 -2.81137557
v 1.29832384 -1.79841563 -2.86194206
v 1.33314144 -1.83869206 -2.92080811
v 1.35697811 -1.88227078 -2.98502193
v 1.36863858 -1.92696656 -3.05136358
v 1.36753813 -1.97053818 -3.11650640
v 1.35373196 -2.01080076 -3.17718386
v 1.32791235 -2.04573539 -3.23035335
v 1.29137402 -2.07359028 -3.27334872
v 1.24594915 -2.09296868 -3.30401400
v 1.23947991 -1.88041055 -3.48796761
v 1.18348404 -1.88150198 -3.49043350
v 1.12594988 -1.87364594 -3.47730842
v 1.06976242 -1.85723636 -3.44925051
v 1.01773913 -1.83309608 -3.40766672
v 0.97248869 -1.80243561 -3.35464223
v 0.93628014 -1.76679237 -3.29283591
v 0.91092913 -1.72795369 -3.22534699
v 0.89770685 -1.68786708 -3.15555964
v 0.89727634 -1.64854267 -3.08697330
v 0.90965918 -1.61195233 -3.02302717
v 0.93423444 -1.57993086 -2.96692777
v 0.96976981 -1.55408396 -2.92148816
v 1.01448342 -1.53570769 -2.88898688
v 1.06613311 -1.52572352 -2.87105367
v 1.12212898 -1.52463209 -2.86858778
v 1.17966314 -1.53248813 -2.88171287
v 1.23585060 -1.54889771 -2.90977077
v 1.28787388 -1.57303799 -2.95135457
v 1.33312432 -1.60369847 -3.00437905
v 1.36933288 -1.63934170 -3.06618537
v 1.39468389 -1.67818038 -3.13367429
v 1.40790617 -1.71826699 -3.20346164
v 1.40833668 -1.75759140 -3.27204798
v 1.39595384 -1.79418174 -3.33599412
v 1.37137858 -1.82620321 -3.39209352
v 1.33584320 -1.85205011 -3.43753312
v 1.29112960 -1.87042638 -3.47003441
v 1.27970820 -1.64653055 -3.63692455
v 1.22378517 -1.64869439 -3.63986994
v 1.16599869 -1.64296182 -3.62653241
v 1.10924641 -1.62962029 -3.59758073
v 1.05637412 -1.60933880 -3.55446668
v 1.01003306 -1.58313435 -3.49935217
v 0.97254697 -1.55232094 -3.43500087
v 0.94579556 -1.51844369 -3.36463963
v 0.93112025 -1.48320134 -3.29179665
v 0.92925692 -1.44836109 -3.22012458
v 0.94029902 -1.41566997 -3.15321736
v 0.96369283 -1.38676726 -3.09443000
v 0.99826531 -1.36310225 -3.04671034
v 1.04228284 -1.34586161 -3.01245124
v 1.09353819 -1.33590986 -2.99337060
v 1.14946122 -1.33374602 -2.99042520
v 1.20724770 -1.33947860 -3.00376274
v 1.26399998 -1.35282013 -3.03271441
v 1.31687227 -1.37310161 -3.07582846
v 1.36321333 -1.39930606 -3.13094297
v 1.40069942 -1.43011947 -3.19529427
v 1.42745083 -1.46399672 -3.26565552
v 1.44212614 -1.49923907 -3.33849850
v 1.44398947 -1.53407933 -3.41017057
v 1.43294737 -1.56677044 -3.47707779
v 1.40955356 -1.59567316 -3.53586515
v 1.37498108 -1.61933816 -3.58358481
v 1.33096355 -1.63657880 -3.61784391
v 1.31419397 -1.40262437 -3.76671713
v 1.25837848 -1.40581756 -3.77023849
v 1.20039959 -1.40221260 -3.75687333
v 1.14316460 -1.39199026 -3.72729182
v 1.08954353 -1.37566314 -3.68297730
v 1.04222515 -1.35404994 -3.62615190
v 1.00358221 -1.32823443 -3.55966507
v 0.97555242 -1.29951112 -3.48685075
v 0.95954131 -1.26932032 -3.41136013
v 0.95635175 -1.23917591 -3.33697865
v 0.96614368 -1.21058946 -3.26743610
v 0.98842609 -1.18499442 -3.20621963
v 1.02208164 -1.16367423 -3.15639890
v 1.06542270 -1.14769796 -3.12047211
v 1.11627598 -1.13786675 -3.10024079
v 1.17209148 -1.13467356 -3.09671943
v 1.23007037 -1.13827852 -3.11008460
v 1.28730535 -1.14850086 -3.13966611
v 1.34092642 -1.16482798 -3.18398062
v 1.38824480 -1.18644119 -3.24080603
v 1.42688775 -1.21225669 -3.30729285
v 1.45491754 -1.24098000 -3.38010718
v 1.47092864 -1.27117080 -3.45559779
v 1.47411820 -1.30131521 -3.52997927
v 1.46432627 -1.32990166 -3.59952182
v 1.44204387 -1.35549670 -3.66073829
v 1.40838832 -1.37681690 -3.71055903
v 1.36504725 -1.39279316 -3.74648582
v 1.34256660 -1.15013223 -3.87650704
v 1.28689222 -1.15430410 -3.88069546
v 1.22878148 -1.15281702 -3.86748574
v 1.17114831 -1.14574557 -3.83754027
v 1.11688267 -1.13344435 -3.79236063
v 1.06870566 -1.11653018 -3.73421232
v 1.02903309 -1.09585121 -3.66601114
v 0.99985430 -1.07244438 -3.59117698
v 0.98263244 -1.04748340 -3.51346234
v 0.97823108 -1.02221991 -3.43676416
v 0.98687093 -0.99792074 -3.36492840
v 1.00811874 -0.97580434 -3.30155721
v 1.04090907 -0.95697973 -3.24982828
v 1.08359767 -0.94239085 -3.21233552
v 1.13404396 -0.93276924 -3.19095897
v 1.18971834 -0.92859738 -3.18677054
v 1.24782908 -0.93008445 -3.19998026
v 1.30546225 -0.93715590 -3.22992574
v 1.35972789 -0.94945712 -3.27510538
v 1.40790489 -0.96637129 -3.33325368
v 1.44757747 -0.98705026 -3.40145486
v 1.47675626 -1.01045709 -3.47628902
v 1.49397812 -1.03541807 -3.55400366
v 1.49837948 -1.06068156 -3.63070184
v 1.48973963 -1.08498073 -3.70253760
v 1.46849182 -1.10709713 -3.76590880
v 1.43570149 -1.12592174 -3.81763773
v 1.39301289 -1.14051063 -3.85513049
v 1.36449442 -0.89055857 -3.96558952
v 1.30899335 -0.89565138 -3.97053008
v 1.25081156 -0.89625888 -3.95765593
v 1.19286653 -0.89235060 -3.92761264
v 1.13806387 -0.88412254 -3.88190669
v 1.08915161 -0.87198727 -3.82282998
v 1.04858242 -0.85655331 -3.75334486
v 1.01839060 -0.83859458 -3.67693561
v 1.00009010 -0.81901161 -3.59743369
v 0.99459858 -0.79878637 -3.51882568
v 1.00219141 -0.77893303 -3.44505330
v 1.02248785 -0.76044714 -3.37981581
v 1.05447016 -0.74425564 -3.32638449
v 1.09653461 -0.73117044 -3.28743861
v 1.14657191 -0.72184770 -3.26493108
v 1.20207298 -0.71675490 -3.25999052
v 1.26025477 -0.71614740 -3.27286467
v 1.31819980 -0.72005567 -3.30290796
v 1.37300246 -0.72828374 -3.34861391
v 1.42191472 -0.74041901 -3.40769061
v 1.46248391 -0.75585297 -3.47717573
v 1.49267573 -0.77381170 -3.55358499
v 1.51097623 -0.79339467 -3.63308690
v 1.51646775 -0.81361991 -3.71169492
v 1.50887492 -0.83347324 -3.78546730
v 1.48857847 -0.85195914 -3.85070479
v 1.45659616 -0.86815064 -3.90413611
v 1.41453172 -0.88123583 -3.94308199
v 1.37968753 -0.62546104 -4.03339911
v 1.32439034 -0.63141059 -4.03917023
v 1.26619810 -0.63407616 -4.02680766
v 1.20802882 -0.63332408 -3.99693132
v 1.15279935 -0.62919206 -3.95103932
v 1.10327913 -0.62188731 -3.89143289
v 1.06195130 -0.61177611 -3.82110093
v 1.03088822 -0.59936547 -3.74357020
v 1.01164753 -0.58527773 -3.66272839
v 1.00519402 -0.57021930 -3.58262927
v 1.01185130 -0.55494527 -3.50728933
v 1.03128556 -0.54022154 -3.44048642
v 1.06252227 -0.52678643 -3.38557034
v 1.10399510 -0.51531362 -3.34529480
v 1.15362442 -0.50637842 -3.32167938
v 1.20892162 -0.50042886 -3.31590826
v 1.26711386 -0.49776330 -3.32827083
v 1.32528314 -0.49851538 -3.35814717
v 1.38051261 -0.50264739 -3.40403917
v 1.43003283 -0.50995215 -3.46364560
v 1.47136066 -0.52006335 -3.53397755
v 1.50242374 -0.53247398 -3.61150829
v 1.52166443 -0.54656172 -3.69235009
v 1.52811794 -0.56162016 -3.77244922
v 1.52146066 -0.57689419 -3.84778916
v 1.50202640 -0.59161792 -3.91459206
v 1.47078969 -0.60505303 -3.96950814
v 1.42931686 -0.61652583 -4.00978369
v 1.38790036 -0.35643901 -4.07951417
v 1.33283572 -0.36317529 -4.08618707
v 1.27469303 -0.36784970 -4.07450687
v 1.21638780 -0.37022783 -4.04505925
v 1.16084371 -0.37019045 -3.99932085
v 1.11084597 -0.36773942 -3.93958518
v 1.06890167 -0.36299766 -3.86884762
v 1.03711408 -0.35620292 -3.79065527
v 1.01707715 -0.34769593 -3.70892901
v 1.00979563 -0.33790327 -3.62776694
v 1.01563463 -0.32731598 -3.55123886
v 1.03430138 -0.31646495 -3.48318221
v 1.06485983 -0.30589429 -3.42700963
v 1.10577766 -0.29613407 -3.38553786
v 1.15500308 -0.28767370 -3.36084645
v 1.21006772 -0.28093742 -3.35417355
v 1.26821041 -0.27626301 -3.36585375
v 1.32651563 -0.27388488 -3.39530136
v 1.38205972 -0.27392226 -3.44103977
v 1.43205746 -0.27637329 -3.50077544
v 1.47400176 -0.28111506 -3.57151299
v 1.50578936 -0.28790979 -3.64970535
v 1.52582628 -0.29641678 -3.73143161
v 1.53310781 -0.30620944 -3.81259368
v 1.52726880 -0.31679673 -3.88912176
v 1.50860206 -0.32764776 -3.95717841
v 1.47804361 -0.33821842 -4.01335099
v 1.43712578 -0.34797864 -4.05482276
v 1.38764652 -0.09781991 -4.10322192
v 1.33270818 -0.10491417 -4.11037059
v 1.27461240 -0.11056341 -4.09909422
v 1.21627235 -0.11448435 -4.06995826
v 1.16061344 -0.11648037 -4.02442369
v 1.11042665 -0.11645139 -3.96477382
v 1.06822854 -0.11439886 -3.89399974
v 1.03613511 -0.11042569 -3.81565035
v 1.01575566 -0.10473114 -3.73365443
v 1.00811209 -0.09760073 -3.65212359
v 1.01358769 -0.08939203 -3.57514612
v 1.03190789 -0.08051664 -3.50658200
v 1.06215403 -0.07141962 -3.44986933
v 1.10280945 -0.06255713 -3.40785190
v 1.15183552 -0.05437358 -3.38263665
v 1.20677386 -0.04727931 -3.37548798
v 1.26486964 -0.04163007 -3.38676435
v 1.32320969 -0.03770914 -3.41590032
v 1.37886859 -0.03571312 -3.46143488
v 1.42905539 -0.03574210 -3.52108475
v 1.47125349 -0.03779463 -3.59185884
v 1.50334692 -0.04176779 -3.67020822
v 1.52372638 -0.04746235 -3.75220414
v 1.53136994 -0.05459275 -3.83373499
v 1.52589434 -0.06280146 -3.91071245
v 1.50757415 -0.07167685 -3.97927657
v 1.47732800 -0.08077386 -4.03598925
v 1.43667258 -0.08963635 -4.07800667
vn 0.32788476 0.04280181 -0.94374763
vn 0.00123180 0.02847603 -0.99959372
vn -0.29371218 0.01291832 -0.95580661
vn -0.52211516 -0.00100603 -0.85287440
vn -0.68677110 -0.01249725 -0.72676631
vn -0.80352305 -0.02187371 -0.59487163
vn -0.88646737 -0.02969028 -0.46183773
vn -0.94458735 -0.03641572 -0.32623403
vn -0.98204530 -0.04236744 -0.18382609
vn -0.99844717 -0.04769389 -0.02878443
vn -0.98796426 -0.05231177 0.14556820
vn -0.93710040 -0.05573836 0.34458100
vn -0.82287922 -0.05681525 0.56536874
vn -0.61979715 -0.05365056 0.78292600
vn -0.32771267 -0.04469554 0.94371962
vn 0.00195548 -0.03084037 0.99952241
vn 0.29830361 -0.01542457 0.95434639
vn 0.52648101 -0.00139020 0.85018575
vn 0.69031585 0.01027216 0.72343522
vn 0.80623276 0.01979698 0.59126713
vn 0.88847055 0.02773167 0.45809500
vn 0.94598664 0.03456051 0.32235825
vn 0.98287029 0.04061757 0.17976708
vn 0.99863823 0.04606365 0.02449116
vn 0.98736874 0.05082083 -0.15006738
vn 0.93553714 0.05439201 -0.34901542
vn 0.82046045 0.05554595 -0.56899851
vn 0.61763876 0.05222540 -0.78472598
vn 0.32320179 0.12943149 -0.93743698
vn -0.00286480 0.11067612 -0.99385240
vn -0.29644631 0.08357473 -0.95138575
vn -0.52343905 0.05514081 -0.85027704
vn -0.68702820 0.02898097 -0.72605258
vn -0.80307418 0.00576340 -0.59585120
vn -0.88557223 -0.01505889 -0.46425754
vn -0.94340791 -0.03430357 -0.32985570
vn -0.98066829 -0.05273560 -0.18843744
vn -0.99689345 -0.07095716 -0.03418388
vn -0.98617715 -0.08926075 0.13959636
vn -0.93491534 -0.10722847 0.33828297
vn -0.82002239 -0.12285585 0.55898992
vn -0.61608625 -0.13156728 0.77661302
vn -0.32355184 -0.12753606 0.93757600
vn 0.00553246 -0.10923289 0.99400079
vn 0.30054749 -0.08228971 0.95021030
vn 0.52739376 -0.05390918 0.84790897
vn 0.69025102 -0.02781009 0.72303536
vn 0.80553301 -0.00464572 0.59253269
vn 0.88737327 0.01617197 0.46076800
vn 0.94463431 0.03549112 0.32619993
vn 0.98133089 0.05409518 0.18456271
vn 0.99690931 0.07259371 0.03003302
vn 0.98536007 0.09126509 -0.14400076
vn 0.93304058 0.10962226 -0.34266346
vn 0.81717332 0.12548018 -0.56256776
vn 0.61341566 0.13401257 -0.77830704
vn 0.32550758 0.21266422 -0.92131360
vn 0.00091063 0.19012642 -0.98175919
vn -0.29224765 0.15214379 -0.94416290
vn -0.51950858 0.10973637 -0.84738938
vn -0.68355257 0.06929673 -0.72660433
vn -0.79999787 0.03250006 -0.59912199
vn -0.88278147 -0.00117160 -0.46978241
vn -0.94079665 -0.03287147 -0.33737387
vn -0.97815572 -0.06380578 -0.19783886
vn -0.99443538 -0.09502896 -0.04547285
vn -0.98379684 -0.12721033 0.12633810
vn -0.93278052 -0.15999847 0.32298761
vn -0.81857384 -0.19054541 0.54187574
vn -0.61605560 -0.21159452 0.75875112
vn -0.32546479 -0.21300265 0.92125053
vn 0.00207749 -0.19065914 0.98165410
vn 0.29656394 -0.15231442 0.94278850
vn 0.52359706 -0.10946875 0.84490397
vn 0.68685767 -0.06872814 0.72353506
vn 0.80250918 -0.03174873 0.59579446
vn 0.88461905 0.00204769 0.46630993
vn 0.94205308 0.03385683 0.33375098
vn 0.97885023 0.06490758 0.19400832
vn 0.99449589 0.09625899 0.04137785
vn 0.98305530 0.12855639 -0.13067337
vn 0.93104325 0.16136308 -0.32729258
vn 0.81596536 0.19165185 -0.54540820
vn 0.61374035 0.21202337 -0.76050567
vn 0.32525659 0.29476142 -0.89851203
vn 0.00266901 0.26893574 -0.96315442
vn -0.28947476 0.22061250 -0.93141532
vn -0.51657968 0.16463526 -0.84026226
vn -0.68079883 0.11017555 -0.72413694
vn -0.79742554 0.05997927 -0.60042901
vn -0.88028120 0.01361530 -0.47425694
vn -0.93823375 -0.03036550 -0.34466703
vn -0.97539785 -0.07358207 -0.20780933
vn -0.99136683 -0.11751699 -0.05815130
vn -0.98035455 -0.16319526 0.11078025
vn -0.92905717 -0.21032578 0.30432850
vn -0.81502570 -0.25527154 0.52016300
vn -0.61365020 -0.28829353 0.73506481
vn -0.32518015 -0.29524252 0.89838173
vn 0.00030164 -0.26950215 0.96299974
vn 0.29375005 -0.22061819 0.93007447
vn 0.52063123 -0.16406417 0.83786996
vn 0.68407534 -0.10924273 0.72118441
vn 0.79991281 -0.05884595 0.59722412
vn 0.88209572 -0.01235495 0.47090815
vn 0.93946584 0.03173506 0.34116979
vn 0.97606550 0.07506911 0.20410968
vn 0.99139834 0.11913079 0.05419588
vn 0.97958574 0.16490756 -0.11496644
vn 0.92730550 0.21199477 -0.30848457
vn 0.81243402 0.25654097 -0.52358160
vn 0.61138411 0.28868508 -0.73679739
vn 0.32268261 0.37399221 -0.86948592
vn 0.00260532 0.34546140 -0.93842934
vn -0.28798634 0.28761583 -0.91342269
vn -0.51455791 0.21879590 -0.82907087
vn -0.67870688 0.15085388 -0.71874897
vn -0.79532173 0.08764562 -0.59981797
vn -0.87805416 0.02888772 -0.47768860
vn -0.93571579 -0.02711678 -0.35171103
vn -0.97240150 -0.08236290 -0.21829266
vn -0.98770056 -0.13872881 -0.07212429
vn -0.97586227 -0.19756204 0.09307019
vn -0.92374431 -0.25860496 0.28252422
vn -0.80934394 -0.31745420 0.49415101
vn -0.60878354 -0.36205888 0.70590082
vn -0.32256733 -0.37458820 0.86927211
vn 0.00033569 -0.34604775 0.93821684
vn 0.29220067 -0.28746817 0.91212983
vn 0.51855400 -0.21794650 0.82680171
vn 0.68193961 -0.14958491 0.71594883
vn 0.79777199 -0.08615731 0.59677195
vn 0.87983353 -0.02726858 0.47449909
vn 0.93691137 0.02884572 0.34837480
vn 0.97302975 0.08421012 0.21475979
vn 0.98769040 0.14070018 0.06834562
vn 0.97505491 0.19961335 -0.09706924
vn 0.92197213 0.26055311 -0.28649514
vn 0.80677339 0.31887303 -0.49743008
vn 0.60657950 0.36242395 -0.70760878
vn 0.31788438 0.44966907 -0.83471387
vn 0.00074494 0.41902539 -0.90797421
vn -0.28780011 0.35258576 -0.89042371
vn -0.51346908 0.27179462 -0.81392702
vn -0.67729766 0.19103862 -0.71047317
vn -0.79370236 0.11531105 -0.59727709
vn -0.87611532 0.04454214 -0.48003952
vn -0.93326195 -0.02315641 -0.35844932
vn -0.96919612 -0.09011103 -0.22921361
vn -0.98348397 -0.15855495 -0.08729038
vn -0.97039481 -0.23011596 0.07335226
vn -0.91695367 -0.30453288 0.25779000
vn -0.80167688 -0.37665290 0.46416243
vn -0.60160954 -0.43230058 0.67170096
vn -0.31772753 -0.45034772 0.83440766
vn 0.00215556 -0.41961501 0.90769962
vn 0.29193653 -0.35229744 0.88919041
vn 0.51739427 -0.27069606 0.81180466
vn 0.68047378 -0.18946679 0.70785435
vn 0.79610444 -0.11350030 0.59442023
vn 0.87784898 -0.04259534 0.47703962
vn 0.93441050 0.02521438 0.35530446
vn 0.96977421 0.09228779 0.22587816
vn 0.98342139 0.16085204 0.08371975
vn 0.96953947 0.23247331 -0.07713222
vn 0.91515596 0.30672994 -0.26154601
vn 0.79913040 0.37820489 -0.46728115
vn 0.59947650 0.43265147 -0.67338001
vn 0.31099247 0.52121896 -0.79474177
vn -0.00286405 0.48904198 -0.87225555
vn -0.28892275 0.41500802 -0.86272359
vn -0.51333572 0.32323094 -0.79498943
vn -0.67659110 0.23044298 -0.69937152
vn -0.79258241 0.14278618 -0.59281129
vn -0.87447846 0.06047059 -0.48128031
vn -0.93089049 -0.01852157 -0.36482852
vn -0.96581158 -0.09679746 -0.24049584
vn -0.97876739 -0.17689870 -0.10354341
vn -0.96403447 -0.26068457 0.05177929
vn -0.90881160 -0.34784674 0.23035651
vn -0.79219656 -0.43249677 0.43054751
vn -0.59231409 -0.49853218 0.63295314
vn -0.31079462 -0.52194638 0.79434166
vn 0.00571502 -0.48961641 0.87191921
vn 0.29296860 -0.41459143 0.86155867
vn 0.51717788 -0.32191426 0.79303106
vn 0.67970017 -0.22860484 0.69695588
vn 0.79492707 -0.14068941 0.59016730
vn 0.87615774 -0.05823116 0.47849424
vn 0.93198344 0.02087432 0.36189934
vn 0.96633077 0.09926905 0.23738261
vn 0.97864381 0.17948542 0.10020616
vn 0.96312384 0.26331102 -0.05531516
vn 0.90698446 0.35025934 -0.23387515
vn 0.78967572 0.43416420 -0.43349015
vn 0.59025669 0.49888159 -0.63459766
vn 0.30216089 0.58819012 -0.75015411
vn -0.00815526 0.55502791 -0.83179175
vn -0.29135177 0.47443223 -0.83067936
vn -0.51417667 0.37273487 -0.77245781
vn -0.67660563 0.26879074 -0.68553364
vn -0.79197572 0.16988243 -0.58644217
vn -0.87315608 0.07656156 -0.48139047
vn -0.92861873 -0.01325524 -0.37079853
vn -0.96227770 -0.10240135 -0.25206268
vn -0.97360319 -0.19367614 -0.12077407
vn -0.95686888 -0.28911782 0.02851037
vn -0.89945441 -0.38832453 0.20046402
vn -0.78109067 -0.48468590 0.39367112
vn -0.58110418 -0.56037371 0.59016883
vn -0.30192558 -0.58893331 0.74966559
vn 0.01094917 -0.55556849 0.83139868
vn 0.29529758 -0.47389898 0.82958972
vn 0.51792693 -0.37123113 0.77067447
vn 0.67963990 -0.26672400 0.68333588
vn 0.79425600 -0.16753787 0.58402780
vn 0.87477440 -0.07406681 0.47883593
vn 0.92964951 0.01586591 0.36810333
vn 0.96273143 0.10513051 0.24919024
vn 0.97341232 0.19651417 0.11768870
vn 0.95589778 0.29197462 -0.03178448
vn 0.89759510 0.39091819 -0.20373023
vn 0.77859577 0.48645069 -0.39642697
vn 0.57912277 0.56073398 -0.59177210
vn 0.29155797 0.65025039 -0.70154713
vn -0.01504883 0.61660532 -0.78712858
vn -0.29507545 0.53047785 -0.79468467
vn -0.51600679 0.41997236 -0.74656561
vn -0.67735800 0.30581986 -0.66907425
vn -0.79189491 0.19641404 -0.57820756
vn -0.87215958 0.09270096 -0.48035841
vn -0.92646303 -0.00740578 -0.37631290
vn -0.95862410 -0.10690989 -0.26383728
vn -0.96804488 -0.20881602 -0.13887035
vn -0.94898887 -0.31528777 0.00370850
vn -0.88902400 -0.42578421 0.16835715
vn -0.76855498 -0.53298907 0.35390095
vn -0.56819788 -0.61754807 0.54386170
vn -0.29129131 -0.65097940 0.70098159
vn 0.01777950 -0.61709444 0.78668821
vn 0.29891550 -0.52983797 0.79367578
vn 0.51965961 -0.41831090 0.74496300
vn 0.68031238 -0.30356140 0.66710235
vn 0.79410609 -0.19386001 0.57603282
vn 0.87371234 -0.08998889 0.47804680
vn 0.92742711 0.01023668 0.37386383
vn 0.95900793 0.10985843 0.26121812
vn 0.96778270 0.21186620 0.13604911
vn 0.94795423 0.31833590 -0.00670997
vn 0.88713090 0.42852499 -0.17136247
vn 0.76608490 0.53483390 -0.35646404
vn 0.56628889 0.61793029 -0.54541640
vn 0.27935759 0.70717870 -0.64950568
vn -0.02345600 0.67349801 -0.73881679
vn -0.30007506 0.58283554 -0.75515408
vn -0.51883678 0.46464894 -0.71757213
vn -0.67886291 0.34128571 -0.65013016
vn -0.79235138 0.22219997 -0.56816059
vn -0.87149915 0.10877303 -0.47818161
vn -0.92443868 -0.00102658 -0.38132935
vn -0.95487981 -0.11031807 -0.27574349
vn -0.96214630 -0.22225949 -0.15771876
vn -0.94048655 -0.33908781 -0.02246122
vn -0.87766401 -0.46008134 0.13427971
vn -0.75478651 -0.57723851 0.31159753
vn -0.55381437 -0.66987212 0.49453107
vn -0.27906812 -0.70786804 0.64887890
vn 0.02611833 -0.67392030 0.73834224
vn 0.30380672 -0.58209737 0.75423082
vn 0.52238973 -0.46285607 0.71615168
vn 0.68173477 -0.33887001 0.64838632
vn 0.79449074 -0.21947339 0.56622955
vn 0.87298365 -0.10588084 0.47611846
vn 0.92533344 0.00404036 0.37913283
vn 0.95519140 0.11344828 0.27338412
vn 0.96181090 0.22548355 0.15516756
vn 0.93938716 0.34228966 0.01973699
vn 0.87573636 0.46293725 -0.13702165
vn 0.75233885 0.57914742 -0.31396581
vn 0.55197108 0.67028572 -0.49602922
vn 0.26573252 0.75885134 -0.59458462
vn -0.03328366 0.72552257 -0.68739304
vn -0.30632597 0.63126492 -0.71250895
vn -0.52267346 0.50651088 -0.68575446
vn -0.68113280 0.37496302 -0.62885678
vn -0.79335490 0.24706565 -0.55636910
vn -0.87118364 0.12466137 -0.47486693
vn -0.92255981 0.00582441 -0.38581014
vn -0.95107313 -0.11262870 -0.28770589
vn -0.95596093 -0.23395991 -0.17720459
vn -0.93145358 -0.36043148 -0.04983352
vn -0.86551631 -0.49110587 0.09847104
vn -0.73997767 -0.61732258 0.26710649
vn -0.53816705 -0.71724422 0.44264766
vn -0.26543022 -0.75948096 0.59391538
vn 0.03587337 -0.72586588 0.68690016
vn 0.30994874 -0.63043551 0.71167608
vn 0.52612652 -0.50460941 0.68451460
vn 0.68392168 -0.37242106 0.62733858
vn 0.79542163 -0.24420060 0.55468053
vn 0.87259898 -0.12162416 0.47305241
vn 0.92338449 -0.00266322 0.38386716
vn 0.95131196 0.11590451 0.28560760
vn 0.95555223 0.23732140 0.17492423
vn 0.93028980 0.36375193 0.04738577
vn 0.86355388 0.49404794 -0.10095210
vn 0.73754876 0.61928146 -0.26928107
vn 0.53638007 0.71769652 -0.44408122
vn 0.25084839 0.80522555 -0.53729591
vn -0.04443797 0.77257605 -0.63336523
vn -0.31379903 0.67558932 -0.66716508
vn -0.52751950 0.54534501 -0.65140003
vn -0.68417750 0.40664737 -0.60542470
vn -0.79491354 0.27084425 -0.54291422
vn -0.87122052 0.14024980 -0.47043044
vn -0.92083949 0.01308495 -0.38972223
vn -0.94723140 -0.11385211 -0.29965042
vn -0.94954117 -0.24388224 -0.19721311
vn -0.92197971 -0.37925089 -0.07824434
vn -0.85271822 -0.51877811 0.06116301
vn -0.72431183 -0.65317722 0.22075301
vn -0.52145718 -0.75962979 0.38864507
vn -0.25054435 -0.80578113 0.53660441
vn 0.04695156 -0.77283187 0.63287159
vn 0.31731437 -0.67467447 0.66642775
vn 0.53087463 -0.54335385 0.65033739
vn 0.68688463 -0.40400594 0.60412640
vn 0.79690840 -0.26787120 0.54146286
vn 0.87256739 -0.13709944 0.46886021
vn 0.92159486 -0.00980908 0.38802924
vn 0.94739855 0.11724011 0.29780993
vn 0.94906069 0.24734771 0.19519968
vn 0.92075314 0.38265824 0.07606789
vn 0.85072115 0.52178090 -0.06338945
vn 0.72189690 0.65517401 -0.22273725
vn 0.51971521 0.76012590 -0.39000604
vn 0.23485948 0.84632187 -0.47810074
vn -0.05682767 0.81462148 -0.57720227
vn -0.32246177 0.71568818 -0.61952307
vn -0.53337354 0.58097665 -0.61479980
vn -0.68800378 0.43615592 -0.58001622
vn -0.79703326 0.29337819 -0.52788941
vn -0.87161588 0.15542320 -0.46489717
vn -0.91928962 0.02068895 -0.39303760
vn -0.94338082 -0.11400602 -0.31150483
vn -0.94293791 -0.25200274 -0.21762976
vn -0.91215154 -0.39549524 -0.10753173
vn -0.83940031 -0.54304451 0.02257815
vn -0.70796004 -0.68477693 0.17283845
vn -0.50387027 -0.79704635 0.33291421
vn -0.23456514 -0.84679473 0.47740746
vn 0.05926239 -0.81478515 0.57672621
vn 0.32587234 -0.71469312 0.61888687
vn 0.53663409 -0.57891109 0.61391026
vn 0.69063188 -0.43343715 0.57892991
vn 0.79895839 -0.29032310 0.52666686
vn 0.87289613 -0.15218789 0.46356359
vn 0.91997767 -0.01732784 0.39158758
vn 0.94347864 0.11747624 0.30991513
vn 0.94238835 0.25554229 0.21587575
vn 0.91086462 0.39896178 0.10561792
vn 0.83736878 0.54608643 -0.02455892
vn 0.70555349 0.68680141 -0.17463707
vn 0.50216078 0.79758904 -0.33419496
vn 0.21790620 0.88220696 -0.41740601
vn -0.07036638 0.85167303 -0.51932805
vn -0.33227969 0.75148827 -0.56996104
vn -0.54023025 0.61326653 -0.57624252
vn -0.69261523 0.46332722 -0.55282188
vn -0.79971793 0.31451969 -0.51139867
vn -0.87237419 0.17006858 -0.45830116
vn -0.91792079 0.02856721 -0.39573392
vn -0.93954628 -0.11311523 -0.32319921
vn -0.93619997 -0.25830833 -0.23834099
vn -0.90205158 -0.40912910 -0.13753660
vn -0.82568484 -0.56387331 -0.01707149
vn -0.69107917 -0.71212573 0.12363870
vn -0.48557363 -0.82954911 0.27580161
vn -0.21763283 -0.88259361 0.41673070
vn 0.07271986 -0.85174375 0.51888766
vn 0.33558887 -0.75041806 0.56943203
vn 0.54340063 -0.61113844 0.57552198
vn 0.69516787 -0.46054886 0.55193875
vn 0.80157628 -0.31140416 0.51039486
vn 0.87359061 -0.16677221 0.45719413
vn 0.91854452 -0.02514609 0.39451698
vn 0.93957811 0.11664161 0.32185043
vn 0.93558488 0.26189624 0.23683600
vn 0.90070728 0.41263124 0.13587440
vn 0.82361904 0.56693633 0.01532588
vn 0.68867470 0.71416930 -0.12525716
vn 0.48388351 0.83013887 -0.27699495
vn 0.20011380 0.91297771 -0.35556458
vn -0.08497348 0.88378164 -0.46011903
vn -0.34321685 0.78295434 -0.51883012
vn -0.54808045 0.64210661 -0.53601019
vn -0.69801178 0.48802065 -0.52403759
vn -0.80296868 0.33413190 -0.49355564
vn -0.87349812 0.18407593 -0.45068513
vn -0.91674235 0.03664770 -0.39779442
vn -0.93575129 -0.11121131 -0.33466637
vn -0.92937380 -0.26279624 -0.25923442
vn -0.89175751 -0.42013084 -0.16810301
vn -0.81168472 -0.58125032 -0.05758453
vn -0.67381063 -0.73524894 0.07340461
vn -0.46671529 -0.85721788 0.21761052
vn -0.19987223 -0.91327927 0.35492544
vn 0.08724391 -0.88376216 0.45973138
vn 0.34642852 -0.78181424 0.51841468
vn 0.55116551 -0.63992522 0.53545522
vn 0.70049320 -0.48519614 0.52334881
vn 0.80476384 -0.33097296 0.49275964
vn 0.87465421 -0.18073781 0.44979312
vn 0.91730537 -0.03318760 0.39679900
vn 0.93572109 0.11477199 0.33354673
vn 0.92869728 0.26641094 0.25796623
vn 0.89035907 0.42364905 0.16667997
vn 0.80958448 0.58432007 0.05606271
vn 0.67140124 0.73730458 -0.07484870
vn 0.46503131 0.85785307 -0.21870983
vn 0.18159215 0.93874734 -0.29287835
vn -0.10057565 0.91102169 -0.39990501
vn -0.35523660 0.81007984 -0.46645216
vn -0.55691092 0.66741575 -0.49437479
vn -0.70418953 0.51011514 -0.49386197
vn -0.80678387 0.35208903 -0.47448193
vn -0.87498859 0.19733872 -0.44209999
vn -0.91576223 0.04485644 -0.39920850
vn -0.93201782 -0.10833221 -0.34584233
vn -0.92250324 -0.26547341 -0.28019929
vn -0.88134174 -0.42849099 -0.19907839
vn -0.79750302 -0.59517511 -0.09877001
vn -0.65628030 -0.75418569 0.02236322
vn -0.44742450 -0.88014559 0.15860345
vn -0.18139228 -0.93896883 0.29229158
vn 0.10276189 -0.91091781 0.39958571
vn 0.35835490 -0.80887550 0.46615682
vn 0.55991552 -0.66518831 0.49398291
vn 0.70660395 -0.50725459 0.49335955
vn 0.80851971 -0.34889932 0.47388305
vn 0.87608809 -0.19397380 0.44141117
vn 0.91626853 -0.04137385 0.39842213
vn 0.93192989 0.11190982 0.34493895
vn 0.92176957 0.26909753 0.27915477
vn 0.87989229 0.43200985 0.19788139
vn 0.79536796 0.59824013 0.09746052
vn 0.65385896 0.75624710 -0.02363855
vn 0.44573378 0.88082251 -0.15960297
vn 0.16243629 0.95963372 -0.22960309
vn -0.11710622 0.93347960 -0.33897193
vn -0.36830172 0.83287823 -0.41311948
vn -0.56670448 0.68913488 -0.45159621
vn -0.71114012 0.52950801 -0.46249433
vn -0.81115857 0.36827683 -0.45430601
vn -0.87684434 0.20975506 -0.43260468
vn -0.91498698 0.05311782 -0.39997165
vn -0.92836633 -0.10452225 -0.35666658
vn -0.91562929 -0.26635614 -0.30112691
vn -0.87087119 -0.43421074 -0.23031370
vn -0.78323295 -0.60565745 -0.14044644
vn -0.63859889 -0.76898256 -0.02927949
vn -0.42781230 -0.89842875 0.09900714
vn -0.16228705 -0.95978336 0.22908254
vn 0.11920774 -0.93329972 0.33873462
vn 0.37133089 -0.83161599 0.41295063
vn 0.56963333 -0.68686720 0.45136605
vn 0.71349185 -0.52661827 0.46217159
vn 0.81283895 -0.36506525 0.45389449
vn 0.87789099 -0.20637436 0.43210767
vn 0.91544054 -0.04962513 0.39938197
vn 0.92822490 0.10810352 0.35596651
vn 0.91484261 0.26997643 0.30029273
vn 0.86937359 0.43771856 0.22932949
vn 0.78106216 0.60870915 0.13933801
vn 0.63615829 0.77104424 0.02816758
vn 0.42610274 0.89914186 -0.09990181
vn 0.14272792 0.97574984 -0.16595478
vn -0.13450518 0.95124404 -0.27756646
vn -0.38237440 0.85137518 -0.35909625
vn -0.57743955 0.70722264 -0.40792120
vn -0.71885078 0.54611288 -0.43013285
vn -0.81608452 0.38259238 -0.43316179
vn -0.87906194 0.22122823 -0.42226553
vn -0.91442165 0.06135535 -0.40008570
vn -0.92481559 -0.09983123 -0.36708290
vn -0.90879001 -0.26546936 -0.32191107
vn -0.86040704 -0.43730127 -0.26166261
vn -0.76895779 -0.61271487 -0.18244012
vn -0.62086299 -0.77968818 -0.08133569
vn -0.40797353 -0.91215966 0.03901740
vn -0.14263658 -0.97583841 0.16551195
vn 0.13652228 -0.95099860 0.27742267
vn 0.38531864 -0.85006211 0.35905983
vn 0.58029726 -0.70491943 0.40785253
vn 0.72114361 -0.54319880 0.42998482
vn 0.81771280 -0.37936495 0.43292956
vn 0.88005918 -0.21783899 0.42195024
vn 0.91482617 -0.05786104 0.39968134
vn 0.92462462 0.10340688 0.36657378
vn 0.90795413 0.26907644 0.32127428
vn 0.85886373 0.44078954 0.26087864
vn 0.76675003 0.61574675 0.18152226
vn 0.61839586 0.78174502 0.08038213
vn 0.40623395 0.91290179 -0.03980331
vn 0.12253630 0.98719655 -0.10211669
vn -0.15271822 0.96439806 -0.21590167
vn -0.39741613 0.86560177 -0.30462107
vn -0.58909024 0.72165076 -0.36358337
vn -0.72730358 0.55985843 -0.39697361
vn -0.82154944 0.39494443 -0.41118782
vn -0.88163546 0.23166735 -0.41115588
vn -0.91406967 0.06949248 -0.39955904
vn -0.92138270 -0.09431437 -0.37703943
vn -0.90202052 -0.26284661 -0.34244801
vn -0.85000495 -0.43778227 -0.29298168
vn -0.75475163 -0.61637011 -0.22458376
vn -0.60315610 -0.78634934 -0.13363174
vn -0.38798831 -0.92142057 -0.02119458
vn -0.12250916 -0.98723672 0.10176038
vn 0.15465196 -0.96409904 0.21586063
vn 0.40027974 -0.86424552 0.30472252
vn 0.59188088 -0.71931640 0.36367698
vn 0.72954085 -0.55692313 0.39699721
vn 0.82312856 -0.39170451 0.41112887
vn 0.88258623 -0.22827380 0.41101412
vn 0.91442833 -0.06600180 0.39933018
vn 0.92114557 0.09787845 0.37671029
vn 0.90113857 0.26643458 0.34199693
vn 0.84841768 0.44124558 0.29238635
vn 0.75250523 0.61937747 0.22384689
vn 0.60065539 0.78839636 0.13283178
vn 0.38620838 0.92218328 0.02052016
vn 0.10192134 0.99405697 -0.03824643
vn -0.17169551 0.97301301 -0.15416334
vn -0.41338682 0.87558898 -0.24991055
vn -0.60162565 0.73240052 -0.31880409
vn -0.73647534 0.57068616 -0.36320983
vn -0.82753693 0.40525306 -0.38852617
vn -0.88455636 0.24098806 -0.39935548
vn -0.91393289 0.07745309 -0.39840645
vn -0.91808307 -0.08803153 -0.38648923
vn -0.89535293 -0.25852956 -0.36263700
vn -0.83971504 -0.43568190 -0.32412949
vn -0.74067986 -0.61664958 -0.26671454
vn -0.58555020 -0.78900782 -0.18600439
vn -0.36792432 -0.92627930 -0.08147611
vn -0.10196287 -0.99406281 0.03798297
vn 0.17354795 -0.97267342 0.15423208
vn 0.41617420 -0.87419775 0.25015461
vn 0.60435303 -0.73003904 0.31906178
vn 0.73865967 -0.56773187 0.36340392
vn 0.82906904 -0.40200247 0.38863677
vn 0.88546284 -0.23759222 0.39938140
vn 0.91424805 -0.07396859 0.39834552
vn 0.91780238 0.09158114 0.38633106
vn 0.89442730 0.26209514 0.36236162
vn 0.83808490 0.43911700 0.32371277
vn 0.73839256 0.61962940 0.26615001
vn 0.58300898 0.79104023 0.18535341
vn 0.36609507 0.92705297 0.08091468
vn 0.08093461 0.99639275 0.02551627
vn -0.19139037 0.97714400 -0.09251663
vn -0.43024400 0.88136334 -0.19516341
vn -0.61500948 0.73945946 -0.27379380
vn -0.74633705 0.57854921 -0.32903163
vn -0.83402622 0.41344931 -0.36532168
vn -0.88781335 0.24911280 -0.38694996
vn -0.91401132 0.08516251 -0.39664929
vn -0.91493040 -0.08104685 -0.39539065
vn -0.88881645 -0.25256770 -0.38238054
vn -0.82958231 -0.43103579 -0.35496668
vn -0.72679982 -0.61358263 -0.30867196
vn -0.56810704 -0.78769870 -0.23829637
vn -0.34783907 -0.92678629 -0.14168681
vn -0.08104799 -0.99637925 -0.02568313
vn 0.19316448 -0.97677746 0.09269999
vn 0.43295999 -0.87994557 0.19555419
vn 0.61767687 -0.73707510 0.27421811
vn 0.74847025 -0.57557796 0.32939688
vn 0.83551253 -0.41018899 0.36560061
vn 0.88867670 -0.24571533 0.38714042
vn 0.91428441 -0.08168483 0.39675132
vn 0.91460774 0.08458116 0.39539689
vn 0.88784850 0.25611002 0.38227308
vn 0.82790944 0.43444164 0.35472020
vn 0.72446906 0.61653285 0.30827233
vn 0.56551888 0.78971157 0.23778988
vn 0.34595261 0.92756053 0.14123830
vn 0.05962215 0.99424176 0.08904225
vn -0.21175725 0.97682693 -0.03111295
vn -0.44794202 0.88294357 -0.14056527
vn -0.62919925 0.74281886 -0.22875414
vn -0.75685339 0.58341099 -0.29462615
vn -0.84099169 0.41947527 -0.34172135
vn -0.89139203 0.25597174 -0.37403036
vn -0.91430320 0.09254785 -0.39431530
vn -0.91193664 -0.07342811 -0.40370767
vn -0.88243742 -0.24501808 -0.40158479
vn -0.81964677 -0.42388748 -0.38535512
vn -0.71316178 -0.60720089 -0.35029609
vn -0.55087998 -0.78244916 -0.29035248
vn -0.32778169 -0.92297321 -0.20169190
vn -0.05980912 -0.99422433 -0.08911141
vn 0.21345699 -0.97644729 0.03141354
vn 0.45059160 -0.88150795 0.14110610
vn 0.63180969 -0.74041598 0.22934841
vn 0.75893658 -0.58042469 0.29516512
vn 0.84243237 -0.41620612 0.34216980
vn 0.89221235 -0.25257280 0.37438496
vn 0.91453450 -0.08907675 0.39457823
vn 0.91157248 0.07694769 0.40387456
vn 0.88142746 0.24853764 0.40163999
vn 0.81793046 0.42726427 0.38527263
vn 0.71078430 0.61012058 0.35005508
vn 0.54823856 0.78443781 0.28998588
vn 0.32583144 0.92373705 0.20135476
vn 0.03802690 0.98761703 0.15220561
vn -0.23274986 0.97207680 0.02990325
vn -0.46643044 0.88033862 -0.08629345
vn -0.64414570 0.74247178 -0.18388029
vn -0.76798237 0.58524399 -0.26017793
vn -0.84840259 0.42328394 -0.31787379
vn -0.89527492 0.26150288 -0.36069249
vn -0.91480482 0.09953916 -0.39143851
vn -0.90911197 -0.06524639 -0.41141017
vn -0.87623945 -0.23594501 -0.42015995
vn -0.80994398 -0.41428798 -0.41515806
vn -0.69980943 -0.59753905 -0.39142541
vn -0.53391529 -0.77327875 -0.34201527
vn -0.30779579 -0.91485217 -0.26135657
vn -0.03828769 -0.98761113 -0.15217854
vn 0.23438069 -0.97169766 -0.02948453
vn 0.46901914 -0.87889378 0.08698716
vn 0.64670178 -0.74005524 0.18464847
vn 0.77001588 -0.58224519 0.26089478
vn 0.84979688 -0.42000723 0.31849519
vn 0.89605115 -0.25810298 0.36121349
vn 0.91499345 -0.09607430 0.39186314
vn 0.90870559 0.06875195 0.41173694
vn 0.87518657 0.23944315 0.42037537
vn 0.80818238 0.41763707 0.41523550
vn 0.69738166 0.60042760 0.39133810
vn 0.53121474 0.77523851 0.34178377
vn 0.30577605 0.91559465 0.26112727
vn 0.01619087 0.97650704 0.21487636
vn -0.25431918 0.96288725 0.09038751
vn -0.48565251 0.87354677 -0.03252192
vn -0.65979165 0.73841235 -0.13936349
vn -0.77967483 0.58402918 -0.22586962
vn -0.85622298 0.42483887 -0.29392882
vn -0.89944114 0.26565284 -0.34703631
vn -0.91551050 0.10606958 -0.38805898
vn -0.90646484 -0.05657488 -0.41847434
vn -0.87024354 -0.22541969 -0.43802072
vn -0.80050515 -0.40229677 -0.44423959
vn -0.68678116 -0.58463485 -0.43189552
vn -0.51725367 -0.76020028 -0.39312107
vn -0.28792077 -0.90241695 -0.32053904
vn -0.01652412 -0.97652771 -0.21475702
vn 0.25588757 -0.96252180 -0.08985171
vn 0.48818622 -0.87210126 0.03337082
vn 0.66229567 -0.73598743 0.14031021
vn 0.78165806 -0.58102160 0.22676990
vn 0.85756898 -0.42155715 0.29472870
vn 0.90017106 -0.26225359 0.34772852
vn 0.91565430 -0.10261167 0.38864901
vn 0.90601422 0.06006699 0.41896323
vn 0.86914568 0.22889760 0.43839672
vn 0.79869557 0.40561938 0.44447532
vn 0.68429873 0.58749242 0.43195822
vn 0.51448812 0.76212700 0.39301960
vn 0.28582706 0.90312725 0.32041232
vn -0.00584220 0.96087715 0.27691330
vn -0.27641104 0.94923143 0.15018862
vn -0.50554371 0.86255568 0.02057348
vn -0.67607105 0.73063531 -0.09539381
vn -0.79187387 0.57975582 -0.19188268
vn -0.86441132 0.42411435 -0.27003721
vn -0.90386642 0.26837706 -0.33316549
vn -0.91641242 0.11207684 -0.38422266
vn -0.90400189 -0.04748845 -0.42488284
vn -0.86446818 -0.21352007 -0.45508675
vn -0.79135779 -0.38798153 -0.47246500
vn -0.67411028 -0.56853148 -0.47153715
vn -0.50093150 -0.74322193 -0.44349611
vn -0.26819451 -0.88564446 -0.37908520
vn 0.00543950 -0.96093858 -0.27670824
vn 0.27792459 -0.94889207 -0.14953849
vn 0.50802858 -0.86111792 -0.01956749
vn 0.67852501 -0.72820797 0.09652442
vn 0.79380545 -0.57674449 0.19297331
vn 0.86570606 -0.42083207 0.27102284
vn 0.90454664 -0.26498194 0.33403586
vn 0.91650809 -0.10862829 0.38498418
vn 0.90350390 0.05096596 0.42553868
vn 0.86332207 0.21697805 0.45562653
vn 0.78949635 0.39127872 0.47285990
vn 0.67156834 0.57135802 0.47174780
vn 0.49809519 0.74511184 0.44351947
vn 0.26602321 0.88631255 0.37905371
vn -0.02802464 0.94067235 0.33815699
vn -0.29896307 0.93106424 0.20914219
vn -0.52602916 0.84734406 0.07281043
vn -0.69290804 0.71913662 -0.05216296
vn -0.80451440 0.57242166 -0.15839831
vn -0.87292028 0.42109579 -0.24635040
vn -0.90852292 0.26964031 -0.31918678
vn -0.91750066 0.11750340 -0.37998090
vn -0.90172799 -0.03806310 -0.43062493
vn -0.85892941 -0.20033076 -0.47128320
vn -0.78252586 -0.37141932 -0.49970088
vn -0.66182644 -0.54927821 -0.51017567
vn -0.48498254 -0.72234954 -0.49295342
vn -0.24865488 -0.86449811 -0.43682236
vn 0.02755672 -0.94078736 -0.33787538
vn 0.30043082 -0.93076219 -0.20838204
vn 0.52847210 -0.84592208 -0.07164548
vn 0.69531350 -0.71671380 0.05348329
vn 0.80639217 -0.56941346 0.15968712
vn 0.87415989 -0.41781959 0.24753036
vn 0.90914901 -0.26625545 0.32024383
vn 0.91754380 -0.11406914 0.38092205
vn 0.90117832 0.04152266 0.43145510
vn 0.85773070 0.20376704 0.47199262
vn 0.78060780 0.37469075 0.50025825
vn 0.65921927 0.55207364 0.51053369
vn 0.48206958 0.72419960 0.49309620
vn 0.24640342 0.86511499 0.43687689
vn -0.05030162 0.91582141 0.39842301
vn -0.32190257 0.90832566 0.26706408
vn -0.54702229 0.82788393 0.12399520
vn -0.71021550 0.70391519 -0.00986670
vn -0.81752275 0.56203347 -0.12559829
vn -0.88169681 0.41577960 -0.22302032
vn -0.91337924 0.26941715 -0.30520938
vn -0.91876308 0.12229734 -0.37539014
vn -0.89964620 -0.02837482 -0.43569667
vn -0.85364108 -0.18594184 -0.48654140
vn -0.77403028 -0.35269665 -0.52581575
vn -0.64995555 -0.52693376 -0.54762997
vn -0.46943843 -0.69759110 -0.54128940
vn -0.22934213 -0.83893179 -0.49355409
vn 0.04977419 -0.91600082 -0.39807666
vn 0.32333470 -0.90807071 -0.26619965
vn 0.54943030 -0.82648563 -0.12266967
vn 0.71257381 -0.70150480 0.01138325
vn 0.81934387 -0.55903735 0.12709393
vn 0.88287645 -0.41251915 0.22440394
vn 0.91394586 -0.26605178 0.30646276
vn 0.91874836 -0.11888546 0.37652053
vn 0.89903965 0.03180980 0.43671024
vn 0.85238449 0.18935208 0.48742842
vn 0.77204983 0.35594031 0.52654112
vn 0.64727684 0.52969712 0.54813652
vn 0.46644281 0.69939874 0.54154641
vn 0.22700833 0.83949024 0.49368346
vn -0.07260908 0.88624251 0.45749551
vn -0.34514329 0.88094586 0.32374451
vn -0.56842211 0.80414465 0.17391859
vn -0.72789446 0.68497476 0.03129266
vn -0.83081642 0.54860806 -0.09366577
vn -0.89068189 0.40817405 -0.20019917
vn -0.91840036 0.26769236 -0.29134445
vn -0.92018530 0.12641300 -0.37051149
vn -0.89775778 -0.01849862 -0.44010086
vn -0.84861490 -0.17044891 -0.50079929
vn -0.76588903 -0.33191085 -0.55068065
vn -0.63852094 -0.50156809 -0.58371265
vn -0.45433045 -0.66896044 -0.58828206
vn -0.21030040 -0.80889570 -0.54905509
vn 0.07202914 -0.88649456 -0.45709867
vn 0.34655118 -0.88074602 -0.32278279
vn 0.57080260 -0.80277771 -0.17243067
vn 0.73020632 -0.68258638 -0.02957307
vn 0.83257720 -0.54563579 0.09537705
vn 0.89179607 -0.40494209 0.20179614
vn 0.91890149 -0.26435916 0.29280417
vn 0.92010671 -0.12303534 0.37184130
vn 0.89708844 0.02189893 0.44130803
vn 0.84729442 0.17382528 0.50187344
vn 0.76383979 0.33512173 0.55158154
vn 0.63576364 0.50429717 0.58437057
vn 0.45124592 0.67072369 0.58864832
vn 0.20788285 0.80939057 0.54924641
vn -0.09487072 0.85185065 0.51512137
vn -0.36858296 0.84885171 0.37894245
vn -0.59011182 0.77609770 0.22235196
vn -0.74583268 0.66232753 0.07110453
vn -0.84430357 0.53217425 -0.06278568
vn -0.89981069 0.39829989 -0.17803908
vn -0.92354778 0.26446131 -0.27770438
vn -0.92175071 0.12981161 -0.36541013
vn -0.89606217 -0.00850834 -0.44384705
vn -0.84386047 -0.15395255 -0.51400207
vn -0.75811780 -0.30916962 -0.57417031
vn -0.62754370 -0.47326529 -0.61823043
vn -0.43968990 -0.63648320 -0.63368914
vn -0.19157941 -0.77434340 -0.60306685
vn 0.09424653 -0.85218029 -0.51469054
vn 0.36997871 -0.84871288 -0.37789180
vn 0.59247193 -0.77476995 -0.22070010
vn 0.74809827 -0.65997257 -0.06917496
vn 0.84599988 -0.52924033 0.06472144
vn 0.90085342 -0.39511257 0.17985874
vn 0.92397696 -0.26117688 0.27938006
vn 0.92160182 -0.12648415 0.36694939
vn 0.89532366 0.01185951 0.44525823
vn 0.84246958 0.15728308 0.51527374
vn 0.75599271 0.31233951 0.57525564
vn 0.62470025 0.47595591 0.61904407
vn 0.43651007 0.63820036 0.63416028
vn 0.18907720 0.77477210 0.60330590
vn -0.11699568 0.81256688 0.57100532
vn -0.39210015 0.81197534 0.43238123
vn -0.61195627 0.74372345 0.26904452
vn -0.76390418 0.63599787 0.10934856
vn -0.85788335 0.51277438 -0.03314513
vn -0.90901283 0.38619081 -0.15669185
vn -0.92877961 0.25973043 -0.26440223
vn -0.92344052 0.13246208 -0.36015470
vn -0.89455701 0.00152497 -0.44695127
vn -0.83938555 -0.13655706 -0.52610272
vn -0.75072992 -0.28459235 -0.59616422
vn -0.61704305 -0.44212670 -0.65098529
vn -0.42554931 -0.60020244 -0.67724798
vn -0.17323638 -0.73524012 -0.65529469
vn 0.11633645 -0.81297502 -0.57055889
vn 0.39349679 -0.81190091 -0.43125073
vn 0.61430311 -0.74244284 -0.26722711
vn 0.76612316 -0.63368997 -0.10720225
vn 0.85951053 -0.50989666 0.03531347
vn 0.90997782 -0.38306816 0.15874243
vn 0.92913022 -0.25651525 0.26630239
vn 0.92321477 -0.12920485 0.36191240
vn 0.89374283 0.00175833 0.44857626
vn 0.83791752 0.13982544 0.52758229
vn 0.74852179 0.28770866 0.59744361
vn 0.61410582 0.44477167 0.65196028
vn 0.42226750 0.60187186 0.67782035
vn 0.17064878 0.73560307 0.65556625
vn -0.13887633 0.76832959 0.62480638
vn -0.41555243 0.77026420 0.48374502
vn -0.63380107 0.70701854 0.31372119
vn -0.78196880 0.60602713 0.14579408
vn -0.87144591 0.49046681 -0.00493330
vn -0.91821255 0.37189483 -0.13630832
vn -0.93405077 0.25351770 -0.25155104
vn -0.92523372 0.13434118 -0.35481686
vn -0.89323809 0.01153340 -0.44943597
vn -0.83519597 -0.11837023 -0.53706255
vn -0.74373694 -0.25830949 -0.61654811
vn -0.60703722 -0.40827283 -0.68177643
vn -0.41194272 -0.56018544 -0.71867619
vn -0.15533648 -0.69157320 -0.70540562
vn 0.13819220 -0.76881250 -0.62436389
vn 0.41696286 -0.77025483 -0.48254479
vn 0.63614114 -0.70579347 -0.31173711
vn 0.78414032 -0.60378243 -0.14342501
vn 0.87299905 -0.48766666 0.00734086
vn 0.91909357 -0.36886051 0.13859627
vn 0.93431640 -0.25039625 0.25368205
vn 0.92492484 -0.13117834 0.35680007
vn 0.89234195 -0.00834109 0.45128292
vn 0.83364426 0.12155538 0.53875925
vn 0.74143857 0.26135520 0.61803100
vn 0.60399831 0.41086183 0.68291917
vn 0.40855225 0.56180491 0.71934714
vn 0.15266342 0.69187380 0.70569436
vn -0.16038657 0.71910760 0.67613639
vn -0.43877390 0.72369338 0.53267754
vn -0.65547138 0.66600496 0.35608239
vn -0.79987253 0.57247867 0.18020016
vn -0.88487301 0.46532853 0.02165920
vn -0.92732934 0.35547498 -0.11703776
vn -0.93931329 0.24585319 -0.23926294
vn -0.92710732 0.13543442 -0.34947037
vn -0.89209946 0.02145320 -0.45132950
vn -0.83129577 -0.09950206 -0.54685161
vn -0.73714843 -0.23046318 -0.63521565
vn -0.59754309 -0.37184677 -0.71040287
vn -0.39890646 -0.51653027 -0.75767415
vn -0.13795505 -0.64336254 -0.75302924
vn 0.15968784 -0.71965612 -0.67571803
vn 0.44021113 -0.72374653 -0.53141804
vn 0.65781045 -0.66484444 -0.35393117
vn 0.80199508 -0.57031637 -0.17760388
vn 0.88634725 -0.46263079 -0.01900791
vn 0.92812057 -0.35255633 0.11956689
vn 0.93948809 -0.24285335 0.24162858
vn 0.92670960 -0.13239392 0.35168333
vn 0.89111573 -0.01837936 0.45340374
vn 0.82965444 0.10257818 0.54877248
vn 0.73475318 0.23341624 0.63691022
vn 0.59439521 0.37436521 0.71171976
vn 0.39540111 0.51809639 0.75844189
vn 0.13519662 0.64360757 0.75332010
vn -0.18138085 0.66491497 0.72456130
vn -0.46157537 0.67227888 0.57878259
vn -0.67677232 0.62073960 0.39580498
vn -0.81744788 0.53544405 0.21231729
vn -0.89803894 0.43745774 0.04644131
vn -0.93627860 0.33701042 -0.09902708
vn -0.94451670 0.23677904 -0.22764862
vn -0.92903637 0.13573629 -0.34419048
vn -0.89113341 0.03122571 -0.45266566
vn -0.82768732 -0.08006377 -0.55544891
vn -0.73097261 -0.20120608 -0.65206990
vn -0.58857699 -0.33301533 -0.73666677
vn -0.38647910 -0.46937254 -0.79392904
vn -0.12117679 -0.59067352 -0.79775998
vn 0.18067799 -0.66551436 -0.72418651
vn 0.46305134 -0.67238888 -0.57747437
vn 0.67911496 -0.61965355 -0.39348741
vn 0.81951957 -0.53338623 -0.20949176
vn 0.89942974 -0.43489076 -0.04354497
vn 0.93697501 -0.33423804 0.10179769
vn 0.94459581 -0.23393207 0.23024886
vn 0.92854516 -0.13284931 0.34663374
vn 0.89005738 -0.02830123 0.45496912
vn 0.82595135 0.08300081 0.55759773
vn 0.72847487 0.20403966 0.65398179
vn 0.58531383 0.33544426 0.73816318
vn 0.38285342 0.47088017 0.79479250
vn 0.11833381 0.59087260 0.79803927
vn -0.20169427 0.60582684 0.76960592
vn -0.48374390 0.61609265 0.62162825
vn -0.69748969 0.57132487 0.43254597
vn -0.83451575 0.49504835 0.24188964
vn -0.91081185 0.40697656 0.06922320
vn -0.94497253 0.31659744 -0.08241957
vn -0.94960847 0.22635034 -0.21681624
vn -0.93099419 0.13525070 -0.33905319
vn -0.89033045 0.04079777 -0.45348344
vn -0.82437129 -0.06016666 -0.56284274
vn -0.72521615 -0.17070114 -0.66702523
vn -0.58015464 -0.29197075 -0.76037733
vn -0.37470166 -0.41889143 -0.82712069
vn -0.10509663 -0.53362875 -0.83916331
vn 0.20099699 -0.60645656 -0.76929230
vn 0.48526902 -0.61625051 -0.62028162
vn 0.69983923 -0.57032400 -0.43006463
vn 0.83653448 -0.49312001 -0.23883616
vn 0.91211542 -0.40457174 -0.06608458
vn 0.94557031 -0.31400463 0.08542761
vn 0.94958845 -0.22368986 0.21964661
vn 0.93040624 -0.13255096 0.34172281
vn 0.88915883 -0.03805662 0.45601344
vn 0.82253712 0.06293098 0.56521887
vn 0.72261178 0.17338397 0.66915634
vn 0.57677133 0.29428666 0.76205656
vn 0.37095159 0.42033306 0.82807912
vn 0.10217039 0.53379423 0.83941940
vn -0.22114412 0.54199554 0.81076267
vn -0.50504546 0.55527739 0.66075419
vn -0.71739303 0.51791868 0.46594794
vn -0.85088776 0.45145587 0.26865894
vn -0.92305553 0.37403353 0.08981872
vn -0.95332124 0.29435031 -0.06735366
vn -0.95453464 0.21463504 -0.20687056
vn -0.93295259 0.13399123 -0.33413443
vn -0.88967953 0.05012296 -0.45382598
vn -0.82134680 -0.03992089 -0.56903055
vn -0.71988447 -0.13912007 -0.68000879
vn -0.57229120 -0.24893103 -0.78135531
vn -0.36361724 -0.36531474 -0.85692920
vn -0.08981830 -0.47242034 -0.87678486
vn 0.22046095 -0.54262967 -0.81052453
vn 0.50662772 -0.55547101 -0.65937873
vn 0.71975125 -0.51701456 -0.46330777
vn 0.85285147 -0.44968443 -0.26538326
vn 0.92426924 -0.37182457 -0.08644569
vn 0.95381826 -0.29197222 0.07059003
vn 0.95441377 -0.21219621 0.20992169
vn 0.93226639 -0.13151399 0.33702143
vn 0.88841082 -0.04760084 0.45657461
vn 0.81941269 0.04247630 0.57162803
vn 0.71717123 0.14161738 0.68235618
vn 0.56878514 0.25110624 0.78321716
vn 0.35974097 0.36668013 0.85798142
vn 0.08681107 0.47256645 0.87700900
vn -0.23953289 0.47366533 0.84750525
vn -0.52522912 0.49006060 0.69568310
vn -0.73623962 0.46074387 0.49564737
vn -0.86636955 0.40487503 0.29236965
vn -0.93463173 0.33880550 0.10804794
vn -0.96123410 0.27040191 -0.05396122
vn -0.95924046 0.20171427 -0.19791186
vn -0.93488217 0.13198147 -0.32950906
vn -0.88916801 0.05916169 -0.45374018
vn -0.81861138 -0.01943446 -0.57401891
vn -0.71498186 -0.10664187 -0.69096197
vn -0.56500142 -0.20413932 -0.79943764
vn -0.35327067 -0.30892208 -0.88304416
vn -0.07545293 -0.40731986 -0.91016338
vn 0.23887056 -0.47427354 -0.84735203
vn 0.52687315 -0.49027530 -0.69428727
vn 0.73860641 -0.45994872 -0.49285672
vn 0.86827664 -0.40328953 -0.28888274
vn 0.93575462 -0.33682738 -0.10445387
vn 0.96163027 -0.26827442 0.05741125
vn 0.95901923 -0.19953263 0.20116870
vn 0.93409840 -0.12976231 0.33259873
vn 0.88780279 -0.05689497 0.45669374
vn 0.81657771 0.02174348 0.57682585
vn 0.71216002 0.10891652 0.69351662
vn 0.56137292 0.20614268 0.80147716
vn 0.34926880 0.31019835 0.88418793
vn 0.07236798 0.40746191 0.91035030
vn -0.25665314 0.40118449 0.87930664
vn -0.54403284 0.42076639 0.72593658
vn -0.75378032 0.40009581 0.52128551
vn -0.88076531 0.35556179 0.31277513
vn -0.94540289 0.30149898 0.12374062
vn -0.96862124 0.24490410 -0.04236597
vn -0.96367116 0.18768234 -0.19003484
vn -0.93675264 0.12925510 -0.32525008
vn -0.88878179 0.06788209 -0.45327581
vn -0.81616110 0.00118827 -0.57782320
vn -0.71051141 -0.07345111 -0.69984175
vn -0.55829973 -0.15786210 -0.81448203
vn -0.34370755 -0.25004621 -0.90517513
vn -0.06211617 -0.33868597 -0.93884684
vn 0.25601604 -0.40173366 -0.87924164
vn 0.54573951 -0.42098561 -0.72452709
vn 0.75615384 -0.39942205 -0.51835644
vn 0.88261485 -0.35419179 -0.30909416
vn 0.94643596 -0.29978662 -0.11994561
vn 0.96891892 -0.24306238 0.04600883
vn 0.96335244 -0.18579240 0.19347678
vn 0.93587428 -0.12732853 0.32852211
vn 0.88732299 -0.06590632 0.45641457
vn 0.81403075 0.00083723 0.58082117
vn 0.70758402 0.07546521 0.70258797
vn 0.55455224 0.15966053 0.81668864
vn 0.33958426 0.25121793 0.90640613
vn 0.05895835 0.33883908 0.93899520
vn -0.27229447 0.32501276 0.90566132
vn -0.56119244 0.34782300 0.75105406
vn -0.76976705 0.33634692 0.54252137
vn -0.89388285 0.30382157 0.32964511
vn -0.95523518 0.26235069 0.13674014
vn -0.97539526 0.21802754 -0.03268144
vn -0.96777279 0.17264652 -0.18332759
vn -0.93853323 0.12585587 -0.32142755
vn -0.88850557 0.07626036 -0.45248449
vn -0.81399055 0.02184751 -0.58046711
vn -0.70647520 -0.03973547 -0.70662146
vn -0.55219986 -0.11038653 -0.82637166
vn -0.33497329 -0.18907134 -0.92306279
vn -0.04992507 -0.26696703 -0.96241160
vn 0.27168393 -0.32546892 -0.90568086
vn 0.56295807 -0.34802932 -0.74963578
vn 0.77214377 -0.33580645 -0.53947013
vn 0.89567501 -0.30269559 -0.32579388
vn 0.95618184 -0.26093723 -0.13277069
vn 0.97559941 -0.21650463 0.03649027
vn 0.96736205 -0.17108041 0.18692820
vn 0.93756575 -0.12425383 0.32485604
vn 0.88695864 -0.07460859 0.45578277
vn 0.81176911 -0.02014064 0.58363110
vn 0.70344836 0.04145247 0.70953654
vn 0.54834056 0.11194679 0.82872827
vn 0.33073662 0.19012145 0.92437391
vn 0.04670072 0.26714528 0.96252399
vn -0.28625163 0.24572215 0.92611049
vn -0.57645173 0.27176474 0.77061491
vn -0.78396186 0.26994742 0.55904578
vn -0.90553959 0.25000893 0.34277337
vn -0.96400197 0.22162682 0.14690730
vn -0.98147301 0.18996131 -0.02500879
vn -0.97149314 0.15672679 -0.17787015
vn -0.94019306 0.12183741 -0.31810793
vn -0.88832301 0.08428106 -0.45141880
vn -0.81209319 0.04244933 -0.58198171
vn -0.70287433 -0.00568370 -0.71129134
vn -0.54671483 -0.06201659 -0.83501906
vn -0.32711216 -0.12642856 -0.93648997
vn -0.03899353 -0.19269921 -0.98048280
vn 0.28566600 -0.24605326 -0.92620340
vn 0.57826786 -0.27194109 -0.76919069
vn 0.78633660 -0.26955090 -0.55589304
vn 0.90727586 -0.24915280 -0.33878221
vn 0.96486815 -0.22054183 -0.14279619
vn 0.98159136 -0.18878624 0.02895108
vn 0.97099852 -0.15551254 0.18159769
vn 0.93914447 -0.12058789 0.32166168
vn 0.88669581 -0.08298224 0.45484557
vn 0.80978885 -0.04109221 0.58528066
vn 0.69975735 0.00707037 0.71434562
vn 0.54275475 0.06330728 0.83750192
vn 0.32277416 0.12733958 0.93787071
vn 0.03571113 0.19291437 0.98056553
vn -0.29833399 0.16399004 0.94026810
vn -0.58957379 0.19322678 0.78426154
vn -0.79614629 0.20142134 0.57059665
vn -0.91556863 0.19452472 0.35198611
vn -0.97158733 0.17962115 0.15412429
vn -0.98677746 0.16091156 -0.01943507
vn -0.97478269 0.14005501 -0.17373341
vn -0.94170166 0.11726312 -0.31535273
vn -0.88821677 0.09193709 -0.45013169
vn -0.81046108 0.06290630 -0.58240504
vn -0.69970898 0.02851693 -0.71385862
vn -0.54185689 -0.01306809 -0.84036917
vn -0.32016559 -0.06258860 -0.94529184
vn -0.02942796 -0.11649798 -0.99275486
vn 0.29776825 -0.16416849 -0.94041628
vn 0.59142757 -0.19335790 -0.78283213
vn 0.79851256 -0.20117734 -0.56736705
vn 0.91725207 -0.19395974 -0.34789117
vn 0.97238148 -0.17888880 -0.14991017
vn 0.98682039 -0.16010787 0.02347326
vn 0.97421481 -0.13921526 0.17755174
vn 0.94058241 -0.11638857 0.31899598
vn 0.88651970 -0.09101472 0.45365090
vn 0.80808467 -0.06192446 0.58580246
vn 0.69651402 -0.02748839 0.71701646
vn 0.53781070 0.01406199 0.84294834
vn 0.31574243 0.06334399 0.94672818
vn 0.02609744 0.11675865 0.99281738
vn -0.30837531 0.08058381 0.94784541
vn -0.60035340 0.11293216 0.79172099
vn -0.80613116 0.13135742 0.57697295
vn -0.92382506 0.13781038 0.35714922
vn -0.97788944 0.13665196 0.15829873
vn -0.99123953 0.13109997 -0.01603100
vn -0.97759553 0.12277409 -0.17097806
vn -0.94302948 0.11220550 -0.31321771
vn -0.88816907 0.09922995 -0.44867485
vn -0.80908528 0.08313849 -0.58178089
vn -0.69697825 0.06268294 -0.71434737
vn -0.53763710 0.03613673 -0.84240162
vn -0.31417138 0.00194871 -0.94936429
vn -0.02132241 -0.03904339 -0.99900999
vn 0.30782157 -0.08058922 -0.94802492
vn 0.60222773 -0.11300595 -0.79028565
vn 0.80848150 -0.13127159 -0.57369454
vn 0.92546015 -0.13755161 -0.35299158
vn 0.97862233 -0.13628942 -0.15402446
vn 0.99121978 -0.13068428 0.02012389
vn 0.97696726 -0.12232473 0.17484743
vn 0.94185211 -0.11172175 0.31691142
vn 0.88641457 -0.09870069 0.45224703
vn 0.80664989 -0.08255037 0.58523619
vn 0.69372029 -0.06203317 0.71756814
vn 0.53352287 -0.03546064 0.84504195
vn 0.30968260 -0.00136294 0.95083901
vn 0.01795514 0.03935445 0.99906398
vn -0.31624266 -0.00366270 0.94867126
vn -0.60862715 0.03167143 0.79282401
vn -0.81376543 0.06039518 0.57804692
vn -0.93019161 0.08033982 0.35817464
vn -0.98282377 0.09305756 0.15936662
vn -0.99479980 0.10076131 -0.01484953
vn -0.97989032 0.10503681 -0.16965329
vn -0.94414828 0.10674560 -0.31175215
vn -0.88816163 0.10616928 -0.44709843
vn -0.80795585 0.10307399 -0.58015781
vn -0.69468047 0.09663717 -0.71279752
vn -0.53406528 0.08527530 -0.84113162
vn -0.30916191 0.06666662 -0.94866985
vn -0.01475394 0.03893981 -0.99913263
vn 0.31569046 0.00384161 -0.94885445
vn 0.61050207 -0.03167994 -0.79138082
vn 0.81609199 -0.06046953 -0.57474978
vn 0.93178421 -0.08039493 -0.35399836
vn 0.98350808 -0.09307375 -0.15507783
vn 0.99473201 -0.10074223 0.01895341
vn 0.97921630 -0.10498610 0.17353198
vn 0.94292705 -0.10666094 0.31545526
vn 0.88636393 -0.10604206 0.45068177
vn 0.80547645 -0.10288976 0.58362778
vn 0.69137648 -0.09637809 0.71603758
vn 0.52990345 -0.08493003 0.84379454
vn 0.30462986 -0.06626047 0.95016325
vn 0.01136260 -0.03857769 0.99919100
vn -0.32184335 -0.08787911 0.94270575
vn -0.61428297 -0.04972449 0.78751756
vn -0.81894393 -0.01079365 0.57377203
vn -0.93458332 0.02260891 0.35502514
vn -0.98632582 0.04919085 0.15729478
vn -0.99740999 0.07014080 -0.01592426
vn -0.98163108 0.08700434 -0.16979596
vn -0.94503176 0.10097228 -0.31099769
vn -0.88817627 0.11277281 -0.44544945
vn -0.80706202 0.12264928 -0.57758813
vn -0.69281296 0.13021062 -0.70926398
vn -0.53114944 0.13403054 -0.83660988
vn -0.30516313 0.13104527 -0.94324048
vn -0.00977932 0.11670680 -0.99311826
vn 0.32128081 0.08824331 -0.94286360
vn 0.61613677 0.04978412 -0.78606426
vn 0.82123852 0.01056075 -0.57048731
vn 0.93614018 -0.02297744 -0.35087548
vn 0.98697547 -0.04958573 -0.15303815
vn 0.99731006 -0.07051843 0.01999481
vn 0.98092718 -0.08735238 0.17364169
vn 0.94378207 -0.10128695 0.31466866
vn 0.88635069 -0.11304815 0.44900175
vn 0.80455480 -0.12287020 0.58102881
vn 0.68948144 -0.13034466 0.71247850
vn 0.52696228 -0.13402011 0.83925524
vn 0.30061171 -0.13082383 0.94473156
vn 0.00637689 -0.11629697 0.99319401
vn -0.32513047 -0.17119232 0.93004482
vn -0.61726582 -0.13041495 0.77587038
vn -0.82161165 -0.08152582 0.56418777
vn -0.93695061 -0.03487640 0.34771711
vn -0.98835295 0.00541310 0.15208266
vn -0.99903413 0.03949087 -0.01926848
vn -0.98278797 0.06884456 -0.17142996
vn -0.94565589 0.09498118 -0.31098795
vn -0.88819487 0.11906553 -0.44377164
vn -0.80639228 0.14180931 -0.57412683
vn -0.69137200 0.16324433 -0.70381535
vn -0.52889589 0.18209694 -0.82892089
vn -0.30219399 0.19457593 -0.93317683
vn -0.00643233 0.19351886 -0.98107547
vn 0.32454491 0.17173218 -0.93014980
vn 0.61907665 0.13054014 -0.77440517
vn 0.82386646 0.08113978 -0.56094597
vn 0.93847909 0.03420315 -0.34363808
vn 0.98898251 -0.00617762 -0.14790345
vn 0.99891855 -0.04025659 0.02326254
vn 0.98207058 -0.06958321 0.17520147
vn 0.94439369 -0.09568735 0.31458621
vn 0.88635733 -0.11973580 0.44725163
vn 0.80387405 -0.14242781 0.57749531
vn 0.68803210 -0.16376435 0.70696045
vn 0.52470611 -0.18241610 0.83150939
vn 0.29764743 -0.19453887 0.93464466
vn 0.00303139 -0.19306844 0.98118061
vn -0.32610362 -0.25276068 0.91091628
vn -0.61757955 -0.20958168 0.75807059
vn -0.82176614 -0.15112896 0.54941828
vn -0.93728116 -0.09161297 0.33631993
vn -0.98888573 -0.03791299 0.14376239
vn -0.99964945 0.00906754 -0.02487473
vn -0.98333787 0.05073018 -0.17456542
vn -0.94599938 0.08887369 -0.31174772
vn -0.88819982 0.12507941 -0.44210432
vn -0.80593455 0.16050779 -0.56983045
vn -0.69035292 0.19559112 -0.69653210
vn -0.52730858 0.22918584 -0.81818061
vn -0.30026539 0.25677447 -0.91864442
vn -0.00472248 0.26866942 -0.96322087
vn 0.32548330 0.25345695 -0.91094467
vn 0.61932673 0.20976489 -0.75659308
vn 0.82397412 0.15059842 -0.54624790
vn 0.93878872 0.09065116 -0.33235237
vn 0.98950954 0.03679634 -0.13970292
vn 0.99953449 -0.01020460 0.02875194
vn 0.98262321 -0.05184361 0.17822423
vn 0.94474048 -0.08995595 0.31523539
vn 0.88636615 -0.12612901 0.44547337
vn 0.80342202 -0.16150770 0.57308666
vn 0.68702350 -0.19648080 0.69956701
vn 0.52313841 -0.22982048 0.82067579
vn 0.29574664 -0.25691624 0.92006955
vn 0.00133469 -0.26818884 0.96336544
vn -0.32480854 -0.33180564 0.88566609
vn -0.61528515 -0.28645874 0.73441512
vn -0.81945598 -0.21896286 0.52966704
vn -0.93559941 -0.14711297 0.32095408
vn -0.98792800 -0.08042986 0.13239824
vn -0.99924675 -0.02087303 -0.03271467
vn -0.98326477 0.03283678 -0.17919862
vn -0.94604400 0.08275580 -0.31329255
vn -0.88817419 0.13085253 -0.44048181
vn -0.80567616 0.17870676 -0.56475643
vn -0.68974989 0.22711659 -0.68750501
vn -0.52638914 0.27503008 -0.80453274
vn -0.29937996 0.31719330 -0.89986669
vn -0.00463568 0.34150764 -0.93986757
vn 0.32414236 0.33263143 -0.88560040
vn 0.61695093 0.28668796 -0.73292671
vn 0.82161134 0.21829889 -0.52659320
vn 0.93709310 0.14588518 -0.31713409
vn 0.98855957 0.07898579 -0.12849597
vn 0.99914778 0.01938836 0.03643911
vn 0.98256826 -0.03430236 0.18271006
vn 0.94480353 -0.08419193 0.31663544
vn 0.88635954 -0.13225887 0.44370526
vn 0.80318530 -0.18006455 0.56786453
vn 0.68644874 -0.22835180 0.69039379
vn 0.52225901 -0.27595854 0.80690298
vn 0.29490986 -0.31750390 0.90123218
vn 0.00127098 -0.34100982 0.94005888
vn -0.32133127 -0.40763723 0.85473862
vn -0.61049524 -0.36035778 0.70529273
vn -0.81477717 -0.28443801 0.50520607
vn -0.93196464 -0.20091542 0.30178618
vn -0.98550635 -0.12179178 0.11808472
vn -0.99783039 -0.05007817 -0.04273985
vn -0.98256003 0.01534087 -0.18531177
vn -0.94577488 0.07673693 -0.31562844
vn -0.88810198 0.13642845 -0.43893297
vn -0.80560413 0.19637671 -0.55896169
vn -0.68955595 0.25770033 -0.67683317
vn -0.52613630 0.31938777 -0.78814468
vn -0.29953243 0.37543123 -0.87711557
vn -0.00613579 0.41145719 -0.91140843
vn 0.32061082 0.40856024 -0.85456845
vn 0.61206556 0.36061782 -0.70379723
vn 0.81687543 0.28365334 -0.50225026
vn 0.93345089 0.19944875 -0.29814365
vn 0.98615775 0.12005056 -0.11437113
vn 0.99776128 0.04827542 0.04628080
vn 0.98189571 -0.01713028 0.18864615
vn 0.94456669 -0.07849910 0.31879720
vn 0.88632024 -0.13816317 0.44198119
vn 0.80314941 -0.19806277 0.56189159
vn 0.68629915 -0.25925044 0.67954595
vn 0.52206433 -0.32058247 0.79036429
vn 0.29512818 -0.37589738 0.87840794
vn 0.00280209 -0.41095671 0.91165055
vn -0.31579234 -0.47967220 0.81865120
vn -0.60336550 -0.43068653 0.67116256
vn -0.80786628 -0.34703032 0.47636333
vn -0.92646735 -0.25259576 0.27902264
vn -0.98166845 -0.16167055 0.10094399
vn -0.99541786 -0.07830212 -0.05488223
vn -0.98122244 -0.00158216 -0.19287307
vn -0.94518075 0.07092864 -0.31875144
vn -0.88796829 0.14185533 -0.43748072
vn -0.80570508 0.21349595 -0.55250232
vn -0.68976277 0.28723616 -0.66462223
vn -0.52654610 0.36204490 -0.76920264
vn -0.30070927 0.43114005 -0.85070100
vn -0.00916715 0.47802912 -0.87829615
vn 0.31501182 0.48065755 -0.81837392
vn 0.60483076 0.43096032 -0.66966630
vn 0.80990459 0.34613832 -0.47354283
vn 0.92795174 0.25092003 -0.27558066
vn 0.98234992 0.15966630 -0.09744386
vn 0.99539052 0.07621494 0.05821502
vn 0.98060250 -0.00049863 0.19600637
vn 0.94401692 -0.07298485 0.32172235
vn 0.88623161 -0.14388586 0.44032988
vn 0.80329915 -0.21547623 0.55523010
vn 0.68656405 -0.28906624 0.66713605
vn 0.52254694 -0.36347466 0.77125279
vn 0.29638450 -0.43174660 0.85191026
vn 0.00587038 -0.47754145 0.87858961
vn -0.30833853 -0.54744328 0.77796735
vn -0.59408457 -0.49695939 0.63253054
vn -0.79889218 -0.40629077 0.44350772
vn -0.91922448 -0.30177316 0.25290180
vn -0.97648092 -0.19976032 0.08112227
vn -0.99203898 -0.10530903 -0.06905556
vn -0.97925805 -0.01775999 -0.20183720
vn -0.94425395 0.06544337 -0.32264788
vn -0.88775956 0.14718508 -0.43614163
vn -0.80596546 0.23005031 -0.54543243
vn -0.69036090 0.31563268 -0.65098221
vn -0.52761138 0.40281705 -0.74790685
vn -0.30289010 0.48402872 -0.82095906
vn -0.01365874 0.54082877 -0.84102181
vn 0.30749480 0.54845615 -0.77758780
vn 0.59543978 0.49722949 -0.63104223
vn 0.80086977 0.40530449 -0.44083544
vn 0.92071159 0.29991929 -0.24967696
vn 0.97720063 0.19752908 -0.07785362
vn 0.99206307 0.10297333 0.07216204
vn 0.97869252 0.01542279 0.20475128
vn 0.94314455 -0.06775904 0.32540295
vn 0.88607809 -0.14947607 0.43877389
vn 0.80361879 -0.23228812 0.54794076
vn 0.68723109 -0.31770549 0.65328145
vn 0.52369627 -0.40444895 0.74977548
vn 0.29865406 -0.48475993 0.82207881
vn 0.01040231 -0.54036942 0.84136358
vn -0.29913357 -0.61060027 0.73327104
vn -0.58286308 -0.55880033 0.58992612
vn -0.78804722 -0.46184995 0.40703342
vn -0.91037371 -0.34811521 0.22368620
vn -0.97002648 -0.23578130 0.05878614
vn -0.98773470 -0.13087552 -0.08515733
vn -0.97667988 -0.03302509 -0.21214560
vn -0.94299068 0.06039326 -0.32729381
vn -0.88746369 0.15247270 -0.43492559
vn -0.80637166 0.24603281 -0.53780349
vn -0.69133935 0.34281328 -0.63602591
vn -0.52932214 0.44155005 -0.72446645
vn -0.30604785 0.53386422 -0.78824089
vn -0.01952767 0.59955629 -0.80009432
vn 0.29822638 0.61160825 -0.73280036
vn 0.58410818 0.55905009 -0.58845614
vn 0.78996513 0.46078182 -0.40451849
vn 0.91186730 0.34611346 -0.22068867
vn 0.97079054 0.23335916 -0.05576052
vn 0.98781754 0.12832802 0.08802518
vn 0.97617652 0.03046747 0.21482814
vn 0.94194359 -0.06293247 0.32982084
vn 0.88584532 -0.15498764 0.43732929
vn 0.80409224 -0.24849039 0.54008166
vn 0.68828656 -0.34509096 0.63810175
vn 0.52549831 -0.44335160 0.72614798
vn 0.30190545 -0.53470518 0.78926768
vn 0.01631317 -0.59913997 0.80047809
vn -0.28835038 -0.66890436 0.68514306
vn -0.56992320 -0.61593924 0.54388087
vn -0.77553820 -0.51341788 0.36734532
vn -0.90006776 -0.39133982 0.19165379
vn -0.96240075 -0.26948231 0.03411866
vn -0.98255573 -0.15479301 -0.10306973
vn -0.97350748 -0.04721644 -0.22372705
vn -0.94139091 0.05588881 -0.33265538
vn -0.88707027 0.15777513 -0.43383561
vn -0.80691005 0.26144283 -0.52966387
vn -0.69268590 0.36871567 -0.61986691
vn -0.53166513 0.47811954 -0.69909505
vn -0.31014999 0.58047000 -0.75290209
vn -0.02668324 0.65400223 -0.75602189
vn 0.28738227 0.66987893 -0.68459743
vn 0.57106193 0.61615405 -0.54244121
vn 0.77739933 0.51227913 -0.36499368
vn 0.90157099 0.38921844 -0.18888822
vn 0.96321335 0.26690401 -0.03134167
vn 0.98270236 0.15206965 0.10569247
vn 0.97307178 0.04447425 0.22617108
vn 0.94041174 -0.05861584 0.33494768
vn 0.88552064 -0.16047769 0.43600471
vn 0.80470341 -0.26408310 0.53170719
vn 0.68971513 -0.37116184 0.62171692
vn 0.52793627 -0.48006032 0.70058931
vn 0.30610251 -0.58140736 0.75383469
vn 0.02351075 -0.65364221 0.75643844
vn -0.27616356 -0.72221686 0.63414233
vn -0.55548880 -0.66820274 0.49491140
vn -0.76157749 -0.56077998 0.32484695
vn -0.88846845 -0.43121490 0.15709083
vn -0.95370903 -0.30064193 0.00731517
vn -0.97656093 -0.17686935 -0.12266205
vn -0.96976635 -0.06018124 -0.23649829
vn -0.93945829 0.05203762 -0.33868895
vn -0.88657061 0.16315047 -0.43286774
vn -0.80756730 0.27628558 -0.52105790
vn -0.69438718 0.39329141 -0.60261788
vn -0.53462429 0.51242991 -0.67200629
vn -0.31515950 0.62372248 -0.71529347
vn -0.03503068 0.70403924 -0.70929655
vn 0.27513916 0.72313475 -0.63354130
vn 0.55652858 0.66837066 -0.49351454
vn 0.76338648 0.55958066 -0.32266169
vn 0.88998390 0.42899960 -0.15455742
vn 0.95457268 0.29793972 -0.00478752
vn 0.97677429 0.17400422 0.12503805
vn 0.96940159 0.05728876 0.23870180
vn 0.93855051 -0.05491809 0.34074469
vn 0.88509316 -0.16600588 0.43480127
vn 0.80543653 -0.27907344 0.52286711
vn 0.69150063 -0.39587228 0.60424500
vn 0.53099079 -0.51448269 0.67331741
vn 0.31120499 -0.62474499 0.71613208
vn 0.03189891 -0.70374695 0.70973424
vn -0.26274308 -0.77048483 0.58079188
vn -0.53977815 -0.71550163 0.44350532
vn -0.74637622 -0.60378979 0.27992933
vn -0.87574141 -0.46755589 0.12028500
vn -0.94406300 -0.32906874 -0.02142008
vn -0.96981569 -0.19692990 -0.14379204
vn -0.96548728 -0.07177612 -0.25036475
vn -0.93720014 0.04894319 -0.34534107
vn -0.88595809 0.16865691 -0.43201053
vn -0.80833042 0.29057140 -0.51202558
vn -0.69642850 0.41650521 -0.58438922
vn -0.53818089 0.54441234 -0.64341008
vn -0.32103592 0.66354577 -0.67575361
vn -0.04447431 0.74961121 -0.66038252
vn 0.26166911 0.77132846 -0.58015660
vn 0.54072897 0.71561390 -0.44216391
vn 0.74813908 0.60253877 -0.27791176
vn 0.87727147 0.46526911 -0.11798063
vn 0.94497881 0.32627181 0.02370154
vn 0.97009688 0.19395440 0.14592374
vn 0.96519480 0.06876523 0.25232983
vn 0.93636520 -0.05194499 0.34716268
vn 0.88455415 -0.17163281 0.43371205
vn 0.80627635 -0.29347471 0.51360592
vn 0.69362576 -0.41919086 0.58580059
vn 0.53464013 -0.54655408 0.64454524
vn 0.31716976 -0.66464456 0.67649904
vn 0.04138149 -0.74939557 0.66082815
vn -0.24825043 -0.81372521 0.52556923
vn -0.52299745 -0.75781641 0.39011275
vn -0.73013770 -0.64236016 0.23296431
vn -0.86205121 -0.50022207 0.08152052
vn -0.93357761 -0.35460064 -0.05187711
vn -0.96239013 -0.21481836 -0.16630785
vn -0.96070558 -0.08186850 -0.26522130
vn -0.93462724 0.04670355 -0.35254887
vn -0.88522804 0.17435175 -0.43124562
vn -0.80918696 0.30431491 -0.50260214
vn -0.69879423 0.43833388 -0.56528756
vn -0.54231368 0.57402262 -0.61350950
vn -0.32773615 0.69990567 -0.63460309
vn -0.05492006 0.79072105 -0.60970813
vn 0.24713466 0.81448268 -0.52492135
vn 0.52387145 0.75786752 -0.38883869
vn 0.73186180 0.64106524 -0.23111396
vn 0.86359808 0.49788322 -0.07943969
vn 0.93454566 0.35173457 0.05391848
vn 0.96273879 0.21176054 0.16820075
vn 0.96048504 0.07876805 0.26695332
vn 0.93386485 -0.04979755 0.35414213
vn 0.88389715 -0.17741907 0.43272197
vn 0.80720844 -0.30730547 0.50396218
vn 0.69607271 -0.44109883 0.56649326
vn 0.53886077 -0.57623456 0.61447767
vn 0.32395195 -0.70107404 0.63525611
vn 0.05186393 -0.79058853 0.61014745
vn -0.23283489 -0.85200866 0.46890207
vn -0.50533725 -0.79518231 0.33514081
vn -0.71305353 -0.67645296 0.18429883
vn -0.84755755 -0.52911165 0.04107390
vn -0.92236831 -0.37710349 -0.08384305
vn -0.95435757 -0.23039732 -0.19004923
vn -0.95546034 -0.09033765 -0.28095310
vn -0.93175358 0.04541010 -0.36024045
vn -0.88437806 0.18029025 -0.43054717
vn -0.81012537 0.31753402 -0.49281743
vn -0.70146815 0.45876506 -0.54541458
vn -0.54699918 0.60123837 -0.58249834
vn -0.33521542 0.73280308 -0.59214041
vn -0.06627747 0.82741845 -0.55766119
vn 0.23168608 0.85267345 -0.46826227
vn 0.50614753 0.79517006 -0.33394499
vn 0.71474702 0.67512127 -0.18261426
vn 0.84912362 0.52673683 -0.03920950
vn 0.92338798 0.37419022 0.08565230
vn 0.95477214 0.22728176 0.19171112
vn 0.95531005 0.08717320 0.28245980
vn 0.93106199 -0.04857067 0.36161369
vn 0.88311814 -0.18342378 0.43180790
vn 0.80821956 -0.32058783 0.49396821
vn 0.69882345 -0.46158845 0.54642648
vn 0.54362749 -0.60350621 0.58330901
vn 0.33150563 -0.73403628 0.59270124
vn 0.06325582 -0.82737279 0.55807971
vn -0.21663196 -0.88544474 0.41116688
vn -0.48696949 -0.82767524 0.27895234
vn -0.69530021 -0.70606924 0.13425289
vn -0.83241230 -0.55415625 -0.00078870
vn -0.91054868 -0.39646919 -0.11710377
vn -0.94579287 -0.24354823 -0.21484902
vn -0.94979366 -0.09707584 -0.29743620
vn -0.92859627 0.04514641 -0.36833512
vn -0.88340795 0.18652470 -0.42988246
vn -0.81113497 0.33024924 -0.48269606
vn -0.70443318 0.47779620 -0.52486635
vn -0.55221224 0.62605607 -0.55055921
vn -0.34342793 0.76226746 -0.54863975
vn -0.07846066 0.85978813 -0.50458725
vn 0.21545931 0.88601508 -0.41055397
vn 0.48772983 0.82760032 -0.27784407
vn 0.69697187 0.70470736 -0.13273188
vn 0.83399993 0.55175913 0.00244439
vn 0.91161892 0.39352715 0.11869007
vn 0.94627099 0.24039592 0.21628918
vn 0.94971085 0.09386943 0.29872702
vn 0.92797253 -0.04835143 0.36949847
vn 0.88221573 -0.18970302 0.43093871
vn 0.80929772 -0.33334671 0.48364984
vn 0.70185948 -0.48066213 0.52569685
vn 0.54891386 -0.62836970 0.55122146
vn 0.33978455 -0.76356213 0.54910776
vn 0.07547151 -0.85983054 0.50497078
vn -0.19976302 -0.91416857 0.35269047
vn -0.46804697 -0.85539888 0.22186662
vn -0.67703746 -0.73123973 0.08311877
vn -0.81675715 -0.57531574 -0.04381269
vn -0.89822842 -0.41261350 -0.15144575
vn -0.93677112 -0.25417142 -0.24053431
vn -0.94374982 -0.10198930 -0.31453849
vn -0.92517509 0.04598679 -0.37674431
vn -0.88231987 0.19310300 -0.42921193
vn -0.81220638 0.34248242 -0.47225691
vn -0.70767205 0.49543318 -0.50373230
vn -0.55792601 0.64848843 -0.51786227
vn -0.35232761 0.78835054 -0.50434977
vn -0.09138951 0.88793934 -0.45079007
vn 0.19857580 0.91464671 -0.35212079
vn 0.46877134 0.85526441 -0.22085338
vn 0.67869631 0.72985399 -0.08175856
vn 0.81836894 0.57290760 0.04526767
vn 0.89934792 0.40965813 0.15281861
vn 0.93730987 0.25100004 0.24176267
vn 0.94373102 0.09875928 0.31562378
vn 0.92461548 -0.04921798 0.37770862
vn 0.88119117 -0.19630886 0.43007552
vn 0.81043255 -0.34560841 0.47302633
vn 0.70516268 -0.49833010 0.50439341
vn 0.55469258 -0.65084110 0.51838404
vn 0.34874249 -0.78970436 0.50472338
vn 0.08843103 -0.88806862 0.45112534
vn -0.18233552 -0.93832968 0.29375358
vn -0.44870354 -0.87847359 0.16416237
vn -0.65840756 -0.75201621 0.03116242
vn -0.80072228 -0.59257307 -0.08775528
vn -0.88551180 -0.42547411 -0.18665646
vn -0.92736639 -0.26218578 -0.26692732
vn -0.93737459 -0.10499874 -0.33212067
vn -0.92151241 0.04799516 -0.38537170
vn -0.88111847 0.20006755 -0.42848945
vn -0.81333156 0.35425578 -0.46151340
vn -0.71116730 0.51168883 -0.48209503
vn -0.56411253 0.66856134 -0.48456454
vn -0.36186831 0.81112066 -0.45949386
vn -0.10498960 0.91199670 -0.39653398
vn 0.18114234 0.93872112 -0.29324072
vn 0.44940500 0.87828505 -0.16324987
vn 0.66006258 0.75061295 -0.02995972
vn 0.80236092 0.59016339 0.08901751
vn 0.88667924 0.42251804 0.18782551
vn 0.92796258 0.25900989 0.26795397
vn 0.93741592 0.10176034 0.33301086
vn 0.92101264 -0.05123777 0.38614816
vn 0.88004846 -0.20328760 0.42917230
vn 0.81161546 -0.35739934 0.46211044
vn 0.70871527 -0.51460899 0.48259741
vn 0.56093554 -0.67094924 0.48495199
vn 0.35833361 -0.81253195 0.45977044
vn 0.10206045 -0.91220953 0.39680906
vn -0.16444331 -0.95808300 0.23459618
vn -0.42905448 -0.89702772 0.10608262
vn -0.63953561 -0.76846427 -0.02137440
vn -0.78442566 -0.60592951 -0.13238511
vn -0.87249659 -0.43500834 -0.22252516
vn -0.91765071 -0.26752867 -0.29384619
vn -0.93071464 -0.10604067 -0.35003663
vn -0.91763282 0.05122396 -0.39411435
vn -0.87981056 0.20745457 -0.42766340
vn -0.81450399 0.36559103 -0.45047358
vn -0.71490183 0.52658140 -0.46002978
vn -0.57074294 0.68631125 -0.45080967
vn -0.37200441 0.83065770 -0.41427105
vn -0.11919250 0.93209270 -0.34204728
vn 0.16325250 0.95839560 -0.23415059
vn 0.42974577 0.89679199 -0.10527441
vn 0.64119573 0.76704970 0.02242323
vn 0.78609402 0.60352635 0.13346212
vn 0.87371071 0.43206201 0.22349947
vn 0.91830110 0.26436012 0.29468088
vn 0.93081198 0.10280610 0.35074203
vn 0.91718833 -0.05446658 0.39471377
vn 0.87879425 -0.21067894 0.42817643
vn 0.81283987 -0.36874457 0.45090885
vn 0.71250006 -0.52952042 0.46038221
vn 0.56761421 -0.68873271 0.45106692
vn 0.36851291 -0.83212487 0.41444715
vn 0.11629128 -0.93238408 0.34225175
vn -0.14616862 -0.97358187 0.17542256
vn -0.40919882 -0.91119029 0.04783910
vn -0.62053026 -0.78065745 -0.07427081
vn -0.76797282 -0.61540098 -0.17748063
vn -0.85927328 -0.44119151 -0.25884256
vn -0.90769328 -0.27015584 -0.32110548
vn -0.92381680 -0.10506790 -0.36813483
vn -0.91356274 0.05571314 -0.40286371
vn -0.87840548 0.21529245 -0.42667666
vn -0.81571910 0.37650803 -0.43914014
vn -0.71885889 0.54013348 -0.43760452
vn -0.57778788 0.70178266 -0.41672804
vn -0.38269070 0.84704894 -0.36885759
vn -0.13393473 0.94836181 -0.28752628
vn 0.14498742 0.97382518 -0.17505187
vn 0.40989147 0.91091552 -0.04713695
vn 0.62220388 0.77923799 0.07516974
vn 0.76967380 0.61301139 0.17837961
vn 0.86053298 0.43826353 0.25963064
vn 0.90839468 0.26700428 0.32175739
vn 0.92396608 0.10184666 0.36866508
vn 0.91316905 -0.05894708 0.40329584
vn 0.87743796 -0.21851408 0.42702954
vn 0.81410130 -0.37966698 0.43942241
vn 0.71650075 -0.54308945 0.43781335
vn 0.57469992 -0.70423736 0.41685698
vn 0.37923597 -0.84857023 0.36892905
vn 0.13106044 -0.94872534 0.28765151
vn -0.12758304 -0.98497300 0.11640768
vn -0.38922059 -0.92108608 -0.01038148
vn -0.60148498 -0.78867275 -0.12732285
vn -0.75145727 -0.62101483 -0.22282852
vn -0.84592478 -0.44401552 -0.29540055
vn -0.89755986 -0.27004129 -0.34851685
vn -0.91672768 -0.10205008 -0.38625916
vn -0.90933034 0.06148893 -0.41150630
vn -0.87691492 0.22360099 -0.42546777
vn -0.81697407 0.38702403 -0.42751113
vn -0.72302253 0.55237038 -0.41487997
vn -0.58521774 0.71502581 -0.38243731
vn -0.39388279 0.86038532 -0.32340910
vn -0.14915787 0.96093588 -0.23313977
vn 0.12641769 0.98515760 -0.11611666
vn 0.38992502 0.92078117 0.01097783
vn 0.60318010 0.78725485 0.12807644
vn 0.75319369 0.61864516 0.22355630
vn 0.84722900 0.44111326 0.29601032
vn 0.89830927 0.26691448 0.34899443
vn 0.91692503 0.09884966 0.38662286
vn 0.90898319 -0.06470785 0.41177961
vn 0.87599158 -0.22681537 0.42566835
vn 0.81539748 -0.39018603 0.42764682
vn 0.72070210 -0.55534295 0.41494901
vn 0.58216403 -0.71751410 0.38243766
vn 0.39045925 -0.86195860 0.32337121
vn 0.14630939 -0.96136423 0.23317887
vn -0.10874926 -0.99239306 0.05770288
vn -0.36919117 -0.92683204 -0.06841234
vn -0.58247965 -0.79258753 -0.18033986
vn -0.73496101 -0.62280775 -0.26822159
vn -0.83252622 -0.44348796 -0.33199175
vn -0.88731238 -0.26717726 -0.37588969
vn -0.90949318 -0.09697470 -0.40425000
vn -0.90496521 0.06856292 -0.41992510
vn -0.87535285 0.23239039 -0.42397180
vn -0.81826821 0.39715254 -0.41558032
vn -0.72737760 0.56331911 -0.39190995
vn -0.59300283 0.72609482 -0.34804304
vn -0.40553703 0.87075877 -0.27806272
vn -0.16480752 0.96994097 -0.17903350
vn 0.10760493 0.99252993 -0.05749361
vn 0.36991660 0.92650625 0.06890486
vn 0.58420355 0.79117775 0.18095299
vn 0.73673558 0.62046395 0.26878463
vn 0.83387418 0.44061762 0.33243040
vn 0.88810710 0.26408153 0.37620039
vn 0.90973511 0.09380095 0.40445447
vn 0.90466079 -0.07176221 0.42004646
vn 0.87446968 -0.23559456 0.42402593
vn 0.81672850 -0.40031648 0.41557343
vn 0.72509008 -0.56630870 0.39184032
vn 0.58997812 -0.72861700 0.34791247
vn 0.40213992 -0.87238141 0.27791034
vn 0.16198354 -0.97042622 0.17898121
vn -0.08972304 -0.99596660 -0.00055877
vn -0.34917141 -0.92853532 -0.12610110
vn -0.56358228 -0.79247757 -0.23314014
vn -0.71855544 -0.62082455 -0.31345646
vn -0.81914521 -0.43963155 -0.36840904
vn -0.87700872 -0.26157452 -0.40303162
vn -0.90215828 -0.08984782 -0.42194525
vn -0.90049812 0.07693133 -0.42800082
vn -0.87373548 0.24166054 -0.42212143
vn -0.81960295 0.40690246 -0.40333781
vn -0.73191042 0.57300676 -0.36874164
vn -0.60111403 0.73504567 -0.31363958
vn -0.41761047 0.87826003 -0.23293952
vn -0.18083254 0.97549517 -0.12533459
vn 0.08860374 0.99606672 0.00068636
vn 0.34992577 0.92819794 0.12649326
vn 0.56534143 0.79108255 0.23361821
vn 0.72037078 0.61851212 0.31386096
vn 0.82053624 0.43679868 0.36868305
vn 0.87784633 0.25851535 0.40318188
vn 0.90244174 0.08670523 0.42199658
vn 0.90023321 -0.08010755 0.42797541
vn 0.87288926 -0.24485240 0.42203274
vn 0.81809680 -0.41006780 0.40318981
vn 0.72965217 -0.57601375 0.36853204
vn 0.59811416 -0.73760166 0.31337397
vn 0.41423585 -0.87992874 0.23266732
vn 0.17803171 -0.97602912 0.12518732
vn -0.07055445 -0.99580531 -0.05825685
vn -0.32921340 -0.92629265 -0.18330429
vn -0.54485071 -0.78841647 -0.28554716
vn -0.70230253 -0.61511756 -0.35833161
vn -0.80584222 -0.43248436 -0.40444480
vn -0.86670270 -0.25326310 -0.42974903
vn -0.89476678 -0.08069427 -0.43918202
vn -0.89596084 0.08657434 -0.43561343
vn -0.87208122 0.25139997 -0.41984806
vn -0.82098197 0.41627721 -0.39077090
vn -0.73660853 0.58145975 -0.34541631
vn -0.60952232 0.74193517 -0.27931120
vn -0.43006073 0.88297707 -0.18814694
vn -0.19718432 0.97770747 -0.07215565
vn 0.06946291 0.99587924 0.05830474
vn 0.33000333 0.92595271 0.18360114
vn 0.54665100 0.78704262 0.28589614
vn 0.70416096 0.61284184 0.35858364
vn 0.80727571 0.42969402 0.40456023
vn 0.86758117 0.25024500 0.42974452
vn 0.89508920 0.07758690 0.43908495
vn 0.89573292 -0.08972453 0.43544465
vn 0.87126962 -0.25457774 0.41961819
vn 0.81950722 -0.41944307 0.39048102
vn 0.73437734 -0.58448376 0.34506326
vn 0.60654483 -0.74452357 0.27890505
vn 0.42670563 -0.88468777 0.18774944
vn 0.19440475 -0.97828198 0.07191085
vn -0.05128960 -0.99200811 -0.11527921
vn -0.30936294 -0.92019050 -0.23988334
vn -0.52633450 -0.78047590 -0.33738608
vn -0.68625578 -0.60574732 -0.40264524
vn -0.79267107 -0.42210010 -0.43989099
vn -0.85644416 -0.24229227 -0.45584850
vn -0.88736118 -0.06955860 -0.45579791
vn -0.89138604 0.09745543 -0.44264362
vn -0.87041052 0.26158571 -0.41708327
vn -0.82241115 0.42527399 -0.37786497
vn -0.74146111 0.58870260 -0.32196998
vn -0.61819972 0.74681918 -0.24513308
vn -0.44284601 0.88499405 -0.14378090
vn -0.21381579 0.97667738 -0.01959833
vn 0.05022745 0.99206573 0.11525102
vn 0.31019367 0.91985661 0.24009104
vn 0.52818086 0.77912955 0.33761239
vn 0.68815933 0.60351344 0.40275087
vn 0.79414663 0.41935689 0.43985332
vn 0.85736181 0.23931950 0.45569386
vn 0.88772059 0.06649006 0.45555595
vn 0.89119330 -0.10057670 0.44233339
vn 0.86963217 -0.26474712 0.41671196
vn 0.82096689 -0.42843862 0.37743040
vn 0.73925630 -0.59174171 0.32146830
vn 0.61524342 -0.74943728 0.24457982
vn 0.43950835 -0.88674184 0.14325263
vn 0.21105575 -0.97728436 0.01925474
vn -0.03197202 -0.98466211 -0.17151767
vn -0.28966091 -0.91030661 -0.29569991
vn -0.50807646 -0.76872706 -0.38848041
vn -0.67046169 -0.59278328 -0.44619403
vn -0.77967971 -0.40854900 -0.47453900
vn -0.84627927 -0.22873169 -0.48113741
vn -0.87998277 -0.05650547 -0.47163275
vn -0.88680707 0.10952140 -0.44897470
vn -0.86874578 0.27218275 -0.41375998
vn -0.82389867 0.43388325 -0.36460431
vn -0.74645914 0.59475697 -0.29843410
vn -0.62711901 0.74975190 -0.21117253
vn -0.45592499 0.88439062 -0.09992813
vn -0.23068104 0.97249506 0.03224306
vn 0.03093983 0.98471241 0.17141822
vn 0.29053655 0.90998662 0.29582574
vn 0.50997308 0.76741411 0.38859110
vn 0.67241210 0.59059620 0.44615927
vn 0.78119696 0.40585748 0.47435326
vn 0.84723474 0.22580843 0.48083661
vn 0.88037770 0.05347944 0.47124840
vn 0.88664848 -0.11261021 0.44852360
vn 0.86800030 -0.27532454 0.41324554
vn 0.82248523 -0.43704321 0.36402098
vn 0.74428146 -0.59780738 0.29777752
vn 0.62418413 -0.75239531 0.21046489
vn 0.45260350 -0.88616973 0.09926371
vn 0.22793853 -0.97312674 -0.03268594
vn -0.01264416 -0.97384423 -0.22686458
vn -0.27014508 -0.89671203 -0.35061256
vn -0.49011436 -0.75324262 -0.43864960
vn -0.65496072 -0.57630594 -0.48877185
vn -0.76691086 -0.39191928 -0.50818009
vn -0.83625085 -0.21267176 -0.50542580
vn -0.87267158 -0.04161940 -0.48653072
vn -0.88225796 0.12270191 -0.45449437
vn -0.86711125 0.28314381 -0.40981419
vn -0.82545485 0.44208828 -0.35097327
vn -0.75159544 0.59964091 -0.27483645
vn -0.63625402 0.75078499 -0.17749008
vn -0.46925666 0.88124170 -0.05666794
vn -0.24773426 0.96524213 0.08327887
vn 0.01164141 0.97389518 0.22669947
vn 0.27106851 0.89641295 0.35066464
vn 0.49206465 0.75196850 0.43865220
vn 0.65695951 0.57417025 0.48860283
vn 0.76846949 0.38928379 0.50785113
vn 0.83724308 0.20980225 0.50498221
vn 0.87310113 0.03864013 0.48600550
vn 0.88213322 -0.12575393 0.45390190
vn 0.86639922 -0.28626120 0.40915390
vn 0.82407380 -0.44523810 0.35023622
vn 0.74944697 -0.60269670 0.27401810
vn 0.63334232 -0.75344713 0.17662084
vn 0.46595108 -0.88304530 0.05586229
vn 0.24500721 -0.96589104 -0.08382099
vn 0.00665192 -0.95962337 -0.28120941
vn -0.25085166 -0.87947390 -0.40447386
vn -0.47248252 -0.73409945 -0.48770716
vn -0.63978864 -0.55640891 -0.53016943
vn -0.75440290 -0.37231818 -0.54060655
vn -0.82639878 -0.19422417 -0.52852817
vn -0.86546657 -0.02500532 -0.50034223
vn -0.87777326 0.13691006 -0.45909666
vn -0.86553282 0.29440952 -0.40518633
vn -0.82709231 0.44986444 -0.33695742
vn -0.75686466 0.60336836 -0.25120214
vn -0.64557991 0.74996669 -0.14414073
vn -0.48280041 0.87561731 -0.01407413
vn -0.26492928 0.95499276 0.13342154
vn -0.00762615 0.95968183 0.28098509
vn 0.25182499 0.87920158 0.40446106
vn 0.47448902 0.73286906 0.48760959
vn 0.64183691 0.55432894 0.52987244
vn 0.75600263 0.36974308 0.54013895
vn 0.82742714 0.19141289 0.52794454
vn 0.86593037 0.02207771 0.49967706
vn 0.87768276 -0.13991971 0.45836170
vn 0.86485570 -0.29749593 0.40437704
vn 0.82574617 -0.45299664 0.33606145
vn 0.75474882 -0.60642107 0.25021534
vn 0.64269426 -0.75263911 0.14310295
vn 0.47951126 -0.87743760 0.01312250
vn 0.26221579 -0.95565168 -0.13406243
vn 0.02587301 -0.94206296 -0.33443679
vn -0.23181676 -0.85865865 -0.45712833
vn -0.45521285 -0.71138212 -0.53545937
vn -0.62497778 -0.53320118 -0.57017478
vn -0.74219075 -0.34987344 -0.57161305
vn -0.81676058 -0.17352233 -0.55026553
vn -0.85840580 -0.00678785 -0.51292631
vn -0.87338804 0.15204273 -0.46268385
vn -0.86403795 0.30590874 -0.39982279
vn -0.82882545 0.45717979 -0.32254459
vn -0.76226353 0.60594819 -0.22755462
vn -0.65507292 0.74734166 -0.11117510
vn -0.49651552 0.86758309 0.02778357
vn -0.28221908 0.94181508 0.18258353
vn -0.02682036 0.94213466 0.33416008
vn 0.23284090 0.85841788 0.45706002
vn 0.45727742 0.71019957 0.53526997
vn 0.62707628 0.53118102 0.56975614
vn 0.74383138 0.34736305 0.57101119
vn 0.81782464 0.17077428 0.54954436
vn 0.85890389 0.00391786 0.51212182
vn 0.87333273 -0.15500299 0.46180517
vn 0.86339789 -0.30895583 0.39886136
vn 0.82751773 -0.46028450 0.32148496
vn 0.76018469 -0.60898708 0.22639343
vn 0.65221743 -0.75001377 0.10996259
vn 0.49324452 -0.86941100 -0.02888528
vn 0.27951764 -0.94247698 -0.18332223
vn 0.04497412 -0.92122385 -0.38642456
vn -0.21307729 -0.83433584 -0.50841103
vn -0.43833628 -0.68518629 -0.58170529
vn -0.61055789 -0.50681011 -0.60857421
vn -0.73030671 -0.32473446 -0.60099886
vn -0.80737192 -0.15072134 -0.57046793
vn -0.85152666 0.01288910 -0.52415286
vn -0.86913781 0.16798153 -0.46516843
vn -0.86265538 0.31755915 -0.39367738
vn -0.83067071 0.46399449 -0.30772599
vn -0.76779049 0.60738442 -0.20391650
vn -0.66471081 0.74295035 -0.07864042
vn -0.51036197 0.85720008 0.06883803
vn -0.29955566 0.92577271 0.23067573
vn -0.04589649 0.92131340 0.38610250
vn 0.21415262 0.83413006 0.50829687
vn 0.44046007 0.68405485 0.58143262
vn 0.61270702 0.50485350 0.60804034
vn 0.73198801 0.32229335 0.60026707
vn 0.80847148 0.14804198 0.56961165
vn 0.85205944 -0.01569477 0.52320969
vn 0.86911912 -0.17088401 0.46414504
vn 0.86205507 -0.32055659 0.39256150
vn 0.82940550 -0.46705982 0.30649901
vn 0.76575391 -0.61039647 0.20257616
vn 0.66189057 -0.74560953 0.07724835
vn 0.50711160 -0.85902549 -0.07009304
vn 0.29686493 -0.92643070 -0.23151105
vn 0.06390793 -0.89716746 -0.43704270
vn -0.19467197 -0.80658204 -0.55814714
vn -0.42188375 -0.65562250 -0.62623737
vn -0.59655734 -0.47738358 -0.64515445
vn -0.71878120 -0.29707354 -0.62857052
vn -0.79826711 -0.12599758 -0.58897728
vn -0.84486599 0.03386377 -0.53390515
vn -0.86505843 0.18459402 -0.46647503
vn -0.86141498 0.32926806 -0.38671279
vn -0.83264604 0.47026150 -0.29249733
vn -0.77344594 0.60767544 -0.18031069
vn -0.67447278 0.73682876 -0.04658168
vn -0.52429971 0.84452569 0.10902369
vn -0.31688905 0.90692669 0.27760638
vn -0.06480718 0.89727838 0.43668241
vn 0.19579800 0.80641341 0.55799692
vn 0.42406735 0.65454442 0.62589015
vn 0.59875721 0.47549392 0.64451171
vn 0.72050294 0.29470636 0.62771305
vn 0.79940223 0.12339302 0.58798829
vn 0.84543422 -0.03659731 0.53282419
vn 0.86507808 -0.18742889 0.46530670
vn 0.86085749 -0.33220402 0.38544115
vn 0.83142788 -0.47327371 0.29110079
vn 0.77145740 -0.61064570 0.17878843
vn 0.67169359 -0.73946068 0.04500703
vn 0.52107346 -0.84633728 -0.11043398
vn 0.31420874 -0.90757385 -0.27853649
vn 0.08262436 -0.86995899 -0.48615283
vn -0.17664200 -0.77548491 -0.60615242
vn -0.40588717 -0.62281965 -0.66884324
vn -0.58300389 -0.44509245 -0.67970521
vn -0.70764366 -0.26708581 -0.65414496
vn -0.78947964 -0.09954775 -0.60565018
vn -0.83846035 0.05595796 -0.54208206
vn -0.86118605 0.20173522 -0.46654206
vn -0.86034749 0.34093340 -0.37890186
vn -0.83477077 0.47592686 -0.27685985
vn -0.77923186 0.60681428 -0.15676141
vn -0.68433947 0.72900837 -0.01504271
vn -0.53828911 0.82961389 0.14827550
vn -0.33416790 0.88533707 0.32328020
vn -0.08350231 0.87009373 0.48576153
vn 0.17781794 0.77535420 0.60597578
vn 0.40813061 0.62179637 0.66843001
vn 0.58525439 0.44327272 0.67895994
vn 0.70940573 0.26479733 0.65316605
vn 0.79065055 0.09702471 0.60453115
vn 0.83906495 -0.05861058 0.54086487
vn 0.86124599 -0.20449154 0.46522957
vn 0.85983601 -0.34379486 0.37747467
vn 0.83360438 -0.47887067 0.27529371
vn 0.77729744 -0.60972626 0.15505673
vn 0.68160761 -0.73159729 0.01328442
vn 0.53509120 -0.83139935 -0.14984171
vn 0.33149840 -0.88596644 -0.32430275
vn 0.10107020 -0.83967061 -0.53360855
vn -0.15903143 -0.74114705 -0.65223466
vn -0.39037979 -0.58692847 -0.70930853
vn -0.56992555 -0.41013177 -0.71202303
vn -0.69692311 -0.23498913 -0.67755316
vn -0.78104260 -0.07158717 -0.62036097
vn -0.83234608 0.07897914 -0.54860032
vn -0.85755693 0.21924956 -0.46532327
vn -0.85948411 0.35244557 -0.37022856
vn -0.83706532 0.48093025 -0.26082130
vn -0.78515188 0.60478836 -0.13329505
vn -0.69429303 0.71951604 0.01593304
vn -0.55229096 0.81251579 0.18652823
vn -0.35133936 0.86106466 0.36759802
vn -0.10192811 0.83983049 0.53319359
vn 0.16025634 0.74105353 0.65204109
vn 0.39268237 0.58596058 0.70883761
vn 0.57222617 0.40838475 0.71118148
vn 0.69872527 0.23278440 0.67645725
vn 0.78224957 0.06915300 0.61911508
vn 0.83298806 -0.08154129 0.54724940
vn 0.85765913 -0.22191563 0.46386880
vn 0.85902187 -0.35521834 0.36864802
vn 0.83595534 -0.48378948 0.25908765
vn 0.78327751 -0.60762474 0.13140973
vn 0.69161503 -0.72204515 -0.01787352
vn 0.54912631 -0.81426200 -0.18824902
vn 0.34868183 -0.86166935 -0.36870979
vn 0.11918923 -0.80638427 -0.57925671
vn -0.14188740 -0.70368932 -0.69619631
vn -0.37539661 -0.54812398 -0.74742056
vn -0.55735095 -0.37272158 -0.74191546
vn -0.68664881 -0.20102269 -0.69864389
vn -0.77298904 -0.04234777 -0.63300444
vn -0.82655943 0.10272296 -0.55339634
vn -0.85420733 0.23697318 -0.46278888
vn -0.85885648 0.36368814 -0.36068889
vn -0.83955101 0.48520553 -0.24439661
vn -0.79121079 0.60157995 -0.10994107
vn -0.70431693 0.70837408 0.04630143
vn -0.56626655 0.79328023 0.22371563
vn -0.36834893 0.83417286 0.41045670
vn -0.12002766 0.80656973 0.57882521
vn 0.14316007 0.70363101 0.69599468
vn 0.37775746 0.54721104 0.74689984
vn 0.55970107 0.37104986 0.74098362
vn 0.68849080 0.19890718 0.69743555
vn 0.77423241 0.04001030 0.63163546
vn 0.82723985 -0.10518455 0.55191525
vn 0.85435372 -0.23953670 0.46119615
vn 0.85844643 -0.36635786 0.35895912
vn 0.83850165 -0.48796391 0.24249991
vn 0.78940216 -0.60432293 0.10787972
vn 0.70169928 -0.71082600 -0.04842011
vn 0.56314061 -0.79497346 -0.22558778
vn 0.36570559 -0.83474592 -0.41165358
vn 0.13692248 -0.77019462 -0.62293859
vn -0.12525997 -0.66325409 -0.73783735
vn -0.36097479 -0.50660703 -0.78297287
vn -0.54530990 -0.33310655 -0.76920552
vn -0.67685049 -0.16544537 -0.71728742
vn -0.76535218 -0.01207485 -0.64349844
vn -0.82113657 0.12697612 -0.55642772
vn -0.85117336 0.25473593 -0.45892649
vn -0.85849614 0.37454004 -0.35029150
vn -0.84224927 0.48868245 -0.22760850
vn -0.79741434 0.59716648 -0.08673276
vn -0.71439605 0.69560026 0.07601686
vn -0.58017781 0.77195411 0.25977020
vn -0.38514100 0.80472887 0.45174976
vn -0.13774143 0.77040504 0.62249769
vn 0.12657938 0.66322775 0.73763583
vn 0.36339292 0.50574799 0.78240946
vn 0.54770877 0.33151260 0.76818911
vn 0.67873209 0.16342468 0.71597146
vn 0.76663230 0.00984235 0.64201094
vn 0.82185636 -0.12932684 0.55482131
vn 0.85136554 -0.25718471 0.45720098
vn 0.85814080 -0.37709254 0.34841869
vn 0.84126434 -0.49132367 0.22555566
vn 0.79567661 -0.59979834 0.08450252
vn 0.71184490 -0.69795761 -0.07830715
vn 0.57709629 -0.77358046 -0.26178836
vn 0.38251487 -0.80526352 -0.45302653
vn 0.15420855 -0.73121090 -0.66449255
vn -0.10920192 -0.62000682 -0.77695977
vn -0.34715339 -0.46260505 -0.81577025
vn -0.53383356 -0.29155430 -0.79373662
vn -0.66755876 -0.12853214 -0.73337902
vn -0.75816546 0.01897602 -0.65178604
vn -0.81611336 0.15151978 -0.55767440
vn -0.84849046 0.27236462 -0.45374161
vn -0.85843402 0.38487754 -0.33905799
vn -0.84518174 0.49128663 -0.21048817
vn -0.80376911 0.59152050 -0.06370803
vn -0.72451640 0.68120801 0.10503160
vn -0.59398757 0.74858284 0.29462263
vn -0.40165928 0.77280501 0.49136773
vn -0.15500697 0.73144463 0.66404939
vn 0.11056726 0.62000812 0.77676561
vn 0.34962737 0.46179821 0.81517060
vn 0.53628007 0.29004063 0.79264123
vn 0.66947962 0.12661217 0.73196065
vn 0.75948257 -0.02109527 0.65018553
vn 0.81687333 -0.15374942 0.55594881
vn 0.84872983 -0.27468674 0.45189033
vn 0.85813551 -0.38729907 0.33705026
vn 0.84426428 -0.49379532 0.20828827
vn 0.80210656 -0.59402449 0.06131853
vn 0.72203727 -0.68345394 -0.10748438
vn 0.59095612 -0.75012868 -0.29677908
vn 0.39905418 -0.77329498 -0.49271761
vn 0.17098464 -0.68955845 -0.70375664
vn -0.09376760 -0.57413742 -0.81337191
vn -0.33397300 -0.41637078 -0.84563432
vn -0.52295428 -0.24835241 -0.81537715
vn -0.65880501 -0.09057034 -0.74684200
vn -0.75146257 0.05054369 -0.65783687
vn -0.81152527 0.17613308 -0.55713900
vn -0.84619335 0.28968520 -0.44725753
vn -0.85870035 0.39457527 -0.32702303
vn -0.84836952 0.49294124 -0.19307535
vn -0.81028174 0.58461088 -0.04090980
vn -0.73466485 0.66520674 0.13329499
vn -0.60765934 0.72321081 0.32820154
vn -0.41784699 0.73847969 0.52919906
vn -0.17176059 0.68981292 0.70331816
vn 0.09517846 0.57416099 0.81319138
vn 0.33650150 0.41561411 0.84500394
vn 0.52544739 0.24692165 0.81420804
vn 0.66076471 0.08875727 0.74532687
vn 0.75281685 -0.05254130 0.65612971
vn 0.81232602 -0.17823174 0.55530162
vn 0.84648083 -0.29186948 0.44528913
vn 0.85846010 -0.39685346 0.32489010
vn 0.84752173 -0.49530335 0.19073940
vn 0.80869776 -0.58697143 0.03837286
vn 0.73226247 -0.66732542 -0.13589867
vn 0.60468353 -0.72466314 -0.33048626
vn 0.41526747 -0.73891923 -0.53061408
vn 0.18718707 -0.64537944 -0.74057166
vn -0.07901255 -0.52585953 -0.84689360
vn -0.32147527 -0.36818006 -0.87240879
vn -0.51270538 -0.20380437 -0.83402456
vn -0.65062123 -0.05185498 -0.75762990
vn -0.74527716 0.08236524 -0.66164788
vn -0.80740706 0.20059648 -0.55484673
vn -0.84431549 0.30652546 -0.43951506
vn -0.85932397 0.40350886 -0.31423384
vn -0.85183269 0.49356806 -0.17541848
vn -0.81695881 0.57640284 -0.01838679
vn -0.74482893 0.64760204 0.16075282
vn -0.62115766 0.69588146 0.36043329
vn -0.43364766 0.70183785 0.56513125
vn -0.18793762 0.64565108 0.74014467
vn 0.08046920 0.52589936 0.84673170
vn 0.32405703 0.36747151 0.87175211
vn 0.51524401 0.20245948 0.83278675
vn 0.65261933 0.05015502 0.75602413
vn 0.74666867 -0.08423318 0.65984140
vn 0.80824883 -0.20255511 0.55290620
vn 0.84465160 -0.30856200 0.43743933
vn 0.85914274 -0.40563267 0.31198700
vn 0.85105585 -0.49577122 0.17295906
vn 0.81545561 -0.57860623 0.01571591
vn 0.74250698 -0.64957921 -0.16349381
vn 0.61824243 -0.69722845 -0.36283438
vn 0.43109868 -0.70222208 -0.56660222
vn 0.20275241 -0.59883269 -0.77478440
vn -0.06499225 -0.47540899 -0.87736099
vn -0.30970215 -0.31832809 -0.89596417
vn -0.50312075 -0.15822470 -0.84960842
vn -0.64303979 -0.01268324 -0.76572773
vn -0.73964253 0.11418107 -0.66324326
vn -0.80379228 0.22469570 -0.55084464
vn -0.84288858 0.32271800 -0.43057163
vn -0.86033182 0.41155638 -0.30074991
vn -0.85558990 0.49308841 -0.15757457
vn -0.82380609 0.56685892 0.00380651
vn -0.75499647 0.62839597 0.18734684
vn -0.63444768 0.66663776 0.39124192
vn -0.44900563 0.66297124 0.59905182
vn -0.20347378 0.59911703 0.77437536
vn 0.06649545 0.47545876 0.87722137
vn 0.31233608 0.31766581 0.89528465
vn 0.50570386 0.15696866 0.84830681
vn 0.64507580 0.01110251 0.76403792
vn 0.74107107 -0.11591172 0.66134571
vn 0.80467515 -0.22650617 0.54881040
vn 0.84327339 -0.32459810 0.42839942
vn 0.86020975 -0.41351638 0.29840140
vn 0.85488441 -0.49512220 0.15500535
vn 0.82238478 -0.56889345 -0.00659639
vn 0.75275736 -0.63021939 -0.19021008
vn 0.63159738 -0.66786907 -0.39374568
vn 0.44649240 -0.66329656 -0.60056823
vn 0.21761842 -0.55009243 -0.80625092
vn -0.05176088 -0.42304105 -0.90463091
vn -0.29869468 -0.26712453 -0.91620193
vn -0.49423417 -0.11193211 -0.86209268
vn -0.63609286 0.02665133 -0.77115212
vn -0.73459104 0.14573909 -0.66267346
vn -0.80071290 0.24822501 -0.54520014
vn -0.84194220 0.33810218 -0.42050000
vn -0.86174856 0.41859969 -0.28664213
vn -0.85965773 0.49142435 -0.13960907
vn -0.83082815 0.55593953 0.02560925
vn -0.76515470 0.60758792 0.21301454
vn -0.64749540 0.63552215 0.42054882
vn -0.46386631 0.62197816 0.63084959
vn -0.21830608 0.55038421 0.80586579
vn 0.05331212 0.42309429 0.90451591
vn 0.30138018 0.26650688 0.91550208
vn 0.49686072 0.11076850 0.86073211
vn 0.63816618 -0.02810668 0.76938543
vn 0.73605643 -0.14732564 0.66069364
vn 0.80163661 -0.24988028 0.54308248
vn 0.84237528 -0.33981879 0.41824285
vn 0.86168506 -0.42038852 0.28420477
vn 0.85902300 -0.49328056 0.13694441
vn 0.82948860 -0.55779590 -0.02850254
vn 0.76299979 -0.60924740 -0.21598363
vn 0.64471349 -0.63662943 -0.42314003
vn 0.46139405 -0.62224242 -0.63240012
vn 0.23172525 -0.49934673 -0.83483906
vn -0.03937025 -0.36902588 -0.92858488
vn -0.28849260 -0.21488669 -0.93305720
vn -0.48607859 -0.06524374 -0.87147625
vn -0.62981167 0.06586391 -0.77395039
vn -0.73015368 0.17679942 -0.66001331
vn -0.79819862 0.27099008 -0.53799939
vn -0.84150311 0.35252647 -0.40938686
vn -0.86359582 0.42452661 -0.27199157
vn -0.86405000 0.48849992 -0.12159536
vn -0.83802733 0.54360415 0.04695447
vn -0.77529033 0.58517456 0.23768812
vn -0.66026722 0.60257686 0.44827261
vn -0.47817665 0.57896329 0.66041547
vn -0.23237400 0.49963995 0.83448322
vn 0.04097175 0.36907648 0.92849549
vn 0.29122919 0.21431295 0.93233874
vn 0.48874777 0.06417633 0.87006150
vn 0.63192185 -0.06718818 0.77211432
vn 0.73165557 -0.17823576 0.65796059
vn 0.79916269 -0.27248440 0.53580897
vn 0.84198364 -0.35407413 0.40705659
vn 0.86358971 -0.42613864 0.26947852
vn 0.86348469 -0.49017238 0.11884963
vn 0.83676845 -0.54527520 -0.04993514
vn 0.77321956 -0.58666245 -0.24074611
vn 0.65755605 -0.60355396 -0.45093531
vn 0.47575053 -0.57916588 -0.66198816
vn 0.24501627 -0.44679474 -0.86043099
vn -0.02786843 -0.31364405 -0.94913158
vn -0.27913281 -0.16193372 -0.94650005
vn -0.47868526 -0.01846810 -0.87779231
vn -0.62422597 0.10468450 -0.77419836
vn -0.72635928 0.20713796 -0.65535949
vn -0.79627634 0.29281103 -0.52934458
vn -0.84159469 0.36585044 -0.39733088
vn -0.86589170 0.42923160 -0.25688869
vn -0.86877719 0.48424198 -0.10361421
vn -0.84540348 0.52981164 0.06776860
vn -0.78538826 0.56115093 0.26129471
vn -0.67272928 0.56784428 0.47432921
vn -0.49188560 0.53403669 0.68764334
vn -0.24562036 0.44708283 0.86010905
vn 0.02952299 0.31368632 0.94906759
vn 0.28192048 0.16140382 0.94576406
vn 0.48139641 0.01750103 0.87632826
vn 0.62637256 -0.10587221 0.77230078
vn 0.72789723 -0.20841894 0.65324358
vn 0.79728008 -0.29413989 0.52709221
vn 0.84212153 -0.36722513 0.39493927
vn 0.86594131 -0.43066307 0.25431275
vn 0.86827912 -0.48572666 0.10080172
vn 0.84422299 -0.53129273 -0.07082077
vn 0.78340032 -0.56246207 -0.26442458
vn 0.67009024 -0.56868739 -0.47704688
vn 0.48951032 -0.53417879 -0.68922614
vn 0.25743891 -0.39264388 -0.88292468
vn -0.01729897 -0.25718014 -0.96620863
vn -0.27064867 -0.10857877 -0.95653539
vn -0.47208288 0.02810103 -0.88110617
vn -0.61936306 0.14286187 -0.77199734
vn -0.72323383 0.23654965 -0.64882747
vn -0.79496957 0.31352420 -0.51935149
vn -0.84223640 0.37794598 -0.38444073
vn -0.86865002 0.43261741 -0.24143180
vn -0.87384561 0.47858149 -0.08575322
vn -0.85295269 0.51452176 0.08797194
vn -0.79543089 0.53551129 0.28375582
vn -0.68484728 0.53136721 0.49863122
vn -0.50494366 0.48731339 0.71243074
vn -0.25799223 0.39291981 0.88264037
vn 0.01900975 0.25720953 0.96616866
vn 0.27348778 0.10809393 0.95578247
vn 0.47483574 -0.02896330 0.87959772
vn 0.62154572 -0.14390813 0.77004634
vn 0.72480728 -0.23767116 0.64665820
vn 0.79601202 -0.31468448 0.51704791
vn 0.84280807 -0.37914524 0.38199928
vn 0.86875319 -0.43386619 0.23880541
vn 0.87341200 -0.47987613 0.08288774
vn 0.85184755 -0.51581017 -0.09108031
vn 0.79352346 -0.53664275 -0.28694089
vn 0.68228060 -0.53207482 -0.50138765
vn 0.50262367 -0.48739790 -0.71401172
vn 0.26894500 -0.33710629 -0.90223497
vn -0.00769976 -0.19991795 -0.97978239
vn -0.26306895 -0.05512357 -0.96320098
vn -0.46629679 0.07419009 -0.88151185
vn -0.61524711 0.18016812 -0.76747015
vn -0.72079972 0.26485112 -0.64054793
vn -0.79429753 0.33298425 -0.50814655
vn -0.84344303 0.38869871 -0.37083307
vn -0.87187974 0.43459589 -0.22572581
vn -0.87925673 0.47145426 -0.06810635
vn -0.86066674 0.49769584 0.10747841
vn -0.80539738 0.50824987 0.30498709
vn -0.69658545 0.49318953 0.52108809
vn -0.51730344 0.43891251 0.73467882
vn -0.26944154 0.33736316 0.90199077
vn 0.00947066 0.19993092 0.97976422
vn 0.26596061 0.05468576 0.96243152
vn 0.46909137 -0.07494287 0.87996412
vn 0.61746560 -0.18106832 0.76547403
vn 0.72240825 -0.26580980 0.63833493
vn 0.79537773 -0.33397367 0.50580219
vn 0.84405783 -0.38972126 0.36835270
vn 0.87203402 -0.43566116 0.22306059
vn 0.87888427 -0.47255827 0.06520071
vn 0.85963302 -0.49879092 -0.11062860
vn 0.80356701 -0.50920111 -0.30821144
vn 0.69409037 -0.49376248 -0.52386752
vn 0.51504243 -0.43894392 -0.73624692
vn 0.27949133 -0.28039642 -0.91829322
vn 0.00089716 -0.14213455 -0.98984694
vn -0.25641756 -0.00185144 -0.96656433
vn -0.46134827 0.11955046 -0.87912767
vn -0.61189834 0.21640105 -0.76075686
vn -0.71907509 0.29188247 -0.63066285
vn -0.79427473 0.35106463 -0.49586418
vn -0.84522412 0.39800855 -0.35663059
vn -0.87558422 0.43508878 -0.20988099
vn -0.88500635 0.46280217 -0.05077307
vn -0.86853195 0.47929829 0.12619587
vn -0.81526238 0.47936251 0.32489818
vn -0.70790595 0.45335702 0.54160555
vn -0.52891890 0.38895681 0.75429265
vn -0.27992504 0.28062739 0.91809054
vn 0.00093789 0.14212903 0.98984769
vn 0.25936306 0.00146400 0.96577879
vn 0.46418487 -0.12018876 0.87754605
vn 0.61415274 -0.21715110 0.75872381
vn 0.72071826 -0.29267553 0.62841564
vn 0.79539158 -0.35188189 0.49348898
vn 0.84588025 -0.39885414 0.35412143
vn 0.87578681 -0.43597096 0.20718779
vn 0.88469124 -0.46371633 0.04783907
vn 0.86756512 -0.48020099 -0.12937456
vn 0.81350481 -0.48013483 -0.32814703
vn 0.70548077 -0.45379821 -0.54439330
vn 0.52671992 -0.38894113 -0.75583789
vn 0.28903963 -0.22272780 -0.93104695
vn 0.00846633 -0.08409572 -0.99642171
vn -0.25071258 0.05097644 -0.96671847
vn -0.45725388 0.16396139 -0.87409127
vn -0.60933256 0.25138630 -0.75200981
vn -0.71807321 0.31750754 -0.61932206
vn -0.79491025 0.36765840 -0.48264376
vn -0.84758330 0.40579061 -0.34195982
vn -0.87976055 0.43402857 -0.19401182
vn -0.89108374 0.45257421 -0.03385777
vn -0.87652829 0.45929793 0.14402629
vn -0.82499522 0.44884795 0.34339248
vn -0.71876796 0.41191872 0.56008534
vn -0.53974480 0.33757268 0.77118106
vn -0.28940457 0.22292648 0.93088602
vn -0.00656298 0.08407111 0.99643814
vn 0.25371354 -0.05130919 0.96591760
vn 0.46013310 -0.16448002 0.87248144
vn 0.61162290 -0.25198236 0.74994821
vn 0.71975057 -0.31813307 0.61704980
vn 0.79606272 -0.36830296 0.48024690
vn 0.84827885 -0.40645952 0.33943136
vn 0.88000854 -0.43472876 0.19130047
vn 0.89082198 -0.45330014 0.03090607
vn 0.87562341 -0.46001034 -0.14722136
vn 0.82330550 -0.44944432 -0.34665237
vn 0.71641005 -0.41223300 -0.56286819
vn 0.53761041 -0.33751712 -0.77269479
vn 0.29755623 -0.16431116 -0.94045847
vn 0.01498850 -0.02605228 -0.99954821
vn -0.24596644 0.10312485 -0.96377683
vn -0.45402495 0.20723203 -0.86655423
vn -0.60756018 0.28497761 -0.74138950
vn -0.71780178 0.34161475 -0.60667947
vn -0.79620722 0.38267846 -0.46862699
vn -0.85051777 0.41197493 -0.32694981
vn -0.88439884 0.43135912 -0.17823581
vn -0.89747086 0.44072767 -0.01746917
vn -0.88462850 0.43766952 0.16086578
vn -0.83455881 0.41670992 0.36036710
vn -0.72912642 0.36892867 0.57642545
vn -0.54973652 0.28489038 0.78525615
vn -0.29784725 0.16447195 0.94033823
vn -0.01301284 0.02600968 0.99957699
vn 0.24902474 -0.10339748 0.96296191
vn 0.45694769 -0.20762554 0.86492222
vn 0.60988687 -0.28541606 0.73930756
vn 0.71951315 -0.34207095 0.60439084
vn 0.79739426 -0.38315005 0.46621715
vn 0.85125074 -0.41246811 0.32441060
vn 0.88468921 -0.43187898 0.17551510
vn 0.89725822 -0.44126768 0.01450946
vn 0.88378024 -0.43819481 -0.16406643
vn 0.83293142 -0.41713474 -0.36362599
vn 0.72683266 -0.36912231 -0.57919168
vn 0.54766853 -0.28480292 -0.78673152
vn 0.30501196 -0.10535348 -0.94650322
vn 0.02045073 0.03176205 -0.99928622
vn -0.24218564 0.15438599 -0.95786799
vn -0.45166753 0.24920187 -0.85667664
vn -0.60658626 0.31705672 -0.72905977
vn -0.71826256 0.36411597 -0.59288991
vn -0.79816229 0.39605669 -0.45395601
vn -0.85401766 0.41650709 -0.31173014
vn -0.88948164 0.42703645 -0.16267233
vn -0.90414169 0.42722927 -0.00171985
vn -0.89279716 0.41439578 0.17660512
vn -0.84390852 0.38295950 0.37571324
vn -0.73893177 0.32444789 0.59051961
vn -0.55884934 0.23104502 0.79643306
vn -0.30522419 0.10547168 0.94642164
vn -0.01839892 -0.03182005 0.99932425
vn 0.24530315 -0.15459206 0.95704110
vn 0.45463491 -0.24946452 0.85502898
vn 0.60894996 -0.31733407 0.72696563
vn 0.72000773 -0.36440146 0.59059330
vn 0.79938283 -0.39635539 0.45154125
vn 0.85478605 -0.41682558 0.30918805
vn 0.88981130 -0.42737776 0.15995030
vn 0.90397381 -0.42758603 -0.00123930
vn 0.89200001 -0.41473765 -0.17980176
vn 0.84233778 -0.38321793 -0.37896054
vn 0.73669848 -0.32452829 -0.59325942
vn 0.55684893 -0.23093418 -0.79786507
vn 0.31138141 -0.04605717 -0.94916824
vn 0.02484566 0.08913223 -0.99570987
vn -0.23937101 0.20457984 -0.94913045
vn -0.45018192 0.28973961 -0.84462251
vn -0.60641000 0.34753198 -0.71518420
vn -0.71945113 0.38494578 -0.57810623
vn -0.80076527 0.40774380 -0.43877098
vn -0.85806567 0.41934783 -0.29642992
vn -0.89498347 0.42102895 -0.14744222
vn -0.91106158 0.41205653 0.01327449
vn -0.90099000 0.38946927 0.19113010
vn -0.85299193 0.34761734 0.38931601
vn -0.74812879 0.27854710 0.60225810
vn -0.56703756 0.17617803 0.80463017
vn -0.31151094 0.04612941 0.94912223
vn -0.02271451 -0.08920144 0.99575457
vn 0.24254957 -0.20471222 0.94829458
vn 0.45319516 -0.28986572 0.84296620
vn 0.60881118 -0.34764500 0.71308618
vn 0.72122991 -0.38505916 0.57580975
vn 0.80201839 -0.40786940 0.43635886
vn 0.85886752 -0.41949252 0.29389217
vn 0.89534925 -0.42119364 0.14472611
vn 0.91093403 -0.41223285 -0.01622539
vn 0.90023830 -0.38963185 -0.19431426
vn 0.85147174 -0.34771555 -0.39254270
vn 0.74595199 -0.27852258 -0.60496347
vn 0.56510556 -0.17605237 -0.80601568
vn 0.31664276 0.01337903 -0.94845051
vn 0.02817129 0.14586128 -0.98890387
vn -0.23751804 0.25355323 -0.93770781
vn -0.44956302 0.32874207 -0.83055508
vn -0.60702465 0.37633674 -0.69992266
vn -0.72135653 0.40405973 -0.56247710
vn -0.80399894 0.41770792 -0.42320892
vn -0.86263676 0.42047292 -0.28117670
vn -0.90087032 0.41331858 -0.13266655
vn -0.91818673 0.39519946 0.02739546
vn -0.90915339 0.36289488 0.20432184
vn -0.86174769 0.31071722 0.40105577
vn -0.75665641 0.23130975 0.61152831
vn -0.57425486 0.12043908 0.80976897
vn -0.31668653 -0.01335475 0.94843623
vn -0.02595842 -0.14593617 0.98895338
vn 0.24075914 -0.25360418 0.93686710
vn 0.45262328 -0.32872569 0.82889781
vn 0.60946395 -0.37628192 0.69782921
vn 0.72316889 -0.40399939 0.56018858
vn 0.80528354 -0.41766030 0.42080672
vn 0.86347001 -0.42044463 0.27865007
vn 0.90126902 -0.41330829 0.12996310
vn 0.91809502 -0.39519812 -0.03033109
vn 0.90844144 -0.36288250 -0.20748600
vn 0.86027209 -0.31066157 -0.40425403
vn 0.75453207 -0.23118890 -0.61419301
vn 0.57239146 -0.12030677 -0.81110683
vn 0.32077727 0.07275925 -0.94435588
vn 0.03043018 0.20176954 -0.97896019
vn -0.23661735 0.30117772 -0.92374467
vn -0.44980047 0.36613100 -0.81463343
vn -0.60841755 0.40342646 -0.68342898
vn -0.72396125 0.42143254 -0.54614534
vn -0.80783881 0.42593403 -0.40740232
vn -0.86769793 0.41987327 -0.26609535
vn -0.90709946 0.40390136 -0.11846631
vn -0.92546396 0.37666214 0.04052273
vn -0.91722398 0.33469250 0.21605810
vn -0.87010588 0.27230881 0.41080856
vn -0.76444775 0.18283505 0.61821596
vn -0.58045358 0.06398818 0.81177531
vn -0.32073321 -0.07278346 0.94436898
vn -0.02813424 -0.20184341 0.97901364
vn 0.23992192 -0.30113908 0.92290451
vn 0.45290861 -0.36596604 0.81298379
vn 0.61089560 -0.40320022 0.68134877
vn 0.72580685 -0.42119690 0.54387277
vn 0.80915376 -0.42571278 0.40501707
vn 0.86856043 -0.41967244 0.26358645
vn 0.90752783 -0.40371746 0.11578191
vn 0.92540359 -0.37648566 -0.04343661
vn 0.91654618 -0.33450930 -0.21919539
vn 0.86866896 -0.27210585 -0.41397179
vn 0.76237189 -0.18262668 -0.62083540
vn 0.57865875 -0.06385685 -0.81306602
vn 0.32376908 0.13188873 -0.93689858
vn 0.03162889 0.25669251 -0.96597545
vn -0.23665526 0.34734683 -0.90738331
vn -0.45087887 0.40184999 -0.79700993
vn -0.61057041 0.42877634 -0.66584880
vn -0.72724132 0.43705633 -0.52924647
vn -0.81225318 0.43242290 -0.39147822
vn -0.87320822 0.41755457 -0.25130775
vn -0.91361950 0.39278810 -0.10496156
vn -0.93283079 0.35646432 0.05253481
vn -0.92512911 0.30489915 0.22621370
vn -0.87798810 0.23246101 0.41844807
vn -0.77143051 0.13324145 0.62220711
vn -0.58558554 0.00699829 0.81058041
vn -0.32363612 -0.13196053 0.93693441
vn -0.02924964 -0.25675783 0.96603306
vn 0.24002358 -0.34721031 0.90655043
vn 0.45403555 -0.40153062 0.79537720
vn 0.61308743 -0.42837519 0.66379101
vn 0.72911984 -0.43664337 0.52699793
vn 0.81359722 -0.43202714 0.38911709
vn 0.87409770 -0.41718132 0.24882314
vn 0.91407417 -0.39243167 0.10230247
vn 0.93279718 -0.35611511 -0.05542063
vn 0.92447984 -0.30454937 -0.22931792
vn 0.87658415 -0.23211739 -0.42157056
vn 0.76939936 -0.13295406 -0.62477823
vn 0.58385881 -0.00687443 -0.81182611
vn 0.32560499 0.19057238 -0.92610127
vn 0.03177732 0.31047871 -0.95004904
vn -0.23761425 0.39197250 -0.88876152
vn -0.45277845 0.43586134 -0.77782811
vn -0.61345964 0.45237842 -0.64731834
vn -0.73116673 0.45093848 -0.51190791
vn -0.81720346 0.43718971 -0.37555779
vn -0.87911890 0.41353732 -0.23693214
vn -0.92037051 0.38000556 -0.09227083
vn -0.94021572 0.33464347 0.06331000
vn -0.93278710 0.27357214 0.23466254
vn -0.88530839 0.19126516 0.42384749
vn -0.77752812 0.08266943 0.62339056
vn -0.58960231 -0.05034266 0.80612327
vn -0.32538338 -0.19068931 0.92615509
vn -0.02931600 -0.31052723 0.95011232
vn 0.24104553 -0.39173014 0.88794400
vn 0.45598350 -0.43538204 0.77622260
vn 0.61601544 -0.45179889 0.64529276
vn 0.73307738 -0.45034618 0.50969194
vn 0.81857503 -0.43661846 0.37322814
vn 0.88003290 -0.41299150 0.23447838
vn 0.92084792 -0.37947751 0.08964339
vn 0.94020423 -0.33412373 -0.06616149
vn 0.93216086 -0.27305992 -0.23772761
vn 0.88393201 -0.19078744 -0.42692429
vn 0.77553813 -0.08231098 -0.62591174
vn 0.58794309 0.05045373 -0.80732728
vn 0.32627485 0.24861312 -0.91199574
vn 0.03088844 0.36298672 -0.93128221
vn -0.23947381 0.43498191 -0.86801096
vn -0.45547559 0.46814250 -0.75722162
vn -0.61705670 0.47423872 -0.62796390
vn -0.73570159 0.46309976 -0.49424870
vn -0.82264448 0.44026346 -0.35975568
vn -0.88537396 0.40785689 -0.22308230
vn -0.92728462 0.36559723 -0.08051027
vn -0.94753897 0.31125650 0.07272746
vn -0.94010851 0.24079129 0.24127898
vn -0.89197477 0.14883780 0.42688209
vn -0.78266125 0.03128407 0.62166123
vn -0.59245678 -0.10783028 0.79835305
vn -0.32596604 -0.24877144 0.91206300
vn -0.02834772 -0.36301027 0.93135383
vn 0.24296608 -0.43462635 0.86721821
vn 0.45872806 -0.46749815 0.75565471
vn 0.61965054 -0.47347757 0.62598099
vn 0.73764320 -0.46232613 0.49207423
vn 0.82404161 -0.43951556 0.35746538
vn 0.88630965 -0.40713817 0.22066651
vn 0.92778103 -0.36489816 0.07792110
vn 0.94754490 -0.31056824 -0.07553826
vn 0.93949990 -0.24012068 -0.24429900
vn 0.89062089 -0.14823235 -0.42990884
vn 0.78070934 -0.03086196 -0.62413177
vn 0.59086422 0.10792473 -0.79951969
vn 0.32577201 0.30581083 -0.89462413
vn 0.02897770 0.41408345 -0.90977755
vn -0.24221104 0.47631428 -0.84525648
vn -0.45894333 0.49868270 -0.73531393
vn -0.62132882 0.49437464 -0.60790148
vn -0.74080486 0.47357281 -0.47637900
vn -0.82852499 0.44168601 -0.34417992
vn -0.89191071 0.40056330 -0.20986743
vn -0.93428694 0.34962393 -0.06979279
vn -0.95471378 0.28638110 0.08066880
vn -0.94699761 0.20666124 0.24594036
vn -0.89789113 0.10532322 0.42743249
vn -0.78674999 -0.02072311 0.61692382
vn -0.59410452 -0.16524278 0.78723227
vn -0.32537861 -0.30600569 0.89470066
vn -0.02636178 -0.41407397 0.90986142
vn 0.24576109 -0.47583891 0.84449915
vn 0.46224135 -0.49786900 0.73379792
vn 0.62395929 -0.49342902 0.60597244
vn 0.74277567 -0.47261592 0.47425573
vn 0.82994529 -0.44076036 0.34193732
vn 0.89286488 -0.39967144 0.20749709
vn 0.93479829 -0.34875456 0.06724894
vn 0.95473227 -0.28552643 -0.08343235
vn 0.94640137 -0.20583624 -0.24890940
vn 0.89655511 -0.10459607 -0.43040515
vn 0.78483366 0.02120245 -0.61934367
vn 0.59257758 0.16531825 -0.78836646
vn 0.32409355 0.36196237 -0.87404039
vn 0.02606266 0.46364188 -0.88563929
vn -0.24580115 0.51591738 -0.82061626
vn -0.46315212 0.52747999 -0.71221835
vn -0.62623963 0.51281269 -0.58723681
vn -0.74643094 0.48240022 -0.45840035
vn -0.83478847 0.44151127 -0.32893161
vn -0.89866063 0.39172158 -0.19739118
vn -0.94129655 0.33216489 -0.06022703
vn -0.96164781 0.26011732 0.08701994
vn -0.95335461 0.17131280 0.24852950
vn -0.90295999 0.06089453 0.42538820
vn -0.78971692 -0.07313378 0.60909658
vn -0.59450571 -0.22234129 0.77274013
vn -0.32361935 -0.36218784 0.87412269
vn -0.02337741 -0.46359182 0.88574044
vn 0.24940436 -0.51531698 0.81990602
vn 0.46649279 -0.52649374 0.71076636
vn 0.62890434 -0.51168054 0.58537369
vn 0.74842838 -0.48125874 0.45633866
vn 0.83622895 -0.44040709 0.32674568
vn 0.89962965 -0.39065646 0.19507439
vn 0.94181848 -0.33112612 0.05773593
vn 0.96167382 -0.25909868 -0.08972927
vn 0.95276556 -0.17033771 -0.25144155
vn 0.90163763 -0.06005160 -0.42830291
vn 0.78783398 0.07366486 -0.61146636
vn 0.59304313 0.22239715 -0.77384711
vn 0.32124136 0.41686163 -0.85031193
vn 0.02216288 0.51153960 -0.85897383
vn -0.25021823 0.55374547 -0.79420198
vn -0.46807068 0.55453870 -0.68803827
vn -0.63174988 0.52958612 -0.56606593
vn -0.75253049 0.48963322 -0.44040569
vn -0.84137409 0.43980447 -0.31410456
vn -0.90555056 0.38141141 -0.18575124
vn -0.94822808 0.31331810 -0.05191605
vn -0.96824517 0.23258841 0.09167294
vn -0.95907814 0.13490423 0.24893770
vn -0.90708563 0.01575417 0.42065124
vn -0.79148959 -0.12570352 0.59811609
vn -0.59362683 -0.27887137 0.75487611
vn -0.32069130 -0.41711126 0.85039714
vn -0.01941564 -0.51144247 0.85909815
vn 0.25386846 -0.55301645 0.79355127
vn 0.47144958 -0.55337818 0.68666432
vn 0.63444533 -0.52826648 0.56428153
vn 0.75455134 -0.48830643 0.43841660
vn 0.84283116 -0.43852141 0.31198494
vn 0.90653032 -0.38017334 0.18349664
vn 0.94875585 -0.31211138 0.04948563
vn 0.96827355 -0.23140859 -0.09432075
vn 0.95849126 -0.13378355 -0.25178657
vn 0.90577311 -0.01480109 -0.42350444
vn 0.78963839 0.12628195 -0.60043657
vn 0.59222740 0.27890854 -0.75596080
vn 0.31722243 0.47030118 -0.82352093
vn 0.01729969 0.55765815 -0.82989042
vn -0.25543575 0.58975685 -0.76611972
vn -0.47366641 0.57986691 -0.66286839
vn -0.63781821 0.54473320 -0.54447559
vn -0.75905135 0.49533035 -0.42247946
vn -0.84821767 0.43664130 -0.29978519
vn -0.91250401 0.36972687 -0.17503848
vn -0.95499346 0.29320042 -0.04495564
vn -0.97440874 0.20394109 0.09452848
vn -0.96406829 0.09762107 0.24706774
vn -0.91017737 -0.02986693 0.41314055
vn -0.79200403 -0.17816401 0.58394110
vn -0.59144352 -0.33456582 0.73366223
vn -0.31660236 -0.47056813 0.82360706
vn -0.01449913 -0.55750874 0.83004445
vn 0.25912536 -0.58889753 0.76554147
vn 0.47707805 -0.57853213 0.66158681
vn 0.64054004 -0.54322630 0.54278323
vn 0.76109138 -0.49381859 0.42057473
vn 0.84968697 -0.43518003 0.29774218
vn 0.91348980 -0.36831708 0.17285518
vn 0.95552197 -0.29182786 0.04259424
vn 0.97443421 -0.20260348 -0.09710715
vn 0.96347869 -0.09635953 -0.24984728
vn 0.90887132 0.03092477 -0.41592858
vn 0.79018343 0.17878653 -0.58621287
vn 0.59010556 0.33458682 -0.73472927
vn 0.31204961 0.52207433 -0.79376535
vn 0.01149585 0.60188265 -0.79850180
vn -0.26142695 0.62391243 -0.73647080
vn -0.47990630 0.60347496 -0.63679504
vn -0.64440201 0.55829567 -0.52254378
vn -0.76593928 0.49955641 -0.40469793
vn -0.85525279 0.43210745 -0.28605212
vn -0.91944264 0.35677629 -0.16533576
vn -0.96150385 0.27194739 -0.03943293
vn -0.98004284 0.17434504 0.09549787
vn -0.96822976 0.05967507 0.24283743
vn -0.91215324 -0.07571166 0.40279550
vn -0.79120811 -0.23022682 0.56655568
vn -0.58794164 -0.38914868 0.70914591
vn -0.31136616 -0.52235160 0.79385132
vn -0.00865183 -0.60167721 0.79869248
vn 0.26514717 -0.62292321 0.73597802
vn 0.48334380 -0.60196795 0.63562046
vn 0.64714462 -0.55660351 0.52095717
vn 0.76799339 -0.49786148 0.40288968
vn 0.85672926 -0.43046977 0.28409639
vn 0.92042919 -0.35519709 0.16323338
vn 0.96202766 -0.27041210 0.03714929
vn 0.98005999 -0.17285388 -0.09799978
vn 0.96763275 -0.05827793 -0.24554135
vn 0.91085073 0.07686912 -0.40551460
vn 0.78941715 0.23089132 -0.56877919
vn 0.58666339 0.38915723 -0.71019907
vn 0.30574198 0.57197776 -0.76115917
vn 0.00477552 0.64410217 -0.76492457
vn -0.26816541 0.65617460 -0.70535254
vn -0.48675745 0.62537374 -0.60989743
vn -0.65145805 0.57031729 -0.50034049
vn -0.77313906 0.50238130 -0.38712921
vn -0.86241202 0.42629774 -0.27297571
vn -0.92628780 0.34268158 -0.15671708
vn -0.96767175 0.24971278 -0.03542464
vn -0.98505573 0.14399232 0.09450622
vn -0.97147517 0.02130239 0.23618257
vn -0.91294345 -0.12150030 0.38957917
vn -0.78906411 -0.28158827 0.54597242
vn -0.58311926 -0.44234003 0.68140092
vn -0.30500219 -0.57225869 0.76124481
vn -0.00189870 -0.64383864 0.76515894
vn 0.27190623 -0.65505832 0.70495787
vn 0.49021270 -0.62369876 0.60884428
vn 0.65421473 -0.56844382 0.49887344
vn 0.77520133 -0.50050654 0.38542977
vn 0.86388994 -0.42448687 0.27111818
vn 0.92726944 -0.34093638 0.15470541
vn 0.96818522 -0.24801877 0.03322753
vn 0.98505918 -0.14235254 -0.09692353
vn 0.97086628 -0.01977522 -0.23880453
vn 0.91164189 0.12275256 -0.39222554
vn 0.78730203 0.28229373 -0.54814758
vn 0.58189875 0.44234097 -0.68244290
vn 0.29832467 0.61981482 -0.72583192
vn -0.00283589 0.68421007 -0.72927946
vn -0.27562559 0.68650641 -0.67285919
vn -0.49418775 0.64557354 -0.58224846
vn -0.65894330 0.58084268 -0.47792835
vn -0.78059546 0.50387895 -0.36983338
vn -0.86962827 0.41931512 -0.26061755
vn -0.93296229 0.32757724 -0.14924647
vn -0.97341324 0.22666711 -0.03299513
vn -0.98936261 0.11309491 0.09149410
vn -0.97372827 -0.01723975 0.22705955
vn -0.91249347 -0.16693535 0.37348126
vn -0.78555105 -0.33193569 0.52223390
vn -0.57698746 -0.49386157 0.65052764
vn -0.29753629 -0.62009298 0.72591794
vn 0.00573434 -0.68388822 0.72956427
vn 0.27937606 -0.68526823 0.67257451
vn 0.49765158 -0.64373719 0.58133066
vn 0.66170644 -0.57879395 0.47659434
vn 0.78265907 -0.50182965 0.36825506
vn 0.87110133 -0.41733584 0.25886920
vn 0.93393297 -0.32567090 0.14733524
vn 0.97391051 -0.22481978 0.03089323
vn 0.98934699 -0.11131243 -0.09381935
vn 0.97310324 0.01889082 -0.22959359
vn 0.91119055 0.16827780 -0.37605102
vn 0.78381721 0.33268193 -0.52435990
vn 0.57582257 0.49386048 -0.65155982
vn 0.28982938 0.66539812 -0.68792752
vn -0.01131212 0.72210498 -0.69169100
vn -0.28378298 0.71487125 -0.63908240
vn -0.50216610 0.66408324 -0.55391575
vn -0.66681566 0.58991641 -0.45536305
vn -0.78825410 0.50412635 -0.35286271
vn -0.87683594 0.41126959 -0.24903022
vn -0.93939202 0.31160907 -0.14297699
vn -0.97865016 0.20299593 -0.03219504
vn -0.99288814 0.08188222 0.08642011
vn -0.97492676 -0.05567719 0.21544804
vn -0.91076672 -0.21170718 0.35451947
vn -0.78066641 -0.38095399 0.49541297
vn -0.56957104 -0.54344228 0.61665170
vn -0.28899995 -0.66566785 0.68801551
vn 0.01422109 -0.72172619 0.69203256
vn 0.28753162 -0.71351854 0.63891851
vn 0.50562854 -0.66209453 0.55314611
vn 0.66957663 -0.58770082 0.45417496
vn 0.79031154 -0.50190985 0.35141736
vn 0.87829735 -0.40912858 0.24740164
vn 0.94034537 -0.30954812 0.14117559
vn 0.97912532 -0.20100192 0.03019660
vn 0.99284824 -0.07996395 -0.08864616
vn 0.97428161 0.05744579 -0.21788833
vn 0.90946024 0.21313570 -0.35700875
vn 0.77896008 0.38174168 -0.49748817
vn 0.56845912 0.54344542 -0.61767411
vn 0.28029333 0.70855278 -0.64760220
vn -0.02062657 0.75769159 -0.65228675
vn -0.29261423 0.74123247 -0.60411203
vn -0.51066302 0.68090962 -0.52496226
vn -0.67503433 0.59758217 -0.43269413
vn -0.79606222 0.50320281 -0.33626162
vn -0.88397218 0.40227731 -0.23825650
vn -0.94550760 0.29493275 -0.13794941
vn -0.98331209 0.17889779 -0.03305933
vn -0.99556882 0.05059786 0.07926274
vn -0.97502469 -0.09372353 0.20135230
vn -0.90774616 -0.25550058 0.33274069
vn -0.77442677 -0.42833256 0.46561186
vn -0.56090804 -0.59082384 0.57992186
vn -0.27943009 -0.70880921 0.64769462
vn 0.02353490 -0.75725879 0.65269076
vn 0.29634948 -0.73977470 0.60407812
vn 0.51411354 -0.67877993 0.52435205
vn 0.67778402 -0.59521031 0.43166365
vn 0.79810550 -0.50082853 0.33496028
vn 0.88541479 -0.39998310 0.23675762
vn 0.94643722 -0.29272513 0.13626663
vn 0.98375935 -0.17676496 0.03117208
vn 0.99549967 -0.04855127 -0.08138291
vn 0.97435572 0.09560314 -0.20369332
vn 0.90643415 0.25701125 -0.33514528
vn 0.77274699 0.42916297 -0.46763365
vn 0.55984637 0.59083737 -0.58093308
vn 0.26975860 0.74911866 -0.60502192
vn -0.03075200 0.79088099 -0.61119684
vn -0.30209777 0.76555329 -0.56803618
vn -0.51965103 0.69605684 -0.49544696
vn -0.68356055 0.60388196 -0.40996531
vn -0.80396949 0.50118881 -0.32006693
vn -0.89097790 0.39245913 -0.22832915
vn -0.95124588 0.27771198 -0.13419139
vn -0.98733825 0.15458131 -0.03560618
vn -0.99735497 0.01949545 0.07002142
vn -0.97399421 -0.13108581 0.18480203
vn -0.90343545 -0.29800136 0.30822001
vn -0.76686764 -0.47377194 0.43295978
vn -0.55104888 -0.63576538 0.54050672
vn -0.26886874 -0.74935771 0.60512199
vn 0.03364940 -0.79039855 0.61166808
vn 0.30580814 -0.76400172 0.56813973
vn 0.52307879 -0.69379957 0.49500580
vn 0.68628942 -0.60136667 0.40910263
vn 0.80599037 -0.49866823 0.31891929
vn 0.89239456 -0.39002196 0.22696877
vn 0.95214537 -0.27536724 0.13263513
vn 0.98775206 -0.15231852 0.03383703
vn 0.99725194 -0.01732875 -0.07202980
vn 0.97329799 0.13306961 -0.18703875
vn 0.90211588 0.29959063 -0.31053566
vn 0.76521308 0.47464673 -0.43492462
vn 0.55003441 0.63579547 -0.54150372
vn 0.25827170 0.78695172 -0.56035945
vn -0.04166164 0.82159148 -0.56855233
vn -0.31221360 0.78779678 -0.53094153
vn -0.52910445 0.70952606 -0.46542588
vn -0.69235783 0.60885546 -0.38721526
vn -0.81192886 0.49816497 -0.30430773
vn -0.89779900 0.38193912 -0.21927030
vn -0.95655123 0.26011619 -0.13171680
vn -0.99067899 0.13026205 -0.03983632
vn -0.99821220 -0.01116565 0.05871740
vn -0.97182649 -0.16747008 0.16585248
vn -0.89785878 -0.33890285 0.28105956
vn -0.75804237 -0.51698966 0.39760967
vn -0.54005516 -0.67804728 0.49859032
vn -0.25736161 -0.78717038 0.56047105
vn 0.04453869 -0.82106479 0.56909482
vn 0.31588822 -0.78616400 0.53118810
vn 0.53249874 -0.70715646 0.46516108
vn 0.69505624 -0.60621154 0.38652864
vn 0.81391909 -0.49551135 0.30332198
vn 0.89918255 -0.37937093 0.21805602
vn 0.95741450 -0.25764511 0.13029378
vn 0.99105418 -0.12787903 0.03819104
vn 0.99807105 0.01344379 -0.06060891
vn 0.97109986 0.16955140 -0.16798029
vn 0.89652954 0.34056747 -0.28328182
vn 0.75641129 0.51791047 -0.39951307
vn 0.53908465 0.67809941 -0.49956874
vn 0.24588179 0.82192517 -0.51379098
vn -0.05332906 0.84974834 -0.52448429
vn -0.32294345 0.80792562 -0.49291351
vn -0.53900004 0.72131514 -0.43495222
vn -0.70139231 0.61253951 -0.36447794
vn -0.81989692 0.49421116 -0.28900584
vn -0.90438696 0.37084303 -0.21109163
vn -0.96137663 0.24231827 -0.13052519
vn -0.99329696 0.10615908 -0.04573182
vn -0.99812229 -0.04112495 0.04539414
vn -0.96853195 -0.20258696 0.14458349
vn -0.89106003 -0.37791166 0.25138577
vn -0.74802025 -0.55772495 0.35973404
vn -0.52799764 -0.71747370 0.45436767
vn -0.24495738 -0.82212131 0.51391870
vn 0.05617746 -0.84918360 0.52510124
vn 0.32657229 -0.80622529 0.49330652
vn 0.54235056 -0.71884978 0.43486880
vn 0.70405096 -0.60978322 0.36397345
vn 0.82184846 -0.49143936 0.28818823
vn 0.90573069 -0.36815701 0.21002938
vn 0.96219809 -0.23973250 0.12924071
vn 0.99362887 -0.10366622 0.04421520
vn 0.99793926 0.04350571 -0.04716437
vn 0.96777197 0.20475930 -0.14659824
vn 0.88971885 0.37964855 -0.25351006
vn 0.74641043 0.55869322 -0.36157067
vn 0.52706747 0.71755264 -0.45532196
vn 0.23263994 0.85392900 -0.46549321
vn -0.06572840 0.87528355 -0.47912262
vn -0.33427087 0.82590195 -0.45403629
vn -0.54931659 0.73141836 -0.40407729
vn -0.71063299 0.61496745 -0.34178326
vn -0.82783450 0.48940540 -0.27417584
vn -0.91069974 0.35929654 -0.20379395
vn -0.96568454 0.22449192 -0.13060148
vn -0.99516777 0.08249146 -0.05325660
vn -0.99708346 -0.07012548 0.03011637
vn -0.96413956 -0.23615714 0.12109793
vn -0.88310102 -0.41475276 0.21934613
vn -0.73688431 -0.59574193 0.31952006
vn -0.51495400 -0.75387372 0.40804019
vn -0.23170633 -0.85410160 0.46564217
vn 0.06854119 -0.87468763 0.47981628
vn 0.33784508 -0.82414816 0.45457729
vn 0.55261386 -0.72887460 0.40417785
vn 0.71324309 -0.61211623 0.34146452
vn 0.82973985 -0.48653142 0.27353054
vn 0.91199748 -0.35650684 0.20288781
vn 0.96645917 -0.22180388 0.12945931
vn 0.99545233 -0.07989950 0.05187219
vn 0.99685526 0.07260008 -0.03176191
vn 0.96334353 0.23841411 -0.12299574
vn 0.88174542 0.41655896 -0.22136769
vn 0.73529279 0.59675881 -0.32128403
vn 0.51406029 0.75398319 -0.40896376
vn 0.21859815 0.88286922 -0.41564022
vn -0.07883523 0.89813529 -0.43259451
vn -0.34618117 0.84168715 -0.41439274
vn -0.56003488 0.73982637 -0.37285102
vn -0.72005168 0.61616882 -0.31915759
vn -0.83570681 0.48382303 -0.25982572
vn -0.91670217 0.34742365 -0.19736753
vn -0.96944740 0.20680904 -0.13191576
vn -0.99628032 0.05947463 -0.06235625
vn -0.99510996 -0.09791810 0.01296971
vn -0.95869560 -0.26791562 0.09551945
vn -0.87405915 -0.44917316 0.18510558
vn -0.72472795 -0.63083183 0.27716532
vn -0.50100685 -0.78710112 0.35981100
vn -0.21765976 -0.88301826 0.41581605
vn 0.08160707 -0.89751516 0.43336684
vn 0.34969335 -0.83989397 0.41508155
vn 0.56327051 -0.73722189 0.37313566
vn 0.72260535 -0.61324061 0.31902581
vn 0.83755933 -0.48086339 0.25935452
vn 0.91794857 -0.34454488 0.19661955
vn 0.97017091 -0.20403143 0.13091825
vn 0.99651413 -0.05679420 0.06110650
vn 0.99483379 0.10047803 -0.01448777
vn 0.95786096 0.27025122 -0.09729673
vn 0.87268641 0.45104562 -0.18701948
vn 0.72315135 0.63189777 -0.27885003
vn 0.50014537 0.78724372 -0.36069645
vn 0.20380767 0.90866619 -0.36440113
vn -0.09262607 0.91824666 -0.38502400
vn -0.35866087 0.85524140 -0.37406488
vn -0.57113773 0.74652575 -0.34132241
vn -0.72962315 0.61616881 -0.29662445
vn -0.84348381 0.47753561 -0.24595689
vn -0.92236638 0.33534474 -0.19179197
vn -0.97264778 0.18943719 -0.13442411
vn -0.99663655 0.03731699 -0.07295907
vn -0.99223122 -0.12426550 -0.00594130
vn -0.95226163 -0.29761582 0.06798977
vn -0.86402449 -0.48094451 0.14884239
vn -0.71165251 -0.66281305 0.23287240
vn -0.48624126 -0.81703319 0.30988096
vn -0.20286819 -0.90879262 0.36461002
vn 0.09535291 -0.91760952 0.38587640
vn 0.36210506 -0.85342267 0.37489956
vn 0.57430466 -0.74387801 0.34178891
vn 0.73211356 -0.61318164 0.29667829
vn 0.84527780 -0.47450699 0.24565945
vn 0.92355693 -0.33239159 0.19120259
vn 0.97331676 -0.18658238 0.13357209
vn 0.99681692 -0.03455833 0.07184531
vn 0.99190473 0.12690264 0.00455284
vn 0.95138600 0.30002416 -0.06964320
vn 0.86263159 0.48288013 -0.15064370
vn 0.71008662 0.66392792 -0.23447112
vn 0.48540737 0.81721022 -0.31072037
vn 0.18831835 0.93125226 -0.31193819
vn -0.10707907 0.93556449 -0.33653108
vn -0.37169790 0.86652326 -0.33313378
vn -0.58260957 0.75149913 -0.30954023
vn -0.73932495 0.61498797 -0.27420505
vn -0.85114031 0.47060987 -0.23256510
vn -0.92767175 0.32317504 -0.18703748
vn -0.97527841 0.17253690 -0.13806899
vn -0.99625095 0.01621657 -0.08497688
vn -0.98849038 -0.14894562 -0.02649479
vn -0.94491222 -0.32503207 0.03866583
vn -0.85309673 -0.50986431 0.11074452
vn -0.69776369 -0.69153058 0.18684564
vn -0.47074258 -0.84356824 0.25844544
vn -0.18738130 -0.93135808 0.31218645
vn 0.10975814 -0.93491750 0.33746469
vn 0.37506991 -0.86469198 0.33411127
vn 0.58570211 -0.74882486 0.31018440
vn 0.74174667 -0.61195916 0.27444101
vn 0.85287122 -0.46752837 0.23243904
vn 0.92880305 -0.32016146 0.18660529
vn 0.97589029 -0.16961668 0.13736199
vn 0.99637582 -0.01338936 0.08399967
vn 0.98811164 0.15165240 0.02523767
vn 0.94399324 0.32750778 -0.04019222
vn 0.85168032 0.51185986 -0.11242826
vn 0.69620405 0.69269304 -0.18835148
vn 0.46993154 0.84377946 -0.25923072
vn 0.17217835 0.95056892 -0.25840538
vn -0.12217360 0.95003775 -0.28723140
vn -0.38528125 0.87548912 -0.29167990
vn -0.59443597 0.75472502 -0.27755364
vn -0.74913720 0.61264198 -0.25191915
vn -0.85865573 0.46310707 -0.21964102
vn -0.93260500 0.31102279 -0.18306485
vn -0.97734175 0.15625927 -0.14278004
vn -0.99514952 -0.00364177 -0.09830656
vn -0.98394256 -0.17175443 -0.04855373
vn -0.93673225 -0.34996164 0.00771694
vn -0.84138216 -0.53575572 0.07100606
vn -0.68316917 -0.71685351 0.13928720
vn -0.45459486 -0.86662242 0.20569177
vn -0.17124665 -0.95065719 0.25869961
vn 0.12480352 -0.94938799 0.28824735
vn 0.38857829 -0.87365742 0.29279623
vn 0.59745012 -0.75203969 0.27836965
vn 0.75148620 -0.60958770 0.25233176
vn 0.86032031 -0.45998775 0.21968211
vn 0.93367465 -0.30796190 0.18278706
vn 0.97789481 -0.15328455 0.14221667
vn 0.99521745 0.00652872 0.09746589
vn 0.98350996 0.17452393 0.04742947
vn 0.93576758 0.35249962 -0.00911319
vn 0.83993865 0.53780762 -0.07256738
vn 0.68161072 0.71806140 -0.14069348
vn 0.45380150 0.86686628 -0.20641475
vn 0.15543305 0.96656390 -0.20394800
vn -0.13789051 0.96161588 -0.23723641
vn -0.39940009 0.88209276 -0.24978378
vn -0.60660331 0.75617786 -0.24541286
vn -0.75904238 0.60914143 -0.22978552
vn -0.86601409 0.45508223 -0.20717084
vn -0.93715986 0.29898792 -0.17982666
vn -0.97884942 0.14074395 -0.14847541
vn -0.99336857 -0.02208884 -0.11283156
vn -0.97865278 -0.19250791 -0.07196834
vn -0.92781412 -0.37222567 -0.02467812
vn -0.82899050 -0.55846689 0.02982425
vn -0.66797581 -0.73867251 0.09039495
vn -0.43787940 -0.88612590 0.15179764
vn -0.15450938 -0.96663877 0.20429473
vn 0.14047068 -0.96097036 0.23833581
vn 0.40262106 -0.88027158 0.25103434
vn 0.60953684 -0.75349524 0.24639351
vn 0.76131613 -0.60607624 0.23036784
vn 0.86761040 -0.45193850 0.20737353
vn 0.93816654 -0.29589132 0.17969942
vn 0.97934269 -0.13772446 0.14805359
vn 0.99337865 0.02502749 0.11212710
vn 0.97816500 0.19533387 0.07097826
vn 0.92680150 0.37482092 0.02341509
vn 0.82751601 0.56057128 -0.03125841
vn 0.66641291 0.73992285 -0.09169520
vn 0.43709804 0.88639953 -0.15245056
vn 0.13812488 0.97918793 -0.14870277
vn -0.15421156 0.97024693 -0.18665393
vn -0.41404377 0.88628464 -0.20752659
vn -0.61909856 0.75582776 -0.21316983
vn -0.76902486 0.60449182 -0.20782301
vn -0.87320370 0.44658339 -0.19513733
vn -0.94133668 0.28716061 -0.17726829
vn -0.97982136 0.12611714 -0.15506315
vn -0.99095328 -0.03897279 -0.12842399
vn -0.97269384 -0.21104360 -0.09657795
vn -0.91825511 -0.39166922 -0.05833335
vn -0.81603223 -0.57786899 -0.01260278
vn -0.65228784 -0.75689604 0.04036047
vn -0.42067335 -0.90201904 0.09693083
vn -0.13721182 -0.97925462 0.14910838
vn 0.15674217 -0.96961271 0.18783792
vn 0.41718877 -0.88448382 0.20890645
vn 0.62195066 -0.75315986 0.21430727
vn 0.77122242 -0.60142806 0.20856717
vn 0.87473101 -0.44342674 0.19549522
vn 0.94227996 -0.28403826 0.17728719
vn 0.98025452 -0.12306118 0.15478053
vn 0.99090497 0.04195654 0.12785536
vn 0.97214971 0.21392037 0.09572360
vn 0.91719226 0.39431681 0.05720679
vn 0.81452264 0.58002170 0.01130032
vn 0.65071441 0.75818496 -0.04154896
vn 0.41989814 0.90231815 -0.09750645
vn 0.12029363 0.98839155 -0.09279867
vn -0.17111880 0.97587601 -0.13558896
vn -0.42920097 0.88801158 -0.16499082
vn -0.63190835 0.75364089 -0.18087909
vn -0.77907066 0.59869346 -0.18605120
vn -0.88021680 0.43765116 -0.18352070
vn -0.94514189 0.27562024 -0.17532910
vn -0.98028485 0.11249014 -0.16244257
vn -0.98795609 -0.05416115 -0.14494598
vn -0.96614406 -0.22722138 -0.12221330
vn -0.90815492 -0.40816035 -0.09305793
vn -0.80261641 -0.59385369 -0.05607761
vn -0.63620478 -0.77144699 -0.01063096
vn -0.40304914 -0.91424826 0.04124926
vn -0.11939378 -0.98845638 0.09326902
vn 0.17360092 -0.97526020 0.13685858
vn 0.43227139 -0.88623972 0.16649504
vn 0.63467969 -0.75099770 0.18216515
vn 0.78119241 -0.59564128 0.18694886
vn 0.88167551 -0.43449087 0.18402712
vn 0.94602214 -0.27248016 0.17548979
vn 0.98065810 -0.10940451 0.16229710
vn 0.98784914 0.05718402 0.14451322
vn 0.96554257 0.23014371 0.12149653
vn 0.90703943 0.41085569 0.09207101
vn 0.80106737 0.59605021 0.05491094
vn 0.63461449 0.77276974 0.00955936
vn 0.40227377 0.91456738 -0.04174117
vn 0.10197620 0.99412219 -0.03635840
vn -0.18859468 0.97844350 -0.08414484
vn -0.44485885 0.88721630 -0.12226135
vn -0.64501826 0.74957984 -0.14859849
vn -0.78916689 0.59174174 -0.16449114
vn -0.88704923 0.42831827 -0.17229949
vn -0.94858741 0.26443434 -0.17394370
vn -0.98027346 0.09995817 -0.17050606
vn -0.98443509 -0.06754128 -0.16225204
vn -0.95908531 -0.24092347 -0.14869854
vn -0.89761327 -0.42158951 -0.12865728
vn -0.78884851 -0.60633085 -0.10040383
vn -0.61982083 -0.78225849 -0.06240031
vn -0.38507426 -0.92276209 -0.01509760
vn -0.10109244 -0.99419254 0.03689865
vn 0.19102957 -0.97785340 0.08550110
vn 0.44785719 -0.88548088 0.12388518
vn 0.64771096 -0.74696920 0.15002513
vn 0.79121443 -0.58870887 0.16553427
vn 0.88844061 -0.42516138 0.17294821
vn 0.94940558 -0.26128274 0.17424226
vn 0.98058731 -0.09684833 0.17049612
vn 0.98426939 0.07059830 0.16195570
vn 0.95842542 0.24388664 0.14812164
vn 0.89644273 0.42432787 0.12781351
vn 0.78725552 0.60856631 0.09937703
vn 0.61820695 0.78360963 0.06145007
vn 0.38429196 0.92309466 0.01469482
vn 0.08320762 0.99632137 0.02049933
vn -0.20662047 0.97788373 -0.03242533
vn -0.46100228 0.88383725 -0.07942672
vn -0.65841248 0.74360364 -0.11638997
vn -0.79930120 0.58362748 -0.14316619
vn -0.89369973 0.41860974 -0.16145175
vn -0.95168980 0.25365825 -0.17304338
vn -0.97982591 0.08859929 -0.17914059
vn -0.98045243 -0.07902148 -0.18019055
vn -0.95160092 -0.25205464 -0.17585264
vn -0.88672807 -0.43186794 -0.16493456
vn -0.77482911 -0.61522562 -0.14538670
vn -0.60322382 -0.78927056 -0.11477370
vn -0.36681110 -0.92750762 -0.07196686
vn -0.08234281 -0.99640566 -0.01988506
vn 0.20901008 -0.97732680 0.03386890
vn 0.46393225 -0.88214454 0.08116572
vn 0.66102984 -0.74103130 0.11794987
vn 0.80127711 -0.58061929 0.14434762
vn 0.89502570 -0.41546121 0.16223740
vn 0.95244723 -0.25049962 0.17347686
vn 0.98008101 -0.08546956 0.17926564
vn 0.98022787 0.08210825 0.18003211
vn 0.95088155 0.25505414 0.17541854
vn 0.88549991 0.43464461 0.16423758
vn 0.77318746 0.61749488 0.14450338
vn 0.60157925 0.79064417 0.11394823
vn 0.36601470 0.92784615 0.07165722
vn 0.06402115 0.99492243 0.07765724
vn -0.22517603 0.97412367 0.01946369
vn -0.47761320 0.87780836 -0.03658022
vn -0.67207299 0.73566838 -0.08432039
vn -0.80946136 0.57433719 -0.12210279
vn -0.90016952 0.40854271 -0.15095589
vn -0.95446964 0.24333450 -0.17255730
vn -0.97898492 0.07847419 -0.18822948
vn -0.97607276 -0.08853065 -0.19860586
vn -0.94377411 -0.26054133 -0.20349114
vn -0.87559380 -0.43892622 -0.20169104
vn -0.76065282 -0.62047596 -0.19083206
vn -0.58649498 -0.79242698 -0.16758016
vn -0.34831695 -0.92842756 -0.12921906
vn -0.06317855 -0.99502998 -0.07696625
vn 0.22752238 -0.97360772 -0.01793264
vn 0.48047918 -0.87616372 0.03843041
vn 0.67461920 -0.73313824 0.08600735
vn 0.81136891 -0.57135698 0.12341675
vn 0.90143245 -0.40540547 0.15187476
vn 0.95516772 -0.24017197 0.17312436
vn 0.97918183 -0.07532817 0.18849032
vn 0.97578912 0.09164330 0.19858775
vn 0.94299405 0.26357279 0.20320336
vn 0.87430542 0.44173618 0.20114468
vn 0.75895760 0.62277368 0.19009549
vn 0.58481231 0.79381672 0.16688194
vn 0.34749915 0.92876369 0.12900525
vn 0.04444999 0.98984859 0.13499618
vn -0.24423816 0.96708226 0.07141160
vn -0.49466934 0.86905930 0.00617844
vn -0.68597848 0.72572805 -0.05246256
vn -0.81963450 0.56385394 -0.10133123
vn -0.90646177 0.39812652 -0.14079178
vn -0.95695064 0.23349271 -0.17241414
vn -0.97779601 0.06962602 -0.19765419
vn -0.97136188 -0.09601878 -0.21733958
vn -0.93568641 -0.26633161 -0.23142690
vn -0.86430036 -0.44271285 -0.23872624
vn -0.74640762 -0.62203060 -0.23654513
vn -0.56970895 -0.79167277 -0.22064892
vn -0.32964542 -0.92545736 -0.18671523
vn -0.04363259 -0.98998950 -0.13422738
vn 0.24654384 -0.96661522 -0.06979364
vn 0.49747630 -0.86746730 -0.00422055
vn 0.68845853 -0.72324230 0.05427179
vn 0.82147752 -0.56090303 0.10277390
vn 0.90766405 -0.39500227 0.14184208
vn 0.95759064 -0.23032869 0.17311519
vn 0.97793513 -0.06646681 0.19805316
vn 0.97101872 0.09915334 0.21746553
vn 0.93484430 0.26939023 0.23128993
vn 0.86294891 0.44555100 0.23833482
vn 0.74465361 0.62435134 0.23595848
vn 0.56798047 0.79307196 0.22007967
vn 0.32879843 0.92578220 0.18659825
vn 0.02452769 0.98101172 0.19239127
vn -0.26377961 0.95666993 0.12330026
vn -0.51214296 0.85751608 0.04874169
vn -0.70010401 0.71373506 -0.02089574
vn -0.82980675 0.55215775 -0.08088615
vn -0.91258089 0.38736341 -0.13094162
vn -0.95915880 0.22414998 -0.17254328
vn -0.97630656 0.06208035 -0.20729578
vn -0.96638547 -0.10145638 -0.23623234
vn -0.92741660 -0.26939370 -0.25947154
vn -0.85293221 -0.44319304 -0.27583794
vn -0.73217446 -0.61984757 -0.28232880
vn -0.55293422 -0.78695217 -0.27380657
vn -0.31084649 -0.91852375 -0.24431247
vn -0.02373867 -0.98119660 -0.19154558
vn 0.26604770 -0.95625979 -0.12159700
vn 0.51489677 -0.85598037 -0.04667894
vn 0.70252326 -0.71129468 0.02282432
vn 0.83158907 -0.54923639 0.08245608
vn 0.91372475 -0.38425295 0.13212399
vn 0.95974166 -0.22098644 0.17338091
vn 0.97638789 -0.05891118 0.20783686
vn 0.96598207 0.10460837 0.23650735
vn 0.92651083 0.27247438 0.25949065
vn 0.85151463 0.44605397 0.27560605
vn 0.73035633 0.62218553 0.28189502
vn 0.55115191 0.78835405 0.27336691
vn 0.30996226 0.91882808 0.24429155
vn 0.00429021 0.96831174 0.24970775
vn -0.28376774 0.94278869 0.17500101
vn -0.53000000 0.84310166 0.09099230
vn -0.71441982 0.69964160 0.01029330
vn -0.83996256 0.53922664 -0.06080733
vn -0.91853201 0.37624887 -0.12139087
vn -0.96112169 0.21531124 -0.17287615
vn -0.97456476 0.05584551 -0.21703643
vn -0.96120810 -0.10483389 -0.25512514
vn -0.91903971 -0.26971593 -0.28743577
vn -0.84156770 -0.44034825 -0.31282138
vn -0.71802748 -0.61389295 -0.32798167
vn -0.53623348 -0.77820797 -0.32687307
vn -0.29196786 -0.90754365 -0.30185973
vn -0.00353252 -0.96855142 -0.24878841
vn 0.28600170 -0.94244338 -0.17321517
vn 0.53270705 -0.84162520 -0.08882688
vn 0.71678400 -0.69724651 -0.00824619
vn 0.84168784 -0.53633442 0.06250571
vn 0.91961920 -0.37315300 0.12270843
vn 0.96164785 -0.21215057 0.17385497
vn 0.97458785 -0.05267030 0.21772541
vn 0.96074335 0.10799816 0.25555550
vn 0.91806843 0.27281271 0.28761709
vn 0.84008079 0.44322575 0.31275420
vn 0.71613958 0.61624216 0.32770367
vn 0.53438907 0.77960570 0.32656282
vn 0.29103817 0.90781813 0.30193217
vn -0.01622298 0.95163695 0.30679624
vn -0.30416240 0.92533307 0.22637126
vn -0.54819846 0.82573734 0.13280170
vn -0.72889075 0.68340067 0.04100971
vn -0.85008417 0.52503753 -0.04114005
vn -0.92432037 0.36477245 -0.11212905
vn -0.96286775 0.20696950 -0.17334743
vn -0.97261876 0.05091333 -0.22676108
vn -0.95589234 -0.10616101 -0.27386069
vn -0.91062640 -0.26730592 -0.31513029
vn -0.83027904 -0.43417515 -0.34946910
vn -0.70403402 -0.60414111 -0.37329561
vn -0.51966468 -0.76538125 -0.37965795
vn -0.27305618 -0.89242419 -0.35919269
vn 0.01694694 -0.95194206 -0.30580895
vn 0.30636661 -0.92506009 -0.22450687
vn 0.55086574 -0.82432248 -0.13053499
vn 0.73120553 -0.68105045 -0.03884269
vn 0.85175553 -0.52217434 0.04297069
vn 0.92535196 -0.36169274 0.11358744
vn 0.96333695 -0.20381520 0.17447431
vn 0.97258262 -0.04773746 0.22760533
vn 0.95536474 0.10933114 0.27445386
vn 0.90958740 0.27041183 0.31548091
vn 0.82871920 0.43706255 0.34957233
vn 0.70207043 0.60649523 0.37317642
vn 0.51774955 0.76676809 0.37947609
vn 0.27207293 0.89265965 0.35935369
vn -0.03696695 0.93086526 0.36348771
vn -0.32491459 0.90419160 0.27725091
vn -0.56668740 0.80534440 0.17402812
vn -0.74347550 0.66496758 0.07114982
vn -0.86015105 0.50956747 -0.02193557
vn -0.92995075 0.35291869 -0.10315040
vn -0.96442546 0.19910709 -0.17389622
vn -0.97051587 0.04726016 -0.23635867
vn -0.95049804 -0.10546645 -0.29228463
vn -0.90224255 -0.26219004 -0.34236641
vn -0.81913195 -0.42468642 -0.38557008
vn -0.69025518 -0.59057511 -0.41805361
vn -0.50328174 -0.74841256 -0.43195618
vn -0.25415852 -0.87306385 -0.41612854
vn 0.03765521 -0.93124577 -0.36244089
vn 0.32709438 -0.90399771 -0.27531330
vn 0.56932228 -0.80399301 -0.17166066
vn 0.74574625 -0.66266203 -0.06885911
vn 0.86177092 -0.50673409 0.02390502
vn 0.93092702 -0.34985813 0.10475766
vn 0.96483675 -0.19596456 0.17517975
vn 0.97041895 -0.04409069 0.23736695
vn 0.94990569 0.10863409 0.29304917
vn 0.90113337 0.26529656 0.34289411
vn 0.81749542 0.42757575 0.38585000
vn 0.68820972 0.59292732 0.41809636
vn 0.50128708 0.74978191 0.43190086
vn 0.25311333 0.87325176 0.41637123
vn -0.05788894 0.90586675 0.41958824
vn -0.34596435 0.87924938 0.32745868
vn -0.58540541 0.78184644 0.21451493
vn -0.75812582 0.64430176 0.10060062
vn -0.87013951 0.49279474 -0.00325141
vn -0.93542701 0.34066795 -0.09445447
vn -0.96582285 0.19169643 -0.17446692
vn -0.96830199 0.04484729 -0.24572336
vn -0.94508194 -0.10279630 -0.31024674
vn -0.89394903 -0.25441336 -0.36895662
vn -0.80818608 -0.41191077 -0.42090946
vn -0.67674632 -0.57318834 -0.46202765
vn -0.48713545 -0.72724431 -0.48354397
vn -0.23532363 -0.84935501 -0.47246043
vn 0.05854056 -0.90633137 -0.41849307
vn 0.34812593 -0.87914028 -0.32545460
vn 0.58801568 -0.78056004 -0.21204620
vn 0.76035725 -0.64204165 -0.09818032
vn 0.87170938 -0.48999382 0.00536854
vn 0.93634731 -0.33763194 0.09622055
vn 0.96617452 -0.18857350 0.17591714
vn 0.96814221 -0.04169382 0.24690541
vn 0.94442254 0.10595119 0.31119192
vn 0.89276690 0.25751013 0.36966984
vn 0.80646891 0.41479260 0.42137275
vn 0.67461251 0.57553115 0.46223572
vn 0.48505222 0.72858970 0.48361285
vn 0.23420871 0.84948765 0.47277586
vn -0.07892678 0.87650758 0.47487368
vn -0.36723872 0.85039172 0.37678859
vn -0.60427954 0.75517218 0.25408899
vn -0.77278578 0.62136889 0.12923943
vn -0.88002226 0.47470026 0.01484858
vn -0.94075158 0.32799764 -0.08604652
vn -0.96708681 0.18470130 -0.17501010
vn -0.96602101 0.04362265 -0.25475571
vn -0.93969723 -0.09821413 -0.32760204
vn -0.88580163 -0.24403943 -0.39471537
vn -0.79749521 -0.39589419 -0.45526825
vn -0.66355761 -0.55198710 -0.50497677
vn -0.47127488 -0.70182400 -0.53417512
vn -0.21660408 -0.82118761 -0.52795225
vn 0.07954186 -0.87706307 -0.47374410
vn 0.36938958 -0.85037159 -0.37472589
vn 0.60687292 -0.75395236 -0.25151759
vn 0.77498209 -0.61915635 -0.12668138
vn 0.88154260 -0.47193704 -0.01257287
vn 0.94161427 -0.32499478 0.08798271
vn 0.96737648 -0.18160881 0.17663799
vn 0.96579580 -0.04049749 0.25612189
vn 0.93896819 0.10134308 0.32873746
vn 0.88454361 0.24711361 0.39562287
vn 0.79569316 0.39875735 0.45592210
vn 0.66132888 0.55431184 0.50535383
vn 0.46909402 0.70313913 0.53436519
vn 0.21541165 0.82125877 0.52832931
vn -0.10000637 0.84265557 0.52908442
vn -0.38864986 0.81750895 0.42500636
vn -0.62322378 0.72525933 0.29255943
vn -0.78739167 0.59614277 0.15693361
vn -0.88976811 0.45526893 0.03229408
vn -0.94592498 0.31488352 -0.07793783
vn -0.96824271 0.17807775 -0.17548324
vn -0.96371441 0.04352144 -0.26336365
vn -0.93439337 -0.09179950 -0.34421198
vn -0.87785129 -0.23115000 -0.41946011
vn -0.78710773 -0.37670124 -0.48842358
vn -0.65073499 -0.52699351 -0.54664597
vn -0.45574806 -0.67210939 -0.58357748
vn -0.19805721 -0.78845518 -0.58233304
vn 0.10058623 -0.84330603 -0.52793688
vn 0.39079851 -0.81758012 -0.42289393
vn 0.62580813 -0.72410781 -0.28988286
vn 0.78955592 -0.59398242 -0.15422816
vn 0.89123829 -0.45255212 -0.02984768
vn 0.94672767 -0.31192583 0.08005622
vn 0.96846743 -0.17503016 0.17729997
vn 0.96342086 -0.04044040 0.26492419
vn 0.93359184 0.09488641 0.34554716
vn 0.87651421 0.23418623 0.42057063
vn 0.78521647 0.37953231 0.48927531
vn 0.64840467 0.52929020 0.54719583
vn 0.45346054 0.67338804 0.58388534
vn 0.19678017 0.78846031 0.58275887
vn -0.12103944 0.80418757 0.58192079
vn -0.41009313 0.78050264 0.47184664
vn -0.64213844 0.69205865 0.32971664
vn -0.80187122 0.56860826 0.18354072
vn -0.89934170 0.43449128 0.04900857
vn -0.95094563 0.30130044 -0.07014590
vn -0.96931392 0.17177563 -0.17585122
vn -0.96142093 0.04446803 -0.27146342
vn -0.92921602 -0.08364699 -0.35994550
vn -0.87014416 -0.21584550 -0.44301226
vn -0.77706709 -0.35441704 -0.52014931
vn -0.63832073 -0.49824985 -0.58676549
vn -0.44060324 -0.63807461 -0.63145038
vn -0.17974768 -0.75106177 -0.63529283
vn 0.12158664 -0.80493366 -0.58077405
vn 0.41224881 -0.78066533 -0.46969412
vn 0.64472130 -0.69097778 -0.32693141
vn 0.80400559 -0.56650758 -0.18067699
vn 0.90076012 -0.43183353 -0.04637891
vn 0.95168519 -0.29840425 0.07245830
vn 0.96947033 -0.16879132 0.17786728
vn 0.96105590 -0.04145036 0.27322778
vn 0.92833904 0.08667262 0.36148925
vn 0.86872480 0.21882530 0.44433400
vn 0.77508229 0.35719987 0.52120600
vn 0.63588217 0.50050670 0.58749205
vn 0.43820033 0.63931045 0.63187232
vn 0.17837984 0.75099865 0.63575283
vn -0.14192167 0.76099897 0.63303934
vn -0.43144498 0.73929354 0.51701092
vn -0.66090927 0.65553905 0.36533203
vn -0.81614380 0.53876372 0.20890894
vn -0.90870352 0.41236472 0.06490957
vn -0.95580945 0.28722412 -0.06269442
vn -0.97032144 0.16574006 -0.17608672
vn -0.95917630 0.04637704 -0.27898027
vn -0.92420700 -0.07386561 -0.37468025
vn -0.86272200 -0.19824468 -0.46519866
vn -0.76741239 -0.32914888 -0.55021745
vn -0.62635417 -0.46582307 -0.62505146
vn -0.42588995 -0.59971750 -0.67746340
vn -0.16174828 -0.70893172 -0.68647892
vn 0.14244019 -0.76183716 -0.63191371
vn 0.43361809 -0.73954539 -0.51482809
vn 0.66349762 -0.65453227 -0.36243402
vn 0.81824928 -0.53673385 -0.20587591
vn 0.91006768 -0.40978324 -0.06208470
vn 0.95648230 -0.28441004 0.06521149
vn 0.97040602 -0.16284119 0.17831126
vn 0.95873666 -0.04344553 0.28095640
vn 0.92325171 0.07680715 0.37643983
vn 0.86121728 0.20114629 0.46673865
vn 0.76532986 0.33186435 0.55148550
vn 0.62380112 0.46802600 0.62595833
vn 0.42336363 0.60090399 0.67799530
vn 0.16028420 0.70880083 0.68695732
vn -0.16253080 0.71301510 0.68205074
vn -0.45256276 0.69383026 0.56016651
vn -0.67940735 0.61569329 0.39915840
vn -0.83012044 0.50662411 0.23287780
vn -0.91780975 0.38889557 0.07990933
vn -0.96050966 0.27263229 -0.05561311
vn -0.97128365 0.15991256 -0.17617047
vn -0.95701310 0.04915470 -0.28584916
vn -0.91940439 -0.06257728 -0.38830356
vn -0.85562251 -0.17848473 -0.48585320
vn -0.75817894 -0.30102850 -0.57839997
vn -0.61487267 -0.42980964 -0.66120743
vn -0.41165997 -0.55706835 -0.72125649
vn -0.14414169 -0.66202075 -0.73549418
vn 0.16302600 -0.71393694 -0.68096738
vn 0.45476349 -0.69416644 -0.55796337
vn 0.68200714 -0.61476563 -0.39614327
vn 0.83219702 -0.50468023 -0.22966497
vn 0.91911663 -0.38641206 -0.07687878
vn 0.96111211 -0.26992512 0.05834336
vn 0.97129301 -0.15712514 0.17861014
vn 0.95649592 -0.04633562 0.28804265
vn 0.91836814 0.06540867 0.39028408
vn 0.85402963 0.18128301 0.48761651
vn 0.75599500 0.30365401 0.57988430
vn 0.61219952 0.43194195 0.66229744
vn 0.40900291 0.55819859 0.72189401
vn 0.14257737 0.66182557 0.73597459
vn -0.18272561 0.66020450 0.72851999
vn -0.47328323 0.64410011 0.60094761
vn -0.69748927 0.57254414 0.43093146
vn -0.84370433 0.47222391 0.25527941
vn -0.92661259 0.36410026 0.09391543
vn -0.96503675 0.25750574 -0.04893738
vn -0.97221612 0.15423241 -0.17609137
vn -0.95496062 0.05270050 -0.29201519
vn -0.91484264 -0.04991583 -0.40071355
vn -0.84887969 -0.15672110 -0.50481855
vn -0.74939904 -0.27021348 -0.60447146
vn -0.60391207 -0.39034097 -0.69492743
vn -0.39796771 -0.51019948 -0.76244226
vn -0.12702161 -0.61032891 -0.78189778
vn 0.18320400 -0.66119617 -0.72749977
vn 0.47552185 -0.64451314 -0.59873348
vn 0.70010523 -0.57170255 -0.42779535
vn 0.84575100 -0.47038554 -0.25187833
vn 0.92785888 -0.36174100 -0.09067168
vn 0.96556527 -0.25493439 0.05188599
vn 0.97214725 -0.15158602 0.17874956
vn 0.95436342 -0.05002338 0.29442846
vn 0.91372326 0.05260784 0.40291713
vn 0.84719637 0.15938756 0.50680757
vn 0.74711063 0.27272309 0.60617475
vn 0.60111417 0.39238306 0.69620205
vn 0.39517416 0.51126575 0.76318065
vn 0.12535462 0.61007618 0.78236390
vn -0.20234579 0.60259374 0.77196954
vn -0.49342357 0.59014016 0.63895835
vn -0.71499810 0.52615091 0.46037262
vn -0.85679168 0.43562018 0.27594036
vn -0.93506061 0.33800688 0.10683167
vn -0.96937838 0.24182964 -0.04270807
vn -0.97313141 0.14863835 -0.17584624
vn -0.95304480 0.05690865 -0.29743404
vn -0.91055268 -0.03602573 -0.41182031
vn -0.84252437 -0.13312659 -0.52194828
vn -0.74110238 -0.23688885 -0.62821249
vn -0.59350741 -0.34758805 -0.72590048
vn -0.38487122 -0.45923453 -0.80061088
vn -0.11049306 -0.55391470 -0.82520893
vn 0.20281445 -0.60363582 -0.77103184
vn 0.49570929 -0.59062001 -0.63674194
vn 0.71763366 -0.52540438 -0.45711287
vn 0.85880679 -0.43391098 -0.27234566
vn 0.93624310 -0.33580236 -0.10337136
vn 0.96983005 -0.23942652 0.04587609
vn 0.97298200 -0.14616539 0.17872242
vn 0.95236586 -0.05440569 0.30006549
vn 0.90934876 0.03854629 0.41424511
vn 0.84074912 0.13562987 0.52416167
vn 0.73870745 0.23925334 0.63013422
vn 0.59058169 0.34951721 0.72735892
vn 0.38193724 0.46022833 0.80144484
vn 0.10872256 0.55361450 0.82564544
vn -0.22121254 0.54028290 0.81188632
vn -0.51278282 0.53204913 0.67377853
vn -0.73176531 0.47661575 0.48719294
vn -0.86927289 0.39689540 0.29468406
vn -0.94309920 0.31065667 0.11855941
vn -0.97351949 0.22559468 -0.03697079
vn -0.97403899 0.14306950 -0.17543993
vn -0.95128824 0.06166967 -0.30207209
vn -0.90656221 -0.02106005 -0.42154647
vn -0.83658442 -0.10789097 -0.53710897
vn -0.73331663 -0.20126795 -0.64941353
vn -0.58369367 -0.30176543 -0.75381650
vn -0.37243221 -0.40435813 -0.83533751
vn -0.09467215 -0.49290978 -0.86491453
vn 0.22167872 -0.54135043 -0.81104763
vn 0.51512330 -0.53258356 -0.67156737
vn 0.73442239 -0.47597548 -0.48380895
vn 0.87125445 -0.39534275 -0.29089482
vn 0.94421530 -0.30864070 -0.11488425
vn 0.97389235 -0.22339479 0.04035408
vn 0.97380784 -0.14080452 0.17852836
vn 0.95052684 -0.05937487 0.30491533
vn 0.90527326 0.02337545 0.42418617
vn 0.83471683 0.11019731 0.53954088
vn 0.73081455 0.20345519 0.65154898
vn 0.58063883 0.30355625 0.75545493
vn 0.36935636 0.40526984 0.83626086
vn 0.09279960 0.49257519 0.86530799
vn -0.23913123 0.47346052 0.84773309
vn -0.53114532 0.46999841 0.70497244
vn -0.74761378 0.42408944 0.51109860
vn -0.88103447 0.35615978 0.31133339
vn -0.95067129 0.28210524 0.12899894
vn -0.97744238 0.20879832 -0.03177502
vn -0.97494523 0.13746696 -0.17488464
vn -0.94971013 0.06687177 -0.30590659
vn -0.90289567 -0.00517988 -0.42982854
vn -0.83108530 -0.08121947 -0.55018235
vn -0.72606821 -0.16359209 -0.66787917
vn -0.57450593 -0.25313453 -0.77837385
vn -0.36071592 -0.34582397 -0.86619271
vn -0.07968520 -0.42753256 -0.90048108
vn 0.23960201 -0.47452382 -0.84700533
vn 0.53354581 -0.47057341 -0.70277275
vn 0.75029239 -0.42356867 -0.50759325
vn 0.88298045 -0.35479397 -0.30735446
vn 0.95171946 -0.28031379 -0.12511694
vn 0.97773589 -0.20683798 0.03536352
vn 0.97463250 -0.13544542 0.17817417
vn 0.94886684 -0.06482000 0.30894996
vn 0.90152251 0.00725512 0.43267139
vn 0.82912627 0.08329368 0.55282166
vn 0.72345997 0.16556810 0.67021853
vn 0.57132314 0.25475923 0.78018434
vn 0.35749983 0.34664288 0.86719812
vn 0.07771424 0.42717926 0.90082094
vn -0.25589533 0.40241674 0.87896436
vn -0.54828526 0.40424181 0.73210097
vn -0.76236115 0.36877648 0.53179826
vn -0.89196088 0.31355356 0.32571451
vn -0.95771824 0.25242362 0.13805105
vn -0.98112705 0.19144533 -0.02717366
vn -0.97585342 0.13177471 -0.17419969
vn -0.94832641 0.07240253 -0.30892538
vn -0.89957465 0.01144841 -0.43661698
vn -0.82605031 -0.05333103 -0.56106746
vn -0.71938242 -0.12412999 -0.68343301
vn -0.56597982 -0.20200470 -0.79928777
vn -0.34979088 -0.28396048 -0.89275573
vn -0.06566651 -0.35809996 -0.93137121
vn 0.25637682 -0.40344248 -0.87835363
vn 0.55074799 -0.40484218 -0.72991744
vn 0.76505978 -0.36838969 -0.52817853
vn 0.89386968 -0.31240632 -0.32155759
vn 0.95869845 -0.25089331 -0.13397698
vn 0.98134234 -0.18976104 0.03095094
vn 0.97546089 -0.13003191 0.17767316
vn 0.94740328 -0.07062829 0.31215169
vn 0.89811947 -0.00964802 0.43964570
vn 0.82400240 0.05513776 0.56389704
vn 0.71667107 0.12585990 0.68596054
vn 0.56267306 0.20343408 0.80125751
vn 0.34643951 0.28467506 0.89383431
vn 0.06360328 0.35774535 0.93165063
vn -0.27129279 0.32755252 0.90504672
vn -0.56397337 0.33512238 0.75473640
vn -0.77582487 0.31093803 0.54901122
vn -0.90193718 0.26924807 0.33766077
vn -0.96418095 0.22169868 0.14561867
vn -0.98455144 0.17354885 -0.02322185
vn -0.97676383 0.12594102 -0.17341072
vn -0.94714972 0.07815006 -0.31112695
vn -0.89661785 0.02865434 -0.44187710
vn -0.82150089 -0.02445639 -0.56968252
vn -0.71328395 -0.08317556 -0.69592229
vn -0.55815181 -0.14873237 -0.81629972
vn -0.33972786 -0.21917365 -0.91462992
vn -0.05275509 -0.28503492 -0.95706426
vn 0.27178929 -0.32850577 -0.90455212
vn 0.56649673 -0.33573236 -0.75257241
vn 0.77854037 -0.31070007 -0.54528924
vn 0.90380819 -0.26835078 -0.33334459
vn 0.96509499 -0.22046513 -0.14137466
vn 0.98469165 -0.17217557 0.02716482
vn 0.97629513 -0.12451041 0.17704516
vn 0.94615052 -0.07668617 0.31451299
vn 0.89508464 -0.02716192 0.44506822
vn 0.81936843 0.02596159 0.57267912
vn 0.71047485 0.08462519 0.69861582
vn 0.55472813 0.14993723 0.81841037
vn 0.33625013 0.21977186 0.91577081
vn 0.05060822 0.28469701 0.95728074
vn -0.28511272 0.24938343 0.92548292
vn -0.57798440 0.26307518 0.77248009
vn -0.78782746 0.25089310 0.56247715
vn -0.91085209 0.22344570 0.34701656
vn -0.97000098 0.19003373 0.15160898
vn -0.98769191 0.15513112 -0.01997576
vn -0.97767389 0.11991903 -0.17254911
vn -0.94618955 0.08400460 -0.31251971
vn -0.89404131 0.04626549 -0.44558909
vn -0.81745691 0.00516459 -0.57596660
vn -0.70779731 -0.04104470 -0.70522217
vn -0.55105888 -0.09371812 -0.82918696
vn -0.33059851 -0.15194548 -0.93145971
vn -0.04109029 -0.20886858 -0.97708009
vn 0.28562641 -0.25022983 -0.92509599
vn 0.58056305 -0.26367924 -0.77033746
vn 0.79055573 -0.25081789 -0.55866987
vn 0.91268577 -0.22282758 -0.34256760
vn 0.97085272 -0.18912957 -0.14722434
vn 0.98776232 -0.15410042 0.02405517
vn 0.97713463 -0.11883080 0.17631551
vn 0.94511993 -0.08288067 0.31603658
vn 0.89243573 -0.04511103 0.44891364
vn 0.81524614 -0.00399203 0.57910086
vn 0.70489826 0.04218243 0.70805303
vn 0.54752871 0.09467073 0.83141431
vn 0.32700726 0.15241539 0.93264988
vn 0.03887089 0.20856452 0.97723584
vn -0.29715487 0.16853614 0.93983751
vn -0.59010648 0.18862469 0.78498094
vn -0.79820320 0.18901637 0.57196544
vn -0.91860084 0.17637935 0.35364223
vn -0.97512186 0.15754841 0.15593545
vn -0.99052369 0.13622354 -0.01749199
vn -0.97857830 0.11366782 -0.17165123
vn -0.94545236 0.08985974 -0.31312149
vn -0.89185856 0.06410919 -0.44774806
vn -0.81393668 0.03528556 -0.57988103
vn -0.70294666 0.00192860 -0.71123995
vn -0.54473865 -0.03740093 -0.83777143
vn -0.32247374 -0.08282778 -0.94294764
vn -0.03080710 -0.13023482 -0.99100445
vn 0.29768536 -0.16924459 -0.93954228
vn 0.59273134 -0.18920836 -0.78285999
vn 0.80093880 -0.18911554 -0.56809538
vn 0.92039910 -0.17606524 -0.34909388
vn 0.97591739 -0.15700113 -0.15144602
vn 0.99053179 -0.13556207 0.02167255
vn 0.97797606 -0.11294742 0.17551552
vn 0.94431971 -0.08910068 0.31673545
vn 0.89018816 -0.06331803 0.45117167
vn 0.81165596 -0.03447218 0.58311772
vn 0.69996792 -0.00113014 0.71417339
vn 0.54111566 0.03807683 0.84008571
vn 0.31878585 0.08315831 0.94417174
vn 0.02852809 0.12997973 0.99110616
vn -0.30723861 0.08573664 0.94776245
vn -0.60015069 0.11237626 0.79195374
vn -0.80680388 0.12573361 0.57728551
vn -0.92508849 0.12831010 0.35741825
vn -0.97949052 0.12437786 0.15851961
vn -0.99302145 0.11686720 -0.01582588
vn -0.97946930 0.10715303 -0.17075746
vn -0.94494162 0.09561333 -0.31295914
vn -0.89008064 0.08201438 -0.44836380
vn -0.81095725 0.06565690 -0.58140994
vn -0.69875614 0.04539757 -0.71391800
vn -0.53922882 0.01974985 -0.84192769
vn -0.31542194 -0.01243072 -0.94887010
vn -0.02202994 -0.04985777 -0.99851334
vn 0.30778314 -0.08628197 -0.94753626
vn 0.60280904 -0.11292699 -0.78985363
vn 0.80954077 -0.12601522 -0.57337937
vn 0.92685468 -0.12831846 -0.35280983
vn 0.98023803 -0.12420819 -0.15396667
vn 0.99297677 -0.11659507 0.02006784
vn 0.97881360 -0.10681969 0.17468112
vn 0.94375515 -0.09523805 0.31663217
vn 0.88835464 -0.08160590 0.45184789
vn 0.80861670 -0.06522308 0.58470931
vn 0.69571022 -0.04495960 0.71691416
vn 0.53552975 -0.01936992 0.84429420
vn 0.31165766 0.01261277 0.95011074
vn 0.01970600 0.04966324 0.99857160
vn -0.31521259 0.00179007 0.94901940
vn -0.60796017 0.03500154 0.79319564
vn -0.81350516 0.06151356 0.57829529
vn -0.93023301 0.07952379 0.35824923
vn -0.98305864 0.09067186 0.15929321
vn -0.99515989 0.09711265 -0.01503073
vn -0.98033696 0.10034727 -0.16991134
vn -0.94465800 0.10116859 -0.31206759
vn -0.88871618 0.09981339 -0.44746044
vn -0.80853429 0.09602879 -0.58056074
vn -0.69524967 0.08900833 -0.71323587
vn -0.53456676 0.07724437 -0.84158879
vn -0.30950662 0.05859253 -0.94909039
vn -0.01486713 0.03146895 -0.99939415
vn 0.31576605 -0.00215546 -0.94883463
vn 0.61063626 -0.03550955 -0.79111468
vn 0.81623688 -0.06198094 -0.57438290
vn 0.93197182 -0.07986510 -0.35362423
vn 0.98376815 -0.09089214 -0.15472181
vn 0.99507378 -0.09724214 0.01929090
vn 0.97963891 -0.10041292 0.17385295
vn 0.94342842 -0.10118896 0.31575879
vn 0.88694539 -0.09979978 0.45096328
vn 0.80614578 -0.09598745 0.58387960
vn 0.69215114 -0.08894440 0.71625113
vn 0.53081081 -0.07717302 0.84396932
vn 0.30568898 -0.05856546 0.95032854
vn 0.01251445 -0.03159598 0.99942237
vn -0.32096236 -0.08244651 0.94349655
vn -0.61341756 -0.04278147 0.78859916
vn -0.81821183 -0.00314283 0.57490827
vn -0.93396804 0.03032643 0.35606741
vn -0.98578398 0.05659311 0.15819977
vn -0.99691436 0.07701965 -0.01515663
vn -0.98116939 0.09323044 -0.16915885
vn -0.94459944 0.10643493 -0.31048913
vn -0.88777148 0.11734358 -0.44507559
vn -0.80668212 0.12615451 -0.57736383
vn -0.69245068 0.13240601 -0.70921133
vn -0.53078866 0.13458378 -0.83675002
vn -0.30478475 0.12956547 -0.94356719
vn -0.00940646 0.11290947 -0.99356075
vn 0.32151788 0.08226800 -0.94332297
vn 0.61609396 0.04232274 -0.78653482
vn 0.82093178 0.00249182 -0.57102085
vn 0.93568527 -0.03100205 -0.35147112
vn 0.98646695 -0.05720638 -0.15365673
vn 0.99679954 -0.07755446 0.01939017
vn 0.98044143 -0.09369899 0.17307540
vn 0.94333875 -0.10685499 0.31415604
vn 0.88596791 -0.11772909 0.44855404
vn 0.80425876 -0.12651023 0.58065739
vn 0.68931561 -0.13272102 0.71220020
vn 0.52699686 -0.13482585 0.83910446
vn 0.30093835 -0.12969646 0.94478301
vn 0.00704114 -0.11296724 0.99357376
vn -0.32441646 -0.16609665 0.93121741
vn -0.61645155 -0.12023273 0.77815909
vn -0.82086199 -0.06771568 0.56709803
vn -0.93624540 -0.01896158 0.35083472
vn -0.98763164 0.02231523 0.15519592
vn -0.99826147 0.05665678 -0.01624937
vn -0.98195311 0.08579001 -0.16854724
vn -0.94476137 0.11132861 -0.30827245
vn -0.88725045 0.13444868 -0.44125979
vn -0.80541351 0.15579335 -0.57187194
vn -0.69038186 0.17524102 -0.70189990
vn -0.52792892 0.19127232 -0.82746961
vn -0.30130428 0.19980938 -0.93235827
vn -0.00571046 0.19361676 -0.98106062
vn 0.32496584 0.16610147 -0.93102497
vn 0.61910998 0.11982593 -0.77610861
vn 0.82356370 0.06688842 -0.56326616
vn 0.93794744 0.01795951 -0.34631207
vn 0.98830033 -0.02331492 -0.15072782
vn 0.99813154 -0.05759158 0.02041170
vn 0.98120854 -0.08665699 0.17239598
vn 0.94348236 -0.11214429 0.31187287
vn 0.88542700 -0.13522935 0.44467072
vn 0.80296943 -0.15654199 0.57509539
vn 0.68722723 -0.17593082 0.70481706
vn 0.52412304 -0.19182444 0.82975805
vn 0.29745460 -0.20009786 0.93353179
vn 0.00334865 -0.19360890 0.98107308
vn -0.32554915 -0.24829900 0.91234059
vn -0.61703960 -0.19661610 0.76197391
vn -0.82142952 -0.13168041 0.55489982
vn -0.93703652 -0.06801168 0.34254484
vn -0.98857502 -0.01197951 0.15025288
vn -0.99917968 0.03610069 -0.01834958
vn -0.98267331 0.07802094 -0.16812463
vn -0.94513669 0.11577312 -0.30547214
vn -0.88715460 0.15098018 -0.43607533
vn -0.80473950 0.18471351 -0.56415890
vn -0.68906471 0.21717503 -0.69139340
vn -0.52601934 0.24682928 -0.81386668
vn -0.29910365 0.26866536 -0.91561779
vn -0.00381466 0.27276547 -0.96207300
vn 0.32608433 0.24847334 -0.91210197
vn 0.61966240 0.19625976 -0.75993461
vn 0.82410686 0.13068909 -0.55115175
vn 0.93872999 0.06669987 -0.33813773
vn 0.98924190 0.01060938 -0.14590375
vn 0.99904853 -0.03742137 0.02239833
vn 0.98192578 -0.07927365 0.17186464
vn 0.94385262 -0.11697244 0.30896551
vn 0.88532459 -0.15214400 0.43937749
vn 0.80228914 -0.18584254 0.56726950
vn 0.68590773 -0.21822669 0.69419572
vn 0.52222120 -0.24768004 0.81605124
vn 0.29527526 -0.26910694 0.91673005
vn 0.00147120 -0.27270050 0.96209785
vn -0.32438072 -0.32824042 0.88715014
vn -0.61520831 -0.27122521 0.74024025
vn -0.81992495 -0.19452248 0.53840885
vn -0.93633363 -0.11649388 0.33122275
vn -0.98859663 -0.04610291 0.14335700
vn -0.99964986 0.01543518 -0.02149211
vn -0.98331422 0.06992563 -0.16793911
vn -0.94571604 0.11969983 -0.30214751
vn -0.88748304 0.16679848 -0.42959529
vn -0.80466917 0.21269475 -0.55431802
vn -0.68851897 0.25788649 -0.67781722
vn -0.52508820 0.30080004 -0.79611665
vn -0.29821019 0.33551425 -0.89358876
vn -0.00372654 0.34958217 -0.93689830
vn 0.32489423 0.32856178 -0.88684322
vn 0.61777926 0.27091393 -0.73821029
vn 0.82257222 0.19338299 -0.53476907
vn 0.93802481 0.11489660 -0.32696825
vn 0.98927378 0.04438652 -0.13916616
vn 0.99953106 -0.01711974 0.02538864
vn 0.98257720 -0.07154392 0.17153281
vn 0.94444004 -0.12126349 0.30549661
vn 0.88565974 -0.16832595 0.43275073
vn 0.80222685 -0.21418388 0.55727672
vn 0.68537654 -0.25927908 0.68046555
vn 0.52131856 -0.30193096 0.79816330
vn 0.29442557 -0.33610129 0.89462255
vn 0.00141492 -0.34947279 0.93694544
vn -0.32097414 -0.40518458 0.85603800
vn -0.61103047 -0.34340641 0.71324175
vn -0.81639399 -0.25575116 0.51777620
vn -0.93414966 -0.16408343 0.31692434
vn -0.98768871 -0.07986352 0.13450957
vn -0.99965578 -0.00524957 -0.02570534
vn -0.98385941 0.06151382 -0.16803782
vn -0.94648783 0.12304815 -0.29836209
vn -0.88823224 0.18177369 -0.42190261
vn -0.80520932 0.23953043 -0.54246026
vn -0.68876221 0.29707521 -0.66132665
vn -0.52515964 0.35276547 -0.77444423
vn -0.29863987 0.39979377 -0.86659055
vn -0.00542762 0.42337164 -0.90593984
vn 0.32145971 0.40562390 -0.85564766
vn 0.61353609 0.34313107 -0.71122046
vn 0.81900644 0.25448153 -0.51426413
vn 0.93584421 0.16223062 -0.31285273
vn 0.98838716 0.07783187 -0.13051060
vn 0.99956203 0.00322983 0.02941626
vn 0.98314569 -0.06347112 0.17145251
vn 0.94523251 -0.12495054 0.30153420
vn 0.88642847 -0.18363907 0.42487794
vn 0.80278878 -0.24135288 0.54523294
vn 0.68565013 -0.29878130 0.66378734
vn 0.52143751 -0.35415226 0.77632409
vn 0.29491888 -0.40051590 0.86753090
vn 0.00315902 -0.42323329 0.90601523
vn -0.31542923 -0.47849330 0.81948067
vn -0.60461912 -0.41257738 0.68133371
vn -0.81091506 -0.31491157 0.49320125
vn -0.93051778 -0.21046694 0.29973375
vn -0.98585337 -0.11306935 0.12372738
vn -0.99918451 -0.02585813 -0.03101071
vn -0.98429205 0.05280232 -0.16846686
vn -0.94743831 0.12576580 -0.29418295
vn -0.88939616 0.19578654 -0.41308849
vn -0.80636422 0.26502936 -0.52871181
vn -0.68980915 0.33446611 -0.64210261
vn -0.52625317 0.40234900 -0.74911473
vn -0.30039755 0.46101104 -0.83500308
vn -0.00887531 0.49353519 -0.86968054
vn 0.31588251 0.47901759 -0.81899963
vn 0.60704946 0.41232596 -0.67932191
vn 0.81348879 0.31353050 -0.48983120
vn 0.93222040 0.20839211 -0.29586798
vn 0.98658271 0.11075820 -0.11994657
vn 0.99912719 0.02353699 0.03450896
vn 0.98361333 -0.05506697 0.17167539
vn 0.94621537 -0.12797636 0.29715068
vn 0.88762377 -0.19795908 0.41585604
vn 0.80397816 -0.26715325 0.53127043
vn 0.68674183 -0.33645334 0.64434836
vn 0.52259487 -0.40396344 0.75080500
vn 0.29675650 -0.46185609 0.83583762
vn 0.00665854 -0.49338490 0.86978561
vn -0.30787527 -0.54763976 0.77801254
vn -0.59612087 -0.47823969 0.64492380
vn -0.80359451 -0.37159400 0.46492340
vn -0.92548981 -0.25534789 0.27976075
vn -0.98310253 -0.14553053 0.11104179
vn -0.99822679 -0.04629077 -0.03742245
vn -0.98459522 0.04381487 -0.16927050
vn -0.94855184 0.12780914 -0.28967954
vn -0.89096595 0.20872905 -0.40325161
vn -0.80813505 0.28901712 -0.51321228
vn -0.69167125 0.36981179 -0.62034678
vn -0.52838311 0.44922131 -0.72042452
vn -0.30347778 0.51875018 -0.79924933
vn -0.01400763 0.55958179 -0.82865675
vn 0.30829366 0.54821504 -0.77744150
vn 0.59846963 0.47799817 -0.64292446
vn 0.80612716 0.37011918 -0.46170423
vn 0.92720409 0.25308588 -0.27611611
vn 0.98387061 0.14297839 -0.10749792
vn 0.99821558 0.04370537 0.04068780
vn 0.98396180 -0.04635163 0.17225186
vn 0.94737171 -0.13029366 0.29242162
vn 0.88923564 -0.21117443 0.40578978
vn 0.80579478 -0.29140733 0.51553519
vn 0.68866102 -0.37204495 0.62235725
vn 0.52480194 -0.45103306 0.72190865
vn 0.29992909 -0.51970504 0.79996826
vn 0.01184914 -0.55943661 0.82878844
vn -0.29846246 -0.61221299 0.73219902
vn -0.58570701 -0.53998517 0.60445290
vn -0.79456202 -0.42544004 0.43321122
vn -0.91913412 -0.29845091 0.25713715
vn -0.97945763 -0.17706168 0.09649820
vn -0.99677723 -0.06644461 -0.04494748
vn -0.98475231 0.03458168 -0.17049046
vn -0.94981085 0.12914312 -0.28492350
vn -0.89292986 0.22050489 -0.39249695
vn -0.81051990 0.31133696 -0.49611166
vn -0.69435618 0.40289407 -0.59627667
vn -0.53155802 0.49310269 -0.68869137
vn -0.30786596 0.57267500 -0.75977753
vn -0.02074779 0.62113078 -0.78343224
vn 0.29884556 0.61280657 -0.73154593
vn 0.58797151 0.53973867 -0.60247130
vn 0.79705232 0.42388734 -0.43014778
vn 0.92086287 0.29603554 -0.25372138
vn 0.98027049 0.17430749 -0.09320230
vn 0.99681993 0.06363361 0.04796652
vn 0.98417275 -0.03735351 0.17323021
vn 0.94868247 -0.13186553 0.28742488
vn 0.89125092 -0.22318694 0.39479032
vn 0.80823518 -0.31395663 0.49818383
vn 0.69141329 -0.40533669 0.59803831
vn 0.52806443 -0.49508084 0.68995863
vn 0.30441796 -0.57372639 0.76037341
vn 0.01865137 -0.62100664 0.78358336
vn -0.28735339 -0.67191470 0.68261165
vn -0.57356461 -0.59749646 0.56037633
vn -0.78396414 -0.47614582 0.39835335
vn -0.91153328 -0.33952502 0.23201258
vn -0.97494908 -0.20748384 0.08015445
vn -0.99483450 -0.08621454 -0.05358521
vn -0.98474715 0.02513921 -0.17216584
vn -0.95119610 0.12974151 -0.27998772
vn -0.89527335 0.23102979 -0.38093419
vn -0.81351329 0.33185026 -0.47756835
vn -0.69786730 0.43352434 -0.57012093
vn -0.53578125 0.53376255 -0.65424460
vn -0.31353955 0.62252692 -0.71704476
vn -0.02900864 0.67790761 -0.73457455
vn 0.28770227 0.67249733 -0.68189057
vn 0.57574575 0.59723028 -0.55841994
vn 0.78641256 0.47452832 -0.39544678
vn 0.91327841 0.33698768 -0.22882713
vn 0.97581089 0.20456544 -0.07711090
vn 0.99493698 0.08321618 0.05635127
vn 0.98422826 -0.02810883 0.17465574
vn 0.95012680 -0.13266517 0.28223929
vn 0.89365345 -0.23391189 0.38297355
vn 0.81129207 -0.33466245 0.47938108
vn 0.69499980 -0.43614050 0.57162640
vn 0.53238230 -0.53587741 0.65528962
vn 0.31019695 -0.62366201 0.71751206
vn 0.02697622 -0.67781832 0.73473438
vn -0.27471516 -0.72654987 0.62980701
vn -0.55988797 -0.65054238 0.51314722
vn -0.77195877 -0.52346218 0.36064802
vn -0.90278125 -0.37834546 0.20455009
vn -0.96961538 -0.23662639 0.06208026
vn -0.99240143 -0.10549419 -0.06332749
vn -0.98456439 0.01552990 -0.17433239
vn -0.95268683 0.12958689 -0.27494553
vn -0.89797888 0.24023170 -0.36867691
vn -0.81710580 0.35043666 -0.45774694
vn -0.70220344 0.46154310 -0.54211465
vn -0.54105042 0.57101740 -0.61741686
vn -0.32046972 0.66811937 -0.67150254
vn -0.03869789 0.72973423 -0.68263492
vn 0.27503237 0.72709714 -0.62903652
vn 0.56198971 0.65024314 -0.51122541
vn 0.77436727 0.52179011 -0.35789721
vn 0.90454414 0.37571375 -0.20159136
vn 0.97052873 0.23357868 -0.05928729
vn 0.99256768 0.10234500 0.06583991
vn 0.98411117 -0.01866103 0.17657002
vn 0.95168226 -0.13267603 0.27694395
vn 0.89642410 -0.24327808 0.37045866
vn 0.81495432 -0.35340567 0.45929718
vn 0.69941715 -0.46429869 0.54336211
vn 0.53775049 -0.57324119 0.61823858
vn 0.31723392 -0.66932611 0.67183718
vn 0.03672906 -0.72969082 0.68279007
vn -0.26071287 -0.77601322 0.57431027
vn -0.54487183 -0.69896937 0.46320245
vn -0.75870938 -0.56719235 0.32039493
vn -0.89298027 -0.41471473 0.17492265
vn -0.96350222 -0.26432837 0.04235547
vn -0.98948499 -0.12417699 -0.07415880
vn -0.98418974 0.00580172 -0.17702229
vn -0.95426090 0.12867073 -0.26987031
vn -0.90102589 0.24805096 -0.35584134
vn -0.82128405 0.36699376 -0.43681584
vn -0.70735862 0.48681856 -0.51249534
vn -0.54735772 0.60472700 -0.57853676
vn -0.32862263 0.70932952 -0.62358544
vn -0.04972150 0.77651566 -0.62813310
vn 0.26100182 0.77650638 -0.57351189
vn 0.54690041 0.69862577 -0.46132631
vn 0.76108147 0.56547309 -0.31779740
vn 0.89476217 0.41201165 -0.17218321
vn 0.96446840 0.26118223 -0.03980650
vn 0.98971730 0.12091053 0.07642196
vn 0.98380549 -0.00906046 0.17901026
vn 0.95332511 -0.13189148 0.27161715
vn 0.89954071 -0.25122785 0.35736688
vn 0.81920682 -0.37008621 0.43810545
vn 0.70465740 -0.48968213 0.51348745
vn 0.54415856 -0.60703479 0.57913749
vn 0.32549225 -0.71059694 0.62378425
vn 0.04781464 -0.77652596 0.62826841
vn -0.24550416 -0.82027316 0.51660396
vn -0.52870471 -0.74269044 0.41095283
vn -0.74438028 -0.60718732 0.27788767
vn -0.88223827 -0.44846203 0.14330895
vn -0.95666138 -0.29043950 0.02106894
vn -0.98609618 -0.14215708 -0.08605626
vn -0.98361025 -0.00399246 -0.18026350
vn -0.95589509 0.12699316 -0.26483451
vn -0.90439085 0.25444025 -0.34254540
vn -0.82603035 0.38143669 -0.41494567
vn -0.71332172 0.50924475 -0.48149965
vn -0.55469001 0.63478936 -0.53792328
vn -0.33796112 0.74608827 -0.57370251
vn -0.06198768 0.81822468 -0.57154694
vn 0.24576872 0.82069936 -0.51580063
vn 0.53066815 0.74229395 -0.40913446
vn 0.74672078 0.60542592 -0.27544061
vn 0.88404046 0.44570585 -0.14077914
vn 0.95768075 0.28722096 -0.01875382
vn 0.98639543 0.13880271 0.08807869
vn 0.98329673 0.00063680 0.18200860
vn 0.95503063 -0.13031451 0.26633554
vn 0.90297829 -0.25771674 0.34382015
vn 0.82403036 -0.38462225 0.41598039
vn 0.71070760 -0.51218832 0.48224250
vn 0.55159130 -0.63715934 0.53830755
vn 0.33493254 -0.74740639 0.57376291
vn 0.06013955 -0.81829321 0.57164626
vn -0.22923543 -0.85935510 0.45712134
vn -0.51156440 -0.78167299 0.35677613
vn -0.72913222 -0.64334027 0.23340844
vn -0.87066604 -0.47944215 0.10989029
vn -0.94914968 -0.31482066 -0.00168303
vn -0.98224995 -0.15932990 -0.09899001
vn -0.98281453 -0.01379511 -0.18407959
vn -0.95756530 0.12456286 -0.25990918
vn -0.90804739 0.25936431 -0.32890743
vn -0.83132266 0.39369727 -0.39230739
vn -0.72007635 0.52873920 -0.44936056
vn -0.56302919 0.66113521 -0.49588140
vn -0.34844537 0.77836974 -0.52223211
vn -0.07540841 0.85488603 -0.51330639
vn 0.22947977 0.85970721 -0.45633600
vn 0.51347182 0.78121815 -0.35502802
vn 0.73144704 0.64154013 -0.23110925
vn 0.87249004 0.47664671 -0.10755949
vn 0.95022197 0.31155088 0.00377651
vn 0.98261593 0.15591260 0.10078294
vn 0.98257221 0.01036904 0.18559183
vn 0.95677336 -0.12795760 0.26117347
vn 0.90670911 -0.26271297 0.32994012
vn 0.82940155 -0.39694914 0.39309598
vn 0.71754985 -0.53173846 0.44986267
vn 0.56002885 -0.66354872 0.49605521
vn 0.34551360 -0.77972939 0.52215172
vn 0.07361522 -0.85501405 0.51335347
vn -0.21203989 -0.89332525 0.39624370
vn -0.49361510 -0.81592602 0.30101308
vn -0.71311890 -0.67558013 0.18722426
vn -0.85837481 -0.50753371 0.07484792
vn -0.94102777 -0.33734435 -0.02579769
vn -0.97796491 -0.17559338 -0.11292300
vn -0.98179296 -0.02354457 -0.18848936
vn -0.95924685 0.12139698 -0.25516320
vn -0.91196628 0.26279994 -0.31504555
vn -0.83713437 0.40372333 -0.36907116
vn -0.72760075 0.54524028 -0.41630540
vn -0.57235217 0.68372216 -0.45269968
vn -0.36003422 0.80618061 -0.46951910
vn -0.08990171 0.88656131 -0.45379150
vn 0.21226799 0.89360137 -0.39549829
vn 0.49547595 0.81541065 -0.29934771
vn 0.71541492 0.67374349 -0.18507079
vn 0.86022269 0.50470866 -0.07270549
vn 0.94215253 0.33403934 0.02768276
vn 0.97839667 0.17213313 0.11449951
vn 0.98162132 0.02007046 0.18978081
vn 0.95852752 -0.12484175 0.25620214
vn 0.91070284 -0.26619710 0.31584717
vn 0.83529259 -0.40701855 0.36962439
vn 0.72516115 -0.54827464 0.41657678
vn 0.56944683 -0.68616359 0.45266967
vn 0.35719302 -0.80757340 0.46929559
vn 0.08815921 -0.88674699 0.45377057
vn -0.19403590 -0.92227579 0.33430142
vn -0.47500489 -0.84548829 0.24396702
vn -0.69648502 -0.70386424 0.13958421
vn -0.84547419 -0.53263667 0.03836103
vn -0.93235897 -0.35789479 -0.05116699
vn -0.97326313 -0.19084812 -0.12781184
vn -0.98053792 -0.03317590 -0.19350643
vn -0.96091469 0.11752073 -0.25066279
vn -0.91611565 0.26473563 -0.30107667
vn -0.84343448 0.41147744 -0.34540498
vn -0.73586751 0.55870472 -0.38255463
vn -0.58263091 0.70252913 -0.40864905
vn -0.37268537 0.82955043 -0.41587461
vn -0.10539239 0.91333520 -0.39333352
vn 0.19425132 0.92247860 -0.33361604
vn 0.47682889 0.84491324 -0.24239601
vn 0.69876966 0.70199289 -0.13757525
vn 0.84734862 0.52978823 -0.03639714
vn 0.93353583 0.35456597 0.05285672
vn 0.97375933 0.18736038 0.12918539
vn 0.98043573 0.02967137 0.19459033
vn 0.96026719 -0.12099647 0.25148911
vn 0.91492664 -0.26816177 0.30165959
vn 0.84167142 -0.41479711 0.34573485
vn 0.73351315 -0.56175722 0.38260592
vn 0.57981650 -0.70498543 0.40842181
vn 0.36992807 -0.83096830 0.41550561
vn 0.10369562 -0.91357408 0.39322974
vn -0.17532715 -0.94631193 0.27157710
vn -0.45586588 -0.87041706 0.18590440
vn -0.67936408 -0.72817202 0.09071913
vn -0.83207056 -0.55466947 0.00060503
vn -0.92320837 -0.37636725 -0.07767881
vn -0.96816979 -0.20499872 -0.14360635
vn -0.97904396 -0.04262126 -0.19913901
vn -0.96254381 0.11296709 -0.24647080
vn -0.92046113 0.26517136 -0.28711577
vn -0.85018716 0.41693661 -0.32147420
vn -0.74484361 0.56910501 -0.34832095
vn -0.59383277 0.71755095 -0.36398252
vn -0.38635561 0.84852285 -0.36157753
vn -0.12181196 0.93530365 -0.33221820
vn 0.17553322 0.94644793 -0.27096939
vn 0.45766240 0.86978598 -0.18443825
vn 0.68164510 0.72626780 -0.08885407
vn 0.83397472 0.55180137 0.00118859
vn 0.92443726 0.37302208 0.07918507
vn 0.96872899 0.20149432 0.14479012
vn 0.97900957 0.03909962 0.20002869
vn 0.96196676 -0.11645901 0.24709766
vn 0.91934542 -0.26861094 0.28749290
vn 0.84850156 -0.42026542 0.32159304
vn 0.74257206 -0.57216201 0.34816284
vn 0.59110450 -0.72001136 0.36356446
vn 0.38367529 -0.84995796 0.36106058
vn 0.12015606 -0.93558884 0.33201812
vn -0.15600334 -0.96554113 0.20831056
vn -0.43631366 -0.89077868 0.12705799
vn -0.66187801 -0.74849815 0.04084139
vn -0.81826556 -0.57356648 -0.03824890
vn -0.91364156 -0.39266839 -0.10521707
vn -0.96271279 -0.21795392 -0.16025033
vn -0.97730786 -0.05181047 -0.20538994
vn -0.96410944 0.10777647 -0.24264629
vn -0.92496616 0.26411803 -0.27327508
vn -0.85735217 0.42009093 -0.29744053
vn -0.75449013 0.57642727 -0.31380925
vn -0.60591971 0.72879407 -0.31893651
vn -0.40100100 0.86314799 -0.30687742
vn -0.13909865 0.95256394 -0.27069080
vn 0.15620296 0.96561987 -0.20779535
vn 0.43809143 0.89009774 -0.12570563
vn 0.66416328 0.74656328 -0.03912028
vn 0.82020322 0.57068061 0.03987888
vn 0.91492299 0.38931091 0.10655020
vn 0.96333385 0.21443953 0.16125628
vn 0.97733957 0.04828097 0.20609782
vn 0.96360118 -0.11127356 0.24308633
vn 0.92392216 -0.26755931 0.27345907
vn 0.85574219 -0.42341716 0.29736041
vn 0.75229860 -0.57947793 0.31345198
vn 0.60327265 -0.73124959 0.31833338
vn 0.39839053 -0.86459260 0.30621010
vn 0.13747862 -0.95288658 0.27038269
vn -0.13614166 -0.98006425 0.14470496
vn -0.41644844 -0.90664037 0.06763094
vn -0.64413630 -0.76484726 -0.00985312
vn -0.80415512 -0.58927517 -0.07803411
vn -0.90372405 -0.40671494 -0.13366303
vn -0.95692250 -0.22962687 -0.17768185
vn -0.97532880 -0.06067209 -0.21225606
vn -0.96558751 0.10199591 -0.23924380
vn -0.92959216 0.26159740 -0.25966367
vn -0.86488468 0.42094308 -0.27346191
vn -0.76476210 0.58066932 -0.27921690
vn -0.61884862 0.73627240 -0.27373225
vn -0.41657633 0.87347637 -0.25199840
vn -0.15719617 0.96520680 -0.20896218
vn 0.13633694 0.98009766 -0.14429417
vn 0.41821550 0.90591772 -0.06639943
vn 0.64643385 0.76288441 0.01143003
vn 0.80613065 0.58637213 0.07950532
vn 0.90505912 0.40334672 0.13483106
vn 0.95760466 0.22610618 0.17851978
vn 0.97542509 0.05714030 0.21279307
vn 0.96514626 -0.10549114 0.23950851
vn 0.92861802 -0.26503224 0.25966609
vn 0.86334827 -0.42425801 0.27319390
vn 0.76264752 -0.58370536 0.27866973
vn 0.61627766 -0.73871555 0.27294904
vn 0.41402868 -0.87492265 0.25117844
vn 0.15560716 -0.96555636 0.20853615
vn -0.11580773 -0.98996883 0.08093378
vn -0.39635615 -0.91806369 0.00780163
vn -0.62623696 -0.77722831 -0.06118347
vn -0.78982894 -0.60175331 -0.11858839
vn -0.89352026 -0.41843362 -0.16289520
vn -0.95083121 -0.23993622 -0.19583315
vn -0.97310839 -0.06913376 -0.21972844
vn -0.96695480 0.09567914 -0.23631317
vn -0.93429886 0.25764167 -0.24638669
vn -0.87273552 0.41950761 -0.24969198
vn -0.77560840 0.58183912 -0.24473424
vn -0.63257064 0.74000432 -0.22857819
vn -0.43303412 0.87955428 -0.19714391
vn -0.17605301 0.97331031 -0.14721540
vn 0.11600051 0.98997054 -0.08063626
vn 0.39812019 0.91730882 -0.00669591
vn 0.62855440 0.77524102 0.06261563
vn 0.79184719 0.59883311 0.11990382
vn 0.89491087 0.41505437 0.16390365
vn 0.95157440 0.23641030 0.19651040
vn 0.97326816 0.06560235 0.22010320
vn 0.96657900 -0.09916841 0.23641205
vn 0.93339281 -0.26106474 0.24621751
vn 0.87127042 -0.42280539 0.24924578
vn 0.77356749 -0.58485448 0.24400528
vn 0.63007075 -0.74242870 0.22761916
vn 0.43054277 -0.88099406 0.19616928
vn 0.17449014 -0.97367500 0.14666350
vn -0.09505828 -0.99532401 0.01714781
vn -0.37611033 -0.92509933 -0.05227100
vn -0.60826639 -0.78565096 -0.11298037
vn -0.77537009 -0.61096659 -0.15975310
vn -0.88309307 -0.42776017 -0.19278971
vn -0.94447285 -0.24880616 -0.21463116
vn -0.97065069 -0.07712303 -0.22779218
vn -0.96818937 0.08888561 -0.23389890
vn -0.93904476 0.25229299 -0.23354482
vn -0.88085122 0.41581067 -0.22627998
vn -0.78697145 0.57995390 -0.21054550
vn -0.64703042 0.74001081 -0.18367264
vn -0.45032416 0.88142016 -0.14250144
vn -0.19562065 0.97693554 -0.08561262
vn 0.09524987 0.99530875 -0.01696937
vn 0.37787827 0.92432281 0.05324811
vn 0.61061146 0.78364315 0.11426746
vn 0.77743629 0.60802919 0.16091401
vn 0.88454174 0.42436883 0.19364146
vn 0.94527771 0.24527448 0.21515225
vn 0.97087346 0.07359259 0.22801064
vn 0.96787791 -0.09236699 0.23383903
vn 0.93820520 -0.25570145 0.23321187
vn 0.87945525 -0.41908764 0.22566349
vn 0.78500102 -0.58294415 0.20964142
vn 0.64459665 -0.74241083 0.18254125
vn 0.44788268 -0.88284509 0.14137060
vn 0.19407904 -0.97730261 0.08492902
vn -0.07394278 -0.99617699 -0.04651742
vn -0.35577374 -0.92778335 -0.11244151
vn -0.59030076 -0.79012186 -0.16508321
vn -0.76085474 -0.61688687 -0.20137192
vn -0.87250310 -0.43463902 -0.22322020
vn -0.93788256 -0.25616673 -0.23399769
vn -0.96796220 -0.08456794 -0.23642642
vn -0.96927081 0.08167992 -0.23203983
vn -0.94378742 0.24560311 -0.22123385
vn -0.88917425 0.40988967 -0.20337062
vn -0.79878717 0.57503942 -0.17682964
vn -0.66216587 0.73631374 -0.13920647
vn -0.46839211 0.87910246 -0.08824789
vn -0.21585184 0.97612365 -0.02430212
vn 0.07413407 0.99616013 0.04657406
vn 0.35755211 0.92699622 0.11328942
vn 0.59268104 0.78809797 0.16622509
vn 0.76297452 0.61393240 0.20237810
vn 0.87401305 0.43123429 0.22391556
vn 0.93875054 0.25262798 0.23436410
vn 0.96824824 0.08103785 0.23649147
vn 0.96902317 -0.08515321 0.23182542
vn 0.94301318 -0.24899588 0.22074238
vn 0.88784558 -0.41314366 0.20258957
vn 0.79688419 -0.57800137 0.17575553
vn 0.65979340 -0.73868447 0.13790547
vn 0.46599412 -0.88050410 0.08695980
vn 0.21432659 -0.97647973 0.02348319
vn -0.05250597 -0.99255103 -0.10993440
vn -0.33540058 -0.92613461 -0.17257209
vn -0.57240679 -0.79064241 -0.21733623
vn -0.74635259 -0.61949008 -0.24328967
vn -0.86180845 -0.43902261 -0.25405775
vn -0.93109628 -0.26195438 -0.25384960
vn -0.96505178 -0.09139787 -0.24560435
vn -0.97018056 0.07413126 -0.23076878
vn -0.94848392 0.23763320 -0.20954408
vn -0.89764349 0.40179292 -0.18110386
vn -0.81098475 0.56712997 -0.14376139
vn -0.67790694 0.72893585 -0.09536617
vn -0.48717802 0.87261879 -0.03455472
vn -0.23669887 0.97089440 0.03657461
vn 0.05269752 0.99254807 0.10986946
vn 0.33719564 0.92534797 0.17329234
vn 0.57482982 0.78860721 0.21833312
vn 0.74853181 0.61651933 0.24413938
vn 0.86338358 0.43560355 0.25459448
vn 0.93202963 0.25840738 0.25405981
vn 0.96540217 0.08786735 0.24551573
vn 0.96999695 -0.07759680 0.23040105
vn 0.94777446 -0.24100994 0.20889659
vn 0.89638059 -0.40502300 0.18016160
vn 0.80914641 -0.57006138 0.14252058
vn 0.67559122 -0.73127270 0.09389751
vn 0.48481732 -0.87398854 0.03310900
vn 0.23518489 -0.97122579 -0.03753034
vn -0.03079009 -0.98444459 -0.17297634
vn -0.31503842 -0.92015339 -0.23252643
vn -0.55464328 -0.78720701 -0.26958478
vn -0.73192670 -0.61875560 -0.28535033
vn -0.85106435 -0.44087097 -0.28517057
vn -0.92415053 -0.26611180 -0.27409907
vn -0.96193060 -0.09754443 -0.25529319
vn -0.97090214 0.06631258 -0.23011231
vn -0.95309135 0.22845318 -0.19855986
vn -0.90619434 0.39158008 -0.15961469
vn -0.82348657 0.55626876 -0.11151202
vn -0.69417522 0.71790087 -0.05233646
vn -0.50661489 0.86197595 0.01840704
vn -0.25811101 0.96124592 0.09687617
vn 0.03098212 0.98447076 0.17279301
vn 0.31685598 0.91937813 0.23312261
vn 0.55711668 0.78516545 0.27043711
vn 0.73417167 0.61577004 0.28604059
vn 0.85270904 0.43743783 0.28554411
vn 0.92515221 0.26255649 0.27414865
vn 0.96234725 0.09401321 0.25504762
vn 0.97078359 -0.06977050 0.22958940
vn 0.95244684 -0.23181369 0.19775597
vn 0.90499630 -0.39478551 0.15851211
vn 0.82171044 -0.55916778 0.11010602
vn 0.69191172 -0.72019965 0.05070134
vn 0.50428502 -0.86330540 -0.02001007
vn 0.25660309 -0.96153895 -0.09796786
vn -0.00883743 -0.97183176 -0.23550993
vn -0.29473002 -0.90982127 -0.29216344
vn -0.53706202 -0.77980262 -0.32167105
vn -0.71763432 -0.61466517 -0.32739533
vn -0.84032297 -0.44015164 -0.31642352
vn -0.91708186 -0.26858910 -0.29465362
vn -0.95861202 -0.10294149 -0.26545443
vn -0.97142138 0.05830003 -0.23009042
vn -0.95756739 0.21814110 -0.18835911
vn -0.91475938 0.37932193 -0.13903293
vn -0.83620836 0.54250852 -0.08025013
vn -0.71088288 0.70323494 -0.01030296
vn -0.52662651 0.84717156 0.07046182
vn -0.28003258 0.94715562 0.15645442
vn 0.00902983 0.97190159 0.23521427
vn 0.29657622 0.90906750 0.29264112
vn 0.53959350 0.77775976 0.32237960
vn 0.71995156 0.61166733 0.32792198
vn 0.84204209 0.43670620 0.31662725
vn 0.91815545 0.26502698 0.29453568
vn 0.95909757 0.09941105 0.26504583
vn 0.97136976 -0.06174915 0.22940758
vn 0.95698875 -0.22148448 0.18739570
vn 0.91362597 -0.38250158 0.13776839
vn 0.83449241 -0.54537337 0.07867850
vn 0.70866724 -0.70549165 0.00850173
vn 0.52432125 -0.84845233 -0.07222104
vn 0.27852500 -0.94739705 -0.15767894
vn 0.01330710 -0.95466392 -0.29738816
vn -0.27451574 -0.89510198 -0.35133113
vn -0.51970925 -0.76840893 -0.37343007
vn -0.70352712 -0.60720307 -0.36926146
vn -0.82963332 -0.43683950 -0.34767772
vn -0.90992679 -0.26934306 -0.31541647
vn -0.95511139 -0.10752666 -0.27604391
vn -0.97172668 0.05017177 -0.23071639
vn -0.96187061 0.20678328 -0.17901286
vn -0.92326890 0.36510052 -0.11948284
vn -0.84905915 0.52591285 -0.05014212
vn -0.72793187 0.68496873 0.03054559
vn -0.54712636 0.82819607 0.12142491
vn -0.30240002 0.92858257 0.21514793
vn -0.01311490 0.95479081 0.29698909
vn 0.27639660 0.89437890 0.35169775
vn 0.52230706 0.76636970 0.37399574
vn 0.70592347 0.60419668 0.36961930
vn 0.83143206 0.43338569 0.34770329
vn 0.91107634 0.26577828 0.31512190
vn 0.95566917 0.10400070 0.27546379
vn 0.97174457 -0.05360892 0.22986642
vn 0.96135962 -0.21010688 0.17788416
vn 0.92220057 -0.36825235 0.11805217
vn 0.84740199 -0.52874102 0.04840257
vn 0.72576000 -0.68717923 -0.03251344
vn 0.54483887 -0.82942039 -0.12333862
vn 0.30088659 -0.92875995 -0.21649991
vn 0.03559367 -0.93287277 -0.35844315
vn -0.25443561 -0.87594347 -0.40986041
vn -0.50262717 -0.75299943 -0.42468551
vn -0.68965195 -0.59635630 -0.41077896
vn -0.81904141 -0.43091686 -0.37878995
vn -0.90272135 -0.26833848 -0.33628654
vn -0.95144596 -0.11124151 -0.28701204
vn -0.97180907 0.04200770 -0.23199674
vn -0.96596124 0.19447293 -0.17058478
vn -0.93165160 0.34900948 -0.10108257
vn -0.86194183 0.50655737 -0.02135229
vn -0.74521348 0.66314002 0.07001566
vn -0.56801481 0.80503696 0.17109844
vn -0.32513958 0.90547095 0.27277575
vn -0.03540247 0.93306844 0.35795244
vn 0.25635737 0.87525905 0.41012498
vn 0.50529957 0.75096905 0.42510920
vn 0.69213440 0.59334680 0.41096174
vn 0.82092517 0.42746119 0.37862751
vn 0.90395124 0.26477801 0.33580464
vn 0.95207973 0.10772678 0.28625012
vn 0.97189974 -0.04542684 0.23097033
vn 0.96552040 -0.19777172 0.16928289
vn 0.93064964 -0.35212931 0.09947964
vn 0.86034256 -0.50934541 0.01944062
vn 0.74308139 -0.66530007 -0.07215164
vn 0.56573818 -0.80619751 -0.17316435
vn 0.32361354 -0.90557307 -0.27424750
vn 0.05796417 -0.90637471 -0.41847944
vn -0.23453114 -0.85228150 -0.46755897
vn -0.48585507 -0.73354380 -0.47524556
vn -0.67605113 -0.58211619 -0.45176942
vn -0.80858997 -0.42237441 -0.40961216
vn -0.89550103 -0.26554772 -0.35715868
vn -0.94763462 -0.11403212 -0.29830403
vn -0.97166242 0.03388817 -0.23393105
vn -0.96980158 0.18130984 -0.16313074
vn -0.93983540 0.33115384 -0.08394370
vn -0.87475351 0.48453154 0.00595724
vn -0.76260769 0.63779735 0.10790756
vn -0.58917806 0.77768300 0.21926779
vn -0.34816415 0.87775518 0.32913153
vn -0.05777513 0.90664875 0.41791156
vn 0.23650021 0.85164218 0.46773203
vn 0.48861076 0.73152756 0.47552807
vn 0.67862698 0.57911071 0.45177009
vn 0.81056416 0.41892640 0.40925104
vn 0.89681576 0.26200215 0.35647774
vn 0.94834844 0.11053903 0.29734887
vn 0.97182957 -0.03727972 0.23271766
vn 0.96943402 -0.18457573 0.16164615
vn 0.93890173 -0.33423526 0.08216039
vn 0.87321198 -0.48727413 -0.00804684
vn 0.76051190 -0.63990194 -0.11021415
vn 0.58690509 -0.77877316 -0.22148313
vn 0.34661806 -0.87777256 -0.33071325
vn 0.08035009 -0.87507700 -0.47726732
vn -0.21484770 -0.82404430 -0.52420555
vn -0.46943069 -0.71001105 -0.52489917
vn -0.66276372 -0.56447935 -0.49204402
vn -0.79831900 -0.41121121 -0.43999105
vn -0.88830043 -0.26095183 -0.37792391
vn -0.94369776 -0.11584993 -0.30986017
vn -0.97128346 0.02589321 -0.23651212
vn -0.97335654 0.16739960 -0.15669848
vn -0.94774822 0.31165062 -0.06817036
vn -0.88738647 0.45994018 0.03162712
vn -0.77998337 0.60900377 0.14401508
vn -0.61048608 0.74613058 0.26569889
vn -0.37137096 0.84536642 0.38397816
vn -0.08016492 0.87543622 0.47663928
vn 0.21687044 0.82345491 0.52429880
vn 0.47227849 0.70801474 0.52504110
vn 0.66544013 0.56148746 0.49185492
vn 0.80038900 0.40778371 0.43941995
vn 0.88970440 0.25743552 0.37703187
vn 0.94449570 0.11239294 0.30870001
vn 0.97153104 -0.02924380 0.23510049
vn 0.97306584 -0.17062075 0.15502076
vn 0.94688548 -0.31468363 0.06619747
vn 0.88590315 -0.46262972 -0.03390194
vn 0.77792069 -0.61104695 -0.14649583
vn 0.60820954 -0.74714436 -0.26806057
vn 0.36979677 -0.84529182 -0.38565800
vn 0.10266942 -0.83888572 -0.53453695
vn -0.19543592 -0.79115928 -0.57954447
vn -0.45339113 -0.68237412 -0.57341263
vn -0.64982560 -0.54345065 -0.53140200
vn -0.78826565 -0.39743635 -0.46976762
vn -0.88115329 -0.25454060 -0.39846953
vn -0.93965701 -0.11665226 -0.32161617
vn -0.97067182 0.01810186 -0.23972596
vn -0.97659415 0.15285276 -0.15132714
vn -0.95531912 0.29062801 -0.05385851
vn -0.89972916 0.43290528 0.05550191
vn -0.79719848 0.57684125 0.17812568
vn -0.63179173 0.71039044 0.31013647
vn -0.39463847 0.80824103 0.43704338
vn -0.10249006 0.83933355 0.53386795
vn 0.19751916 0.79062262 0.57957057
vn 0.45634012 0.68040407 0.57341433
vn 0.65260950 0.54048467 0.53101522
vn 0.79043642 0.39404596 0.46897553
vn 0.88265062 0.25107188 0.39735475
vn 0.94054294 0.11324988 0.32023966
vn 0.97100370 -0.02139378 0.23810528
vn 0.97638406 -0.15601316 0.14944587
vn 0.95453033 -0.29359901 0.05168626
vn 0.89830511 -0.43553115 -0.05797018
vn 0.79516626 -0.57881554 -0.18078492
vn 0.62950421 -0.71132260 -0.31264135
vn 0.39302747 -0.80806996 -0.43880786
vn 0.12482441 -0.79771571 -0.58997331
vn -0.17635425 -0.75356090 -0.63328125
vn -0.43777471 -0.65061487 -0.62052686
vn -0.63727032 -0.51904594 -0.56962957
vn -0.77846458 -0.38106982 -0.49877719
vn -0.87409231 -0.24631307 -0.41867949
vn -0.93553502 -0.11640278 -0.33350354
vn -0.96982999 0.01059097 -0.24355211
vn -0.97948597 0.13778382 -0.14704710
vn -0.96247921 0.26822559 -0.04109497
vn -0.91166760 0.40356731 0.07743133
vn -0.81410086 0.54141538 0.21002185
vn -0.65292974 0.67049597 0.35230372
vn -0.41782440 0.76633059 0.48801659
vn -0.12465327 0.79825147 0.58928445
vn 0.17850437 0.75307774 0.63325359
vn 0.44083353 0.64867856 0.62038853
vn 0.64016826 0.51612117 0.56903737
vn 0.78074065 0.37773693 0.49775381
vn 0.87568649 0.24291462 0.41733158
vn 0.93651229 0.11307786 0.33190077
vn 0.97024971 -0.01380241 0.24171263
vn 0.97936015 -0.14086310 0.14495268
vn 0.96176763 -0.27111667 0.03871394
vn 0.91030449 -0.40611514 -0.08010138
vn 0.81209713 -0.54331113 -0.21286446
vn 0.65062411 -0.67134171 -0.35494870
vn 0.41616774 -0.76606177 -0.48985077
vn 0.14669900 -0.75150267 -0.64321314
vn -0.15767032 -0.71120065 -0.68507935
vn -0.42262140 -0.61473116 -0.66595552
vn -0.62512988 -0.49129548 -0.60649929
vn -0.76894835 -0.36214392 -0.52684933
vn -0.86714902 -0.23627854 -0.43843475
vn -0.93135531 -0.11507215 -0.34544999
vn -0.96876326 0.00343500 -0.24796362
vn -0.98200755 0.12231017 -0.14387979
vn -0.96916286 0.24459343 -0.02995664
vn -0.92308707 0.37208653 0.09727213
vn -0.83052991 0.50285971 0.23948317
vn -0.67371716 0.62651170 0.39190340
vn -0.44076427 0.71961366 0.53654733
vn -0.14653898 0.75212097 0.64252656
vn 0.15989338 0.71076958 0.68501146
vn 0.42579821 0.61283735 0.66567730
vn 0.62814775 0.48843060 0.60569460
vn 0.77133330 0.35889310 0.52558603
vn 0.86884274 0.23297699 0.43684552
vn 0.93242652 0.11185149 0.34361321
vn 0.96927369 -0.00653973 0.24589783
vn 0.98196921 -0.12528366 0.14156441
vn 0.96853164 -0.24738224 0.02735865
vn 0.92178687 -0.37453784 -0.10015172
vn 0.82855334 -0.50466455 -0.24251403
vn 0.67138696 -0.62726639 -0.39468523
vn 0.43905277 -0.71924946 -0.53843558
vn 0.16815760 -0.70021726 -0.69384350
vn -0.13946224 -0.66405871 -0.73455859
vn -0.40797411 -0.57474411 -0.70938448
vn -0.61343527 -0.46024796 -0.64177020
vn -0.75974725 -0.34070556 -0.55380848
vn -0.86035393 -0.22445672 -0.45761370
vn -0.92714203 -0.11263825 -0.35737974
vn -0.96747959 -0.00329561 -0.25292761
vn -0.98413872 0.10655114 -0.14183735
vn -0.97530874 0.21989139 -0.02050933
vn -0.93387408 0.33864355 0.11489018
vn -0.84631863 0.46134001 0.26628965
vn -0.69395431 0.57854261 0.42862089
vn -0.46327012 0.66810929 0.58224631
vn -0.16801165 0.70090745 0.69318167
vn 0.14176377 0.66367597 0.73446391
vn 0.41127595 0.57290321 0.70896686
vn 0.61657757 0.45746534 0.64074767
vn 0.76224361 0.33756512 0.55229925
vn 0.86214875 0.22128254 0.45577798
vn 0.92830869 0.10955243 0.35530443
vn 0.96808264 0.00032733 0.25063098
vn 0.98419022 -0.10939015 0.13929608
vn 0.97476051 -0.22255125 0.01768871
vn 0.93263881 -0.34097554 -0.11798532
vn 0.84436861 -0.46303833 -0.26951281
vn 0.69159383 -0.57920144 -0.43153639
vn 0.46149517 -0.66765587 -0.58417279
vn 0.18904413 -0.64388086 -0.74140391
vn -0.12182000 -0.61215686 -0.78129627
vn -0.39387931 -0.53070668 -0.75047286
vn -0.60221690 -0.42597501 -0.67518893
vn -0.75089038 -0.31681703 -0.57947442
vn -0.85373633 -0.21087881 -0.47609285
vn -0.92291967 -0.10908725 -0.36921438
vn -0.96598950 -0.00953445 -0.25840545
vn -0.98586385 0.09062670 -0.14092292
vn -0.98086090 0.19428811 -0.01280700
vn -0.94391842 0.30343965 0.13016294
vn -0.86129664 0.41705764 0.29022581
vn -0.71342725 0.52674296 0.46212922
vn -0.48513173 0.61189116 0.62468905
vn -0.18891520 0.64462675 0.74078837
vn 0.12420429 0.61181643 0.78118753
vn 0.39731166 0.52893086 0.74991706
vn 0.60548669 0.42330043 0.67394556
vn 0.75349910 0.31381911 0.57771677
vn 0.85563252 0.20786568 0.47400933
vn 0.92418204 0.10616969 0.36689993
vn 0.96668574 0.00673566 0.25587755
vn 0.98600638 -0.09329901 0.13815466
vn 0.98039742 -0.19678823 0.00976159
vn 0.94274981 -0.30562516 -0.13347683
vn 0.85937306 -0.41863030 -0.29364368
vn 0.71103208 -0.52730053 -0.46517474
vn 0.48328573 -0.61135855 -0.62663835
vn 0.20918254 -0.58258243 -0.78539186
vn -0.10484536 -0.55557275 -0.82483112
vn -0.38038776 -0.48271242 -0.78885605
vn -0.59150537 -0.38857540 -0.70649172
vn -0.74240517 -0.29055888 -0.60366390
vn -0.84732444 -0.19558797 -0.49374754
vn -0.91871308 -0.10441312 -0.38087291
vn -0.96430582 -0.01522030 -0.26435324
vn -0.98717202 0.07465642 -0.14113053
vn -0.98576983 0.16795940 -0.00689108
vn -0.95311569 0.26669591 0.14298174
vn -0.87529380 0.37025195 0.31108561
vn -0.73191124 0.47132473 0.49209647
vn -0.50611801 0.55110242 0.66342345
vn -0.20907358 0.58336219 0.78484189
vn 0.10731538 0.55526635 0.82471977
vn 0.38395386 0.48101569 0.78816453
vn 0.59490346 0.38603799 0.70502805
vn 0.74512550 0.28773850 0.60165983
vn 0.84932056 0.19277213 0.49141988
vn 0.92006974 0.10169979 0.37832372
vn 0.96509428 0.01262625 0.26159819
vn 0.98740524 -0.07712713 0.13813872
vn 0.98539152 -0.17026572 0.00362316
vn 0.95201471 -0.26870392 -0.14651349
vn 0.87339696 -0.37167618 -0.31469759
vn 0.72947868 -0.47177444 -0.49526733
vn 0.50419507 -0.55050415 -0.66538148
vn 0.22837876 -0.51649520 -0.82527320
vn -0.08865207 -0.49445380 -0.86467118
vn -0.36755483 -0.43090435 -0.82415101
vn -0.58133178 -0.34817967 -0.73540756
vn -0.73431806 -0.26203127 -0.62619214
vn -0.84114533 -0.17864016 -0.51045297
vn -0.91454701 -0.09861908 -0.39227293
vn -0.96244349 -0.02029757 -0.27072225
vn -0.98805710 0.05875826 -0.14244519
vn -0.98999331 0.14108675 -0.00278969
vn -0.96136945 0.22865223 0.15325449
vn -0.88814419 0.32120152 0.32867839
vn -0.74917645 0.41256371 0.51819478
vn -0.52598189 0.48596912 0.69798071
vn -0.22829179 0.51728196 0.82480436
vn 0.09120859 0.49417126 0.86456681
vn 0.37125492 0.42930241 0.82332814
vn 0.58485637 0.34581108 0.73372865
vn 0.73714708 0.25942554 0.62394917
vn 0.84323826 0.17605919 0.50789014
vn 0.91599488 0.09614689 0.38949858
vn 0.96332138 0.01794480 0.26774969
vn 0.98837880 -0.06099083 0.13923887
vn 0.98969889 -0.14316296 -0.00069295
vn 0.96033593 -0.23044860 -0.15699792
vn 0.88627458 -0.32245111 -0.33247955
vn 0.74670551 -0.41289766 -0.52148481
vn 0.52397853 -0.48532173 -0.69993523
vn 0.24642447 -0.44589197 -0.86049714
vn -0.07336374 -0.42903088 -0.90030565
vn -0.35544002 -0.37548342 -0.85596413
vn -0.57172781 -0.30495418 -0.76166282
vn -0.72665474 -0.23135560 -0.64687517
vn -0.83522513 -0.16010443 -0.52608512
vn -0.91044618 -0.09171703 -0.40333081
vn -0.96041931 -0.02471703 -0.27745959
vn -0.98851772 0.04304730 -0.14484350
vn -0.99349719 0.11385549 -0.00051722
vn -0.96859370 0.18956502 0.16090786
vn -0.89969106 0.27022308 0.34283449
vn -0.76499408 0.35080389 0.54011173
vn -0.54446586 0.41681188 0.72789064
vn -0.24636055 0.44665479 0.86011975
vn 0.07600540 0.42876040 0.90021536
vn 0.35927092 0.37399301 0.85501675
vn 0.57537433 0.30278742 0.75977902
vn 0.72958734 0.22900238 0.64440687
vn 0.83740965 0.15779624 0.52330242
vn 0.91198019 0.08952293 0.40034707
vn 0.96138187 0.02264203 0.27428494
vn 0.98892364 -0.04500495 0.14143755
vn 0.99328331 -0.11566431 -0.00316611
vn 0.96762588 -0.19111376 -0.16485051
vn 0.89784885 -0.27126943 -0.34681456
vn 0.76248575 -0.35101271 -0.54351225
vn 0.54238175 -0.41613382 -0.72983195
vn 0.26310281 -0.37115690 -0.89051640
vn -0.05911231 -0.35962890 -0.93122113
vn -0.34410711 -0.31671496 -0.88390154
vn -0.56272636 -0.25910410 -0.78498670
vn -0.71944020 -0.19867595 -0.66553262
vn -0.82958889 -0.14006374 -0.54052236
vn -0.90643497 -0.08372838 -0.41396281
vn -0.95825166 -0.02843617 -0.28450859
vn -0.98855716 0.02763473 -0.14829387
vn -0.99625595 0.08645271 -0.00007418
vn -0.97471503 0.14970426 0.16588926
vn -0.90979155 0.21766910 0.35341123
vn -0.77914407 0.28645823 0.55756273
vn -0.56131061 0.34405315 0.75270036
vn -0.26306159 0.37186232 0.89023425
vn 0.06183492 0.35935773 0.93114900
vn 0.34806157 0.31535324 0.88283944
vn 0.56648683 0.25717226 0.78291449
vn 0.72246871 0.19661227 0.66285940
vn 0.83185772 0.13806483 0.53754147
vn 0.90804814 0.08184775 0.41079133
vn 0.95929206 0.02667399 0.28115340
vn 0.98904082 -0.02928186 0.14470949
vn 0.99611701 -0.08795759 -0.00378924
vn 0.97380915 -0.15096931 -0.17001181
vn 0.90797612 -0.21848258 -0.35755381
vn 0.77660127 -0.28653121 -0.56106179
vn 0.55914947 -0.34336362 -0.75462129
vn 0.27819595 -0.29279199 -0.91481138
vn -0.04603359 -0.28667412 -0.95692155
vn -0.33362259 -0.25493343 -0.90758191
vn -0.55436129 -0.21087572 -0.80511799
vn -0.71269924 -0.16415970 -0.68199075
vn -0.82426077 -0.11861498 -0.55364671
vn -0.90253730 -0.07468406 -0.42408575
vn -0.95596018 -0.03141988 -0.29180975
vn -0.98818308 0.01262670 -0.15275721
vn -0.99825308 0.05906512 -0.00144733
vn -0.97967436 0.10935024 0.16816858
vn -0.91832115 0.16392363 0.36029892
vn -0.79142377 0.22000527 0.57030351
vn -0.57626539 0.26821903 0.77199530
vn -0.27817511 0.29340638 0.91462085
vn 0.04883069 0.28638920 0.95686822
vn 0.33768933 0.25371678 0.90641807
vn 0.55822425 0.20921011 0.80288032
vn 0.71581339 0.16242013 0.67913981
vn 0.82660458 0.11695899 0.55049565
vn 0.90422068 0.07314923 0.42075426
vn 0.95706958 0.03000244 0.28830136
vn 0.98873580 -0.01393066 0.14902163
vn 0.99818110 -0.06023204 -0.00256893
vn 0.97882451 -0.11029725 -0.17244449
vn 0.91653101 -0.16447494 -0.36458045
vn 0.78885111 -0.21993106 -0.57388523
vn 0.57403468 -0.26753669 -0.77389166
vn 0.29149414 -0.21141630 -0.93291710
vn -0.03426349 -0.21069541 -0.97695110
vn -0.32405490 -0.19054345 -0.92665075
vn -0.54666740 -0.16055693 -0.82181277
vn -0.70645621 -0.12799798 -0.69608630
vn -0.81926390 -0.09586927 -0.56534568
vn -0.89877646 -0.06462462 -0.43361795
vn -0.95356551 -0.03364041 -0.29930110
vn -0.98740732 -0.00187643 -0.15818743
vn -0.99948117 0.03187708 -0.00460989
vn -0.98342852 0.06878939 0.16773896
vn -0.92517835 0.10939540 0.36342490
vn -0.80165612 0.15198192 0.57814269
vn -0.58909880 0.18993458 0.78542184
vn -0.29148958 0.21190836 0.93280688
vn 0.03712567 0.21038442 0.97691355
vn 0.32821855 0.18948646 0.92540124
vn 0.55061816 0.15918513 0.81943867
vn 0.70964339 0.12661251 0.69309128
vn 0.82167138 0.09458508 0.56205854
vn 0.90051924 0.06346330 0.43015986
vn 0.95473318 0.03259517 0.29567229
vn 0.98801835 0.00094385 0.15433354
vn 0.99946587 -0.03267637 0.00047427
vn 0.98262658 -0.06938782 -0.17213462
vn 0.92341080 -0.10965781 -0.36781472
vn 0.79905958 -0.15174934 -0.58178684
vn 0.58680999 -0.18927601 -0.78729196
vn 0.30290467 -0.12870086 -0.94429066
vn -0.02386051 -0.13321086 -0.99080046
vn -0.31543510 -0.12478130 -0.94070735
vn -0.53966538 -0.10909047 -0.83478174
vn -0.70073025 -0.09088536 -0.70761358
vn -0.81461757 -0.07233049 -0.57547069
vn -0.89517093 -0.05391745 -0.44244990
vn -0.95108390 -0.03537667 -0.30690049
vn -0.98624203 -0.01610659 -0.16452122
vn -0.99994387 0.00466896 -0.00951130
vn -0.98596215 0.02778885 0.16464029
vn -0.93030681 0.05382517 0.36281138
vn -0.80970975 0.08209884 0.58105930
vn -0.59958134 0.10887119 0.79287407
vn -0.30271000 0.12697985 0.94458603
vn 0.02699794 0.13089986 0.99102792
vn 0.31985482 0.12221140 0.93955163
vn 0.54380108 0.10668727 0.83240508
vn 0.70403966 0.08883631 0.70458233
vn 0.81710777 0.07063312 0.57214146
vn 0.89697518 0.05249060 0.43895360
vn 0.95230246 0.03412015 0.30324222
vn 0.98689805 0.01492608 0.16065321
vn 0.99996838 -0.00584771 0.00538865
vn 0.98519339 -0.02900456 -0.16897549
vn 0.92856544 -0.05506622 -0.36706121
vn 0.80714339 -0.08332941 -0.58444483
vn 0.59737135 -0.11018029 -0.79435998
vn 0.30290418 -0.04233914 -0.95208007
vn -0.02388794 -0.05175453 -0.99837410
vn -0.31492457 -0.05514496 -0.94751335
vn -0.53851130 -0.05408717 -0.84088058
vn -0.69916822 -0.05060623 -0.71316395
vn -0.81294440 -0.04592603 -0.58052752
vn -0.89363109 -0.04054541 -0.44696706
vn -0.94986156 -0.03454562 -0.31075652
vn -0.98547701 -0.02776839 -0.16752309
vn -0.99973761 -0.01988098 -0.01137801
vn -0.98635576 -0.01039917 0.16429905
vn -0.93121190 0.00122550 0.36447620
vn -0.81080709 0.01522679 0.58511539
vn -0.60037838 0.03060528 0.79913022
vn -0.30303321 0.04440642 0.95194482
vn 0.02667101 0.05330676 0.99822194
vn 0.31900929 0.05645629 0.94606858
vn 0.54239537 0.05541153 0.83829400
vn 0.70231964 0.05204243 0.70995684
vn 0.81534704 0.04748831 0.57702172
vn 0.89539087 0.04222343 0.44327460
vn 0.95105757 0.03632923 0.30687078
vn 0.98611659 0.02965843 0.16338437
vn 0.99973625 0.02189638 0.00692725
vn 0.98553003 0.01257928 -0.16903350
vn 0.92935070 0.00116075 -0.36919633
vn 0.80803046 -0.01266682 -0.58900453
vn 0.59788263 -0.02810656 -0.80109075
f 1//1 2//2 29//29
f 2//2 30//30 29//29
f 2//2 3//3 30//30
f 3//3 31//31 30//30
f 3//3 4//4 31//31
f 4//4 32//32 31//31
f 4//4 5//5 32//32
f 5//5 33//33 32//32
f 5//5 6//6 33//33
f 6//6 34//34 33//33
f 6//6 7//7 34//34
f 7//7 35//35 34//34
f 7//7 8//8 35//35
f 8//8 36//36 35//35
f 8//8 9//9 36//36
f 9//9 37//37 36//36
f 9//9 10//10 37//37
f 10//10 38//38 37//37
f 10//10 11//11 38//38
f 11//11 39//39 38//38
f 11//11 12//12 39//39
f 12//12 40//40 39//39
f 12//12 13//13 40//40
f 13//13 41//41 40//40
f 13//13 14//14 41//41
f 14//14 42//42 41//41
f 14//14 15//15 42//42
f 15//15 43//43 42//42
f 15//15 16//16 43//43
f 16//16 44//44 43//43
f 16//16 17//17 44//44
f 17//17 45//45 44//44
f 17//17 18//18 45//45
f 18//18 46//46 45//45
f 18//18 19//19 46//46
f 19//19 47//47 46//46
f 19//19 20//20 47//47
f 20//20 48//48 47//47
f 20//20 21//21 48//48
f 21//21 49//49 48//48
f 21//21 22//22 49//49
f 22//22 50//50 49//49
f 22//22 23//23 50//50
f 23//23 51//51 50//50
f 23//23 24//24 51//51
f 24//24 52//52 51//51
f 24//24 25//25 52//52
f 25//25 53//53 52//52
f 25//25 26//26 53//53
f 26//26 54//54 53//53
f 26//26 27//27 54//54
f 27//27 55//55 54//54
f 27//27 28//28 55//55
f 28//28 56//56 55//55
f 28//28 1//1 56//56
f 1//1 29//29 56//56
f 29//29 30//30 57//57
f 30//30 58//58 57//57
f 30//30 31//31 58//58
f 31//31 59//59 58//58
f 31//31 32//32 59//59
f 32//32 60//60 59//59
f 32//32 33//33 60//60
f 33//33 61//61 60//60
f 33//33 34//34 61//61
f 34//34 62//62 61//61
f 34//34 35//35 62//62
f 35//35 63//63 62//62
f 35//35 36//36 63//63
f 36//36 64//64 63//63
f 36//36 37//37 64//64
f 37//37 65//65 64//64
f 37//37 38//38 65//65
f 38//38 66//66 65//65
f 38//38 39//39 66//66
f 39//39 67//67 66//66
f 39//39 40//40 67//67
f 40//40 68//68 67//67
f 40//40 41//41 68//68
f 41//41 69//69 68//68
f 41//41 42//42 69//69
f 42//42 70//70 69//69
f 42//42 43//43 70//70
f 43//43 71//71 70//70
f 43//43 44//44 71//71
f 44//44 72//72 71//71
f 44//44 45//45 72//72
f 45//45 73//73 72//72
f 45//45 46//46 73//73
f 46//46 74//74 73//73
f 46//46 47//47 74//74
f 47//47 75//75 74//74
f 47//47 48//48 75//75
f 48//48 76//76 75//75
f 48//48 49//49 76//76
f 49//49 77//77 76//76
f 49//49 50//50 77//77
f 50//50 78//78 77//77
f 50//50 51//51 78//78
f 51//51 79//79 78//78
f 51//51 52//52 79//79
f 52//52 80//80 79//79
f 52//52 53//53 80//80
f 53//53 81//81 80//80
f 53//53 54//54 81//81
f 54//54 82//82 81//81
f 54//54 55//55 82//82
f 55//55 83//83 82//82
f 55//55 56//56 83//83
f 56//56 84//84 83//83
f 56//56 29//29 84//84
f 29//29 57//57 84//84
f 57//57 58//58 85//85
f 58//58 86//86 85//85
f 58//58 59//59 86//86
f 59//59 87//87 86//86
f 59//59 60//60 87//87
f 60//60 88//88 87//87
f 60//60 61//61 88//88
f 61//61 89//89 88//88
f 61//61 62//62 89//89
f 62//62 90//90 89//89
f 62//62 63//63 90//90
f 63//63 91//91 90//90
f 63//63 64//64 91//91
f 64//64 92//92 91//91
f 64//64 65//65 92//92
f 65//65 93//93 92//92
f 65//65 66//66 93//93
f 66//66 94//94 93//93
f 66//66 67//67 94//94
f 67//67 95//95 94//94
f 67//67 68//68 95//95
f 68//68 96//96 95//95
f 68//68 69//69 96//96
f 69//69 97//97 96//96
f 69//69 70//70 97//97
f 70//70 98//98 97//97
f 70//70 71//71 98//98
f 71//71 99//99 98//98
f 71//71 72//72 99//99
f 72//72 100//100 99//99
f 72//72 73//73 100//100
f 73//73 101//101 100//100
f 73//73 74//74 101//101
f 74//74 102//102 101//101
f 74//74 75//75 102//102
f 75//75 103//103 102//102
f 75//75 76//76 103//103
f 76//76 104//104 103//103
f 76//76 77//77 104//104
f 77//77 105//105 104//104
f 77//77 78//78 105//105
f 78//78 106//106 105//105
f 78//78 79//79 106//106
f 79//79 107//107 106//106
f 79//79 80//80 107//107
f 80//80 108//108 107//107
f 80//80 81//81 108//108
f 81//81 109//109 108//108
f 81//81 82//82 109//109
f 82//82 110//110 109//109
f 82//82 83//83 110//110
f 83//83 111//111 110//110
f 83//83 84//84 111//111
f 84//84 112//112 111//111
f 84//84 57//57 112//112
f 57//57 85//85 112//112
f 85//85 86//86 113//113
f 86//86 114//114 113//113
f 86//86 87//87 114//114
f 87//87 115//115 114//114
f 87//87 88//88 115//115
f 88//88 116//116 115//115
f 88//88 89//89 116//116
f 89//89 117//117 116//116
f 89//89 90//90 117//117
f 90//90 118//118 117//117
f 90//90 91//91 118//118
f 91//91 119//119 118//118
f 91//91 92//92 119//119
f 92//92 120//120 119//119
f 92//92 93//93 120//120
f 93//93 121//121 120//120
f 93//93 94//94 121//121
f 94//94 122//122 121//121
f 94//94 95//95 122//122
f 95//95 123//123 122//122
f 95//95 96//96 123//123
f 96//96 124//124 123//123
f 96//96 97//97 124//124
f 97//97 125//125 124//124
f 97//97 98//98 125//125
f 98//98 126//126 125//125
f 98//98 99//99 126//126
f 99//99 127//127 126//126
f 99//99 100//100 127//127
f 100//100 128//128 127//127
f 100//100 101//101 128//128
f 101//101 129//129 128//128
f 101//101 102//102 129//129
f 102//102 130//130 129//129
f 102//102 103//103 130//130
f 103//103 131//131 130//130
f 103//103 104//104 131//131
f 104//104 132//132 131//131
f 104//104 105//105 132//132
f 105//105 133//133 132//132
f 105//105 106//106 133//133
f 106//106 134//134 133//133
f 106//106 107//107 134//134
f 107//107 135//135 134//134
f 107//107 108//108 135//135
f 108//108 136//136 135//135
f 108//108 109//109 136//136
f 109//109 137//137 136//136
f 109//109 110//110 137//137
f 110//110 138//138 137//137
f 110//110 111//111 138//138
f 111//111 139//139 138//138
f 111//111 112//112 139//139
f 112//112 140//140 139//139
f 112//112 85//85 140//140
f 85//85 113//113 140//140
f 113//113 114//114 141//141
f 114//114 142//142 141//141
f 114//114 115//115 142//142
f 115//115 143//143 142//142
f 115//115 116//116 143//143
f 116//116 144//144 143//143
f 116//116 117//117 144//144
f 117//117 145//145 144//144
f 117//117 118//118 145//145
f 118//118 146//146 145//145
f 118//118 119//119 146//146
f 119//119 147//147 146//146
f 119//119 120//120 147//147
f 120//120 148//148 147//147
f 120//120 121//121 148//148
f 121//121 149//149 148//148
f 121//121 122//122 149//149
f 122//122 150//150 149//149
f 122//122 123//123 150//150
f 123//123 151//151 150//150
f 123//123 124//124 151//151
f 124//124 152//152 151//151
f 124//124 125//125 152//152
f 125//125 153//153 152//152
f 125//125 126//126 153//153
f 126//126 154//154 153//153
f 126//126 127//127 154//154
f 127//127 155//155 154//154
f 127//127 128//128 155//155
f 128//128 156//156 155//155
f 128//128 129//129 156//156
f 129//129 157//157 156//156
f 129//129 130//130 157//157
f 130//130 158//158 157//157
f 130//130 131//131 158//158
f 131//131 159//159 158//158
f 131//131 132//132 159//159
f 132//132 160//160 159//159
f 132//132 133//133 160//160
f 133//133 161//161 160//160
f 133//133 134//134 161//161
f 134//134 162//162 161//161
f 134//134 135//135 162//162
f 135//135 163//163 162//162
f 135//135 136//136 163//163
f 136//136 164//164 163//163
f 136//136 137//137 164//164
f 137//137 165//165 164//164
f 137//137 138//138 165//165
f 138//138 166//166 165//165
f 138//138 139//139 166//166
f 139//139 167//167 166//166
f 139//139 140//140 167//167
f 140//140 168//168 167//167
f 140//140 113//113 168//168
f 113//113 141//141 168//168
f 141//141 142//142 169//169
f 142//142 170//170 169//169
f 142//142 143//143 170//170
f 143//143 171//171 170//170
f 143//143 144//144 171//171
f 144//144 172//172 171//171
f 144//144 145//145 172//172
f 145//145 173//173 172//172
f 145//145 146//146 173//173
f 146//146 174//174 173//173
f 146//146 147//147 174//174
f 147//147 175//175 174//174
f 147//147 148//148 175//175
f 148//148 176//176 175//175
f 148//148 149//149 176//176
f 149//149 177//177 176//176
f 149//149 150//150 177//177
f 150//150 178//178 177//177
f 150//150 151//151 178//178
f 151//151 179//179 178//178
f 151//151 152//152 179//179
f 152//152 180//180 179//179
f 152//152 153//153 180//180
f 153//153 181//181 180//180
f 153//153 154//154 181//181
f 154//154 182//182 181//181
f 154//154 155//155 182//182
f 155//155 183//183 182//182
f 155//155 156//156 183//183
f 156//156 184//184 183//183
f 156//156 157//157 184//184
f 157//157 185//185 184//184
f 157//157 158//158 185//185
f 158//158 186//186 185//185
f 158//158 159//159 186//186
f 159//159 187//187 186//186
f 159//159 160//160 187//187
f 160//160 188//188 187//187
f 160//160 161//161 188//188
f 161//161 189//189 188//188
f 161//161 162//162 189//189
f 162//162 190//190 189//189
f 162//162 163//163 190//190
f 163//163 191//191 190//190
f 163//163 164//164 191//191
f 164//164 192//192 191//191
f 164//164 165//165 192//192
f 165//165 193//193 192//192
f 165//165 166//166 193//193
f 166//166 194//194 193//193
f 166//166 167//167 194//194
f 167//167 195//195 194//194
f 167//167 168//168 195//195
f 168//168 196//196 195//195
f 168//168 141//141 196//196
f 141//141 169//169 196//196
f 169//169 170//170 197//197
f 170//170 198//198 197//197
f 170//170 171//171 198//198
f 171//171 199//199 198//198
f 171//171 172//172 199//199
f 172//172 200//200 199//199
f 172//172 173//173 200//200
f 173//173 201//201 200//200
f 173//173 174//174 201//201
f 174//174 202//202 201//201
f 174//174 175//175 202//202
f 175//175 203//203 202//202
f 175//175 176//176 203//203
f 176//176 204//204 203//203
f 176//176 177//177 204//204
f 177//177 205//205 204//204
f 177//177 178//178 205//205
f 178//178 206//206 205//205
f 178//178 179//179 206//206
f 179//179 207//207 206//206
f 179//179 180//180 207//207
f 180//180 208//208 207//207
f 180//180 181//181 208//208
f 181//181 209//209 208//208
f 181//181 182//182 209//209
f 182//182 210//210 209//209
f 182//182 183//183 210//210
f 183//183 211//211 210//210
f 183//183 184//184 211//211
f 184//184 212//212 211//211
f 184//184 185//185 212//212
f 185//185 213//213 212//212
f 185//185 186//186 213//213
f 186//186 214//214 213//213
f 186//186 187//187 214//214
f 187//187 215//215 214//214
f 187//187 188//188 215//215
f 188//188 216//216 215//215
f 188//188 189//189 216//216
f 189//189 217//217 216//216
f 189//189 190//190 217//217
f 190//190 218//218 217//217
f 190//190 191//191 218//218
f 191//191 219//219 218//218
f 191//191 192//192 219//219
f 192//192 220//220 219//219
f 192//192 193//193 220//220
f 193//193 221//221 220//220
f 193//193 194//194 221//221
f 194//194 222//222 221//221
f 194//194 195//195 222//222
f 195//195 223//223 222//222
f 195//195 196//196 223//223
f 196//196 224//224 223//223
f 196//196 169//169 224//224
f 169//169 197//197 224//224
f 197//197 198//198 225//225
f 198//198 226//226 225//225
f 198//198 199//199 226//226
f 199//199 227//227 226//226
f 199//199 200//200 227//227
f 200//200 228//228 227//227
f 200//200 201//201 228//228
f 201//201 229//229 228//228
f 201//201 202//202 229//229
f 202//202 230//230 229//229
f 202//202 203//203 230//230
f 203//203 231//231 230//230
f 203//203 204//204 231//231
f 204//204 232//232 231//231
f 204//204 205//205 232//232
f 205//205 233//233 232//232
f 205//205 206//206 233//233
f 206//206 234//234 233//233
f 206//206 207//207 234//234
f 207//207 235//235 234//234
f 207//207 208//208 235//235
f 208//208 236//236 235//235
f 208//208 209//209 236//236
f 209//209 237//237 236//236
f 209//209 210//210 237//237
f 210//210 238//238 237//237
f 210//210 211//211 238//238
f 211//211 239//239 238//238
f 211//211 212//212 239//239
f 212//212 240//240 239//239
f 212//212 213//213 240//240
f 213//213 241//241 240//240
f 213//213 214//214 241//241
f 214//214 242//242 241//241
f 214//214 215//215 242//242
f 215//215 243//243 242//242
f 215//215 216//216 243//243
f 216//216 244//244 243//243
f 216//216 217//217 244//244
f 217//217 245//245 244//244
f 217//217 218//218 245//245
f 218//218 246//246 245//245
f 218//218 219//219 246//246
f 219//219 247//247 246//246
f 219//219 220//220 247//247
f 220//220 248//248 247//247
f 220//220 221//221 248//248
f 221//221 249//249 248//248
f 221//221 222//222 249//249
f 222//222 250//250 249//249
f 222//222 223//223 250//250
f 223//223 251//251 250//250
f 223//223 224//224 251//251
f 224//224 252//252 251//251
f 224//224 197//197 252//252
f 197//197 225//225 252//252
f 225//225 226//226 253//253
f 226//226 254//254 253//253
f 226//226 227//227 254//254
f 227//227 255//255 254//254
f 227//227 228//228 255//255
f 228//228 256//256 255//255
f 228//228 229//229 256//256
f 229//229 257//257 256//256
f 229//229 230//230 257//257
f 230//230 258//258 257//257
f 230//230 231//231 258//258
f 231//231 259//259 258//258
f 231//231 232//232 259//259
f 232//232 260//260 259//259
f 232//232 233//233 260//260
f 233//233 261//261 260//260
f 233//233 234//234 261//261
f 234//234 262//262 261//261
f 234//234 235//235 262//262
f 235//235 263//263 262//262
f 235//235 236//236 263//263
f 236//236 264//264 263//263
f 236//236 237//237 264//264
f 237//237 265//265 264//264
f 237//237 238//238 265//265
f 238//238 266//266 265//265
f 238//238 239//239 266//266
f 239//239 267//267 266//266
f 239//239 240//240 267//267
f 240//240 268//268 267//267
f 240//240 241//241 268//268
f 241//241 269//269 268//268
f 241//241 242//242 269//269
f 242//242 270//270 269//269
f 242//242 243//243 270//270
f 243//243 271//271 270//270
f 243//243 244//244 271//271
f 244//244 272//272 271//271
f 244//244 245//245 272//272
f 245//245 273//273 272//272
f 245//245 246//246 273//273
f 246//246 274//274 273//273
f 246//246 247//247 274//274
f 247//247 275//275 274//274
f 247//247 248//248 275//275
f 248//248 276//276 275//275
f 248//248 249//249 276//276
f 249//249 277//277 276//276
f 249//249 250//250 277//277
f 250//250 278//278 277//277
f 250//250 251//251 278//278
f 251//251 279//279 278//278
f 251//251 252//252 279//279
f 252//252 280//280 279//279
f 252//252 225//225 280//280
f 225//225 253//253 280//280
f 253//253 254//254 281//281
f 254//254 282//282 281//281
f 254//254 255//255 282//282
f 255//255 283//283 282//282
f 255//255 256//256 283//283
f 256//256 284//284 283//283
f 256//256 257//257 284//284
f 257//257 285//285 284//284
f 257//257 258//258 285//285
f 258//258 286//286 285//285
f 258//258 259//259 286//286
f 259//259 287//287 286//286
f 259//259 260//260 287//287
f 260//260 288//288 287//287
f 260//260 261//261 288//288
f 261//261 289//289 288//288
f 261//261 262//262 289//289
f 262//262 290//290 289//289
f 262//262 263//263 290//290
f 263//263 291//291 290//290
f 263//263 264//264 291//291
f 264//264 292//292 291//291
f 264//264 265//265 292//292
f 265//265 293//293 292//292
f 265//265 266//266 293//293
f 266//266 294//294 293//293
f 266//266 267//267 294//294
f 267//267 295//295 294//294
f 267//267 268//268 295//295
f 268//268 296//296 295//295
f 268//268 269//269 296//296
f 269//269 297//297 296//296
f 269//269 270//270 297//297
f 270//270 298//298 297//297
f 270//270 271//271 298//298
f 271//271 299//299 298//298
f 271//271 272//272 299//299
f 272//272 300//300 299//299
f 272//272 273//273 300//300
f 273//273 301//301 300//300
f 273//273 274//274 301//301
f 274//274 302//302 301//301
f 274//274 275//275 302//302
f 275//275 303//303 302//302
f 275//275 276//276 303//303
f 276//276 304//304 303//303
f 276//276 277//277 304//304
f 277//277 305//305 304//304
f 277//277 278//278 305//305
f 278//278 306//306 305//305
f 278//278 279//279 306//306
f 279//279 307//307 306//306
f 279//279 280//280 307//307
f 280//280 308//308 307//307
f 280//280 253//253 308//308
f 253//253 281//281 308//308
f 281//281 282//282 309//309
f 282//282 310//310 309//309
f 282//282 283//283 310//310
f 283//283 311//311 310//310
f 283//283 284//284 311//311
f 284//284 312//312 311//311
f 284//284 285//285 312//312
f 285//285 313//313 312//312
f 285//285 286//286 313//313
f 286//286 314//314 313//313
f 286//286 287//287 314//314
f 287//287 315//315 314//314
f 287//287 288//288 315//315
f 288//288 316//316 315//315
f 288//288 289//289 316//316
f 289//289 317//317 316//316
f 289//289 290//290 317//317
f 290//290 318//318 317//317
f 290//290 291//291 318//318
f 291//291 319//319 318//318
f 291//291 292//292 319//319
f 292//292 320//320 319//319
f 292//292 293//293 320//320
f 293//293 321//321 320//320
f 293//293 294//294 321//321
f 294//294 322//322 321//321
f 294//294 295//295 322//322
f 295//295 323//323 322//322
f 295//295 296//296 323//323
f 296//296 324//324 323//323
f 296//296 297//297 324//324
f 297//297 325//325 324//324
f 297//297 298//298 325//325
f 298//298 326//326 325//325
f 298//298 299//299 326//326
f 299//299 327//327 326//326
f 299//299 300//300 327//327
f 300//300 328//328 327//327
f 300//300 301//301 328//328
f 301//301 329//329 328//328
f 301//301 302//302 329//329
f 302//302 330//330 329//329
f 302//302 303//303 330//330
f 303//303 331//331 330//330
f 303//303 304//304 331//331
f 304//304 332//332 331//331
f 304//304 305//305 332//332
f 305//305 333//333 332//332
f 305//305 306//306 333//333
f 306//306 334//334 333//333
f 306//306 307//307 334//334
f 307//307 335//335 334//334
f 307//307 308//308 335//335
f 308//308 336//336 335//335
f 308//308 281//281 336//336
f 281//281 309//309 336//336
f 309//309 310//310 337//337
f 310//310 338//338 337//337
f 310//310 311//311 338//338
f 311//311 339//339 338//338
f 311//311 312//312 339//339
f 312//312 340//340 339//339
f 312//312 313//313 340//340
f 313//313 341//341 340//340
f 313//313 314//314 341//341
f 314//314 342//342 341//341
f 314//314 315//315 342//342
f 315//315 343//343 342//342
f 315//315 316//316 343//343
f 316//316 344//344 343//343
f 316//316 317//317 344//344
f 317//317 345//345 344//344
f 317//317 318//318 345//345
f 318//318 346//346 345//345
f 318//318 319//319 346//346
f 319//319 347//347 346//346
f 319//319 320//320 347//347
f 320//320 348//348 347//347
f 320//320 321//321 348//348
f 321//321 349//349 348//348
f 321//321 322//322 349//349
f 322//322 350//350 349//349
f 322//322 323//323 350//350
f 323//323 351//351 350//350
f 323//323 324//324 351//351
f 324//324 352//352 351//351
f 324//324 325//325 352//352
f 325//325 353//353 352//352
f 325//325 326//326 353//353
f 326//326 354//354 353//353
f 326//326 327//327 354//354
f 327//327 355//355 354//354
f 327//327 328//328 355//355
f 328//328 356//356 355//355
f 328//328 329//329 356//356
f 329//329 357//357 356//356
f 329//329 330//330 357//357
f 330//330 358//358 357//357
f 330//330 331//331 358//358
f 331//331 359//359 358//358
f 331//331 332//332 359//359
f 332//332 360//360 359//359
f 332//332 333//333 360//360
f 333//333 361//361 360//360
f 333//333 334//334 361//361
f 334//334 362//362 361//361
f 334//334 335//335 362//362
f 335//335 363//363 362//362
f 335//335 336//336 363//363
f 336//336 364//364 363//363
f 336//336 309//309 364//364
f 309//309 337//337 364//364
f 337//337 338//338 365//365
f 338//338 366//366 365//365
f 338//338 339//339 366//366
f 339//339 367//367 366//366
f 339//339 340//340 367//367
f 340//340 368//368 367//367
f 340//340 341//341 368//368
f 341//341 369//369 368//368
f 341//341 342//342 369//369
f 342//342 370//370 369//369
f 342//342 343//343 370//370
f 343//343 371//371 370//370
f 343//343 344//344 371//371
f 344//344 372//372 371//371
f 344//344 345//345 372//372
f 345//345 373//373 372//372
f 345//345 346//346 373//373
f 346//346 374//374 373//373
f 346//346 347//347 374//374
f 347//347 375//375 374//374
f 347//347 348//348 375//375
f 348//348 376//376 375//375
f 348//348 349//349 376//376
f 349//349 377//377 376//376
f 349//349 350//350 377//377
f 350//350 378//378 377//377
f 350//350 351//351 378//378
f 351//351 379//379 378//378
f 351//351 352//352 379//379
f 352//352 380//380 379//379
f 352//352 353//353 380//380
f 353//353 381//381 380//380
f 353//353 354//354 381//381
f 354//354 382//382 381//381
f 354//354 355//355 382//382
f 355//355 383//383 382//382
f 355//355 356//356 383//383
f 356//356 384//384 383//383
f 356//356 357//357 384//384
f 357//357 385//385 384//384
f 357//357 358//358 385//385
f 358//358 386//386 385//385
f 358//358 359//359 386//386
f 359//359 387//387 386//386
f 359//359 360//360 387//387
f 360//360 388//388 387//387
f 360//360 361//361 388//388
f 361//361 389//389 388//388
f 361//361 362//362 389//389
f 362//362 390//390 389//389
f 362//362 363//363 390//390
f 363//363 391//391 390//390
f 363//363 364//364 391//391
f 364//364 392//392 391//391
f 364//364 337//337 392//392
f 337//337 365//365 392//392
f 365//365 366//366 393//393
f 366//366 394//394 393//393
f 366//366 367//367 394//394
f 367//367 395//395 394//394
f 367//367 368//368 395//395
f 368//368 396//396 395//395
f 368//368 369//369 396//396
f 369//369 397//397 396//396
f 369//369 370//370 397//397
f 370//370 398//398 397//397
f 370//370 371//371 398//398
f 371//371 399//399 398//398
f 371//371 372//372 399//399
f 372//372 400//400 399//399
f 372//372 373//373 400//400
f 373//373 401//401 400//400
f 373//373 374//374 401//401
f 374//374 402//402 401//401
f 374//374 375//375 402//402
f 375//375 403//403 402//402
f 375//375 376//376 403//403
f 376//376 404//404 403//403
f 376//376 377//377 404//404
f 377//377 405//405 404//404
f 377//377 378//378 405//405
f 378//378 406//406 405//405
f 378//378 379//379 406//406
f 379//379 407//407 406//406
f 379//379 380//380 407//407
f 380//380 408//408 407//407
f 380//380 381//381 408//408
f 381//381 409//409 408//408
f 381//381 382//382 409//409
f 382//382 410//410 409//409
f 382//382 383//383 410//410
f 383//383 411//411 410//410
f 383//383 384//384 411//411
f 384//384 412//412 411//411
f 384//384 385//385 412//412
f 385//385 413//413 412//412
f 385//385 386//386 413//413
f 386//386 414//414 413//413
f 386//386 387//387 414//414
f 387//387 415//415 414//414
f 387//387 388//388 415//415
f 388//388 416//416 415//415
f 388//388 389//389 416//416
f 389//389 417//417 416//416
f 389//389 390//390 417//417
f 390//390 418//418 417//417
f 390//390 391//391 418//418
f 391//391 419//419 418//418
f 391//391 392//392 419//419
f 392//392 420//420 419//419
f 392//392 365//365 420//420
f 365//365 393//393 420//420
f 393//393 394//394 421//421
f 394//394 422//422 421//421
f 394//394 395//395 422//422
f 395//395 423//423 422//422
f 395//395 396//396 423//423
f 396//396 424//424 423//423
f 396//396 397//397 424//424
f 397//397 425//425 424//424
f 397//397 398//398 425//425
f 398//398 426//426 425//425
f 398//398 399//399 426//426
f 399//399 427//427 426//426
f 399//399 400//400 427//427
f 400//400 428//428 427//427
f 400//400 401//401 428//428
f 401//401 429//429 428//428
f 401//401 402//402 429//429
f 402//402 430//430 429//429
f 402//402 403//403 430//430
f 403//403 431//431 430//430
f 403//403 404//404 431//431
f 404//404 432//432 431//431
f 404//404 405//405 432//432
f 405//405 433//433 432//432
f 405//405 406//406 433//433
f 406//406 434//434 433//433
f 406//406 407//407 434//434
f 407//407 435//435 434//434
f 407//407 408//408 435//435
f 408//408 436//436 435//435
f 408//408 409//409 436//436
f 409//409 437//437 436//436
f 409//409 410//410 437//437
f 410//410 438//438 437//437
f 410//410 411//411 438//438
f 411//411 439//439 438//438
f 411//411 412//412 439//439
f 412//412 440//440 439//439
f 412//412 413//413 440//440
f 413//413 441//441 440//440
f 413//413 414//414 441//441
f 414//414 442//442 441//441
f 414//414 415//415 442//442
f 415//415 443//443 442//442
f 415//415 416//416 443//443
f 416//416 444//444 443//443
f 416//416 417//417 444//444
f 417//417 445//445 444//444
f 417//417 418//418 445//445
f 418//418 446//446 445//445
f 418//418 419//419 446//446
f 419//419 447//447 446//446
f 419//419 420//420 447//447
f 420//420 448//448 447//447
f 420//420 393//393 448//448
f 393//393 421//421 448//448
f 421//421 422//422 449//449
f 422//422 450//450 449//449
f 422//422 423//423 450//450
f 423//423 451//451 450//450
f 423//423 424//424 451//451
f 424//424 452//452 451//451
f 424//424 425//425 452//452
f 425//425 453//453 452//452
f 425//425 426//426 453//453
f 426//426 454//454 453//453
f 426//426 427//427 454//454
f 427//427 455//455 454//454
f 427//427 428//428 455//455
f 428//428 456//456 455//455
f 428//428 429//429 456//456
f 429//429 457//457 456//456
f 429//429 430//430 457//457
f 430//430 458//458 457//457
f 430//430 431//431 458//458
f 431//431 459//459 458//458
f 431//431 432//432 459//459
f 432//432 460//460 459//459
f 432//432 433//433 460//460
f 433//433 461//461 460//460
f 433//433 434//434 461//461
f 434//434 462//462 461//461
f 434//434 435//435 462//462
f 435//435 463//463 462//462
f 435//435 436//436 463//463
f 436//436 464//464 463//463
f 436//436 437//437 464//464
f 437//437 465//465 464//464
f 437//437 438//438 465//465
f 438//438 466//466 465//465
f 438//438 439//439 466//466
f 439//439 467//467 466//466
f 439//439 440//440 467//467
f 440//440 468//468 467//467
f 440//440 441//441 468//468
f 441//441 469//469 468//468
f 441//441 442//442 469//469
f 442//442 470//470 469//469
f 442//442 443//443 470//470
f 443//443 471//471 470//470
f 443//443 444//444 471//471
f 444//444 472//472 471//471
f 444//444 445//445 472//472
f 445//445 473//473 472//472
f 445//445 446//446 473//473
f 446//446 474//474 473//473
f 446//446 447//447 474//474
f 447//447 475//475 474//474
f 447//447 448//448 475//475
f 448//448 476//476 475//475
f 448//448 421//421 476//476
f 421//421 449//449 476//476
f 449//449 450//450 477//477
f 450//450 478//478 477//477
f 450//450 451//451 478//478
f 451//451 479//479 478//478
f 451//451 452//452 479//479
f 452//452 480//480 479//479
f 452//452 453//453 480//480
f 453//453 481//481 480//480
f 453//453 454//454 481//481
f 454//454 482//482 481//481
f 454//454 455//455 482//482
f 455//455 483//483 482//482
f 455//455 456//456 483//483
f 456//456 484//484 483//483
f 456//456 457//457 484//484
f 457//457 485//485 484//484
f 457//457 458//458 485//485
f 458//458 486//486 485//485
f 458//458 459//459 486//486
f 459//459 487//487 486//486
f 459//459 460//460 487//487
f 460//460 488//488 487//487
f 460//460 461//461 488//488
f 461//461 489//489 488//488
f 461//461 462//462 489//489
f 462//462 490//490 489//489
f 462//462 463//463 490//490
f 463//463 491//491 490//490
f 463//463 464//464 491//491
f 464//464 492//492 491//491
f 464//464 465//465 492//492
f 465//465 493//493 492//492
f 465//465 466//466 493//493
f 466//466 494//494 493//493
f 466//466 467//467 494//494
f 467//467 495//495 494//494
f 467//467 468//468 495//495
f 468//468 496//496 495//495
f 468//468 469//469 496//496
f 469//469 497//497 496//496
f 469//469 470//470 497//497
f 470//470 498//498 497//497
f 470//470 471//471 498//498
f 471//471 499//499 498//498
f 471//471 472//472 499//499
f 472//472 500//500 499//499
f 472//472 473//473 500//500
f 473//473 501//501 500//500
f 473//473 474//474 501//501
f 474//474 502//502 501//501
f 474//474 475//475 502//502
f 475//475 503//503 502//502
f 475//475 476//476 503//503
f 476//476 504//504 503//503
f 476//476 449//449 504//504
f 449//449 477//477 504//504
f 477//477 478//478 505//505
f 478//478 506//506 505//505
f 478//478 479//479 506//506
f 479//479 507//507 506//506
f 479//479 480//480 507//507
f 480//480 508//508 507//507
f 480//480 481//481 508//508
f 481//481 509//509 508//508
f 481//481 482//482 509//509
f 482//482 510//510 509//509
f 482//482 483//483 510//510
f 483//483 511//511 510//510
f 483//483 484//484 511//511
f 484//484 512//512 511//511
f 484//484 485//485 512//512
f 485//485 513//513 512//512
f 485//485 486//486 513//513
f 486//486 514//514 513//513
f 486//486 487//487 514//514
f 487//487 515//515 514//514
f 487//487 488//488 515//515
f 488//488 516//516 515//515
f 488//488 489//489 516//516
f 489//489 517//517 516//516
f 489//489 490//490 517//517
f 490//490 518//518 517//517
f 490//490 491//491 518//518
f 491//491 519//519 518//518
f 491//491 492//492 519//519
f 492//492 520//520 519//519
f 492//492 493//493 520//520
f 493//493 521//521 520//520
f 493//493 494//494 521//521
f 494//494 522//522 521//521
f 494//494 495//495 522//522
f 495//495 523//523 522//522
f 495//495 496//496 523//523
f 496//496 524//524 523//523
f 496//496 497//497 524//524
f 497//497 525//525 524//524
f 497//497 498//498 525//525
f 498//498 526//526 525//525
f 498//498 499//499 526//526
f 499//499 527//527 526//526
f 499//499 500//500 527//527
f 500//500 528//528 527//527
f 500//500 501//501 528//528
f 501//501 529//529 528//528
f 501//501 502//502 529//529
f 502//502 530//530 529//529
f 502//502 503//503 530//530
f 503//503 531//531 530//530
f 503//503 504//504 531//531
f 504//504 532//532 531//531
f 504//504 477//477 532//532
f 477//477 505//505 532//532
f 505//505 506//506 533//533
f 506//506 534//534 533//533
f 506//506 507//507 534//534
f 507//507 535//535 534//534
f 507//507 508//508 535//535
f 508//508 536//536 535//535
f 508//508 509//509 536//536
f 509//509 537//537 536//536
f 509//509 510//510 537//537
f 510//510 538//538 537//537
f 510//510 511//511 538//538
f 511//511 539//539 538//538
f 511//511 512//512 539//539
f 512//512 540//540 539//539
f 512//512 513//513 540//540
f 513//513 541//541 540//540
f 513//513 514//514 541//541
f 514//514 542//542 541//541
f 514//514 515//515 542//542
f 515//515 543//543 542//542
f 515//515 516//516 543//543
f 516//516 544//544 543//543
f 516//516 517//517 544//544
f 517//517 545//545 544//544
f 517//517 518//518 545//545
f 518//518 546//546 545//545
f 518//518 519//519 546//546
f 519//519 547//547 546//546
f 519//519 520//520 547//547
f 520//520 548//548 547//547
f 520//520 521//521 548//548
f 521//521 549//549 548//548
f 521//521 522//522 549//549
f 522//522 550//550 549//549
f 522//522 523//523 550//550
f 523//523 551//551 550//550
f 523//523 524//524 551//551
f 524//524 552//552 551//551
f 524//524 525//525 552//552
f 525//525 553//553 552//552
f 525//525 526//526 553//553
f 526//526 554//554 553//553
f 526//526 527//527 554//554
f 527//527 555//555 554//554
f 527//527 528//528 555//555
f 528//528 556//556 555//555
f 528//528 529//529 556//556
f 529//529 557//557 556//556
f 529//529 530//530 557//557
f 530//530 558//558 557//557
f 530//530 531//531 558//558
f 531//531 559//559 558//558
f 531//531 532//532 559//559
f 532//532 560//560 559//559
f 532//532 505//505 560//560
f 505//505 533//533 560//560
f 533//533 534//534 561//561
f 534//534 562//562 561//561
f 534//534 535//535 562//562
f 535//535 563//563 562//562
f 535//535 536//536 563//563
f 536//536 564//564 563//563
f 536//536 537//537 564//564
f 537//537 565//565 564//564
f 537//537 538//538 565//565
f 538//538 566//566 565//565
f 538//538 539//539 566//566
f 539//539 567//567 566//566
f 539//539 540//540 567//567
f 540//540 568//568 567//567
f 540//540 541//541 568//568
f 541//541 569//569 568//568
f 541//541 542//542 569//569
f 542//542 570//570 569//569
f 542//542 543//543 570//570
f 543//543 571//571 570//570
f 543//543 544//544 571//571
f 544//544 572//572 571//571
f 544//544 545//545 572//572
f 545//545 573//573 572//572
f 545//545 546//546 573//573
f 546//546 574//574 573//573
f 546//546 547//547 574//574
f 547//547 575//575 574//574
f 547//547 548//548 575//575
f 548//548 576//576 575//575
f 548//548 549//549 576//576
f 549//549 577//577 576//576
f 549//549 550//550 577//577
f 550//550 578//578 577//577
f 550//550 551//551 578//578
f 551//551 579//579 578//578
f 551//551 552//552 579//579
f 552//552 580//580 579//579
f 552//552 553//553 580//580
f 553//553 581//581 580//580
f 553//553 554//554 581//581
f 554//554 582//582 581//581
f 554//554 555//555 582//582
f 555//555 583//583 582//582
f 555//555 556//556 583//583
f 556//556 584//584 583//583
f 556//556 557//557 584//584
f 557//557 585//585 584//584
f 557//557 558//558 585//585
f 558//558 586//586 585//585
f 558//558 559//559 586//586
f 559//559 587//587 586//586
f 559//559 560//560 587//587
f 560//560 588//588 587//587
f 560//560 533//533 588//588
f 533//533 561//561 588//588
f 561//561 562//562 589//589
f 562//562 590//590 589//589
f 562//562 563//563 590//590
f 563//563 591//591 590//590
f 563//563 564//564 591//591
f 564//564 592//592 591//591
f 564//564 565//565 592//592
f 565//565 593//593 592//592
f 565//565 566//566 593//593
f 566//566 594//594 593//593
f 566//566 567//567 594//594
f 567//567 595//595 594//594
f 567//567 568//568 595//595
f 568//568 596//596 595//595
f 568//568 569//569 596//596
f 569//569 597//597 596//596
f 569//569 570//570 597//597
f 570//570 598//598 597//597
f 570//570 571//571 598//598
f 571//571 599//599 598//598
f 571//571 572//572 599//599
f 572//572 600//600 599//599
f 572//572 573//573 600//600
f 573//573 601//601 600//600
f 573//573 574//574 601//601
f 574//574 602//602 601//601
f 574//574 575//575 602//602
f 575//575 603//603 602//602
f 575//575 576//576 603//603
f 576//576 604//604 603//603
f 576//576 577//577 604//604
f 577//577 605//605 604//604
f 577//577 578//578 605//605
f 578//578 606//606 605//605
f 578//578 579//579 606//606
f 579//579 607//607 606//606
f 579//579 580//580 607//607
f 580//580 608//608 607//607
f 580//580 581//581 608//608
f 581//581 609//609 608//608
f 581//581 582//582 609//609
f 582//582 610//610 609//609
f 582//582 583//583 610//610
f 583//583 611//611 610//610
f 583//583 584//584 611//611
f 584//584 612//612 611//611
f 584//584 585//585 612//612
f 585//585 613//613 612//612
f 585//585 586//586 613//613
f 586//586 614//614 613//613
f 586//586 587//587 614//614
f 587//587 615//615 614//614
f 587//587 588//588 615//615
f 588//588 616//616 615//615
f 588//588 561//561 616//616
f 561//561 589//589 616//616
f 589//589 590//590 617//617
f 590//590 618//618 617//617
f 590//590 591//591 618//618
f 591//591 619//619 618//618
f 591//591 592//592 619//619
f 592//592 620//620 619//619
f 592//592 593//593 620//620
f 593//593 621//621 620//620
f 593//593 594//594 621//621
f 594//594 622//622 621//621
f 594//594 595//595 622//622
f 595//595 623//623 622//622
f 595//595 596//596 623//623
f 596//596 624//624 623//623
f 596//596 597//597 624//624
f 597//597 625//625 624//624
f 597//597 598//598 625//625
f 598//598 626//626 625//625
f 598//598 599//599 626//626
f 599//599 627//627 626//626
f 599//599 600//600 627//627
f 600//600 628//628 627//627
f 600//600 601//601 628//628
f 601//601 629//629 628//628
f 601//601 602//602 629//629
f 602//602 630//630 629//629
f 602//602 603//603 630//630
f 603//603 631//631 630//630
f 603//603 604//604 631//631
f 604//604 632//632 631//631
f 604//604 605//605 632//632
f 605//605 633//633 632//632
f 605//605 606//606 633//633
f 606//606 634//634 633//633
f 606//606 607//607 634//634
f 607//607 635//635 634//634
f 607//607 608//608 635//635
f 608//608 636//636 635//635
f 608//608 609//609 636//636
f 609//609 637//637 636//636
f 609//609 610//610 637//637
f 610//610 638//638 637//637
f 610//610 611//611 638//638
f 611//611 639//639 638//638
f 611//611 612//612 639//639
f 612//612 640//640 639//639
f 612//612 613//613 640//640
f 613//613 641//641 640//640
f 613//613 614//614 641//641
f 614//614 642//642 641//641
f 614//614 615//615 642//642
f 615//615 643//643 642//642
f 615//615 616//616 643//643
f 616//616 644//644 643//643
f 616//616 589//589 644//644
f 589//589 617//617 644//644
f 617//617 618//618 645//645
f 618//618 646//646 645//645
f 618//618 619//619 646//646
f 619//619 647//647 646//646
f 619//619 620//620 647//647
f 620//620 648//648 647//647
f 620//620 621//621 648//648
f 621//621 649//649 648//648
f 621//621 622//622 649//649
f 622//622 650//650 649//649
f 622//622 623//623 650//650
f 623//623 651//651 650//650
f 623//623 624//624 651//651
f 624//624 652//652 651//651
f 624//624 625//625 652//652
f 625//625 653//653 652//652
f 625//625 626//626 653//653
f 626//626 654//654 653//653
f 626//626 627//627 654//654
f 627//627 655//655 654//654
f 627//627 628//628 655//655
f 628//628 656//656 655//655
f 628//628 629//629 656//656
f 629//629 657//657 656//656
f 629//629 630//630 657//657
f 630//630 658//658 657//657
f 630//630 631//631 658//658
f 631//631 659//659 658//658
f 631//631 632//632 659//659
f 632//632 660//660 659//659
f 632//632 633//633 660//660
f 633//633 661//661 660//660
f 633//633 634//634 661//661
f 634//634 662//662 661//661
f 634//634 635//635 662//662
f 635//635 663//663 662//662
f 635//635 636//636 663//663
f 636//636 664//664 663//663
f 636//636 637//637 664//664
f 637//637 665//665 664//664
f 637//637 638//638 665//665
f 638//638 666//666 665//665
f 638//638 639//639 666//666
f 639//639 667//667 666//666
f 639//639 640//640 667//667
f 640//640 668//668 667//667
f 640//640 641//641 668//668
f 641//641 669//669 668//668
f 641//641 642//642 669//669
f 642//642 670//670 669//669
f 642//642 643//643 670//670
f 643//643 671//671 670//670
f 643//643 644//644 671//671
f 644//644 672//672 671//671
f 644//644 617//617 672//672
f 617//617 645//645 672//672
f 645//645 646//646 673//673
f 646//646 674//674 673//673
f 646//646 647//647 674//674
f 647//647 675//675 674//674
f 647//647 648//648 675//675
f 648//648 676//676 675//675
f 648//648 649//649 676//676
f 649//649 677//677 676//676
f 649//649 650//650 677//677
f 650//650 678//678 677//677
f 650//650 651//651 678//678
f 651//651 679//679 678//678
f 651//651 652//652 679//679
f 652//652 680//680 679//679
f 652//652 653//653 680//680
f 653//653 681//681 680//680
f 653//653 654//654 681//681
f 654//654 682//682 681//681
f 654//654 655//655 682//682
f 655//655 683//683 682//682
f 655//655 656//656 683//683
f 656//656 684//684 683//683
f 656//656 657//657 684//684
f 657//657 685//685 684//684
f 657//657 658//658 685//685
f 658//658 686//686 685//685
f 658//658 659//659 686//686
f 659//659 687//687 686//686
f 659//659 660//660 687//687
f 660//660 688//688 687//687
f 660//660 661//661 688//688
f 661//661 689//689 688//688
f 661//661 662//662 689//689
f 662//662 690//690 689//689
f 662//662 663//663 690//690
f 663//663 691//691 690//690
f 663//663 664//664 691//691
f 664//664 692//692 691//691
f 664//664 665//665 692//692
f 665//665 693//693 692//692
f 665//665 666//666 693//693
f 666//666 694//694 693//693
f 666//666 667//667 694//694
f 667//667 695//695 694//694
f 667//667 668//668 695//695
f 668//668 696//696 695//695
f 668//668 669//669 696//696
f 669//669 697//697 696//696
f 669//669 670//670 697//697
f 670//670 698//698 697//697
f 670//670 671//671 698//698
f 671//671 699//699 698//698
f 671//671 672//672 699//699
f 672//672 700//700 699//699
f 672//672 645//645 700//700
f 645//645 673//673 700//700
f 673//673 674//674 701//701
f 674//674 702//702 701//701
f 674//674 675//675 702//702
f 675//675 703//703 702//702
f 675//675 676//676 703//703
f 676//676 704//704 703//703
f 676//676 677//677 704//704
f 677//677 705//705 704//704
f 677//677 678//678 705//705
f 678//678 706//706 705//705
f 678//678 679//679 706//706
f 679//679 707//707 706//706
f 679//679 680//680 707//707
f 680//680 708//708 707//707
f 680//680 681//681 708//708
f 681//681 709//709 708//708
f 681//681 682//682 709//709
f 682//682 710//710 709//709
f 682//682 683//683 710//710
f 683//683 711//711 710//710
f 683//683 684//684 711//711
f 684//684 712//712 711//711
f 684//684 685//685 712//712
f 685//685 713//713 712//712
f 685//685 686//686 713//713
f 686//686 714//714 713//713
f 686//686 687//687 714//714
f 687//687 715//715 714//714
f 687//687 688//688 715//715
f 688//688 716//716 715//715
f 688//688 689//689 716//716
f 689//689 717//717 716//716
f 689//689 690//690 717//717
f 690//690 718//718 717//717
f 690//690 691//691 718//718
f 691//691 719//719 718//718
f 691//691 692//692 719//719
f 692//692 720//720 719//719
f 692//692 693//693 720//720
f 693//693 721//721 720//720
f 693//693 694//694 721//721
f 694//694 722//722 721//721
f 694//694 695//695 722//722
f 695//695 723//723 722//722
f 695//695 696//696 723//723
f 696//696 724//724 723//723
f 696//696 697//697 724//724
f 697//697 725//725 724//724
f 697//697 698//698 725//725
f 698//698 726//726 725//725
f 698//698 699//699 726//726
f 699//699 727//727 726//726
f 699//699 700//700 727//727
f 700//700 728//728 727//727
f 700//700 673//673 728//728
f 673//673 701//701 728//728
f 701//701 702//702 729//729
f 702//702 730//730 729//729
f 702//702 703//703 730//730
f 703//703 731//731 730//730
f 703//703 704//704 731//731
f 704//704 732//732 731//731
f 704//704 705//705 732//732
f 705//705 733//733 732//732
f 705//705 706//706 733//733
f 706//706 734//734 733//733
f 706//706 707//707 734//734
f 707//707 735//735 734//734
f 707//707 708//708 735//735
f 708//708 736//736 735//735
f 708//708 709//709 736//736
f 709//709 737//737 736//736
f 709//709 710//710 737//737
f 710//710 738//738 737//737
f 710//710 711//711 738//738
f 711//711 739//739 738//738
f 711//711 712//712 739//739
f 712//712 740//740 739//739
f 712//712 713//713 740//740
f 713//713 741//741 740//740
f 713//713 714//714 741//741
f 714//714 742//742 741//741
f 714//714 715//715 742//742
f 715//715 743//743 742//742
f 715//715 716//716 743//743
f 716//716 744//744 743//743
f 716//716 717//717 744//744
f 717//717 745//745 744//744
f 717//717 718//718 745//745
f 718//718 746//746 745//745
f 718//718 719//719 746//746
f 719//719 747//747 746//746
f 719//719 720//720 747//747
f 720//720 748//748 747//747
f 720//720 721//721 748//748
f 721//721 749//749 748//748
f 721//721 722//722 749//749
f 722//722 750//750 749//749
f 722//722 723//723 750//750
f 723//723 751//751 750//750
f 723//723 724//724 751//751
f 724//724 752//752 751//751
f 724//724 725//725 752//752
f 725//725 753//753 752//752
f 725//725 726//726 753//753
f 726//726 754//754 753//753
f 726//726 727//727 754//754
f 727//727 755//755 754//754
f 727//727 728//728 755//755
f 728//728 756//756 755//755
f 728//728 701//701 756//756
f 701//701 729//729 756//756
f 729//729 730//730 757//757
f 730//730 758//758 757//757
f 730//730 731//731 758//758
f 731//731 759//759 758//758
f 731//731 732//732 759//759
f 732//732 760//760 759//759
f 732//732 733//733 760//760
f 733//733 761//761 760//760
f 733//733 734//734 761//761
f 734//734 762//762 761//761
f 734//734 735//735 762//762
f 735//735 763//763 762//762
f 735//735 736//736 763//763
f 736//736 764//764 763//763
f 736//736 737//737 764//764
f 737//737 765//765 764//764
f 737//737 738//738 765//765
f 738//738 766//766 765//765
f 738//738 739//739 766//766
f 739//739 767//767 766//766
f 739//739 740//740 767//767
f 740//740 768//768 767//767
f 740//740 741//741 768//768
f 741//741 769//769 768//768
f 741//741 742//742 769//769
f 742//742 770//770 769//769
f 742//742 743//743 770//770
f 743//743 771//771 770//770
f 743//743 744//744 771//771
f 744//744 772//772 771//771
f 744//744 745//745 772//772
f 745//745 773//773 772//772
f 745//745 746//746 773//773
f 746//746 774//774 773//773
f 746//746 747//747 774//774
f 747//747 775//775 774//774
f 747//747 748//748 775//775
f 748//748 776//776 775//775
f 748//748 749//749 776//776
f 749//749 777//777 776//776
f 749//749 750//750 777//777
f 750//750 778//778 777//777
f 750//750 751//751 778//778
f 751//751 779//779 778//778
f 751//751 752//752 779//779
f 752//752 780//780 779//779
f 752//752 753//753 780//780
f 753//753 781//781 780//780
f 753//753 754//754 781//781
f 754//754 782//782 781//781
f 754//754 755//755 782//782
f 755//755 783//783 782//782
f 755//755 756//756 783//783
f 756//756 784//784 783//783
f 756//756 729//729 784//784
f 729//729 757//757 784//784
f 757//757 758//758 785//785
f 758//758 786//786 785//785
f 758//758 759//759 786//786
f 759//759 787//787 786//786
f 759//759 760//760 787//787
f 760//760 788//788 787//787
f 760//760 761//761 788//788
f 761//761 789//789 788//788
f 761//761 762//762 789//789
f 762//762 790//790 789//789
f 762//762 763//763 790//790
f 763//763 791//791 790//790
f 763//763 764//764 791//791
f 764//764 792//792 791//791
f 764//764 765//765 792//792
f 765//765 793//793 792//792
f 765//765 766//766 793//793
f 766//766 794//794 793//793
f 766//766 767//767 794//794
f 767//767 795//795 794//794
f 767//767 768//768 795//795
f 768//768 796//796 795//795
f 768//768 769//769 796//796
f 769//769 797//797 796//796
f 769//769 770//770 797//797
f 770//770 798//798 797//797
f 770//770 771//771 798//798
f 771//771 799//799 798//798
f 771//771 772//772 799//799
f 772//772 800//800 799//799
f 772//772 773//773 800//800
f 773//773 801//801 800//800
f 773//773 774//774 801//801
f 774//774 802//802 801//801
f 774//774 775//775 802//802
f 775//775 803//803 802//802
f 775//775 776//776 803//803
f 776//776 804//804 803//803
f 776//776 777//777 804//804
f 777//777 805//805 804//804
f 777//777 778//778 805//805
f 778//778 806//806 805//805
f 778//778 779//779 806//806
f 779//779 807//807 806//806
f 779//779 780//780 807//807
f 780//780 808//808 807//807
f 780//780 781//781 808//808
f 781//781 809//809 808//808
f 781//781 782//782 809//809
f 782//782 810//810 809//809
f 782//782 783//783 810//810
f 783//783 811//811 810//810
f 783//783 784//784 811//811
f 784//784 812//812 811//811
f 784//784 757//757 812//812
f 757//757 785//785 812//812
f 785//785 786//786 813//813
f 786//786 814//814 813//813
f 786//786 787//787 814//814
f 787//787 815//815 814//814
f 787//787 788//788 815//815
f 788//788 816//816 815//815
f 788//788 789//789 816//816
f 789//789 817//817 816//816
f 789//789 790//790 817//817
f 790//790 818//818 817//817
f 790//790 791//791 818//818
f 791//791 819//819 818//818
f 791//791 792//792 819//819
f 792//792 820//820 819//819
f 792//792 793//793 820//820
f 793//793 821//821 820//820
f 793//793 794//794 821//821
f 794//794 822//822 821//821
f 794//794 795//795 822//822
f 795//795 823//823 822//822
f 795//795 796//796 823//823
f 796//796 824//824 823//823
f 796//796 797//797 824//824
f 797//797 825//825 824//824
f 797//797 798//798 825//825
f 798//798 826//826 825//825
f 798//798 799//799 826//826
f 799//799 827//827 826//826
f 799//799 800//800 827//827
f 800//800 828//828 827//827
f 800//800 801//801 828//828
f 801//801 829//829 828//828
f 801//801 802//802 829//829
f 802//802 830//830 829//829
f 802//802 803//803 830//830
f 803//803 831//831 830//830
f 803//803 804//804 831//831
f 804//804 832//832 831//831
f 804//804 805//805 832//832
f 805//805 833//833 832//832
f 805//805 806//806 833//833
f 806//806 834//834 833//833
f 806//806 807//807 834//834
f 807//807 835//835 834//834
f 807//807 808//808 835//835
f 808//808 836//836 835//835
f 808//808 809//809 836//836
f 809//809 837//837 836//836
f 809//809 810//810 837//837
f 810//810 838//838 837//837
f 810//810 811//811 838//838
f 811//811 839//839 838//838
f 811//811 812//812 839//839
f 812//812 840//840 839//839
f 812//812 785//785 840//840
f 785//785 813//813 840//840
f 813//813 814//814 841//841
f 814//814 842//842 841//841
f 814//814 815//815 842//842
f 815//815 843//843 842//842
f 815//815 816//816 843//843
f 816//816 844//844 843//843
f 816//816 817//817 844//844
f 817//817 845//845 844//844
f 817//817 818//818 845//845
f 818//818 846//846 845//845
f 818//818 819//819 846//846
f 819//819 847//847 846//846
f 819//819 820//820 847//847
f 820//820 848//848 847//847
f 820//820 821//821 848//848
f 821//821 849//849 848//848
f 821//821 822//822 849//849
f 822//822 850//850 849//849
f 822//822 823//823 850//850
f 823//823 851//851 850//850
f 823//823 824//824 851//851
f 824//824 852//852 851//851
f 824//824 825//825 852//852
f 825//825 853//853 852//852
f 825//825 826//826 853//853
f 826//826 854//854 853//853
f 826//826 827//827 854//854
f 827//827 855//855 854//854
f 827//827 828//828 855//855
f 828//828 856//856 855//855
f 828//828 829//829 856//856
f 829//829 857//857 856//856
f 829//829 830//830 857//857
f 830//830 858//858 857//857
f 830//830 831//831 858//858
f 831//831 859//859 858//858
f 831//831 832//832 859//859
f 832//832 860//860 859//859
f 832//832 833//833 860//860
f 833//833 861//861 860//860
f 833//833 834//834 861//861
f 834//834 862//862 861//861
f 834//834 835//835 862//862
f 835//835 863//863 862//862
f 835//835 836//836 863//863
f 836//836 864//864 863//863
f 836//836 837//837 864//864
f 837//837 865//865 864//864
f 837//837 838//838 865//865
f 838//838 866//866 865//865
f 838//838 839//839 866//866
f 839//839 867//867 866//866
f 839//839 840//840 867//867
f 840//840 868//868 867//867
f 840//840 813//813 868//868
f 813//813 841//841 868//868
f 841//841 842//842 869//869
f 842//842 870//870 869//869
f 842//842 843//843 870//870
f 843//843 871//871 870//870
f 843//843 844//844 871//871
f 844//844 872//872 871//871
f 844//844 845//845 872//872
f 845//845 873//873 872//872
f 845//845 846//846 873//873
f 846//846 874//874 873//873
f 846//846 847//847 874//874
f 847//847 875//875 874//874
f 847//847 848//848 875//875
f 848//848 876//876 875//875
f 848//848 849//849 876//876
f 849//849 877//877 876//876
f 849//849 850//850 877//877
f 850//850 878//878 877//877
f 850//850 851//851 878//878
f 851//851 879//879 878//878
f 851//851 852//852 879//879
f 852//852 880//880 879//879
f 852//852 853//853 880//880
f 853//853 881//881 880//880
f 853//853 854//854 881//881
f 854//854 882//882 881//881
f 854//854 855//855 882//882
f 855//855 883//883 882//882
f 855//855 856//856 883//883
f 856//856 884//884 883//883
f 856//856 857//857 884//884
f 857//857 885//885 884//884
f 857//857 858//858 885//885
f 858//858 886//886 885//885
f 858//858 859//859 886//886
f 859//859 887//887 886//886
f 859//859 860//860 887//887
f 860//860 888//888 887//887
f 860//860 861//861 888//888
f 861//861 889//889 888//888
f 861//861 862//862 889//889
f 862//862 890//890 889//889
f 862//862 863//863 890//890
f 863//863 891//891 890//890
f 863//863 864//864 891//891
f 864//864 892//892 891//891
f 864//864 865//865 892//892
f 865//865 893//893 892//892
f 865//865 866//866 893//893
f 866//866 894//894 893//893
f 866//866 867//867 894//894
f 867//867 895//895 894//894
f 867//867 868//868 895//895
f 868//868 896//896 895//895
f 868//868 841//841 896//896
f 841//841 869//869 896//896
f 869//869 870//870 897//897
f 870//870 898//898 897//897
f 870//870 871//871 898//898
f 871//871 899//899 898//898
f 871//871 872//872 899//899
f 872//872 900//900 899//899
f 872//872 873//873 900//900
f 873//873 901//901 900//900
f 873//873 874//874 901//901
f 874//874 902//902 901//901
f 874//874 875//875 902//902
f 875//875 903//903 902//902
f 875//875 876//876 903//903
f 876//876 904//904 903//903
f 876//876 877//877 904//904
f 877//877 905//905 904//904
f 877//877 878//878 905//905
f 878//878 906//906 905//905
f 878//878 879//879 906//906
f 879//879 907//907 906//906
f 879//879 880//880 907//907
f 880//880 908//908 907//907
f 880//880 881//881 908//908
f 881//881 909//909 908//908
f 881//881 882//882 909//909
f 882//882 910//910 909//909
f 882//882 883//883 910//910
f 883//883 911//911 910//910
f 883//883 884//884 911//911
f 884//884 912//912 911//911
f 884//884 885//885 912//912
f 885//885 913//913 912//912
f 885//885 886//886 913//913
f 886//886 914//914 913//913
f 886//886 887//887 914//914
f 887//887 915//915 914//914
f 887//887 888//888 915//915
f 888//888 916//916 915//915
f 888//888 889//889 916//916
f 889//889 917//917 916//916
f 889//889 890//890 917//917
f 890//890 918//918 917//917
f 890//890 891//891 918//918
f 891//891 919//919 918//918
f 891//891 892//892 919//919
f 892//892 920//920 919//919
f 892//892 893//893 920//920
f 893//893 921//921 920//920
f 893//893 894//894 921//921
f 894//894 922//922 921//921
f 894//894 895//895 922//922
f 895//895 923//923 922//922
f 895//895 896//896 923//923
f 896//896 924//924 923//923
f 896//896 869//869 924//924
f 869//869 897//897 924//924
f 897//897 898//898 925//925
f 898//898 926//926 925//925
f 898//898 899//899 926//926
f 899//899 927//927 926//926
f 899//899 900//900 927//927
f 900//900 928//928 927//927
f 900//900 901//901 928//928
f 901//901 929//929 928//928
f 901//901 902//902 929//929
f 902//902 930//930 929//929
f 902//902 903//903 930//930
f 903//903 931//931 930//930
f 903//903 904//904 931//931
f 904//904 932//932 931//931
f 904//904 905//905 932//932
f 905//905 933//933 932//932
f 905//905 906//906 933//933
f 906//906 934//934 933//933
f 906//906 907//907 934//934
f 907//907 935//935 934//934
f 907//907 908//908 935//935
f 908//908 936//936 935//935
f 908//908 909//909 936//936
f 909//909 937//937 936//936
f 909//909 910//910 937//937
f 910//910 938//938 937//937
f 910//910 911//911 938//938
f 911//911 939//939 938//938
f 911//911 912//912 939//939
f 912//912 940//940 939//939
f 912//912 913//913 940//940
f 913//913 941//941 940//940
f 913//913 914//914 941//941
f 914//914 942//942 941//941
f 914//914 915//915 942//942
f 915//915 943//943 942//942
f 915//915 916//916 943//943
f 916//916 944//944 943//943
f 916//916 917//917 944//944
f 917//917 945//945 944//944
f 917//917 918//918 945//945
f 918//918 946//946 945//945
f 918//918 919//919 946//946
f 919//919 947//947 946//946
f 919//919 920//920 947//947
f 920//920 948//948 947//947
f 920//920 921//921 948//948
f 921//921 949//949 948//948
f 921//921 922//922 949//949
f 922//922 950//950 949//949
f 922//922 923//923 950//950
f 923//923 951//951 950//950
f 923//923 924//924 951//951
f 924//924 952//952 951//951
f 924//924 897//897 952//952
f 897//897 925//925 952//952
f 925//925 926//926 953//953
f 926//926 954//954 953//953
f 926//926 927//927 954//954
f 927//927 955//955 954//954
f 927//927 928//928 955//955
f 928//928 956//956 955//955
f 928//928 929//929 956//956
f 929//929 957//957 956//956
f 929//929 930//930 957//957
f 930//930 958//958 957//957
f 930//930 931//931 958//958
f 931//931 959//959 958//958
f 931//931 932//932 959//959
f 932//932 960//960 959//959
f 932//932 933//933 960//960
f 933//933 961//961 960//960
f 933//933 934//934 961//961
f 934//934 962//962 961//961
f 934//934 935//935 962//962
f 935//935 963//963 962//962
f 935//935 936//936 963//963
f 936//936 964//964 963//963
f 936//936 937//937 964//964
f 937//937 965//965 964//964
f 937//937 938//938 965//965
f 938//938 966//966 965//965
f 938//938 939//939 966//966
f 939//939 967//967 966//966
f 939//939 940//940 967//967
f 940//940 968//968 967//967
f 940//940 941//941 968//968
f 941//941 969//969 968//968
f 941//941 942//942 969//969
f 942//942 970//970 969//969
f 942//942 943//943 970//970
f 943//943 971//971 970//970
f 943//943 944//944 971//971
f 944//944 972//972 971//971
f 944//944 945//945 972//972
f 945//945 973//973 972//972
f 945//945 946//946 973//973
f 946//946 974//974 973//973
f 946//946 947//947 974//974
f 947//947 975//975 974//974
f 947//947 948//948 975//975
f 948//948 976//976 975//975
f 948//948 949//949 976//976
f 949//949 977//977 976//976
f 949//949 950//950 977//977
f 950//950 978//978 977//977
f 950//950 951//951 978//978
f 951//951 979//979 978//978
f 951//951 952//952 979//979
f 952//952 980//980 979//979
f 952//952 925//925 980//980
f 925//925 953//953 980//980
f 953//953 954//954 981//981
f 954//954 982//982 981//981
f 954//954 955//955 982//982
f 955//955 983//983 982//982
f 955//955 956//956 983//983
f 956//956 984//984 983//983
f 956//956 957//957 984//984
f 957//957 985//985 984//984
f 957//957 958//958 985//985
f 958//958 986//986 985//985
f 958//958 959//959 986//986
f 959//959 987//987 986//986
f 959//959 960//960 987//987
f 960//960 988//988 987//987
f 960//960 961//961 988//988
f 961//961 989//989 988//988
f 961//961 962//962 989//989
f 962//962 990//990 989//989
f 962//962 963//963 990//990
f 963//963 991//991 990//990
f 963//963 964//964 991//991
f 964//964 992//992 991//991
f 964//964 965//965 992//992
f 965//965 993//993 992//992
f 965//965 966//966 993//993
f 966//966 994//994 993//993
f 966//966 967//967 994//994
f 967//967 995//995 994//994
f 967//967 968//968 995//995
f 968//968 996//996 995//995
f 968//968 969//969 996//996
f 969//969 997//997 996//996
f 969//969 970//970 997//997
f 970//970 998//998 997//997
f 970//970 971//971 998//998
f 971//971 999//999 998//998
f 971//971 972//972 999//999
f 972//972 1000//1000 999//999
f 972//972 973//973 1000//1000
f 973//973 1001//1001 1000//1000
f 973//973 974//974 1001//1001
f 974//974 1002//1002 1001//1001
f 974//974 975//975 1002//1002
f 975//975 1003//1003 1002//1002
f 975//975 976//976 1003//1003
f 976//976 1004//1004 1003//1003
f 976//976 977//977 1004//1004
f 977//977 1005//1005 1004//1004
f 977//977 978//978 1005//1005
f 978//978 1006//1006 1005//1005
f 978//978 979//979 1006//1006
f 979//979 1007//1007 1006//1006
f 979//979 980//980 1007//1007
f 980//980 1008//1008 1007//1007
f 980//980 953//953 1008//1008
f 953//953 981//981 1008//1008
f 981//981 982//982 1009//1009
f 982//982 1010//1010 1009//1009
f 982//982 983//983 1010//1010
f 983//983 1011//1011 1010//1010
f 983//983 984//984 1011//1011
f 984//984 1012//1012 1011//1011
f 984//984 985//985 1012//1012
f 985//985 1013//1013 1012//1012
f 985//985 986//986 1013//1013
f 986//986 1014//1014 1013//1013
f 986//986 987//987 1014//1014
f 987//987 1015//1015 1014//1014
f 987//987 988//988 1015//1015
f 988//988 1016//1016 1015//1015
f 988//988 989//989 1016//1016
f 989//989 1017//1017 1016//1016
f 989//989 990//990 1017//1017
f 990//990 1018//1018 1017//1017
f 990//990 991//991 1018//1018
f 991//991 1019//1019 1018//1018
f 991//991 992//992 1019//1019
f 992//992 1020//1020 1019//1019
f 992//992 993//993 1020//1020
f 993//993 1021//1021 1020//1020
f 993//993 994//994 1021//1021
f 994//994 1022//1022 1021//1021
f 994//994 995//995 1022//1022
f 995//995 1023//1023 1022//1022
f 995//995 996//996 1023//1023
f 996//996 1024//1024 1023//1023
f 996//996 997//997 1024//1024
f 997//997 1025//1025 1024//1024
f 997//997 998//998 1025//1025
f 998//998 1026//1026 1025//1025
f 998//998 999//999 1026//1026
f 999//999 1027//1027 1026//1026
f 999//999 1000//1000 1027//1027
f 1000//1000 1028//1028 1027//1027
f 1000//1000 1001//1001 1028//1028
f 1001//1001 1029//1029 1028//1028
f 1001//1001 1002//1002 1029//1029
f 1002//1002 1030//1030 1029//1029
f 1002//1002 1003//1003 1030//1030
f 1003//1003 1031//1031 1030//1030
f 1003//1003 1004//1004 1031//1031
f 1004//1004 1032//1032 1031//1031
f 1004//1004 1005//1005 1032//1032
f 1005//1005 1033//1033 1032//1032
f 1005//1005 1006//1006 1033//1033
f 1006//1006 1034//1034 1033//1033
f 1006//1006 1007//1007 1034//1034
f 1007//1007 1035//1035 1034//1034
f 1007//1007 1008//1008 1035//1035
f 1008//1008 1036//1036 1035//1035
f 1008//1008 981//981 1036//1036
f 981//981 1009//1009 1036//1036
f 1009//1009 1010//1010 1037//1037
f 1010//1010 1038//1038 1037//1037
f 1010//1010 1011//1011 1038//1038
f 1011//1011 1039//1039 1038//1038
f 1011//1011 1012//1012 1039//1039
f 1012//1012 1040//1040 1039//1039
f 1012//1012 1013//1013 1040//1040
f 1013//1013 1041//1041 1040//1040
f 1013//1013 1014//1014 1041//1041
f 1014//1014 1042//1042 1041//1041
f 1014//1014 1015//1015 1042//1042
f 1015//1015 1043//1043 1042//1042
f 1015//1015 1016//1016 1043//1043
f 1016//1016 1044//1044 1043//1043
f 1016//1016 1017//1017 1044//1044
f 1017//1017 1045//1045 1044//1044
f 1017//1017 1018//1018 1045//1045
f 1018//1018 1046//1046 1045//1045
f 1018//1018 1019//1019 1046//1046
f 1019//1019 1047//1047 1046//1046
f 1019//1019 1020//1020 1047//1047
f 1020//1020 1048//1048 1047//1047
f 1020//1020 1021//1021 1048//1048
f 1021//1021 1049//1049 1048//1048
f 1021//1021 1022//1022 1049//1049
f 1022//1022 1050//1050 1049//1049
f 1022//1022 1023//1023 1050//1050
f 1023//1023 1051//1051 1050//1050
f 1023//1023 1024//1024 1051//1051
f 1024//1024 1052//1052 1051//1051
f 1024//1024 1025//1025 1052//1052
f 1025//1025 1053//1053 1052//1052
f 1025//1025 1026//1026 1053//1053
f 1026//1026 1054//1054 1053//1053
f 1026//1026 1027//1027 1054//1054
f 1027//1027 1055//1055 1054//1054
f 1027//1027 1028//1028 1055//1055
f 1028//1028 1056//1056 1055//1055
f 1028//1028 1029//1029 1056//1056
f 1029//1029 1057//1057 1056//1056
f 1029//1029 1030//1030 1057//1057
f 1030//1030 1058//1058 1057//1057
f 1030//1030 1031//1031 1058//1058
f 1031//1031 1059//1059 1058//1058
f 1031//1031 1032//1032 1059//1059
f 1032//1032 1060//1060 1059//1059
f 1032//1032 1033//1033 1060//1060
f 1033//1033 1061//1061 1060//1060
f 1033//1033 1034//1034 1061//1061
f 1034//1034 1062//1062 1061//1061
f 1034//1034 1035//1035 1062//1062
f 1035//1035 1063//1063 1062//1062
f 1035//1035 1036//1036 1063//1063
f 1036//1036 1064//1064 1063//1063
f 1036//1036 1009//1009 1064//1064
f 1009//1009 1037//1037 1064//1064
f 1037//1037 1038//1038 1065//1065
f 1038//1038 1066//1066 1065//1065
f 1038//1038 1039//1039 1066//1066
f 1039//1039 1067//1067 1066//1066
f 1039//1039 1040//1040 1067//1067
f 1040//1040 1068//1068 1067//1067
f 1040//1040 1041//1041 1068//1068
f 1041//1041 1069//1069 1068//1068
f 1041//1041 1042//1042 1069//1069
f 1042//1042 1070//1070 1069//1069
f 1042//1042 1043//1043 1070//1070
f 1043//1043 1071//1071 1070//1070
f 1043//1043 1044//1044 1071//1071
f 1044//1044 1072//1072 1071//1071
f 1044//1044 1045//1045 1072//1072
f 1045//1045 1073//1073 1072//1072
f 1045//1045 1046//1046 1073//1073
f 1046//1046 1074//1074 1073//1073
f 1046//1046 1047//1047 1074//1074
f 1047//1047 1075//1075 1074//1074
f 1047//1047 1048//1048 1075//1075
f 1048//1048 1076//1076 1075//1075
f 1048//1048 1049//1049 1076//1076
f 1049//1049 1077//1077 1076//1076
f 1049//1049 1050//1050 1077//1077
f 1050//1050 1078//1078 1077//1077
f 1050//1050 1051//1051 1078//1078
f 1051//1051 1079//1079 1078//1078
f 1051//1051 1052//1052 1079//1079
f 1052//1052 1080//1080 1079//1079
f 1052//1052 1053//1053 1080//1080
f 1053//1053 1081//1081 1080//1080
f 1053//1053 1054//1054 1081//1081
f 1054//1054 1082//1082 1081//1081
f 1054//1054 1055//1055 1082//1082
f 1055//1055 1083//1083 1082//1082
f 1055//1055 1056//1056 1083//1083
f 1056//1056 1084//1084 1083//1083
f 1056//1056 1057//1057 1084//1084
f 1057//1057 1085//1085 1084//1084
f 1057//1057 1058//1058 1085//1085
f 1058//1058 1086//1086 1085//1085
f 1058//1058 1059//1059 1086//1086
f 1059//1059 1087//1087 1086//1086
f 1059//1059 1060//1060 1087//1087
f 1060//1060 1088//1088 1087//1087
f 1060//1060 1061//1061 1088//1088
f 1061//1061 1089//1089 1088//1088
f 1061//1061 1062//1062 1089//1089
f 1062//1062 1090//1090 1089//1089
f 1062//1062 1063//1063 1090//1090
f 1063//1063 1091//1091 1090//1090
f 1063//1063 1064//1064 1091//1091
f 1064//1064 1092//1092 1091//1091
f 1064//1064 1037//1037 1092//1092
f 1037//1037 1065//1065 1092//1092
f 1065//1065 1066//1066 1093//1093
f 1066//1066 1094//1094 1093//1093
f 1066//1066 1067//1067 1094//1094
f 1067//1067 1095//1095 1094//1094
f 1067//1067 1068//1068 1095//1095
f 1068//1068 1096//1096 1095//1095
f 1068//1068 1069//1069 1096//1096
f 1069//1069 1097//1097 1096//1096
f 1069//1069 1070//1070 1097//1097
f 1070//1070 1098//1098 1097//1097
f 1070//1070 1071//1071 1098//1098
f 1071//1071 1099//1099 1098//1098
f 1071//1071 1072//1072 1099//1099
f 1072//1072 1100//1100 1099//1099
f 1072//1072 1073//1073 1100//1100
f 1073//1073 1101//1101 1100//1100
f 1073//1073 1074//1074 1101//1101
f 1074//1074 1102//1102 1101//1101
f 1074//1074 1075//1075 1102//1102
f 1075//1075 1103//1103 1102//1102
f 1075//1075 1076//1076 1103//1103
f 1076//1076 1104//1104 1103//1103
f 1076//1076 1077//1077 1104//1104
f 1077//1077 1105//1105 1104//1104
f 1077//1077 1078//1078 1105//1105
f 1078//1078 1106//1106 1105//1105
f 1078//1078 1079//1079 1106//1106
f 1079//1079 1107//1107 1106//1106
f 1079//1079 1080//1080 1107//1107
f 1080//1080 1108//1108 1107//1107
f 1080//1080 1081//1081 1108//1108
f 1081//1081 1109//1109 1108//1108
f 1081//1081 1082//1082 1109//1109
f 1082//1082 1110//1110 1109//1109
f 1082//1082 1083//1083 1110//1110
f 1083//1083 1111//1111 1110//1110
f 1083//1083 1084//1084 1111//1111
f 1084//1084 1112//1112 1111//1111
f 1084//1084 1085//1085 1112//1112
f 1085//1085 1113//1113 1112//1112
f 1085//1085 1086//1086 1113//1113
f 1086//1086 1114//1114 1113//1113
f 1086//1086 1087//1087 1114//1114
f 1087//1087 1115//1115 1114//1114
f 1087//1087 1088//1088 1115//1115
f 1088//1088 1116//1116 1115//1115
f 1088//1088 1089//1089 1116//1116
f 1089//1089 1117//1117 1116//1116
f 1089//1089 1090//1090 1117//1117
f 1090//1090 1118//1118 1117//1117
f 1090//1090 1091//1091 1118//1118
f 1091//1091 1119//1119 1118//1118
f 1091//1091 1092//1092 1119//1119
f 1092//1092 1120//1120 1119//1119
f 1092//1092 1065//1065 1120//1120
f 1065//1065 1093//1093 1120//1120
f 1093//1093 1094//1094 1121//1121
f 1094//1094 1122//1122 1121//1121
f 1094//1094 1095//1095 1122//1122
f 1095//1095 1123//1123 1122//1122
f 1095//1095 1096//1096 1123//1123
f 1096//1096 1124//1124 1123//1123
f 1096//1096 1097//1097 1124//1124
f 1097//1097 1125//1125 1124//1124
f 1097//1097 1098//1098 1125//1125
f 1098//1098 1126//1126 1125//1125
f 1098//1098 1099//1099 1126//1126
f 1099//1099 1127//1127 1126//1126
f 1099//1099 1100//1100 1127//1127
f 1100//1100 1128//1128 1127//1127
f 1100//1100 1101//1101 1128//1128
f 1101//1101 1129//1129 1128//1128
f 1101//1101 1102//1102 1129//1129
f 1102//1102 1130//1130 1129//1129
f 1102//1102 1103//1103 1130//1130
f 1103//1103 1131//1131 1130//1130
f 1103//1103 1104//1104 1131//1131
f 1104//1104 1132//1132 1131//1131
f 1104//1104 1105//1105 1132//1132
f 1105//1105 1133//1133 1132//1132
f 1105//1105 1106//1106 1133//1133
f 1106//1106 1134//1134 1133//1133
f 1106//1106 1107//1107 1134//1134
f 1107//1107 1135//1135 1134//1134
f 1107//1107 1108//1108 1135//1135
f 1108//1108 1136//1136 1135//1135
f 1108//1108 1109//1109 1136//1136
f 1109//1109 1137//1137 1136//1136
f 1109//1109 1110//1110 1137//1137
f 1110//1110 1138//1138 1137//1137
f 1110//1110 1111//1111 1138//1138
f 1111//1111 1139//1139 1138//1138
f 1111//1111 1112//1112 1139//1139
f 1112//1112 1140//1140 1139//1139
f 1112//1112 1113//1113 1140//1140
f 1113//1113 1141//1141 1140//1140
f 1113//1113 1114//1114 1141//1141
f 1114//1114 1142//1142 1141//1141
f 1114//1114 1115//1115 1142//1142
f 1115//1115 1143//1143 1142//1142
f 1115//1115 1116//1116 1143//1143
f 1116//1116 1144//1144 1143//1143
f 1116//1116 1117//1117 1144//1144
f 1117//1117 1145//1145 1144//1144
f 1117//1117 1118//1118 1145//1145
f 1118//1118 1146//1146 1145//1145
f 1118//1118 1119//1119 1146//1146
f 1119//1119 1147//1147 1146//1146
f 1119//1119 1120//1120 1147//1147
f 1120//1120 1148//1148 1147//1147
f 1120//1120 1093//1093 1148//1148
f 1093//1093 1121//1121 1148//1148
f 1121//1121 1122//1122 1149//1149
f 1122//1122 1150//1150 1149//1149
f 1122//1122 1123//1123 1150//1150
f 1123//1123 1151//1151 1150//1150
f 1123//1123 1124//1124 1151//1151
f 1124//1124 1152//1152 1151//1151
f 1124//1124 1125//1125 1152//1152
f 1125//1125 1153//1153 1152//1152
f 1125//1125 1126//1126 1153//1153
f 1126//1126 1154//1154 1153//1153
f 1126//1126 1127//1127 1154//1154
f 1127//1127 1155//1155 1154//1154
f 1127//1127 1128//1128 1155//1155
f 1128//1128 1156//1156 1155//1155
f 1128//1128 1129//1129 1156//1156
f 1129//1129 1157//1157 1156//1156
f 1129//1129 1130//1130 1157//1157
f 1130//1130 1158//1158 1157//1157
f 1130//1130 1131//1131 1158//1158
f 1131//1131 1159//1159 1158//1158
f 1131//1131 1132//1132 1159//1159
f 1132//1132 1160//1160 1159//1159
f 1132//1132 1133//1133 1160//1160
f 1133//1133 1161//1161 1160//1160
f 1133//1133 1134//1134 1161//1161
f 1134//1134 1162//1162 1161//1161
f 1134//1134 1135//1135 1162//1162
f 1135//1135 1163//1163 1162//1162
f 1135//1135 1136//1136 1163//1163
f 1136//1136 1164//1164 1163//1163
f 1136//1136 1137//1137 1164//1164
f 1137//1137 1165//1165 1164//1164
f 1137//1137 1138//1138 1165//1165
f 1138//1138 1166//1166 1165//1165
f 1138//1138 1139//1139 1166//1166
f 1139//1139 1167//1167 1166//1166
f 1139//1139 1140//1140 1167//1167
f 1140//1140 1168//1168 1167//1167
f 1140//1140 1141//1141 1168//1168
f 1141//1141 1169//1169 1168//1168
f 1141//1141 1142//1142 1169//1169
f 1142//1142 1170//1170 1169//1169
f 1142//1142 1143//1143 1170//1170
f 1143//1143 1171//1171 1170//1170
f 1143//1143 1144//1144 1171//1171
f 1144//1144 1172//1172 1171//1171
f 1144//1144 1145//1145 1172//1172
f 1145//1145 1173//1173 1172//1172
f 1145//1145 1146//1146 1173//1173
f 1146//1146 1174//1174 1173//1173
f 1146//1146 1147//1147 1174//1174
f 1147//1147 1175//1175 1174//1174
f 1147//1147 1148//1148 1175//1175
f 1148//1148 1176//1176 1175//1175
f 1148//1148 1121//1121 1176//1176
f 1121//1121 1149//1149 1176//1176
f 1149//1149 1150//1150 1177//1177
f 1150//1150 1178//1178 1177//1177
f 1150//1150 1151//1151 1178//1178
f 1151//1151 1179//1179 1178//1178
f 1151//1151 1152//1152 1179//1179
f 1152//1152 1180//1180 1179//1179
f 1152//1152 1153//1153 1180//1180
f 1153//1153 1181//1181 1180//1180
f 1153//1153 1154//1154 1181//1181
f 1154//1154 1182//1182 1181//1181
f 1154//1154 1155//1155 1182//1182
f 1155//1155 1183//1183 1182//1182
f 1155//1155 1156//1156 1183//1183
f 1156//1156 1184//1184 1183//1183
f 1156//1156 1157//1157 1184//1184
f 1157//1157 1185//1185 1184//1184
f 1157//1157 1158//1158 1185//1185
f 1158//1158 1186//1186 1185//1185
f 1158//1158 1159//1159 1186//1186
f 1159//1159 1187//1187 1186//1186
f 1159//1159 1160//1160 1187//1187
f 1160//1160 1188//1188 1187//1187
f 1160//1160 1161//1161 1188//1188
f 1161//1161 1189//1189 1188//1188
f 1161//1161 1162//1162 1189//1189
f 1162//1162 1190//1190 1189//1189
f 1162//1162 1163//1163 1190//1190
f 1163//1163 1191//1191 1190//1190
f 1163//1163 1164//1164 1191//1191
f 1164//1164 1192//1192 1191//1191
f 1164//1164 1165//1165 1192//1192
f 1165//1165 1193//1193 1192//1192
f 1165//1165 1166//1166 1193//1193
f 1166//1166 1194//1194 1193//1193
f 1166//1166 1167//1167 1194//1194
f 1167//1167 1195//1195 1194//1194
f 1167//1167 1168//1168 1195//1195
f 1168//1168 1196//1196 1195//1195
f 1168//1168 1169//1169 1196//1196
f 1169//1169 1197//1197 1196//1196
f 1169//1169 1170//1170 1197//1197
f 1170//1170 1198//1198 1197//1197
f 1170//1170 1171//1171 1198//1198
f 1171//1171 1199//1199 1198//1198
f 1171//1171 1172//1172 1199//1199
f 1172//1172 1200//1200 1199//1199
f 1172//1172 1173//1173 1200//1200
f 1173//1173 1201//1201 1200//1200
f 1173//1173 1174//1174 1201//1201
f 1174//1174 1202//1202 1201//1201
f 1174//1174 1175//1175 1202//1202
f 1175//1175 1203//1203 1202//1202
f 1175//1175 1176//1176 1203//1203
f 1176//1176 1204//1204 1203//1203
f 1176//1176 1149//1149 1204//1204
f 1149//1149 1177//1177 1204//1204
f 1177//1177 1178//1178 1205//1205
f 1178//1178 1206//1206 1205//1205
f 1178//1178 1179//1179 1206//1206
f 1179//1179 1207//1207 1206//1206
f 1179//1179 1180//1180 1207//1207
f 1180//1180 1208//1208 1207//1207
f 1180//1180 1181//1181 1208//1208
f 1181//1181 1209//1209 1208//1208
f 1181//1181 1182//1182 1209//1209
f 1182//1182 1210//1210 1209//1209
f 1182//1182 1183//1183 1210//1210
f 1183//1183 1211//1211 1210//1210
f 1183//1183 1184//1184 1211//1211
f 1184//1184 1212//1212 1211//1211
f 1184//1184 1185//1185 1212//1212
f 1185//1185 1213//1213 1212//1212
f 1185//1185 1186//1186 1213//1213
f 1186//1186 1214//1214 1213//1213
f 1186//1186 1187//1187 1214//1214
f 1187//1187 1215//1215 1214//1214
f 1187//1187 1188//1188 1215//1215
f 1188//1188 1216//1216 1215//1215
f 1188//1188 1189//1189 1216//1216
f 1189//1189 1217//1217 1216//1216
f 1189//1189 1190//1190 1217//1217
f 1190//1190 1218//1218 1217//1217
f 1190//1190 1191//1191 1218//1218
f 1191//1191 1219//1219 1218//1218
f 1191//1191 1192//1192 1219//1219
f 1192//1192 1220//1220 1219//1219
f 1192//1192 1193//1193 1220//1220
f 1193//1193 1221//1221 1220//1220
f 1193//1193 1194//1194 1221//1221
f 1194//1194 1222//1222 1221//1221
f 1194//1194 1195//1195 1222//1222
f 1195//1195 1223//1223 1222//1222
f 1195//1195 1196//1196 1223//1223
f 1196//1196 1224//1224 1223//1223
f 1196//1196 1197//1197 1224//1224
f 1197//1197 1225//1225 1224//1224
f 1197//1197 1198//1198 1225//1225
f 1198//1198 1226//1226 1225//1225
f 1198//1198 1199//1199 1226//1226
f 1199//1199 1227//1227 1226//1226
f 1199//1199 1200//1200 1227//1227
f 1200//1200 1228//1228 1227//1227
f 1200//1200 1201//1201 1228//1228
f 1201//1201 1229//1229 1228//1228
f 1201//1201 1202//1202 1229//1229
f 1202//1202 1230//1230 1229//1229
f 1202//1202 1203//1203 1230//1230
f 1203//1203 1231//1231 1230//1230
f 1203//1203 1204//1204 1231//1231
f 1204//1204 1232//1232 1231//1231
f 1204//1204 1177//1177 1232//1232
f 1177//1177 1205//1205 1232//1232
f 1205//1205 1206//1206 1233//1233
f 1206//1206 1234//1234 1233//1233
f 1206//1206 1207//1207 1234//1234
f 1207//1207 1235//1235 1234//1234
f 1207//1207 1208//1208 1235//1235
f 1208//1208 1236//1236 1235//1235
f 1208//1208 1209//1209 1236//1236
f 1209//1209 1237//1237 1236//1236
f 1209//1209 1210//1210 1237//1237
f 1210//1210 1238//1238 1237//1237
f 1210//1210 1211//1211 1238//1238
f 1211//1211 1239//1239 1238//1238
f 1211//1211 1212//1212 1239//1239
f 1212//1212 1240//1240 1239//1239
f 1212//1212 1213//1213 1240//1240
f 1213//1213 1241//1241 1240//1240
f 1213//1213 1214//1214 1241//1241
f 1214//1214 1242//1242 1241//1241
f 1214//1214 1215//1215 1242//1242
f 1215//1215 1243//1243 1242//1242
f 1215//1215 1216//1216 1243//1243
f 1216//1216 1244//1244 1243//1243
f 1216//1216 1217//1217 1244//1244
f 1217//1217 1245//1245 1244//1244
f 1217//1217 1218//1218 1245//1245
f 1218//1218 1246//1246 1245//1245
f 1218//1218 1219//1219 1246//1246
f 1219//1219 1247//1247 1246//1246
f 1219//1219 1220//1220 1247//1247
f 1220//1220 1248//1248 1247//1247
f 1220//1220 1221//1221 1248//1248
f 1221//1221 1249//1249 1248//1248
f 1221//1221 1222//1222 1249//1249
f 1222//1222 1250//1250 1249//1249
f 1222//1222 1223//1223 1250//1250
f 1223//1223 1251//1251 1250//1250
f 1223//1223 1224//1224 1251//1251
f 1224//1224 1252//1252 1251//1251
f 1224//1224 1225//1225 1252//1252
f 1225//1225 1253//1253 1252//1252
f 1225//1225 1226//1226 1253//1253
f 1226//1226 1254//1254 1253//1253
f 1226//1226 1227//1227 1254//1254
f 1227//1227 1255//1255 1254//1254
f 1227//1227 1228//1228 1255//1255
f 1228//1228 1256//1256 1255//1255
f 1228//1228 1229//1229 1256//1256
f 1229//1229 1257//1257 1256//1256
f 1229//1229 1230//1230 1257//1257
f 1230//1230 1258//1258 1257//1257
f 1230//1230 1231//1231 1258//1258
f 1231//1231 1259//1259 1258//1258
f 1231//1231 1232//1232 1259//1259
f 1232//1232 1260//1260 1259//1259
f 1232//1232 1205//1205 1260//1260
f 1205//1205 1233//1233 1260//1260
f 1233//1233 1234//1234 1261//1261
f 1234//1234 1262//1262 1261//1261
f 1234//1234 1235//1235 1262//1262
f 1235//1235 1263//1263 1262//1262
f 1235//1235 1236//1236 1263//1263
f 1236//1236 1264//1264 1263//1263
f 1236//1236 1237//1237 1264//1264
f 1237//1237 1265//1265 1264//1264
f 1237//1237 1238//1238 1265//1265
f 1238//1238 1266//1266 1265//1265
f 1238//1238 1239//1239 1266//1266
f 1239//1239 1267//1267 1266//1266
f 1239//1239 1240//1240 1267//1267
f 1240//1240 1268//1268 1267//1267
f 1240//1240 1241//1241 1268//1268
f 1241//1241 1269//1269 1268//1268
f 1241//1241 1242//1242 1269//1269
f 1242//1242 1270//1270 1269//1269
f 1242//1242 1243//1243 1270//1270
f 1243//1243 1271//1271 1270//1270
f 1243//1243 1244//1244 1271//1271
f 1244//1244 1272//1272 1271//1271
f 1244//1244 1245//1245 1272//1272
f 1245//1245 1273//1273 1272//1272
f 1245//1245 1246//1246 1273//1273
f 1246//1246 1274//1274 1273//1273
f 1246//1246 1247//1247 1274//1274
f 1247//1247 1275//1275 1274//1274
f 1247//1247 1248//1248 1275//1275
f 1248//1248 1276//1276 1275//1275
f 1248//1248 1249//1249 1276//1276
f 1249//1249 1277//1277 1276//1276
f 1249//1249 1250//1250 1277//1277
f 1250//1250 1278//1278 1277//1277
f 1250//1250 1251//1251 1278//1278
f 1251//1251 1279//1279 1278//1278
f 1251//1251 1252//1252 1279//1279
f 1252//1252 1280//1280 1279//1279
f 1252//1252 1253//1253 1280//1280
f 1253//1253 1281//1281 1280//1280
f 1253//1253 1254//1254 1281//1281
f 1254//1254 1282//1282 1281//1281
f 1254//1254 1255//1255 1282//1282
f 1255//1255 1283//1283 1282//1282
f 1255//1255 1256//1256 1283//1283
f 1256//1256 1284//1284 1283//1283
f 1256//1256 1257//1257 1284//1284
f 1257//1257 1285//1285 1284//1284
f 1257//1257 1258//1258 1285//1285
f 1258//1258 1286//1286 1285//1285
f 1258//1258 1259//1259 1286//1286
f 1259//1259 1287//1287 1286//1286
f 1259//1259 1260//1260 1287//1287
f 1260//1260 1288//1288 1287//1287
f 1260//1260 1233//1233 1288//1288
f 1233//1233 1261//1261 1288//1288
f 1261//1261 1262//1262 1289//1289
f 1262//1262 1290//1290 1289//1289
f 1262//1262 1263//1263 1290//1290
f 1263//1263 1291//1291 1290//1290
f 1263//1263 1264//1264 1291//1291
f 1264//1264 1292//1292 1291//1291
f 1264//1264 1265//1265 1292//1292
f 1265//1265 1293//1293 1292//1292
f 1265//1265 1266//1266 1293//1293
f 1266//1266 1294//1294 1293//1293
f 1266//1266 1267//1267 1294//1294
f 1267//1267 1295//1295 1294//1294
f 1267//1267 1268//1268 1295//1295
f 1268//1268 1296//1296 1295//1295
f 1268//1268 1269//1269 1296//1296
f 1269//1269 1297//1297 1296//1296
f 1269//1269 1270//1270 1297//1297
f 1270//1270 1298//1298 1297//1297
f 1270//1270 1271//1271 1298//1298
f 1271//1271 1299//1299 1298//1298
f 1271//1271 1272//1272 1299//1299
f 1272//1272 1300//1300 1299//1299
f 1272//1272 1273//1273 1300//1300
f 1273//1273 1301//1301 1300//1300
f 1273//1273 1274//1274 1301//1301
f 1274//1274 1302//1302 1301//1301
f 1274//1274 1275//1275 1302//1302
f 1275//1275 1303//1303 1302//1302
f 1275//1275 1276//1276 1303//1303
f 1276//1276 1304//1304 1303//1303
f 1276//1276 1277//1277 1304//1304
f 1277//1277 1305//1305 1304//1304
f 1277//1277 1278//1278 1305//1305
f 1278//1278 1306//1306 1305//1305
f 1278//1278 1279//1279 1306//1306
f 1279//1279 1307//1307 1306//1306
f 1279//1279 1280//1280 1307//1307
f 1280//1280 1308//1308 1307//1307
f 1280//1280 1281//1281 1308//1308
f 1281//1281 1309//1309 1308//1308
f 1281//1281 1282//1282 1309//1309
f 1282//1282 1310//1310 1309//1309
f 1282//1282 1283//1283 1310//1310
f 1283//1283 1311//1311 1310//1310
f 1283//1283 1284//1284 1311//1311
f 1284//1284 1312//1312 1311//1311
f 1284//1284 1285//1285 1312//1312
f 1285//1285 1313//1313 1312//1312
f 1285//1285 1286//1286 1313//1313
f 1286//1286 1314//1314 1313//1313
f 1286//1286 1287//1287 1314//1314
f 1287//1287 1315//1315 1314//1314
f 1287//1287 1288//1288 1315//1315
f 1288//1288 1316//1316 1315//1315
f 1288//1288 1261//1261 1316//1316
f 1261//1261 1289//1289 1316//1316
f 1289//1289 1290//1290 1317//1317
f 1290//1290 1318//1318 1317//1317
f 1290//1290 1291//1291 1318//1318
f 1291//1291 1319//1319 1318//1318
f 1291//1291 1292//1292 1319//1319
f 1292//1292 1320//1320 1319//1319
f 1292//1292 1293//1293 1320//1320
f 1293//1293 1321//1321 1320//1320
f 1293//1293 1294//1294 1321//1321
f 1294//1294 1322//1322 1321//1321
f 1294//1294 1295//1295 1322//1322
f 1295//1295 1323//1323 1322//1322
f 1295//1295 1296//1296 1323//1323
f 1296//1296 1324//1324 1323//1323
f 1296//1296 1297//1297 1324//1324
f 1297//1297 1325//1325 1324//1324
f 1297//1297 1298//1298 1325//1325
f 1298//1298 1326//1326 1325//1325
f 1298//1298 1299//1299 1326//1326
f 1299//1299 1327//1327 1326//1326
f 1299//1299 1300//1300 1327//1327
f 1300//1300 1328//1328 1327//1327
f 1300//1300 1301//1301 1328//1328
f 1301//1301 1329//1329 1328//1328
f 1301//1301 1302//1302 1329//1329
f 1302//1302 1330//1330 1329//1329
f 1302//1302 1303//1303 1330//1330
f 1303//1303 1331//1331 1330//1330
f 1303//1303 1304//1304 1331//1331
f 1304//1304 1332//1332 1331//1331
f 1304//1304 1305//1305 1332//1332
f 1305//1305 1333//1333 1332//1332
f 1305//1305 1306//1306 1333//1333
f 1306//1306 1334//1334 1333//1333
f 1306//1306 1307//1307 1334//1334
f 1307//1307 1335//1335 1334//1334
f 1307//1307 1308//1308 1335//1335
f 1308//1308 1336//1336 1335//1335
f 1308//1308 1309//1309 1336//1336
f 1309//1309 1337//1337 1336//1336
f 1309//1309 1310//1310 1337//1337
f 1310//1310 1338//1338 1337//1337
f 1310//1310 1311//1311 1338//1338
f 1311//1311 1339//1339 1338//1338
f 1311//1311 1312//1312 1339//1339
f 1312//1312 1340//1340 1339//1339
f 1312//1312 1313//1313 1340//1340
f 1313//1313 1341//1341 1340//1340
f 1313//1313 1314//1314 1341//1341
f 1314//1314 1342//1342 1341//1341
f 1314//1314 1315//1315 1342//1342
f 1315//1315 1343//1343 1342//1342
f 1315//1315 1316//1316 1343//1343
f 1316//1316 1344//1344 1343//1343
f 1316//1316 1289//1289 1344//1344
f 1289//1289 1317//1317 1344//1344
f 1317//1317 1318//1318 1345//1345
f 1318//1318 1346//1346 1345//1345
f 1318//1318 1319//1319 1346//1346
f 1319//1319 1347//1347 1346//1346
f 1319//1319 1320//1320 1347//1347
f 1320//1320 1348//1348 1347//1347
f 1320//1320 1321//1321 1348//1348
f 1321//1321 1349//1349 1348//1348
f 1321//1321 1322//1322 1349//1349
f 1322//1322 1350//1350 1349//1349
f 1322//1322 1323//1323 1350//1350
f 1323//1323 1351//1351 1350//1350
f 1323//1323 1324//1324 1351//1351
f 1324//1324 1352//1352 1351//1351
f 1324//1324 1325//1325 1352//1352
f 1325//1325 1353//1353 1352//1352
f 1325//1325 1326//1326 1353//1353
f 1326//1326 1354//1354 1353//1353
f 1326//1326 1327//1327 1354//1354
f 1327//1327 1355//1355 1354//1354
f 1327//1327 1328//1328 1355//1355
f 1328//1328 1356//1356 1355//1355
f 1328//1328 1329//1329 1356//1356
f 1329//1329 1357//1357 1356//1356
f 1329//1329 1330//1330 1357//1357
f 1330//1330 1358//1358 1357//1357
f 1330//1330 1331//1331 1358//1358
f 1331//1331 1359//1359 1358//1358
f 1331//1331 1332//1332 1359//1359
f 1332//1332 1360//1360 1359//1359
f 1332//1332 1333//1333 1360//1360
f 1333//1333 1361//1361 1360//1360
f 1333//1333 1334//1334 1361//1361
f 1334//1334 1362//1362 1361//1361
f 1334//1334 1335//1335 1362//1362
f 1335//1335 1363//1363 1362//1362
f 1335//1335 1336//1336 1363//1363
f 1336//1336 1364//1364 1363//1363
f 1336//1336 1337//1337 1364//1364
f 1337//1337 1365//1365 1364//1364
f 1337//1337 1338//1338 1365//1365
f 1338//1338 1366//1366 1365//1365
f 1338//1338 1339//1339 1366//1366
f 1339//1339 1367//1367 1366//1366
f 1339//1339 1340//1340 1367//1367
f 1340//1340 1368//1368 1367//1367
f 1340//1340 1341//1341 1368//1368
f 1341//1341 1369//1369 1368//1368
f 1341//1341 1342//1342 1369//1369
f 1342//1342 1370//1370 1369//1369
f 1342//1342 1343//1343 1370//1370
f 1343//1343 1371//1371 1370//1370
f 1343//1343 1344//1344 1371//1371
f 1344//1344 1372//1372 1371//1371
f 1344//1344 1317//1317 1372//1372
f 1317//1317 1345//1345 1372//1372
f 1345//1345 1346//1346 1373//1373
f 1346//1346 1374//1374 1373//1373
f 1346//1346 1347//1347 1374//1374
f 1347//1347 1375//1375 1374//1374
f 1347//1347 1348//1348 1375//1375
f 1348//1348 1376//1376 1375//1375
f 1348//1348 1349//1349 1376//1376
f 1349//1349 1377//1377 1376//1376
f 1349//1349 1350//1350 1377//1377
f 1350//1350 1378//1378 1377//1377
f 1350//1350 1351//1351 1378//1378
f 1351//1351 1379//1379 1378//1378
f 1351//1351 1352//1352 1379//1379
f 1352//1352 1380//1380 1379//1379
f 1352//1352 1353//1353 1380//1380
f 1353//1353 1381//1381 1380//1380
f 1353//1353 1354//1354 1381//1381
f 1354//1354 1382//1382 1381//1381
f 1354//1354 1355//1355 1382//1382
f 1355//1355 1383//1383 1382//1382
f 1355//1355 1356//1356 1383//1383
f 1356//1356 1384//1384 1383//1383
f 1356//1356 1357//1357 1384//1384
f 1357//1357 1385//1385 1384//1384
f 1357//1357 1358//1358 1385//1385
f 1358//1358 1386//1386 1385//1385
f 1358//1358 1359//1359 1386//1386
f 1359//1359 1387//1387 1386//1386
f 1359//1359 1360//1360 1387//1387
f 1360//1360 1388//1388 1387//1387
f 1360//1360 1361//1361 1388//1388
f 1361//1361 1389//1389 1388//1388
f 1361//1361 1362//1362 1389//1389
f 1362//1362 1390//1390 1389//1389
f 1362//1362 1363//1363 1390//1390
f 1363//1363 1391//1391 1390//1390
f 1363//1363 1364//1364 1391//1391
f 1364//1364 1392//1392 1391//1391
f 1364//1364 1365//1365 1392//1392
f 1365//1365 1393//1393 1392//1392
f 1365//1365 1366//1366 1393//1393
f 1366//1366 1394//1394 1393//1393
f 1366//1366 1367//1367 1394//1394
f 1367//1367 1395//1395 1394//1394
f 1367//1367 1368//1368 1395//1395
f 1368//1368 1396//1396 1395//1395
f 1368//1368 1369//1369 1396//1396
f 1369//1369 1397//1397 1396//1396
f 1369//1369 1370//1370 1397//1397
f 1370//1370 1398//1398 1397//1397
f 1370//1370 1371//1371 1398//1398
f 1371//1371 1399//1399 1398//1398
f 1371//1371 1372//1372 1399//1399
f 1372//1372 1400//1400 1399//1399
f 1372//1372 1345//1345 1400//1400
f 1345//1345 1373//1373 1400//1400
f 1373//1373 1374//1374 1401//1401
f 1374//1374 1402//1402 1401//1401
f 1374//1374 1375//1375 1402//1402
f 1375//1375 1403//1403 1402//1402
f 1375//1375 1376//1376 1403//1403
f 1376//1376 1404//1404 1403//1403
f 1376//1376 1377//1377 1404//1404
f 1377//1377 1405//1405 1404//1404
f 1377//1377 1378//1378 1405//1405
f 1378//1378 1406//1406 1405//1405
f 1378//1378 1379//1379 1406//1406
f 1379//1379 1407//1407 1406//1406
f 1379//1379 1380//1380 1407//1407
f 1380//1380 1408//1408 1407//1407
f 1380//1380 1381//1381 1408//1408
f 1381//1381 1409//1409 1408//1408
f 1381//1381 1382//1382 1409//1409
f 1382//1382 1410//1410 1409//1409
f 1382//1382 1383//1383 1410//1410
f 1383//1383 1411//1411 1410//1410
f 1383//1383 1384//1384 1411//1411
f 1384//1384 1412//1412 1411//1411
f 1384//1384 1385//1385 1412//1412
f 1385//1385 1413//1413 1412//1412
f 1385//1385 1386//1386 1413//1413
f 1386//1386 1414//1414 1413//1413
f 1386//1386 1387//1387 1414//1414
f 1387//1387 1415//1415 1414//1414
f 1387//1387 1388//1388 1415//1415
f 1388//1388 1416//1416 1415//1415
f 1388//1388 1389//1389 1416//1416
f 1389//1389 1417//1417 1416//1416
f 1389//1389 1390//1390 1417//1417
f 1390//1390 1418//1418 1417//1417
f 1390//1390 1391//1391 1418//1418
f 1391//1391 1419//1419 1418//1418
f 1391//1391 1392//1392 1419//1419
f 1392//1392 1420//1420 1419//1419
f 1392//1392 1393//1393 1420//1420
f 1393//1393 1421//1421 1420//1420
f 1393//1393 1394//1394 1421//1421
f 1394//1394 1422//1422 1421//1421
f 1394//1394 1395//1395 1422//1422
f 1395//1395 1423//1423 1422//1422
f 1395//1395 1396//1396 1423//1423
f 1396//1396 1424//1424 1423//1423
f 1396//1396 1397//1397 1424//1424
f 1397//1397 1425//1425 1424//1424
f 1397//1397 1398//1398 1425//1425
f 1398//1398 1426//1426 1425//1425
f 1398//1398 1399//1399 1426//1426
f 1399//1399 1427//1427 1426//1426
f 1399//1399 1400//1400 1427//1427
f 1400//1400 1428//1428 1427//1427
f 1400//1400 1373//1373 1428//1428
f 1373//1373 1401//1401 1428//1428
f 1401//1401 1402//1402 1429//1429
f 1402//1402 1430//1430 1429//1429
f 1402//1402 1403//1403 1430//1430
f 1403//1403 1431//1431 1430//1430
f 1403//1403 1404//1404 1431//1431
f 1404//1404 1432//1432 1431//1431
f 1404//1404 1405//1405 1432//1432
f 1405//1405 1433//1433 1432//1432
f 1405//1405 1406//1406 1433//1433
f 1406//1406 1434//1434 1433//1433
f 1406//1406 1407//1407 1434//1434
f 1407//1407 1435//1435 1434//1434
f 1407//1407 1408//1408 1435//1435
f 1408//1408 1436//1436 1435//1435
f 1408//1408 1409//1409 1436//1436
f 1409//1409 1437//1437 1436//1436
f 1409//1409 1410//1410 1437//1437
f 1410//1410 1438//1438 1437//1437
f 1410//1410 1411//1411 1438//1438
f 1411//1411 1439//1439 1438//1438
f 1411//1411 1412//1412 1439//1439
f 1412//1412 1440//1440 1439//1439
f 1412//1412 1413//1413 1440//1440
f 1413//1413 1441//1441 1440//1440
f 1413//1413 1414//1414 1441//1441
f 1414//1414 1442//1442 1441//1441
f 1414//1414 1415//1415 1442//1442
f 1415//1415 1443//1443 1442//1442
f 1415//1415 1416//1416 1443//1443
f 1416//1416 1444//1444 1443//1443
f 1416//1416 1417//1417 1444//1444
f 1417//1417 1445//1445 1444//1444
f 1417//1417 1418//1418 1445//1445
f 1418//1418 1446//1446 1445//1445
f 1418//1418 1419//1419 1446//1446
f 1419//1419 1447//1447 1446//1446
f 1419//1419 1420//1420 1447//1447
f 1420//1420 1448//1448 1447//1447
f 1420//1420 1421//1421 1448//1448
f 1421//1421 1449//1449 1448//1448
f 1421//1421 1422//1422 1449//1449
f 1422//1422 1450//1450 1449//1449
f 1422//1422 1423//1423 1450//1450
f 1423//1423 1451//1451 1450//1450
f 1423//1423 1424//1424 1451//1451
f 1424//1424 1452//1452 1451//1451
f 1424//1424 1425//1425 1452//1452
f 1425//1425 1453//1453 1452//1452
f 1425//1425 1426//1426 1453//1453
f 1426//1426 1454//1454 1453//1453
f 1426//1426 1427//1427 1454//1454
f 1427//1427 1455//1455 1454//1454
f 1427//1427 1428//1428 1455//1455
f 1428//1428 1456//1456 1455//1455
f 1428//1428 1401//1401 1456//1456
f 1401//1401 1429//1429 1456//1456
f 1429//1429 1430//1430 1457//1457
f 1430//1430 1458//1458 1457//1457
f 1430//1430 1431//1431 1458//1458
f 1431//1431 1459//1459 1458//1458
f 1431//1431 1432//1432 1459//1459
f 1432//1432 1460//1460 1459//1459
f 1432//1432 1433//1433 1460//1460
f 1433//1433 1461//1461 1460//1460
f 1433//1433 1434//1434 1461//1461
f 1434//1434 1462//1462 1461//1461
f 1434//1434 1435//1435 1462//1462
f 1435//1435 1463//1463 1462//1462
f 1435//1435 1436//1436 1463//1463
f 1436//1436 1464//1464 1463//1463
f 1436//1436 1437//1437 1464//1464
f 1437//1437 1465//1465 1464//1464
f 1437//1437 1438//1438 1465//1465
f 1438//1438 1466//1466 1465//1465
f 1438//1438 1439//1439 1466//1466
f 1439//1439 1467//1467 1466//1466
f 1439//1439 1440//1440 1467//1467
f 1440//1440 1468//1468 1467//1467
f 1440//1440 1441//1441 1468//1468
f 1441//1441 1469//1469 1468//1468
f 1441//1441 1442//1442 1469//1469
f 1442//1442 1470//1470 1469//1469
f 1442//1442 1443//1443 1470//1470
f 1443//1443 1471//1471 1470//1470
f 1443//1443 1444//1444 1471//1471
f 1444//1444 1472//1472 1471//1471
f 1444//1444 1445//1445 1472//1472
f 1445//1445 1473//1473 1472//1472
f 1445//1445 1446//1446 1473//1473
f 1446//1446 1474//1474 1473//1473
f 1446//1446 1447//1447 1474//1474
f 1447//1447 1475//1475 1474//1474
f 1447//1447 1448//1448 1475//1475
f 1448//1448 1476//1476 1475//1475
f 1448//1448 1449//1449 1476//1476
f 1449//1449 1477//1477 1476//1476
f 1449//1449 1450//1450 1477//1477
f 1450//1450 1478//1478 1477//1477
f 1450//1450 1451//1451 1478//1478
f 1451//1451 1479//1479 1478//1478
f 1451//1451 1452//1452 1479//1479
f 1452//1452 1480//1480 1479//1479
f 1452//1452 1453//1453 1480//1480
f 1453//1453 1481//1481 1480//1480
f 1453//1453 1454//1454 1481//1481
f 1454//1454 1482//1482 1481//1481
f 1454//1454 1455//1455 1482//1482
f 1455//1455 1483//1483 1482//1482
f 1455//1455 1456//1456 1483//1483
f 1456//1456 1484//1484 1483//1483
f 1456//1456 1429//1429 1484//1484
f 1429//1429 1457//1457 1484//1484
f 1457//1457 1458//1458 1485//1485
f 1458//1458 1486//1486 1485//1485
f 1458//1458 1459//1459 1486//1486
f 1459//1459 1487//1487 1486//1486
f 1459//1459 1460//1460 1487//1487
f 1460//1460 1488//1488 1487//1487
f 1460//1460 1461//1461 1488//1488
f 1461//1461 1489//1489 1488//1488
f 1461//1461 1462//1462 1489//1489
f 1462//1462 1490//1490 1489//1489
f 1462//1462 1463//1463 1490//1490
f 1463//1463 1491//1491 1490//1490
f 1463//1463 1464//1464 1491//1491
f 1464//1464 1492//1492 1491//1491
f 1464//1464 1465//1465 1492//1492
f 1465//1465 1493//1493 1492//1492
f 1465//1465 1466//1466 1493//1493
f 1466//1466 1494//1494 1493//1493
f 1466//1466 1467//1467 1494//1494
f 1467//1467 1495//1495 1494//1494
f 1467//1467 1468//1468 1495//1495
f 1468//1468 1496//1496 1495//1495
f 1468//1468 1469//1469 1496//1496
f 1469//1469 1497//1497 1496//1496
f 1469//1469 1470//1470 1497//1497
f 1470//1470 1498//1498 1497//1497
f 1470//1470 1471//1471 1498//1498
f 1471//1471 1499//1499 1498//1498
f 1471//1471 1472//1472 1499//1499
f 1472//1472 1500//1500 1499//1499
f 1472//1472 1473//1473 1500//1500
f 1473//1473 1501//1501 1500//1500
f 1473//1473 1474//1474 1501//1501
f 1474//1474 1502//1502 1501//1501
f 1474//1474 1475//1475 1502//1502
f 1475//1475 1503//1503 1502//1502
f 1475//1475 1476//1476 1503//1503
f 1476//1476 1504//1504 1503//1503
f 1476//1476 1477//1477 1504//1504
f 1477//1477 1505//1505 1504//1504
f 1477//1477 1478//1478 1505//1505
f 1478//1478 1506//1506 1505//1505
f 1478//1478 1479//1479 1506//1506
f 1479//1479 1507//1507 1506//1506
f 1479//1479 1480//1480 1507//1507
f 1480//1480 1508//1508 1507//1507
f 1480//1480 1481//1481 1508//1508
f 1481//1481 1509//1509 1508//1508
f 1481//1481 1482//1482 1509//1509
f 1482//1482 1510//1510 1509//1509
f 1482//1482 1483//1483 1510//1510
f 1483//1483 1511//1511 1510//1510
f 1483//1483 1484//1484 1511//1511
f 1484//1484 1512//1512 1511//1511
f 1484//1484 1457//1457 1512//1512
f 1457//1457 1485//1485 1512//1512
f 1485//1485 1486//1486 1513//1513
f 1486//1486 1514//1514 1513//1513
f 1486//1486 1487//1487 1514//1514
f 1487//1487 1515//1515 1514//1514
f 1487//1487 1488//1488 1515//1515
f 1488//1488 1516//1516 1515//1515
f 1488//1488 1489//1489 1516//1516
f 1489//1489 1517//1517 1516//1516
f 1489//1489 1490//1490 1517//1517
f 1490//1490 1518//1518 1517//1517
f 1490//1490 1491//1491 1518//1518
f 1491//1491 1519//1519 1518//1518
f 1491//1491 1492//1492 1519//1519
f 1492//1492 1520//1520 1519//1519
f 1492//1492 1493//1493 1520//1520
f 1493//1493 1521//1521 1520//1520
f 1493//1493 1494//1494 1521//1521
f 1494//1494 1522//1522 1521//1521
f 1494//1494 1495//1495 1522//1522
f 1495//1495 1523//1523 1522//1522
f 1495//1495 1496//1496 1523//1523
f 1496//1496 1524//1524 1523//1523
f 1496//1496 1497//1497 1524//1524
f 1497//1497 1525//1525 1524//1524
f 1497//1497 1498//1498 1525//1525
f 1498//1498 1526//1526 1525//1525
f 1498//1498 1499//1499 1526//1526
f 1499//1499 1527//1527 1526//1526
f 1499//1499 1500//1500 1527//1527
f 1500//1500 1528//1528 1527//1527
f 1500//1500 1501//1501 1528//1528
f 1501//1501 1529//1529 1528//1528
f 1501//1501 1502//1502 1529//1529
f 1502//1502 1530//1530 1529//1529
f 1502//1502 1503//1503 1530//1530
f 1503//1503 1531//1531 1530//1530
f 1503//1503 1504//1504 1531//1531
f 1504//1504 1532//1532 1531//1531
f 1504//1504 1505//1505 1532//1532
f 1505//1505 1533//1533 1532//1532
f 1505//1505 1506//1506 1533//1533
f 1506//1506 1534//1534 1533//1533
f 1506//1506 1507//1507 1534//1534
f 1507//1507 1535//1535 1534//1534
f 1507//1507 1508//1508 1535//1535
f 1508//1508 1536//1536 1535//1535
f 1508//1508 1509//1509 1536//1536
f 1509//1509 1537//1537 1536//1536
f 1509//1509 1510//1510 1537//1537
f 1510//1510 1538//1538 1537//1537
f 1510//1510 1511//1511 1538//1538
f 1511//1511 1539//1539 1538//1538
f 1511//1511 1512//1512 1539//1539
f 1512//1512 1540//1540 1539//1539
f 1512//1512 1485//1485 1540//1540
f 1485//1485 1513//1513 1540//1540
f 1513//1513 1514//1514 1541//1541
f 1514//1514 1542//1542 1541//1541
f 1514//1514 1515//1515 1542//1542
f 1515//1515 1543//1543 1542//1542
f 1515//1515 1516//1516 1543//1543
f 1516//1516 1544//1544 1543//1543
f 1516//1516 1517//1517 1544//1544
f 1517//1517 1545//1545 1544//1544
f 1517//1517 1518//1518 1545//1545
f 1518//1518 1546//1546 1545//1545
f 1518//1518 1519//1519 1546//1546
f 1519//1519 1547//1547 1546//1546
f 1519//1519 1520//1520 1547//1547
f 1520//1520 1548//1548 1547//1547
f 1520//1520 1521//1521 1548//1548
f 1521//1521 1549//1549 1548//1548
f 1521//1521 1522//1522 1549//1549
f 1522//1522 1550//1550 1549//1549
f 1522//1522 1523//1523 1550//1550
f 1523//1523 1551//1551 1550//1550
f 1523//1523 1524//1524 1551//1551
f 1524//1524 1552//1552 1551//1551
f 1524//1524 1525//1525 1552//1552
f 1525//1525 1553//1553 1552//1552
f 1525//1525 1526//1526 1553//1553
f 1526//1526 1554//1554 1553//1553
f 1526//1526 1527//1527 1554//1554
f 1527//1527 1555//1555 1554//1554
f 1527//1527 1528//1528 1555//1555
f 1528//1528 1556//1556 1555//1555
f 1528//1528 1529//1529 1556//1556
f 1529//1529 1557//1557 1556//1556
f 1529//1529 1530//1530 1557//1557
f 1530//1530 1558//1558 1557//1557
f 1530//1530 1531//1531 1558//1558
f 1531//1531 1559//1559 1558//1558
f 1531//1531 1532//1532 1559//1559
f 1532//1532 1560//1560 1559//1559
f 1532//1532 1533//1533 1560//1560
f 1533//1533 1561//1561 1560//1560
f 1533//1533 1534//1534 1561//1561
f 1534//1534 1562//1562 1561//1561
f 1534//1534 1535//1535 1562//1562
f 1535//1535 1563//1563 1562//1562
f 1535//1535 1536//1536 1563//1563
f 1536//1536 1564//1564 1563//1563
f 1536//1536 1537//1537 1564//1564
f 1537//1537 1565//1565 1564//1564
f 1537//1537 1538//1538 1565//1565
f 1538//1538 1566//1566 1565//1565
f 1538//1538 1539//1539 1566//1566
f 1539//1539 1567//1567 1566//1566
f 1539//1539 1540//1540 1567//1567
f 1540//1540 1568//1568 1567//1567
f 1540//1540 1513//1513 1568//1568
f 1513//1513 1541//1541 1568//1568
f 1541//1541 1542//1542 1569//1569
f 1542//1542 1570//1570 1569//1569
f 1542//1542 1543//1543 1570//1570
f 1543//1543 1571//1571 1570//1570
f 1543//1543 1544//1544 1571//1571
f 1544//1544 1572//1572 1571//1571
f 1544//1544 1545//1545 1572//1572
f 1545//1545 1573//1573 1572//1572
f 1545//1545 1546//1546 1573//1573
f 1546//1546 1574//1574 1573//1573
f 1546//1546 1547//1547 1574//1574
f 1547//1547 1575//1575 1574//1574
f 1547//1547 1548//1548 1575//1575
f 1548//1548 1576//1576 1575//1575
f 1548//1548 1549//1549 1576//1576
f 1549//1549 1577//1577 1576//1576
f 1549//1549 1550//1550 1577//1577
f 1550//1550 1578//1578 1577//1577
f 1550//1550 1551//1551 1578//1578
f 1551//1551 1579//1579 1578//1578
f 1551//1551 1552//1552 1579//1579
f 1552//1552 1580//1580 1579//1579
f 1552//1552 1553//1553 1580//1580
f 1553//1553 1581//1581 1580//1580
f 1553//1553 1554//1554 1581//1581
f 1554//1554 1582//1582 1581//1581
f 1554//1554 1555//1555 1582//1582
f 1555//1555 1583//1583 1582//1582
f 1555//1555 1556//1556 1583//1583
f 1556//1556 1584//1584 1583//1583
f 1556//1556 1557//1557 1584//1584
f 1557//1557 1585//1585 1584//1584
f 1557//1557 1558//1558 1585//1585
f 1558//1558 1586//1586 1585//1585
f 1558//1558 1559//1559 1586//1586
f 1559//1559 1587//1587 1586//1586
f 1559//1559 1560//1560 1587//1587
f 1560//1560 1588//1588 1587//1587
f 1560//1560 1561//1561 1588//1588
f 1561//1561 1589//1589 1588//1588
f 1561//1561 1562//1562 1589//1589
f 1562//1562 1590//1590 1589//1589
f 1562//1562 1563//1563 1590//1590
f 1563//1563 1591//1591 1590//1590
f 1563//1563 1564//1564 1591//1591
f 1564//1564 1592//1592 1591//1591
f 1564//1564 1565//1565 1592//1592
f 1565//1565 1593//1593 1592//1592
f 1565//1565 1566//1566 1593//1593
f 1566//1566 1594//1594 1593//1593
f 1566//1566 1567//1567 1594//1594
f 1567//1567 1595//1595 1594//1594
f 1567//1567 1568//1568 1595//1595
f 1568//1568 1596//1596 1595//1595
f 1568//1568 1541//1541 1596//1596
f 1541//1541 1569//1569 1596//1596
f 1569//1569 1570//1570 1597//1597
f 1570//1570 1598//1598 1597//1597
f 1570//1570 1571//1571 1598//1598
f 1571//1571 1599//1599 1598//1598
f 1571//1571 1572//1572 1599//1599
f 1572//1572 1600//1600 1599//1599
f 1572//1572 1573//1573 1600//1600
f 1573//1573 1601//1601 1600//1600
f 1573//1573 1574//1574 1601//1601
f 1574//1574 1602//1602 1601//1601
f 1574//1574 1575//1575 1602//1602
f 1575//1575 1603//1603 1602//1602
f 1575//1575 1576//1576 1603//1603
f 1576//1576 1604//1604 1603//1603
f 1576//1576 1577//1577 1604//1604
f 1577//1577 1605//1605 1604//1604
f 1577//1577 1578//1578 1605//1605
f 1578//1578 1606//1606 1605//1605
f 1578//1578 1579//1579 1606//1606
f 1579//1579 1607//1607 1606//1606
f 1579//1579 1580//1580 1607//1607
f 1580//1580 1608//1608 1607//1607
f 1580//1580 1581//1581 1608//1608
f 1581//1581 1609//1609 1608//1608
f 1581//1581 1582//1582 1609//1609
f 1582//1582 1610//1610 1609//1609
f 1582//1582 1583//1583 1610//1610
f 1583//1583 1611//1611 1610//1610
f 1583//1583 1584//1584 1611//1611
f 1584//1584 1612//1612 1611//1611
f 1584//1584 1585//1585 1612//1612
f 1585//1585 1613//1613 1612//1612
f 1585//1585 1586//1586 1613//1613
f 1586//1586 1614//1614 1613//1613
f 1586//1586 1587//1587 1614//1614
f 1587//1587 1615//1615 1614//1614
f 1587//1587 1588//1588 1615//1615
f 1588//1588 1616//1616 1615//1615
f 1588//1588 1589//1589 1616//1616
f 1589//1589 1617//1617 1616//1616
f 1589//1589 1590//1590 1617//1617
f 1590//1590 1618//1618 1617//1617
f 1590//1590 1591//1591 1618//1618
f 1591//1591 1619//1619 1618//1618
f 1591//1591 1592//1592 1619//1619
f 1592//1592 1620//1620 1619//1619
f 1592//1592 1593//1593 1620//1620
f 1593//1593 1621//1621 1620//1620
f 1593//1593 1594//1594 1621//1621
f 1594//1594 1622//1622 1621//1621
f 1594//1594 1595//1595 1622//1622
f 1595//1595 1623//1623 1622//1622
f 1595//1595 1596//1596 1623//1623
f 1596//1596 1624//1624 1623//1623
f 1596//1596 1569//1569 1624//1624
f 1569//1569 1597//1597 1624//1624
f 1597//1597 1598//1598 1625//1625
f 1598//1598 1626//1626 1625//1625
f 1598//1598 1599//1599 1626//1626
f 1599//1599 1627//1627 1626//1626
f 1599//1599 1600//1600 1627//1627
f 1600//1600 1628//1628 1627//1627
f 1600//1600 1601//1601 1628//1628
f 1601//1601 1629//1629 1628//1628
f 1601//1601 1602//1602 1629//1629
f 1602//1602 1630//1630 1629//1629
f 1602//1602 1603//1603 1630//1630
f 1603//1603 1631//1631 1630//1630
f 1603//1603 1604//1604 1631//1631
f 1604//1604 1632//1632 1631//1631
f 1604//1604 1605//1605 1632//1632
f 1605//1605 1633//1633 1632//1632
f 1605//1605 1606//1606 1633//1633
f 1606//1606 1634//1634 1633//1633
f 1606//1606 1607//1607 1634//1634
f 1607//1607 1635//1635 1634//1634
f 1607//1607 1608//1608 1635//1635
f 1608//1608 1636//1636 1635//1635
f 1608//1608 1609//1609 1636//1636
f 1609//1609 1637//1637 1636//1636
f 1609//1609 1610//1610 1637//1637
f 1610//1610 1638//1638 1637//1637
f 1610//1610 1611//1611 1638//1638
f 1611//1611 1639//1639 1638//1638
f 1611//1611 1612//1612 1639//1639
f 1612//1612 1640//1640 1639//1639
f 1612//1612 1613//1613 1640//1640
f 1613//1613 1641//1641 1640//1640
f 1613//1613 1614//1614 1641//1641
f 1614//1614 1642//1642 1641//1641
f 1614//1614 1615//1615 1642//1642
f 1615//1615 1643//1643 1642//1642
f 1615//1615 1616//1616 1643//1643
f 1616//1616 1644//1644 1643//1643
f 1616//1616 1617//1617 1644//1644
f 1617//1617 1645//1645 1644//1644
f 1617//1617 1618//1618 1645//1645
f 1618//1618 1646//1646 1645//1645
f 1618//1618 1619//1619 1646//1646
f 1619//1619 1647//1647 1646//1646
f 1619//1619 1620//1620 1647//1647
f 1620//1620 1648//1648 1647//1647
f 1620//1620 1621//1621 1648//1648
f 1621//1621 1649//1649 1648//1648
f 1621//1621 1622//1622 1649//1649
f 1622//1622 1650//1650 1649//1649
f 1622//1622 1623//1623 1650//1650
f 1623//1623 1651//1651 1650//1650
f 1623//1623 1624//1624 1651//1651
f 1624//1624 1652//1652 1651//1651
f 1624//1624 1597//1597 1652//1652
f 1597//1597 1625//1625 1652//1652
f 1625//1625 1626//1626 1653//1653
f 1626//1626 1654//1654 1653//1653
f 1626//1626 1627//1627 1654//1654
f 1627//1627 1655//1655 1654//1654
f 1627//1627 1628//1628 1655//1655
f 1628//1628 1656//1656 1655//1655
f 1628//1628 1629//1629 1656//1656
f 1629//1629 1657//1657 1656//1656
f 1629//1629 1630//1630 1657//1657
f 1630//1630 1658//1658 1657//1657
f 1630//1630 1631//1631 1658//1658
f 1631//1631 1659//1659 1658//1658
f 1631//1631 1632//1632 1659//1659
f 1632//1632 1660//1660 1659//1659
f 1632//1632 1633//1633 1660//1660
f 1633//1633 1661//1661 1660//1660
f 1633//1633 1634//1634 1661//1661
f 1634//1634 1662//1662 1661//1661
f 1634//1634 1635//1635 1662//1662
f 1635//1635 1663//1663 1662//1662
f 1635//1635 1636//1636 1663//1663
f 1636//1636 1664//1664 1663//1663
f 1636//1636 1637//1637 1664//1664
f 1637//1637 1665//1665 1664//1664
f 1637//1637 1638//1638 1665//1665
f 1638//1638 1666//1666 1665//1665
f 1638//1638 1639//1639 1666//1666
f 1639//1639 1667//1667 1666//1666
f 1639//1639 1640//1640 1667//1667
f 1640//1640 1668//1668 1667//1667
f 1640//1640 1641//1641 1668//1668
f 1641//1641 1669//1669 1668//1668
f 1641//1641 1642//1642 1669//1669
f 1642//1642 1670//1670 1669//1669
f 1642//1642 1643//1643 1670//1670
f 1643//1643 1671//1671 1670//1670
f 1643//1643 1644//1644 1671//1671
f 1644//1644 1672//1672 1671//1671
f 1644//1644 1645//1645 1672//1672
f 1645//1645 1673//1673 1672//1672
f 1645//1645 1646//1646 1673//1673
f 1646//1646 1674//1674 1673//1673
f 1646//1646 1647//1647 1674//1674
f 1647//1647 1675//1675 1674//1674
f 1647//1647 1648//1648 1675//1675
f 1648//1648 1676//1676 1675//1675
f 1648//1648 1649//1649 1676//1676
f 1649//1649 1677//1677 1676//1676
f 1649//1649 1650//1650 1677//1677
f 1650//1650 1678//1678 1677//1677
f 1650//1650 1651//1651 1678//1678
f 1651//1651 1679//1679 1678//1678
f 1651//1651 1652//1652 1679//1679
f 1652//1652 1680//1680 1679//1679
f 1652//1652 1625//1625 1680//1680
f 1625//1625 1653//1653 1680//1680
f 1653//1653 1654//1654 1681//1681
f 1654//1654 1682//1682 1681//1681
f 1654//1654 1655//1655 1682//1682
f 1655//1655 1683//1683 1682//1682
f 1655//1655 1656//1656 1683//1683
f 1656//1656 1684//1684 1683//1683
f 1656//1656 1657//1657 1684//1684
f 1657//1657 1685//1685 1684//1684
f 1657//1657 1658//1658 1685//1685
f 1658//1658 1686//1686 1685//1685
f 1658//1658 1659//1659 1686//1686
f 1659//1659 1687//1687 1686//1686
f 1659//1659 1660//1660 1687//1687
f 1660//1660 1688//1688 1687//1687
f 1660//1660 1661//1661 1688//1688
f 1661//1661 1689//1689 1688//1688
f 1661//1661 1662//1662 1689//1689
f 1662//1662 1690//1690 1689//1689
f 1662//1662 1663//1663 1690//1690
f 1663//1663 1691//1691 1690//1690
f 1663//1663 1664//1664 1691//1691
f 1664//1664 1692//1692 1691//1691
f 1664//1664 1665//1665 1692//1692
f 1665//1665 1693//1693 1692//1692
f 1665//1665 1666//1666 1693//1693
f 1666//1666 1694//1694 1693//1693
f 1666//1666 1667//1667 1694//1694
f 1667//1667 1695//1695 1694//1694
f 1667//1667 1668//1668 1695//1695
f 1668//1668 1696//1696 1695//1695
f 1668//1668 1669//1669 1696//1696
f 1669//1669 1697//1697 1696//1696
f 1669//1669 1670//1670 1697//1697
f 1670//1670 1698//1698 1697//1697
f 1670//1670 1671//1671 1698//1698
f 1671//1671 1699//1699 1698//1698
f 1671//1671 1672//1672 1699//1699
f 1672//1672 1700//1700 1699//1699
f 1672//1672 1673//1673 1700//1700
f 1673//1673 1701//1701 1700//1700
f 1673//1673 1674//1674 1701//1701
f 1674//1674 1702//1702 1701//1701
f 1674//1674 1675//1675 1702//1702
f 1675//1675 1703//1703 1702//1702
f 1675//1675 1676//1676 1703//1703
f 1676//1676 1704//1704 1703//1703
f 1676//1676 1677//1677 1704//1704
f 1677//1677 1705//1705 1704//1704
f 1677//1677 1678//1678 1705//1705
f 1678//1678 1706//1706 1705//1705
f 1678//1678 1679//1679 1706//1706
f 1679//1679 1707//1707 1706//1706
f 1679//1679 1680//1680 1707//1707
f 1680//1680 1708//1708 1707//1707
f 1680//1680 1653//1653 1708//1708
f 1653//1653 1681//1681 1708//1708
f 1681//1681 1682//1682 1709//1709
f 1682//1682 1710//1710 1709//1709
f 1682//1682 1683//1683 1710//1710
f 1683//1683 1711//1711 1710//1710
f 1683//1683 1684//1684 1711//1711
f 1684//1684 1712//1712 1711//1711
f 1684//1684 1685//1685 1712//1712
f 1685//1685 1713//1713 1712//1712
f 1685//1685 1686//1686 1713//1713
f 1686//1686 1714//1714 1713//1713
f 1686//1686 1687//1687 1714//1714
f 1687//1687 1715//1715 1714//1714
f 1687//1687 1688//1688 1715//1715
f 1688//1688 1716//1716 1715//1715
f 1688//1688 1689//1689 1716//1716
f 1689//1689 1717//1717 1716//1716
f 1689//1689 1690//1690 1717//1717
f 1690//1690 1718//1718 1717//1717
f 1690//1690 1691//1691 1718//1718
f 1691//1691 1719//1719 1718//1718
f 1691//1691 1692//1692 1719//1719
f 1692//1692 1720//1720 1719//1719
f 1692//1692 1693//1693 1720//1720
f 1693//1693 1721//1721 1720//1720
f 1693//1693 1694//1694 1721//1721
f 1694//1694 1722//1722 1721//1721
f 1694//1694 1695//1695 1722//1722
f 1695//1695 1723//1723 1722//1722
f 1695//1695 1696//1696 1723//1723
f 1696//1696 1724//1724 1723//1723
f 1696//1696 1697//1697 1724//1724
f 1697//1697 1725//1725 1724//1724
f 1697//1697 1698//1698 1725//1725
f 1698//1698 1726//1726 1725//1725
f 1698//1698 1699//1699 1726//1726
f 1699//1699 1727//1727 1726//1726
f 1699//1699 1700//1700 1727//1727
f 1700//1700 1728//1728 1727//1727
f 1700//1700 1701//1701 1728//1728
f 1701//1701 1729//1729 1728//1728
f 1701//1701 1702//1702 1729//1729
f 1702//1702 1730//1730 1729//1729
f 1702//1702 1703//1703 1730//1730
f 1703//1703 1731//1731 1730//1730
f 1703//1703 1704//1704 1731//1731
f 1704//1704 1732//1732 1731//1731
f 1704//1704 1705//1705 1732//1732
f 1705//1705 1733//1733 1732//1732
f 1705//1705 1706//1706 1733//1733
f 1706//1706 1734//1734 1733//1733
f 1706//1706 1707//1707 1734//1734
f 1707//1707 1735//1735 1734//1734
f 1707//1707 1708//1708 1735//1735
f 1708//1708 1736//1736 1735//1735
f 1708//1708 1681//1681 1736//1736
f 1681//1681 1709//1709 1736//1736
f 1709//1709 1710//1710 1737//1737
f 1710//1710 1738//1738 1737//1737
f 1710//1710 1711//1711 1738//1738
f 1711//1711 1739//1739 1738//1738
f 1711//1711 1712//1712 1739//1739
f 1712//1712 1740//1740 1739//1739
f 1712//1712 1713//1713 1740//1740
f 1713//1713 1741//1741 1740//1740
f 1713//1713 1714//1714 1741//1741
f 1714//1714 1742//1742 1741//1741
f 1714//1714 1715//1715 1742//1742
f 1715//1715 1743//1743 1742//1742
f 1715//1715 1716//1716 1743//1743
f 1716//1716 1744//1744 1743//1743
f 1716//1716 1717//1717 1744//1744
f 1717//1717 1745//1745 1744//1744
f 1717//1717 1718//1718 1745//1745
f 1718//1718 1746//1746 1745//1745
f 1718//1718 1719//1719 1746//1746
f 1719//1719 1747//1747 1746//1746
f 1719//1719 1720//1720 1747//1747
f 1720//1720 1748//1748 1747//1747
f 1720//1720 1721//1721 1748//1748
f 1721//1721 1749//1749 1748//1748
f 1721//1721 1722//1722 1749//1749
f 1722//1722 1750//1750 1749//1749
f 1722//1722 1723//1723 1750//1750
f 1723//1723 1751//1751 1750//1750
f 1723//1723 1724//1724 1751//1751
f 1724//1724 1752//1752 1751//1751
f 1724//1724 1725//1725 1752//1752
f 1725//1725 1753//1753 1752//1752
f 1725//1725 1726//1726 1753//1753
f 1726//1726 1754//1754 1753//1753
f 1726//1726 1727//1727 1754//1754
f 1727//1727 1755//1755 1754//1754
f 1727//1727 1728//1728 1755//1755
f 1728//1728 1756//1756 1755//1755
f 1728//1728 1729//1729 1756//1756
f 1729//1729 1757//1757 1756//1756
f 1729//1729 1730//1730 1757//1757
f 1730//1730 1758//1758 1757//1757
f 1730//1730 1731//1731 1758//1758
f 1731//1731 1759//1759 1758//1758
f 1731//1731 1732//1732 1759//1759
f 1732//1732 1760//1760 1759//1759
f 1732//1732 1733//1733 1760//1760
f 1733//1733 1761//1761 1760//1760
f 1733//1733 1734//1734 1761//1761
f 1734//1734 1762//1762 1761//1761
f 1734//1734 1735//1735 1762//1762
f 1735//1735 1763//1763 1762//1762
f 1735//1735 1736//1736 1763//1763
f 1736//1736 1764//1764 1763//1763
f 1736//1736 1709//1709 1764//1764
f 1709//1709 1737//1737 1764//1764
f 1737//1737 1738//1738 1765//1765
f 1738//1738 1766//1766 1765//1765
f 1738//1738 1739//1739 1766//1766
f 1739//1739 1767//1767 1766//1766
f 1739//1739 1740//1740 1767//1767
f 1740//1740 1768//1768 1767//1767
f 1740//1740 1741//1741 1768//1768
f 1741//1741 1769//1769 1768//1768
f 1741//1741 1742//1742 1769//1769
f 1742//1742 1770//1770 1769//1769
f 1742//1742 1743//1743 1770//1770
f 1743//1743 1771//1771 1770//1770
f 1743//1743 1744//1744 1771//1771
f 1744//1744 1772//1772 1771//1771
f 1744//1744 1745//1745 1772//1772
f 1745//1745 1773//1773 1772//1772
f 1745//1745 1746//1746 1773//1773
f 1746//1746 1774//1774 1773//1773
f 1746//1746 1747//1747 1774//1774
f 1747//1747 1775//1775 1774//1774
f 1747//1747 1748//1748 1775//1775
f 1748//1748 1776//1776 1775//1775
f 1748//1748 1749//1749 1776//1776
f 1749//1749 1777//1777 1776//1776
f 1749//1749 1750//1750 1777//1777
f 1750//1750 1778//1778 1777//1777
f 1750//1750 1751//1751 1778//1778
f 1751//1751 1779//1779 1778//1778
f 1751//1751 1752//1752 1779//1779
f 1752//1752 1780//1780 1779//1779
f 1752//1752 1753//1753 1780//1780
f 1753//1753 1781//1781 1780//1780
f 1753//1753 1754//1754 1781//1781
f 1754//1754 1782//1782 1781//1781
f 1754//1754 1755//1755 1782//1782
f 1755//1755 1783//1783 1782//1782
f 1755//1755 1756//1756 1783//1783
f 1756//1756 1784//1784 1783//1783
f 1756//1756 1757//1757 1784//1784
f 1757//1757 1785//1785 1784//1784
f 1757//1757 1758//1758 1785//1785
f 1758//1758 1786//1786 1785//1785
f 1758//1758 1759//1759 1786//1786
f 1759//1759 1787//1787 1786//1786
f 1759//1759 1760//1760 1787//1787
f 1760//1760 1788//1788 1787//1787
f 1760//1760 1761//1761 1788//1788
f 1761//1761 1789//1789 1788//1788
f 1761//1761 1762//1762 1789//1789
f 1762//1762 1790//1790 1789//1789
f 1762//1762 1763//1763 1790//1790
f 1763//1763 1791//1791 1790//1790
f 1763//1763 1764//1764 1791//1791
f 1764//1764 1792//1792 1791//1791
f 1764//1764 1737//1737 1792//1792
f 1737//1737 1765//1765 1792//1792
f 1765//1765 1766//1766 1793//1793
f 1766//1766 1794//1794 1793//1793
f 1766//1766 1767//1767 1794//1794
f 1767//1767 1795//1795 1794//1794
f 1767//1767 1768//1768 1795//1795
f 1768//1768 1796//1796 1795//1795
f 1768//1768 1769//1769 1796//1796
f 1769//1769 1797//1797 1796//1796
f 1769//1769 1770//1770 1797//1797
f 1770//1770 1798//1798 1797//1797
f 1770//1770 1771//1771 1798//1798
f 1771//1771 1799//1799 1798//1798
f 1771//1771 1772//1772 1799//1799
f 1772//1772 1800//1800 1799//1799
f 1772//1772 1773//1773 1800//1800
f 1773//1773 1801//1801 1800//1800
f 1773//1773 1774//1774 1801//1801
f 1774//1774 1802//1802 1801//1801
f 1774//1774 1775//1775 1802//1802
f 1775//1775 1803//1803 1802//1802
f 1775//1775 1776//1776 1803//1803
f 1776//1776 1804//1804 1803//1803
f 1776//1776 1777//1777 1804//1804
f 1777//1777 1805//1805 1804//1804
f 1777//1777 1778//1778 1805//1805
f 1778//1778 1806//1806 1805//1805
f 1778//1778 1779//1779 1806//1806
f 1779//1779 1807//1807 1806//1806
f 1779//1779 1780//1780 1807//1807
f 1780//1780 1808//1808 1807//1807
f 1780//1780 1781//1781 1808//1808
f 1781//1781 1809//1809 1808//1808
f 1781//1781 1782//1782 1809//1809
f 1782//1782 1810//1810 1809//1809
f 1782//1782 1783//1783 1810//1810
f 1783//1783 1811//1811 1810//1810
f 1783//1783 1784//1784 1811//1811
f 1784//1784 1812//1812 1811//1811
f 1784//1784 1785//1785 1812//1812
f 1785//1785 1813//1813 1812//1812
f 1785//1785 1786//1786 1813//1813
f 1786//1786 1814//1814 1813//1813
f 1786//1786 1787//1787 1814//1814
f 1787//1787 1815//1815 1814//1814
f 1787//1787 1788//1788 1815//1815
f 1788//1788 1816//1816 1815//1815
f 1788//1788 1789//1789 1816//1816
f 1789//1789 1817//1817 1816//1816
f 1789//1789 1790//1790 1817//1817
f 1790//1790 1818//1818 1817//1817
f 1790//1790 1791//1791 1818//1818
f 1791//1791 1819//1819 1818//1818
f 1791//1791 1792//1792 1819//1819
f 1792//1792 1820//1820 1819//1819
f 1792//1792 1765//1765 1820//1820
f 1765//1765 1793//1793 1820//1820
f 1793//1793 1794//1794 1821//1821
f 1794//1794 1822//1822 1821//1821
f 1794//1794 1795//1795 1822//1822
f 1795//1795 1823//1823 1822//1822
f 1795//1795 1796//1796 1823//1823
f 1796//1796 1824//1824 1823//1823
f 1796//1796 1797//1797 1824//1824
f 1797//1797 1825//1825 1824//1824
f 1797//1797 1798//1798 1825//1825
f 1798//1798 1826//1826 1825//1825
f 1798//1798 1799//1799 1826//1826
f 1799//1799 1827//1827 1826//1826
f 1799//1799 1800//1800 1827//1827
f 1800//1800 1828//1828 1827//1827
f 1800//1800 1801//1801 1828//1828
f 1801//1801 1829//1829 1828//1828
f 1801//1801 1802//1802 1829//1829
f 1802//1802 1830//1830 1829//1829
f 1802//1802 1803//1803 1830//1830
f 1803//1803 1831//1831 1830//1830
f 1803//1803 1804//1804 1831//1831
f 1804//1804 1832//1832 1831//1831
f 1804//1804 1805//1805 1832//1832
f 1805//1805 1833//1833 1832//1832
f 1805//1805 1806//1806 1833//1833
f 1806//1806 1834//1834 1833//1833
f 1806//1806 1807//1807 1834//1834
f 1807//1807 1835//1835 1834//1834
f 1807//1807 1808//1808 1835//1835
f 1808//1808 1836//1836 1835//1835
f 1808//1808 1809//1809 1836//1836
f 1809//1809 1837//1837 1836//1836
f 1809//1809 1810//1810 1837//1837
f 1810//1810 1838//1838 1837//1837
f 1810//1810 1811//1811 1838//1838
f 1811//1811 1839//1839 1838//1838
f 1811//1811 1812//1812 1839//1839
f 1812//1812 1840//1840 1839//1839
f 1812//1812 1813//1813 1840//1840
f 1813//1813 1841//1841 1840//1840
f 1813//1813 1814//1814 1841//1841
f 1814//1814 1842//1842 1841//1841
f 1814//1814 1815//1815 1842//1842
f 1815//1815 1843//1843 1842//1842
f 1815//1815 1816//1816 1843//1843
f 1816//1816 1844//1844 1843//1843
f 1816//1816 1817//1817 1844//1844
f 1817//1817 1845//1845 1844//1844
f 1817//1817 1818//1818 1845//1845
f 1818//1818 1846//1846 1845//1845
f 1818//1818 1819//1819 1846//1846
f 1819//1819 1847//1847 1846//1846
f 1819//1819 1820//1820 1847//1847
f 1820//1820 1848//1848 1847//1847
f 1820//1820 1793//1793 1848//1848
f 1793//1793 1821//1821 1848//1848
f 1821//1821 1822//1822 1849//1849
f 1822//1822 1850//1850 1849//1849
f 1822//1822 1823//1823 1850//1850
f 1823//1823 1851//1851 1850//1850
f 1823//1823 1824//1824 1851//1851
f 1824//1824 1852//1852 1851//1851
f 1824//1824 1825//1825 1852//1852
f 1825//1825 1853//1853 1852//1852
f 1825//1825 1826//1826 1853//1853
f 1826//1826 1854//1854 1853//1853
f 1826//1826 1827//1827 1854//1854
f 1827//1827 1855//1855 1854//1854
f 1827//1827 1828//1828 1855//1855
f 1828//1828 1856//1856 1855//1855
f 1828//1828 1829//1829 1856//1856
f 1829//1829 1857//1857 1856//1856
f 1829//1829 1830//1830 1857//1857
f 1830//1830 1858//1858 1857//1857
f 1830//1830 1831//1831 1858//1858
f 1831//1831 1859//1859 1858//1858
f 1831//1831 1832//1832 1859//1859
f 1832//1832 1860//1860 1859//1859
f 1832//1832 1833//1833 1860//1860
f 1833//1833 1861//1861 1860//1860
f 1833//1833 1834//1834 1861//1861
f 1834//1834 1862//1862 1861//1861
f 1834//1834 1835//1835 1862//1862
f 1835//1835 1863//1863 1862//1862
f 1835//1835 1836//1836 1863//1863
f 1836//1836 1864//1864 1863//1863
f 1836//1836 1837//1837 1864//1864
f 1837//1837 1865//1865 1864//1864
f 1837//1837 1838//1838 1865//1865
f 1838//1838 1866//1866 1865//1865
f 1838//1838 1839//1839 1866//1866
f 1839//1839 1867//1867 1866//1866
f 1839//1839 1840//1840 1867//1867
f 1840//1840 1868//1868 1867//1867
f 1840//1840 1841//1841 1868//1868
f 1841//1841 1869//1869 1868//1868
f 1841//1841 1842//1842 1869//1869
f 1842//1842 1870//1870 1869//1869
f 1842//1842 1843//1843 1870//1870
f 1843//1843 1871//1871 1870//1870
f 1843//1843 1844//1844 1871//1871
f 1844//1844 1872//1872 1871//1871
f 1844//1844 1845//1845 1872//1872
f 1845//1845 1873//1873 1872//1872
f 1845//1845 1846//1846 1873//1873
f 1846//1846 1874//1874 1873//1873
f 1846//1846 1847//1847 1874//1874
f 1847//1847 1875//1875 1874//1874
f 1847//1847 1848//1848 1875//1875
f 1848//1848 1876//1876 1875//1875
f 1848//1848 1821//1821 1876//1876
f 1821//1821 1849//1849 1876//1876
f 1849//1849 1850//1850 1877//1877
f 1850//1850 1878//1878 1877//1877
f 1850//1850 1851//1851 1878//1878
f 1851//1851 1879//1879 1878//1878
f 1851//1851 1852//1852 1879//1879
f 1852//1852 1880//1880 1879//1879
f 1852//1852 1853//1853 1880//1880
f 1853//1853 1881//1881 1880//1880
f 1853//1853 1854//1854 1881//1881
f 1854//1854 1882//1882 1881//1881
f 1854//1854 1855//1855 1882//1882
f 1855//1855 1883//1883 1882//1882
f 1855//1855 1856//1856 1883//1883
f 1856//1856 1884//1884 1883//1883
f 1856//1856 1857//1857 1884//1884
f 1857//1857 1885//1885 1884//1884
f 1857//1857 1858//1858 1885//1885
f 1858//1858 1886//1886 1885//1885
f 1858//1858 1859//1859 1886//1886
f 1859//1859 1887//1887 1886//1886
f 1859//1859 1860//1860 1887//1887
f 1860//1860 1888//1888 1887//1887
f 1860//1860 1861//1861 1888//1888
f 1861//1861 1889//1889 1888//1888
f 1861//1861 1862//1862 1889//1889
f 1862//1862 1890//1890 1889//1889
f 1862//1862 1863//1863 1890//1890
f 1863//1863 1891//1891 1890//1890
f 1863//1863 1864//1864 1891//1891
f 1864//1864 1892//1892 1891//1891
f 1864//1864 1865//1865 1892//1892
f 1865//1865 1893//1893 1892//1892
f 1865//1865 1866//1866 1893//1893
f 1866//1866 1894//1894 1893//1893
f 1866//1866 1867//1867 1894//1894
f 1867//1867 1895//1895 1894//1894
f 1867//1867 1868//1868 1895//1895
f 1868//1868 1896//1896 1895//1895
f 1868//1868 1869//1869 1896//1896
f 1869//1869 1897//1897 1896//1896
f 1869//1869 1870//1870 1897//1897
f 1870//1870 1898//1898 1897//1897
f 1870//1870 1871//1871 1898//1898
f 1871//1871 1899//1899 1898//1898
f 1871//1871 1872//1872 1899//1899
f 1872//1872 1900//1900 1899//1899
f 1872//1872 1873//1873 1900//1900
f 1873//1873 1901//1901 1900//1900
f 1873//1873 1874//1874 1901//1901
f 1874//1874 1902//1902 1901//1901
f 1874//1874 1875//1875 1902//1902
f 1875//1875 1903//1903 1902//1902
f 1875//1875 1876//1876 1903//1903
f 1876//1876 1904//1904 1903//1903
f 1876//1876 1849//1849 1904//1904
f 1849//1849 1877//1877 1904//1904
f 1877//1877 1878//1878 1905//1905
f 1878//1878 1906//1906 1905//1905
f 1878//1878 1879//1879 1906//1906
f 1879//1879 1907//1907 1906//1906
f 1879//1879 1880//1880 1907//1907
f 1880//1880 1908//1908 1907//1907
f 1880//1880 1881//1881 1908//1908
f 1881//1881 1909//1909 1908//1908
f 1881//1881 1882//1882 1909//1909
f 1882//1882 1910//1910 1909//1909
f 1882//1882 1883//1883 1910//1910
f 1883//1883 1911//1911 1910//1910
f 1883//1883 1884//1884 1911//1911
f 1884//1884 1912//1912 1911//1911
f 1884//1884 1885//1885 1912//1912
f 1885//1885 1913//1913 1912//1912
f 1885//1885 1886//1886 1913//1913
f 1886//1886 1914//1914 1913//1913
f 1886//1886 1887//1887 1914//1914
f 1887//1887 1915//1915 1914//1914
f 1887//1887 1888//1888 1915//1915
f 1888//1888 1916//1916 1915//1915
f 1888//1888 1889//1889 1916//1916
f 1889//1889 1917//1917 1916//1916
f 1889//1889 1890//1890 1917//1917
f 1890//1890 1918//1918 1917//1917
f 1890//1890 1891//1891 1918//1918
f 1891//1891 1919//1919 1918//1918
f 1891//1891 1892//1892 1919//1919
f 1892//1892 1920//1920 1919//1919
f 1892//1892 1893//1893 1920//1920
f 1893//1893 1921//1921 1920//1920
f 1893//1893 1894//1894 1921//1921
f 1894//1894 1922//1922 1921//1921
f 1894//1894 1895//1895 1922//1922
f 1895//1895 1923//1923 1922//1922
f 1895//1895 1896//1896 1923//1923
f 1896//1896 1924//1924 1923//1923
f 1896//1896 1897//1897 1924//1924
f 1897//1897 1925//1925 1924//1924
f 1897//1897 1898//1898 1925//1925
f 1898//1898 1926//1926 1925//1925
f 1898//1898 1899//1899 1926//1926
f 1899//1899 1927//1927 1926//1926
f 1899//1899 1900//1900 1927//1927
f 1900//1900 1928//1928 1927//1927
f 1900//1900 1901//1901 1928//1928
f 1901//1901 1929//1929 1928//1928
f 1901//1901 1902//1902 1929//1929
f 1902//1902 1930//1930 1929//1929
f 1902//1902 1903//1903 1930//1930
f 1903//1903 1931//1931 1930//1930
f 1903//1903 1904//1904 1931//1931
f 1904//1904 1932//1932 1931//1931
f 1904//1904 1877//1877 1932//1932
f 1877//1877 1905//1905 1932//1932
f 1905//1905 1906//1906 1933//1933
f 1906//1906 1934//1934 1933//1933
f 1906//1906 1907//1907 1934//1934
f 1907//1907 1935//1935 1934//1934
f 1907//1907 1908//1908 1935//1935
f 1908//1908 1936//1936 1935//1935
f 1908//1908 1909//1909 1936//1936
f 1909//1909 1937//1937 1936//1936
f 1909//1909 1910//1910 1937//1937
f 1910//1910 1938//1938 1937//1937
f 1910//1910 1911//1911 1938//1938
f 1911//1911 1939//1939 1938//1938
f 1911//1911 1912//1912 1939//1939
f 1912//1912 1940//1940 1939//1939
f 1912//1912 1913//1913 1940//1940
f 1913//1913 1941//1941 1940//1940
f 1913//1913 1914//1914 1941//1941
f 1914//1914 1942//1942 1941//1941
f 1914//1914 1915//1915 1942//1942
f 1915//1915 1943//1943 1942//1942
f 1915//1915 1916//1916 1943//1943
f 1916//1916 1944//1944 1943//1943
f 1916//1916 1917//1917 1944//1944
f 1917//1917 1945//1945 1944//1944
f 1917//1917 1918//1918 1945//1945
f 1918//1918 1946//1946 1945//1945
f 1918//1918 1919//1919 1946//1946
f 1919//1919 1947//1947 1946//1946
f 1919//1919 1920//1920 1947//1947
f 1920//1920 1948//1948 1947//1947
f 1920//1920 1921//1921 1948//1948
f 1921//1921 1949//1949 1948//1948
f 1921//1921 1922//1922 1949//1949
f 1922//1922 1950//1950 1949//1949
f 1922//1922 1923//1923 1950//1950
f 1923//1923 1951//1951 1950//1950
f 1923//1923 1924//1924 1951//1951
f 1924//1924 1952//1952 1951//1951
f 1924//1924 1925//1925 1952//1952
f 1925//1925 1953//1953 1952//1952
f 1925//1925 1926//1926 1953//1953
f 1926//1926 1954//1954 1953//1953
f 1926//1926 1927//1927 1954//1954
f 1927//1927 1955//1955 1954//1954
f 1927//1927 1928//1928 1955//1955
f 1928//1928 1956//1956 1955//1955
f 1928//1928 1929//1929 1956//1956
f 1929//1929 1957//1957 1956//1956
f 1929//1929 1930//1930 1957//1957
f 1930//1930 1958//1958 1957//1957
f 1930//1930 1931//1931 1958//1958
f 1931//1931 1959//1959 1958//1958
f 1931//1931 1932//1932 1959//1959
f 1932//1932 1960//1960 1959//1959
f 1932//1932 1905//1905 1960//1960
f 1905//1905 1933//1933 1960//1960
f 1933//1933 1934//1934 1961//1961
f 1934//1934 1962//1962 1961//1961
f 1934//1934 1935//1935 1962//1962
f 1935//1935 1963//1963 1962//1962
f 1935//1935 1936//1936 1963//1963
f 1936//1936 1964//1964 1963//1963
f 1936//1936 1937//1937 1964//1964
f 1937//1937 1965//1965 1964//1964
f 1937//1937 1938//1938 1965//1965
f 1938//1938 1966//1966 1965//1965
f 1938//1938 1939//1939 1966//1966
f 1939//1939 1967//1967 1966//1966
f 1939//1939 1940//1940 1967//1967
f 1940//1940 1968//1968 1967//1967
f 1940//1940 1941//1941 1968//1968
f 1941//1941 1969//1969 1968//1968
f 1941//1941 1942//1942 1969//1969
f 1942//1942 1970//1970 1969//1969
f 1942//1942 1943//1943 1970//1970
f 1943//1943 1971//1971 1970//1970
f 1943//1943 1944//1944 1971//1971
f 1944//1944 1972//1972 1971//1971
f 1944//1944 1945//1945 1972//1972
f 1945//1945 1973//1973 1972//1972
f 1945//1945 1946//1946 1973//1973
f 1946//1946 1974//1974 1973//1973
f 1946//1946 1947//1947 1974//1974
f 1947//1947 1975//1975 1974//1974
f 1947//1947 1948//1948 1975//1975
f 1948//1948 1976//1976 1975//1975
f 1948//1948 1949//1949 1976//1976
f 1949//1949 1977//1977 1976//1976
f 1949//1949 1950//1950 1977//1977
f 1950//1950 1978//1978 1977//1977
f 1950//1950 1951//1951 1978//1978
f 1951//1951 1979//1979 1978//1978
f 1951//1951 1952//1952 1979//1979
f 1952//1952 1980//1980 1979//1979
f 1952//1952 1953//1953 1980//1980
f 1953//1953 1981//1981 1980//1980
f 1953//1953 1954//1954 1981//1981
f 1954//1954 1982//1982 1981//1981
f 1954//1954 1955//1955 1982//1982
f 1955//1955 1983//1983 1982//1982
f 1955//1955 1956//1956 1983//1983
f 1956//1956 1984//1984 1983//1983
f 1956//1956 1957//1957 1984//1984
f 1957//1957 1985//1985 1984//1984
f 1957//1957 1958//1958 1985//1985
f 1958//1958 1986//1986 1985//1985
f 1958//1958 1959//1959 1986//1986
f 1959//1959 1987//1987 1986//1986
f 1959//1959 1960//1960 1987//1987
f 1960//1960 1988//1988 1987//1987
f 1960//1960 1933//1933 1988//1988
f 1933//1933 1961//1961 1988//1988
f 1961//1961 1962//1962 1989//1989
f 1962//1962 1990//1990 1989//1989
f 1962//1962 1963//1963 1990//1990
f 1963//1963 1991//1991 1990//1990
f 1963//1963 1964//1964 1991//1991
f 1964//1964 1992//1992 1991//1991
f 1964//1964 1965//1965 1992//1992
f 1965//1965 1993//1993 1992//1992
f 1965//1965 1966//1966 1993//1993
f 1966//1966 1994//1994 1993//1993
f 1966//1966 1967//1967 1994//1994
f 1967//1967 1995//1995 1994//1994
f 1967//1967 1968//1968 1995//1995
f 1968//1968 1996//1996 1995//1995
f 1968//1968 1969//1969 1996//1996
f 1969//1969 1997//1997 1996//1996
f 1969//1969 1970//1970 1997//1997
f 1970//1970 1998//1998 1997//1997
f 1970//1970 1971//1971 1998//1998
f 1971//1971 1999//1999 1998//1998
f 1971//1971 1972//1972 1999//1999
f 1972//1972 2000//2000 1999//1999
f 1972//1972 1973//1973 2000//2000
f 1973//1973 2001//2001 2000//2000
f 1973//1973 1974//1974 2001//2001
f 1974//1974 2002//2002 2001//2001
f 1974//1974 1975//1975 2002//2002
f 1975//1975 2003//2003 2002//2002
f 1975//1975 1976//1976 2003//2003
f 1976//1976 2004//2004 2003//2003
f 1976//1976 1977//1977 2004//2004
f 1977//1977 2005//2005 2004//2004
f 1977//1977 1978//1978 2005//2005
f 1978//1978 2006//2006 2005//2005
f 1978//1978 1979//1979 2006//2006
f 1979//1979 2007//2007 2006//2006
f 1979//1979 1980//1980 2007//2007
f 1980//1980 2008//2008 2007//2007
f 1980//1980 1981//1981 2008//2008
f 1981//1981 2009//2009 2008//2008
f 1981//1981 1982//1982 2009//2009
f 1982//1982 2010//2010 2009//2009
f 1982//1982 1983//1983 2010//2010
f 1983//1983 2011//2011 2010//2010
f 1983//1983 1984//1984 2011//2011
f 1984//1984 2012//2012 2011//2011
f 1984//1984 1985//1985 2012//2012
f 1985//1985 2013//2013 2012//2012
f 1985//1985 1986//1986 2013//2013
f 1986//1986 2014//2014 2013//2013
f 1986//1986 1987//1987 2014//2014
f 1987//1987 2015//2015 2014//2014
f 1987//1987 1988//1988 2015//2015
f 1988//1988 2016//2016 2015//2015
f 1988//1988 1961//1961 2016//2016
f 1961//1961 1989//1989 2016//2016
f 1989//1989 1990//1990 2017//2017
f 1990//1990 2018//2018 2017//2017
f 1990//1990 1991//1991 2018//2018
f 1991//1991 2019//2019 2018//2018
f 1991//1991 1992//1992 2019//2019
f 1992//1992 2020//2020 2019//2019
f 1992//1992 1993//1993 2020//2020
f 1993//1993 2021//2021 2020//2020
f 1993//1993 1994//1994 2021//2021
f 1994//1994 2022//2022 2021//2021
f 1994//1994 1995//1995 2022//2022
f 1995//1995 2023//2023 2022//2022
f 1995//1995 1996//1996 2023//2023
f 1996//1996 2024//2024 2023//2023
f 1996//1996 1997//1997 2024//2024
f 1997//1997 2025//2025 2024//2024
f 1997//1997 1998//1998 2025//2025
f 1998//1998 2026//2026 2025//2025
f 1998//1998 1999//1999 2026//2026
f 1999//1999 2027//2027 2026//2026
f 1999//1999 2000//2000 2027//2027
f 2000//2000 2028//2028 2027//2027
f 2000//2000 2001//2001 2028//2028
f 2001//2001 2029//2029 2028//2028
f 2001//2001 2002//2002 2029//2029
f 2002//2002 2030//2030 2029//2029
f 2002//2002 2003//2003 2030//2030
f 2003//2003 2031//2031 2030//2030
f 2003//2003 2004//2004 2031//2031
f 2004//2004 2032//2032 2031//2031
f 2004//2004 2005//2005 2032//2032
f 2005//2005 2033//2033 2032//2032
f 2005//2005 2006//2006 2033//2033
f 2006//2006 2034//2034 2033//2033
f 2006//2006 2007//2007 2034//2034
f 2007//2007 2035//2035 2034//2034
f 2007//2007 2008//2008 2035//2035
f 2008//2008 2036//2036 2035//2035
f 2008//2008 2009//2009 2036//2036
f 2009//2009 2037//2037 2036//2036
f 2009//2009 2010//2010 2037//2037
f 2010//2010 2038//2038 2037//2037
f 2010//2010 2011//2011 2038//2038
f 2011//2011 2039//2039 2038//2038
f 2011//2011 2012//2012 2039//2039
f 2012//2012 2040//2040 2039//2039
f 2012//2012 2013//2013 2040//2040
f 2013//2013 2041//2041 2040//2040
f 2013//2013 2014//2014 2041//2041
f 2014//2014 2042//2042 2041//2041
f 2014//2014 2015//2015 2042//2042
f 2015//2015 2043//2043 2042//2042
f 2015//2015 2016//2016 2043//2043
f 2016//2016 2044//2044 2043//2043
f 2016//2016 1989//1989 2044//2044
f 1989//1989 2017//2017 2044//2044
f 2017//2017 2018//2018 2045//2045
f 2018//2018 2046//2046 2045//2045
f 2018//2018 2019//2019 2046//2046
f 2019//2019 2047//2047 2046//2046
f 2019//2019 2020//2020 2047//2047
f 2020//2020 2048//2048 2047//2047
f 2020//2020 2021//2021 2048//2048
f 2021//2021 2049//2049 2048//2048
f 2021//2021 2022//2022 2049//2049
f 2022//2022 2050//2050 2049//2049
f 2022//2022 2023//2023 2050//2050
f 2023//2023 2051//2051 2050//2050
f 2023//2023 2024//2024 2051//2051
f 2024//2024 2052//2052 2051//2051
f 2024//2024 2025//2025 2052//2052
f 2025//2025 2053//2053 2052//2052
f 2025//2025 2026//2026 2053//2053
f 2026//2026 2054//2054 2053//2053
f 2026//2026 2027//2027 2054//2054
f 2027//2027 2055//2055 2054//2054
f 2027//2027 2028//2028 2055//2055
f 2028//2028 2056//2056 2055//2055
f 2028//2028 2029//2029 2056//2056
f 2029//2029 2057//2057 2056//2056
f 2029//2029 2030//2030 2057//2057
f 2030//2030 2058//2058 2057//2057
f 2030//2030 2031//2031 2058//2058
f 2031//2031 2059//2059 2058//2058
f 2031//2031 2032//2032 2059//2059
f 2032//2032 2060//2060 2059//2059
f 2032//2032 2033//2033 2060//2060
f 2033//2033 2061//2061 2060//2060
f 2033//2033 2034//2034 2061//2061
f 2034//2034 2062//2062 2061//2061
f 2034//2034 2035//2035 2062//2062
f 2035//2035 2063//2063 2062//2062
f 2035//2035 2036//2036 2063//2063
f 2036//2036 2064//2064 2063//2063
f 2036//2036 2037//2037 2064//2064
f 2037//2037 2065//2065 2064//2064
f 2037//2037 2038//2038 2065//2065
f 2038//2038 2066//2066 2065//2065
f 2038//2038 2039//2039 2066//2066
f 2039//2039 2067//2067 2066//2066
f 2039//2039 2040//2040 2067//2067
f 2040//2040 2068//2068 2067//2067
f 2040//2040 2041//2041 2068//2068
f 2041//2041 2069//2069 2068//2068
f 2041//2041 2042//2042 2069//2069
f 2042//2042 2070//2070 2069//2069
f 2042//2042 2043//2043 2070//2070
f 2043//2043 2071//2071 2070//2070
f 2043//2043 2044//2044 2071//2071
f 2044//2044 2072//2072 2071//2071
f 2044//2044 2017//2017 2072//2072
f 2017//2017 2045//2045 2072//2072
f 2045//2045 2046//2046 2073//2073
f 2046//2046 2074//2074 2073//2073
f 2046//2046 2047//2047 2074//2074
f 2047//2047 2075//2075 2074//2074
f 2047//2047 2048//2048 2075//2075
f 2048//2048 2076//2076 2075//2075
f 2048//2048 2049//2049 2076//2076
f 2049//2049 2077//2077 2076//2076
f 2049//2049 2050//2050 2077//2077
f 2050//2050 2078//2078 2077//2077
f 2050//2050 2051//2051 2078//2078
f 2051//2051 2079//2079 2078//2078
f 2051//2051 2052//2052 2079//2079
f 2052//2052 2080//2080 2079//2079
f 2052//2052 2053//2053 2080//2080
f 2053//2053 2081//2081 2080//2080
f 2053//2053 2054//2054 2081//2081
f 2054//2054 2082//2082 2081//2081
f 2054//2054 2055//2055 2082//2082
f 2055//2055 2083//2083 2082//2082
f 2055//2055 2056//2056 2083//2083
f 2056//2056 2084//2084 2083//2083
f 2056//2056 2057//2057 2084//2084
f 2057//2057 2085//2085 2084//2084
f 2057//2057 2058//2058 2085//2085
f 2058//2058 2086//2086 2085//2085
f 2058//2058 2059//2059 2086//2086
f 2059//2059 2087//2087 2086//2086
f 2059//2059 2060//2060 2087//2087
f 2060//2060 2088//2088 2087//2087
f 2060//2060 2061//2061 2088//2088
f 2061//2061 2089//2089 2088//2088
f 2061//2061 2062//2062 2089//2089
f 2062//2062 2090//2090 2089//2089
f 2062//2062 2063//2063 2090//2090
f 2063//2063 2091//2091 2090//2090
f 2063//2063 2064//2064 2091//2091
f 2064//2064 2092//2092 2091//2091
f 2064//2064 2065//2065 2092//2092
f 2065//2065 2093//2093 2092//2092
f 2065//2065 2066//2066 2093//2093
f 2066//2066 2094//2094 2093//2093
f 2066//2066 2067//2067 2094//2094
f 2067//2067 2095//2095 2094//2094
f 2067//2067 2068//2068 2095//2095
f 2068//2068 2096//2096 2095//2095
f 2068//2068 2069//2069 2096//2096
f 2069//2069 2097//2097 2096//2096
f 2069//2069 2070//2070 2097//2097
f 2070//2070 2098//2098 2097//2097
f 2070//2070 2071//2071 2098//2098
f 2071//2071 2099//2099 2098//2098
f 2071//2071 2072//2072 2099//2099
f 2072//2072 2100//2100 2099//2099
f 2072//2072 2045//2045 2100//2100
f 2045//2045 2073//2073 2100//2100
f 2073//2073 2074//2074 2101//2101
f 2074//2074 2102//2102 2101//2101
f 2074//2074 2075//2075 2102//2102
f 2075//2075 2103//2103 2102//2102
f 2075//2075 2076//2076 2103//2103
f 2076//2076 2104//2104 2103//2103
f 2076//2076 2077//2077 2104//2104
f 2077//2077 2105//2105 2104//2104
f 2077//2077 2078//2078 2105//2105
f 2078//2078 2106//2106 2105//2105
f 2078//2078 2079//2079 2106//2106
f 2079//2079 2107//2107 2106//2106
f 2079//2079 2080//2080 2107//2107
f 2080//2080 2108//2108 2107//2107
f 2080//2080 2081//2081 2108//2108
f 2081//2081 2109//2109 2108//2108
f 2081//2081 2082//2082 2109//2109
f 2082//2082 2110//2110 2109//2109
f 2082//2082 2083//2083 2110//2110
f 2083//2083 2111//2111 2110//2110
f 2083//2083 2084//2084 2111//2111
f 2084//2084 2112//2112 2111//2111
f 2084//2084 2085//2085 2112//2112
f 2085//2085 2113//2113 2112//2112
f 2085//2085 2086//2086 2113//2113
f 2086//2086 2114//2114 2113//2113
f 2086//2086 2087//2087 2114//2114
f 2087//2087 2115//2115 2114//2114
f 2087//2087 2088//2088 2115//2115
f 2088//2088 2116//2116 2115//2115
f 2088//2088 2089//2089 2116//2116
f 2089//2089 2117//2117 2116//2116
f 2089//2089 2090//2090 2117//2117
f 2090//2090 2118//2118 2117//2117
f 2090//2090 2091//2091 2118//2118
f 2091//2091 2119//2119 2118//2118
f 2091//2091 2092//2092 2119//2119
f 2092//2092 2120//2120 2119//2119
f 2092//2092 2093//2093 2120//2120
f 2093//2093 2121//2121 2120//2120
f 2093//2093 2094//2094 2121//2121
f 2094//2094 2122//2122 2121//2121
f 2094//2094 2095//2095 2122//2122
f 2095//2095 2123//2123 2122//2122
f 2095//2095 2096//2096 2123//2123
f 2096//2096 2124//2124 2123//2123
f 2096//2096 2097//2097 2124//2124
f 2097//2097 2125//2125 2124//2124
f 2097//2097 2098//2098 2125//2125
f 2098//2098 2126//2126 2125//2125
f 2098//2098 2099//2099 2126//2126
f 2099//2099 2127//2127 2126//2126
f 2099//2099 2100//2100 2127//2127
f 2100//2100 2128//2128 2127//2127
f 2100//2100 2073//2073 2128//2128
f 2073//2073 2101//2101 2128//2128
f 2101//2101 2102//2102 2129//2129
f 2102//2102 2130//2130 2129//2129
f 2102//2102 2103//2103 2130//2130
f 2103//2103 2131//2131 2130//2130
f 2103//2103 2104//2104 2131//2131
f 2104//2104 2132//2132 2131//2131
f 2104//2104 2105//2105 2132//2132
f 2105//2105 2133//2133 2132//2132
f 2105//2105 2106//2106 2133//2133
f 2106//2106 2134//2134 2133//2133
f 2106//2106 2107//2107 2134//2134
f 2107//2107 2135//2135 2134//2134
f 2107//2107 2108//2108 2135//2135
f 2108//2108 2136//2136 2135//2135
f 2108//2108 2109//2109 2136//2136
f 2109//2109 2137//2137 2136//2136
f 2109//2109 2110//2110 2137//2137
f 2110//2110 2138//2138 2137//2137
f 2110//2110 2111//2111 2138//2138
f 2111//2111 2139//2139 2138//2138
f 2111//2111 2112//2112 2139//2139
f 2112//2112 2140//2140 2139//2139
f 2112//2112 2113//2113 2140//2140
f 2113//2113 2141//2141 2140//2140
f 2113//2113 2114//2114 2141//2141
f 2114//2114 2142//2142 2141//2141
f 2114//2114 2115//2115 2142//2142
f 2115//2115 2143//2143 2142//2142
f 2115//2115 2116//2116 2143//2143
f 2116//2116 2144//2144 2143//2143
f 2116//2116 2117//2117 2144//2144
f 2117//2117 2145//2145 2144//2144
f 2117//2117 2118//2118 2145//2145
f 2118//2118 2146//2146 2145//2145
f 2118//2118 2119//2119 2146//2146
f 2119//2119 2147//2147 2146//2146
f 2119//2119 2120//2120 2147//2147
f 2120//2120 2148//2148 2147//2147
f 2120//2120 2121//2121 2148//2148
f 2121//2121 2149//2149 2148//2148
f 2121//2121 2122//2122 2149//2149
f 2122//2122 2150//2150 2149//2149
f 2122//2122 2123//2123 2150//2150
f 2123//2123 2151//2151 2150//2150
f 2123//2123 2124//2124 2151//2151
f 2124//2124 2152//2152 2151//2151
f 2124//2124 2125//2125 2152//2152
f 2125//2125 2153//2153 2152//2152
f 2125//2125 2126//2126 2153//2153
f 2126//2126 2154//2154 2153//2153
f 2126//2126 2127//2127 2154//2154
f 2127//2127 2155//2155 2154//2154
f 2127//2127 2128//2128 2155//2155
f 2128//2128 2156//2156 2155//2155
f 2128//2128 2101//2101 2156//2156
f 2101//2101 2129//2129 2156//2156
f 2129//2129 2130//2130 2157//2157
f 2130//2130 2158//2158 2157//2157
f 2130//2130 2131//2131 2158//2158
f 2131//2131 2159//2159 2158//2158
f 2131//2131 2132//2132 2159//2159
f 2132//2132 2160//2160 2159//2159
f 2132//2132 2133//2133 2160//2160
f 2133//2133 2161//2161 2160//2160
f 2133//2133 2134//2134 2161//2161
f 2134//2134 2162//2162 2161//2161
f 2134//2134 2135//2135 2162//2162
f 2135//2135 2163//2163 2162//2162
f 2135//2135 2136//2136 2163//2163
f 2136//2136 2164//2164 2163//2163
f 2136//2136 2137//2137 2164//2164
f 2137//2137 2165//2165 2164//2164
f 2137//2137 2138//2138 2165//2165
f 2138//2138 2166//2166 2165//2165
f 2138//2138 2139//2139 2166//2166
f 2139//2139 2167//2167 2166//2166
f 2139//2139 2140//2140 2167//2167
f 2140//2140 2168//2168 2167//2167
f 2140//2140 2141//2141 2168//2168
f 2141//2141 2169//2169 2168//2168
f 2141//2141 2142//2142 2169//2169
f 2142//2142 2170//2170 2169//2169
f 2142//2142 2143//2143 2170//2170
f 2143//2143 2171//2171 2170//2170
f 2143//2143 2144//2144 2171//2171
f 2144//2144 2172//2172 2171//2171
f 2144//2144 2145//2145 2172//2172
f 2145//2145 2173//2173 2172//2172
f 2145//2145 2146//2146 2173//2173
f 2146//2146 2174//2174 2173//2173
f 2146//2146 2147//2147 2174//2174
f 2147//2147 2175//2175 2174//2174
f 2147//2147 2148//2148 2175//2175
f 2148//2148 2176//2176 2175//2175
f 2148//2148 2149//2149 2176//2176
f 2149//2149 2177//2177 2176//2176
f 2149//2149 2150//2150 2177//2177
f 2150//2150 2178//2178 2177//2177
f 2150//2150 2151//2151 2178//2178
f 2151//2151 2179//2179 2178//2178
f 2151//2151 2152//2152 2179//2179
f 2152//2152 2180//2180 2179//2179
f 2152//2152 2153//2153 2180//2180
f 2153//2153 2181//2181 2180//2180
f 2153//2153 2154//2154 2181//2181
f 2154//2154 2182//2182 2181//2181
f 2154//2154 2155//2155 2182//2182
f 2155//2155 2183//2183 2182//2182
f 2155//2155 2156//2156 2183//2183
f 2156//2156 2184//2184 2183//2183
f 2156//2156 2129//2129 2184//2184
f 2129//2129 2157//2157 2184//2184
f 2157//2157 2158//2158 2185//2185
f 2158//2158 2186//2186 2185//2185
f 2158//2158 2159//2159 2186//2186
f 2159//2159 2187//2187 2186//2186
f 2159//2159 2160//2160 2187//2187
f 2160//2160 2188//2188 2187//2187
f 2160//2160 2161//2161 2188//2188
f 2161//2161 2189//2189 2188//2188
f 2161//2161 2162//2162 2189//2189
f 2162//2162 2190//2190 2189//2189
f 2162//2162 2163//2163 2190//2190
f 2163//2163 2191//2191 2190//2190
f 2163//2163 2164//2164 2191//2191
f 2164//2164 2192//2192 2191//2191
f 2164//2164 2165//2165 2192//2192
f 2165//2165 2193//2193 2192//2192
f 2165//2165 2166//2166 2193//2193
f 2166//2166 2194//2194 2193//2193
f 2166//2166 2167//2167 2194//2194
f 2167//2167 2195//2195 2194//2194
f 2167//2167 2168//2168 2195//2195
f 2168//2168 2196//2196 2195//2195
f 2168//2168 2169//2169 2196//2196
f 2169//2169 2197//2197 2196//2196
f 2169//2169 2170//2170 2197//2197
f 2170//2170 2198//2198 2197//2197
f 2170//2170 2171//2171 2198//2198
f 2171//2171 2199//2199 2198//2198
f 2171//2171 2172//2172 2199//2199
f 2172//2172 2200//2200 2199//2199
f 2172//2172 2173//2173 2200//2200
f 2173//2173 2201//2201 2200//2200
f 2173//2173 2174//2174 2201//2201
f 2174//2174 2202//2202 2201//2201
f 2174//2174 2175//2175 2202//2202
f 2175//2175 2203//2203 2202//2202
f 2175//2175 2176//2176 2203//2203
f 2176//2176 2204//2204 2203//2203
f 2176//2176 2177//2177 2204//2204
f 2177//2177 2205//2205 2204//2204
f 2177//2177 2178//2178 2205//2205
f 2178//2178 2206//2206 2205//2205
f 2178//2178 2179//2179 2206//2206
f 2179//2179 2207//2207 2206//2206
f 2179//2179 2180//2180 2207//2207
f 2180//2180 2208//2208 2207//2207
f 2180//2180 2181//2181 2208//2208
f 2181//2181 2209//2209 2208//2208
f 2181//2181 2182//2182 2209//2209
f 2182//2182 2210//2210 2209//2209
f 2182//2182 2183//2183 2210//2210
f 2183//2183 2211//2211 2210//2210
f 2183//2183 2184//2184 2211//2211
f 2184//2184 2212//2212 2211//2211
f 2184//2184 2157//2157 2212//2212
f 2157//2157 2185//2185 2212//2212
f 2185//2185 2186//2186 2213//2213
f 2186//2186 2214//2214 2213//2213
f 2186//2186 2187//2187 2214//2214
f 2187//2187 2215//2215 2214//2214
f 2187//2187 2188//2188 2215//2215
f 2188//2188 2216//2216 2215//2215
f 2188//2188 2189//2189 2216//2216
f 2189//2189 2217//2217 2216//2216
f 2189//2189 2190//2190 2217//2217
f 2190//2190 2218//2218 2217//2217
f 2190//2190 2191//2191 2218//2218
f 2191//2191 2219//2219 2218//2218
f 2191//2191 2192//2192 2219//2219
f 2192//2192 2220//2220 2219//2219
f 2192//2192 2193//2193 2220//2220
f 2193//2193 2221//2221 2220//2220
f 2193//2193 2194//2194 2221//2221
f 2194//2194 2222//2222 2221//2221
f 2194//2194 2195//2195 2222//2222
f 2195//2195 2223//2223 2222//2222
f 2195//2195 2196//2196 2223//2223
f 2196//2196 2224//2224 2223//2223
f 2196//2196 2197//2197 2224//2224
f 2197//2197 2225//2225 2224//2224
f 2197//2197 2198//2198 2225//2225
f 2198//2198 2226//2226 2225//2225
f 2198//2198 2199//2199 2226//2226
f 2199//2199 2227//2227 2226//2226
f 2199//2199 2200//2200 2227//2227
f 2200//2200 2228//2228 2227//2227
f 2200//2200 2201//2201 2228//2228
f 2201//2201 2229//2229 2228//2228
f 2201//2201 2202//2202 2229//2229
f 2202//2202 2230//2230 2229//2229
f 2202//2202 2203//2203 2230//2230
f 2203//2203 2231//2231 2230//2230
f 2203//2203 2204//2204 2231//2231
f 2204//2204 2232//2232 2231//2231
f 2204//2204 2205//2205 2232//2232
f 2205//2205 2233//2233 2232//2232
f 2205//2205 2206//2206 2233//2233
f 2206//2206 2234//2234 2233//2233
f 2206//2206 2207//2207 2234//2234
f 2207//2207 2235//2235 2234//2234
f 2207//2207 2208//2208 2235//2235
f 2208//2208 2236//2236 2235//2235
f 2208//2208 2209//2209 2236//2236
f 2209//2209 2237//2237 2236//2236
f 2209//2209 2210//2210 2237//2237
f 2210//2210 2238//2238 2237//2237
f 2210//2210 2211//2211 2238//2238
f 2211//2211 2239//2239 2238//2238
f 2211//2211 2212//2212 2239//2239
f 2212//2212 2240//2240 2239//2239
f 2212//2212 2185//2185 2240//2240
f 2185//2185 2213//2213 2240//2240
f 2213//2213 2214//2214 2241//2241
f 2214//2214 2242//2242 2241//2241
f 2214//2214 2215//2215 2242//2242
f 2215//2215 2243//2243 2242//2242
f 2215//2215 2216//2216 2243//2243
f 2216//2216 2244//2244 2243//2243
f 2216//2216 2217//2217 2244//2244
f 2217//2217 2245//2245 2244//2244
f 2217//2217 2218//2218 2245//2245
f 2218//2218 2246//2246 2245//2245
f 2218//2218 2219//2219 2246//2246
f 2219//2219 2247//2247 2246//2246
f 2219//2219 2220//2220 2247//2247
f 2220//2220 2248//2248 2247//2247
f 2220//2220 2221//2221 2248//2248
f 2221//2221 2249//2249 2248//2248
f 2221//2221 2222//2222 2249//2249
f 2222//2222 2250//2250 2249//2249
f 2222//2222 2223//2223 2250//2250
f 2223//2223 2251//2251 2250//2250
f 2223//2223 2224//2224 2251//2251
f 2224//2224 2252//2252 2251//2251
f 2224//2224 2225//2225 2252//2252
f 2225//2225 2253//2253 2252//2252
f 2225//2225 2226//2226 2253//2253
f 2226//2226 2254//2254 2253//2253
f 2226//2226 2227//2227 2254//2254
f 2227//2227 2255//2255 2254//2254
f 2227//2227 2228//2228 2255//2255
f 2228//2228 2256//2256 2255//2255
f 2228//2228 2229//2229 2256//2256
f 2229//2229 2257//2257 2256//2256
f 2229//2229 2230//2230 2257//2257
f 2230//2230 2258//2258 2257//2257
f 2230//2230 2231//2231 2258//2258
f 2231//2231 2259//2259 2258//2258
f 2231//2231 2232//2232 2259//2259
f 2232//2232 2260//2260 2259//2259
f 2232//2232 2233//2233 2260//2260
f 2233//2233 2261//2261 2260//2260
f 2233//2233 2234//2234 2261//2261
f 2234//2234 2262//2262 2261//2261
f 2234//2234 2235//2235 2262//2262
f 2235//2235 2263//2263 2262//2262
f 2235//2235 2236//2236 2263//2263
f 2236//2236 2264//2264 2263//2263
f 2236//2236 2237//2237 2264//2264
f 2237//2237 2265//2265 2264//2264
f 2237//2237 2238//2238 2265//2265
f 2238//2238 2266//2266 2265//2265
f 2238//2238 2239//2239 2266//2266
f 2239//2239 2267//2267 2266//2266
f 2239//2239 2240//2240 2267//2267
f 2240//2240 2268//2268 2267//2267
f 2240//2240 2213//2213 2268//2268
f 2213//2213 2241//2241 2268//2268
f 2241//2241 2242//2242 2269//2269
f 2242//2242 2270//2270 2269//2269
f 2242//2242 2243//2243 2270//2270
f 2243//2243 2271//2271 2270//2270
f 2243//2243 2244//2244 2271//2271
f 2244//2244 2272//2272 2271//2271
f 2244//2244 2245//2245 2272//2272
f 2245//2245 2273//2273 2272//2272
f 2245//2245 2246//2246 2273//2273
f 2246//2246 2274//2274 2273//2273
f 2246//2246 2247//2247 2274//2274
f 2247//2247 2275//2275 2274//2274
f 2247//2247 2248//2248 2275//2275
f 2248//2248 2276//2276 2275//2275
f 2248//2248 2249//2249 2276//2276
f 2249//2249 2277//2277 2276//2276
f 2249//2249 2250//2250 2277//2277
f 2250//2250 2278//2278 2277//2277
f 2250//2250 2251//2251 2278//2278
f 2251//2251 2279//2279 2278//2278
f 2251//2251 2252//2252 2279//2279
f 2252//2252 2280//2280 2279//2279
f 2252//2252 2253//2253 2280//2280
f 2253//2253 2281//2281 2280//2280
f 2253//2253 2254//2254 2281//2281
f 2254//2254 2282//2282 2281//2281
f 2254//2254 2255//2255 2282//2282
f 2255//2255 2283//2283 2282//2282
f 2255//2255 2256//2256 2283//2283
f 2256//2256 2284//2284 2283//2283
f 2256//2256 2257//2257 2284//2284
f 2257//2257 2285//2285 2284//2284
f 2257//2257 2258//2258 2285//2285
f 2258//2258 2286//2286 2285//2285
f 2258//2258 2259//2259 2286//2286
f 2259//2259 2287//2287 2286//2286
f 2259//2259 2260//2260 2287//2287
f 2260//2260 2288//2288 2287//2287
f 2260//2260 2261//2261 2288//2288
f 2261//2261 2289//2289 2288//2288
f 2261//2261 2262//2262 2289//2289
f 2262//2262 2290//2290 2289//2289
f 2262//2262 2263//2263 2290//2290
f 2263//2263 2291//2291 2290//2290
f 2263//2263 2264//2264 2291//2291
f 2264//2264 2292//2292 2291//2291
f 2264//2264 2265//2265 2292//2292
f 2265//2265 2293//2293 2292//2292
f 2265//2265 2266//2266 2293//2293
f 2266//2266 2294//2294 2293//2293
f 2266//2266 2267//2267 2294//2294
f 2267//2267 2295//2295 2294//2294
f 2267//2267 2268//2268 2295//2295
f 2268//2268 2296//2296 2295//2295
f 2268//2268 2241//2241 2296//2296
f 2241//2241 2269//2269 2296//2296
f 2269//2269 2270//2270 2297//2297
f 2270//2270 2298//2298 2297//2297
f 2270//2270 2271//2271 2298//2298
f 2271//2271 2299//2299 2298//2298
f 2271//2271 2272//2272 2299//2299
f 2272//2272 2300//2300 2299//2299
f 2272//2272 2273//2273 2300//2300
f 2273//2273 2301//2301 2300//2300
f 2273//2273 2274//2274 2301//2301
f 2274//2274 2302//2302 2301//2301
f 2274//2274 2275//2275 2302//2302
f 2275//2275 2303//2303 2302//2302
f 2275//2275 2276//2276 2303//2303
f 2276//2276 2304//2304 2303//2303
f 2276//2276 2277//2277 2304//2304
f 2277//2277 2305//2305 2304//2304
f 2277//2277 2278//2278 2305//2305
f 2278//2278 2306//2306 2305//2305
f 2278//2278 2279//2279 2306//2306
f 2279//2279 2307//2307 2306//2306
f 2279//2279 2280//2280 2307//2307
f 2280//2280 2308//2308 2307//2307
f 2280//2280 2281//2281 2308//2308
f 2281//2281 2309//2309 2308//2308
f 2281//2281 2282//2282 2309//2309
f 2282//2282 2310//2310 2309//2309
f 2282//2282 2283//2283 2310//2310
f 2283//2283 2311//2311 2310//2310
f 2283//2283 2284//2284 2311//2311
f 2284//2284 2312//2312 2311//2311
f 2284//2284 2285//2285 2312//2312
f 2285//2285 2313//2313 2312//2312
f 2285//2285 2286//2286 2313//2313
f 2286//2286 2314//2314 2313//2313
f 2286//2286 2287//2287 2314//2314
f 2287//2287 2315//2315 2314//2314
f 2287//2287 2288//2288 2315//2315
f 2288//2288 2316//2316 2315//2315
f 2288//2288 2289//2289 2316//2316
f 2289//2289 2317//2317 2316//2316
f 2289//2289 2290//2290 2317//2317
f 2290//2290 2318//2318 2317//2317
f 2290//2290 2291//2291 2318//2318
f 2291//2291 2319//2319 2318//2318
f 2291//2291 2292//2292 2319//2319
f 2292//2292 2320//2320 2319//2319
f 2292//2292 2293//2293 2320//2320
f 2293//2293 2321//2321 2320//2320
f 2293//2293 2294//2294 2321//2321
f 2294//2294 2322//2322 2321//2321
f 2294//2294 2295//2295 2322//2322
f 2295//2295 2323//2323 2322//2322
f 2295//2295 2296//2296 2323//2323
f 2296//2296 2324//2324 2323//2323
f 2296//2296 2269//2269 2324//2324
f 2269//2269 2297//2297 2324//2324
f 2297//2297 2298//2298 2325//2325
f 2298//2298 2326//2326 2325//2325
f 2298//2298 2299//2299 2326//2326
f 2299//2299 2327//2327 2326//2326
f 2299//2299 2300//2300 2327//2327
f 2300//2300 2328//2328 2327//2327
f 2300//2300 2301//2301 2328//2328
f 2301//2301 2329//2329 2328//2328
f 2301//2301 2302//2302 2329//2329
f 2302//2302 2330//2330 2329//2329
f 2302//2302 2303//2303 2330//2330
f 2303//2303 2331//2331 2330//2330
f 2303//2303 2304//2304 2331//2331
f 2304//2304 2332//2332 2331//2331
f 2304//2304 2305//2305 2332//2332
f 2305//2305 2333//2333 2332//2332
f 2305//2305 2306//2306 2333//2333
f 2306//2306 2334//2334 2333//2333
f 2306//2306 2307//2307 2334//2334
f 2307//2307 2335//2335 2334//2334
f 2307//2307 2308//2308 2335//2335
f 2308//2308 2336//2336 2335//2335
f 2308//2308 2309//2309 2336//2336
f 2309//2309 2337//2337 2336//2336
f 2309//2309 2310//2310 2337//2337
f 2310//2310 2338//2338 2337//2337
f 2310//2310 2311//2311 2338//2338
f 2311//2311 2339//2339 2338//2338
f 2311//2311 2312//2312 2339//2339
f 2312//2312 2340//2340 2339//2339
f 2312//2312 2313//2313 2340//2340
f 2313//2313 2341//2341 2340//2340
f 2313//2313 2314//2314 2341//2341
f 2314//2314 2342//2342 2341//2341
f 2314//2314 2315//2315 2342//2342
f 2315//2315 2343//2343 2342//2342
f 2315//2315 2316//2316 2343//2343
f 2316//2316 2344//2344 2343//2343
f 2316//2316 2317//2317 2344//2344
f 2317//2317 2345//2345 2344//2344
f 2317//2317 2318//2318 2345//2345
f 2318//2318 2346//2346 2345//2345
f 2318//2318 2319//2319 2346//2346
f 2319//2319 2347//2347 2346//2346
f 2319//2319 2320//2320 2347//2347
f 2320//2320 2348//2348 2347//2347
f 2320//2320 2321//2321 2348//2348
f 2321//2321 2349//2349 2348//2348
f 2321//2321 2322//2322 2349//2349
f 2322//2322 2350//2350 2349//2349
f 2322//2322 2323//2323 2350//2350
f 2323//2323 2351//2351 2350//2350
f 2323//2323 2324//2324 2351//2351
f 2324//2324 2352//2352 2351//2351
f 2324//2324 2297//2297 2352//2352
f 2297//2297 2325//2325 2352//2352
f 2325//2325 2326//2326 2353//2353
f 2326//2326 2354//2354 2353//2353
f 2326//2326 2327//2327 2354//2354
f 2327//2327 2355//2355 2354//2354
f 2327//2327 2328//2328 2355//2355
f 2328//2328 2356//2356 2355//2355
f 2328//2328 2329//2329 2356//2356
f 2329//2329 2357//2357 2356//2356
f 2329//2329 2330//2330 2357//2357
f 2330//2330 2358//2358 2357//2357
f 2330//2330 2331//2331 2358//2358
f 2331//2331 2359//2359 2358//2358
f 2331//2331 2332//2332 2359//2359
f 2332//2332 2360//2360 2359//2359
f 2332//2332 2333//2333 2360//2360
f 2333//2333 2361//2361 2360//2360
f 2333//2333 2334//2334 2361//2361
f 2334//2334 2362//2362 2361//2361
f 2334//2334 2335//2335 2362//2362
f 2335//2335 2363//2363 2362//2362
f 2335//2335 2336//2336 2363//2363
f 2336//2336 2364//2364 2363//2363
f 2336//2336 2337//2337 2364//2364
f 2337//2337 2365//2365 2364//2364
f 2337//2337 2338//2338 2365//2365
f 2338//2338 2366//2366 2365//2365
f 2338//2338 2339//2339 2366//2366
f 2339//2339 2367//2367 2366//2366
f 2339//2339 2340//2340 2367//2367
f 2340//2340 2368//2368 2367//2367
f 2340//2340 2341//2341 2368//2368
f 2341//2341 2369//2369 2368//2368
f 2341//2341 2342//2342 2369//2369
f 2342//2342 2370//2370 2369//2369
f 2342//2342 2343//2343 2370//2370
f 2343//2343 2371//2371 2370//2370
f 2343//2343 2344//2344 2371//2371
f 2344//2344 2372//2372 2371//2371
f 2344//2344 2345//2345 2372//2372
f 2345//2345 2373//2373 2372//2372
f 2345//2345 2346//2346 2373//2373
f 2346//2346 2374//2374 2373//2373
f 2346//2346 2347//2347 2374//2374
f 2347//2347 2375//2375 2374//2374
f 2347//2347 2348//2348 2375//2375
f 2348//2348 2376//2376 2375//2375
f 2348//2348 2349//2349 2376//2376
f 2349//2349 2377//2377 2376//2376
f 2349//2349 2350//2350 2377//2377
f 2350//2350 2378//2378 2377//2377
f 2350//2350 2351//2351 2378//2378
f 2351//2351 2379//2379 2378//2378
f 2351//2351 2352//2352 2379//2379
f 2352//2352 2380//2380 2379//2379
f 2352//2352 2325//2325 2380//2380
f 2325//2325 2353//2353 2380//2380
f 2353//2353 2354//2354 2381//2381
f 2354//2354 2382//2382 2381//2381
f 2354//2354 2355//2355 2382//2382
f 2355//2355 2383//2383 2382//2382
f 2355//2355 2356//2356 2383//2383
f 2356//2356 2384//2384 2383//2383
f 2356//2356 2357//2357 2384//2384
f 2357//2357 2385//2385 2384//2384
f 2357//2357 2358//2358 2385//2385
f 2358//2358 2386//2386 2385//2385
f 2358//2358 2359//2359 2386//2386
f 2359//2359 2387//2387 2386//2386
f 2359//2359 2360//2360 2387//2387
f 2360//2360 2388//2388 2387//2387
f 2360//2360 2361//2361 2388//2388
f 2361//2361 2389//2389 2388//2388
f 2361//2361 2362//2362 2389//2389
f 2362//2362 2390//2390 2389//2389
f 2362//2362 2363//2363 2390//2390
f 2363//2363 2391//2391 2390//2390
f 2363//2363 2364//2364 2391//2391
f 2364//2364 2392//2392 2391//2391
f 2364//2364 2365//2365 2392//2392
f 2365//2365 2393//2393 2392//2392
f 2365//2365 2366//2366 2393//2393
f 2366//2366 2394//2394 2393//2393
f 2366//2366 2367//2367 2394//2394
f 2367//2367 2395//2395 2394//2394
f 2367//2367 2368//2368 2395//2395
f 2368//2368 2396//2396 2395//2395
f 2368//2368 2369//2369 2396//2396
f 2369//2369 2397//2397 2396//2396
f 2369//2369 2370//2370 2397//2397
f 2370//2370 2398//2398 2397//2397
f 2370//2370 2371//2371 2398//2398
f 2371//2371 2399//2399 2398//2398
f 2371//2371 2372//2372 2399//2399
f 2372//2372 2400//2400 2399//2399
f 2372//2372 2373//2373 2400//2400
f 2373//2373 2401//2401 2400//2400
f 2373//2373 2374//2374 2401//2401
f 2374//2374 2402//2402 2401//2401
f 2374//2374 2375//2375 2402//2402
f 2375//2375 2403//2403 2402//2402
f 2375//2375 2376//2376 2403//2403
f 2376//2376 2404//2404 2403//2403
f 2376//2376 2377//2377 2404//2404
f 2377//2377 2405//2405 2404//2404
f 2377//2377 2378//2378 2405//2405
f 2378//2378 2406//2406 2405//2405
f 2378//2378 2379//2379 2406//2406
f 2379//2379 2407//2407 2406//2406
f 2379//2379 2380//2380 2407//2407
f 2380//2380 2408//2408 2407//2407
f 2380//2380 2353//2353 2408//2408
f 2353//2353 2381//2381 2408//2408
f 2381//2381 2382//2382 2409//2409
f 2382//2382 2410//2410 2409//2409
f 2382//2382 2383//2383 2410//2410
f 2383//2383 2411//2411 2410//2410
f 2383//2383 2384//2384 2411//2411
f 2384//2384 2412//2412 2411//2411
f 2384//2384 2385//2385 2412//2412
f 2385//2385 2413//2413 2412//2412
f 2385//2385 2386//2386 2413//2413
f 2386//2386 2414//2414 2413//2413
f 2386//2386 2387//2387 2414//2414
f 2387//2387 2415//2415 2414//2414
f 2387//2387 2388//2388 2415//2415
f 2388//2388 2416//2416 2415//2415
f 2388//2388 2389//2389 2416//2416
f 2389//2389 2417//2417 2416//2416
f 2389//2389 2390//2390 2417//2417
f 2390//2390 2418//2418 2417//2417
f 2390//2390 2391//2391 2418//2418
f 2391//2391 2419//2419 2418//2418
f 2391//2391 2392//2392 2419//2419
f 2392//2392 2420//2420 2419//2419
f 2392//2392 2393//2393 2420//2420
f 2393//2393 2421//2421 2420//2420
f 2393//2393 2394//2394 2421//2421
f 2394//2394 2422//2422 2421//2421
f 2394//2394 2395//2395 2422//2422
f 2395//2395 2423//2423 2422//2422
f 2395//2395 2396//2396 2423//2423
f 2396//2396 2424//2424 2423//2423
f 2396//2396 2397//2397 2424//2424
f 2397//2397 2425//2425 2424//2424
f 2397//2397 2398//2398 2425//2425
f 2398//2398 2426//2426 2425//2425
f 2398//2398 2399//2399 2426//2426
f 2399//2399 2427//2427 2426//2426
f 2399//2399 2400//2400 2427//2427
f 2400//2400 2428//2428 2427//2427
f 2400//2400 2401//2401 2428//2428
f 2401//2401 2429//2429 2428//2428
f 2401//2401 2402//2402 2429//2429
f 2402//2402 2430//2430 2429//2429
f 2402//2402 2403//2403 2430//2430
f 2403//2403 2431//2431 2430//2430
f 2403//2403 2404//2404 2431//2431
f 2404//2404 2432//2432 2431//2431
f 2404//2404 2405//2405 2432//2432
f 2405//2405 2433//2433 2432//2432
f 2405//2405 2406//2406 2433//2433
f 2406//2406 2434//2434 2433//2433
f 2406//2406 2407//2407 2434//2434
f 2407//2407 2435//2435 2434//2434
f 2407//2407 2408//2408 2435//2435
f 2408//2408 2436//2436 2435//2435
f 2408//2408 2381//2381 2436//2436
f 2381//2381 2409//2409 2436//2436
f 2409//2409 2410//2410 2437//2437
f 2410//2410 2438//2438 2437//2437
f 2410//2410 2411//2411 2438//2438
f 2411//2411 2439//2439 2438//2438
f 2411//2411 2412//2412 2439//2439
f 2412//2412 2440//2440 2439//2439
f 2412//2412 2413//2413 2440//2440
f 2413//2413 2441//2441 2440//2440
f 2413//2413 2414//2414 2441//2441
f 2414//2414 2442//2442 2441//2441
f 2414//2414 2415//2415 2442//2442
f 2415//2415 2443//2443 2442//2442
f 2415//2415 2416//2416 2443//2443
f 2416//2416 2444//2444 2443//2443
f 2416//2416 2417//2417 2444//2444
f 2417//2417 2445//2445 2444//2444
f 2417//2417 2418//2418 2445//2445
f 2418//2418 2446//2446 2445//2445
f 2418//2418 2419//2419 2446//2446
f 2419//2419 2447//2447 2446//2446
f 2419//2419 2420//2420 2447//2447
f 2420//2420 2448//2448 2447//2447
f 2420//2420 2421//2421 2448//2448
f 2421//2421 2449//2449 2448//2448
f 2421//2421 2422//2422 2449//2449
f 2422//2422 2450//2450 2449//2449
f 2422//2422 2423//2423 2450//2450
f 2423//2423 2451//2451 2450//2450
f 2423//2423 2424//2424 2451//2451
f 2424//2424 2452//2452 2451//2451
f 2424//2424 2425//2425 2452//2452
f 2425//2425 2453//2453 2452//2452
f 2425//2425 2426//2426 2453//2453
f 2426//2426 2454//2454 2453//2453
f 2426//2426 2427//2427 2454//2454
f 2427//2427 2455//2455 2454//2454
f 2427//2427 2428//2428 2455//2455
f 2428//2428 2456//2456 2455//2455
f 2428//2428 2429//2429 2456//2456
f 2429//2429 2457//2457 2456//2456
f 2429//2429 2430//2430 2457//2457
f 2430//2430 2458//2458 2457//2457
f 2430//2430 2431//2431 2458//2458
f 2431//2431 2459//2459 2458//2458
f 2431//2431 2432//2432 2459//2459
f 2432//2432 2460//2460 2459//2459
f 2432//2432 2433//2433 2460//2460
f 2433//2433 2461//2461 2460//2460
f 2433//2433 2434//2434 2461//2461
f 2434//2434 2462//2462 2461//2461
f 2434//2434 2435//2435 2462//2462
f 2435//2435 2463//2463 2462//2462
f 2435//2435 2436//2436 2463//2463
f 2436//2436 2464//2464 2463//2463
f 2436//2436 2409//2409 2464//2464
f 2409//2409 2437//2437 2464//2464
f 2437//2437 2438//2438 2465//2465
f 2438//2438 2466//2466 2465//2465
f 2438//2438 2439//2439 2466//2466
f 2439//2439 2467//2467 2466//2466
f 2439//2439 2440//2440 2467//2467
f 2440//2440 2468//2468 2467//2467
f 2440//2440 2441//2441 2468//2468
f 2441//2441 2469//2469 2468//2468
f 2441//2441 2442//2442 2469//2469
f 2442//2442 2470//2470 2469//2469
f 2442//2442 2443//2443 2470//2470
f 2443//2443 2471//2471 2470//2470
f 2443//2443 2444//2444 2471//2471
f 2444//2444 2472//2472 2471//2471
f 2444//2444 2445//2445 2472//2472
f 2445//2445 2473//2473 2472//2472
f 2445//2445 2446//2446 2473//2473
f 2446//2446 2474//2474 2473//2473
f 2446//2446 2447//2447 2474//2474
f 2447//2447 2475//2475 2474//2474
f 2447//2447 2448//2448 2475//2475
f 2448//2448 2476//2476 2475//2475
f 2448//2448 2449//2449 2476//2476
f 2449//2449 2477//2477 2476//2476
f 2449//2449 2450//2450 2477//2477
f 2450//2450 2478//2478 2477//2477
f 2450//2450 2451//2451 2478//2478
f 2451//2451 2479//2479 2478//2478
f 2451//2451 2452//2452 2479//2479
f 2452//2452 2480//2480 2479//2479
f 2452//2452 2453//2453 2480//2480
f 2453//2453 2481//2481 2480//2480
f 2453//2453 2454//2454 2481//2481
f 2454//2454 2482//2482 2481//2481
f 2454//2454 2455//2455 2482//2482
f 2455//2455 2483//2483 2482//2482
f 2455//2455 2456//2456 2483//2483
f 2456//2456 2484//2484 2483//2483
f 2456//2456 2457//2457 2484//2484
f 2457//2457 2485//2485 2484//2484
f 2457//2457 2458//2458 2485//2485
f 2458//2458 2486//2486 2485//2485
f 2458//2458 2459//2459 2486//2486
f 2459//2459 2487//2487 2486//2486
f 2459//2459 2460//2460 2487//2487
f 2460//2460 2488//2488 2487//2487
f 2460//2460 2461//2461 2488//2488
f 2461//2461 2489//2489 2488//2488
f 2461//2461 2462//2462 2489//2489
f 2462//2462 2490//2490 2489//2489
f 2462//2462 2463//2463 2490//2490
f 2463//2463 2491//2491 2490//2490
f 2463//2463 2464//2464 2491//2491
f 2464//2464 2492//2492 2491//2491
f 2464//2464 2437//2437 2492//2492
f 2437//2437 2465//2465 2492//2492
f 2465//2465 2466//2466 2493//2493
f 2466//2466 2494//2494 2493//2493
f 2466//2466 2467//2467 2494//2494
f 2467//2467 2495//2495 2494//2494
f 2467//2467 2468//2468 2495//2495
f 2468//2468 2496//2496 2495//2495
f 2468//2468 2469//2469 2496//2496
f 2469//2469 2497//2497 2496//2496
f 2469//2469 2470//2470 2497//2497
f 2470//2470 2498//2498 2497//2497
f 2470//2470 2471//2471 2498//2498
f 2471//2471 2499//2499 2498//2498
f 2471//2471 2472//2472 2499//2499
f 2472//2472 2500//2500 2499//2499
f 2472//2472 2473//2473 2500//2500
f 2473//2473 2501//2501 2500//2500
f 2473//2473 2474//2474 2501//2501
f 2474//2474 2502//2502 2501//2501
f 2474//2474 2475//2475 2502//2502
f 2475//2475 2503//2503 2502//2502
f 2475//2475 2476//2476 2503//2503
f 2476//2476 2504//2504 2503//2503
f 2476//2476 2477//2477 2504//2504
f 2477//2477 2505//2505 2504//2504
f 2477//2477 2478//2478 2505//2505
f 2478//2478 2506//2506 2505//2505
f 2478//2478 2479//2479 2506//2506
f 2479//2479 2507//2507 2506//2506
f 2479//2479 2480//2480 2507//2507
f 2480//2480 2508//2508 2507//2507
f 2480//2480 2481//2481 2508//2508
f 2481//2481 2509//2509 2508//2508
f 2481//2481 2482//2482 2509//2509
f 2482//2482 2510//2510 2509//2509
f 2482//2482 2483//2483 2510//2510
f 2483//2483 2511//2511 2510//2510
f 2483//2483 2484//2484 2511//2511
f 2484//2484 2512//2512 2511//2511
f 2484//2484 2485//2485 2512//2512
f 2485//2485 2513//2513 2512//2512
f 2485//2485 2486//2486 2513//2513
f 2486//2486 2514//2514 2513//2513
f 2486//2486 2487//2487 2514//2514
f 2487//2487 2515//2515 2514//2514
f 2487//2487 2488//2488 2515//2515
f 2488//2488 2516//2516 2515//2515
f 2488//2488 2489//2489 2516//2516
f 2489//2489 2517//2517 2516//2516
f 2489//2489 2490//2490 2517//2517
f 2490//2490 2518//2518 2517//2517
f 2490//2490 2491//2491 2518//2518
f 2491//2491 2519//2519 2518//2518
f 2491//2491 2492//2492 2519//2519
f 2492//2492 2520//2520 2519//2519
f 2492//2492 2465//2465 2520//2520
f 2465//2465 2493//2493 2520//2520
f 2493//2493 2494//2494 2521//2521
f 2494//2494 2522//2522 2521//2521
f 2494//2494 2495//2495 2522//2522
f 2495//2495 2523//2523 2522//2522
f 2495//2495 2496//2496 2523//2523
f 2496//2496 2524//2524 2523//2523
f 2496//2496 2497//2497 2524//2524
f 2497//2497 2525//2525 2524//2524
f 2497//2497 2498//2498 2525//2525
f 2498//2498 2526//2526 2525//2525
f 2498//2498 2499//2499 2526//2526
f 2499//2499 2527//2527 2526//2526
f 2499//2499 2500//2500 2527//2527
f 2500//2500 2528//2528 2527//2527
f 2500//2500 2501//2501 2528//2528
f 2501//2501 2529//2529 2528//2528
f 2501//2501 2502//2502 2529//2529
f 2502//2502 2530//2530 2529//2529
f 2502//2502 2503//2503 2530//2530
f 2503//2503 2531//2531 2530//2530
f 2503//2503 2504//2504 2531//2531
f 2504//2504 2532//2532 2531//2531
f 2504//2504 2505//2505 2532//2532
f 2505//2505 2533//2533 2532//2532
f 2505//2505 2506//2506 2533//2533
f 2506//2506 2534//2534 2533//2533
f 2506//2506 2507//2507 2534//2534
f 2507//2507 2535//2535 2534//2534
f 2507//2507 2508//2508 2535//2535
f 2508//2508 2536//2536 2535//2535
f 2508//2508 2509//2509 2536//2536
f 2509//2509 2537//2537 2536//2536
f 2509//2509 2510//2510 2537//2537
f 2510//2510 2538//2538 2537//2537
f 2510//2510 2511//2511 2538//2538
f 2511//2511 2539//2539 2538//2538
f 2511//2511 2512//2512 2539//2539
f 2512//2512 2540//2540 2539//2539
f 2512//2512 2513//2513 2540//2540
f 2513//2513 2541//2541 2540//2540
f 2513//2513 2514//2514 2541//2541
f 2514//2514 2542//2542 2541//2541
f 2514//2514 2515//2515 2542//2542
f 2515//2515 2543//2543 2542//2542
f 2515//2515 2516//2516 2543//2543
f 2516//2516 2544//2544 2543//2543
f 2516//2516 2517//2517 2544//2544
f 2517//2517 2545//2545 2544//2544
f 2517//2517 2518//2518 2545//2545
f 2518//2518 2546//2546 2545//2545
f 2518//2518 2519//2519 2546//2546
f 2519//2519 2547//2547 2546//2546
f 2519//2519 2520//2520 2547//2547
f 2520//2520 2548//2548 2547//2547
f 2520//2520 2493//2493 2548//2548
f 2493//2493 2521//2521 2548//2548
f 2521//2521 2522//2522 2549//2549
f 2522//2522 2550//2550 2549//2549
f 2522//2522 2523//2523 2550//2550
f 2523//2523 2551//2551 2550//2550
f 2523//2523 2524//2524 2551//2551
f 2524//2524 2552//2552 2551//2551
f 2524//2524 2525//2525 2552//2552
f 2525//2525 2553//2553 2552//2552
f 2525//2525 2526//2526 2553//2553
f 2526//2526 2554//2554 2553//2553
f 2526//2526 2527//2527 2554//2554
f 2527//2527 2555//2555 2554//2554
f 2527//2527 2528//2528 2555//2555
f 2528//2528 2556//2556 2555//2555
f 2528//2528 2529//2529 2556//2556
f 2529//2529 2557//2557 2556//2556
f 2529//2529 2530//2530 2557//2557
f 2530//2530 2558//2558 2557//2557
f 2530//2530 2531//2531 2558//2558
f 2531//2531 2559//2559 2558//2558
f 2531//2531 2532//2532 2559//2559
f 2532//2532 2560//2560 2559//2559
f 2532//2532 2533//2533 2560//2560
f 2533//2533 2561//2561 2560//2560
f 2533//2533 2534//2534 2561//2561
f 2534//2534 2562//2562 2561//2561
f 2534//2534 2535//2535 2562//2562
f 2535//2535 2563//2563 2562//2562
f 2535//2535 2536//2536 2563//2563
f 2536//2536 2564//2564 2563//2563
f 2536//2536 2537//2537 2564//2564
f 2537//2537 2565//2565 2564//2564
f 2537//2537 2538//2538 2565//2565
f 2538//2538 2566//2566 2565//2565
f 2538//2538 2539//2539 2566//2566
f 2539//2539 2567//2567 2566//2566
f 2539//2539 2540//2540 2567//2567
f 2540//2540 2568//2568 2567//2567
f 2540//2540 2541//2541 2568//2568
f 2541//2541 2569//2569 2568//2568
f 2541//2541 2542//2542 2569//2569
f 2542//2542 2570//2570 2569//2569
f 2542//2542 2543//2543 2570//2570
f 2543//2543 2571//2571 2570//2570
f 2543//2543 2544//2544 2571//2571
f 2544//2544 2572//2572 2571//2571
f 2544//2544 2545//2545 2572//2572
f 2545//2545 2573//2573 2572//2572
f 2545//2545 2546//2546 2573//2573
f 2546//2546 2574//2574 2573//2573
f 2546//2546 2547//2547 2574//2574
f 2547//2547 2575//2575 2574//2574
f 2547//2547 2548//2548 2575//2575
f 2548//2548 2576//2576 2575//2575
f 2548//2548 2521//2521 2576//2576
f 2521//2521 2549//2549 2576//2576
f 2549//2549 2550//2550 2577//2577
f 2550//2550 2578//2578 2577//2577
f 2550//2550 2551//2551 2578//2578
f 2551//2551 2579//2579 2578//2578
f 2551//2551 2552//2552 2579//2579
f 2552//2552 2580//2580 2579//2579
f 2552//2552 2553//2553 2580//2580
f 2553//2553 2581//2581 2580//2580
f 2553//2553 2554//2554 2581//2581
f 2554//2554 2582//2582 2581//2581
f 2554//2554 2555//2555 2582//2582
f 2555//2555 2583//2583 2582//2582
f 2555//2555 2556//2556 2583//2583
f 2556//2556 2584//2584 2583//2583
f 2556//2556 2557//2557 2584//2584
f 2557//2557 2585//2585 2584//2584
f 2557//2557 2558//2558 2585//2585
f 2558//2558 2586//2586 2585//2585
f 2558//2558 2559//2559 2586//2586
f 2559//2559 2587//2587 2586//2586
f 2559//2559 2560//2560 2587//2587
f 2560//2560 2588//2588 2587//2587
f 2560//2560 2561//2561 2588//2588
f 2561//2561 2589//2589 2588//2588
f 2561//2561 2562//2562 2589//2589
f 2562//2562 2590//2590 2589//2589
f 2562//2562 2563//2563 2590//2590
f 2563//2563 2591//2591 2590//2590
f 2563//2563 2564//2564 2591//2591
f 2564//2564 2592//2592 2591//2591
f 2564//2564 2565//2565 2592//2592
f 2565//2565 2593//2593 2592//2592
f 2565//2565 2566//2566 2593//2593
f 2566//2566 2594//2594 2593//2593
f 2566//2566 2567//2567 2594//2594
f 2567//2567 2595//2595 2594//2594
f 2567//2567 2568//2568 2595//2595
f 2568//2568 2596//2596 2595//2595
f 2568//2568 2569//2569 2596//2596
f 2569//2569 2597//2597 2596//2596
f 2569//2569 2570//2570 2597//2597
f 2570//2570 2598//2598 2597//2597
f 2570//2570 2571//2571 2598//2598
f 2571//2571 2599//2599 2598//2598
f 2571//2571 2572//2572 2599//2599
f 2572//2572 2600//2600 2599//2599
f 2572//2572 2573//2573 2600//2600
f 2573//2573 2601//2601 2600//2600
f 2573//2573 2574//2574 2601//2601
f 2574//2574 2602//2602 2601//2601
f 2574//2574 2575//2575 2602//2602
f 2575//2575 2603//2603 2602//2602
f 2575//2575 2576//2576 2603//2603
f 2576//2576 2604//2604 2603//2603
f 2576//2576 2549//2549 2604//2604
f 2549//2549 2577//2577 2604//2604
f 2577//2577 2578//2578 2605//2605
f 2578//2578 2606//2606 2605//2605
f 2578//2578 2579//2579 2606//2606
f 2579//2579 2607//2607 2606//2606
f 2579//2579 2580//2580 2607//2607
f 2580//2580 2608//2608 2607//2607
f 2580//2580 2581//2581 2608//2608
f 2581//2581 2609//2609 2608//2608
f 2581//2581 2582//2582 2609//2609
f 2582//2582 2610//2610 2609//2609
f 2582//2582 2583//2583 2610//2610
f 2583//2583 2611//2611 2610//2610
f 2583//2583 2584//2584 2611//2611
f 2584//2584 2612//2612 2611//2611
f 2584//2584 2585//2585 2612//2612
f 2585//2585 2613//2613 2612//2612
f 2585//2585 2586//2586 2613//2613
f 2586//2586 2614//2614 2613//2613
f 2586//2586 2587//2587 2614//2614
f 2587//2587 2615//2615 2614//2614
f 2587//2587 2588//2588 2615//2615
f 2588//2588 2616//2616 2615//2615
f 2588//2588 2589//2589 2616//2616
f 2589//2589 2617//2617 2616//2616
f 2589//2589 2590//2590 2617//2617
f 2590//2590 2618//2618 2617//2617
f 2590//2590 2591//2591 2618//2618
f 2591//2591 2619//2619 2618//2618
f 2591//2591 2592//2592 2619//2619
f 2592//2592 2620//2620 2619//2619
f 2592//2592 2593//2593 2620//2620
f 2593//2593 2621//2621 2620//2620
f 2593//2593 2594//2594 2621//2621
f 2594//2594 2622//2622 2621//2621
f 2594//2594 2595//2595 2622//2622
f 2595//2595 2623//2623 2622//2622
f 2595//2595 2596//2596 2623//2623
f 2596//2596 2624//2624 2623//2623
f 2596//2596 2597//2597 2624//2624
f 2597//2597 2625//2625 2624//2624
f 2597//2597 2598//2598 2625//2625
f 2598//2598 2626//2626 2625//2625
f 2598//2598 2599//2599 2626//2626
f 2599//2599 2627//2627 2626//2626
f 2599//2599 2600//2600 2627//2627
f 2600//2600 2628//2628 2627//2627
f 2600//2600 2601//2601 2628//2628
f 2601//2601 2629//2629 2628//2628
f 2601//2601 2602//2602 2629//2629
f 2602//2602 2630//2630 2629//2629
f 2602//2602 2603//2603 2630//2630
f 2603//2603 2631//2631 2630//2630
f 2603//2603 2604//2604 2631//2631
f 2604//2604 2632//2632 2631//2631
f 2604//2604 2577//2577 2632//2632
f 2577//2577 2605//2605 2632//2632
f 2605//2605 2606//2606 2633//2633
f 2606//2606 2634//2634 2633//2633
f 2606//2606 2607//2607 2634//2634
f 2607//2607 2635//2635 2634//2634
f 2607//2607 2608//2608 2635//2635
f 2608//2608 2636//2636 2635//2635
f 2608//2608 2609//2609 2636//2636
f 2609//2609 2637//2637 2636//2636
f 2609//2609 2610//2610 2637//2637
f 2610//2610 2638//2638 2637//2637
f 2610//2610 2611//2611 2638//2638
f 2611//2611 2639//2639 2638//2638
f 2611//2611 2612//2612 2639//2639
f 2612//2612 2640//2640 2639//2639
f 2612//2612 2613//2613 2640//2640
f 2613//2613 2641//2641 2640//2640
f 2613//2613 2614//2614 2641//2641
f 2614//2614 2642//2642 2641//2641
f 2614//2614 2615//2615 2642//2642
f 2615//2615 2643//2643 2642//2642
f 2615//2615 2616//2616 2643//2643
f 2616//2616 2644//2644 2643//2643
f 2616//2616 2617//2617 2644//2644
f 2617//2617 2645//2645 2644//2644
f 2617//2617 2618//2618 2645//2645
f 2618//2618 2646//2646 2645//2645
f 2618//2618 2619//2619 2646//2646
f 2619//2619 2647//2647 2646//2646
f 2619//2619 2620//2620 2647//2647
f 2620//2620 2648//2648 2647//2647
f 2620//2620 2621//2621 2648//2648
f 2621//2621 2649//2649 2648//2648
f 2621//2621 2622//2622 2649//2649
f 2622//2622 2650//2650 2649//2649
f 2622//2622 2623//2623 2650//2650
f 2623//2623 2651//2651 2650//2650
f 2623//2623 2624//2624 2651//2651
f 2624//2624 2652//2652 2651//2651
f 2624//2624 2625//2625 2652//2652
f 2625//2625 2653//2653 2652//2652
f 2625//2625 2626//2626 2653//2653
f 2626//2626 2654//2654 2653//2653
f 2626//2626 2627//2627 2654//2654
f 2627//2627 2655//2655 2654//2654
f 2627//2627 2628//2628 2655//2655
f 2628//2628 2656//2656 2655//2655
f 2628//2628 2629//2629 2656//2656
f 2629//2629 2657//2657 2656//2656
f 2629//2629 2630//2630 2657//2657
f 2630//2630 2658//2658 2657//2657
f 2630//2630 2631//2631 2658//2658
f 2631//2631 2659//2659 2658//2658
f 2631//2631 2632//2632 2659//2659
f 2632//2632 2660//2660 2659//2659
f 2632//2632 2605//2605 2660//2660
f 2605//2605 2633//2633 2660//2660
f 2633//2633 2634//2634 2661//2661
f 2634//2634 2662//2662 2661//2661
f 2634//2634 2635//2635 2662//2662
f 2635//2635 2663//2663 2662//2662
f 2635//2635 2636//2636 2663//2663
f 2636//2636 2664//2664 2663//2663
f 2636//2636 2637//2637 2664//2664
f 2637//2637 2665//2665 2664//2664
f 2637//2637 2638//2638 2665//2665
f 2638//2638 2666//2666 2665//2665
f 2638//2638 2639//2639 2666//2666
f 2639//2639 2667//2667 2666//2666
f 2639//2639 2640//2640 2667//2667
f 2640//2640 2668//2668 2667//2667
f 2640//2640 2641//2641 2668//2668
f 2641//2641 2669//2669 2668//2668
f 2641//2641 2642//2642 2669//2669
f 2642//2642 2670//2670 2669//2669
f 2642//2642 2643//2643 2670//2670
f 2643//2643 2671//2671 2670//2670
f 2643//2643 2644//2644 2671//2671
f 2644//2644 2672//2672 2671//2671
f 2644//2644 2645//2645 2672//2672
f 2645//2645 2673//2673 2672//2672
f 2645//2645 2646//2646 2673//2673
f 2646//2646 2674//2674 2673//2673
f 2646//2646 2647//2647 2674//2674
f 2647//2647 2675//2675 2674//2674
f 2647//2647 2648//2648 2675//2675
f 2648//2648 2676//2676 2675//2675
f 2648//2648 2649//2649 2676//2676
f 2649//2649 2677//2677 2676//2676
f 2649//2649 2650//2650 2677//2677
f 2650//2650 2678//2678 2677//2677
f 2650//2650 2651//2651 2678//2678
f 2651//2651 2679//2679 2678//2678
f 2651//2651 2652//2652 2679//2679
f 2652//2652 2680//2680 2679//2679
f 2652//2652 2653//2653 2680//2680
f 2653//2653 2681//2681 2680//2680
f 2653//2653 2654//2654 2681//2681
f 2654//2654 2682//2682 2681//2681
f 2654//2654 2655//2655 2682//2682
f 2655//2655 2683//2683 2682//2682
f 2655//2655 2656//2656 2683//2683
f 2656//2656 2684//2684 2683//2683
f 2656//2656 2657//2657 2684//2684
f 2657//2657 2685//2685 2684//2684
f 2657//2657 2658//2658 2685//2685
f 2658//2658 2686//2686 2685//2685
f 2658//2658 2659//2659 2686//2686
f 2659//2659 2687//2687 2686//2686
f 2659//2659 2660//2660 2687//2687
f 2660//2660 2688//2688 2687//2687
f 2660//2660 2633//2633 2688//2688
f 2633//2633 2661//2661 2688//2688
f 2661//2661 2662//2662 2689//2689
f 2662//2662 2690//2690 2689//2689
f 2662//2662 2663//2663 2690//2690
f 2663//2663 2691//2691 2690//2690
f 2663//2663 2664//2664 2691//2691
f 2664//2664 2692//2692 2691//2691
f 2664//2664 2665//2665 2692//2692
f 2665//2665 2693//2693 2692//2692
f 2665//2665 2666//2666 2693//2693
f 2666//2666 2694//2694 2693//2693
f 2666//2666 2667//2667 2694//2694
f 2667//2667 2695//2695 2694//2694
f 2667//2667 2668//2668 2695//2695
f 2668//2668 2696//2696 2695//2695
f 2668//2668 2669//2669 2696//2696
f 2669//2669 2697//2697 2696//2696
f 2669//2669 2670//2670 2697//2697
f 2670//2670 2698//2698 2697//2697
f 2670//2670 2671//2671 2698//2698
f 2671//2671 2699//2699 2698//2698
f 2671//2671 2672//2672 2699//2699
f 2672//2672 2700//2700 2699//2699
f 2672//2672 2673//2673 2700//2700
f 2673//2673 2701//2701 2700//2700
f 2673//2673 2674//2674 2701//2701
f 2674//2674 2702//2702 2701//2701
f 2674//2674 2675//2675 2702//2702
f 2675//2675 2703//2703 2702//2702
f 2675//2675 2676//2676 2703//2703
f 2676//2676 2704//2704 2703//2703
f 2676//2676 2677//2677 2704//2704
f 2677//2677 2705//2705 2704//2704
f 2677//2677 2678//2678 2705//2705
f 2678//2678 2706//2706 2705//2705
f 2678//2678 2679//2679 2706//2706
f 2679//2679 2707//2707 2706//2706
f 2679//2679 2680//2680 2707//2707
f 2680//2680 2708//2708 2707//2707
f 2680//2680 2681//2681 2708//2708
f 2681//2681 2709//2709 2708//2708
f 2681//2681 2682//2682 2709//2709
f 2682//2682 2710//2710 2709//2709
f 2682//2682 2683//2683 2710//2710
f 2683//2683 2711//2711 2710//2710
f 2683//2683 2684//2684 2711//2711
f 2684//2684 2712//2712 2711//2711
f 2684//2684 2685//2685 2712//2712
f 2685//2685 2713//2713 2712//2712
f 2685//2685 2686//2686 2713//2713
f 2686//2686 2714//2714 2713//2713
f 2686//2686 2687//2687 2714//2714
f 2687//2687 2715//2715 2714//2714
f 2687//2687 2688//2688 2715//2715
f 2688//2688 2716//2716 2715//2715
f 2688//2688 2661//2661 2716//2716
f 2661//2661 2689//2689 2716//2716
f 2689//2689 2690//2690 2717//2717
f 2690//2690 2718//2718 2717//2717
f 2690//2690 2691//2691 2718//2718
f 2691//2691 2719//2719 2718//2718
f 2691//2691 2692//2692 2719//2719
f 2692//2692 2720//2720 2719//2719
f 2692//2692 2693//2693 2720//2720
f 2693//2693 2721//2721 2720//2720
f 2693//2693 2694//2694 2721//2721
f 2694//2694 2722//2722 2721//2721
f 2694//2694 2695//2695 2722//2722
f 2695//2695 2723//2723 2722//2722
f 2695//2695 2696//2696 2723//2723
f 2696//2696 2724//2724 2723//2723
f 2696//2696 2697//2697 2724//2724
f 2697//2697 2725//2725 2724//2724
f 2697//2697 2698//2698 2725//2725
f 2698//2698 2726//2726 2725//2725
f 2698//2698 2699//2699 2726//2726
f 2699//2699 2727//2727 2726//2726
f 2699//2699 2700//2700 2727//2727
f 2700//2700 2728//2728 2727//2727
f 2700//2700 2701//2701 2728//2728
f 2701//2701 2729//2729 2728//2728
f 2701//2701 2702//2702 2729//2729
f 2702//2702 2730//2730 2729//2729
f 2702//2702 2703//2703 2730//2730
f 2703//2703 2731//2731 2730//2730
f 2703//2703 2704//2704 2731//2731
f 2704//2704 2732//2732 2731//2731
f 2704//2704 2705//2705 2732//2732
f 2705//2705 2733//2733 2732//2732
f 2705//2705 2706//2706 2733//2733
f 2706//2706 2734//2734 2733//2733
f 2706//2706 2707//2707 2734//2734
f 2707//2707 2735//2735 2734//2734
f 2707//2707 2708//2708 2735//2735
f 2708//2708 2736//2736 2735//2735
f 2708//2708 2709//2709 2736//2736
f 2709//2709 2737//2737 2736//2736
f 2709//2709 2710//2710 2737//2737
f 2710//2710 2738//2738 2737//2737
f 2710//2710 2711//2711 2738//2738
f 2711//2711 2739//2739 2738//2738
f 2711//2711 2712//2712 2739//2739
f 2712//2712 2740//2740 2739//2739
f 2712//2712 2713//2713 2740//2740
f 2713//2713 2741//2741 2740//2740
f 2713//2713 2714//2714 2741//2741
f 2714//2714 2742//2742 2741//2741
f 2714//2714 2715//2715 2742//2742
f 2715//2715 2743//2743 2742//2742
f 2715//2715 2716//2716 2743//2743
f 2716//2716 2744//2744 2743//2743
f 2716//2716 2689//2689 2744//2744
f 2689//2689 2717//2717 2744//2744
f 2717//2717 2718//2718 2745//2745
f 2718//2718 2746//2746 2745//2745
f 2718//2718 2719//2719 2746//2746
f 2719//2719 2747//2747 2746//2746
f 2719//2719 2720//2720 2747//2747
f 2720//2720 2748//2748 2747//2747
f 2720//2720 2721//2721 2748//2748
f 2721//2721 2749//2749 2748//2748
f 2721//2721 2722//2722 2749//2749
f 2722//2722 2750//2750 2749//2749
f 2722//2722 2723//2723 2750//2750
f 2723//2723 2751//2751 2750//2750
f 2723//2723 2724//2724 2751//2751
f 2724//2724 2752//2752 2751//2751
f 2724//2724 2725//2725 2752//2752
f 2725//2725 2753//2753 2752//2752
f 2725//2725 2726//2726 2753//2753
f 2726//2726 2754//2754 2753//2753
f 2726//2726 2727//2727 2754//2754
f 2727//2727 2755//2755 2754//2754
f 2727//2727 2728//2728 2755//2755
f 2728//2728 2756//2756 2755//2755
f 2728//2728 2729//2729 2756//2756
f 2729//2729 2757//2757 2756//2756
f 2729//2729 2730//2730 2757//2757
f 2730//2730 2758//2758 2757//2757
f 2730//2730 2731//2731 2758//2758
f 2731//2731 2759//2759 2758//2758
f 2731//2731 2732//2732 2759//2759
f 2732//2732 2760//2760 2759//2759
f 2732//2732 2733//2733 2760//2760
f 2733//2733 2761//2761 2760//2760
f 2733//2733 2734//2734 2761//2761
f 2734//2734 2762//2762 2761//2761
f 2734//2734 2735//2735 2762//2762
f 2735//2735 2763//2763 2762//2762
f 2735//2735 2736//2736 2763//2763
f 2736//2736 2764//2764 2763//2763
f 2736//2736 2737//2737 2764//2764
f 2737//2737 2765//2765 2764//2764
f 2737//2737 2738//2738 2765//2765
f 2738//2738 2766//2766 2765//2765
f 2738//2738 2739//2739 2766//2766
f 2739//2739 2767//2767 2766//2766
f 2739//2739 2740//2740 2767//2767
f 2740//2740 2768//2768 2767//2767
f 2740//2740 2741//2741 2768//2768
f 2741//2741 2769//2769 2768//2768
f 2741//2741 2742//2742 2769//2769
f 2742//2742 2770//2770 2769//2769
f 2742//2742 2743//2743 2770//2770
f 2743//2743 2771//2771 2770//2770
f 2743//2743 2744//2744 2771//2771
f 2744//2744 2772//2772 2771//2771
f 2744//2744 2717//2717 2772//2772
f 2717//2717 2745//2745 2772//2772
f 2745//2745 2746//2746 2773//2773
f 2746//2746 2774//2774 2773//2773
f 2746//2746 2747//2747 2774//2774
f 2747//2747 2775//2775 2774//2774
f 2747//2747 2748//2748 2775//2775
f 2748//2748 2776//2776 2775//2775
f 2748//2748 2749//2749 2776//2776
f 2749//2749 2777//2777 2776//2776
f 2749//2749 2750//2750 2777//2777
f 2750//2750 2778//2778 2777//2777
f 2750//2750 2751//2751 2778//2778
f 2751//2751 2779//2779 2778//2778
f 2751//2751 2752//2752 2779//2779
f 2752//2752 2780//2780 2779//2779
f 2752//2752 2753//2753 2780//2780
f 2753//2753 2781//2781 2780//2780
f 2753//2753 2754//2754 2781//2781
f 2754//2754 2782//2782 2781//2781
f 2754//2754 2755//2755 2782//2782
f 2755//2755 2783//2783 2782//2782
f 2755//2755 2756//2756 2783//2783
f 2756//2756 2784//2784 2783//2783
f 2756//2756 2757//2757 2784//2784
f 2757//2757 2785//2785 2784//2784
f 2757//2757 2758//2758 2785//2785
f 2758//2758 2786//2786 2785//2785
f 2758//2758 2759//2759 2786//2786
f 2759//2759 2787//2787 2786//2786
f 2759//2759 2760//2760 2787//2787
f 2760//2760 2788//2788 2787//2787
f 2760//2760 2761//2761 2788//2788
f 2761//2761 2789//2789 2788//2788
f 2761//2761 2762//2762 2789//2789
f 2762//2762 2790//2790 2789//2789
f 2762//2762 2763//2763 2790//2790
f 2763//2763 2791//2791 2790//2790
f 2763//2763 2764//2764 2791//2791
f 2764//2764 2792//2792 2791//2791
f 2764//2764 2765//2765 2792//2792
f 2765//2765 2793//2793 2792//2792
f 2765//2765 2766//2766 2793//2793
f 2766//2766 2794//2794 2793//2793
f 2766//2766 2767//2767 2794//2794
f 2767//2767 2795//2795 2794//2794
f 2767//2767 2768//2768 2795//2795
f 2768//2768 2796//2796 2795//2795
f 2768//2768 2769//2769 2796//2796
f 2769//2769 2797//2797 2796//2796
f 2769//2769 2770//2770 2797//2797
f 2770//2770 2798//2798 2797//2797
f 2770//2770 2771//2771 2798//2798
f 2771//2771 2799//2799 2798//2798
f 2771//2771 2772//2772 2799//2799
f 2772//2772 2800//2800 2799//2799
f 2772//2772 2745//2745 2800//2800
f 2745//2745 2773//2773 2800//2800
f 2773//2773 2774//2774 2801//2801
f 2774//2774 2802//2802 2801//2801
f 2774//2774 2775//2775 2802//2802
f 2775//2775 2803//2803 2802//2802
f 2775//2775 2776//2776 2803//2803
f 2776//2776 2804//2804 2803//2803
f 2776//2776 2777//2777 2804//2804
f 2777//2777 2805//2805 2804//2804
f 2777//2777 2778//2778 2805//2805
f 2778//2778 2806//2806 2805//2805
f 2778//2778 2779//2779 2806//2806
f 2779//2779 2807//2807 2806//2806
f 2779//2779 2780//2780 2807//2807
f 2780//2780 2808//2808 2807//2807
f 2780//2780 2781//2781 2808//2808
f 2781//2781 2809//2809 2808//2808
f 2781//2781 2782//2782 2809//2809
f 2782//2782 2810//2810 2809//2809
f 2782//2782 2783//2783 2810//2810
f 2783//2783 2811//2811 2810//2810
f 2783//2783 2784//2784 2811//2811
f 2784//2784 2812//2812 2811//2811
f 2784//2784 2785//2785 2812//2812
f 2785//2785 2813//2813 2812//2812
f 2785//2785 2786//2786 2813//2813
f 2786//2786 2814//2814 2813//2813
f 2786//2786 2787//2787 2814//2814
f 2787//2787 2815//2815 2814//2814
f 2787//2787 2788//2788 2815//2815
f 2788//2788 2816//2816 2815//2815
f 2788//2788 2789//2789 2816//2816
f 2789//2789 2817//2817 2816//2816
f 2789//2789 2790//2790 2817//2817
f 2790//2790 2818//2818 2817//2817
f 2790//2790 2791//2791 2818//2818
f 2791//2791 2819//2819 2818//2818
f 2791//2791 2792//2792 2819//2819
f 2792//2792 2820//2820 2819//2819
f 2792//2792 2793//2793 2820//2820
f 2793//2793 2821//2821 2820//2820
f 2793//2793 2794//2794 2821//2821
f 2794//2794 2822//2822 2821//2821
f 2794//2794 2795//2795 2822//2822
f 2795//2795 2823//2823 2822//2822
f 2795//2795 2796//2796 2823//2823
f 2796//2796 2824//2824 2823//2823
f 2796//2796 2797//2797 2824//2824
f 2797//2797 2825//2825 2824//2824
f 2797//2797 2798//2798 2825//2825
f 2798//2798 2826//2826 2825//2825
f 2798//2798 2799//2799 2826//2826
f 2799//2799 2827//2827 2826//2826
f 2799//2799 2800//2800 2827//2827
f 2800//2800 2828//2828 2827//2827
f 2800//2800 2773//2773 2828//2828
f 2773//2773 2801//2801 2828//2828
f 2801//2801 2802//2802 2829//2829
f 2802//2802 2830//2830 2829//2829
f 2802//2802 2803//2803 2830//2830
f 2803//2803 2831//2831 2830//2830
f 2803//2803 2804//2804 2831//2831
f 2804//2804 2832//2832 2831//2831
f 2804//2804 2805//2805 2832//2832
f 2805//2805 2833//2833 2832//2832
f 2805//2805 2806//2806 2833//2833
f 2806//2806 2834//2834 2833//2833
f 2806//2806 2807//2807 2834//2834
f 2807//2807 2835//2835 2834//2834
f 2807//2807 2808//2808 2835//2835
f 2808//2808 2836//2836 2835//2835
f 2808//2808 2809//2809 2836//2836
f 2809//2809 2837//2837 2836//2836
f 2809//2809 2810//2810 2837//2837
f 2810//2810 2838//2838 2837//2837
f 2810//2810 2811//2811 2838//2838
f 2811//2811 2839//2839 2838//2838
f 2811//2811 2812//2812 2839//2839
f 2812//2812 2840//2840 2839//2839
f 2812//2812 2813//2813 2840//2840
f 2813//2813 2841//2841 2840//2840
f 2813//2813 2814//2814 2841//2841
f 2814//2814 2842//2842 2841//2841
f 2814//2814 2815//2815 2842//2842
f 2815//2815 2843//2843 2842//2842
f 2815//2815 2816//2816 2843//2843
f 2816//2816 2844//2844 2843//2843
f 2816//2816 2817//2817 2844//2844
f 2817//2817 2845//2845 2844//2844
f 2817//2817 2818//2818 2845//2845
f 2818//2818 2846//2846 2845//2845
f 2818//2818 2819//2819 2846//2846
f 2819//2819 2847//2847 2846//2846
f 2819//2819 2820//2820 2847//2847
f 2820//2820 2848//2848 2847//2847
f 2820//2820 2821//2821 2848//2848
f 2821//2821 2849//2849 2848//2848
f 2821//2821 2822//2822 2849//2849
f 2822//2822 2850//2850 2849//2849
f 2822//2822 2823//2823 2850//2850
f 2823//2823 2851//2851 2850//2850
f 2823//2823 2824//2824 2851//2851
f 2824//2824 2852//2852 2851//2851
f 2824//2824 2825//2825 2852//2852
f 2825//2825 2853//2853 2852//2852
f 2825//2825 2826//2826 2853//2853
f 2826//2826 2854//2854 2853//2853
f 2826//2826 2827//2827 2854//2854
f 2827//2827 2855//2855 2854//2854
f 2827//2827 2828//2828 2855//2855
f 2828//2828 2856//2856 2855//2855
f 2828//2828 2801//2801 2856//2856
f 2801//2801 2829//2829 2856//2856
f 2829//2829 2830//2830 2857//2857
f 2830//2830 2858//2858 2857//2857
f 2830//2830 2831//2831 2858//2858
f 2831//2831 2859//2859 2858//2858
f 2831//2831 2832//2832 2859//2859
f 2832//2832 2860//2860 2859//2859
f 2832//2832 2833//2833 2860//2860
f 2833//2833 2861//2861 2860//2860
f 2833//2833 2834//2834 2861//2861
f 2834//2834 2862//2862 2861//2861
f 2834//2834 2835//2835 2862//2862
f 2835//2835 2863//2863 2862//2862
f 2835//2835 2836//2836 2863//2863
f 2836//2836 2864//2864 2863//2863
f 2836//2836 2837//2837 2864//2864
f 2837//2837 2865//2865 2864//2864
f 2837//2837 2838//2838 2865//2865
f 2838//2838 2866//2866 2865//2865
f 2838//2838 2839//2839 2866//2866
f 2839//2839 2867//2867 2866//2866
f 2839//2839 2840//2840 2867//2867
f 2840//2840 2868//2868 2867//2867
f 2840//2840 2841//2841 2868//2868
f 2841//2841 2869//2869 2868//2868
f 2841//2841 2842//2842 2869//2869
f 2842//2842 2870//2870 2869//2869
f 2842//2842 2843//2843 2870//2870
f 2843//2843 2871//2871 2870//2870
f 2843//2843 2844//2844 2871//2871
f 2844//2844 2872//2872 2871//2871
f 2844//2844 2845//2845 2872//2872
f 2845//2845 2873//2873 2872//2872
f 2845//2845 2846//2846 2873//2873
f 2846//2846 2874//2874 2873//2873
f 2846//2846 2847//2847 2874//2874
f 2847//2847 2875//2875 2874//2874
f 2847//2847 2848//2848 2875//2875
f 2848//2848 2876//2876 2875//2875
f 2848//2848 2849//2849 2876//2876
f 2849//2849 2877//2877 2876//2876
f 2849//2849 2850//2850 2877//2877
f 2850//2850 2878//2878 2877//2877
f 2850//2850 2851//2851 2878//2878
f 2851//2851 2879//2879 2878//2878
f 2851//2851 2852//2852 2879//2879
f 2852//2852 2880//2880 2879//2879
f 2852//2852 2853//2853 2880//2880
f 2853//2853 2881//2881 2880//2880
f 2853//2853 2854//2854 2881//2881
f 2854//2854 2882//2882 2881//2881
f 2854//2854 2855//2855 2882//2882
f 2855//2855 2883//2883 2882//2882
f 2855//2855 2856//2856 2883//2883
f 2856//2856 2884//2884 2883//2883
f 2856//2856 2829//2829 2884//2884
f 2829//2829 2857//2857 2884//2884
f 2857//2857 2858//2858 2885//2885
f 2858//2858 2886//2886 2885//2885
f 2858//2858 2859//2859 2886//2886
f 2859//2859 2887//2887 2886//2886
f 2859//2859 2860//2860 2887//2887
f 2860//2860 2888//2888 2887//2887
f 2860//2860 2861//2861 2888//2888
f 2861//2861 2889//2889 2888//2888
f 2861//2861 2862//2862 2889//2889
f 2862//2862 2890//2890 2889//2889
f 2862//2862 2863//2863 2890//2890
f 2863//2863 2891//2891 2890//2890
f 2863//2863 2864//2864 2891//2891
f 2864//2864 2892//2892 2891//2891
f 2864//2864 2865//2865 2892//2892
f 2865//2865 2893//2893 2892//2892
f 2865//2865 2866//2866 2893//2893
f 2866//2866 2894//2894 2893//2893
f 2866//2866 2867//2867 2894//2894
f 2867//2867 2895//2895 2894//2894
f 2867//2867 2868//2868 2895//2895
f 2868//2868 2896//2896 2895//2895
f 2868//2868 2869//2869 2896//2896
f 2869//2869 2897//2897 2896//2896
f 2869//2869 2870//2870 2897//2897
f 2870//2870 2898//2898 2897//2897
f 2870//2870 2871//2871 2898//2898
f 2871//2871 2899//2899 2898//2898
f 2871//2871 2872//2872 2899//2899
f 2872//2872 2900//2900 2899//2899
f 2872//2872 2873//2873 2900//2900
f 2873//2873 2901//2901 2900//2900
f 2873//2873 2874//2874 2901//2901
f 2874//2874 2902//2902 2901//2901
f 2874//2874 2875//2875 2902//2902
f 2875//2875 2903//2903 2902//2902
f 2875//2875 2876//2876 2903//2903
f 2876//2876 2904//2904 2903//2903
f 2876//2876 2877//2877 2904//2904
f 2877//2877 2905//2905 2904//2904
f 2877//2877 2878//2878 2905//2905
f 2878//2878 2906//2906 2905//2905
f 2878//2878 2879//2879 2906//2906
f 2879//2879 2907//2907 2906//2906
f 2879//2879 2880//2880 2907//2907
f 2880//2880 2908//2908 2907//2907
f 2880//2880 2881//2881 2908//2908
f 2881//2881 2909//2909 2908//2908
f 2881//2881 2882//2882 2909//2909
f 2882//2882 2910//2910 2909//2909
f 2882//2882 2883//2883 2910//2910
f 2883//2883 2911//2911 2910//2910
f 2883//2883 2884//2884 2911//2911
f 2884//2884 2912//2912 2911//2911
f 2884//2884 2857//2857 2912//2912
f 2857//2857 2885//2885 2912//2912
f 2885//2885 2886//2886 2913//2913
f 2886//2886 2914//2914 2913//2913
f 2886//2886 2887//2887 2914//2914
f 2887//2887 2915//2915 2914//2914
f 2887//2887 2888//2888 2915//2915
f 2888//2888 2916//2916 2915//2915
f 2888//2888 2889//2889 2916//2916
f 2889//2889 2917//2917 2916//2916
f 2889//2889 2890//2890 2917//2917
f 2890//2890 2918//2918 2917//2917
f 2890//2890 2891//2891 2918//2918
f 2891//2891 2919//2919 2918//2918
f 2891//2891 2892//2892 2919//2919
f 2892//2892 2920//2920 2919//2919
f 2892//2892 2893//2893 2920//2920
f 2893//2893 2921//2921 2920//2920
f 2893//2893 2894//2894 2921//2921
f 2894//2894 2922//2922 2921//2921
f 2894//2894 2895//2895 2922//2922
f 2895//2895 2923//2923 2922//2922
f 2895//2895 2896//2896 2923//2923
f 2896//2896 2924//2924 2923//2923
f 2896//2896 2897//2897 2924//2924
f 2897//2897 2925//2925 2924//2924
f 2897//2897 2898//2898 2925//2925
f 2898//2898 2926//2926 2925//2925
f 2898//2898 2899//2899 2926//2926
f 2899//2899 2927//2927 2926//2926
f 2899//2899 2900//2900 2927//2927
f 2900//2900 2928//2928 2927//2927
f 2900//2900 2901//2901 2928//2928
f 2901//2901 2929//2929 2928//2928
f 2901//2901 2902//2902 2929//2929
f 2902//2902 2930//2930 2929//2929
f 2902//2902 2903//2903 2930//2930
f 2903//2903 2931//2931 2930//2930
f 2903//2903 2904//2904 2931//2931
f 2904//2904 2932//2932 2931//2931
f 2904//2904 2905//2905 2932//2932
f 2905//2905 2933//2933 2932//2932
f 2905//2905 2906//2906 2933//2933
f 2906//2906 2934//2934 2933//2933
f 2906//2906 2907//2907 2934//2934
f 2907//2907 2935//2935 2934//2934
f 2907//2907 2908//2908 2935//2935
f 2908//2908 2936//2936 2935//2935
f 2908//2908 2909//2909 2936//2936
f 2909//2909 2937//2937 2936//2936
f 2909//2909 2910//2910 2937//2937
f 2910//2910 2938//2938 2937//2937
f 2910//2910 2911//2911 2938//2938
f 2911//2911 2939//2939 2938//2938
f 2911//2911 2912//2912 2939//2939
f 2912//2912 2940//2940 2939//2939
f 2912//2912 2885//2885 2940//2940
f 2885//2885 2913//2913 2940//2940
f 2913//2913 2914//2914 2941//2941
f 2914//2914 2942//2942 2941//2941
f 2914//2914 2915//2915 2942//2942
f 2915//2915 2943//2943 2942//2942
f 2915//2915 2916//2916 2943//2943
f 2916//2916 2944//2944 2943//2943
f 2916//2916 2917//2917 2944//2944
f 2917//2917 2945//2945 2944//2944
f 2917//2917 2918//2918 2945//2945
f 2918//2918 2946//2946 2945//2945
f 2918//2918 2919//2919 2946//2946
f 2919//2919 2947//2947 2946//2946
f 2919//2919 2920//2920 2947//2947
f 2920//2920 2948//2948 2947//2947
f 2920//2920 2921//2921 2948//2948
f 2921//2921 2949//2949 2948//2948
f 2921//2921 2922//2922 2949//2949
f 2922//2922 2950//2950 2949//2949
f 2922//2922 2923//2923 2950//2950
f 2923//2923 2951//2951 2950//2950
f 2923//2923 2924//2924 2951//2951
f 2924//2924 2952//2952 2951//2951
f 2924//2924 2925//2925 2952//2952
f 2925//2925 2953//2953 2952//2952
f 2925//2925 2926//2926 2953//2953
f 2926//2926 2954//2954 2953//2953
f 2926//2926 2927//2927 2954//2954
f 2927//2927 2955//2955 2954//2954
f 2927//2927 2928//2928 2955//2955
f 2928//2928 2956//2956 2955//2955
f 2928//2928 2929//2929 2956//2956
f 2929//2929 2957//2957 2956//2956
f 2929//2929 2930//2930 2957//2957
f 2930//2930 2958//2958 2957//2957
f 2930//2930 2931//2931 2958//2958
f 2931//2931 2959//2959 2958//2958
f 2931//2931 2932//2932 2959//2959
f 2932//2932 2960//2960 2959//2959
f 2932//2932 2933//2933 2960//2960
f 2933//2933 2961//2961 2960//2960
f 2933//2933 2934//2934 2961//2961
f 2934//2934 2962//2962 2961//2961
f 2934//2934 2935//2935 2962//2962
f 2935//2935 2963//2963 2962//2962
f 2935//2935 2936//2936 2963//2963
f 2936//2936 2964//2964 2963//2963
f 2936//2936 2937//2937 2964//2964
f 2937//2937 2965//2965 2964//2964
f 2937//2937 2938//2938 2965//2965
f 2938//2938 2966//2966 2965//2965
f 2938//2938 2939//2939 2966//2966
f 2939//2939 2967//2967 2966//2966
f 2939//2939 2940//2940 2967//2967
f 2940//2940 2968//2968 2967//2967
f 2940//2940 2913//2913 2968//2968
f 2913//2913 2941//2941 2968//2968
f 2941//2941 2942//2942 2969//2969
f 2942//2942 2970//2970 2969//2969
f 2942//2942 2943//2943 2970//2970
f 2943//2943 2971//2971 2970//2970
f 2943//2943 2944//2944 2971//2971
f 2944//2944 2972//2972 2971//2971
f 2944//2944 2945//2945 2972//2972
f 2945//2945 2973//2973 2972//2972
f 2945//2945 2946//2946 2973//2973
f 2946//2946 2974//2974 2973//2973
f 2946//2946 2947//2947 2974//2974
f 2947//2947 2975//2975 2974//2974
f 2947//2947 2948//2948 2975//2975
f 2948//2948 2976//2976 2975//2975
f 2948//2948 2949//2949 2976//2976
f 2949//2949 2977//2977 2976//2976
f 2949//2949 2950//2950 2977//2977
f 2950//2950 2978//2978 2977//2977
f 2950//2950 2951//2951 2978//2978
f 2951//2951 2979//2979 2978//2978
f 2951//2951 2952//2952 2979//2979
f 2952//2952 2980//2980 2979//2979
f 2952//2952 2953//2953 2980//2980
f 2953//2953 2981//2981 2980//2980
f 2953//2953 2954//2954 2981//2981
f 2954//2954 2982//2982 2981//2981
f 2954//2954 2955//2955 2982//2982
f 2955//2955 2983//2983 2982//2982
f 2955//2955 2956//2956 2983//2983
f 2956//2956 2984//2984 2983//2983
f 2956//2956 2957//2957 2984//2984
f 2957//2957 2985//2985 2984//2984
f 2957//2957 2958//2958 2985//2985
f 2958//2958 2986//2986 2985//2985
f 2958//2958 2959//2959 2986//2986
f 2959//2959 2987//2987 2986//2986
f 2959//2959 2960//2960 2987//2987
f 2960//2960 2988//2988 2987//2987
f 2960//2960 2961//2961 2988//2988
f 2961//2961 2989//2989 2988//2988
f 2961//2961 2962//2962 2989//2989
f 2962//2962 2990//2990 2989//2989
f 2962//2962 2963//2963 2990//2990
f 2963//2963 2991//2991 2990//2990
f 2963//2963 2964//2964 2991//2991
f 2964//2964 2992//2992 2991//2991
f 2964//2964 2965//2965 2992//2992
f 2965//2965 2993//2993 2992//2992
f 2965//2965 2966//2966 2993//2993
f 2966//2966 2994//2994 2993//2993
f 2966//2966 2967//2967 2994//2994
f 2967//2967 2995//2995 2994//2994
f 2967//2967 2968//2968 2995//2995
f 2968//2968 2996//2996 2995//2995
f 2968//2968 2941//2941 2996//2996
f 2941//2941 2969//2969 2996//2996
f 2969//2969 2970//2970 2997//2997
f 2970//2970 2998//2998 2997//2997
f 2970//2970 2971//2971 2998//2998
f 2971//2971 2999//2999 2998//2998
f 2971//2971 2972//2972 2999//2999
f 2972//2972 3000//3000 2999//2999
f 2972//2972 2973//2973 3000//3000
f 2973//2973 3001//3001 3000//3000
f 2973//2973 2974//2974 3001//3001
f 2974//2974 3002//3002 3001//3001
f 2974//2974 2975//2975 3002//3002
f 2975//2975 3003//3003 3002//3002
f 2975//2975 2976//2976 3003//3003
f 2976//2976 3004//3004 3003//3003
f 2976//2976 2977//2977 3004//3004
f 2977//2977 3005//3005 3004//3004
f 2977//2977 2978//2978 3005//3005
f 2978//2978 3006//3006 3005//3005
f 2978//2978 2979//2979 3006//3006
f 2979//2979 3007//3007 3006//3006
f 2979//2979 2980//2980 3007//3007
f 2980//2980 3008//3008 3007//3007
f 2980//2980 2981//2981 3008//3008
f 2981//2981 3009//3009 3008//3008
f 2981//2981 2982//2982 3009//3009
f 2982//2982 3010//3010 3009//3009
f 2982//2982 2983//2983 3010//3010
f 2983//2983 3011//3011 3010//3010
f 2983//2983 2984//2984 3011//3011
f 2984//2984 3012//3012 3011//3011
f 2984//2984 2985//2985 3012//3012
f 2985//2985 3013//3013 3012//3012
f 2985//2985 2986//2986 3013//3013
f 2986//2986 3014//3014 3013//3013
f 2986//2986 2987//2987 3014//3014
f 2987//2987 3015//3015 3014//3014
f 2987//2987 2988//2988 3015//3015
f 2988//2988 3016//3016 3015//3015
f 2988//2988 2989//2989 3016//3016
f 2989//2989 3017//3017 3016//3016
f 2989//2989 2990//2990 3017//3017
f 2990//2990 3018//3018 3017//3017
f 2990//2990 2991//2991 3018//3018
f 2991//2991 3019//3019 3018//3018
f 2991//2991 2992//2992 3019//3019
f 2992//2992 3020//3020 3019//3019
f 2992//2992 2993//2993 3020//3020
f 2993//2993 3021//3021 3020//3020
f 2993//2993 2994//2994 3021//3021
f 2994//2994 3022//3022 3021//3021
f 2994//2994 2995//2995 3022//3022
f 2995//2995 3023//3023 3022//3022
f 2995//2995 2996//2996 3023//3023
f 2996//2996 3024//3024 3023//3023
f 2996//2996 2969//2969 3024//3024
f 2969//2969 2997//2997 3024//3024
f 2997//2997 2998//2998 3025//3025
f 2998//2998 3026//3026 3025//3025
f 2998//2998 2999//2999 3026//3026
f 2999//2999 3027//3027 3026//3026
f 2999//2999 3000//3000 3027//3027
f 3000//3000 3028//3028 3027//3027
f 3000//3000 3001//3001 3028//3028
f 3001//3001 3029//3029 3028//3028
f 3001//3001 3002//3002 3029//3029
f 3002//3002 3030//3030 3029//3029
f 3002//3002 3003//3003 3030//3030
f 3003//3003 3031//3031 3030//3030
f 3003//3003 3004//3004 3031//3031
f 3004//3004 3032//3032 3031//3031
f 3004//3004 3005//3005 3032//3032
f 3005//3005 3033//3033 3032//3032
f 3005//3005 3006//3006 3033//3033
f 3006//3006 3034//3034 3033//3033
f 3006//3006 3007//3007 3034//3034
f 3007//3007 3035//3035 3034//3034
f 3007//3007 3008//3008 3035//3035
f 3008//3008 3036//3036 3035//3035
f 3008//3008 3009//3009 3036//3036
f 3009//3009 3037//3037 3036//3036
f 3009//3009 3010//3010 3037//3037
f 3010//3010 3038//3038 3037//3037
f 3010//3010 3011//3011 3038//3038
f 3011//3011 3039//3039 3038//3038
f 3011//3011 3012//3012 3039//3039
f 3012//3012 3040//3040 3039//3039
f 3012//3012 3013//3013 3040//3040
f 3013//3013 3041//3041 3040//3040
f 3013//3013 3014//3014 3041//3041
f 3014//3014 3042//3042 3041//3041
f 3014//3014 3015//3015 3042//3042
f 3015//3015 3043//3043 3042//3042
f 3015//3015 3016//3016 3043//3043
f 3016//3016 3044//3044 3043//3043
f 3016//3016 3017//3017 3044//3044
f 3017//3017 3045//3045 3044//3044
f 3017//3017 3018//3018 3045//3045
f 3018//3018 3046//3046 3045//3045
f 3018//3018 3019//3019 3046//3046
f 3019//3019 3047//3047 3046//3046
f 3019//3019 3020//3020 3047//3047
f 3020//3020 3048//3048 3047//3047
f 3020//3020 3021//3021 3048//3048
f 3021//3021 3049//3049 3048//3048
f 3021//3021 3022//3022 3049//3049
f 3022//3022 3050//3050 3049//3049
f 3022//3022 3023//3023 3050//3050
f 3023//3023 3051//3051 3050//3050
f 3023//3023 3024//3024 3051//3051
f 3024//3024 3052//3052 3051//3051
f 3024//3024 2997//2997 3052//3052
f 2997//2997 3025//3025 3052//3052
f 3025//3025 3026//3026 3053//3053
f 3026//3026 3054//3054 3053//3053
f 3026//3026 3027//3027 3054//3054
f 3027//3027 3055//3055 3054//3054
f 3027//3027 3028//3028 3055//3055
f 3028//3028 3056//3056 3055//3055
f 3028//3028 3029//3029 3056//3056
f 3029//3029 3057//3057 3056//3056
f 3029//3029 3030//3030 3057//3057
f 3030//3030 3058//3058 3057//3057
f 3030//3030 3031//3031 3058//3058
f 3031//3031 3059//3059 3058//3058
f 3031//3031 3032//3032 3059//3059
f 3032//3032 3060//3060 3059//3059
f 3032//3032 3033//3033 3060//3060
f 3033//3033 3061//3061 3060//3060
f 3033//3033 3034//3034 3061//3061
f 3034//3034 3062//3062 3061//3061
f 3034//3034 3035//3035 3062//3062
f 3035//3035 3063//3063 3062//3062
f 3035//3035 3036//3036 3063//3063
f 3036//3036 3064//3064 3063//3063
f 3036//3036 3037//3037 3064//3064
f 3037//3037 3065//3065 3064//3064
f 3037//3037 3038//3038 3065//3065
f 3038//3038 3066//3066 3065//3065
f 3038//3038 3039//3039 3066//3066
f 3039//3039 3067//3067 3066//3066
f 3039//3039 3040//3040 3067//3067
f 3040//3040 3068//3068 3067//3067
f 3040//3040 3041//3041 3068//3068
f 3041//3041 3069//3069 3068//3068
f 3041//3041 3042//3042 3069//3069
f 3042//3042 3070//3070 3069//3069
f 3042//3042 3043//3043 3070//3070
f 3043//3043 3071//3071 3070//3070
f 3043//3043 3044//3044 3071//3071
f 3044//3044 3072//3072 3071//3071
f 3044//3044 3045//3045 3072//3072
f 3045//3045 3073//3073 3072//3072
f 3045//3045 3046//3046 3073//3073
f 3046//3046 3074//3074 3073//3073
f 3046//3046 3047//3047 3074//3074
f 3047//3047 3075//3075 3074//3074
f 3047//3047 3048//3048 3075//3075
f 3048//3048 3076//3076 3075//3075
f 3048//3048 3049//3049 3076//3076
f 3049//3049 3077//3077 3076//3076
f 3049//3049 3050//3050 3077//3077
f 3050//3050 3078//3078 3077//3077
f 3050//3050 3051//3051 3078//3078
f 3051//3051 3079//3079 3078//3078
f 3051//3051 3052//3052 3079//3079
f 3052//3052 3080//3080 3079//3079
f 3052//3052 3025//3025 3080//3080
f 3025//3025 3053//3053 3080//3080
f 3053//3053 3054//3054 3081//3081
f 3054//3054 3082//3082 3081//3081
f 3054//3054 3055//3055 3082//3082
f 3055//3055 3083//3083 3082//3082
f 3055//3055 3056//3056 3083//3083
f 3056//3056 3084//3084 3083//3083
f 3056//3056 3057//3057 3084//3084
f 3057//3057 3085//3085 3084//3084
f 3057//3057 3058//3058 3085//3085
f 3058//3058 3086//3086 3085//3085
f 3058//3058 3059//3059 3086//3086
f 3059//3059 3087//3087 3086//3086
f 3059//3059 3060//3060 3087//3087
f 3060//3060 3088//3088 3087//3087
f 3060//3060 3061//3061 3088//3088
f 3061//3061 3089//3089 3088//3088
f 3061//3061 3062//3062 3089//3089
f 3062//3062 3090//3090 3089//3089
f 3062//3062 3063//3063 3090//3090
f 3063//3063 3091//3091 3090//3090
f 3063//3063 3064//3064 3091//3091
f 3064//3064 3092//3092 3091//3091
f 3064//3064 3065//3065 3092//3092
f 3065//3065 3093//3093 3092//3092
f 3065//3065 3066//3066 3093//3093
f 3066//3066 3094//3094 3093//3093
f 3066//3066 3067//3067 3094//3094
f 3067//3067 3095//3095 3094//3094
f 3067//3067 3068//3068 3095//3095
f 3068//3068 3096//3096 3095//3095
f 3068//3068 3069//3069 3096//3096
f 3069//3069 3097//3097 3096//3096
f 3069//3069 3070//3070 3097//3097
f 3070//3070 3098//3098 3097//3097
f 3070//3070 3071//3071 3098//3098
f 3071//3071 3099//3099 3098//3098
f 3071//3071 3072//3072 3099//3099
f 3072//3072 3100//3100 3099//3099
f 3072//3072 3073//3073 3100//3100
f 3073//3073 3101//3101 3100//3100
f 3073//3073 3074//3074 3101//3101
f 3074//3074 3102//3102 3101//3101
f 3074//3074 3075//3075 3102//3102
f 3075//3075 3103//3103 3102//3102
f 3075//3075 3076//3076 3103//3103
f 3076//3076 3104//3104 3103//3103
f 3076//3076 3077//3077 3104//3104
f 3077//3077 3105//3105 3104//3104
f 3077//3077 3078//3078 3105//3105
f 3078//3078 3106//3106 3105//3105
f 3078//3078 3079//3079 3106//3106
f 3079//3079 3107//3107 3106//3106
f 3079//3079 3080//3080 3107//3107
f 3080//3080 3108//3108 3107//3107
f 3080//3080 3053//3053 3108//3108
f 3053//3053 3081//3081 3108//3108
f 3081//3081 3082//3082 3109//3109
f 3082//3082 3110//3110 3109//3109
f 3082//3082 3083//3083 3110//3110
f 3083//3083 3111//3111 3110//3110
f 3083//3083 3084//3084 3111//3111
f 3084//3084 3112//3112 3111//3111
f 3084//3084 3085//3085 3112//3112
f 3085//3085 3113//3113 3112//3112
f 3085//3085 3086//3086 3113//3113
f 3086//3086 3114//3114 3113//3113
f 3086//3086 3087//3087 3114//3114
f 3087//3087 3115//3115 3114//3114
f 3087//3087 3088//3088 3115//3115
f 3088//3088 3116//3116 3115//3115
f 3088//3088 3089//3089 3116//3116
f 3089//3089 3117//3117 3116//3116
f 3089//3089 3090//3090 3117//3117
f 3090//3090 3118//3118 3117//3117
f 3090//3090 3091//3091 3118//3118
f 3091//3091 3119//3119 3118//3118
f 3091//3091 3092//3092 3119//3119
f 3092//3092 3120//3120 3119//3119
f 3092//3092 3093//3093 3120//3120
f 3093//3093 3121//3121 3120//3120
f 3093//3093 3094//3094 3121//3121
f 3094//3094 3122//3122 3121//3121
f 3094//3094 3095//3095 3122//3122
f 3095//3095 3123//3123 3122//3122
f 3095//3095 3096//3096 3123//3123
f 3096//3096 3124//3124 3123//3123
f 3096//3096 3097//3097 3124//3124
f 3097//3097 3125//3125 3124//3124
f 3097//3097 3098//3098 3125//3125
f 3098//3098 3126//3126 3125//3125
f 3098//3098 3099//3099 3126//3126
f 3099//3099 3127//3127 3126//3126
f 3099//3099 3100//3100 3127//3127
f 3100//3100 3128//3128 3127//3127
f 3100//3100 3101//3101 3128//3128
f 3101//3101 3129//3129 3128//3128
f 3101//3101 3102//3102 3129//3129
f 3102//3102 3130//3130 3129//3129
f 3102//3102 3103//3103 3130//3130
f 3103//3103 3131//3131 3130//3130
f 3103//3103 3104//3104 3131//3131
f 3104//3104 3132//3132 3131//3131
f 3104//3104 3105//3105 3132//3132
f 3105//3105 3133//3133 3132//3132
f 3105//3105 3106//3106 3133//3133
f 3106//3106 3134//3134 3133//3133
f 3106//3106 3107//3107 3134//3134
f 3107//3107 3135//3135 3134//3134
f 3107//3107 3108//3108 3135//3135
f 3108//3108 3136//3136 3135//3135
f 3108//3108 3081//3081 3136//3136
f 3081//3081 3109//3109 3136//3136
f 3109//3109 3110//3110 3137//3137
f 3110//3110 3138//3138 3137//3137
f 3110//3110 3111//3111 3138//3138
f 3111//3111 3139//3139 3138//3138
f 3111//3111 3112//3112 3139//3139
f 3112//3112 3140//3140 3139//3139
f 3112//3112 3113//3113 3140//3140
f 3113//3113 3141//3141 3140//3140
f 3113//3113 3114//3114 3141//3141
f 3114//3114 3142//3142 3141//3141
f 3114//3114 3115//3115 3142//3142
f 3115//3115 3143//3143 3142//3142
f 3115//3115 3116//3116 3143//3143
f 3116//3116 3144//3144 3143//3143
f 3116//3116 3117//3117 3144//3144
f 3117//3117 3145//3145 3144//3144
f 3117//3117 3118//3118 3145//3145
f 3118//3118 3146//3146 3145//3145
f 3118//3118 3119//3119 3146//3146
f 3119//3119 3147//3147 3146//3146
f 3119//3119 3120//3120 3147//3147
f 3120//3120 3148//3148 3147//3147
f 3120//3120 3121//3121 3148//3148
f 3121//3121 3149//3149 3148//3148
f 3121//3121 3122//3122 3149//3149
f 3122//3122 3150//3150 3149//3149
f 3122//3122 3123//3123 3150//3150
f 3123//3123 3151//3151 3150//3150
f 3123//3123 3124//3124 3151//3151
f 3124//3124 3152//3152 3151//3151
f 3124//3124 3125//3125 3152//3152
f 3125//3125 3153//3153 3152//3152
f 3125//3125 3126//3126 3153//3153
f 3126//3126 3154//3154 3153//3153
f 3126//3126 3127//3127 3154//3154
f 3127//3127 3155//3155 3154//3154
f 3127//3127 3128//3128 3155//3155
f 3128//3128 3156//3156 3155//3155
f 3128//3128 3129//3129 3156//3156
f 3129//3129 3157//3157 3156//3156
f 3129//3129 3130//3130 3157//3157
f 3130//3130 3158//3158 3157//3157
f 3130//3130 3131//3131 3158//3158
f 3131//3131 3159//3159 3158//3158
f 3131//3131 3132//3132 3159//3159
f 3132//3132 3160//3160 3159//3159
f 3132//3132 3133//3133 3160//3160
f 3133//3133 3161//3161 3160//3160
f 3133//3133 3134//3134 3161//3161
f 3134//3134 3162//3162 3161//3161
f 3134//3134 3135//3135 3162//3162
f 3135//3135 3163//3163 3162//3162
f 3135//3135 3136//3136 3163//3163
f 3136//3136 3164//3164 3163//3163
f 3136//3136 3109//3109 3164//3164
f 3109//3109 3137//3137 3164//3164
f 3137//3137 3138//3138 3165//3165
f 3138//3138 3166//3166 3165//3165
f 3138//3138 3139//3139 3166//3166
f 3139//3139 3167//3167 3166//3166
f 3139//3139 3140//3140 3167//3167
f 3140//3140 3168//3168 3167//3167
f 3140//3140 3141//3141 3168//3168
f 3141//3141 3169//3169 3168//3168
f 3141//3141 3142//3142 3169//3169
f 3142//3142 3170//3170 3169//3169
f 3142//3142 3143//3143 3170//3170
f 3143//3143 3171//3171 3170//3170
f 3143//3143 3144//3144 3171//3171
f 3144//3144 3172//3172 3171//3171
f 3144//3144 3145//3145 3172//3172
f 3145//3145 3173//3173 3172//3172
f 3145//3145 3146//3146 3173//3173
f 3146//3146 3174//3174 3173//3173
f 3146//3146 3147//3147 3174//3174
f 3147//3147 3175//3175 3174//3174
f 3147//3147 3148//3148 3175//3175
f 3148//3148 3176//3176 3175//3175
f 3148//3148 3149//3149 3176//3176
f 3149//3149 3177//3177 3176//3176
f 3149//3149 3150//3150 3177//3177
f 3150//3150 3178//3178 3177//3177
f 3150//3150 3151//3151 3178//3178
f 3151//3151 3179//3179 3178//3178
f 3151//3151 3152//3152 3179//3179
f 3152//3152 3180//3180 3179//3179
f 3152//3152 3153//3153 3180//3180
f 3153//3153 3181//3181 3180//3180
f 3153//3153 3154//3154 3181//3181
f 3154//3154 3182//3182 3181//3181
f 3154//3154 3155//3155 3182//3182
f 3155//3155 3183//3183 3182//3182
f 3155//3155 3156//3156 3183//3183
f 3156//3156 3184//3184 3183//3183
f 3156//3156 3157//3157 3184//3184
f 3157//3157 3185//3185 3184//3184
f 3157//3157 3158//3158 3185//3185
f 3158//3158 3186//3186 3185//3185
f 3158//3158 3159//3159 3186//3186
f 3159//3159 3187//3187 3186//3186
f 3159//3159 3160//3160 3187//3187
f 3160//3160 3188//3188 3187//3187
f 3160//3160 3161//3161 3188//3188
f 3161//3161 3189//3189 3188//3188
f 3161//3161 3162//3162 3189//3189
f 3162//3162 3190//3190 3189//3189
f 3162//3162 3163//3163 3190//3190
f 3163//3163 3191//3191 3190//3190
f 3163//3163 3164//3164 3191//3191
f 3164//3164 3192//3192 3191//3191
f 3164//3164 3137//3137 3192//3192
f 3137//3137 3165//3165 3192//3192
f 3165//3165 3166//3166 3193//3193
f 3166//3166 3194//3194 3193//3193
f 3166//3166 3167//3167 3194//3194
f 3167//3167 3195//3195 3194//3194
f 3167//3167 3168//3168 3195//3195
f 3168//3168 3196//3196 3195//3195
f 3168//3168 3169//3169 3196//3196
f 3169//3169 3197//3197 3196//3196
f 3169//3169 3170//3170 3197//3197
f 3170//3170 3198//3198 3197//3197
f 3170//3170 3171//3171 3198//3198
f 3171//3171 3199//3199 3198//3198
f 3171//3171 3172//3172 3199//3199
f 3172//3172 3200//3200 3199//3199
f 3172//3172 3173//3173 3200//3200
f 3173//3173 3201//3201 3200//3200
f 3173//3173 3174//3174 3201//3201
f 3174//3174 3202//3202 3201//3201
f 3174//3174 3175//3175 3202//3202
f 3175//3175 3203//3203 3202//3202
f 3175//3175 3176//3176 3203//3203
f 3176//3176 3204//3204 3203//3203
f 3176//3176 3177//3177 3204//3204
f 3177//3177 3205//3205 3204//3204
f 3177//3177 3178//3178 3205//3205
f 3178//3178 3206//3206 3205//3205
f 3178//3178 3179//3179 3206//3206
f 3179//3179 3207//3207 3206//3206
f 3179//3179 3180//3180 3207//3207
f 3180//3180 3208//3208 3207//3207
f 3180//3180 3181//3181 3208//3208
f 3181//3181 3209//3209 3208//3208
f 3181//3181 3182//3182 3209//3209
f 3182//3182 3210//3210 3209//3209
f 3182//3182 3183//3183 3210//3210
f 3183//3183 3211//3211 3210//3210
f 3183//3183 3184//3184 3211//3211
f 3184//3184 3212//3212 3211//3211
f 3184//3184 3185//3185 3212//3212
f 3185//3185 3213//3213 3212//3212
f 3185//3185 3186//3186 3213//3213
f 3186//3186 3214//3214 3213//3213
f 3186//3186 3187//3187 3214//3214
f 3187//3187 3215//3215 3214//3214
f 3187//3187 3188//3188 3215//3215
f 3188//3188 3216//3216 3215//3215
f 3188//3188 3189//3189 3216//3216
f 3189//3189 3217//3217 3216//3216
f 3189//3189 3190//3190 3217//3217
f 3190//3190 3218//3218 3217//3217
f 3190//3190 3191//3191 3218//3218
f 3191//3191 3219//3219 3218//3218
f 3191//3191 3192//3192 3219//3219
f 3192//3192 3220//3220 3219//3219
f 3192//3192 3165//3165 3220//3220
f 3165//3165 3193//3193 3220//3220
f 3193//3193 3194//3194 3221//3221
f 3194//3194 3222//3222 3221//3221
f 3194//3194 3195//3195 3222//3222
f 3195//3195 3223//3223 3222//3222
f 3195//3195 3196//3196 3223//3223
f 3196//3196 3224//3224 3223//3223
f 3196//3196 3197//3197 3224//3224
f 3197//3197 3225//3225 3224//3224
f 3197//3197 3198//3198 3225//3225
f 3198//3198 3226//3226 3225//3225
f 3198//3198 3199//3199 3226//3226
f 3199//3199 3227//3227 3226//3226
f 3199//3199 3200//3200 3227//3227
f 3200//3200 3228//3228 3227//3227
f 3200//3200 3201//3201 3228//3228
f 3201//3201 3229//3229 3228//3228
f 3201//3201 3202//3202 3229//3229
f 3202//3202 3230//3230 3229//3229
f 3202//3202 3203//3203 3230//3230
f 3203//3203 3231//3231 3230//3230
f 3203//3203 3204//3204 3231//3231
f 3204//3204 3232//3232 3231//3231
f 3204//3204 3205//3205 3232//3232
f 3205//3205 3233//3233 3232//3232
f 3205//3205 3206//3206 3233//3233
f 3206//3206 3234//3234 3233//3233
f 3206//3206 3207//3207 3234//3234
f 3207//3207 3235//3235 3234//3234
f 3207//3207 3208//3208 3235//3235
f 3208//3208 3236//3236 3235//3235
f 3208//3208 3209//3209 3236//3236
f 3209//3209 3237//3237 3236//3236
f 3209//3209 3210//3210 3237//3237
f 3210//3210 3238//3238 3237//3237
f 3210//3210 3211//3211 3238//3238
f 3211//3211 3239//3239 3238//3238
f 3211//3211 3212//3212 3239//3239
f 3212//3212 3240//3240 3239//3239
f 3212//3212 3213//3213 3240//3240
f 3213//3213 3241//3241 3240//3240
f 3213//3213 3214//3214 3241//3241
f 3214//3214 3242//3242 3241//3241
f 3214//3214 3215//3215 3242//3242
f 3215//3215 3243//3243 3242//3242
f 3215//3215 3216//3216 3243//3243
f 3216//3216 3244//3244 3243//3243
f 3216//3216 3217//3217 3244//3244
f 3217//3217 3245//3245 3244//3244
f 3217//3217 3218//3218 3245//3245
f 3218//3218 3246//3246 3245//3245
f 3218//3218 3219//3219 3246//3246
f 3219//3219 3247//3247 3246//3246
f 3219//3219 3220//3220 3247//3247
f 3220//3220 3248//3248 3247//3247
f 3220//3220 3193//3193 3248//3248
f 3193//3193 3221//3221 3248//3248
f 3221//3221 3222//3222 3249//3249
f 3222//3222 3250//3250 3249//3249
f 3222//3222 3223//3223 3250//3250
f 3223//3223 3251//3251 3250//3250
f 3223//3223 3224//3224 3251//3251
f 3224//3224 3252//3252 3251//3251
f 3224//3224 3225//3225 3252//3252
f 3225//3225 3253//3253 3252//3252
f 3225//3225 3226//3226 3253//3253
f 3226//3226 3254//3254 3253//3253
f 3226//3226 3227//3227 3254//3254
f 3227//3227 3255//3255 3254//3254
f 3227//3227 3228//3228 3255//3255
f 3228//3228 3256//3256 3255//3255
f 3228//3228 3229//3229 3256//3256
f 3229//3229 3257//3257 3256//3256
f 3229//3229 3230//3230 3257//3257
f 3230//3230 3258//3258 3257//3257
f 3230//3230 3231//3231 3258//3258
f 3231//3231 3259//3259 3258//3258
f 3231//3231 3232//3232 3259//3259
f 3232//3232 3260//3260 3259//3259
f 3232//3232 3233//3233 3260//3260
f 3233//3233 3261//3261 3260//3260
f 3233//3233 3234//3234 3261//3261
f 3234//3234 3262//3262 3261//3261
f 3234//3234 3235//3235 3262//3262
f 3235//3235 3263//3263 3262//3262
f 3235//3235 3236//3236 3263//3263
f 3236//3236 3264//3264 3263//3263
f 3236//3236 3237//3237 3264//3264
f 3237//3237 3265//3265 3264//3264
f 3237//3237 3238//3238 3265//3265
f 3238//3238 3266//3266 3265//3265
f 3238//3238 3239//3239 3266//3266
f 3239//3239 3267//3267 3266//3266
f 3239//3239 3240//3240 3267//3267
f 3240//3240 3268//3268 3267//3267
f 3240//3240 3241//3241 3268//3268
f 3241//3241 3269//3269 3268//3268
f 3241//3241 3242//3242 3269//3269
f 3242//3242 3270//3270 3269//3269
f 3242//3242 3243//3243 3270//3270
f 3243//3243 3271//3271 3270//3270
f 3243//3243 3244//3244 3271//3271
f 3244//3244 3272//3272 3271//3271
f 3244//3244 3245//3245 3272//3272
f 3245//3245 3273//3273 3272//3272
f 3245//3245 3246//3246 3273//3273
f 3246//3246 3274//3274 3273//3273
f 3246//3246 3247//3247 3274//3274
f 3247//3247 3275//3275 3274//3274
f 3247//3247 3248//3248 3275//3275
f 3248//3248 3276//3276 3275//3275
f 3248//3248 3221//3221 3276//3276
f 3221//3221 3249//3249 3276//3276
f 3249//3249 3250//3250 3277//3277
f 3250//3250 3278//3278 3277//3277
f 3250//3250 3251//3251 3278//3278
f 3251//3251 3279//3279 3278//3278
f 3251//3251 3252//3252 3279//3279
f 3252//3252 3280//3280 3279//3279
f 3252//3252 3253//3253 3280//3280
f 3253//3253 3281//3281 3280//3280
f 3253//3253 3254//3254 3281//3281
f 3254//3254 3282//3282 3281//3281
f 3254//3254 3255//3255 3282//3282
f 3255//3255 3283//3283 3282//3282
f 3255//3255 3256//3256 3283//3283
f 3256//3256 3284//3284 3283//3283
f 3256//3256 3257//3257 3284//3284
f 3257//3257 3285//3285 3284//3284
f 3257//3257 3258//3258 3285//3285
f 3258//3258 3286//3286 3285//3285
f 3258//3258 3259//3259 3286//3286
f 3259//3259 3287//3287 3286//3286
f 3259//3259 3260//3260 3287//3287
f 3260//3260 3288//3288 3287//3287
f 3260//3260 3261//3261 3288//3288
f 3261//3261 3289//3289 3288//3288
f 3261//3261 3262//3262 3289//3289
f 3262//3262 3290//3290 3289//3289
f 3262//3262 3263//3263 3290//3290
f 3263//3263 3291//3291 3290//3290
f 3263//3263 3264//3264 3291//3291
f 3264//3264 3292//3292 3291//3291
f 3264//3264 3265//3265 3292//3292
f 3265//3265 3293//3293 3292//3292
f 3265//3265 3266//3266 3293//3293
f 3266//3266 3294//3294 3293//3293
f 3266//3266 3267//3267 3294//3294
f 3267//3267 3295//3295 3294//3294
f 3267//3267 3268//3268 3295//3295
f 3268//3268 3296//3296 3295//3295
f 3268//3268 3269//3269 3296//3296
f 3269//3269 3297//3297 3296//3296
f 3269//3269 3270//3270 3297//3297
f 3270//3270 3298//3298 3297//3297
f 3270//3270 3271//3271 3298//3298
f 3271//3271 3299//3299 3298//3298
f 3271//3271 3272//3272 3299//3299
f 3272//3272 3300//3300 3299//3299
f 3272//3272 3273//3273 3300//3300
f 3273//3273 3301//3301 3300//3300
f 3273//3273 3274//3274 3301//3301
f 3274//3274 3302//3302 3301//3301
f 3274//3274 3275//3275 3302//3302
f 3275//3275 3303//3303 3302//3302
f 3275//3275 3276//3276 3303//3303
f 3276//3276 3304//3304 3303//3303
f 3276//3276 3249//3249 3304//3304
f 3249//3249 3277//3277 3304//3304
f 3277//3277 3278//3278 3305//3305
f 3278//3278 3306//3306 3305//3305
f 3278//3278 3279//3279 3306//3306
f 3279//3279 3307//3307 3306//3306
f 3279//3279 3280//3280 3307//3307
f 3280//3280 3308//3308 3307//3307
f 3280//3280 3281//3281 3308//3308
f 3281//3281 3309//3309 3308//3308
f 3281//3281 3282//3282 3309//3309
f 3282//3282 3310//3310 3309//3309
f 3282//3282 3283//3283 3310//3310
f 3283//3283 3311//3311 3310//3310
f 3283//3283 3284//3284 3311//3311
f 3284//3284 3312//3312 3311//3311
f 3284//3284 3285//3285 3312//3312
f 3285//3285 3313//3313 3312//3312
f 3285//3285 3286//3286 3313//3313
f 3286//3286 3314//3314 3313//3313
f 3286//3286 3287//3287 3314//3314
f 3287//3287 3315//3315 3314//3314
f 3287//3287 3288//3288 3315//3315
f 3288//3288 3316//3316 3315//3315
f 3288//3288 3289//3289 3316//3316
f 3289//3289 3317//3317 3316//3316
f 3289//3289 3290//3290 3317//3317
f 3290//3290 3318//3318 3317//3317
f 3290//3290 3291//3291 3318//3318
f 3291//3291 3319//3319 3318//3318
f 3291//3291 3292//3292 3319//3319
f 3292//3292 3320//3320 3319//3319
f 3292//3292 3293//3293 3320//3320
f 3293//3293 3321//3321 3320//3320
f 3293//3293 3294//3294 3321//3321
f 3294//3294 3322//3322 3321//3321
f 3294//3294 3295//3295 3322//3322
f 3295//3295 3323//3323 3322//3322
f 3295//3295 3296//3296 3323//3323
f 3296//3296 3324//3324 3323//3323
f 3296//3296 3297//3297 3324//3324
f 3297//3297 3325//3325 3324//3324
f 3297//3297 3298//3298 3325//3325
f 3298//3298 3326//3326 3325//3325
f 3298//3298 3299//3299 3326//3326
f 3299//3299 3327//3327 3326//3326
f 3299//3299 3300//3300 3327//3327
f 3300//3300 3328//3328 3327//3327
f 3300//3300 3301//3301 3328//3328
f 3301//3301 3329//3329 3328//3328
f 3301//3301 3302//3302 3329//3329
f 3302//3302 3330//3330 3329//3329
f 3302//3302 3303//3303 3330//3330
f 3303//3303 3331//3331 3330//3330
f 3303//3303 3304//3304 3331//3331
f 3304//3304 3332//3332 3331//3331
f 3304//3304 3277//3277 3332//3332
f 3277//3277 3305//3305 3332//3332
f 3305//3305 3306//3306 3333//3333
f 3306//3306 3334//3334 3333//3333
f 3306//3306 3307//3307 3334//3334
f 3307//3307 3335//3335 3334//3334
f 3307//3307 3308//3308 3335//3335
f 3308//3308 3336//3336 3335//3335
f 3308//3308 3309//3309 3336//3336
f 3309//3309 3337//3337 3336//3336
f 3309//3309 3310//3310 3337//3337
f 3310//3310 3338//3338 3337//3337
f 3310//3310 3311//3311 3338//3338
f 3311//3311 3339//3339 3338//3338
f 3311//3311 3312//3312 3339//3339
f 3312//3312 3340//3340 3339//3339
f 3312//3312 3313//3313 3340//3340
f 3313//3313 3341//3341 3340//3340
f 3313//3313 3314//3314 3341//3341
f 3314//3314 3342//3342 3341//3341
f 3314//3314 3315//3315 3342//3342
f 3315//3315 3343//3343 3342//3342
f 3315//3315 3316//3316 3343//3343
f 3316//3316 3344//3344 3343//3343
f 3316//3316 3317//3317 3344//3344
f 3317//3317 3345//3345 3344//3344
f 3317//3317 3318//3318 3345//3345
f 3318//3318 3346//3346 3345//3345
f 3318//3318 3319//3319 3346//3346
f 3319//3319 3347//3347 3346//3346
f 3319//3319 3320//3320 3347//3347
f 3320//3320 3348//3348 3347//3347
f 3320//3320 3321//3321 3348//3348
f 3321//3321 3349//3349 3348//3348
f 3321//3321 3322//3322 3349//3349
f 3322//3322 3350//3350 3349//3349
f 3322//3322 3323//3323 3350//3350
f 3323//3323 3351//3351 3350//3350
f 3323//3323 3324//3324 3351//3351
f 3324//3324 3352//3352 3351//3351
f 3324//3324 3325//3325 3352//3352
f 3325//3325 3353//3353 3352//3352
f 3325//3325 3326//3326 3353//3353
f 3326//3326 3354//3354 3353//3353
f 3326//3326 3327//3327 3354//3354
f 3327//3327 3355//3355 3354//3354
f 3327//3327 3328//3328 3355//3355
f 3328//3328 3356//3356 3355//3355
f 3328//3328 3329//3329 3356//3356
f 3329//3329 3357//3357 3356//3356
f 3329//3329 3330//3330 3357//3357
f 3330//3330 3358//3358 3357//3357
f 3330//3330 3331//3331 3358//3358
f 3331//3331 3359//3359 3358//3358
f 3331//3331 3332//3332 3359//3359
f 3332//3332 3360//3360 3359//3359
f 3332//3332 3305//3305 3360//3360
f 3305//3305 3333//3333 3360//3360
f 3333//3333 3334//3334 3361//3361
f 3334//3334 3362//3362 3361//3361
f 3334//3334 3335//3335 3362//3362
f 3335//3335 3363//3363 3362//3362
f 3335//3335 3336//3336 3363//3363
f 3336//3336 3364//3364 3363//3363
f 3336//3336 3337//3337 3364//3364
f 3337//3337 3365//3365 3364//3364
f 3337//3337 3338//3338 3365//3365
f 3338//3338 3366//3366 3365//3365
f 3338//3338 3339//3339 3366//3366
f 3339//3339 3367//3367 3366//3366
f 3339//3339 3340//3340 3367//3367
f 3340//3340 3368//3368 3367//3367
f 3340//3340 3341//3341 3368//3368
f 3341//3341 3369//3369 3368//3368
f 3341//3341 3342//3342 3369//3369
f 3342//3342 3370//3370 3369//3369
f 3342//3342 3343//3343 3370//3370
f 3343//3343 3371//3371 3370//3370
f 3343//3343 3344//3344 3371//3371
f 3344//3344 3372//3372 3371//3371
f 3344//3344 3345//3345 3372//3372
f 3345//3345 3373//3373 3372//3372
f 3345//3345 3346//3346 3373//3373
f 3346//3346 3374//3374 3373//3373
f 3346//3346 3347//3347 3374//3374
f 3347//3347 3375//3375 3374//3374
f 3347//3347 3348//3348 3375//3375
f 3348//3348 3376//3376 3375//3375
f 3348//3348 3349//3349 3376//3376
f 3349//3349 3377//3377 3376//3376
f 3349//3349 3350//3350 3377//3377
f 3350//3350 3378//3378 3377//3377
f 3350//3350 3351//3351 3378//3378
f 3351//3351 3379//3379 3378//3378
f 3351//3351 3352//3352 3379//3379
f 3352//3352 3380//3380 3379//3379
f 3352//3352 3353//3353 3380//3380
f 3353//3353 3381//3381 3380//3380
f 3353//3353 3354//3354 3381//3381
f 3354//3354 3382//3382 3381//3381
f 3354//3354 3355//3355 3382//3382
f 3355//3355 3383//3383 3382//3382
f 3355//3355 3356//3356 3383//3383
f 3356//3356 3384//3384 3383//3383
f 3356//3356 3357//3357 3384//3384
f 3357//3357 3385//3385 3384//3384
f 3357//3357 3358//3358 3385//3385
f 3358//3358 3386//3386 3385//3385
f 3358//3358 3359//3359 3386//3386
f 3359//3359 3387//3387 3386//3386
f 3359//3359 3360//3360 3387//3387
f 3360//3360 3388//3388 3387//3387
f 3360//3360 3333//3333 3388//3388
f 3333//3333 3361//3361 3388//3388
f 3361//3361 3362//3362 3389//3389
f 3362//3362 3390//3390 3389//3389
f 3362//3362 3363//3363 3390//3390
f 3363//3363 3391//3391 3390//3390
f 3363//3363 3364//3364 3391//3391
f 3364//3364 3392//3392 3391//3391
f 3364//3364 3365//3365 3392//3392
f 3365//3365 3393//3393 3392//3392
f 3365//3365 3366//3366 3393//3393
f 3366//3366 3394//3394 3393//3393
f 3366//3366 3367//3367 3394//3394
f 3367//3367 3395//3395 3394//3394
f 3367//3367 3368//3368 3395//3395
f 3368//3368 3396//3396 3395//3395
f 3368//3368 3369//3369 3396//3396
f 3369//3369 3397//3397 3396//3396
f 3369//3369 3370//3370 3397//3397
f 3370//3370 3398//3398 3397//3397
f 3370//3370 3371//3371 3398//3398
f 3371//3371 3399//3399 3398//3398
f 3371//3371 3372//3372 3399//3399
f 3372//3372 3400//3400 3399//3399
f 3372//3372 3373//3373 3400//3400
f 3373//3373 3401//3401 3400//3400
f 3373//3373 3374//3374 3401//3401
f 3374//3374 3402//3402 3401//3401
f 3374//3374 3375//3375 3402//3402
f 3375//3375 3403//3403 3402//3402
f 3375//3375 3376//3376 3403//3403
f 3376//3376 3404//3404 3403//3403
f 3376//3376 3377//3377 3404//3404
f 3377//3377 3405//3405 3404//3404
f 3377//3377 3378//3378 3405//3405
f 3378//3378 3406//3406 3405//3405
f 3378//3378 3379//3379 3406//3406
f 3379//3379 3407//3407 3406//3406
f 3379//3379 3380//3380 3407//3407
f 3380//3380 3408//3408 3407//3407
f 3380//3380 3381//3381 3408//3408
f 3381//3381 3409//3409 3408//3408
f 3381//3381 3382//3382 3409//3409
f 3382//3382 3410//3410 3409//3409
f 3382//3382 3383//3383 3410//3410
f 3383//3383 3411//3411 3410//3410
f 3383//3383 3384//3384 3411//3411
f 3384//3384 3412//3412 3411//3411
f 3384//3384 3385//3385 3412//3412
f 3385//3385 3413//3413 3412//3412
f 3385//3385 3386//3386 3413//3413
f 3386//3386 3414//3414 3413//3413
f 3386//3386 3387//3387 3414//3414
f 3387//3387 3415//3415 3414//3414
f 3387//3387 3388//3388 3415//3415
f 3388//3388 3416//3416 3415//3415
f 3388//3388 3361//3361 3416//3416
f 3361//3361 3389//3389 3416//3416
f 3389//3389 3390//3390 3417//3417
f 3390//3390 3418//3418 3417//3417
f 3390//3390 3391//3391 3418//3418
f 3391//3391 3419//3419 3418//3418
f 3391//3391 3392//3392 3419//3419
f 3392//3392 3420//3420 3419//3419
f 3392//3392 3393//3393 3420//3420
f 3393//3393 3421//3421 3420//3420
f 3393//3393 3394//3394 3421//3421
f 3394//3394 3422//3422 3421//3421
f 3394//3394 3395//3395 3422//3422
f 3395//3395 3423//3423 3422//3422
f 3395//3395 3396//3396 3423//3423
f 3396//3396 3424//3424 3423//3423
f 3396//3396 3397//3397 3424//3424
f 3397//3397 3425//3425 3424//3424
f 3397//3397 3398//3398 3425//3425
f 3398//3398 3426//3426 3425//3425
f 3398//3398 3399//3399 3426//3426
f 3399//3399 3427//3427 3426//3426
f 3399//3399 3400//3400 3427//3427
f 3400//3400 3428//3428 3427//3427
f 3400//3400 3401//3401 3428//3428
f 3401//3401 3429//3429 3428//3428
f 3401//3401 3402//3402 3429//3429
f 3402//3402 3430//3430 3429//3429
f 3402//3402 3403//3403 3430//3430
f 3403//3403 3431//3431 3430//3430
f 3403//3403 3404//3404 3431//3431
f 3404//3404 3432//3432 3431//3431
f 3404//3404 3405//3405 3432//3432
f 3405//3405 3433//3433 3432//3432
f 3405//3405 3406//3406 3433//3433
f 3406//3406 3434//3434 3433//3433
f 3406//3406 3407//3407 3434//3434
f 3407//3407 3435//3435 3434//3434
f 3407//3407 3408//3408 3435//3435
f 3408//3408 3436//3436 3435//3435
f 3408//3408 3409//3409 3436//3436
f 3409//3409 3437//3437 3436//3436
f 3409//3409 3410//3410 3437//3437
f 3410//3410 3438//3438 3437//3437
f 3410//3410 3411//3411 3438//3438
f 3411//3411 3439//3439 3438//3438
f 3411//3411 3412//3412 3439//3439
f 3412//3412 3440//3440 3439//3439
f 3412//3412 3413//3413 3440//3440
f 3413//3413 3441//3441 3440//3440
f 3413//3413 3414//3414 3441//3441
f 3414//3414 3442//3442 3441//3441
f 3414//3414 3415//3415 3442//3442
f 3415//3415 3443//3443 3442//3442
f 3415//3415 3416//3416 3443//3443
f 3416//3416 3444//3444 3443//3443
f 3416//3416 3389//3389 3444//3444
f 3389//3389 3417//3417 3444//3444
f 3417//3417 3418//3418 3445//3445
f 3418//3418 3446//3446 3445//3445
f 3418//3418 3419//3419 3446//3446
f 3419//3419 3447//3447 3446//3446
f 3419//3419 3420//3420 3447//3447
f 3420//3420 3448//3448 3447//3447
f 3420//3420 3421//3421 3448//3448
f 3421//3421 3449//3449 3448//3448
f 3421//3421 3422//3422 3449//3449
f 3422//3422 3450//3450 3449//3449
f 3422//3422 3423//3423 3450//3450
f 3423//3423 3451//3451 3450//3450
f 3423//3423 3424//3424 3451//3451
f 3424//3424 3452//3452 3451//3451
f 3424//3424 3425//3425 3452//3452
f 3425//3425 3453//3453 3452//3452
f 3425//3425 3426//3426 3453//3453
f 3426//3426 3454//3454 3453//3453
f 3426//3426 3427//3427 3454//3454
f 3427//3427 3455//3455 3454//3454
f 3427//3427 3428//3428 3455//3455
f 3428//3428 3456//3456 3455//3455
f 3428//3428 3429//3429 3456//3456
f 3429//3429 3457//3457 3456//3456
f 3429//3429 3430//3430 3457//3457
f 3430//3430 3458//3458 3457//3457
f 3430//3430 3431//3431 3458//3458
f 3431//3431 3459//3459 3458//3458
f 3431//3431 3432//3432 3459//3459
f 3432//3432 3460//3460 3459//3459
f 3432//3432 3433//3433 3460//3460
f 3433//3433 3461//3461 3460//3460
f 3433//3433 3434//3434 3461//3461
f 3434//3434 3462//3462 3461//3461
f 3434//3434 3435//3435 3462//3462
f 3435//3435 3463//3463 3462//3462
f 3435//3435 3436//3436 3463//3463
f 3436//3436 3464//3464 3463//3463
f 3436//3436 3437//3437 3464//3464
f 3437//3437 3465//3465 3464//3464
f 3437//3437 3438//3438 3465//3465
f 3438//3438 3466//3466 3465//3465
f 3438//3438 3439//3439 3466//3466
f 3439//3439 3467//3467 3466//3466
f 3439//3439 3440//3440 3467//3467
f 3440//3440 3468//3468 3467//3467
f 3440//3440 3441//3441 3468//3468
f 3441//3441 3469//3469 3468//3468
f 3441//3441 3442//3442 3469//3469
f 3442//3442 3470//3470 3469//3469
f 3442//3442 3443//3443 3470//3470
f 3443//3443 3471//3471 3470//3470
f 3443//3443 3444//3444 3471//3471
f 3444//3444 3472//3472 3471//3471
f 3444//3444 3417//3417 3472//3472
f 3417//3417 3445//3445 3472//3472
f 3445//3445 3446//3446 3473//3473
f 3446//3446 3474//3474 3473//3473
f 3446//3446 3447//3447 3474//3474
f 3447//3447 3475//3475 3474//3474
f 3447//3447 3448//3448 3475//3475
f 3448//3448 3476//3476 3475//3475
f 3448//3448 3449//3449 3476//3476
f 3449//3449 3477//3477 3476//3476
f 3449//3449 3450//3450 3477//3477
f 3450//3450 3478//3478 3477//3477
f 3450//3450 3451//3451 3478//3478
f 3451//3451 3479//3479 3478//3478
f 3451//3451 3452//3452 3479//3479
f 3452//3452 3480//3480 3479//3479
f 3452//3452 3453//3453 3480//3480
f 3453//3453 3481//3481 3480//3480
f 3453//3453 3454//3454 3481//3481
f 3454//3454 3482//3482 3481//3481
f 3454//3454 3455//3455 3482//3482
f 3455//3455 3483//3483 3482//3482
f 3455//3455 3456//3456 3483//3483
f 3456//3456 3484//3484 3483//3483
f 3456//3456 3457//3457 3484//3484
f 3457//3457 3485//3485 3484//3484
f 3457//3457 3458//3458 3485//3485
f 3458//3458 3486//3486 3485//3485
f 3458//3458 3459//3459 3486//3486
f 3459//3459 3487//3487 3486//3486
f 3459//3459 3460//3460 3487//3487
f 3460//3460 3488//3488 3487//3487
f 3460//3460 3461//3461 3488//3488
f 3461//3461 3489//3489 3488//3488
f 3461//3461 3462//3462 3489//3489
f 3462//3462 3490//3490 3489//3489
f 3462//3462 3463//3463 3490//3490
f 3463//3463 3491//3491 3490//3490
f 3463//3463 3464//3464 3491//3491
f 3464//3464 3492//3492 3491//3491
f 3464//3464 3465//3465 3492//3492
f 3465//3465 3493//3493 3492//3492
f 3465//3465 3466//3466 3493//3493
f 3466//3466 3494//3494 3493//3493
f 3466//3466 3467//3467 3494//3494
f 3467//3467 3495//3495 3494//3494
f 3467//3467 3468//3468 3495//3495
f 3468//3468 3496//3496 3495//3495
f 3468//3468 3469//3469 3496//3496
f 3469//3469 3497//3497 3496//3496
f 3469//3469 3470//3470 3497//3497
f 3470//3470 3498//3498 3497//3497
f 3470//3470 3471//3471 3498//3498
f 3471//3471 3499//3499 3498//3498
f 3471//3471 3472//3472 3499//3499
f 3472//3472 3500//3500 3499//3499
f 3472//3472 3445//3445 3500//3500
f 3445//3445 3473//3473 3500//3500
f 3473//3473 3474//3474 3501//3501
f 3474//3474 3502//3502 3501//3501
f 3474//3474 3475//3475 3502//3502
f 3475//3475 3503//3503 3502//3502
f 3475//3475 3476//3476 3503//3503
f 3476//3476 3504//3504 3503//3503
f 3476//3476 3477//3477 3504//3504
f 3477//3477 3505//3505 3504//3504
f 3477//3477 3478//3478 3505//3505
f 3478//3478 3506//3506 3505//3505
f 3478//3478 3479//3479 3506//3506
f 3479//3479 3507//3507 3506//3506
f 3479//3479 3480//3480 3507//3507
f 3480//3480 3508//3508 3507//3507
f 3480//3480 3481//3481 3508//3508
f 3481//3481 3509//3509 3508//3508
f 3481//3481 3482//3482 3509//3509
f 3482//3482 3510//3510 3509//3509
f 3482//3482 3483//3483 3510//3510
f 3483//3483 3511//3511 3510//3510
f 3483//3483 3484//3484 3511//3511
f 3484//3484 3512//3512 3511//3511
f 3484//3484 3485//3485 3512//3512
f 3485//3485 3513//3513 3512//3512
f 3485//3485 3486//3486 3513//3513
f 3486//3486 3514//3514 3513//3513
f 3486//3486 3487//3487 3514//3514
f 3487//3487 3515//3515 3514//3514
f 3487//3487 3488//3488 3515//3515
f 3488//3488 3516//3516 3515//3515
f 3488//3488 3489//3489 3516//3516
f 3489//3489 3517//3517 3516//3516
f 3489//3489 3490//3490 3517//3517
f 3490//3490 3518//3518 3517//3517
f 3490//3490 3491//3491 3518//3518
f 3491//3491 3519//3519 3518//3518
f 3491//3491 3492//3492 3519//3519
f 3492//3492 3520//3520 3519//3519
f 3492//3492 3493//3493 3520//3520
f 3493//3493 3521//3521 3520//3520
f 3493//3493 3494//3494 3521//3521
f 3494//3494 3522//3522 3521//3521
f 3494//3494 3495//3495 3522//3522
f 3495//3495 3523//3523 3522//3522
f 3495//3495 3496//3496 3523//3523
f 3496//3496 3524//3524 3523//3523
f 3496//3496 3497//3497 3524//3524
f 3497//3497 3525//3525 3524//3524
f 3497//3497 3498//3498 3525//3525
f 3498//3498 3526//3526 3525//3525
f 3498//3498 3499//3499 3526//3526
f 3499//3499 3527//3527 3526//3526
f 3499//3499 3500//3500 3527//3527
f 3500//3500 3528//3528 3527//3527
f 3500//3500 3473//3473 3528//3528
f 3473//3473 3501//3501 3528//3528
f 3501//3501 3502//3502 3529//3529
f 3502//3502 3530//3530 3529//3529
f 3502//3502 3503//3503 3530//3530
f 3503//3503 3531//3531 3530//3530
f 3503//3503 3504//3504 3531//3531
f 3504//3504 3532//3532 3531//3531
f 3504//3504 3505//3505 3532//3532
f 3505//3505 3533//3533 3532//3532
f 3505//3505 3506//3506 3533//3533
f 3506//3506 3534//3534 3533//3533
f 3506//3506 3507//3507 3534//3534
f 3507//3507 3535//3535 3534//3534
f 3507//3507 3508//3508 3535//3535
f 3508//3508 3536//3536 3535//3535
f 3508//3508 3509//3509 3536//3536
f 3509//3509 3537//3537 3536//3536
f 3509//3509 3510//3510 3537//3537
f 3510//3510 3538//3538 3537//3537
f 3510//3510 3511//3511 3538//3538
f 3511//3511 3539//3539 3538//3538
f 3511//3511 3512//3512 3539//3539
f 3512//3512 3540//3540 3539//3539
f 3512//3512 3513//3513 3540//3540
f 3513//3513 3541//3541 3540//3540
f 3513//3513 3514//3514 3541//3541
f 3514//3514 3542//3542 3541//3541
f 3514//3514 3515//3515 3542//3542
f 3515//3515 3543//3543 3542//3542
f 3515//3515 3516//3516 3543//3543
f 3516//3516 3544//3544 3543//3543
f 3516//3516 3517//3517 3544//3544
f 3517//3517 3545//3545 3544//3544
f 3517//3517 3518//3518 3545//3545
f 3518//3518 3546//3546 3545//3545
f 3518//3518 3519//3519 3546//3546
f 3519//3519 3547//3547 3546//3546
f 3519//3519 3520//3520 3547//3547
f 3520//3520 3548//3548 3547//3547
f 3520//3520 3521//3521 3548//3548
f 3521//3521 3549//3549 3548//3548
f 3521//3521 3522//3522 3549//3549
f 3522//3522 3550//3550 3549//3549
f 3522//3522 3523//3523 3550//3550
f 3523//3523 3551//3551 3550//3550
f 3523//3523 3524//3524 3551//3551
f 3524//3524 3552//3552 3551//3551
f 3524//3524 3525//3525 3552//3552
f 3525//3525 3553//3553 3552//3552
f 3525//3525 3526//3526 3553//3553
f 3526//3526 3554//3554 3553//3553
f 3526//3526 3527//3527 3554//3554
f 3527//3527 3555//3555 3554//3554
f 3527//3527 3528//3528 3555//3555
f 3528//3528 3556//3556 3555//3555
f 3528//3528 3501//3501 3556//3556
f 3501//3501 3529//3529 3556//3556
f 3529//3529 3530//3530 3557//3557
f 3530//3530 3558//3558 3557//3557
f 3530//3530 3531//3531 3558//3558
f 3531//3531 3559//3559 3558//3558
f 3531//3531 3532//3532 3559//3559
f 3532//3532 3560//3560 3559//3559
f 3532//3532 3533//3533 3560//3560
f 3533//3533 3561//3561 3560//3560
f 3533//3533 3534//3534 3561//3561
f 3534//3534 3562//3562 3561//3561
f 3534//3534 3535//3535 3562//3562
f 3535//3535 3563//3563 3562//3562
f 3535//3535 3536//3536 3563//3563
f 3536//3536 3564//3564 3563//3563
f 3536//3536 3537//3537 3564//3564
f 3537//3537 3565//3565 3564//3564
f 3537//3537 3538//3538 3565//3565
f 3538//3538 3566//3566 3565//3565
f 3538//3538 3539//3539 3566//3566
f 3539//3539 3567//3567 3566//3566
f 3539//3539 3540//3540 3567//3567
f 3540//3540 3568//3568 3567//3567
f 3540//3540 3541//3541 3568//3568
f 3541//3541 3569//3569 3568//3568
f 3541//3541 3542//3542 3569//3569
f 3542//3542 3570//3570 3569//3569
f 3542//3542 3543//3543 3570//3570
f 3543//3543 3571//3571 3570//3570
f 3543//3543 3544//3544 3571//3571
f 3544//3544 3572//3572 3571//3571
f 3544//3544 3545//3545 3572//3572
f 3545//3545 3573//3573 3572//3572
f 3545//3545 3546//3546 3573//3573
f 3546//3546 3574//3574 3573//3573
f 3546//3546 3547//3547 3574//3574
f 3547//3547 3575//3575 3574//3574
f 3547//3547 3548//3548 3575//3575
f 3548//3548 3576//3576 3575//3575
f 3548//3548 3549//3549 3576//3576
f 3549//3549 3577//3577 3576//3576
f 3549//3549 3550//3550 3577//3577
f 3550//3550 3578//3578 3577//3577
f 3550//3550 3551//3551 3578//3578
f 3551//3551 3579//3579 3578//3578
f 3551//3551 3552//3552 3579//3579
f 3552//3552 3580//3580 3579//3579
f 3552//3552 3553//3553 3580//3580
f 3553//3553 3581//3581 3580//3580
f 3553//3553 3554//3554 3581//3581
f 3554//3554 3582//3582 3581//3581
f 3554//3554 3555//3555 3582//3582
f 3555//3555 3583//3583 3582//3582
f 3555//3555 3556//3556 3583//3583
f 3556//3556 3584//3584 3583//3583
f 3556//3556 3529//3529 3584//3584
f 3529//3529 3557//3557 3584//3584
f 3557//3557 3558//3558 3585//3585
f 3558//3558 3586//3586 3585//3585
f 3558//3558 3559//3559 3586//3586
f 3559//3559 3587//3587 3586//3586
f 3559//3559 3560//3560 3587//3587
f 3560//3560 3588//3588 3587//3587
f 3560//3560 3561//3561 3588//3588
f 3561//3561 3589//3589 3588//3588
f 3561//3561 3562//3562 3589//3589
f 3562//3562 3590//3590 3589//3589
f 3562//3562 3563//3563 3590//3590
f 3563//3563 3591//3591 3590//3590
f 3563//3563 3564//3564 3591//3591
f 3564//3564 3592//3592 3591//3591
f 3564//3564 3565//3565 3592//3592
f 3565//3565 3593//3593 3592//3592
f 3565//3565 3566//3566 3593//3593
f 3566//3566 3594//3594 3593//3593
f 3566//3566 3567//3567 3594//3594
f 3567//3567 3595//3595 3594//3594
f 3567//3567 3568//3568 3595//3595
f 3568//3568 3596//3596 3595//3595
f 3568//3568 3569//3569 3596//3596
f 3569//3569 3597//3597 3596//3596
f 3569//3569 3570//3570 3597//3597
f 3570//3570 3598//3598 3597//3597
f 3570//3570 3571//3571 3598//3598
f 3571//3571 3599//3599 3598//3598
f 3571//3571 3572//3572 3599//3599
f 3572//3572 3600//3600 3599//3599
f 3572//3572 3573//3573 3600//3600
f 3573//3573 3601//3601 3600//3600
f 3573//3573 3574//3574 3601//3601
f 3574//3574 3602//3602 3601//3601
f 3574//3574 3575//3575 3602//3602
f 3575//3575 3603//3603 3602//3602
f 3575//3575 3576//3576 3603//3603
f 3576//3576 3604//3604 3603//3603
f 3576//3576 3577//3577 3604//3604
f 3577//3577 3605//3605 3604//3604
f 3577//3577 3578//3578 3605//3605
f 3578//3578 3606//3606 3605//3605
f 3578//3578 3579//3579 3606//3606
f 3579//3579 3607//3607 3606//3606
f 3579//3579 3580//3580 3607//3607
f 3580//3580 3608//3608 3607//3607
f 3580//3580 3581//3581 3608//3608
f 3581//3581 3609//3609 3608//3608
f 3581//3581 3582//3582 3609//3609
f 3582//3582 3610//3610 3609//3609
f 3582//3582 3583//3583 3610//3610
f 3583//3583 3611//3611 3610//3610
f 3583//3583 3584//3584 3611//3611
f 3584//3584 3612//3612 3611//3611
f 3584//3584 3557//3557 3612//3612
f 3557//3557 3585//3585 3612//3612
f 3585//3585 3586//3586 3613//3613
f 3586//3586 3614//3614 3613//3613
f 3586//3586 3587//3587 3614//3614
f 3587//3587 3615//3615 3614//3614
f 3587//3587 3588//3588 3615//3615
f 3588//3588 3616//3616 3615//3615
f 3588//3588 3589//3589 3616//3616
f 3589//3589 3617//3617 3616//3616
f 3589//3589 3590//3590 3617//3617
f 3590//3590 3618//3618 3617//3617
f 3590//3590 3591//3591 3618//3618
f 3591//3591 3619//3619 3618//3618
f 3591//3591 3592//3592 3619//3619
f 3592//3592 3620//3620 3619//3619
f 3592//3592 3593//3593 3620//3620
f 3593//3593 3621//3621 3620//3620
f 3593//3593 3594//3594 3621//3621
f 3594//3594 3622//3622 3621//3621
f 3594//3594 3595//3595 3622//3622
f 3595//3595 3623//3623 3622//3622
f 3595//3595 3596//3596 3623//3623
f 3596//3596 3624//3624 3623//3623
f 3596//3596 3597//3597 3624//3624
f 3597//3597 3625//3625 3624//3624
f 3597//3597 3598//3598 3625//3625
f 3598//3598 3626//3626 3625//3625
f 3598//3598 3599//3599 3626//3626
f 3599//3599 3627//3627 3626//3626
f 3599//3599 3600//3600 3627//3627
f 3600//3600 3628//3628 3627//3627
f 3600//3600 3601//3601 3628//3628
f 3601//3601 3629//3629 3628//3628
f 3601//3601 3602//3602 3629//3629
f 3602//3602 3630//3630 3629//3629
f 3602//3602 3603//3603 3630//3630
f 3603//3603 3631//3631 3630//3630
f 3603//3603 3604//3604 3631//3631
f 3604//3604 3632//3632 3631//3631
f 3604//3604 3605//3605 3632//3632
f 3605//3605 3633//3633 3632//3632
f 3605//3605 3606//3606 3633//3633
f 3606//3606 3634//3634 3633//3633
f 3606//3606 3607//3607 3634//3634
f 3607//3607 3635//3635 3634//3634
f 3607//3607 3608//3608 3635//3635
f 3608//3608 3636//3636 3635//3635
f 3608//3608 3609//3609 3636//3636
f 3609//3609 3637//3637 3636//3636
f 3609//3609 3610//3610 3637//3637
f 3610//3610 3638//3638 3637//3637
f 3610//3610 3611//3611 3638//3638
f 3611//3611 3639//3639 3638//3638
f 3611//3611 3612//3612 3639//3639
f 3612//3612 3640//3640 3639//3639
f 3612//3612 3585//3585 3640//3640
f 3585//3585 3613//3613 3640//3640
f 3613//3613 3614//3614 3641//3641
f 3614//3614 3642//3642 3641//3641
f 3614//3614 3615//3615 3642//3642
f 3615//3615 3643//3643 3642//3642
f 3615//3615 3616//3616 3643//3643
f 3616//3616 3644//3644 3643//3643
f 3616//3616 3617//3617 3644//3644
f 3617//3617 3645//3645 3644//3644
f 3617//3617 3618//3618 3645//3645
f 3618//3618 3646//3646 3645//3645
f 3618//3618 3619//3619 3646//3646
f 3619//3619 3647//3647 3646//3646
f 3619//3619 3620//3620 3647//3647
f 3620//3620 3648//3648 3647//3647
f 3620//3620 3621//3621 3648//3648
f 3621//3621 3649//3649 3648//3648
f 3621//3621 3622//3622 3649//3649
f 3622//3622 3650//3650 3649//3649
f 3622//3622 3623//3623 3650//3650
f 3623//3623 3651//3651 3650//3650
f 3623//3623 3624//3624 3651//3651
f 3624//3624 3652//3652 3651//3651
f 3624//3624 3625//3625 3652//3652
f 3625//3625 3653//3653 3652//3652
f 3625//3625 3626//3626 3653//3653
f 3626//3626 3654//3654 3653//3653
f 3626//3626 3627//3627 3654//3654
f 3627//3627 3655//3655 3654//3654
f 3627//3627 3628//3628 3655//3655
f 3628//3628 3656//3656 3655//3655
f 3628//3628 3629//3629 3656//3656
f 3629//3629 3657//3657 3656//3656
f 3629//3629 3630//3630 3657//3657
f 3630//3630 3658//3658 3657//3657
f 3630//3630 3631//3631 3658//3658
f 3631//3631 3659//3659 3658//3658
f 3631//3631 3632//3632 3659//3659
f 3632//3632 3660//3660 3659//3659
f 3632//3632 3633//3633 3660//3660
f 3633//3633 3661//3661 3660//3660
f 3633//3633 3634//3634 3661//3661
f 3634//3634 3662//3662 3661//3661
f 3634//3634 3635//3635 3662//3662
f 3635//3635 3663//3663 3662//3662
f 3635//3635 3636//3636 3663//3663
f 3636//3636 3664//3664 3663//3663
f 3636//3636 3637//3637 3664//3664
f 3637//3637 3665//3665 3664//3664
f 3637//3637 3638//3638 3665//3665
f 3638//3638 3666//3666 3665//3665
f 3638//3638 3639//3639 3666//3666
f 3639//3639 3667//3667 3666//3666
f 3639//3639 3640//3640 3667//3667
f 3640//3640 3668//3668 3667//3667
f 3640//3640 3613//3613 3668//3668
f 3613//3613 3641//3641 3668//3668
f 3641//3641 3642//3642 3669//3669
f 3642//3642 3670//3670 3669//3669
f 3642//3642 3643//3643 3670//3670
f 3643//3643 3671//3671 3670//3670
f 3643//3643 3644//3644 3671//3671
f 3644//3644 3672//3672 3671//3671
f 3644//3644 3645//3645 3672//3672
f 3645//3645 3673//3673 3672//3672
f 3645//3645 3646//3646 3673//3673
f 3646//3646 3674//3674 3673//3673
f 3646//3646 3647//3647 3674//3674
f 3647//3647 3675//3675 3674//3674
f 3647//3647 3648//3648 3675//3675
f 3648//3648 3676//3676 3675//3675
f 3648//3648 3649//3649 3676//3676
f 3649//3649 3677//3677 3676//3676
f 3649//3649 3650//3650 3677//3677
f 3650//3650 3678//3678 3677//3677
f 3650//3650 3651//3651 3678//3678
f 3651//3651 3679//3679 3678//3678
f 3651//3651 3652//3652 3679//3679
f 3652//3652 3680//3680 3679//3679
f 3652//3652 3653//3653 3680//3680
f 3653//3653 3681//3681 3680//3680
f 3653//3653 3654//3654 3681//3681
f 3654//3654 3682//3682 3681//3681
f 3654//3654 3655//3655 3682//3682
f 3655//3655 3683//3683 3682//3682
f 3655//3655 3656//3656 3683//3683
f 3656//3656 3684//3684 3683//3683
f 3656//3656 3657//3657 3684//3684
f 3657//3657 3685//3685 3684//3684
f 3657//3657 3658//3658 3685//3685
f 3658//3658 3686//3686 3685//3685
f 3658//3658 3659//3659 3686//3686
f 3659//3659 3687//3687 3686//3686
f 3659//3659 3660//3660 3687//3687
f 3660//3660 3688//3688 3687//3687
f 3660//3660 3661//3661 3688//3688
f 3661//3661 3689//3689 3688//3688
f 3661//3661 3662//3662 3689//3689
f 3662//3662 3690//3690 3689//3689
f 3662//3662 3663//3663 3690//3690
f 3663//3663 3691//3691 3690//3690
f 3663//3663 3664//3664 3691//3691
f 3664//3664 3692//3692 3691//3691
f 3664//3664 3665//3665 3692//3692
f 3665//3665 3693//3693 3692//3692
f 3665//3665 3666//3666 3693//3693
f 3666//3666 3694//3694 3693//3693
f 3666//3666 3667//3667 3694//3694
f 3667//3667 3695//3695 3694//3694
f 3667//3667 3668//3668 3695//3695
f 3668//3668 3696//3696 3695//3695
f 3668//3668 3641//3641 3696//3696
f 3641//3641 3669//3669 3696//3696
f 3669//3669 3670//3670 3697//3697
f 3670//3670 3698//3698 3697//3697
f 3670//3670 3671//3671 3698//3698
f 3671//3671 3699//3699 3698//3698
f 3671//3671 3672//3672 3699//3699
f 3672//3672 3700//3700 3699//3699
f 3672//3672 3673//3673 3700//3700
f 3673//3673 3701//3701 3700//3700
f 3673//3673 3674//3674 3701//3701
f 3674//3674 3702//3702 3701//3701
f 3674//3674 3675//3675 3702//3702
f 3675//3675 3703//3703 3702//3702
f 3675//3675 3676//3676 3703//3703
f 3676//3676 3704//3704 3703//3703
f 3676//3676 3677//3677 3704//3704
f 3677//3677 3705//3705 3704//3704
f 3677//3677 3678//3678 3705//3705
f 3678//3678 3706//3706 3705//3705
f 3678//3678 3679//3679 3706//3706
f 3679//3679 3707//3707 3706//3706
f 3679//3679 3680//3680 3707//3707
f 3680//3680 3708//3708 3707//3707
f 3680//3680 3681//3681 3708//3708
f 3681//3681 3709//3709 3708//3708
f 3681//3681 3682//3682 3709//3709
f 3682//3682 3710//3710 3709//3709
f 3682//3682 3683//3683 3710//3710
f 3683//3683 3711//3711 3710//3710
f 3683//3683 3684//3684 3711//3711
f 3684//3684 3712//3712 3711//3711
f 3684//3684 3685//3685 3712//3712
f 3685//3685 3713//3713 3712//3712
f 3685//3685 3686//3686 3713//3713
f 3686//3686 3714//3714 3713//3713
f 3686//3686 3687//3687 3714//3714
f 3687//3687 3715//3715 3714//3714
f 3687//3687 3688//3688 3715//3715
f 3688//3688 3716//3716 3715//3715
f 3688//3688 3689//3689 3716//3716
f 3689//3689 3717//3717 3716//3716
f 3689//3689 3690//3690 3717//3717
f 3690//3690 3718//3718 3717//3717
f 3690//3690 3691//3691 3718//3718
f 3691//3691 3719//3719 3718//3718
f 3691//3691 3692//3692 3719//3719
f 3692//3692 3720//3720 3719//3719
f 3692//3692 3693//3693 3720//3720
f 3693//3693 3721//3721 3720//3720
f 3693//3693 3694//3694 3721//3721
f 3694//3694 3722//3722 3721//3721
f 3694//3694 3695//3695 3722//3722
f 3695//3695 3723//3723 3722//3722
f 3695//3695 3696//3696 3723//3723
f 3696//3696 3724//3724 3723//3723
f 3696//3696 3669//3669 3724//3724
f 3669//3669 3697//3697 3724//3724
f 3697//3697 3698//3698 3725//3725
f 3698//3698 3726//3726 3725//3725
f 3698//3698 3699//3699 3726//3726
f 3699//3699 3727//3727 3726//3726
f 3699//3699 3700//3700 3727//3727
f 3700//3700 3728//3728 3727//3727
f 3700//3700 3701//3701 3728//3728
f 3701//3701 3729//3729 3728//3728
f 3701//3701 3702//3702 3729//3729
f 3702//3702 3730//3730 3729//3729
f 3702//3702 3703//3703 3730//3730
f 3703//3703 3731//3731 3730//3730
f 3703//3703 3704//3704 3731//3731
f 3704//3704 3732//3732 3731//3731
f 3704//3704 3705//3705 3732//3732
f 3705//3705 3733//3733 3732//3732
f 3705//3705 3706//3706 3733//3733
f 3706//3706 3734//3734 3733//3733
f 3706//3706 3707//3707 3734//3734
f 3707//3707 3735//3735 3734//3734
f 3707//3707 3708//3708 3735//3735
f 3708//3708 3736//3736 3735//3735
f 3708//3708 3709//3709 3736//3736
f 3709//3709 3737//3737 3736//3736
f 3709//3709 3710//3710 3737//3737
f 3710//3710 3738//3738 3737//3737
f 3710//3710 3711//3711 3738//3738
f 3711//3711 3739//3739 3738//3738
f 3711//3711 3712//3712 3739//3739
f 3712//3712 3740//3740 3739//3739
f 3712//3712 3713//3713 3740//3740
f 3713//3713 3741//3741 3740//3740
f 3713//3713 3714//3714 3741//3741
f 3714//3714 3742//3742 3741//3741
f 3714//3714 3715//3715 3742//3742
f 3715//3715 3743//3743 3742//3742
f 3715//3715 3716//3716 3743//3743
f 3716//3716 3744//3744 3743//3743
f 3716//3716 3717//3717 3744//3744
f 3717//3717 3745//3745 3744//3744
f 3717//3717 3718//3718 3745//3745
f 3718//3718 3746//3746 3745//3745
f 3718//3718 3719//3719 3746//3746
f 3719//3719 3747//3747 3746//3746
f 3719//3719 3720//3720 3747//3747
f 3720//3720 3748//3748 3747//3747
f 3720//3720 3721//3721 3748//3748
f 3721//3721 3749//3749 3748//3748
f 3721//3721 3722//3722 3749//3749
f 3722//3722 3750//3750 3749//3749
f 3722//3722 3723//3723 3750//3750
f 3723//3723 3751//3751 3750//3750
f 3723//3723 3724//3724 3751//3751
f 3724//3724 3752//3752 3751//3751
f 3724//3724 3697//3697 3752//3752
f 3697//3697 3725//3725 3752//3752
f 3725//3725 3726//3726 3753//3753
f 3726//3726 3754//3754 3753//3753
f 3726//3726 3727//3727 3754//3754
f 3727//3727 3755//3755 3754//3754
f 3727//3727 3728//3728 3755//3755
f 3728//3728 3756//3756 3755//3755
f 3728//3728 3729//3729 3756//3756
f 3729//3729 3757//3757 3756//3756
f 3729//3729 3730//3730 3757//3757
f 3730//3730 3758//3758 3757//3757
f 3730//3730 3731//3731 3758//3758
f 3731//3731 3759//3759 3758//3758
f 3731//3731 3732//3732 3759//3759
f 3732//3732 3760//3760 3759//3759
f 3732//3732 3733//3733 3760//3760
f 3733//3733 3761//3761 3760//3760
f 3733//3733 3734//3734 3761//3761
f 3734//3734 3762//3762 3761//3761
f 3734//3734 3735//3735 3762//3762
f 3735//3735 3763//3763 3762//3762
f 3735//3735 3736//3736 3763//3763
f 3736//3736 3764//3764 3763//3763
f 3736//3736 3737//3737 3764//3764
f 3737//3737 3765//3765 3764//3764
f 3737//3737 3738//3738 3765//3765
f 3738//3738 3766//3766 3765//3765
f 3738//3738 3739//3739 3766//3766
f 3739//3739 3767//3767 3766//3766
f 3739//3739 3740//3740 3767//3767
f 3740//3740 3768//3768 3767//3767
f 3740//3740 3741//3741 3768//3768
f 3741//3741 3769//3769 3768//3768
f 3741//3741 3742//3742 3769//3769
f 3742//3742 3770//3770 3769//3769
f 3742//3742 3743//3743 3770//3770
f 3743//3743 3771//3771 3770//3770
f 3743//3743 3744//3744 3771//3771
f 3744//3744 3772//3772 3771//3771
f 3744//3744 3745//3745 3772//3772
f 3745//3745 3773//3773 3772//3772
f 3745//3745 3746//3746 3773//3773
f 3746//3746 3774//3774 3773//3773
f 3746//3746 3747//3747 3774//3774
f 3747//3747 3775//3775 3774//3774
f 3747//3747 3748//3748 3775//3775
f 3748//3748 3776//3776 3775//3775
f 3748//3748 3749//3749 3776//3776
f 3749//3749 3777//3777 3776//3776
f 3749//3749 3750//3750 3777//3777
f 3750//3750 3778//3778 3777//3777
f 3750//3750 3751//3751 3778//3778
f 3751//3751 3779//3779 3778//3778
f 3751//3751 3752//3752 3779//3779
f 3752//3752 3780//3780 3779//3779
f 3752//3752 3725//3725 3780//3780
f 3725//3725 3753//3753 3780//3780
f 3753//3753 3754//3754 3781//3781
f 3754//3754 3782//3782 3781//3781
f 3754//3754 3755//3755 3782//3782
f 3755//3755 3783//3783 3782//3782
f 3755//3755 3756//3756 3783//3783
f 3756//3756 3784//3784 3783//3783
f 3756//3756 3757//3757 3784//3784
f 3757//3757 3785//3785 3784//3784
f 3757//3757 3758//3758 3785//3785
f 3758//3758 3786//3786 3785//3785
f 3758//3758 3759//3759 3786//3786
f 3759//3759 3787//3787 3786//3786
f 3759//3759 3760//3760 3787//3787
f 3760//3760 3788//3788 3787//3787
f 3760//3760 3761//3761 3788//3788
f 3761//3761 3789//3789 3788//3788
f 3761//3761 3762//3762 3789//3789
f 3762//3762 3790//3790 3789//3789
f 3762//3762 3763//3763 3790//3790
f 3763//3763 3791//3791 3790//3790
f 3763//3763 3764//3764 3791//3791
f 3764//3764 3792//3792 3791//3791
f 3764//3764 3765//3765 3792//3792
f 3765//3765 3793//3793 3792//3792
f 3765//3765 3766//3766 3793//3793
f 3766//3766 3794//3794 3793//3793
f 3766//3766 3767//3767 3794//3794
f 3767//3767 3795//3795 3794//3794
f 3767//3767 3768//3768 3795//3795
f 3768//3768 3796//3796 3795//3795
f 3768//3768 3769//3769 3796//3796
f 3769//3769 3797//3797 3796//3796
f 3769//3769 3770//3770 3797//3797
f 3770//3770 3798//3798 3797//3797
f 3770//3770 3771//3771 3798//3798
f 3771//3771 3799//3799 3798//3798
f 3771//3771 3772//3772 3799//3799
f 3772//3772 3800//3800 3799//3799
f 3772//3772 3773//3773 3800//3800
f 3773//3773 3801//3801 3800//3800
f 3773//3773 3774//3774 3801//3801
f 3774//3774 3802//3802 3801//3801
f 3774//3774 3775//3775 3802//3802
f 3775//3775 3803//3803 3802//3802
f 3775//3775 3776//3776 3803//3803
f 3776//3776 3804//3804 3803//3803
f 3776//3776 3777//3777 3804//3804
f 3777//3777 3805//3805 3804//3804
f 3777//3777 3778//3778 3805//3805
f 3778//3778 3806//3806 3805//3805
f 3778//3778 3779//3779 3806//3806
f 3779//3779 3807//3807 3806//3806
f 3779//3779 3780//3780 3807//3807
f 3780//3780 3808//3808 3807//3807
f 3780//3780 3753//3753 3808//3808
f 3753//3753 3781//3781 3808//3808
f 3781//3781 3782//3782 3809//3809
f 3782//3782 3810//3810 3809//3809
f 3782//3782 3783//3783 3810//3810
f 3783//3783 3811//3811 3810//3810
f 3783//3783 3784//3784 3811//3811
f 3784//3784 3812//3812 3811//3811
f 3784//3784 3785//3785 3812//3812
f 3785//3785 3813//3813 3812//3812
f 3785//3785 3786//3786 3813//3813
f 3786//3786 3814//3814 3813//3813
f 3786//3786 3787//3787 3814//3814
f 3787//3787 3815//3815 3814//3814
f 3787//3787 3788//3788 3815//3815
f 3788//3788 3816//3816 3815//3815
f 3788//3788 3789//3789 3816//3816
f 3789//3789 3817//3817 3816//3816
f 3789//3789 3790//3790 3817//3817
f 3790//3790 3818//3818 3817//3817
f 3790//3790 3791//3791 3818//3818
f 3791//3791 3819//3819 3818//3818
f 3791//3791 3792//3792 3819//3819
f 3792//3792 3820//3820 3819//3819
f 3792//3792 3793//3793 3820//3820
f 3793//3793 3821//3821 3820//3820
f 3793//3793 3794//3794 3821//3821
f 3794//3794 3822//3822 3821//3821
f 3794//3794 3795//3795 3822//3822
f 3795//3795 3823//3823 3822//3822
f 3795//3795 3796//3796 3823//3823
f 3796//3796 3824//3824 3823//3823
f 3796//3796 3797//3797 3824//3824
f 3797//3797 3825//3825 3824//3824
f 3797//3797 3798//3798 3825//3825
f 3798//3798 3826//3826 3825//3825
f 3798//3798 3799//3799 3826//3826
f 3799//3799 3827//3827 3826//3826
f 3799//3799 3800//3800 3827//3827
f 3800//3800 3828//3828 3827//3827
f 3800//3800 3801//3801 3828//3828
f 3801//3801 3829//3829 3828//3828
f 3801//3801 3802//3802 3829//3829
f 3802//3802 3830//3830 3829//3829
f 3802//3802 3803//3803 3830//3830
f 3803//3803 3831//3831 3830//3830
f 3803//3803 3804//3804 3831//3831
f 3804//3804 3832//3832 3831//3831
f 3804//3804 3805//3805 3832//3832
f 3805//3805 3833//3833 3832//3832
f 3805//3805 3806//3806 3833//3833
f 3806//3806 3834//3834 3833//3833
f 3806//3806 3807//3807 3834//3834
f 3807//3807 3835//3835 3834//3834
f 3807//3807 3808//3808 3835//3835
f 3808//3808 3836//3836 3835//3835
f 3808//3808 3781//3781 3836//3836
f 3781//3781 3809//3809 3836//3836
f 3809//3809 3810//3810 3837//3837
f 3810//3810 3838//3838 3837//3837
f 3810//3810 3811//3811 3838//3838
f 3811//3811 3839//3839 3838//3838
f 3811//3811 3812//3812 3839//3839
f 3812//3812 3840//3840 3839//3839
f 3812//3812 3813//3813 3840//3840
f 3813//3813 3841//3841 3840//3840
f 3813//3813 3814//3814 3841//3841
f 3814//3814 3842//3842 3841//3841
f 3814//3814 3815//3815 3842//3842
f 3815//3815 3843//3843 3842//3842
f 3815//3815 3816//3816 3843//3843
f 3816//3816 3844//3844 3843//3843
f 3816//3816 3817//3817 3844//3844
f 3817//3817 3845//3845 3844//3844
f 3817//3817 3818//3818 3845//3845
f 3818//3818 3846//3846 3845//3845
f 3818//3818 3819//3819 3846//3846
f 3819//3819 3847//3847 3846//3846
f 3819//3819 3820//3820 3847//3847
f 3820//3820 3848//3848 3847//3847
f 3820//3820 3821//3821 3848//3848
f 3821//3821 3849//3849 3848//3848
f 3821//3821 3822//3822 3849//3849
f 3822//3822 3850//3850 3849//3849
f 3822//3822 3823//3823 3850//3850
f 3823//3823 3851//3851 3850//3850
f 3823//3823 3824//3824 3851//3851
f 3824//3824 3852//3852 3851//3851
f 3824//3824 3825//3825 3852//3852
f 3825//3825 3853//3853 3852//3852
f 3825//3825 3826//3826 3853//3853
f 3826//3826 3854//3854 3853//3853
f 3826//3826 3827//3827 3854//3854
f 3827//3827 3855//3855 3854//3854
f 3827//3827 3828//3828 3855//3855
f 3828//3828 3856//3856 3855//3855
f 3828//3828 3829//3829 3856//3856
f 3829//3829 3857//3857 3856//3856
f 3829//3829 3830//3830 3857//3857
f 3830//3830 3858//3858 3857//3857
f 3830//3830 3831//3831 3858//3858
f 3831//3831 3859//3859 3858//3858
f 3831//3831 3832//3832 3859//3859
f 3832//3832 3860//3860 3859//3859
f 3832//3832 3833//3833 3860//3860
f 3833//3833 3861//3861 3860//3860
f 3833//3833 3834//3834 3861//3861
f 3834//3834 3862//3862 3861//3861
f 3834//3834 3835//3835 3862//3862
f 3835//3835 3863//3863 3862//3862
f 3835//3835 3836//3836 3863//3863
f 3836//3836 3864//3864 3863//3863
f 3836//3836 3809//3809 3864//3864
f 3809//3809 3837//3837 3864//3864
f 3837//3837 3838//3838 3865//3865
f 3838//3838 3866//3866 3865//3865
f 3838//3838 3839//3839 3866//3866
f 3839//3839 3867//3867 3866//3866
f 3839//3839 3840//3840 3867//3867
f 3840//3840 3868//3868 3867//3867
f 3840//3840 3841//3841 3868//3868
f 3841//3841 3869//3869 3868//3868
f 3841//3841 3842//3842 3869//3869
f 3842//3842 3870//3870 3869//3869
f 3842//3842 3843//3843 3870//3870
f 3843//3843 3871//3871 3870//3870
f 3843//3843 3844//3844 3871//3871
f 3844//3844 3872//3872 3871//3871
f 3844//3844 3845//3845 3872//3872
f 3845//3845 3873//3873 3872//3872
f 3845//3845 3846//3846 3873//3873
f 3846//3846 3874//3874 3873//3873
f 3846//3846 3847//3847 3874//3874
f 3847//3847 3875//3875 3874//3874
f 3847//3847 3848//3848 3875//3875
f 3848//3848 3876//3876 3875//3875
f 3848//3848 3849//3849 3876//3876
f 3849//3849 3877//3877 3876//3876
f 3849//3849 3850//3850 3877//3877
f 3850//3850 3878//3878 3877//3877
f 3850//3850 3851//3851 3878//3878
f 3851//3851 3879//3879 3878//3878
f 3851//3851 3852//3852 3879//3879
f 3852//3852 3880//3880 3879//3879
f 3852//3852 3853//3853 3880//3880
f 3853//3853 3881//3881 3880//3880
f 3853//3853 3854//3854 3881//3881
f 3854//3854 3882//3882 3881//3881
f 3854//3854 3855//3855 3882//3882
f 3855//3855 3883//3883 3882//3882
f 3855//3855 3856//3856 3883//3883
f 3856//3856 3884//3884 3883//3883
f 3856//3856 3857//3857 3884//3884
f 3857//3857 3885//3885 3884//3884
f 3857//3857 3858//3858 3885//3885
f 3858//3858 3886//3886 3885//3885
f 3858//3858 3859//3859 3886//3886
f 3859//3859 3887//3887 3886//3886
f 3859//3859 3860//3860 3887//3887
f 3860//3860 3888//3888 3887//3887
f 3860//3860 3861//3861 3888//3888
f 3861//3861 3889//3889 3888//3888
f 3861//3861 3862//3862 3889//3889
f 3862//3862 3890//3890 3889//3889
f 3862//3862 3863//3863 3890//3890
f 3863//3863 3891//3891 3890//3890
f 3863//3863 3864//3864 3891//3891
f 3864//3864 3892//3892 3891//3891
f 3864//3864 3837//3837 3892//3892
f 3837//3837 3865//3865 3892//3892
f 3865//3865 3866//3866 3893//3893
f 3866//3866 3894//3894 3893//3893
f 3866//3866 3867//3867 3894//3894
f 3867//3867 3895//3895 3894//3894
f 3867//3867 3868//3868 3895//3895
f 3868//3868 3896//3896 3895//3895
f 3868//3868 3869//3869 3896//3896
f 3869//3869 3897//3897 3896//3896
f 3869//3869 3870//3870 3897//3897
f 3870//3870 3898//3898 3897//3897
f 3870//3870 3871//3871 3898//3898
f 3871//3871 3899//3899 3898//3898
f 3871//3871 3872//3872 3899//3899
f 3872//3872 3900//3900 3899//3899
f 3872//3872 3873//3873 3900//3900
f 3873//3873 3901//3901 3900//3900
f 3873//3873 3874//3874 3901//3901
f 3874//3874 3902//3902 3901//3901
f 3874//3874 3875//3875 3902//3902
f 3875//3875 3903//3903 3902//3902
f 3875//3875 3876//3876 3903//3903
f 3876//3876 3904//3904 3903//3903
f 3876//3876 3877//3877 3904//3904
f 3877//3877 3905//3905 3904//3904
f 3877//3877 3878//3878 3905//3905
f 3878//3878 3906//3906 3905//3905
f 3878//3878 3879//3879 3906//3906
f 3879//3879 3907//3907 3906//3906
f 3879//3879 3880//3880 3907//3907
f 3880//3880 3908//3908 3907//3907
f 3880//3880 3881//3881 3908//3908
f 3881//3881 3909//3909 3908//3908
f 3881//3881 3882//3882 3909//3909
f 3882//3882 3910//3910 3909//3909
f 3882//3882 3883//3883 3910//3910
f 3883//3883 3911//3911 3910//3910
f 3883//3883 3884//3884 3911//3911
f 3884//3884 3912//3912 3911//3911
f 3884//3884 3885//3885 3912//3912
f 3885//3885 3913//3913 3912//3912
f 3885//3885 3886//3886 3913//3913
f 3886//3886 3914//3914 3913//3913
f 3886//3886 3887//3887 3914//3914
f 3887//3887 3915//3915 3914//3914
f 3887//3887 3888//3888 3915//3915
f 3888//3888 3916//3916 3915//3915
f 3888//3888 3889//3889 3916//3916
f 3889//3889 3917//3917 3916//3916
f 3889//3889 3890//3890 3917//3917
f 3890//3890 3918//3918 3917//3917
f 3890//3890 3891//3891 3918//3918
f 3891//3891 3919//3919 3918//3918
f 3891//3891 3892//3892 3919//3919
f 3892//3892 3920//3920 3919//3919
f 3892//3892 3865//3865 3920//3920
f 3865//3865 3893//3893 3920//3920
f 3893//3893 3894//3894 3921//3921
f 3894//3894 3922//3922 3921//3921
f 3894//3894 3895//3895 3922//3922
f 3895//3895 3923//3923 3922//3922
f 3895//3895 3896//3896 3923//3923
f 3896//3896 3924//3924 3923//3923
f 3896//3896 3897//3897 3924//3924
f 3897//3897 3925//3925 3924//3924
f 3897//3897 3898//3898 3925//3925
f 3898//3898 3926//3926 3925//3925
f 3898//3898 3899//3899 3926//3926
f 3899//3899 3927//3927 3926//3926
f 3899//3899 3900//3900 3927//3927
f 3900//3900 3928//3928 3927//3927
f 3900//3900 3901//3901 3928//3928
f 3901//3901 3929//3929 3928//3928
f 3901//3901 3902//3902 3929//3929
f 3902//3902 3930//3930 3929//3929
f 3902//3902 3903//3903 3930//3930
f 3903//3903 3931//3931 3930//3930
f 3903//3903 3904//3904 3931//3931
f 3904//3904 3932//3932 3931//3931
f 3904//3904 3905//3905 3932//3932
f 3905//3905 3933//3933 3932//3932
f 3905//3905 3906//3906 3933//3933
f 3906//3906 3934//3934 3933//3933
f 3906//3906 3907//3907 3934//3934
f 3907//3907 3935//3935 3934//3934
f 3907//3907 3908//3908 3935//3935
f 3908//3908 3936//3936 3935//3935
f 3908//3908 3909//3909 3936//3936
f 3909//3909 3937//3937 3936//3936
f 3909//3909 3910//3910 3937//3937
f 3910//3910 3938//3938 3937//3937
f 3910//3910 3911//3911 3938//3938
f 3911//3911 3939//3939 3938//3938
f 3911//3911 3912//3912 3939//3939
f 3912//3912 3940//3940 3939//3939
f 3912//3912 3913//3913 3940//3940
f 3913//3913 3941//3941 3940//3940
f 3913//3913 3914//3914 3941//3941
f 3914//3914 3942//3942 3941//3941
f 3914//3914 3915//3915 3942//3942
f 3915//3915 3943//3943 3942//3942
f 3915//3915 3916//3916 3943//3943
f 3916//3916 3944//3944 3943//3943
f 3916//3916 3917//3917 3944//3944
f 3917//3917 3945//3945 3944//3944
f 3917//3917 3918//3918 3945//3945
f 3918//3918 3946//3946 3945//3945
f 3918//3918 3919//3919 3946//3946
f 3919//3919 3947//3947 3946//3946
f 3919//3919 3920//3920 3947//3947
f 3920//3920 3948//3948 3947//3947
f 3920//3920 3893//3893 3948//3948
f 3893//3893 3921//3921 3948//3948
f 3921//3921 3922//3922 3949//3949
f 3922//3922 3950//3950 3949//3949
f 3922//3922 3923//3923 3950//3950
f 3923//3923 3951//3951 3950//3950
f 3923//3923 3924//3924 3951//3951
f 3924//3924 3952//3952 3951//3951
f 3924//3924 3925//3925 3952//3952
f 3925//3925 3953//3953 3952//3952
f 3925//3925 3926//3926 3953//3953
f 3926//3926 3954//3954 3953//3953
f 3926//3926 3927//3927 3954//3954
f 3927//3927 3955//3955 3954//3954
f 3927//3927 3928//3928 3955//3955
f 3928//3928 3956//3956 3955//3955
f 3928//3928 3929//3929 3956//3956
f 3929//3929 3957//3957 3956//3956
f 3929//3929 3930//3930 3957//3957
f 3930//3930 3958//3958 3957//3957
f 3930//3930 3931//3931 3958//3958
f 3931//3931 3959//3959 3958//3958
f 3931//3931 3932//3932 3959//3959
f 3932//3932 3960//3960 3959//3959
f 3932//3932 3933//3933 3960//3960
f 3933//3933 3961//3961 3960//3960
f 3933//3933 3934//3934 3961//3961
f 3934//3934 3962//3962 3961//3961
f 3934//3934 3935//3935 3962//3962
f 3935//3935 3963//3963 3962//3962
f 3935//3935 3936//3936 3963//3963
f 3936//3936 3964//3964 3963//3963
f 3936//3936 3937//3937 3964//3964
f 3937//3937 3965//3965 3964//3964
f 3937//3937 3938//3938 3965//3965
f 3938//3938 3966//3966 3965//3965
f 3938//3938 3939//3939 3966//3966
f 3939//3939 3967//3967 3966//3966
f 3939//3939 3940//3940 3967//3967
f 3940//3940 3968//3968 3967//3967
f 3940//3940 3941//3941 3968//3968
f 3941//3941 3969//3969 3968//3968
f 3941//3941 3942//3942 3969//3969
f 3942//3942 3970//3970 3969//3969
f 3942//3942 3943//3943 3970//3970
f 3943//3943 3971//3971 3970//3970
f 3943//3943 3944//3944 3971//3971
f 3944//3944 3972//3972 3971//3971
f 3944//3944 3945//3945 3972//3972
f 3945//3945 3973//3973 3972//3972
f 3945//3945 3946//3946 3973//3973
f 3946//3946 3974//3974 3973//3973
f 3946//3946 3947//3947 3974//3974
f 3947//3947 3975//3975 3974//3974
f 3947//3947 3948//3948 3975//3975
f 3948//3948 3976//3976 3975//3975
f 3948//3948 3921//3921 3976//3976
f 3921//3921 3949//3949 3976//3976
f 3949//3949 3950//3950 3977//3977
f 3950//3950 3978//3978 3977//3977
f 3950//3950 3951//3951 3978//3978
f 3951//3951 3979//3979 3978//3978
f 3951//3951 3952//3952 3979//3979
f 3952//3952 3980//3980 3979//3979
f 3952//3952 3953//3953 3980//3980
f 3953//3953 3981//3981 3980//3980
f 3953//3953 3954//3954 3981//3981
f 3954//3954 3982//3982 3981//3981
f 3954//3954 3955//3955 3982//3982
f 3955//3955 3983//3983 3982//3982
f 3955//3955 3956//3956 3983//3983
f 3956//3956 3984//3984 3983//3983
f 3956//3956 3957//3957 3984//3984
f 3957//3957 3985//3985 3984//3984
f 3957//3957 3958//3958 3985//3985
f 3958//3958 3986//3986 3985//3985
f 3958//3958 3959//3959 3986//3986
f 3959//3959 3987//3987 3986//3986
f 3959//3959 3960//3960 3987//3987
f 3960//3960 3988//3988 3987//3987
f 3960//3960 3961//3961 3988//3988
f 3961//3961 3989//3989 3988//3988
f 3961//3961 3962//3962 3989//3989
f 3962//3962 3990//3990 3989//3989
f 3962//3962 3963//3963 3990//3990
f 3963//3963 3991//3991 3990//3990
f 3963//3963 3964//3964 3991//3991
f 3964//3964 3992//3992 3991//3991
f 3964//3964 3965//3965 3992//3992
f 3965//3965 3993//3993 3992//3992
f 3965//3965 3966//3966 3993//3993
f 3966//3966 3994//3994 3993//3993
f 3966//3966 3967//3967 3994//3994
f 3967//3967 3995//3995 3994//3994
f 3967//3967 3968//3968 3995//3995
f 3968//3968 3996//3996 3995//3995
f 3968//3968 3969//3969 3996//3996
f 3969//3969 3997//3997 3996//3996
f 3969//3969 3970//3970 3997//3997
f 3970//3970 3998//3998 3997//3997
f 3970//3970 3971//3971 3998//3998
f 3971//3971 3999//3999 3998//3998
f 3971//3971 3972//3972 3999//3999
f 3972//3972 4000//4000 3999//3999
f 3972//3972 3973//3973 4000//4000
f 3973//3973 4001//4001 4000//4000
f 3973//3973 3974//3974 4001//4001
f 3974//3974 4002//4002 4001//4001
f 3974//3974 3975//3975 4002//4002
f 3975//3975 4003//4003 4002//4002
f 3975//3975 3976//3976 4003//4003
f 3976//3976 4004//4004 4003//4003
f 3976//3976 3949//3949 4004//4004
f 3949//3949 3977//3977 4004//4004
f 3977//3977 3978//3978 4005//4005
f 3978//3978 4006//4006 4005//4005
f 3978//3978 3979//3979 4006//4006
f 3979//3979 4007//4007 4006//4006
f 3979//3979 3980//3980 4007//4007
f 3980//3980 4008//4008 4007//4007
f 3980//3980 3981//3981 4008//4008
f 3981//3981 4009//4009 4008//4008
f 3981//3981 3982//3982 4009//4009
f 3982//3982 4010//4010 4009//4009
f 3982//3982 3983//3983 4010//4010
f 3983//3983 4011//4011 4010//4010
f 3983//3983 3984//3984 4011//4011
f 3984//3984 4012//4012 4011//4011
f 3984//3984 3985//3985 4012//4012
f 3985//3985 4013//4013 4012//4012
f 3985//3985 3986//3986 4013//4013
f 3986//3986 4014//4014 4013//4013
f 3986//3986 3987//3987 4014//4014
f 3987//3987 4015//4015 4014//4014
f 3987//3987 3988//3988 4015//4015
f 3988//3988 4016//4016 4015//4015
f 3988//3988 3989//3989 4016//4016
f 3989//3989 4017//4017 4016//4016
f 3989//3989 3990//3990 4017//4017
f 3990//3990 4018//4018 4017//4017
f 3990//3990 3991//3991 4018//4018
f 3991//3991 4019//4019 4018//4018
f 3991//3991 3992//3992 4019//4019
f 3992//3992 4020//4020 4019//4019
f 3992//3992 3993//3993 4020//4020
f 3993//3993 4021//4021 4020//4020
f 3993//3993 3994//3994 4021//4021
f 3994//3994 4022//4022 4021//4021
f 3994//3994 3995//3995 4022//4022
f 3995//3995 4023//4023 4022//4022
f 3995//3995 3996//3996 4023//4023
f 3996//3996 4024//4024 4023//4023
f 3996//3996 3997//3997 4024//4024
f 3997//3997 4025//4025 4024//4024
f 3997//3997 3998//3998 4025//4025
f 3998//3998 4026//4026 4025//4025
f 3998//3998 3999//3999 4026//4026
f 3999//3999 4027//4027 4026//4026
f 3999//3999 4000//4000 4027//4027
f 4000//4000 4028//4028 4027//4027
f 4000//4000 4001//4001 4028//4028
f 4001//4001 4029//4029 4028//4028
f 4001//4001 4002//4002 4029//4029
f 4002//4002 4030//4030 4029//4029
f 4002//4002 4003//4003 4030//4030
f 4003//4003 4031//4031 4030//4030
f 4003//4003 4004//4004 4031//4031
f 4004//4004 4032//4032 4031//4031
f 4004//4004 3977//3977 4032//4032
f 3977//3977 4005//4005 4032//4032
f 4005//4005 4006//4006 4033//4033
f 4006//4006 4034//4034 4033//4033
f 4006//4006 4007//4007 4034//4034
f 4007//4007 4035//4035 4034//4034
f 4007//4007 4008//4008 4035//4035
f 4008//4008 4036//4036 4035//4035
f 4008//4008 4009//4009 4036//4036
f 4009//4009 4037//4037 4036//4036
f 4009//4009 4010//4010 4037//4037
f 4010//4010 4038//4038 4037//4037
f 4010//4010 4011//4011 4038//4038
f 4011//4011 4039//4039 4038//4038
f 4011//4011 4012//4012 4039//4039
f 4012//4012 4040//4040 4039//4039
f 4012//4012 4013//4013 4040//4040
f 4013//4013 4041//4041 4040//4040
f 4013//4013 4014//4014 4041//4041
f 4014//4014 4042//4042 4041//4041
f 4014//4014 4015//4015 4042//4042
f 4015//4015 4043//4043 4042//4042
f 4015//4015 4016//4016 4043//4043
f 4016//4016 4044//4044 4043//4043
f 4016//4016 4017//4017 4044//4044
f 4017//4017 4045//4045 4044//4044
f 4017//4017 4018//4018 4045//4045
f 4018//4018 4046//4046 4045//4045
f 4018//4018 4019//4019 4046//4046
f 4019//4019 4047//4047 4046//4046
f 4019//4019 4020//4020 4047//4047
f 4020//4020 4048//4048 4047//4047
f 4020//4020 4021//4021 4048//4048
f 4021//4021 4049//4049 4048//4048
f 4021//4021 4022//4022 4049//4049
f 4022//4022 4050//4050 4049//4049
f 4022//4022 4023//4023 4050//4050
f 4023//4023 4051//4051 4050//4050
f 4023//4023 4024//4024 4051//4051
f 4024//4024 4052//4052 4051//4051
f 4024//4024 4025//4025 4052//4052
f 4025//4025 4053//4053 4052//4052
f 4025//4025 4026//4026 4053//4053
f 4026//4026 4054//4054 4053//4053
f 4026//4026 4027//4027 4054//4054
f 4027//4027 4055//4055 4054//4054
f 4027//4027 4028//4028 4055//4055
f 4028//4028 4056//4056 4055//4055
f 4028//4028 4029//4029 4056//4056
f 4029//4029 4057//4057 4056//4056
f 4029//4029 4030//4030 4057//4057
f 4030//4030 4058//4058 4057//4057
f 4030//4030 4031//4031 4058//4058
f 4031//4031 4059//4059 4058//4058
f 4031//4031 4032//4032 4059//4059
f 4032//4032 4060//4060 4059//4059
f 4032//4032 4005//4005 4060//4060
f 4005//4005 4033//4033 4060//4060
f 4033//4033 4034//4034 4061//4061
f 4034//4034 4062//4062 4061//4061
f 4034//4034 4035//4035 4062//4062
f 4035//4035 4063//4063 4062//4062
f 4035//4035 4036//4036 4063//4063
f 4036//4036 4064//4064 4063//4063
f 4036//4036 4037//4037 4064//4064
f 4037//4037 4065//4065 4064//4064
f 4037//4037 4038//4038 4065//4065
f 4038//4038 4066//4066 4065//4065
f 4038//4038 4039//4039 4066//4066
f 4039//4039 4067//4067 4066//4066
f 4039//4039 4040//4040 4067//4067
f 4040//4040 4068//4068 4067//4067
f 4040//4040 4041//4041 4068//4068
f 4041//4041 4069//4069 4068//4068
f 4041//4041 4042//4042 4069//4069
f 4042//4042 4070//4070 4069//4069
f 4042//4042 4043//4043 4070//4070
f 4043//4043 4071//4071 4070//4070
f 4043//4043 4044//4044 4071//4071
f 4044//4044 4072//4072 4071//4071
f 4044//4044 4045//4045 4072//4072
f 4045//4045 4073//4073 4072//4072
f 4045//4045 4046//4046 4073//4073
f 4046//4046 4074//4074 4073//4073
f 4046//4046 4047//4047 4074//4074
f 4047//4047 4075//4075 4074//4074
f 4047//4047 4048//4048 4075//4075
f 4048//4048 4076//4076 4075//4075
f 4048//4048 4049//4049 4076//4076
f 4049//4049 4077//4077 4076//4076
f 4049//4049 4050//4050 4077//4077
f 4050//4050 4078//4078 4077//4077
f 4050//4050 4051//4051 4078//4078
f 4051//4051 4079//4079 4078//4078
f 4051//4051 4052//4052 4079//4079
f 4052//4052 4080//4080 4079//4079
f 4052//4052 4053//4053 4080//4080
f 4053//4053 4081//4081 4080//4080
f 4053//4053 4054//4054 4081//4081
f 4054//4054 4082//4082 4081//4081
f 4054//4054 4055//4055 4082//4082
f 4055//4055 4083//4083 4082//4082
f 4055//4055 4056//4056 4083//4083
f 4056//4056 4084//4084 4083//4083
f 4056//4056 4057//4057 4084//4084
f 4057//4057 4085//4085 4084//4084
f 4057//4057 4058//4058 4085//4085
f 4058//4058 4086//4086 4085//4085
f 4058//4058 4059//4059 4086//4086
f 4059//4059 4087//4087 4086//4086
f 4059//4059 4060//4060 4087//4087
f 4060//4060 4088//4088 4087//4087
f 4060//4060 4033//4033 4088//4088
f 4033//4033 4061//4061 4088//4088
f 4061//4061 4062//4062 4089//4089
f 4062//4062 4090//4090 4089//4089
f 4062//4062 4063//4063 4090//4090
f 4063//4063 4091//4091 4090//4090
f 4063//4063 4064//4064 4091//4091
f 4064//4064 4092//4092 4091//4091
f 4064//4064 4065//4065 4092//4092
f 4065//4065 4093//4093 4092//4092
f 4065//4065 4066//4066 4093//4093
f 4066//4066 4094//4094 4093//4093
f 4066//4066 4067//4067 4094//4094
f 4067//4067 4095//4095 4094//4094
f 4067//4067 4068//4068 4095//4095
f 4068//4068 4096//4096 4095//4095
f 4068//4068 4069//4069 4096//4096
f 4069//4069 4097//4097 4096//4096
f 4069//4069 4070//4070 4097//4097
f 4070//4070 4098//4098 4097//4097
f 4070//4070 4071//4071 4098//4098
f 4071//4071 4099//4099 4098//4098
f 4071//4071 4072//4072 4099//4099
f 4072//4072 4100//4100 4099//4099
f 4072//4072 4073//4073 4100//4100
f 4073//4073 4101//4101 4100//4100
f 4073//4073 4074//4074 4101//4101
f 4074//4074 4102//4102 4101//4101
f 4074//4074 4075//4075 4102//4102
f 4075//4075 4103//4103 4102//4102
f 4075//4075 4076//4076 4103//4103
f 4076//4076 4104//4104 4103//4103
f 4076//4076 4077//4077 4104//4104
f 4077//4077 4105//4105 4104//4104
f 4077//4077 4078//4078 4105//4105
f 4078//4078 4106//4106 4105//4105
f 4078//4078 4079//4079 4106//4106
f 4079//4079 4107//4107 4106//4106
f 4079//4079 4080//4080 4107//4107
f 4080//4080 4108//4108 4107//4107
f 4080//4080 4081//4081 4108//4108
f 4081//4081 4109//4109 4108//4108
f 4081//4081 4082//4082 4109//4109
f 4082//4082 4110//4110 4109//4109
f 4082//4082 4083//4083 4110//4110
f 4083//4083 4111//4111 4110//4110
f 4083//4083 4084//4084 4111//4111
f 4084//4084 4112//4112 4111//4111
f 4084//4084 4085//4085 4112//4112
f 4085//4085 4113//4113 4112//4112
f 4085//4085 4086//4086 4113//4113
f 4086//4086 4114//4114 4113//4113
f 4086//4086 4087//4087 4114//4114
f 4087//4087 4115//4115 4114//4114
f 4087//4087 4088//4088 4115//4115
f 4088//4088 4116//4116 4115//4115
f 4088//4088 4061//4061 4116//4116
f 4061//4061 4089//4089 4116//4116
f 4089//4089 4090//4090 4117//4117
f 4090//4090 4118//4118 4117//4117
f 4090//4090 4091//4091 4118//4118
f 4091//4091 4119//4119 4118//4118
f 4091//4091 4092//4092 4119//4119
f 4092//4092 4120//4120 4119//4119
f 4092//4092 4093//4093 4120//4120
f 4093//4093 4121//4121 4120//4120
f 4093//4093 4094//4094 4121//4121
f 4094//4094 4122//4122 4121//4121
f 4094//4094 4095//4095 4122//4122
f 4095//4095 4123//4123 4122//4122
f 4095//4095 4096//4096 4123//4123
f 4096//4096 4124//4124 4123//4123
f 4096//4096 4097//4097 4124//4124
f 4097//4097 4125//4125 4124//4124
f 4097//4097 4098//4098 4125//4125
f 4098//4098 4126//4126 4125//4125
f 4098//4098 4099//4099 4126//4126
f 4099//4099 4127//4127 4126//4126
f 4099//4099 4100//4100 4127//4127
f 4100//4100 4128//4128 4127//4127
f 4100//4100 4101//4101 4128//4128
f 4101//4101 4129//4129 4128//4128
f 4101//4101 4102//4102 4129//4129
f 4102//4102 4130//4130 4129//4129
f 4102//4102 4103//4103 4130//4130
f 4103//4103 4131//4131 4130//4130
f 4103//4103 4104//4104 4131//4131
f 4104//4104 4132//4132 4131//4131
f 4104//4104 4105//4105 4132//4132
f 4105//4105 4133//4133 4132//4132
f 4105//4105 4106//4106 4133//4133
f 4106//4106 4134//4134 4133//4133
f 4106//4106 4107//4107 4134//4134
f 4107//4107 4135//4135 4134//4134
f 4107//4107 4108//4108 4135//4135
f 4108//4108 4136//4136 4135//4135
f 4108//4108 4109//4109 4136//4136
f 4109//4109 4137//4137 4136//4136
f 4109//4109 4110//4110 4137//4137
f 4110//4110 4138//4138 4137//4137
f 4110//4110 4111//4111 4138//4138
f 4111//4111 4139//4139 4138//4138
f 4111//4111 4112//4112 4139//4139
f 4112//4112 4140//4140 4139//4139
f 4112//4112 4113//4113 4140//4140
f 4113//4113 4141//4141 4140//4140
f 4113//4113 4114//4114 4141//4141
f 4114//4114 4142//4142 4141//4141
f 4114//4114 4115//4115 4142//4142
f 4115//4115 4143//4143 4142//4142
f 4115//4115 4116//4116 4143//4143
f 4116//4116 4144//4144 4143//4143
f 4116//4116 4089//4089 4144//4144
f 4089//4089 4117//4117 4144//4144
f 4117//4117 4118//4118 4145//4145
f 4118//4118 4146//4146 4145//4145
f 4118//4118 4119//4119 4146//4146
f 4119//4119 4147//4147 4146//4146
f 4119//4119 4120//4120 4147//4147
f 4120//4120 4148//4148 4147//4147
f 4120//4120 4121//4121 4148//4148
f 4121//4121 4149//4149 4148//4148
f 4121//4121 4122//4122 4149//4149
f 4122//4122 4150//4150 4149//4149
f 4122//4122 4123//4123 4150//4150
f 4123//4123 4151//4151 4150//4150
f 4123//4123 4124//4124 4151//4151
f 4124//4124 4152//4152 4151//4151
f 4124//4124 4125//4125 4152//4152
f 4125//4125 4153//4153 4152//4152
f 4125//4125 4126//4126 4153//4153
f 4126//4126 4154//4154 4153//4153
f 4126//4126 4127//4127 4154//4154
f 4127//4127 4155//4155 4154//4154
f 4127//4127 4128//4128 4155//4155
f 4128//4128 4156//4156 4155//4155
f 4128//4128 4129//4129 4156//4156
f 4129//4129 4157//4157 4156//4156
f 4129//4129 4130//4130 4157//4157
f 4130//4130 4158//4158 4157//4157
f 4130//4130 4131//4131 4158//4158
f 4131//4131 4159//4159 4158//4158
f 4131//4131 4132//4132 4159//4159
f 4132//4132 4160//4160 4159//4159
f 4132//4132 4133//4133 4160//4160
f 4133//4133 4161//4161 4160//4160
f 4133//4133 4134//4134 4161//4161
f 4134//4134 4162//4162 4161//4161
f 4134//4134 4135//4135 4162//4162
f 4135//4135 4163//4163 4162//4162
f 4135//4135 4136//4136 4163//4163
f 4136//4136 4164//4164 4163//4163
f 4136//4136 4137//4137 4164//4164
f 4137//4137 4165//4165 4164//4164
f 4137//4137 4138//4138 4165//4165
f 4138//4138 4166//4166 4165//4165
f 4138//4138 4139//4139 4166//4166
f 4139//4139 4167//4167 4166//4166
f 4139//4139 4140//4140 4167//4167
f 4140//4140 4168//4168 4167//4167
f 4140//4140 4141//4141 4168//4168
f 4141//4141 4169//4169 4168//4168
f 4141//4141 4142//4142 4169//4169
f 4142//4142 4170//4170 4169//4169
f 4142//4142 4143//4143 4170//4170
f 4143//4143 4171//4171 4170//4170
f 4143//4143 4144//4144 4171//4171
f 4144//4144 4172//4172 4171//4171
f 4144//4144 4117//4117 4172//4172
f 4117//4117 4145//4145 4172//4172
f 4145//4145 4146//4146 4173//4173
f 4146//4146 4174//4174 4173//4173
f 4146//4146 4147//4147 4174//4174
f 4147//4147 4175//4175 4174//4174
f 4147//4147 4148//4148 4175//4175
f 4148//4148 4176//4176 4175//4175
f 4148//4148 4149//4149 4176//4176
f 4149//4149 4177//4177 4176//4176
f 4149//4149 4150//4150 4177//4177
f 4150//4150 4178//4178 4177//4177
f 4150//4150 4151//4151 4178//4178
f 4151//4151 4179//4179 4178//4178
f 4151//4151 4152//4152 4179//4179
f 4152//4152 4180//4180 4179//4179
f 4152//4152 4153//4153 4180//4180
f 4153//4153 4181//4181 4180//4180
f 4153//4153 4154//4154 4181//4181
f 4154//4154 4182//4182 4181//4181
f 4154//4154 4155//4155 4182//4182
f 4155//4155 4183//4183 4182//4182
f 4155//4155 4156//4156 4183//4183
f 4156//4156 4184//4184 4183//4183
f 4156//4156 4157//4157 4184//4184
f 4157//4157 4185//4185 4184//4184
f 4157//4157 4158//4158 4185//4185
f 4158//4158 4186//4186 4185//4185
f 4158//4158 4159//4159 4186//4186
f 4159//4159 4187//4187 4186//4186
f 4159//4159 4160//4160 4187//4187
f 4160//4160 4188//4188 4187//4187
f 4160//4160 4161//4161 4188//4188
f 4161//4161 4189//4189 4188//4188
f 4161//4161 4162//4162 4189//4189
f 4162//4162 4190//4190 4189//4189
f 4162//4162 4163//4163 4190//4190
f 4163//4163 4191//4191 4190//4190
f 4163//4163 4164//4164 4191//4191
f 4164//4164 4192//4192 4191//4191
f 4164//4164 4165//4165 4192//4192
f 4165//4165 4193//4193 4192//4192
f 4165//4165 4166//4166 4193//4193
f 4166//4166 4194//4194 4193//4193
f 4166//4166 4167//4167 4194//4194
f 4167//4167 4195//4195 4194//4194
f 4167//4167 4168//4168 4195//4195
f 4168//4168 4196//4196 4195//4195
f 4168//4168 4169//4169 4196//4196
f 4169//4169 4197//4197 4196//4196
f 4169//4169 4170//4170 4197//4197
f 4170//4170 4198//4198 4197//4197
f 4170//4170 4171//4171 4198//4198
f 4171//4171 4199//4199 4198//4198
f 4171//4171 4172//4172 4199//4199
f 4172//4172 4200//4200 4199//4199
f 4172//4172 4145//4145 4200//4200
f 4145//4145 4173//4173 4200//4200
f 4173//4173 4174//4174 4201//4201
f 4174//4174 4202//4202 4201//4201
f 4174//4174 4175//4175 4202//4202
f 4175//4175 4203//4203 4202//4202
f 4175//4175 4176//4176 4203//4203
f 4176//4176 4204//4204 4203//4203
f 4176//4176 4177//4177 4204//4204
f 4177//4177 4205//4205 4204//4204
f 4177//4177 4178//4178 4205//4205
f 4178//4178 4206//4206 4205//4205
f 4178//4178 4179//4179 4206//4206
f 4179//4179 4207//4207 4206//4206
f 4179//4179 4180//4180 4207//4207
f 4180//4180 4208//4208 4207//4207
f 4180//4180 4181//4181 4208//4208
f 4181//4181 4209//4209 4208//4208
f 4181//4181 4182//4182 4209//4209
f 4182//4182 4210//4210 4209//4209
f 4182//4182 4183//4183 4210//4210
f 4183//4183 4211//4211 4210//4210
f 4183//4183 4184//4184 4211//4211
f 4184//4184 4212//4212 4211//4211
f 4184//4184 4185//4185 4212//4212
f 4185//4185 4213//4213 4212//4212
f 4185//4185 4186//4186 4213//4213
f 4186//4186 4214//4214 4213//4213
f 4186//4186 4187//4187 4214//4214
f 4187//4187 4215//4215 4214//4214
f 4187//4187 4188//4188 4215//4215
f 4188//4188 4216//4216 4215//4215
f 4188//4188 4189//4189 4216//4216
f 4189//4189 4217//4217 4216//4216
f 4189//4189 4190//4190 4217//4217
f 4190//4190 4218//4218 4217//4217
f 4190//4190 4191//4191 4218//4218
f 4191//4191 4219//4219 4218//4218
f 4191//4191 4192//4192 4219//4219
f 4192//4192 4220//4220 4219//4219
f 4192//4192 4193//4193 4220//4220
f 4193//4193 4221//4221 4220//4220
f 4193//4193 4194//4194 4221//4221
f 4194//4194 4222//4222 4221//4221
f 4194//4194 4195//4195 4222//4222
f 4195//4195 4223//4223 4222//4222
f 4195//4195 4196//4196 4223//4223
f 4196//4196 4224//4224 4223//4223
f 4196//4196 4197//4197 4224//4224
f 4197//4197 4225//4225 4224//4224
f 4197//4197 4198//4198 4225//4225
f 4198//4198 4226//4226 4225//4225
f 4198//4198 4199//4199 4226//4226
f 4199//4199 4227//4227 4226//4226
f 4199//4199 4200//4200 4227//4227
f 4200//4200 4228//4228 4227//4227
f 4200//4200 4173//4173 4228//4228
f 4173//4173 4201//4201 4228//4228
f 4201//4201 4202//4202 4229//4229
f 4202//4202 4230//4230 4229//4229
f 4202//4202 4203//4203 4230//4230
f 4203//4203 4231//4231 4230//4230
f 4203//4203 4204//4204 4231//4231
f 4204//4204 4232//4232 4231//4231
f 4204//4204 4205//4205 4232//4232
f 4205//4205 4233//4233 4232//4232
f 4205//4205 4206//4206 4233//4233
f 4206//4206 4234//4234 4233//4233
f 4206//4206 4207//4207 4234//4234
f 4207//4207 4235//4235 4234//4234
f 4207//4207 4208//4208 4235//4235
f 4208//4208 4236//4236 4235//4235
f 4208//4208 4209//4209 4236//4236
f 4209//4209 4237//4237 4236//4236
f 4209//4209 4210//4210 4237//4237
f 4210//4210 4238//4238 4237//4237
f 4210//4210 4211//4211 4238//4238
f 4211//4211 4239//4239 4238//4238
f 4211//4211 4212//4212 4239//4239
f 4212//4212 4240//4240 4239//4239
f 4212//4212 4213//4213 4240//4240
f 4213//4213 4241//4241 4240//4240
f 4213//4213 4214//4214 4241//4241
f 4214//4214 4242//4242 4241//4241
f 4214//4214 4215//4215 4242//4242
f 4215//4215 4243//4243 4242//4242
f 4215//4215 4216//4216 4243//4243
f 4216//4216 4244//4244 4243//4243
f 4216//4216 4217//4217 4244//4244
f 4217//4217 4245//4245 4244//4244
f 4217//4217 4218//4218 4245//4245
f 4218//4218 4246//4246 4245//4245
f 4218//4218 4219//4219 4246//4246
f 4219//4219 4247//4247 4246//4246
f 4219//4219 4220//4220 4247//4247
f 4220//4220 4248//4248 4247//4247
f 4220//4220 4221//4221 4248//4248
f 4221//4221 4249//4249 4248//4248
f 4221//4221 4222//4222 4249//4249
f 4222//4222 4250//4250 4249//4249
f 4222//4222 4223//4223 4250//4250
f 4223//4223 4251//4251 4250//4250
f 4223//4223 4224//4224 4251//4251
f 4224//4224 4252//4252 4251//4251
f 4224//4224 4225//4225 4252//4252
f 4225//4225 4253//4253 4252//4252
f 4225//4225 4226//4226 4253//4253
f 4226//4226 4254//4254 4253//4253
f 4226//4226 4227//4227 4254//4254
f 4227//4227 4255//4255 4254//4254
f 4227//4227 4228//4228 4255//4255
f 4228//4228 4256//4256 4255//4255
f 4228//4228 4201//4201 4256//4256
f 4201//4201 4229//4229 4256//4256
f 4229//4229 4230//4230 4257//4257
f 4230//4230 4258//4258 4257//4257
f 4230//4230 4231//4231 4258//4258
f 4231//4231 4259//4259 4258//4258
f 4231//4231 4232//4232 4259//4259
f 4232//4232 4260//4260 4259//4259
f 4232//4232 4233//4233 4260//4260
f 4233//4233 4261//4261 4260//4260
f 4233//4233 4234//4234 4261//4261
f 4234//4234 4262//4262 4261//4261
f 4234//4234 4235//4235 4262//4262
f 4235//4235 4263//4263 4262//4262
f 4235//4235 4236//4236 4263//4263
f 4236//4236 4264//4264 4263//4263
f 4236//4236 4237//4237 4264//4264
f 4237//4237 4265//4265 4264//4264
f 4237//4237 4238//4238 4265//4265
f 4238//4238 4266//4266 4265//4265
f 4238//4238 4239//4239 4266//4266
f 4239//4239 4267//4267 4266//4266
f 4239//4239 4240//4240 4267//4267
f 4240//4240 4268//4268 4267//4267
f 4240//4240 4241//4241 4268//4268
f 4241//4241 4269//4269 4268//4268
f 4241//4241 4242//4242 4269//4269
f 4242//4242 4270//4270 4269//4269
f 4242//4242 4243//4243 4270//4270
f 4243//4243 4271//4271 4270//4270
f 4243//4243 4244//4244 4271//4271
f 4244//4244 4272//4272 4271//4271
f 4244//4244 4245//4245 4272//4272
f 4245//4245 4273//4273 4272//4272
f 4245//4245 4246//4246 4273//4273
f 4246//4246 4274//4274 4273//4273
f 4246//4246 4247//4247 4274//4274
f 4247//4247 4275//4275 4274//4274
f 4247//4247 4248//4248 4275//4275
f 4248//4248 4276//4276 4275//4275
f 4248//4248 4249//4249 4276//4276
f 4249//4249 4277//4277 4276//4276
f 4249//4249 4250//4250 4277//4277
f 4250//4250 4278//4278 4277//4277
f 4250//4250 4251//4251 4278//4278
f 4251//4251 4279//4279 4278//4278
f 4251//4251 4252//4252 4279//4279
f 4252//4252 4280//4280 4279//4279
f 4252//4252 4253//4253 4280//4280
f 4253//4253 4281//4281 4280//4280
f 4253//4253 4254//4254 4281//4281
f 4254//4254 4282//4282 4281//4281
f 4254//4254 4255//4255 4282//4282
f 4255//4255 4283//4283 4282//4282
f 4255//4255 4256//4256 4283//4283
f 4256//4256 4284//4284 4283//4283
f 4256//4256 4229//4229 4284//4284
f 4229//4229 4257//4257 4284//4284
f 4257//4257 4258//4258 4285//4285
f 4258//4258 4286//4286 4285//4285
f 4258//4258 4259//4259 4286//4286
f 4259//4259 4287//4287 4286//4286
f 4259//4259 4260//4260 4287//4287
f 4260//4260 4288//4288 4287//4287
f 4260//4260 4261//4261 4288//4288
f 4261//4261 4289//4289 4288//4288
f 4261//4261 4262//4262 4289//4289
f 4262//4262 4290//4290 4289//4289
f 4262//4262 4263//4263 4290//4290
f 4263//4263 4291//4291 4290//4290
f 4263//4263 4264//4264 4291//4291
f 4264//4264 4292//4292 4291//4291
f 4264//4264 4265//4265 4292//4292
f 4265//4265 4293//4293 4292//4292
f 4265//4265 4266//4266 4293//4293
f 4266//4266 4294//4294 4293//4293
f 4266//4266 4267//4267 4294//4294
f 4267//4267 4295//4295 4294//4294
f 4267//4267 4268//4268 4295//4295
f 4268//4268 4296//4296 4295//4295
f 4268//4268 4269//4269 4296//4296
f 4269//4269 4297//4297 4296//4296
f 4269//4269 4270//4270 4297//4297
f 4270//4270 4298//4298 4297//4297
f 4270//4270 4271//4271 4298//4298
f 4271//4271 4299//4299 4298//4298
f 4271//4271 4272//4272 4299//4299
f 4272//4272 4300//4300 4299//4299
f 4272//4272 4273//4273 4300//4300
f 4273//4273 4301//4301 4300//4300
f 4273//4273 4274//4274 4301//4301
f 4274//4274 4302//4302 4301//4301
f 4274//4274 4275//4275 4302//4302
f 4275//4275 4303//4303 4302//4302
f 4275//4275 4276//4276 4303//4303
f 4276//4276 4304//4304 4303//4303
f 4276//4276 4277//4277 4304//4304
f 4277//4277 4305//4305 4304//4304
f 4277//4277 4278//4278 4305//4305
f 4278//4278 4306//4306 4305//4305
f 4278//4278 4279//4279 4306//4306
f 4279//4279 4307//4307 4306//4306
f 4279//4279 4280//4280 4307//4307
f 4280//4280 4308//4308 4307//4307
f 4280//4280 4281//4281 4308//4308
f 4281//4281 4309//4309 4308//4308
f 4281//4281 4282//4282 4309//4309
f 4282//4282 4310//4310 4309//4309
f 4282//4282 4283//4283 4310//4310
f 4283//4283 4311//4311 4310//4310
f 4283//4283 4284//4284 4311//4311
f 4284//4284 4312//4312 4311//4311
f 4284//4284 4257//4257 4312//4312
f 4257//4257 4285//4285 4312//4312
f 4285//4285 4286//4286 4313//4313
f 4286//4286 4314//4314 4313//4313
f 4286//4286 4287//4287 4314//4314
f 4287//4287 4315//4315 4314//4314
f 4287//4287 4288//4288 4315//4315
f 4288//4288 4316//4316 4315//4315
f 4288//4288 4289//4289 4316//4316
f 4289//4289 4317//4317 4316//4316
f 4289//4289 4290//4290 4317//4317
f 4290//4290 4318//4318 4317//4317
f 4290//4290 4291//4291 4318//4318
f 4291//4291 4319//4319 4318//4318
f 4291//4291 4292//4292 4319//4319
f 4292//4292 4320//4320 4319//4319
f 4292//4292 4293//4293 4320//4320
f 4293//4293 4321//4321 4320//4320
f 4293//4293 4294//4294 4321//4321
f 4294//4294 4322//4322 4321//4321
f 4294//4294 4295//4295 4322//4322
f 4295//4295 4323//4323 4322//4322
f 4295//4295 4296//4296 4323//4323
f 4296//4296 4324//4324 4323//4323
f 4296//4296 4297//4297 4324//4324
f 4297//4297 4325//4325 4324//4324
f 4297//4297 4298//4298 4325//4325
f 4298//4298 4326//4326 4325//4325
f 4298//4298 4299//4299 4326//4326
f 4299//4299 4327//4327 4326//4326
f 4299//4299 4300//4300 4327//4327
f 4300//4300 4328//4328 4327//4327
f 4300//4300 4301//4301 4328//4328
f 4301//4301 4329//4329 4328//4328
f 4301//4301 4302//4302 4329//4329
f 4302//4302 4330//4330 4329//4329
f 4302//4302 4303//4303 4330//4330
f 4303//4303 4331//4331 4330//4330
f 4303//4303 4304//4304 4331//4331
f 4304//4304 4332//4332 4331//4331
f 4304//4304 4305//4305 4332//4332
f 4305//4305 4333//4333 4332//4332
f 4305//4305 4306//4306 4333//4333
f 4306//4306 4334//4334 4333//4333
f 4306//4306 4307//4307 4334//4334
f 4307//4307 4335//4335 4334//4334
f 4307//4307 4308//4308 4335//4335
f 4308//4308 4336//4336 4335//4335
f 4308//4308 4309//4309 4336//4336
f 4309//4309 4337//4337 4336//4336
f 4309//4309 4310//4310 4337//4337
f 4310//4310 4338//4338 4337//4337
f 4310//4310 4311//4311 4338//4338
f 4311//4311 4339//4339 4338//4338
f 4311//4311 4312//4312 4339//4339
f 4312//4312 4340//4340 4339//4339
f 4312//4312 4285//4285 4340//4340
f 4285//4285 4313//4313 4340//4340
f 4313//4313 4314//4314 4341//4341
f 4314//4314 4342//4342 4341//4341
f 4314//4314 4315//4315 4342//4342
f 4315//4315 4343//4343 4342//4342
f 4315//4315 4316//4316 4343//4343
f 4316//4316 4344//4344 4343//4343
f 4316//4316 4317//4317 4344//4344
f 4317//4317 4345//4345 4344//4344
f 4317//4317 4318//4318 4345//4345
f 4318//4318 4346//4346 4345//4345
f 4318//4318 4319//4319 4346//4346
f 4319//4319 4347//4347 4346//4346
f 4319//4319 4320//4320 4347//4347
f 4320//4320 4348//4348 4347//4347
f 4320//4320 4321//4321 4348//4348
f 4321//4321 4349//4349 4348//4348
f 4321//4321 4322//4322 4349//4349
f 4322//4322 4350//4350 4349//4349
f 4322//4322 4323//4323 4350//4350
f 4323//4323 4351//4351 4350//4350
f 4323//4323 4324//4324 4351//4351
f 4324//4324 4352//4352 4351//4351
f 4324//4324 4325//4325 4352//4352
f 4325//4325 4353//4353 4352//4352
f 4325//4325 4326//4326 4353//4353
f 4326//4326 4354//4354 4353//4353
f 4326//4326 4327//4327 4354//4354
f 4327//4327 4355//4355 4354//4354
f 4327//4327 4328//4328 4355//4355
f 4328//4328 4356//4356 4355//4355
f 4328//4328 4329//4329 4356//4356
f 4329//4329 4357//4357 4356//4356
f 4329//4329 4330//4330 4357//4357
f 4330//4330 4358//4358 4357//4357
f 4330//4330 4331//4331 4358//4358
f 4331//4331 4359//4359 4358//4358
f 4331//4331 4332//4332 4359//4359
f 4332//4332 4360//4360 4359//4359
f 4332//4332 4333//4333 4360//4360
f 4333//4333 4361//4361 4360//4360
f 4333//4333 4334//4334 4361//4361
f 4334//4334 4362//4362 4361//4361
f 4334//4334 4335//4335 4362//4362
f 4335//4335 4363//4363 4362//4362
f 4335//4335 4336//4336 4363//4363
f 4336//4336 4364//4364 4363//4363
f 4336//4336 4337//4337 4364//4364
f 4337//4337 4365//4365 4364//4364
f 4337//4337 4338//4338 4365//4365
f 4338//4338 4366//4366 4365//4365
f 4338//4338 4339//4339 4366//4366
f 4339//4339 4367//4367 4366//4366
f 4339//4339 4340//4340 4367//4367
f 4340//4340 4368//4368 4367//4367
f 4340//4340 4313//4313 4368//4368
f 4313//4313 4341//4341 4368//4368
f 4341//4341 4342//4342 4369//4369
f 4342//4342 4370//4370 4369//4369
f 4342//4342 4343//4343 4370//4370
f 4343//4343 4371//4371 4370//4370
f 4343//4343 4344//4344 4371//4371
f 4344//4344 4372//4372 4371//4371
f 4344//4344 4345//4345 4372//4372
f 4345//4345 4373//4373 4372//4372
f 4345//4345 4346//4346 4373//4373
f 4346//4346 4374//4374 4373//4373
f 4346//4346 4347//4347 4374//4374
f 4347//4347 4375//4375 4374//4374
f 4347//4347 4348//4348 4375//4375
f 4348//4348 4376//4376 4375//4375
f 4348//4348 4349//4349 4376//4376
f 4349//4349 4377//4377 4376//4376
f 4349//4349 4350//4350 4377//4377
f 4350//4350 4378//4378 4377//4377
f 4350//4350 4351//4351 4378//4378
f 4351//4351 4379//4379 4378//4378
f 4351//4351 4352//4352 4379//4379
f 4352//4352 4380//4380 4379//4379
f 4352//4352 4353//4353 4380//4380
f 4353//4353 4381//4381 4380//4380
f 4353//4353 4354//4354 4381//4381
f 4354//4354 4382//4382 4381//4381
f 4354//4354 4355//4355 4382//4382
f 4355//4355 4383//4383 4382//4382
f 4355//4355 4356//4356 4383//4383
f 4356//4356 4384//4384 4383//4383
f 4356//4356 4357//4357 4384//4384
f 4357//4357 4385//4385 4384//4384
f 4357//4357 4358//4358 4385//4385
f 4358//4358 4386//4386 4385//4385
f 4358//4358 4359//4359 4386//4386
f 4359//4359 4387//4387 4386//4386
f 4359//4359 4360//4360 4387//4387
f 4360//4360 4388//4388 4387//4387
f 4360//4360 4361//4361 4388//4388
f 4361//4361 4389//4389 4388//4388
f 4361//4361 4362//4362 4389//4389
f 4362//4362 4390//4390 4389//4389
f 4362//4362 4363//4363 4390//4390
f 4363//4363 4391//4391 4390//4390
f 4363//4363 4364//4364 4391//4391
f 4364//4364 4392//4392 4391//4391
f 4364//4364 4365//4365 4392//4392
f 4365//4365 4393//4393 4392//4392
f 4365//4365 4366//4366 4393//4393
f 4366//4366 4394//4394 4393//4393
f 4366//4366 4367//4367 4394//4394
f 4367//4367 4395//4395 4394//4394
f 4367//4367 4368//4368 4395//4395
f 4368//4368 4396//4396 4395//4395
f 4368//4368 4341//4341 4396//4396
f 4341//4341 4369//4369 4396//4396
f 4369//4369 4370//4370 4397//4397
f 4370//4370 4398//4398 4397//4397
f 4370//4370 4371//4371 4398//4398
f 4371//4371 4399//4399 4398//4398
f 4371//4371 4372//4372 4399//4399
f 4372//4372 4400//4400 4399//4399
f 4372//4372 4373//4373 4400//4400
f 4373//4373 4401//4401 4400//4400
f 4373//4373 4374//4374 4401//4401
f 4374//4374 4402//4402 4401//4401
f 4374//4374 4375//4375 4402//4402
f 4375//4375 4403//4403 4402//4402
f 4375//4375 4376//4376 4403//4403
f 4376//4376 4404//4404 4403//4403
f 4376//4376 4377//4377 4404//4404
f 4377//4377 4405//4405 4404//4404
f 4377//4377 4378//4378 4405//4405
f 4378//4378 4406//4406 4405//4405
f 4378//4378 4379//4379 4406//4406
f 4379//4379 4407//4407 4406//4406
f 4379//4379 4380//4380 4407//4407
f 4380//4380 4408//4408 4407//4407
f 4380//4380 4381//4381 4408//4408
f 4381//4381 4409//4409 4408//4408
f 4381//4381 4382//4382 4409//4409
f 4382//4382 4410//4410 4409//4409
f 4382//4382 4383//4383 4410//4410
f 4383//4383 4411//4411 4410//4410
f 4383//4383 4384//4384 4411//4411
f 4384//4384 4412//4412 4411//4411
f 4384//4384 4385//4385 4412//4412
f 4385//4385 4413//4413 4412//4412
f 4385//4385 4386//4386 4413//4413
f 4386//4386 4414//4414 4413//4413
f 4386//4386 4387//4387 4414//4414
f 4387//4387 4415//4415 4414//4414
f 4387//4387 4388//4388 4415//4415
f 4388//4388 4416//4416 4415//4415
f 4388//4388 4389//4389 4416//4416
f 4389//4389 4417//4417 4416//4416
f 4389//4389 4390//4390 4417//4417
f 4390//4390 4418//4418 4417//4417
f 4390//4390 4391//4391 4418//4418
f 4391//4391 4419//4419 4418//4418
f 4391//4391 4392//4392 4419//4419
f 4392//4392 4420//4420 4419//4419
f 4392//4392 4393//4393 4420//4420
f 4393//4393 4421//4421 4420//4420
f 4393//4393 4394//4394 4421//4421
f 4394//4394 4422//4422 4421//4421
f 4394//4394 4395//4395 4422//4422
f 4395//4395 4423//4423 4422//4422
f 4395//4395 4396//4396 4423//4423
f 4396//4396 4424//4424 4423//4423
f 4396//4396 4369//4369 4424//4424
f 4369//4369 4397//4397 4424//4424
f 4397//4397 4398//4398 4425//4425
f 4398//4398 4426//4426 4425//4425
f 4398//4398 4399//4399 4426//4426
f 4399//4399 4427//4427 4426//4426
f 4399//4399 4400//4400 4427//4427
f 4400//4400 4428//4428 4427//4427
f 4400//4400 4401//4401 4428//4428
f 4401//4401 4429//4429 4428//4428
f 4401//4401 4402//4402 4429//4429
f 4402//4402 4430//4430 4429//4429
f 4402//4402 4403//4403 4430//4430
f 4403//4403 4431//4431 4430//4430
f 4403//4403 4404//4404 4431//4431
f 4404//4404 4432//4432 4431//4431
f 4404//4404 4405//4405 4432//4432
f 4405//4405 4433//4433 4432//4432
f 4405//4405 4406//4406 4433//4433
f 4406//4406 4434//4434 4433//4433
f 4406//4406 4407//4407 4434//4434
f 4407//4407 4435//4435 4434//4434
f 4407//4407 4408//4408 4435//4435
f 4408//4408 4436//4436 4435//4435
f 4408//4408 4409//4409 4436//4436
f 4409//4409 4437//4437 4436//4436
f 4409//4409 4410//4410 4437//4437
f 4410//4410 4438//4438 4437//4437
f 4410//4410 4411//4411 4438//4438
f 4411//4411 4439//4439 4438//4438
f 4411//4411 4412//4412 4439//4439
f 4412//4412 4440//4440 4439//4439
f 4412//4412 4413//4413 4440//4440
f 4413//4413 4441//4441 4440//4440
f 4413//4413 4414//4414 4441//4441
f 4414//4414 4442//4442 4441//4441
f 4414//4414 4415//4415 4442//4442
f 4415//4415 4443//4443 4442//4442
f 4415//4415 4416//4416 4443//4443
f 4416//4416 4444//4444 4443//4443
f 4416//4416 4417//4417 4444//4444
f 4417//4417 4445//4445 4444//4444
f 4417//4417 4418//4418 4445//4445
f 4418//4418 4446//4446 4445//4445
f 4418//4418 4419//4419 4446//4446
f 4419//4419 4447//4447 4446//4446
f 4419//4419 4420//4420 4447//4447
f 4420//4420 4448//4448 4447//4447
f 4420//4420 4421//4421 4448//4448
f 4421//4421 4449//4449 4448//4448
f 4421//4421 4422//4422 4449//4449
f 4422//4422 4450//4450 4449//4449
f 4422//4422 4423//4423 4450//4450
f 4423//4423 4451//4451 4450//4450
f 4423//4423 4424//4424 4451//4451
f 4424//4424 4452//4452 4451//4451
f 4424//4424 4397//4397 4452//4452
f 4397//4397 4425//4425 4452//4452
f 4425//4425 4426//4426 4453//4453
f 4426//4426 4454//4454 4453//4453
f 4426//4426 4427//4427 4454//4454
f 4427//4427 4455//4455 4454//4454
f 4427//4427 4428//4428 4455//4455
f 4428//4428 4456//4456 4455//4455
f 4428//4428 4429//4429 4456//4456
f 4429//4429 4457//4457 4456//4456
f 4429//4429 4430//4430 4457//4457
f 4430//4430 4458//4458 4457//4457
f 4430//4430 4431//4431 4458//4458
f 4431//4431 4459//4459 4458//4458
f 4431//4431 4432//4432 4459//4459
f 4432//4432 4460//4460 4459//4459
f 4432//4432 4433//4433 4460//4460
f 4433//4433 4461//4461 4460//4460
f 4433//4433 4434//4434 4461//4461
f 4434//4434 4462//4462 4461//4461
f 4434//4434 4435//4435 4462//4462
f 4435//4435 4463//4463 4462//4462
f 4435//4435 4436//4436 4463//4463
f 4436//4436 4464//4464 4463//4463
f 4436//4436 4437//4437 4464//4464
f 4437//4437 4465//4465 4464//4464
f 4437//4437 4438//4438 4465//4465
f 4438//4438 4466//4466 4465//4465
f 4438//4438 4439//4439 4466//4466
f 4439//4439 4467//4467 4466//4466
f 4439//4439 4440//4440 4467//4467
f 4440//4440 4468//4468 4467//4467
f 4440//4440 4441//4441 4468//4468
f 4441//4441 4469//4469 4468//4468
f 4441//4441 4442//4442 4469//4469
f 4442//4442 4470//4470 4469//4469
f 4442//4442 4443//4443 4470//4470
f 4443//4443 4471//4471 4470//4470
f 4443//4443 4444//4444 4471//4471
f 4444//4444 4472//4472 4471//4471
f 4444//4444 4445//4445 4472//4472
f 4445//4445 4473//4473 4472//4472
f 4445//4445 4446//4446 4473//4473
f 4446//4446 4474//4474 4473//4473
f 4446//4446 4447//4447 4474//4474
f 4447//4447 4475//4475 4474//4474
f 4447//4447 4448//4448 4475//4475
f 4448//4448 4476//4476 4475//4475
f 4448//4448 4449//4449 4476//4476
f 4449//4449 4477//4477 4476//4476
f 4449//4449 4450//4450 4477//4477
f 4450//4450 4478//4478 4477//4477
f 4450//4450 4451//4451 4478//4478
f 4451//4451 4479//4479 4478//4478
f 4451//4451 4452//4452 4479//4479
f 4452//4452 4480//4480 4479//4479
f 4452//4452 4425//4425 4480//4480
f 4425//4425 4453//4453 4480//4480
f 4453//4453 4454//4454 4481//4481
f 4454//4454 4482//4482 4481//4481
f 4454//4454 4455//4455 4482//4482
f 4455//4455 4483//4483 4482//4482
f 4455//4455 4456//4456 4483//4483
f 4456//4456 4484//4484 4483//4483
f 4456//4456 4457//4457 4484//4484
f 4457//4457 4485//4485 4484//4484
f 4457//4457 4458//4458 4485//4485
f 4458//4458 4486//4486 4485//4485
f 4458//4458 4459//4459 4486//4486
f 4459//4459 4487//4487 4486//4486
f 4459//4459 4460//4460 4487//4487
f 4460//4460 4488//4488 4487//4487
f 4460//4460 4461//4461 4488//4488
f 4461//4461 4489//4489 4488//4488
f 4461//4461 4462//4462 4489//4489
f 4462//4462 4490//4490 4489//4489
f 4462//4462 4463//4463 4490//4490
f 4463//4463 4491//4491 4490//4490
f 4463//4463 4464//4464 4491//4491
f 4464//4464 4492//4492 4491//4491
f 4464//4464 4465//4465 4492//4492
f 4465//4465 4493//4493 4492//4492
f 4465//4465 4466//4466 4493//4493
f 4466//4466 4494//4494 4493//4493
f 4466//4466 4467//4467 4494//4494
f 4467//4467 4495//4495 4494//4494
f 4467//4467 4468//4468 4495//4495
f 4468//4468 4496//4496 4495//4495
f 4468//4468 4469//4469 4496//4496
f 4469//4469 4497//4497 4496//4496
f 4469//4469 4470//4470 4497//4497
f 4470//4470 4498//4498 4497//4497
f 4470//4470 4471//4471 4498//4498
f 4471//4471 4499//4499 4498//4498
f 4471//4471 4472//4472 4499//4499
f 4472//4472 4500//4500 4499//4499
f 4472//4472 4473//4473 4500//4500
f 4473//4473 4501//4501 4500//4500
f 4473//4473 4474//4474 4501//4501
f 4474//4474 4502//4502 4501//4501
f 4474//4474 4475//4475 4502//4502
f 4475//4475 4503//4503 4502//4502
f 4475//4475 4476//4476 4503//4503
f 4476//4476 4504//4504 4503//4503
f 4476//4476 4477//4477 4504//4504
f 4477//4477 4505//4505 4504//4504
f 4477//4477 4478//4478 4505//4505
f 4478//4478 4506//4506 4505//4505
f 4478//4478 4479//4479 4506//4506
f 4479//4479 4507//4507 4506//4506
f 4479//4479 4480//4480 4507//4507
f 4480//4480 4508//4508 4507//4507
f 4480//4480 4453//4453 4508//4508
f 4453//4453 4481//4481 4508//4508
f 4481//4481 4482//4482 4509//4509
f 4482//4482 4510//4510 4509//4509
f 4482//4482 4483//4483 4510//4510
f 4483//4483 4511//4511 4510//4510
f 4483//4483 4484//4484 4511//4511
f 4484//4484 4512//4512 4511//4511
f 4484//4484 4485//4485 4512//4512
f 4485//4485 4513//4513 4512//4512
f 4485//4485 4486//4486 4513//4513
f 4486//4486 4514//4514 4513//4513
f 4486//4486 4487//4487 4514//4514
f 4487//4487 4515//4515 4514//4514
f 4487//4487 4488//4488 4515//4515
f 4488//4488 4516//4516 4515//4515
f 4488//4488 4489//4489 4516//4516
f 4489//4489 4517//4517 4516//4516
f 4489//4489 4490//4490 4517//4517
f 4490//4490 4518//4518 4517//4517
f 4490//4490 4491//4491 4518//4518
f 4491//4491 4519//4519 4518//4518
f 4491//4491 4492//4492 4519//4519
f 4492//4492 4520//4520 4519//4519
f 4492//4492 4493//4493 4520//4520
f 4493//4493 4521//4521 4520//4520
f 4493//4493 4494//4494 4521//4521
f 4494//4494 4522//4522 4521//4521
f 4494//4494 4495//4495 4522//4522
f 4495//4495 4523//4523 4522//4522
f 4495//4495 4496//4496 4523//4523
f 4496//4496 4524//4524 4523//4523
f 4496//4496 4497//4497 4524//4524
f 4497//4497 4525//4525 4524//4524
f 4497//4497 4498//4498 4525//4525
f 4498//4498 4526//4526 4525//4525
f 4498//4498 4499//4499 4526//4526
f 4499//4499 4527//4527 4526//4526
f 4499//4499 4500//4500 4527//4527
f 4500//4500 4528//4528 4527//4527
f 4500//4500 4501//4501 4528//4528
f 4501//4501 4529//4529 4528//4528
f 4501//4501 4502//4502 4529//4529
f 4502//4502 4530//4530 4529//4529
f 4502//4502 4503//4503 4530//4530
f 4503//4503 4531//4531 4530//4530
f 4503//4503 4504//4504 4531//4531
f 4504//4504 4532//4532 4531//4531
f 4504//4504 4505//4505 4532//4532
f 4505//4505 4533//4533 4532//4532
f 4505//4505 4506//4506 4533//4533
f 4506//4506 4534//4534 4533//4533
f 4506//4506 4507//4507 4534//4534
f 4507//4507 4535//4535 4534//4534
f 4507//4507 4508//4508 4535//4535
f 4508//4508 4536//4536 4535//4535
f 4508//4508 4481//4481 4536//4536
f 4481//4481 4509//4509 4536//4536
f 4509//4509 4510//4510 4537//4537
f 4510//4510 4538//4538 4537//4537
f 4510//4510 4511//4511 4538//4538
f 4511//4511 4539//4539 4538//4538
f 4511//4511 4512//4512 4539//4539
f 4512//4512 4540//4540 4539//4539
f 4512//4512 4513//4513 4540//4540
f 4513//4513 4541//4541 4540//4540
f 4513//4513 4514//4514 4541//4541
f 4514//4514 4542//4542 4541//4541
f 4514//4514 4515//4515 4542//4542
f 4515//4515 4543//4543 4542//4542
f 4515//4515 4516//4516 4543//4543
f 4516//4516 4544//4544 4543//4543
f 4516//4516 4517//4517 4544//4544
f 4517//4517 4545//4545 4544//4544
f 4517//4517 4518//4518 4545//4545
f 4518//4518 4546//4546 4545//4545
f 4518//4518 4519//4519 4546//4546
f 4519//4519 4547//4547 4546//4546
f 4519//4519 4520//4520 4547//4547
f 4520//4520 4548//4548 4547//4547
f 4520//4520 4521//4521 4548//4548
f 4521//4521 4549//4549 4548//4548
f 4521//4521 4522//4522 4549//4549
f 4522//4522 4550//4550 4549//4549
f 4522//4522 4523//4523 4550//4550
f 4523//4523 4551//4551 4550//4550
f 4523//4523 4524//4524 4551//4551
f 4524//4524 4552//4552 4551//4551
f 4524//4524 4525//4525 4552//4552
f 4525//4525 4553//4553 4552//4552
f 4525//4525 4526//4526 4553//4553
f 4526//4526 4554//4554 4553//4553
f 4526//4526 4527//4527 4554//4554
f 4527//4527 4555//4555 4554//4554
f 4527//4527 4528//4528 4555//4555
f 4528//4528 4556//4556 4555//4555
f 4528//4528 4529//4529 4556//4556
f 4529//4529 4557//4557 4556//4556
f 4529//4529 4530//4530 4557//4557
f 4530//4530 4558//4558 4557//4557
f 4530//4530 4531//4531 4558//4558
f 4531//4531 4559//4559 4558//4558
f 4531//4531 4532//4532 4559//4559
f 4532//4532 4560//4560 4559//4559
f 4532//4532 4533//4533 4560//4560
f 4533//4533 4561//4561 4560//4560
f 4533//4533 4534//4534 4561//4561
f 4534//4534 4562//4562 4561//4561
f 4534//4534 4535//4535 4562//4562
f 4535//4535 4563//4563 4562//4562
f 4535//4535 4536//4536 4563//4563
f 4536//4536 4564//4564 4563//4563
f 4536//4536 4509//4509 4564//4564
f 4509//4509 4537//4537 4564//4564
f 4537//4537 4538//4538 4565//4565
f 4538//4538 4566//4566 4565//4565
f 4538//4538 4539//4539 4566//4566
f 4539//4539 4567//4567 4566//4566
f 4539//4539 4540//4540 4567//4567
f 4540//4540 4568//4568 4567//4567
f 4540//4540 4541//4541 4568//4568
f 4541//4541 4569//4569 4568//4568
f 4541//4541 4542//4542 4569//4569
f 4542//4542 4570//4570 4569//4569
f 4542//4542 4543//4543 4570//4570
f 4543//4543 4571//4571 4570//4570
f 4543//4543 4544//4544 4571//4571
f 4544//4544 4572//4572 4571//4571
f 4544//4544 4545//4545 4572//4572
f 4545//4545 4573//4573 4572//4572
f 4545//4545 4546//4546 4573//4573
f 4546//4546 4574//4574 4573//4573
f 4546//4546 4547//4547 4574//4574
f 4547//4547 4575//4575 4574//4574
f 4547//4547 4548//4548 4575//4575
f 4548//4548 4576//4576 4575//4575
f 4548//4548 4549//4549 4576//4576
f 4549//4549 4577//4577 4576//4576
f 4549//4549 4550//4550 4577//4577
f 4550//4550 4578//4578 4577//4577
f 4550//4550 4551//4551 4578//4578
f 4551//4551 4579//4579 4578//4578
f 4551//4551 4552//4552 4579//4579
f 4552//4552 4580//4580 4579//4579
f 4552//4552 4553//4553 4580//4580
f 4553//4553 4581//4581 4580//4580
f 4553//4553 4554//4554 4581//4581
f 4554//4554 4582//4582 4581//4581
f 4554//4554 4555//4555 4582//4582
f 4555//4555 4583//4583 4582//4582
f 4555//4555 4556//4556 4583//4583
f 4556//4556 4584//4584 4583//4583
f 4556//4556 4557//4557 4584//4584
f 4557//4557 4585//4585 4584//4584
f 4557//4557 4558//4558 4585//4585
f 4558//4558 4586//4586 4585//4585
f 4558//4558 4559//4559 4586//4586
f 4559//4559 4587//4587 4586//4586
f 4559//4559 4560//4560 4587//4587
f 4560//4560 4588//4588 4587//4587
f 4560//4560 4561//4561 4588//4588
f 4561//4561 4589//4589 4588//4588
f 4561//4561 4562//4562 4589//4589
f 4562//4562 4590//4590 4589//4589
f 4562//4562 4563//4563 4590//4590
f 4563//4563 4591//4591 4590//4590
f 4563//4563 4564//4564 4591//4591
f 4564//4564 4592//4592 4591//4591
f 4564//4564 4537//4537 4592//4592
f 4537//4537 4565//4565 4592//4592
f 4565//4565 4566//4566 4593//4593
f 4566//4566 4594//4594 4593//4593
f 4566//4566 4567//4567 4594//4594
f 4567//4567 4595//4595 4594//4594
f 4567//4567 4568//4568 4595//4595
f 4568//4568 4596//4596 4595//4595
f 4568//4568 4569//4569 4596//4596
f 4569//4569 4597//4597 4596//4596
f 4569//4569 4570//4570 4597//4597
f 4570//4570 4598//4598 4597//4597
f 4570//4570 4571//4571 4598//4598
f 4571//4571 4599//4599 4598//4598
f 4571//4571 4572//4572 4599//4599
f 4572//4572 4600//4600 4599//4599
f 4572//4572 4573//4573 4600//4600
f 4573//4573 4601//4601 4600//4600
f 4573//4573 4574//4574 4601//4601
f 4574//4574 4602//4602 4601//4601
f 4574//4574 4575//4575 4602//4602
f 4575//4575 4603//4603 4602//4602
f 4575//4575 4576//4576 4603//4603
f 4576//4576 4604//4604 4603//4603
f 4576//4576 4577//4577 4604//4604
f 4577//4577 4605//4605 4604//4604
f 4577//4577 4578//4578 4605//4605
f 4578//4578 4606//4606 4605//4605
f 4578//4578 4579//4579 4606//4606
f 4579//4579 4607//4607 4606//4606
f 4579//4579 4580//4580 4607//4607
f 4580//4580 4608//4608 4607//4607
f 4580//4580 4581//4581 4608//4608
f 4581//4581 4609//4609 4608//4608
f 4581//4581 4582//4582 4609//4609
f 4582//4582 4610//4610 4609//4609
f 4582//4582 4583//4583 4610//4610
f 4583//4583 4611//4611 4610//4610
f 4583//4583 4584//4584 4611//4611
f 4584//4584 4612//4612 4611//4611
f 4584//4584 4585//4585 4612//4612
f 4585//4585 4613//4613 4612//4612
f 4585//4585 4586//4586 4613//4613
f 4586//4586 4614//4614 4613//4613
f 4586//4586 4587//4587 4614//4614
f 4587//4587 4615//4615 4614//4614
f 4587//4587 4588//4588 4615//4615
f 4588//4588 4616//4616 4615//4615
f 4588//4588 4589//4589 4616//4616
f 4589//4589 4617//4617 4616//4616
f 4589//4589 4590//4590 4617//4617
f 4590//4590 4618//4618 4617//4617
f 4590//4590 4591//4591 4618//4618
f 4591//4591 4619//4619 4618//4618
f 4591//4591 4592//4592 4619//4619
f 4592//4592 4620//4620 4619//4619
f 4592//4592 4565//4565 4620//4620
f 4565//4565 4593//4593 4620//4620
f 4593//4593 4594//4594 4621//4621
f 4594//4594 4622//4622 4621//4621
f 4594//4594 4595//4595 4622//4622
f 4595//4595 4623//4623 4622//4622
f 4595//4595 4596//4596 4623//4623
f 4596//4596 4624//4624 4623//4623
f 4596//4596 4597//4597 4624//4624
f 4597//4597 4625//4625 4624//4624
f 4597//4597 4598//4598 4625//4625
f 4598//4598 4626//4626 4625//4625
f 4598//4598 4599//4599 4626//4626
f 4599//4599 4627//4627 4626//4626
f 4599//4599 4600//4600 4627//4627
f 4600//4600 4628//4628 4627//4627
f 4600//4600 4601//4601 4628//4628
f 4601//4601 4629//4629 4628//4628
f 4601//4601 4602//4602 4629//4629
f 4602//4602 4630//4630 4629//4629
f 4602//4602 4603//4603 4630//4630
f 4603//4603 4631//4631 4630//4630
f 4603//4603 4604//4604 4631//4631
f 4604//4604 4632//4632 4631//4631
f 4604//4604 4605//4605 4632//4632
f 4605//4605 4633//4633 4632//4632
f 4605//4605 4606//4606 4633//4633
f 4606//4606 4634//4634 4633//4633
f 4606//4606 4607//4607 4634//4634
f 4607//4607 4635//4635 4634//4634
f 4607//4607 4608//4608 4635//4635
f 4608//4608 4636//4636 4635//4635
f 4608//4608 4609//4609 4636//4636
f 4609//4609 4637//4637 4636//4636
f 4609//4609 4610//4610 4637//4637
f 4610//4610 4638//4638 4637//4637
f 4610//4610 4611//4611 4638//4638
f 4611//4611 4639//4639 4638//4638
f 4611//4611 4612//4612 4639//4639
f 4612//4612 4640//4640 4639//4639
f 4612//4612 4613//4613 4640//4640
f 4613//4613 4641//4641 4640//4640
f 4613//4613 4614//4614 4641//4641
f 4614//4614 4642//4642 4641//4641
f 4614//4614 4615//4615 4642//4642
f 4615//4615 4643//4643 4642//4642
f 4615//4615 4616//4616 4643//4643
f 4616//4616 4644//4644 4643//4643
f 4616//4616 4617//4617 4644//4644
f 4617//4617 4645//4645 4644//4644
f 4617//4617 4618//4618 4645//4645
f 4618//4618 4646//4646 4645//4645
f 4618//4618 4619//4619 4646//4646
f 4619//4619 4647//4647 4646//4646
f 4619//4619 4620//4620 4647//4647
f 4620//4620 4648//4648 4647//4647
f 4620//4620 4593//4593 4648//4648
f 4593//4593 4621//4621 4648//4648
f 4621//4621 4622//4622 4649//4649
f 4622//4622 4650//4650 4649//4649
f 4622//4622 4623//4623 4650//4650
f 4623//4623 4651//4651 4650//4650
f 4623//4623 4624//4624 4651//4651
f 4624//4624 4652//4652 4651//4651
f 4624//4624 4625//4625 4652//4652
f 4625//4625 4653//4653 4652//4652
f 4625//4625 4626//4626 4653//4653
f 4626//4626 4654//4654 4653//4653
f 4626//4626 4627//4627 4654//4654
f 4627//4627 4655//4655 4654//4654
f 4627//4627 4628//4628 4655//4655
f 4628//4628 4656//4656 4655//4655
f 4628//4628 4629//4629 4656//4656
f 4629//4629 4657//4657 4656//4656
f 4629//4629 4630//4630 4657//4657
f 4630//4630 4658//4658 4657//4657
f 4630//4630 4631//4631 4658//4658
f 4631//4631 4659//4659 4658//4658
f 4631//4631 4632//4632 4659//4659
f 4632//4632 4660//4660 4659//4659
f 4632//4632 4633//4633 4660//4660
f 4633//4633 4661//4661 4660//4660
f 4633//4633 4634//4634 4661//4661
f 4634//4634 4662//4662 4661//4661
f 4634//4634 4635//4635 4662//4662
f 4635//4635 4663//4663 4662//4662
f 4635//4635 4636//4636 4663//4663
f 4636//4636 4664//4664 4663//4663
f 4636//4636 4637//4637 4664//4664
f 4637//4637 4665//4665 4664//4664
f 4637//4637 4638//4638 4665//4665
f 4638//4638 4666//4666 4665//4665
f 4638//4638 4639//4639 4666//4666
f 4639//4639 4667//4667 4666//4666
f 4639//4639 4640//4640 4667//4667
f 4640//4640 4668//4668 4667//4667
f 4640//4640 4641//4641 4668//4668
f 4641//4641 4669//4669 4668//4668
f 4641//4641 4642//4642 4669//4669
f 4642//4642 4670//4670 4669//4669
f 4642//4642 4643//4643 4670//4670
f 4643//4643 4671//4671 4670//4670
f 4643//4643 4644//4644 4671//4671
f 4644//4644 4672//4672 4671//4671
f 4644//4644 4645//4645 4672//4672
f 4645//4645 4673//4673 4672//4672
f 4645//4645 4646//4646 4673//4673
f 4646//4646 4674//4674 4673//4673
f 4646//4646 4647//4647 4674//4674
f 4647//4647 4675//4675 4674//4674
f 4647//4647 4648//4648 4675//4675
f 4648//4648 4676//4676 4675//4675
f 4648//4648 4621//4621 4676//4676
f 4621//4621 4649//4649 4676//4676
f 4649//4649 4650//4650 4677//4677
f 4650//4650 4678//4678 4677//4677
f 4650//4650 4651//4651 4678//4678
f 4651//4651 4679//4679 4678//4678
f 4651//4651 4652//4652 4679//4679
f 4652//4652 4680//4680 4679//4679
f 4652//4652 4653//4653 4680//4680
f 4653//4653 4681//4681 4680//4680
f 4653//4653 4654//4654 4681//4681
f 4654//4654 4682//4682 4681//4681
f 4654//4654 4655//4655 4682//4682
f 4655//4655 4683//4683 4682//4682
f 4655//4655 4656//4656 4683//4683
f 4656//4656 4684//4684 4683//4683
f 4656//4656 4657//4657 4684//4684
f 4657//4657 4685//4685 4684//4684
f 4657//4657 4658//4658 4685//4685
f 4658//4658 4686//4686 4685//4685
f 4658//4658 4659//4659 4686//4686
f 4659//4659 4687//4687 4686//4686
f 4659//4659 4660//4660 4687//4687
f 4660//4660 4688//4688 4687//4687
f 4660//4660 4661//4661 4688//4688
f 4661//4661 4689//4689 4688//4688
f 4661//4661 4662//4662 4689//4689
f 4662//4662 4690//4690 4689//4689
f 4662//4662 4663//4663 4690//4690
f 4663//4663 4691//4691 4690//4690
f 4663//4663 4664//4664 4691//4691
f 4664//4664 4692//4692 4691//4691
f 4664//4664 4665//4665 4692//4692
f 4665//4665 4693//4693 4692//4692
f 4665//4665 4666//4666 4693//4693
f 4666//4666 4694//4694 4693//4693
f 4666//4666 4667//4667 4694//4694
f 4667//4667 4695//4695 4694//4694
f 4667//4667 4668//4668 4695//4695
f 4668//4668 4696//4696 4695//4695
f 4668//4668 4669//4669 4696//4696
f 4669//4669 4697//4697 4696//4696
f 4669//4669 4670//4670 4697//4697
f 4670//4670 4698//4698 4697//4697
f 4670//4670 4671//4671 4698//4698
f 4671//4671 4699//4699 4698//4698
f 4671//4671 4672//4672 4699//4699
f 4672//4672 4700//4700 4699//4699
f 4672//4672 4673//4673 4700//4700
f 4673//4673 4701//4701 4700//4700
f 4673//4673 4674//4674 4701//4701
f 4674//4674 4702//4702 4701//4701
f 4674//4674 4675//4675 4702//4702
f 4675//4675 4703//4703 4702//4702
f 4675//4675 4676//4676 4703//4703
f 4676//4676 4704//4704 4703//4703
f 4676//4676 4649//4649 4704//4704
f 4649//4649 4677//4677 4704//4704
f 4677//4677 4678//4678 4705//4705
f 4678//4678 4706//4706 4705//4705
f 4678//4678 4679//4679 4706//4706
f 4679//4679 4707//4707 4706//4706
f 4679//4679 4680//4680 4707//4707
f 4680//4680 4708//4708 4707//4707
f 4680//4680 4681//4681 4708//4708
f 4681//4681 4709//4709 4708//4708
f 4681//4681 4682//4682 4709//4709
f 4682//4682 4710//4710 4709//4709
f 4682//4682 4683//4683 4710//4710
f 4683//4683 4711//4711 4710//4710
f 4683//4683 4684//4684 4711//4711
f 4684//4684 4712//4712 4711//4711
f 4684//4684 4685//4685 4712//4712
f 4685//4685 4713//4713 4712//4712
f 4685//4685 4686//4686 4713//4713
f 4686//4686 4714//4714 4713//4713
f 4686//4686 4687//4687 4714//4714
f 4687//4687 4715//4715 4714//4714
f 4687//4687 4688//4688 4715//4715
f 4688//4688 4716//4716 4715//4715
f 4688//4688 4689//4689 4716//4716
f 4689//4689 4717//4717 4716//4716
f 4689//4689 4690//4690 4717//4717
f 4690//4690 4718//4718 4717//4717
f 4690//4690 4691//4691 4718//4718
f 4691//4691 4719//4719 4718//4718
f 4691//4691 4692//4692 4719//4719
f 4692//4692 4720//4720 4719//4719
f 4692//4692 4693//4693 4720//4720
f 4693//4693 4721//4721 4720//4720
f 4693//4693 4694//4694 4721//4721
f 4694//4694 4722//4722 4721//4721
f 4694//4694 4695//4695 4722//4722
f 4695//4695 4723//4723 4722//4722
f 4695//4695 4696//4696 4723//4723
f 4696//4696 4724//4724 4723//4723
f 4696//4696 4697//4697 4724//4724
f 4697//4697 4725//4725 4724//4724
f 4697//4697 4698//4698 4725//4725
f 4698//4698 4726//4726 4725//4725
f 4698//4698 4699//4699 4726//4726
f 4699//4699 4727//4727 4726//4726
f 4699//4699 4700//4700 4727//4727
f 4700//4700 4728//4728 4727//4727
f 4700//4700 4701//4701 4728//4728
f 4701//4701 4729//4729 4728//4728
f 4701//4701 4702//4702 4729//4729
f 4702//4702 4730//4730 4729//4729
f 4702//4702 4703//4703 4730//4730
f 4703//4703 4731//4731 4730//4730
f 4703//4703 4704//4704 4731//4731
f 4704//4704 4732//4732 4731//4731
f 4704//4704 4677//4677 4732//4732
f 4677//4677 4705//4705 4732//4732
f 4705//4705 4706//4706 4733//4733
f 4706//4706 4734//4734 4733//4733
f 4706//4706 4707//4707 4734//4734
f 4707//4707 4735//4735 4734//4734
f 4707//4707 4708//4708 4735//4735
f 4708//4708 4736//4736 4735//4735
f 4708//4708 4709//4709 4736//4736
f 4709//4709 4737//4737 4736//4736
f 4709//4709 4710//4710 4737//4737
f 4710//4710 4738//4738 4737//4737
f 4710//4710 4711//4711 4738//4738
f 4711//4711 4739//4739 4738//4738
f 4711//4711 4712//4712 4739//4739
f 4712//4712 4740//4740 4739//4739
f 4712//4712 4713//4713 4740//4740
f 4713//4713 4741//4741 4740//4740
f 4713//4713 4714//4714 4741//4741
f 4714//4714 4742//4742 4741//4741
f 4714//4714 4715//4715 4742//4742
f 4715//4715 4743//4743 4742//4742
f 4715//4715 4716//4716 4743//4743
f 4716//4716 4744//4744 4743//4743
f 4716//4716 4717//4717 4744//4744
f 4717//4717 4745//4745 4744//4744
f 4717//4717 4718//4718 4745//4745
f 4718//4718 4746//4746 4745//4745
f 4718//4718 4719//4719 4746//4746
f 4719//4719 4747//4747 4746//4746
f 4719//4719 4720//4720 4747//4747
f 4720//4720 4748//4748 4747//4747
f 4720//4720 4721//4721 4748//4748
f 4721//4721 4749//4749 4748//4748
f 4721//4721 4722//4722 4749//4749
f 4722//4722 4750//4750 4749//4749
f 4722//4722 4723//4723 4750//4750
f 4723//4723 4751//4751 4750//4750
f 4723//4723 4724//4724 4751//4751
f 4724//4724 4752//4752 4751//4751
f 4724//4724 4725//4725 4752//4752
f 4725//4725 4753//4753 4752//4752
f 4725//4725 4726//4726 4753//4753
f 4726//4726 4754//4754 4753//4753
f 4726//4726 4727//4727 4754//4754
f 4727//4727 4755//4755 4754//4754
f 4727//4727 4728//4728 4755//4755
f 4728//4728 4756//4756 4755//4755
f 4728//4728 4729//4729 4756//4756
f 4729//4729 4757//4757 4756//4756
f 4729//4729 4730//4730 4757//4757
f 4730//4730 4758//4758 4757//4757
f 4730//4730 4731//4731 4758//4758
f 4731//4731 4759//4759 4758//4758
f 4731//4731 4732//4732 4759//4759
f 4732//4732 4760//4760 4759//4759
f 4732//4732 4705//4705 4760//4760
f 4705//4705 4733//4733 4760//4760
f 4733//4733 4734//4734 4761//4761
f 4734//4734 4762//4762 4761//4761
f 4734//4734 4735//4735 4762//4762
f 4735//4735 4763//4763 4762//4762
f 4735//4735 4736//4736 4763//4763
f 4736//4736 4764//4764 4763//4763
f 4736//4736 4737//4737 4764//4764
f 4737//4737 4765//4765 4764//4764
f 4737//4737 4738//4738 4765//4765
f 4738//4738 4766//4766 4765//4765
f 4738//4738 4739//4739 4766//4766
f 4739//4739 4767//4767 4766//4766
f 4739//4739 4740//4740 4767//4767
f 4740//4740 4768//4768 4767//4767
f 4740//4740 4741//4741 4768//4768
f 4741//4741 4769//4769 4768//4768
f 4741//4741 4742//4742 4769//4769
f 4742//4742 4770//4770 4769//4769
f 4742//4742 4743//4743 4770//4770
f 4743//4743 4771//4771 4770//4770
f 4743//4743 4744//4744 4771//4771
f 4744//4744 4772//4772 4771//4771
f 4744//4744 4745//4745 4772//4772
f 4745//4745 4773//4773 4772//4772
f 4745//4745 4746//4746 4773//4773
f 4746//4746 4774//4774 4773//4773
f 4746//4746 4747//4747 4774//4774
f 4747//4747 4775//4775 4774//4774
f 4747//4747 4748//4748 4775//4775
f 4748//4748 4776//4776 4775//4775
f 4748//4748 4749//4749 4776//4776
f 4749//4749 4777//4777 4776//4776
f 4749//4749 4750//4750 4777//4777
f 4750//4750 4778//4778 4777//4777
f 4750//4750 4751//4751 4778//4778
f 4751//4751 4779//4779 4778//4778
f 4751//4751 4752//4752 4779//4779
f 4752//4752 4780//4780 4779//4779
f 4752//4752 4753//4753 4780//4780
f 4753//4753 4781//4781 4780//4780
f 4753//4753 4754//4754 4781//4781
f 4754//4754 4782//4782 4781//4781
f 4754//4754 4755//4755 4782//4782
f 4755//4755 4783//4783 4782//4782
f 4755//4755 4756//4756 4783//4783
f 4756//4756 4784//4784 4783//4783
f 4756//4756 4757//4757 4784//4784
f 4757//4757 4785//4785 4784//4784
f 4757//4757 4758//4758 4785//4785
f 4758//4758 4786//4786 4785//4785
f 4758//4758 4759//4759 4786//4786
f 4759//4759 4787//4787 4786//4786
f 4759//4759 4760//4760 4787//4787
f 4760//4760 4788//4788 4787//4787
f 4760//4760 4733//4733 4788//4788
f 4733//4733 4761//4761 4788//4788
f 4761//4761 4762//4762 4789//4789
f 4762//4762 4790//4790 4789//4789
f 4762//4762 4763//4763 4790//4790
f 4763//4763 4791//4791 4790//4790
f 4763//4763 4764//4764 4791//4791
f 4764//4764 4792//4792 4791//4791
f 4764//4764 4765//4765 4792//4792
f 4765//4765 4793//4793 4792//4792
f 4765//4765 4766//4766 4793//4793
f 4766//4766 4794//4794 4793//4793
f 4766//4766 4767//4767 4794//4794
f 4767//4767 4795//4795 4794//4794
f 4767//4767 4768//4768 4795//4795
f 4768//4768 4796//4796 4795//4795
f 4768//4768 4769//4769 4796//4796
f 4769//4769 4797//4797 4796//4796
f 4769//4769 4770//4770 4797//4797
f 4770//4770 4798//4798 4797//4797
f 4770//4770 4771//4771 4798//4798
f 4771//4771 4799//4799 4798//4798
f 4771//4771 4772//4772 4799//4799
f 4772//4772 4800//4800 4799//4799
f 4772//4772 4773//4773 4800//4800
f 4773//4773 4801//4801 4800//4800
f 4773//4773 4774//4774 4801//4801
f 4774//4774 4802//4802 4801//4801
f 4774//4774 4775//4775 4802//4802
f 4775//4775 4803//4803 4802//4802
f 4775//4775 4776//4776 4803//4803
f 4776//4776 4804//4804 4803//4803
f 4776//4776 4777//4777 4804//4804
f 4777//4777 4805//4805 4804//4804
f 4777//4777 4778//4778 4805//4805
f 4778//4778 4806//4806 4805//4805
f 4778//4778 4779//4779 4806//4806
f 4779//4779 4807//4807 4806//4806
f 4779//4779 4780//4780 4807//4807
f 4780//4780 4808//4808 4807//4807
f 4780//4780 4781//4781 4808//4808
f 4781//4781 4809//4809 4808//4808
f 4781//4781 4782//4782 4809//4809
f 4782//4782 4810//4810 4809//4809
f 4782//4782 4783//4783 4810//4810
f 4783//4783 4811//4811 4810//4810
f 4783//4783 4784//4784 4811//4811
f 4784//4784 4812//4812 4811//4811
f 4784//4784 4785//4785 4812//4812
f 4785//4785 4813//4813 4812//4812
f 4785//4785 4786//4786 4813//4813
f 4786//4786 4814//4814 4813//4813
f 4786//4786 4787//4787 4814//4814
f 4787//4787 4815//4815 4814//4814
f 4787//4787 4788//4788 4815//4815
f 4788//4788 4816//4816 4815//4815
f 4788//4788 4761//4761 4816//4816
f 4761//4761 4789//4789 4816//4816
f 4789//4789 4790//4790 4817//4817
f 4790//4790 4818//4818 4817//4817
f 4790//4790 4791//4791 4818//4818
f 4791//4791 4819//4819 4818//4818
f 4791//4791 4792//4792 4819//4819
f 4792//4792 4820//4820 4819//4819
f 4792//4792 4793//4793 4820//4820
f 4793//4793 4821//4821 4820//4820
f 4793//4793 4794//4794 4821//4821
f 4794//4794 4822//4822 4821//4821
f 4794//4794 4795//4795 4822//4822
f 4795//4795 4823//4823 4822//4822
f 4795//4795 4796//4796 4823//4823
f 4796//4796 4824//4824 4823//4823
f 4796//4796 4797//4797 4824//4824
f 4797//4797 4825//4825 4824//4824
f 4797//4797 4798//4798 4825//4825
f 4798//4798 4826//4826 4825//4825
f 4798//4798 4799//4799 4826//4826
f 4799//4799 4827//4827 4826//4826
f 4799//4799 4800//4800 4827//4827
f 4800//4800 4828//4828 4827//4827
f 4800//4800 4801//4801 4828//4828
f 4801//4801 4829//4829 4828//4828
f 4801//4801 4802//4802 4829//4829
f 4802//4802 4830//4830 4829//4829
f 4802//4802 4803//4803 4830//4830
f 4803//4803 4831//4831 4830//4830
f 4803//4803 4804//4804 4831//4831
f 4804//4804 4832//4832 4831//4831
f 4804//4804 4805//4805 4832//4832
f 4805//4805 4833//4833 4832//4832
f 4805//4805 4806//4806 4833//4833
f 4806//4806 4834//4834 4833//4833
f 4806//4806 4807//4807 4834//4834
f 4807//4807 4835//4835 4834//4834
f 4807//4807 4808//4808 4835//4835
f 4808//4808 4836//4836 4835//4835
f 4808//4808 4809//4809 4836//4836
f 4809//4809 4837//4837 4836//4836
f 4809//4809 4810//4810 4837//4837
f 4810//4810 4838//4838 4837//4837
f 4810//4810 4811//4811 4838//4838
f 4811//4811 4839//4839 4838//4838
f 4811//4811 4812//4812 4839//4839
f 4812//4812 4840//4840 4839//4839
f 4812//4812 4813//4813 4840//4840
f 4813//4813 4841//4841 4840//4840
f 4813//4813 4814//4814 4841//4841
f 4814//4814 4842//4842 4841//4841
f 4814//4814 4815//4815 4842//4842
f 4815//4815 4843//4843 4842//4842
f 4815//4815 4816//4816 4843//4843
f 4816//4816 4844//4844 4843//4843
f 4816//4816 4789//4789 4844//4844
f 4789//4789 4817//4817 4844//4844
f 4817//4817 4818//4818 4845//4845
f 4818//4818 4846//4846 4845//4845
f 4818//4818 4819//4819 4846//4846
f 4819//4819 4847//4847 4846//4846
f 4819//4819 4820//4820 4847//4847
f 4820//4820 4848//4848 4847//4847
f 4820//4820 4821//4821 4848//4848
f 4821//4821 4849//4849 4848//4848
f 4821//4821 4822//4822 4849//4849
f 4822//4822 4850//4850 4849//4849
f 4822//4822 4823//4823 4850//4850
f 4823//4823 4851//4851 4850//4850
f 4823//4823 4824//4824 4851//4851
f 4824//4824 4852//4852 4851//4851
f 4824//4824 4825//4825 4852//4852
f 4825//4825 4853//4853 4852//4852
f 4825//4825 4826//4826 4853//4853
f 4826//4826 4854//4854 4853//4853
f 4826//4826 4827//4827 4854//4854
f 4827//4827 4855//4855 4854//4854
f 4827//4827 4828//4828 4855//4855
f 4828//4828 4856//4856 4855//4855
f 4828//4828 4829//4829 4856//4856
f 4829//4829 4857//4857 4856//4856
f 4829//4829 4830//4830 4857//4857
f 4830//4830 4858//4858 4857//4857
f 4830//4830 4831//4831 4858//4858
f 4831//4831 4859//4859 4858//4858
f 4831//4831 4832//4832 4859//4859
f 4832//4832 4860//4860 4859//4859
f 4832//4832 4833//4833 4860//4860
f 4833//4833 4861//4861 4860//4860
f 4833//4833 4834//4834 4861//4861
f 4834//4834 4862//4862 4861//4861
f 4834//4834 4835//4835 4862//4862
f 4835//4835 4863//4863 4862//4862
f 4835//4835 4836//4836 4863//4863
f 4836//4836 4864//4864 4863//4863
f 4836//4836 4837//4837 4864//4864
f 4837//4837 4865//4865 4864//4864
f 4837//4837 4838//4838 4865//4865
f 4838//4838 4866//4866 4865//4865
f 4838//4838 4839//4839 4866//4866
f 4839//4839 4867//4867 4866//4866
f 4839//4839 4840//4840 4867//4867
f 4840//4840 4868//4868 4867//4867
f 4840//4840 4841//4841 4868//4868
f 4841//4841 4869//4869 4868//4868
f 4841//4841 4842//4842 4869//4869
f 4842//4842 4870//4870 4869//4869
f 4842//4842 4843//4843 4870//4870
f 4843//4843 4871//4871 4870//4870
f 4843//4843 4844//4844 4871//4871
f 4844//4844 4872//4872 4871//4871
f 4844//4844 4817//4817 4872//4872
f 4817//4817 4845//4845 4872//4872
f 4845//4845 4846//4846 4873//4873
f 4846//4846 4874//4874 4873//4873
f 4846//4846 4847//4847 4874//4874
f 4847//4847 4875//4875 4874//4874
f 4847//4847 4848//4848 4875//4875
f 4848//4848 4876//4876 4875//4875
f 4848//4848 4849//4849 4876//4876
f 4849//4849 4877//4877 4876//4876
f 4849//4849 4850//4850 4877//4877
f 4850//4850 4878//4878 4877//4877
f 4850//4850 4851//4851 4878//4878
f 4851//4851 4879//4879 4878//4878
f 4851//4851 4852//4852 4879//4879
f 4852//4852 4880//4880 4879//4879
f 4852//4852 4853//4853 4880//4880
f 4853//4853 4881//4881 4880//4880
f 4853//4853 4854//4854 4881//4881
f 4854//4854 4882//4882 4881//4881
f 4854//4854 4855//4855 4882//4882
f 4855//4855 4883//4883 4882//4882
f 4855//4855 4856//4856 4883//4883
f 4856//4856 4884//4884 4883//4883
f 4856//4856 4857//4857 4884//4884
f 4857//4857 4885//4885 4884//4884
f 4857//4857 4858//4858 4885//4885
f 4858//4858 4886//4886 4885//4885
f 4858//4858 4859//4859 4886//4886
f 4859//4859 4887//4887 4886//4886
f 4859//4859 4860//4860 4887//4887
f 4860//4860 4888//4888 4887//4887
f 4860//4860 4861//4861 4888//4888
f 4861//4861 4889//4889 4888//4888
f 4861//4861 4862//4862 4889//4889
f 4862//4862 4890//4890 4889//4889
f 4862//4862 4863//4863 4890//4890
f 4863//4863 4891//4891 4890//4890
f 4863//4863 4864//4864 4891//4891
f 4864//4864 4892//4892 4891//4891
f 4864//4864 4865//4865 4892//4892
f 4865//4865 4893//4893 4892//4892
f 4865//4865 4866//4866 4893//4893
f 4866//4866 4894//4894 4893//4893
f 4866//4866 4867//4867 4894//4894
f 4867//4867 4895//4895 4894//4894
f 4867//4867 4868//4868 4895//4895
f 4868//4868 4896//4896 4895//4895
f 4868//4868 4869//4869 4896//4896
f 4869//4869 4897//4897 4896//4896
f 4869//4869 4870//4870 4897//4897
f 4870//4870 4898//4898 4897//4897
f 4870//4870 4871//4871 4898//4898
f 4871//4871 4899//4899 4898//4898
f 4871//4871 4872//4872 4899//4899
f 4872//4872 4900//4900 4899//4899
f 4872//4872 4845//4845 4900//4900
f 4845//4845 4873//4873 4900//4900
f 4873//4873 4874//4874 4901//4901
f 4874//4874 4902//4902 4901//4901
f 4874//4874 4875//4875 4902//4902
f 4875//4875 4903//4903 4902//4902
f 4875//4875 4876//4876 4903//4903
f 4876//4876 4904//4904 4903//4903
f 4876//4876 4877//4877 4904//4904
f 4877//4877 4905//4905 4904//4904
f 4877//4877 4878//4878 4905//4905
f 4878//4878 4906//4906 4905//4905
f 4878//4878 4879//4879 4906//4906
f 4879//4879 4907//4907 4906//4906
f 4879//4879 4880//4880 4907//4907
f 4880//4880 4908//4908 4907//4907
f 4880//4880 4881//4881 4908//4908
f 4881//4881 4909//4909 4908//4908
f 4881//4881 4882//4882 4909//4909
f 4882//4882 4910//4910 4909//4909
f 4882//4882 4883//4883 4910//4910
f 4883//4883 4911//4911 4910//4910
f 4883//4883 4884//4884 4911//4911
f 4884//4884 4912//4912 4911//4911
f 4884//4884 4885//4885 4912//4912
f 4885//4885 4913//4913 4912//4912
f 4885//4885 4886//4886 4913//4913
f 4886//4886 4914//4914 4913//4913
f 4886//4886 4887//4887 4914//4914
f 4887//4887 4915//4915 4914//4914
f 4887//4887 4888//4888 4915//4915
f 4888//4888 4916//4916 4915//4915
f 4888//4888 4889//4889 4916//4916
f 4889//4889 4917//4917 4916//4916
f 4889//4889 4890//4890 4917//4917
f 4890//4890 4918//4918 4917//4917
f 4890//4890 4891//4891 4918//4918
f 4891//4891 4919//4919 4918//4918
f 4891//4891 4892//4892 4919//4919
f 4892//4892 4920//4920 4919//4919
f 4892//4892 4893//4893 4920//4920
f 4893//4893 4921//4921 4920//4920
f 4893//4893 4894//4894 4921//4921
f 4894//4894 4922//4922 4921//4921
f 4894//4894 4895//4895 4922//4922
f 4895//4895 4923//4923 4922//4922
f 4895//4895 4896//4896 4923//4923
f 4896//4896 4924//4924 4923//4923
f 4896//4896 4897//4897 4924//4924
f 4897//4897 4925//4925 4924//4924
f 4897//4897 4898//4898 4925//4925
f 4898//4898 4926//4926 4925//4925
f 4898//4898 4899//4899 4926//4926
f 4899//4899 4927//4927 4926//4926
f 4899//4899 4900//4900 4927//4927
f 4900//4900 4928//4928 4927//4927
f 4900//4900 4873//4873 4928//4928
f 4873//4873 4901//4901 4928//4928
f 4901//4901 4902//4902 4929//4929
f 4902//4902 4930//4930 4929//4929
f 4902//4902 4903//4903 4930//4930
f 4903//4903 4931//4931 4930//4930
f 4903//4903 4904//4904 4931//4931
f 4904//4904 4932//4932 4931//4931
f 4904//4904 4905//4905 4932//4932
f 4905//4905 4933//4933 4932//4932
f 4905//4905 4906//4906 4933//4933
f 4906//4906 4934//4934 4933//4933
f 4906//4906 4907//4907 4934//4934
f 4907//4907 4935//4935 4934//4934
f 4907//4907 4908//4908 4935//4935
f 4908//4908 4936//4936 4935//4935
f 4908//4908 4909//4909 4936//4936
f 4909//4909 4937//4937 4936//4936
f 4909//4909 4910//4910 4937//4937
f 4910//4910 4938//4938 4937//4937
f 4910//4910 4911//4911 4938//4938
f 4911//4911 4939//4939 4938//4938
f 4911//4911 4912//4912 4939//4939
f 4912//4912 4940//4940 4939//4939
f 4912//4912 4913//4913 4940//4940
f 4913//4913 4941//4941 4940//4940
f 4913//4913 4914//4914 4941//4941
f 4914//4914 4942//4942 4941//4941
f 4914//4914 4915//4915 4942//4942
f 4915//4915 4943//4943 4942//4942
f 4915//4915 4916//4916 4943//4943
f 4916//4916 4944//4944 4943//4943
f 4916//4916 4917//4917 4944//4944
f 4917//4917 4945//4945 4944//4944
f 4917//4917 4918//4918 4945//4945
f 4918//4918 4946//4946 4945//4945
f 4918//4918 4919//4919 4946//4946
f 4919//4919 4947//4947 4946//4946
f 4919//4919 4920//4920 4947//4947
f 4920//4920 4948//4948 4947//4947
f 4920//4920 4921//4921 4948//4948
f 4921//4921 4949//4949 4948//4948
f 4921//4921 4922//4922 4949//4949
f 4922//4922 4950//4950 4949//4949
f 4922//4922 4923//4923 4950//4950
f 4923//4923 4951//4951 4950//4950
f 4923//4923 4924//4924 4951//4951
f 4924//4924 4952//4952 4951//4951
f 4924//4924 4925//4925 4952//4952
f 4925//4925 4953//4953 4952//4952
f 4925//4925 4926//4926 4953//4953
f 4926//4926 4954//4954 4953//4953
f 4926//4926 4927//4927 4954//4954
f 4927//4927 4955//4955 4954//4954
f 4927//4927 4928//4928 4955//4955
f 4928//4928 4956//4956 4955//4955
f 4928//4928 4901//4901 4956//4956
f 4901//4901 4929//4929 4956//4956
f 4929//4929 4930//4930 4957//4957
f 4930//4930 4958//4958 4957//4957
f 4930//4930 4931//4931 4958//4958
f 4931//4931 4959//4959 4958//4958
f 4931//4931 4932//4932 4959//4959
f 4932//4932 4960//4960 4959//4959
f 4932//4932 4933//4933 4960//4960
f 4933//4933 4961//4961 4960//4960
f 4933//4933 4934//4934 4961//4961
f 4934//4934 4962//4962 4961//4961
f 4934//4934 4935//4935 4962//4962
f 4935//4935 4963//4963 4962//4962
f 4935//4935 4936//4936 4963//4963
f 4936//4936 4964//4964 4963//4963
f 4936//4936 4937//4937 4964//4964
f 4937//4937 4965//4965 4964//4964
f 4937//4937 4938//4938 4965//4965
f 4938//4938 4966//4966 4965//4965
f 4938//4938 4939//4939 4966//4966
f 4939//4939 4967//4967 4966//4966
f 4939//4939 4940//4940 4967//4967
f 4940//4940 4968//4968 4967//4967
f 4940//4940 4941//4941 4968//4968
f 4941//4941 4969//4969 4968//4968
f 4941//4941 4942//4942 4969//4969
f 4942//4942 4970//4970 4969//4969
f 4942//4942 4943//4943 4970//4970
f 4943//4943 4971//4971 4970//4970
f 4943//4943 4944//4944 4971//4971
f 4944//4944 4972//4972 4971//4971
f 4944//4944 4945//4945 4972//4972
f 4945//4945 4973//4973 4972//4972
f 4945//4945 4946//4946 4973//4973
f 4946//4946 4974//4974 4973//4973
f 4946//4946 4947//4947 4974//4974
f 4947//4947 4975//4975 4974//4974
f 4947//4947 4948//4948 4975//4975
f 4948//4948 4976//4976 4975//4975
f 4948//4948 4949//4949 4976//4976
f 4949//4949 4977//4977 4976//4976
f 4949//4949 4950//4950 4977//4977
f 4950//4950 4978//4978 4977//4977
f 4950//4950 4951//4951 4978//4978
f 4951//4951 4979//4979 4978//4978
f 4951//4951 4952//4952 4979//4979
f 4952//4952 4980//4980 4979//4979
f 4952//4952 4953//4953 4980//4980
f 4953//4953 4981//4981 4980//4980
f 4953//4953 4954//4954 4981//4981
f 4954//4954 4982//4982 4981//4981
f 4954//4954 4955//4955 4982//4982
f 4955//4955 4983//4983 4982//4982
f 4955//4955 4956//4956 4983//4983
f 4956//4956 4984//4984 4983//4983
f 4956//4956 4929//4929 4984//4984
f 4929//4929 4957//4957 4984//4984
f 4957//4957 4958//4958 4985//4985
f 4958//4958 4986//4986 4985//4985
f 4958//4958 4959//4959 4986//4986
f 4959//4959 4987//4987 4986//4986
f 4959//4959 4960//4960 4987//4987
f 4960//4960 4988//4988 4987//4987
f 4960//4960 4961//4961 4988//4988
f 4961//4961 4989//4989 4988//4988
f 4961//4961 4962//4962 4989//4989
f 4962//4962 4990//4990 4989//4989
f 4962//4962 4963//4963 4990//4990
f 4963//4963 4991//4991 4990//4990
f 4963//4963 4964//4964 4991//4991
f 4964//4964 4992//4992 4991//4991
f 4964//4964 4965//4965 4992//4992
f 4965//4965 4993//4993 4992//4992
f 4965//4965 4966//4966 4993//4993
f 4966//4966 4994//4994 4993//4993
f 4966//4966 4967//4967 4994//4994
f 4967//4967 4995//4995 4994//4994
f 4967//4967 4968//4968 4995//4995
f 4968//4968 4996//4996 4995//4995
f 4968//4968 4969//4969 4996//4996
f 4969//4969 4997//4997 4996//4996
f 4969//4969 4970//4970 4997//4997
f 4970//4970 4998//4998 4997//4997
f 4970//4970 4971//4971 4998//4998
f 4971//4971 4999//4999 4998//4998
f 4971//4971 4972//4972 4999//4999
f 4972//4972 5000//5000 4999//4999
f 4972//4972 4973//4973 5000//5000
f 4973//4973 5001//5001 5000//5000
f 4973//4973 4974//4974 5001//5001
f 4974//4974 5002//5002 5001//5001
f 4974//4974 4975//4975 5002//5002
f 4975//4975 5003//5003 5002//5002
f 4975//4975 4976//4976 5003//5003
f 4976//4976 5004//5004 5003//5003
f 4976//4976 4977//4977 5004//5004
f 4977//4977 5005//5005 5004//5004
f 4977//4977 4978//4978 5005//5005
f 4978//4978 5006//5006 5005//5005
f 4978//4978 4979//4979 5006//5006
f 4979//4979 5007//5007 5006//5006
f 4979//4979 4980//4980 5007//5007
f 4980//4980 5008//5008 5007//5007
f 4980//4980 4981//4981 5008//5008
f 4981//4981 5009//5009 5008//5008
f 4981//4981 4982//4982 5009//5009
f 4982//4982 5010//5010 5009//5009
f 4982//4982 4983//4983 5010//5010
f 4983//4983 5011//5011 5010//5010
f 4983//4983 4984//4984 5011//5011
f 4984//4984 5012//5012 5011//5011
f 4984//4984 4957//4957 5012//5012
f 4957//4957 4985//4985 5012//5012
f 4985//4985 4986//4986 1//1
f 4986//4986 2//2 1//1
f 4986//4986 4987//4987 2//2
f 4987//4987 3//3 2//2
f 4987//4987 4988//4988 3//3
f 4988//4988 4//4 3//3
f 4988//4988 4989//4989 4//4
f 4989//4989 5//5 4//4
f 4989//4989 4990//4990 5//5
f 4990//4990 6//6 5//5
f 4990//4990 4991//4991 6//6
f 4991//4991 7//7 6//6
f 4991//4991 4992//4992 7//7
f 4992//4992 8//8 7//7
f 4992//4992 4993//4993 8//8
f 4993//4993 9//9 8//8
f 4993//4993 4994//4994 9//9
f 4994//4994 10//10 9//9
f 4994//4994 4995//4995 10//10
f 4995//4995 11//11 10//10
f 4995//4995 4996//4996 11//11
f 4996//4996 12//12 11//11
f 4996//4996 4997//4997 12//12
f 4997//4997 13//13 12//12
f 4997//4997 4998//4998 13//13
f 4998//4998 14//14 13//13
f 4998//4998 4999//4999 14//14
f 4999//4999 15//15 14//14
f 4999//4999 5000//5000 15//15
f 5000//5000 16//16 15//15
f 5000//5000 5001//5001 16//16
f 5001//5001 17//17 16//16
f 5001//5001 5002//5002 17//17
f 5002//5002 18//18 17//17
f 5002//5002 5003//5003 18//18
f 5003//5003 19//19 18//18
f 5003//5003 5004//5004 19//19
f 5004//5004 20//20 19//19
f 5004//5004 5005//5005 20//20
f 5005//5005 21//21 20//20
f 5005//5005 5006//5006 21//21
f 5006//5006 22//22 21//21
f 5006//5006 5007//5007 22//22
f 5007//5007 23//23 22//22
f 5007//5007 5008//5008 23//23
f 5008//5008 24//24 23//23
f 5008//5008 5009//5009 24//24
f 5009//5009 25//25 24//24
f 5009//5009 5010//5010 25//25
f 5010//5010 26//26 25//25
f 5010//5010 5011//5011 26//26
f 5011//5011 27//27 26//26
f 5011//5011 5012//5012 27//27
f 5012//5012 28//28 27//27
f 5012//5012 4985//4985 28//28
f 4985//4985 1//1 28//28

