# https://github.com/mikedh/trimesh

o organic_blob_0001.obj
v 0.41381979 -0.64307130 -0.47610981
v -0.53699521 0.20029020 -0.66309484
v 0.52614251 -0.19624232 0.64969365
v -0.39192172 0.60904195 0.45091555
v -0.62820722 -0.54643877 0.69516727
v -0.69426214 -0.79456863 -0.01974128
v 0.68023106 0.77851035 0.01934231
v 0.59496443 0.51752292 -0.65838116
v -0.36667167 1.10801558 -0.37473236
v -1.16358837 0.25839740 0.04121915
v 1.14007218 -0.25317518 -0.04038611
v 0.34726854 -1.04938281 0.35490268
v -0.08036640 -0.25443377 -0.67367680
v 0.07782102 0.24637528 0.65233995
v -0.04465371 -0.44034610 0.80582781
v -0.61514016 0.05704511 0.69144040
v -0.17443039 -0.84947550 -0.28887626
v -0.69611809 -0.33598822 -0.38605623
v -0.78083047 -0.79324090 0.39273997
v 0.71573984 0.34545885 0.39693815
v 0.16890579 0.82257072 0.27972690
v 0.61514016 -0.05704511 -0.69144040
v 0.04617914 0.45538882 -0.83335578
v 0.75609983 0.76811720 -0.38030102
v -0.53456776 0.76459858 -0.61468092
v -0.46074779 1.03371972 0.05984619
v 0.20304513 1.12657826 -0.20746808
v 0.15439237 0.97667461 -0.63159421
v -0.96146186 0.25932900 -0.35159092
v -0.97443228 0.55003536 0.31384938
v -1.06154235 -0.16344428 0.42920143
v -1.05037613 -0.30313605 0.01214298
v -0.90934363 0.79935347 -0.19341892
v 0.94224417 -0.53186622 -0.30348209
v 0.98856297 -0.26663881 0.36150136
v 1.07998350 0.31168066 -0.01248526
v 1.02792094 0.15826763 -0.41560767
v 0.46074779 -1.03371972 -0.05984619
v 0.51763681 -0.74038204 0.59521260
v -0.15439237 -0.97667461 0.63159421
v -0.20998138 -1.16506343 0.21455542
v 0.88054269 -0.77403617 0.18729291
v 0.18022832 -0.48765337 -0.62662029
v -0.31029560 -0.02506079 -0.66753457
v 0.33439092 0.02700683 0.71937049
v -0.17119254 0.46320480 0.59520460
v 0.23845074 -0.30473894 0.70100272
v -0.34795036 -0.51109767 0.77772309
v 0.01919234 -0.09782978 0.78688445
v -0.51822047 0.35339025 0.58803367
v -0.61727715 -0.24360802 0.68838908
v -0.26609232 0.15715052 0.68557029
v -0.32729118 -0.19188950 0.74570065
v 0.12875267 -0.81328445 -0.41604176
v -0.43608465 -0.82079288 -0.15295194
v -0.13132203 -0.56895382 -0.49609896
v -0.66367446 -0.07844735 -0.56036049
v -0.74646434 -0.60216996 -0.22168048
v -0.42200075 -0.31509533 -0.55906305
v -0.47059890 -0.62252361 -0.36025587
v -0.76766572 -0.73015496 0.59156582
v -0.73628114 -0.79295412 0.18448008
v 0.65321468 0.07721099 0.55152898
v 0.73469976 0.59267951 0.21818671
v 0.41347209 0.30872723 0.54776435
v -0.12229764 0.77251032 0.39518345
v 0.46994784 0.88452974 0.16482909
v 0.12037974 0.52154626 0.45476196
v 0.46108807 0.60994237 0.35297508
v 0.51061400 -0.34820317 -0.57940249
v 0.62647254 0.24723698 -0.69864380
v 0.25713476 -0.15186030 -0.66249170
v -0.25731958 0.32885323 -0.75647375
v 0.33087383 0.48601429 -0.73955441
v -0.01809444 0.09223342 -0.74187068
v 0.34557811 0.20261105 -0.78736561
v 0.79345543 0.85452922 -0.19880547
v 0.72917869 0.69354854 -0.56190759
v -0.53514659 0.47940804 -0.63832884
v -0.49120044 1.01874374 -0.53940891
v -0.24656694 0.60482738 -0.71219456
v -0.44059820 0.84442289 0.27049354
v -0.41067371 1.06334989 -0.15679216
v -0.14152118 0.94517823 0.17596991
v 0.43142590 0.91600747 -0.08842741
v -0.08415205 1.15767065 -0.30143307
v 0.20077078 1.05082185 0.04407644
v 0.52431043 1.02081836 -0.31959416
v -0.12690099 1.07576387 -0.07406320
v 0.39482711 0.76694960 -0.66855555
v -0.10594546 1.03509088 -0.49931804
v 0.10439299 0.74372665 -0.75603825
v 0.47196959 0.88828608 -0.51361651
v -0.18690889 0.84438251 -0.60481520
v 0.17806360 1.04748293 -0.41685473
v -0.80889678 0.24736902 -0.54149768
v -1.13875363 0.27795835 -0.17072632
v -0.90511014 -0.04185924 -0.40278716
v -0.80169364 0.53677209 -0.50974502
v -0.66858606 0.57869934 0.38387565
v -1.08702476 0.40579606 0.17614570
v -0.81944350 0.31064950 0.52216198
v -0.73862457 0.82190401 0.19154481
v -0.92128270 -0.38550459 0.61151902
v -1.11166901 0.04925468 0.23323893
v -0.81532037 -0.05240603 0.54298772
v -0.94955726 -0.49307466 0.42362784
v -1.00519727 0.18377255 0.36766959
v -0.94034933 -0.58419001 -0.00374655
v -1.18741630 -0.02987808 0.02834480
v -0.95366117 -0.34898941 -0.20417276
v -0.97752341 -0.57551390 0.20954612
v -1.09855032 -0.02392054 -0.18535322
v -1.12255319 -0.25012950 0.22838393
v -0.69629306 1.03776304 -0.30887718
v -1.03632350 0.52588475 -0.07498736
v -0.74419060 0.80605945 -0.41649391
v -0.66652540 0.88885981 -0.06570841
v -0.99532157 0.55472820 -0.29210003
v -0.92863823 0.66807936 0.05447891
v 0.70309204 -0.60856624 -0.40368762
v 1.00731495 -0.37603967 -0.16322921
v 0.77608108 -0.29421088 -0.49453078
v 0.79614823 -0.24347039 0.53296345
v 1.12080640 -0.27357761 0.16803560
v 0.96677012 0.04471087 0.43022675
v 0.92552904 0.57498293 0.00368750
v 1.16870213 0.02940719 -0.02789807
v 1.01862865 0.37276406 0.21808188
v 0.95776760 0.56388273 -0.20531118
v 1.17338826 0.02555011 0.19798027
v 0.87509406 0.36617726 -0.58086043
v 1.19799321 -0.05307945 -0.25135058
v 0.84372291 0.05423165 -0.56190327
v 0.87043626 0.45198966 -0.38832944
v 1.06618866 -0.19492314 -0.38997832
v 1.09986632 0.24507437 -0.22376827
v 0.43413108 -0.83202841 -0.26652323
v 0.41679139 -1.07919030 0.15912785
v 0.13675710 -0.91336036 -0.17004618
v 0.69953884 -0.77841138 -0.18140885
v 0.57670221 -0.51663541 0.68789685
v 0.46657403 -0.96766888 0.51236557
v 0.26152765 -0.64152591 0.75540770
v 0.78549136 -0.52592389 0.49944305
v -0.38903182 -0.75569229 0.65874247
v 0.10752370 -1.05051031 0.50675622
v -0.09886883 -0.70437093 0.71603104
v -0.45608151 -0.85838339 0.49632646
v 0.19342005 -0.87379746 0.62588457
v -0.46556505 -0.98849203 0.09542476
v 0.08002208 -1.10085510 0.28663950
v -0.18928567 -0.99070953 -0.04155504
v -0.49431722 -0.96242238 0.30131176
v 0.13399141 -1.13587064 0.07820137
v -0.18801265 -1.10600955 0.44014589
v 1.11679691 -0.56672117 0.08081034
v 0.66138431 -0.98573464 0.29339158
v 0.98498431 -0.70861576 -0.05778448
v 0.97520606 -0.54351711 0.28619667
v 0.68974451 -0.91982417 0.06799743
v 0.68218160 -0.73889528 0.38178994
v 0.26912713 -0.50956728 -0.49413596
v 0.04389817 -0.34686697 -0.61331176
v -0.41371839 0.08419069 -0.65249388
v -0.19837866 -0.13712134 -0.67136116
v 0.42968941 -0.08744076 0.67768249
v 0.18902262 0.13065435 0.63969806
v -0.28196833 0.53388090 0.51771328
v -0.04661719 0.36835166 0.65129985
v 0.41711601 -0.27758589 0.74492317
v 0.10920749 -0.38895278 0.79088150
v 0.28310390 -0.14821321 0.70831997
v -0.45914091 -0.49775975 0.69342586
v -0.19667844 -0.47642796 0.79290535
v 0.05277073 0.08400349 0.77023282
v -0.01249130 -0.26184609 0.77276874
v 0.15617945 -0.03175339 0.66885040
v 0.14644981 -0.22495894 0.80718489
v -0.43140600 0.45853725 0.49250285
v -0.61131287 0.22436154 0.69017767
v -0.35082601 0.41303595 0.59921730
v -0.64846528 -0.40796883 0.72041399
v -0.59059438 -0.09286361 0.66117397
v -0.50118806 -0.38714163 0.75633328
v -0.09553342 0.20343061 0.67501337
v -0.40834089 0.10154160 0.64474906
v -0.22707149 0.31773835 0.66320375
v -0.12991453 0.03374941 0.75026092
v -0.39787621 0.25883374 0.64861389
v -0.18984431 -0.31353904 0.77634281
v -0.47414712 -0.07216232 0.73038602
v -0.31732758 -0.32694024 0.71609595
v -0.16293135 -0.14970609 0.78378041
v -0.52928459 -0.24427297 0.80506605
v -0.31088534 -0.01872718 0.74973774
v 0.24647505 -0.65286265 -0.40146996
v -0.02520114 -0.78398399 -0.33063770
v 0.15566764 -0.65542518 -0.52530333
v -0.55227002 -0.79227654 -0.08570159
v -0.30882844 -0.83581836 -0.21952901
v -0.10690536 -0.41640282 -0.58845603
v -0.15382537 -0.71321531 -0.39651385
v 0.01825591 -0.51169306 -0.53997549
v -0.00571830 -0.66335209 -0.44190089
v -0.64877239 0.06683827 -0.66188059
v -0.67435053 -0.20869246 -0.46683241
v -0.51533738 -0.05458130 -0.65618172
v -0.77882796 -0.75588357 -0.12984429
v -0.71432456 -0.46156518 -0.30330512
v -0.62709219 -0.76153388 -0.19901087
v -0.24839480 -0.28020416 -0.60544595
v -0.61348270 -0.35576018 -0.51426681
v -0.35857246 -0.16472782 -0.60288238
v -0.27240329 -0.43565023 -0.51975436
v -0.58649223 -0.21370972 -0.60557518
v -0.31832376 -0.72256957 -0.31937786
v -0.63950498 -0.52037514 -0.40781390
v -0.44476013 -0.70994455 -0.25030258
v -0.29631460 -0.58691143 -0.42193704
v -0.65745233 -0.66259798 -0.31528891
v -0.46187377 -0.48516891 -0.47569960
v -0.62596986 -0.57195635 0.57919055
v -0.72986007 -0.71863734 0.46142513
v -0.70177426 -0.77841225 0.08234673
v -0.75895153 -0.79407613 0.28642607
v 0.61974497 -0.06384779 0.63226669
v 0.68514125 0.21203188 0.47430250
v 0.49371332 0.05229101 0.62864770
v 0.74398159 0.72206377 0.12403479
v 0.72575493 0.46895099 0.30815851
v 0.26186067 0.29539447 0.63826813
v 0.59216654 0.34339888 0.49639802
v 0.37206891 0.17092808 0.62557451
v 0.56036926 0.20419087 0.57860223
v -0.25823542 0.68401350 0.42062580
v 0.02676208 0.83254339 0.35111716
v -0.14791617 0.62278830 0.49914586
v 0.57358963 0.82286127 0.08900998
v 0.29426331 0.79639904 0.20917546
v 0.60077879 0.72957917 0.19066018
v 0.09890387 0.38523652 0.54441214
v 0.14231208 0.65983363 0.36683617
v -0.01959865 0.54932859 0.57969122
v 0.29296691 0.46853731 0.55899043
v 0.00613889 0.71214230 0.47440314
v 0.61728464 0.50229410 0.39364394
v 0.33558060 0.76174121 0.33669184
v 0.62816871 0.63308518 0.30124562
v 0.44661783 0.46914352 0.45998699
v 0.46150063 0.73666644 0.25972382
v 0.31868329 0.63121716 0.45378891
v 0.48250462 -0.51284948 -0.55083820
v 0.53825310 -0.19754744 -0.60769254
v 0.32479487 -0.38238886 -0.55475564
v 0.57979095 0.36476376 -0.64412009
v 0.67075869 0.10546845 -0.75091841
v 0.09693877 -0.20642319 -0.68494321
v 0.45746003 -0.11375600 -0.72230565
v 0.23430764 -0.32786380 -0.68433824
v 0.40291443 -0.26211129 -0.65682714
v -0.39058740 0.25993141 -0.69754601
v -0.10417523 0.37102991 -0.75443784
v -0.28764510 0.15059065 -0.71968193
v 0.52149810 0.56536188 -0.78760195
v 0.18851618 0.45665594 -0.75999935
v 0.51090000 0.39464359 -0.77098937
v -0.05030092 -0.08007191 -0.73418398
v 0.01295196 0.27150247 -0.80126697
v -0.17057483 0.03468016 -0.73049974
v 0.13672563 -0.03551880 -0.78959524
v -0.14205569 0.21820921 -0.78296587
v 0.46269344 0.07041914 -0.71274254
v 0.17680520 0.29200418 -0.72302112
v 0.46665051 0.21536637 -0.70979674
v 0.28813353 0.01735665 -0.69486897
v 0.35331506 0.36401788 -0.79730695
v 0.16646774 0.15295543 -0.80079220
v 0.72886527 0.80846176 -0.08552561
v 0.72315745 0.75662548 -0.27291749
v 0.65583755 0.59924682 -0.60682619
v 0.77506708 0.76314922 -0.49000547
v -0.52569896 0.33542689 -0.63794880
v -0.53552657 0.61929343 -0.62756927
v -0.40338235 0.41025524 -0.70464890
v -0.38434518 0.95654332 -0.40925693
v -0.48390032 0.83728565 -0.54475641
v -0.10841196 0.54379085 -0.78550310
v -0.40141669 0.70768072 -0.68857781
v -0.26326191 0.49014379 -0.76722249
v -0.40555820 0.56188169 -0.69997792
v -0.39501609 0.68873706 0.34363765
v -0.48668060 1.01277593 0.18032724
v -0.28661286 0.81924351 0.33653171
v -0.40530636 1.13023633 -0.27430981
v -0.41700509 1.00524923 -0.04895170
v 0.01331627 0.89200560 0.22972691
v -0.27807788 0.92557563 0.11186419
v -0.13661528 0.88995760 0.29316202
v -0.29474765 0.91121734 0.22673162
v 0.60889573 0.93559828 -0.03961663
v 0.33989370 1.07035090 -0.15281843
v 0.44872420 0.89948838 0.03079415
v 0.60080448 0.88538519 -0.14014974
v -0.21185226 1.06656974 -0.31819197
v 0.05944291 1.14377654 -0.25484564
v -0.25880126 1.14617915 -0.23523190
v 0.19787450 1.00191911 0.17663676
v 0.19592213 1.05656172 -0.07981690
v 0.29708258 0.85958929 0.09243849
v 0.02558921 1.01745444 0.11412028
v 0.35058829 1.06640584 -0.02791261
v 0.68966289 0.95631305 -0.37615165
v 0.35219109 1.04207010 -0.25546901
v 0.58433048 0.83295131 -0.23043883
v 0.51741513 1.05093513 -0.21543218
v -0.29335344 1.07152498 -0.00921167
v 0.03399099 1.10242633 -0.13933119
v -0.30087430 1.20063344 -0.12932349
v -0.14056718 1.05869281 0.05299368
v -0.09975002 1.04943911 -0.17397862
v 0.03285131 1.08880037 -0.01713477
v 0.47119383 0.60840896 -0.63001449
v 0.29882296 0.93993215 -0.70260795
v 0.38842735 0.66941949 -0.75508149
v 0.56764232 0.74002403 -0.62368286
v -0.24314610 1.11519837 -0.45658397
v 0.02021663 0.96470341 -0.54040517
v -0.26757666 0.94663788 -0.47781294
v -0.09839743 1.13130407 -0.41553177
v 0.06758197 0.53705409 -0.70883419
v 0.12465767 0.82882590 -0.66883532
v 0.23077811 0.63893806 -0.78139072
v -0.07948869 0.70477578 -0.76884510
v 0.24067215 0.72236454 -0.68044458
v 0.61908989 0.83582909 -0.45118514
v 0.29724066 0.87222338 -0.53481523
v 0.61855984 0.81992632 -0.55568288
v 0.50785575 0.97273138 -0.42796524
v 0.44149094 0.84294215 -0.60082791
v -0.36346802 0.82653147 -0.62514131
v -0.02529615 0.96934107 -0.65960080
v -0.34935338 0.98162029 -0.60852694
v -0.24343620 0.81740070 -0.74021630
v -0.15552053 0.99077638 -0.58429244
v -0.04548509 0.76585322 -0.65153550
v 0.19056814 1.08790613 -0.31532972
v 0.16912688 1.02863681 -0.52905673
v 0.04718441 1.03581312 -0.33913838
v 0.35424961 1.05899546 -0.37839840
v 0.04132190 1.16889983 -0.51396473
v 0.34001488 1.01412596 -0.48719841
v -0.72679600 0.24188965 -0.65174617
v -0.87936905 0.25128085 -0.44020271
v -0.72912249 0.08363914 -0.54556924
v -0.71365869 0.39036636 -0.63042192
v -1.24497190 0.28994277 -0.06929720
v -1.03863619 0.26605051 -0.26118053
v -0.81038884 -0.19453266 -0.40006632
v -0.94756491 0.11323138 -0.38224863
v -0.75913276 -0.05803409 -0.46505523
v -0.82885185 0.09838553 -0.45599947
v -0.65796528 0.63869570 -0.55224714
v -0.96450542 0.43178370 -0.46867273
v -0.65410874 0.49832839 -0.56449539
v -0.87126367 0.42519480 -0.56858643
v -0.59757682 0.66913945 0.47027985
v -0.78958976 0.54736074 0.33942807
v -0.63705922 0.50109975 0.51935945
v -0.59601976 0.76071233 0.35147364
v -1.10609179 0.32628381 0.10670750
v -0.98093762 0.45233660 0.23107566
v -0.69154444 0.17745755 0.58466373
v -0.79958397 0.38254977 0.37447658
v -0.63740582 0.31775119 0.53120360
v -0.77548147 0.46869698 0.47150230
v -0.57827174 0.89401216 0.12128346
v -0.76298426 0.61407677 0.22475311
v -0.56168254 0.79677101 0.22143190
v -0.73442046 0.72844589 0.30352833
v -0.69356968 -0.42029145 0.58797104
v -0.93607072 -0.25598942 0.48820968
v -0.70293377 -0.28708230 0.60044955
v -0.85090871 -0.56208018 0.60612589
v -1.11524906 0.14924724 0.13605266
v -1.08856295 -0.05456998 0.32923905
v -1.11262490 0.22709527 0.20762603
v -0.76849625 -0.00006677 0.65571478
v -0.95781192 -0.10861073 0.50063576
v -0.75874156 -0.15438496 0.64891736
v -0.78620829 0.11698589 0.51273115
v -0.91681940 -0.22111387 0.60957134
v -0.87262897 -0.64655696 0.41144811
v -1.01265073 -0.33240839 0.42963543
v -0.83247231 -0.58668294 0.48740134
v -0.90401770 -0.42616588 0.49669432
v -1.01007691 0.36637319 0.34865550
v -1.07014625 0.01450359 0.41216007
v -1.09281511 0.30637802 0.28572305
v -0.95888731 0.25731539 0.46414869
v -1.09743942 0.12063308 0.31133050
v -1.02287552 0.07201697 0.51383954
v -0.88299657 -0.74622348 -0.01275491
v -0.98804291 -0.43618187 0.00436447
v -0.83520156 -0.58740909 -0.11161695
v -0.89186916 -0.73697975 0.09860828
v -1.27111689 0.12455147 0.03765775
v -1.10733602 -0.16853949 0.01985937
v -1.15176962 0.12283338 -0.07049816
v -1.22537516 0.01126416 0.14192713
v -0.83455483 -0.34740491 -0.30120717
v -1.01769734 -0.33042116 -0.09534818
v -0.82250849 -0.45894425 -0.20579536
v -0.95769719 -0.20137746 -0.31272476
v -0.91558981 -0.45031234 -0.10116850
v -0.86513757 -0.67186072 0.29526118
v -1.10815219 -0.47691507 0.11896298
v -0.83932791 -0.67335425 0.19320628
v -0.94929822 -0.52635690 0.31204081
v -1.03764807 -0.62734048 0.11206523
v -1.04384862 0.12216027 -0.27402215
v -1.08981507 -0.16862003 -0.08598086
v -1.08135758 0.12180169 -0.17217364
v -1.03234861 -0.03389180 -0.30302834
v -1.10471981 -0.02598603 -0.07660254
v -1.05736362 -0.19213488 -0.20069598
v -1.07382415 -0.20365785 0.32236732
v -1.18580956 -0.30268537 0.12904984
v -1.09653477 -0.09629278 0.22661468
v -1.02065593 -0.36626091 0.32130941
v -1.24941181 -0.15223378 0.13957106
v -1.08668012 -0.42722740 0.22660596
v -0.47459708 0.96491284 -0.30781044
v -0.75921027 0.86281656 -0.23529780
v -0.59827082 1.03608820 -0.42737482
v -0.50443549 0.96860301 -0.21157482
v -1.07772540 0.38661914 -0.01745058
v -0.97558777 0.66010257 -0.13292413
v -1.15891950 0.43165768 -0.12993222
v -1.07384240 0.47243045 0.04897311
v -0.64529838 0.79151937 -0.51852456
v -0.83224015 0.80885544 -0.30839506
v -0.60099334 0.87763571 -0.45954166
v -0.76149630 0.66166397 -0.45622644
v -0.69651294 0.88649374 -0.35217409
v -0.60672907 1.02326034 -0.00604859
v -0.80353382 0.86734103 -0.13049100
v -0.57161511 1.02936297 -0.11658667
v -0.67441574 0.82417719 0.05540593
v -0.72123993 1.01610724 -0.19051263
v -1.06818506 0.44139844 -0.35213297
v -0.93658083 0.66453315 -0.23907291
v -1.15398751 0.45141324 -0.25079433
v -0.92986166 0.56479448 -0.41491300
v -0.99750326 0.53017313 -0.17850718
v -0.85676533 0.67049876 -0.34914051
v -0.96940897 0.62363553 0.18228954
v -0.95249057 0.75878464 -0.06915029
v -1.05220001 0.56330608 0.11957326
v -0.87646956 0.77868392 0.12699101
v -1.01869864 0.61874136 -0.01078528
v -0.89548676 0.87786870 -0.00728723
v 0.52612265 -0.58912831 -0.41404699
v 0.82377694 -0.57106003 -0.35412442
v 0.62494907 -0.49157411 -0.50948671
v 1.18121728 -0.34844492 -0.11395505
v 1.02832251 -0.47418704 -0.24223794
v 0.70866317 -0.18185040 -0.59913670
v 0.85855204 -0.41076222 -0.40209365
v 0.72295878 -0.36039993 -0.60250204
v 0.69649354 -0.42095708 -0.42347666
v 0.69427764 -0.23106701 0.62258570
v 0.89344041 -0.25530176 0.44724668
v 0.72702248 -0.08339824 0.54399790
v 1.18926928 -0.27697013 0.06619670
v 1.05525608 -0.27030776 0.26535985
v 0.86386289 0.20736903 0.42646497
v 1.01009061 -0.12070303 0.40747156
v 0.79623594 0.06087055 0.48778515
v 0.86936260 -0.10319420 0.47828678
v 0.84348948 0.71283590 0.01218423
v 1.00385323 0.44316150 -0.00443431
v 0.83279602 0.58571724 0.11129548
v 0.85444545 0.70605536 -0.09447058
v 1.21424450 -0.11897878 -0.03597287
v 1.12505523 0.17123640 -0.02017715
v 1.14845231 -0.12247960 0.07029512
v 0.88962349 0.37032865 0.32108253
v 1.08485078 0.35222422 0.10163980
v 0.86270921 0.48137549 0.21585376
v 1.01671940 0.21378822 0.33199777
v 0.96033994 0.47232169 0.10611318
v 0.91203804 0.70828335 -0.31126775
v 1.06964817 0.46034411 -0.11482948
v 0.87091972 0.69869891 -0.20047845
v 0.99143014 0.59939808 -0.10707372
v 1.11272767 -0.13022110 0.29210369
v 1.16172725 0.17974653 0.09165437
v 1.13420974 -0.12775484 0.18058876
v 1.09597154 0.03598053 0.32170377
v 1.15871381 0.02725611 0.08034655
v 1.12252821 0.20397602 0.21306474
v 0.72666284 0.44034535 -0.61602563
v 0.99405026 0.27184522 -0.51844903
v 0.75927138 0.31009091 -0.64857341
v 0.80853773 0.53409141 -0.57594387
v 1.15830169 -0.15500872 -0.14130478
v 1.03722356 0.05199632 -0.31371130
v 1.09505936 -0.22351001 -0.20434813
v 1.17395721 -0.01079150 -0.13597172
v 0.68598002 0.00005960 -0.58530830
v 0.94392623 0.10703617 -0.49337790
v 0.74925393 0.15245447 -0.64080302
v 0.84828946 -0.12622342 -0.55321782
v 0.88850518 0.21428519 -0.59074588
v 0.80731573 0.59816442 -0.38065265
v 0.93685735 0.30752878 -0.39747871
v 0.89370149 0.62983406 -0.52325020
v 1.02096040 0.56609139 -0.33559665
v 0.97050911 0.45751081 -0.53322668
v 0.97415206 -0.35334260 -0.33625506
v 1.12269103 -0.01521572 -0.43239736
v 1.12661851 -0.31585502 -0.29456115
v 0.93851699 -0.25184906 -0.45428845
v 1.00482280 -0.11045245 -0.28505627
v 0.97192016 -0.06842939 -0.48824222
v 1.14460724 0.29216822 -0.12456586
v 1.13203785 0.21469847 -0.33984336
v 1.19376171 0.14545313 -0.13335442
v 1.05078650 0.41311585 -0.21912104
v 1.13780768 0.09991718 -0.23514433
v 1.09770487 0.39390982 -0.34556494
v 0.44180445 -0.77031570 -0.38434040
v 0.42851599 -0.89173614 -0.15877581
v 0.26534631 -0.75845600 -0.31156121
v 0.58468974 -0.74625160 -0.34479232
v 0.36238325 -1.01054106 0.24525961
v 0.47360727 -1.14169671 0.05559616
v -0.01351216 -0.90512751 -0.23310633
v 0.31152775 -1.03691271 -0.12532029
v 0.14096884 -0.91831811 -0.30250429
v 0.29847997 -0.92275587 -0.22960267
v 0.81925317 -0.65936398 -0.24132831
v 0.59258648 -0.91614285 -0.12428575
v 0.65961486 -0.65424884 -0.27261196
v 0.63707188 -0.90371406 -0.25115262
v 0.54599284 -0.34837557 0.66257592
v 0.51026978 -0.59008598 0.59797151
v 0.39701396 -0.40377835 0.69352427
v 0.68371287 -0.37398620 0.60396880
v 0.40268392 -1.00218406 0.42878431
v 0.51387276 -0.88914652 0.57849823
v 0.10455613 -0.52445014 0.75756554
v 0.42112647 -0.74242824 0.72238737
v 0.27140523 -0.50530512 0.79095452
v 0.37133177 -0.51446260 0.64090442
v 0.93099257 -0.41678088 0.45238816
v 0.69363461 -0.67332040 0.58218533
v 0.83245667 -0.40625618 0.54326100
v 0.67872900 -0.51708517 0.58574266
v -0.52700519 -0.68047300 0.70463763
v -0.26310976 -0.82759813 0.61863724
v -0.38104355 -0.65669419 0.74072780
v -0.52552351 -0.68511457 0.57740586
v 0.21739623 -0.99709567 0.40823042
v -0.02296073 -1.09564741 0.61375705
v 0.28902197 -1.02250749 0.51610792
v -0.07256604 -0.57666100 0.76110962
v -0.12774349 -0.84934295 0.68539191
v -0.20727183 -0.57385798 0.70180089
v 0.07780005 -0.68980374 0.75251199
v -0.27297530 -0.81932071 0.77177422
v -0.62819706 -0.84812462 0.45782234
v -0.33299561 -0.97714275 0.59914792
v -0.63827165 -0.84605513 0.57339098
v -0.44708144 -0.85361613 0.60843606
v 0.35819871 -0.81454899 0.61607845
v 0.02258001 -0.86525940 0.58877707
v 0.33856426 -0.95130481 0.58973374
v 0.23130923 -0.77668123 0.70334183
v 0.15357584 -0.97838729 0.57698620
v 0.04907671 -0.82632710 0.70298253
v -0.57016992 -0.87609417 0.03709701
v -0.32423146 -1.02102935 0.14577659
v -0.45592206 -0.91391682 -0.03128811
v -0.61044181 -0.89958741 0.14239784
v 0.24062450 -1.21142352 0.36140651
v -0.05697600 -1.09630921 0.24426941
v 0.26381627 -1.16838960 0.23979018
v 0.10030416 -1.15322628 0.42358387
v -0.18861348 -0.95502676 -0.16836972
v -0.20314736 -1.09552569 0.08276039
v -0.32446530 -0.93881943 -0.10095873
v -0.02693078 -1.07079705 -0.12010332
v -0.34006914 -1.03440908 0.02707511
v -0.65738492 -0.91155518 0.35854681
v -0.36517922 -1.08049964 0.26489022
v -0.63818945 -0.90972618 0.25167886
v -0.53448137 -1.02372927 0.45040239
v -0.50189045 -1.01940255 0.20896829
v 0.28626708 -1.04564082 0.00898915
v -0.03165638 -1.02670820 0.12976148
v 0.26526966 -1.05855377 0.11401970
v 0.13027992 -0.98121349 -0.04911539
v 0.11106247 -1.16845389 0.19370918
v -0.03356434 -1.11243256 0.01750668
v -0.16504138 -1.00378867 0.51627664
v -0.17747932 -1.01318528 0.29367187
v -0.03643198 -1.03057543 0.45314355
v -0.31513125 -0.93990823 0.45154331
v -0.05253550 -1.15328261 0.37759938
v -0.36193852 -1.08198073 0.38661146
v 1.11932947 -0.40154403 0.01812424
v 0.92957657 -0.62897046 0.12665510
v 1.05688914 -0.46497196 -0.04819994
v 1.11029010 -0.41354490 0.12448014
v 0.49724213 -1.01095293 0.32249738
v 0.80623520 -0.91625879 0.24987198
v 0.54486417 -1.04623305 0.22853178
v 0.56847994 -0.98449622 0.40609370
v 0.93493053 -0.60145503 -0.17580615
v 0.99925839 -0.79604139 0.07254561
v 1.08474709 -0.58073049 -0.12327195
v 0.85785010 -0.76214179 -0.12429325
v 0.93272722 -0.56652368 0.00987508
v 1.03106974 -0.42606155 0.33989770
v 0.98735435 -0.70055855 0.25203343
v 1.10258770 -0.43130682 0.23962369
v 0.89914783 -0.54613902 0.40120820
v 1.03504869 -0.55012853 0.18522609
v 0.54158237 -0.91338916 0.00539913
v 0.79188474 -0.85476692 0.12859923
v 0.56446739 -1.01649138 0.11512882
v 0.72766946 -0.88925649 -0.05978093
v 0.69896581 -0.98472670 0.18462901
v 0.85087737 -0.83413697 0.00692421
v 0.59700004 -0.73227690 0.47971480
v 0.76994988 -0.74831543 0.28531276
v 0.64519701 -0.94218670 0.49334141
v 0.81898138 -0.71161274 0.49066680
v 0.74774216 -0.95169624 0.37807685
v 0.92144223 -0.72111447 0.37549700
v 0.32692198 -0.55432329 -0.46962692
v 0.23819743 -0.52232620 -0.58139916
v -0.01726189 -0.30840164 -0.65721705
v 0.10616892 -0.40380001 -0.60449857
v -0.47376291 0.14087473 -0.65738386
v -0.36018293 0.02975596 -0.65600187
v -0.13950889 -0.19364450 -0.66848182
v -0.25699153 -0.08135195 -0.67525216
v 0.47553575 -0.14140189 0.65984382
v 0.38619726 -0.03190510 0.70338183
v 0.12722961 0.17660032 0.60964345
v 0.26532416 0.08398969 0.69714636
v -0.35072411 0.59468178 0.50381894
v -0.23231971 0.50943735 0.56705263
v 0.01824089 0.32589240 0.69449060
v -0.10463471 0.39796484 0.59576318
v 0.47305250 -0.23555693 0.69550894
v 0.30962261 -0.28007477 0.69241027
v 0.43012277 -0.18304927 0.72152561
v 0.03176181 -0.40462844 0.77920151
v 0.19469362 -0.38008621 0.81966816
v 0.31556627 -0.06548936 0.73166975
v 0.24992837 -0.21899753 0.67647359
v 0.37937476 -0.12613050 0.73972392
v 0.35338258 -0.21401632 0.73781876
v -0.55403264 -0.53416210 0.71151010
v -0.43904839 -0.54603465 0.79506544
v -0.11654011 -0.44156734 0.76987473
v -0.24943493 -0.45269231 0.72011458
v 0.06638479 0.16996499 0.71517157
v 0.03653317 -0.00865920 0.79696851
v 0.11715738 0.10175212 0.65506320
v -0.02882141 -0.35625634 0.80447025
v 0.00292355 -0.17841523 0.76529608
v 0.04669205 -0.31949796 0.76985064
v 0.23746092 -0.00431840 0.68713051
v 0.10011797 -0.06835413 0.78887337
v 0.16947203 0.04752028 0.64345133
v 0.21216841 -0.08597755 0.67040586
v 0.10933207 0.02172943 0.72076226
v 0.19609090 -0.26838708 0.75368995
v 0.08484196 -0.16597169 0.82285258
v 0.13245702 -0.32045923 0.83000532
v 0.19700937 -0.16743958 0.68403627
v 0.06534474 -0.24799255 0.80223274
v 0.15148439 -0.12126446 0.73217269
v -0.40936563 0.52837415 0.46903161
v -0.46746186 0.40295598 0.53196289
v -0.38280903 0.52848544 0.53870188
v -0.62454304 0.14112321 0.70351781
v -0.57207331 0.29638801 0.64744250
v -0.25721597 0.43090444 0.58754946
v -0.41451442 0.36511164 0.56576339
v -0.31531285 0.47348160 0.55684568
v -0.40337400 0.44849881 0.55828654
v -0.64561591 -0.48299307 0.71585606
v -0.63721884 -0.32605814 0.70927623
v -0.54562898 -0.45112803 0.70082844
v -0.59846331 -0.02063683 0.67131493
v -0.59831557 -0.16566370 0.66852029
v -0.45306383 -0.47926193 0.81850663
v -0.53563723 -0.30015307 0.68988617
v -0.47639007 -0.44146672 0.71919103
v -0.53652206 -0.37133504 0.68992531
v -0.00996986 0.24513562 0.72365273
v -0.19074339 0.19020785 0.71769960
v -0.07130779 0.28184353 0.65936476
v -0.02515371 0.14945559 0.73592187
v -0.54394062 0.08643339 0.71640732
v -0.36215580 0.13738685 0.70990292
v -0.49638852 0.15643229 0.65832562
v -0.20152751 0.39541871 0.63687966
v -0.24701222 0.23575506 0.67466839
v -0.13265401 0.33099583 0.63450075
v -0.27996470 0.35382394 0.61047838
v -0.16261736 0.26377557 0.68061967
v -0.05389136 -0.03016061 0.73821919
v -0.20504727 0.09934559 0.73861984
v -0.03963810 0.05623513 0.73429851
v -0.11198041 0.11954570 0.70913613
v -0.42734546 0.28558516 0.57700739
v -0.33834443 0.21189354 0.68118715
v -0.45357288 0.21985232 0.60645421
v -0.38051943 0.34088573 0.63410973
v -0.40308603 0.17738912 0.64628979
v -0.30712859 0.28200835 0.64236846
v -0.11667842 -0.36983938 0.77827845
v -0.26921389 -0.26218087 0.79076015
v -0.19508188 -0.39767839 0.79209221
v -0.10500787 -0.29884423 0.80464883
v -0.58198653 -0.00902313 0.76126488
v -0.37594792 -0.12511906 0.69455257
v -0.58609280 -0.09087545 0.76298565
v -0.43053298 0.01767742 0.67119855
v -0.32852368 -0.41036817 0.73783891
v -0.31893064 -0.25837173 0.72315422
v -0.25927653 -0.39775273 0.75163241
v -0.44484169 -0.39073358 0.80790640
v -0.26834905 -0.33650230 0.78263885
v -0.07105975 -0.12109470 0.76674701
v -0.24805717 -0.17213942 0.76851670
v -0.08929699 -0.21272576 0.80153754
v -0.14943304 -0.05918548 0.78277625
v -0.17398264 -0.22925552 0.76864606
v -0.54833287 -0.23241802 0.70872837
v -0.39397243 -0.20190698 0.72114167
v -0.56967407 -0.16598186 0.73858485
v -0.52390131 -0.32352538 0.79373254
v -0.50986551 -0.15768340 0.78039108
v -0.42007649 -0.29242868 0.76641932
v -0.28687268 0.07022385 0.71398814
v -0.32710891 -0.10950061 0.76612265
v -0.37299197 0.04525209 0.71697169
v -0.21774827 0.00737010 0.74044368
v -0.37148227 -0.04304407 0.70007613
v -0.23023175 -0.08170288 0.74475801
v 0.31544298 -0.62693861 -0.42266817
v 0.20046244 -0.76103494 -0.42703141
v 0.25901199 -0.58394495 -0.44990630
v -0.10039103 -0.83427038 -0.31714918
v 0.04694787 -0.77842794 -0.36223484
v 0.16825345 -0.57292377 -0.57698595
v 0.14253429 -0.73562124 -0.47177303
v 0.22778520 -0.60884464 -0.53612222
v 0.21506275 -0.68932594 -0.48407672
v -0.62139664 -0.79304520 -0.05343816
v -0.49160298 -0.80159745 -0.11838371
v -0.24128936 -0.83750016 -0.25211438
v -0.37619853 -0.83544648 -0.18759564
v -0.09395172 -0.33679731 -0.63221753
v -0.11935696 -0.49375006 -0.54312623
v -0.03152630 -0.39496927 -0.62287720
v -0.16443304 -0.78265685 -0.34388987
v -0.14279911 -0.64204335 -0.44722818
v -0.09180620 -0.77629538 -0.37628191
v 0.09198601 -0.47948402 -0.55749672
v -0.05804905 -0.55834155 -0.53556615
v 0.03128694 -0.43040018 -0.57915875
v 0.08084594 -0.55664722 -0.51072337
v -0.04520332 -0.47868934 -0.58138123
v 0.05635609 -0.70487625 -0.41174047
v -0.07050080 -0.63711038 -0.48462806
v -0.01558720 -0.72692247 -0.38740423
v 0.06892289 -0.63207154 -0.46194809
v -0.08165180 -0.70925969 -0.43227640
v 0.00630057 -0.59049941 -0.49342565
v -0.60509865 0.13936053 -0.67855700
v -0.66270385 -0.00814289 -0.61534214
v -0.53548670 0.07766988 -0.67103975
v -0.68537693 -0.27260605 -0.42636691
v -0.66627870 -0.14440156 -0.51037016
v -0.39232128 -0.03767286 -0.63497455
v -0.61985743 -0.06999367 -0.63767702
v -0.46119307 0.01777375 -0.65266031
v -0.58949600 0.00520199 -0.66867361
v -0.75276175 -0.79474516 -0.07449119
v -0.76939680 -0.68307452 -0.17887854
v -0.67293972 -0.79184762 -0.10874170
v -0.70529656 -0.39861615 -0.34487892
v -0.72692438 -0.52804156 -0.26227853
v -0.50647969 -0.75983042 -0.16797097
v -0.72172747 -0.71441591 -0.22094317
v -0.58662102 -0.77567408 -0.13955486
v -0.71202572 -0.76991182 -0.16742438
v -0.16434570 -0.26492179 -0.63259779
v -0.32285558 -0.28728863 -0.56256165
v -0.22458475 -0.20990682 -0.64155636
v -0.17792758 -0.34643163 -0.59520558
v -0.65080140 -0.34227034 -0.44306099
v -0.53918210 -0.35054285 -0.56246147
v -0.64282136 -0.27794252 -0.48766159
v -0.33254478 -0.09477330 -0.63110495
v -0.38963807 -0.23827114 -0.58154856
v -0.28099287 -0.15185790 -0.63971511
v -0.43282780 -0.11184692 -0.62731223
v -0.30200044 -0.22021880 -0.59989986
v -0.20361670 -0.50338011 -0.51009196
v -0.33607237 -0.36535882 -0.52349874
v -0.19120462 -0.42667589 -0.55419645
v -0.26105780 -0.35909884 -0.56372439
v -0.63194360 -0.14528102 -0.58753054
v -0.51375200 -0.27298214 -0.59604502
v -0.63713272 -0.21252559 -0.53618732
v -0.55876594 -0.13487591 -0.64096956
v -0.60203778 -0.28631335 -0.56128871
v -0.47622884 -0.19198811 -0.61775845
v -0.24530387 -0.77705716 -0.30141099
v -0.38019810 -0.65003312 -0.32798268
v -0.31517904 -0.78299952 -0.27094977
v -0.23630593 -0.71572871 -0.35638920
v -0.66308247 -0.41995946 -0.39282112
v -0.57857154 -0.59971752 -0.40132563
v -0.67600054 -0.48783151 -0.35193094
v -0.62572360 -0.43752907 -0.46047353
v -0.43775350 -0.76031578 -0.20071311
v -0.45746020 -0.66730886 -0.30409920
v -0.37961211 -0.77571585 -0.23627975
v -0.53107889 -0.73337600 -0.22538290
v -0.37960587 -0.71114493 -0.28242861
v -0.21578179 -0.58033558 -0.46032653
v -0.37110011 -0.58694173 -0.38020590
v -0.22647649 -0.64980310 -0.40990494
v -0.28487468 -0.51220813 -0.47169967
v -0.30798720 -0.65597075 -0.37174379
v -0.70969890 -0.63715521 -0.26944620
v -0.57460319 -0.65792222 -0.34711265
v -0.69215199 -0.56057340 -0.31111238
v -0.65186349 -0.72380403 -0.26012256
v -0.65047396 -0.59271699 -0.36314414
v -0.55703703 -0.70317468 -0.28718522
v -0.44553045 -0.40267850 -0.52227410
v -0.47029509 -0.55933776 -0.42096597
v -0.55748274 -0.43821953 -0.51413886
v -0.35137648 -0.44292511 -0.48000932
v -0.57076868 -0.52226539 -0.45978823
v -0.36318381 -0.51761740 -0.43170744
v -0.60646654 -0.54144521 0.61359238
v -0.72378320 -0.67532489 0.61185504
v -0.77167418 -0.77201884 0.43739802
v -0.72957931 -0.70641658 0.51061057
v -0.69779311 -0.78596056 0.03243431
v -0.71459548 -0.78091821 0.13226815
v -0.76511142 -0.78892345 0.33668108
v -0.75402548 -0.80040865 0.23709589
v 0.57699485 -0.13288793 0.64704143
v 0.64126774 0.00787950 0.59543801
v 0.51522072 -0.07473039 0.64564363
v 0.70259845 0.27945584 0.43708026
v 0.66732125 0.14462751 0.51116876
v 0.40294628 0.03869313 0.65217118
v 0.59343502 0.06701008 0.61049501
v 0.45448335 -0.01751517 0.64316500
v 0.56127168 -0.00495292 0.63665836
v 0.71779973 0.75783322 0.07103144
v 0.74450956 0.66097949 0.17309246
v 0.72301861 0.40863220 0.35354472
v 0.72806182 0.52886780 0.26268892
v 0.15236828 0.24561445 0.58649445
v 0.34299878 0.30521277 0.59766028
v 0.22692278 0.21209204 0.64823524
v 0.64669360 0.34010996 0.44026443
v 0.51336621 0.33375895 0.53553096
v 0.63529708 0.27468917 0.48195346
v 0.35642924 0.10158023 0.67643298
v 0.39082075 0.23899437 0.58331375
v 0.30182589 0.16311676 0.68714407
v 0.42626972 0.11015225 0.61780738
v 0.32588672 0.23763669 0.64734806
v 0.61169603 0.14062619 0.56870596
v 0.48982972 0.26027104 0.56829087
v 0.62375865 0.20806446 0.52493219
v 0.53201605 0.12841897 0.61028432
v 0.57839638 0.27507012 0.53924748
v 0.45799240 0.18463622 0.59410236
v -0.33840936 0.67258399 0.45344128
v -0.19551586 0.74225575 0.41649404
v -0.27097654 0.61091915 0.47068885
v 0.10608463 0.88158537 0.33513605
v -0.04626945 0.76717916 0.35700032
v -0.15984972 0.54430804 0.54816732
v -0.13541515 0.69887928 0.44820946
v -0.22159639 0.59230263 0.52155604
v -0.20921960 0.67059729 0.47092459
v 0.62372194 0.79601281 0.05363813
v 0.52710917 0.85949310 0.12693401
v 0.64747170 0.76187942 0.10462627
v 0.22005158 0.76378515 0.22992380
v 0.38839629 0.86253478 0.19367819
v 0.69096268 0.68396279 0.21152512
v 0.52019637 0.78040845 0.17252003
v 0.67793482 0.73304941 0.15940831
v 0.57808649 0.76438909 0.13752453
v 0.08836781 0.31678018 0.59464246
v 0.10962120 0.45347565 0.49882429
v 0.03270285 0.40970931 0.64612265
v 0.16867906 0.32842442 0.56426731
v 0.15466016 0.73614060 0.32345120
v 0.13115121 0.58967290 0.41074849
v 0.09523235 0.80526631 0.39032455
v -0.09181634 0.47859958 0.55646838
v 0.05878398 0.56541041 0.54234666
v -0.03349366 0.46075701 0.62000778
v -0.08106679 0.55816778 0.51211848
v 0.04616723 0.48889680 0.59377846
v 0.35275876 0.38349932 0.54949109
v 0.19856476 0.49089072 0.49743605
v 0.27922759 0.38409235 0.60295996
v 0.18464458 0.41203707 0.53518252
v -0.05625213 0.70357606 0.41098098
v 0.07139337 0.64517649 0.49076367
v 0.01668659 0.77819352 0.41472850
v -0.06911117 0.63379814 0.46320997
v 0.08339292 0.72438377 0.44149416
v -0.00676668 0.63418479 0.52992948
v 0.65889715 0.41730872 0.39034168
v 0.55086969 0.57100320 0.38211027
v 0.66808789 0.48212140 0.34781156
v 0.60520504 0.42318174 0.44537381
v 0.22742628 0.72042571 0.27944435
v 0.40391894 0.69058915 0.34844576
v 0.31846019 0.79115089 0.27377048
v 0.22402295 0.67852575 0.33786439
v 0.68696003 0.61674065 0.26081310
v 0.54784745 0.62728683 0.33094975
v 0.67762301 0.54880638 0.30458181
v 0.62065672 0.68915324 0.24766967
v 0.62493052 0.56944161 0.34888384
v 0.43207165 0.39051419 0.50649698
v 0.45608818 0.54244101 0.40824922
v 0.53098390 0.41738963 0.48970029
v 0.36544021 0.46065305 0.49922154
v 0.54363832 0.49744054 0.43793311
v 0.46919439 0.81492416 0.21512899
v 0.45884874 0.66933437 0.30502224
v 0.40775683 0.83322801 0.25379770
v 0.52303214 0.72226410 0.22196797
v 0.40963024 0.76739190 0.30476690
v 0.53570616 0.67624771 0.27618791
v 0.21042802 0.56593685 0.44890535
v 0.38952568 0.61608409 0.39908358
v 0.21870631 0.62750900 0.39584151
v 0.30691269 0.55183273 0.50819051
v 0.32942331 0.70162673 0.39761739
v 0.37772013 0.53833488 0.44898639
v 0.45315000 -0.58488729 -0.51919766
v 0.50066837 -0.43158027 -0.56975127
v 0.37024472 -0.51113982 -0.52102094
v 0.57147043 -0.12913080 -0.64373407
v 0.51991005 -0.26936251 -0.58840686
v 0.25683274 -0.43026243 -0.58667406
v 0.45166772 -0.39783692 -0.61647328
v 0.29320001 -0.44027641 -0.51779418
v 0.41395798 -0.46026680 -0.57293521
v 0.58323504 0.43632519 -0.64668843
v 0.59495571 0.30443254 -0.66223394
v 0.65404275 0.02255338 -0.73366012
v 0.65834536 0.18228496 -0.73559382
v 0.00928047 -0.22818505 -0.67361378
v 0.19971734 -0.19915660 -0.75146536
v 0.06937547 -0.27420606 -0.64149711
v 0.49915476 -0.07931682 -0.65742125
v 0.34390907 -0.13046480 -0.67413544
v 0.49700804 -0.15662752 -0.65914724
v 0.21110490 -0.41421058 -0.66714672
v 0.24813409 -0.23682580 -0.67773256
v 0.13815643 -0.34472536 -0.66081949
v 0.27044101 -0.34178776 -0.58971147
v 0.17117466 -0.27765604 -0.71643545
v 0.47902919 -0.32012421 -0.64679142
v 0.31286821 -0.19593865 -0.62989599
v 0.49289260 -0.23891107 -0.65902703
v 0.36271384 -0.32493471 -0.60443792
v 0.43546042 -0.19163636 -0.69819741
v 0.28707220 -0.26359238 -0.60041992
v -0.44772228 0.22294373 -0.65826699
v -0.32418381 0.29324637 -0.72497354
v -0.39970991 0.17010633 -0.67050840
v -0.03318145 0.42271380 -0.81402886
v -0.18582401 0.36277070 -0.78232671
v -0.30123715 0.06251564 -0.69844636
v -0.27130904 0.23773215 -0.73434400
v -0.35175516 0.11694783 -0.68586984
v -0.34109492 0.20657464 -0.71216366
v 0.52006989 0.50141744 -0.66789384
v 0.40899176 0.50865389 -0.74063638
v 0.55391721 0.45798076 -0.71147418
v 0.11058302 0.41899611 -0.73052169
v 0.27902385 0.50639239 -0.80553732
v 0.60834142 0.34089405 -0.78352719
v 0.40069790 0.42386797 -0.72390217
v 0.58876312 0.40749187 -0.75710323
v 0.52484377 0.48636837 -0.79234006
v -0.06587695 -0.16866477 -0.70970054
v -0.03403380 0.00806679 -0.74244503
v -0.12627222 -0.10966843 -0.70602707
v 0.02361571 -0.14031726 -0.69092460
v 0.03033817 0.37500474 -0.84680642
v -0.00288863 0.17628425 -0.75615544
v -0.04651701 0.31830023 -0.76696462
v -0.24252043 0.00441041 -0.70177100
v -0.09725237 0.06639768 -0.76629402
v -0.18434820 -0.05169159 -0.69993318
v -0.22878757 0.09271218 -0.72291878
v -0.11254976 -0.02236893 -0.74197461
v 0.21159770 -0.10251928 -0.76221577
v 0.05447221 0.03048569 -0.74617589
v 0.11651117 -0.12438256 -0.73782797
v 0.03836440 -0.05442812 -0.71070314
v -0.20182835 0.27623986 -0.77574226
v -0.07919741 0.15492958 -0.76810812
v -0.12341041 0.29857235 -0.77331724
v -0.21528824 0.18297492 -0.74750235
v -0.06161163 0.23382486 -0.75640158
v -0.15792171 0.12641759 -0.76328635
v 0.51261838 0.00794765 -0.67052819
v 0.41971752 0.13968600 -0.77541562
v 0.53902791 0.08357790 -0.70171577
v 0.46596276 -0.01913215 -0.72643338
v 0.11515007 0.36499490 -0.76808388
v 0.25431101 0.24766731 -0.74698599
v 0.18061505 0.36818746 -0.73335244
v 0.10830042 0.30821458 -0.82987884
v 0.60159506 0.25499389 -0.77757054
v 0.41655047 0.21347800 -0.76246935
v 0.57391809 0.16721841 -0.74408724
v 0.48564179 0.29989894 -0.73576776
v 0.45982840 0.14220869 -0.70380517
v 0.26754741 -0.06549320 -0.66589010
v 0.31742594 0.10625921 -0.74344414
v 0.37845062 -0.04591434 -0.72746440
v 0.21790870 -0.00737553 -0.74098921
v 0.40667531 0.04712192 -0.76639910
v 0.34392131 0.42960178 -0.77242080
v 0.35421934 0.28695977 -0.80316902
v 0.27746714 0.42565871 -0.80436628
v 0.39856440 0.35008521 -0.72385916
v 0.26780514 0.33582024 -0.78105253
v 0.40639095 0.28290174 -0.74145038
v 0.07431876 0.12664845 -0.80191225
v 0.22961094 0.15933865 -0.71136763
v 0.09389846 0.22368752 -0.84284076
v 0.15636297 0.06193020 -0.81907737
v 0.17002241 0.22403716 -0.75115000
v 0.22039950 0.07821369 -0.71295245
v 0.70040428 0.78890167 -0.03255568
v 0.76620738 0.83732029 -0.14182126
v 0.69776792 0.71948406 -0.30704712
v 0.77847381 0.82636089 -0.24478343
v 0.65062141 0.58086608 -0.65826606
v 0.70592323 0.65866067 -0.59675699
v 0.81543908 0.81580329 -0.46220470
v 0.71903642 0.69620841 -0.50323192
v -0.53098483 0.26925609 -0.64995134
v -0.52720714 0.40448641 -0.63430722
v -0.45589291 0.29615680 -0.66321083
v -0.53185826 0.68661860 -0.61751985
v -0.53998872 0.55357191 -0.63849387
v -0.32943916 0.36815112 -0.72679353
v -0.47320919 0.44834687 -0.67610904
v -0.39897254 0.33642710 -0.70464598
v -0.46563250 0.37243955 -0.67107840
v -0.36359995 0.99491069 -0.37993554
v -0.45407428 1.03083355 -0.49148050
v -0.52006149 0.81966423 -0.59190879
v -0.47545979 0.90112448 -0.52895125
v -0.03366952 0.51861044 -0.83849251
v -0.17573563 0.56407851 -0.73370447
v -0.10483363 0.44913762 -0.75938992
v -0.47186600 0.74219990 -0.65696693
v -0.32414021 0.65894069 -0.70476333
v -0.47214083 0.66631187 -0.66110245
v -0.26234160 0.41200554 -0.76788224
v -0.25678039 0.55334934 -0.74504200
v -0.18279096 0.43179674 -0.76560434
v -0.33319955 0.44751715 -0.73218693
v -0.17742771 0.49366629 -0.74135831
v -0.47341798 0.52244513 -0.67177989
v -0.33839597 0.60742013 -0.73497206
v -0.47039685 0.59007845 -0.66277854
v -0.40327032 0.48417636 -0.70025535
v -0.40882833 0.64235265 -0.70349121
v -0.33836871 0.53126298 -0.73984822
v -0.39085394 0.64547768 0.39330331
v -0.41190135 0.75442760 0.30467384
v -0.35054519 0.73258407 0.40671573
v -0.48208228 1.04231929 0.12073392
v -0.47028608 0.94028641 0.23104741
v -0.20154081 0.78310133 0.35979139
v -0.34689287 0.79288046 0.28913460
v -0.27171774 0.74926099 0.37850515
v -0.35231160 0.77151572 0.34939853
v -0.39033124 1.13191864 -0.32847220
v -0.41113088 1.10415737 -0.21561301
v -0.43517947 1.01228451 0.00334718
v -0.41016111 1.02458731 -0.10118913
v 0.09905733 0.93483347 0.27764014
v -0.06761632 0.96910051 0.21400667
v 0.01972948 0.85773852 0.28694601
v -0.39171916 1.04937495 0.09369397
v -0.22598073 0.99882016 0.15283275
v -0.37013662 0.95509240 0.14184951
v -0.13103534 0.84134689 0.34850761
v -0.13912937 0.91821391 0.23333711
v -0.05352400 0.83156636 0.31079268
v -0.20523098 0.82658383 0.30475485
v -0.06106928 0.90616113 0.26520291
v -0.34299925 0.81915300 0.23196067
v -0.22202309 0.94773369 0.20533534
v -0.35068376 0.87072122 0.18555146
v -0.29538540 0.87943723 0.28584020
v -0.28598177 0.91818191 0.16723521
v -0.21224216 0.88225281 0.25420343
v 0.64532611 0.85423301 -0.00923450
v 0.49421974 0.88767285 -0.06274670
v 0.59998847 0.89150840 0.02663255
v 0.68070515 0.88402312 -0.06409599
v 0.26519488 1.07205170 -0.17573541
v 0.42716189 1.09049067 -0.13132190
v 0.47053529 0.91483309 0.09771655
v 0.42234458 0.87169450 -0.02885321
v 0.54466535 0.91948539 0.06354688
v 0.53452341 0.93186703 -0.00319906
v 0.71105501 0.89252846 -0.17263656
v 0.49383755 0.86506459 -0.10921397
v 0.70863976 0.90427920 -0.12076645
v 0.61457895 0.92444307 -0.09318446
v -0.29356619 1.11352918 -0.35401599
v -0.16260485 1.20272652 -0.33582035
v -0.30224536 1.08849854 -0.29481456
v 0.12610246 1.09337139 -0.22273674
v -0.01107990 1.05512380 -0.25495728
v -0.32136910 1.05529112 -0.18665009
v -0.18298518 1.22923537 -0.28634139
v -0.30972089 1.06339218 -0.23788155
v -0.23303709 1.09796603 -0.27632662
v 0.18442100 0.91665321 0.23230455
v 0.20402394 1.05087490 0.11179087
v 0.23296225 0.83432504 0.18132424
v 0.10372333 0.96472215 0.20870673
v 0.20333008 1.11231662 -0.14522393
v 0.19463616 1.03434437 -0.01896916
v 0.26274733 1.04725160 -0.11399656
v 0.37481567 0.86457750 0.12523444
v 0.27438475 1.03404449 0.07597617
v 0.29071201 0.81447530 0.14747821
v 0.36115052 0.85647216 0.06094414
v 0.25320992 0.93188995 0.13218126
v -0.06112980 1.00975671 0.14987678
v 0.10790827 0.99337172 0.07632310
v 0.01927090 0.94983164 0.17220828
v 0.10572168 0.97577022 0.13965519
v 0.39506930 0.99033543 -0.06029850
v 0.28385424 1.09296513 0.00872554
v 0.35858881 1.11003357 -0.09506324
v 0.36362986 0.88658920 0.00241879
v 0.27504817 1.07857570 -0.05563009
v 0.32152912 0.95442579 0.03654722
v 0.73063175 0.86600028 -0.38165664
v 0.61978614 1.01231914 -0.35554129
v 0.66139615 0.79459416 -0.30025139
v 0.28451377 1.10478804 -0.23647742
v 0.42819218 1.01268552 -0.28149481
v 0.34089829 1.04000426 -0.20184114
v 0.67665370 0.83658651 -0.21404273
v 0.60581980 1.00330882 -0.29656913
v 0.64179504 0.78191757 -0.24715217
v 0.57717930 0.83643870 -0.18188023
v 0.63746008 0.89625645 -0.29973020
v 0.47356332 0.98305627 -0.14852870
v 0.53784144 1.06941159 -0.27676552
v 0.44367875 1.10214274 -0.19070748
v 0.50768637 0.87323010 -0.15950607
v 0.43904205 1.06336771 -0.23996530
v 0.55262197 0.93299536 -0.22320974
v -0.40239920 1.12703289 0.02660217
v -0.19647028 1.01024303 -0.03966139
v -0.39164482 1.13918793 -0.03246957
v -0.27929977 0.97436741 0.05252795
v 0.11513800 1.09661398 -0.17004503
v -0.04886707 1.13171666 -0.11064305
v 0.04699308 1.13366971 -0.19819728
v 0.11950599 1.12141363 -0.11380102
v -0.34160464 1.07532930 -0.13696336
v -0.19486916 1.05760541 -0.09335758
v -0.36767518 1.11184801 -0.08775992
v -0.28412377 1.19328944 -0.18715860
v -0.30244428 1.15444781 -0.06813562
v -0.14042546 0.99663801 0.11489627
v -0.13690642 1.09370613 -0.01196497
v -0.21881718 1.02055029 0.08626757
v -0.05690005 1.02488389 0.08243965
v -0.20539659 1.00760152 0.02064649
v -0.09138648 1.08974403 -0.23225100
v -0.11186046 1.05153877 -0.12393639
v -0.02364699 1.09282208 -0.21228987
v -0.19278766 1.20374133 -0.22320583
v -0.03668448 1.12899049 -0.16506344
v -0.19476250 1.13289079 -0.15530377
v 0.11322858 1.04469950 0.01285327
v -0.04885038 1.08802785 -0.04640605
v 0.11894942 1.10462548 -0.05036484
v 0.02982102 1.07476226 0.04947692
v 0.03294104 1.07972822 -0.07784524
v -0.05244696 1.04295038 0.01746922
v 0.52799127 0.56026844 -0.63951286
v 0.42914842 0.67643273 -0.64069735
v 0.49524255 0.58962144 -0.70385298
v 0.59874864 0.64455117 -0.66032581
v 0.22890207 0.97638606 -0.67843891
v 0.35458527 0.86379185 -0.69613864
v 0.34400318 0.55106650 -0.71653813
v 0.41810088 0.76771194 -0.75881699
v 0.46129519 0.62894404 -0.78408578
v 0.46492301 0.68533578 -0.74101773
v 0.63752043 0.70529087 -0.58334462
v 0.45828800 0.71821190 -0.61591862
v 0.61127042 0.66737696 -0.61400636
v 0.53135145 0.68956910 -0.64387157
v -0.30868715 1.12434737 -0.42024320
v -0.17403805 1.08217053 -0.48211416
v -0.31745133 1.03175410 -0.43169662
v -0.22508150 1.08134274 -0.38154961
v 0.08418816 0.96412088 -0.58044133
v -0.04159274 0.99040807 -0.51547368
v -0.37069842 0.97764737 -0.50516450
v -0.20547854 1.07651642 -0.53111704
v -0.32178760 0.93949107 -0.43791389
v -0.26528355 1.06365881 -0.48470904
v -0.09740057 1.22129867 -0.38254168
v -0.09773539 1.03455241 -0.43802269
v -0.15602669 1.09082446 -0.36288917
v -0.15905354 1.04942002 -0.40723725
v 0.05716940 0.49507856 -0.76055281
v 0.08423958 0.62923439 -0.72489554
v 0.12505188 0.49284730 -0.72613538
v -0.01723102 0.58985308 -0.81357365
v 0.13283580 0.86001629 -0.62119851
v 0.11878348 0.81485246 -0.73632752
v 0.19902699 0.84639363 -0.65755330
v 0.28415707 0.56368703 -0.76465807
v 0.16969714 0.70094816 -0.77920157
v 0.21606203 0.56342533 -0.79639042
v 0.28548589 0.60378472 -0.70917147
v 0.14880074 0.60281489 -0.76559514
v -0.17231050 0.67997834 -0.76987776
v 0.01141141 0.64888447 -0.68302586
v -0.09894708 0.65634992 -0.81779220
v -0.00161523 0.60911814 -0.72885612
v 0.34905507 0.82158493 -0.74476831
v 0.17847516 0.74761654 -0.73154592
v 0.27345096 0.84133732 -0.70505979
v 0.31005531 0.69383943 -0.71296096
v 0.18140225 0.76687713 -0.66764061
v 0.23263243 0.67274107 -0.71888101
v 0.74944179 0.87451998 -0.45341617
v 0.57553835 0.90945747 -0.50892308
v 0.69060042 0.79552521 -0.46713785
v 0.66676918 0.91250801 -0.42417772
v 0.24660354 0.99018001 -0.62380447
v 0.40838427 0.93999224 -0.56021708
v 0.29466951 0.89344150 -0.60541729
v 0.68226935 0.76592496 -0.56567709
v 0.54374400 0.85488755 -0.53423793
v 0.67217355 0.76426870 -0.50491833
v 0.57365111 0.75435409 -0.57073756
v 0.62935801 0.84213425 -0.51086302
v 0.49573968 0.95740612 -0.35961382
v 0.50411296 0.95733884 -0.48547709
v 0.57616862 0.93214325 -0.38914466
v 0.56214606 0.89948803 -0.43800357
v 0.39022095 0.75115772 -0.59220608
v 0.46640312 0.88389239 -0.56848130
v 0.33860487 0.80679994 -0.58923457
v 0.51231652 0.80453487 -0.62204677
v 0.36669666 0.85765569 -0.56639960
v 0.51805596 0.81452851 -0.56667880
v -0.44418069 0.78918661 -0.61471405
v -0.30467777 0.93248891 -0.68594985
v -0.41949874 0.82261724 -0.57799761
v -0.37232657 0.74800678 -0.63949595
v 0.06040874 0.90504040 -0.60043286
v -0.10729871 0.88185124 -0.61552840
v -0.00156165 0.96194827 -0.59438840
v 0.05259540 0.90828628 -0.67274140
v -0.42702109 1.01746947 -0.58426101
v -0.26566975 0.91592884 -0.61099497
v -0.42794668 0.92536634 -0.58728878
v -0.29310604 0.92256926 -0.51651276
v -0.37317717 0.94363516 -0.64572999
v -0.23914942 0.68924624 -0.70803760
v -0.22530139 0.87769423 -0.70546727
v -0.30268352 0.71073662 -0.66640468
v -0.16502906 0.78299558 -0.77733200
v -0.30656120 0.82480972 -0.68287542
v -0.13658196 1.06104224 -0.56683015
v -0.16394576 0.87382665 -0.56796298
v -0.06814957 1.01982606 -0.58615368
v -0.21395646 0.96886521 -0.52953465
v -0.09266780 0.99325604 -0.62959923
v -0.22420950 0.88350367 -0.53400992
v 0.02607739 0.75991995 -0.70560110
v -0.11358847 0.78961167 -0.61638464
v 0.04092819 0.86770105 -0.71889248
v -0.05896769 0.70499341 -0.67666565
v -0.03692884 0.88601837 -0.67351108
v -0.13835135 0.79191868 -0.69471485
v 0.19357490 1.08934013 -0.25821101
v 0.19149974 1.10942621 -0.38082427
v 0.12711676 1.12623943 -0.28825927
v 0.28200661 1.10634412 -0.29645775
v 0.17325890 1.07364916 -0.62045893
v 0.16340558 0.97686989 -0.44417523
v 0.10192211 1.09341693 -0.58725714
v 0.23062044 0.92707989 -0.52064131
v -0.01516808 1.08267590 -0.31792333
v 0.10995072 1.03096907 -0.37326039
v 0.05295974 1.08571794 -0.29839869
v -0.02428845 1.18811553 -0.41260521
v 0.12251990 1.11422665 -0.34401507
v 0.42806188 1.01550339 -0.34103105
v 0.26586926 1.05884228 -0.40016262
v 0.36379867 1.08191935 -0.32558449
v 0.43989163 1.03673431 -0.41145768
v 0.26743038 1.05798282 -0.34141996
v -0.03429159 1.04683058 -0.48239465
v 0.10575466 1.02972702 -0.43126993
v 0.03050930 1.07492232 -0.53533407
v -0.03123162 1.16983745 -0.47141877
v 0.10972981 1.11622478 -0.53143461
v 0.04503314 1.11065330 -0.42484298
v 0.40518050 0.94604116 -0.49838511
v 0.26393597 1.05653395 -0.46252671
v 0.32775321 0.96986400 -0.52809786
v 0.41838931 0.98080787 -0.45180326
v 0.24065185 0.96623715 -0.48072853
v 0.33717267 1.00681895 -0.42047773
v -0.64355789 0.22564651 -0.67356156
v -0.77644529 0.24704394 -0.60056834
v -0.68929691 0.15470347 -0.65825798
v -0.63357128 0.29772947 -0.65829961
v -0.92070015 0.25535795 -0.39580095
v -0.84131537 0.24830538 -0.48763478
v -0.69491735 0.00351221 -0.55140855
v -0.76650804 0.16413090 -0.54210969
v -0.69823196 0.07642523 -0.60784582
v -0.73599391 0.16114678 -0.60294095
v -0.59571553 0.41865630 -0.60855582
v -0.79973326 0.33357027 -0.61431308
v -0.61409542 0.36082083 -0.63279994
v -0.73070732 0.32201939 -0.65033178
v -1.23188682 0.28020528 -0.01225799
v -1.20153830 0.28646500 -0.12274800
v -1.00006524 0.26271789 -0.30659163
v -1.08294382 0.27071283 -0.21603543
v -0.75017155 -0.26512577 -0.39169175
v -0.86365690 -0.11971572 -0.40436860
v -0.73397259 -0.19950843 -0.42905101
v -0.95143833 0.18643027 -0.36554936
v -0.93333373 0.03660908 -0.39531833
v -0.90347686 0.18078620 -0.40703423
v -0.70008819 -0.06678545 -0.50250035
v -0.83284384 -0.05022289 -0.43559018
v -0.71509703 -0.13279160 -0.46478387
v -0.73604958 0.01167616 -0.49912609
v -0.78689580 -0.12597240 -0.43421346
v -0.80472477 0.16797398 -0.48890918
v -0.86844179 0.02964358 -0.43096639
v -0.85190873 0.17415496 -0.44701350
v -0.77100507 0.09010124 -0.49458575
v -0.89031503 0.10605582 -0.42078041
v -0.79822300 0.02028323 -0.46298122
v -0.59154288 0.69352481 -0.57710947
v -0.70413232 0.56813226 -0.51303790
v -0.59993176 0.63221032 -0.59280281
v -0.95417284 0.33836459 -0.40365630
v -0.92207518 0.50850442 -0.51272777
v -0.91659731 0.33629288 -0.45210103
v -0.59137770 0.48593636 -0.59748534
v -0.72636510 0.51719938 -0.53781133
v -0.59856720 0.56064222 -0.59846561
v -0.68143664 0.44592430 -0.59502062
v -0.65140024 0.56368395 -0.55451658
v -0.84669894 0.33653752 -0.55963613
v -0.85614255 0.49519488 -0.55157217
v -0.88158073 0.33591052 -0.50443615
v -0.80329431 0.41374051 -0.60920795
v -0.92126453 0.42989408 -0.51982458
v -0.77324732 0.47439352 -0.57917894
v -0.45408136 0.59175549 0.42708837
v -0.61703068 0.60380223 0.41265096
v -0.50885371 0.55653698 0.48311983
v -0.48919237 0.68091315 0.40268846
v -0.80675264 0.50406537 0.30059769
v -0.78329924 0.60490707 0.38855331
v -0.61522433 0.45436160 0.59180618
v -0.62668612 0.51914257 0.43091564
v -0.56819757 0.51478278 0.54336358
v -0.62819859 0.59329591 0.50372240
v -0.55147646 0.85762583 0.33102397
v -0.60768824 0.63932174 0.35319839
v -0.52669988 0.77729407 0.37360324
v -0.60690404 0.72800365 0.41660984
v -1.09735269 0.28318729 0.07194173
v -1.09425670 0.36465919 0.14061700
v -1.00481083 0.51281799 0.27811867
v -1.06984384 0.44475040 0.21134444
v -0.62466473 0.11341376 0.60782030
v -0.78039696 0.25097879 0.57355766
v -0.62742337 0.19174892 0.60941881
v -0.87377916 0.45670339 0.34350931
v -0.80207091 0.34563103 0.44042653
v -0.78653322 0.45787609 0.35375815
v -0.63923491 0.37006243 0.61716845
v -0.74004378 0.32073493 0.53758557
v -0.63804580 0.27961005 0.61820520
v -0.63435298 0.40376181 0.52314799
v -0.65721381 0.24579776 0.55179178
v -0.72496970 0.52872554 0.42905241
v -0.80844331 0.39477945 0.50370700
v -0.80919093 0.52643010 0.41707777
v -0.65218272 0.44752639 0.45721965
v -0.81221881 0.43597642 0.43293452
v -0.69405693 0.38495193 0.49549393
v -0.49740306 0.91846158 0.08721339
v -0.67955671 0.88888665 0.16103653
v -0.51349216 0.91246919 0.14334470
v -0.85435036 0.57960848 0.26402927
v -0.74508153 0.70614160 0.20729220
v -0.76791451 0.57565667 0.27759201
v -0.55461106 0.90538654 0.27098600
v -0.66026692 0.82539740 0.21123133
v -0.53736201 0.91652818 0.20632411
v -0.57551556 0.77596297 0.28245360
v -0.56391575 0.83599430 0.17012452
v -0.70494325 0.65541138 0.34712744
v -0.74661160 0.78592218 0.25076351
v -0.78861464 0.65659417 0.33290350
v -0.61429114 0.68722567 0.30221134
v -0.77234153 0.68823715 0.26980300
v -0.63583204 0.75327824 0.25730532
v -0.64072293 -0.46458860 0.61804192
v -0.83639443 -0.42267377 0.62648203
v -0.67222057 -0.41446665 0.65074878
v -0.66286873 -0.49845421 0.58632188
v -1.01975359 -0.21543543 0.46962087
v -0.90631063 -0.30990758 0.53356607
v -0.71925296 -0.28925143 0.69968508
v -0.80247247 -0.33202761 0.60402436
v -0.70167546 -0.35680837 0.68107823
v -0.68937763 -0.34915693 0.58665960
v -0.81103585 -0.64719178 0.60007524
v -0.88778863 -0.47499155 0.61004460
v -0.77045298 -0.59793400 0.62367958
v -0.80842016 -0.51275199 0.62861110
v -1.13837131 0.20250728 0.08966068
v -1.10678777 0.09899247 0.18320971
v -1.10365522 0.23538680 0.12075229
v -1.06885135 -0.10746180 0.37613364
v -1.10977077 -0.00226935 0.28330338
v -1.09463673 0.31408356 0.19110692
v -1.12023675 0.13846569 0.22213963
v -1.11498483 0.27834143 0.15771736
v -1.11440807 0.18767255 0.17138036
v -0.64316573 0.02661644 0.62658942
v -0.77371589 -0.02682170 0.58211655
v -0.67227667 -0.04819374 0.65517222
v -0.73805926 0.09252301 0.62693212
v -1.00048731 -0.13454409 0.46140273
v -0.98734686 -0.08907403 0.58283891
v -0.93620366 -0.18095354 0.48881120
v -0.71956859 -0.20897207 0.70047701
v -0.75228021 -0.09716196 0.56737042
v -0.70162425 -0.12813738 0.68365428
v -0.73051798 -0.22355371 0.62439526
v -0.77368672 -0.07950593 0.66092890
v -0.80693537 0.21052701 0.52037976
v -0.78548156 0.03215960 0.51775360
v -0.80604986 0.15958416 0.59674905
v -0.79938170 0.06331211 0.59646289
v -0.93505833 -0.30792097 0.62118335
v -0.86962680 -0.13317009 0.57867221
v -0.94599504 -0.24418642 0.55780704
v -0.76957544 -0.24534168 0.57930568
v -0.98146967 -0.17076541 0.57917962
v -0.74890008 -0.16752135 0.56405141
v -0.82899079 -0.72102899 0.40309773
v -0.91281418 -0.57063589 0.41829737
v -0.82926406 -0.70790712 0.45264814
v -1.03932573 -0.24912792 0.43041798
v -0.98277178 -0.41368116 0.42738411
v -1.00915526 -0.30430871 0.47601407
v -0.76825469 -0.62840585 0.51515268
v -0.92066910 -0.55826990 0.47099271
v -0.78388103 -0.65567464 0.47618658
v -0.80630273 -0.55090737 0.52183803
v -0.87861647 -0.63535306 0.46354150
v -0.87458383 -0.38984903 0.52896370
v -0.95782842 -0.47490038 0.47581930
v -0.92376589 -0.34183322 0.49435612
v -0.84188427 -0.47107770 0.52645969
v -0.98738839 -0.39131568 0.47766980
v -0.87264420 -0.50899034 0.49454092
v -1.02874773 0.47321922 0.34364549
v -0.98836577 0.26767261 0.35155747
v -0.98196950 0.40504954 0.28451874
v -0.98186623 0.40931134 0.39550899
v -1.07459909 -0.07512078 0.42414063
v -1.04302559 0.10163578 0.39169923
v -1.08533222 -0.02072986 0.37199201
v -0.98708725 -0.04658958 0.44514310
v -1.09859790 0.35940191 0.23226004
v -1.05645165 0.24555539 0.33036196
v -1.04212306 0.38376930 0.25934992
v -1.09816491 0.26484861 0.24488384
v -1.00401822 0.32121907 0.30289845
v -0.79637673 0.25448376 0.44188063
v -1.02288229 0.22839755 0.43138250
v -0.86480223 0.32000177 0.41203136
v -0.83067245 0.17568499 0.46849148
v -1.03603170 0.32847175 0.42724273
v -1.10970767 0.08482914 0.27297968
v -1.09365290 0.15879903 0.35369720
v -1.09170345 0.03245213 0.31996783
v -1.10181763 0.17367275 0.25839945
v -1.09822701 0.06903798 0.36596325
v -1.10512863 0.21425696 0.30140943
v -0.96342563 0.00644668 0.55855412
v -0.98914019 0.12726523 0.42688322
v -0.99242718 -0.02154500 0.50865994
v -0.89906496 0.09620718 0.51453069
v -0.97750745 0.03977890 0.43117458
v -1.02004099 0.17102419 0.50324440
v -0.80410832 -0.78998352 -0.01677572
v -0.92125196 -0.66899221 -0.00818770
v -0.83273978 -0.75270540 -0.07145641
v -0.80389155 -0.77970378 0.03845302
v -1.01947444 -0.36948082 0.00826869
v -0.96061423 -0.50637030 0.00039755
v -0.78923308 -0.59312204 -0.16557817
v -0.88481315 -0.58425840 -0.05814261
v -0.81707873 -0.67539055 -0.12166291
v -0.86749436 -0.67071525 -0.06499387
v -0.77802950 -0.73464821 0.13726111
v -0.96187805 -0.69214551 0.04899500
v -0.79075955 -0.75674326 0.08990444
v -0.90055565 -0.75242847 0.04449028
v -1.24477416 0.19868093 0.04046204
v -1.23965202 0.04536048 0.03316905
v -1.26081135 0.20770294 -0.01585452
v -1.21408780 0.14060005 0.09173311
v -1.07891990 -0.23611078 0.01599001
v -1.14159701 -0.10032285 0.02390527
v -1.14228692 0.19897880 -0.11972027
v -1.16627630 0.04722375 -0.02158357
v -1.20951096 0.20505846 -0.07069018
v -1.22216464 0.12501220 -0.01892601
v -1.11870847 0.02968876 0.18151164
v -1.26588526 -0.01008419 0.08848227
v -1.16506982 0.08304786 0.13852332
v -1.26621682 0.06795779 0.09198573
v -0.76208826 -0.34050999 -0.34294241
v -0.90017907 -0.35075223 -0.25496232
v -0.76575468 -0.40055954 -0.29903563
v -0.82901479 -0.27312440 -0.35342614
v -1.03079770 -0.31559118 -0.04090301
v -0.99320396 -0.34212555 -0.15039889
v -0.99205828 -0.37957324 -0.04466197
v -0.77164308 -0.51943636 -0.20978086
v -0.88908592 -0.40600604 -0.20551296
v -0.76668094 -0.45910754 -0.25376245
v -0.81953694 -0.51645862 -0.15759283
v -0.83100045 -0.40497509 -0.25378849
v -0.93862169 -0.12192099 -0.36099060
v -0.96329458 -0.27799986 -0.26005779
v -0.89028292 -0.19957335 -0.36015187
v -0.90267258 -0.27794941 -0.30946778
v -0.91134242 -0.50648132 -0.05275361
v -0.93661241 -0.40159866 -0.15209141
v -0.94933699 -0.44216891 -0.04845026
v -0.86620570 -0.51213078 -0.10513540
v -0.96907451 -0.39217077 -0.09858812
v -0.87367978 -0.45705073 -0.15429974
v -0.81565093 -0.72416594 0.33968029
v -0.88923719 -0.60282730 0.24419617
v -0.81630141 -0.73652787 0.29233039
v -0.86615456 -0.65731961 0.35158407
v -1.06811091 -0.38239909 0.06244589
v -1.08976860 -0.55231159 0.17327885
v -1.04151631 -0.45393535 0.05892237
v -0.78331896 -0.72826972 0.18771531
v -0.90702138 -0.62561874 0.20122428
v -0.80360270 -0.73639702 0.24030144
v -0.86299428 -0.70259578 0.14770233
v -0.84608634 -0.66788579 0.24191277
v -0.95317338 -0.51195347 0.36852901
v -0.93529505 -0.53462103 0.25397018
v -0.91263754 -0.58617186 0.36136557
v -0.90951409 -0.60018807 0.30439478
v -0.99641678 -0.61056638 0.05283536
v -1.03172568 -0.61553090 0.16671002
v -1.01851229 -0.53030833 0.05572873
v -0.97833108 -0.69352901 0.10683915
v -1.07667068 -0.55319358 0.11591682
v -0.95358369 -0.66640087 0.15854797
v -0.99891767 0.19083327 -0.31218082
v -1.07884773 0.05010334 -0.23175518
v -1.03010513 0.19252909 -0.26469935
v -1.00362784 0.11863212 -0.33074578
v -1.06636033 -0.23580396 -0.03628381
v -1.10219580 -0.09759478 -0.13624202
v -1.08690446 -0.16677924 -0.03234247
v -1.06213908 -0.25150559 -0.09138578
v -1.08981844 0.19441218 -0.16845330
v -1.09252513 0.05042398 -0.17908839
v -1.05743270 0.19321426 -0.21599692
v -1.10364085 0.12094827 -0.12069078
v -1.06603963 0.12235167 -0.22325943
v -0.97593258 -0.03821140 -0.35614432
v -1.07423593 -0.02909523 -0.24564771
v -0.99762220 0.04124980 -0.34620966
v -1.00181770 -0.11843793 -0.30997897
v -1.04698589 0.04582755 -0.29072303
v -1.12488120 -0.02739221 -0.02501722
v -1.10445367 -0.02503511 -0.13029064
v -1.10327705 -0.09679367 -0.02845510
v -1.11535411 0.04685102 -0.07277370
v -1.10069447 -0.09687224 -0.08149210
v -1.09886283 0.04816310 -0.12505088
v -1.01310802 -0.27338040 -0.20406564
v -1.08673847 -0.10818536 -0.19450184
v -1.04598028 -0.26465975 -0.14838461
v -1.01441062 -0.19809978 -0.25846339
v -1.08295431 -0.18170594 -0.14358208
v -1.05199122 -0.11378509 -0.25358207
v -1.05725160 -0.18211803 0.37106162
v -1.06036248 -0.21889582 0.26642350
v -1.08665880 -0.12996226 0.32744691
v -1.04037104 -0.26645282 0.37421292
v -1.10476087 -0.30017234 0.06720633
v -1.20731714 -0.28858325 0.18854715
v -1.14053177 -0.23178727 0.07178341
v -1.14557072 -0.38932098 0.12385395
v -1.09728968 -0.02385458 0.22849674
v -1.10942061 -0.17152201 0.22751376
v -1.09790868 -0.07610110 0.27852862
v -1.15620161 -0.04476475 0.18578681
v -1.07768152 -0.14828591 0.27199450
v -0.98947725 -0.43050322 0.37324450
v -1.03982714 -0.30009602 0.26754777
v -1.01789815 -0.35001235 0.37503780
v -0.98676351 -0.44711837 0.31724945
v -1.04956388 -0.28597662 0.32258575
v -1.22845921 -0.08996306 0.08297517
v -1.21332177 -0.20810744 0.19029740
v -1.18270440 -0.16193192 0.07705552
v -1.25615886 -0.07020308 0.14292599
v -1.22121708 -0.22889367 0.13469184
v -1.19473677 -0.12535717 0.18987116
v -1.04040870 -0.50646819 0.21986292
v -1.11431295 -0.34065886 0.22946229
v -1.14047138 -0.46943393 0.18057877
v -0.97899172 -0.46051037 0.26048354
v -1.18012015 -0.38047916 0.18572872
v -1.01422793 -0.38145549 0.26506035
v -0.40933535 0.99915197 -0.32852726
v -0.60442050 1.04477593 -0.32248576
v -0.43148837 0.96524064 -0.36021772
v -0.44177991 1.04328373 -0.29194667
v -0.85127004 0.85037890 -0.21961807
v -0.71141216 0.92300555 -0.26373202
v -0.54598269 1.02951469 -0.48421435
v -0.64845463 1.03901744 -0.36903207
v -0.51037858 1.04727716 -0.44024268
v -0.56106822 1.05197787 -0.38326565
v -0.49904926 1.10374074 -0.20113265
v -0.59219252 0.99818765 -0.25619691
v -0.47406783 1.08302045 -0.25002774
v -0.48330091 0.95446903 -0.25636694
v -1.11919677 0.32380401 0.01122073
v -1.05081948 0.45304367 -0.04574750
v -1.18122056 0.34851580 -0.04272148
v -1.08482881 0.35448126 0.04373649
v -0.93737866 0.72422459 -0.16169986
v -1.01494100 0.59761668 -0.10462986
v -1.20561051 0.37120935 -0.15809197
v -1.05055291 0.46083570 -0.09730171
v -1.21889820 0.36729184 -0.10158709
v -1.11383364 0.40716412 -0.07107561
v -1.07515786 0.43730545 0.11142200
v -1.06261049 0.50300508 -0.01360007
v -1.09559057 0.40102808 0.07837857
v -1.07624882 0.42906514 0.01527703
v -0.59171391 0.77996679 -0.56756357
v -0.69610802 0.80023107 -0.46821246
v -0.58389160 0.84430070 -0.55113089
v -0.64969220 0.71200511 -0.53392842
v -0.87253017 0.80600833 -0.25191567
v -0.78950777 0.80889251 -0.36322768
v -0.82406269 0.86657300 -0.28116965
v -0.52565793 0.90624312 -0.47727141
v -0.69483590 0.87033404 -0.45285438
v -0.54417489 0.86068847 -0.50441244
v -0.57470916 0.91413625 -0.42557380
v -0.64213997 0.86057956 -0.50384557
v -0.75866153 0.58274938 -0.46860895
v -0.75593236 0.73577850 -0.43835209
v -0.71160907 0.65174428 -0.50520262
v -0.70514795 0.72639172 -0.48744073
v -0.66761699 0.91940771 -0.31770414
v -0.74444697 0.87493473 -0.39708969
v -0.73093389 0.87800759 -0.29448839
v -0.62221375 0.91854160 -0.37217687
v -0.78736038 0.87404659 -0.34061244
v -0.65204022 0.88653393 -0.40791426
v -0.49614595 0.95665258 0.02515529
v -0.62252029 0.92963039 -0.03640020
v -0.50521052 1.00865422 -0.02826835
v -0.59954364 0.96876248 0.06028712
v -0.84853662 0.82668461 -0.16020295
v -0.81832867 0.98012240 -0.10858715
v -0.77238638 0.85534232 -0.18133878
v -0.51328291 1.09597566 -0.14340428
v -0.59250421 0.91356908 -0.08624735
v -0.51362414 1.06113721 -0.08542371
v -0.53728103 0.99884876 -0.16610582
v -0.59671578 1.03999900 -0.06303058
v -0.70930714 0.82811594 0.12099844
v -0.65776641 0.84007609 -0.00470842
v -0.68349134 0.93488019 0.09538198
v -0.66019184 0.94381675 0.02705970
v -0.72122814 1.04475280 -0.25356135
v -0.69745583 0.95597058 -0.12565136
v -0.75629906 0.95581615 -0.21820850
v -0.58073598 0.94924266 -0.19320602
v -0.79906235 0.98312969 -0.16701923
v -0.57757425 0.91627300 -0.13681481
v -1.00310387 0.34290222 -0.34865600
v -1.07901317 0.52305808 -0.33632364
v -1.04879195 0.34855197 -0.30350934
v -1.01509569 0.43605430 -0.40989828
v -0.91410172 0.72343735 -0.21454134
v -0.93260013 0.58931925 -0.25623160
v -0.96088345 0.66568323 -0.18707971
v -0.88228703 0.73357482 -0.27248319
v -1.15649666 0.36526665 -0.21141197
v -1.09858983 0.51767826 -0.27905242
v -1.10079210 0.35623911 -0.25803442
v -1.17421963 0.44813832 -0.19227411
v -1.11424711 0.44779035 -0.30290499
v -0.87255278 0.55537580 -0.46680848
v -0.97122167 0.56452588 -0.35590099
v -0.98419729 0.51914425 -0.45871323
v -0.81262442 0.59191674 -0.42009817
v -1.03713200 0.52405316 -0.39921265
v -1.01055714 0.52480902 -0.12631208
v -0.99658645 0.54225840 -0.23407249
v -0.99149242 0.59708019 -0.15680307
v -1.07289506 0.48222626 -0.15500680
v -0.96060084 0.59235771 -0.20696361
v -1.09520859 0.50425065 -0.21728252
v -0.80440132 0.74027327 -0.38387118
v -0.89822137 0.59569148 -0.31173851
v -0.84568044 0.73942402 -0.32947700
v -0.81059832 0.66728942 -0.40341381
v -0.89858827 0.66908382 -0.29503106
v -0.85966796 0.59627933 -0.36721948
v -1.00729934 0.60890014 0.25590359
v -0.93044632 0.63406671 0.11461838
v -0.96242813 0.52866676 0.20457817
v -0.93980179 0.67540782 0.22343018
v -0.93855587 0.78547845 -0.13239016
v -0.94581358 0.71659166 -0.00597936
v -0.96943481 0.71242849 -0.10212555
v -0.85441062 0.79271292 -0.09761557
v -1.07832047 0.48767546 0.14930833
v -0.99694522 0.62198863 0.08693077
v -1.02222519 0.50964179 0.17795092
v -1.05865390 0.51479227 0.08325071
v -0.96520931 0.56672133 0.14413748
v -0.72326006 0.71701433 0.14277218
v -0.94023908 0.75119231 0.09330251
v -0.80728803 0.68383233 0.17675005
v -0.73705906 0.76787631 0.08553425
v -0.97141092 0.73725797 0.16288957
v -1.03233601 0.57427647 -0.04353525
v -1.01284788 0.66996552 0.02313695
v -0.99585116 0.63880653 -0.07214837
v -1.04335006 0.54353425 0.01921807
v -0.99894677 0.69707737 -0.04017615
v -1.04466249 0.59676123 0.05405224
v -0.81702474 0.93256778 -0.04034825
v -0.89075026 0.74967253 0.02438597
v -0.85065950 0.87526675 -0.07128871
v -0.77968547 0.85139289 0.02616853
v -0.86322541 0.76271855 -0.03633476
v -0.91234546 0.85229807 0.06267941
v 0.48373478 -0.63039961 -0.45497903
v 0.66237600 -0.64817540 -0.44297650
v 0.50123977 -0.54820955 -0.47589093
v 0.85021223 -0.53121926 -0.31679082
v 0.70023473 -0.54076006 -0.34734940
v 0.54169755 -0.40005987 -0.52107815
v 0.70858573 -0.58698766 -0.48723064
v 0.51778129 -0.46910601 -0.49515083
v 0.57020314 -0.53852269 -0.45721863
v 1.15943624 -0.29920883 -0.07601189
v 1.04510652 -0.34827998 -0.13430098
v 0.96182108 -0.49087762 -0.26621967
v 1.12090886 -0.46597891 -0.22143218
v 0.70919513 -0.12876105 -0.69007128
v 0.69901444 -0.22480585 -0.51374507
v 0.68220645 -0.20849136 -0.66262984
v 0.88537659 -0.46276509 -0.34806862
v 0.84907310 -0.36588537 -0.46623599
v 0.84953264 -0.49455086 -0.38209333
v 0.58264028 -0.33729897 -0.56252747
v 0.69993162 -0.30335033 -0.50844714
v 0.63332756 -0.27754239 -0.61363369
v 0.68432817 -0.43557071 -0.56436229
v 0.72872978 -0.27254471 -0.61183606
v 0.69251222 -0.50505407 -0.40984339
v 0.72790307 -0.35545000 -0.45352577
v 0.75614076 -0.49191759 -0.38973435
v 0.72790761 -0.49948865 -0.51030740
v 0.81386844 -0.43686189 -0.43381382
v 0.71742985 -0.39791549 -0.51218009
v 0.61366785 -0.21516636 0.64227800
v 0.75133005 -0.23905295 0.58114210
v 0.65915904 -0.14793943 0.62947721
v 0.94383465 -0.26177435 0.40574627
v 0.84263180 -0.24869391 0.48839780
v 0.69053064 -0.00349004 0.54792774
v 0.76166940 -0.16309481 0.53868758
v 0.67869057 -0.07428632 0.59083406
v 0.71539567 -0.15663678 0.58606646
v 1.17467184 -0.26719114 0.01168866
v 1.16267282 -0.27719888 0.11877754
v 1.02519396 -0.26931922 0.31429538
v 1.08463834 -0.27113642 0.21637346
v 0.79093691 0.27953307 0.41297683
v 0.92262769 0.12788995 0.43197903
v 0.76985687 0.20926249 0.45002752
v 1.00314081 -0.19656115 0.38541382
v 0.99706207 -0.03910876 0.42231080
v 0.94764829 -0.18962492 0.42693433
v 0.71273338 0.06799175 0.51157665
v 0.88718582 0.05349986 0.46401187
v 0.74149882 0.13769434 0.48194396
v 0.75534694 -0.01198228 0.51221191
v 0.83500263 0.13367372 0.46075907
v 0.81925993 -0.17100797 0.49773999
v 0.92510649 -0.03157779 0.45908639
v 0.88336169 -0.18058486 0.46351749
v 0.79121887 -0.09246347 0.50755254
v 0.94474438 -0.11253954 0.44650479
v 0.84006870 -0.02134654 0.48725235
v 0.76676152 0.75329274 0.01599657
v 0.89145274 0.64735270 0.00792286
v 0.79633021 0.71979514 0.06833215
v 0.77346754 0.75019518 -0.03699773
v 1.04509085 0.37876479 -0.00847645
v 0.96211734 0.50716263 -0.00039818
v 0.78425099 0.58937791 0.16453294
v 0.87922771 0.58057023 0.05777558
v 0.79421118 0.65648842 0.11825794
v 0.84321583 0.65194397 0.06317489
v 0.79910040 0.75454425 -0.14097847
v 0.92087646 0.66264171 -0.04690651
v 0.77925510 0.74573369 -0.08859645
v 0.85743818 0.71640315 -0.04236014
v 1.18696063 -0.18945319 -0.03858278
v 1.19955370 -0.04389323 -0.03209615
v 1.20568537 -0.19862162 0.01516132
v 1.10603001 0.24204356 -0.01639180
v 1.14338330 0.10047983 -0.02394268
v 1.13507615 -0.19772274 0.11896452
v 1.15891410 -0.04692565 0.02144733
v 1.17566042 -0.19931949 0.06871178
v 1.18795997 -0.12151349 0.01839633
v 0.80350119 0.35901378 0.36157838
v 0.96164361 0.37470171 0.27237123
v 0.80319280 0.42014309 0.31365563
v 0.88479239 0.29150070 0.37720529
v 1.08681269 0.33274085 0.04312574
v 1.06102027 0.36548600 0.16066817
v 1.04056050 0.39813076 0.04684552
v 0.78558072 0.52881856 0.21356998
v 0.94709762 0.43249740 0.21892241
v 0.79498724 0.47605806 0.26313150
v 0.84102312 0.52999885 0.16172451
v 0.88180361 0.42973321 0.26930384
v 0.99884418 0.12974351 0.38415196
v 1.02510010 0.29583649 0.27674325
v 0.95018422 0.21300133 0.38438413
v 0.96340750 0.29665080 0.33028984
v 0.92780334 0.51562953 0.05370646
v 0.99772515 0.42780245 0.16201518
v 0.98438705 0.45849404 0.05023907
v 0.88891542 0.52555755 0.10789179
v 1.02831882 0.41614610 0.10461529
v 0.91948119 0.48101096 0.16238868
v 0.75620679 0.67138918 -0.31492460
v 0.94471734 0.64043814 -0.25943174
v 0.82479947 0.74419545 -0.29537368
v 1.06136909 0.37998543 -0.06205174
v 1.03759077 0.52586706 -0.16498231
v 1.02932527 0.44862200 -0.05823268
v 0.83957950 0.78057644 -0.20119764
v 0.90977450 0.62751770 -0.20183506
v 0.86318241 0.79099405 -0.25811757
v 0.84991845 0.69195026 -0.14546439
v 0.91300631 0.72071125 -0.26104651
v 0.96449143 0.59100374 -0.05114250
v 0.98368456 0.58686941 -0.15894736
v 0.99713267 0.51917661 -0.05455892
v 0.93149529 0.66032758 -0.10172442
v 1.03439093 0.53147024 -0.11136488
v 0.91706769 0.64088209 -0.15247662
v 1.05320025 -0.20120342 0.32914516
v 1.15251183 -0.05352442 0.24757950
v 1.08046747 -0.20194193 0.27764063
v 1.07115372 -0.12661391 0.35299895
v 1.12430783 0.24861787 0.03825552
v 1.17745411 0.10425859 0.14554467
v 1.14004375 0.17493316 0.03392371
v 1.13360170 0.26842733 0.09753438
v 1.10950304 -0.19792371 0.17149595
v 1.16381097 -0.05371408 0.19077367
v 1.09647372 -0.20034784 0.22397165
v 1.13257551 -0.12411923 0.12385499
v 1.13121189 -0.12983163 0.23690838
v 1.03854896 0.04066307 0.37899474
v 1.14315950 0.03096199 0.26140860
v 1.06474566 -0.04402523 0.36950383
v 1.06033173 0.12535564 0.32808418
v 1.11743071 -0.04891098 0.31028388
v 1.14519912 0.02788698 0.02546909
v 1.17651784 0.02666862 0.13879193
v 1.14401067 0.10036735 0.02950568
v 1.14459587 -0.04807934 0.07468164
v 1.16798535 0.10279452 0.08647411
v 1.15646914 -0.05068798 0.13160649
v 1.07810959 0.29092064 0.21715861
v 1.15646421 0.11512659 0.20698118
v 1.11635743 0.28246697 0.15836843
v 1.07366017 0.20967036 0.27355968
v 1.15581920 0.19393174 0.15324277
v 1.11343577 0.12043103 0.26839326
v 0.68737190 0.49841380 -0.66303956
v 0.81575568 0.41224393 -0.61102304
v 0.69503249 0.42853165 -0.67283205
v 0.69348866 0.52147933 -0.61340588
v 1.07758812 0.22765369 -0.49625505
v 0.89321386 0.30542921 -0.52585570
v 0.66008862 0.26545817 -0.64213035
v 0.80366987 0.33252304 -0.60492564
v 0.68373519 0.34768558 -0.66366458
v 0.74136978 0.37548999 -0.63090487
v 0.77052717 0.61486659 -0.57010338
v 0.84344640 0.45126723 -0.57957480
v 0.74952014 0.58168843 -0.60673451
v 0.78645577 0.49882077 -0.61153205
v 1.14263115 -0.20326508 -0.08999619
v 1.18672589 -0.10614223 -0.19644209
v 1.18762942 -0.25329675 -0.12994001
v 1.16813954 -0.13527891 -0.08826139
v 0.97477329 0.09800324 -0.34302714
v 1.14575369 0.00234293 -0.29248914
v 1.00837323 -0.28933202 -0.17604662
v 1.17352368 -0.14505216 -0.23270627
v 1.15515123 -0.28836845 -0.16339899
v 1.20191071 -0.20240849 -0.18483705
v 1.21192488 0.00965433 -0.08471057
v 1.14900578 -0.03049280 -0.18642741
v 1.20559195 -0.06470405 -0.08758157
v 1.14811967 -0.08183963 -0.13650800
v 0.70087275 -0.02900455 -0.68280916
v 0.81476680 0.02824477 -0.61300180
v 0.67143868 0.04813367 -0.65435556
v 0.68194045 -0.08548796 -0.57926293
v 1.07480785 0.14453861 -0.49567772
v 0.94298219 0.08507165 -0.55665008
v 0.96227978 0.18599364 -0.50242608
v 0.64193243 0.18642552 -0.62490070
v 0.81353688 0.10507367 -0.61357025
v 0.64565330 0.11791542 -0.62911686
v 0.76637904 0.23452794 -0.65504677
v 0.71616683 0.07359504 -0.61179202
v 0.83155065 -0.21694906 -0.53625376
v 0.84221784 -0.03448252 -0.55515156
v 0.73629557 -0.14577400 -0.54510732
v 0.78785168 -0.06239891 -0.58785970
v 0.89263668 0.29395124 -0.59300155
v 0.86569504 0.13256800 -0.57605592
v 0.90831849 0.23446110 -0.53559102
v 0.79667633 0.25398148 -0.59970614
v 0.93240441 0.16222857 -0.55022549
v 0.80122223 0.17922528 -0.60345905
v 0.77972074 0.67817552 -0.37914011
v 0.83835739 0.52409003 -0.38417752
v 0.86021175 0.73432584 -0.46954072
v 0.82113259 0.62315270 -0.33330903
v 0.97755468 0.23432131 -0.40483662
v 0.90260865 0.37993785 -0.39252307
v 1.04681639 0.31566535 -0.49377866
v 0.76683759 0.62724671 -0.51420245
v 0.93232519 0.56533785 -0.47695569
v 0.83916946 0.70192046 -0.50977281
v 0.80850526 0.55241225 -0.52326350
v 0.89735187 0.64890117 -0.47342594
v 0.98173357 0.56116561 -0.26658010
v 0.92952416 0.49925137 -0.35938543
v 0.97281684 0.64196154 -0.32558085
v 0.88132585 0.56606089 -0.34896748
v 0.87297060 0.38912992 -0.52798799
v 0.96995496 0.48091284 -0.48184339
v 0.98892063 0.36594328 -0.52922388
v 0.84418400 0.47236451 -0.52789779
v 1.00844322 0.39966000 -0.48785551
v 0.93720276 0.54664565 -0.53112726
v 0.97731539 -0.44956058 -0.32646490
v 1.00031344 -0.27090832 -0.35580721
v 0.98566455 -0.40657371 -0.28558935
v 0.95201550 -0.39686744 -0.38348471
v 1.08288310 0.07569988 -0.42741030
v 1.11962302 -0.10909969 -0.42046473
v 1.00698858 0.01923350 -0.34514013
v 1.05137246 0.04962378 -0.47413356
v 1.06736766 -0.34918506 -0.22565750
v 1.13174688 -0.26305657 -0.35390745
v 1.11851598 -0.41190154 -0.27836159
v 1.00492611 -0.24236186 -0.22409217
v 1.06485272 -0.34068206 -0.32125138
v 0.86035516 -0.27492819 -0.47737995
v 0.97802714 -0.21838192 -0.41246563
v 0.88494552 -0.32745537 -0.42162854
v 0.86772963 -0.18352249 -0.48939138
v 0.98526120 -0.31237507 -0.40630579
v 1.08655672 -0.08305942 -0.26728472
v 1.12587809 -0.16347814 -0.36411912
v 1.00360728 -0.02983337 -0.29414769
v 1.02178144 -0.16105713 -0.23962928
v 1.06682974 -0.06706425 -0.35550071
v 1.06008055 -0.20552325 -0.28912315
v 0.93360085 -0.00624711 -0.54126295
v 0.97859268 -0.12590816 -0.42233123
v 0.95383476 0.02070718 -0.48887973
v 0.89840305 -0.09613635 -0.51415188
v 1.00996075 -0.04109956 -0.44548959
v 0.97483327 -0.16344448 -0.48094085
v 1.09778773 0.29827769 -0.06678213
v 1.14951112 0.27476596 -0.17951956
v 1.12718175 0.22907418 -0.07094318
v 1.10800548 0.37655447 -0.11979257
v 0.98019975 0.16884538 -0.34401888
v 1.12651926 0.23255289 -0.28304586
v 1.09797140 0.13131522 -0.33085578
v 0.98629345 0.25260283 -0.35476165
v 1.18909918 0.08708063 -0.08031664
v 1.15682484 0.19841716 -0.18143642
v 1.15787821 0.15853281 -0.07543804
v 1.19602256 0.06684223 -0.13608367
v 1.17326115 0.21990525 -0.12940263
v 1.00897952 0.49116855 -0.21322119
v 1.08065124 0.33036807 -0.22253058
v 1.08626132 0.44712032 -0.17199532
v 1.01817556 0.47894215 -0.27090932
v 1.12402547 0.36239383 -0.17690047
v 1.17610063 0.02556789 -0.24490812
v 1.11278807 0.17204263 -0.22820434
v 1.17930845 0.08174329 -0.29917894
v 1.13868318 0.04408649 -0.18297182
v 1.16291917 0.16001436 -0.29350751
v 1.14898619 0.12055682 -0.18260034
v 0.96492729 0.41982198 -0.36398391
v 1.09145580 0.31499615 -0.28083184
v 0.98297508 0.33800377 -0.36217062
v 1.06309987 0.48170760 -0.34179198
v 1.12261419 0.30588077 -0.34503792
v 1.05482208 0.39672312 -0.27566931
v 0.43265837 -0.71451581 -0.43536971
v 0.44116108 -0.80801894 -0.32631658
v 0.33903982 -0.70853966 -0.39336677
v 0.48187262 -0.67072469 -0.39666306
v 0.44111575 -0.95374477 -0.11047416
v 0.42740407 -0.85454844 -0.20997985
v 0.20124053 -0.78193458 -0.35925534
v 0.37798519 -0.86394706 -0.31505000
v 0.25266222 -0.69671543 -0.35196064
v 0.36155577 -0.79175923 -0.35856627
v 0.68710508 -0.72287266 -0.39935676
v 0.48556833 -0.75512913 -0.29146259
v 0.55087451 -0.66079417 -0.37814832
v 0.47996570 -0.70832462 -0.34045335
v 0.35261656 -1.02255011 0.29673448
v 0.38386289 -1.03092484 0.20131262
v 0.47559470 -1.10629563 -0.00365803
v 0.45131312 -1.12738551 0.11134157
v -0.09220774 -0.87019185 -0.25844195
v 0.07079748 -1.01469398 -0.22407509
v -0.01919485 -0.83449528 -0.27917027
v 0.35946659 -0.96297368 -0.08597959
v 0.21459500 -0.94849598 -0.14513248
v 0.37059857 -0.95628440 -0.14202654
v 0.13726266 -0.88133105 -0.36507008
v 0.13976126 -0.92238420 -0.23439686
v 0.05574415 -0.86605928 -0.32368419
v 0.19824955 -0.79846556 -0.29438787
v 0.06428289 -0.95384541 -0.27915850
v 0.38448203 -0.91822245 -0.26001430
v 0.20530548 -0.87637245 -0.18987426
v 0.38108413 -0.94620305 -0.20163670
v 0.28156347 -0.83828585 -0.27246492
v 0.30895077 -0.99192690 -0.18066693
v 0.19838213 -0.82463912 -0.23760320
v 0.86568992 -0.58730146 -0.26753366
v 0.78874408 -0.74752223 -0.21943974
v 0.82942262 -0.62176538 -0.29982647
v 0.56471225 -1.04274892 -0.09901521
v 0.60869017 -0.79619045 -0.14424308
v 0.55832742 -0.99214088 -0.15586075
v 0.67338237 -0.62606809 -0.33158626
v 0.67223128 -0.70762558 -0.22578148
v 0.73691344 -0.61354817 -0.31107850
v 0.68561645 -0.76701940 -0.33730109
v 0.77391016 -0.68963496 -0.27035097
v 0.50550860 -0.82522819 -0.24699427
v 0.62447886 -0.78065887 -0.19978209
v 0.53338831 -0.90975061 -0.20479838
v 0.62085545 -0.83709438 -0.30470568
v 0.62527932 -0.92696462 -0.18863694
v 0.65724419 -0.77864549 -0.26597028
v 0.53297180 -0.27026366 0.65238349
v 0.56528485 -0.43370057 0.68012027
v 0.49058059 -0.31869059 0.71367279
v 0.60959320 -0.28646162 0.63338566
v 0.48504521 -0.62618387 0.56316705
v 0.55749717 -0.57152079 0.65919623
v 0.30347751 -0.33913875 0.66951813
v 0.49571859 -0.46967363 0.70826989
v 0.41334519 -0.34854661 0.73003026
v 0.50219368 -0.40168328 0.72377107
v 0.76564335 -0.31935130 0.58812700
v 0.61184894 -0.42999451 0.62503697
v 0.69572197 -0.30660151 0.61919471
v 0.60516118 -0.35557138 0.62359357
v 0.39007249 -1.06734692 0.40759742
v 0.44286961 -1.00539685 0.47935280
v 0.54955637 -0.86615084 0.62547843
v 0.46858910 -0.88810265 0.52130757
v 0.03198621 -0.49268246 0.79657199
v 0.17785998 -0.57089727 0.74257372
v 0.10522811 -0.45082768 0.76224743
v 0.47550358 -0.74792147 0.66203143
v 0.34794433 -0.70733181 0.75651955
v 0.43805981 -0.61821480 0.61338142
v 0.25488392 -0.40029331 0.74605337
v 0.27508159 -0.59278755 0.79814250
v 0.19619046 -0.46344963 0.82172704
v 0.30490952 -0.40952108 0.67002120
v 0.18817824 -0.52357805 0.78627798
v 0.46354143 -0.51154577 0.65776508
v 0.34836703 -0.62531815 0.75662849
v 0.43243768 -0.54246145 0.60929492
v 0.37397670 -0.44900572 0.64938870
v 0.39714031 -0.62398840 0.68337906
v 0.32457587 -0.50960723 0.70968997
v 0.94815019 -0.33622887 0.40110846
v 0.87792647 -0.48415736 0.48817850
v 0.90586846 -0.33235654 0.44680915
v 0.54843160 -0.64298115 0.53505009
v 0.74806365 -0.60357844 0.54504670
v 0.60617732 -0.63879191 0.59897415
v 0.81957057 -0.32575480 0.54170530
v 0.81627725 -0.47213670 0.52588884
v 0.86307544 -0.32885941 0.49384751
v 0.76483808 -0.39393345 0.58004324
v 0.88508743 -0.41301258 0.49941160
v 0.63385239 -0.52083790 0.64039869
v 0.72856987 -0.51876926 0.53944377
v 0.64294543 -0.60220865 0.64283630
v 0.67111171 -0.43916779 0.58600504
v 0.70292179 -0.60826771 0.59837526
v 0.74363702 -0.45622736 0.55700019
v -0.58446345 -0.62019288 0.70791301
v -0.45963330 -0.72448364 0.68620978
v -0.48783227 -0.58079897 0.69332127
v -0.57909689 -0.62339612 0.63865301
v -0.20945036 -0.89341443 0.62078633
v -0.32225318 -0.78502887 0.63266275
v -0.38895986 -0.62308363 0.81018022
v -0.36813274 -0.67596104 0.66812914
v -0.41870830 -0.57087977 0.71169879
v -0.42367030 -0.62452581 0.67526708
v -0.63657058 -0.70424004 0.58247548
v -0.49936477 -0.78258588 0.67112396
v -0.56840212 -0.62057391 0.57094618
v -0.54529338 -0.70766245 0.66076588
v 0.27886110 -1.01571038 0.37963835
v 0.16249509 -1.01039626 0.45013825
v 0.32822410 -1.06676685 0.44634631
v -0.09200673 -1.05365903 0.63434707
v 0.04576580 -1.08977702 0.56719184
v 0.37125155 -0.97910615 0.50591828
v 0.18857628 -0.98796429 0.48742839
v 0.34605649 -1.01034652 0.47094091
v 0.25850084 -1.03646344 0.47231611
v -0.05792819 -0.50164961 0.77064742
v -0.08917610 -0.66610818 0.76737517
v -0.13506823 -0.53232319 0.78429708
v 0.01670716 -0.57192035 0.78883936
v -0.15081130 -0.97639474 0.70525985
v -0.10639633 -0.72987680 0.65954071
v -0.21640491 -0.92029596 0.71496717
v -0.27143513 -0.53845031 0.73042372
v -0.15279125 -0.63111700 0.70157450
v -0.20189711 -0.52648744 0.74417944
v -0.31863364 -0.67389012 0.79151333
v -0.14910296 -0.60403921 0.76715007
v 0.16475439 -0.65016012 0.73611729
v -0.01232817 -0.70101383 0.73789803
v 0.09409820 -0.62418564 0.77771648
v 0.00165285 -0.62330594 0.74583290
v -0.31815149 -0.74884595 0.67883028
v -0.16880137 -0.70709392 0.69189437
v -0.27142884 -0.83511578 0.69984600
v -0.33448189 -0.74850104 0.76912899
v -0.20114189 -0.85032633 0.74029120
v -0.24046652 -0.69539616 0.74308991
v -0.69761959 -0.81404890 0.42206347
v -0.60261582 -0.95224490 0.53286648
v -0.67188634 -0.77396785 0.45447922
v -0.22629921 -0.90865261 0.57244294
v -0.38780839 -0.89263202 0.53199131
v -0.29503727 -0.89455656 0.60617288
v -0.71469351 -0.80232477 0.59256032
v -0.54621354 -0.85877023 0.53666431
v -0.70005494 -0.79597015 0.52586206
v -0.55413697 -0.72869289 0.55132253
v -0.66247627 -0.88644930 0.53774580
v -0.43741479 -0.84200373 0.66382827
v -0.43128450 -0.81733819 0.52567652
v -0.36795814 -0.87674051 0.64031464
v -0.48834377 -0.76688839 0.59293943
v -0.39614839 -0.92653943 0.61189073
v -0.48422539 -0.76133741 0.52967302
v 0.47717636 -0.84781081 0.66037767
v 0.29098762 -0.89058918 0.65512792
v 0.43118305 -0.84552963 0.59409660
v 0.39657477 -0.79672160 0.68114387
v -0.06582881 -0.98624370 0.65430574
v 0.11299164 -0.92863946 0.64818638
v 0.00155971 -0.96074921 0.59364749
v -0.04859628 -0.83922415 0.62158907
v 0.40764803 -0.97130899 0.55775430
v 0.26446860 -0.91178774 0.60823253
v 0.41090266 -0.88851137 0.56389858
v 0.30342788 -0.95505788 0.53470195
v 0.35452144 -0.89646131 0.61344890
v 0.23659929 -0.68189659 0.70048757
v 0.21832674 -0.85052343 0.68362811
v 0.31273263 -0.73433311 0.68852934
v 0.15771505 -0.74829359 0.74288102
v 0.29463998 -0.79273542 0.65632051
v 0.12184577 -0.94656359 0.50567334
v 0.17729553 -0.94498060 0.61421106
v 0.06271305 -0.93847107 0.53939421
v 0.22445956 -1.01642672 0.55552946
v 0.08577840 -0.91941224 0.58279156
v 0.23987397 -0.94522995 0.57131870
v -0.02687287 -0.78310104 0.72712521
v 0.12179311 -0.84664627 0.66090685
v -0.03738632 -0.79261156 0.65668066
v 0.06159830 -0.73644391 0.70685242
v 0.03639619 -0.87323873 0.66379657
v 0.13824950 -0.79133565 0.69420339
v -0.61077127 -0.80849198 0.00874003
v -0.51746233 -0.92941909 0.06569761
v -0.55756483 -0.82847215 -0.02474943
v -0.63257425 -0.82151614 0.05956393
v -0.27704809 -1.11996834 0.18359011
v -0.40770176 -1.04081140 0.12533930
v -0.44916940 -0.87329269 -0.09327947
v -0.45847497 -0.94626551 0.03132152
v -0.50501211 -0.85254415 -0.05892048
v -0.51593721 -0.89946457 0.00308783
v -0.67876769 -0.85200086 0.16479754
v -0.53608396 -0.93906843 0.11855691
v -0.65704870 -0.83844501 0.11197430
v -0.59320908 -0.89229875 0.08994429
v 0.27557029 -1.04526875 0.33231446
v 0.15147315 -1.12038956 0.31283057
v 0.30683654 -1.10503308 0.29929286
v 0.22850054 -1.09776858 0.38734543
v -0.11965658 -1.03748244 0.21135129
v 0.01239424 -1.18028659 0.28520128
v 0.36498981 -1.19853001 0.21198485
v 0.16183543 -1.08715814 0.25324553
v 0.33987836 -1.16693450 0.26104404
v 0.25673933 -1.20964032 0.30443185
v 0.11100140 -1.17497636 0.49747726
v 0.08614284 -1.08013877 0.33832682
v 0.17454056 -1.15160187 0.44688988
v 0.17189619 -1.20177238 0.39979868
v -0.18301018 -0.90964086 -0.23052743
v -0.19006593 -0.97898077 -0.10414286
v -0.25108669 -0.89923546 -0.19543125
v -0.09738126 -0.90573509 -0.19594554
v -0.21403056 -1.17085356 0.15286650
v -0.19231144 -1.02199024 0.01874259
v -0.26176235 -1.04332567 0.11356921
v -0.38280176 -0.88299880 -0.12790277
v -0.26653124 -1.00444779 -0.07380156
v -0.31623057 -0.88596955 -0.16042378
v -0.38943946 -0.92355967 -0.06571789
v -0.26066200 -0.95931588 -0.13607141
v 0.06308265 -1.04201437 -0.15466474
v -0.10907133 -1.00407853 -0.07714573
v -0.02005060 -0.98826209 -0.17917588
v -0.10232450 -0.94441558 -0.13516762
v -0.40662868 -1.01931178 0.06206278
v -0.26496939 -1.02025006 -0.00814503
v -0.33409775 -1.03421998 0.08857056
v -0.39736807 -0.96884849 -0.00264321
v -0.25933481 -1.01695721 0.05245197
v -0.33519249 -0.99498409 -0.03810029
v -0.72504245 -0.85937542 0.37873698
v -0.57738434 -0.94306274 0.33121743
v -0.71285272 -0.85641353 0.32361092
v -0.62600018 -0.85671354 0.39824177
v -0.29948664 -1.16292878 0.24892231
v -0.42307788 -1.00059008 0.27813265
v -0.33962033 -1.03610550 0.20108448
v -0.69107097 -0.85441141 0.21860327
v -0.58847986 -0.97459183 0.28808065
v -0.69813150 -0.85055392 0.26884706
v -0.62238978 -0.90195699 0.19612692
v -0.65622081 -0.92263368 0.30855139
v -0.52021734 -0.98792196 0.50098612
v -0.50108288 -0.96772528 0.36348982
v -0.58489065 -0.93588157 0.45572532
v -0.55765446 -0.90219049 0.37664018
v -0.48741937 -1.01181964 0.15287452
v -0.50205880 -0.99826354 0.25835228
v -0.41337617 -1.02686809 0.17768246
v -0.55479039 -0.95424991 0.17430532
v -0.41395980 -1.00261804 0.22625620
v -0.57610562 -0.97264297 0.23269503
v 0.35443643 -0.99269957 -0.02343141
v 0.21934427 -1.12786023 0.04427895
v 0.36019465 -1.04770795 0.02986217
v 0.30228414 -1.05455087 -0.05685062
v -0.11362982 -1.08224958 0.16781763
v 0.04616193 -1.06906815 0.10451817
v -0.04350818 -1.04959932 0.18349941
v -0.12325314 -1.15657589 0.11736929
v 0.37478633 -1.17978116 0.15026727
v 0.20603686 -1.11821538 0.09870778
v 0.37041433 -1.12013118 0.08841372
v 0.26337475 -1.10614578 0.17349076
v 0.27276304 -1.04115277 0.06144893
v 0.13096565 -0.92949916 -0.10715624
v 0.13285376 -1.06133061 0.01161078
v 0.22201951 -1.03548580 -0.08753008
v 0.05694197 -1.02563899 -0.08250039
v 0.22485521 -1.10305846 -0.02260248
v 0.09566969 -1.14081943 0.24313642
v 0.12423748 -1.16788830 0.13764957
v 0.02530604 -1.16949351 0.22718395
v 0.17273179 -1.07851502 0.19998552
v 0.03661012 -1.12670214 0.16472887
v 0.18841739 -1.09598269 0.15024417
v -0.11842157 -1.09261245 -0.01344276
v 0.04521773 -1.00711904 0.04295517
v -0.12507888 -1.16154682 0.05296014
v -0.03120396 -1.12460418 -0.05177141
v -0.03219123 -1.05515125 0.07607331
v 0.05020717 -0.99841025 -0.01672318
v -0.15260783 -0.94567875 0.54650518
v -0.18243002 -1.09060164 0.49588818
v -0.09373748 -1.00561249 0.54009875
v -0.24959884 -1.00337192 0.56348636
v -0.19103929 -1.07507100 0.25482874
v -0.18089888 -1.04801163 0.35974296
v -0.11769006 -1.04272006 0.26688261
v -0.29084901 -1.14103387 0.30575327
v 0.03762249 -1.14851423 0.52925195
v -0.11181532 -1.08873931 0.45598544
v -0.03073659 -1.08293039 0.53932226
v 0.02895084 -1.08440645 0.43699195
v -0.09896116 -1.00668088 0.47928076
v -0.37788538 -0.88231079 0.46481123
v -0.25612303 -1.02525880 0.44883515
v -0.33254980 -0.98405773 0.53582644
v -0.41869757 -0.98153049 0.45213613
v -0.26345044 -1.05777537 0.52627121
v 0.01587899 -1.13342003 0.33282413
v -0.12211643 -1.14504264 0.41456051
v -0.05667535 -1.16189096 0.31933408
v 0.02176170 -1.06451479 0.36968151
v -0.12227156 -1.11196823 0.34331779
v -0.04356602 -1.07446967 0.41100215
v -0.44769403 -1.06207732 0.35667172
v -0.24609847 -0.98010379 0.37040540
v -0.38254521 -1.13767064 0.34236185
v -0.46029152 -1.08481268 0.43053896
v -0.26134308 -1.03390082 0.33364850
v -0.32277341 -0.96382184 0.40252085
v 1.12338486 -0.32501570 -0.01126272
v 1.12671527 -0.48576490 0.04905162
v 1.16737056 -0.38145280 -0.04706429
v 1.13651618 -0.33532590 0.04110465
v 0.85487255 -0.66047986 0.14746737
v 1.04784918 -0.61699365 0.10802235
v 0.99042940 -0.40284333 -0.10264132
v 1.11315628 -0.52693181 0.01424699
v 1.13505831 -0.41547478 -0.08120210
v 1.16075521 -0.46275507 -0.01647657
v 1.15421944 -0.35538596 0.15135304
v 1.07900440 -0.47331624 0.09993687
v 1.16053889 -0.34970637 0.09672323
v 1.09762890 -0.40124044 0.07004156
v 0.43913773 -1.07189700 0.35244627
v 0.58950591 -1.01899519 0.31452815
v 0.45677179 -1.07868774 0.30185393
v 0.45142014 -1.00982806 0.37685728
v 0.89954915 -0.89860747 0.23207354
v 0.70113180 -0.90966753 0.25992093
v 0.45799844 -1.01294919 0.18458787
v 0.59307615 -0.99967709 0.25657919
v 0.46194698 -1.05533004 0.24363509
v 0.51975096 -1.02645410 0.27570187
v 0.51871258 -0.97809369 0.46002937
v 0.61606638 -0.98712181 0.35060009
v 0.49651185 -1.01882315 0.42828150
v 0.54582427 -1.02339614 0.37285250
v 0.95693931 -0.57845812 -0.24310967
v 0.94169384 -0.64173151 -0.11600393
v 0.96604966 -0.53065608 -0.20534798
v 0.91122991 -0.65487404 -0.21663745
v 0.94579113 -0.79153365 0.13341075
v 1.01527199 -0.76921653 0.00641847
v 0.89945711 -0.66100255 0.09475372
v 1.04766665 -0.47381213 -0.14506389
v 1.06799931 -0.66631889 -0.09312648
v 1.09715949 -0.54700112 -0.19099563
v 0.96876976 -0.47108425 -0.07618238
v 1.02369234 -0.60105956 -0.15287092
v 0.78136453 -0.77461704 -0.15424205
v 0.89900798 -0.71825123 -0.08921103
v 0.82609168 -0.69976040 -0.18086698
v 0.92380715 -0.70112881 -0.15490721
v 1.01079920 -0.56229580 0.04262701
v 1.04269210 -0.68970649 -0.02381870
v 0.91548990 -0.58725736 0.06632628
v 0.96756096 -0.50405184 -0.01782206
v 0.97038783 -0.67714859 0.03902756
v 1.00207917 -0.57243560 -0.05184892
v 0.99677238 -0.34073786 0.34645531
v 1.02735031 -0.49801420 0.32022056
v 1.03651575 -0.34447214 0.29995674
v 0.98180895 -0.42175533 0.39645701
v 0.84748255 -0.67071368 0.19890570
v 0.99078572 -0.62608730 0.27221807
v 0.97088667 -0.67261328 0.18902729
v 1.11944232 -0.35356345 0.20463830
v 1.04743525 -0.49357317 0.26605866
v 1.07768534 -0.34876129 0.25261801
v 1.11800603 -0.42668453 0.18306934
v 1.07049178 -0.43020608 0.29101022
v 0.84619428 -0.53859874 0.45270690
v 0.94188253 -0.54747240 0.34514975
v 0.93741542 -0.49446776 0.43690920
v 0.98783398 -0.49914333 0.38023686
v 1.08313866 -0.56250253 0.13538422
v 0.99961143 -0.54390433 0.23478298
v 1.06500241 -0.64134817 0.16842857
v 1.05663887 -0.47491970 0.15265819
v 1.03657817 -0.63920938 0.22333310
v 1.05326929 -0.48494116 0.20896202
v 0.54066185 -1.04248670 -0.02741231
v 0.65554923 -0.97895362 0.03833148
v 0.50458078 -1.00739694 0.02823312
v 0.55395695 -0.89510201 -0.05570315
v 0.91156960 -0.88809433 0.17210352
v 0.78155853 -0.93608234 0.10370798
v 0.79389970 -0.87916621 0.18638962
v 0.91005510 -0.84433927 0.10397289
v 0.45790346 -0.97772794 0.12793202
v 0.64075064 -0.98795917 0.09327030
v 0.47265060 -0.97648669 0.07860917
v 0.56365611 -1.04788216 0.17425994
v 0.55235283 -0.96268008 0.05834456
v 0.73094430 -0.85337733 -0.12468945
v 0.70527767 -0.90075580 0.00504852
v 0.62434307 -0.85397713 -0.08712777
v 0.76994004 -0.80213208 -0.08935002
v 0.65066945 -0.93020345 -0.02666940
v 0.68850752 -0.99735453 0.24205779
v 0.69430249 -0.95164844 0.12508326
v 0.72617761 -0.91774844 0.20951782
v 0.60118681 -0.98267060 0.20000984
v 0.75911592 -0.93398143 0.15866966
v 0.61792667 -0.98028872 0.14637342
v 0.88125192 -0.74167854 -0.02412593
v 0.79173209 -0.90369826 0.03909918
v 0.89188454 -0.78804084 0.03754108
v 0.87191075 -0.81452463 -0.05990148
v 0.81757999 -0.84123034 0.06851651
v 0.77911145 -0.85076608 -0.02614926
v 0.55654612 -0.73361042 0.53383113
v 0.63932760 -0.73495750 0.43002112
v 0.60568212 -0.87580955 0.57169880
v 0.61592176 -0.67499570 0.50617528
v 0.82067241 -0.75810421 0.23694337
v 0.72510888 -0.74291244 0.33359977
v 0.85481627 -0.89891304 0.29166276
v 0.83642651 -0.69544423 0.25831975
v 0.52468831 -0.90457149 0.47639105
v 0.70363284 -0.88135287 0.45858772
v 0.58255645 -0.92139425 0.53998949
v 0.57627905 -0.91663334 0.42673631
v 0.65583281 -0.87893034 0.51458945
v 0.79632999 -0.61168358 0.49187595
v 0.73717689 -0.71752307 0.42747612
v 0.76113751 -0.69710609 0.54036504
v 0.84514946 -0.61560802 0.43691246
v 0.68095503 -0.70146995 0.47071713
v 0.66638552 -0.91771180 0.31711812
v 0.75387201 -0.88601180 0.40211703
v 0.78248787 -0.93993492 0.31525914
v 0.62391341 -0.92105072 0.37319352
v 0.80414986 -0.89268454 0.34787558
v 0.70027841 -0.95212007 0.43809192
v 0.94281914 -0.62526827 0.32721670
v 0.78444329 -0.72190632 0.37434694
v 0.96113058 -0.71565247 0.31556540
v 0.89407590 -0.62014522 0.38191732
v 0.81666598 -0.71405512 0.31817297
v 0.87330649 -0.71891116 0.43462205
vn -0.15881863 -0.52122190 -0.83851319
vn 0.10335804 0.10848849 -0.98870995
vn 0.28931877 0.07494389 0.95429454
vn -0.59382974 0.51606788 0.61728452
vn -0.79724615 -0.42863519 0.42505346
vn -0.06474700 -0.99700085 0.04239268
vn 0.47617423 0.81328653 0.33439966
vn -0.03967467 0.04423815 -0.99823289
vn -0.56810477 0.54180865 -0.61943552
vn -0.43068448 0.53483920 0.72695111
vn 0.95286103 -0.24400134 -0.18033082
vn -0.24101546 -0.95986166 -0.14344735
vn -0.18337147 -0.34853832 -0.91918221
vn 0.70568895 0.29335176 0.64494019
vn -0.13443263 -0.15120329 0.97931886
vn -0.83458967 0.00516031 0.55084794
vn -0.24866904 -0.66065125 -0.70831041
vn -0.63459169 -0.34621322 -0.69096295
vn -0.71828640 -0.67549182 0.16665970
vn 0.35819526 0.46609184 0.80898365
vn 0.72931108 0.28343481 0.62271186
vn -0.16218225 -0.31395405 -0.93548371
vn 0.46347516 0.31017978 -0.83004776
vn 0.73077969 0.27928159 0.62286663
vn -0.45566884 0.28775488 -0.84235565
vn -0.76508322 0.61334381 -0.19610464
vn 0.04881109 0.99285998 -0.10884180
vn -0.42089852 0.23181109 -0.87698806
vn -0.74365570 -0.15851142 -0.64950006
vn -0.27824955 0.54601269 0.79021980
vn -0.88441021 -0.09312394 0.45732539
vn -0.81648041 -0.33742520 -0.46851251
vn -0.78423629 0.56853016 -0.24848922
vn 0.55100884 -0.50607595 -0.66353326
vn 0.72164608 -0.20780288 0.66033696
vn 0.91207194 0.40880395 -0.03168768
vn 0.75491248 0.29233075 0.58706889
vn -0.25258172 -0.68993300 -0.67837669
vn 0.75279292 0.26820958 0.60113762
vn -0.67033016 -0.73971667 0.05896382
vn 0.25277178 -0.89352563 0.37110426
vn 0.71243374 0.26577333 0.64946340
vn -0.06281153 -0.42798843 -0.90159892
vn -0.37766807 -0.25925903 -0.88890471
vn 0.18207199 0.24777075 0.95155633
vn 0.10969539 0.44367302 0.88944993
vn 0.60725223 0.20395861 0.76788386
vn 0.40714801 0.11857795 0.90563225
vn -0.30014179 0.04161197 0.95298654
vn 0.33250621 0.43002199 0.83935732
vn -0.01050808 0.14957987 0.98869381
vn -0.16179262 0.26932911 0.94936030
vn -0.47698177 -0.08303907 0.87498166
vn -0.08230847 -0.63305762 -0.76971642
vn -0.49202610 -0.60679673 -0.62426600
vn -0.32600132 -0.47646799 -0.81651785
vn -0.84592868 -0.28147660 -0.45296313
vn -0.79836439 -0.13215292 -0.58749460
vn 0.13907895 -0.39391064 -0.90856560
vn 0.10654707 -0.71183295 -0.69422011
vn -0.71380416 -0.56563142 0.41297060
vn -0.71198532 -0.62554110 -0.31902232
vn 0.63162401 0.28315395 0.72171667
vn 0.67809442 0.38405573 0.62664915
vn 0.26270671 0.39254119 0.88141738
vn 0.13910390 0.60411658 0.78466124
vn 0.25227409 0.78006105 0.57259282
vn 0.38439823 0.45772012 0.80170462
vn 0.30173515 0.58464238 0.75309308
vn 0.60929707 -0.31241528 -0.72880298
vn 0.92451479 0.33558006 -0.18071646
vn 0.56038469 -0.14480822 -0.81547506
vn -0.37458400 -0.11184375 -0.92042262
vn 0.51227737 0.30646389 -0.80227912
vn -0.02781292 -0.13916670 -0.98987831
vn -0.13365006 -0.18678032 -0.97326809
vn 0.60668499 0.78843890 -0.10147621
vn 0.72676924 0.54412570 -0.41920603
vn -0.51676213 -0.01556506 -0.85598752
vn -0.39811515 0.58622960 -0.70557720
vn -0.11564199 0.24456793 -0.96271151
vn 0.36824977 0.51253209 0.77569515
vn 0.11222034 0.87975058 0.46200164
vn -0.09793390 0.83328510 0.54410008
vn 0.68256703 0.48053873 0.55062217
vn 0.58126432 0.66971171 0.46218830
vn -0.23599179 0.96650693 0.10085746
vn -0.03467640 0.74033991 -0.67133775
vn -0.42182780 0.88657113 -0.18987610
vn 0.85431118 0.51625537 0.06027275
vn 0.38238118 0.91539252 -0.12586172
vn -0.25905019 0.16575204 -0.95153521
vn 0.34253470 0.72552309 -0.59689717
vn 0.39258172 0.77382547 -0.49706512
vn -0.27586904 0.62548118 -0.72984215
vn -0.78843335 -0.38533678 -0.47946680
vn -0.61590338 -0.40084281 -0.67822420
vn -0.48794323 -0.16494394 -0.85714929
vn -0.15580227 0.73856242 -0.65593537
vn -0.13079221 0.54761081 0.82644770
vn -0.98107139 0.19200682 0.02514572
vn -0.88187653 0.16443285 0.44187739
vn -0.83232294 0.54209778 0.11562236
vn -0.84118844 -0.23466766 0.48716845
vn -0.99772576 -0.05570718 0.03794764
vn -0.16916603 0.25008147 0.95333211
vn -0.90674795 -0.41021506 0.09763070
vn -0.79825319 0.21756529 0.56165576
vn -0.69352196 -0.15592762 -0.70335899
vn -0.59462819 -0.32260502 -0.73643962
vn -0.63068595 -0.58844579 -0.50593161
vn -0.36044516 -0.48739501 0.79531465
vn -0.97089751 -0.00141739 -0.23949116
vn -0.44078552 -0.00072536 0.89761216
vn -0.61806695 0.69706796 -0.36344120
vn -0.92619877 0.20431047 -0.31688021
vn -0.71278041 0.25005597 -0.65529848
vn -0.11469687 0.81557769 0.56716634
vn -0.39735819 0.91588073 0.05717476
vn -0.76708163 0.55876870 0.31521947
vn 0.98226219 -0.18548680 0.02748889
vn 0.95331113 -0.01127565 0.30177930
vn 0.08057529 -0.42098663 -0.90348098
vn 0.68318094 0.21797995 0.69695663
vn 0.79510525 0.18671262 0.57701476
vn 0.49299109 0.16688339 0.85387922
vn 0.73322738 0.38014832 0.56379505
vn 0.83183705 0.25018154 0.49543548
vn 0.63259248 0.58549300 0.50697604
vn 0.80670944 0.57067478 -0.15346065
vn 0.97044570 0.00287756 0.24130244
vn 0.79297485 0.22883331 -0.56464697
vn 0.93053217 -0.03442590 -0.36458845
vn 0.54387750 -0.13949713 -0.82748886
vn 0.89384777 0.40899803 -0.18373018
vn 0.26332130 -0.36412393 -0.89335080
vn 0.93179375 0.22373254 -0.28583939
vn 0.60121169 -0.69888355 -0.38743553
vn 0.74532034 -0.25571840 0.61571559
vn 0.50910549 -0.83779137 -0.19727447
vn 0.04572214 -0.66889005 -0.74195390
vn 0.34581509 -0.23351546 0.90878075
vn 0.48406154 -0.49645385 0.72056784
vn -0.23724834 -0.52163511 0.81951818
vn 0.54823505 -0.28635138 0.78577428
vn 0.12016432 -0.22438022 0.96706466
vn 0.67242015 -0.15626442 0.72348640
vn -0.45859469 -0.58092331 0.67247232
vn 0.09755796 -0.49423175 0.86383877
vn 0.04096549 -0.60595638 0.79444238
vn -0.55570236 -0.70091617 -0.44711454
vn 0.33813470 -0.83424182 0.43555197
vn -0.13989739 -0.90896035 -0.39270829
vn -0.38615422 -0.89909703 0.20617821
vn -0.24525804 -0.81881813 -0.51902347
vn -0.51517536 -0.85703910 0.00885034
vn 0.84801951 -0.52955593 0.02081890
vn 0.63331454 -0.65639004 0.40995709
vn 0.24152272 -0.71840415 -0.65235133
vn 0.79511600 -0.44065372 0.41667115
vn 0.50115525 -0.82712698 -0.25437057
vn 0.66471598 -0.40939126 0.62494117
vn 0.51901286 -0.49116082 -0.69956179
vn 0.02268805 -0.40817885 -0.91262001
vn -0.11571150 -0.10665703 -0.98753994
vn -0.27611855 -0.30126746 -0.91268640
vn 0.56167096 0.22369489 0.79654650
vn -0.28542213 0.20272129 0.93671676
vn -0.17097453 0.53223926 0.82914961
vn -0.34552654 0.36293923 0.86538230
vn 0.08542297 -0.02597721 0.99600607
vn -0.33431282 -0.24164744 0.91095634
vn -0.38048957 -0.07182426 0.92199185
vn -0.56343341 -0.28688311 0.77475213
vn -0.35857602 -0.24029817 0.90204214
vn 0.30063078 0.30369782 0.90409555
vn 0.08333024 0.06424031 0.99444922
vn 0.44324976 0.25097992 0.86054560
vn 0.51601651 0.20428027 0.83186329
vn -0.28736433 0.52561395 0.80071950
vn -0.39755640 0.29951771 0.86731658
vn -0.20197656 0.45565061 0.86694175
vn -0.39509160 -0.06264046 0.91650358
vn -0.64301006 -0.00942741 0.76579970
vn -0.84211551 -0.38739173 0.37519210
vn -0.10027518 0.30362847 0.94749915
vn -0.30802801 0.20673948 0.92864285
vn -0.16781192 0.35516449 0.91961804
vn 0.07622309 0.26247815 0.96192269
vn -0.50289470 0.26836921 0.82162941
vn -0.02579163 0.04743626 0.99854123
vn 0.34201587 0.28856747 0.89428964
vn -0.16159769 -0.00018219 0.98685670
vn -0.14799080 0.06299442 0.98698046
vn -0.41346770 0.01409695 0.91040965
vn -0.22009538 0.18861519 0.95706966
vn 0.51727876 -0.55886207 -0.64814803
vn -0.00334407 -0.68071327 -0.73254232
vn -0.20800075 -0.50846180 -0.83558500
vn -0.27234078 -0.88606114 -0.37513486
vn -0.36472234 -0.65430386 -0.66246816
vn -0.30335931 -0.41786568 -0.85636523
vn -0.33748378 -0.53754140 -0.77275736
vn 0.14984150 -0.49741704 -0.85447283
vn 0.13851798 -0.60899702 -0.78098361
vn -0.44785209 -0.22301747 -0.86584740
vn -0.72870857 -0.28573438 -0.62236620
vn 0.07304317 -0.17037787 -0.98266784
vn -0.53737622 -0.62292543 -0.56849864
vn -0.72992440 -0.29113156 -0.61842768
vn -0.02193628 -0.90266068 -0.42979355
vn -0.34223161 -0.36161262 -0.86724497
vn -0.72267652 -0.28980580 -0.62749602
vn -0.08770442 -0.30673485 -0.94774557
vn -0.35170292 -0.43226902 -0.83033038
vn -0.44988078 -0.32471936 -0.83196432
vn -0.39979339 -0.56312855 -0.72322298
vn -0.72363474 -0.29276517 -0.62501306
vn -0.16130449 -0.74264427 -0.64996950
vn -0.37204778 -0.49803564 -0.78328855
vn -0.49156743 -0.53851488 -0.68437065
vn 0.12327334 -0.55353076 -0.82365489
vn -0.27058980 -0.18432367 0.94488409
vn -0.59472955 -0.53873711 0.59670688
vn -0.41885071 -0.90692560 -0.04527746
vn -0.73808373 -0.67276801 -0.05114304
vn 0.36698603 0.19049664 0.91051210
vn 0.43709686 0.34290360 0.83148268
vn 0.11711738 0.21510691 0.96954244
vn 0.49415139 0.68734401 0.53232754
vn 0.48682971 0.51496398 0.70555576
vn -0.11454808 0.34875713 0.93018665
vn 0.54767882 0.36398791 0.75336625
vn 0.51767734 0.31801310 0.79427819
vn 0.35094943 0.32926171 0.87659639
vn -0.16554937 0.58084122 0.79700495
vn -0.31942011 0.74780290 0.58203232
vn 0.17173621 0.51595156 0.83922623
vn 0.66177334 0.48340142 0.57304373
vn -0.23869057 0.88960087 0.38940608
vn 0.23212563 0.80809264 0.54139078
vn 0.49794797 0.39591971 0.77155389
vn 0.50153609 0.43237275 0.74934329
vn -0.20240550 0.49805376 0.84319302
vn 0.11772725 0.47668008 0.87115808
vn -0.19494489 0.61692962 0.76249218
vn 0.56467684 0.41173093 0.71527456
vn -0.07066918 0.77005729 0.63404861
vn 0.41383572 0.59331598 0.69044634
vn 0.19059235 0.51104693 0.83815607
vn 0.57950420 0.46020536 0.67259639
vn 0.12738735 0.57877653 0.80547514
vn 0.45928358 -0.43244861 -0.77591675
vn 0.23881493 -0.34996266 -0.90581100
vn -0.02903234 -0.46627757 -0.88416195
vn 0.63165296 0.21606178 -0.74453465
vn 0.66470543 -0.02662805 -0.74663086
vn -0.35633579 -0.34995034 -0.86634841
vn 0.35569120 -0.23046636 -0.90574225
vn 0.53846564 -0.28495891 -0.79300263
vn -0.25763942 -0.38126200 -0.88784076
vn -0.43473766 -0.13938999 -0.88970422
vn -0.10051486 0.01639978 -0.99480039
vn -0.30650657 -0.17233215 -0.93613853
vn 0.59912915 0.35363580 -0.71832164
vn -0.43088796 -0.13427926 -0.89235903
vn -0.18968459 -0.14340390 -0.97131616
vn 0.07412828 -0.23656993 -0.96878257
vn -0.45867019 -0.19534954 -0.86686805
vn -0.33971603 -0.23704383 -0.91016660
vn -0.11282530 -0.26452549 -0.95775608
vn -0.01826990 -0.06007880 -0.99802643
vn 0.55979890 -0.01412973 -0.82850802
vn 0.23028397 0.09225456 -0.96874062
vn 0.14259112 -0.11667640 -0.98288066
vn -0.04800158 -0.25716010 -0.96517591
vn 0.46397352 0.15583582 -0.87203427
vn 0.59299645 0.10522723 -0.79829972
vn 0.68223126 0.49253810 0.54033946
vn 0.09645813 0.62203755 -0.77702324
vn 0.50785304 0.33470978 -0.79375982
vn 0.09762086 0.38159545 -0.91915999
vn -0.18318890 0.09927205 -0.97805260
vn -0.47652821 0.12662761 -0.86999213
vn -0.37799364 -0.01606655 -0.92566877
vn -0.02478447 0.98826859 -0.15070144
vn -0.29029913 0.64912907 -0.70310587
vn -0.51327804 -0.11304565 -0.85074458
vn -0.10215175 0.47469425 -0.87420272
vn -0.08170224 0.15802290 -0.98404955
vn -0.46620012 0.00277126 -0.88467495
vn -0.26090249 0.60720183 0.75049039
vn -0.32209529 0.78271798 0.53254783
vn -0.19371638 0.64607180 0.73828531
vn -0.24142753 0.96868934 0.05791125
vn -0.49538904 0.86830925 0.02507497
vn -0.03577768 0.79552450 0.60486422
vn -0.22389531 0.89195249 0.39279975
vn -0.12354902 0.77044268 0.62542283
vn -0.46690822 0.80047362 0.37581737
vn 0.26770751 0.95242834 0.14564662
vn -0.21460582 0.90884506 -0.35769400
vn -0.31827553 0.94387978 -0.08827031
vn -0.16531434 0.79279436 -0.58664152
vn -0.29518540 0.90108298 -0.31767128
vn -0.13521035 0.96107575 -0.24093892
vn -0.67554093 0.39857991 -0.62030517
vn 0.33701963 0.67708418 0.65419781
vn 0.25486866 0.90155461 0.34963018
vn 0.50171458 0.61750308 0.60578248
vn 0.17909725 0.76832280 0.61449511
vn 0.60402207 0.58237197 0.54405902
vn 0.69849373 0.70963750 -0.09230998
vn 0.34470428 0.92851436 0.13798567
vn 0.67613106 0.68499843 0.27133732
vn 0.64452517 0.60399406 0.46880537
vn 0.44717397 0.60362956 0.66005060
vn 0.12840182 0.94488115 0.30118529
vn -0.24233251 0.95921147 0.14556203
vn -0.15060176 0.87459087 0.46087951
vn -0.00536171 0.98507412 0.17204717
vn -0.03990290 0.97871358 0.20131440
vn 0.57577452 0.42830629 -0.69644629
vn 0.40076246 0.68684872 -0.60632358
vn -0.27531087 0.05444441 -0.95981234
vn 0.43439481 0.45862298 -0.77522004
vn 0.01588008 0.92810735 -0.37197389
vn -0.11042948 0.73986380 -0.66363159
vn -0.46042446 0.61842173 -0.63683898
vn -0.63799693 0.32844546 -0.69647936
vn 0.21148733 0.26198995 -0.94161265
vn 0.48409405 0.68532355 -0.54404465
vn 0.42728775 0.39356650 -0.81395982
vn 0.52939158 0.60186719 -0.59791341
vn 0.02952775 0.33913590 -0.94027387
vn 0.46605787 0.72618474 -0.50541644
vn 0.28616117 0.78491684 -0.54956104
vn 0.37360023 0.56965435 -0.73206337
vn 0.55983902 0.81285409 -0.16077466
vn -0.01746177 0.44139992 -0.89714057
vn -0.59629261 0.10191408 -0.79627172
vn 0.09990480 0.70847312 -0.69863071
vn 0.25038605 0.87299828 -0.41854608
vn -0.30689774 0.29431499 -0.90509251
vn -0.56567506 0.23559687 -0.79025682
vn -0.25738016 0.29533873 -0.92007091
vn 0.26094540 0.96529416 -0.01070886
vn 0.73604320 0.62489245 0.26028798
vn 0.18286808 0.96384802 -0.19379437
vn 0.15084159 0.87001753 -0.46937865
vn 0.12299127 0.89944417 -0.41937255
vn 0.26191033 0.82818438 -0.49549331
vn -0.50850689 -0.08138471 -0.85720317
vn -0.72584351 -0.28069640 -0.62798147
vn -0.80915833 -0.33218444 -0.48468164
vn -0.07157586 0.38063613 -0.92195067
vn -0.96416320 0.18460215 -0.19055545
vn -0.73549067 -0.26816472 -0.62220668
vn -0.37215895 -0.36069594 -0.85521702
vn -0.61460261 0.08054568 -0.78471397
vn -0.46212504 -0.23776068 -0.85434789
vn -0.53589745 -0.10335322 -0.83793320
vn -0.59273861 0.12140519 -0.79619201
vn -0.73082143 -0.25678816 -0.63242382
vn -0.31787115 0.36271864 -0.87600977
vn -0.59625144 0.04044865 -0.80177811
vn -0.35161302 0.53938831 0.76513302
vn -0.98606126 0.13669278 -0.09485920
vn -0.87181375 0.26933017 0.40914796
vn -0.84997947 0.49277398 0.18630274
vn -0.98894957 0.09519912 -0.11364806
vn -0.84282678 0.36347988 0.39689468
vn -0.06255929 0.35480286 0.93284579
vn -0.68470359 0.42362672 0.59306103
vn -0.71469345 0.27167060 0.64452181
vn -0.29189814 0.47237272 0.83166068
vn -0.00879959 0.72381172 0.68994142
vn -0.66913208 0.51800494 0.53285377
vn -0.67081572 0.65142797 0.35446843
vn -0.28164271 0.61347485 0.73778452
vn -0.31733382 -0.10748646 0.94220269
vn -0.73492951 -0.11305126 0.66865389
vn -0.77198085 -0.26500992 0.57776752
vn -0.84512702 -0.39733023 0.35761572
vn -0.82048137 0.27090635 0.50340845
vn -0.96723077 -0.08638145 0.23875278
vn -0.98041124 0.10529232 0.16645520
vn -0.56086217 0.13273460 0.81719958
vn -0.97010217 -0.19329348 0.14676308
vn -0.92141094 -0.18627505 0.34103298
vn -0.84392598 0.06611126 0.53237040
vn -0.26499969 0.11713206 0.95710775
vn -0.85574894 -0.51634797 0.03284096
vn -0.93909022 -0.29086397 0.18305109
vn -0.39332344 -0.31798154 0.86266124
vn -0.42657772 -0.15029057 0.89187678
vn -0.99175787 0.04299787 -0.12069591
vn -0.62679953 0.14989317 0.76462696
vn -0.74362970 0.32941726 0.58180679
vn -0.07074124 0.40953923 0.90954566
vn -0.99256073 0.01076006 0.12127419
vn -0.90069798 0.02363263 0.43380255
vn -0.66837008 -0.64122462 -0.37697801
vn -0.73097657 -0.30463108 -0.61063341
vn -0.74413581 -0.16397030 -0.64759219
vn -0.33011613 -0.84115474 0.42834804
vn -0.99962867 0.01442834 -0.02311607
vn -0.75621271 -0.28822686 -0.58742455
vn -0.62453964 -0.35234519 -0.69699577
vn -0.56255150 0.25373571 0.78686340
vn -0.42565616 -0.54447915 -0.72274428
vn -0.82758710 -0.53927888 -0.15581363
vn -0.56788865 -0.56754861 -0.59614683
vn -0.59341756 -0.37008988 -0.71476506
vn -0.70084055 -0.57441205 -0.42293418
vn -0.81820952 -0.56799513 -0.08896470
vn -0.75336348 -0.31375983 -0.57792581
vn -0.60435841 -0.73162864 0.31538936
vn -0.88488428 -0.46497377 -0.02791428
vn -0.79450238 -0.57838183 -0.18504170
vn -0.85010792 0.19466720 -0.48930686
vn -0.97143037 -0.23720870 0.00742036
vn -0.93735039 0.04870290 -0.34496706
vn -0.74965450 -0.12467711 -0.64997981
vn -0.97847977 -0.09082303 -0.18527956
vn -0.83148084 -0.34263854 -0.43730817
vn -0.96961830 -0.22129767 0.10424819
vn -0.77464778 -0.30145054 -0.55592121
vn -0.81249521 0.00841495 0.58290714
vn -0.93685397 -0.34571385 0.05278800
vn -0.98264043 -0.18458416 0.01861364
vn -0.42427382 -0.24209979 0.87257058
vn -0.11201096 0.99339173 0.02502823
vn -0.60145404 0.79037890 -0.11642266
vn -0.60556069 0.54585096 -0.57908806
vn -0.53530654 0.72639277 -0.43104577
vn -0.81593942 0.49256025 0.30269997
vn -0.90109536 0.35116929 -0.25437628
vn -0.55132276 0.72656579 0.41005534
vn -0.96222081 0.27183700 -0.01535419
vn -0.63495723 0.20733448 -0.74420544
vn -0.78169562 0.30940276 -0.54149966
vn -0.22771820 0.86423005 -0.44860989
vn -0.68367869 0.16926840 -0.70988144
vn -0.33212546 0.92404285 -0.18930793
vn -0.47052985 0.83035863 0.29850662
vn -0.82698531 0.29624468 -0.47784347
vn -0.77778593 0.45694286 -0.43156955
vn -0.75135853 0.65989014 -0.00231450
vn -0.17916944 0.90701916 0.38107028
vn -0.73588227 -0.24591103 -0.63087642
vn -0.84593822 0.26143771 -0.46479979
vn -0.87518778 0.23109573 -0.42501895
vn -0.30296334 0.88925562 -0.34269178
vn -0.75100980 0.65979061 -0.02570290
vn -0.76547491 0.22037959 -0.60455025
vn -0.95325511 0.13260940 -0.27151323
vn -0.60338327 0.75485643 0.25713888
vn -0.73472833 0.54175585 0.40825835
vn -0.03587461 0.67728679 0.73484394
vn -0.94020069 0.27010387 -0.20752483
vn -0.79181961 0.60784085 -0.05959206
vn 0.25967708 -0.55374385 -0.79116090
vn 0.42627071 -0.53867288 -0.72672196
vn -0.23531111 -0.47767351 -0.84643765
vn 0.84563263 -0.37563247 -0.37921723
vn 0.19425484 -0.54915205 -0.81283275
vn 0.98393365 0.04153352 -0.17363625
vn 0.57492224 -0.42720032 -0.69782828
vn 0.65707153 -0.31820359 -0.68337653
vn 0.76224367 -0.35726995 -0.53976177
vn 0.43422993 0.04370321 0.89974129
vn 0.62582909 -0.00514007 0.77994329
vn 0.60600509 0.22625013 0.76260652
vn 0.96661835 -0.24051197 0.08833434
vn 0.85133434 -0.11499801 0.51186453
vn 0.30816930 0.36750933 0.87747853
vn 0.57818352 -0.16343075 0.79937113
vn 0.26813138 0.19212926 0.94402961
vn 0.37181664 -0.03439223 0.92766889
vn 0.63269761 0.70179304 0.32738398
vn 0.81026242 0.52511428 0.26024950
vn 0.68414300 0.45263150 0.57190304
vn 0.55888841 0.81641716 -0.14528168
vn 0.99438847 -0.07611210 -0.07347461
vn 0.96496802 0.24271926 0.09961971
vn 0.88207875 0.14927506 0.44682662
vn 0.36451173 0.58070364 0.72795225
vn 0.81632057 0.57714628 0.02286693
vn 0.41347489 0.73601291 0.53602566
vn 0.63251568 0.34828494 0.69182477
vn 0.61551876 0.76072235 0.20600523
vn 0.46688350 0.63024341 -0.62033300
vn 0.83823185 0.40324113 0.36710210
vn 0.77942276 0.46535368 0.41945932
vn 0.78312468 0.61535230 0.08976232
vn 0.84464487 -0.31461238 0.43312134
vn 0.96251755 0.20900459 -0.17284977
vn 0.93258599 -0.36094549 0.00131512
vn 0.74436754 0.17446905 0.64457546
vn 0.95468900 -0.11750437 -0.27342573
vn 0.80291384 0.32769009 0.49794435
vn 0.49168349 0.20650725 -0.84593268
vn 0.23221726 -0.08134317 -0.96925664
vn 0.43550511 0.10450577 -0.89409946
vn 0.80650968 0.38575566 -0.44803427
vn 0.94356250 0.10597972 0.31378035
vn 0.33981936 -0.21679488 -0.91516271
vn 0.17271544 -0.44183568 -0.88031279
vn 0.81141726 -0.15136625 -0.56452661
vn 0.65179201 -0.16109890 -0.74108995
vn 0.70883605 -0.05111296 -0.70351895
vn 0.17424229 -0.17544812 -0.96894663
vn 0.46207802 -0.24326137 -0.85282343
vn 0.54315220 -0.02732838 -0.83918940
vn 0.88343598 0.45945822 0.09186409
vn 0.93687118 0.34944622 -0.01263872
vn 0.51210053 0.37990419 -0.77034139
vn 0.77453665 0.47323235 -0.41969528
vn 0.57281798 0.21738350 -0.79033156
vn 0.76179219 -0.37738117 -0.52655115
vn 0.96126221 0.08251835 -0.26299371
vn 0.99471709 -0.06158862 0.08212648
vn 0.46701529 -0.34815283 -0.81282613
vn 0.99660528 0.01059992 -0.08164287
vn 0.72368798 -0.13634759 -0.67652424
vn 0.89172303 0.32611013 0.31381876
vn 0.68694684 0.03138588 -0.72602959
vn 0.97881751 0.15834797 -0.12977752
vn 0.82547524 0.39020196 -0.40783951
vn 0.94569834 0.23100562 0.22867237
vn 0.83976600 0.30229172 -0.45101306
vn 0.43742535 -0.64846284 -0.62302087
vn 0.20312542 -0.74816883 -0.63165138
vn -0.04409188 -0.60583885 -0.79436464
vn -0.25264827 -0.52747173 -0.81113650
vn 0.36978070 -0.90013260 0.23026840
vn 0.49295630 -0.86635100 -0.08018742
vn -0.42501247 -0.55812379 -0.71264454
vn 0.30244314 -0.85017572 -0.43096332
vn 0.50068629 -0.76700942 -0.40126024
vn -0.31728276 -0.59437431 -0.73895253
vn 0.57422518 -0.61875886 -0.53609972
vn 0.88633631 -0.30336024 0.34982926
vn 0.72910536 -0.53941006 -0.42123884
vn 0.59298855 -0.66959832 -0.44721658
vn 0.59263978 0.18446690 0.78405998
vn -0.15561035 -0.66104581 0.73403260
vn -0.33811078 -0.42747017 0.83842135
vn 0.27387719 -0.21615444 0.93715983
vn 0.30053597 -0.87370636 0.38251185
vn -0.14104059 -0.87934753 0.45481367
vn 0.13204065 -0.07365716 0.98850386
vn 0.44841761 -0.24914239 0.85839951
vn 0.54619773 0.13885810 0.82606687
vn 0.52528612 0.01501573 0.85079317
vn 0.71852132 0.07253807 0.69171189
vn 0.14113743 -0.66935593 0.72941269
vn 0.55045616 -0.11160237 0.82737109
vn 0.66780062 0.08934442 0.73895866
vn -0.28616777 -0.36268991 0.88688445
vn -0.46144914 -0.62903672 0.62560170
vn -0.82399726 -0.51305380 0.24042529
vn -0.71379462 -0.51432036 0.47536493
vn 0.24777292 -0.87806784 0.40939643
vn 0.00477541 -0.77342104 0.63387467
vn 0.22123171 -0.81637468 0.53346875
vn 0.03437973 -0.14417831 0.98895432
vn 0.53273167 -0.03908606 0.84538112
vn -0.11153641 -0.27066249 0.95619112
vn -0.07442266 -0.38031817 0.92185647
vn -0.25844708 -0.51092132 0.81985640
vn -0.79593664 -0.58881925 -0.14062988
vn -0.27611929 -0.69922522 0.65942568
vn -0.05776391 -0.42754482 0.90214675
vn -0.79066606 -0.60999669 0.05245210
vn 0.12985993 -0.59246564 0.79506029
vn -0.09514758 -0.66414438 0.74152490
vn 0.08509764 -0.74055449 0.66658640
vn 0.29733500 -0.28090248 0.91251614
vn -0.30071000 -0.85015071 0.43222362
vn -0.02450664 -0.48510751 0.87411105
vn -0.59604602 -0.64265496 -0.48137692
vn -0.28395770 -0.94851050 -0.14034195
vn -0.45975949 -0.73012058 -0.50551474
vn -0.60538728 -0.74701030 -0.27473961
vn 0.28810116 -0.87835116 0.38144063
vn -0.59508281 -0.63803210 -0.48866297
vn -0.34042664 -0.80478383 -0.48624345
vn -0.51389339 -0.83449162 -0.19883994
vn -0.00244129 -0.85515696 -0.51836341
vn -0.59129780 -0.57192590 -0.56856634
vn -0.46444403 -0.65084438 -0.60057750
vn -0.18238714 -0.76628793 -0.61606635
vn -0.16468134 -0.94674616 -0.27667988
vn -0.38792964 -0.77721241 0.49543059
vn -0.66138179 -0.57776428 -0.47829130
vn -0.68269164 -0.67353539 -0.28334114
vn -0.58732432 -0.79240920 0.16473557
vn -0.31774802 -0.94567380 0.06882781
vn 0.51588616 -0.85581354 0.03800859
vn 0.02627761 -0.99961119 0.00932464
vn 0.03443793 -0.92849023 -0.36975658
vn -0.12377640 -0.78133108 -0.61171983
vn 0.29158148 -0.93809368 0.18697723
vn 0.50064935 -0.84073407 0.20619518
vn 0.23843037 -0.52235545 0.81871591
vn -0.05599837 -0.97759615 0.20290379
vn -0.28507472 -0.91436795 0.28751288
vn -0.54512772 -0.81790689 0.18402199
vn 0.17015003 -0.86763945 0.46717315
vn 0.29697638 -0.60324375 0.74020403
vn 0.90105798 0.05399943 0.43032381
vn 0.31693870 -0.82104543 -0.47479918
vn 0.15125875 -0.65913582 -0.73665512
vn 0.79925574 -0.57478963 -0.17551962
vn 0.30853595 -0.91157767 0.27171992
vn 0.16809600 -0.94431290 -0.28287257
vn 0.30258304 -0.94033235 0.15562317
vn 0.62070447 -0.51324589 0.59270956
vn 0.75937827 -0.53476719 -0.37063283
vn 0.84151656 -0.50114510 0.20175100
vn 0.96789515 -0.16212257 0.19208137
vn 0.46334467 -0.67553056 -0.57355921
vn 0.92085698 -0.32094831 0.22139240
vn 0.77861578 0.04211864 0.62608584
vn 0.58829646 -0.80776457 -0.03773167
vn 0.87747415 -0.30813427 0.36754916
vn 0.63200938 -0.48452736 0.60481185
vn 0.83024618 -0.00890826 0.55732569
vn 0.55360170 -0.77597470 -0.30230517
vn 0.61765219 -0.78159381 -0.08727474
vn 0.09969008 -0.88451642 -0.45573303
vn 0.43300719 -0.82732613 -0.35782154
vn 0.47570106 -0.86824886 -0.14089864
vn 0.69742547 -0.71421995 -0.05905565
vn 0.71401506 -0.12030748 0.68971632
vn 0.74555843 -0.22654403 0.62675389
vn 0.23130292 -0.85713422 0.46023895
vn 0.48032838 -0.61679828 0.62357400
vn 0.37933353 -0.89695852 0.22709355
vn 0.60814827 -0.67160550 0.42320413
vn -0.24715669 -0.52673734 -0.81330274
vn 0.66847044 -0.35811492 -0.65184429
vn 0.11395252 -0.35885723 -0.92641044
vn -0.38370063 -0.41941720 -0.82271686
vn 0.04175246 0.00127538 -0.99912717
vn -0.29547911 -0.20070511 -0.93402867
vn -0.32012668 -0.32580666 -0.88958919
vn -0.32195444 -0.28508481 -0.90281337
vn 0.43367313 0.16335617 0.88613903
vn 0.52291051 0.25179775 0.81434789
vn 0.31440475 0.30852675 0.89775325
vn -0.26809758 0.18601518 0.94526295
vn -0.24158004 0.51774950 0.82071587
vn -0.22021444 0.46343271 0.85833311
vn 0.24039457 0.34897882 0.90577273
vn -0.11634960 0.45792964 0.88134171
vn 0.60520217 0.21484751 0.76653172
vn -0.26464020 -0.20015992 0.94334595
vn 0.50873968 0.18461563 0.84089298
vn 0.19455131 0.03375135 0.98031150
vn 0.39286205 0.11207377 0.91274251
vn -0.17675032 0.07530360 0.98137082
vn 0.06554847 0.04178830 0.99697399
vn 0.22138458 0.13742059 0.96545557
vn -0.23381275 -0.08649036 0.96842708
vn 0.06504756 -0.02617947 0.99753870
vn -0.64751788 -0.38341763 0.65856778
vn -0.03978580 -0.06726526 0.99694156
vn -0.28888847 -0.20932461 0.93419840
vn 0.59871627 0.32814049 0.73065905
vn -0.02767437 0.19000903 0.98139222
vn 0.60081482 0.30348990 0.73953731
vn 0.12808015 0.05882211 0.99001790
vn -0.18337979 0.00572550 0.98302547
vn -0.14917398 -0.06491608 0.98667777
vn -0.38743341 0.06546949 0.91957006
vn 0.51537095 0.25008211 0.81966562
vn 0.07638766 0.23469724 0.96906250
vn -0.02609941 0.12342130 0.99201109
vn 0.75125600 0.28142336 0.59700529
vn 0.76380716 0.26085604 0.59038356
vn 0.03907950 0.11077147 0.99307727
vn -0.01490029 -0.01334258 0.99979996
vn 0.44120868 0.18001610 0.87916387
vn -0.33891845 -0.08657176 0.93682422
vn 0.75308103 0.26684583 0.60138363
vn -0.43594079 0.47691983 0.76321891
vn 0.05521649 0.51074647 0.85795640
vn -0.45186493 0.47992768 0.75198904
vn -0.64434434 0.11054268 0.75670383
vn 0.12365024 0.41149493 0.90298535
vn -0.20425596 0.41215325 0.88792410
vn -0.42430986 0.34024090 0.83916463
vn -0.09514960 0.49482892 0.86376553
vn -0.51876940 0.39461093 0.75839339
vn -0.64689065 -0.23976001 0.72391133
vn -0.02760524 0.10123126 0.99447986
vn 0.03606858 0.04310779 0.99841914
vn -0.81193869 -0.07259974 0.57921054
vn -0.39469212 0.09968272 0.91339010
vn -0.41596726 -0.16747268 0.89382557
vn -0.61002274 -0.14224745 0.77951133
vn -0.75543032 -0.40396308 0.51588648
vn -0.34773155 -0.02009124 0.93737885
vn -0.06174111 0.31798881 0.94608200
vn -0.05645618 0.32388840 0.94440934
vn -0.27167445 0.31710070 0.90864742
vn -0.23052974 0.22191935 0.94742168
vn 0.15189866 0.33160854 0.93110825
vn -0.37848510 0.24976080 0.89127357
vn 0.30053056 0.37780420 0.87575417
vn -0.05532263 0.42632120 0.90287853
vn -0.20831945 0.29664104 0.93199093
vn 0.05136434 0.41691035 0.90749516
vn -0.17297981 0.39968599 0.90018281
vn 0.09677217 0.37438330 0.92221055
vn -0.10025634 0.17472208 0.97950031
vn -0.13599644 0.22549001 0.96470681
vn -0.24516692 0.16020790 0.95615198
vn 0.02103023 0.30989921 0.95053680
vn -0.31342897 0.35692525 0.87998105
vn -0.17534914 0.34456423 0.92224084
vn -0.04226482 0.40664698 0.91260721
vn -0.39912060 0.37013970 0.83886790
vn -0.43651478 0.20581028 0.87584073
vn -0.10965102 0.38827481 0.91499690
vn -0.13691195 -0.11402157 0.98399908
vn -0.32341979 0.01419148 0.94614917
vn -0.09936099 -0.00826844 0.99501710
vn -0.11295421 -0.03236392 0.99307297
vn -0.40988002 0.18236299 0.89372373
vn -0.20892617 0.10305835 0.97248590
vn -0.65201348 -0.04054837 0.75712235
vn -0.00928406 0.27928830 0.96016241
vn 0.27176378 0.14180714 0.95185880
vn -0.36406789 -0.11025395 0.92482357
vn -0.49848518 -0.30663059 0.81085770
vn 0.01413828 0.09995490 0.99489152
vn -0.48178856 -0.18811416 0.85585796
vn 0.07398370 0.18524637 0.97990316
vn -0.10667369 0.13006779 0.98575002
vn 0.04553677 0.10872543 0.99302829
vn -0.04649154 0.16982430 0.98437708
vn -0.14114054 0.02666205 0.98963048
vn -0.79702757 -0.23563904 0.55607670
vn 0.17915841 0.22362318 0.95806834
vn -0.85665202 -0.21527605 0.46883210
vn -0.63805674 -0.21986755 0.73793079
vn 0.06599274 0.22629107 0.97182164
vn 0.36894028 0.22588544 0.90158684
vn -0.10413867 0.26720335 0.95799661
vn -0.41359390 0.03972271 0.90959452
vn -0.48056168 0.12668883 0.86776173
vn -0.16319856 0.16612814 0.97250587
vn -0.38527594 0.07871227 0.91943832
vn -0.13225843 0.14958751 0.97986289
vn -0.24303014 -0.47719078 -0.84452668
vn 0.64634820 -0.61111299 -0.45691894
vn 0.55261967 -0.51069774 -0.65863444
vn 0.06740853 -0.75177735 -0.65596258
vn -0.41296388 -0.48666935 -0.76981412
vn -0.18066934 -0.47738525 -0.85991971
vn -0.18786266 -0.55029029 -0.81356512
vn 0.65282361 -0.45438193 -0.60610098
vn 0.65106828 -0.51163125 -0.56066350
vn -0.11508470 -0.97999011 -0.16240350
vn -0.43542146 -0.71515101 -0.54677892
vn -0.39920040 -0.60249130 -0.69111741
vn -0.41722152 -0.63781194 -0.64739642
vn -0.27115306 -0.38801518 -0.88086335
vn -0.31714940 -0.44714468 -0.83634795
vn 0.05005655 -0.42269070 -0.90489055
vn -0.32260722 -0.58013265 -0.74791088
vn -0.33392879 -0.50586819 -0.79535460
vn 0.02199318 -0.67416953 -0.73824910
vn -0.33160110 -0.43390362 -0.83771616
vn -0.05396113 -0.51390753 -0.85614674
vn 0.11388459 -0.44773932 -0.88688207
vn -0.30539512 -0.46689966 -0.82990272
vn -0.01636169 -0.47009152 -0.88246601
vn -0.34826202 -0.50960065 -0.78677871
vn -0.05999947 -0.55992664 -0.82636688
vn 0.09217003 -0.65555686 -0.74949976
vn -0.31090293 -0.49580528 -0.81087391
vn -0.03374572 -0.61270025 -0.78959460
vn 0.15084449 -0.55334641 -0.81917867
vn -0.03745453 -0.02648730 -0.99894724
vn -0.75257953 -0.30071971 -0.58582566
vn 0.09066598 -0.04301884 -0.99495179
vn -0.65659580 -0.31922647 -0.68335673
vn -0.81303354 -0.26907164 -0.51631087
vn -0.04995117 -0.20464224 -0.97756147
vn -0.53426452 -0.27592863 -0.79901491
vn 0.11138816 -0.10603917 -0.98810342
vn -0.18454609 -0.17512769 -0.96709515
vn -0.19976280 -0.94992509 -0.24028554
vn -0.73275913 -0.25112037 -0.63245760
vn -0.03301921 -0.97333971 -0.22697915
vn -0.66349744 -0.34512105 -0.66382423
vn -0.79023139 -0.19261269 -0.58175141
vn -0.15518890 -0.84389744 -0.51356940
vn -0.59040736 -0.51338669 -0.62277865
vn 0.01047443 -0.94491699 -0.32714244
vn -0.30708360 -0.82513331 -0.47418845
vn -0.29036447 -0.36137090 -0.88605843
vn -0.20683040 -0.39373862 -0.89565121
vn -0.29891580 -0.33289806 -0.89433116
vn -0.29063589 -0.39035302 -0.87358760
vn -0.83653291 -0.21174887 -0.50534652
vn -0.16087298 -0.42028179 -0.89301909
vn -0.84867796 -0.22537471 -0.47848924
vn -0.27019333 -0.28308112 -0.92025032
vn 0.07456048 -0.33956368 -0.93762319
vn -0.36558182 -0.31274991 -0.87666266
vn 0.12356741 -0.21933079 -0.96779393
vn -0.31692967 -0.34834284 -0.88216373
vn -0.30382880 -0.46346301 -0.83240020
vn -0.14425890 -0.43884161 -0.88690891
vn -0.29512871 -0.42654044 -0.85496333
vn -0.35156680 -0.39869597 -0.84701966
vn -0.76080209 -0.28024507 -0.58535705
vn -0.01654904 -0.35872578 -0.93329628
vn -0.84197487 -0.24802743 -0.47912495
vn -0.17617980 -0.27489013 -0.94519633
vn -0.63049622 -0.31924134 -0.70750228
vn 0.11388508 -0.28349721 -0.95218670
vn -0.34961890 -0.59366526 -0.72479526
vn -0.25047010 -0.60981696 -0.75192287
vn -0.37047727 -0.61572225 -0.69543706
vn -0.33560504 -0.57024501 -0.74979322
vn -0.83035799 -0.19008664 -0.52380595
vn -0.19285280 -0.61589201 -0.76386179
vn -0.83095775 -0.16140641 -0.53240697
vn -0.74917318 -0.27190402 -0.60399317
vn -0.36970893 -0.66808308 -0.64574012
vn 0.02383459 -0.75552674 -0.65468409
vn -0.45235304 -0.57985726 -0.67760039
vn 0.05171907 -0.86886238 -0.49234471
vn -0.38684885 -0.58457371 -0.71317708
vn -0.31293178 -0.50040449 -0.80726021
vn -0.17148735 -0.59640342 -0.78415244
vn -0.32249952 -0.53695073 -0.77953703
vn -0.35614094 -0.46715432 -0.80927775
vn -0.38958174 -0.52541136 -0.75641852
vn -0.75441627 -0.25195597 -0.60611408
vn -0.07010481 -0.72363793 -0.68661012
vn -0.81639679 -0.15634024 -0.55592626
vn -0.25849375 -0.74833169 -0.61088514
vn -0.64261306 -0.37540840 -0.66791989
vn 0.05363908 -0.81628442 -0.57515442
vn 0.13435874 -0.47329612 -0.87059664
vn 0.11758496 -0.63400461 -0.76433758
vn -0.25029342 -0.47027450 -0.84628311
vn -0.10573388 -0.49855515 -0.86038544
vn -0.25873704 -0.52687709 -0.80960217
vn -0.11453281 -0.55415002 -0.82449984
vn -0.88337169 -0.37024755 0.28735205
vn 0.09241425 -0.20759794 0.97383916
vn -0.41213512 -0.58882173 0.69529391
vn -0.87822017 -0.46755337 -0.10061396
vn -0.21026499 -0.97353164 0.08958107
vn -0.60442053 -0.75825722 -0.24438048
vn -0.77313626 -0.62196645 -0.12416948
vn -0.73486852 -0.65940592 -0.15859410
vn 0.14560208 0.05791764 0.98764649
vn 0.58936231 0.27085676 0.76111017
vn 0.16063134 0.12965048 0.97846222
vn 0.36893656 0.40403921 0.83704129
vn 0.54712173 0.30002269 0.78143726
vn 0.50045507 0.27257215 0.82173545
vn 0.41636298 0.26263299 0.87043999
vn 0.31538341 0.21707660 0.92380250
vn 0.19541029 0.17990924 0.96407857
vn 0.32813117 0.88935998 0.31838462
vn 0.64912376 0.43569731 0.62354326
vn 0.39752184 0.51157459 0.76175313
vn 0.60172646 0.45813885 0.65424312
vn 0.00786331 0.34269168 0.93941502
vn 0.51103555 0.35714422 0.78185080
vn -0.35029613 0.25334681 0.90172502
vn 0.58733478 0.36055781 0.72459362
vn 0.17198742 0.41893021 0.89158163
vn 0.60724937 0.33333108 0.72120635
vn 0.48324399 0.29129686 0.82560365
vn 0.39576159 0.35117069 0.84855873
vn 0.10489560 0.29133093 0.95085393
vn 0.30113667 0.28364025 0.91042019
vn 0.38759245 0.34333654 0.85550693
vn 0.57691794 0.29879651 0.76018835
vn 0.11046930 0.36276739 0.92530879
vn 0.62352832 0.31281935 0.71648900
vn 0.18285451 0.27546798 0.94375930
vn 0.47862737 0.35426093 0.80337727
vn 0.12864485 0.31124788 0.94158125
vn -0.23832185 0.58027985 0.77876697
vn -0.19429311 0.65960529 0.72606546
vn -0.14301489 0.55221749 0.82134194
vn 0.28202972 0.66091186 0.69545291
vn -0.10068416 0.64823265 0.75475634
vn 0.15957663 0.48104324 0.86205145
vn 0.17441162 0.55265481 0.81495598
vn -0.25358346 0.52797573 0.81051653
vn -0.25016973 0.58130975 0.77427003
vn 0.57509589 0.66286310 0.47945514
vn 0.61516526 0.49551094 0.61322150
vn 0.31196836 0.84821908 0.42801884
vn 0.36504235 0.66119948 0.65540776
vn -0.21989279 0.90028211 0.37568509
vn 0.50823642 0.60159734 0.61625999
vn 0.58677477 0.51223752 0.62714280
vn 0.32980424 0.80219968 0.49769954
vn 0.42901397 0.71330886 0.55419986
vn 0.62819332 0.34615538 0.69681390
vn 0.41202171 0.43382475 0.80127036
vn 0.43271216 0.38220610 0.81650394
vn -0.16270529 0.37880172 0.91106325
vn 0.63911686 0.34638082 0.68669496
vn 0.41156067 0.46295257 0.78504314
vn 0.44507167 0.49774834 0.74441776
vn -0.16935509 0.47613539 0.86291016
vn 0.61739125 0.35249050 0.70326275
vn -0.28873486 0.43692133 0.85189901
vn -0.18682625 0.52598091 0.82972287
vn 0.56056350 0.36454127 0.74355781
vn 0.51052596 0.37633196 0.77313485
vn -0.30151835 0.51375649 0.80320667
vn 0.03873681 0.42618585 0.90380589
vn -0.27006136 0.44180142 0.85549890
vn -0.15881384 0.62851020 0.76141519
vn 0.61961929 0.35823422 0.69838398
vn -0.27322209 0.67408904 0.68626064
vn -0.18337040 0.57868713 0.79466754
vn 0.56930748 0.40233273 0.71695005
vn -0.17264476 0.55685408 0.81246989
vn 0.59472527 0.37916712 0.70889643
vn 0.20913870 0.60855526 0.76545510
vn 0.62755046 0.37747457 0.68095034
vn 0.57371257 0.37901996 0.72608385
vn 0.04585855 0.74469530 0.66582723
vn 0.55277200 0.43803180 0.70892261
vn -0.32330446 0.83910033 0.43747555
vn -0.13257463 0.72946155 0.67105127
vn 0.62776959 0.42728165 0.65064255
vn 0.17063908 0.68452556 0.70873624
vn 0.65448088 0.37179544 0.65834864
vn 0.27661321 0.73390526 0.62037746
vn 0.51431292 0.47696659 0.71273073
vn 0.20338801 0.44990180 0.86961008
vn 0.22471103 0.56173389 0.79621605
vn 0.22613906 0.47430699 0.85081961
vn 0.50034863 0.40242878 0.76661746
vn 0.23755645 0.53293776 0.81212332
vn 0.56839163 0.50529174 0.64931596
vn 0.44264096 0.54317478 0.71346348
vn 0.17205887 0.77708152 0.60542551
vn 0.38375917 0.66538192 0.64030914
vn 0.44283697 0.55458481 0.70450770
vn 0.20658412 0.72285258 0.65939908
vn -0.29636753 0.58892897 0.75188360
vn 0.53566981 0.42848825 0.72763705
vn -0.25391031 0.66493630 0.70241674
vn 0.15292251 0.52158093 0.83938551
vn 0.06166714 0.65509799 0.75302310
vn 0.50837755 0.41994009 0.75179957
vn 0.19592905 -0.51049777 -0.83725971
vn 0.63158807 -0.34817735 -0.69272581
vn -0.33206180 -0.46824534 -0.81882921
vn -0.11555499 -0.35749003 -0.92674048
vn 0.45960536 -0.30972492 -0.83236614
vn 0.73929246 -0.29474799 -0.60545048
vn 0.09675463 -0.43184144 -0.89674495
vn 0.28760302 -0.48451369 -0.82615434
vn -0.21645194 -0.45677446 -0.86284741
vn 0.37030553 0.04351666 -0.92789014
vn 0.76078087 0.34950711 -0.54686127
vn 0.35462214 -0.22667728 -0.90711661
vn 0.83964537 0.20752737 -0.50192433
vn 0.11549079 -0.31180845 -0.94309987
vn 0.25633915 -0.29037918 -0.92193827
vn -0.16568838 -0.37318869 -0.91284038
vn 0.44584383 -0.16122744 -0.88047089
vn -0.30014569 -0.33624801 -0.89266446
vn 0.58808185 -0.17974306 -0.78857604
vn 0.25867966 -0.41097701 -0.87417546
vn 0.72921416 -0.15804586 -0.66578391
vn -0.39656266 -0.39197126 -0.83011842
vn 0.56605490 -0.29865367 -0.76836699
vn -0.11519174 -0.37543860 -0.91966120
vn 0.39147120 -0.34529526 -0.85294870
vn 0.01606105 -0.36209483 -0.93200288
vn 0.57499473 -0.24288661 -0.78127278
vn -0.30012854 -0.40928695 -0.86163046
vn 0.03581402 -0.33314421 -0.94219546
vn 0.33345624 -0.34083056 -0.87900026
vn -0.24223553 -0.05455954 -0.96868220
vn -0.33224959 -0.09392589 -0.93850314
vn -0.35918272 -0.14262563 -0.92230456
vn -0.48438409 -0.15629535 -0.86078093
vn 0.01793177 0.07480767 -0.99703674
vn -0.36135124 -0.22046686 -0.90599097
vn -0.34001619 -0.13961607 -0.92999804
vn -0.41456218 -0.19589034 -0.88868733
vn -0.36801202 -0.15127665 -0.91743258
vn 0.77998671 0.41639281 -0.46715926
vn -0.28760846 -0.07441122 -0.95485305
vn 0.88627560 0.46291272 -0.01507876
vn 0.38926993 0.24134037 -0.88894530
vn 0.27338721 0.18909509 -0.94313439
vn 0.63554856 0.15680548 -0.75596962
vn 0.06047953 -0.00703792 -0.99814463
vn 0.81431859 0.38967773 -0.43015869
vn 0.32123820 0.05130241 -0.94560778
vn -0.06049135 -0.31114287 -0.94843603
vn 0.12526192 -0.16005018 -0.97912889
vn -0.31355001 -0.29450463 -0.90274770
vn -0.00305559 -0.27061634 -0.96268243
vn -0.02959683 -0.03946275 -0.99878262
vn -0.28764028 -0.16252658 -0.94384754
vn -0.35355589 -0.12364951 -0.92720496
vn -0.28379015 -0.23990489 -0.92839043
vn -0.00506166 -0.15776011 -0.98746449
vn -0.30311927 -0.27035398 -0.91379836
vn -0.30864795 -0.20623663 -0.92854881
vn -0.20830312 -0.24497160 -0.94688897
vn 0.50009136 -0.12746708 -0.85654000
vn -0.34453056 -0.27145684 -0.89867118
vn -0.37716468 -0.32861695 -0.86588550
vn -0.15322433 -0.26504727 -0.95198332
vn -0.24848484 -0.09272964 -0.96418696
vn 0.15055639 -0.05523332 -0.98705727
vn 0.13456831 0.05874562 -0.98916142
vn -0.35742575 -0.17356244 -0.91767255
vn -0.00901756 -0.06074071 -0.99811284
vn -0.25961632 -0.17780334 -0.94920248
vn 0.20260984 -0.20863799 -0.95677554
vn 0.44843083 -0.03957320 -0.89294107
vn -0.16758788 -0.26684523 -0.94905633
vn 0.56145265 -0.10225767 -0.82116642
vn 0.67758260 0.35775617 -0.64256699
vn -0.30806372 -0.18824056 -0.93255683
vn -0.13169141 -0.08504202 -0.98763618
vn 0.47460013 0.18837068 -0.85980882
vn 0.32877910 -0.09428782 -0.93968830
vn 0.62311376 0.12493940 -0.77208769
vn -0.19163084 -0.24047069 -0.95155214
vn -0.20974766 -0.17986262 -0.96106990
vn 0.40600514 -0.02572669 -0.91350860
vn 0.29997573 -0.21829332 -0.92863480
vn -0.33243531 -0.25047676 -0.90925693
vn -0.25485247 -0.29197162 -0.92184749
vn 0.67778335 0.00469165 -0.73524670
vn 0.11541990 -0.18944311 -0.97508438
vn 0.62009756 0.31971817 -0.71642118
vn 0.20293704 -0.02897730 -0.97876293
vn -0.10108862 -0.05030112 -0.99360500
vn 0.35501058 0.11435691 -0.92784157
vn -0.36942731 -0.18113564 -0.91143477
vn 0.54663774 0.16611295 -0.82072752
vn -0.34718289 -0.23466341 -0.90796317
vn 0.16759974 -0.10984571 -0.97971641
vn 0.06728897 -0.06586817 -0.99555692
vn 0.25231037 -0.10938230 -0.96144422
vn 0.59049783 0.17389345 -0.78808209
vn 0.46064184 -0.01184487 -0.88750707
vn 0.59789888 0.66955543 0.44069543
vn 0.71550753 0.49963917 0.48827212
vn 0.70926023 0.69618257 -0.11081404
vn 0.16675684 0.69169841 -0.70267024
vn 0.50023762 0.34821297 -0.79278626
vn 0.30807584 0.36240946 -0.87962984
vn 0.71761769 0.65850971 -0.22669319
vn 0.59437480 0.48593867 -0.64076689
vn 0.00197225 0.14733104 -0.98908527
vn -0.39056989 0.01408597 -0.92046551
vn -0.38931307 -0.08329346 -0.91733175
vn -0.54012460 0.09957594 -0.83567341
vn -0.49653393 0.07058444 -0.86514270
vn -0.37340608 -0.07018492 -0.92500918
vn -0.45924831 -0.02464576 -0.88796598
vn -0.40255872 -0.08186553 -0.91172612
vn -0.47579203 -0.08898668 -0.87504475
vn -0.71586558 0.42909272 -0.55083202
vn 0.35425132 0.92621920 -0.12893405
vn -0.14742947 0.67759608 -0.72050545
vn -0.70238952 0.13782511 -0.69832170
vn -0.09097487 0.12486732 -0.98799379
vn -0.35423412 0.01122561 -0.93508939
vn -0.37293618 -0.08615828 -0.92384813
vn -0.29343141 0.41340388 -0.86197172
vn 0.00159231 0.44361749 -0.89621481
vn -0.50898567 0.07453452 -0.85754195
vn -0.27710808 -0.02705903 -0.96045766
vn 0.07240541 0.34162938 -0.93704153
vn 0.10171729 0.20669606 -0.97310345
vn -0.41771618 -0.05896907 -0.90666192
vn -0.06923330 0.16736443 -0.98346118
vn -0.42233843 0.06107204 -0.90437849
vn -0.12801775 0.27815776 -0.95196624
vn -0.46630259 0.06828628 -0.88198576
vn -0.40869931 0.00695279 -0.91264261
vn -0.37273419 0.14448564 -0.91662049
vn -0.35329764 0.02920014 -0.93505515
vn -0.40522752 0.62573085 0.66652199
vn 0.05890701 0.56425312 0.82349765
vn -0.41874378 0.62484510 0.65895542
vn -0.52532219 0.83539664 0.16170670
vn 0.17096377 0.62753529 0.75958597
vn -0.17381241 0.70765053 0.68485034
vn -0.39043386 0.76753451 0.50838192
vn -0.08568529 0.60334758 0.79286173
vn -0.48452773 0.69376944 0.53283847
vn -0.40188841 0.86678145 -0.29525519
vn 0.09228146 0.92005740 0.38076044
vn -0.70601220 0.66637652 -0.23976887
vn -0.28936083 0.90728129 0.30514090
vn -0.01706615 0.79938022 0.60058306
vn -0.00195354 0.77468970 0.63233856
vn -0.23425816 0.80004449 0.55231507
vn 0.22062104 0.68713119 0.69222618
vn -0.32578766 0.83041022 0.45197485
vn 0.36412504 0.56648745 0.73925971
vn -0.01524053 0.68040228 0.73268033
vn -0.16151887 0.82033501 0.54860015
vn 0.09130876 0.64580713 0.75802102
vn -0.13441905 0.71458943 0.68650817
vn 0.16117034 0.66995155 0.72469927
vn -0.25446917 0.77429759 0.57940372
vn -0.14129460 0.74470314 0.65226763
vn -0.00558809 0.67889913 0.73421029
vn -0.35977698 0.73125437 0.57950631
vn -0.39899795 0.86629121 0.30056641
vn -0.07245656 0.70525730 0.70523910
vn 0.68827997 0.43980084 0.57692799
vn -0.11863896 0.95377951 -0.27609679
vn 0.62850219 0.56651723 0.53295705
vn 0.63702157 0.57263463 0.51603594
vn 0.39439253 0.85887532 0.32678389
vn 0.50359050 0.76357382 0.40416783
vn -0.07744663 0.96921815 0.23370536
vn 0.19727801 0.95980436 0.19964213
vn 0.34398959 0.84284187 0.41387044
vn -0.10350996 0.99378238 -0.04101538
vn 0.18790724 0.87973797 -0.43675161
vn 0.32867273 0.94442387 -0.00614726
vn 0.48731068 0.86253766 0.13622439
vn 0.01772776 0.94692595 -0.32096257
vn 0.26593570 0.94656708 0.18245266
vn -0.37546794 0.76239202 -0.52705050
vn 0.20187668 0.92960874 0.30833974
vn 0.14595407 0.98546178 0.08696255
vn -0.05380859 0.98458130 -0.16644611
vn -0.40700988 0.89938235 -0.15954418
vn -0.16095637 0.98049167 -0.11282347
vn -0.19604270 0.97300043 0.12180895
vn -0.54836640 0.56338583 -0.61797305
vn 0.62169267 0.39205658 0.67807807
vn 0.04333925 0.90906197 0.41440083
vn 0.63429475 0.40628251 0.65772691
vn -0.17627565 0.88705512 0.42668503
vn 0.30197071 0.89364844 0.33197313
vn -0.05412071 0.99054048 0.12609717
vn 0.01082759 0.99950609 0.02950143
vn -0.34778589 0.92780256 0.13500886
vn 0.57953594 0.54720322 0.60390954
vn 0.13257680 0.84381239 0.52000389
vn 0.06240071 0.94425445 0.32324864
vn 0.75037422 0.23980405 0.61598096
vn -0.06228805 0.88050059 0.46993500
vn -0.00893783 0.90074795 0.43425021
vn 0.08945443 0.74775023 0.65792667
vn -0.18087047 0.92312965 0.33928972
vn 0.75922628 0.23791046 0.60578385
vn 0.13872144 0.94252710 0.30397207
vn 0.13288057 0.98494663 0.11055714
vn 0.53496676 0.67780006 0.50437847
vn -0.26155231 0.95818339 -0.11608183
vn 0.75506449 0.24298014 0.60896491
vn 0.79901140 0.42259669 0.42777660
vn 0.41611938 0.84081695 -0.34622466
vn 0.76577426 0.43295701 0.47553970
vn 0.38911396 0.90633076 0.16478737
vn 0.12601878 0.93643182 -0.32743657
vn 0.11084392 0.97962446 -0.16747995
vn -0.10351042 0.66805872 -0.73687389
vn 0.70167172 0.58945435 0.40025038
vn 0.50769208 0.82004336 -0.26415459
vn 0.34627184 0.89542593 -0.27983607
vn 0.72475699 0.24187595 0.64515372
vn 0.71610556 0.24586912 0.65325431
vn 0.38500033 0.90828048 -0.16371109
vn 0.25686404 0.96262888 -0.08582834
vn 0.58766620 0.70960195 0.38873321
vn -0.12190550 0.82069582 -0.55820912
vn 0.71863003 0.24830977 0.64954841
vn -0.30408171 0.87398356 0.37906076
vn -0.09254669 0.94930221 0.30043373
vn -0.48950810 0.87034188 -0.05372926
vn 0.05644194 0.78159457 0.62122801
vn 0.02905163 0.99582042 -0.08658918
vn -0.20029235 0.96750640 0.15431895
vn 0.05160036 0.97989156 0.19274317
vn 0.03224486 0.99763803 0.06065173
vn -0.64908046 0.61876456 -0.44252115
vn 0.29019350 0.75610842 0.58658996
vn -0.73707240 0.49523611 -0.45985375
vn -0.40543001 0.86003703 -0.30977864
vn 0.16023441 0.80254689 0.57466809
vn -0.03563810 0.80979464 0.58563007
vn -0.30752382 0.94333975 0.12465637
vn -0.43553170 0.88327232 0.17361491
vn -0.08220312 0.92237720 0.37744264
vn -0.31775855 0.93953859 0.12765871
vn 0.42018515 0.75985704 0.49604609
vn -0.19063694 0.97463542 -0.11723208
vn -0.37957665 0.78264388 -0.49334585
vn 0.14097474 0.90814607 0.39420406
vn -0.32134660 0.91222162 -0.25414186
vn 0.49637701 0.62928291 0.59800743
vn 0.20257479 0.82344257 0.53000546
vn 0.00144602 0.90782509 0.41934653
vn 0.18906218 0.90266169 0.38659717
vn 0.05597862 0.90138927 0.42937604
vn -0.01680774 0.98537613 0.16956232
vn -0.03683939 0.91740916 0.39623641
vn 0.30871926 0.27140934 -0.91160813
vn 0.75274885 0.45200913 -0.47859891
vn 0.89826412 0.43882217 0.02359385
vn 0.29637503 0.37200503 -0.87964430
vn 0.01805680 0.65492861 -0.75547499
vn 0.71358453 0.63406330 -0.29792759
vn 0.03012712 0.13760060 -0.99002951
vn 0.52126161 0.50618049 -0.68707179
vn 0.26136262 0.27490664 -0.92526533
vn 0.79353791 0.49117968 -0.35922153
vn 0.29123436 0.40581368 -0.86631276
vn 0.09509502 0.37926964 -0.92038659
vn 0.48789200 0.41352935 -0.76873589
vn -0.00515760 0.26722672 -0.96361988
vn -0.29134757 0.83558650 -0.46573791
vn 0.35217241 0.92824268 -0.11975021
vn -0.71544606 0.19846919 -0.66988575
vn 0.31445357 0.94393178 0.10055719
vn -0.42297413 0.35208420 -0.83494287
vn 0.13543893 0.84797485 -0.51244020
vn 0.49093648 0.87114685 0.00919421
vn -0.30241493 0.72630426 -0.61727411
vn -0.20758623 0.86089129 -0.46451496
vn -0.61236484 0.38346438 -0.69134967
vn -0.05807694 0.95870902 -0.27839556
vn -0.19374185 0.82503883 -0.53082486
vn -0.57277758 0.54490593 -0.61237519
vn 0.03385568 0.94650757 -0.32090063
vn 0.68291164 0.43552296 -0.58647374
vn -0.40059809 -0.01152081 -0.91618145
vn -0.17504155 0.03685505 -0.98387101
vn 0.43352270 0.43866464 -0.78716669
vn -0.00710618 0.52303514 -0.85228149
vn 0.31164809 0.57482617 -0.75660448
vn -0.36634536 0.18858945 -0.91116689
vn 0.62571177 0.41721384 -0.65910347
vn 0.12881538 0.32024808 -0.93853490
vn -0.13022322 0.05829300 -0.98976959
vn 0.32544763 0.32615324 -0.88752910
vn -0.43349733 -0.05525656 -0.89945916
vn -0.47821108 0.00404109 -0.87823563
vn 0.02538076 0.38885522 -0.92094920
vn -0.02693840 0.29901316 -0.95386868
vn 0.55338608 0.54969944 -0.62577502
vn 0.15519186 0.43868120 -0.88514083
vn 0.57816441 0.58570771 -0.56804261
vn -0.36567505 0.13853812 -0.92037435
vn -0.32117254 0.06809139 -0.94456962
vn 0.29578671 0.51302747 -0.80579963
vn 0.51806874 0.49226743 -0.69948378
vn 0.52325600 0.70429296 -0.47976513
vn 0.52138647 0.70095209 -0.48664394
vn 0.22697418 0.52990626 -0.81711815
vn 0.17703142 0.64453755 -0.74379515
vn 0.69037586 0.71050822 -0.13623234
vn 0.23860693 0.68351449 -0.68983670
vn 0.80842909 0.58193517 0.08828286
vn 0.59280520 0.57015636 -0.56877387
vn 0.21330246 0.55260325 -0.80568710
vn 0.66564299 0.60496092 -0.43696876
vn 0.42369053 0.54566318 -0.72300624
vn 0.66998609 0.67805776 -0.30225206
vn 0.35183754 0.85782988 -0.37461746
vn 0.31593921 0.75581031 -0.57352697
vn 0.13329211 0.72346200 -0.67737431
vn 0.56408360 0.75206050 -0.34090278
vn 0.42135047 0.64696685 -0.63552945
vn 0.39678663 0.64220713 -0.65584325
vn 0.63767369 0.60605534 -0.47546735
vn 0.29701390 0.54854224 -0.78159078
vn -0.04504470 0.47044705 -0.88127779
vn 0.45766900 0.59675197 -0.65911014
vn -0.09950248 0.63203245 -0.76852732
vn -0.04314862 0.71270338 -0.70013719
vn -0.44416317 0.42773844 -0.78724767
vn -0.18164712 0.43696844 -0.88094433
vn 0.25620787 0.69674323 -0.67000477
vn -0.54996881 0.11517074 -0.82720615
vn 0.47436711 0.81984634 -0.32066776
vn 0.42421068 0.75079806 -0.50630779
vn -0.14464954 0.80603475 -0.57392028
vn 0.56651293 0.81114557 -0.14527891
vn -0.68071820 0.06246230 -0.72987752
vn 0.29179998 0.89543867 -0.33621773
vn -0.43343681 0.45669424 -0.77689311
vn -0.50655485 0.04349069 -0.86111018
vn 0.32184593 0.71738556 -0.61787795
vn -0.31381519 0.28458509 -0.90583186
vn 0.10100757 0.52524756 -0.84493342
vn -0.60148533 0.03958811 -0.79790236
vn 0.03525452 0.83271006 -0.55258581
vn -0.31543514 0.54095725 -0.77965757
vn 0.36020661 0.85830126 -0.36547249
vn -0.63115978 0.17900506 -0.75471486
vn -0.25356252 0.55342216 -0.79336622
vn -0.01852184 0.79232876 -0.60981315
vn -0.48592670 0.02099532 -0.87374735
vn 0.06210583 0.64976500 -0.75759377
vn -0.05937141 0.43052014 -0.90062614
vn 0.35292971 0.57996323 -0.73422290
vn -0.46249099 0.14335096 -0.87495862
vn 0.60638419 0.71275855 -0.35252442
vn 0.03452844 0.98343059 -0.17796647
vn 0.08185763 0.91041058 -0.40552671
vn 0.16837315 0.98473582 -0.04411173
vn 0.14065492 0.95618926 -0.25674556
vn 0.29009099 0.78775940 -0.54339889
vn 0.26751309 0.89174836 -0.36499535
vn -0.11386003 0.70593723 -0.69906260
vn 0.54145852 0.78202182 -0.30864956
vn 0.54050238 0.77977513 0.31592392
vn -0.06311999 0.91163541 -0.40612404
vn -0.39604995 0.73514815 -0.55018327
vn 0.35704747 0.93388482 -0.01939706
vn -0.23264938 0.84011303 -0.48998405
vn 0.48215576 0.87601507 -0.01110962
vn 0.26539014 0.93549043 -0.23329321
vn 0.38958228 0.91855253 -0.06698431
vn 0.38095384 0.86714997 -0.32081942
vn 0.15356403 0.93280654 -0.32602155
vn -0.49351094 0.43042413 -0.75576585
vn 0.57232868 0.81720017 0.06799827
vn -0.54381881 0.28253917 -0.79021055
vn -0.27095710 0.77526340 -0.57056894
vn 0.51685881 0.84767976 -0.11956586
vn 0.68207744 0.64319716 0.34794797
vn 0.38507347 0.77959490 -0.49391316
vn 0.02171126 0.82032756 -0.57148168
vn -0.08777884 0.56579242 -0.81986207
vn 0.19440036 0.76094771 -0.61900491
vn -0.00071539 0.67568524 -0.73718990
vn 0.27460657 0.87110534 -0.40714459
vn -0.08482173 0.10577448 -0.99076588
vn -0.75894844 -0.29130728 -0.58235499
vn -0.52605781 -0.18478836 -0.83013038
vn 0.01431096 0.24523480 -0.96935808
vn -0.72319323 -0.19776384 -0.66172578
vn -0.75666899 -0.36298588 -0.54377687
vn -0.83122712 -0.30928916 -0.46195420
vn -0.80062794 -0.36219789 -0.47729194
vn -0.80429461 -0.31850767 -0.50166029
vn -0.79414537 -0.33587191 -0.50648119
vn -0.20298482 0.27497015 -0.93978113
vn -0.60304682 -0.10661885 -0.79054851
vn 0.00406956 0.33145506 -0.94346223
vn -0.29005100 0.12805574 -0.94840505
vn -0.68051044 0.53548490 0.50016143
vn -0.71165343 -0.27752873 -0.64538918
vn -0.75878237 -0.18154290 -0.62553297
vn -0.66677193 -0.36796488 -0.64808721
vn -0.41252001 -0.41022684 -0.81335182
vn -0.42153650 -0.27197365 -0.86506492
vn -0.44450005 -0.34437813 -0.82693616
vn -0.69459265 0.08192984 -0.71472271
vn -0.55055826 -0.03961745 -0.83385614
vn -0.63634213 -0.00589712 -0.77138442
vn -0.71315604 -0.28644243 -0.63981184
vn -0.40147773 -0.18942065 -0.89606666
vn -0.55067152 -0.29635163 -0.78034389
vn -0.65582100 -0.26338183 -0.70748062
vn -0.37821267 -0.28274609 -0.88148161
vn -0.71741199 -0.27468900 -0.64020777
vn -0.45758027 -0.08313944 -0.88527291
vn -0.64141197 -0.13444172 -0.75532516
vn -0.66579624 -0.24414146 -0.70506051
vn -0.53277324 0.00559179 -0.84623957
vn -0.47000094 -0.15916266 -0.86819719
vn -0.55415395 0.17503617 -0.81380326
vn -0.51878259 0.32974293 -0.78875486
vn -0.52797553 0.14264420 -0.83719441
vn -0.71337833 -0.40170802 -0.57421427
vn -0.48388239 0.45663013 -0.74655660
vn -0.73568409 -0.40886416 -0.53999908
vn -0.45472779 0.11469402 -0.88321454
vn -0.18479436 0.59557557 -0.78175494
vn -0.56404694 0.03894818 -0.82482367
vn -0.04674059 0.48903530 -0.87101079
vn -0.56608616 0.12134565 -0.81536599
vn -0.74458216 -0.30753402 -0.59246961
vn -0.29536350 0.53200847 -0.79355365
vn -0.75578266 -0.39500529 -0.52226754
vn -0.35905675 0.25484932 -0.89784747
vn -0.70952809 -0.14432946 -0.68973829
vn -0.10090520 0.57123907 -0.81455759
vn 0.11998374 0.52957631 0.83973379
vn -0.91420911 0.33753540 0.22425779
vn 0.37559625 0.47812374 0.79393019
vn 0.37434907 0.45513418 0.80790819
vn -0.42744535 0.52271506 0.73760385
vn -0.58115249 0.49296127 0.64749592
vn -0.37804835 0.44023429 0.81441587
vn -0.74522300 0.39729676 0.53553522
vn 0.16805508 0.49637739 0.85168479
vn -0.65891817 0.42386817 0.62141984
vn -0.34408434 0.64828579 0.67921388
vn -0.72861371 0.50917706 0.45810565
vn 0.18220547 0.53853480 0.82266727
vn -0.63158383 0.56946209 0.52613192
vn -0.91218772 0.31247416 0.26509142
vn -0.97382366 0.20436327 0.09951444
vn -0.97956194 0.09137067 -0.17919212
vn -0.64775294 0.47883594 0.59256415
vn -0.68282780 0.15475715 0.71400029
vn -0.39052014 0.31517101 0.86496315
vn -0.86059035 0.07140712 0.50426706
vn 0.08686791 0.51596474 0.85219385
vn -0.96448270 0.15676112 0.21260074
vn -0.87906806 0.30331198 0.36775153
vn -0.66377736 0.27739377 0.69458787
vn 0.00639286 0.42320587 0.90601099
vn -0.87556567 0.11778342 0.46852089
vn -0.88738913 0.21110819 0.40984614
vn -0.47021166 0.34023223 0.81433594
vn 0.03940906 0.51906959 0.85382298
vn -0.68699012 0.33381432 0.64545533
vn -0.85404206 0.33081389 0.40146523
vn -0.51345876 0.45335839 0.72857825
vn -0.99191743 0.10886088 0.06518535
vn -0.08312425 0.46012352 0.88395515
vn -0.60399856 0.76246747 0.23201098
vn -0.36137406 0.73625560 0.57213327
vn -0.80883692 0.58334406 -0.07411171
vn 0.09365756 0.54708563 0.83182064
vn -0.92618887 0.37290618 -0.05581365
vn -0.86004728 0.43814868 0.26142765
vn -0.60562405 0.70468555 0.36964549
vn 0.04620617 0.65425786 0.75485869
vn -0.83379010 0.55088222 -0.03637096
vn -0.86285652 0.49647734 0.09480969
vn -0.43261285 0.69225440 0.57760711
vn 0.04695653 0.55802071 0.82849742
vn -0.65677672 0.59784607 0.45959158
vn -0.84000983 0.43430539 0.32521119
vn -0.49616412 0.56968559 0.65519424
vn -0.96338981 0.24910606 -0.09912740
vn -0.06194843 0.62743459 0.77620115
vn -0.84850663 -0.43007029 0.30834404
vn -0.00610208 0.07832731 0.99690902
vn -0.90343918 -0.40030874 0.15346193
vn -0.18398768 -0.13383321 0.97377472
vn -0.55285590 0.00892730 0.83322906
vn -0.94580007 -0.32101957 0.04907822
vn -0.72845056 -0.15729651 0.66679651
vn 0.09782396 0.15587588 0.98292074
vn -0.86479951 -0.30896368 0.39580708
vn -0.63934208 -0.17283296 0.74924660
vn -0.81128768 -0.45770487 0.36375618
vn -0.85546950 -0.33103071 0.39823436
vn -0.00060242 -0.09792941 0.99519318
vn -0.01919954 -0.03575941 0.99917598
vn -0.55854932 0.43470160 0.70643979
vn -0.96763633 0.09095923 0.23538556
vn -0.98418067 0.15887314 0.07840749
vn -0.97657064 -0.14103140 0.16254211
vn -0.98573993 -0.07343303 0.15140802
vn -0.98448115 0.14724667 0.09547397
vn -0.99801834 0.01043562 0.06205231
vn -0.99317582 0.11106458 0.03558713
vn -0.99763046 0.02232347 -0.06507787
vn -0.38911606 0.22522003 0.89323269
vn -0.95553535 -0.11614588 0.27103935
vn -0.02213930 0.25113279 0.96769942
vn -0.10896622 0.28976770 0.95087383
vn -0.49465786 0.09187709 0.86421768
vn -0.72563514 0.04070434 0.68687467
vn -0.89305928 -0.14396442 0.42628555
vn -0.50799710 0.01970124 0.86113344
vn -0.79786337 -0.09049855 0.59600676
vn -0.11258706 0.18648663 0.97598509
vn -0.92821032 -0.26051988 0.26562190
vn -0.78678637 -0.03093564 0.61644966
vn -0.98212241 0.03243998 0.18542714
vn -0.67090541 0.12995105 0.73006757
vn -0.76169762 0.15449207 0.62924473
vn -0.94134692 -0.02270667 0.33667550
vn -0.70556157 -0.09646361 0.70205245
vn 0.08703592 0.24843288 0.96473097
vn -0.95795505 -0.28425922 0.03897209
vn -0.18001889 0.12722681 0.97540071
vn -0.87494518 -0.15285186 0.45946408
vn -0.63044322 0.01519090 0.77608671
vn -0.81446014 -0.57829948 0.04716356
vn -0.88390669 -0.46359330 0.06156468
vn -0.56426846 -0.53221558 0.63114790
vn -0.93611124 -0.21132718 0.28113445
vn -0.92574498 -0.35376166 0.13359986
vn -0.66704622 -0.12472904 0.73450120
vn -0.87053142 -0.48309135 0.09379659
vn -0.71822305 -0.40110366 0.56856971
vn -0.45099431 -0.42634542 0.78411333
vn -0.87819410 -0.43735440 0.19363947
vn -0.66296438 -0.47207069 0.58105722
vn -0.92700255 -0.33013405 0.17798251
vn -0.73950489 -0.32132621 0.59150824
vn -0.52712365 -0.11438558 0.84205499
vn -0.89854161 -0.38047119 0.21877989
vn -0.72674084 -0.23098773 0.64690990
vn -0.39774738 -0.22771513 0.88878728
vn -0.87179968 0.28930514 0.39530729
vn -0.96131815 0.15674924 0.22648862
vn -0.97450838 0.20143901 0.09877121
vn -0.29894088 0.46000620 0.83607933
vn -0.80546962 0.00209441 0.59263337
vn -0.46497846 0.27066795 0.84293172
vn -0.97953580 -0.06614766 0.19008974
vn -0.75825083 0.07501701 0.64763271
vn -0.91706823 0.27917272 0.28469011
vn -0.43036671 0.37237403 0.82226642
vn -0.42049422 0.47354330 0.77391301
vn -0.99178937 0.10330152 0.07538327
vn -0.75803407 0.30392680 0.57707266
vn -0.76009020 0.24004578 0.60385504
vn -0.98526474 0.05581139 0.16167399
vn -0.04401686 0.44555030 0.89417417
vn -0.35730170 0.33952525 0.87009086
vn -0.83517227 0.26148931 0.48384979
vn -0.97405045 0.01195135 0.22601522
vn -0.74455915 0.22016785 0.63020456
vn -0.98011041 -0.03837330 0.19470764
vn -0.98312294 0.05960257 0.17296479
vn -0.91454832 0.06911610 0.39852772
vn -0.94090128 0.15953028 0.29875555
vn -0.31263129 0.24886017 0.91669531
vn -0.98531147 -0.02532346 0.16887874
vn -0.98571916 -0.14701628 0.08212155
vn 0.05859047 0.34779871 0.93573672
vn -0.90740594 0.02912490 0.41924480
vn -0.73080933 0.21802174 0.64682629
vn -0.31427572 -0.94883242 -0.03078661
vn -0.73568287 -0.25648656 -0.62688544
vn -0.63217375 -0.58268468 -0.51071999
vn -0.21549315 -0.94248904 0.25549387
vn -0.78115854 -0.34838145 -0.51809429
vn -0.69327872 -0.21555954 -0.68767631
vn -0.77205686 -0.14422168 -0.61897360
vn -0.71845369 -0.15675279 -0.67768198
vn -0.75117657 -0.17847279 -0.63551650
vn -0.73289793 -0.18280570 -0.65531877
vn -0.48235518 -0.84430804 0.23340396
vn -0.73465924 -0.54669882 -0.40174146
vn -0.23429838 -0.88779843 0.39612905
vn -0.54623504 -0.83751198 -0.01417634
vn -0.68872426 0.40953913 0.59827802
vn -0.73537893 -0.29381925 -0.61064562
vn -0.97833167 0.02095773 -0.20598037
vn -0.50231882 0.39799380 0.76764363
vn -0.81581845 -0.30710340 -0.49002832
vn -0.65142270 -0.29869015 -0.69744724
vn -0.61696489 -0.37917988 -0.68962087
vn -0.60642313 -0.33962540 -0.71896145
vn -0.64040135 -0.34999458 -0.68365920
vn -0.63796722 -0.33731294 -0.69225559
vn -0.76197984 0.17349991 0.62392668
vn -0.98175840 -0.12654249 -0.14190647
vn -0.47528030 0.33736758 0.81258338
vn -0.91523188 0.14896187 0.37438077
vn -0.43236138 -0.47760324 -0.76482598
vn -0.51669278 -0.57594829 -0.63349202
vn -0.49306738 -0.50637409 -0.70743893
vn -0.39335591 -0.45562120 -0.79854897
vn -0.87911748 -0.45039640 -0.15587026
vn -0.74050415 -0.58319308 -0.33397520
vn -0.81613505 -0.50401171 -0.28265842
vn -0.71914322 -0.31058457 -0.62158688
vn -0.54396425 -0.64382668 -0.53813576
vn -0.60121086 -0.45841716 -0.65452212
vn -0.69526805 -0.38574292 -0.60646907
vn -0.47237170 -0.59863742 -0.64691438
vn -0.54739211 -0.26946119 -0.79230837
vn -0.61928121 -0.47692250 -0.62372728
vn -0.46310334 -0.37129819 -0.80478131
vn -0.49568547 -0.47449583 -0.72742672
vn -0.72698041 -0.31781256 -0.60868272
vn -0.64682938 -0.65202372 -0.39557150
vn -0.76058048 -0.46250034 -0.45564325
vn -0.71344440 -0.38771317 -0.58367421
vn -0.74609284 -0.61035075 -0.26611545
vn -0.61886233 -0.60597939 -0.49979836
vn -0.80324433 -0.59564478 0.00241446
vn -0.77503304 -0.59593015 0.21021665
vn -0.78023246 -0.62421949 -0.03984129
vn -0.82907648 -0.55724369 0.04595283
vn -0.64916711 -0.23142928 -0.72458440
vn -0.74887499 -0.55942085 0.35529504
vn -0.65338841 -0.20232071 -0.72948606
vn -0.69319929 -0.71418667 -0.09701624
vn -0.43421798 -0.61698414 0.65634238
vn -0.76835062 -0.59597985 -0.23333525
vn -0.29256232 -0.75350688 0.58875688
vn -0.78727025 -0.60751831 -0.10548484
vn -0.88872826 -0.44140507 0.12378871
vn -0.75454794 -0.52887002 0.38852788
vn -0.85995969 -0.50256000 0.08889759
vn -0.85599229 -0.51211113 -0.07084771
vn -0.71784830 -0.26766306 -0.64268990
vn -0.56670051 -0.63819711 0.52110938
vn -0.67055410 -0.18980085 -0.71717002
vn -0.63850364 -0.75402849 0.15412379
vn -0.80027242 -0.40073436 -0.44606728
vn -0.34619065 -0.67686800 0.64961661
vn -0.78344775 0.12341089 -0.60908076
vn -0.92252798 0.11632060 -0.36798321
vn -0.84798083 0.08352409 -0.52340447
vn -0.73618860 0.14776440 -0.66044836
vn -0.93554011 -0.34002152 -0.09565601
vn -0.98805600 -0.11993926 -0.09674668
vn -0.95643027 -0.25049864 -0.14997192
vn -0.91367638 -0.40210624 -0.05921187
vn -0.75460826 -0.25211544 -0.60580870
vn -0.97375432 0.13532470 -0.18300206
vn -0.85168885 -0.05723402 -0.52091301
vn -0.82426490 -0.19330440 -0.53218491
vn -0.92058092 0.18332122 -0.34485374
vn -0.62006648 -0.14978279 -0.77011861
vn -0.87455481 -0.07328858 -0.47935651
vn -0.68204269 -0.00000858 -0.73131236
vn -0.67667998 -0.25910293 -0.68918058
vn -0.81538007 0.05318484 -0.57647786
vn -0.77260564 -0.27247359 -0.57344457
vn -0.99835521 0.02340557 -0.05233601
vn -0.91570702 -0.22351942 -0.33394570
vn -0.83573072 -0.21502746 -0.50528938
vn -0.99375494 -0.11156734 -0.00196250
vn -0.97782887 0.01978375 -0.20846895
vn -0.73816761 -0.47386546 -0.48016675
vn -0.91533290 -0.18928013 -0.35544158
vn -0.84586819 -0.45684715 -0.27531378
vn -0.71438870 -0.36012709 -0.59996439
vn -0.93399151 -0.29908143 -0.19547421
vn -0.79594689 -0.23602553 -0.55745897
vn -0.95875505 -0.18978824 0.21158730
vn -0.89599839 -0.18639477 0.40304327
vn -0.97067774 -0.14934906 0.18836026
vn -0.94849956 -0.24547481 0.20022663
vn -0.63586004 -0.25531856 -0.72835049
vn -0.86382318 -0.22502341 0.45074825
vn -0.61334668 -0.27320026 -0.74105835
vn -0.73468358 -0.29267376 -0.61203113
vn -0.95403493 -0.02761562 0.29842038
vn -0.56162068 0.04245819 0.82630474
vn -0.98776420 -0.14281719 0.06265088
vn -0.46973681 0.21449836 0.85635143
vn -0.96596061 -0.16725418 0.19734777
vn -0.91323361 -0.37696755 0.15459576
vn -0.83627973 -0.23886711 0.49353694
vn -0.93294366 -0.31045112 0.18230805
vn -0.91263105 -0.40807670 0.02404088
vn -0.95517414 -0.28792912 0.06884164
vn -0.73183676 -0.28645032 -0.61835360
vn -0.72356963 -0.04603293 0.68871471
vn -0.61360915 -0.29194058 -0.73365831
vn -0.91120317 0.00617287 0.41191100
vn -0.89146039 -0.28893941 -0.34901632
vn -0.49753342 0.13011193 0.85763126
vn -0.39172297 -0.36406957 0.84498903
vn -0.43353994 -0.11630349 0.89359757
vn -0.84685577 -0.45350303 0.27779544
vn -0.75162885 -0.41939394 0.50908033
vn -0.88385280 -0.35281576 0.30712420
vn -0.77802135 -0.31824427 0.54166721
vn -0.62558507 0.41791482 -0.65877958
vn 0.11859238 0.94172528 0.31478460
vn 0.00535638 0.99765200 -0.06827730
vn -0.70538824 0.24271272 -0.66597144
vn -0.50822970 0.85852268 0.06812771
vn -0.76410285 0.22352993 -0.60512908
vn -0.54809268 0.54297796 -0.63621486
vn -0.62782194 0.60399590 -0.49094660
vn 0.20183775 0.97933533 0.01280006
vn 0.15145781 0.98163178 0.11601546
vn -0.52526385 0.82442314 -0.21077088
vn 0.23625227 0.84315500 0.48298500
vn -0.67088109 0.50638218 -0.54175239
vn -0.40268042 0.89778856 -0.17839335
vn -0.56067102 0.56863834 0.60191233
vn -0.93424376 0.34999703 -0.06848849
vn -0.49270765 0.64064453 0.58890895
vn -0.97246214 0.23266355 -0.01360387
vn -0.87708973 0.29814481 -0.37659431
vn -0.91548272 0.29977605 -0.26837607
vn -0.91211934 0.08729476 -0.40052209
vn -0.73522381 0.63758576 0.23006596
vn -0.87787826 0.46036902 0.13187162
vn -0.46619008 0.70096554 0.53973522
vn -0.97454558 0.22401288 0.00889636
vn -0.95750406 0.22376322 -0.18197799
vn -0.98111257 0.18722539 -0.04862894
vn -0.96596869 0.13823356 -0.21862292
vn -0.57782356 0.21596054 -0.78707114
vn -0.67556052 0.22565909 -0.70192304
vn -0.28744583 0.67956074 -0.67496081
vn -0.58617166 0.20174733 -0.78466604
vn -0.80484325 0.38994674 -0.44740237
vn -0.74877711 0.27470406 -0.60321681
vn -0.54820905 0.82104222 -0.15923726
vn -0.65269766 0.26391536 -0.71016508
vn -0.48580060 0.67506101 -0.55523905
vn -0.22833943 0.77555006 -0.58854329
vn -0.65839218 0.35501532 -0.66368957
vn -0.40376101 0.66770839 -0.62541390
vn -0.49835863 0.47391047 -0.72598040
vn -0.68195791 0.26483301 -0.68176014
vn -0.64462852 0.13997284 -0.75157280
vn -0.63212462 0.23506596 -0.73835118
vn -0.74183457 0.35335963 -0.56992846
vn -0.53651662 0.70799767 -0.45922676
vn -0.44388462 0.88720032 -0.12586514
vn -0.69347892 0.38745082 -0.60742806
vn -0.55844920 0.76112863 -0.32987528
vn -0.27142483 0.90929068 -0.31546634
vn -0.33835584 0.80975970 0.47937935
vn -0.83561227 0.37139551 -0.40474377
vn 0.06290772 0.80602702 0.58852618
vn -0.05125378 0.79020263 0.61069866
vn -0.48327394 0.84571257 0.22631073
vn -0.57703961 0.80753818 0.12209580
vn -0.74547047 0.61057521 -0.26734188
vn -0.38084560 0.91118428 0.15716183
vn -0.63035896 0.75480146 -0.18144514
vn -0.03213486 0.87313466 0.48641876
vn -0.76224154 0.33862409 -0.55165347
vn -0.64818196 0.75892076 -0.06244531
vn -0.91392914 0.32567560 -0.24221670
vn -0.56959913 0.78226493 0.25222692
vn -0.68762777 0.69430817 0.21237753
vn -0.85437200 0.47039821 -0.22084837
vn -0.50532362 0.86117478 -0.05500942
vn 0.19434960 0.77809142 0.59732903
vn -0.78071707 0.18024428 -0.59832504
vn -0.09078388 0.90597455 0.41348326
vn -0.69201908 0.66221039 -0.28737952
vn -0.47791469 0.87123457 0.11201727
vn -0.68779595 -0.40356549 -0.60338348
vn -0.71852162 0.59626839 -0.35803727
vn -0.65974961 -0.41461912 -0.62675469
vn -0.72640304 -0.28973879 -0.62320947
vn -0.84764519 0.34278622 -0.40496326
vn -0.75965064 0.53593627 -0.36837919
vn -0.87937873 0.32845947 -0.34468453
vn -0.81995810 0.32923579 -0.46826543
vn -0.71232344 -0.29540637 -0.63665563
vn -0.65792972 0.75074565 -0.05924063
vn -0.64628096 -0.40372288 -0.64755599
vn -0.84322636 0.53604558 -0.04030439
vn -0.79135736 -0.08385643 -0.60557545
vn -0.22487874 0.82900126 -0.51204146
vn -0.35864258 0.92278021 -0.14089781
vn -0.61429367 0.43032022 -0.66141348
vn -0.52545582 0.59533447 -0.60784295
vn -0.68759980 0.47786085 -0.54667680
vn -0.88073537 0.42160983 -0.21575533
vn -0.53119932 0.84029803 0.10828896
vn -0.88479633 0.22088908 -0.41029681
vn -0.45747366 0.79845223 0.39139735
vn -0.84371237 0.32721890 -0.42553170
vn -0.47978244 0.83808519 0.25965753
vn -0.73148390 0.29157857 -0.61637103
vn -0.68025003 0.61208245 -0.40325547
vn -0.77841101 0.31427639 -0.54342125
vn -0.72370162 0.20172700 -0.65997136
vn -0.80426463 0.23397975 -0.54627089
vn -0.58988704 0.64211977 -0.48960748
vn -0.84632215 0.45933080 0.26972954
vn -0.92923592 0.36834388 0.02904110
vn -0.96650119 0.25320033 0.04201232
vn -0.28540338 0.61114896 0.73826950
vn -0.72591743 0.68716795 -0.02905329
vn -0.46307445 0.74612654 0.47839026
vn -0.89709424 0.32314895 -0.30132486
vn -0.70448425 0.69395063 0.14877658
vn -0.91151106 0.35875311 0.20110642
vn -0.42644126 0.67935825 0.59717687
vn -0.41676568 0.58751777 0.69363480
vn -0.96857511 0.23141942 -0.09114439
vn -0.74593853 0.51931583 0.41699734
vn -0.69843294 0.65038700 0.29864391
vn -0.91443046 0.34872628 -0.20544322
vn -0.01583385 0.63629480 0.77128348
vn -0.32162289 0.70859276 0.62805654
vn -0.78454937 0.55557859 0.27534474
vn -0.93529922 0.32913700 -0.12993926
vn -0.72117230 0.62855682 0.29125046
vn -0.92040017 0.32203826 -0.22170902
vn -0.95280389 0.29066221 -0.08763688
vn -0.86439505 0.50108295 -0.04167824
vn -0.91550352 0.40058596 0.03720485
vn -0.26692989 0.80400560 0.53134117
vn -0.89740064 0.34667817 -0.27292185
vn -0.85327017 0.23938115 -0.46327820
vn 0.12893647 0.70527314 0.69711203
vn -0.82384650 0.56640620 -0.02146975
vn -0.65600866 0.67575643 0.33616348
vn 0.66668202 -0.49025255 -0.56141563
vn 0.12755201 -0.53926141 -0.83242274
vn 0.64916982 -0.43396202 -0.62470435
vn 0.62659500 -0.50105772 -0.59692534
vn 0.59816566 -0.49190212 -0.63263746
vn 0.25345545 -0.45086950 -0.85584872
vn 0.61573221 -0.46846724 -0.63357106
vn 0.48424068 -0.42472318 -0.76493214
vn -0.12560172 -0.52359473 -0.84265816
vn 0.88011060 0.13460552 0.45528747
vn 0.31399264 -0.53677023 -0.78312600
vn 0.82534745 -0.41883401 -0.37865507
vn 0.97455679 -0.21768239 -0.05341765
vn 0.66847300 -0.14655822 -0.72915330
vn 0.74317995 -0.24872541 -0.62114349
vn 0.28424931 -0.34909094 -0.89293776
vn 0.45858898 -0.50230174 -0.73306828
vn 0.47169091 -0.38898902 -0.79132498
vn 0.56638086 -0.46644743 -0.67944059
vn -0.12648361 -0.43582480 -0.89109968
vn 0.90748459 -0.11441805 -0.40420320
vn -0.20740983 -0.40491268 -0.89052057
vn 0.22193564 -0.46434694 -0.85739518
vn 0.86408491 -0.11026331 -0.49112043
vn 0.94195284 -0.23649359 -0.23831832
vn 0.48272719 -0.43515345 -0.76001048
vn 0.04849712 -0.53322417 -0.84458275
vn 0.84453103 -0.27749192 -0.45800172
vn 0.21059482 -0.49260604 -0.84438683
vn 0.99540680 -0.05368186 -0.07926888
vn 0.18354764 -0.03699523 0.98231442
vn 0.64561257 0.18309658 0.74139062
vn 0.43056572 0.13835838 0.89189131
vn 0.65465529 -0.13197781 0.74431735
vn 0.64655847 0.13187230 0.75137996
vn 0.61045235 0.25964871 0.74828503
vn 0.64154300 0.21174738 0.73728259
vn 0.64726748 0.25831358 0.71716030
vn 0.65976760 0.24135797 0.71165515
vn 0.78903817 -0.45895317 -0.40838800
vn 0.85146891 0.10416952 0.51395467
vn 0.79755393 -0.20944893 0.56571978
vn 0.84558332 0.05218967 0.53128626
vn 0.24826268 0.44765820 0.85905051
vn 0.41161187 0.27171421 0.86991210
vn 0.24409358 0.35975482 0.90055249
vn 0.62377036 -0.31718911 0.71435398
vn 0.54342279 0.02747452 0.83900943
vn 0.52091608 -0.22140913 0.82439337
vn 0.43105375 0.25075368 0.86678443
vn 0.33074309 0.16628824 0.92895491
vn 0.29244272 0.28709986 0.91216826
vn 0.39460367 0.16972733 0.90303963
vn 0.26476603 0.27237287 0.92504701
vn 0.52714994 0.06668076 0.84715206
vn 0.39300598 0.03711534 0.91878657
vn 0.47705589 -0.09387862 0.87384465
vn 0.43234724 0.09372663 0.89682283
vn 0.44596217 -0.11240879 0.88796509
vn 0.30632732 0.07966888 0.94858655
vn 0.41830155 0.89320873 0.16493021
vn 0.72951620 0.43641823 0.52663578
vn 0.58286385 0.67073406 0.45867806
vn 0.50318441 0.86067355 0.07775915
vn 0.86446451 0.49731758 0.07332355
vn 0.75981171 0.46532205 0.45405016
vn 0.67091855 0.42578061 0.60710721
vn 0.71457171 0.42701568 0.55411630
vn 0.69663840 0.38908225 0.60275198
vn 0.71156043 0.38831284 0.58557228
vn 0.73184772 0.52880318 0.42984428
vn 0.71888026 0.62787456 0.29830304
vn 0.64353642 0.73884893 0.19990784
vn 0.57027197 0.81968095 0.05397231
vn 0.79544086 -0.36610532 -0.48295003
vn 0.89835901 0.19475708 0.39372678
vn 0.99131263 -0.11101689 0.07053025
vn 0.94984190 0.31137809 -0.02905268
vn 0.92003512 0.22937230 0.31768493
vn 0.84499092 0.15101094 0.51301660
vn 0.87028105 0.20130681 0.44954027
vn 0.81611245 0.20487053 0.54035964
vn 0.82503978 0.22154239 0.51983491
vn 0.27141309 0.54386607 0.79406841
vn 0.50671539 0.58562740 0.63267690
vn 0.30798068 0.62110004 0.72068207
vn 0.34813387 0.47135696 0.81032427
vn 0.84636009 0.49049883 -0.20757045
vn 0.73952007 0.59584370 0.31317783
vn 0.77919208 0.62158449 -0.08057557
vn 0.53247184 0.58589093 0.61090553
vn 0.48816408 0.71249369 0.50403232
vn 0.38874088 0.65196298 0.65101828
vn 0.54479270 0.66390533 0.51227984
vn 0.37070058 0.68133053 0.63116542
vn 0.58512459 0.27426130 0.76315788
vn 0.64319147 0.44061460 0.62622960
vn 0.48331915 0.36671479 0.79493576
vn 0.51349186 0.46331531 0.72226382
vn 0.70780228 0.60304694 0.36789988
vn 0.60745219 0.72654061 0.32115507
vn 0.72763245 0.67550558 0.11934496
vn 0.61725514 0.67294556 0.40760321
vn 0.70351753 0.70536865 0.08670725
vn 0.50561701 0.77442340 0.38028915
vn 0.59207215 0.67457560 -0.44090626
vn 0.81610015 0.42731908 0.38907448
vn 0.05927440 0.51717035 -0.85382749
vn 0.82643049 0.36223978 0.43103944
vn 0.75990173 0.55617141 -0.33648584
vn 0.79012222 0.36470256 0.49264482
vn 0.74359133 0.52588637 0.41293518
vn 0.81598978 0.56664930 0.11432077
vn 0.60095411 0.74630830 -0.28614345
vn 0.71311853 0.69776256 0.06774491
vn 0.79151656 0.59734661 0.12914551
vn 0.75886215 0.42650826 0.49215743
vn 0.66445363 0.63999662 -0.38588300
vn 0.76347513 0.35981264 0.53632136
vn 0.65672096 0.74486776 -0.11785418
vn 0.83246883 0.48432341 0.26912169
vn 0.64725536 0.70831428 -0.28169378
vn 0.74423054 -0.39665352 0.53738896
vn 0.92633614 -0.14173468 0.34901668
vn 0.83652492 -0.42146324 0.35013540
vn 0.72360441 -0.22647150 0.65200254
vn 0.90083436 0.31304434 -0.30083336
vn 0.99196701 0.10979226 0.06282607
vn 0.93211803 0.15457430 -0.32750994
vn 0.91153948 0.40740057 -0.05586188
vn 0.93754515 -0.11592729 0.32797858
vn 0.96671535 -0.25347460 0.03481465
vn 0.90812491 -0.33905406 0.24566540
vn 0.98102625 -0.15016964 0.12262373
vn 0.90564207 -0.38579421 0.17599790
vn 0.64358086 0.17873695 0.74421555
vn 0.84860398 0.12167914 0.51484510
vn 0.68727777 0.01994027 0.72612097
vn 0.69580823 0.27076268 0.66523565
vn 0.81296033 -0.02972797 0.58155976
vn 0.99222736 0.08416756 0.09165525
vn 0.98577162 -0.11402529 -0.12350118
vn 0.97479969 0.05833586 -0.21531951
vn 0.99743346 -0.06664865 0.02616196
vn 0.95862510 0.01504507 -0.28427376
vn 0.95021764 -0.26070344 -0.17064627
vn 0.73860132 0.43683324 0.51346354
vn 0.88237410 0.21314342 0.41950666
vn 0.84215867 0.44730498 0.30114287
vn 0.71899487 0.33246975 0.61033618
vn 0.92640185 0.30013874 0.22736831
vn 0.76858446 0.25762684 0.58558205
vn 0.52501898 0.24078692 -0.81631902
vn 0.38372552 0.07967445 -0.92000364
vn 0.35275746 0.08134062 -0.93217267
vn 0.54986710 0.28775254 -0.78412030
vn 0.93540713 0.14482838 -0.32254959
vn 0.66808741 0.15706924 -0.72731593
vn 0.29164978 -0.09275400 -0.95201738
vn 0.40259357 0.00645674 -0.91535607
vn 0.11721011 -0.07748655 -0.99007961
vn 0.44994730 0.16756858 -0.87719337
vn 0.78746194 0.45580712 -0.41490187
vn 0.81503674 0.31174107 -0.48839802
vn 0.34955969 0.25362047 -0.90193386
vn 0.36583161 0.17858600 -0.91338616
vn 0.99549560 -0.08575958 0.04042034
vn 0.96423977 0.10501899 0.24333654
vn 0.98265058 -0.03729215 0.18167867
vn 0.85472067 -0.25446453 -0.45243826
vn 0.96138112 0.10486077 -0.25446130
vn 0.41434454 -0.22831965 -0.88101574
vn 0.88421714 -0.24504775 -0.39763257
vn 0.55646706 -0.30322219 -0.77356365
vn 0.42044363 -0.45772714 -0.78339838
vn 0.94339598 -0.17882317 -0.27933187
vn 0.99725921 0.07398492 -0.00055260
vn 0.97782215 0.13438744 0.16063580
vn 0.90784429 -0.15630222 -0.38908657
vn 0.98339771 -0.04823925 -0.17493401
vn 0.87792659 0.05980897 -0.47504503
vn 0.44746579 -0.15081643 -0.88149235
vn 0.94153169 0.18676363 -0.28042366
vn 0.82064907 -0.03227321 -0.57052042
vn 0.81182223 -0.01264935 -0.58376765
vn 0.72760203 -0.01901008 -0.68573603
vn 0.40696200 -0.10251882 -0.90767385
vn 0.65130856 -0.01162923 -0.75872388
vn 0.45484912 -0.05528944 -0.88885058
vn 0.77575664 0.14644045 -0.61380520
vn 0.41973132 -0.02741884 -0.90723416
vn 0.20944537 -0.22539053 -0.95148923
vn 0.37957926 -0.34245606 -0.85944367
vn 0.49965450 -0.16401163 -0.85055604
vn 0.34839136 -0.29900533 -0.88838014
vn 0.17508613 -0.28397894 -0.94270929
vn 0.71188759 0.12522868 -0.69103823
vn 0.38324300 -0.13474148 -0.91376668
vn 0.72242671 0.13569177 -0.67800250
vn 0.52325038 0.01637494 -0.85202165
vn 0.74806845 0.06499120 -0.66043148
vn 0.49070808 0.00393137 -0.87131517
vn 0.80670039 0.35442082 0.47288515
vn 0.88819068 0.44150737 -0.12723424
vn 0.85057225 0.52543786 -0.02102146
vn 0.41348485 0.51762014 -0.74906587
vn 0.87323994 0.32121322 0.36643428
vn 0.91183734 0.37901814 -0.15779070
vn 0.95014277 0.28439944 -0.12785019
vn 0.55600996 0.42274040 -0.71564201
vn 0.85427182 0.37225417 0.36283121
vn 0.30289467 0.37570540 -0.87584260
vn 0.55387717 0.33276612 -0.76320822
vn 0.86785385 0.43225749 0.24491458
vn 0.83915831 0.40949716 0.35794610
vn 0.21422744 0.20515536 -0.95499627
vn 0.68346801 0.56157548 -0.46637373
vn 0.23996068 0.32837497 -0.91355829
vn 0.62136108 0.18359420 -0.76171096
vn 0.86941041 0.35673277 0.34185854
vn 0.40117015 0.07062737 -0.91327667
vn 0.57544500 0.25165193 -0.77816088
vn 0.92795261 0.33788150 0.15728969
vn 0.59479209 0.31503704 -0.73957693
vn 0.81948469 -0.35802288 -0.44750918
vn 0.57119160 -0.37586576 -0.72970205
vn 0.62059743 -0.41996631 -0.66218361
vn 0.56664094 -0.41268652 -0.71316750
vn 0.93788527 0.25900959 0.23083596
vn 0.84146450 -0.11095759 -0.52879667
vn 0.95430103 0.18460287 0.23501344
vn 0.42529659 -0.19044890 -0.88478926
vn 0.70594030 0.27344721 0.65335665
vn 0.88619155 -0.18029310 -0.42680081
vn 0.84247480 -0.29408577 -0.45138650
vn 0.99241742 -0.11731009 -0.03668784
vn 0.22351680 -0.44944616 -0.86489212
vn 0.46122860 -0.34210095 -0.81867888
vn 0.71820900 -0.25590121 -0.64706291
vn 0.51365006 -0.38840352 -0.76505315
vn 0.55181437 -0.28163223 -0.78497400
vn 0.76303720 -0.30607638 -0.56929033
vn 0.17484970 -0.34744467 -0.92125446
vn 0.99835158 0.02633822 0.05099423
vn 0.89672483 -0.05899049 -0.43863959
vn 0.81813488 -0.18136559 -0.54567558
vn 0.71028691 0.29286387 0.64009629
vn 0.71689368 0.27598419 0.64023135
vn 0.57636918 -0.17276691 -0.79871783
vn 0.70344342 -0.20976950 -0.67909066
vn 0.72238249 -0.04893075 -0.68976034
vn 0.43331334 -0.26462444 -0.86151811
vn 0.39536101 -0.26562252 -0.87928058
vn 0.73164651 -0.21215125 -0.64783118
vn 0.84758625 0.33434358 0.41208241
vn 0.86006272 0.22284729 -0.45894576
vn 0.83999663 0.30231473 0.45056793
vn 0.85196061 0.35719578 0.38285022
vn 0.84461376 0.02325829 -0.53487068
vn 0.91719180 0.29637850 0.26630618
vn 0.24380643 -0.18838419 -0.95135157
vn 0.57316794 0.02337253 -0.81910453
vn 0.89696457 0.23634750 0.37362336
vn 0.80246271 0.08512839 -0.59059864
vn 0.82686196 0.28213897 0.48651505
vn 0.90262804 -0.01341713 -0.43021228
vn 0.95234594 0.27271411 0.13661708
vn 0.80811300 0.49442562 -0.32015103
vn 0.87212314 0.29473562 -0.39055364
vn 0.83776433 0.45247586 -0.30564118
vn 0.87612916 0.39544293 0.27572192
vn 0.87221685 0.34815802 -0.34354586
vn 0.98126019 0.15321046 0.11685455
vn 0.97338327 0.21778222 -0.07138573
vn 0.88953885 0.01214885 -0.45669798
vn 0.97497316 0.05421367 -0.21561125
vn 0.97377078 0.18900311 -0.12668185
vn 0.83554319 0.01138518 -0.54930679
vn 0.23792328 0.10687492 -0.96538607
vn 0.90271621 0.32478899 0.28216227
vn 0.31395389 0.03294260 -0.94886655
vn 0.82372421 0.39289685 -0.40879150
vn 0.82397128 0.19168136 -0.53322564
vn 0.89822334 0.36431453 0.24590600
vn 0.17658807 -0.59969251 -0.78050339
vn 0.61958402 -0.65232585 -0.43656228
vn -0.34627665 -0.48247492 -0.80455605
vn 0.64402032 -0.56500800 -0.51575555
vn -0.17877257 -0.67636268 -0.71454454
vn 0.42580259 -0.76213012 -0.48769851
vn 0.72382417 -0.61603364 -0.31077503
vn 0.07459480 -0.67296781 -0.73590077
vn 0.25667965 -0.63763425 -0.72631820
vn -0.24372394 -0.55476032 -0.79551218
vn 0.59256158 -0.53557179 -0.60169230
vn 0.23049449 -0.64797298 -0.72594994
vn -0.12927897 -0.52632365 -0.84039893
vn 0.46675296 -0.64061481 -0.60971661
vn 0.20790117 -0.97326762 -0.09760757
vn 0.49617284 -0.68468038 0.53387761
vn 0.27949530 -0.81696641 -0.50442865
vn 0.66033410 -0.63252934 0.40480306
vn 0.05987903 -0.79585107 -0.60252434
vn 0.20600313 -0.82135989 -0.53191226
vn -0.21710171 -0.65861280 -0.72048319
vn 0.37950166 -0.87784267 -0.29218271
vn -0.38303596 -0.59891706 -0.70326510
vn 0.56972342 -0.79699627 -0.20052972
vn 0.21780371 -0.72055726 -0.65829992
vn 0.71644130 -0.69040982 -0.10023050
vn -0.44585069 -0.49766162 -0.74400946
vn 0.53586836 -0.73587982 -0.41391543
vn -0.15682665 -0.67180316 -0.72393778
vn 0.35627588 -0.75110557 -0.55579485
vn -0.02429962 -0.70841902 -0.70537368
vn 0.54701409 -0.77067953 -0.32684651
vn -0.34794739 -0.54445223 -0.76321975
vn -0.01168232 -0.75092683 -0.66028208
vn 0.28040817 -0.77229998 -0.57002105
vn 0.45934172 -0.54138613 -0.70420611
vn 0.44524235 -0.70421227 -0.55303194
vn 0.55763322 -0.59170939 -0.58217282
vn 0.54903515 -0.80011211 -0.24162163
vn 0.67427271 -0.66007156 -0.33115232
vn 0.23432527 -0.72105470 -0.65205198
vn 0.91708664 -0.38728982 -0.09465037
vn 0.45889313 -0.57625124 -0.67627776
vn 0.04601339 -0.55741629 -0.82895708
vn 0.80451517 -0.53282574 -0.26239678
vn 0.19806768 -0.60932477 -0.76778416
vn -0.16437221 -0.60526852 -0.77886571
vn 0.84320869 -0.53750026 0.00962156
vn -0.26202814 -0.59896872 -0.75668866
vn 0.20174895 -0.61489357 -0.76236688
vn 0.78279252 -0.62080481 -0.04286327
vn 0.93879041 -0.26631870 0.21851067
vn 0.45272476 0.12725800 0.88252235
vn 0.60604818 0.13320863 0.78419453
vn 0.52330095 0.16459305 0.83610122
vn 0.24121895 -0.08346627 0.96687476
vn 0.45363074 -0.27755202 0.84686718
vn -0.10738623 -0.62594871 0.77243538
vn 0.11607396 -0.09744876 0.98844857
vn -0.07844897 -0.38812767 0.91826068
vn -0.19051106 -0.26577205 0.94502421
vn 0.28181552 -0.04566017 0.95838153
vn 0.52881775 0.02608381 0.84833450
vn 0.60666147 0.09931984 0.78873154
vn 0.30740526 -0.10785990 0.94544606
vn 0.41607520 -0.02585679 0.90896252
vn 0.24149517 -0.87905791 0.41101981
vn 0.09661326 -0.88542693 0.45462625
vn 0.42541390 -0.41530986 0.80407757
vn 0.29226813 -0.77379469 0.56197964
vn 0.17128420 -0.05213672 0.98384119
vn -0.12783493 -0.31683104 0.93982782
vn -0.11277452 -0.19231583 0.97483154
vn 0.71792516 0.10868102 0.68758411
vn 0.09384312 -0.42300315 0.90125568
vn 0.69832360 0.13462745 0.70300754
vn 0.74792827 0.30023299 0.59199953
vn 0.11953799 -0.24119667 0.96308610
vn 0.02886181 -0.15144882 0.98804365
vn 0.47465219 0.09167679 0.87538601
vn -0.29843149 -0.40535430 0.86407554
vn -0.31609578 -0.58409144 0.74760996
vn 0.58162196 0.09120075 0.80833057
vn 0.19341171 -0.35131242 0.91606304
vn 0.06135695 -0.28549061 0.95641541
vn 0.76307675 0.29499437 0.57505843
vn 0.75337207 0.29383862 0.58829363
vn 0.73543572 0.12009633 0.66686668
vn 0.51050434 -0.40845266 0.75667149
vn 0.71969464 0.16262759 0.67497547
vn 0.22149820 -0.58390967 0.78101732
vn 0.70489527 0.06814419 0.70603047
vn -0.18612997 -0.77568475 0.60304959
vn 0.67021423 0.15553768 0.72568652
vn 0.39958337 -0.40559535 0.82208609
vn 0.71095361 0.19374982 0.67602217
vn 0.37705871 -0.22438244 0.89859849
vn 0.66586647 0.00182180 0.74606871
vn 0.62155303 0.07730136 0.77954880
vn 0.60309893 -0.10111039 0.79123218
vn 0.30834451 -0.41095739 0.85792639
vn 0.46161138 -0.11274751 0.87988802
vn 0.59751016 -0.10112413 0.79545931
vn 0.36363639 -0.31563878 0.87643639
vn -0.59211128 -0.42467916 0.68487360
vn 0.08837094 -0.20902055 0.97391015
vn 0.08402006 -0.08570508 0.99277151
vn -0.88865943 -0.45850367 0.00766831
vn -0.68002758 -0.69161789 0.24336635
vn -0.22547951 -0.49740068 0.83770613
vn -0.38183116 -0.34380192 0.85790746
vn -0.52069379 -0.47939718 0.70643919
vn -0.76374168 -0.43224861 0.47943694
vn -0.27350266 -0.31510737 0.90879241
vn 0.22072628 -0.14866983 0.96393837
vn -0.60784094 -0.55272281 0.57011129
vn -0.54649283 -0.48287411 0.68423548
vn -0.81838899 -0.52053643 0.24347751
vn 0.00661290 -0.96398980 0.26585698
vn 0.53300270 -0.63183025 0.56275986
vn 0.01361765 -0.94054823 0.33938709
vn -0.36280904 -0.74942492 0.55383381
vn 0.46571639 -0.41671787 0.78067564
vn 0.06362776 -0.84417485 0.53227843
vn -0.20214173 -0.88719497 0.41475752
vn 0.34316359 -0.76313799 0.54759398
vn -0.26902544 -0.93736254 0.22130700
vn -0.13687152 -0.17698415 0.97465009
vn -0.21562417 -0.42405270 0.87959396
vn -0.05649066 -0.15209799 0.98674972
vn -0.07606627 -0.25487848 0.96397660
vn -0.11171854 -0.67567464 0.72868563
vn -0.07635362 -0.46526145 0.88187409
vn -0.47555339 -0.64000100 0.60352937
vn 0.32950454 0.01446358 0.94404320
vn -0.34110624 -0.37877655 0.86033416
vn -0.51571760 -0.37736633 0.76917489
vn 0.09405569 -0.16069290 0.98251276
vn -0.46042952 -0.40878060 0.78797404
vn 0.22533512 -0.18463807 0.95662577
vn 0.02413243 -0.28027521 0.95961629
vn 0.14051592 -0.19429370 0.97082709
vn -0.07997211 -0.31051774 0.94719755
vn -0.72276684 -0.59158531 0.35726028
vn 0.32518038 -0.13824073 0.93549304
vn -0.76529108 -0.62582087 0.15059149
vn -0.57476913 -0.48870407 0.65636025
vn 0.23827720 -0.25376775 0.93745715
vn 0.48266905 0.02516331 0.87544126
vn -0.33700152 -0.60462284 0.72170714
vn -0.43086493 -0.70827351 0.55919948
vn -0.71852038 -0.63639751 0.28058274
vn -0.09296240 -0.67734055 0.72977241
vn -0.76399791 -0.63046629 -0.13718402
vn 0.20221078 -0.35473247 0.91283935
vn -0.51767818 -0.58563073 0.62373548
vn 0.29005271 -0.25319260 0.92291003
vn -0.83715898 -0.50167229 -0.21792146
vn -0.00431037 -0.34855252 0.93727934
vn -0.70112449 -0.64691656 0.29987234
vn -0.32140653 -0.55328513 0.76848774
vn -0.61743339 -0.66526115 0.41976613
vn 0.07632768 -0.38331212 0.92045962
vn -0.83181817 -0.55393941 -0.03506658
vn -0.56755271 -0.69741773 0.43759849
vn -0.40169645 -0.63900867 0.65597857
vn 0.15369150 -0.62250323 0.76737778
vn 0.21011458 -0.58557404 0.78291437
vn -0.05705238 -0.77906254 0.62434493
vn -0.09033090 -0.65060657 0.75402348
vn 0.44160568 -0.29826977 0.84617939
vn -0.10660927 -0.74596266 0.65739956
vn 0.60021352 -0.15114328 0.78542946
vn 0.23682548 -0.41117752 0.88025379
vn 0.30009659 -0.70257156 0.64524045
vn -0.02650935 -0.72118317 0.69223702
vn 0.42727178 -0.50773224 0.74809545
vn 0.14111534 -0.76961613 0.62271782
vn 0.42981461 -0.39494613 0.81195872
vn 0.04182258 -0.42666901 0.90344033
vn 0.01939841 -0.55467633 0.83184005
vn -0.13300249 -0.57475710 0.80744326
vn 0.09036468 -0.38888228 0.91684503
vn 0.28402298 -0.40381936 0.86963261
vn 0.03703725 -0.79564563 0.60462904
vn 0.14752037 -0.65090437 0.74468869
vn 0.34258547 -0.63776129 0.68985197
vn -0.02872582 -0.85659447 0.51519001
vn -0.32441969 -0.79538897 0.51196509
vn 0.23017620 -0.65613471 0.71868363
vn -0.28961067 -0.57331995 0.76643976
vn 0.12675684 -0.47473477 0.87095327
vn -0.29485354 -0.62922116 0.71912594
vn -0.00288658 -0.41190974 0.91122008
vn -0.35949296 -0.73655499 0.57293241
vn -0.04463454 -0.50362698 0.86276742
vn -0.43385869 -0.84297277 -0.31806217
vn -0.52552494 -0.75337569 -0.39528294
vn -0.52436775 -0.70182770 -0.48215801
vn -0.57253008 -0.71370223 -0.40353244
vn -0.62161838 -0.58401598 -0.52203058
vn -0.16929679 -0.98451252 -0.04553775
vn -0.48805797 -0.65749796 -0.57401730
vn -0.50912842 -0.72252423 -0.46770395
vn -0.55456592 -0.62086434 -0.55406147
vn -0.52895682 -0.69851519 -0.48195562
vn -0.66961020 -0.67727538 -0.30482822
vn -0.57391324 -0.73115079 -0.36883887
vn -0.65265332 -0.63027877 -0.42046680
vn -0.59464064 -0.70547321 -0.38562944
vn 0.56160374 -0.58378929 0.58633720
vn -0.48081272 -0.77982532 -0.40086357
vn 0.69729318 -0.15422077 0.69999869
vn 0.73946863 -0.15398966 0.65534215
vn 0.15909560 -0.95132960 0.26393292
vn 0.04709098 -0.98506541 0.16561574
vn 0.38760823 -0.90861552 0.15549181
vn -0.09616525 -0.97104311 -0.21869507
vn 0.59071309 -0.52961095 0.60874485
vn 0.12714740 -0.98705568 -0.09774779
vn 0.16252279 -0.85950055 0.48460823
vn -0.20918272 -0.97755876 0.02492900
vn 0.58046934 -0.47051991 0.66457983
vn -0.06698855 -0.97141281 0.22774916
vn -0.12690802 -0.75041104 -0.64867374
vn 0.03473976 -0.92180207 -0.38610115
vn -0.41089722 -0.62635449 -0.66245266
vn -0.07391602 -0.80905610 -0.58306487
vn -0.18417890 -0.95151265 -0.24637738
vn -0.42535271 -0.75704974 -0.49593423
vn -0.51113618 -0.73521771 -0.44519066
vn -0.40386180 -0.69765100 -0.59175902
vn -0.11431794 -0.89572197 -0.42966681
vn -0.40767028 -0.65906782 -0.63200835
vn -0.44508202 -0.70350229 -0.55406364
vn -0.31800732 -0.73496862 -0.59890939
vn 0.42828658 -0.88044922 -0.20342019
vn -0.44597895 -0.62391700 -0.64174010
vn -0.45908796 -0.55204981 -0.69604543
vn -0.23225137 -0.76102778 -0.60571942
vn -0.42845796 -0.81261469 -0.39507106
vn 0.04354937 -0.97716131 -0.20798853
vn -0.00192812 -0.99993052 -0.01162882
vn -0.51301995 -0.67906311 -0.52505602
vn -0.14462694 -0.95501283 -0.25890836
vn -0.40662508 -0.74989980 -0.52182980
vn -0.58770899 -0.72946781 0.34996409
vn -0.23359526 -0.79969907 0.55309551
vn -0.73882631 -0.64995977 -0.17801118
vn -0.49132505 -0.75522519 0.43386013
vn -0.32155007 -0.94677792 -0.01473520
vn -0.55369281 -0.79753641 -0.23949936
vn -0.53448414 -0.74465219 -0.39977471
vn -0.67309274 -0.72351753 -0.15319446
vn -0.40050932 -0.88572669 0.23469238
vn -0.70969602 -0.68671645 -0.15732796
vn -0.64028105 -0.72740025 -0.24683810
vn -0.62867016 -0.77691873 -0.03422172
vn -0.00721488 -0.62647722 0.77940634
vn -0.70941515 -0.66396323 -0.23639582
vn -0.78087811 -0.56644137 -0.26338858
vn -0.60012782 -0.78119838 0.17197584
vn -0.47852888 -0.82505013 -0.30050359
vn -0.14698694 -0.89294715 0.42548821
vn -0.08771104 -0.96780410 0.23592793
vn -0.61613393 -0.69352923 -0.37335799
vn -0.30870707 -0.94413890 0.11533295
vn -0.57930336 -0.78313208 -0.22607911
vn 0.13307213 -0.86552671 -0.48286160
vn 0.34765617 -0.92973479 -0.12136063
vn -0.27480007 -0.72675175 -0.62953699
vn 0.51989103 -0.84531157 -0.12313276
vn 0.54749847 -0.62199389 0.55979373
vn -0.45146458 -0.69818552 -0.55562282
vn -0.27594042 -0.87947107 -0.38779829
vn 0.30947707 -0.91838303 0.24656955
vn 0.19904175 -0.92548690 -0.32226755
vn 0.55384894 -0.79237041 0.25573518
vn -0.31241941 -0.73344478 -0.60369932
vn -0.35414753 -0.76751066 -0.53432847
vn 0.28805494 -0.95011758 -0.11958651
vn 0.22911003 -0.86857527 -0.43941506
vn -0.45572464 -0.63684930 -0.62188264
vn -0.35087358 -0.66712836 -0.65713581
vn 0.65049804 -0.74816697 0.13076117
vn 0.03727925 -0.88499912 -0.46409785
vn 0.49790111 -0.70060190 0.51112765
vn 0.07038950 -0.97813393 -0.19570217
vn -0.25397769 -0.91787814 -0.30495090
vn 0.16581348 -0.98306918 0.07797994
vn -0.51273724 -0.66692561 -0.54065770
vn 0.43564791 -0.85144575 0.29197779
vn -0.46714297 -0.64152088 -0.60846398
vn 0.05246371 -0.93895052 -0.34002865
vn -0.07456178 -0.96034018 -0.26867691
vn 0.13788105 -0.95275705 -0.27063411
vn 0.49575000 -0.80587639 0.32372084
vn 0.35459658 -0.93409022 -0.04167413
vn -0.35952331 -0.80856866 0.46578934
vn -0.02045064 -0.77660352 0.62965764
vn -0.62337395 -0.78187433 0.00880132
vn 0.15095605 -0.50057615 0.85242935
vn 0.53136103 -0.57734266 0.61994428
vn -0.60667849 -0.72403284 -0.32820369
vn -0.39116303 -0.90069672 -0.18904208
vn 0.18626190 -0.82896236 0.52737834
vn -0.22061287 -0.89361073 0.39088340
vn 0.36561363 -0.56046474 0.74310561
vn -0.61676597 -0.78303630 -0.08033610
vn -0.56361403 -0.80542038 -0.18340456
vn -0.04838049 -0.84247164 0.53656395
vn -0.32716322 -0.76561819 0.55388899
vn -0.69545969 -0.65988099 -0.28441676
vn -0.69897370 -0.71156244 -0.07151685
vn 0.35512271 -0.39341243 0.84800621
vn -0.38697258 -0.84681581 0.36490439
vn 0.48243203 -0.64345186 0.59433075
vn -0.17261212 -0.94340461 0.28318331
vn -0.34461252 -0.93090741 -0.12105208
vn 0.04631335 -0.94599681 0.32085061
vn -0.63076718 -0.68058662 -0.37273933
vn 0.31188561 -0.68436839 0.65906545
vn -0.66786165 -0.67488541 -0.31383197
vn -0.29826657 -0.90233878 0.31116197
vn -0.31086165 -0.93049139 0.19378032
vn -0.25319799 -0.86885389 0.42542179
vn 0.34370933 -0.61157947 0.71262504
vn 0.03453785 -0.75178183 0.65850681
vn 0.98490076 -0.13458387 0.10889294
vn 0.90374568 -0.02530654 0.42732110
vn 0.97016961 -0.06830276 0.23260624
vn 0.83729355 -0.46437322 -0.28861223
vn 0.83617229 -0.49092043 0.24456701
vn 0.36886406 -0.80626921 -0.46246001
vn 0.86671421 -0.41197728 -0.28121380
vn 0.54681797 -0.67675833 -0.49293840
vn 0.41578214 -0.60055024 -0.68298215
vn 0.91483540 -0.38541956 -0.12053195
vn 0.93458191 -0.19448895 0.29787699
vn 0.89381302 -0.06517108 0.44367896
vn 0.88235201 -0.45287600 -0.12789945
vn 0.94434311 -0.32072400 0.07315873
vn 0.31191347 -0.90110862 0.30118638
vn 0.30779248 -0.95072105 0.03732660
vn 0.19727003 -0.98034547 -0.00270163
vn 0.33521826 -0.86607868 0.37085906
vn 0.78214679 -0.56441354 0.26397681
vn 0.47241643 -0.85834156 0.20018115
vn 0.21376050 -0.91013964 -0.35489756
vn 0.34853254 -0.93122864 -0.10648139
vn 0.01481716 -0.94356284 -0.33086193
vn 0.33267131 -0.89594935 0.29428655
vn 0.57644995 -0.48582452 0.65702359
vn 0.65106499 -0.56062529 0.51167730
vn 0.16796009 -0.93614174 0.30891430
vn 0.21855490 -0.95602875 0.19555764
vn 0.81143341 -0.47907319 -0.33476067
vn 0.55561710 -0.61352386 -0.56114000
vn 0.61726626 -0.54132685 -0.57091821
vn 0.56085510 -0.57758460 -0.59315898
vn 0.79689086 -0.01346390 0.60397325
vn 0.76910624 -0.60663774 -0.20116224
vn 0.83400273 -0.03865325 0.55040474
vn 0.70826319 0.30321525 0.63751374
vn 0.83945575 -0.49726584 -0.21918195
vn 0.82527138 -0.43823151 -0.35620260
vn 0.96627593 -0.24485679 0.07972434
vn 0.20656664 -0.64463882 -0.73605096
vn 0.45454960 -0.75240092 -0.47673632
vn 0.70656272 -0.67138654 -0.22362744
vn 0.50533531 -0.64191028 -0.57670393
vn 0.74179365 -0.59475754 -0.30984778
vn 0.13716071 -0.74707897 -0.65043058
vn 0.93369274 -0.20389680 0.29435347
vn 0.81725419 -0.56785017 -0.09819255
vn 0.77894753 -0.54497539 -0.31022985
vn 0.69278441 0.30090406 0.65536746
vn 0.70579715 0.29496343 0.64408614
vn 0.75797861 0.11031358 0.64288361
vn 0.73930268 -0.55427626 0.38237334
vn 0.76971470 0.14293871 0.62217988
vn 0.74817275 0.08714011 0.65775690
vn 0.70377030 -0.71034359 -0.01092514
vn 0.78922879 0.01546357 0.61390455
vn 0.18628504 -0.87609857 -0.44468999
vn 0.82559360 0.09107204 0.55686721
vn 0.75028304 -0.63807422 0.17302214
vn 0.77277540 0.17307615 0.61062495
vn 0.85395065 -0.51749232 0.05449758
vn 0.82628540 -0.09006619 0.55600406
vn 0.56962518 -0.40445456 0.71550239
vn 0.71576195 -0.49612578 0.49147131
vn 0.61765286 -0.41735694 0.66657192
vn 0.69270040 -0.46527723 0.55107463
vn 0.86919254 -0.09405535 0.48544610
vn 0.84526176 -0.26475540 0.46415206
vn 0.78388236 -0.61978121 0.03741250
vn 0.90553642 -0.37463734 0.19912473
vn 0.83285257 -0.32493004 0.44808154
vn 0.79927504 -0.59780087 0.06159154
vn 0.74746733 -0.62212652 0.23291882
vn 0.37114330 -0.88050011 -0.29491051
vn 0.79118658 -0.35978426 0.49454937
vn 0.70368223 -0.71007257 0.02506510
vn 0.67871417 -0.72935452 -0.08595967
vn 0.62216343 -0.78245104 -0.02613506
vn 0.34911382 -0.88668856 -0.30315497
vn 0.40039552 -0.81395423 -0.42090610
vn 0.48947043 -0.86643887 -0.09850068
vn 0.38428969 -0.92049139 -0.07083108
vn 0.57411267 -0.77942070 0.25079475
vn 0.30441248 -0.94371575 -0.12935854
vn 0.15519585 -0.82810865 -0.53865603
vn 0.34672232 -0.74747758 -0.56662236
vn 0.47315419 -0.85078931 -0.22865404
vn 0.31365846 -0.73648487 -0.59933998
vn 0.53244693 -0.73697394 -0.41637686
vn 0.12270229 -0.79992096 -0.58742711
vn 0.55773323 -0.81157496 0.17401068
vn 0.35550659 -0.87173568 -0.33718240
vn 0.59281392 -0.74679485 0.30144504
vn 0.43380659 -0.90064898 -0.02536263
vn 0.66475893 -0.70715184 0.24089799
vn 0.42030171 -0.90671427 0.03486701
vn 0.65388683 -0.69718131 -0.29388813
vn 0.54594614 -0.77154954 -0.32657943
vn 0.36982409 -0.77310883 -0.51529882
vn 0.68637310 -0.67460858 -0.27165277
vn 0.65391019 -0.75641805 0.01527087
vn 0.42458093 -0.76132782 -0.49001122
vn 0.75539635 0.14608232 0.63877720
vn 0.67070034 -0.33308226 0.66273468
vn 0.63706153 -0.20973983 0.74172893
vn 0.11141292 -0.73875621 0.66470025
vn 0.74487226 0.10115441 0.65949458
vn 0.69376210 -0.38619318 0.60790540
vn 0.77140857 -0.36447243 0.52162118
vn 0.48755253 -0.87007398 -0.07255202
vn 0.24808142 -0.81909246 0.51724574
vn 0.74376288 0.09038967 0.66230392
vn 0.04909921 -0.88529500 0.46243057
vn 0.28825666 -0.86501987 0.41066863
vn 0.72192266 0.00071190 0.69197339
vn 0.71948986 0.05135652 0.69260151
vn 0.05038594 -0.97078894 0.23458495
vn 0.35549031 -0.62613175 0.69396374
vn 0.73734252 0.00263195 0.67551394
vn 0.03479479 -0.90191820 0.43050306
vn 0.42620742 -0.88074926 0.20646542
vn 0.75075599 0.07902334 0.65583592
vn 0.30209012 -0.95325914 -0.00621006
vn 0.35056579 -0.88668521 0.30148461
vn 0.77106384 -0.06589148 0.63333946
vn 0.33784078 -0.86489032 0.37125239
vn 0.77623545 0.01721629 0.63020800
vn 0.11434282 -0.99124004 0.06609765
vn 0.63666241 -0.72822765 0.25366409
vn 0.75660857 -0.01180153 0.65376157
vn 0.23097734 -0.97110356 -0.06006122
vn 0.56178998 -0.62338248 0.54386239
f 1//1 2103//2103 759//759
f 2103//2103 533//533 2105//2105
f 759//759 2105//2105 197//197
f 2103//2103 2105//2105 759//759
f 533//533 2104//2104 2112//2112
f 2104//2104 138//138 2110//2110
f 2112//2112 2110//2110 535//535
f 2104//2104 2110//2110 2112//2112
f 197//197 2111//2111 760//760
f 2111//2111 535//535 2109//2109
f 760//760 2109//2109 54//54
f 2111//2111 2109//2109 760//760
f 533//533 2112//2112 2105//2105
f 2112//2112 535//535 2111//2111
f 2105//2105 2111//2111 197//197
f 2112//2112 2111//2111 2105//2105
f 138//138 2108//2108 2132//2132
f 2108//2108 534//534 2134//2134
f 2132//2132 2134//2134 542//542
f 2108//2108 2134//2134 2132//2132
f 534//534 2107//2107 2126//2126
f 2107//2107 38//38 2124//2124
f 2126//2126 2124//2124 540//540
f 2107//2107 2124//2124 2126//2126
f 542//542 2136//2136 2133//2133
f 2136//2136 540//540 2125//2125
f 2133//2133 2125//2125 140//140
f 2136//2136 2125//2125 2133//2133
f 534//534 2126//2126 2134//2134
f 2126//2126 540//540 2136//2136
f 2134//2134 2136//2136 542//542
f 2126//2126 2136//2136 2134//2134
f 54//54 2127//2127 763//763
f 2127//2127 541//541 2129//2129
f 763//763 2129//2129 198//198
f 2127//2127 2129//2129 763//763
f 541//541 2128//2128 2131//2131
f 2128//2128 140//140 2122//2122
f 2131//2131 2122//2122 539//539
f 2128//2128 2122//2122 2131//2131
f 198//198 2123//2123 762//762
f 2123//2123 539//539 2121//2121
f 762//762 2121//2121 17//17
f 2123//2123 2121//2121 762//762
f 541//541 2131//2131 2129//2129
f 2131//2131 539//539 2123//2123
f 2129//2129 2123//2123 198//198
f 2131//2131 2123//2123 2129//2129
f 138//138 2132//2132 2110//2110
f 2132//2132 542//542 2135//2135
f 2110//2110 2135//2135 535//535
f 2132//2132 2135//2135 2110//2110
f 542//542 2133//2133 2137//2137
f 2133//2133 140//140 2128//2128
f 2137//2137 2128//2128 541//541
f 2133//2133 2128//2128 2137//2137
f 535//535 2130//2130 2109//2109
f 2130//2130 541//541 2127//2127
f 2109//2109 2127//2127 54//54
f 2130//2130 2127//2127 2109//2109
f 542//542 2137//2137 2135//2135
f 2137//2137 541//541 2130//2130
f 2135//2135 2130//2130 535//535
f 2137//2137 2130//2130 2135//2135
f 38//38 2119//2119 2371//2371
f 2119//2119 538//538 2373//2373
f 2371//2371 2373//2373 601//601
f 2119//2119 2373//2373 2371//2371
f 538//538 2120//2120 2381//2381
f 2120//2120 139//139 2379//2379
f 2381//2381 2379//2379 603//603
f 2120//2120 2379//2379 2381//2381
f 601//601 2383//2383 2372//2372
f 2383//2383 603//603 2380//2380
f 2372//2372 2380//2380 155//155
f 2383//2383 2380//2380 2372//2372
f 538//538 2381//2381 2373//2373
f 2381//2381 603//603 2383//2383
f 2373//2373 2383//2383 601//601
f 2381//2381 2383//2383 2373//2373
f 139//139 2118//2118 2319//2319
f 2118//2118 537//537 2321//2321
f 2319//2319 2321//2321 589//589
f 2118//2118 2321//2321 2319//2319
f 537//537 2117//2117 2315//2315
f 2117//2117 12//12 2313//2313
f 2315//2315 2313//2313 587//587
f 2117//2117 2313//2313 2315//2315
f 589//589 2322//2322 2320//2320
f 2322//2322 587//587 2314//2314
f 2320//2320 2314//2314 152//152
f 2322//2322 2314//2314 2320//2320
f 537//537 2315//2315 2321//2321
f 2315//2315 587//587 2322//2322
f 2321//2321 2322//2322 589//589
f 2315//2315 2322//2322 2321//2321
f 155//155 2390//2390 2376//2376
f 2390//2390 605//605 2393//2393
f 2376//2376 2393//2393 602//602
f 2390//2390 2393//2393 2376//2376
f 605//605 2389//2389 2391//2391
f 2389//2389 152//152 2318//2318
f 2391//2391 2318//2318 588//588
f 2389//2389 2318//2318 2391//2391
f 602//602 2377//2377 2375//2375
f 2377//2377 588//588 2317//2317
f 2375//2375 2317//2317 41//41
f 2377//2377 2317//2317 2375//2375
f 605//605 2391//2391 2393//2393
f 2391//2391 588//588 2377//2377
f 2393//2393 2377//2377 602//602
f 2391//2391 2377//2377 2393//2393
f 139//139 2319//2319 2379//2379
f 2319//2319 589//589 2382//2382
f 2379//2379 2382//2382 603//603
f 2319//2319 2382//2382 2379//2379
f 589//589 2320//2320 2392//2392
f 2320//2320 152//152 2389//2389
f 2392//2392 2389//2389 605//605
f 2320//2320 2389//2389 2392//2392
f 603//603 2394//2394 2380//2380
f 2394//2394 605//605 2390//2390
f 2380//2380 2390//2390 155//155
f 2394//2394 2390//2390 2380//2380
f 589//589 2392//2392 2382//2382
f 2392//2392 605//605 2394//2394
f 2382//2382 2394//2394 603//603
f 2392//2392 2394//2394 2382//2382
f 17//17 2327//2327 770//770
f 2327//2327 591//591 2329//2329
f 770//770 2329//2329 201//201
f 2327//2327 2329//2329 770//770
f 591//591 2328//2328 2338//2338
f 2328//2328 153//153 2335//2335
f 2338//2338 2335//2335 593//593
f 2328//2328 2335//2335 2338//2338
f 201//201 2336//2336 771//771
f 2336//2336 593//593 2334//2334
f 771//771 2334//2334 55//55
f 2336//2336 2334//2334 771//771
f 591//591 2338//2338 2329//2329
f 2338//2338 593//593 2336//2336
f 2329//2329 2336//2336 201//201
f 2338//2338 2336//2336 2329//2329
f 153//153 2332//2332 2344//2344
f 2332//2332 592//592 2347//2347
f 2344//2344 2347//2347 595//595
f 2332//2332 2347//2347 2344//2344
f 592//592 2331//2331 2333//2333
f 2331//2331 41//41 2303//2303
f 2333//2333 2303//2303 584//584
f 2331//2331 2303//2303 2333//2333
f 595//595 2345//2345 2343//2343
f 2345//2345 584//584 2304//2304
f 2343//2343 2304//2304 151//151
f 2345//2345 2304//2304 2343//2343
f 592//592 2333//2333 2347//2347
f 2333//2333 584//584 2345//2345
f 2347//2347 2345//2345 595//595
f 2333//2333 2345//2345 2347//2347
f 55//55 2305//2305 769//769
f 2305//2305 585//585 2307//2307
f 769//769 2307//2307 200//200
f 2305//2305 2307//2307 769//769
f 585//585 2306//2306 2308//2308
f 2306//2306 151//151 2300//2300
f 2308//2308 2300//2300 583//583
f 2306//2306 2300//2300 2308//2308
f 200//200 2301//2301 768//768
f 2301//2301 583//583 2299//2299
f 768//768 2299//2299 6//6
f 2301//2301 2299//2299 768//768
f 585//585 2308//2308 2307//2307
f 2308//2308 583//583 2301//2301
f 2307//2307 2301//2301 200//200
f 2308//2308 2301//2301 2307//2307
f 153//153 2344//2344 2335//2335
f 2344//2344 595//595 2348//2348
f 2335//2335 2348//2348 593//593
f 2344//2344 2348//2348 2335//2335
f 595//595 2343//2343 2346//2346
f 2343//2343 151//151 2306//2306
f 2346//2346 2306//2306 585//585
f 2343//2343 2306//2306 2346//2346
f 593//593 2337//2337 2334//2334
f 2337//2337 585//585 2305//2305
f 2334//2334 2305//2305 55//55
f 2337//2337 2305//2305 2334//2334
f 595//595 2346//2346 2348//2348
f 2346//2346 585//585 2337//2337
f 2348//2348 2337//2337 593//593
f 2346//2346 2337//2337 2348//2348
f 38//38 2371//2371 2124//2124
f 2371//2371 601//601 2374//2374
f 2124//2124 2374//2374 540//540
f 2371//2371 2374//2374 2124//2124
f 601//601 2372//2372 2388//2388
f 2372//2372 155//155 2385//2385
f 2388//2388 2385//2385 604//604
f 2372//2372 2385//2385 2388//2388
f 540//540 2386//2386 2125//2125
f 2386//2386 604//604 2384//2384
f 2125//2125 2384//2384 140//140
f 2386//2386 2384//2384 2125//2125
f 601//601 2388//2388 2374//2374
f 2388//2388 604//604 2386//2386
f 2374//2374 2386//2386 540//540
f 2388//2388 2386//2386 2374//2374
f 155//155 2376//2376 2396//2396
f 2376//2376 602//602 2399//2399
f 2396//2396 2399//2399 606//606
f 2376//2376 2399//2399 2396//2396
f 602//602 2375//2375 2378//2378
f 2375//2375 41//41 2331//2331
f 2378//2378 2331//2331 592//592
f 2375//2375 2331//2331 2378//2378
f 606//606 2397//2397 2395//2395
f 2397//2397 592//592 2332//2332
f 2395//2395 2332//2332 153//153
f 2397//2397 2332//2332 2395//2395
f 602//602 2378//2378 2399//2399
f 2378//2378 592//592 2397//2397
f 2399//2399 2397//2397 606//606
f 2378//2378 2397//2397 2399//2399
f 140//140 2339//2339 2122//2122
f 2339//2339 594//594 2341//2341
f 2122//2122 2341//2341 539//539
f 2339//2339 2341//2341 2122//2122
f 594//594 2340//2340 2342//2342
f 2340//2340 153//153 2328//2328
f 2342//2342 2328//2328 591//591
f 2340//2340 2328//2328 2342//2342
f 539//539 2330//2330 2121//2121
f 2330//2330 591//591 2327//2327
f 2121//2121 2327//2327 17//17
f 2330//2330 2327//2327 2121//2121
f 594//594 2342//2342 2341//2341
f 2342//2342 591//591 2330//2330
f 2341//2341 2330//2330 539//539
f 2342//2342 2330//2330 2341//2341
f 155//155 2396//2396 2385//2385
f 2396//2396 606//606 2400//2400
f 2385//2385 2400//2400 604//604
f 2396//2396 2400//2400 2385//2385
f 606//606 2395//2395 2398//2398
f 2395//2395 153//153 2340//2340
f 2398//2398 2340//2340 594//594
f 2395//2395 2340//2340 2398//2398
f 604//604 2387//2387 2384//2384
f 2387//2387 594//594 2339//2339
f 2384//2384 2339//2339 140//140
f 2387//2387 2339//2339 2384//2384
f 606//606 2398//2398 2400//2400
f 2398//2398 594//594 2387//2387
f 2400//2400 2387//2387 604//604
f 2398//2398 2387//2387 2400//2400
f 1//1 759//759 643//643
f 759//759 197//197 761//761
f 643//643 761//761 163//163
f 759//759 761//761 643//643
f 197//197 760//760 767//767
f 760//760 54//54 765//765
f 767//767 765//765 199//199
f 760//760 765//765 767//767
f 163//163 766//766 644//644
f 766//766 199//199 764//764
f 644//644 764//764 43//43
f 766//766 764//764 644//644
f 197//197 767//767 761//761
f 767//767 199//199 766//766
f 761//761 766//766 163//163
f 767//767 766//766 761//761
f 54//54 763//763 783//783
f 763//763 198//198 785//785
f 783//783 785//785 205//205
f 763//763 785//785 783//783
f 198//198 762//762 777//777
f 762//762 17//17 775//775
f 777//777 775//775 203//203
f 762//762 775//775 777//777
f 205//205 787//787 784//784
f 787//787 203//203 776//776
f 784//784 776//776 56//56
f 787//787 776//776 784//784
f 198//198 777//777 785//785
f 777//777 203//203 787//787
f 785//785 787//787 205//205
f 777//777 787//787 785//785
f 43//43 778//778 646//646
f 778//778 204//204 780//780
f 646//646 780//780 164//164
f 778//778 780//780 646//646
f 204//204 779//779 782//782
f 779//779 56//56 773//773
f 782//782 773//773 202//202
f 779//779 773//773 782//782
f 164//164 774//774 645//645
f 774//774 202//202 772//772
f 645//645 772//772 13//13
f 774//774 772//772 645//645
f 204//204 782//782 780//780
f 782//782 202//202 774//774
f 780//780 774//774 164//164
f 782//782 774//774 780//780
f 54//54 783//783 765//765
f 783//783 205//205 786//786
f 765//765 786//786 199//199
f 783//783 786//786 765//765
f 205//205 784//784 788//788
f 784//784 56//56 779//779
f 788//788 779//779 204//204
f 784//784 779//779 788//788
f 199//199 781//781 764//764
f 781//781 204//204 778//778
f 764//764 778//778 43//43
f 781//781 778//778 764//764
f 205//205 788//788 786//786
f 788//788 204//204 781//781
f 786//786 781//781 199//199
f 788//788 781//781 786//786
f 17//17 770//770 829//829
f 770//770 201//201 831//831
f 829//829 831//831 217//217
f 770//770 831//831 829//829
f 201//201 771//771 839//839
f 771//771 55//55 837//837
f 839//839 837//837 219//219
f 771//771 837//837 839//839
f 217//217 841//841 830//830
f 841//841 219//219 838//838
f 830//830 838//838 60//60
f 841//841 838//838 830//830
f 201//201 839//839 831//831
f 839//839 219//219 841//841
f 831//831 841//841 217//217
f 839//839 841//841 831//831
f 55//55 769//769 803//803
f 769//769 200//200 805//805
f 803//803 805//805 211//211
f 769//769 805//805 803//803
f 200//200 768//768 800//800
f 768//768 6//6 798//798
f 800//800 798//798 209//209
f 768//768 798//798 800//800
f 211//211 806//806 804//804
f 806//806 209//209 799//799
f 804//804 799//799 58//58
f 806//806 799//799 804//804
f 200//200 800//800 805//805
f 800//800 209//209 806//806
f 805//805 806//806 211//211
f 800//800 806//806 805//805
f 60//60 848//848 834//834
f 848//848 221//221 851//851
f 834//834 851//851 218//218
f 848//848 851//851 834//834
f 221//221 847//847 849//849
f 847//847 58//58 802//802
f 849//849 802//802 210//210
f 847//847 802//802 849//849
f 218//218 835//835 833//833
f 835//835 210//210 801//801
f 833//833 801//801 18//18
f 835//835 801//801 833//833
f 221//221 849//849 851//851
f 849//849 210//210 835//835
f 851//851 835//835 218//218
f 849//849 835//835 851//851
f 55//55 803//803 837//837
f 803//803 211//211 840//840
f 837//837 840//840 219//219
f 803//803 840//840 837//837
f 211//211 804//804 850//850
f 804//804 58//58 847//847
f 850//850 847//847 221//221
f 804//804 847//847 850//850
f 219//219 852//852 838//838
f 852//852 221//221 848//848
f 838//838 848//848 60//60
f 852//852 848//848 838//838
f 211//211 850//850 840//840
f 850//850 221//221 852//852
f 840//840 852//852 219//219
f 850//850 852//852 840//840
f 13//13 807//807 649//649
f 807//807 212//212 809//809
f 649//649 809//809 166//166
f 807//807 809//809 649//649
f 212//212 808//808 818//818
f 808//808 59//59 815//815
f 818//818 815//815 214//214
f 808//808 815//815 818//818
f 166//166 816//816 650//650
f 816//816 214//214 814//814
f 650//650 814//814 44//44
f 816//816 814//814 650//650
f 212//212 818//818 809//809
f 818//818 214//214 816//816
f 809//809 816//816 166//166
f 818//818 816//816 809//809
f 59//59 812//812 824//824
f 812//812 213//213 827//827
f 824//824 827//827 216//216
f 812//812 827//827 824//824
f 213//213 811//811 813//813
f 811//811 18//18 792//792
f 813//813 792//792 207//207
f 811//811 792//792 813//813
f 216//216 825//825 823//823
f 825//825 207//207 793//793
f 823//823 793//793 57//57
f 825//825 793//793 823//823
f 213//213 813//813 827//827
f 813//813 207//207 825//825
f 827//827 825//825 216//216
f 813//813 825//825 827//827
f 44//44 794//794 648//648
f 794//794 208//208 796//796
f 648//648 796//796 165//165
f 794//794 796//796 648//648
f 208//208 795//795 797//797
f 795//795 57//57 790//790
f 797//797 790//790 206//206
f 795//795 790//790 797//797
f 165//165 791//791 647//647
f 791//791 206//206 789//789
f 647//647 789//789 2//2
f 791//791 789//789 647//647
f 208//208 797//797 796//796
f 797//797 206//206 791//791
f 796//796 791//791 165//165
f 797//797 791//791 796//796
f 59//59 824//824 815//815
f 824//824 216//216 828//828
f 815//815 828//828 214//214
f 824//824 828//828 815//815
f 216//216 823//823 826//826
f 823//823 57//57 795//795
f 826//826 795//795 208//208
f 823//823 795//795 826//826
f 214//214 817//817 814//814
f 817//817 208//208 794//794
f 814//814 794//794 44//44
f 817//817 794//794 814//814
f 216//216 826//826 828//828
f 826//826 208//208 817//817
f 828//828 817//817 214//214
f 826//826 817//817 828//828
f 17//17 829//829 775//775
f 829//829 217//217 832//832
f 775//775 832//832 203//203
f 829//829 832//832 775//775
f 217//217 830//830 846//846
f 830//830 60//60 843//843
f 846//846 843//843 220//220
f 830//830 843//843 846//846
f 203//203 844//844 776//776
f 844//844 220//220 842//842
f 776//776 842//842 56//56
f 844//844 842//842 776//776
f 217//217 846//846 832//832
f 846//846 220//220 844//844
f 832//832 844//844 203//203
f 846//846 844//844 832//832
f 60//60 834//834 854//854
f 834//834 218//218 857//857
f 854//854 857//857 222//222
f 834//834 857//857 854//854
f 218//218 833//833 836//836
f 833//833 18//18 811//811
f 836//836 811//811 213//213
f 833//833 811//811 836//836
f 222//222 855//855 853//853
f 855//855 213//213 812//812
f 853//853 812//812 59//59
f 855//855 812//812 853//853
f 218//218 836//836 857//857
f 836//836 213//213 855//855
f 857//857 855//855 222//222
f 836//836 855//855 857//857
f 56//56 819//819 773//773
f 819//819 215//215 821//821
f 773//773 821//821 202//202
f 819//819 821//821 773//773
f 215//215 820//820 822//822
f 820//820 59//59 808//808
f 822//822 808//808 212//212
f 820//820 808//808 822//822
f 202//202 810//810 772//772
f 810//810 212//212 807//807
f 772//772 807//807 13//13
f 810//810 807//807 772//772
f 215//215 822//822 821//821
f 822//822 212//212 810//810
f 821//821 810//810 202//202
f 822//822 810//810 821//821
f 60//60 854//854 843//843
f 854//854 222//222 858//858
f 843//843 858//858 220//220
f 854//854 858//858 843//843
f 222//222 853//853 856//856
f 853//853 59//59 820//820
f 856//856 820//820 215//215
f 853//853 820//820 856//856
f 220//220 845//845 842//842
f 845//845 215//215 819//819
f 842//842 819//819 56//56
f 845//845 819//819 842//842
f 222//222 856//856 858//858
f 856//856 215//215 845//845
f 858//858 845//845 220//220
f 856//856 845//845 858//858
f 1//1 643//643 967//967
f 643//643 163//163 969//969
f 967//967 969//969 253//253
f 643//643 969//969 967//967
f 163//163 644//644 974//974
f 644//644 43//43 972//972
f 974//974 972//972 255//255
f 644//644 972//972 974//974
f 253//253 975//975 968//968
f 975//975 255//255 973//973
f 968//968 973//973 70//70
f 975//975 973//973 968//968
f 163//163 974//974 969//969
f 974//974 255//255 975//975
f 969//969 975//975 253//253
f 974//974 975//975 969//969
f 43//43 646//646 986//986
f 646//646 164//164 988//988
f 986//986 988//988 260//260
f 646//646 988//988 986//986
f 164//164 645//645 982//982
f 645//645 13//13 980//980
f 982//982 980//980 258//258
f 645//645 980//980 982//982
f 260//260 990//990 987//987
f 990//990 258//258 981//981
f 987//987 981//981 72//72
f 990//990 981//981 987//987
f 164//164 982//982 988//988
f 982//982 258//258 990//990
f 988//988 990//990 260//260
f 982//982 990//990 988//988
f 70//70 991//991 971//971
f 991//991 261//261 993//993
f 971//971 993//993 254//254
f 991//991 993//993 971//971
f 261//261 992//992 995//995
f 992//992 72//72 984//984
f 995//995 984//984 259//259
f 992//992 984//984 995//995
f 254//254 985//985 970//970
f 985//985 259//259 983//983
f 970//970 983//983 22//22
f 985//985 983//983 970//970
f 261//261 995//995 993//993
f 995//995 259//259 985//985
f 993//993 985//985 254//254
f 995//995 985//985 993//993
f 43//43 986//986 972//972
f 986//986 260//260 989//989
f 972//972 989//989 255//255
f 986//986 989//989 972//972
f 260//260 987//987 996//996
f 987//987 72//72 992//992
f 996//996 992//992 261//261
f 987//987 992//992 996//996
f 255//255 994//994 973//973
f 994//994 261//261 991//991
f 973//973 991//991 70//70
f 994//994 991//991 973//973
f 260//260 996//996 989//989
f 996//996 261//261 994//994
f 989//989 994//994 255//255
f 996//996 994//994 989//989
f 13//13 649//649 1015//1015
f 649//649 166//166 1017//1017
f 1015//1015 1017//1017 268//268
f 649//649 1017//1017 1015//1015
f 166//166 650//650 1024//1024
f 650//650 44//44 1022//1022
f 1024//1024 1022//1022 270//270
f 650//650 1022//1022 1024//1024
f 268//268 1026//1026 1016//1016
f 1026//1026 270//270 1023//1023
f 1016//1016 1023//1023 75//75
f 1026//1026 1023//1023 1016//1016
f 166//166 1024//1024 1017//1017
f 1024//1024 270//270 1026//1026
f 1017//1017 1026//1026 268//268
f 1024//1024 1026//1026 1017//1017
f 44//44 648//648 1002//1002
f 648//648 165//165 1004//1004
f 1002//1002 1004//1004 264//264
f 648//648 1004//1004 1002//1002
f 165//165 647//647 999//999
f 647//647 2//2 997//997
f 999//999 997//997 262//262
f 647//647 997//997 999//999
f 264//264 1005//1005 1003//1003
f 1005//1005 262//262 998//998
f 1003//1003 998//998 73//73
f 1005//1005 998//998 1003//1003
f 165//165 999//999 1004//1004
f 999//999 262//262 1005//1005
f 1004//1004 1005//1005 264//264
f 999//999 1005//1005 1004//1004
f 75//75 1032//1032 1020//1020
f 1032//1032 272//272 1035//1035
f 1020//1020 1035//1035 269//269
f 1032//1032 1035//1035 1020//1020
f 272//272 1031//1031 1033//1033
f 1031//1031 73//73 1001//1001
f 1033//1033 1001//1001 263//263
f 1031//1031 1001//1001 1033//1033
f 269//269 1021//1021 1019//1019
f 1021//1021 263//263 1000//1000
f 1019//1019 1000//1000 23//23
f 1021//1021 1000//1000 1019//1019
f 272//272 1033//1033 1035//1035
f 1033//1033 263//263 1021//1021
f 1035//1035 1021//1021 269//269
f 1033//1033 1021//1021 1035//1035
f 44//44 1002//1002 1022//1022
f 1002//1002 264//264 1025//1025
f 1022//1022 1025//1025 270//270
f 1002//1002 1025//1025 1022//1022
f 264//264 1003//1003 1034//1034
f 1003//1003 73//73 1031//1031
f 1034//1034 1031//1031 272//272
f 1003//1003 1031//1031 1034//1034
f 270//270 1036//1036 1023//1023
f 1036//1036 272//272 1032//1032
f 1023//1023 1032//1032 75//75
f 1036//1036 1032//1032 1023//1023
f 264//264 1034//1034 1025//1025
f 1034//1034 272//272 1036//1036
f 1025//1025 1036//1036 270//270
f 1034//1034 1036//1036 1025//1025
f 22//22 1037//1037 978//978
f 1037//1037 273//273 1039//1039
f 978//978 1039//1039 257//257
f 1037//1037 1039//1039 978//978
f 273//273 1038//1038 1049//1049
f 1038//1038 76//76 1046//1046
f 1049//1049 1046//1046 275//275
f 1038//1038 1046//1046 1049//1049
f 257//257 1047//1047 979//979
f 1047//1047 275//275 1045//1045
f 979//979 1045//1045 71//71
f 1047//1047 1045//1045 979//979
f 273//273 1049//1049 1039//1039
f 1049//1049 275//275 1047//1047
f 1039//1039 1047//1047 257//257
f 1049//1049 1047//1047 1039//1039
f 76//76 1042//1042 1056//1056
f 1042//1042 274//274 1059//1059
f 1056//1056 1059//1059 277//277
f 1042//1042 1059//1059 1056//1056
f 274//274 1041//1041 1043//1043
f 1041//1041 23//23 1009//1009
f 1043//1043 1009//1009 266//266
f 1041//1041 1009//1009 1043//1043
f 277//277 1057//1057 1055//1055
f 1057//1057 266//266 1010//1010
f 1055//1055 1010//1010 74//74
f 1057//1057 1010//1010 1055//1055
f 274//274 1043//1043 1059//1059
f 1043//1043 266//266 1057//1057
f 1059//1059 1057//1057 277//277
f 1043//1043 1057//1057 1059//1059
f 71//71 1011//1011 977//977
f 1011//1011 267//267 1013//1013
f 977//977 1013//1013 256//256
f 1011//1011 1013//1013 977//977
f 267//267 1012//1012 1014//1014
f 1012//1012 74//74 1007//1007
f 1014//1014 1007//1007 265//265
f 1012//1012 1007//1007 1014//1014
f 256//256 1008//1008 976//976
f 1008//1008 265//265 1006//1006
f 976//976 1006//1006 8//8
f 1008//1008 1006//1006 976//976
f 267//267 1014//1014 1013//1013
f 1014//1014 265//265 1008//1008
f 1013//1013 1008//1008 256//256
f 1014//1014 1008//1008 1013//1013
f 76//76 1056//1056 1046//1046
f 1056//1056 277//277 1060//1060
f 1046//1046 1060//1060 275//275
f 1056//1056 1060//1060 1046//1046
f 277//277 1055//1055 1058//1058
f 1055//1055 74//74 1012//1012
f 1058//1058 1012//1012 267//267
f 1055//1055 1012//1012 1058//1058
f 275//275 1048//1048 1045//1045
f 1048//1048 267//267 1011//1011
f 1045//1045 1011//1011 71//71
f 1048//1048 1011//1011 1045//1045
f 277//277 1058//1058 1060//1060
f 1058//1058 267//267 1048//1048
f 1060//1060 1048//1048 275//275
f 1058//1058 1048//1048 1060//1060
f 13//13 1015//1015 980//980
f 1015//1015 268//268 1018//1018
f 980//980 1018//1018 258//258
f 1015//1015 1018//1018 980//980
f 268//268 1016//1016 1030//1030
f 1016//1016 75//75 1028//1028
f 1030//1030 1028//1028 271//271
f 1016//1016 1028//1028 1030//1030
f 258//258 1029//1029 981//981
f 1029//1029 271//271 1027//1027
f 981//981 1027//1027 72//72
f 1029//1029 1027//1027 981//981
f 268//268 1030//1030 1018//1018
f 1030//1030 271//271 1029//1029
f 1018//1018 1029//1029 258//258
f 1030//1030 1029//1029 1018//1018
f 75//75 1020//1020 1061//1061
f 1020//1020 269//269 1063//1063
f 1061//1061 1063//1063 278//278
f 1020//1020 1063//1063 1061//1061
f 269//269 1019//1019 1044//1044
f 1019//1019 23//23 1041//1041
f 1044//1044 1041//1041 274//274
f 1019//1019 1041//1041 1044//1044
f 278//278 1065//1065 1062//1062
f 1065//1065 274//274 1042//1042
f 1062//1062 1042//1042 76//76
f 1065//1065 1042//1042 1062//1062
f 269//269 1044//1044 1063//1063
f 1044//1044 274//274 1065//1065
f 1063//1063 1065//1065 278//278
f 1044//1044 1065//1065 1063//1063
f 72//72 1050//1050 984//984
f 1050//1050 276//276 1052//1052
f 984//984 1052//1052 259//259
f 1050//1050 1052//1052 984//984
f 276//276 1051//1051 1054//1054
f 1051//1051 76//76 1038//1038
f 1054//1054 1038//1038 273//273
f 1051//1051 1038//1038 1054//1054
f 259//259 1040//1040 983//983
f 1040//1040 273//273 1037//1037
f 983//983 1037//1037 22//22
f 1040//1040 1037//1037 983//983
f 276//276 1054//1054 1052//1052
f 1054//1054 273//273 1040//1040
f 1052//1052 1040//1040 259//259
f 1054//1054 1040//1040 1052//1052
f 75//75 1061//1061 1028//1028
f 1061//1061 278//278 1064//1064
f 1028//1028 1064//1064 271//271
f 1061//1061 1064//1064 1028//1028
f 278//278 1062//1062 1066//1066
f 1062//1062 76//76 1051//1051
f 1066//1066 1051//1051 276//276
f 1062//1062 1051//1051 1066//1066
f 271//271 1053//1053 1027//1027
f 1053//1053 276//276 1050//1050
f 1027//1027 1050//1050 72//72
f 1053//1053 1050//1050 1027//1027
f 278//278 1066//1066 1064//1064
f 1066//1066 276//276 1053//1053
f 1064//1064 1053//1053 271//271
f 1066//1066 1053//1053 1064//1064
f 1//1 967//967 1819//1819
f 967//967 253//253 1821//1821
f 1819//1819 1821//1821 463//463
f 967//967 1821//1821 1819//1819
f 253//253 968//968 1826//1826
f 968//968 70//70 1824//1824
f 1826//1826 1824//1824 465//465
f 968//968 1824//1824 1826//1826
f 463//463 1827//1827 1820//1820
f 1827//1827 465//465 1825//1825
f 1820//1820 1825//1825 121//121
f 1827//1827 1825//1825 1820//1820
f 253//253 1826//1826 1821//1821
f 1826//1826 465//465 1827//1827
f 1821//1821 1827//1827 463//463
f 1826//1826 1827//1827 1821//1821
f 70//70 971//971 1838//1838
f 971//971 254//254 1840//1840
f 1838//1838 1840//1840 470//470
f 971//971 1840//1840 1838//1838
f 254//254 970//970 1834//1834
f 970//970 22//22 1832//1832
f 1834//1834 1832//1832 468//468
f 970//970 1832//1832 1834//1834
f 470//470 1842//1842 1839//1839
f 1842//1842 468//468 1833//1833
f 1839//1839 1833//1833 123//123
f 1842//1842 1833//1833 1839//1839
f 254//254 1834//1834 1840//1840
f 1834//1834 468//468 1842//1842
f 1840//1840 1842//1842 470//470
f 1834//1834 1842//1842 1840//1840
f 121//121 1843//1843 1823//1823
f 1843//1843 471//471 1845//1845
f 1823//1823 1845//1845 464//464
f 1843//1843 1845//1845 1823//1823
f 471//471 1844//1844 1847//1847
f 1844//1844 123//123 1836//1836
f 1847//1847 1836//1836 469//469
f 1844//1844 1836//1836 1847//1847
f 464//464 1837//1837 1822//1822
f 1837//1837 469//469 1835//1835
f 1822//1822 1835//1835 34//34
f 1837//1837 1835//1835 1822//1822
f 471//471 1847//1847 1845//1845
f 1847//1847 469//469 1837//1837
f 1845//1845 1837//1837 464//464
f 1847//1847 1837//1837 1845//1845
f 70//70 1838//1838 1824//1824
f 1838//1838 470//470 1841//1841
f 1824//1824 1841//1841 465//465
f 1838//1838 1841//1841 1824//1824
f 470//470 1839//1839 1848//1848
f 1839//1839 123//123 1844//1844
f 1848//1848 1844//1844 471//471
f 1839//1839 1844//1844 1848//1848
f 465//465 1846//1846 1825//1825
f 1846//1846 471//471 1843//1843
f 1825//1825 1843//1843 121//121
f 1846//1846 1843//1843 1825//1825
f 470//470 1848//1848 1841//1841
f 1848//1848 471//471 1846//1846
f 1841//1841 1846//1846 465//465
f 1848//1848 1846//1846 1841//1841
f 22//22 978//978 1999//1999
f 978//978 257//257 2001//2001
f 1999//1999 2001//2001 511//511
f 978//978 2001//2001 1999//1999
f 257//257 979//979 2008//2008
f 979//979 71//71 2006//2006
f 2008//2008 2006//2006 513//513
f 979//979 2006//2006 2008//2008
f 511//511 2010//2010 2000//2000
f 2010//2010 513//513 2007//2007
f 2000//2000 2007//2007 134//134
f 2010//2010 2007//2007 2000//2000
f 257//257 2008//2008 2001//2001
f 2008//2008 513//513 2010//2010
f 2001//2001 2010//2010 511//511
f 2008//2008 2010//2010 2001//2001
f 71//71 977//977 1977//1977
f 977//977 256//256 1979//1979
f 1977//1977 1979//1979 505//505
f 977//977 1979//1979 1977//1977
f 256//256 976//976 1973//1973
f 976//976 8//8 1971//1971
f 1973//1973 1971//1971 503//503
f 976//976 1971//1971 1973//1973
f 505//505 1980//1980 1978//1978
f 1980//1980 503//503 1972//1972
f 1978//1978 1972//1972 132//132
f 1980//1980 1972//1972 1978//1978
f 256//256 1973//1973 1979//1979
f 1973//1973 503//503 1980//1980
f 1979//1979 1980//1980 505//505
f 1973//1973 1980//1980 1979//1979
f 134//134 2016//2016 2004//2004
f 2016//2016 515//515 2019//2019
f 2004//2004 2019//2019 512//512
f 2016//2016 2019//2019 2004//2004
f 515//515 2015//2015 2017//2017
f 2015//2015 132//132 1976//1976
f 2017//2017 1976//1976 504//504
f 2015//2015 1976//1976 2017//2017
f 512//512 2005//2005 2003//2003
f 2005//2005 504//504 1975//1975
f 2003//2003 1975//1975 37//37
f 2005//2005 1975//1975 2003//2003
f 515//515 2017//2017 2019//2019
f 2017//2017 504//504 2005//2005
f 2019//2019 2005//2005 512//512
f 2017//2017 2005//2005 2019//2019
f 71//71 1977//1977 2006//2006
f 1977//1977 505//505 2009//2009
f 2006//2006 2009//2009 513//513
f 1977//1977 2009//2009 2006//2006
f 505//505 1978//1978 2018//2018
f 1978//1978 132//132 2015//2015
f 2018//2018 2015//2015 515//515
f 1978//1978 2015//2015 2018//2018
f 513//513 2020//2020 2007//2007
f 2020//2020 515//515 2016//2016
f 2007//2007 2016//2016 134//134
f 2020//2020 2016//2016 2007//2007
f 505//505 2018//2018 2009//2009
f 2018//2018 515//515 2020//2020
f 2009//2009 2020//2020 513//513
f 2018//2018 2020//2020 2009//2009
f 34//34 2043//2043 1830//1830
f 2043//2043 521//521 2045//2045
f 1830//1830 2045//2045 467//467
f 2043//2043 2045//2045 1830//1830
f 521//521 2044//2044 2055//2055
f 2044//2044 136//136 2052//2052
f 2055//2055 2052//2052 523//523
f 2044//2044 2052//2052 2055//2055
f 467//467 2053//2053 1831//1831
f 2053//2053 523//523 2051//2051
f 1831//1831 2051//2051 122//122
f 2053//2053 2051//2051 1831//1831
f 521//521 2055//2055 2045//2045
f 2055//2055 523//523 2053//2053
f 2045//2045 2053//2053 467//467
f 2055//2055 2053//2053 2045//2045
f 136//136 2048//2048 2062//2062
f 2048//2048 522//522 2065//2065
f 2062//2062 2065//2065 525//525
f 2048//2048 2065//2065 2062//2062
f 522//522 2047//2047 2049//2049
f 2047//2047 37//37 1989//1989
f 2049//2049 1989//1989 508//508
f 2047//2047 1989//1989 2049//2049
f 525//525 2063//2063 2061//2061
f 2063//2063 508//508 1990//1990
f 2061//2061 1990//1990 133//133
f 2063//2063 1990//1990 2061//2061
f 522//522 2049//2049 2065//2065
f 2049//2049 508//508 2063//2063
f 2065//2065 2063//2063 525//525
f 2049//2049 2063//2063 2065//2065
f 122//122 1991//1991 1829//1829
f 1991//1991 509//509 1993//1993
f 1829//1829 1993//1993 466//466
f 1991//1991 1993//1993 1829//1829
f 509//509 1992//1992 1994//1994
f 1992//1992 133//133 1986//1986
f 1994//1994 1986//1986 507//507
f 1992//1992 1986//1986 1994//1994
f 466//466 1987//1987 1828//1828
f 1987//1987 507//507 1985//1985
f 1828//1828 1985//1985 11//11
f 1987//1987 1985//1985 1828//1828
f 509//509 1994//1994 1993//1993
f 1994//1994 507//507 1987//1987
f 1993//1993 1987//1987 466//466
f 1994//1994 1987//1987 1993//1993
f 136//136 2062//2062 2052//2052
f 2062//2062 525//525 2066//2066
f 2052//2052 2066//2066 523//523
f 2062//2062 2066//2066 2052//2052
f 525//525 2061//2061 2064//2064
f 2061//2061 133//133 1992//1992
f 2064//2064 1992//1992 509//509
f 2061//2061 1992//1992 2064//2064
f 523//523 2054//2054 2051//2051
f 2054//2054 509//509 1991//1991
f 2051//2051 1991//1991 122//122
f 2054//2054 1991//1991 2051//2051
f 525//525 2064//2064 2066//2066
f 2064//2064 509//509 2054//2054
f 2066//2066 2054//2054 523//523
f 2064//2064 2054//2054 2066//2066
f 22//22 1999//1999 1832//1832
f 1999//1999 511//511 2002//2002
f 1832//1832 2002//2002 468//468
f 1999//1999 2002//2002 1832//1832
f 511//511 2000//2000 2014//2014
f 2000//2000 134//134 2012//2012
f 2014//2014 2012//2012 514//514
f 2000//2000 2012//2012 2014//2014
f 468//468 2013//2013 1833//1833
f 2013//2013 514//514 2011//2011
f 1833//1833 2011//2011 123//123
f 2013//2013 2011//2011 1833//1833
f 511//511 2014//2014 2002//2002
f 2014//2014 514//514 2013//2013
f 2002//2002 2013//2013 468//468
f 2014//2014 2013//2013 2002//2002
f 134//134 2004//2004 2067//2067
f 2004//2004 512//512 2069//2069
f 2067//2067 2069//2069 526//526
f 2004//2004 2069//2069 2067//2067
f 512//512 2003//2003 2050//2050
f 2003//2003 37//37 2047//2047
f 2050//2050 2047//2047 522//522
f 2003//2003 2047//2047 2050//2050
f 526//526 2071//2071 2068//2068
f 2071//2071 522//522 2048//2048
f 2068//2068 2048//2048 136//136
f 2071//2071 2048//2048 2068//2068
f 512//512 2050//2050 2069//2069
f 2050//2050 522//522 2071//2071
f 2069//2069 2071//2071 526//526
f 2050//2050 2071//2071 2069//2069
f 123//123 2056//2056 1836//1836
f 2056//2056 524//524 2058//2058
f 1836//1836 2058//2058 469//469
f 2056//2056 2058//2058 1836//1836
f 524//524 2057//2057 2060//2060
f 2057//2057 136//136 2044//2044
f 2060//2060 2044//2044 521//521
f 2057//2057 2044//2044 2060//2060
f 469//469 2046//2046 1835//1835
f 2046//2046 521//521 2043//2043
f 1835//1835 2043//2043 34//34
f 2046//2046 2043//2043 1835//1835
f 524//524 2060//2060 2058//2058
f 2060//2060 521//521 2046//2046
f 2058//2058 2046//2046 469//469
f 2060//2060 2046//2046 2058//2058
f 134//134 2067//2067 2012//2012
f 2067//2067 526//526 2070//2070
f 2012//2012 2070//2070 514//514
f 2067//2067 2070//2070 2012//2012
f 526//526 2068//2068 2072//2072
f 2068//2068 136//136 2057//2057
f 2072//2072 2057//2057 524//524
f 2068//2068 2057//2057 2072//2072
f 514//514 2059//2059 2011//2011
f 2059//2059 524//524 2056//2056
f 2011//2011 2056//2056 123//123
f 2059//2059 2056//2056 2011//2011
f 526//526 2072//2072 2070//2070
f 2072//2072 524//524 2059//2059
f 2070//2070 2059//2059 514//514
f 2072//2072 2059//2059 2070//2070
f 1//1 1819//1819 2103//2103
f 1819//1819 463//463 2106//2106
f 2103//2103 2106//2106 533//533
f 1819//1819 2106//2106 2103//2103
f 463//463 1820//1820 2115//2115
f 1820//1820 121//121 2113//2113
f 2115//2115 2113//2113 536//536
f 1820//1820 2113//2113 2115//2115
f 533//533 2116//2116 2104//2104
f 2116//2116 536//536 2114//2114
f 2104//2104 2114//2114 138//138
f 2116//2116 2114//2114 2104//2104
f 463//463 2115//2115 2106//2106
f 2115//2115 536//536 2116//2116
f 2106//2106 2116//2116 533//533
f 2115//2115 2116//2116 2106//2106
f 121//121 1823//1823 2144//2144
f 1823//1823 464//464 2146//2146
f 2144//2144 2146//2146 545//545
f 1823//1823 2146//2146 2144//2144
f 464//464 1822//1822 2140//2140
f 1822//1822 34//34 2138//2138
f 2140//2140 2138//2138 543//543
f 1822//1822 2138//2138 2140//2140
f 545//545 2148//2148 2145//2145
f 2148//2148 543//543 2139//2139
f 2145//2145 2139//2139 141//141
f 2148//2148 2139//2139 2145//2145
f 464//464 2140//2140 2146//2146
f 2140//2140 543//543 2148//2148
f 2146//2146 2148//2148 545//545
f 2140//2140 2148//2148 2146//2146
f 138//138 2149//2149 2108//2108
f 2149//2149 546//546 2151//2151
f 2108//2108 2151//2151 534//534
f 2149//2149 2151//2151 2108//2108
f 546//546 2150//2150 2153//2153
f 2150//2150 141//141 2142//2142
f 2153//2153 2142//2142 544//544
f 2150//2150 2142//2142 2153//2153
f 534//534 2143//2143 2107//2107
f 2143//2143 544//544 2141//2141
f 2107//2107 2141//2141 38//38
f 2143//2143 2141//2141 2107//2107
f 546//546 2153//2153 2151//2151
f 2153//2153 544//544 2143//2143
f 2151//2151 2143//2143 534//534
f 2153//2153 2143//2143 2151//2151
f 121//121 2144//2144 2113//2113
f 2144//2144 545//545 2147//2147
f 2113//2113 2147//2147 536//536
f 2144//2144 2147//2147 2113//2113
f 545//545 2145//2145 2154//2154
f 2145//2145 141//141 2150//2150
f 2154//2154 2150//2150 546//546
f 2145//2145 2150//2150 2154//2154
f 536//536 2152//2152 2114//2114
f 2152//2152 546//546 2149//2149
f 2114//2114 2149//2149 138//138
f 2152//2152 2149//2149 2114//2114
f 545//545 2154//2154 2147//2147
f 2154//2154 546//546 2152//2152
f 2147//2147 2152//2152 536//536
f 2154//2154 2152//2152 2147//2147
f 34//34 1830//1830 2459//2459
f 1830//1830 467//467 2461//2461
f 2459//2459 2461//2461 621//621
f 1830//1830 2461//2461 2459//2459
f 467//467 1831//1831 2468//2468
f 1831//1831 122//122 2466//2466
f 2468//2468 2466//2466 623//623
f 1831//1831 2466//2466 2468//2468
f 621//621 2470//2470 2460//2460
f 2470//2470 623//623 2467//2467
f 2460//2460 2467//2467 159//159
f 2470//2470 2467//2467 2460//2460
f 467//467 2468//2468 2461//2461
f 2468//2468 623//623 2470//2470
f 2461//2461 2470//2470 621//621
f 2468//2468 2470//2470 2461//2461
f 122//122 1829//1829 2437//2437
f 1829//1829 466//466 2439//2439
f 2437//2437 2439//2439 615//615
f 1829//1829 2439//2439 2437//2437
f 466//466 1828//1828 2433//2433
f 1828//1828 11//11 2431//2431
f 2433//2433 2431//2431 613//613
f 1828//1828 2431//2431 2433//2433
f 615//615 2440//2440 2438//2438
f 2440//2440 613//613 2432//2432
f 2438//2438 2432//2432 157//157
f 2440//2440 2432//2432 2438//2438
f 466//466 2433//2433 2439//2439
f 2433//2433 613//613 2440//2440
f 2439//2439 2440//2440 615//615
f 2433//2433 2440//2440 2439//2439
f 159//159 2476//2476 2464//2464
f 2476//2476 625//625 2479//2479
f 2464//2464 2479//2479 622//622
f 2476//2476 2479//2479 2464//2464
f 625//625 2475//2475 2477//2477
f 2475//2475 157//157 2436//2436
f 2477//2477 2436//2436 614//614
f 2475//2475 2436//2436 2477//2477
f 622//622 2465//2465 2463//2463
f 2465//2465 614//614 2435//2435
f 2463//2463 2435//2435 42//42
f 2465//2465 2435//2435 2463//2463
f 625//625 2477//2477 2479//2479
f 2477//2477 614//614 2465//2465
f 2479//2479 2465//2465 622//622
f 2477//2477 2465//2465 2479//2479
f 122//122 2437//2437 2466//2466
f 2437//2437 615//615 2469//2469
f 2466//2466 2469//2469 623//623
f 2437//2437 2469//2469 2466//2466
f 615//615 2438//2438 2478//2478
f 2438//2438 157//157 2475//2475
f 2478//2478 2475//2475 625//625
f 2438//2438 2475//2475 2478//2478
f 623//623 2480//2480 2467//2467
f 2480//2480 625//625 2476//2476
f 2467//2467 2476//2476 159//159
f 2480//2480 2476//2476 2467//2467
f 615//615 2478//2478 2469//2469
f 2478//2478 625//625 2480//2480
f 2469//2469 2480//2480 623//623
f 2478//2478 2480//2480 2469//2469
f 38//38 2503//2503 2119//2119
f 2503//2503 631//631 2505//2505
f 2119//2119 2505//2505 538//538
f 2503//2503 2505//2505 2119//2119
f 631//631 2504//2504 2515//2515
f 2504//2504 161//161 2512//2512
f 2515//2515 2512//2512 633//633
f 2504//2504 2512//2512 2515//2515
f 538//538 2513//2513 2120//2120
f 2513//2513 633//633 2511//2511
f 2120//2120 2511//2511 139//139
f 2513//2513 2511//2511 2120//2120
f 631//631 2515//2515 2505//2505
f 2515//2515 633//633 2513//2513
f 2505//2505 2513//2513 538//538
f 2515//2515 2513//2513 2505//2505
f 161//161 2508//2508 2522//2522
f 2508//2508 632//632 2525//2525
f 2522//2522 2525//2525 635//635
f 2508//2508 2525//2525 2522//2522
f 632//632 2507//2507 2509//2509
f 2507//2507 42//42 2449//2449
f 2509//2509 2449//2449 618//618
f 2507//2507 2449//2449 2509//2509
f 635//635 2523//2523 2521//2521
f 2523//2523 618//618 2450//2450
f 2521//2521 2450//2450 158//158
f 2523//2523 2450//2450 2521//2521
f 632//632 2509//2509 2525//2525
f 2509//2509 618//618 2523//2523
f 2525//2525 2523//2523 635//635
f 2509//2509 2523//2523 2525//2525
f 139//139 2451//2451 2118//2118
f 2451//2451 619//619 2453//2453
f 2118//2118 2453//2453 537//537
f 2451//2451 2453//2453 2118//2118
f 619//619 2452//2452 2454//2454
f 2452//2452 158//158 2446//2446
f 2454//2454 2446//2446 617//617
f 2452//2452 2446//2446 2454//2454
f 537//537 2447//2447 2117//2117
f 2447//2447 617//617 2445//2445
f 2117//2117 2445//2445 12//12
f 2447//2447 2445//2445 2117//2117
f 619//619 2454//2454 2453//2453
f 2454//2454 617//617 2447//2447
f 2453//2453 2447//2447 537//537
f 2454//2454 2447//2447 2453//2453
f 161//161 2522//2522 2512//2512
f 2522//2522 635//635 2526//2526
f 2512//2512 2526//2526 633//633
f 2522//2522 2526//2526 2512//2512
f 635//635 2521//2521 2524//2524
f 2521//2521 158//158 2452//2452
f 2524//2524 2452//2452 619//619
f 2521//2521 2452//2452 2524//2524
f 633//633 2514//2514 2511//2511
f 2514//2514 619//619 2451//2451
f 2511//2511 2451//2451 139//139
f 2514//2514 2451//2451 2511//2511
f 635//635 2524//2524 2526//2526
f 2524//2524 619//619 2514//2514
f 2526//2526 2514//2514 633//633
f 2524//2524 2514//2514 2526//2526
f 34//34 2459//2459 2138//2138
f 2459//2459 621//621 2462//2462
f 2138//2138 2462//2462 543//543
f 2459//2459 2462//2462 2138//2138
f 621//621 2460//2460 2474//2474
f 2460//2460 159//159 2472//2472
f 2474//2474 2472//2472 624//624
f 2460//2460 2472//2472 2474//2474
f 543//543 2473//2473 2139//2139
f 2473//2473 624//624 2471//2471
f 2139//2139 2471//2471 141//141
f 2473//2473 2471//2471 2139//2139
f 621//621 2474//2474 2462//2462
f 2474//2474 624//624 2473//2473
f 2462//2462 2473//2473 543//543
f 2474//2474 2473//2473 2462//2462
f 159//159 2464//2464 2527//2527
f 2464//2464 622//622 2529//2529
f 2527//2527 2529//2529 636//636
f 2464//2464 2529//2529 2527//2527
f 622//622 2463//2463 2510//2510
f 2463//2463 42//42 2507//2507
f 2510//2510 2507//2507 632//632
f 2463//2463 2507//2507 2510//2510
f 636//636 2531//2531 2528//2528
f 2531//2531 632//632 2508//2508
f 2528//2528 2508//2508 161//161
f 2531//2531 2508//2508 2528//2528
f 622//622 2510//2510 2529//2529
f 2510//2510 632//632 2531//2531
f 2529//2529 2531//2531 636//636
f 2510//2510 2531//2531 2529//2529
f 141//141 2516//2516 2142//2142
f 2516//2516 634//634 2518//2518
f 2142//2142 2518//2518 544//544
f 2516//2516 2518//2518 2142//2142
f 634//634 2517//2517 2520//2520
f 2517//2517 161//161 2504//2504
f 2520//2520 2504//2504 631//631
f 2517//2517 2504//2504 2520//2520
f 544//544 2506//2506 2141//2141
f 2506//2506 631//631 2503//2503
f 2141//2141 2503//2503 38//38
f 2506//2506 2503//2503 2141//2141
f 634//634 2520//2520 2518//2518
f 2520//2520 631//631 2506//2506
f 2518//2518 2506//2506 544//544
f 2520//2520 2506//2506 2518//2518
f 159//159 2527//2527 2472//2472
f 2527//2527 636//636 2530//2530
f 2472//2472 2530//2530 624//624
f 2527//2527 2530//2530 2472//2472
f 636//636 2528//2528 2532//2532
f 2528//2528 161//161 2517//2517
f 2532//2532 2517//2517 634//634
f 2528//2528 2517//2517 2532//2532
f 624//624 2519//2519 2471//2471
f 2519//2519 634//634 2516//2516
f 2471//2471 2516//2516 141//141
f 2519//2519 2516//2516 2471//2471
f 636//636 2532//2532 2530//2530
f 2532//2532 634//634 2519//2519
f 2530//2530 2519//2519 624//624
f 2532//2532 2519//2519 2530//2530
f 2//2 789//789 1359//1359
f 789//789 206//206 1361//1361
f 1359//1359 1361//1361 353//353
f 789//789 1361//1361 1359//1359
f 206//206 790//790 1367//1367
f 790//790 57//57 1365//1365
f 1367//1367 1365//1365 355//355
f 790//790 1365//1365 1367//1367
f 353//353 1368//1368 1360//1360
f 1368//1368 355//355 1366//1366
f 1360//1360 1366//1366 96//96
f 1368//1368 1366//1366 1360//1360
f 206//206 1367//1367 1361//1361
f 1367//1367 355//355 1368//1368
f 1361//1361 1368//1368 353//353
f 1367//1367 1368//1368 1361//1361
f 57//57 793//793 1383//1383
f 793//793 207//207 1385//1385
f 1383//1383 1385//1385 361//361
f 793//793 1385//1385 1383//1383
f 207//207 792//792 1379//1379
f 792//792 18//18 1377//1377
f 1379//1379 1377//1377 359//359
f 792//792 1377//1377 1379//1379
f 361//361 1387//1387 1384//1384
f 1387//1387 359//359 1378//1378
f 1384//1384 1378//1378 98//98
f 1387//1387 1378//1378 1384//1384
f 207//207 1379//1379 1385//1385
f 1379//1379 359//359 1387//1387
f 1385//1385 1387//1387 361//361
f 1379//1379 1387//1387 1385//1385
f 96//96 1388//1388 1364//1364
f 1388//1388 362//362 1390//1390
f 1364//1364 1390//1390 354//354
f 1388//1388 1390//1390 1364//1364
f 362//362 1389//1389 1392//1392
f 1389//1389 98//98 1381//1381
f 1392//1392 1381//1381 360//360
f 1389//1389 1381//1381 1392//1392
f 354//354 1382//1382 1363//1363
f 1382//1382 360//360 1380//1380
f 1363//1363 1380//1380 29//29
f 1382//1382 1380//1380 1363//1363
f 362//362 1392//1392 1390//1390
f 1392//1392 360//360 1382//1382
f 1390//1390 1382//1382 354//354
f 1392//1392 1382//1382 1390//1390
f 57//57 1383//1383 1365//1365
f 1383//1383 361//361 1386//1386
f 1365//1365 1386//1386 355//355
f 1383//1383 1386//1386 1365//1365
f 361//361 1384//1384 1393//1393
f 1384//1384 98//98 1389//1389
f 1393//1393 1389//1389 362//362
f 1384//1384 1389//1389 1393//1393
f 355//355 1391//1391 1366//1366
f 1391//1391 362//362 1388//1388
f 1366//1366 1388//1388 96//96
f 1391//1391 1388//1388 1366//1366
f 361//361 1393//1393 1386//1386
f 1393//1393 362//362 1391//1391
f 1386//1386 1391//1391 355//355
f 1393//1393 1391//1391 1386//1386
f 18//18 801//801 1583//1583
f 801//801 210//210 1585//1585
f 1583//1583 1585//1585 411//411
f 801//801 1585//1585 1583//1583
f 210//210 802//802 1592//1592
f 802//802 58//58 1590//1590
f 1592//1592 1590//1590 413//413
f 802//802 1590//1590 1592//1592
f 411//411 1594//1594 1584//1584
f 1594//1594 413//413 1591//1591
f 1584//1584 1591//1591 111//111
f 1594//1594 1591//1591 1584//1584
f 210//210 1592//1592 1585//1585
f 1592//1592 413//413 1594//1594
f 1585//1585 1594//1594 411//411
f 1592//1592 1594//1594 1585//1585
f 58//58 799//799 1561//1561
f 799//799 209//209 1563//1563
f 1561//1561 1563//1563 405//405
f 799//799 1563//1563 1561//1561
f 209//209 798//798 1557//1557
f 798//798 6//6 1555//1555
f 1557//1557 1555//1555 403//403
f 798//798 1555//1555 1557//1557
f 405//405 1564//1564 1562//1562
f 1564//1564 403//403 1556//1556
f 1562//1562 1556//1556 109//109
f 1564//1564 1556//1556 1562//1562
f 209//209 1557//1557 1563//1563
f 1557//1557 403//403 1564//1564
f 1563//1563 1564//1564 405//405
f 1557//1557 1564//1564 1563//1563
f 111//111 1600//1600 1588//1588
f 1600//1600 415//415 1603//1603
f 1588//1588 1603//1603 412//412
f 1600//1600 1603//1603 1588//1588
f 415//415 1599//1599 1601//1601
f 1599//1599 109//109 1560//1560
f 1601//1601 1560//1560 404//404
f 1599//1599 1560//1560 1601//1601
f 412//412 1589//1589 1587//1587
f 1589//1589 404//404 1559//1559
f 1587//1587 1559//1559 32//32
f 1589//1589 1559//1559 1587//1587
f 415//415 1601//1601 1603//1603
f 1601//1601 404//404 1589//1589
f 1603//1603 1589//1589 412//412
f 1601//1601 1589//1589 1603//1603
f 58//58 1561//1561 1590//1590
f 1561//1561 405//405 1593//1593
f 1590//1590 1593//1593 413//413
f 1561//1561 1593//1593 1590//1590
f 405//405 1562//1562 1602//1602
f 1562//1562 109//109 1599//1599
f 1602//1602 1599//1599 415//415
f 1562//1562 1599//1599 1602//1602
f 413//413 1604//1604 1591//1591
f 1604//1604 415//415 1600//1600
f 1591//1591 1600//1600 111//111
f 1604//1604 1600//1600 1591//1591
f 405//405 1602//1602 1593//1593
f 1602//1602 415//415 1604//1604
f 1593//1593 1604//1604 413//413
f 1602//1602 1604//1604 1593//1593
f 29//29 1627//1627 1375//1375
f 1627//1627 421//421 1629//1629
f 1375//1375 1629//1629 358//358
f 1627//1627 1629//1629 1375//1375
f 421//421 1628//1628 1639//1639
f 1628//1628 113//113 1636//1636
f 1639//1639 1636//1636 423//423
f 1628//1628 1636//1636 1639//1639
f 358//358 1637//1637 1376//1376
f 1637//1637 423//423 1635//1635
f 1376//1376 1635//1635 97//97
f 1637//1637 1635//1635 1376//1376
f 421//421 1639//1639 1629//1629
f 1639//1639 423//423 1637//1637
f 1629//1629 1637//1637 358//358
f 1639//1639 1637//1637 1629//1629
f 113//113 1632//1632 1646//1646
f 1632//1632 422//422 1649//1649
f 1646//1646 1649//1649 425//425
f 1632//1632 1649//1649 1646//1646
f 422//422 1631//1631 1633//1633
f 1631//1631 32//32 1573//1573
f 1633//1633 1573//1573 408//408
f 1631//1631 1573//1573 1633//1633
f 425//425 1647//1647 1645//1645
f 1647//1647 408//408 1574//1574
f 1645//1645 1574//1574 110//110
f 1647//1647 1574//1574 1645//1645
f 422//422 1633//1633 1649//1649
f 1633//1633 408//408 1647//1647
f 1649//1649 1647//1647 425//425
f 1633//1633 1647//1647 1649//1649
f 97//97 1575//1575 1374//1374
f 1575//1575 409//409 1577//1577
f 1374//1374 1577//1577 357//357
f 1575//1575 1577//1577 1374//1374
f 409//409 1576//1576 1578//1578
f 1576//1576 110//110 1570//1570
f 1578//1578 1570//1570 407//407
f 1576//1576 1570//1570 1578//1578
f 357//357 1571//1571 1373//1373
f 1571//1571 407//407 1569//1569
f 1373//1373 1569//1569 10//10
f 1571//1571 1569//1569 1373//1373
f 409//409 1578//1578 1577//1577
f 1578//1578 407//407 1571//1571
f 1577//1577 1571//1571 357//357
f 1578//1578 1571//1571 1577//1577
f 113//113 1646//1646 1636//1636
f 1646//1646 425//425 1650//1650
f 1636//1636 1650//1650 423//423
f 1646//1646 1650//1650 1636//1636
f 425//425 1645//1645 1648//1648
f 1645//1645 110//110 1576//1576
f 1648//1648 1576//1576 409//409
f 1645//1645 1576//1576 1648//1648
f 423//423 1638//1638 1635//1635
f 1638//1638 409//409 1575//1575
f 1635//1635 1575//1575 97//97
f 1638//1638 1575//1575 1635//1635
f 425//425 1648//1648 1650//1650
f 1648//1648 409//409 1638//1638
f 1650//1650 1638//1638 423//423
f 1648//1648 1638//1638 1650//1650
f 18//18 1583//1583 1377//1377
f 1583//1583 411//411 1586//1586
f 1377//1377 1586//1586 359//359
f 1583//1583 1586//1586 1377//1377
f 411//411 1584//1584 1598//1598
f 1584//1584 111//111 1596//1596
f 1598//1598 1596//1596 414//414
f 1584//1584 1596//1596 1598//1598
f 359//359 1597//1597 1378//1378
f 1597//1597 414//414 1595//1595
f 1378//1378 1595//1595 98//98
f 1597//1597 1595//1595 1378//1378
f 411//411 1598//1598 1586//1586
f 1598//1598 414//414 1597//1597
f 1586//1586 1597//1597 359//359
f 1598//1598 1597//1597 1586//1586
f 111//111 1588//1588 1651//1651
f 1588//1588 412//412 1653//1653
f 1651//1651 1653//1653 426//426
f 1588//1588 1653//1653 1651//1651
f 412//412 1587//1587 1634//1634
f 1587//1587 32//32 1631//1631
f 1634//1634 1631//1631 422//422
f 1587//1587 1631//1631 1634//1634
f 426//426 1655//1655 1652//1652
f 1655//1655 422//422 1632//1632
f 1652//1652 1632//1632 113//113
f 1655//1655 1632//1632 1652//1652
f 412//412 1634//1634 1653//1653
f 1634//1634 422//422 1655//1655
f 1653//1653 1655//1655 426//426
f 1634//1634 1655//1655 1653//1653
f 98//98 1640//1640 1381//1381
f 1640//1640 424//424 1642//1642
f 1381//1381 1642//1642 360//360
f 1640//1640 1642//1642 1381//1381
f 424//424 1641//1641 1644//1644
f 1641//1641 113//113 1628//1628
f 1644//1644 1628//1628 421//421
f 1641//1641 1628//1628 1644//1644
f 360//360 1630//1630 1380//1380
f 1630//1630 421//421 1627//1627
f 1380//1380 1627//1627 29//29
f 1630//1630 1627//1627 1380//1380
f 424//424 1644//1644 1642//1642
f 1644//1644 421//421 1630//1630
f 1642//1642 1630//1630 360//360
f 1644//1644 1630//1630 1642//1642
f 111//111 1651//1651 1596//1596
f 1651//1651 426//426 1654//1654
f 1596//1596 1654//1654 414//414
f 1651//1651 1654//1654 1596//1596
f 426//426 1652//1652 1656//1656
f 1652//1652 113//113 1641//1641
f 1656//1656 1641//1641 424//424
f 1652//1652 1641//1641 1656//1656
f 414//414 1643//1643 1595//1595
f 1643//1643 424//424 1640//1640
f 1595//1595 1640//1640 98//98
f 1643//1643 1640//1640 1595//1595
f 426//426 1656//1656 1654//1654
f 1656//1656 424//424 1643//1643
f 1654//1654 1643//1643 414//414
f 1656//1656 1643//1643 1654//1654
f 6//6 2299//2299 863//863
f 2299//2299 583//583 2302//2302
f 863//863 2302//2302 225//225
f 2299//2299 2302//2302 863//863
f 583//583 2300//2300 2312//2312
f 2300//2300 151//151 2310//2310
f 2312//2312 2310//2310 586//586
f 2300//2300 2310//2310 2312//2312
f 225//225 2311//2311 864//864
f 2311//2311 586//586 2309//2309
f 864//864 2309//2309 62//62
f 2311//2311 2309//2309 864//864
f 583//583 2312//2312 2302//2302
f 2312//2312 586//586 2311//2311
f 2302//2302 2311//2311 225//225
f 2312//2312 2311//2311 2302//2302
f 151//151 2304//2304 2365//2365
f 2304//2304 584//584 2367//2367
f 2365//2365 2367//2367 600//600
f 2304//2304 2367//2367 2365//2365
f 584//584 2303//2303 2355//2355
f 2303//2303 41//41 2353//2353
f 2355//2355 2353//2353 597//597
f 2303//2303 2353//2353 2355//2355
f 600//600 2369//2369 2366//2366
f 2369//2369 597//597 2354//2354
f 2366//2366 2354//2354 154//154
f 2369//2369 2354//2354 2366//2366
f 584//584 2355//2355 2367//2367
f 2355//2355 597//597 2369//2369
f 2367//2367 2369//2369 600//600
f 2355//2355 2369//2369 2367//2367
f 62//62 2356//2356 866//866
f 2356//2356 598//598 2358//2358
f 866//866 2358//2358 226//226
f 2356//2356 2358//2358 866//866
f 598//598 2357//2357 2360//2360
f 2357//2357 154//154 2350//2350
f 2360//2360 2350//2350 596//596
f 2357//2357 2350//2350 2360//2360
f 226//226 2351//2351 865//865
f 2351//2351 596//596 2349//2349
f 865//865 2349//2349 19//19
f 2351//2351 2349//2349 865//865
f 598//598 2360//2360 2358//2358
f 2360//2360 596//596 2351//2351
f 2358//2358 2351//2351 226//226
f 2360//2360 2351//2351 2358//2358
f 151//151 2365//2365 2310//2310
f 2365//2365 600//600 2368//2368
f 2310//2310 2368//2368 586//586
f 2365//2365 2368//2368 2310//2310
f 600//600 2366//2366 2370//2370
f 2366//2366 154//154 2357//2357
f 2370//2370 2357//2357 598//598
f 2366//2366 2357//2357 2370//2370
f 586//586 2359//2359 2309//2309
f 2359//2359 598//598 2356//2356
f 2309//2309 2356//2356 62//62
f 2359//2359 2356//2356 2309//2309
f 600//600 2370//2370 2368//2368
f 2370//2370 598//598 2359//2359
f 2368//2368 2359//2359 586//586
f 2370//2370 2359//2359 2368//2368
f 41//41 2317//2317 2405//2405
f 2317//2317 588//588 2407//2407
f 2405//2405 2407//2407 608//608
f 2317//2317 2407//2407 2405//2405
f 588//588 2318//2318 2421//2421
f 2318//2318 152//152 2419//2419
f 2421//2421 2419//2419 611//611
f 2318//2318 2419//2419 2421//2421
f 608//608 2423//2423 2406//2406
f 2423//2423 611//611 2420//2420
f 2406//2406 2420//2420 156//156
f 2423//2423 2420//2420 2406//2406
f 588//588 2421//2421 2407//2407
f 2421//2421 611//611 2423//2423
f 2407//2407 2423//2423 608//608
f 2421//2421 2423//2423 2407//2407
f 152//152 2314//2314 2324//2324
f 2314//2314 587//587 2326//2326
f 2324//2324 2326//2326 590//590
f 2314//2314 2326//2326 2324//2324
f 587//587 2313//2313 2316//2316
f 2313//2313 12//12 2221//2221
f 2316//2316 2221//2221 565//565
f 2313//2313 2221//2221 2316//2316
f 590//590 2325//2325 2323//2323
f 2325//2325 565//565 2222//2222
f 2323//2323 2222//2222 147//147
f 2325//2325 2222//2222 2323//2323
f 587//587 2316//2316 2326//2326
f 2316//2316 565//565 2325//2325
f 2326//2326 2325//2325 590//590
f 2316//2316 2325//2325 2326//2326
f 156//156 2410//2410 2402//2402
f 2410//2410 609//609 2413//2413
f 2402//2402 2413//2413 607//607
f 2410//2410 2413//2413 2402//2402
f 609//609 2409//2409 2411//2411
f 2409//2409 147//147 2225//2225
f 2411//2411 2225//2225 566//566
f 2409//2409 2225//2225 2411//2411
f 607//607 2403//2403 2401//2401
f 2403//2403 566//566 2224//2224
f 2401//2401 2224//2224 40//40
f 2403//2403 2224//2224 2401//2401
f 609//609 2411//2411 2413//2413
f 2411//2411 566//566 2403//2403
f 2413//2413 2403//2403 607//607
f 2411//2411 2403//2403 2413//2413
f 152//152 2324//2324 2419//2419
f 2324//2324 590//590 2422//2422
f 2419//2419 2422//2422 611//611
f 2324//2324 2422//2422 2419//2419
f 590//590 2323//2323 2412//2412
f 2323//2323 147//147 2409//2409
f 2412//2412 2409//2409 609//609
f 2323//2323 2409//2409 2412//2412
f 611//611 2424//2424 2420//2420
f 2424//2424 609//609 2410//2410
f 2420//2420 2410//2410 156//156
f 2424//2424 2410//2410 2420//2420
f 590//590 2412//2412 2422//2422
f 2412//2412 609//609 2424//2424
f 2422//2422 2424//2424 611//611
f 2412//2412 2424//2424 2422//2422
f 19//19 2252//2252 861//861
f 2252//2252 573//573 2254//2254
f 861//861 2254//2254 224//224
f 2252//2252 2254//2254 861//861
f 573//573 2253//2253 2262//2262
f 2253//2253 149//149 2259//2259
f 2262//2262 2259//2259 575//575
f 2253//2253 2259//2259 2262//2262
f 224//224 2260//2260 862//862
f 2260//2260 575//575 2258//2258
f 862//862 2258//2258 61//61
f 2260//2260 2258//2258 862//862
f 573//573 2262//2262 2254//2254
f 2262//2262 575//575 2260//2260
f 2254//2254 2260//2260 224//224
f 2262//2262 2260//2260 2254//2254
f 149//149 2256//2256 2264//2264
f 2256//2256 574//574 2267//2267
f 2264//2264 2267//2267 576//576
f 2256//2256 2267//2267 2264//2264
f 574//574 2255//2255 2257//2257
f 2255//2255 40//40 2211//2211
f 2257//2257 2211//2211 562//562
f 2255//2255 2211//2211 2257//2257
f 576//576 2265//2265 2263//2263
f 2265//2265 562//562 2212//2212
f 2263//2263 2212//2212 146//146
f 2265//2265 2212//2212 2263//2263
f 574//574 2257//2257 2267//2267
f 2257//2257 562//562 2265//2265
f 2267//2267 2265//2265 576//576
f 2257//2257 2265//2265 2267//2267
f 61//61 2217//2217 860//860
f 2217//2217 564//564 2219//2219
f 860//860 2219//2219 223//223
f 2217//2217 2219//2219 860//860
f 564//564 2218//2218 2220//2220
f 2218//2218 146//146 2208//2208
f 2220//2220 2208//2208 561//561
f 2218//2218 2208//2208 2220//2220
f 223//223 2210//2210 859//859
f 2210//2210 561//561 2207//2207
f 859//859 2207//2207 5//5
f 2210//2210 2207//2207 859//859
f 564//564 2220//2220 2219//2219
f 2220//2220 561//561 2210//2210
f 2219//2219 2210//2210 223//223
f 2220//2220 2210//2210 2219//2219
f 149//149 2264//2264 2259//2259
f 2264//2264 576//576 2268//2268
f 2259//2259 2268//2268 575//575
f 2264//2264 2268//2268 2259//2259
f 576//576 2263//2263 2266//2266
f 2263//2263 146//146 2218//2218
f 2266//2266 2218//2218 564//564
f 2263//2263 2218//2218 2266//2266
f 575//575 2261//2261 2258//2258
f 2261//2261 564//564 2217//2217
f 2258//2258 2217//2217 61//61
f 2261//2261 2217//2217 2258//2258
f 576//576 2266//2266 2268//2268
f 2266//2266 564//564 2261//2261
f 2268//2268 2261//2261 575//575
f 2266//2266 2261//2261 2268//2268
f 41//41 2405//2405 2353//2353
f 2405//2405 608//608 2408//2408
f 2353//2353 2408//2408 597//597
f 2405//2405 2408//2408 2353//2353
f 608//608 2406//2406 2429//2429
f 2406//2406 156//156 2426//2426
f 2429//2429 2426//2426 612//612
f 2406//2406 2426//2426 2429//2429
f 597//597 2427//2427 2354//2354
f 2427//2427 612//612 2425//2425
f 2354//2354 2425//2425 154//154
f 2427//2427 2425//2425 2354//2354
f 608//608 2429//2429 2408//2408
f 2429//2429 612//612 2427//2427
f 2408//2408 2427//2427 597//597
f 2429//2429 2427//2427 2408//2408
f 156//156 2402//2402 2415//2415
f 2402//2402 607//607 2418//2418
f 2415//2415 2418//2418 610//610
f 2402//2402 2418//2418 2415//2415
f 607//607 2401//2401 2404//2404
f 2401//2401 40//40 2255//2255
f 2404//2404 2255//2255 574//574
f 2401//2401 2255//2255 2404//2404
f 610//610 2416//2416 2414//2414
f 2416//2416 574//574 2256//2256
f 2414//2414 2256//2256 149//149
f 2416//2416 2256//2256 2414//2414
f 607//607 2404//2404 2418//2418
f 2404//2404 574//574 2416//2416
f 2418//2418 2416//2416 610//610
f 2404//2404 2416//2416 2418//2418
f 154//154 2362//2362 2350//2350
f 2362//2362 599//599 2364//2364
f 2350//2350 2364//2364 596//596
f 2362//2362 2364//2364 2350//2350
f 599//599 2361//2361 2363//2363
f 2361//2361 149//149 2253//2253
f 2363//2363 2253//2253 573//573
f 2361//2361 2253//2253 2363//2363
f 596//596 2352//2352 2349//2349
f 2352//2352 573//573 2252//2252
f 2349//2349 2252//2252 19//19
f 2352//2352 2252//2252 2349//2349
f 599//599 2363//2363 2364//2364
f 2363//2363 573//573 2352//2352
f 2364//2364 2352//2352 596//596
f 2363//2363 2352//2352 2364//2364
f 156//156 2415//2415 2426//2426
f 2415//2415 610//610 2430//2430
f 2426//2426 2430//2430 612//612
f 2415//2415 2430//2430 2426//2426
f 610//610 2414//2414 2417//2417
f 2414//2414 149//149 2361//2361
f 2417//2417 2361//2361 599//599
f 2414//2414 2361//2361 2417//2417
f 612//612 2428//2428 2425//2425
f 2428//2428 599//599 2362//2362
f 2425//2425 2362//2362 154//154
f 2428//2428 2362//2362 2425//2425
f 610//610 2417//2417 2430//2430
f 2417//2417 599//599 2428//2428
f 2430//2430 2428//2428 612//612
f 2417//2417 2428//2428 2430//2430
f 12//12 2445//2445 2169//2169
f 2445//2445 617//617 2448//2448
f 2169//2169 2448//2448 551//551
f 2445//2445 2448//2448 2169//2169
f 617//617 2446//2446 2458//2458
f 2446//2446 158//158 2456//2456
f 2458//2458 2456//2456 620//620
f 2446//2446 2456//2456 2458//2458
f 551//551 2457//2457 2170//2170
f 2457//2457 620//620 2455//2455
f 2170//2170 2455//2455 143//143
f 2457//2457 2455//2455 2170//2170
f 617//617 2458//2458 2448//2448
f 2458//2458 620//620 2457//2457
f 2448//2448 2457//2457 551//551
f 2458//2458 2457//2457 2448//2448
f 158//158 2450//2450 2551//2551
f 2450//2450 618//618 2553//2553
f 2551//2551 2553//2553 641//641
f 2450//2450 2553//2553 2551//2551
f 618//618 2449//2449 2539//2539
f 2449//2449 42//42 2537//2537
f 2539//2539 2537//2537 638//638
f 2449//2449 2537//2537 2539//2539
f 641//641 2555//2555 2552//2552
f 2555//2555 638//638 2538//2538
f 2552//2552 2538//2538 162//162
f 2555//2555 2538//2538 2552//2552
f 618//618 2539//2539 2553//2553
f 2539//2539 638//638 2555//2555
f 2553//2553 2555//2555 641//641
f 2539//2539 2555//2555 2553//2553
f 143//143 2541//2541 2172//2172
f 2541//2541 639//639 2543//2543
f 2172//2172 2543//2543 552//552
f 2541//2541 2543//2543 2172//2172
f 639//639 2542//2542 2545//2545
f 2542//2542 162//162 2534//2534
f 2545//2545 2534//2534 637//637
f 2542//2542 2534//2534 2545//2545
f 552//552 2535//2535 2171//2171
f 2535//2535 637//637 2533//2533
f 2171//2171 2533//2533 39//39
f 2535//2535 2533//2533 2171//2171
f 639//639 2545//2545 2543//2543
f 2545//2545 637//637 2535//2535
f 2543//2543 2535//2535 552//552
f 2545//2545 2535//2535 2543//2543
f 158//158 2551//2551 2456//2456
f 2551//2551 641//641 2554//2554
f 2456//2456 2554//2554 620//620
f 2551//2551 2554//2554 2456//2456
f 641//641 2552//2552 2556//2556
f 2552//2552 162//162 2542//2542
f 2556//2556 2542//2542 639//639
f 2552//2552 2542//2542 2556//2556
f 620//620 2544//2544 2455//2455
f 2544//2544 639//639 2541//2541
f 2455//2455 2541//2541 143//143
f 2544//2544 2541//2541 2455//2455
f 641//641 2556//2556 2554//2554
f 2556//2556 639//639 2544//2544
f 2554//2554 2544//2544 620//620
f 2556//2556 2544//2544 2554//2554
f 42//42 2435//2435 2485//2485
f 2435//2435 614//614 2487//2487
f 2485//2485 2487//2487 627//627
f 2435//2435 2487//2487 2485//2485
f 614//614 2436//2436 2499//2499
f 2436//2436 157//157 2497//2497
f 2499//2499 2497//2497 630//630
f 2436//2436 2497//2497 2499//2499
f 627//627 2501//2501 2486//2486
f 2501//2501 630//630 2498//2498
f 2486//2486 2498//2498 160//160
f 2501//2501 2498//2498 2486//2486
f 614//614 2499//2499 2487//2487
f 2499//2499 630//630 2501//2501
f 2487//2487 2501//2501 627//627
f 2499//2499 2501//2501 2487//2487
f 157//157 2432//2432 2442//2442
f 2432//2432 613//613 2444//2444
f 2442//2442 2444//2444 616//616
f 2432//2432 2444//2444 2442//2442
f 613//613 2431//2431 2434//2434
f 2431//2431 11//11 1858//1858
f 2434//2434 1858//1858 475//475
f 2431//2431 1858//1858 2434//2434
f 616//616 2443//2443 2441//2441
f 2443//2443 475//475 1859//1859
f 2441//2441 1859//1859 125//125
f 2443//2443 1859//1859 2441//2441
f 613//613 2434//2434 2444//2444
f 2434//2434 475//475 2443//2443
f 2444//2444 2443//2443 616//616
f 2434//2434 2443//2443 2444//2444
f 160//160 2489//2489 2482//2482
f 2489//2489 628//628 2492//2492
f 2482//2482 2492//2492 626//626
f 2489//2489 2492//2492 2482//2482
f 628//628 2488//2488 2490//2490
f 2488//2488 125//125 1861//1861
f 2490//2490 1861//1861 476//476
f 2488//2488 1861//1861 2490//2490
f 626//626 2483//2483 2481//2481
f 2483//2483 476//476 1860//1860
f 2481//2481 1860//1860 35//35
f 2483//2483 1860//1860 2481//2481
f 628//628 2490//2490 2492//2492
f 2490//2490 476//476 2483//2483
f 2492//2492 2483//2483 626//626
f 2490//2490 2483//2483 2492//2492
f 157//157 2442//2442 2497//2497
f 2442//2442 616//616 2500//2500
f 2497//2497 2500//2500 630//630
f 2442//2442 2500//2500 2497//2497
f 616//616 2441//2441 2491//2491
f 2441//2441 125//125 2488//2488
f 2491//2491 2488//2488 628//628
f 2441//2441 2488//2488 2491//2491
f 630//630 2502//2502 2498//2498
f 2502//2502 628//628 2489//2489
f 2498//2498 2489//2489 160//160
f 2502//2502 2489//2489 2498//2498
f 616//616 2491//2491 2500//2500
f 2491//2491 628//628 2502//2502
f 2500//2500 2502//2502 630//630
f 2491//2491 2502//2502 2500//2500
f 39//39 2193//2193 2159//2159
f 2193//2193 558//558 2195//2195
f 2159//2159 2195//2195 548//548
f 2193//2193 2195//2195 2159//2159
f 558//558 2194//2194 2205//2205
f 2194//2194 145//145 2202//2202
f 2205//2205 2202//2202 560//560
f 2194//2194 2202//2202 2205//2205
f 548//548 2203//2203 2160//2160
f 2203//2203 560//560 2201//2201
f 2160//2160 2201//2201 142//142
f 2203//2203 2201//2201 2160//2160
f 558//558 2205//2205 2195//2195
f 2205//2205 560//560 2203//2203
f 2195//2195 2203//2203 548//548
f 2205//2205 2203//2203 2195//2195
f 145//145 2191//2191 2197//2197
f 2191//2191 557//557 2200//2200
f 2197//2197 2200//2200 559//559
f 2191//2191 2200//2200 2197//2197
f 557//557 2190//2190 2192//2192
f 2190//2190 35//35 1852//1852
f 2192//2192 1852//1852 473//473
f 2190//2190 1852//1852 2192//2192
f 559//559 2198//2198 2196//2196
f 2198//2198 473//473 1853//1853
f 2196//2196 1853//1853 124//124
f 2198//2198 1853//1853 2196//2196
f 557//557 2192//2192 2200//2200
f 2192//2192 473//473 2198//2198
f 2200//2200 2198//2198 559//559
f 2192//2192 2198//2198 2200//2200
f 142//142 2166//2166 2156//2156
f 2166//2166 550//550 2168//2168
f 2156//2156 2168//2168 547//547
f 2166//2166 2168//2168 2156//2156
f 550//550 2165//2165 2167//2167
f 2165//2165 124//124 1850//1850
f 2167//2167 1850//1850 472//472
f 2165//2165 1850//1850 2167//2167
f 547//547 2158//2158 2155//2155
f 2158//2158 472//472 1849//1849
f 2155//2155 1849//1849 3//3
f 2158//2158 1849//1849 2155//2155
f 550//550 2167//2167 2168//2168
f 2167//2167 472//472 2158//2158
f 2168//2168 2158//2158 547//547
f 2167//2167 2158//2158 2168//2168
f 145//145 2197//2197 2202//2202
f 2197//2197 559//559 2206//2206
f 2202//2202 2206//2206 560//560
f 2197//2197 2206//2206 2202//2202
f 559//559 2196//2196 2199//2199
f 2196//2196 124//124 2165//2165
f 2199//2199 2165//2165 550//550
f 2196//2196 2165//2165 2199//2199
f 560//560 2204//2204 2201//2201
f 2204//2204 550//550 2166//2166
f 2201//2201 2166//2166 142//142
f 2204//2204 2166//2166 2201//2201
f 559//559 2199//2199 2206//2206
f 2199//2199 550//550 2204//2204
f 2206//2206 2204//2204 560//560
f 2199//2199 2204//2204 2206//2206
f 42//42 2485//2485 2537//2537
f 2485//2485 627//627 2540//2540
f 2537//2537 2540//2540 638//638
f 2485//2485 2540//2540 2537//2537
f 627//627 2486//2486 2559//2559
f 2486//2486 160//160 2557//2557
f 2559//2559 2557//2557 642//642
f 2486//2486 2557//2557 2559//2559
f 638//638 2561//2561 2538//2538
f 2561//2561 642//642 2558//2558
f 2538//2538 2558//2558 162//162
f 2561//2561 2558//2558 2538//2538
f 627//627 2559//2559 2540//2540
f 2559//2559 642//642 2561//2561
f 2540//2540 2561//2561 638//638
f 2559//2559 2561//2561 2540//2540
f 160//160 2482//2482 2494//2494
f 2482//2482 626//626 2496//2496
f 2494//2494 2496//2496 629//629
f 2482//2482 2496//2496 2494//2494
f 626//626 2481//2481 2484//2484
f 2481//2481 35//35 2190//2190
f 2484//2484 2190//2190 557//557
f 2481//2481 2190//2190 2484//2484
f 629//629 2495//2495 2493//2493
f 2495//2495 557//557 2191//2191
f 2493//2493 2191//2191 145//145
f 2495//2495 2191//2191 2493//2493
f 626//626 2484//2484 2496//2496
f 2484//2484 557//557 2495//2495
f 2496//2496 2495//2495 629//629
f 2484//2484 2495//2495 2496//2496
f 162//162 2547//2547 2534//2534
f 2547//2547 640//640 2550//2550
f 2534//2534 2550//2550 637//637
f 2547//2547 2550//2550 2534//2534
f 640//640 2546//2546 2548//2548
f 2546//2546 145//145 2194//2194
f 2548//2548 2194//2194 558//558
f 2546//2546 2194//2194 2548//2548
f 637//637 2536//2536 2533//2533
f 2536//2536 558//558 2193//2193
f 2533//2533 2193//2193 39//39
f 2536//2536 2193//2193 2533//2533
f 640//640 2548//2548 2550//2550
f 2548//2548 558//558 2536//2536
f 2550//2550 2536//2536 637//637
f 2548//2548 2536//2536 2550//2550
f 160//160 2494//2494 2557//2557
f 2494//2494 629//629 2560//2560
f 2557//2557 2560//2560 642//642
f 2494//2494 2560//2560 2557//2557
f 629//629 2493//2493 2549//2549
f 2493//2493 145//145 2546//2546
f 2549//2549 2546//2546 640//640
f 2493//2493 2546//2546 2549//2549
f 642//642 2562//2562 2558//2558
f 2562//2562 640//640 2547//2547
f 2558//2558 2547//2547 162//162
f 2562//2562 2547//2547 2558//2558
f 629//629 2549//2549 2560//2560
f 2549//2549 640//640 2562//2562
f 2560//2560 2562//2562 642//642
f 2549//2549 2562//2562 2560//2560
f 11//11 1985//1985 1893//1893
f 1985//1985 507//507 1988//1988
f 1893//1893 1988//1988 485//485
f 1985//1985 1988//1988 1893//1893
f 507//507 1986//1986 1998//1998
f 1986//1986 133//133 1996//1996
f 1998//1998 1996//1996 510//510
f 1986//1986 1996//1996 1998//1998
f 485//485 1997//1997 1894//1894
f 1997//1997 510//510 1995//1995
f 1894//1894 1995//1995 128//128
f 1997//1997 1995//1995 1894//1894
f 507//507 1998//1998 1988//1988
f 1998//1998 510//510 1997//1997
f 1988//1988 1997//1997 485//485
f 1998//1998 1997//1997 1988//1988
f 133//133 1990//1990 2091//2091
f 1990//1990 508//508 2093//2093
f 2091//2091 2093//2093 531//531
f 1990//1990 2093//2093 2091//2091
f 508//508 1989//1989 2079//2079
f 1989//1989 37//37 2077//2077
f 2079//2079 2077//2077 528//528
f 1989//1989 2077//2077 2079//2079
f 531//531 2095//2095 2092//2092
f 2095//2095 528//528 2078//2078
f 2092//2092 2078//2078 137//137
f 2095//2095 2078//2078 2092//2092
f 508//508 2079//2079 2093//2093
f 2079//2079 528//528 2095//2095
f 2093//2093 2095//2095 531//531
f 2079//2079 2095//2095 2093//2093
f 128//128 2081//2081 1897//1897
f 2081//2081 529//529 2083//2083
f 1897//1897 2083//2083 486//486
f 2081//2081 2083//2083 1897//1897
f 529//529 2082//2082 2085//2085
f 2082//2082 137//137 2074//2074
f 2085//2085 2074//2074 527//527
f 2082//2082 2074//2074 2085//2085
f 486//486 2075//2075 1896//1896
f 2075//2075 527//527 2073//2073
f 1896//1896 2073//2073 36//36
f 2075//2075 2073//2073 1896//1896
f 529//529 2085//2085 2083//2083
f 2085//2085 527//527 2075//2075
f 2083//2083 2075//2075 486//486
f 2085//2085 2075//2075 2083//2083
f 133//133 2091//2091 1996//1996
f 2091//2091 531//531 2094//2094
f 1996//1996 2094//2094 510//510
f 2091//2091 2094//2094 1996//1996
f 531//531 2092//2092 2096//2096
f 2092//2092 137//137 2082//2082
f 2096//2096 2082//2082 529//529
f 2092//2092 2082//2082 2096//2096
f 510//510 2084//2084 1995//1995
f 2084//2084 529//529 2081//2081
f 1995//1995 2081//2081 128//128
f 2084//2084 2081//2081 1995//1995
f 531//531 2096//2096 2094//2094
f 2096//2096 529//529 2084//2084
f 2094//2094 2084//2084 510//510
f 2096//2096 2084//2084 2094//2094
f 37//37 1975//1975 2025//2025
f 1975//1975 504//504 2027//2027
f 2025//2025 2027//2027 517//517
f 1975//1975 2027//2027 2025//2025
f 504//504 1976//1976 2039//2039
f 1976//1976 132//132 2037//2037
f 2039//2039 2037//2037 520//520
f 1976//1976 2037//2037 2039//2039
f 517//517 2041//2041 2026//2026
f 2041//2041 520//520 2038//2038
f 2026//2026 2038//2038 135//135
f 2041//2041 2038//2038 2026//2026
f 504//504 2039//2039 2027//2027
f 2039//2039 520//520 2041//2041
f 2027//2027 2041//2041 517//517
f 2039//2039 2041//2041 2027//2027
f 132//132 1972//1972 1982//1982
f 1972//1972 503//503 1984//1984
f 1982//1982 1984//1984 506//506
f 1972//1972 1984//1984 1982//1982
f 503//503 1971//1971 1974//1974
f 1971//1971 8//8 1071//1071
f 1974//1974 1071//1071 281//281
f 1971//1971 1071//1071 1974//1974
f 506//506 1983//1983 1981//1981
f 1983//1983 281//281 1072//1072
f 1981//1981 1072//1072 78//78
f 1983//1983 1072//1072 1981//1981
f 503//503 1974//1974 1984//1984
f 1974//1974 281//281 1983//1983
f 1984//1984 1983//1983 506//506
f 1974//1974 1983//1983 1984//1984
f 135//135 2029//2029 2022//2022
f 2029//2029 518//518 2032//2032
f 2022//2022 2032//2032 516//516
f 2029//2029 2032//2032 2022//2022
f 518//518 2028//2028 2030//2030
f 2028//2028 78//78 1074//1074
f 2030//2030 1074//1074 282//282
f 2028//2028 1074//1074 2030//2030
f 516//516 2023//2023 2021//2021
f 2023//2023 282//282 1073//1073
f 2021//2021 1073//1073 24//24
f 2023//2023 1073//1073 2021//2021
f 518//518 2030//2030 2032//2032
f 2030//2030 282//282 2023//2023
f 2032//2032 2023//2023 516//516
f 2030//2030 2023//2023 2032//2032
f 132//132 1982//1982 2037//2037
f 1982//1982 506//506 2040//2040
f 2037//2037 2040//2040 520//520
f 1982//1982 2040//2040 2037//2037
f 506//506 1981//1981 2031//2031
f 1981//1981 78//78 2028//2028
f 2031//2031 2028//2028 518//518
f 1981//1981 2028//2028 2031//2031
f 520//520 2042//2042 2038//2038
f 2042//2042 518//518 2029//2029
f 2038//2038 2029//2029 135//135
f 2042//2042 2029//2029 2038//2038
f 506//506 2031//2031 2040//2040
f 2031//2031 518//518 2042//2042
f 2040//2040 2042//2042 520//520
f 2031//2031 2042//2042 2040//2040
f 36//36 1927//1927 1883//1883
f 1927//1927 494//494 1929//1929
f 1883//1883 1929//1929 482//482
f 1927//1927 1929//1929 1883//1883
f 494//494 1928//1928 1939//1939
f 1928//1928 130//130 1936//1936
f 1939//1939 1936//1936 496//496
f 1928//1928 1936//1936 1939//1939
f 482//482 1937//1937 1884//1884
f 1937//1937 496//496 1935//1935
f 1884//1884 1935//1935 127//127
f 1937//1937 1935//1935 1884//1884
f 494//494 1939//1939 1929//1929
f 1939//1939 496//496 1937//1937
f 1929//1929 1937//1937 482//482
f 1939//1939 1937//1937 1929//1929
f 130//130 1925//1925 1931//1931
f 1925//1925 493//493 1934//1934
f 1931//1931 1934//1934 495//495
f 1925//1925 1934//1934 1931//1931
f 493//493 1924//1924 1926//1926
f 1924//1924 24//24 1069//1069
f 1926//1926 1069//1069 280//280
f 1924//1924 1069//1069 1926//1926
f 495//495 1932//1932 1930//1930
f 1932//1932 280//280 1070//1070
f 1930//1930 1070//1070 77//77
f 1932//1932 1070//1070 1930//1930
f 493//493 1926//1926 1934//1934
f 1926//1926 280//280 1932//1932
f 1934//1934 1932//1932 495//495
f 1926//1926 1932//1932 1934//1934
f 127//127 1890//1890 1880//1880
f 1890//1890 484//484 1892//1892
f 1880//1880 1892//1892 481//481
f 1890//1890 1892//1892 1880//1880
f 484//484 1889//1889 1891//1891
f 1889//1889 77//77 1068//1068
f 1891//1891 1068//1068 279//279
f 1889//1889 1068//1068 1891//1891
f 481//481 1882//1882 1879//1879
f 1882//1882 279//279 1067//1067
f 1879//1879 1067//1067 7//7
f 1882//1882 1067//1067 1879//1879
f 484//484 1891//1891 1892//1892
f 1891//1891 279//279 1882//1882
f 1892//1892 1882//1882 481//481
f 1891//1891 1882//1882 1892//1892
f 130//130 1931//1931 1936//1936
f 1931//1931 495//495 1940//1940
f 1936//1936 1940//1940 496//496
f 1931//1931 1940//1940 1936//1936
f 495//495 1930//1930 1933//1933
f 1930//1930 77//77 1889//1889
f 1933//1933 1889//1889 484//484
f 1930//1930 1889//1889 1933//1933
f 496//496 1938//1938 1935//1935
f 1938//1938 484//484 1890//1890
f 1935//1935 1890//1890 127//127
f 1938//1938 1890//1890 1935//1935
f 495//495 1933//1933 1940//1940
f 1933//1933 484//484 1938//1938
f 1940//1940 1938//1938 496//496
f 1933//1933 1938//1938 1940//1940
f 37//37 2025//2025 2077//2077
f 2025//2025 517//517 2080//2080
f 2077//2077 2080//2080 528//528
f 2025//2025 2080//2080 2077//2077
f 517//517 2026//2026 2099//2099
f 2026//2026 135//135 2097//2097
f 2099//2099 2097//2097 532//532
f 2026//2026 2097//2097 2099//2099
f 528//528 2101//2101 2078//2078
f 2101//2101 532//532 2098//2098
f 2078//2078 2098//2098 137//137
f 2101//2101 2098//2098 2078//2078
f 517//517 2099//2099 2080//2080
f 2099//2099 532//532 2101//2101
f 2080//2080 2101//2101 528//528
f 2099//2099 2101//2101 2080//2080
f 135//135 2022//2022 2034//2034
f 2022//2022 516//516 2036//2036
f 2034//2034 2036//2036 519//519
f 2022//2022 2036//2036 2034//2034
f 516//516 2021//2021 2024//2024
f 2021//2021 24//24 1924//1924
f 2024//2024 1924//1924 493//493
f 2021//2021 1924//1924 2024//2024
f 519//519 2035//2035 2033//2033
f 2035//2035 493//493 1925//1925
f 2033//2033 1925//1925 130//130
f 2035//2035 1925//1925 2033//2033
f 516//516 2024//2024 2036//2036
f 2024//2024 493//493 2035//2035
f 2036//2036 2035//2035 519//519
f 2024//2024 2035//2035 2036//2036
f 137//137 2087//2087 2074//2074
f 2087//2087 530//530 2090//2090
f 2074//2074 2090//2090 527//527
f 2087//2087 2090//2090 2074//2074
f 530//530 2086//2086 2088//2088
f 2086//2086 130//130 1928//1928
f 2088//2088 1928//1928 494//494
f 2086//2086 1928//1928 2088//2088
f 527//527 2076//2076 2073//2073
f 2076//2076 494//494 1927//1927
f 2073//2073 1927//1927 36//36
f 2076//2076 1927//1927 2073//2073
f 530//530 2088//2088 2090//2090
f 2088//2088 494//494 2076//2076
f 2090//2090 2076//2076 527//527
f 2088//2088 2076//2076 2090//2090
f 135//135 2034//2034 2097//2097
f 2034//2034 519//519 2100//2100
f 2097//2097 2100//2100 532//532
f 2034//2034 2100//2100 2097//2097
f 519//519 2033//2033 2089//2089
f 2033//2033 130//130 2086//2086
f 2089//2089 2086//2086 530//530
f 2033//2033 2086//2086 2089//2089
f 532//532 2102//2102 2098//2098
f 2102//2102 530//530 2087//2087
f 2098//2098 2087//2087 137//137
f 2102//2102 2087//2087 2098//2098
f 519//519 2089//2089 2100//2100
f 2089//2089 530//530 2102//2102
f 2100//2100 2102//2102 532//532
f 2089//2089 2102//2102 2100//2100
f 8//8 1006//1006 1227//1227
f 1006//1006 265//265 1229//1229
f 1227//1227 1229//1229 323//323
f 1006//1006 1229//1229 1227//1227
f 265//265 1007//1007 1235//1235
f 1007//1007 74//74 1233//1233
f 1235//1235 1233//1233 325//325
f 1007//1007 1233//1233 1235//1235
f 323//323 1236//1236 1228//1228
f 1236//1236 325//325 1234//1234
f 1228//1228 1234//1234 90//90
f 1236//1236 1234//1234 1228//1228
f 265//265 1235//1235 1229//1229
f 1235//1235 325//325 1236//1236
f 1229//1229 1236//1236 323//323
f 1235//1235 1236//1236 1229//1229
f 74//74 1010//1010 1262//1262
f 1010//1010 266//266 1264//1264
f 1262//1262 1264//1264 333//333
f 1010//1010 1264//1264 1262//1262
f 266//266 1009//1009 1257//1257
f 1009//1009 23//23 1255//1255
f 1257//1257 1255//1255 331//331
f 1009//1009 1255//1255 1257//1257
f 333//333 1266//1266 1263//1263
f 1266//1266 331//331 1256//1256
f 1263//1263 1256//1256 92//92
f 1266//1266 1256//1256 1263//1263
f 266//266 1257//1257 1264//1264
f 1257//1257 331//331 1266//1266
f 1264//1264 1266//1266 333//333
f 1257//1257 1266//1266 1264//1264
f 90//90 1271//1271 1232//1232
f 1271//1271 335//335 1273//1273
f 1232//1232 1273//1273 324//324
f 1271//1271 1273//1273 1232//1232
f 335//335 1272//1272 1275//1275
f 1272//1272 92//92 1260//1260
f 1275//1275 1260//1260 332//332
f 1272//1272 1260//1260 1275//1275
f 324//324 1261//1261 1231//1231
f 1261//1261 332//332 1259//1259
f 1231//1231 1259//1259 28//28
f 1261//1261 1259//1259 1231//1231
f 335//335 1275//1275 1273//1273
f 1275//1275 332//332 1261//1261
f 1273//1273 1261//1261 324//324
f 1275//1275 1261//1261 1273//1273
f 74//74 1262//1262 1233//1233
f 1262//1262 333//333 1265//1265
f 1233//1233 1265//1265 325//325
f 1262//1262 1265//1265 1233//1233
f 333//333 1263//1263 1276//1276
f 1263//1263 92//92 1272//1272
f 1276//1276 1272//1272 335//335
f 1263//1263 1272//1272 1276//1276
f 325//325 1274//1274 1234//1234
f 1274//1274 335//335 1271//1271
f 1234//1234 1271//1271 90//90
f 1274//1274 1271//1271 1234//1234
f 333//333 1276//1276 1265//1265
f 1276//1276 335//335 1274//1274
f 1265//1265 1274//1274 325//325
f 1276//1276 1274//1274 1265//1265
f 23//23 1000//1000 1088//1088
f 1000//1000 263//263 1090//1090
f 1088//1088 1090//1090 288//288
f 1000//1000 1090//1090 1088//1088
f 263//263 1001//1001 1096//1096
f 1001//1001 73//73 1094//1094
f 1096//1096 1094//1094 290//290
f 1001//1001 1094//1094 1096//1096
f 288//288 1098//1098 1089//1089
f 1098//1098 290//290 1095//1095
f 1089//1089 1095//1095 81//81
f 1098//1098 1095//1095 1089//1089
f 263//263 1096//1096 1090//1090
f 1096//1096 290//290 1098//1098
f 1090//1090 1098//1098 288//288
f 1096//1096 1098//1098 1090//1090
f 73//73 998//998 1080//1080
f 998//998 262//262 1082//1082
f 1080//1080 1082//1082 285//285
f 998//998 1082//1082 1080//1080
f 262//262 997//997 1077//1077
f 997//997 2//2 1075//1075
f 1077//1077 1075//1075 283//283
f 997//997 1075//1075 1077//1077
f 285//285 1083//1083 1081//1081
f 1083//1083 283//283 1076//1076
f 1081//1081 1076//1076 79//79
f 1083//1083 1076//1076 1081//1081
f 262//262 1077//1077 1082//1082
f 1077//1077 283//283 1083//1083
f 1082//1082 1083//1083 285//285
f 1077//1077 1083//1083 1082//1082
f 81//81 1100//1100 1092//1092
f 1100//1100 291//291 1103//1103
f 1092//1092 1103//1103 289//289
f 1100//1100 1103//1103 1092//1092
f 291//291 1099//1099 1101//1101
f 1099//1099 79//79 1079//1079
f 1101//1101 1079//1079 284//284
f 1099//1099 1079//1079 1101//1101
f 289//289 1093//1093 1091//1091
f 1093//1093 284//284 1078//1078
f 1091//1091 1078//1078 25//25
f 1093//1093 1078//1078 1091//1091
f 291//291 1101//1101 1103//1103
f 1101//1101 284//284 1093//1093
f 1103//1103 1093//1093 289//289
f 1101//1101 1093//1093 1103//1103
f 73//73 1080//1080 1094//1094
f 1080//1080 285//285 1097//1097
f 1094//1094 1097//1097 290//290
f 1080//1080 1097//1097 1094//1094
f 285//285 1081//1081 1102//1102
f 1081//1081 79//79 1099//1099
f 1102//1102 1099//1099 291//291
f 1081//1081 1099//1099 1102//1102
f 290//290 1104//1104 1095//1095
f 1104//1104 291//291 1100//1100
f 1095//1095 1100//1100 81//81
f 1104//1104 1100//1100 1095//1095
f 285//285 1102//1102 1097//1097
f 1102//1102 291//291 1104//1104
f 1097//1097 1104//1104 290//290
f 1102//1102 1104//1104 1097//1097
f 28//28 1303//1303 1245//1245
f 1303//1303 342//342 1305//1305
f 1245//1245 1305//1305 328//328
f 1303//1303 1305//1305 1245//1245
f 342//342 1304//1304 1321//1321
f 1304//1304 94//94 1318//1318
f 1321//1321 1318//1318 345//345
f 1304//1304 1318//1318 1321//1321
f 328//328 1319//1319 1246//1246
f 1319//1319 345//345 1317//1317
f 1246//1246 1317//1317 91//91
f 1319//1319 1317//1317 1246//1246
f 342//342 1321//1321 1305//1305
f 1321//1321 345//345 1319//1319
f 1305//1305 1319//1319 328//328
f 1321//1321 1319//1319 1305//1305
f 94//94 1300//1300 1308//1308
f 1300//1300 341//341 1311//1311
f 1308//1308 1311//1311 343//343
f 1300//1300 1311//1311 1308//1308
f 341//341 1299//1299 1301//1301
f 1299//1299 25//25 1086//1086
f 1301//1301 1086//1086 287//287
f 1299//1299 1086//1086 1301//1301
f 343//343 1309//1309 1307//1307
f 1309//1309 287//287 1087//1087
f 1307//1307 1087//1087 80//80
f 1309//1309 1087//1087 1307//1307
f 341//341 1301//1301 1311//1311
f 1301//1301 287//287 1309//1309
f 1311//1311 1309//1309 343//343
f 1301//1301 1309//1309 1311//1311
f 91//91 1248//1248 1242//1242
f 1248//1248 329//329 1250//1250
f 1242//1242 1250//1250 327//327
f 1248//1248 1250//1250 1242//1242
f 329//329 1247//1247 1249//1249
f 1247//1247 80//80 1085//1085
f 1249//1249 1085//1085 286//286
f 1247//1247 1085//1085 1249//1249
f 327//327 1243//1243 1241//1241
f 1243//1243 286//286 1084//1084
f 1241//1241 1084//1084 9//9
f 1243//1243 1084//1084 1241//1241
f 329//329 1249//1249 1250//1250
f 1249//1249 286//286 1243//1243
f 1250//1250 1243//1243 327//327
f 1249//1249 1243//1243 1250//1250
f 94//94 1308//1308 1318//1318
f 1308//1308 343//343 1322//1322
f 1318//1318 1322//1322 345//345
f 1308//1308 1322//1322 1318//1318
f 343//343 1307//1307 1310//1310
f 1307//1307 80//80 1247//1247
f 1310//1310 1247//1247 329//329
f 1307//1307 1247//1247 1310//1310
f 345//345 1320//1320 1317//1317
f 1320//1320 329//329 1248//1248
f 1317//1317 1248//1248 91//91
f 1320//1320 1248//1248 1317//1317
f 343//343 1310//1310 1322//1322
f 1310//1310 329//329 1320//1320
f 1322//1322 1320//1320 345//345
f 1310//1310 1320//1320 1322//1322
f 23//23 1088//1088 1255//1255
f 1088//1088 288//288 1258//1258
f 1255//1255 1258//1258 331//331
f 1088//1088 1258//1258 1255//1255
f 288//288 1089//1089 1269//1269
f 1089//1089 81//81 1267//1267
f 1269//1269 1267//1267 334//334
f 1089//1089 1267//1267 1269//1269
f 331//331 1270//1270 1256//1256
f 1270//1270 334//334 1268//1268
f 1256//1256 1268//1268 92//92
f 1270//1270 1268//1268 1256//1256
f 288//288 1269//1269 1258//1258
f 1269//1269 334//334 1270//1270
f 1258//1258 1270//1270 331//331
f 1269//1269 1270//1270 1258//1258
f 81//81 1092//1092 1312//1312
f 1092//1092 289//289 1314//1314
f 1312//1312 1314//1314 344//344
f 1092//1092 1314//1314 1312//1312
f 289//289 1091//1091 1302//1302
f 1091//1091 25//25 1299//1299
f 1302//1302 1299//1299 341//341
f 1091//1091 1299//1299 1302//1302
f 344//344 1316//1316 1313//1313
f 1316//1316 341//341 1300//1300
f 1313//1313 1300//1300 94//94
f 1316//1316 1300//1300 1313//1313
f 289//289 1302//1302 1314//1314
f 1302//1302 341//341 1316//1316
f 1314//1314 1316//1316 344//344
f 1302//1302 1316//1316 1314//1314
f 92//92 1323//1323 1260//1260
f 1323//1323 346//346 1325//1325
f 1260//1260 1325//1325 332//332
f 1323//1323 1325//1325 1260//1260
f 346//346 1324//1324 1327//1327
f 1324//1324 94//94 1304//1304
f 1327//1327 1304//1304 342//342
f 1324//1324 1304//1304 1327//1327
f 332//332 1306//1306 1259//1259
f 1306//1306 342//342 1303//1303
f 1259//1259 1303//1303 28//28
f 1306//1306 1303//1303 1259//1259
f 346//346 1327//1327 1325//1325
f 1327//1327 342//342 1306//1306
f 1325//1325 1306//1306 332//332
f 1327//1327 1306//1306 1325//1325
f 81//81 1312//1312 1267//1267
f 1312//1312 344//344 1315//1315
f 1267//1267 1315//1315 334//334
f 1312//1312 1315//1315 1267//1267
f 344//344 1313//1313 1328//1328
f 1313//1313 94//94 1324//1324
f 1328//1328 1324//1324 346//346
f 1313//1313 1324//1324 1328//1328
f 334//334 1326//1326 1268//1268
f 1326//1326 346//346 1323//1323
f 1268//1268 1323//1323 92//92
f 1326//1326 1323//1323 1268//1268
f 344//344 1328//1328 1315//1315
f 1328//1328 346//346 1326//1326
f 1315//1315 1326//1326 334//334
f 1328//1328 1326//1326 1315//1315
f 4//4 1411//1411 689//689
f 1411//1411 367//367 1413//1413
f 689//689 1413//1413 180//180
f 1411//1411 1413//1413 689//689
f 367//367 1412//1412 1420//1420
f 1412//1412 100//100 1418//1418
f 1420//1420 1418//1418 369//369
f 1412//1412 1418//1418 1420//1420
f 180//180 1419//1419 690//690
f 1419//1419 369//369 1417//1417
f 690//690 1417//1417 50//50
f 1419//1419 1417//1417 690//690
f 367//367 1420//1420 1413//1413
f 1420//1420 369//369 1419//1419
f 1413//1413 1419//1419 180//180
f 1420//1420 1419//1419 1413//1413
f 100//100 1416//1416 1440//1440
f 1416//1416 368//368 1442//1442
f 1440//1440 1442//1442 376//376
f 1416//1416 1442//1442 1440//1440
f 368//368 1415//1415 1434//1434
f 1415//1415 30//30 1432//1432
f 1434//1434 1432//1432 374//374
f 1415//1415 1432//1432 1434//1434
f 376//376 1444//1444 1441//1441
f 1444//1444 374//374 1433//1433
f 1441//1441 1433//1433 102//102
f 1444//1444 1433//1433 1441//1441
f 368//368 1434//1434 1442//1442
f 1434//1434 374//374 1444//1444
f 1442//1442 1444//1444 376//376
f 1434//1434 1444//1444 1442//1442
f 50//50 1435//1435 693//693
f 1435//1435 375//375 1437//1437
f 693//693 1437//1437 181//181
f 1435//1435 1437//1437 693//693
f 375//375 1436//1436 1439//1439
f 1436//1436 102//102 1430//1430
f 1439//1439 1430//1430 373//373
f 1436//1436 1430//1430 1439//1439
f 181//181 1431//1431 692//692
f 1431//1431 373//373 1429//1429
f 692//692 1429//1429 16//16
f 1431//1431 1429//1429 692//692
f 375//375 1439//1439 1437//1437
f 1439//1439 373//373 1431//1431
f 1437//1437 1431//1431 181//181
f 1439//1439 1431//1431 1437//1437
f 100//100 1440//1440 1418//1418
f 1440//1440 376//376 1443//1443
f 1418//1418 1443//1443 369//369
f 1440//1440 1443//1443 1418//1418
f 376//376 1441//1441 1445//1445
f 1441//1441 102//102 1436//1436
f 1445//1445 1436//1436 375//375
f 1441//1441 1436//1436 1445//1445
f 369//369 1438//1438 1417//1417
f 1438//1438 375//375 1435//1435
f 1417//1417 1435//1435 50//50
f 1438//1438 1435//1435 1417//1417
f 376//376 1445//1445 1443//1443
f 1445//1445 375//375 1438//1438
f 1443//1443 1438//1438 369//369
f 1445//1445 1438//1438 1443//1443
f 30//30 1427//1427 1525//1525
f 1427//1427 372//372 1527//1527
f 1525//1525 1527//1527 397//397
f 1427//1427 1527//1527 1525//1525
f 372//372 1428//1428 1535//1535
f 1428//1428 101//101 1533//1533
f 1535//1535 1533//1533 399//399
f 1428//1428 1533//1533 1535//1535
f 397//397 1537//1537 1526//1526
f 1537//1537 399//399 1534//1534
f 1526//1526 1534//1534 108//108
f 1537//1537 1534//1534 1526//1526
f 372//372 1535//1535 1527//1527
f 1535//1535 399//399 1537//1537
f 1527//1527 1537//1537 397//397
f 1535//1535 1537//1537 1527//1527
f 101//101 1426//1426 1482//1482
f 1426//1426 371//371 1484//1484
f 1482//1482 1484//1484 387//387
f 1426//1426 1484//1484 1482//1482
f 371//371 1425//1425 1479//1479
f 1425//1425 10//10 1477//1477
f 1479//1479 1477//1477 385//385
f 1425//1425 1477//1477 1479//1479
f 387//387 1485//1485 1483//1483
f 1485//1485 385//385 1478//1478
f 1483//1483 1478//1478 105//105
f 1485//1485 1478//1478 1483//1483
f 371//371 1479//1479 1484//1484
f 1479//1479 385//385 1485//1485
f 1484//1484 1485//1485 387//387
f 1479//1479 1485//1485 1484//1484
f 108//108 1544//1544 1530//1530
f 1544//1544 401//401 1547//1547
f 1530//1530 1547//1547 398//398
f 1544//1544 1547//1547 1530//1530
f 401//401 1543//1543 1545//1545
f 1543//1543 105//105 1481//1481
f 1545//1545 1481//1481 386//386
f 1543//1543 1481//1481 1545//1545
f 398//398 1531//1531 1529//1529
f 1531//1531 386//386 1480//1480
f 1529//1529 1480//1480 31//31
f 1531//1531 1480//1480 1529//1529
f 401//401 1545//1545 1547//1547
f 1545//1545 386//386 1531//1531
f 1547//1547 1531//1531 398//398
f 1545//1545 1531//1531 1547//1547
f 101//101 1482//1482 1533//1533
f 1482//1482 387//387 1536//1536
f 1533//1533 1536//1536 399//399
f 1482//1482 1536//1536 1533//1533
f 387//387 1483//1483 1546//1546
f 1483//1483 105//105 1543//1543
f 1546//1546 1543//1543 401//401
f 1483//1483 1543//1543 1546//1546
f 399//399 1548//1548 1534//1534
f 1548//1548 401//401 1544//1544
f 1534//1534 1544//1544 108//108
f 1548//1548 1544//1544 1534//1534
f 387//387 1546//1546 1536//1536
f 1546//1546 401//401 1548//1548
f 1536//1536 1548//1548 399//399
f 1546//1546 1548//1548 1536//1536
f 16//16 1486//1486 701//701
f 1486//1486 388//388 1488//1488
f 701//701 1488//1488 184//184
f 1486//1486 1488//1488 701//701
f 388//388 1487//1487 1497//1497
f 1487//1487 106//106 1494//1494
f 1497//1497 1494//1494 390//390
f 1487//1487 1494//1494 1497//1497
f 184//184 1495//1495 702//702
f 1495//1495 390//390 1493//1493
f 702//702 1493//1493 51//51
f 1495//1495 1493//1493 702//702
f 388//388 1497//1497 1488//1488
f 1497//1497 390//390 1495//1495
f 1488//1488 1495//1495 184//184
f 1497//1497 1495//1495 1488//1488
f 106//106 1491//1491 1503//1503
f 1491//1491 389//389 1506//1506
f 1503//1503 1506//1506 392//392
f 1491//1491 1506//1506 1503//1503
f 389//389 1490//1490 1492//1492
f 1490//1490 31//31 1467//1467
f 1492//1492 1467//1467 382//382
f 1490//1490 1467//1467 1492//1492
f 392//392 1504//1504 1502//1502
f 1504//1504 382//382 1468//1468
f 1502//1502 1468//1468 104//104
f 1504//1504 1468//1468 1502//1502
f 389//389 1492//1492 1506//1506
f 1492//1492 382//382 1504//1504
f 1506//1506 1504//1504 392//392
f 1492//1492 1504//1504 1506//1506
f 51//51 1469//1469 699//699
f 1469//1469 383//383 1471//1471
f 699//699 1471//1471 183//183
f 1469//1469 1471//1471 699//699
f 383//383 1470//1470 1472//1472
f 1470//1470 104//104 1464//1464
f 1472//1472 1464//1464 381//381
f 1470//1470 1464//1464 1472//1472
f 183//183 1465//1465 698//698
f 1465//1465 381//381 1463//1463
f 698//698 1463//1463 5//5
f 1465//1465 1463//1463 698//698
f 383//383 1472//1472 1471//1471
f 1472//1472 381//381 1465//1465
f 1471//1471 1465//1465 183//183
f 1472//1472 1465//1465 1471//1471
f 106//106 1503//1503 1494//1494
f 1503//1503 392//392 1507//1507
f 1494//1494 1507//1507 390//390
f 1503//1503 1507//1507 1494//1494
f 392//392 1502//1502 1505//1505
f 1502//1502 104//104 1470//1470
f 1505//1505 1470//1470 383//383
f 1502//1502 1470//1470 1505//1505
f 390//390 1496//1496 1493//1493
f 1496//1496 383//383 1469//1469
f 1493//1493 1469//1469 51//51
f 1496//1496 1469//1469 1493//1493
f 392//392 1505//1505 1507//1507
f 1505//1505 383//383 1496//1496
f 1507//1507 1496//1496 390//390
f 1505//1505 1496//1496 1507//1507
f 30//30 1525//1525 1432//1432
f 1525//1525 397//397 1528//1528
f 1432//1432 1528//1528 374//374
f 1525//1525 1528//1528 1432//1432
f 397//397 1526//1526 1542//1542
f 1526//1526 108//108 1539//1539
f 1542//1542 1539//1539 400//400
f 1526//1526 1539//1539 1542//1542
f 374//374 1540//1540 1433//1433
f 1540//1540 400//400 1538//1538
f 1433//1433 1538//1538 102//102
f 1540//1540 1538//1538 1433//1433
f 397//397 1542//1542 1528//1528
f 1542//1542 400//400 1540//1540
f 1528//1528 1540//1540 374//374
f 1542//1542 1540//1540 1528//1528
f 108//108 1530//1530 1550//1550
f 1530//1530 398//398 1553//1553
f 1550//1550 1553//1553 402//402
f 1530//1530 1553//1553 1550//1550
f 398//398 1529//1529 1532//1532
f 1529//1529 31//31 1490//1490
f 1532//1532 1490//1490 389//389
f 1529//1529 1490//1490 1532//1532
f 402//402 1551//1551 1549//1549
f 1551//1551 389//389 1491//1491
f 1549//1549 1491//1491 106//106
f 1551//1551 1491//1491 1549//1549
f 398//398 1532//1532 1553//1553
f 1532//1532 389//389 1551//1551
f 1553//1553 1551//1551 402//402
f 1532//1532 1551//1551 1553//1553
f 102//102 1498//1498 1430//1430
f 1498//1498 391//391 1500//1500
f 1430//1430 1500//1500 373//373
f 1498//1498 1500//1500 1430//1430
f 391//391 1499//1499 1501//1501
f 1499//1499 106//106 1487//1487
f 1501//1501 1487//1487 388//388
f 1499//1499 1487//1487 1501//1501
f 373//373 1489//1489 1429//1429
f 1489//1489 388//388 1486//1486
f 1429//1429 1486//1486 16//16
f 1489//1489 1486//1486 1429//1429
f 391//391 1501//1501 1500//1500
f 1501//1501 388//388 1489//1489
f 1500//1500 1489//1489 373//373
f 1501//1501 1489//1489 1500//1500
f 108//108 1550//1550 1539//1539
f 1550//1550 402//402 1554//1554
f 1539//1539 1554//1554 400//400
f 1550//1550 1554//1554 1539//1539
f 402//402 1549//1549 1552//1552
f 1549//1549 106//106 1499//1499
f 1552//1552 1499//1499 391//391
f 1549//1549 1499//1499 1552//1552
f 400//400 1541//1541 1538//1538
f 1541//1541 391//391 1498//1498
f 1538//1538 1498//1498 102//102
f 1541//1541 1498//1498 1538//1538
f 402//402 1552//1552 1554//1554
f 1552//1552 391//391 1541//1541
f 1554//1554 1541//1541 400//400
f 1552//1552 1541//1541 1554//1554
f 4//4 689//689 655//655
f 689//689 180//180 691//691
f 655//655 691//691 169//169
f 689//689 691//691 655//655
f 180//180 690//690 697//697
f 690//690 50//50 695//695
f 697//697 695//695 182//182
f 690//690 695//695 697//697
f 169//169 696//696 656//656
f 696//696 182//182 694//694
f 656//656 694//694 46//46
f 696//696 694//694 656//656
f 180//180 697//697 691//691
f 697//697 182//182 696//696
f 691//691 696//696 169//169
f 697//697 696//696 691//691
f 50//50 693//693 723//723
f 693//693 181//181 725//725
f 723//723 725//725 190//190
f 693//693 725//725 723//723
f 181//181 692//692 713//713
f 692//692 16//16 711//711
f 713//713 711//711 187//187
f 692//692 711//711 713//713
f 190//190 727//727 724//724
f 727//727 187//187 712//712
f 724//724 712//712 52//52
f 727//727 712//712 724//724
f 181//181 713//713 725//725
f 713//713 187//187 727//727
f 725//725 727//727 190//190
f 713//713 727//727 725//725
f 46//46 714//714 658//658
f 714//714 188//188 716//716
f 658//658 716//716 170//170
f 714//714 716//716 658//658
f 188//188 715//715 718//718
f 715//715 52//52 708//708
f 718//718 708//708 186//186
f 715//715 708//708 718//718
f 170//170 709//709 657//657
f 709//709 186//186 707//707
f 657//657 707//707 14//14
f 709//709 707//707 657//657
f 188//188 718//718 716//716
f 718//718 186//186 709//709
f 716//716 709//709 170//170
f 718//718 709//709 716//716
f 50//50 723//723 695//695
f 723//723 190//190 726//726
f 695//695 726//726 182//182
f 723//723 726//726 695//695
f 190//190 724//724 728//728
f 724//724 52//52 715//715
f 728//728 715//715 188//188
f 724//724 715//715 728//728
f 182//182 717//717 694//694
f 717//717 188//188 714//714
f 694//694 714//714 46//46
f 717//717 714//714 694//694
f 190//190 728//728 726//726
f 728//728 188//188 717//717
f 726//726 717//717 182//182
f 728//728 717//717 726//726
f 16//16 701//701 733//733
f 701//701 184//184 735//735
f 733//733 735//735 192//192
f 701//701 735//735 733//733
f 184//184 702//702 749//749
f 702//702 51//51 747//747
f 749//749 747//747 195//195
f 702//702 747//747 749//749
f 192//192 751//751 734//734
f 751//751 195//195 748//748
f 734//734 748//748 53//53
f 751//751 748//748 734//734
f 184//184 749//749 735//735
f 749//749 195//195 751//751
f 735//735 751//751 192//192
f 749//749 751//751 735//735
f 51//51 699//699 704//704
f 699//699 183//183 706//706
f 704//704 706//706 185//185
f 699//699 706//706 704//704
f 183//183 698//698 700//700
f 698//698 5//5 668//668
f 700//700 668//668 174//174
f 698//698 668//668 700//700
f 185//185 705//705 703//703
f 705//705 174//174 669//669
f 703//703 669//669 48//48
f 705//705 669//669 703//703
f 183//183 700//700 706//706
f 700//700 174//174 705//705
f 706//706 705//705 185//185
f 700//700 705//705 706//706
f 53//53 738//738 730//730
f 738//738 193//193 741//741
f 730//730 741//741 191//191
f 738//738 741//741 730//730
f 193//193 737//737 739//739
f 737//737 48//48 671//671
f 739//739 671//671 175//175
f 737//737 671//671 739//739
f 191//191 731//731 729//729
f 731//731 175//175 670//670
f 729//729 670//670 15//15
f 731//731 670//670 729//729
f 193//193 739//739 741//741
f 739//739 175//175 731//731
f 741//741 731//731 191//191
f 739//739 731//731 741//741
f 51//51 704//704 747//747
f 704//704 185//185 750//750
f 747//747 750//750 195//195
f 704//704 750//750 747//747
f 185//185 703//703 740//740
f 703//703 48//48 737//737
f 740//740 737//737 193//193
f 703//703 737//737 740//740
f 195//195 752//752 748//748
f 752//752 193//193 738//738
f 748//748 738//738 53//53
f 752//752 738//738 748//748
f 185//185 740//740 750//750
f 740//740 193//193 752//752
f 750//750 752//752 195//195
f 740//740 752//752 750//750
f 14//14 672//672 653//653
f 672//672 176//176 674//674
f 653//653 674//674 168//168
f 672//672 674//674 653//653
f 176//176 673//673 682//682
f 673//673 49//49 679//679
f 682//682 679//679 178//178
f 673//673 679//679 682//682
f 168//168 680//680 654//654
f 680//680 178//178 678//678
f 654//654 678//678 45//45
f 680//680 678//678 654//654
f 176//176 682//682 674//674
f 682//682 178//178 680//680
f 674//674 680//680 168//168
f 682//682 680//680 674//674
f 49//49 676//676 684//684
f 676//676 177//177 687//687
f 684//684 687//687 179//179
f 676//676 687//687 684//684
f 177//177 675//675 677//677
f 675//675 15//15 662//662
f 677//677 662//662 172//172
f 675//675 662//662 677//677
f 179//179 685//685 683//683
f 685//685 172//172 663//663
f 683//683 663//663 47//47
f 685//685 663//663 683//683
f 177//177 677//677 687//687
f 677//677 172//172 685//685
f 687//687 685//685 179//179
f 677//677 685//685 687//687
f 45//45 664//664 652//652
f 664//664 173//173 666//666
f 652//652 666//666 167//167
f 664//664 666//666 652//652
f 173//173 665//665 667//667
f 665//665 47//47 660//660
f 667//667 660//660 171//171
f 665//665 660//660 667//667
f 167//167 661//661 651//651
f 661//661 171//171 659//659
f 651//651 659//659 3//3
f 661//661 659//659 651//651
f 173//173 667//667 666//666
f 667//667 171//171 661//661
f 666//666 661//661 167//167
f 667//667 661//661 666//666
f 49//49 684//684 679//679
f 684//684 179//179 688//688
f 679//679 688//688 178//178
f 684//684 688//688 679//679
f 179//179 683//683 686//686
f 683//683 47//47 665//665
f 686//686 665//665 173//173
f 683//683 665//665 686//686
f 178//178 681//681 678//678
f 681//681 173//173 664//664
f 678//678 664//664 45//45
f 681//681 664//664 678//678
f 179//179 686//686 688//688
f 686//686 173//173 681//681
f 688//688 681//681 178//178
f 686//686 681//681 688//688
f 16//16 733//733 711//711
f 733//733 192//192 736//736
f 711//711 736//736 187//187
f 733//733 736//736 711//711
f 192//192 734//734 757//757
f 734//734 53//53 754//754
f 757//757 754//754 196//196
f 734//734 754//754 757//757
f 187//187 755//755 712//712
f 755//755 196//196 753//753
f 712//712 753//753 52//52
f 755//755 753//753 712//712
f 192//192 757//757 736//736
f 757//757 196//196 755//755
f 736//736 755//755 187//187
f 757//757 755//755 736//736
f 53//53 730//730 743//743
f 730//730 191//191 746//746
f 743//743 746//746 194//194
f 730//730 746//746 743//743
f 191//191 729//729 732//732
f 729//729 15//15 675//675
f 732//732 675//675 177//177
f 729//729 675//675 732//732
f 194//194 744//744 742//742
f 744//744 177//177 676//676
f 742//742 676//676 49//49
f 744//744 676//676 742//742
f 191//191 732//732 746//746
f 732//732 177//177 744//744
f 746//746 744//744 194//194
f 732//732 744//744 746//746
f 52//52 720//720 708//708
f 720//720 189//189 722//722
f 708//708 722//722 186//186
f 720//720 722//722 708//708
f 189//189 719//719 721//721
f 719//719 49//49 673//673
f 721//721 673//673 176//176
f 719//719 673//673 721//721
f 186//186 710//710 707//707
f 710//710 176//176 672//672
f 707//707 672//672 14//14
f 710//710 672//672 707//707
f 189//189 721//721 722//722
f 721//721 176//176 710//710
f 722//722 710//710 186//186
f 721//721 710//710 722//722
f 53//53 743//743 754//754
f 743//743 194//194 758//758
f 754//754 758//758 196//196
f 743//743 758//758 754//754
f 194//194 742//742 745//745
f 742//742 49//49 719//719
f 745//745 719//719 189//189
f 742//742 719//719 745//745
f 196//196 756//756 753//753
f 756//756 189//189 720//720
f 753//753 720//720 52//52
f 756//756 720//720 753//753
f 194//194 745//745 758//758
f 745//745 189//189 756//756
f 758//758 756//756 196//196
f 745//745 756//756 758//758
f 4//4 655//655 897//897
f 655//655 169//169 899//899
f 897//897 899//899 236//236
f 655//655 899//899 897//897
f 169//169 656//656 904//904
f 656//656 46//46 902//902
f 904//904 902//902 238//238
f 656//656 902//902 904//904
f 236//236 905//905 898//898
f 905//905 238//238 903//903
f 898//898 903//903 66//66
f 905//905 903//903 898//898
f 169//169 904//904 899//899
f 904//904 238//238 905//905
f 899//899 905//905 236//236
f 904//904 905//905 899//899
f 46//46 658//658 922//922
f 658//658 170//170 924//924
f 922//922 924//924 244//244
f 658//658 924//924 922//922
f 170//170 657//657 917//917
f 657//657 14//14 915//915
f 917//917 915//915 242//242
f 657//657 915//915 917//917
f 244//244 926//926 923//923
f 926//926 242//242 916//916
f 923//923 916//916 68//68
f 926//926 916//916 923//923
f 170//170 917//917 924//924
f 917//917 242//242 926//926
f 924//924 926//926 244//244
f 917//917 926//926 924//924
f 66//66 931//931 901//901
f 931//931 246//246 933//933
f 901//901 933//933 237//237
f 931//931 933//933 901//901
f 246//246 932//932 935//935
f 932//932 68//68 920//920
f 935//935 920//920 243//243
f 932//932 920//920 935//935
f 237//237 921//921 900//900
f 921//921 243//243 919//919
f 900//900 919//919 21//21
f 921//921 919//919 900//900
f 246//246 935//935 933//933
f 935//935 243//243 921//921
f 933//933 921//921 237//237
f 935//935 921//921 933//933
f 46//46 922//922 902//902
f 922//922 244//244 925//925
f 902//902 925//925 238//238
f 922//922 925//925 902//902
f 244//244 923//923 936//936
f 923//923 68//68 932//932
f 936//936 932//932 246//246
f 923//923 932//932 936//936
f 238//238 934//934 903//903
f 934//934 246//246 931//931
f 903//903 931//931 66//66
f 934//934 931//931 903//903
f 244//244 936//936 925//925
f 936//936 246//246 934//934
f 925//925 934//934 238//238
f 936//936 934//934 925//925
f 14//14 653//653 880//880
f 653//653 168//168 882//882
f 880//880 882//882 232//232
f 653//653 882//882 880//880
f 168//168 654//654 888//888
f 654//654 45//45 886//886
f 888//888 886//886 234//234
f 654//654 886//886 888//888
f 232//232 890//890 881//881
f 890//890 234//234 887//887
f 881//881 887//887 65//65
f 890//890 887//887 881//881
f 168//168 888//888 882//882
f 888//888 234//234 890//890
f 882//882 890//890 232//232
f 888//888 890//890 882//882
f 45//45 652//652 872//872
f 652//652 167//167 874//874
f 872//872 874//874 229//229
f 652//652 874//874 872//872
f 167//167 651//651 869//869
f 651//651 3//3 867//867
f 869//869 867//867 227//227
f 651//651 867//867 869//869
f 229//229 875//875 873//873
f 875//875 227//227 868//868
f 873//873 868//868 63//63
f 875//875 868//868 873//873
f 167//167 869//869 874//874
f 869//869 227//227 875//875
f 874//874 875//875 229//229
f 869//869 875//875 874//874
f 65//65 892//892 884//884
f 892//892 235//235 895//895
f 884//884 895//895 233//233
f 892//892 895//895 884//884
f 235//235 891//891 893//893
f 891//891 63//63 871//871
f 893//893 871//871 228//228
f 891//891 871//871 893//893
f 233//233 885//885 883//883
f 885//885 228//228 870//870
f 883//883 870//870 20//20
f 885//885 870//870 883//883
f 235//235 893//893 895//895
f 893//893 228//228 885//885
f 895//895 885//885 233//233
f 893//893 885//885 895//895
f 45//45 872//872 886//886
f 872//872 229//229 889//889
f 886//886 889//889 234//234
f 872//872 889//889 886//886
f 229//229 873//873 894//894
f 873//873 63//63 891//891
f 894//894 891//891 235//235
f 873//873 891//891 894//894
f 234//234 896//896 887//887
f 896//896 235//235 892//892
f 887//887 892//892 65//65
f 896//896 892//892 887//887
f 229//229 894//894 889//889
f 894//894 235//235 896//896
f 889//889 896//896 234//234
f 894//894 896//896 889//889
f 21//21 941//941 909//909
f 941//941 248//248 943//943
f 909//909 943//943 240//240
f 941//941 943//943 909//909
f 248//248 942//942 959//959
f 942//942 69//69 956//956
f 959//959 956//956 251//251
f 942//942 956//956 959//959
f 240//240 957//957 910//910
f 957//957 251//251 955//955
f 910//910 955//955 67//67
f 957//957 955//955 910//910
f 248//248 959//959 943//943
f 959//959 251//251 957//957
f 943//943 957//957 240//240
f 959//959 957//957 943//943
f 69//69 938//938 946//946
f 938//938 247//247 949//949
f 946//946 949//949 249//249
f 938//938 949//949 946//946
f 247//247 937//937 939//939
f 937//937 20//20 878//878
f 939//939 878//878 231//231
f 937//937 878//878 939//939
f 249//249 947//947 945//945
f 947//947 231//231 879//879
f 945//945 879//879 64//64
f 947//947 879//879 945//945
f 247//247 939//939 949//949
f 939//939 231//231 947//947
f 949//949 947//947 249//249
f 939//939 947//947 949//949
f 67//67 912//912 907//907
f 912//912 241//241 914//914
f 907//907 914//914 239//239
f 912//912 914//914 907//907
f 241//241 911//911 913//913
f 911//911 64//64 877//877
f 913//913 877//877 230//230
f 911//911 877//877 913//913
f 239//239 908//908 906//906
f 908//908 230//230 876//876
f 906//906 876//876 7//7
f 908//908 876//876 906//906
f 241//241 913//913 914//914
f 913//913 230//230 908//908
f 914//914 908//908 239//239
f 913//913 908//908 914//914
f 69//69 946//946 956//956
f 946//946 249//249 960//960
f 956//956 960//960 251//251
f 946//946 960//960 956//956
f 249//249 945//945 948//948
f 945//945 64//64 911//911
f 948//948 911//911 241//241
f 945//945 911//911 948//948
f 251//251 958//958 955//955
f 958//958 241//241 912//912
f 955//955 912//912 67//67
f 958//958 912//912 955//955
f 249//249 948//948 960//960
f 948//948 241//241 958//958
f 960//960 958//958 251//251
f 948//948 958//958 960//960
f 14//14 880//880 915//915
f 880//880 232//232 918//918
f 915//915 918//918 242//242
f 880//880 918//918 915//915
f 232//232 881//881 929//929
f 881//881 65//65 927//927
f 929//929 927//927 245//245
f 881//881 927//927 929//929
f 242//242 930//930 916//916
f 930//930 245//245 928//928
f 916//916 928//928 68//68
f 930//930 928//928 916//916
f 232//232 929//929 918//918
f 929//929 245//245 930//930
f 918//918 930//930 242//242
f 929//929 930//930 918//918
f 65//65 884//884 950//950
f 884//884 233//233 952//952
f 950//950 952//952 250//250
f 884//884 952//952 950//950
f 233//233 883//883 940//940
f 883//883 20//20 937//937
f 940//940 937//937 247//247
f 883//883 937//937 940//940
f 250//250 954//954 951//951
f 954//954 247//247 938//938
f 951//951 938//938 69//69
f 954//954 938//938 951//951
f 233//233 940//940 952//952
f 940//940 247//247 954//954
f 952//952 954//954 250//250
f 940//940 954//954 952//952
f 68//68 961//961 920//920
f 961//961 252//252 963//963
f 920//920 963//963 243//243
f 961//961 963//963 920//920
f 252//252 962//962 965//965
f 962//962 69//69 942//942
f 965//965 942//942 248//248
f 962//962 942//942 965//965
f 243//243 944//944 919//919
f 944//944 248//248 941//941
f 919//919 941//941 21//21
f 944//944 941//941 919//919
f 252//252 965//965 963//963
f 965//965 248//248 944//944
f 963//963 944//944 243//243
f 965//965 944//944 963//963
f 65//65 950//950 927//927
f 950//950 250//250 953//953
f 927//927 953//953 245//245
f 950//950 953//953 927//927
f 250//250 951//951 966//966
f 951//951 69//69 962//962
f 966//966 962//962 252//252
f 951//951 962//962 966//966
f 245//245 964//964 928//928
f 964//964 252//252 961//961
f 928//928 961//961 68//68
f 964//964 961//961 928//928
f 250//250 966//966 953//953
f 966//966 252//252 964//964
f 953//953 964//964 245//245
f 966//966 964//964 953//953
f 4//4 897//897 1105//1105
f 897//897 236//236 1107//1107
f 1105//1105 1107//1107 292//292
f 897//897 1107//1107 1105//1105
f 236//236 898//898 1112//1112
f 898//898 66//66 1110//1110
f 1112//1112 1110//1110 294//294
f 898//898 1110//1110 1112//1112
f 292//292 1113//1113 1106//1106
f 1113//1113 294//294 1111//1111
f 1106//1106 1111//1111 82//82
f 1113//1113 1111//1111 1106//1106
f 236//236 1112//1112 1107//1107
f 1112//1112 294//294 1113//1113
f 1107//1107 1113//1113 292//292
f 1112//1112 1113//1113 1107//1107
f 66//66 901//901 1124//1124
f 901//901 237//237 1126//1126
f 1124//1124 1126//1126 299//299
f 901//901 1126//1126 1124//1124
f 237//237 900//900 1120//1120
f 900//900 21//21 1118//1118
f 1120//1120 1118//1118 297//297
f 900//900 1118//1118 1120//1120
f 299//299 1128//1128 1125//1125
f 1128//1128 297//297 1119//1119
f 1125//1125 1119//1119 84//84
f 1128//1128 1119//1119 1125//1125
f 237//237 1120//1120 1126//1126
f 1120//1120 297//297 1128//1128
f 1126//1126 1128//1128 299//299
f 1120//1120 1128//1128 1126//1126
f 82//82 1129//1129 1109//1109
f 1129//1129 300//300 1131//1131
f 1109//1109 1131//1131 293//293
f 1129//1129 1131//1131 1109//1109
f 300//300 1130//1130 1133//1133
f 1130//1130 84//84 1122//1122
f 1133//1133 1122//1122 298//298
f 1130//1130 1122//1122 1133//1133
f 293//293 1123//1123 1108//1108
f 1123//1123 298//298 1121//1121
f 1108//1108 1121//1121 26//26
f 1123//1123 1121//1121 1108//1108
f 300//300 1133//1133 1131//1131
f 1133//1133 298//298 1123//1123
f 1131//1131 1123//1123 293//293
f 1133//1133 1123//1123 1131//1131
f 66//66 1124//1124 1110//1110
f 1124//1124 299//299 1127//1127
f 1110//1110 1127//1127 294//294
f 1124//1124 1127//1127 1110//1110
f 299//299 1125//1125 1134//1134
f 1125//1125 84//84 1130//1130
f 1134//1134 1130//1130 300//300
f 1125//1125 1130//1130 1134//1134
f 294//294 1132//1132 1111//1111
f 1132//1132 300//300 1129//1129
f 1111//1111 1129//1129 82//82
f 1132//1132 1129//1129 1111//1111
f 299//299 1134//1134 1127//1127
f 1134//1134 300//300 1132//1132
f 1127//1127 1132//1132 294//294
f 1134//1134 1132//1132 1127//1127
f 21//21 909//909 1158//1158
f 909//909 240//240 1160//1160
f 1158//1158 1160//1160 308//308
f 909//909 1160//1160 1158//1158
f 240//240 910//910 1167//1167
f 910//910 67//67 1165//1165
f 1167//1167 1165//1165 310//310
f 910//910 1165//1165 1167//1167
f 308//308 1169//1169 1159//1159
f 1169//1169 310//310 1166//1166
f 1159//1159 1166//1166 87//87
f 1169//1169 1166//1166 1159//1159
f 240//240 1167//1167 1160//1160
f 1167//1167 310//310 1169//1169
f 1160//1160 1169//1169 308//308
f 1167//1167 1169//1169 1160//1160
f 67//67 907//907 1141//1141
f 907//907 239//239 1143//1143
f 1141//1141 1143//1143 303//303
f 907//907 1143//1143 1141//1141
f 239//239 906//906 1137//1137
f 906//906 7//7 1135//1135
f 1137//1137 1135//1135 301//301
f 906//906 1135//1135 1137//1137
f 303//303 1144//1144 1142//1142
f 1144//1144 301//301 1136//1136
f 1142//1142 1136//1136 85//85
f 1144//1144 1136//1136 1142//1142
f 239//239 1137//1137 1143//1143
f 1137//1137 301//301 1144//1144
f 1143//1143 1144//1144 303//303
f 1137//1137 1144//1144 1143//1143
f 87//87 1175//1175 1163//1163
f 1175//1175 312//312 1178//1178
f 1163//1163 1178//1178 309//309
f 1175//1175 1178//1178 1163//1163
f 312//312 1174//1174 1176//1176
f 1174//1174 85//85 1140//1140
f 1176//1176 1140//1140 302//302
f 1174//1174 1140//1140 1176//1176
f 309//309 1164//1164 1162//1162
f 1164//1164 302//302 1139//1139
f 1162//1162 1139//1139 27//27
f 1164//1164 1139//1139 1162//1162
f 312//312 1176//1176 1178//1178
f 1176//1176 302//302 1164//1164
f 1178//1178 1164//1164 309//309
f 1176//1176 1164//1164 1178//1178
f 67//67 1141//1141 1165//1165
f 1141//1141 303//303 1168//1168
f 1165//1165 1168//1168 310//310
f 1141//1141 1168//1168 1165//1165
f 303//303 1142//1142 1177//1177
f 1142//1142 85//85 1174//1174
f 1177//1177 1174//1174 312//312
f 1142//1142 1174//1174 1177//1177
f 310//310 1179//1179 1166//1166
f 1179//1179 312//312 1175//1175
f 1166//1166 1175//1175 87//87
f 1179//1179 1175//1175 1166//1166
f 303//303 1177//1177 1168//1168
f 1177//1177 312//312 1179//1179
f 1168//1168 1179//1179 310//310
f 1177//1177 1179//1179 1168//1168
f 26//26 1197//1197 1116//1116
f 1197//1197 317//317 1199//1199
f 1116//1116 1199//1199 296//296
f 1197//1197 1199//1199 1116//1116
f 317//317 1198//1198 1209//1209
f 1198//1198 89//89 1206//1206
f 1209//1209 1206//1206 319//319
f 1198//1198 1206//1206 1209//1209
f 296//296 1207//1207 1117//1117
f 1207//1207 319//319 1205//1205
f 1117//1117 1205//1205 83//83
f 1207//1207 1205//1205 1117//1117
f 317//317 1209//1209 1199//1199
f 1209//1209 319//319 1207//1207
f 1199//1199 1207//1207 296//296
f 1209//1209 1207//1207 1199//1199
f 89//89 1202//1202 1216//1216
f 1202//1202 318//318 1219//1219
f 1216//1216 1219//1219 321//321
f 1202//1202 1219//1219 1216//1216
f 318//318 1201//1201 1203//1203
f 1201//1201 27//27 1152//1152
f 1203//1203 1152//1152 306//306
f 1201//1201 1152//1152 1203//1203
f 321//321 1217//1217 1215//1215
f 1217//1217 306//306 1153//1153
f 1215//1215 1153//1153 86//86
f 1217//1217 1153//1153 1215//1215
f 318//318 1203//1203 1219//1219
f 1203//1203 306//306 1217//1217
f 1219//1219 1217//1217 321//321
f 1203//1203 1217//1217 1219//1219
f 83//83 1154//1154 1115//1115
f 1154//1154 307//307 1156//1156
f 1115//1115 1156//1156 295//295
f 1154//1154 1156//1156 1115//1115
f 307//307 1155//1155 1157//1157
f 1155//1155 86//86 1150//1150
f 1157//1157 1150//1150 305//305
f 1155//1155 1150//1150 1157//1157
f 295//295 1151//1151 1114//1114
f 1151//1151 305//305 1149//1149
f 1114//1114 1149//1149 9//9
f 1151//1151 1149//1149 1114//1114
f 307//307 1157//1157 1156//1156
f 1157//1157 305//305 1151//1151
f 1156//1156 1151//1151 295//295
f 1157//1157 1151//1151 1156//1156
f 89//89 1216//1216 1206//1206
f 1216//1216 321//321 1220//1220
f 1206//1206 1220//1220 319//319
f 1216//1216 1220//1220 1206//1206
f 321//321 1215//1215 1218//1218
f 1215//1215 86//86 1155//1155
f 1218//1218 1155//1155 307//307
f 1215//1215 1155//1155 1218//1218
f 319//319 1208//1208 1205//1205
f 1208//1208 307//307 1154//1154
f 1205//1205 1154//1154 83//83
f 1208//1208 1154//1154 1205//1205
f 321//321 1218//1218 1220//1220
f 1218//1218 307//307 1208//1208
f 1220//1220 1208//1208 319//319
f 1218//1218 1208//1208 1220//1220
f 21//21 1158//1158 1118//1118
f 1158//1158 308//308 1161//1161
f 1118//1118 1161//1161 297//297
f 1158//1158 1161//1161 1118//1118
f 308//308 1159//1159 1173//1173
f 1159//1159 87//87 1171//1171
f 1173//1173 1171//1171 311//311
f 1159//1159 1171//1171 1173//1173
f 297//297 1172//1172 1119//1119
f 1172//1172 311//311 1170//1170
f 1119//1119 1170//1170 84//84
f 1172//1172 1170//1170 1119//1119
f 308//308 1173//1173 1161//1161
f 1173//1173 311//311 1172//1172
f 1161//1161 1172//1172 297//297
f 1173//1173 1172//1172 1161//1161
f 87//87 1163//1163 1221//1221
f 1163//1163 309//309 1223//1223
f 1221//1221 1223//1223 322//322
f 1163//1163 1223//1223 1221//1221
f 309//309 1162//1162 1204//1204
f 1162//1162 27//27 1201//1201
f 1204//1204 1201//1201 318//318
f 1162//1162 1201//1201 1204//1204
f 322//322 1225//1225 1222//1222
f 1225//1225 318//318 1202//1202
f 1222//1222 1202//1202 89//89
f 1225//1225 1202//1202 1222//1222
f 309//309 1204//1204 1223//1223
f 1204//1204 318//318 1225//1225
f 1223//1223 1225//1225 322//322
f 1204//1204 1225//1225 1223//1223
f 84//84 1210//1210 1122//1122
f 1210//1210 320//320 1212//1212
f 1122//1122 1212//1212 298//298
f 1210//1210 1212//1212 1122//1122
f 320//320 1211//1211 1214//1214
f 1211//1211 89//89 1198//1198
f 1214//1214 1198//1198 317//317
f 1211//1211 1198//1198 1214//1214
f 298//298 1200//1200 1121//1121
f 1200//1200 317//317 1197//1197
f 1121//1121 1197//1197 26//26
f 1200//1200 1197//1197 1121//1121
f 320//320 1214//1214 1212//1212
f 1214//1214 317//317 1200//1200
f 1212//1212 1200//1200 298//298
f 1214//1214 1200//1200 1212//1212
f 87//87 1221//1221 1171//1171
f 1221//1221 322//322 1224//1224
f 1171//1171 1224//1224 311//311
f 1221//1221 1224//1224 1171//1171
f 322//322 1222//1222 1226//1226
f 1222//1222 89//89 1211//1211
f 1226//1226 1211//1211 320//320
f 1222//1222 1211//1211 1226//1226
f 311//311 1213//1213 1170//1170
f 1213//1213 320//320 1210//1210
f 1170//1170 1210//1210 84//84
f 1213//1213 1210//1210 1170//1170
f 322//322 1226//1226 1224//1224
f 1226//1226 320//320 1213//1213
f 1224//1224 1213//1213 311//311
f 1226//1226 1213//1213 1224//1224
f 4//4 1105//1105 1411//1411
f 1105//1105 292//292 1414//1414
f 1411//1411 1414//1414 367//367
f 1105//1105 1414//1414 1411//1411
f 292//292 1106//1106 1423//1423
f 1106//1106 82//82 1421//1421
f 1423//1423 1421//1421 370//370
f 1106//1106 1421//1421 1423//1423
f 367//367 1424//1424 1412//1412
f 1424//1424 370//370 1422//1422
f 1412//1412 1422//1422 100//100
f 1424//1424 1422//1422 1412//1412
f 292//292 1423//1423 1414//1414
f 1423//1423 370//370 1424//1424
f 1414//1414 1424//1424 367//367
f 1423//1423 1424//1424 1414//1414
f 82//82 1109//1109 1452//1452
f 1109//1109 293//293 1454//1454
f 1452//1452 1454//1454 379//379
f 1109//1109 1454//1454 1452//1452
f 293//293 1108//1108 1448//1448
f 1108//1108 26//26 1446//1446
f 1448//1448 1446//1446 377//377
f 1108//1108 1446//1446 1448//1448
f 379//379 1456//1456 1453//1453
f 1456//1456 377//377 1447//1447
f 1453//1453 1447//1447 103//103
f 1456//1456 1447//1447 1453//1453
f 293//293 1448//1448 1454//1454
f 1448//1448 377//377 1456//1456
f 1454//1454 1456//1456 379//379
f 1448//1448 1456//1456 1454//1454
f 100//100 1457//1457 1416//1416
f 1457//1457 380//380 1459//1459
f 1416//1416 1459//1459 368//368
f 1457//1457 1459//1459 1416//1416
f 380//380 1458//1458 1461//1461
f 1458//1458 103//103 1450//1450
f 1461//1461 1450//1450 378//378
f 1458//1458 1450//1450 1461//1461
f 368//368 1451//1451 1415//1415
f 1451//1451 378//378 1449//1449
f 1415//1415 1449//1449 30//30
f 1451//1451 1449//1449 1415//1415
f 380//380 1461//1461 1459//1459
f 1461//1461 378//378 1451//1451
f 1459//1459 1451//1451 368//368
f 1461//1461 1451//1451 1459//1459
f 82//82 1452//1452 1421//1421
f 1452//1452 379//379 1455//1455
f 1421//1421 1455//1455 370//370
f 1452//1452 1455//1455 1421//1421
f 379//379 1453//1453 1462//1462
f 1453//1453 103//103 1458//1458
f 1462//1462 1458//1458 380//380
f 1453//1453 1458//1458 1462//1462
f 370//370 1460//1460 1422//1422
f 1460//1460 380//380 1457//1457
f 1422//1422 1457//1457 100//100
f 1460//1460 1457//1457 1422//1422
f 379//379 1462//1462 1455//1455
f 1462//1462 380//380 1460//1460
f 1455//1455 1460//1460 370//370
f 1462//1462 1460//1460 1455//1455
f 26//26 1116//1116 1737//1737
f 1116//1116 296//296 1739//1739
f 1737//1737 1739//1739 446//446
f 1116//1116 1739//1739 1737//1737
f 296//296 1117//1117 1746//1746
f 1117//1117 83//83 1744//1744
f 1746//1746 1744//1744 448//448
f 1117//1117 1744//1744 1746//1746
f 446//446 1748//1748 1738//1738
f 1748//1748 448//448 1745//1745
f 1738//1738 1745//1745 118//118
f 1748//1748 1745//1745 1738//1738
f 296//296 1746//1746 1739//1739
f 1746//1746 448//448 1748//1748
f 1739//1739 1748//1748 446//446
f 1746//1746 1748//1748 1739//1739
f 83//83 1115//1115 1697//1697
f 1115//1115 295//295 1699//1699
f 1697//1697 1699//1699 436//436
f 1115//1115 1699//1699 1697//1697
f 295//295 1114//1114 1690//1690
f 1114//1114 9//9 1687//1687
f 1690//1690 1687//1687 433//433
f 1114//1114 1687//1687 1690//1690
f 436//436 1700//1700 1698//1698
f 1700//1700 433//433 1688//1688
f 1698//1698 1688//1688 115//115
f 1700//1700 1688//1688 1698//1698
f 295//295 1690//1690 1699//1699
f 1690//1690 433//433 1700//1700
f 1699//1699 1700//1700 436//436
f 1690//1690 1700//1700 1699//1699
f 118//118 1754//1754 1742//1742
f 1754//1754 450//450 1757//1757
f 1742//1742 1757//1757 447//447
f 1754//1754 1757//1757 1742//1742
f 450//450 1753//1753 1755//1755
f 1753//1753 115//115 1692//1692
f 1755//1755 1692//1692 434//434
f 1753//1753 1692//1692 1755//1755
f 447//447 1743//1743 1741//1741
f 1743//1743 434//434 1691//1691
f 1741//1741 1691//1691 33//33
f 1743//1743 1691//1691 1741//1741
f 450//450 1755//1755 1757//1757
f 1755//1755 434//434 1743//1743
f 1757//1757 1743//1743 447//447
f 1755//1755 1743//1743 1757//1757
f 83//83 1697//1697 1744//1744
f 1697//1697 436//436 1747//1747
f 1744//1744 1747//1747 448//448
f 1697//1697 1747//1747 1744//1744
f 436//436 1698//1698 1756//1756
f 1698//1698 115//115 1753//1753
f 1756//1756 1753//1753 450//450
f 1698//1698 1753//1753 1756//1756
f 448//448 1758//1758 1745//1745
f 1758//1758 450//450 1754//1754
f 1745//1745 1754//1754 118//118
f 1758//1758 1754//1754 1745//1745
f 436//436 1756//1756 1747//1747
f 1756//1756 450//450 1758//1758
f 1747//1747 1758//1758 448//448
f 1756//1756 1758//1758 1747//1747
f 30//30 1789//1789 1427//1427
f 1789//1789 457//457 1791//1791
f 1427//1427 1791//1791 372//372
f 1789//1789 1791//1791 1427//1427
f 457//457 1790//1790 1801//1801
f 1790//1790 120//120 1798//1798
f 1801//1801 1798//1798 459//459
f 1790//1790 1798//1798 1801//1801
f 372//372 1799//1799 1428//1428
f 1799//1799 459//459 1797//1797
f 1428//1428 1797//1797 101//101
f 1799//1799 1797//1797 1428//1428
f 457//457 1801//1801 1791//1791
f 1801//1801 459//459 1799//1799
f 1791//1791 1799//1799 372//372
f 1801//1801 1799//1799 1791//1791
f 120//120 1794//1794 1808//1808
f 1794//1794 458//458 1811//1811
f 1808//1808 1811//1811 461//461
f 1794//1794 1811//1811 1808//1808
f 458//458 1793//1793 1795//1795
f 1793//1793 33//33 1705//1705
f 1795//1795 1705//1705 438//438
f 1793//1793 1705//1705 1795//1795
f 461//461 1809//1809 1807//1807
f 1809//1809 438//438 1706//1706
f 1807//1807 1706//1706 116//116
f 1809//1809 1706//1706 1807//1807
f 458//458 1795//1795 1811//1811
f 1795//1795 438//438 1809//1809
f 1811//1811 1809//1809 461//461
f 1795//1795 1809//1809 1811//1811
f 101//101 1711//1711 1426//1426
f 1711//1711 440//440 1713//1713
f 1426//1426 1713//1713 371//371
f 1711//1711 1713//1713 1426//1426
f 440//440 1712//1712 1714//1714
f 1712//1712 116//116 1702//1702
f 1714//1714 1702//1702 437//437
f 1712//1712 1702//1702 1714//1714
f 371//371 1704//1704 1425//1425
f 1704//1704 437//437 1701//1701
f 1425//1425 1701//1701 10//10
f 1704//1704 1701//1701 1425//1425
f 440//440 1714//1714 1713//1713
f 1714//1714 437//437 1704//1704
f 1713//1713 1704//1704 371//371
f 1714//1714 1704//1704 1713//1713
f 120//120 1808//1808 1798//1798
f 1808//1808 461//461 1812//1812
f 1798//1798 1812//1812 459//459
f 1808//1808 1812//1812 1798//1798
f 461//461 1807//1807 1810//1810
f 1807//1807 116//116 1712//1712
f 1810//1810 1712//1712 440//440
f 1807//1807 1712//1712 1810//1810
f 459//459 1800//1800 1797//1797
f 1800//1800 440//440 1711//1711
f 1797//1797 1711//1711 101//101
f 1800//1800 1711//1711 1797//1797
f 461//461 1810//1810 1812//1812
f 1810//1810 440//440 1800//1800
f 1812//1812 1800//1800 459//459
f 1810//1810 1800//1800 1812//1812
f 26//26 1737//1737 1446//1446
f 1737//1737 446//446 1740//1740
f 1446//1446 1740//1740 377//377
f 1737//1737 1740//1740 1446//1446
f 446//446 1738//1738 1752//1752
f 1738//1738 118//118 1750//1750
f 1752//1752 1750//1750 449//449
f 1738//1738 1750//1750 1752//1752
f 377//377 1751//1751 1447//1447
f 1751//1751 449//449 1749//1749
f 1447//1447 1749//1749 103//103
f 1751//1751 1749//1749 1447//1447
f 446//446 1752//1752 1740//1740
f 1752//1752 449//449 1751//1751
f 1740//1740 1751//1751 377//377
f 1752//1752 1751//1751 1740//1740
f 118//118 1742//1742 1813//1813
f 1742//1742 447//447 1815//1815
f 1813//1813 1815//1815 462//462
f 1742//1742 1815//1815 1813//1813
f 447//447 1741//1741 1796//1796
f 1741//1741 33//33 1793//1793
f 1796//1796 1793//1793 458//458
f 1741//1741 1793//1793 1796//1796
f 462//462 1817//1817 1814//1814
f 1817//1817 458//458 1794//1794
f 1814//1814 1794//1794 120//120
f 1817//1817 1794//1794 1814//1814
f 447//447 1796//1796 1815//1815
f 1796//1796 458//458 1817//1817
f 1815//1815 1817//1817 462//462
f 1796//1796 1817//1817 1815//1815
f 103//103 1802//1802 1450//1450
f 1802//1802 460//460 1804//1804
f 1450//1450 1804//1804 378//378
f 1802//1802 1804//1804 1450//1450
f 460//460 1803//1803 1806//1806
f 1803//1803 120//120 1790//1790
f 1806//1806 1790//1790 457//457
f 1803//1803 1790//1790 1806//1806
f 378//378 1792//1792 1449//1449
f 1792//1792 457//457 1789//1789
f 1449//1449 1789//1789 30//30
f 1792//1792 1789//1789 1449//1449
f 460//460 1806//1806 1804//1804
f 1806//1806 457//457 1792//1792
f 1804//1804 1792//1792 378//378
f 1806//1806 1792//1792 1804//1804
f 118//118 1813//1813 1750//1750
f 1813//1813 462//462 1816//1816
f 1750//1750 1816//1816 449//449
f 1813//1813 1816//1816 1750//1750
f 462//462 1814//1814 1818//1818
f 1814//1814 120//120 1803//1803
f 1818//1818 1803//1803 460//460
f 1814//1814 1803//1803 1818//1818
f 449//449 1805//1805 1749//1749
f 1805//1805 460//460 1802//1802
f 1749//1749 1802//1802 103//103
f 1805//1805 1802//1802 1749//1749
f 462//462 1818//1818 1816//1816
f 1818//1818 460//460 1805//1805
f 1816//1816 1805//1805 449//449
f 1818//1818 1805//1805 1816//1816
f 5//5 1463//1463 859//859
f 1463//1463 381//381 1466//1466
f 859//859 1466//1466 223//223
f 1463//1463 1466//1466 859//859
f 381//381 1464//1464 1476//1476
f 1464//1464 104//104 1474//1474
f 1476//1476 1474//1474 384//384
f 1464//1464 1474//1474 1476//1476
f 223//223 1475//1475 860//860
f 1475//1475 384//384 1473//1473
f 860//860 1473//1473 61//61
f 1475//1475 1473//1473 860//860
f 381//381 1476//1476 1466//1466
f 1476//1476 384//384 1475//1475
f 1466//1466 1475//1475 223//223
f 1476//1476 1475//1475 1466//1466
f 104//104 1468//1468 1519//1519
f 1468//1468 382//382 1521//1521
f 1519//1519 1521//1521 396//396
f 1468//1468 1521//1521 1519//1519
f 382//382 1467//1467 1513//1513
f 1467//1467 31//31 1511//1511
f 1513//1513 1511//1511 394//394
f 1467//1467 1511//1511 1513//1513
f 396//396 1523//1523 1520//1520
f 1523//1523 394//394 1512//1512
f 1520//1520 1512//1512 107//107
f 1523//1523 1512//1512 1520//1520
f 382//382 1513//1513 1521//1521
f 1513//1513 394//394 1523//1523
f 1521//1521 1523//1523 396//396
f 1513//1513 1523//1523 1521//1521
f 61//61 1514//1514 862//862
f 1514//1514 395//395 1516//1516
f 862//862 1516//1516 224//224
f 1514//1514 1516//1516 862//862
f 395//395 1515//1515 1518//1518
f 1515//1515 107//107 1509//1509
f 1518//1518 1509//1509 393//393
f 1515//1515 1509//1509 1518//1518
f 224//224 1510//1510 861//861
f 1510//1510 393//393 1508//1508
f 861//861 1508//1508 19//19
f 1510//1510 1508//1508 861//861
f 395//395 1518//1518 1516//1516
f 1518//1518 393//393 1510//1510
f 1516//1516 1510//1510 224//224
f 1518//1518 1510//1510 1516//1516
f 104//104 1519//1519 1474//1474
f 1519//1519 396//396 1522//1522
f 1474//1474 1522//1522 384//384
f 1519//1519 1522//1522 1474//1474
f 396//396 1520//1520 1524//1524
f 1520//1520 107//107 1515//1515
f 1524//1524 1515//1515 395//395
f 1520//1520 1515//1515 1524//1524
f 384//384 1517//1517 1473//1473
f 1517//1517 395//395 1514//1514
f 1473//1473 1514//1514 61//61
f 1517//1517 1514//1514 1473//1473
f 396//396 1524//1524 1522//1522
f 1524//1524 395//395 1517//1517
f 1522//1522 1517//1517 384//384
f 1524//1524 1517//1517 1522//1522
f 31//31 1480//1480 1657//1657
f 1480//1480 386//386 1659//1659
f 1657//1657 1659//1659 427//427
f 1480//1480 1659//1659 1657//1657
f 386//386 1481//1481 1667//1667
f 1481//1481 105//105 1665//1665
f 1667//1667 1665//1665 429//429
f 1481//1481 1665//1665 1667//1667
f 427//427 1669//1669 1658//1658
f 1669//1669 429//429 1666//1666
f 1658//1658 1666//1666 114//114
f 1669//1669 1666//1666 1658//1658
f 386//386 1667//1667 1659//1659
f 1667//1667 429//429 1669//1669
f 1659//1659 1669//1669 427//427
f 1667//1667 1669//1669 1659//1659
f 105//105 1478//1478 1579//1579
f 1478//1478 385//385 1581//1581
f 1579//1579 1581//1581 410//410
f 1478//1478 1581//1581 1579//1579
f 385//385 1477//1477 1572//1572
f 1477//1477 10//10 1569//1569
f 1572//1572 1569//1569 407//407
f 1477//1477 1569//1569 1572//1572
f 410//410 1582//1582 1580//1580
f 1582//1582 407//407 1570//1570
f 1580//1580 1570//1570 110//110
f 1582//1582 1570//1570 1580//1580
f 385//385 1572//1572 1581//1581
f 1572//1572 407//407 1582//1582
f 1581//1581 1582//1582 410//410
f 1572//1572 1582//1582 1581//1581
f 114//114 1676//1676 1662//1662
f 1676//1676 431//431 1679//1679
f 1662//1662 1679//1679 428//428
f 1676//1676 1679//1679 1662//1662
f 431//431 1675//1675 1677//1677
f 1675//1675 110//110 1574//1574
f 1677//1677 1574//1574 408//408
f 1675//1675 1574//1574 1677//1677
f 428//428 1663//1663 1661//1661
f 1663//1663 408//408 1573//1573
f 1661//1661 1573//1573 32//32
f 1663//1663 1573//1573 1661//1661
f 431//431 1677//1677 1679//1679
f 1677//1677 408//408 1663//1663
f 1679//1679 1663//1663 428//428
f 1677//1677 1663//1663 1679//1679
f 105//105 1579//1579 1665//1665
f 1579//1579 410//410 1668//1668
f 1665//1665 1668//1668 429//429
f 1579//1579 1668//1668 1665//1665
f 410//410 1580//1580 1678//1678
f 1580//1580 110//110 1675//1675
f 1678//1678 1675//1675 431//431
f 1580//1580 1675//1675 1678//1678
f 429//429 1680//1680 1666//1666
f 1680//1680 431//431 1676//1676
f 1666//1666 1676//1676 114//114
f 1680//1680 1676//1676 1666//1666
f 410//410 1678//1678 1668//1668
f 1678//1678 431//431 1680//1680
f 1668//1668 1680//1680 429//429
f 1678//1678 1680//1680 1668//1668
f 19//19 1605//1605 865//865
f 1605//1605 416//416 1607//1607
f 865//865 1607//1607 226//226
f 1605//1605 1607//1607 865//865
f 416//416 1606//1606 1616//1616
f 1606//1606 112//112 1613//1613
f 1616//1616 1613//1613 418//418
f 1606//1606 1613//1613 1616//1616
f 226//226 1614//1614 866//866
f 1614//1614 418//418 1612//1612
f 866//866 1612//1612 62//62
f 1614//1614 1612//1612 866//866
f 416//416 1616//1616 1607//1607
f 1616//1616 418//418 1614//1614
f 1607//1607 1614//1614 226//226
f 1616//1616 1614//1614 1607//1607
f 112//112 1610//1610 1622//1622
f 1610//1610 417//417 1625//1625
f 1622//1622 1625//1625 420//420
f 1610//1610 1625//1625 1622//1622
f 417//417 1609//1609 1611//1611
f 1609//1609 32//32 1559//1559
f 1611//1611 1559//1559 404//404
f 1609//1609 1559//1559 1611//1611
f 420//420 1623//1623 1621//1621
f 1623//1623 404//404 1560//1560
f 1621//1621 1560//1560 109//109
f 1623//1623 1560//1560 1621//1621
f 417//417 1611//1611 1625//1625
f 1611//1611 404//404 1623//1623
f 1625//1625 1623//1623 420//420
f 1611//1611 1623//1623 1625//1625
f 62//62 1565//1565 864//864
f 1565//1565 406//406 1567//1567
f 864//864 1567//1567 225//225
f 1565//1565 1567//1567 864//864
f 406//406 1566//1566 1568//1568
f 1566//1566 109//109 1556//1556
f 1568//1568 1556//1556 403//403
f 1566//1566 1556//1556 1568//1568
f 225//225 1558//1558 863//863
f 1558//1558 403//403 1555//1555
f 863//863 1555//1555 6//6
f 1558//1558 1555//1555 863//863
f 406//406 1568//1568 1567//1567
f 1568//1568 403//403 1558//1558
f 1567//1567 1558//1558 225//225
f 1568//1568 1558//1558 1567//1567
f 112//112 1622//1622 1613//1613
f 1622//1622 420//420 1626//1626
f 1613//1613 1626//1626 418//418
f 1622//1622 1626//1626 1613//1613
f 420//420 1621//1621 1624//1624
f 1621//1621 109//109 1566//1566
f 1624//1624 1566//1566 406//406
f 1621//1621 1566//1566 1624//1624
f 418//418 1615//1615 1612//1612
f 1615//1615 406//406 1565//1565
f 1612//1612 1565//1565 62//62
f 1615//1615 1565//1565 1612//1612
f 420//420 1624//1624 1626//1626
f 1624//1624 406//406 1615//1615
f 1626//1626 1615//1615 418//418
f 1624//1624 1615//1615 1626//1626
f 31//31 1657//1657 1511//1511
f 1657//1657 427//427 1660//1660
f 1511//1511 1660//1660 394//394
f 1657//1657 1660//1660 1511//1511
f 427//427 1658//1658 1674//1674
f 1658//1658 114//114 1671//1671
f 1674//1674 1671//1671 430//430
f 1658//1658 1671//1671 1674//1674
f 394//394 1672//1672 1512//1512
f 1672//1672 430//430 1670//1670
f 1512//1512 1670//1670 107//107
f 1672//1672 1670//1670 1512//1512
f 427//427 1674//1674 1660//1660
f 1674//1674 430//430 1672//1672
f 1660//1660 1672//1672 394//394
f 1674//1674 1672//1672 1660//1660
f 114//114 1662//1662 1682//1682
f 1662//1662 428//428 1685//1685
f 1682//1682 1685//1685 432//432
f 1662//1662 1685//1685 1682//1682
f 428//428 1661//1661 1664//1664
f 1661//1661 32//32 1609//1609
f 1664//1664 1609//1609 417//417
f 1661//1661 1609//1609 1664//1664
f 432//432 1683//1683 1681//1681
f 1683//1683 417//417 1610//1610
f 1681//1681 1610//1610 112//112
f 1683//1683 1610//1610 1681//1681
f 428//428 1664//1664 1685//1685
f 1664//1664 417//417 1683//1683
f 1685//1685 1683//1683 432//432
f 1664//1664 1683//1683 1685//1685
f 107//107 1617//1617 1509//1509
f 1617//1617 419//419 1619//1619
f 1509//1509 1619//1619 393//393
f 1617//1617 1619//1619 1509//1509
f 419//419 1618//1618 1620//1620
f 1618//1618 112//112 1606//1606
f 1620//1620 1606//1606 416//416
f 1618//1618 1606//1606 1620//1620
f 393//393 1608//1608 1508//1508
f 1608//1608 416//416 1605//1605
f 1508//1508 1605//1605 19//19
f 1608//1608 1605//1605 1508//1508
f 419//419 1620//1620 1619//1619
f 1620//1620 416//416 1608//1608
f 1619//1619 1608//1608 393//393
f 1620//1620 1608//1608 1619//1619
f 114//114 1682//1682 1671//1671
f 1682//1682 432//432 1686//1686
f 1671//1671 1686//1686 430//430
f 1682//1682 1686//1686 1671//1671
f 432//432 1681//1681 1684//1684
f 1681//1681 112//112 1618//1618
f 1684//1684 1618//1618 419//419
f 1681//1681 1618//1618 1684//1684
f 430//430 1673//1673 1670//1670
f 1673//1673 419//419 1617//1617
f 1670//1670 1617//1617 107//107
f 1673//1673 1617//1617 1670//1670
f 432//432 1684//1684 1686//1686
f 1684//1684 419//419 1673//1673
f 1686//1686 1673//1673 430//430
f 1684//1684 1673//1673 1686//1686
f 3//3 659//659 2155//2155
f 659//659 171//171 2157//2157
f 2155//2155 2157//2157 547//547
f 659//659 2157//2157 2155//2155
f 171//171 660//660 2163//2163
f 660//660 47//47 2161//2161
f 2163//2163 2161//2161 549//549
f 660//660 2161//2161 2163//2163
f 547//547 2164//2164 2156//2156
f 2164//2164 549//549 2162//2162
f 2156//2156 2162//2162 142//142
f 2164//2164 2162//2162 2156//2156
f 171//171 2163//2163 2157//2157
f 2163//2163 549//549 2164//2164
f 2157//2157 2164//2164 547//547
f 2163//2163 2164//2164 2157//2157
f 47//47 663//663 2179//2179
f 663//663 172//172 2181//2181
f 2179//2179 2181//2181 555//555
f 663//663 2181//2181 2179//2179
f 172//172 662//662 2175//2175
f 662//662 15//15 2173//2173
f 2175//2175 2173//2173 553//553
f 662//662 2173//2173 2175//2175
f 555//555 2183//2183 2180//2180
f 2183//2183 553//553 2174//2174
f 2180//2180 2174//2174 144//144
f 2183//2183 2174//2174 2180//2180
f 172//172 2175//2175 2181//2181
f 2175//2175 553//553 2183//2183
f 2181//2181 2183//2183 555//555
f 2175//2175 2183//2183 2181//2181
f 142//142 2184//2184 2160//2160
f 2184//2184 556//556 2186//2186
f 2160//2160 2186//2186 548//548
f 2184//2184 2186//2186 2160//2160
f 556//556 2185//2185 2188//2188
f 2185//2185 144//144 2177//2177
f 2188//2188 2177//2177 554//554
f 2185//2185 2177//2177 2188//2188
f 548//548 2178//2178 2159//2159
f 2178//2178 554//554 2176//2176
f 2159//2159 2176//2176 39//39
f 2178//2178 2176//2176 2159//2159
f 556//556 2188//2188 2186//2186
f 2188//2188 554//554 2178//2178
f 2186//2186 2178//2178 548//548
f 2188//2188 2178//2178 2186//2186
f 47//47 2179//2179 2161//2161
f 2179//2179 555//555 2182//2182
f 2161//2161 2182//2182 549//549
f 2179//2179 2182//2182 2161//2161
f 555//555 2180//2180 2189//2189
f 2180//2180 144//144 2185//2185
f 2189//2189 2185//2185 556//556
f 2180//2180 2185//2185 2189//2189
f 549//549 2187//2187 2162//2162
f 2187//2187 556//556 2184//2184
f 2162//2162 2184//2184 142//142
f 2187//2187 2184//2184 2162//2162
f 555//555 2189//2189 2182//2182
f 2189//2189 556//556 2187//2187
f 2182//2182 2187//2187 549//549
f 2189//2189 2187//2187 2182//2182
f 15//15 670//670 2230//2230
f 670//670 175//175 2232//2232
f 2230//2230 2232//2232 568//568
f 670//670 2232//2232 2230//2230
f 175//175 671//671 2239//2239
f 671//671 48//48 2237//2237
f 2239//2239 2237//2237 570//570
f 671//671 2237//2237 2239//2239
f 568//568 2241//2241 2231//2231
f 2241//2241 570//570 2238//2238
f 2231//2231 2238//2238 148//148
f 2241//2241 2238//2238 2231//2231
f 175//175 2239//2239 2232//2232
f 2239//2239 570//570 2241//2241
f 2232//2232 2241//2241 568//568
f 2239//2239 2241//2241 2232//2232
f 48//48 669//669 2213//2213
f 669//669 174//174 2215//2215
f 2213//2213 2215//2215 563//563
f 669//669 2215//2215 2213//2213
f 174//174 668//668 2209//2209
f 668//668 5//5 2207//2207
f 2209//2209 2207//2207 561//561
f 668//668 2207//2207 2209//2209
f 563//563 2216//2216 2214//2214
f 2216//2216 561//561 2208//2208
f 2214//2214 2208//2208 146//146
f 2216//2216 2208//2208 2214//2214
f 174//174 2209//2209 2215//2215
f 2209//2209 561//561 2216//2216
f 2215//2215 2216//2216 563//563
f 2209//2209 2216//2216 2215//2215
f 148//148 2247//2247 2235//2235
f 2247//2247 572//572 2250//2250
f 2235//2235 2250//2250 569//569
f 2247//2247 2250//2250 2235//2235
f 572//572 2246//2246 2248//2248
f 2246//2246 146//146 2212//2212
f 2248//2248 2212//2212 562//562
f 2246//2246 2212//2212 2248//2248
f 569//569 2236//2236 2234//2234
f 2236//2236 562//562 2211//2211
f 2234//2234 2211//2211 40//40
f 2236//2236 2211//2211 2234//2234
f 572//572 2248//2248 2250//2250
f 2248//2248 562//562 2236//2236
f 2250//2250 2236//2236 569//569
f 2248//2248 2236//2236 2250//2250
f 48//48 2213//2213 2237//2237
f 2213//2213 563//563 2240//2240
f 2237//2237 2240//2240 570//570
f 2213//2213 2240//2240 2237//2237
f 563//563 2214//2214 2249//2249
f 2214//2214 146//146 2246//2246
f 2249//2249 2246//2246 572//572
f 2214//2214 2246//2246 2249//2249
f 570//570 2251//2251 2238//2238
f 2251//2251 572//572 2247//2247
f 2238//2238 2247//2247 148//148
f 2251//2251 2247//2247 2238//2238
f 563//563 2249//2249 2240//2240
f 2249//2249 572//572 2251//2251
f 2240//2240 2251//2251 570//570
f 2249//2249 2251//2251 2240//2240
f 39//39 2269//2269 2171//2171
f 2269//2269 577//577 2271//2271
f 2171//2171 2271//2271 552//552
f 2269//2269 2271//2271 2171//2171
f 577//577 2270//2270 2281//2281
f 2270//2270 150//150 2278//2278
f 2281//2281 2278//2278 579//579
f 2270//2270 2278//2278 2281//2281
f 552//552 2279//2279 2172//2172
f 2279//2279 579//579 2277//2277
f 2172//2172 2277//2277 143//143
f 2279//2279 2277//2277 2172//2172
f 577//577 2281//2281 2271//2271
f 2281//2281 579//579 2279//2279
f 2271//2271 2279//2279 552//552
f 2281//2281 2279//2279 2271//2271
f 150//150 2274//2274 2288//2288
f 2274//2274 578//578 2291//2291
f 2288//2288 2291//2291 581//581
f 2274//2274 2291//2291 2288//2288
f 578//578 2273//2273 2275//2275
f 2273//2273 40//40 2224//2224
f 2275//2275 2224//2224 566//566
f 2273//2273 2224//2224 2275//2275
f 581//581 2289//2289 2287//2287
f 2289//2289 566//566 2225//2225
f 2287//2287 2225//2225 147//147
f 2289//2289 2225//2225 2287//2287
f 578//578 2275//2275 2291//2291
f 2275//2275 566//566 2289//2289
f 2291//2291 2289//2289 581//581
f 2275//2275 2289//2289 2291//2291
f 143//143 2226//2226 2170//2170
f 2226//2226 567//567 2228//2228
f 2170//2170 2228//2228 551//551
f 2226//2226 2228//2228 2170//2170
f 567//567 2227//2227 2229//2229
f 2227//2227 147//147 2222//2222
f 2229//2229 2222//2222 565//565
f 2227//2227 2222//2222 2229//2229
f 551//551 2223//2223 2169//2169
f 2223//2223 565//565 2221//2221
f 2169//2169 2221//2221 12//12
f 2223//2223 2221//2221 2169//2169
f 567//567 2229//2229 2228//2228
f 2229//2229 565//565 2223//2223
f 2228//2228 2223//2223 551//551
f 2229//2229 2223//2223 2228//2228
f 150//150 2288//2288 2278//2278
f 2288//2288 581//581 2292//2292
f 2278//2278 2292//2292 579//579
f 2288//2288 2292//2292 2278//2278
f 581//581 2287//2287 2290//2290
f 2287//2287 147//147 2227//2227
f 2290//2290 2227//2227 567//567
f 2287//2287 2227//2227 2290//2290
f 579//579 2280//2280 2277//2277
f 2280//2280 567//567 2226//2226
f 2277//2277 2226//2226 143//143
f 2280//2280 2226//2226 2277//2277
f 581//581 2290//2290 2292//2292
f 2290//2290 567//567 2280//2280
f 2292//2292 2280//2280 579//579
f 2290//2290 2280//2280 2292//2292
f 15//15 2230//2230 2173//2173
f 2230//2230 568//568 2233//2233
f 2173//2173 2233//2233 553//553
f 2230//2230 2233//2233 2173//2173
f 568//568 2231//2231 2245//2245
f 2231//2231 148//148 2243//2243
f 2245//2245 2243//2243 571//571
f 2231//2231 2243//2243 2245//2245
f 553//553 2244//2244 2174//2174
f 2244//2244 571//571 2242//2242
f 2174//2174 2242//2242 144//144
f 2244//2244 2242//2242 2174//2174
f 568//568 2245//2245 2233//2233
f 2245//2245 571//571 2244//2244
f 2233//2233 2244//2244 553//553
f 2245//2245 2244//2244 2233//2233
f 148//148 2235//2235 2293//2293
f 2235//2235 569//569 2295//2295
f 2293//2293 2295//2295 582//582
f 2235//2235 2295//2295 2293//2293
f 569//569 2234//2234 2276//2276
f 2234//2234 40//40 2273//2273
f 2276//2276 2273//2273 578//578
f 2234//2234 2273//2273 2276//2276
f 582//582 2297//2297 2294//2294
f 2297//2297 578//578 2274//2274
f 2294//2294 2274//2274 150//150
f 2297//2297 2274//2274 2294//2294
f 569//569 2276//2276 2295//2295
f 2276//2276 578//578 2297//2297
f 2295//2295 2297//2297 582//582
f 2276//2276 2297//2297 2295//2295
f 144//144 2282//2282 2177//2177
f 2282//2282 580//580 2284//2284
f 2177//2177 2284//2284 554//554
f 2282//2282 2284//2284 2177//2177
f 580//580 2283//2283 2286//2286
f 2283//2283 150//150 2270//2270
f 2286//2286 2270//2270 577//577
f 2283//2283 2270//2270 2286//2286
f 554//554 2272//2272 2176//2176
f 2272//2272 577//577 2269//2269
f 2176//2176 2269//2269 39//39
f 2272//2272 2269//2269 2176//2176
f 580//580 2286//2286 2284//2284
f 2286//2286 577//577 2272//2272
f 2284//2284 2272//2272 554//554
f 2286//2286 2272//2272 2284//2284
f 148//148 2293//2293 2243//2243
f 2293//2293 582//582 2296//2296
f 2243//2243 2296//2296 571//571
f 2293//2293 2296//2296 2243//2243
f 582//582 2294//2294 2298//2298
f 2294//2294 150//150 2283//2283
f 2298//2298 2283//2283 580//580
f 2294//2294 2283//2283 2298//2298
f 571//571 2285//2285 2242//2242
f 2285//2285 580//580 2282//2282
f 2242//2242 2282//2282 144//144
f 2285//2285 2282//2282 2242//2242
f 582//582 2298//2298 2296//2296
f 2298//2298 580//580 2285//2285
f 2296//2296 2285//2285 571//571
f 2298//2298 2285//2285 2296//2296
f 7//7 876//876 1879//1879
f 876//876 230//230 1881//1881
f 1879//1879 1881//1881 481//481
f 876//876 1881//1881 1879//1879
f 230//230 877//877 1887//1887
f 877//877 64//64 1885//1885
f 1887//1887 1885//1885 483//483
f 877//877 1885//1885 1887//1887
f 481//481 1888//1888 1880//1880
f 1888//1888 483//483 1886//1886
f 1880//1880 1886//1886 127//127
f 1888//1888 1886//1886 1880//1880
f 230//230 1887//1887 1881//1881
f 1887//1887 483//483 1888//1888
f 1881//1881 1888//1888 481//481
f 1887//1887 1888//1888 1881//1881
f 64//64 879//879 1909//1909
f 879//879 231//231 1911//1911
f 1909//1909 1911//1911 490//490
f 879//879 1911//1911 1909//1909
f 231//231 878//878 1904//1904
f 878//878 20//20 1902//1902
f 1904//1904 1902//1902 488//488
f 878//878 1902//1902 1904//1904
f 490//490 1913//1913 1910//1910
f 1913//1913 488//488 1903//1903
f 1910//1910 1903//1903 129//129
f 1913//1913 1903//1903 1910//1910
f 231//231 1904//1904 1911//1911
f 1904//1904 488//488 1913//1913
f 1911//1911 1913//1913 490//490
f 1904//1904 1913//1913 1911//1911
f 127//127 1918//1918 1884//1884
f 1918//1918 492//492 1920//1920
f 1884//1884 1920//1920 482//482
f 1918//1918 1920//1920 1884//1884
f 492//492 1919//1919 1922//1922
f 1919//1919 129//129 1907//1907
f 1922//1922 1907//1907 489//489
f 1919//1919 1907//1907 1922//1922
f 482//482 1908//1908 1883//1883
f 1908//1908 489//489 1906//1906
f 1883//1883 1906//1906 36//36
f 1908//1908 1906//1906 1883//1883
f 492//492 1922//1922 1920//1920
f 1922//1922 489//489 1908//1908
f 1920//1920 1908//1908 482//482
f 1922//1922 1908//1908 1920//1920
f 64//64 1909//1909 1885//1885
f 1909//1909 490//490 1912//1912
f 1885//1885 1912//1912 483//483
f 1909//1909 1912//1912 1885//1885
f 490//490 1910//1910 1923//1923
f 1910//1910 129//129 1919//1919
f 1923//1923 1919//1919 492//492
f 1910//1910 1919//1919 1923//1923
f 483//483 1921//1921 1886//1886
f 1921//1921 492//492 1918//1918
f 1886//1886 1918//1918 127//127
f 1921//1921 1918//1918 1886//1886
f 490//490 1923//1923 1912//1912
f 1923//1923 492//492 1921//1921
f 1912//1912 1921//1921 483//483
f 1923//1923 1921//1921 1912//1912
f 20//20 870//870 1862//1862
f 870//870 228//228 1864//1864
f 1862//1862 1864//1864 477//477
f 870//870 1864//1864 1862//1862
f 228//228 871//871 1870//1870
f 871//871 63//63 1868//1868
f 1870//1870 1868//1868 479//479
f 871//871 1868//1868 1870//1870
f 477//477 1872//1872 1863//1863
f 1872//1872 479//479 1869//1869
f 1863//1863 1869//1869 126//126
f 1872//1872 1869//1869 1863//1863
f 228//228 1870//1870 1864//1864
f 1870//1870 479//479 1872//1872
f 1864//1864 1872//1872 477//477
f 1870//1870 1872//1872 1864//1864
f 63//63 868//868 1854//1854
f 868//868 227//227 1856//1856
f 1854//1854 1856//1856 474//474
f 868//868 1856//1856 1854//1854
f 227//227 867//867 1851//1851
f 867//867 3//3 1849//1849
f 1851//1851 1849//1849 472//472
f 867//867 1849//1849 1851//1851
f 474//474 1857//1857 1855//1855
f 1857//1857 472//472 1850//1850
f 1855//1855 1850//1850 124//124
f 1857//1857 1850//1850 1855//1855
f 227//227 1851//1851 1856//1856
f 1851//1851 472//472 1857//1857
f 1856//1856 1857//1857 474//474
f 1851//1851 1857//1857 1856//1856
f 126//126 1874//1874 1866//1866
f 1874//1874 480//480 1877//1877
f 1866//1866 1877//1877 478//478
f 1874//1874 1877//1877 1866//1866
f 480//480 1873//1873 1875//1875
f 1873//1873 124//124 1853//1853
f 1875//1875 1853//1853 473//473
f 1873//1873 1853//1853 1875//1875
f 478//478 1867//1867 1865//1865
f 1867//1867 473//473 1852//1852
f 1865//1865 1852//1852 35//35
f 1867//1867 1852//1852 1865//1865
f 480//480 1875//1875 1877//1877
f 1875//1875 473//473 1867//1867
f 1877//1877 1867//1867 478//478
f 1875//1875 1867//1867 1877//1877
f 63//63 1854//1854 1868//1868
f 1854//1854 474//474 1871//1871
f 1868//1868 1871//1871 479//479
f 1854//1854 1871//1871 1868//1868
f 474//474 1855//1855 1876//1876
f 1855//1855 124//124 1873//1873
f 1876//1876 1873//1873 480//480
f 1855//1855 1873//1873 1876//1876
f 479//479 1878//1878 1869//1869
f 1878//1878 480//480 1874//1874
f 1869//1869 1874//1874 126//126
f 1878//1878 1874//1874 1869//1869
f 474//474 1876//1876 1871//1871
f 1876//1876 480//480 1878//1878
f 1871//1871 1878//1878 479//479
f 1876//1876 1878//1878 1871//1871
f 36//36 1945//1945 1896//1896
f 1945//1945 498//498 1947//1947
f 1896//1896 1947//1947 486//486
f 1945//1945 1947//1947 1896//1896
f 498//498 1946//1946 1963//1963
f 1946//1946 131//131 1960//1960
f 1963//1963 1960//1960 501//501
f 1946//1946 1960//1960 1963//1963
f 486//486 1961//1961 1897//1897
f 1961//1961 501//501 1959//1959
f 1897//1897 1959//1959 128//128
f 1961//1961 1959//1959 1897//1897
f 498//498 1963//1963 1947//1947
f 1963//1963 501//501 1961//1961
f 1947//1947 1961//1961 486//486
f 1963//1963 1961//1961 1947//1947
f 131//131 1942//1942 1950//1950
f 1942//1942 497//497 1953//1953
f 1950//1950 1953//1953 499//499
f 1942//1942 1953//1953 1950//1950
f 497//497 1941//1941 1943//1943
f 1941//1941 35//35 1860//1860
f 1943//1943 1860//1860 476//476
f 1941//1941 1860//1860 1943//1943
f 499//499 1951//1951 1949//1949
f 1951//1951 476//476 1861//1861
f 1949//1949 1861//1861 125//125
f 1951//1951 1861//1861 1949//1949
f 497//497 1943//1943 1953//1953
f 1943//1943 476//476 1951//1951
f 1953//1953 1951//1951 499//499
f 1943//1943 1951//1951 1953//1953
f 128//128 1899//1899 1894//1894
f 1899//1899 487//487 1901//1901
f 1894//1894 1901//1901 485//485
f 1899//1899 1901//1901 1894//1894
f 487//487 1898//1898 1900//1900
f 1898//1898 125//125 1859//1859
f 1900//1900 1859//1859 475//475
f 1898//1898 1859//1859 1900//1900
f 485//485 1895//1895 1893//1893
f 1895//1895 475//475 1858//1858
f 1893//1893 1858//1858 11//11
f 1895//1895 1858//1858 1893//1893
f 487//487 1900//1900 1901//1901
f 1900//1900 475//475 1895//1895
f 1901//1901 1895//1895 485//485
f 1900//1900 1895//1895 1901//1901
f 131//131 1950//1950 1960//1960
f 1950//1950 499//499 1964//1964
f 1960//1960 1964//1964 501//501
f 1950//1950 1964//1964 1960//1960
f 499//499 1949//1949 1952//1952
f 1949//1949 125//125 1898//1898
f 1952//1952 1898//1898 487//487
f 1949//1949 1898//1898 1952//1952
f 501//501 1962//1962 1959//1959
f 1962//1962 487//487 1899//1899
f 1959//1959 1899//1899 128//128
f 1962//1962 1899//1899 1959//1959
f 499//499 1952//1952 1964//1964
f 1952//1952 487//487 1962//1962
f 1964//1964 1962//1962 501//501
f 1952//1952 1962//1962 1964//1964
f 20//20 1862//1862 1902//1902
f 1862//1862 477//477 1905//1905
f 1902//1902 1905//1905 488//488
f 1862//1862 1905//1905 1902//1902
f 477//477 1863//1863 1916//1916
f 1863//1863 126//126 1914//1914
f 1916//1916 1914//1914 491//491
f 1863//1863 1914//1914 1916//1916
f 488//488 1917//1917 1903//1903
f 1917//1917 491//491 1915//1915
f 1903//1903 1915//1915 129//129
f 1917//1917 1915//1915 1903//1903
f 477//477 1916//1916 1905//1905
f 1916//1916 491//491 1917//1917
f 1905//1905 1917//1917 488//488
f 1916//1916 1917//1917 1905//1905
f 126//126 1866//1866 1954//1954
f 1866//1866 478//478 1956//1956
f 1954//1954 1956//1956 500//500
f 1866//1866 1956//1956 1954//1954
f 478//478 1865//1865 1944//1944
f 1865//1865 35//35 1941//1941
f 1944//1944 1941//1941 497//497
f 1865//1865 1941//1941 1944//1944
f 500//500 1958//1958 1955//1955
f 1958//1958 497//497 1942//1942
f 1955//1955 1942//1942 131//131
f 1958//1958 1942//1942 1955//1955
f 478//478 1944//1944 1956//1956
f 1944//1944 497//497 1958//1958
f 1956//1956 1958//1958 500//500
f 1944//1944 1958//1958 1956//1956
f 129//129 1965//1965 1907//1907
f 1965//1965 502//502 1967//1967
f 1907//1907 1967//1967 489//489
f 1965//1965 1967//1967 1907//1907
f 502//502 1966//1966 1969//1969
f 1966//1966 131//131 1946//1946
f 1969//1969 1946//1946 498//498
f 1966//1966 1946//1946 1969//1969
f 489//489 1948//1948 1906//1906
f 1948//1948 498//498 1945//1945
f 1906//1906 1945//1945 36//36
f 1948//1948 1945//1945 1906//1906
f 502//502 1969//1969 1967//1967
f 1969//1969 498//498 1948//1948
f 1967//1967 1948//1948 489//489
f 1969//1969 1948//1948 1967//1967
f 126//126 1954//1954 1914//1914
f 1954//1954 500//500 1957//1957
f 1914//1914 1957//1957 491//491
f 1954//1954 1957//1957 1914//1914
f 500//500 1955//1955 1970//1970
f 1955//1955 131//131 1966//1966
f 1970//1970 1966//1966 502//502
f 1955//1955 1966//1966 1970//1970
f 491//491 1968//1968 1915//1915
f 1968//1968 502//502 1965//1965
f 1915//1915 1965//1965 129//129
f 1968//1968 1965//1965 1915//1915
f 500//500 1970//1970 1957//1957
f 1970//1970 502//502 1968//1968
f 1957//1957 1968//1968 491//491
f 1970//1970 1968//1968 1957//1957
f 9//9 1149//1149 1241//1241
f 1149//1149 305//305 1244//1244
f 1241//1241 1244//1244 327//327
f 1149//1149 1244//1244 1241//1241
f 305//305 1150//1150 1253//1253
f 1150//1150 86//86 1251//1251
f 1253//1253 1251//1251 330//330
f 1150//1150 1251//1251 1253//1253
f 327//327 1254//1254 1242//1242
f 1254//1254 330//330 1252//1252
f 1242//1242 1252//1252 91//91
f 1254//1254 1252//1252 1242//1242
f 305//305 1253//1253 1244//1244
f 1253//1253 330//330 1254//1254
f 1244//1244 1254//1254 327//327
f 1253//1253 1254//1254 1244//1244
f 86//86 1153//1153 1337//1337
f 1153//1153 306//306 1339//1339
f 1337//1337 1339//1339 349//349
f 1153//1153 1339//1339 1337//1337
f 306//306 1152//1152 1331//1331
f 1152//1152 27//27 1329//1329
f 1331//1331 1329//1329 347//347
f 1152//1152 1329//1329 1331//1331
f 349//349 1341//1341 1338//1338
f 1341//1341 347//347 1330//1330
f 1338//1338 1330//1330 95//95
f 1341//1341 1330//1330 1338//1338
f 306//306 1331//1331 1339//1339
f 1331//1331 347//347 1341//1341
f 1339//1339 1341//1341 349//349
f 1331//1331 1341//1341 1339//1339
f 91//91 1347//1347 1246//1246
f 1347//1347 351//351 1349//1349
f 1246//1246 1349//1349 328//328
f 1347//1347 1349//1349 1246//1246
f 351//351 1348//1348 1351//1351
f 1348//1348 95//95 1334//1334
f 1351//1351 1334//1334 348//348
f 1348//1348 1334//1334 1351//1351
f 328//328 1335//1335 1245//1245
f 1335//1335 348//348 1333//1333
f 1245//1245 1333//1333 28//28
f 1335//1335 1333//1333 1245//1245
f 351//351 1351//1351 1349//1349
f 1351//1351 348//348 1335//1335
f 1349//1349 1335//1335 328//328
f 1351//1351 1335//1335 1349//1349
f 86//86 1337//1337 1251//1251
f 1337//1337 349//349 1340//1340
f 1251//1251 1340//1340 330//330
f 1337//1337 1340//1340 1251//1251
f 349//349 1338//1338 1352//1352
f 1338//1338 95//95 1348//1348
f 1352//1352 1348//1348 351//351
f 1338//1338 1348//1348 1352//1352
f 330//330 1350//1350 1252//1252
f 1350//1350 351//351 1347//1347
f 1252//1252 1347//1347 91//91
f 1350//1350 1347//1347 1252//1252
f 349//349 1352//1352 1340//1340
f 1352//1352 351//351 1350//1350
f 1340//1340 1350//1350 330//330
f 1352//1352 1350//1350 1340//1340
f 27//27 1139//1139 1183//1183
f 1139//1139 302//302 1185//1185
f 1183//1183 1185//1185 314//314
f 1139//1139 1185//1185 1183//1183
f 302//302 1140//1140 1193//1193
f 1140//1140 85//85 1191//1191
f 1193//1193 1191//1191 316//316
f 1140//1140 1191//1191 1193//1193
f 314//314 1195//1195 1184//1184
f 1195//1195 316//316 1192//1192
f 1184//1184 1192//1192 88//88
f 1195//1195 1192//1192 1184//1184
f 302//302 1193//1193 1185//1185
f 1193//1193 316//316 1195//1195
f 1185//1185 1195//1195 314//314
f 1193//1193 1195//1195 1185//1185
f 85//85 1136//1136 1146//1146
f 1136//1136 301//301 1148//1148
f 1146//1146 1148//1148 304//304
f 1136//1136 1148//1148 1146//1146
f 301//301 1135//1135 1138//1138
f 1135//1135 7//7 1067//1067
f 1138//1138 1067//1067 279//279
f 1135//1135 1067//1067 1138//1138
f 304//304 1147//1147 1145//1145
f 1147//1147 279//279 1068//1068
f 1145//1145 1068//1068 77//77
f 1147//1147 1068//1068 1145//1145
f 301//301 1138//1138 1148//1148
f 1138//1138 279//279 1147//1147
f 1148//1148 1147//1147 304//304
f 1138//1138 1147//1147 1148//1148
f 88//88 1187//1187 1181//1181
f 1187//1187 315//315 1190//1190
f 1181//1181 1190//1190 313//313
f 1187//1187 1190//1190 1181//1181
f 315//315 1186//1186 1188//1188
f 1186//1186 77//77 1070//1070
f 1188//1188 1070//1070 280//280
f 1186//1186 1070//1070 1188//1188
f 313//313 1182//1182 1180//1180
f 1182//1182 280//280 1069//1069
f 1180//1180 1069//1069 24//24
f 1182//1182 1069//1069 1180//1180
f 315//315 1188//1188 1190//1190
f 1188//1188 280//280 1182//1182
f 1190//1190 1182//1182 313//313
f 1188//1188 1182//1182 1190//1190
f 85//85 1146//1146 1191//1191
f 1146//1146 304//304 1194//1194
f 1191//1191 1194//1194 316//316
f 1146//1146 1194//1194 1191//1191
f 304//304 1145//1145 1189//1189
f 1145//1145 77//77 1186//1186
f 1189//1189 1186//1186 315//315
f 1145//1145 1186//1186 1189//1189
f 316//316 1196//1196 1192//1192
f 1196//1196 315//315 1187//1187
f 1192//1192 1187//1187 88//88
f 1196//1196 1187//1187 1192//1192
f 304//304 1189//1189 1194//1194
f 1189//1189 315//315 1196//1196
f 1194//1194 1196//1196 316//316
f 1189//1189 1196//1196 1194//1194
f 28//28 1281//1281 1231//1231
f 1281//1281 337//337 1283//1283
f 1231//1231 1283//1283 324//324
f 1281//1281 1283//1283 1231//1231
f 337//337 1282//1282 1297//1297
f 1282//1282 93//93 1294//1294
f 1297//1297 1294//1294 340//340
f 1282//1282 1294//1294 1297//1297
f 324//324 1295//1295 1232//1232
f 1295//1295 340//340 1293//1293
f 1232//1232 1293//1293 90//90
f 1295//1295 1293//1293 1232//1232
f 337//337 1297//1297 1283//1283
f 1297//1297 340//340 1295//1295
f 1283//1283 1295//1295 324//324
f 1297//1297 1295//1295 1283//1283
f 93//93 1278//1278 1285//1285
f 1278//1278 336//336 1288//1288
f 1285//1285 1288//1288 338//338
f 1278//1278 1288//1288 1285//1285
f 336//336 1277//1277 1279//1279
f 1277//1277 24//24 1073//1073
f 1279//1279 1073//1073 282//282
f 1277//1277 1073//1073 1279//1279
f 338//338 1286//1286 1284//1284
f 1286//1286 282//282 1074//1074
f 1284//1284 1074//1074 78//78
f 1286//1286 1074//1074 1284//1284
f 336//336 1279//1279 1288//1288
f 1279//1279 282//282 1286//1286
f 1288//1288 1286//1286 338//338
f 1279//1279 1286//1286 1288//1288
f 90//90 1238//1238 1228//1228
f 1238//1238 326//326 1240//1240
f 1228//1228 1240//1240 323//323
f 1238//1238 1240//1240 1228//1228
f 326//326 1237//1237 1239//1239
f 1237//1237 78//78 1072//1072
f 1239//1239 1072//1072 281//281
f 1237//1237 1072//1072 1239//1239
f 323//323 1230//1230 1227//1227
f 1230//1230 281//281 1071//1071
f 1227//1227 1071//1071 8//8
f 1230//1230 1071//1071 1227//1227
f 326//326 1239//1239 1240//1240
f 1239//1239 281//281 1230//1230
f 1240//1240 1230//1230 323//323
f 1239//1239 1230//1230 1240//1240
f 93//93 1285//1285 1294//1294
f 1285//1285 338//338 1298//1298
f 1294//1294 1298//1298 340//340
f 1285//1285 1298//1298 1294//1294
f 338//338 1284//1284 1287//1287
f 1284//1284 78//78 1237//1237
f 1287//1287 1237//1237 326//326
f 1284//1284 1237//1237 1287//1287
f 340//340 1296//1296 1293//1293
f 1296//1296 326//326 1238//1238
f 1293//1293 1238//1238 90//90
f 1296//1296 1238//1238 1293//1293
f 338//338 1287//1287 1298//1298
f 1287//1287 326//326 1296//1296
f 1298//1298 1296//1296 340//340
f 1287//1287 1296//1296 1298//1298
f 27//27 1183//1183 1329//1329
f 1183//1183 314//314 1332//1332
f 1329//1329 1332//1332 347//347
f 1183//1183 1332//1332 1329//1329
f 314//314 1184//1184 1344//1344
f 1184//1184 88//88 1342//1342
f 1344//1344 1342//1342 350//350
f 1184//1184 1342//1342 1344//1344
f 347//347 1346//1346 1330//1330
f 1346//1346 350//350 1343//1343
f 1330//1330 1343//1343 95//95
f 1346//1346 1343//1343 1330//1330
f 314//314 1344//1344 1332//1332
f 1344//1344 350//350 1346//1346
f 1332//1332 1346//1346 347//347
f 1344//1344 1346//1346 1332//1332
f 88//88 1181//1181 1289//1289
f 1181//1181 313//313 1291//1291
f 1289//1289 1291//1291 339//339
f 1181//1181 1291//1291 1289//1289
f 313//313 1180//1180 1280//1280
f 1180//1180 24//24 1277//1277
f 1280//1280 1277//1277 336//336
f 1180//1180 1277//1277 1280//1280
f 339//339 1292//1292 1290//1290
f 1292//1292 336//336 1278//1278
f 1290//1290 1278//1278 93//93
f 1292//1292 1278//1278 1290//1290
f 313//313 1280//1280 1291//1291
f 1280//1280 336//336 1292//1292
f 1291//1291 1292//1292 339//339
f 1280//1280 1292//1292 1291//1291
f 95//95 1354//1354 1334//1334
f 1354//1354 352//352 1357//1357
f 1334//1334 1357//1357 348//348
f 1354//1354 1357//1357 1334//1334
f 352//352 1353//1353 1355//1355
f 1353//1353 93//93 1282//1282
f 1355//1355 1282//1282 337//337
f 1353//1353 1282//1282 1355//1355
f 348//348 1336//1336 1333//1333
f 1336//1336 337//337 1281//1281
f 1333//1333 1281//1281 28//28
f 1336//1336 1281//1281 1333//1333
f 352//352 1355//1355 1357//1357
f 1355//1355 337//337 1336//1336
f 1357//1357 1336//1336 348//348
f 1355//1355 1336//1336 1357//1357
f 88//88 1289//1289 1342//1342
f 1289//1289 339//339 1345//1345
f 1342//1342 1345//1345 350//350
f 1289//1289 1345//1345 1342//1342
f 339//339 1290//1290 1356//1356
f 1290//1290 93//93 1353//1353
f 1356//1356 1353//1353 352//352
f 1290//1290 1353//1353 1356//1356
f 350//350 1358//1358 1343//1343
f 1358//1358 352//352 1354//1354
f 1343//1343 1354//1354 95//95
f 1358//1358 1354//1354 1343//1343
f 339//339 1356//1356 1345//1345
f 1356//1356 352//352 1358//1358
f 1345//1345 1358//1358 350//350
f 1356//1356 1358//1358 1345//1345
f 10//10 1701//1701 1373//1373
f 1701//1701 437//437 1703//1703
f 1373//1373 1703//1703 357//357
f 1701//1701 1703//1703 1373//1373
f 437//437 1702//1702 1710//1710
f 1702//1702 116//116 1708//1708
f 1710//1710 1708//1708 439//439
f 1702//1702 1708//1708 1710//1710
f 357//357 1709//1709 1374//1374
f 1709//1709 439//439 1707//1707
f 1374//1374 1707//1707 97//97
f 1709//1709 1707//1707 1374//1374
f 437//437 1710//1710 1703//1703
f 1710//1710 439//439 1709//1709
f 1703//1703 1709//1709 357//357
f 1710//1710 1709//1709 1703//1703
f 116//116 1706//1706 1777//1777
f 1706//1706 438//438 1779//1779
f 1777//1777 1779//1779 455//455
f 1706//1706 1779//1779 1777//1777
f 438//438 1705//1705 1765//1765
f 1705//1705 33//33 1763//1763
f 1765//1765 1763//1763 452//452
f 1705//1705 1763//1763 1765//1765
f 455//455 1781//1781 1778//1778
f 1781//1781 452//452 1764//1764
f 1778//1778 1764//1764 119//119
f 1781//1781 1764//1764 1778//1778
f 438//438 1765//1765 1779//1779
f 1765//1765 452//452 1781//1781
f 1779//1779 1781//1781 455//455
f 1765//1765 1781//1781 1779//1779
f 97//97 1767//1767 1376//1376
f 1767//1767 453//453 1769//1769
f 1376//1376 1769//1769 358//358
f 1767//1767 1769//1769 1376//1376
f 453//453 1768//1768 1771//1771
f 1768//1768 119//119 1760//1760
f 1771//1771 1760//1760 451//451
f 1768//1768 1760//1760 1771//1771
f 358//358 1761//1761 1375//1375
f 1761//1761 451//451 1759//1759
f 1375//1375 1759//1759 29//29
f 1761//1761 1759//1759 1375//1375
f 453//453 1771//1771 1769//1769
f 1771//1771 451//451 1761//1761
f 1769//1769 1761//1761 358//358
f 1771//1771 1761//1761 1769//1769
f 116//116 1777//1777 1708//1708
f 1777//1777 455//455 1780//1780
f 1708//1708 1780//1780 439//439
f 1777//1777 1780//1780 1708//1708
f 455//455 1778//1778 1782//1782
f 1778//1778 119//119 1768//1768
f 1782//1782 1768//1768 453//453
f 1778//1778 1768//1768 1782//1782
f 439//439 1770//1770 1707//1707
f 1770//1770 453//453 1767//1767
f 1707//1707 1767//1767 97//97
f 1770//1770 1767//1767 1707//1707
f 455//455 1782//1782 1780//1780
f 1782//1782 453//453 1770//1770
f 1780//1780 1770//1770 439//439
f 1782//1782 1770//1770 1780//1780
f 33//33 1691//1691 1719//1719
f 1691//1691 434//434 1721//1721
f 1719//1719 1721//1721 442//442
f 1691//1691 1721//1721 1719//1719
f 434//434 1692//1692 1733//1733
f 1692//1692 115//115 1731//1731
f 1733//1733 1731//1731 445//445
f 1692//1692 1731//1731 1733//1733
f 442//442 1735//1735 1720//1720
f 1735//1735 445//445 1732//1732
f 1720//1720 1732//1732 117//117
f 1735//1735 1732//1732 1720//1720
f 434//434 1733//1733 1721//1721
f 1733//1733 445//445 1735//1735
f 1721//1721 1735//1735 442//442
f 1733//1733 1735//1735 1721//1721
f 115//115 1688//1688 1694//1694
f 1688//1688 433//433 1696//1696
f 1694//1694 1696//1696 435//435
f 1688//1688 1696//1696 1694//1694
f 433//433 1687//1687 1689//1689
f 1687//1687 9//9 1084//1084
f 1689//1689 1084//1084 286//286
f 1687//1687 1084//1084 1689//1689
f 435//435 1695//1695 1693//1693
f 1695//1695 286//286 1085//1085
f 1693//1693 1085//1085 80//80
f 1695//1695 1085//1085 1693//1693
f 433//433 1689//1689 1696//1696
f 1689//1689 286//286 1695//1695
f 1696//1696 1695//1695 435//435
f 1689//1689 1695//1695 1696//1696
f 117//117 1723//1723 1716//1716
f 1723//1723 443//443 1726//1726
f 1716//1716 1726//1726 441//441
f 1723//1723 1726//1726 1716//1716
f 443//443 1722//1722 1724//1724
f 1722//1722 80//80 1087//1087
f 1724//1724 1087//1087 287//287
f 1722//1722 1087//1087 1724//1724
f 441//441 1717//1717 1715//1715
f 1717//1717 287//287 1086//1086
f 1715//1715 1086//1086 25//25
f 1717//1717 1086//1086 1715//1715
f 443//443 1724//1724 1726//1726
f 1724//1724 287//287 1717//1717
f 1726//1726 1717//1717 441//441
f 1724//1724 1717//1717 1726//1726
f 115//115 1694//1694 1731//1731
f 1694//1694 435//435 1734//1734
f 1731//1731 1734//1734 445//445
f 1694//1694 1734//1734 1731//1731
f 435//435 1693//1693 1725//1725
f 1693//1693 80//80 1722//1722
f 1725//1725 1722//1722 443//443
f 1693//1693 1722//1722 1725//1725
f 445//445 1736//1736 1732//1732
f 1736//1736 443//443 1723//1723
f 1732//1732 1723//1723 117//117
f 1736//1736 1723//1723 1732//1732
f 435//435 1725//1725 1734//1734
f 1725//1725 443//443 1736//1736
f 1734//1734 1736//1736 445//445
f 1725//1725 1736//1736 1734//1734
f 29//29 1397//1397 1363//1363
f 1397//1397 364//364 1399//1399
f 1363//1363 1399//1399 354//354
f 1397//1397 1399//1399 1363//1363
f 364//364 1398//1398 1409//1409
f 1398//1398 99//99 1406//1406
f 1409//1409 1406//1406 366//366
f 1398//1398 1406//1406 1409//1409
f 354//354 1407//1407 1364//1364
f 1407//1407 366//366 1405//1405
f 1364//1364 1405//1405 96//96
f 1407//1407 1405//1405 1364//1364
f 364//364 1409//1409 1399//1399
f 1409//1409 366//366 1407//1407
f 1399//1399 1407//1407 354//354
f 1409//1409 1407//1407 1399//1399
f 99//99 1395//1395 1401//1401
f 1395//1395 363//363 1404//1404
f 1401//1401 1404//1404 365//365
f 1395//1395 1404//1404 1401//1401
f 363//363 1394//1394 1396//1396
f 1394//1394 25//25 1078//1078
f 1396//1396 1078//1078 284//284
f 1394//1394 1078//1078 1396//1396
f 365//365 1402//1402 1400//1400
f 1402//1402 284//284 1079//1079
f 1400//1400 1079//1079 79//79
f 1402//1402 1079//1079 1400//1400
f 363//363 1396//1396 1404//1404
f 1396//1396 284//284 1402//1402
f 1404//1404 1402//1402 365//365
f 1396//1396 1402//1402 1404//1404
f 96//96 1370//1370 1360//1360
f 1370//1370 356//356 1372//1372
f 1360//1360 1372//1372 353//353
f 1370//1370 1372//1372 1360//1360
f 356//356 1369//1369 1371//1371
f 1369//1369 79//79 1076//1076
f 1371//1371 1076//1076 283//283
f 1369//1369 1076//1076 1371//1371
f 353//353 1362//1362 1359//1359
f 1362//1362 283//283 1075//1075
f 1359//1359 1075//1075 2//2
f 1362//1362 1075//1075 1359//1359
f 356//356 1371//1371 1372//1372
f 1371//1371 283//283 1362//1362
f 1372//1372 1362//1362 353//353
f 1371//1371 1362//1362 1372//1372
f 99//99 1401//1401 1406//1406
f 1401//1401 365//365 1410//1410
f 1406//1406 1410//1410 366//366
f 1401//1401 1410//1410 1406//1406
f 365//365 1400//1400 1403//1403
f 1400//1400 79//79 1369//1369
f 1403//1403 1369//1369 356//356
f 1400//1400 1369//1369 1403//1403
f 366//366 1408//1408 1405//1405
f 1408//1408 356//356 1370//1370
f 1405//1405 1370//1370 96//96
f 1408//1408 1370//1370 1405//1405
f 365//365 1403//1403 1410//1410
f 1403//1403 356//356 1408//1408
f 1410//1410 1408//1408 366//366
f 1403//1403 1408//1408 1410//1410
f 33//33 1719//1719 1763//1763
f 1719//1719 442//442 1766//1766
f 1763//1763 1766//1766 452//452
f 1719//1719 1766//1766 1763//1763
f 442//442 1720//1720 1785//1785
f 1720//1720 117//117 1783//1783
f 1785//1785 1783//1783 456//456
f 1720//1720 1783//1783 1785//1785
f 452//452 1787//1787 1764//1764
f 1787//1787 456//456 1784//1784
f 1764//1764 1784//1784 119//119
f 1787//1787 1784//1784 1764//1764
f 442//442 1785//1785 1766//1766
f 1785//1785 456//456 1787//1787
f 1766//1766 1787//1787 452//452
f 1785//1785 1787//1787 1766//1766
f 117//117 1716//1716 1728//1728
f 1716//1716 441//441 1730//1730
f 1728//1728 1730//1730 444//444
f 1716//1716 1730//1730 1728//1728
f 441//441 1715//1715 1718//1718
f 1715//1715 25//25 1394//1394
f 1718//1718 1394//1394 363//363
f 1715//1715 1394//1394 1718//1718
f 444//444 1729//1729 1727//1727
f 1729//1729 363//363 1395//1395
f 1727//1727 1395//1395 99//99
f 1729//1729 1395//1395 1727//1727
f 441//441 1718//1718 1730//1730
f 1718//1718 363//363 1729//1729
f 1730//1730 1729//1729 444//444
f 1718//1718 1729//1729 1730//1730
f 119//119 1773//1773 1760//1760
f 1773//1773 454//454 1776//1776
f 1760//1760 1776//1776 451//451
f 1773//1773 1776//1776 1760//1760
f 454//454 1772//1772 1774//1774
f 1772//1772 99//99 1398//1398
f 1774//1774 1398//1398 364//364
f 1772//1772 1398//1398 1774//1774
f 451//451 1762//1762 1759//1759
f 1762//1762 364//364 1397//1397
f 1759//1759 1397//1397 29//29
f 1762//1762 1397//1397 1759//1759
f 454//454 1774//1774 1776//1776
f 1774//1774 364//364 1762//1762
f 1776//1776 1762//1762 451//451
f 1774//1774 1762//1762 1776//1776
f 117//117 1728//1728 1783//1783
f 1728//1728 444//444 1786//1786
f 1783//1783 1786//1786 456//456
f 1728//1728 1786//1786 1783//1783
f 444//444 1727//1727 1775//1775
f 1727//1727 99//99 1772//1772
f 1775//1775 1772//1772 454//454
f 1727//1727 1772//1772 1775//1775
f 456//456 1788//1788 1784//1784
f 1788//1788 454//454 1773//1773
f 1784//1784 1773//1773 119//119
f 1788//1788 1773//1773 1784//1784
f 444//444 1775//1775 1786//1786
f 1775//1775 454//454 1788//1788
f 1786//1786 1788//1788 456//456
f 1775//1775 1788//1788 1786//1786

