# https://github.com/mikedh/trimesh
v 3.29974024 0.01248149 -0.00000000
v 3.29565669 0.00100068 -0.05085391
v 3.28258976 -0.01051055 -0.10016264
v 3.26093648 -0.02170241 -0.14642799
v 3.23135478 -0.03223486 -0.18824420
v 3.19474349 -0.04178787 -0.22434070
v 3.15221501 -0.05007117 -0.25362072
v 3.10506155 -0.05683309 -0.27519461
v 3.05471585 -0.06186816 -0.28840684
v 3.00270764 -0.06502340 -0.29285598
v 2.95061716 -0.06620294 -0.28840684
v 2.90002715 -0.06537093 -0.27519461
v 2.85247477 -0.06255266 -0.25362072
v 2.80940486 -0.05783376 -0.22434070
v 2.77212609 -0.05135761 -0.18824420
v 2.74177116 -0.04332099 -0.14642799
v 2.71926237 -0.03396808 -0.10016264
v 2.70528366 -0.02358307 -0.05085391
v 2.70025976 -0.01248149 -0.00000000
v 2.70434331 -0.00100068 0.05085391
v 2.71741024 0.01051055 0.10016264
v 2.73906352 0.02170241 0.14642799
v 2.76864522 0.03223486 0.18824420
v 2.80525651 0.04178787 0.22434070
v 2.84778499 0.05007117 0.25362072
v 2.89493845 0.05683309 0.27519461
v 2.94528415 0.06186816 0.28840684
v 2.99729236 0.06502340 0.29285598
v 3.04938284 0.06620294 0.28840684
v 3.09997285 0.06537093 0.27519461
v 3.14752523 0.06255266 0.25362072
v 3.19059514 0.05783376 0.22434070
v 3.22787391 0.05135761 0.18824420
v 3.25822884 0.04332099 0.14642799
v 3.28073763 0.03396808 0.10016264
v 3.29471634 0.02358307 0.05085391
v 3.28991652 0.24215687 -0.04831338
v 3.28631402 0.23051583 -0.09916722
v 3.27373718 0.21847081 -0.14847589
v 3.25256814 0.20638777 -0.19474117
v 3.22345011 0.19463385 -0.23655732
v 3.18726782 0.18356621 -0.27265377
v 3.14512066 0.17352110 -0.30193375
v 3.09828925 0.16480377 -0.32350760
v 3.04819653 0.15767906 -0.33671982
v 2.99636455 0.15236347 -0.34116896
v 2.94436820 0.14901851 -0.33671982
v 2.89378735 0.14774581 -0.32350760
v 2.84615889 0.14858405 -0.30193375
v 2.80292997 0.15150774 -0.27265377
v 2.76541409 0.15642807 -0.23655732
v 2.73475116 0.16319552 -0.19474117
v 2.71187283 0.17160447 -0.14847589
v 2.69747427 0.18139942 -0.09916722
v 2.69199297 0.19228276 -0.04831338
v 2.69559547 0.20392379 0.00254046
v 2.70817231 0.21596882 0.05184913
v 2.72934135 0.22805186 0.09811441
v 2.75845938 0.23980577 0.13993056
v 2.79464166 0.25087342 0.17602701
v 2.83678882 0.26091852 0.20530699
v 2.88362024 0.26963586 0.22688085
v 2.93371295 0.27676056 0.24009306
v 2.98554493 0.28207615 0.24454220
v 3.03754129 0.28542111 0.24009306
v 3.08812214 0.28669381 0.22688085
v 3.13575060 0.28585558 0.20530699
v 3.17897951 0.28293188 0.17602701
v 3.21649539 0.27801156 0.13993056
v 3.24715833 0.27124411 0.09811441
v 3.27003665 0.26283515 0.05184913
v 3.28443521 0.25304020 0.00254046
v 3.25975423 0.48249339 -0.09651392
v 3.25712733 0.47061989 -0.14737377
v 3.24559086 0.45759703 -0.19668826
v 3.22549535 0.44382050 -0.24295901
v 3.19745140 0.42970889 -0.28478010
v 3.16231109 0.41569098 -0.32088081
v 3.12114216 0.40219269 -0.35016425
v 3.07519550 0.38962417 -0.37174066
v 3.02586718 0.37836730 -0.38495444
v 2.97465601 0.36876411 -0.38940410
v 2.92311802 0.36110640 -0.38495444
v 2.87281916 0.35562684 -0.37174066
v 2.82528775 0.35249192 -0.35016425
v 2.78196799 0.35179690 -0.32088081
v 2.74417614 0.35356289 -0.28478010
v 2.71306048 0.35773624 -0.24295901
v 2.68956645 0.36419013 -0.19668826
v 2.67440789 0.37272848 -0.14737377
v 2.66804541 0.38309185 -0.09651392
v 2.67067231 0.39496535 -0.04565408
v 2.68220878 0.40798821 0.00366042
v 2.70230429 0.42176474 0.04993117
v 2.73034825 0.43587635 0.09175225
v 2.76548855 0.44989426 0.12785297
v 2.80665748 0.46339255 0.15713641
v 2.85260414 0.47596107 0.17871282
v 2.90193246 0.48721794 0.19192659
v 2.95314363 0.49682113 0.19637625
v 3.00468162 0.50447884 0.19192659
v 3.05498048 0.50995840 0.17871282
v 3.10251189 0.51309332 0.15713641
v 3.14583165 0.51378834 0.12785297
v 3.18362350 0.51202235 0.09175225
v 3.21473916 0.50784901 0.04993117
v 3.23823320 0.50139511 0.00366042
v 3.25339175 0.49285676 -0.04565408
v 3.20977664 0.71920728 -0.14448905
v 3.20813455 0.70720031 -0.19535889
v 3.19770958 0.69330609 -0.24468307
v 3.17881850 0.67794679 -0.29096291
v 3.15203530 0.66158911 -0.33279222
v 3.11817378 0.64473005 -0.36890003
v 3.07826279 0.62788188 -0.39818922
v 3.03351503 0.61155651 -0.41976987
v 2.98529011 0.59624999 -0.43298624
v 2.93505334 0.58242740 -0.43743678
v 2.88433113 0.57050872 -0.43298624
v 2.83466466 0.56085610 -0.41976987
v 2.78756300 0.55376283 -0.39818922
v 2.74445733 0.54944444 -0.36890003
v 2.70665738 0.54803214 -0.33279222
v 2.67531170 0.54956884 -0.29096291
v 2.65137269 0.55400785 -0.24468307
v 2.63556774 0.56121429 -0.19535889
v 2.62837706 0.57096919 -0.14448905
v 2.63001916 0.58297617 -0.09361921
v 2.64044413 0.59687039 -0.04429503
v 2.65933521 0.61222968 0.00198481
v 2.68611841 0.62858737 0.04381412
v 2.71997993 0.64544642 0.07992193
v 2.75989091 0.66229460 0.10921112
v 2.80463868 0.67861996 0.13079177
v 2.85286360 0.69392648 0.14400814
v 2.90310037 0.70774908 0.14845868
v 2.95382257 0.71966776 0.14400814
v 3.00348905 0.72932037 0.13079177
v 3.05059070 0.73641364 0.10921112
v 3.09369638 0.74073203 0.07992193
v 3.13149632 0.74214433 0.04381412
v 3.16284201 0.74060763 0.00198481
v 3.18678102 0.73616863 -0.04429503
v 3.20258597 0.72896219 -0.09361921
v 3.14041969 0.95053214 -0.19212672
v 3.13976044 0.93849014 -0.24301051
v 3.13050619 0.92383567 -0.29234822
v 3.11293810 0.90701400 -0.33864075
v 3.08758999 0.88853626 -0.38048153
v 3.05523204 0.86896387 -0.41659924
v 3.01684743 0.84889154 -0.44589647
v 2.97360245 0.82892915 -0.46748303
v 2.92681109 0.80968325 -0.48070303
v 2.87789508 0.79173861 -0.48515478
v 2.82834070 0.77564048 -0.48070303
v 2.77965364 0.76187799 -0.46748303
v 2.73331323 0.75086930 -0.44589647
v 2.69072750 0.74294892 -0.41659924
v 2.65319040 0.73835748 -0.38048153
v 2.62184247 0.73723451 -0.33864075
v 2.59763620 0.73961413 -0.29234822
v 2.58130709 0.74542402 -0.24301051
v 2.57335129 0.75448767 -0.19212672
v 2.57401053 0.76652967 -0.14124293
v 2.58326479 0.78118414 -0.09190522
v 2.60083287 0.79800580 -0.04561268
v 2.62618099 0.81648355 -0.00377191
v 2.65853894 0.83605594 0.03234580
v 2.69692355 0.85612827 0.06164303
v 2.74016852 0.87609066 0.08322959
v 2.78695988 0.89533656 0.09644959
v 2.83587590 0.91328119 0.10090135
v 2.88543028 0.92937932 0.09644959
v 2.93411734 0.94314181 0.08322959
v 2.98045775 0.95415050 0.06164303
v 3.02304348 0.96207089 0.03234580
v 3.06058058 0.96666232 -0.00377191
v 3.09192851 0.96778529 -0.04561268
v 3.11613478 0.96540568 -0.09190522
v 3.13246389 0.95959578 -0.14124293
v 3.05228695 1.17475486 -0.23931566
v 3.05259762 1.16277449 -0.29021732
v 3.04456110 1.14747418 -0.33957235
v 3.02842158 1.12931884 -0.38588114
v 3.00466944 1.10886009 -0.42773661
v 2.97402638 1.08671958 -0.46386700
v 2.93742349 1.06357002 -0.49317452
v 2.89597290 1.04011481 -0.51476866
v 2.85093410 1.01706663 -0.52799330
v 2.80367554 0.99512577 -0.53244662
v 2.75563316 0.97495890 -0.52799330
v 2.70826671 0.95717878 -0.51476866
v 2.66301539 0.94232565 -0.49317452
v 2.62125414 0.93085082 -0.46386700
v 2.58425185 0.92310293 -0.42773661
v 2.55313282 0.91931742 -0.38588114
v 2.52884258 0.91960929 -0.33957235
v 2.51211918 0.92396969 -0.29021732
v 2.50347076 0.93226611 -0.23931566
v 2.50316009 0.94424649 -0.18841401
v 2.51119661 0.95954679 -0.13905897
v 2.52733613 0.97770214 -0.09275019
v 2.55108827 0.99816088 -0.05089472
v 2.58173133 1.02030140 -0.01476433
v 2.61833422 1.04345095 0.01454319
v 2.65978481 1.06690616 0.03613733
v 2.70482362 1.08995435 0.04936197
v 2.75208217 1.11189521 0.05381529
v 2.80012455 1.13206208 0.04936197
v 2.84749100 1.14984220 0.03613733
v 2.89274232 1.16469533 0.01454319
v 2.93450357 1.17617016 -0.01476433
v 2.97150586 1.18391804 -0.05089472
v 3.00262489 1.18770356 -0.09275019
v 3.02691513 1.18741168 -0.13905897
v 3.04363853 1.18305129 -0.18841401
v 2.94614303 1.39023243 -0.28594568
v 2.94740002 1.37840731 -0.33686906
v 2.94061597 1.36257753 -0.38624516
v 2.92599702 1.34322409 -0.43257372
v 2.90398735 1.32093501 -0.47444705
v 2.87525572 1.29638755 -0.51059286
v 2.84067513 1.27032756 -0.53991289
v 2.80129628 1.24354687 -0.56151625
v 2.75831568 1.21685919 -0.57474653
v 2.71303928 1.19107541 -0.57920175
v 2.66684278 1.16697897 -0.57474653
v 2.62112983 1.14530202 -0.56151625
v 2.57728940 1.12670320 -0.53991289
v 2.53665356 1.11174763 -0.51059286
v 2.50045700 1.10088972 -0.47444705
v 2.46979955 1.09445939 -0.43257372
v 2.44561272 1.09265203 -0.38624516
v 2.42863140 1.09552254 -0.33686906
v 2.41937157 1.10298371 -0.28594568
v 2.41811458 1.11480883 -0.23502230
v 2.42489862 1.13063860 -0.18564619
v 2.43951757 1.14999205 -0.13931764
v 2.46152724 1.17228113 -0.09744431
v 2.49025887 1.19682859 -0.06129849
v 2.52483946 1.22288858 -0.03197847
v 2.56421831 1.24966927 -0.01037511
v 2.60719891 1.27635695 0.00285518
v 2.65247531 1.30214073 0.00731040
v 2.69867181 1.32623717 0.00285518
v 2.74438476 1.34791412 -0.01037511
v 2.78822519 1.36651294 -0.03197847
v 2.82886103 1.38146851 -0.06129849
v 2.86505759 1.39232642 -0.09744431
v 2.89571504 1.39875674 -0.13931764
v 2.91990187 1.40056411 -0.18564619
v 2.93688319 1.39769360 -0.23502230
v 2.82290515 1.59540783 -0.33190785
v 2.82507464 1.58382737 -0.38285676
v 2.81956555 1.56758512 -0.43225760
v 2.80654525 1.54717460 -0.47860937
v 2.78640936 1.52321595 -0.52050369
v 2.75976971 1.49643716 -0.55666762
v 2.72743572 1.46765189 -0.58600234
v 2.69038984 1.43773476 -0.60761652
v 2.64975770 1.40759479 -0.62085344
v 2.60677389 1.37814777 -0.62531089
v 2.56274444 1.35028842 -0.62085344
v 2.51900716 1.32486325 -0.60761652
v 2.47689100 1.30264478 -0.58600234
v 2.43767563 1.28430811 -0.55666762
v 2.40255259 1.27041039 -0.52050369
v 2.37258907 1.26137390 -0.47860937
v 2.34869551 1.25747319 -0.43225760
v 2.33159789 1.25882681 -0.38285676
v 2.32181572 1.26539361 -0.33190785
v 2.31964623 1.27697407 -0.28095895
v 2.32515532 1.29321632 -0.23155810
v 2.33817562 1.31362685 -0.18520633
v 2.35831151 1.33758549 -0.14331202
v 2.38495116 1.36436428 -0.10714809
v 2.41728515 1.39314955 -0.07781337
v 2.45433103 1.42306668 -0.05619918
v 2.49496317 1.45320665 -0.04296227
v 2.53794698 1.48265367 -0.03850481
v 2.58197643 1.51051302 -0.04296227
v 2.62571371 1.53593819 -0.05619918
v 2.66782987 1.55815666 -0.07781337
v 2.70704524 1.57649333 -0.10714809
v 2.74216828 1.59039105 -0.14331202
v 2.77213179 1.59942755 -0.18520633
v 2.79602536 1.60332825 -0.23155810
v 2.81312298 1.60197463 -0.28095895
v 2.68363316 1.78882498 -0.37709484
v 2.68667171 1.77757324 -0.42807297
v 2.68244794 1.76103481 -0.47750216
v 2.67109018 1.73971221 -0.52388053
v 2.65294355 1.71425331 -0.56579888
v 2.62855940 1.68543166 -0.60198356
v 2.59867865 1.65412300 -0.63133510
v 2.56420921 1.62127863 -0.65296169
v 2.52619841 1.58789651 -0.66620620
v 2.48580119 1.55499093 -0.67066621
v 2.44424500 1.52356171 -0.66620620
v 2.40279250 1.49456382 -0.65296169
v 2.36270321 1.46887833 -0.63133510
v 2.32519522 1.44728570 -0.60198356
v 2.29140819 1.43044200 -0.56579888
v 2.26236872 1.41885903 -0.52388053
v 2.23895916 1.41288871 -0.47750216
v 2.22189081 1.41271246 -0.42807297
v 2.21168226 1.41833564 -0.37709484
v 2.20864372 1.42958738 -0.32611671
v 2.21286749 1.44612580 -0.27668752
v 2.22422524 1.46744841 -0.23030916
v 2.24237188 1.49290731 -0.18839080
v 2.26675602 1.52172895 -0.15220613
v 2.29663677 1.55303761 -0.12285458
v 2.33110621 1.58588198 -0.10122799
v 2.36911702 1.61926410 -0.08798348
v 2.40951424 1.65216969 -0.08352347
v 2.45107043 1.68359890 -0.08798348
v 2.49252293 1.71259680 -0.10122799
v 2.53261222 1.73828228 -0.12285458
v 2.57012021 1.75987491 -0.15220613
v 2.60390724 1.77671861 -0.18839080
v 2.63294671 1.78830159 -0.23030916
v 2.65635626 1.79427190 -0.27668752
v 2.67342462 1.79444815 -0.32611671
v 2.52951798 1.96914242 -0.42140111
v 2.53337318 1.95829703 -0.47241208
v 2.53043332 1.94157673 -0.52187311
v 2.52078773 1.91948958 -0.56828135
v 2.50472948 1.89270667 -0.61022671
v 2.48274650 1.86204180 -0.64643470
v 2.45550673 1.82842668 -0.67580515
v 2.42383784 1.79288272 -0.69744567
v 2.38870206 1.75648988 -0.71069871
v 2.35116699 1.72035395 -0.71516159
v 2.31237310 1.68557291 -0.71069871
v 2.27349913 1.65320354 -0.69744567
v 2.23572624 1.62422939 -0.67580515
v 2.20020214 1.59953082 -0.64643470
v 2.16800623 1.57985827 -0.61022671
v 2.14011674 1.56580950 -0.56828135
v 2.11738110 1.55781136 -0.52187311
v 2.10049011 1.55610688 -0.47241208
v 2.08995699 1.56074784 -0.42140111
v 2.08610179 1.57159323 -0.37039013
v 2.08904165 1.58831352 -0.32092910
v 2.09868724 1.61040067 -0.27452086
v 2.11474549 1.63718358 -0.23257551
v 2.13672846 1.66784846 -0.19636752
v 2.16396824 1.70146357 -0.16699706
v 2.19563713 1.73700754 -0.14535655
v 2.23077291 1.77340037 -0.13210350
v 2.26830798 1.80953630 -0.12764062
v 2.30710187 1.84431735 -0.13210350
v 2.34597584 1.87668671 -0.14535655
v 2.38374873 1.90566086 -0.16699706
v 2.41927283 1.93035943 -0.19636752
v 2.45146874 1.95003198 -0.23257551
v 2.47935823 1.96408075 -0.27452086
v 2.50209387 1.97207889 -0.32092910
v 2.51898486 1.97378338 -0.37039013
v 2.36186870 2.13514571 -0.46472317
v 2.36648001 2.12477687 -0.51577048
v 2.36481129 2.10798580 -0.56526674
v 2.35691326 2.08528268 -0.61170803
v 2.34302588 2.05735734 -0.65368327
v 2.32357112 2.02505826 -0.68991705
v 2.29914010 1.98936685 -0.71930842
v 2.27047515 1.95136757 -0.74096435
v 2.23844723 1.91221501 -0.75422684
v 2.20402950 1.87309879 -0.75869290
v 2.16826772 1.83520744 -0.75422684
v 2.13224849 1.79969228 -0.74096435
v 2.09706625 1.76763242 -0.71930842
v 2.06378999 1.74000197 -0.68991705
v 2.03343078 1.71764047 -0.65368327
v 2.00691109 1.70122737 -0.61170803
v 1.98503669 1.69126138 -0.56526674
v 1.96847222 1.68804529 -0.51577048
v 1.95772100 1.69167683 -0.46472317
v 1.95310969 1.70204567 -0.41367586
v 1.95477840 1.71883674 -0.36417960
v 1.96267644 1.74153986 -0.31773831
v 1.97656382 1.76946520 -0.27576307
v 1.99601858 1.80176428 -0.23952930
v 2.02044960 1.83745569 -0.21013792
v 2.04911455 1.87545497 -0.18848199
v 2.08114247 1.91460753 -0.17521951
v 2.11556020 1.95372375 -0.17075345
v 2.15132198 1.99161510 -0.17521951
v 2.18734120 2.02713026 -0.18848199
v 2.22252344 2.05919012 -0.21013792
v 2.25579971 2.08682057 -0.23952930
v 2.28615891 2.10918207 -0.27576307
v 2.31267861 2.12559517 -0.31773831
v 2.33455301 2.13556116 -0.36417960
v 2.35111747 2.13877725 -0.41367586
v 2.18209844 2.28575826 -0.50695985
v 2.18739810 2.27592787 -0.55804685
v 2.18697698 2.25917269 -0.60758160
v 2.18084787 2.23600182 -0.65405900
v 2.16919700 2.20711929 -0.69606687
v 2.15237838 2.17340269 -0.73232883
v 2.13090303 2.13587647 -0.76174305
v 2.10542346 2.09568086 -0.78341582
v 2.07671387 2.05403717 -0.79668862
v 2.04564658 2.01221073 -0.80115815
v 2.01316555 1.97147241 -0.79668862
v 1.98025770 1.93306003 -0.78341582
v 1.94792293 1.89814073 -0.76174305
v 1.91714370 1.86777551 -0.73232883
v 1.88885523 1.84288700 -0.69606687
v 1.86391705 1.82423143 -0.65405900
v 1.84308689 1.81237564 -0.60758160
v 1.82699766 1.80767987 -0.55804685
v 1.81613824 1.81028678 -0.50695985
v 1.81083857 1.82011717 -0.45587286
v 1.81125969 1.83687235 -0.40633811
v 1.81738880 1.86004322 -0.35986070
v 1.82903967 1.88892575 -0.31785283
v 1.84585830 1.92264235 -0.28159088
v 1.86733365 1.96016857 -0.25217665
v 1.89281321 2.00036418 -0.23050388
v 1.92152281 2.04200787 -0.21723109
v 1.95259010 2.08383431 -0.21276156
v 1.98507113 2.12457263 -0.21723109
v 2.01797897 2.16298501 -0.23050388
v 2.05031375 2.19790431 -0.25217665
v 2.08109298 2.22826953 -0.28159088
v 2.10938145 2.25315804 -0.31785283
v 2.13431963 2.27181361 -0.35986070
v 2.15514979 2.28366940 -0.40633811
v 2.17123902 2.28836517 -0.45587286
v 1.99170924 2.42005061 -0.54801251
v 1.99762331 2.41081141 -0.59914240
v 1.99841613 2.39419326 -0.64871873
v 1.99406364 2.37070108 -0.69523516
v 1.98469806 2.34104868 -0.73727829
v 1.97060398 2.30613703 -0.77357069
v 1.95220964 2.26702690 -0.80300961
v 1.93007393 2.22490663 -0.82470058
v 1.90486944 2.18105603 -0.83798452
v 1.87736199 2.13680748 -0.84245780
v 1.84838740 2.09350544 -0.83798452
v 1.81882602 2.05246562 -0.82470058
v 1.78957607 2.01493500 -0.80300961
v 1.76152630 1.98205394 -0.77357069
v 1.73552899 1.95482149 -0.73727829
v 1.71237404 1.93406511 -0.69523516
v 1.69276501 1.92041547 -0.64871873
v 1.67729772 1.91428731 -0.59914240
v 1.66644212 1.91586682 -0.54801251
v 1.66052806 1.92510602 -0.49688262
v 1.65973523 1.94172418 -0.44730629
v 1.66408773 1.96521635 -0.40078986
v 1.67345330 1.99486875 -0.35874672
v 1.68754738 2.02978041 -0.32245432
v 1.70594172 2.06889054 -0.29301540
v 1.72807743 2.11101080 -0.27132444
v 1.75328192 2.15486140 -0.25804050
v 1.78078937 2.19910996 -0.25356721
v 1.80976397 2.24241200 -0.25804050
v 1.83932534 2.28345182 -0.27132444
v 1.86857529 2.32098243 -0.29301540
v 1.89662506 2.35386350 -0.32245432
v 1.92262237 2.38109595 -0.35874672
v 1.94577732 2.40185232 -0.40078986
v 1.96538635 2.41550196 -0.44730629
v 1.98085364 2.42163013 -0.49688262
v 1.79227606 2.53724793 -0.58778525
v 1.79872546 2.52864285 -0.63896105
v 1.80068930 2.51225629 -0.68858190
v 1.79810791 2.48858615 -0.73514009
v 1.79105972 2.45835163 -0.77722098
v 1.77975888 2.42247139 -0.81354596
v 1.76454877 2.38203564 -0.84301132
v 1.74589155 2.33827300 -0.86472176
v 1.72435409 2.29251316 -0.87801762
v 1.70059080 2.24614653 -0.88249493
v 1.67532373 2.20058193 -0.87801762
v 1.64932059 2.15720381 -0.86472176
v 1.62337148 2.11733020 -0.84301132
v 1.59826485 2.08217263 -0.81354596
v 1.57476355 2.05279936 -0.77722098
v 1.55358166 2.03010287 -0.73514009
v 1.53536278 2.01477279 -0.68858190
v 1.52066047 2.00727490 -0.63896105
v 1.50992147 2.00783704 -0.58778525
v 1.50347207 2.01644212 -0.53660945
v 1.50150823 2.03282868 -0.48698861
v 1.50408962 2.05649882 -0.44043042
v 1.51113781 2.08673334 -0.39834953
v 1.52243864 2.12261358 -0.36202454
v 1.53764875 2.16304933 -0.33255919
v 1.55630598 2.20681197 -0.31084875
v 1.57784344 2.25257181 -0.29755288
v 1.60160672 2.29893844 -0.29307558
v 1.62687380 2.34450304 -0.29755288
v 1.65287694 2.38788116 -0.31084875
v 1.67882605 2.42775477 -0.33255919
v 1.70393268 2.46291234 -0.36202454
v 1.72743397 2.49228561 -0.39834953
v 1.74861587 2.51498210 -0.44043042
v 1.76683475 2.53031218 -0.48698861
v 1.78153705 2.53781007 -0.53660945
v 1.58543010 2.63673575 -0.62618520
v 1.59233188 2.62879732 -0.67740971
v 1.59541543 2.61272941 -0.72707780
v 1.59458705 2.58902026 -0.77368032
v 1.58987192 2.55839025 -0.81580127
v 1.58141330 2.52177006 -0.85216083
v 1.56946821 2.48027237 -0.88165424
v 1.55439958 2.43515808 -0.90338535
v 1.53666528 2.38779794 -0.91669387
v 1.51680415 2.33963099 -0.92117543
v 1.49541965 2.29212074 -0.91669387
v 1.47316156 2.24671078 -0.90338535
v 1.45070616 2.20478086 -0.88165424
v 1.42873576 2.16760500 -0.85216083
v 1.40791791 2.13631276 -0.81580127
v 1.38888515 2.11185496 -0.77368032
v 1.37221579 2.09497472 -0.72707780
v 1.35841631 2.08618495 -0.67740971
v 1.34790601 2.08575272 -0.62618520
v 1.34100423 2.09369115 -0.57496068
v 1.33792068 2.10975905 -0.52529259
v 1.33874906 2.13346820 -0.47869008
v 1.34346419 2.16409821 -0.43656913
v 1.35192281 2.20071841 -0.40020957
v 1.36386790 2.24221609 -0.37071616
v 1.37893653 2.28733039 -0.34898505
v 1.39667083 2.33469052 -0.33567653
v 1.41653196 2.38285748 -0.33119496
v 1.43791646 2.43036772 -0.33567653
v 1.46017455 2.47577769 -0.34898505
v 1.48262995 2.51770761 -0.37071616
v 1.50460035 2.55488347 -0.40020957
v 1.52541820 2.58617570 -0.43656913
v 1.54445096 2.61063351 -0.47869008
v 1.56112032 2.62751374 -0.52529259
v 1.57491980 2.63630352 -0.57496068
v 1.37284181 2.71806388 -0.66312266
v 1.38011035 2.71081377 -0.71439847
v 1.38425494 2.69514325 -0.76411629
v 1.38514966 2.67152847 -0.81076547
v 1.38276732 2.64068695 -0.85292860
v 1.37718030 2.60355579 -0.88932457
v 1.36855837 2.56126320 -0.91884751
v 1.35716350 2.51509423 -0.94060038
v 1.34334192 2.46645169 -0.95392223
v 1.32751358 2.41681357 -0.95840828
v 1.31015942 2.36768808 -0.95392223
v 1.29180675 2.32056790 -0.94060038
v 1.27301319 2.27688473 -0.91884751
v 1.25434979 2.23796587 -0.88932457
v 1.23638361 2.20499384 -0.85292860
v 1.21966055 2.17897050 -0.81076547
v 1.20468874 2.16068654 -0.76411629
v 1.19192308 2.15069751 -0.71439847
v 1.18175145 2.14930693 -0.66312266
v 1.17448292 2.15655704 -0.61184685
v 1.17033833 2.17222755 -0.56212903
v 1.16944361 2.19584234 -0.51547985
v 1.17182595 2.22668386 -0.47331672
v 1.17741296 2.26381502 -0.43692075
v 1.18603489 2.30610760 -0.40739781
v 1.19742977 2.35227658 -0.38564494
v 1.21125135 2.40091911 -0.37232309
v 1.22707969 2.45055724 -0.36783703
v 1.24443384 2.49968272 -0.37232309
v 1.26278652 2.54680291 -0.38564494
v 1.28158007 2.59048608 -0.40739781
v 1.30024348 2.62940494 -0.43692075
v 1.31820966 2.66237696 -0.47331672
v 1.33493271 2.68840031 -0.51547985
v 1.34990453 2.70668427 -0.56212903
v 1.36267019 2.71667330 -0.61184685
v 1.15620353 2.78094839 -0.69851137
v 1.16375185 2.77439713 -0.74984077
v 1.16889258 2.75919367 -0.79961057
v 1.17146950 2.73579995 -0.84630851
v 1.17140433 2.70492678 -0.88851571
v 1.16869903 2.66751224 -0.92494973
v 1.16343583 2.62469313 -0.95450353
v 1.15577462 2.57777050 -0.97627914
v 1.14594819 2.52817007 -0.98961491
v 1.13425513 2.47739892 -0.99410565
v 1.12105070 2.42699970 -0.98961491
v 1.10673612 2.37850378 -0.97627914
v 1.09174634 2.33338467 -0.95450353
v 1.07653681 2.29301330 -0.92494973
v 1.06156967 2.25861633 -0.88851571
v 1.04729967 2.23123890 -0.84630851
v 1.03416042 2.21171285 -0.79961057
v 1.02255114 2.20063147 -0.74984077
v 1.01282457 2.19833147 -0.69851137
v 1.00527624 2.20488273 -0.64718196
v 1.00013552 2.22008620 -0.59741216
v 0.99755860 2.24347992 -0.55071422
v 0.99762377 2.27435308 -0.50850702
v 1.00032906 2.31176763 -0.47207300
v 1.00559227 2.35458674 -0.44251920
v 1.01325348 2.40150937 -0.42074359
v 1.02307990 2.45110980 -0.40740782
v 1.03477297 2.50188095 -0.40291708
v 1.04797740 2.55228017 -0.40740782
v 1.06229197 2.60077609 -0.42074359
v 1.07728175 2.64589519 -0.44251920
v 1.09249128 2.68626656 -0.47207300
v 1.10745843 2.72066353 -0.50850702
v 1.12172842 2.74804097 -0.55071422
v 1.13486767 2.76756702 -0.59741216
v 1.14647696 2.77864839 -0.64718196
v 0.93721219 2.82527175 -0.73226867
v 0.94495334 2.81941855 -0.78365368
v 0.95102020 2.80474216 -0.83347738
v 0.95522845 2.78168852 -0.88022590
v 0.95745021 2.75095810 -0.92247883
v 0.95761798 2.71348462 -0.95895231
v 0.95572666 2.67040670 -0.98853812
v 0.95183372 2.62303325 -1.01033732
v 0.94605744 2.57280367 -1.02368754
v 0.93857334 2.52124417 -1.02818314
v 0.92960880 2.46992135 -1.02368754
v 0.91943622 2.42039465 -1.01033732
v 0.90836469 2.37416889 -0.98853812
v 0.89673060 2.33264863 -0.95895231
v 0.88488746 2.29709543 -0.92247883
v 0.87319510 2.26858957 -0.88022590
v 0.86200881 2.24799719 -0.83347738
v 0.85166846 2.23594396 -0.78365368
v 0.84248824 2.23279612 -0.73226867
v 0.83474710 2.23864931 -0.68088366
v 0.82868023 2.25332570 -0.63105995
v 0.82447199 2.27637934 -0.58431143
v 0.82225022 2.30710976 -0.54205851
v 0.82208245 2.34458324 -0.50558503
v 0.82397377 2.38766116 -0.47599921
v 0.82786671 2.43503462 -0.45420002
v 0.83364299 2.48526420 -0.44084980
v 0.84112710 2.53682370 -0.43635419
v 0.85009163 2.58814651 -0.44084980
v 0.86026421 2.63767322 -0.45420002
v 0.87133575 2.68389897 -0.47599921
v 0.88296983 2.72541923 -0.50558503
v 0.89481298 2.76097243 -0.54205851
v 0.90650533 2.78947829 -0.58431143
v 0.91769163 2.81007068 -0.63105995
v 0.92803198 2.82212391 -0.68088366
v 0.71755222 2.85108106 -0.76431572
v 0.72540061 2.84591382 -0.81575799
v 0.73231980 2.83181444 -0.86563721
v 0.73809957 2.80921132 -0.91243783
v 0.74256429 2.77879125 -0.95473783
v 0.74557832 2.74147854 -0.99125195
v 0.74705007 2.69840690 -1.02087074
v 0.74693482 2.65088504 -1.04269422
v 0.74523607 2.60035690 -1.05605932
v 0.74200545 2.54835775 -1.06055993
v 0.73734110 2.49646755 -1.05605932
v 0.73138476 2.44626296 -1.04269422
v 0.72431741 2.39926943 -1.02087074
v 0.71635377 2.35691482 -0.99125195
v 0.70773584 2.32048606 -0.95473783
v 0.69872544 2.29109002 -0.91243783
v 0.68959637 2.26961989 -0.86563721
v 0.68062601 2.25672802 -0.81575799
v 0.67208690 2.25280612 -0.76431572
v 0.66423852 2.25797337 -0.71287345
v 0.65731933 2.27207275 -0.66299423
v 0.65153956 2.29467587 -0.61619361
v 0.64707484 2.32509593 -0.57389361
v 0.64406081 2.36240865 -0.53737949
v 0.64258906 2.40548029 -0.50776071
v 0.64270431 2.45300215 -0.48593722
v 0.64440306 2.50353028 -0.47257212
v 0.64763368 2.55552944 -0.46807151
v 0.65229803 2.60741964 -0.47257212
v 0.65825437 2.65762423 -0.48593722
v 0.66532172 2.70461776 -0.50776071
v 0.67328535 2.74697237 -0.53737949
v 0.68190329 2.78340113 -0.57389361
v 0.69091368 2.81279716 -0.61619361
v 0.70004275 2.83426730 -0.66299423
v 0.70901312 2.84715917 -0.71287345
v 0.49887880 2.85858455 -0.79457768
v 0.50675160 2.85407996 -0.84607848
v 0.51444677 2.84059710 -0.89601445
v 0.52173050 2.81854564 -0.94286832
v 0.52838147 2.78859561 -0.98521645
v 0.53419761 2.75165701 -1.02177212
v 0.53900218 2.70885221 -1.05142460
v 0.54264920 2.66148181 -1.07327291
v 0.54502787 2.61098513 -1.08665322
v 0.54606590 2.55889650 -1.09115895
v 0.54573176 2.50679861 -1.08665322
v 0.54403559 2.45627440 -1.07327291
v 0.54102895 2.40885905 -1.05142460
v 0.53680317 2.36599324 -1.02177212
v 0.53148667 2.32897943 -0.98521645
v 0.52524097 2.29894226 -0.94286832
v 0.51825586 2.27679440 -0.89601445
v 0.51074356 2.26320880 -0.84607848
v 0.50293235 2.25859825 -0.79457768
v 0.49505955 2.26310283 -0.74307688
v 0.48736438 2.27658569 -0.69314091
v 0.48008065 2.29863715 -0.64628704
v 0.47342967 2.32858719 -0.60393891
v 0.46761354 2.36552579 -0.56738324
v 0.46280897 2.40833059 -0.53773076
v 0.45916195 2.45570099 -0.51588245
v 0.45678328 2.50619766 -0.50250214
v 0.45574525 2.55828629 -0.49799641
v 0.45607939 2.61038419 -0.50250214
v 0.45777555 2.66090839 -0.51588245
v 0.46078220 2.70832375 -0.53773076
v 0.46500798 2.75118956 -0.56738324
v 0.47032448 2.78820337 -0.60393891
v 0.47657018 2.81824054 -0.64628704
v 0.48355529 2.84038840 -0.69314091
v 0.49106759 2.85397400 -0.74307688
v 0.28280176 2.84814619 -0.82298387
v 0.29062030 2.84427009 -0.87454403
v 0.29901390 2.83143271 -0.92453757
v 0.30772751 2.81002410 -0.97144544
v 0.31649637 2.78069475 -1.01384239
v 0.32505404 2.74433583 -1.05044020
v 0.33314052 2.70205208 -1.08012686
v 0.34051008 2.65512828 -1.10200036
v 0.34693882 2.60499016 -1.11539609
v 0.35223140 2.55316117 -1.11990702
v 0.35622700 2.50121609 -1.11539609
v 0.35880422 2.45073325 -1.10200036
v 0.35988476 2.40324655 -1.08012686
v 0.35943578 2.36019885 -1.05044020
v 0.35747092 2.32289812 -1.01384239
v 0.35404989 2.29247774 -0.97144544
v 0.34927663 2.26986200 -0.92453757
v 0.34329618 2.25573808 -0.87454403
v 0.33629024 2.25053513 -0.82298387
v 0.32847169 2.25441124 -0.77142370
v 0.32007810 2.26724862 -0.72143017
v 0.31136449 2.28865723 -0.67452229
v 0.30259563 2.31798657 -0.63212534
v 0.29403796 2.35434549 -0.59552753
v 0.28595148 2.39662924 -0.56584087
v 0.27858192 2.44355305 -0.54396737
v 0.27215318 2.49369116 -0.53057164
v 0.26686060 2.54552016 -0.52606071
v 0.26286500 2.59746523 -0.53057164
v 0.26028778 2.64794807 -0.54396737
v 0.25920724 2.69543477 -0.56584087
v 0.25965622 2.73848248 -0.59552753
v 0.26162108 2.77578321 -0.63212534
v 0.26504211 2.80620359 -0.67452229
v 0.26981537 2.82881933 -0.72143017
v 0.27579582 2.84294324 -0.77142370
v 0.07087022 2.82027875 -0.84946794
v 0.07856136 2.81698655 -0.90108782
v 0.08757596 2.80481303 -0.95113926
v 0.09764014 2.78412806 -0.99810146
v 0.10844808 2.75556015 -1.04054752
v 0.11967141 2.71997733 -1.07718771
v 0.13096910 2.67846075 -1.10690876
v 0.14199788 2.63227188 -1.12880760
v 0.15242264 2.58281415 -1.14221884
v 0.16192664 2.53159030 -1.14673499
v 0.17022110 2.48015674 -1.14221884
v 0.17705400 2.43007626 -1.12880760
v 0.18221772 2.38287053 -1.10690876
v 0.18555536 2.33997386 -1.07718771
v 0.18696552 2.30268966 -1.04054752
v 0.18640535 2.27215078 -0.99810146
v 0.18389186 2.24928513 -0.95113926
v 0.17950143 2.23478747 -0.90108782
v 0.17336746 2.22909831 -0.84946794
v 0.16567633 2.23239051 -0.79784805
v 0.15666172 2.24456404 -0.74779661
v 0.14659755 2.26524901 -0.70083441
v 0.13578960 2.29381692 -0.65838835
v 0.12456628 2.32939974 -0.62174816
v 0.11326859 2.37091632 -0.59202711
v 0.10223981 2.41710518 -0.57012827
v 0.09181504 2.46656292 -0.55671703
v 0.08231104 2.51778677 -0.55220088
v 0.07401658 2.56922032 -0.55671703
v 0.06718369 2.61930080 -0.57012827
v 0.06201997 2.66650654 -0.59202711
v 0.05868232 2.70940321 -0.62174816
v 0.05727216 2.74668741 -0.65838835
v 0.05783234 2.77722629 -0.70083441
v 0.06034582 2.80009194 -0.74779661
v 0.06473625 2.81458960 -0.79784805
v -0.13544172 2.77563523 -0.87396803
v -0.12794433 2.77287257 -0.92564744
v -0.11838464 2.76137087 -0.97575660
v -0.10705310 2.74147960 -1.02277296
v -0.09429402 2.71380316 -1.06526796
v -0.08049509 2.67918248 -1.10195041
v -0.06607557 2.63866948 -1.13170573
v -0.05147359 2.59349514 -1.15362982
v -0.03713283 2.54503205 -1.16705652
v -0.02348903 2.49475275 -1.17157789
v -0.01095674 2.44418494 -1.16705652
v 0.00008325 2.39486510 -1.15362982
v 0.00929549 2.34829179 -1.13170573
v 0.01640007 2.30588011 -1.10195041
v 0.02118113 2.26891873 -1.06526796
v 0.02349340 2.23853069 -1.02277296
v 0.02326661 2.21563932 -0.97575660
v 0.02050766 2.20094016 -0.92564744
v 0.01530039 2.19487985 -0.87396803
v 0.00780299 2.19764251 -0.82228862
v -0.00175670 2.20914421 -0.77217947
v -0.01308824 2.22903548 -0.72516311
v -0.02584732 2.25671192 -0.68266811
v -0.03964625 2.29133261 -0.64598566
v -0.05406577 2.33184560 -0.61623034
v -0.06866775 2.37701994 -0.59430625
v -0.08300851 2.42548303 -0.58087954
v -0.09665231 2.47576233 -0.57635818
v -0.10918460 2.52633014 -0.58087954
v -0.12022459 2.57564998 -0.59430625
v -0.12943683 2.62222330 -0.61623034
v -0.13654141 2.66463497 -0.64598566
v -0.14132247 2.70159636 -0.68266811
v -0.14363474 2.73198439 -0.72516311
v -0.14340795 2.75487576 -0.77217947
v -0.14064900 2.76957492 -0.82228862
v -0.33474830 2.71499888 -0.89642694
v -0.32750289 2.71270239 -0.94816507
v -0.31747120 2.70187039 -0.99833117
v -0.30495803 2.68283201 -1.04540096
v -0.29034359 2.65616572 -1.08794425
v -0.27407193 2.62268176 -1.12466838
v -0.25663745 2.58339753 -1.15445751
v -0.23856990 2.53950665 -1.17640652
v -0.22041825 2.49234272 -1.18984848
v -0.20273403 2.44333881 -1.19437498
v -0.18605456 2.39398386 -1.18984848
v -0.17088665 2.34577751 -1.17640652
v -0.15769115 2.30018448 -1.15445751
v -0.14686901 2.25859009 -1.12466838
v -0.13874905 2.22225816 -1.08794425
v -0.13357800 2.19229263 -1.04540096
v -0.13151297 2.16960398 -0.99833117
v -0.13261672 2.15488159 -0.94816507
v -0.13685569 2.14857279 -0.89642694
v -0.14410110 2.15086928 -0.84468880
v -0.15413279 2.16170128 -0.79452270
v -0.16664596 2.18073966 -0.74745291
v -0.18126041 2.20740595 -0.70490962
v -0.19753207 2.24088991 -0.66818549
v -0.21496654 2.28017414 -0.63839636
v -0.23303409 2.32406503 -0.61644736
v -0.25118574 2.37122895 -0.60300539
v -0.26886996 2.42023286 -0.59847889
v -0.28554943 2.46958781 -0.60300539
v -0.30071735 2.51779416 -0.61644736
v -0.31391284 2.56338719 -0.63839636
v -0.32473498 2.60498158 -0.66818549
v -0.33285494 2.64131351 -0.70490962
v -0.33802599 2.67127904 -0.74745291
v -0.34009102 2.69396769 -0.79452270
v -0.33898728 2.70869008 -0.84468880
v -0.52576398 2.63927192 -0.91679220
v -0.51881953 2.63737019 -0.96858758
v -0.50838481 2.62719617 -1.01880920
v -0.49477690 2.60905898 -1.06593108
v -0.47840925 2.58350971 -1.10852144
v -0.45977919 2.55132467 -1.14528622
v -0.43945280 2.51348177 -1.17510831
v -0.41804766 2.47113087 -1.19708161
v -0.39621417 2.42555877 -1.21053845
v -0.37461573 2.37815015 -1.21506996
v -0.35390859 2.33034550 -1.21053845
v -0.33472193 2.28359734 -1.19708161
v -0.31763873 2.23932610 -1.17510831
v -0.30317805 2.19887692 -1.14528622
v -0.29177928 2.16347885 -1.10852144
v -0.28378875 2.13420742 -1.06593108
v -0.27944926 2.11195204 -1.01880920
v -0.27889266 2.09738893 -0.96858758
v -0.28213586 2.09096057 -0.91679220
v -0.28908032 2.09286230 -0.86499681
v -0.29951503 2.10303633 -0.81477519
v -0.31312295 2.12117352 -0.76765332
v -0.32949059 2.14672279 -0.72506295
v -0.34812065 2.17890783 -0.68829817
v -0.36844705 2.21675072 -0.65847608
v -0.38985219 2.25910163 -0.63650278
v -0.41168568 2.30467373 -0.62304594
v -0.43328412 2.35208235 -0.61851443
v -0.45399126 2.39988700 -0.62304594
v -0.47317791 2.44663515 -0.63650278
v -0.49026111 2.49090640 -0.65847608
v -0.50472179 2.53135557 -0.68829817
v -0.51612057 2.56675365 -0.72506295
v -0.52411109 2.59602508 -0.76765332
v -0.52845058 2.61828046 -0.81477519
v -0.52900719 2.63284357 -0.86499681
v -0.70731408 2.54946317 -0.93501624
v -0.70070918 2.54787784 -0.98686667
v -0.68993506 2.53834108 -1.03714164
v -0.67531909 2.52114267 -1.08431359
v -0.65730537 2.49680517 -1.12694921
v -0.63644122 2.46606807 -1.16375305
v -0.61336061 2.42986529 -1.19360683
v -0.58876482 2.38929683 -1.21560347
v -0.56340119 2.34559536 -1.22907461
v -0.53804037 2.30008871 -1.23361093
v -0.51345294 2.25415958 -1.22907461
v -0.49038598 2.20920351 -1.21560347
v -0.46954036 2.16658647 -1.19360683
v -0.45154947 2.12760334 -1.16375305
v -0.43695996 2.09343862 -1.12694921
v -0.42621511 2.06513038 -1.08431359
v -0.41964141 2.04353876 -1.03714164
v -0.41743859 2.02931979 -0.98686667
v -0.41967358 2.02290553 -0.93501624
v -0.42627848 2.02449086 -0.88316582
v -0.43705260 2.03402762 -0.83289084
v -0.45166857 2.05122602 -0.78571890
v -0.46968230 2.07556352 -0.74308327
v -0.49054644 2.10630063 -0.70627944
v -0.51362705 2.14250341 -0.67642565
v -0.53822284 2.18307187 -0.65442901
v -0.56358647 2.22677334 -0.64095788
v -0.58894729 2.27227999 -0.63642155
v -0.61353472 2.31820911 -0.64095788
v -0.63660169 2.36316518 -0.65442901
v -0.65744730 2.40578223 -0.67642565
v -0.67543819 2.44476535 -0.70627944
v -0.69002771 2.47893007 -0.74308327
v -0.70077255 2.50723831 -0.78571890
v -0.70734626 2.52882994 -0.83289084
v -0.70954908 2.54304890 -0.88316582
v -0.87834378 2.44667462 -0.95105652
v -0.87210573 2.44532162 -1.00295893
v -0.86104929 2.43639327 -1.05328431
v -0.84551042 2.42016087 -1.10050356
v -0.82596126 2.39711763 -1.14318193
v -0.80299578 2.36796370 -1.18002267
v -0.77731180 2.33358491 -1.20990639
v -0.74968971 2.29502585 -1.23192508
v -0.72096878 2.25345811 -1.24540973
v -0.69202170 2.21014470 -1.24995060
v -0.66372799 2.16640169 -1.24540973
v -0.63694736 2.12355818 -1.23192508
v -0.61249351 2.08291594 -1.20990639
v -0.59110947 2.04570989 -1.18002267
v -0.57344498 2.01307049 -1.14318193
v -0.56003677 1.98598949 -1.10050356
v -0.55129223 1.96528972 -1.05328431
v -0.54747706 1.95160014 -1.00295893
v -0.54870720 1.94533669 -0.95105652
v -0.55494525 1.94668970 -0.89915410
v -0.56600169 1.95561804 -0.84882872
v -0.58154056 1.97185045 -0.80160947
v -0.60108973 1.99489369 -0.75893110
v -0.62405520 2.02404762 -0.72209036
v -0.64973918 2.05842641 -0.69220665
v -0.67736127 2.09698547 -0.67018795
v -0.70608220 2.13855321 -0.65670330
v -0.73502929 2.18186662 -0.65216243
v -0.76332299 2.22560963 -0.65670330
v -0.79010363 2.26845314 -0.67018795
v -0.81455747 2.30909537 -0.69220665
v -0.83594151 2.34630143 -0.72209036
v -0.85360600 2.37894083 -0.75893110
v -0.86701422 2.40602183 -0.80160947
v -0.87575876 2.42672160 -0.84882872
v -0.87957392 2.44041118 -0.89915410
v -1.03792562 2.33208739 -0.96487555
v -1.03206954 2.33087831 -1.01682600
v -1.02078028 2.32252230 -1.06719796
v -1.00440086 2.30727326 -1.11446090
v -0.98342896 2.28559453 -1.15717877
v -0.95850180 2.25814480 -1.19405361
v -0.93037678 2.22575811 -1.22396498
v -0.89990845 2.18941853 -1.24600405
v -0.86802260 2.15023022 -1.25950118
v -0.83568804 2.10938388 -1.26404625
v -0.80388726 2.06812061 -1.25950118
v -0.77358650 2.02769418 -1.24600405
v -0.74570644 1.98933293 -1.22396498
v -0.72109419 1.95420244 -1.19405361
v -0.70049759 1.92337013 -1.15717877
v -0.68454246 1.89777283 -1.11446090
v -0.67371358 1.87818830 -1.06719796
v -0.66833998 1.86521160 -1.01682600
v -0.66858495 1.85923703 -0.96487555
v -0.67444102 1.86044612 -0.91292511
v -0.68573028 1.86880213 -0.86255315
v -0.70210970 1.88405116 -0.81529020
v -0.72308160 1.90572990 -0.77257233
v -0.74800876 1.93317963 -0.73569750
v -0.77613379 1.96556631 -0.70578613
v -0.80660211 2.00190589 -0.68374705
v -0.83848796 2.04109421 -0.67024993
v -0.87082252 2.08194055 -0.66570485
v -0.90262330 2.12320381 -0.67024993
v -0.93292406 2.16363024 -0.68374705
v -0.96080412 2.20199149 -0.70578613
v -0.98541637 2.23712198 -0.73569750
v -1.00601297 2.26795429 -0.77257233
v -1.02196810 2.29355159 -0.81529020
v -1.03279698 2.31313613 -0.86255315
v -1.03817058 2.32611282 -0.91292511
v -1.18526525 2.20694693 -0.97644108
v -1.17979346 2.20579052 -1.02843460
v -1.16831234 2.19796466 -1.07884833
v -1.15117071 2.18370713 -1.12615047
v -1.12888944 2.16345114 -1.16890376
v -1.10214551 2.13781216 -1.20580917
v -1.07175153 2.10756921 -1.23574535
v -1.03863101 2.07364121 -1.25780270
v -1.00379030 2.03705905 -1.27131102
v -0.96828801 1.99893426 -1.27585986
v -0.93320286 1.96042523 -1.27131102
v -0.89960090 1.92270205 -1.25780270
v -0.86850311 1.88691092 -1.23574535
v -0.84085437 1.85413933 -1.20580917
v -0.81749479 1.82538303 -1.16890376
v -0.79913412 1.80151577 -1.12615047
v -0.78633025 1.78326273 -1.07884833
v -0.77947222 1.77117854 -1.02843460
v -0.77876840 1.76563036 -0.97644108
v -0.78424018 1.76678676 -0.92444755
v -0.79572131 1.77461262 -0.87403382
v -0.81286293 1.78887015 -0.82673169
v -0.83514421 1.80912614 -0.78397839
v -0.86188814 1.83476513 -0.74707298
v -0.89228211 1.86500807 -0.71713681
v -0.92540263 1.89893607 -0.69507946
v -0.96024335 1.93551823 -0.68157114
v -0.99574564 1.97364303 -0.67702230
v -1.03083078 2.01215205 -0.68157114
v -1.06443274 2.04987523 -0.69507946
v -1.09553054 2.08566636 -0.71713681
v -1.12317927 2.11843795 -0.74707298
v -1.14653886 2.14719425 -0.78397839
v -1.16489953 2.17106151 -0.82673169
v -1.17770340 2.18931455 -0.87403382
v -1.18456143 2.20139874 -0.92444755
v -1.31970557 2.07254791 -0.98572608
v -1.31460708 2.07135172 -1.03775664
v -1.30296567 2.06400894 -1.08820627
v -1.28513508 2.05074267 -1.13554210
v -1.26165707 2.03195600 -1.17832584
v -1.23324501 2.00821976 -1.21525754
v -1.20076219 1.98025516 -1.24521504
v -1.16519557 1.94891189 -1.26728810
v -1.12762584 1.91514230 -1.28080604
v -1.08919454 1.87997246 -1.28535812
v -1.05106936 1.84447100 -1.28080604
v -1.01440874 1.80971659 -1.26728810
v -0.98032659 1.77676524 -1.24521504
v -0.94985847 1.74661817 -1.21525754
v -0.92393014 1.72019136 -1.17832584
v -0.90332942 1.69828779 -1.13554210
v -0.88868226 1.68157299 -1.08820627
v -0.88043370 1.67055483 -1.03775664
v -0.87883437 1.66556808 -0.98572608
v -0.88393286 1.66676427 -0.93369552
v -0.89557426 1.67410706 -0.88324589
v -0.91340486 1.68737332 -0.83591006
v -0.93688287 1.70615999 -0.79312632
v -0.96529493 1.72989623 -0.75619462
v -0.99777775 1.75786083 -0.72623712
v -1.03334436 1.78920410 -0.70416406
v -1.07091409 1.82297369 -0.69064612
v -1.10934540 1.85814353 -0.68609404
v -1.14747057 1.89364500 -0.69064612
v -1.18413119 1.92839940 -0.70416406
v -1.21821335 1.96135075 -0.72623712
v -1.24868147 1.99149783 -0.75619462
v -1.27460980 2.01792463 -0.79312632
v -1.29521051 2.03982820 -0.83591006
v -1.30985768 2.05654300 -0.88324589
v -1.31810624 2.06756117 -0.93369552
v -1.44072908 1.93021900 -0.99270887
v -1.43597927 1.92889102 -1.04476923
v -1.42419918 1.92198070 -1.09524775
v -1.40574674 1.90969800 -1.14261068
v -1.38118263 1.89241612 -1.18541892
v -1.35125321 1.87066017 -1.22237177
v -1.31686787 1.84509118 -1.25234642
v -1.27907139 1.81648606 -1.27443212
v -1.23901221 1.78571397 -1.28795780
v -1.19790749 1.75370989 -1.29251249
v -1.15700618 1.72144625 -1.28795780
v -1.11755105 1.68990337 -1.27443212
v -1.08074093 1.66003966 -1.25234642
v -1.04769426 1.63276252 -1.22237177
v -1.01941516 1.60890074 -1.18541892
v -0.99676288 1.58917936 -1.14261068
v -0.98042568 1.57419760 -1.09524775
v -0.97089997 1.56441068 -1.04476923
v -0.96847519 1.56011595 -0.99270887
v -0.97322500 1.56144393 -0.94064852
v -0.98500509 1.56835425 -0.89017000
v -1.00345752 1.58063695 -0.84280707
v -1.02802163 1.59791883 -0.79999882
v -1.05795105 1.61967478 -0.76304598
v -1.09233639 1.64524377 -0.73307133
v -1.13013287 1.67384888 -0.71098563
v -1.17019206 1.70462098 -0.69745995
v -1.21129678 1.73662506 -0.69290526
v -1.25219809 1.76888870 -0.69745995
v -1.29165321 1.80043158 -0.71098563
v -1.32846334 1.83029529 -0.73307133
v -1.36151000 1.85757243 -0.76304598
v -1.38978910 1.88143421 -0.79999882
v -1.41244139 1.90115559 -0.84280707
v -1.42877858 1.91613735 -0.89017000
v -1.43830429 1.92592427 -0.94064852
v -1.54795851 1.78130746 -0.99737315
v -1.54351908 1.77975793 -1.04945477
v -1.53161141 1.77322736 -1.09995391
v -1.51259731 1.76191418 -1.14733619
v -1.48705452 1.74616213 -1.19016192
v -1.45575913 1.72644983 -1.22712986
v -1.41966205 1.70337622 -1.25711675
v -1.37986006 1.67764240 -1.27921147
v -1.33756254 1.65003026 -1.29274268
v -1.29405466 1.62137879 -1.29729923
v -1.25065839 1.59255855 -1.29274268
v -1.20869231 1.56444523 -1.27921147
v -1.16943153 1.53789303 -1.25711675
v -1.13406898 1.51370873 -1.22712986
v -1.10367912 1.49262717 -1.19016192
v -1.07918534 1.47528888 -1.14733619
v -1.06133187 1.46222069 -1.09995391
v -1.05066117 1.45381967 -1.04945477
v -1.04749748 1.45034107 -0.99737315
v -1.05193691 1.45189060 -0.94529153
v -1.06384458 1.45842117 -0.89479239
v -1.08285868 1.46973435 -0.84741011
v -1.10840147 1.48548640 -0.80458438
v -1.13969686 1.50519870 -0.76761644
v -1.17579394 1.52827230 -0.73762954
v -1.21559593 1.55400613 -0.71553483
v -1.25789345 1.58161827 -0.70200362
v -1.30140133 1.61026973 -0.69744707
v -1.34479760 1.63908998 -0.70200362
v -1.38676368 1.66720330 -0.71553483
v -1.42602446 1.69375550 -0.73762954
v -1.46138701 1.71793979 -0.76761644
v -1.49177687 1.73902136 -0.80458438
v -1.51627065 1.75635965 -0.84741011
v -1.53412412 1.76942784 -0.89479239
v -1.54479482 1.77782886 -0.94529153
v -1.64115582 1.62716413 -0.99970801
v -1.63697493 1.62530730 -1.05180098
v -1.62494002 1.61910320 -1.10231112
v -1.60541679 1.60874032 -1.14970372
v -1.57899843 1.59453354 -1.19253878
v -1.54648765 1.57691453 -1.22951477
v -1.50887227 1.55641863 -1.25950820
v -1.46729522 1.53366859 -1.28160773
v -1.42301980 1.50935567 -1.29514189
v -1.37739129 1.48421860 -1.29969943
v -1.33179609 1.45902116 -1.29514189
v -1.28761959 1.43452896 -1.28160773
v -1.24620406 1.41148619 -1.25950820
v -1.20880791 1.39059298 -1.22951477
v -1.17656739 1.37248416 -1.19253878
v -1.15046211 1.35770997 -1.14970372
v -1.13128527 1.34671931 -1.10231112
v -1.11961955 1.33984612 -1.05180098
v -1.11581940 1.33729925 -0.99970801
v -1.12000030 1.33915607 -0.94761505
v -1.13203520 1.34536018 -0.89710491
v -1.15155843 1.35572305 -0.84971231
v -1.17797679 1.36992983 -0.80687725
v -1.21048757 1.38754884 -0.76990126
v -1.24810295 1.40804475 -0.73990783
v -1.28968000 1.43079478 -0.71780829
v -1.33395542 1.45510770 -0.70427414
v -1.37958393 1.48024477 -0.69971660
v -1.42517913 1.50544221 -0.70427414
v -1.46935563 1.52993441 -0.71780829
v -1.51077116 1.55297719 -0.73990783
v -1.54816731 1.57387040 -0.76990126
v -1.58040783 1.59197921 -0.80687725
v -1.60651311 1.60675340 -0.84971231
v -1.62568995 1.61774407 -0.89710491
v -1.63735567 1.62461725 -0.94761505
v -1.72021945 1.46912868 -0.99970801
v -1.71623210 1.46688465 -1.05180091
v -1.70405950 1.46095472 -1.10231099
v -1.68407151 1.45151906 -1.14970353
v -1.65687545 1.43886437 -1.19253853
v -1.62329766 1.42337515 -1.22951448
v -1.58435838 1.40552204 -1.25950787
v -1.54124077 1.38584749 -1.28160738
v -1.49525493 1.36494931 -1.29514151
v -1.44779811 1.34346247 -1.29969905
v -1.40031228 1.32203985 -1.29514151
v -1.35424025 1.30133236 -1.28160738
v -1.31098191 1.28196918 -1.25950787
v -1.27185165 1.26453866 -1.22951448
v -1.23803840 1.24957041 -1.19253853
v -1.21056958 1.23751924 -1.14970353
v -1.19027981 1.22875131 -1.10231099
v -1.17778557 1.22353304 -1.05180091
v -1.17346651 1.22202297 -0.99970801
v -1.17745386 1.22426699 -0.94761512
v -1.18962646 1.23019693 -0.89710504
v -1.20961445 1.23963259 -0.84971250
v -1.23681051 1.25228728 -0.80687749
v -1.27038830 1.26777650 -0.76990155
v -1.30932758 1.28562961 -0.73990816
v -1.35244519 1.30530416 -0.71780865
v -1.39843103 1.32620234 -0.70427452
v -1.44588785 1.34768917 -0.69971698
v -1.49337368 1.36911180 -0.70427452
v -1.53944571 1.38981929 -0.71780865
v -1.58270404 1.40918247 -0.73990816
v -1.62183431 1.42661299 -0.76990155
v -1.65564756 1.44158124 -0.80687749
v -1.68311638 1.45363241 -0.84971250
v -1.70340615 1.46240034 -0.89710504
v -1.71590039 1.46761861 -0.94761512
v -1.78518008 1.30851548 -0.99737315
v -1.78130880 1.30581199 -1.04945298
v -1.76897739 1.30010653 -1.09995039
v -1.74856054 1.29157247 -1.14733104
v -1.72067860 1.28046910 -1.19015530
v -1.68617875 1.26713381 -1.22712197
v -1.64610925 1.25197176 -1.25710784
v -1.60168760 1.23544366 -1.27920180
v -1.55426352 1.21805170 -1.29273255
v -1.50527797 1.20032433 -1.29728894
v -1.45621935 1.18280019 -1.29273255
v -1.40857829 1.16601173 -1.27920180
v -1.36380232 1.15046907 -1.25710784
v -1.32325195 1.13664446 -1.22712197
v -1.28815928 1.12495796 -1.19015530
v -1.25959059 1.11576466 -1.14733104
v -1.23841391 1.10934388 -1.09995039
v -1.22527269 1.10589072 -1.04945298
v -1.22056622 1.10551011 -0.99737315
v -1.22443750 1.10821360 -0.94529332
v -1.23676891 1.11391906 -0.89479591
v -1.25718577 1.12245312 -0.84741525
v -1.28506771 1.13355649 -0.80459100
v -1.31956756 1.14689179 -0.76762433
v -1.35963705 1.16205383 -0.73763846
v -1.40405870 1.17858193 -0.71554449
v -1.45148278 1.19597389 -0.70201375
v -1.50046833 1.21370126 -0.69745736
v -1.54952695 1.23122540 -0.70201375
v -1.59716802 1.24801386 -0.71554449
v -1.64194398 1.26355652 -0.73763846
v -1.68249435 1.27738113 -0.76762433
v -1.71758702 1.28906763 -0.80459100
v -1.74615572 1.29826093 -0.84741525
v -1.76733240 1.30468171 -0.89479591
v -1.78047362 1.30813487 -0.94529332
v -1.83619491 1.14660023 -0.99270887
v -1.83235062 1.14337437 -1.04476096
v -1.81982904 1.13784787 -1.09523147
v -1.79901064 1.13018866 -1.14258688
v -1.77052798 1.12062944 -1.18538833
v -1.73524648 1.10946069 -1.22233531
v -1.69423816 1.09702174 -1.25230520
v -1.64874903 1.08369056 -1.27438739
v -1.60016126 1.06987220 -1.28791093
v -1.54995116 1.05598653 -1.29246489
v -1.49964434 1.04245545 -1.28791093
v -1.45076935 1.02969011 -1.27438739
v -1.40481123 1.01807837 -1.25230520
v -1.36316640 1.00797304 -1.22233531
v -1.32710020 0.99968118 -1.18538833
v -1.29770851 0.99345473 -1.14258688
v -1.27588435 0.98948286 -1.09523147
v -1.26229086 0.98788628 -1.04476096
v -1.25734107 0.98871348 -0.99270887
v -1.26118536 0.99193934 -0.94065679
v -1.27370694 0.99746584 -0.89018628
v -1.29452534 1.00512505 -0.84283086
v -1.32300800 1.01468427 -0.80002942
v -1.35828950 1.02585302 -0.76308244
v -1.39929782 1.03829197 -0.73311255
v -1.44478695 1.05162315 -0.71103036
v -1.49337472 1.06544151 -0.69750682
v -1.54358482 1.07932718 -0.69295286
v -1.59389164 1.09285826 -0.69750682
v -1.64276663 1.10562360 -0.71103036
v -1.68872474 1.11723534 -0.73311255
v -1.73036958 1.12734067 -0.76308244
v -1.76643577 1.13563253 -0.80002942
v -1.79582747 1.14185898 -0.84283086
v -1.81765162 1.14583085 -0.89018628
v -1.83124512 1.14742743 -0.94065679
v -1.87354045 0.98460739 -0.98572608
v -1.86962367 0.98080729 -1.03773399
v -1.85687099 0.97541996 -1.08816166
v -1.83566989 0.96860911 -1.13547688
v -1.80666456 0.96058168 -1.17824200
v -1.77073630 0.95158156 -1.21515762
v -1.72897679 0.94188224 -1.24510208
v -1.68265486 0.93177841 -1.26716553
v -1.63317798 0.92157708 -1.28067759
v -1.58204948 0.91158821 -1.28522769
v -1.53082287 0.90211531 -1.28067759
v -1.48105466 0.89344620 -1.26716553
v -1.43425701 0.88584430 -1.24510208
v -1.39185186 0.87954057 -1.21515762
v -1.35512766 0.87472657 -1.17824200
v -1.32520026 0.87154855 -1.13547688
v -1.30297899 0.87010308 -1.08816166
v -1.28913902 0.87043409 -1.03773399
v -1.28410089 0.87253150 -0.98572608
v -1.28801767 0.87633161 -0.93371817
v -1.30077035 0.88171893 -0.88329050
v -1.32197145 0.88852978 -0.83597528
v -1.35097678 0.89655722 -0.79321016
v -1.38690504 0.90555733 -0.75629454
v -1.42866455 0.91525665 -0.72635008
v -1.47498648 0.92536048 -0.70428663
v -1.52446336 0.93556181 -0.69077458
v -1.57559186 0.94555068 -0.68622447
v -1.62681847 0.95502358 -0.69077458
v -1.67658669 0.96369269 -0.70428663
v -1.72338433 0.97129460 -0.72635008
v -1.76578948 0.97759832 -0.75629454
v -1.80251368 0.98241233 -0.79321016
v -1.83244108 0.98559034 -0.83597528
v -1.85466236 0.98703581 -0.88329050
v -1.86850232 0.98670481 -0.93371817
v -1.89760417 0.82369881 -0.97644108
v -1.89350647 0.81928511 -1.02838656
v -1.88047308 0.81400437 -1.07875370
v -1.85890000 0.80801703 -1.12601212
v -1.82944272 0.80150503 -1.16872590
v -1.79299630 0.79466622 -1.20559721
v -1.75066812 0.78770840 -1.23550572
v -1.70374433 0.78084297 -1.25754268
v -1.65365066 0.77427855 -1.27103852
v -1.60190920 0.76821458 -1.27558316
v -1.55009208 0.76283532 -1.27103852
v -1.49977373 0.75830422 -1.25754268
v -1.45248306 0.75475894 -1.23550572
v -1.40965696 0.75230722 -1.20559721
v -1.37259670 0.75102354 -1.16872590
v -1.34242831 0.75094691 -1.12601212
v -1.32006846 0.75207966 -1.07875370
v -1.30619654 0.75438736 -1.02838656
v -1.30123404 0.75779991 -0.97644108
v -1.30533174 0.76221361 -0.92449560
v -1.31836514 0.76749435 -0.87412846
v -1.33993822 0.77348169 -0.82687004
v -1.36939549 0.77999369 -0.78415626
v -1.40584192 0.78683250 -0.74728495
v -1.44817009 0.79379032 -0.71737644
v -1.49509389 0.80065575 -0.69533947
v -1.54518755 0.80722017 -0.68184364
v -1.59692902 0.81328414 -0.67729900
v -1.64874614 0.81866339 -0.68184364
v -1.69906449 0.82319450 -0.69533947
v -1.74635516 0.82673977 -0.71737644
v -1.78918125 0.82919150 -0.74728495
v -1.82624152 0.83047518 -0.78415626
v -1.85640990 0.83055181 -0.82687004
v -1.87876975 0.82941906 -0.87412846
v -1.89264167 0.82711136 -0.92449560
v -1.90887499 0.66496339 -0.96487555
v -1.90448067 0.65991060 -1.01673849
v -1.89110943 0.65471237 -1.06702559
v -1.86916754 0.64952665 -1.11420891
v -1.83932169 0.64451101 -1.15685482
v -1.80247875 0.63981784 -1.19366754
v -1.75975815 0.63558974 -1.22352852
v -1.71245795 0.63195519 -1.24553047
v -1.66201534 0.62902461 -1.25900486
v -1.60996299 0.62688704 -1.26354228
v -1.55788249 0.62560745 -1.25900486
v -1.50735627 0.62522471 -1.24553047
v -1.45991955 0.62575044 -1.22352852
v -1.41701367 0.62716867 -1.19366754
v -1.37994230 0.62943632 -1.15685482
v -1.34983184 0.63248448 -1.11420891
v -1.32759718 0.63622053 -1.06702559
v -1.31391391 0.64053095 -1.01673849
v -1.30919778 0.64528478 -0.96487555
v -1.31359210 0.65033757 -0.91301262
v -1.32696334 0.65553580 -0.86272552
v -1.34890523 0.66072152 -0.81554219
v -1.37875108 0.66573716 -0.77289628
v -1.41559402 0.67043033 -0.73608357
v -1.45831462 0.67465843 -0.70622258
v -1.50561482 0.67829299 -0.68422064
v -1.55605743 0.68122357 -0.67074625
v -1.60810978 0.68336113 -0.66620883
v -1.66019028 0.68464072 -0.67074625
v -1.71071650 0.68502347 -0.68422064
v -1.75815322 0.68449773 -0.70622258
v -1.80105910 0.68307950 -0.73608357
v -1.83813047 0.68081185 -0.77289628
v -1.86824093 0.67776369 -0.81554219
v -1.89047559 0.67402764 -0.86272552
v -1.90415886 0.66971722 -0.91301262
v -1.90793275 0.50940809 -0.95105652
v -1.90312080 0.50370567 -1.00281492
v -1.88934845 0.49857560 -1.05300067
v -1.86703417 0.49417375 -1.10008889
v -1.83685597 0.49063387 -1.14264885
v -1.79973079 0.48806352 -1.17938736
v -1.75678666 0.48654080 -1.20918816
v -1.70932842 0.48611196 -1.23114576
v -1.65879807 0.48679005 -1.24459299
v -1.60673094 0.48855446 -1.24912127
v -1.55470906 0.49135158 -1.24459299
v -1.50431311 0.49509642 -1.23114576
v -1.45707432 0.49967519 -1.20918816
v -1.41442803 0.50494878 -1.17938736
v -1.37767002 0.51075694 -1.14264885
v -1.34791717 0.51692320 -1.10008889
v -1.32607350 0.52326020 -1.05300067
v -1.31280273 0.52957539 -1.00281492
v -1.30850807 0.53567688 -0.95105652
v -1.31332001 0.54137930 -0.89929812
v -1.32709236 0.54650937 -0.84911237
v -1.34940664 0.55091122 -0.80202414
v -1.37958484 0.55445110 -0.75946419
v -1.41671003 0.55702145 -0.72272567
v -1.45965415 0.55854418 -0.69292487
v -1.50711239 0.55897301 -0.67096727
v -1.55764275 0.55829492 -0.65752004
v -1.60970988 0.55653051 -0.65299177
v -1.66173175 0.55373339 -0.65752004
v -1.71212771 0.54998855 -0.67096727
v -1.75936650 0.54540978 -0.69292487
v -1.80201279 0.54013619 -0.72272567
v -1.83877079 0.53432803 -0.75946419
v -1.86852364 0.52816177 -0.80202414
v -1.89036731 0.52182478 -0.84911237
v -1.90363809 0.51550959 -0.89929812
v -1.89543697 0.35795028 -0.93501624
v -1.89008322 0.35160351 -0.98664628
v -1.87584200 0.34653791 -1.03670756
v -1.85314602 0.34290739 -1.08367900
v -1.82268489 0.34082228 -1.12613340
v -1.78538415 0.34034592 -1.16278080
v -1.74237716 0.34149279 -1.19250769
v -1.69497067 0.34422804 -1.21441083
v -1.64460510 0.34846856 -1.22782471
v -1.59281079 0.35408550 -1.23234176
v -1.54116148 0.36090821 -1.22782471
v -1.49122650 0.36872936 -1.21441083
v -1.44452311 0.37731133 -1.19250769
v -1.40247037 0.38639335 -1.16278080
v -1.36634602 0.39569947 -1.12613340
v -1.33724769 0.40494693 -1.08367900
v -1.31605951 0.41385475 -1.03670756
v -1.30342528 0.42215227 -0.98664628
v -1.29972888 0.42958737 -0.93501624
v -1.30508262 0.43593414 -0.88338621
v -1.31932384 0.44099974 -0.83332493
v -1.34201982 0.44463025 -0.78635349
v -1.37248095 0.44671537 -0.74389909
v -1.40978170 0.44719173 -0.70725169
v -1.45278869 0.44604486 -0.67752480
v -1.50019518 0.44330961 -0.65562165
v -1.55056074 0.43906909 -0.64220777
v -1.60235505 0.43345215 -0.63769073
v -1.65400437 0.42662944 -0.64220777
v -1.70393934 0.41880829 -0.65562165
v -1.75064273 0.41022632 -0.67752480
v -1.79269548 0.40114430 -0.70725169
v -1.82881982 0.39183818 -0.74389909
v -1.85791816 0.38259072 -0.78635349
v -1.87910633 0.37368290 -0.83332493
v -1.89174057 0.36538538 -0.88338621
v -1.87211487 0.21141158 -0.91679220
v -1.86609435 0.20444205 -0.96826824
v -1.85131380 0.19944861 -1.01818022
v -1.82822230 0.19658299 -1.06501157
v -1.79752148 0.19593225 -1.10733935
v -1.76014418 0.19751617 -1.14387745
v -1.71722608 0.20128662 -1.17351568
v -1.67007122 0.20712904 -1.19535350
v -1.62011239 0.21486591 -1.20872737
v -1.56886756 0.22426215 -1.21323094
v -1.51789377 0.23503225 -1.20872737
v -1.46873984 0.24684898 -1.19535350
v -1.42289928 0.25935329 -1.17351568
v -1.38176494 0.27216524 -1.14387745
v -1.34658667 0.28489554 -1.10733935
v -1.31843333 0.29715740 -1.06501157
v -1.29816036 0.30857824 -1.01818022
v -1.28638373 0.31881105 -0.96826824
v -1.28346128 0.32754491 -0.91679220
v -1.28948180 0.33451444 -0.86531615
v -1.30426236 0.33950788 -0.81540417
v -1.32735385 0.34237350 -0.76857282
v -1.35805467 0.34302424 -0.72624504
v -1.39543197 0.34144031 -0.68970694
v -1.43835007 0.33766986 -0.66006871
v -1.48550493 0.33182744 -0.63823089
v -1.53546376 0.32409058 -0.62485702
v -1.58670860 0.31469434 -0.62035345
v -1.63768238 0.30392423 -0.62485702
v -1.68683631 0.29210751 -0.63823089
v -1.73267687 0.27960320 -0.66006871
v -1.77381121 0.26679125 -0.68970694
v -1.80898948 0.25406094 -0.72624504
v -1.83714282 0.24179908 -0.76857282
v -1.85741579 0.23037824 -0.81540417
v -1.86919242 0.22014543 -0.86531615
v -1.83874901 0.07051312 -0.89642694
v -1.83193842 0.06295893 -0.94772172
v -1.81654733 0.05805715 -0.99745794
v -1.79304337 0.05595672 -1.04412438
v -1.76214071 0.05672145 -1.08630310
v -1.72477830 0.06032811 -1.12271254
v -1.68209139 0.06666711 -1.15224640
v -1.63537699 0.07554585 -1.17400732
v -1.58605450 0.08669455 -1.18733410
v -1.53562256 0.09977446 -1.19182181
v -1.48561352 0.11438816 -1.18733410
v -1.43754686 0.13009162 -1.17400732
v -1.39288309 0.14640768 -1.15224640
v -1.35297928 0.16284061 -1.12271254
v -1.31904788 0.17889109 -1.08630310
v -1.29211990 0.19407144 -1.04412438
v -1.27301351 0.20792040 -0.99745794
v -1.26230927 0.22001719 -0.94772172
v -1.26033240 0.22999426 -0.89642694
v -1.26714299 0.23754844 -0.84513216
v -1.28253408 0.24245022 -0.79539594
v -1.30603804 0.24455066 -0.74872950
v -1.33694070 0.24378593 -0.70655077
v -1.37430311 0.24017927 -0.67014133
v -1.41699002 0.23384026 -0.64060747
v -1.46370441 0.22496152 -0.61884655
v -1.51302690 0.21381282 -0.60551977
v -1.56345885 0.20073291 -0.60103206
v -1.61346789 0.18611921 -0.60551977
v -1.66153454 0.17041576 -0.61884655
v -1.70619832 0.15409969 -0.64060747
v -1.74610213 0.13766677 -0.67014133
v -1.78003352 0.12161629 -0.70655077
v -1.80696151 0.10643594 -0.74872950
v -1.82606790 0.09258697 -0.79539594
v -1.83677214 0.08049018 -0.84513216
v -1.79616452 -0.06412760 -0.87396803
v -1.78844485 -0.07221205 -0.92505279
v -1.77237337 -0.07699079 -0.97458537
v -1.74843843 -0.07831860 -1.02106073
v -1.71736726 -0.07615514 -1.06306677
v -1.68010396 -0.07056616 -1.09932713
v -1.63778074 -0.06172146 -1.12874007
v -1.59168358 -0.04988979 -1.15041189
v -1.54321312 -0.03543064 -1.16368410
v -1.49384210 -0.01878336 -1.16815344
v -1.44507064 -0.00045376 -1.16368410
v -1.39838063 0.01900122 -1.15041189
v -1.35519074 0.03899045 -1.12874007
v -1.31681325 0.05890658 -1.09932713
v -1.28441426 0.07814445 -1.06306677
v -1.25897818 0.09611955 -1.02106073
v -1.24127789 0.11228569 -0.97458537
v -1.23185119 0.12615168 -0.92505279
v -1.23098451 0.13729622 -0.87396803
v -1.23870419 0.14538068 -0.82288327
v -1.25477566 0.15015941 -0.77335070
v -1.27871060 0.15148722 -0.72687533
v -1.30978177 0.14932376 -0.68486930
v -1.34704507 0.14373478 -0.64860894
v -1.38936829 0.13489008 -0.61919600
v -1.43546545 0.12305841 -0.59752418
v -1.48393591 0.10859927 -0.58425197
v -1.53330693 0.09195199 -0.57978263
v -1.58207839 0.07362239 -0.58425197
v -1.62876840 0.05416740 -0.59752418
v -1.67195829 0.03417817 -0.61919600
v -1.71033578 0.01426204 -0.64860894
v -1.74273477 -0.00497583 -0.68486930
v -1.76817085 -0.02295092 -0.72687533
v -1.78587114 -0.03911707 -0.77335070
v -1.79529784 -0.05298306 -0.82288327
v -1.74521636 -0.19199834 -0.84946794
v -1.73647546 -0.20054302 -0.90031269
v -1.71965729 -0.20515568 -0.94961256
v -1.69527286 -0.20569619 -0.99586959
v -1.66406310 -0.20214811 -1.03767827
v -1.62697628 -0.19461926 -1.07376828
v -1.58513927 -0.18333839 -1.10304303
v -1.53982327 -0.16864826 -1.12461304
v -1.49240519 -0.15099524 -1.13782290
v -1.44432579 -0.13091569 -1.14227124
v -1.39704595 -0.10901973 -1.13782290
v -1.35200223 -0.08597265 -1.12461304
v -1.31056328 -0.06247472 -1.10304303
v -1.27398819 -0.03923992 -1.07376828
v -1.24338827 -0.01697423 -1.03767827
v -1.21969330 0.00364582 -0.99586959
v -1.20362322 0.02199371 -0.94961256
v -1.19566633 0.03751193 -0.90031269
v -1.19606438 0.04972899 -0.84946794
v -1.20480529 0.05827366 -0.79862318
v -1.22162346 0.06288633 -0.74932331
v -1.24600788 0.06342684 -0.70306628
v -1.27721765 0.05987876 -0.66125760
v -1.31430447 0.05234991 -0.62516759
v -1.35614148 0.04106904 -0.59589284
v -1.40145747 0.02637891 -0.57432283
v -1.44887556 0.00872589 -0.56111297
v -1.49695496 -0.01135366 -0.55666463
v -1.54423480 -0.03324962 -0.56111297
v -1.58927851 -0.05629670 -0.57432283
v -1.63071747 -0.07979463 -0.59589284
v -1.66729256 -0.10302943 -0.62516759
v -1.69789247 -0.12529512 -0.66125760
v -1.72158745 -0.14591517 -0.70306628
v -1.73765752 -0.16426306 -0.74932331
v -1.74561442 -0.17978129 -0.79862318
v -1.68677650 -0.31269225 -0.82298387
v -1.67691170 -0.32161249 -0.87355777
v -1.65928618 -0.32600508 -0.92259501
v -1.63443549 -0.32573655 -0.96860561
v -1.60311471 -0.32081507 -1.01019157
v -1.56627551 -0.31139017 -1.04608932
v -1.52503721 -0.29774823 -1.07520813
v -1.48065283 -0.28030374 -1.09666323
v -1.43447097 -0.25958675 -1.10980271
v -1.38789483 -0.23622673 -1.11422736
v -1.34233961 -0.21093347 -1.10980271
v -1.29918948 -0.18447549 -1.09666323
v -1.25975554 -0.15765670 -1.07520813
v -1.22523597 -0.13129197 -1.04608932
v -1.19667962 -0.10618239 -1.01019157
v -1.17495417 -0.08309090 -0.96860561
v -1.16071973 -0.06271912 -0.92259501
v -1.15440881 -0.04568604 -0.87355777
v -1.15621317 -0.03250919 -0.82298387
v -1.16607797 -0.02358896 -0.77240996
v -1.18370349 -0.01919637 -0.72337273
v -1.20855417 -0.01946489 -0.67736212
v -1.23987495 -0.02438637 -0.63577616
v -1.27671416 -0.03381127 -0.59987841
v -1.31795246 -0.04745322 -0.57075960
v -1.36233683 -0.06489771 -0.54930451
v -1.40851870 -0.08561470 -0.53616502
v -1.45509484 -0.10897471 -0.53174038
v -1.50065005 -0.13426797 -0.53616502
v -1.54380018 -0.16072596 -0.54930451
v -1.58323412 -0.18754475 -0.57075960
v -1.61775370 -0.21390947 -0.59987841
v -1.64631005 -0.23901905 -0.63577616
v -1.66803550 -0.26211054 -0.67736212
v -1.68226994 -0.28248232 -0.72337273
v -1.68858086 -0.29951541 -0.77240996
v -1.62172137 -0.42590643 -0.79457768
v -1.61064194 -0.43510445 -0.84484941
v -1.59215621 -0.43921297 -0.89359367
v -1.56682585 -0.43810716 -0.93932937
v -1.53542051 -0.43182061 -0.98066686
v -1.49889443 -0.42054434 -1.01635013
v -1.45835743 -0.40462097 -1.04529496
v -1.41504122 -0.38453433 -1.06662187
v -1.37026193 -0.36089474 -1.07968285
v -1.32538016 -0.33442047 -1.08408106
v -1.28175961 -0.30591594 -1.07968285
v -1.24072569 -0.27624724 -1.06662187
v -1.20352517 -0.24631583 -1.04529496
v -1.17128838 -0.21703117 -1.01635013
v -1.14499483 -0.18928306 -0.98066686
v -1.12544342 -0.16391461 -0.93932937
v -1.11322821 -0.14169663 -0.89359367
v -1.10872036 -0.12330420 -0.84484941
v -1.11205684 -0.10929616 -0.79457768
v -1.12313627 -0.10009814 -0.74430595
v -1.14162200 -0.09598962 -0.69556169
v -1.16695236 -0.09709543 -0.64982599
v -1.19835770 -0.10338198 -0.60848850
v -1.23488378 -0.11465825 -0.57280523
v -1.27542078 -0.13058162 -0.54386040
v -1.31873699 -0.15066826 -0.52253349
v -1.36351628 -0.17430785 -0.50947251
v -1.40839805 -0.20078212 -0.50507430
v -1.45201860 -0.22928665 -0.50947251
v -1.49305253 -0.25895535 -0.52253349
v -1.53025304 -0.28888676 -0.54386040
v -1.56248983 -0.31817142 -0.57280523
v -1.58878338 -0.34591953 -0.60848850
v -1.60833479 -0.37128798 -0.64982599
v -1.62055000 -0.39350596 -0.69556169
v -1.62505785 -0.41189839 -0.74430595
v -1.55091971 -0.53143908 -0.76431572
v -1.53854915 -0.54080588 -0.81425405
v -1.51916007 -0.54455775 -0.86267503
v -1.49334158 -0.54258069 -0.90810742
v -1.46187817 -0.53493477 -0.94917076
v -1.42572584 -0.52185231 -0.98461738
v -1.38598306 -0.50373081 -1.01337024
v -1.34385739 -0.48112089 -1.03455571
v -1.30062880 -0.45470954 -1.04753007
v -1.25761078 -0.42529925 -1.05189911
v -1.21611039 -0.39378364 -1.04753007
v -1.17738860 -0.36112030 -1.03455571
v -1.14262197 -0.32830168 -1.01337024
v -1.11286686 -0.29632496 -0.98461738
v -1.08902735 -0.26616174 -0.94917076
v -1.07182781 -0.23872851 -0.90810742
v -1.06179083 -0.21485882 -0.86267503
v -1.05922138 -0.19527794 -0.81425405
v -1.06419753 -0.18058082 -0.76431572
v -1.07656809 -0.17121402 -0.71437739
v -1.09595717 -0.16746215 -0.66595641
v -1.12177566 -0.16943921 -0.62052403
v -1.15323907 -0.17708513 -0.57946068
v -1.18939140 -0.19016759 -0.54401406
v -1.22913418 -0.20828909 -0.51526120
v -1.27125985 -0.23089901 -0.49407573
v -1.31448844 -0.25731036 -0.48110137
v -1.35750646 -0.28672065 -0.47673233
v -1.39900685 -0.31823626 -0.48110137
v -1.43772864 -0.35089960 -0.49407573
v -1.47249527 -0.38371822 -0.51526120
v -1.50225038 -0.41569494 -0.54401406
v -1.52608989 -0.44585816 -0.57946068
v -1.54328943 -0.47329138 -0.62052403
v -1.55332641 -0.49716107 -0.66595641
v -1.55589586 -0.51674196 -0.71437739
v -1.47522090 -0.62918521 -0.73226867
v -1.46149895 -0.63860284 -0.78184306
v -1.44117489 -0.64191861 -0.82991117
v -1.41486625 -0.63903176 -0.87501245
v -1.38337241 -0.63003002 -0.91577654
v -1.34765028 -0.61518689 -0.95096484
v -1.30878528 -0.59495338 -0.97950816
v -1.26795829 -0.56994427 -1.00053923
v -1.22640983 -0.54091946 -1.01341904
v -1.18540231 -0.50876084 -1.01775624
v -1.14618174 -0.47444554 -1.01341904
v -1.10993980 -0.43901621 -1.00053923
v -1.07777770 -0.40354936 -0.97950816
v -1.05067266 -0.36912263 -0.95096484
v -1.02944826 -0.33678205 -0.91577654
v -1.01474938 -0.30751027 -0.87501245
v -1.00702265 -0.28219672 -0.82991117
v -1.00650284 -0.26161052 -0.78184306
v -1.01320574 -0.24637718 -0.73226867
v -1.02692769 -0.23695955 -0.68269427
v -1.04725175 -0.23364378 -0.63462617
v -1.07356040 -0.23653063 -0.58952488
v -1.10505424 -0.24553237 -0.54876079
v -1.14077636 -0.26037550 -0.51357250
v -1.17964136 -0.28060901 -0.48502917
v -1.22046835 -0.30561812 -0.46399810
v -1.26201682 -0.33464293 -0.45111829
v -1.30302433 -0.36680155 -0.44678109
v -1.34224491 -0.40111685 -0.45111829
v -1.37848684 -0.43654618 -0.46399810
v -1.41064894 -0.47201303 -0.48502917
v -1.43775398 -0.50643976 -0.51357250
v -1.45897838 -0.53878034 -0.54876079
v -1.47367726 -0.56805211 -0.58952488
v -1.48140399 -0.59336567 -0.63462617
v -1.48192380 -0.61395187 -0.68269427
v -1.39544400 -0.71913106 -0.69851137
v -1.38032828 -0.72847522 -0.74769273
v -1.35905060 -0.73127058 -0.79537973
v -1.33225748 -0.72743221 -0.84012345
v -1.30076301 -0.71707673 -0.88056435
v -1.26552412 -0.70051879 -0.91547366
v -1.22761155 -0.67826149 -0.94379069
v -1.18817724 -0.65098111 -0.96465502
v -1.14841938 -0.61950656 -0.97743272
v -1.10954600 -0.58479416 -0.98173553
v -1.07273824 -0.54789864 -0.97743272
v -1.03911449 -0.50994105 -0.96465502
v -1.00969639 -0.47207471 -0.94379069
v -0.98537780 -0.43545018 -0.91547366
v -0.96689762 -0.40118026 -0.88056435
v -0.95481736 -0.37030624 -0.84012345
v -0.94950408 -0.34376620 -0.79537973
v -0.95111922 -0.32236655 -0.74769273
v -0.95961370 -0.30675751 -0.69851137
v -0.97472941 -0.29741335 -0.64933001
v -0.99600709 -0.29461799 -0.60164300
v -1.02280022 -0.29845636 -0.55689928
v -1.05429469 -0.30881184 -0.51645838
v -1.08953357 -0.32536979 -0.48154907
v -1.12744615 -0.34762708 -0.45323204
v -1.16688046 -0.37490746 -0.43236771
v -1.20663832 -0.40638202 -0.41959001
v -1.24551170 -0.44109441 -0.41528720
v -1.28231946 -0.47798993 -0.41959001
v -1.31594320 -0.51594752 -0.43236771
v -1.34536130 -0.55381386 -0.45323204
v -1.36967989 -0.59043839 -0.48154907
v -1.38816008 -0.62470831 -0.51645838
v -1.40024033 -0.65558233 -0.55689928
v -1.40555361 -0.68212237 -0.60164300
v -1.40393848 -0.70352202 -0.64933001
v -1.31236754 -0.80134724 -0.66312266
v -1.29583481 -0.81049011 -0.71188413
v -1.27359903 -0.81267816 -0.75916401
v -1.24633582 -0.80784489 -0.80352572
v -1.21487357 -0.79613716 -0.84362136
v -1.18016822 -0.77791072 -0.87823263
v -1.14327430 -0.75371935 -0.90630790
v -1.10531280 -0.72429810 -0.92699411
v -1.06743717 -0.69054092 -0.93966271
v -1.03079822 -0.65347351 -0.94392879
v -0.99650923 -0.61422214 -0.93966271
v -0.96561205 -0.57397944 -0.92699411
v -0.93904546 -0.53396817 -0.90630790
v -0.91761669 -0.49540404 -0.87823263
v -0.90197683 -0.45945882 -0.84362136
v -0.89260110 -0.42722468 -0.80352572
v -0.88977437 -0.39968103 -0.75916401
v -0.89358252 -0.37766478 -0.71188413
v -0.90390986 -0.36184487 -0.66312266
v -0.92044259 -0.35270200 -0.61436119
v -0.94267837 -0.35051395 -0.56708131
v -0.96994157 -0.35534722 -0.52271959
v -1.00140383 -0.36705495 -0.48262396
v -1.03610917 -0.38528139 -0.44801268
v -1.07300310 -0.40947276 -0.41993742
v -1.11096460 -0.43889401 -0.39925121
v -1.14884023 -0.47265119 -0.38658260
v -1.18547917 -0.50971860 -0.38231653
v -1.21976816 -0.54896997 -0.38658260
v -1.25066535 -0.58921267 -0.39925121
v -1.27723193 -0.62922394 -0.41993742
v -1.29866071 -0.66778807 -0.44801268
v -1.31430056 -0.70373329 -0.48262396
v -1.32367630 -0.73596743 -0.52271959
v -1.32650303 -0.76351108 -0.56708131
v -1.32269487 -0.78552733 -0.61436119
v -1.22672023 -0.87598074 -0.62618520
v -1.20876716 -0.88479398 -0.67450309
v -1.18558372 -0.88628756 -0.72135287
v -1.15787432 -0.88041610 -0.76531102
v -1.12648090 -0.86735800 -0.80504191
v -1.09235732 -0.84751004 -0.83933833
v -1.05654043 -0.82147526 -0.86715820
v -1.02011849 -0.79004474 -0.88765622
v -0.98419816 -0.75417347 -0.90020958
v -0.94987088 -0.71495138 -0.90443685
v -0.91817965 -0.67357022 -0.90020958
v -0.89008741 -0.63128732 -0.88765622
v -0.86644770 -0.58938744 -0.86715820
v -0.84797883 -0.54914368 -0.83933833
v -0.83524195 -0.51177883 -0.80504191
v -0.82862407 -0.47842820 -0.76531102
v -0.82832626 -0.45010513 -0.72135287
v -0.83435759 -0.42767021 -0.67450309
v -0.84653478 -0.41180510 -0.62618520
v -0.86448785 -0.40299186 -0.57786730
v -0.88767129 -0.40149828 -0.53101753
v -0.91538069 -0.40736974 -0.48705937
v -0.94677412 -0.42042784 -0.44732848
v -0.98089769 -0.44027581 -0.41303206
v -1.01671459 -0.46631058 -0.38521220
v -1.05313653 -0.49774110 -0.36471417
v -1.08905685 -0.53361237 -0.35216081
v -1.12338413 -0.57283446 -0.34793354
v -1.15507536 -0.61421563 -0.35216081
v -1.18316761 -0.65649852 -0.36471417
v -1.20680731 -0.69839840 -0.38521220
v -1.22527618 -0.73864216 -0.41303206
v -1.23801306 -0.77600701 -0.44732848
v -1.24463095 -0.80935764 -0.48705937
v -1.24492875 -0.83768071 -0.53101753
v -1.23889742 -0.86011563 -0.57786730
v -1.13917272 -0.94324597 -0.58778525
v -1.11981616 -0.95160367 -0.63564000
v -1.09571079 -0.95231780 -0.68204071
v -1.06758903 -0.94536667 -0.72557751
v -1.03630536 -0.93096148 -0.76492756
v -1.00281031 -0.90953993 -0.79889524
v -0.96812160 -0.88175289 -0.82644844
v -0.93329325 -0.84844467 -0.84674998
v -0.89938349 -0.81062732 -0.85918302
v -0.86742265 -0.76944989 -0.86336976
v -0.83838185 -0.72616355 -0.85918302
v -0.81314347 -0.68208353 -0.84674998
v -0.79247437 -0.63854917 -0.82644844
v -0.77700258 -0.59688325 -0.79889524
v -0.76719819 -0.55835176 -0.76492756
v -0.76335911 -0.52412547 -0.72557751
v -0.76560198 -0.49524432 -0.68204071
v -0.77385866 -0.47258585 -0.63564000
v -0.78787826 -0.45683852 -0.58778525
v -0.80723482 -0.44848082 -0.53993050
v -0.83134019 -0.44776669 -0.49352980
v -0.85946195 -0.45471782 -0.44999300
v -0.89074562 -0.46912301 -0.41064294
v -0.92424068 -0.49054457 -0.37667527
v -0.95892938 -0.51833160 -0.34912207
v -0.99375773 -0.55163982 -0.32882052
v -1.02766749 -0.58945718 -0.31638749
v -1.05962833 -0.63063460 -0.31220074
v -1.08866914 -0.67392094 -0.31638749
v -1.11390751 -0.71800097 -0.32882052
v -1.13457661 -0.76153532 -0.34912207
v -1.15004840 -0.80320125 -0.37667527
v -1.15985279 -0.84173273 -0.41064294
v -1.16369187 -0.87595903 -0.44999300
v -1.16144900 -0.90484018 -0.49352980
v -1.15319233 -0.92749865 -0.53993050
v -1.05033040 -1.00341478 -0.54801251
v -1.02960712 -1.01119638 -0.59538968
v -1.00462080 -1.01105057 -0.64132732
v -0.97613064 -1.00298177 -0.68442964
v -0.94500230 -0.98723516 -0.72338700
v -0.91218161 -0.96428919 -0.75701568
v -0.87866579 -0.93484105 -0.78429392
v -0.84547322 -0.89978552 -0.80439286
v -0.81361243 -0.86018775 -0.81670181
v -0.78405149 -0.81725088 -0.82084678
v -0.75768860 -0.77227953 -0.81670181
v -0.73532478 -0.72664014 -0.80439286
v -0.71763955 -0.68171944 -0.78429392
v -0.70517027 -0.63888231 -0.75701568
v -0.69829579 -0.59943035 -0.72338700
v -0.69722501 -0.56456228 -0.68442964
v -0.70199046 -0.53533754 -0.64132732
v -0.71244734 -0.51264413 -0.59538968
v -0.72827793 -0.49717156 -0.54801251
v -0.74900121 -0.48938996 -0.50063533
v -0.77398753 -0.48953578 -0.45469769
v -0.80247769 -0.49760457 -0.41159537
v -0.83360603 -0.51335118 -0.37263802
v -0.86642672 -0.53629716 -0.33900933
v -0.89994254 -0.56574529 -0.31173110
v -0.93313511 -0.60080082 -0.29163216
v -0.96499590 -0.64039860 -0.27932320
v -0.99455684 -0.68333546 -0.27517824
v -1.02091973 -0.72830681 -0.27932320
v -1.04328355 -0.77394620 -0.29163216
v -1.06096878 -0.81886690 -0.31173110
v -1.07343806 -0.86170403 -0.33900933
v -1.08031254 -0.90115599 -0.37263802
v -1.08138332 -0.93602406 -0.41159537
v -1.07661787 -0.96524880 -0.45469769
v -1.06616099 -0.98794221 -0.50063533
v -0.96072746 -1.05680585 -0.50695985
v -0.93869339 -1.06389873 -0.55385117
v -0.91288192 -1.06281904 -0.59931771
v -0.88407732 -1.05359960 -0.64197801
v -0.85315479 -1.03652052 -0.68053585
v -0.82105391 -1.01210075 -0.71381967
v -0.78875004 -0.98108227 -0.74081816
v -0.75722473 -0.94440756 -0.76071098
v -0.72743584 -0.90319096 -0.77289371
v -0.70028851 -0.85868482 -0.77699617
v -0.67660758 -0.81224144 -0.77289371
v -0.65711260 -0.76527196 -0.76071098
v -0.64239591 -0.71920355 -0.74081816
v -0.63290466 -0.67543595 -0.71381967
v -0.62892724 -0.63529904 -0.68053585
v -0.63058451 -0.60001234 -0.64197801
v -0.63782611 -0.57064803 -0.59931771
v -0.65043201 -0.54809833 -0.55385117
v -0.66801919 -0.53304840 -0.50695985
v -0.69005325 -0.52595552 -0.46006854
v -0.71586473 -0.52703520 -0.41460200
v -0.74466933 -0.53625464 -0.37194170
v -0.77559186 -0.55333372 -0.33338386
v -0.80769274 -0.57775349 -0.30010004
v -0.83999660 -0.60877197 -0.27310155
v -0.87152192 -0.64544668 -0.25320872
v -0.90131081 -0.68666328 -0.24102600
v -0.92845814 -0.73116942 -0.23692354
v -0.95213907 -0.77761281 -0.24102600
v -0.97163405 -0.82458228 -0.25320872
v -0.98635074 -0.87065070 -0.27310155
v -0.99584199 -0.91441829 -0.30010004
v -0.99981940 -0.95455520 -0.33338386
v -0.99816213 -0.98984190 -0.37194170
v -0.99092053 -1.01920621 -0.41460200
v -0.97831463 -1.04175591 -0.46006854
v -0.87082218 -1.10377334 -0.46472317
v -0.84755126 -1.11007507 -0.51112745
v -0.82098447 -1.10799594 -0.55612175
v -0.79192903 -1.09759912 -0.59833895
v -0.76126779 -1.07920051 -0.63649631
v -0.72993236 -1.05335915 -0.66943443
v -0.69887486 -1.02086022 -0.69615250
v -0.66903895 -0.98269117 -0.71583870
v -0.64133118 -0.94001175 -0.72789489
v -0.61659345 -0.89411876 -0.73195474
v -0.59557738 -0.84640664 -0.72789489
v -0.57892155 -0.79832508 -0.71583870
v -0.56713204 -0.75133502 -0.69615250
v -0.56056705 -0.70686425 -0.66943443
v -0.55942608 -0.66626396 -0.63649631
v -0.56374378 -0.63076779 -0.59833895
v -0.57338896 -0.60145427 -0.55612175
v -0.58806856 -0.57921407 -0.51112745
v -0.60733654 -0.56472295 -0.46472317
v -0.63060747 -0.55842122 -0.41831890
v -0.65717426 -0.56050035 -0.37332459
v -0.68622969 -0.57089717 -0.33110739
v -0.71689094 -0.58929578 -0.29295003
v -0.74822637 -0.61513714 -0.26001192
v -0.77928387 -0.64763607 -0.23329385
v -0.80911978 -0.68580512 -0.21360764
v -0.83682754 -0.72848454 -0.20155145
v -0.86156528 -0.77437753 -0.19749161
v -0.88258134 -0.82208965 -0.20155145
v -0.89923717 -0.87017121 -0.21360764
v -0.91102669 -0.91716126 -0.23329385
v -0.91759167 -0.96163204 -0.26001192
v -0.91873265 -1.00223233 -0.29295003
v -0.91441495 -1.03772850 -0.33110739
v -0.90476977 -1.06704202 -0.37332459
v -0.89009017 -1.08928222 -0.41831890
v -0.78099367 -1.14469521 -0.42140111
v -0.75657624 -1.15011524 -0.46732514
v -0.72933695 -1.14698075 -0.51185379
v -0.70010347 -1.13538700 -0.55363408
v -0.66976403 -1.11568624 -0.59139654
v -0.63924050 -1.08847708 -0.62399378
v -0.60946030 -1.05458626 -0.65043534
v -0.58132829 -1.01504352 -0.66991781
v -0.55569926 -0.97105035 -0.68184922
v -0.53335193 -0.92394348 -0.68586706
v -0.51496530 -0.87515420 -0.68184922
v -0.50109805 -0.82616496 -0.66991781
v -0.49217153 -0.77846428 -0.65043534
v -0.48845696 -0.73350152 -0.62399378
v -0.49006722 -0.69264283 -0.59139654
v -0.49695336 -0.65712971 -0.55363408
v -0.50890617 -0.62804119 -0.51185379
v -0.52556246 -0.60626111 -0.46732514
v -0.54641614 -0.59245126 -0.42140111
v -0.57083357 -0.58703123 -0.37547708
v -0.59807286 -0.59016571 -0.33094843
v -0.62730634 -0.60175947 -0.28916813
v -0.65764577 -0.62146022 -0.25140567
v -0.68816931 -0.64866938 -0.21880844
v -0.71794951 -0.68256021 -0.19236688
v -0.74608151 -0.72210295 -0.17288441
v -0.77171055 -0.76609611 -0.16095299
v -0.79405788 -0.81320299 -0.15693516
v -0.81244451 -0.86199227 -0.16095299
v -0.82631176 -0.91098150 -0.17288441
v -0.83523828 -0.95868219 -0.19236688
v -0.83895285 -1.00364495 -0.21880844
v -0.83734259 -1.04450363 -0.25140567
v -0.83045645 -1.08001676 -0.28916813
v -0.81850364 -1.10910528 -0.33094843
v -0.80184735 -1.13088535 -0.37547708
v -0.69154004 -1.17996121 -0.37709484
v -0.66608103 -1.18442197 -0.42255411
v -0.63826383 -1.18018671 -0.46663211
v -0.60893367 -1.16738412 -0.50798958
v -0.57898172 -1.14640320 -0.54536987
v -0.54931806 -1.11788145 -0.57763721
v -0.52084400 -1.08268548 -0.60381117
v -0.49442471 -1.04188471 -0.62309647
v -0.47086294 -0.99671885 -0.63490714
v -0.45087459 -0.94856023 -0.63888431
v -0.43506699 -0.89887214 -0.63490714
v -0.42392047 -0.84916431 -0.62309647
v -0.41777368 -0.80094711 -0.60381117
v -0.41681341 -0.75568558 -0.57763721
v -0.42106883 -0.71475498 -0.54536987
v -0.43041064 -0.67939895 -0.50798958
v -0.44455500 -0.65069177 -0.46663211
v -0.46307213 -0.62950570 -0.42255411
v -0.48539941 -0.61648447 -0.37709484
v -0.51085842 -0.61202371 -0.33163558
v -0.53867562 -0.61625897 -0.28755757
v -0.56800578 -0.62906156 -0.24620011
v -0.59795773 -0.65004248 -0.20881981
v -0.62762139 -0.67856423 -0.17655247
v -0.65609545 -0.71376020 -0.15037851
v -0.68251473 -0.75456097 -0.13109321
v -0.70607651 -0.79972683 -0.11928254
v -0.72606486 -0.84788545 -0.11530537
v -0.74187245 -0.89757354 -0.11928254
v -0.75301898 -0.94728136 -0.13109321
v -0.75916576 -0.99549857 -0.15037851
v -0.76012603 -1.04076010 -0.17655247
v -0.75587061 -1.08169070 -0.20881981
v -0.74652880 -1.11704673 -0.24620011
v -0.73238445 -1.14575391 -0.28755757
v -0.71386731 -1.16693998 -0.33163558
v -0.60267821 -1.20996085 -0.33190785
v -0.57629516 -1.21339819 -0.37692701
v -0.54800512 -1.20802747 -0.42057827
v -0.51866765 -1.19401188 -0.46153534
v -0.48917417 -1.17177728 -0.49855373
v -0.46042082 -1.14199926 -0.53050868
v -0.43328125 -1.10558260 -0.55642924
v -0.40858009 -1.06363381 -0.57552783
v -0.38706787 -1.01742748 -0.58722415
v -0.36939823 -0.96836757 -0.59116282
v -0.35610804 -0.91794474 -0.58722415
v -0.34760113 -0.86769105 -0.57552783
v -0.34413598 -0.81913344 -0.55642924
v -0.34581787 -0.77374732 -0.53050868
v -0.35259569 -0.73291171 -0.49855373
v -0.36426351 -0.69786739 -0.46153534
v -0.38046680 -0.66967915 -0.42057827
v -0.40071325 -0.64920349 -0.37692701
v -0.42438766 -0.63706254 -0.33190785
v -0.45077070 -0.63362520 -0.28688870
v -0.47906075 -0.63899592 -0.24323743
v -0.50839821 -0.65301151 -0.20228037
v -0.53789169 -0.67524611 -0.16526197
v -0.56664504 -0.70502413 -0.13330703
v -0.59378461 -0.74144079 -0.10738647
v -0.61848577 -0.78338958 -0.08828787
v -0.63999799 -0.82959591 -0.07659155
v -0.65766764 -0.87865582 -0.07265289
v -0.67095782 -0.92907866 -0.07659155
v -0.67946473 -0.97933234 -0.08828787
v -0.68292988 -1.02788995 -0.10738647
v -0.68124800 -1.07327607 -0.13330703
v -0.67447018 -1.11411168 -0.16526197
v -0.66280236 -1.14915601 -0.20228037
v -0.64659906 -1.17734424 -0.24323743
v -0.62635262 -1.19781991 -0.28688870
v -0.51454546 -1.23507157 -0.28594568
v -0.48736654 -1.23743453 -0.33055876
v -0.45871791 -1.23090411 -0.37381629
v -0.42947005 -1.21567875 -0.41440393
v -0.40051165 -1.19222106 -0.45108842
v -0.37272258 -1.16124379 -0.48275513
v -0.34694721 -1.12368816 -0.50844189
v -0.32396871 -1.08069528 -0.52736821
v -0.30448526 -1.03357148 -0.53895903
v -0.28908887 -0.98374859 -0.54286217
v -0.27824734 -0.93274044 -0.53895903
v -0.27229008 -0.88209690 -0.52736821
v -0.27139812 -0.83335674 -0.50844189
v -0.27559854 -0.78800091 -0.48275513
v -0.28476372 -0.74740752 -0.45108842
v -0.29861518 -0.71280998 -0.41440393
v -0.31673205 -0.68525953 -0.37381629
v -0.33856386 -0.66559326 -0.33055876
v -0.36344726 -0.65440873 -0.28594568
v -0.39062619 -0.65204577 -0.24133260
v -0.41927481 -0.65857618 -0.19807506
v -0.44852267 -0.67380154 -0.15748743
v -0.47748107 -0.69725923 -0.12080294
v -0.50527014 -0.72823651 -0.08913623
v -0.53104551 -0.76579214 -0.06344947
v -0.55402401 -0.80878501 -0.04452314
v -0.57350746 -0.85590881 -0.03293232
v -0.58890385 -0.90573171 -0.02902918
v -0.59974539 -0.95673986 -0.03293232
v -0.60570264 -1.00738340 -0.04452314
v -0.60659461 -1.05612356 -0.06344947
v -0.60239419 -1.10147939 -0.08913623
v -0.59322901 -1.14207278 -0.12080294
v -0.57937754 -1.17667031 -0.15748743
v -0.56126067 -1.20422077 -0.19807506
v -0.53942886 -1.22388704 -0.24133260
v -0.42720287 -1.25564732 -0.23931566
v -0.39936492 -1.25689734 -0.28356598
v -0.37048004 -1.24919270 -0.32647177
v -0.34142590 -1.23276751 -0.36672937
v -0.31308527 -1.20812084 -0.40311556
v -0.28631929 -1.17600157 -0.43452478
v -0.26194122 -1.13738562 -0.46000267
v -0.24069177 -1.09344633 -0.47877510
v -0.22321660 -1.04551876 -0.49027167
v -0.21004669 -0.99505917 -0.49414307
v -0.20158219 -0.94360075 -0.49027167
v -0.19808029 -0.89270704 -0.47877510
v -0.19964741 -0.84392441 -0.46000267
v -0.20623591 -0.79873511 -0.43452478
v -0.21764562 -0.75851218 -0.40311556
v -0.23352985 -0.72447778 -0.36672937
v -0.25340598 -0.69766603 -0.32647177
v -0.27667007 -0.67889159 -0.28356598
v -0.30261525 -0.66872491 -0.23931566
v -0.33045320 -0.66747489 -0.19506535
v -0.35933808 -0.67517953 -0.15215956
v -0.38839223 -0.69160472 -0.11190196
v -0.41673285 -0.71625139 -0.07551576
v -0.44349883 -0.74837066 -0.04410655
v -0.46787691 -0.78698661 -0.01862866
v -0.48912635 -0.83092590 0.00014377
v -0.50660152 -0.87885347 0.01164034
v -0.51977143 -0.92931306 0.01551174
v -0.52823593 -0.98077148 0.01164034
v -0.53173783 -1.03166519 0.00014377
v -0.53017071 -1.08044782 -0.01862866
v -0.52358221 -1.12563712 -0.04410655
v -0.51217250 -1.16586005 -0.07551576
v -0.49628827 -1.19989445 -0.11190196
v -0.47641214 -1.22670620 -0.15215956
v -0.45314806 -1.24548064 -0.19506535
v -0.34064072 -1.27200797 -0.19212672
v -0.31228756 -1.27211757 -0.23606634
v -0.28329587 -1.26323277 -0.27867088
v -0.25454656 -1.24562352 -0.31864582
v -0.22691316 -1.21982487 -0.35477654
v -0.20123529 -1.18662069 -0.38596523
v -0.17829317 -1.14701988 -0.41126423
v -0.15878387 -1.10222570 -0.42990485
v -0.14330019 -1.05359918 -0.44132071
v -0.13231258 -1.00261782 -0.44516492
v -0.12615489 -0.95083067 -0.44132071
v -0.12501423 -0.89981124 -0.42990485
v -0.12892525 -0.85110975 -0.41126423
v -0.13776913 -0.80620595 -0.38596523
v -0.15127713 -0.76646423 -0.35477654
v -0.16903883 -0.73309213 -0.31864582
v -0.19051455 -0.70710363 -0.27867088
v -0.21505175 -0.68928838 -0.23606634
v -0.24190490 -0.68018769 -0.19212672
v -0.27025806 -0.68007808 -0.14818709
v -0.29924975 -0.68896288 -0.10558255
v -0.32799906 -0.70657214 -0.06560761
v -0.35563246 -0.73237079 -0.02947689
v -0.38131033 -0.76557497 0.00171180
v -0.40425245 -0.80517577 0.02701080
v -0.42376175 -0.84996996 0.04565142
v -0.43924543 -0.89859648 0.05706727
v -0.45023304 -0.94957784 0.06091149
v -0.45639073 -1.00136499 0.05706727
v -0.45753139 -1.05238441 0.04565142
v -0.45362037 -1.10108591 0.02701080
v -0.44477650 -1.14598970 0.00171180
v -0.43126849 -1.18573142 -0.02947689
v -0.41350679 -1.21910353 -0.06560761
v -0.39203107 -1.24509203 -0.10558255
v -0.36749387 -1.26290728 -0.14818709
v -0.25478599 -1.28442957 -0.14448905
v -0.22606691 -1.28338088 -0.18817794
v -0.19710420 -1.27331732 -0.23053937
v -0.16877787 -1.25454466 -0.27028620
v -0.14194860 -1.22763329 -0.30621075
v -0.11743160 -1.19340090 -0.33722146
v -0.09597179 -1.15288763 -0.36237610
v -0.07822122 -1.10732445 -0.38091035
v -0.06471923 -1.05809578 -0.39226106
v -0.05587607 -1.00669740 -0.39608335
v -0.05196045 -0.95469103 -0.39226106
v -0.05309133 -0.90365686 -0.38091035
v -0.05923435 -0.85514553 -0.36237610
v -0.07020285 -0.81063103 -0.33722146
v -0.08566358 -0.77146592 -0.30621075
v -0.10514675 -0.73884021 -0.27028620
v -0.12806039 -0.71374521 -0.23053937
v -0.15370828 -0.69694342 -0.18817794
v -0.18131111 -0.68894536 -0.14448905
v -0.21003019 -0.68999404 -0.10080016
v -0.23899290 -0.70005760 -0.05843873
v -0.26731923 -0.71883027 -0.01869190
v -0.29414850 -0.74574164 0.01723265
v -0.31866550 -0.77997402 0.04824336
v -0.34012531 -0.82048729 0.07339800
v -0.35787588 -0.86605047 0.09193225
v -0.37137787 -0.91527914 0.10328296
v -0.38022103 -0.96667752 0.10710525
v -0.38413665 -1.01868389 0.10328296
v -0.38300577 -1.06971806 0.09193225
v -0.37686275 -1.11822940 0.07339800
v -0.36589425 -1.16274389 0.04824336
v -0.35043352 -1.20190900 0.01723265
v -0.33095035 -1.23453472 -0.01869190
v -0.30803671 -1.25962972 -0.05843873
v -0.28238882 -1.27643150 -0.10080016
v -0.16951189 -1.29313608 -0.09651392
v -0.14058045 -1.29091920 -0.14001865
v -0.11178827 -1.27968440 -0.18220152
v -0.08401018 -1.25977304 -0.22178081
v -0.05809021 -1.23179013 -0.25755393
v -0.03481591 -1.19658591 -0.28843393
v -0.01489448 -1.15523004 -0.31348253
v 0.00106880 -1.10897909 -0.33193866
v 0.01258888 -1.05923839 -0.34324153
v 0.01931573 -1.00751927 -0.34704770
v 0.02104496 -0.95539320 -0.34324153
v 0.01772403 -0.90444400 -0.33193866
v 0.00945384 -0.85621974 -0.31348253
v -0.00351432 -0.81218568 -0.28843393
v -0.02078643 -0.77367977 -0.25755393
v -0.04183767 -0.74187201 -0.22178081
v -0.06602841 -0.71772885 -0.18220152
v -0.09262364 -0.70198387 -0.14001865
v -0.12081526 -0.69511548 -0.09651392
v -0.14974670 -0.69733236 -0.05300919
v -0.17853888 -0.70856716 -0.01082632
v -0.20631697 -0.72847851 0.02875297
v -0.23223695 -0.75646142 0.06452609
v -0.25551124 -0.79166565 0.09540609
v -0.27543268 -0.83302152 0.12045469
v -0.29139595 -0.87927246 0.13891082
v -0.30291603 -0.92901316 0.15021368
v -0.30964288 -0.98073228 0.15401985
v -0.31137211 -1.03285835 0.15021368
v -0.30805118 -1.08380755 0.13891082
v -0.29978099 -1.13203182 0.12045469
v -0.28681283 -1.17606588 0.09540609
v -0.26954073 -1.21457178 0.06452609
v -0.24848949 -1.24637954 0.02875297
v -0.22429874 -1.27052270 -0.01082632
v -0.19770352 -1.28626768 -0.05300919
v -0.08464933 -1.29829253 -0.04831338
v -0.05566237 -1.29490412 -0.09170553
v -0.02718760 -1.28251077 -0.13377924
v -0.00009021 -1.26148905 -0.17325611
v 0.02480646 -1.23247768 -0.20893666
v 0.04674592 -1.19635818 -0.23973675
v 0.06506157 -1.15422800 -0.26472054
v 0.07919690 -1.10736726 -0.28312890
v 0.08872240 -1.05719979 -0.29440252
v 0.09334865 -1.00524991 -0.29819884
v 0.09293508 -0.95309609 -0.29440252
v 0.08749427 -0.90232299 -0.28312890
v 0.07719152 -0.85447333 -0.26472054
v 0.06233988 -0.81100100 -0.23973675
v 0.04339061 -0.77322688 -0.20893666
v 0.02091947 -0.74229872 -0.17325611
v -0.00439076 -0.71915626 -0.13377924
v -0.03177104 -0.70450266 -0.09170553
v -0.06038944 -0.69878318 -0.04831338
v -0.08937641 -0.70217159 -0.00492122
v -0.11785118 -0.71456494 0.03715248
v -0.14494857 -0.73558667 0.07662935
v -0.16984523 -0.76459803 0.11230990
v -0.19178470 -0.80071753 0.14310999
v -0.21010035 -0.84284771 0.16809378
v -0.22423567 -0.88970845 0.18650214
v -0.23376117 -0.93987592 0.19777576
v -0.23838742 -0.99182580 0.20157208
v -0.23797386 -1.04397962 0.19777576
v -0.23253304 -1.09475272 0.18650214
v -0.22223029 -1.14260238 0.16809378
v -0.20737865 -1.18607471 0.14310999
v -0.18842938 -1.22384883 0.11230990
v -0.16595824 -1.25477699 0.07662935
v -0.14064801 -1.27791945 0.03715248
v -0.11326773 -1.29257305 -0.00492122
v 0.00000000 -1.30000000 -0.00000000
v 0.02888319 -1.29544233 -0.04335428
v 0.05688879 -1.28190779 -0.08539125
v 0.08316584 -1.25980762 -0.12483366
v 0.10691595 -1.22981333 -0.16048306
v 0.12741746 -1.19283628 -0.19125626
v 0.14404747 -1.15000000 -0.21621824
v 0.15630066 -1.10260604 -0.23461054
v 0.16380473 -1.05209445 -0.24587431
v 0.16633169 -1.00000000 -0.24966732
v 0.16380473 -0.94790555 -0.24587431
v 0.15630066 -0.89739396 -0.23461054
v 0.14404747 -0.85000000 -0.21621824
v 0.12741746 -0.80716372 -0.19125626
v 0.10691595 -0.77018667 -0.16048306
v 0.08316584 -0.74019238 -0.12483366
v 0.05688879 -0.71809221 -0.08539125
v 0.02888319 -0.70455767 -0.04335428
v -0.00000000 -0.70000000 -0.00000000
v -0.02888319 -0.70455767 0.04335428
v -0.05688879 -0.71809221 0.08539125
v -0.08316584 -0.74019238 0.12483366
v -0.10691595 -0.77018667 0.16048306
v -0.12741746 -0.80716372 0.19125626
v -0.14404747 -0.85000000 0.21621824
v -0.15630066 -0.89739396 0.23461054
v -0.16380473 -0.94790555 0.24587431
v -0.16633169 -1.00000000 0.24966732
v -0.16380473 -1.05209445 0.24587431
v -0.15630066 -1.10260604 0.23461054
v -0.14404747 -1.15000000 0.21621824
v -0.12741746 -1.19283628 0.19125626
v -0.10691595 -1.22981333 0.16048306
v -0.08316584 -1.25980762 0.12483366
v -0.05688879 -1.28190779 0.08539125
v -0.02888319 -1.29544233 0.04335428
v 0.08464933 -1.29829253 0.04831338
v 0.11326773 -1.29257305 0.00492122
v 0.14064801 -1.27791945 -0.03715248
v 0.16595824 -1.25477699 -0.07662935
v 0.18842938 -1.22384883 -0.11230990
v 0.20737865 -1.18607471 -0.14310999
v 0.22223029 -1.14260238 -0.16809378
v 0.23253304 -1.09475272 -0.18650214
v 0.23797386 -1.04397962 -0.19777576
v 0.23838742 -0.99182580 -0.20157208
v 0.23376117 -0.93987592 -0.19777576
v 0.22423567 -0.88970845 -0.18650214
v 0.21010035 -0.84284771 -0.16809378
v 0.19178470 -0.80071753 -0.14310999
v 0.16984523 -0.76459803 -0.11230990
v 0.14494857 -0.73558667 -0.07662935
v 0.11785118 -0.71456494 -0.03715248
v 0.08937641 -0.70217159 0.00492122
v 0.06038944 -0.69878318 0.04831338
v 0.03177104 -0.70450266 0.09170553
v 0.00439076 -0.71915626 0.13377924
v -0.02091947 -0.74229872 0.17325611
v -0.04339061 -0.77322688 0.20893666
v -0.06233988 -0.81100100 0.23973675
v -0.07719152 -0.85447333 0.26472054
v -0.08749427 -0.90232299 0.28312890
v -0.09293508 -0.95309609 0.29440252
v -0.09334865 -1.00524991 0.29819884
v -0.08872240 -1.05719979 0.29440252
v -0.07919690 -1.10736726 0.28312890
v -0.06506157 -1.15422800 0.26472054
v -0.04674592 -1.19635818 0.23973675
v -0.02480646 -1.23247768 0.20893666
v 0.00009021 -1.26148905 0.17325611
v 0.02718760 -1.28251077 0.13377924
v 0.05566237 -1.29490412 0.09170553
v 0.16951189 -1.29313608 0.09651392
v 0.19770352 -1.28626768 0.05300919
v 0.22429874 -1.27052270 0.01082632
v 0.24848949 -1.24637954 -0.02875297
v 0.26954073 -1.21457178 -0.06452609
v 0.28681283 -1.17606588 -0.09540609
v 0.29978099 -1.13203182 -0.12045469
v 0.30805118 -1.08380755 -0.13891082
v 0.31137211 -1.03285835 -0.15021368
v 0.30964288 -0.98073228 -0.15401985
v 0.30291603 -0.92901316 -0.15021368
v 0.29139595 -0.87927246 -0.13891082
v 0.27543268 -0.83302152 -0.12045469
v 0.25551124 -0.79166565 -0.09540609
v 0.23223695 -0.75646142 -0.06452609
v 0.20631697 -0.72847851 -0.02875297
v 0.17853888 -0.70856716 0.01082632
v 0.14974670 -0.69733236 0.05300919
v 0.12081526 -0.69511548 0.09651392
v 0.09262364 -0.70198387 0.14001865
v 0.06602841 -0.71772885 0.18220152
v 0.04183767 -0.74187201 0.22178081
v 0.02078643 -0.77367977 0.25755393
v 0.00351432 -0.81218568 0.28843393
v -0.00945384 -0.85621974 0.31348253
v -0.01772403 -0.90444400 0.33193866
v -0.02104496 -0.95539320 0.34324153
v -0.01931573 -1.00751927 0.34704770
v -0.01258888 -1.05923839 0.34324153
v -0.00106880 -1.10897909 0.33193866
v 0.01489448 -1.15523004 0.31348253
v 0.03481591 -1.19658591 0.28843393
v 0.05809021 -1.23179013 0.25755393
v 0.08401018 -1.25977304 0.22178081
v 0.11178827 -1.27968440 0.18220152
v 0.14058045 -1.29091920 0.14001865
v 0.25478599 -1.28442957 0.14448905
v 0.28238882 -1.27643150 0.10080016
v 0.30803671 -1.25962972 0.05843873
v 0.33095035 -1.23453472 0.01869190
v 0.35043352 -1.20190900 -0.01723265
v 0.36589425 -1.16274389 -0.04824336
v 0.37686275 -1.11822940 -0.07339800
v 0.38300577 -1.06971806 -0.09193225
v 0.38413665 -1.01868389 -0.10328296
v 0.38022103 -0.96667752 -0.10710525
v 0.37137787 -0.91527914 -0.10328296
v 0.35787588 -0.86605047 -0.09193225
v 0.34012531 -0.82048729 -0.07339800
v 0.31866550 -0.77997402 -0.04824336
v 0.29414850 -0.74574164 -0.01723265
v 0.26731923 -0.71883027 0.01869190
v 0.23899290 -0.70005760 0.05843873
v 0.21003019 -0.68999404 0.10080016
v 0.18131111 -0.68894536 0.14448905
v 0.15370828 -0.69694342 0.18817794
v 0.12806039 -0.71374521 0.23053937
v 0.10514675 -0.73884021 0.27028620
v 0.08566358 -0.77146592 0.30621075
v 0.07020285 -0.81063103 0.33722146
v 0.05923435 -0.85514553 0.36237610
v 0.05309133 -0.90365686 0.38091035
v 0.05196045 -0.95469103 0.39226106
v 0.05587607 -1.00669740 0.39608335
v 0.06471923 -1.05809578 0.39226106
v 0.07822122 -1.10732445 0.38091035
v 0.09597179 -1.15288763 0.36237610
v 0.11743160 -1.19340090 0.33722146
v 0.14194860 -1.22763329 0.30621075
v 0.16877787 -1.25454466 0.27028620
v 0.19710420 -1.27331732 0.23053937
v 0.22606691 -1.28338088 0.18817794
v 0.34064072 -1.27200797 0.19212672
v 0.36749387 -1.26290728 0.14818709
v 0.39203107 -1.24509203 0.10558255
v 0.41350679 -1.21910353 0.06560761
v 0.43126849 -1.18573142 0.02947689
v 0.44477650 -1.14598970 -0.00171180
v 0.45362037 -1.10108591 -0.02701080
v 0.45753139 -1.05238441 -0.04565142
v 0.45639073 -1.00136499 -0.05706727
v 0.45023304 -0.94957784 -0.06091149
v 0.43924543 -0.89859648 -0.05706727
v 0.42376175 -0.84996996 -0.04565142
v 0.40425245 -0.80517577 -0.02701080
v 0.38131033 -0.76557497 -0.00171180
v 0.35563246 -0.73237079 0.02947689
v 0.32799906 -0.70657214 0.06560761
v 0.29924975 -0.68896288 0.10558255
v 0.27025806 -0.68007808 0.14818709
v 0.24190490 -0.68018769 0.19212672
v 0.21505175 -0.68928838 0.23606634
v 0.19051455 -0.70710363 0.27867088
v 0.16903883 -0.73309213 0.31864582
v 0.15127713 -0.76646423 0.35477654
v 0.13776913 -0.80620595 0.38596523
v 0.12892525 -0.85110975 0.41126423
v 0.12501423 -0.89981124 0.42990485
v 0.12615489 -0.95083067 0.44132071
v 0.13231258 -1.00261782 0.44516492
v 0.14330019 -1.05359918 0.44132071
v 0.15878387 -1.10222570 0.42990485
v 0.17829317 -1.14701988 0.41126423
v 0.20123529 -1.18662069 0.38596523
v 0.22691316 -1.21982487 0.35477654
v 0.25454656 -1.24562352 0.31864582
v 0.28329587 -1.26323277 0.27867088
v 0.31228756 -1.27211757 0.23606634
v 0.42720287 -1.25564732 0.23931566
v 0.45314806 -1.24548064 0.19506535
v 0.47641214 -1.22670620 0.15215956
v 0.49628827 -1.19989445 0.11190196
v 0.51217250 -1.16586005 0.07551576
v 0.52358221 -1.12563712 0.04410655
v 0.53017071 -1.08044782 0.01862866
v 0.53173783 -1.03166519 -0.00014377
v 0.52823593 -0.98077148 -0.01164034
v 0.51977143 -0.92931306 -0.01551174
v 0.50660152 -0.87885347 -0.01164034
v 0.48912635 -0.83092590 -0.00014377
v 0.46787691 -0.78698661 0.01862866
v 0.44349883 -0.74837066 0.04410655
v 0.41673285 -0.71625139 0.07551576
v 0.38839223 -0.69160472 0.11190196
v 0.35933808 -0.67517953 0.15215956
v 0.33045320 -0.66747489 0.19506535
v 0.30261525 -0.66872491 0.23931566
v 0.27667007 -0.67889159 0.28356598
v 0.25340598 -0.69766603 0.32647177
v 0.23352985 -0.72447778 0.36672937
v 0.21764562 -0.75851218 0.40311556
v 0.20623591 -0.79873511 0.43452478
v 0.19964741 -0.84392441 0.46000267
v 0.19808029 -0.89270704 0.47877510
v 0.20158219 -0.94360075 0.49027167
v 0.21004669 -0.99505917 0.49414307
v 0.22321660 -1.04551876 0.49027167
v 0.24069177 -1.09344633 0.47877510
v 0.26194122 -1.13738562 0.46000267
v 0.28631929 -1.17600157 0.43452478
v 0.31308527 -1.20812084 0.40311556
v 0.34142590 -1.23276751 0.36672937
v 0.37048004 -1.24919270 0.32647177
v 0.39936492 -1.25689734 0.28356598
v 0.51454546 -1.23507157 0.28594568
v 0.53942886 -1.22388704 0.24133260
v 0.56126067 -1.20422077 0.19807506
v 0.57937754 -1.17667031 0.15748743
v 0.59322901 -1.14207278 0.12080294
v 0.60239419 -1.10147939 0.08913623
v 0.60659461 -1.05612356 0.06344947
v 0.60570264 -1.00738340 0.04452314
v 0.59974539 -0.95673986 0.03293232
v 0.58890385 -0.90573171 0.02902918
v 0.57350746 -0.85590881 0.03293232
v 0.55402401 -0.80878501 0.04452314
v 0.53104551 -0.76579214 0.06344947
v 0.50527014 -0.72823651 0.08913623
v 0.47748107 -0.69725923 0.12080294
v 0.44852267 -0.67380154 0.15748743
v 0.41927481 -0.65857618 0.19807506
v 0.39062619 -0.65204577 0.24133260
v 0.36344726 -0.65440873 0.28594568
v 0.33856386 -0.66559326 0.33055876
v 0.31673205 -0.68525953 0.37381629
v 0.29861518 -0.71280998 0.41440393
v 0.28476372 -0.74740752 0.45108842
v 0.27559854 -0.78800091 0.48275513
v 0.27139812 -0.83335674 0.50844189
v 0.27229008 -0.88209690 0.52736821
v 0.27824734 -0.93274044 0.53895903
v 0.28908887 -0.98374859 0.54286217
v 0.30448526 -1.03357148 0.53895903
v 0.32396871 -1.08069528 0.52736821
v 0.34694721 -1.12368816 0.50844189
v 0.37272258 -1.16124379 0.48275513
v 0.40051165 -1.19222106 0.45108842
v 0.42947005 -1.21567875 0.41440393
v 0.45871791 -1.23090411 0.37381629
v 0.48736654 -1.23743453 0.33055876
v 0.60267821 -1.20996085 0.33190785
v 0.62635262 -1.19781991 0.28688870
v 0.64659906 -1.17734424 0.24323743
v 0.66280236 -1.14915601 0.20228037
v 0.67447018 -1.11411168 0.16526197
v 0.68124800 -1.07327607 0.13330703
v 0.68292988 -1.02788995 0.10738647
v 0.67946473 -0.97933234 0.08828787
v 0.67095782 -0.92907866 0.07659155
v 0.65766764 -0.87865582 0.07265289
v 0.63999799 -0.82959591 0.07659155
v 0.61848577 -0.78338958 0.08828787
v 0.59378461 -0.74144079 0.10738647
v 0.56664504 -0.70502413 0.13330703
v 0.53789169 -0.67524611 0.16526197
v 0.50839821 -0.65301151 0.20228037
v 0.47906075 -0.63899592 0.24323743
v 0.45077070 -0.63362520 0.28688870
v 0.42438766 -0.63706254 0.33190785
v 0.40071325 -0.64920349 0.37692701
v 0.38046680 -0.66967915 0.42057827
v 0.36426351 -0.69786739 0.46153534
v 0.35259569 -0.73291171 0.49855373
v 0.34581787 -0.77374732 0.53050868
v 0.34413598 -0.81913344 0.55642924
v 0.34760113 -0.86769105 0.57552783
v 0.35610804 -0.91794474 0.58722415
v 0.36939823 -0.96836757 0.59116282
v 0.38706787 -1.01742748 0.58722415
v 0.40858009 -1.06363381 0.57552783
v 0.43328125 -1.10558260 0.55642924
v 0.46042082 -1.14199926 0.53050868
v 0.48917417 -1.17177728 0.49855373
v 0.51866765 -1.19401188 0.46153534
v 0.54800512 -1.20802747 0.42057827
v 0.57629516 -1.21339819 0.37692701
v 0.69154004 -1.17996121 0.37709484
v 0.71386731 -1.16693998 0.33163558
v 0.73238445 -1.14575391 0.28755757
v 0.74652880 -1.11704673 0.24620011
v 0.75587061 -1.08169070 0.20881981
v 0.76012603 -1.04076010 0.17655247
v 0.75916576 -0.99549857 0.15037851
v 0.75301898 -0.94728136 0.13109321
v 0.74187245 -0.89757354 0.11928254
v 0.72606486 -0.84788545 0.11530537
v 0.70607651 -0.79972683 0.11928254
v 0.68251473 -0.75456097 0.13109321
v 0.65609545 -0.71376020 0.15037851
v 0.62762139 -0.67856423 0.17655247
v 0.59795773 -0.65004248 0.20881981
v 0.56800578 -0.62906156 0.24620011
v 0.53867562 -0.61625897 0.28755757
v 0.51085842 -0.61202371 0.33163558
v 0.48539941 -0.61648447 0.37709484
v 0.46307213 -0.62950570 0.42255411
v 0.44455500 -0.65069177 0.46663211
v 0.43041064 -0.67939895 0.50798958
v 0.42106883 -0.71475498 0.54536987
v 0.41681341 -0.75568558 0.57763721
v 0.41777368 -0.80094711 0.60381117
v 0.42392047 -0.84916431 0.62309647
v 0.43506699 -0.89887214 0.63490714
v 0.45087459 -0.94856023 0.63888431
v 0.47086294 -0.99671885 0.63490714
v 0.49442471 -1.04188471 0.62309647
v 0.52084400 -1.08268548 0.60381117
v 0.54931806 -1.11788145 0.57763721
v 0.57898172 -1.14640320 0.54536987
v 0.60893367 -1.16738412 0.50798958
v 0.63826383 -1.18018671 0.46663211
v 0.66608103 -1.18442197 0.42255411
v 0.78099367 -1.14469521 0.42140111
v 0.80184735 -1.13088535 0.37547708
v 0.81850364 -1.10910528 0.33094843
v 0.83045645 -1.08001676 0.28916813
v 0.83734259 -1.04450363 0.25140567
v 0.83895285 -1.00364495 0.21880844
v 0.83523828 -0.95868219 0.19236688
v 0.82631176 -0.91098150 0.17288441
v 0.81244451 -0.86199227 0.16095299
v 0.79405788 -0.81320299 0.15693516
v 0.77171055 -0.76609611 0.16095299
v 0.74608151 -0.72210295 0.17288441
v 0.71794951 -0.68256021 0.19236688
v 0.68816931 -0.64866938 0.21880844
v 0.65764577 -0.62146022 0.25140567
v 0.62730634 -0.60175947 0.28916813
v 0.59807286 -0.59016571 0.33094843
v 0.57083357 -0.58703123 0.37547708
v 0.54641614 -0.59245126 0.42140111
v 0.52556246 -0.60626111 0.46732514
v 0.50890617 -0.62804119 0.51185379
v 0.49695336 -0.65712971 0.55363408
v 0.49006722 -0.69264283 0.59139654
v 0.48845696 -0.73350152 0.62399378
v 0.49217153 -0.77846428 0.65043534
v 0.50109805 -0.82616496 0.66991781
v 0.51496530 -0.87515420 0.68184922
v 0.53335193 -0.92394348 0.68586706
v 0.55569926 -0.97105035 0.68184922
v 0.58132829 -1.01504352 0.66991781
v 0.60946030 -1.05458626 0.65043534
v 0.63924050 -1.08847708 0.62399378
v 0.66976403 -1.11568624 0.59139654
v 0.70010347 -1.13538700 0.55363408
v 0.72933695 -1.14698075 0.51185379
v 0.75657624 -1.15011524 0.46732514
v 0.87082218 -1.10377334 0.46472317
v 0.89009017 -1.08928222 0.41831890
v 0.90476977 -1.06704202 0.37332459
v 0.91441495 -1.03772850 0.33110739
v 0.91873265 -1.00223233 0.29295003
v 0.91759167 -0.96163204 0.26001192
v 0.91102669 -0.91716126 0.23329385
v 0.89923717 -0.87017121 0.21360764
v 0.88258134 -0.82208965 0.20155145
v 0.86156528 -0.77437753 0.19749161
v 0.83682754 -0.72848454 0.20155145
v 0.80911978 -0.68580512 0.21360764
v 0.77928387 -0.64763607 0.23329385
v 0.74822637 -0.61513714 0.26001192
v 0.71689094 -0.58929578 0.29295003
v 0.68622969 -0.57089717 0.33110739
v 0.65717426 -0.56050035 0.37332459
v 0.63060747 -0.55842122 0.41831890
v 0.60733654 -0.56472295 0.46472317
v 0.58806856 -0.57921407 0.51112745
v 0.57338896 -0.60145427 0.55612175
v 0.56374378 -0.63076779 0.59833895
v 0.55942608 -0.66626396 0.63649631
v 0.56056705 -0.70686425 0.66943443
v 0.56713204 -0.75133502 0.69615250
v 0.57892155 -0.79832508 0.71583870
v 0.59557738 -0.84640664 0.72789489
v 0.61659345 -0.89411876 0.73195474
v 0.64133118 -0.94001175 0.72789489
v 0.66903895 -0.98269117 0.71583870
v 0.69887486 -1.02086022 0.69615250
v 0.72993236 -1.05335915 0.66943443
v 0.76126779 -1.07920051 0.63649631
v 0.79192903 -1.09759912 0.59833895
v 0.82098447 -1.10799594 0.55612175
v 0.84755126 -1.11007507 0.51112745
v 0.96072746 -1.05680585 0.50695985
v 0.97831463 -1.04175591 0.46006854
v 0.99092053 -1.01920621 0.41460200
v 0.99816213 -0.98984190 0.37194170
v 0.99981940 -0.95455520 0.33338386
v 0.99584199 -0.91441829 0.30010004
v 0.98635074 -0.87065070 0.27310155
v 0.97163405 -0.82458228 0.25320872
v 0.95213907 -0.77761281 0.24102600
v 0.92845814 -0.73116942 0.23692354
v 0.90131081 -0.68666328 0.24102600
v 0.87152192 -0.64544668 0.25320872
v 0.83999660 -0.60877197 0.27310155
v 0.80769274 -0.57775349 0.30010004
v 0.77559186 -0.55333372 0.33338386
v 0.74466933 -0.53625464 0.37194170
v 0.71586473 -0.52703520 0.41460200
v 0.69005325 -0.52595552 0.46006854
v 0.66801919 -0.53304840 0.50695985
v 0.65043201 -0.54809833 0.55385117
v 0.63782611 -0.57064803 0.59931771
v 0.63058451 -0.60001234 0.64197801
v 0.62892724 -0.63529904 0.68053585
v 0.63290466 -0.67543595 0.71381967
v 0.64239591 -0.71920355 0.74081816
v 0.65711260 -0.76527196 0.76071098
v 0.67660758 -0.81224144 0.77289371
v 0.70028851 -0.85868482 0.77699617
v 0.72743584 -0.90319096 0.77289371
v 0.75722473 -0.94440756 0.76071098
v 0.78875004 -0.98108227 0.74081816
v 0.82105391 -1.01210075 0.71381967
v 0.85315479 -1.03652052 0.68053585
v 0.88407732 -1.05359960 0.64197801
v 0.91288192 -1.06281904 0.59931771
v 0.93869339 -1.06389873 0.55385117
v 1.05033040 -1.00341478 0.54801251
v 1.06616099 -0.98794221 0.50063533
v 1.07661787 -0.96524880 0.45469769
v 1.08138332 -0.93602406 0.41159537
v 1.08031254 -0.90115599 0.37263802
v 1.07343806 -0.86170403 0.33900933
v 1.06096878 -0.81886690 0.31173110
v 1.04328355 -0.77394620 0.29163216
v 1.02091973 -0.72830681 0.27932320
v 0.99455684 -0.68333546 0.27517824
v 0.96499590 -0.64039860 0.27932320
v 0.93313511 -0.60080082 0.29163216
v 0.89994254 -0.56574529 0.31173110
v 0.86642672 -0.53629716 0.33900933
v 0.83360603 -0.51335118 0.37263802
v 0.80247769 -0.49760457 0.41159537
v 0.77398753 -0.48953578 0.45469769
v 0.74900121 -0.48938996 0.50063533
v 0.72827793 -0.49717156 0.54801251
v 0.71244734 -0.51264413 0.59538968
v 0.70199046 -0.53533754 0.64132732
v 0.69722501 -0.56456228 0.68442964
v 0.69829579 -0.59943035 0.72338700
v 0.70517027 -0.63888231 0.75701568
v 0.71763955 -0.68171944 0.78429392
v 0.73532478 -0.72664014 0.80439286
v 0.75768860 -0.77227953 0.81670181
v 0.78405149 -0.81725088 0.82084678
v 0.81361243 -0.86018775 0.81670181
v 0.84547322 -0.89978552 0.80439286
v 0.87866579 -0.93484105 0.78429392
v 0.91218161 -0.96428919 0.75701568
v 0.94500230 -0.98723516 0.72338700
v 0.97613064 -1.00298177 0.68442964
v 1.00462080 -1.01105057 0.64132732
v 1.02960712 -1.01119638 0.59538968
v 1.13917272 -0.94324597 0.58778525
v 1.15319233 -0.92749865 0.53993050
v 1.16144900 -0.90484018 0.49352980
v 1.16369187 -0.87595903 0.44999300
v 1.15985279 -0.84173273 0.41064294
v 1.15004840 -0.80320125 0.37667527
v 1.13457661 -0.76153532 0.34912207
v 1.11390751 -0.71800097 0.32882052
v 1.08866914 -0.67392094 0.31638749
v 1.05962833 -0.63063460 0.31220074
v 1.02766749 -0.58945718 0.31638749
v 0.99375773 -0.55163982 0.32882052
v 0.95892938 -0.51833160 0.34912207
v 0.92424068 -0.49054457 0.37667527
v 0.89074562 -0.46912301 0.41064294
v 0.85946195 -0.45471782 0.44999300
v 0.83134019 -0.44776669 0.49352980
v 0.80723482 -0.44848082 0.53993050
v 0.78787826 -0.45683852 0.58778525
v 0.77385866 -0.47258585 0.63564000
v 0.76560198 -0.49524432 0.68204071
v 0.76335911 -0.52412547 0.72557751
v 0.76719819 -0.55835176 0.76492756
v 0.77700258 -0.59688325 0.79889524
v 0.79247437 -0.63854917 0.82644844
v 0.81314347 -0.68208353 0.84674998
v 0.83838185 -0.72616355 0.85918302
v 0.86742265 -0.76944989 0.86336976
v 0.89938349 -0.81062732 0.85918302
v 0.93329325 -0.84844467 0.84674998
v 0.96812160 -0.88175289 0.82644844
v 1.00281031 -0.90953993 0.79889524
v 1.03630536 -0.93096148 0.76492756
v 1.06758903 -0.94536667 0.72557751
v 1.09571079 -0.95231780 0.68204071
v 1.11981616 -0.95160367 0.63564000
v 1.22672023 -0.87598074 0.62618520
v 1.23889742 -0.86011563 0.57786730
v 1.24492875 -0.83768071 0.53101753
v 1.24463095 -0.80935764 0.48705937
v 1.23801306 -0.77600701 0.44732848
v 1.22527618 -0.73864216 0.41303206
v 1.20680731 -0.69839840 0.38521220
v 1.18316761 -0.65649852 0.36471417
v 1.15507536 -0.61421563 0.35216081
v 1.12338413 -0.57283446 0.34793354
v 1.08905685 -0.53361237 0.35216081
v 1.05313653 -0.49774110 0.36471417
v 1.01671459 -0.46631058 0.38521220
v 0.98089769 -0.44027581 0.41303206
v 0.94677412 -0.42042784 0.44732848
v 0.91538069 -0.40736974 0.48705937
v 0.88767129 -0.40149828 0.53101753
v 0.86448785 -0.40299186 0.57786730
v 0.84653478 -0.41180510 0.62618520
v 0.83435759 -0.42767021 0.67450309
v 0.82832626 -0.45010513 0.72135287
v 0.82862407 -0.47842820 0.76531102
v 0.83524195 -0.51177883 0.80504191
v 0.84797883 -0.54914368 0.83933833
v 0.86644770 -0.58938744 0.86715820
v 0.89008741 -0.63128732 0.88765622
v 0.91817965 -0.67357022 0.90020958
v 0.94987088 -0.71495138 0.90443685
v 0.98419816 -0.75417347 0.90020958
v 1.02011849 -0.79004474 0.88765622
v 1.05654043 -0.82147526 0.86715820
v 1.09235732 -0.84751004 0.83933833
v 1.12648090 -0.86735800 0.80504191
v 1.15787432 -0.88041610 0.76531102
v 1.18558372 -0.88628756 0.72135287
v 1.20876716 -0.88479398 0.67450309
v 1.31236754 -0.80134724 0.66312266
v 1.32269487 -0.78552733 0.61436119
v 1.32650303 -0.76351108 0.56708131
v 1.32367630 -0.73596743 0.52271959
v 1.31430056 -0.70373329 0.48262396
v 1.29866071 -0.66778807 0.44801268
v 1.27723193 -0.62922394 0.41993742
v 1.25066535 -0.58921267 0.39925121
v 1.21976816 -0.54896997 0.38658260
v 1.18547917 -0.50971860 0.38231653
v 1.14884023 -0.47265119 0.38658260
v 1.11096460 -0.43889401 0.39925121
v 1.07300310 -0.40947276 0.41993742
v 1.03610917 -0.38528139 0.44801268
v 1.00140383 -0.36705495 0.48262396
v 0.96994157 -0.35534722 0.52271959
v 0.94267837 -0.35051395 0.56708131
v 0.92044259 -0.35270200 0.61436119
v 0.90390986 -0.36184487 0.66312266
v 0.89358252 -0.37766478 0.71188413
v 0.88977437 -0.39968103 0.75916401
v 0.89260110 -0.42722468 0.80352572
v 0.90197683 -0.45945882 0.84362136
v 0.91761669 -0.49540404 0.87823263
v 0.93904546 -0.53396817 0.90630790
v 0.96561205 -0.57397944 0.92699411
v 0.99650923 -0.61422214 0.93966271
v 1.03079822 -0.65347351 0.94392879
v 1.06743717 -0.69054092 0.93966271
v 1.10531280 -0.72429810 0.92699411
v 1.14327430 -0.75371935 0.90630790
v 1.18016822 -0.77791072 0.87823263
v 1.21487357 -0.79613716 0.84362136
v 1.24633582 -0.80784489 0.80352572
v 1.27359903 -0.81267816 0.75916401
v 1.29583481 -0.81049011 0.71188413
v 1.39544400 -0.71913106 0.69851137
v 1.40393848 -0.70352202 0.64933001
v 1.40555361 -0.68212237 0.60164300
v 1.40024033 -0.65558233 0.55689928
v 1.38816008 -0.62470831 0.51645838
v 1.36967989 -0.59043839 0.48154907
v 1.34536130 -0.55381386 0.45323204
v 1.31594320 -0.51594752 0.43236771
v 1.28231946 -0.47798993 0.41959001
v 1.24551170 -0.44109441 0.41528720
v 1.20663832 -0.40638202 0.41959001
v 1.16688046 -0.37490746 0.43236771
v 1.12744615 -0.34762708 0.45323204
v 1.08953357 -0.32536979 0.48154907
v 1.05429469 -0.30881184 0.51645838
v 1.02280022 -0.29845636 0.55689928
v 0.99600709 -0.29461799 0.60164300
v 0.97472941 -0.29741335 0.64933001
v 0.95961370 -0.30675751 0.69851137
v 0.95111922 -0.32236655 0.74769273
v 0.94950408 -0.34376620 0.79537973
v 0.95481736 -0.37030624 0.84012345
v 0.96689762 -0.40118026 0.88056435
v 0.98537780 -0.43545018 0.91547366
v 1.00969639 -0.47207471 0.94379069
v 1.03911449 -0.50994105 0.96465502
v 1.07273824 -0.54789864 0.97743272
v 1.10954600 -0.58479416 0.98173553
v 1.14841938 -0.61950656 0.97743272
v 1.18817724 -0.65098111 0.96465502
v 1.22761155 -0.67826149 0.94379069
v 1.26552412 -0.70051879 0.91547366
v 1.30076301 -0.71707673 0.88056435
v 1.33225748 -0.72743221 0.84012345
v 1.35905060 -0.73127058 0.79537973
v 1.38032828 -0.72847522 0.74769273
v 1.47522090 -0.62918521 0.73226867
v 1.48192380 -0.61395187 0.68269427
v 1.48140399 -0.59336567 0.63462617
v 1.47367726 -0.56805211 0.58952488
v 1.45897838 -0.53878034 0.54876079
v 1.43775398 -0.50643976 0.51357250
v 1.41064894 -0.47201303 0.48502917
v 1.37848684 -0.43654618 0.46399810
v 1.34224491 -0.40111685 0.45111829
v 1.30302433 -0.36680155 0.44678109
v 1.26201682 -0.33464293 0.45111829
v 1.22046835 -0.30561812 0.46399810
v 1.17964136 -0.28060901 0.48502917
v 1.14077636 -0.26037550 0.51357250
v 1.10505424 -0.24553237 0.54876079
v 1.07356040 -0.23653063 0.58952488
v 1.04725175 -0.23364378 0.63462617
v 1.02692769 -0.23695955 0.68269427
v 1.01320574 -0.24637718 0.73226867
v 1.00650284 -0.26161052 0.78184306
v 1.00702265 -0.28219672 0.82991117
v 1.01474938 -0.30751027 0.87501245
v 1.02944826 -0.33678205 0.91577654
v 1.05067266 -0.36912263 0.95096484
v 1.07777770 -0.40354936 0.97950816
v 1.10993980 -0.43901621 1.00053923
v 1.14618174 -0.47444554 1.01341904
v 1.18540231 -0.50876084 1.01775624
v 1.22640983 -0.54091946 1.01341904
v 1.26795829 -0.56994427 1.00053923
v 1.30878528 -0.59495338 0.97950816
v 1.34765028 -0.61518689 0.95096484
v 1.38337241 -0.63003002 0.91577654
v 1.41486625 -0.63903176 0.87501245
v 1.44117489 -0.64191861 0.82991117
v 1.46149895 -0.63860284 0.78184306
v 1.55091971 -0.53143908 0.76431572
v 1.55589586 -0.51674196 0.71437739
v 1.55332641 -0.49716107 0.66595641
v 1.54328943 -0.47329138 0.62052403
v 1.52608989 -0.44585816 0.57946068
v 1.50225038 -0.41569494 0.54401406
v 1.47249527 -0.38371822 0.51526120
v 1.43772864 -0.35089960 0.49407573
v 1.39900685 -0.31823626 0.48110137
v 1.35750646 -0.28672065 0.47673233
v 1.31448844 -0.25731036 0.48110137
v 1.27125985 -0.23089901 0.49407573
v 1.22913418 -0.20828909 0.51526120
v 1.18939140 -0.19016759 0.54401406
v 1.15323907 -0.17708513 0.57946068
v 1.12177566 -0.16943921 0.62052403
v 1.09595717 -0.16746215 0.66595641
v 1.07656809 -0.17121402 0.71437739
v 1.06419753 -0.18058082 0.76431572
v 1.05922138 -0.19527794 0.81425405
v 1.06179083 -0.21485882 0.86267503
v 1.07182781 -0.23872851 0.90810742
v 1.08902735 -0.26616174 0.94917076
v 1.11286686 -0.29632496 0.98461738
v 1.14262197 -0.32830168 1.01337024
v 1.17738860 -0.36112030 1.03455571
v 1.21611039 -0.39378364 1.04753007
v 1.25761078 -0.42529925 1.05189911
v 1.30062880 -0.45470954 1.04753007
v 1.34385739 -0.48112089 1.03455571
v 1.38598306 -0.50373081 1.01337024
v 1.42572584 -0.52185231 0.98461738
v 1.46187817 -0.53493477 0.94917076
v 1.49334158 -0.54258069 0.90810742
v 1.51916007 -0.54455775 0.86267503
v 1.53854915 -0.54080588 0.81425405
v 1.62172137 -0.42590643 0.79457768
v 1.62505785 -0.41189839 0.74430595
v 1.62055000 -0.39350596 0.69556169
v 1.60833479 -0.37128798 0.64982599
v 1.58878338 -0.34591953 0.60848850
v 1.56248983 -0.31817142 0.57280523
v 1.53025304 -0.28888676 0.54386040
v 1.49305253 -0.25895535 0.52253349
v 1.45201860 -0.22928665 0.50947251
v 1.40839805 -0.20078212 0.50507430
v 1.36351628 -0.17430785 0.50947251
v 1.31873699 -0.15066826 0.52253349
v 1.27542078 -0.13058162 0.54386040
v 1.23488378 -0.11465825 0.57280523
v 1.19835770 -0.10338198 0.60848850
v 1.16695236 -0.09709543 0.64982599
v 1.14162200 -0.09598962 0.69556169
v 1.12313627 -0.10009814 0.74430595
v 1.11205684 -0.10929616 0.79457768
v 1.10872036 -0.12330420 0.84484941
v 1.11322821 -0.14169663 0.89359367
v 1.12544342 -0.16391461 0.93932937
v 1.14499483 -0.18928306 0.98066686
v 1.17128838 -0.21703117 1.01635013
v 1.20352517 -0.24631583 1.04529496
v 1.24072569 -0.27624724 1.06662187
v 1.28175961 -0.30591594 1.07968285
v 1.32538016 -0.33442047 1.08408106
v 1.37026193 -0.36089474 1.07968285
v 1.41504122 -0.38453433 1.06662187
v 1.45835743 -0.40462097 1.04529496
v 1.49889443 -0.42054434 1.01635013
v 1.53542051 -0.43182061 0.98066686
v 1.56682585 -0.43810716 0.93932937
v 1.59215621 -0.43921297 0.89359367
v 1.61064194 -0.43510445 0.84484941
v 1.68677650 -0.31269225 0.82298387
v 1.68858086 -0.29951541 0.77240996
v 1.68226994 -0.28248232 0.72337273
v 1.66803550 -0.26211054 0.67736212
v 1.64631005 -0.23901905 0.63577616
v 1.61775370 -0.21390947 0.59987841
v 1.58323412 -0.18754475 0.57075960
v 1.54380018 -0.16072596 0.54930451
v 1.50065005 -0.13426797 0.53616502
v 1.45509484 -0.10897471 0.53174038
v 1.40851870 -0.08561470 0.53616502
v 1.36233683 -0.06489771 0.54930451
v 1.31795246 -0.04745322 0.57075960
v 1.27671416 -0.03381127 0.59987841
v 1.23987495 -0.02438637 0.63577616
v 1.20855417 -0.01946489 0.67736212
v 1.18370349 -0.01919637 0.72337273
v 1.16607797 -0.02358896 0.77240996
v 1.15621317 -0.03250919 0.82298387
v 1.15440881 -0.04568604 0.87355777
v 1.16071973 -0.06271912 0.92259501
v 1.17495417 -0.08309090 0.96860561
v 1.19667962 -0.10618239 1.01019157
v 1.22523597 -0.13129197 1.04608932
v 1.25975554 -0.15765670 1.07520813
v 1.29918948 -0.18447549 1.09666323
v 1.34233961 -0.21093347 1.10980271
v 1.38789483 -0.23622673 1.11422736
v 1.43447097 -0.25958675 1.10980271
v 1.48065283 -0.28030374 1.09666323
v 1.52503721 -0.29774823 1.07520813
v 1.56627551 -0.31139017 1.04608932
v 1.60311471 -0.32081507 1.01019157
v 1.63443549 -0.32573655 0.96860561
v 1.65928618 -0.32600508 0.92259501
v 1.67691170 -0.32161249 0.87355777
v 1.74521636 -0.19199834 0.84946794
v 1.74561442 -0.17978129 0.79862318
v 1.73765752 -0.16426306 0.74932331
v 1.72158745 -0.14591517 0.70306628
v 1.69789247 -0.12529512 0.66125760
v 1.66729256 -0.10302943 0.62516759
v 1.63071747 -0.07979463 0.59589284
v 1.58927851 -0.05629670 0.57432283
v 1.54423480 -0.03324962 0.56111297
v 1.49695496 -0.01135366 0.55666463
v 1.44887556 0.00872589 0.56111297
v 1.40145747 0.02637891 0.57432283
v 1.35614148 0.04106904 0.59589284
v 1.31430447 0.05234991 0.62516759
v 1.27721765 0.05987876 0.66125760
v 1.24600788 0.06342684 0.70306628
v 1.22162346 0.06288633 0.74932331
v 1.20480529 0.05827366 0.79862318
v 1.19606438 0.04972899 0.84946794
v 1.19566633 0.03751193 0.90031269
v 1.20362322 0.02199371 0.94961256
v 1.21969330 0.00364582 0.99586959
v 1.24338827 -0.01697423 1.03767827
v 1.27398819 -0.03923992 1.07376828
v 1.31056328 -0.06247472 1.10304303
v 1.35200223 -0.08597265 1.12461304
v 1.39704595 -0.10901973 1.13782290
v 1.44432579 -0.13091569 1.14227124
v 1.49240519 -0.15099524 1.13782290
v 1.53982327 -0.16864826 1.12461304
v 1.58513927 -0.18333839 1.10304303
v 1.62697628 -0.19461926 1.07376828
v 1.66406310 -0.20214811 1.03767827
v 1.69527286 -0.20569619 0.99586959
v 1.71965729 -0.20515568 0.94961256
v 1.73647546 -0.20054302 0.90031269
v 1.79616452 -0.06412760 0.87396803
v 1.79529784 -0.05298306 0.82288327
v 1.78587114 -0.03911707 0.77335070
v 1.76817085 -0.02295092 0.72687533
v 1.74273477 -0.00497583 0.68486930
v 1.71033578 0.01426204 0.64860894
v 1.67195829 0.03417817 0.61919600
v 1.62876840 0.05416740 0.59752418
v 1.58207839 0.07362239 0.58425197
v 1.53330693 0.09195199 0.57978263
v 1.48393591 0.10859927 0.58425197
v 1.43546545 0.12305841 0.59752418
v 1.38936829 0.13489008 0.61919600
v 1.34704507 0.14373478 0.64860894
v 1.30978177 0.14932376 0.68486930
v 1.27871060 0.15148722 0.72687533
v 1.25477566 0.15015941 0.77335070
v 1.23870419 0.14538068 0.82288327
v 1.23098451 0.13729622 0.87396803
v 1.23185119 0.12615168 0.92505279
v 1.24127789 0.11228569 0.97458537
v 1.25897818 0.09611955 1.02106073
v 1.28441426 0.07814445 1.06306677
v 1.31681325 0.05890658 1.09932713
v 1.35519074 0.03899045 1.12874007
v 1.39838063 0.01900122 1.15041189
v 1.44507064 -0.00045376 1.16368410
v 1.49384210 -0.01878336 1.16815344
v 1.54321312 -0.03543064 1.16368410
v 1.59168358 -0.04988979 1.15041189
v 1.63778074 -0.06172146 1.12874007
v 1.68010396 -0.07056616 1.09932713
v 1.71736726 -0.07615514 1.06306677
v 1.74843843 -0.07831860 1.02106073
v 1.77237337 -0.07699079 0.97458537
v 1.78844485 -0.07221205 0.92505279
v 1.83874901 0.07051312 0.89642694
v 1.83677214 0.08049018 0.84513216
v 1.82606790 0.09258697 0.79539594
v 1.80696151 0.10643594 0.74872950
v 1.78003352 0.12161629 0.70655077
v 1.74610213 0.13766677 0.67014133
v 1.70619832 0.15409969 0.64060747
v 1.66153454 0.17041576 0.61884655
v 1.61346789 0.18611921 0.60551977
v 1.56345885 0.20073291 0.60103206
v 1.51302690 0.21381282 0.60551977
v 1.46370441 0.22496152 0.61884655
v 1.41699002 0.23384026 0.64060747
v 1.37430311 0.24017927 0.67014133
v 1.33694070 0.24378593 0.70655077
v 1.30603804 0.24455066 0.74872950
v 1.28253408 0.24245022 0.79539594
v 1.26714299 0.23754844 0.84513216
v 1.26033240 0.22999426 0.89642694
v 1.26230927 0.22001719 0.94772172
v 1.27301351 0.20792040 0.99745794
v 1.29211990 0.19407144 1.04412438
v 1.31904788 0.17889109 1.08630310
v 1.35297928 0.16284061 1.12271254
v 1.39288309 0.14640768 1.15224640
v 1.43754686 0.13009162 1.17400732
v 1.48561352 0.11438816 1.18733410
v 1.53562256 0.09977446 1.19182181
v 1.58605450 0.08669455 1.18733410
v 1.63537699 0.07554585 1.17400732
v 1.68209139 0.06666711 1.15224640
v 1.72477830 0.06032811 1.12271254
v 1.76214071 0.05672145 1.08630310
v 1.79304337 0.05595672 1.04412438
v 1.81654733 0.05805715 0.99745794
v 1.83193842 0.06295893 0.94772172
v 1.87211487 0.21141158 0.91679220
v 1.86919242 0.22014543 0.86531615
v 1.85741579 0.23037824 0.81540417
v 1.83714282 0.24179908 0.76857282
v 1.80898948 0.25406094 0.72624504
v 1.77381121 0.26679125 0.68970694
v 1.73267687 0.27960320 0.66006871
v 1.68683631 0.29210751 0.63823089
v 1.63768238 0.30392423 0.62485702
v 1.58670860 0.31469434 0.62035345
v 1.53546376 0.32409058 0.62485702
v 1.48550493 0.33182744 0.63823089
v 1.43835007 0.33766986 0.66006871
v 1.39543197 0.34144031 0.68970694
v 1.35805467 0.34302424 0.72624504
v 1.32735385 0.34237350 0.76857282
v 1.30426236 0.33950788 0.81540417
v 1.28948180 0.33451444 0.86531615
v 1.28346128 0.32754491 0.91679220
v 1.28638373 0.31881105 0.96826824
v 1.29816036 0.30857824 1.01818022
v 1.31843333 0.29715740 1.06501157
v 1.34658667 0.28489554 1.10733935
v 1.38176494 0.27216524 1.14387745
v 1.42289928 0.25935329 1.17351568
v 1.46873984 0.24684898 1.19535350
v 1.51789377 0.23503225 1.20872737
v 1.56886756 0.22426215 1.21323094
v 1.62011239 0.21486591 1.20872737
v 1.67007122 0.20712904 1.19535350
v 1.71722608 0.20128662 1.17351568
v 1.76014418 0.19751617 1.14387745
v 1.79752148 0.19593225 1.10733935
v 1.82822230 0.19658299 1.06501157
v 1.85131380 0.19944861 1.01818022
v 1.86609435 0.20444205 0.96826824
v 1.89543697 0.35795028 0.93501624
v 1.89174057 0.36538538 0.88338621
v 1.87910633 0.37368290 0.83332493
v 1.85791816 0.38259072 0.78635349
v 1.82881982 0.39183818 0.74389909
v 1.79269548 0.40114430 0.70725169
v 1.75064273 0.41022632 0.67752480
v 1.70393934 0.41880829 0.65562165
v 1.65400437 0.42662944 0.64220777
v 1.60235505 0.43345215 0.63769073
v 1.55056074 0.43906909 0.64220777
v 1.50019518 0.44330961 0.65562165
v 1.45278869 0.44604486 0.67752480
v 1.40978170 0.44719173 0.70725169
v 1.37248095 0.44671537 0.74389909
v 1.34201982 0.44463025 0.78635349
v 1.31932384 0.44099974 0.83332493
v 1.30508262 0.43593414 0.88338621
v 1.29972888 0.42958737 0.93501624
v 1.30342528 0.42215227 0.98664628
v 1.31605951 0.41385475 1.03670756
v 1.33724769 0.40494693 1.08367900
v 1.36634602 0.39569947 1.12613340
v 1.40247037 0.38639335 1.16278080
v 1.44452311 0.37731133 1.19250769
v 1.49122650 0.36872936 1.21441083
v 1.54116148 0.36090821 1.22782471
v 1.59281079 0.35408550 1.23234176
v 1.64460510 0.34846856 1.22782471
v 1.69497067 0.34422804 1.21441083
v 1.74237716 0.34149279 1.19250769
v 1.78538415 0.34034592 1.16278080
v 1.82268489 0.34082228 1.12613340
v 1.85314602 0.34290739 1.08367900
v 1.87584200 0.34653791 1.03670756
v 1.89008322 0.35160351 0.98664628
v 1.90793275 0.50940809 0.95105652
v 1.90363809 0.51550959 0.89929812
v 1.89036731 0.52182478 0.84911237
v 1.86852364 0.52816177 0.80202414
v 1.83877079 0.53432803 0.75946419
v 1.80201279 0.54013619 0.72272567
v 1.75936650 0.54540978 0.69292487
v 1.71212771 0.54998855 0.67096727
v 1.66173175 0.55373339 0.65752004
v 1.60970988 0.55653051 0.65299177
v 1.55764275 0.55829492 0.65752004
v 1.50711239 0.55897301 0.67096727
v 1.45965415 0.55854418 0.69292487
v 1.41671003 0.55702145 0.72272567
v 1.37958484 0.55445110 0.75946419
v 1.34940664 0.55091122 0.80202414
v 1.32709236 0.54650937 0.84911237
v 1.31332001 0.54137930 0.89929812
v 1.30850807 0.53567688 0.95105652
v 1.31280273 0.52957539 1.00281492
v 1.32607350 0.52326020 1.05300067
v 1.34791717 0.51692320 1.10008889
v 1.37767002 0.51075694 1.14264885
v 1.41442803 0.50494878 1.17938736
v 1.45707432 0.49967519 1.20918816
v 1.50431311 0.49509642 1.23114576
v 1.55470906 0.49135158 1.24459299
v 1.60673094 0.48855446 1.24912127
v 1.65879807 0.48679005 1.24459299
v 1.70932842 0.48611196 1.23114576
v 1.75678666 0.48654080 1.20918816
v 1.79973079 0.48806352 1.17938736
v 1.83685597 0.49063387 1.14264885
v 1.86703417 0.49417375 1.10008889
v 1.88934845 0.49857560 1.05300067
v 1.90312080 0.50370567 1.00281492
v 1.90887499 0.66496339 0.96487555
v 1.90415886 0.66971722 0.91301262
v 1.89047559 0.67402764 0.86272552
v 1.86824093 0.67776369 0.81554219
v 1.83813047 0.68081185 0.77289628
v 1.80105910 0.68307950 0.73608357
v 1.75815322 0.68449773 0.70622258
v 1.71071650 0.68502347 0.68422064
v 1.66019028 0.68464072 0.67074625
v 1.60810978 0.68336113 0.66620883
v 1.55605743 0.68122357 0.67074625
v 1.50561482 0.67829299 0.68422064
v 1.45831462 0.67465843 0.70622258
v 1.41559402 0.67043033 0.73608357
v 1.37875108 0.66573716 0.77289628
v 1.34890523 0.66072152 0.81554219
v 1.32696334 0.65553580 0.86272552
v 1.31359210 0.65033757 0.91301262
v 1.30919778 0.64528478 0.96487555
v 1.31391391 0.64053095 1.01673849
v 1.32759718 0.63622053 1.06702559
v 1.34983184 0.63248448 1.11420891
v 1.37994230 0.62943632 1.15685482
v 1.41701367 0.62716867 1.19366754
v 1.45991955 0.62575044 1.22352852
v 1.50735627 0.62522471 1.24553047
v 1.55788249 0.62560745 1.25900486
v 1.60996299 0.62688704 1.26354228
v 1.66201534 0.62902461 1.25900486
v 1.71245795 0.63195519 1.24553047
v 1.75975815 0.63558974 1.22352852
v 1.80247875 0.63981784 1.19366754
v 1.83932169 0.64451101 1.15685482
v 1.86916754 0.64952665 1.11420891
v 1.89110943 0.65471237 1.06702559
v 1.90448067 0.65991060 1.01673849
v 1.89760417 0.82369881 0.97644108
v 1.89264167 0.82711136 0.92449560
v 1.87876975 0.82941906 0.87412846
v 1.85640990 0.83055181 0.82687004
v 1.82624152 0.83047518 0.78415626
v 1.78918125 0.82919150 0.74728495
v 1.74635516 0.82673977 0.71737644
v 1.69906449 0.82319450 0.69533947
v 1.64874614 0.81866339 0.68184364
v 1.59692902 0.81328414 0.67729900
v 1.54518755 0.80722017 0.68184364
v 1.49509389 0.80065575 0.69533947
v 1.44817009 0.79379032 0.71737644
v 1.40584192 0.78683250 0.74728495
v 1.36939549 0.77999369 0.78415626
v 1.33993822 0.77348169 0.82687004
v 1.31836514 0.76749435 0.87412846
v 1.30533174 0.76221361 0.92449560
v 1.30123404 0.75779991 0.97644108
v 1.30619654 0.75438736 1.02838656
v 1.32006846 0.75207966 1.07875370
v 1.34242831 0.75094691 1.12601212
v 1.37259670 0.75102354 1.16872590
v 1.40965696 0.75230722 1.20559721
v 1.45248306 0.75475894 1.23550572
v 1.49977373 0.75830422 1.25754268
v 1.55009208 0.76283532 1.27103852
v 1.60190920 0.76821458 1.27558316
v 1.65365066 0.77427855 1.27103852
v 1.70374433 0.78084297 1.25754268
v 1.75066812 0.78770840 1.23550572
v 1.79299630 0.79466622 1.20559721
v 1.82944272 0.80150503 1.16872590
v 1.85890000 0.80801703 1.12601212
v 1.88047308 0.81400437 1.07875370
v 1.89350647 0.81928511 1.02838656
v 1.87354045 0.98460739 0.98572608
v 1.86850232 0.98670481 0.93371817
v 1.85466236 0.98703581 0.88329050
v 1.83244108 0.98559034 0.83597528
v 1.80251368 0.98241233 0.79321016
v 1.76578948 0.97759832 0.75629454
v 1.72338433 0.97129460 0.72635008
v 1.67658669 0.96369269 0.70428663
v 1.62681847 0.95502358 0.69077458
v 1.57559186 0.94555068 0.68622447
v 1.52446336 0.93556181 0.69077458
v 1.47498648 0.92536048 0.70428663
v 1.42866455 0.91525665 0.72635008
v 1.38690504 0.90555733 0.75629454
v 1.35097678 0.89655722 0.79321016
v 1.32197145 0.88852978 0.83597528
v 1.30077035 0.88171893 0.88329050
v 1.28801767 0.87633161 0.93371817
v 1.28410089 0.87253150 0.98572608
v 1.28913902 0.87043409 1.03773399
v 1.30297899 0.87010308 1.08816166
v 1.32520026 0.87154855 1.13547688
v 1.35512766 0.87472657 1.17824200
v 1.39185186 0.87954057 1.21515762
v 1.43425701 0.88584430 1.24510208
v 1.48105466 0.89344620 1.26716553
v 1.53082287 0.90211531 1.28067759
v 1.58204948 0.91158821 1.28522769
v 1.63317798 0.92157708 1.28067759
v 1.68265486 0.93177841 1.26716553
v 1.72897679 0.94188224 1.24510208
v 1.77073630 0.95158156 1.21515762
v 1.80666456 0.96058168 1.17824200
v 1.83566989 0.96860911 1.13547688
v 1.85687099 0.97541996 1.08816166
v 1.86962367 0.98080729 1.03773399
v 1.83619491 1.14660023 0.99270887
v 1.83124512 1.14742743 0.94065679
v 1.81765162 1.14583085 0.89018628
v 1.79582747 1.14185898 0.84283086
v 1.76643577 1.13563253 0.80002942
v 1.73036958 1.12734067 0.76308244
v 1.68872474 1.11723534 0.73311255
v 1.64276663 1.10562360 0.71103036
v 1.59389164 1.09285826 0.69750682
v 1.54358482 1.07932718 0.69295286
v 1.49337472 1.06544151 0.69750682
v 1.44478695 1.05162315 0.71103036
v 1.39929782 1.03829197 0.73311255
v 1.35828950 1.02585302 0.76308244
v 1.32300800 1.01468427 0.80002942
v 1.29452534 1.00512505 0.84283086
v 1.27370694 0.99746584 0.89018628
v 1.26118536 0.99193934 0.94065679
v 1.25734107 0.98871348 0.99270887
v 1.26229086 0.98788628 1.04476096
v 1.27588435 0.98948286 1.09523147
v 1.29770851 0.99345473 1.14258688
v 1.32710020 0.99968118 1.18538833
v 1.36316640 1.00797304 1.22233531
v 1.40481123 1.01807837 1.25230520
v 1.45076935 1.02969011 1.27438739
v 1.49964434 1.04245545 1.28791093
v 1.54995116 1.05598653 1.29246489
v 1.60016126 1.06987220 1.28791093
v 1.64874903 1.08369056 1.27438739
v 1.69423816 1.09702174 1.25230520
v 1.73524648 1.10946069 1.22233531
v 1.77052798 1.12062944 1.18538833
v 1.79901064 1.13018866 1.14258688
v 1.81982904 1.13784787 1.09523147
v 1.83235062 1.14337437 1.04476096
v 1.78518008 1.30851548 0.99737315
v 1.78047362 1.30813487 0.94529332
v 1.76733240 1.30468171 0.89479591
v 1.74615572 1.29826093 0.84741525
v 1.71758702 1.28906763 0.80459100
v 1.68249435 1.27738113 0.76762433
v 1.64194398 1.26355652 0.73763846
v 1.59716802 1.24801386 0.71554449
v 1.54952695 1.23122540 0.70201375
v 1.50046833 1.21370126 0.69745736
v 1.45148278 1.19597389 0.70201375
v 1.40405870 1.17858193 0.71554449
v 1.35963705 1.16205383 0.73763846
v 1.31956756 1.14689179 0.76762433
v 1.28506771 1.13355649 0.80459100
v 1.25718577 1.12245312 0.84741525
v 1.23676891 1.11391906 0.89479591
v 1.22443750 1.10821360 0.94529332
v 1.22056622 1.10551011 0.99737315
v 1.22527269 1.10589072 1.04945298
v 1.23841391 1.10934388 1.09995039
v 1.25959059 1.11576466 1.14733104
v 1.28815928 1.12495796 1.19015530
v 1.32325195 1.13664446 1.22712197
v 1.36380232 1.15046907 1.25710784
v 1.40857829 1.16601173 1.27920180
v 1.45621935 1.18280019 1.29273255
v 1.50527797 1.20032433 1.29728894
v 1.55426352 1.21805170 1.29273255
v 1.60168760 1.23544366 1.27920180
v 1.64610925 1.25197176 1.25710784
v 1.68617875 1.26713381 1.22712197
v 1.72067860 1.28046910 1.19015530
v 1.74856054 1.29157247 1.14733104
v 1.76897739 1.30010653 1.09995039
v 1.78130880 1.30581199 1.04945298
v 1.72021945 1.46912868 0.99970801
v 1.71590039 1.46761861 0.94761512
v 1.70340615 1.46240034 0.89710504
v 1.68311638 1.45363241 0.84971250
v 1.65564756 1.44158124 0.80687749
v 1.62183431 1.42661299 0.76990155
v 1.58270404 1.40918247 0.73990816
v 1.53944571 1.38981929 0.71780865
v 1.49337368 1.36911180 0.70427452
v 1.44588785 1.34768917 0.69971698
v 1.39843103 1.32620234 0.70427452
v 1.35244519 1.30530416 0.71780865
v 1.30932758 1.28562961 0.73990816
v 1.27038830 1.26777650 0.76990155
v 1.23681051 1.25228728 0.80687749
v 1.20961445 1.23963259 0.84971250
v 1.18962646 1.23019693 0.89710504
v 1.17745386 1.22426699 0.94761512
v 1.17346651 1.22202297 0.99970801
v 1.17778557 1.22353304 1.05180091
v 1.19027981 1.22875131 1.10231099
v 1.21056958 1.23751924 1.14970353
v 1.23803840 1.24957041 1.19253853
v 1.27185165 1.26453866 1.22951448
v 1.31098191 1.28196918 1.25950787
v 1.35424025 1.30133236 1.28160738
v 1.40031228 1.32203985 1.29514151
v 1.44779811 1.34346247 1.29969905
v 1.49525493 1.36494931 1.29514151
v 1.54124077 1.38584749 1.28160738
v 1.58435838 1.40552204 1.25950787
v 1.62329766 1.42337515 1.22951448
v 1.65687545 1.43886437 1.19253853
v 1.68407151 1.45151906 1.14970353
v 1.70405950 1.46095472 1.10231099
v 1.71623210 1.46688465 1.05180091
v 1.64115582 1.62716413 0.99970801
v 1.63735567 1.62461725 0.94761505
v 1.62568995 1.61774407 0.89710491
v 1.60651311 1.60675340 0.84971231
v 1.58040783 1.59197921 0.80687725
v 1.54816731 1.57387040 0.76990126
v 1.51077116 1.55297719 0.73990783
v 1.46935563 1.52993441 0.71780829
v 1.42517913 1.50544221 0.70427414
v 1.37958393 1.48024477 0.69971660
v 1.33395542 1.45510770 0.70427414
v 1.28968000 1.43079478 0.71780829
v 1.24810295 1.40804475 0.73990783
v 1.21048757 1.38754884 0.76990126
v 1.17797679 1.36992983 0.80687725
v 1.15155843 1.35572305 0.84971231
v 1.13203520 1.34536018 0.89710491
v 1.12000030 1.33915607 0.94761505
v 1.11581940 1.33729925 0.99970801
v 1.11961955 1.33984612 1.05180098
v 1.13128527 1.34671931 1.10231112
v 1.15046211 1.35770997 1.14970372
v 1.17656739 1.37248416 1.19253878
v 1.20880791 1.39059298 1.22951477
v 1.24620406 1.41148619 1.25950820
v 1.28761959 1.43452896 1.28160773
v 1.33179609 1.45902116 1.29514189
v 1.37739129 1.48421860 1.29969943
v 1.42301980 1.50935567 1.29514189
v 1.46729522 1.53366859 1.28160773
v 1.50887227 1.55641863 1.25950820
v 1.54648765 1.57691453 1.22951477
v 1.57899843 1.59453354 1.19253878
v 1.60541679 1.60874032 1.14970372
v 1.62494002 1.61910320 1.10231112
v 1.63697493 1.62530730 1.05180098
v 1.54795851 1.78130746 0.99737315
v 1.54479482 1.77782886 0.94529153
v 1.53412412 1.76942784 0.89479239
v 1.51627065 1.75635965 0.84741011
v 1.49177687 1.73902136 0.80458438
v 1.46138701 1.71793979 0.76761644
v 1.42602446 1.69375550 0.73762954
v 1.38676368 1.66720330 0.71553483
v 1.34479760 1.63908998 0.70200362
v 1.30140133 1.61026973 0.69744707
v 1.25789345 1.58161827 0.70200362
v 1.21559593 1.55400613 0.71553483
v 1.17579394 1.52827230 0.73762954
v 1.13969686 1.50519870 0.76761644
v 1.10840147 1.48548640 0.80458438
v 1.08285868 1.46973435 0.84741011
v 1.06384458 1.45842117 0.89479239
v 1.05193691 1.45189060 0.94529153
v 1.04749748 1.45034107 0.99737315
v 1.05066117 1.45381967 1.04945477
v 1.06133187 1.46222069 1.09995391
v 1.07918534 1.47528888 1.14733619
v 1.10367912 1.49262717 1.19016192
v 1.13406898 1.51370873 1.22712986
v 1.16943153 1.53789303 1.25711675
v 1.20869231 1.56444523 1.27921147
v 1.25065839 1.59255855 1.29274268
v 1.29405466 1.62137879 1.29729923
v 1.33756254 1.65003026 1.29274268
v 1.37986006 1.67764240 1.27921147
v 1.41966205 1.70337622 1.25711675
v 1.45575913 1.72644983 1.22712986
v 1.48705452 1.74616213 1.19016192
v 1.51259731 1.76191418 1.14733619
v 1.53161141 1.77322736 1.09995391
v 1.54351908 1.77975793 1.04945477
v 1.44072908 1.93021900 0.99270887
v 1.43830429 1.92592427 0.94064852
v 1.42877858 1.91613735 0.89017000
v 1.41244139 1.90115559 0.84280707
v 1.38978910 1.88143421 0.79999882
v 1.36151000 1.85757243 0.76304598
v 1.32846334 1.83029529 0.73307133
v 1.29165321 1.80043158 0.71098563
v 1.25219809 1.76888870 0.69745995
v 1.21129678 1.73662506 0.69290526
v 1.17019206 1.70462098 0.69745995
v 1.13013287 1.67384888 0.71098563
v 1.09233639 1.64524377 0.73307133
v 1.05795105 1.61967478 0.76304598
v 1.02802163 1.59791883 0.79999882
v 1.00345752 1.58063695 0.84280707
v 0.98500509 1.56835425 0.89017000
v 0.97322500 1.56144393 0.94064852
v 0.96847519 1.56011595 0.99270887
v 0.97089997 1.56441068 1.04476923
v 0.98042568 1.57419760 1.09524775
v 0.99676288 1.58917936 1.14261068
v 1.01941516 1.60890074 1.18541892
v 1.04769426 1.63276252 1.22237177
v 1.08074093 1.66003966 1.25234642
v 1.11755105 1.68990337 1.27443212
v 1.15700618 1.72144625 1.28795780
v 1.19790749 1.75370989 1.29251249
v 1.23901221 1.78571397 1.28795780
v 1.27907139 1.81648606 1.27443212
v 1.31686787 1.84509118 1.25234642
v 1.35125321 1.87066017 1.22237177
v 1.38118263 1.89241612 1.18541892
v 1.40574674 1.90969800 1.14261068
v 1.42419918 1.92198070 1.09524775
v 1.43597927 1.92889102 1.04476923
v 1.31970557 2.07254791 0.98572608
v 1.31810624 2.06756117 0.93369552
v 1.30985768 2.05654300 0.88324589
v 1.29521051 2.03982820 0.83591006
v 1.27460980 2.01792463 0.79312632
v 1.24868147 1.99149783 0.75619462
v 1.21821335 1.96135075 0.72623712
v 1.18413119 1.92839940 0.70416406
v 1.14747057 1.89364500 0.69064612
v 1.10934540 1.85814353 0.68609404
v 1.07091409 1.82297369 0.69064612
v 1.03334436 1.78920410 0.70416406
v 0.99777775 1.75786083 0.72623712
v 0.96529493 1.72989623 0.75619462
v 0.93688287 1.70615999 0.79312632
v 0.91340486 1.68737332 0.83591006
v 0.89557426 1.67410706 0.88324589
v 0.88393286 1.66676427 0.93369552
v 0.87883437 1.66556808 0.98572608
v 0.88043370 1.67055483 1.03775664
v 0.88868226 1.68157299 1.08820627
v 0.90332942 1.69828779 1.13554210
v 0.92393014 1.72019136 1.17832584
v 0.94985847 1.74661817 1.21525754
v 0.98032659 1.77676524 1.24521504
v 1.01440874 1.80971659 1.26728810
v 1.05106936 1.84447100 1.28080604
v 1.08919454 1.87997246 1.28535812
v 1.12762584 1.91514230 1.28080604
v 1.16519557 1.94891189 1.26728810
v 1.20076219 1.98025516 1.24521504
v 1.23324501 2.00821976 1.21525754
v 1.26165707 2.03195600 1.17832584
v 1.28513508 2.05074267 1.13554210
v 1.30296567 2.06400894 1.08820627
v 1.31460708 2.07135172 1.03775664
v 1.18526525 2.20694693 0.97644108
v 1.18456143 2.20139874 0.92444755
v 1.17770340 2.18931455 0.87403382
v 1.16489953 2.17106151 0.82673169
v 1.14653886 2.14719425 0.78397839
v 1.12317927 2.11843795 0.74707298
v 1.09553054 2.08566636 0.71713681
v 1.06443274 2.04987523 0.69507946
v 1.03083078 2.01215205 0.68157114
v 0.99574564 1.97364303 0.67702230
v 0.96024335 1.93551823 0.68157114
v 0.92540263 1.89893607 0.69507946
v 0.89228211 1.86500807 0.71713681
v 0.86188814 1.83476513 0.74707298
v 0.83514421 1.80912614 0.78397839
v 0.81286293 1.78887015 0.82673169
v 0.79572131 1.77461262 0.87403382
v 0.78424018 1.76678676 0.92444755
v 0.77876840 1.76563036 0.97644108
v 0.77947222 1.77117854 1.02843460
v 0.78633025 1.78326273 1.07884833
v 0.79913412 1.80151577 1.12615047
v 0.81749479 1.82538303 1.16890376
v 0.84085437 1.85413933 1.20580917
v 0.86850311 1.88691092 1.23574535
v 0.89960090 1.92270205 1.25780270
v 0.93320286 1.96042523 1.27131102
v 0.96828801 1.99893426 1.27585986
v 1.00379030 2.03705905 1.27131102
v 1.03863101 2.07364121 1.25780270
v 1.07175153 2.10756921 1.23574535
v 1.10214551 2.13781216 1.20580917
v 1.12888944 2.16345114 1.16890376
v 1.15117071 2.18370713 1.12615047
v 1.16831234 2.19796466 1.07884833
v 1.17979346 2.20579052 1.02843460
v 1.03792562 2.33208739 0.96487555
v 1.03817058 2.32611282 0.91292511
v 1.03279698 2.31313613 0.86255315
v 1.02196810 2.29355159 0.81529020
v 1.00601297 2.26795429 0.77257233
v 0.98541637 2.23712198 0.73569750
v 0.96080412 2.20199149 0.70578613
v 0.93292406 2.16363024 0.68374705
v 0.90262330 2.12320381 0.67024993
v 0.87082252 2.08194055 0.66570485
v 0.83848796 2.04109421 0.67024993
v 0.80660211 2.00190589 0.68374705
v 0.77613379 1.96556631 0.70578613
v 0.74800876 1.93317963 0.73569750
v 0.72308160 1.90572990 0.77257233
v 0.70210970 1.88405116 0.81529020
v 0.68573028 1.86880213 0.86255315
v 0.67444102 1.86044612 0.91292511
v 0.66858495 1.85923703 0.96487555
v 0.66833998 1.86521160 1.01682600
v 0.67371358 1.87818830 1.06719796
v 0.68454246 1.89777283 1.11446090
v 0.70049759 1.92337013 1.15717877
v 0.72109419 1.95420244 1.19405361
v 0.74570644 1.98933293 1.22396498
v 0.77358650 2.02769418 1.24600405
v 0.80388726 2.06812061 1.25950118
v 0.83568804 2.10938388 1.26404625
v 0.86802260 2.15023022 1.25950118
v 0.89990845 2.18941853 1.24600405
v 0.93037678 2.22575811 1.22396498
v 0.95850180 2.25814480 1.19405361
v 0.98342896 2.28559453 1.15717877
v 1.00440086 2.30727326 1.11446090
v 1.02078028 2.32252230 1.06719796
v 1.03206954 2.33087831 1.01682600
v 0.87834378 2.44667462 0.95105652
v 0.87957392 2.44041118 0.89915410
v 0.87575876 2.42672160 0.84882872
v 0.86701422 2.40602183 0.80160947
v 0.85360600 2.37894083 0.75893110
v 0.83594151 2.34630143 0.72209036
v 0.81455747 2.30909537 0.69220665
v 0.79010363 2.26845314 0.67018795
v 0.76332299 2.22560963 0.65670330
v 0.73502929 2.18186662 0.65216243
v 0.70608220 2.13855321 0.65670330
v 0.67736127 2.09698547 0.67018795
v 0.64973918 2.05842641 0.69220665
v 0.62405520 2.02404762 0.72209036
v 0.60108973 1.99489369 0.75893110
v 0.58154056 1.97185045 0.80160947
v 0.56600169 1.95561804 0.84882872
v 0.55494525 1.94668970 0.89915410
v 0.54870720 1.94533669 0.95105652
v 0.54747706 1.95160014 1.00295893
v 0.55129223 1.96528972 1.05328431
v 0.56003677 1.98598949 1.10050356
v 0.57344498 2.01307049 1.14318193
v 0.59110947 2.04570989 1.18002267
v 0.61249351 2.08291594 1.20990639
v 0.63694736 2.12355818 1.23192508
v 0.66372799 2.16640169 1.24540973
v 0.69202170 2.21014470 1.24995060
v 0.72096878 2.25345811 1.24540973
v 0.74968971 2.29502585 1.23192508
v 0.77731180 2.33358491 1.20990639
v 0.80299578 2.36796370 1.18002267
v 0.82596126 2.39711763 1.14318193
v 0.84551042 2.42016087 1.10050356
v 0.86104929 2.43639327 1.05328431
v 0.87210573 2.44532162 1.00295893
v 0.70731408 2.54946317 0.93501624
v 0.70954908 2.54304890 0.88316582
v 0.70734626 2.52882994 0.83289084
v 0.70077255 2.50723831 0.78571890
v 0.69002771 2.47893007 0.74308327
v 0.67543819 2.44476535 0.70627944
v 0.65744730 2.40578223 0.67642565
v 0.63660169 2.36316518 0.65442901
v 0.61353472 2.31820911 0.64095788
v 0.58894729 2.27227999 0.63642155
v 0.56358647 2.22677334 0.64095788
v 0.53822284 2.18307187 0.65442901
v 0.51362705 2.14250341 0.67642565
v 0.49054644 2.10630063 0.70627944
v 0.46968230 2.07556352 0.74308327
v 0.45166857 2.05122602 0.78571890
v 0.43705260 2.03402762 0.83289084
v 0.42627848 2.02449086 0.88316582
v 0.41967358 2.02290553 0.93501624
v 0.41743859 2.02931979 0.98686667
v 0.41964141 2.04353876 1.03714164
v 0.42621511 2.06513038 1.08431359
v 0.43695996 2.09343862 1.12694921
v 0.45154947 2.12760334 1.16375305
v 0.46954036 2.16658647 1.19360683
v 0.49038598 2.20920351 1.21560347
v 0.51345294 2.25415958 1.22907461
v 0.53804037 2.30008871 1.23361093
v 0.56340119 2.34559536 1.22907461
v 0.58876482 2.38929683 1.21560347
v 0.61336061 2.42986529 1.19360683
v 0.63644122 2.46606807 1.16375305
v 0.65730537 2.49680517 1.12694921
v 0.67531909 2.52114267 1.08431359
v 0.68993506 2.53834108 1.03714164
v 0.70070918 2.54787784 0.98686667
v 0.52576398 2.63927192 0.91679220
v 0.52900719 2.63284357 0.86499681
v 0.52845058 2.61828046 0.81477519
v 0.52411109 2.59602508 0.76765332
v 0.51612057 2.56675365 0.72506295
v 0.50472179 2.53135557 0.68829817
v 0.49026111 2.49090640 0.65847608
v 0.47317791 2.44663515 0.63650278
v 0.45399126 2.39988700 0.62304594
v 0.43328412 2.35208235 0.61851443
v 0.41168568 2.30467373 0.62304594
v 0.38985219 2.25910163 0.63650278
v 0.36844705 2.21675072 0.65847608
v 0.34812065 2.17890783 0.68829817
v 0.32949059 2.14672279 0.72506295
v 0.31312295 2.12117352 0.76765332
v 0.29951503 2.10303633 0.81477519
v 0.28908032 2.09286230 0.86499681
v 0.28213586 2.09096057 0.91679220
v 0.27889266 2.09738893 0.96858758
v 0.27944926 2.11195204 1.01880920
v 0.28378875 2.13420742 1.06593108
v 0.29177928 2.16347885 1.10852144
v 0.30317805 2.19887692 1.14528622
v 0.31763873 2.23932610 1.17510831
v 0.33472193 2.28359734 1.19708161
v 0.35390859 2.33034550 1.21053845
v 0.37461573 2.37815015 1.21506996
v 0.39621417 2.42555877 1.21053845
v 0.41804766 2.47113087 1.19708161
v 0.43945280 2.51348177 1.17510831
v 0.45977919 2.55132467 1.14528622
v 0.47840925 2.58350971 1.10852144
v 0.49477690 2.60905898 1.06593108
v 0.50838481 2.62719617 1.01880920
v 0.51881953 2.63737019 0.96858758
v 0.33474830 2.71499888 0.89642694
v 0.33898728 2.70869008 0.84468880
v 0.34009102 2.69396769 0.79452270
v 0.33802599 2.67127904 0.74745291
v 0.33285494 2.64131351 0.70490962
v 0.32473498 2.60498158 0.66818549
v 0.31391284 2.56338719 0.63839636
v 0.30071735 2.51779416 0.61644736
v 0.28554943 2.46958781 0.60300539
v 0.26886996 2.42023286 0.59847889
v 0.25118574 2.37122895 0.60300539
v 0.23303409 2.32406503 0.61644736
v 0.21496654 2.28017414 0.63839636
v 0.19753207 2.24088991 0.66818549
v 0.18126041 2.20740595 0.70490962
v 0.16664596 2.18073966 0.74745291
v 0.15413279 2.16170128 0.79452270
v 0.14410110 2.15086928 0.84468880
v 0.13685569 2.14857279 0.89642694
v 0.13261672 2.15488159 0.94816507
v 0.13151297 2.16960398 0.99833117
v 0.13357800 2.19229263 1.04540096
v 0.13874905 2.22225816 1.08794425
v 0.14686901 2.25859009 1.12466838
v 0.15769115 2.30018448 1.15445751
v 0.17088665 2.34577751 1.17640652
v 0.18605456 2.39398386 1.18984848
v 0.20273403 2.44333881 1.19437498
v 0.22041825 2.49234272 1.18984848
v 0.23856990 2.53950665 1.17640652
v 0.25663745 2.58339753 1.15445751
v 0.27407193 2.62268176 1.12466838
v 0.29034359 2.65616572 1.08794425
v 0.30495803 2.68283201 1.04540096
v 0.31747120 2.70187039 0.99833117
v 0.32750289 2.71270239 0.94816507
v 0.13544172 2.77563523 0.87396803
v 0.14064900 2.76957492 0.82228862
v 0.14340795 2.75487576 0.77217947
v 0.14363474 2.73198439 0.72516311
v 0.14132247 2.70159636 0.68266811
v 0.13654141 2.66463497 0.64598566
v 0.12943683 2.62222330 0.61623034
v 0.12022459 2.57564998 0.59430625
v 0.10918460 2.52633014 0.58087954
v 0.09665231 2.47576233 0.57635818
v 0.08300851 2.42548303 0.58087954
v 0.06866775 2.37701994 0.59430625
v 0.05406577 2.33184560 0.61623034
v 0.03964625 2.29133261 0.64598566
v 0.02584732 2.25671192 0.68266811
v 0.01308824 2.22903548 0.72516311
v 0.00175670 2.20914421 0.77217947
v -0.00780299 2.19764251 0.82228862
v -0.01530039 2.19487985 0.87396803
v -0.02050766 2.20094016 0.92564744
v -0.02326661 2.21563932 0.97575660
v -0.02349340 2.23853069 1.02277296
v -0.02118113 2.26891873 1.06526796
v -0.01640007 2.30588011 1.10195041
v -0.00929549 2.34829179 1.13170573
v -0.00008325 2.39486510 1.15362982
v 0.01095674 2.44418494 1.16705652
v 0.02348903 2.49475275 1.17157789
v 0.03713283 2.54503205 1.16705652
v 0.05147359 2.59349514 1.15362982
v 0.06607557 2.63866948 1.13170573
v 0.08049509 2.67918248 1.10195041
v 0.09429402 2.71380316 1.06526796
v 0.10705310 2.74147960 1.02277296
v 0.11838464 2.76137087 0.97575660
v 0.12794433 2.77287257 0.92564744
v -0.07087022 2.82027875 0.84946794
v -0.06473625 2.81458960 0.79784805
v -0.06034582 2.80009194 0.74779661
v -0.05783234 2.77722629 0.70083441
v -0.05727216 2.74668741 0.65838835
v -0.05868232 2.70940321 0.62174816
v -0.06201997 2.66650654 0.59202711
v -0.06718369 2.61930080 0.57012827
v -0.07401658 2.56922032 0.55671703
v -0.08231104 2.51778677 0.55220088
v -0.09181504 2.46656292 0.55671703
v -0.10223981 2.41710518 0.57012827
v -0.11326859 2.37091632 0.59202711
v -0.12456628 2.32939974 0.62174816
v -0.13578960 2.29381692 0.65838835
v -0.14659755 2.26524901 0.70083441
v -0.15666172 2.24456404 0.74779661
v -0.16567633 2.23239051 0.79784805
v -0.17336746 2.22909831 0.84946794
v -0.17950143 2.23478747 0.90108782
v -0.18389186 2.24928513 0.95113926
v -0.18640535 2.27215078 0.99810146
v -0.18696552 2.30268966 1.04054752
v -0.18555536 2.33997386 1.07718771
v -0.18221772 2.38287053 1.10690876
v -0.17705400 2.43007626 1.12880760
v -0.17022110 2.48015674 1.14221884
v -0.16192664 2.53159030 1.14673499
v -0.15242264 2.58281415 1.14221884
v -0.14199788 2.63227188 1.12880760
v -0.13096910 2.67846075 1.10690876
v -0.11967141 2.71997733 1.07718771
v -0.10844808 2.75556015 1.04054752
v -0.09764014 2.78412806 0.99810146
v -0.08757596 2.80481303 0.95113926
v -0.07856136 2.81698655 0.90108782
v -0.28280176 2.84814619 0.82298387
v -0.27579582 2.84294324 0.77142370
v -0.26981537 2.82881933 0.72143017
v -0.26504211 2.80620359 0.67452229
v -0.26162108 2.77578321 0.63212534
v -0.25965622 2.73848248 0.59552753
v -0.25920724 2.69543477 0.56584087
v -0.26028778 2.64794807 0.54396737
v -0.26286500 2.59746523 0.53057164
v -0.26686060 2.54552016 0.52606071
v -0.27215318 2.49369116 0.53057164
v -0.27858192 2.44355305 0.54396737
v -0.28595148 2.39662924 0.56584087
v -0.29403796 2.35434549 0.59552753
v -0.30259563 2.31798657 0.63212534
v -0.31136449 2.28865723 0.67452229
v -0.32007810 2.26724862 0.72143017
v -0.32847169 2.25441124 0.77142370
v -0.33629024 2.25053513 0.82298387
v -0.34329618 2.25573808 0.87454403
v -0.34927663 2.26986200 0.92453757
v -0.35404989 2.29247774 0.97144544
v -0.35747092 2.32289812 1.01384239
v -0.35943578 2.36019885 1.05044020
v -0.35988476 2.40324655 1.08012686
v -0.35880422 2.45073325 1.10200036
v -0.35622700 2.50121609 1.11539609
v -0.35223140 2.55316117 1.11990702
v -0.34693882 2.60499016 1.11539609
v -0.34051008 2.65512828 1.10200036
v -0.33314052 2.70205208 1.08012686
v -0.32505404 2.74433583 1.05044020
v -0.31649637 2.78069475 1.01384239
v -0.30772751 2.81002410 0.97144544
v -0.29901390 2.83143271 0.92453757
v -0.29062030 2.84427009 0.87454403
v -0.49887880 2.85858455 0.79457768
v -0.49106759 2.85397400 0.74307688
v -0.48355529 2.84038840 0.69314091
v -0.47657018 2.81824054 0.64628704
v -0.47032448 2.78820337 0.60393891
v -0.46500798 2.75118956 0.56738324
v -0.46078220 2.70832375 0.53773076
v -0.45777555 2.66090839 0.51588245
v -0.45607939 2.61038419 0.50250214
v -0.45574525 2.55828629 0.49799641
v -0.45678328 2.50619766 0.50250214
v -0.45916195 2.45570099 0.51588245
v -0.46280897 2.40833059 0.53773076
v -0.46761354 2.36552579 0.56738324
v -0.47342967 2.32858719 0.60393891
v -0.48008065 2.29863715 0.64628704
v -0.48736438 2.27658569 0.69314091
v -0.49505955 2.26310283 0.74307688
v -0.50293235 2.25859825 0.79457768
v -0.51074356 2.26320880 0.84607848
v -0.51825586 2.27679440 0.89601445
v -0.52524097 2.29894226 0.94286832
v -0.53148667 2.32897943 0.98521645
v -0.53680317 2.36599324 1.02177212
v -0.54102895 2.40885905 1.05142460
v -0.54403559 2.45627440 1.07327291
v -0.54573176 2.50679861 1.08665322
v -0.54606590 2.55889650 1.09115895
v -0.54502787 2.61098513 1.08665322
v -0.54264920 2.66148181 1.07327291
v -0.53900218 2.70885221 1.05142460
v -0.53419761 2.75165701 1.02177212
v -0.52838147 2.78859561 0.98521645
v -0.52173050 2.81854564 0.94286832
v -0.51444677 2.84059710 0.89601445
v -0.50675160 2.85407996 0.84607848
v -0.71755222 2.85108106 0.76431572
v -0.70901312 2.84715917 0.71287345
v -0.70004275 2.83426730 0.66299423
v -0.69091368 2.81279716 0.61619361
v -0.68190329 2.78340113 0.57389361
v -0.67328535 2.74697237 0.53737949
v -0.66532172 2.70461776 0.50776071
v -0.65825437 2.65762423 0.48593722
v -0.65229803 2.60741964 0.47257212
v -0.64763368 2.55552944 0.46807151
v -0.64440306 2.50353028 0.47257212
v -0.64270431 2.45300215 0.48593722
v -0.64258906 2.40548029 0.50776071
v -0.64406081 2.36240865 0.53737949
v -0.64707484 2.32509593 0.57389361
v -0.65153956 2.29467587 0.61619361
v -0.65731933 2.27207275 0.66299423
v -0.66423852 2.25797337 0.71287345
v -0.67208690 2.25280612 0.76431572
v -0.68062601 2.25672802 0.81575799
v -0.68959637 2.26961989 0.86563721
v -0.69872544 2.29109002 0.91243783
v -0.70773584 2.32048606 0.95473783
v -0.71635377 2.35691482 0.99125195
v -0.72431741 2.39926943 1.02087074
v -0.73138476 2.44626296 1.04269422
v -0.73734110 2.49646755 1.05605932
v -0.74200545 2.54835775 1.06055993
v -0.74523607 2.60035690 1.05605932
v -0.74693482 2.65088504 1.04269422
v -0.74705007 2.69840690 1.02087074
v -0.74557832 2.74147854 0.99125195
v -0.74256429 2.77879125 0.95473783
v -0.73809957 2.80921132 0.91243783
v -0.73231980 2.83181444 0.86563721
v -0.72540061 2.84591382 0.81575799
v -0.93721219 2.82527175 0.73226867
v -0.92803198 2.82212391 0.68088366
v -0.91769163 2.81007068 0.63105995
v -0.90650533 2.78947829 0.58431143
v -0.89481298 2.76097243 0.54205851
v -0.88296983 2.72541923 0.50558503
v -0.87133575 2.68389897 0.47599921
v -0.86026421 2.63767322 0.45420002
v -0.85009163 2.58814651 0.44084980
v -0.84112710 2.53682370 0.43635419
v -0.83364299 2.48526420 0.44084980
v -0.82786671 2.43503462 0.45420002
v -0.82397377 2.38766116 0.47599921
v -0.82208245 2.34458324 0.50558503
v -0.82225022 2.30710976 0.54205851
v -0.82447199 2.27637934 0.58431143
v -0.82868023 2.25332570 0.63105995
v -0.83474710 2.23864931 0.68088366
v -0.84248824 2.23279612 0.73226867
v -0.85166846 2.23594396 0.78365368
v -0.86200881 2.24799719 0.83347738
v -0.87319510 2.26858957 0.88022590
v -0.88488746 2.29709543 0.92247883
v -0.89673060 2.33264863 0.95895231
v -0.90836469 2.37416889 0.98853812
v -0.91943622 2.42039465 1.01033732
v -0.92960880 2.46992135 1.02368754
v -0.93857334 2.52124417 1.02818314
v -0.94605744 2.57280367 1.02368754
v -0.95183372 2.62303325 1.01033732
v -0.95572666 2.67040670 0.98853812
v -0.95761798 2.71348462 0.95895231
v -0.95745021 2.75095810 0.92247883
v -0.95522845 2.78168852 0.88022590
v -0.95102020 2.80474216 0.83347738
v -0.94495334 2.81941855 0.78365368
v -1.15620353 2.78094839 0.69851137
v -1.14647696 2.77864839 0.64718196
v -1.13486767 2.76756702 0.59741216
v -1.12172842 2.74804097 0.55071422
v -1.10745843 2.72066353 0.50850702
v -1.09249128 2.68626656 0.47207300
v -1.07728175 2.64589519 0.44251920
v -1.06229197 2.60077609 0.42074359
v -1.04797740 2.55228017 0.40740782
v -1.03477297 2.50188095 0.40291708
v -1.02307990 2.45110980 0.40740782
v -1.01325348 2.40150937 0.42074359
v -1.00559227 2.35458674 0.44251920
v -1.00032906 2.31176763 0.47207300
v -0.99762377 2.27435308 0.50850702
v -0.99755860 2.24347992 0.55071422
v -1.00013552 2.22008620 0.59741216
v -1.00527624 2.20488273 0.64718196
v -1.01282457 2.19833147 0.69851137
v -1.02255114 2.20063147 0.74984077
v -1.03416042 2.21171285 0.79961057
v -1.04729967 2.23123890 0.84630851
v -1.06156967 2.25861633 0.88851571
v -1.07653681 2.29301330 0.92494973
v -1.09174634 2.33338467 0.95450353
v -1.10673612 2.37850378 0.97627914
v -1.12105070 2.42699970 0.98961491
v -1.13425513 2.47739892 0.99410565
v -1.14594819 2.52817007 0.98961491
v -1.15577462 2.57777050 0.97627914
v -1.16343583 2.62469313 0.95450353
v -1.16869903 2.66751224 0.92494973
v -1.17140433 2.70492678 0.88851571
v -1.17146950 2.73579995 0.84630851
v -1.16889258 2.75919367 0.79961057
v -1.16375185 2.77439713 0.74984077
v -1.37284181 2.71806388 0.66312266
v -1.36267019 2.71667330 0.61184685
v -1.34990453 2.70668427 0.56212903
v -1.33493271 2.68840031 0.51547985
v -1.31820966 2.66237696 0.47331672
v -1.30024348 2.62940494 0.43692075
v -1.28158007 2.59048608 0.40739781
v -1.26278652 2.54680291 0.38564494
v -1.24443384 2.49968272 0.37232309
v -1.22707969 2.45055724 0.36783703
v -1.21125135 2.40091911 0.37232309
v -1.19742977 2.35227658 0.38564494
v -1.18603489 2.30610760 0.40739781
v -1.17741296 2.26381502 0.43692075
v -1.17182595 2.22668386 0.47331672
v -1.16944361 2.19584234 0.51547985
v -1.17033833 2.17222755 0.56212903
v -1.17448292 2.15655704 0.61184685
v -1.18175145 2.14930693 0.66312266
v -1.19192308 2.15069751 0.71439847
v -1.20468874 2.16068654 0.76411629
v -1.21966055 2.17897050 0.81076547
v -1.23638361 2.20499384 0.85292860
v -1.25434979 2.23796587 0.88932457
v -1.27301319 2.27688473 0.91884751
v -1.29180675 2.32056790 0.94060038
v -1.31015942 2.36768808 0.95392223
v -1.32751358 2.41681357 0.95840828
v -1.34334192 2.46645169 0.95392223
v -1.35716350 2.51509423 0.94060038
v -1.36855837 2.56126320 0.91884751
v -1.37718030 2.60355579 0.88932457
v -1.38276732 2.64068695 0.85292860
v -1.38514966 2.67152847 0.81076547
v -1.38425494 2.69514325 0.76411629
v -1.38011035 2.71081377 0.71439847
v -1.58543010 2.63673575 0.62618520
v -1.57491980 2.63630352 0.57496068
v -1.56112032 2.62751374 0.52529259
v -1.54445096 2.61063351 0.47869008
v -1.52541820 2.58617570 0.43656913
v -1.50460035 2.55488347 0.40020957
v -1.48262995 2.51770761 0.37071616
v -1.46017455 2.47577769 0.34898505
v -1.43791646 2.43036772 0.33567653
v -1.41653196 2.38285748 0.33119496
v -1.39667083 2.33469052 0.33567653
v -1.37893653 2.28733039 0.34898505
v -1.36386790 2.24221609 0.37071616
v -1.35192281 2.20071841 0.40020957
v -1.34346419 2.16409821 0.43656913
v -1.33874906 2.13346820 0.47869008
v -1.33792068 2.10975905 0.52529259
v -1.34100423 2.09369115 0.57496068
v -1.34790601 2.08575272 0.62618520
v -1.35841631 2.08618495 0.67740971
v -1.37221579 2.09497472 0.72707780
v -1.38888515 2.11185496 0.77368032
v -1.40791791 2.13631276 0.81580127
v -1.42873576 2.16760500 0.85216083
v -1.45070616 2.20478086 0.88165424
v -1.47316156 2.24671078 0.90338535
v -1.49541965 2.29212074 0.91669387
v -1.51680415 2.33963099 0.92117543
v -1.53666528 2.38779794 0.91669387
v -1.55439958 2.43515808 0.90338535
v -1.56946821 2.48027237 0.88165424
v -1.58141330 2.52177006 0.85216083
v -1.58987192 2.55839025 0.81580127
v -1.59458705 2.58902026 0.77368032
v -1.59541543 2.61272941 0.72707780
v -1.59233188 2.62879732 0.67740971
v -1.79227606 2.53724793 0.58778525
v -1.78153705 2.53781007 0.53660945
v -1.76683475 2.53031218 0.48698861
v -1.74861587 2.51498210 0.44043042
v -1.72743397 2.49228561 0.39834953
v -1.70393268 2.46291234 0.36202454
v -1.67882605 2.42775477 0.33255919
v -1.65287694 2.38788116 0.31084875
v -1.62687380 2.34450304 0.29755288
v -1.60160672 2.29893844 0.29307558
v -1.57784344 2.25257181 0.29755288
v -1.55630598 2.20681197 0.31084875
v -1.53764875 2.16304933 0.33255919
v -1.52243864 2.12261358 0.36202454
v -1.51113781 2.08673334 0.39834953
v -1.50408962 2.05649882 0.44043042
v -1.50150823 2.03282868 0.48698861
v -1.50347207 2.01644212 0.53660945
v -1.50992147 2.00783704 0.58778525
v -1.52066047 2.00727490 0.63896105
v -1.53536278 2.01477279 0.68858190
v -1.55358166 2.03010287 0.73514009
v -1.57476355 2.05279936 0.77722098
v -1.59826485 2.08217263 0.81354596
v -1.62337148 2.11733020 0.84301132
v -1.64932059 2.15720381 0.86472176
v -1.67532373 2.20058193 0.87801762
v -1.70059080 2.24614653 0.88249493
v -1.72435409 2.29251316 0.87801762
v -1.74589155 2.33827300 0.86472176
v -1.76454877 2.38203564 0.84301132
v -1.77975888 2.42247139 0.81354596
v -1.79105972 2.45835163 0.77722098
v -1.79810791 2.48858615 0.73514009
v -1.80068930 2.51225629 0.68858190
v -1.79872546 2.52864285 0.63896105
v -1.99170924 2.42005061 0.54801251
v -1.98085364 2.42163013 0.49688262
v -1.96538635 2.41550196 0.44730629
v -1.94577732 2.40185232 0.40078986
v -1.92262237 2.38109595 0.35874672
v -1.89662506 2.35386350 0.32245432
v -1.86857529 2.32098243 0.29301540
v -1.83932534 2.28345182 0.27132444
v -1.80976397 2.24241200 0.25804050
v -1.78078937 2.19910996 0.25356721
v -1.75328192 2.15486140 0.25804050
v -1.72807743 2.11101080 0.27132444
v -1.70594172 2.06889054 0.29301540
v -1.68754738 2.02978041 0.32245432
v -1.67345330 1.99486875 0.35874672
v -1.66408773 1.96521635 0.40078986
v -1.65973523 1.94172418 0.44730629
v -1.66052806 1.92510602 0.49688262
v -1.66644212 1.91586682 0.54801251
v -1.67729772 1.91428731 0.59914240
v -1.69276501 1.92041547 0.64871873
v -1.71237404 1.93406511 0.69523516
v -1.73552899 1.95482149 0.73727829
v -1.76152630 1.98205394 0.77357069
v -1.78957607 2.01493500 0.80300961
v -1.81882602 2.05246562 0.82470058
v -1.84838740 2.09350544 0.83798452
v -1.87736199 2.13680748 0.84245780
v -1.90486944 2.18105603 0.83798452
v -1.93007393 2.22490663 0.82470058
v -1.95220964 2.26702690 0.80300961
v -1.97060398 2.30613703 0.77357069
v -1.98469806 2.34104868 0.73727829
v -1.99406364 2.37070108 0.69523516
v -1.99841613 2.39419326 0.64871873
v -1.99762331 2.41081141 0.59914240
v -2.18209844 2.28575826 0.50695985
v -2.17123902 2.28836517 0.45587286
v -2.15514979 2.28366940 0.40633811
v -2.13431963 2.27181361 0.35986070
v -2.10938145 2.25315804 0.31785283
v -2.08109298 2.22826953 0.28159088
v -2.05031375 2.19790431 0.25217665
v -2.01797897 2.16298501 0.23050388
v -1.98507113 2.12457263 0.21723109
v -1.95259010 2.08383431 0.21276156
v -1.92152281 2.04200787 0.21723109
v -1.89281321 2.00036418 0.23050388
v -1.86733365 1.96016857 0.25217665
v -1.84585830 1.92264235 0.28159088
v -1.82903967 1.88892575 0.31785283
v -1.81738880 1.86004322 0.35986070
v -1.81125969 1.83687235 0.40633811
v -1.81083857 1.82011717 0.45587286
v -1.81613824 1.81028678 0.50695985
v -1.82699766 1.80767987 0.55804685
v -1.84308689 1.81237564 0.60758160
v -1.86391705 1.82423143 0.65405900
v -1.88885523 1.84288700 0.69606687
v -1.91714370 1.86777551 0.73232883
v -1.94792293 1.89814073 0.76174305
v -1.98025770 1.93306003 0.78341582
v -2.01316555 1.97147241 0.79668862
v -2.04564658 2.01221073 0.80115815
v -2.07671387 2.05403717 0.79668862
v -2.10542346 2.09568086 0.78341582
v -2.13090303 2.13587647 0.76174305
v -2.15237838 2.17340269 0.73232883
v -2.16919700 2.20711929 0.69606687
v -2.18084787 2.23600182 0.65405900
v -2.18697698 2.25917269 0.60758160
v -2.18739810 2.27592787 0.55804685
v -2.36186870 2.13514571 0.46472317
v -2.35111747 2.13877725 0.41367586
v -2.33455301 2.13556116 0.36417960
v -2.31267861 2.12559517 0.31773831
v -2.28615891 2.10918207 0.27576307
v -2.25579971 2.08682057 0.23952930
v -2.22252344 2.05919012 0.21013792
v -2.18734120 2.02713026 0.18848199
v -2.15132198 1.99161510 0.17521951
v -2.11556020 1.95372375 0.17075345
v -2.08114247 1.91460753 0.17521951
v -2.04911455 1.87545497 0.18848199
v -2.02044960 1.83745569 0.21013792
v -1.99601858 1.80176428 0.23952930
v -1.97656382 1.76946520 0.27576307
v -1.96267644 1.74153986 0.31773831
v -1.95477840 1.71883674 0.36417960
v -1.95310969 1.70204567 0.41367586
v -1.95772100 1.69167683 0.46472317
v -1.96847222 1.68804529 0.51577048
v -1.98503669 1.69126138 0.56526674
v -2.00691109 1.70122737 0.61170803
v -2.03343078 1.71764047 0.65368327
v -2.06378999 1.74000197 0.68991705
v -2.09706625 1.76763242 0.71930842
v -2.13224849 1.79969228 0.74096435
v -2.16826772 1.83520744 0.75422684
v -2.20402950 1.87309879 0.75869290
v -2.23844723 1.91221501 0.75422684
v -2.27047515 1.95136757 0.74096435
v -2.29914010 1.98936685 0.71930842
v -2.32357112 2.02505826 0.68991705
v -2.34302588 2.05735734 0.65368327
v -2.35691326 2.08528268 0.61170803
v -2.36481129 2.10798580 0.56526674
v -2.36648001 2.12477687 0.51577048
v -2.52951798 1.96914242 0.42140111
v -2.51898486 1.97378338 0.37039013
v -2.50209387 1.97207889 0.32092910
v -2.47935823 1.96408075 0.27452086
v -2.45146874 1.95003198 0.23257551
v -2.41927283 1.93035943 0.19636752
v -2.38374873 1.90566086 0.16699706
v -2.34597584 1.87668671 0.14535655
v -2.30710187 1.84431735 0.13210350
v -2.26830798 1.80953630 0.12764062
v -2.23077291 1.77340037 0.13210350
v -2.19563713 1.73700754 0.14535655
v -2.16396824 1.70146357 0.16699706
v -2.13672846 1.66784846 0.19636752
v -2.11474549 1.63718358 0.23257551
v -2.09868724 1.61040067 0.27452086
v -2.08904165 1.58831352 0.32092910
v -2.08610179 1.57159323 0.37039013
v -2.08995699 1.56074784 0.42140111
v -2.10049011 1.55610688 0.47241208
v -2.11738110 1.55781136 0.52187311
v -2.14011674 1.56580950 0.56828135
v -2.16800623 1.57985827 0.61022671
v -2.20020214 1.59953082 0.64643470
v -2.23572624 1.62422939 0.67580515
v -2.27349913 1.65320354 0.69744567
v -2.31237310 1.68557291 0.71069871
v -2.35116699 1.72035395 0.71516159
v -2.38870206 1.75648988 0.71069871
v -2.42383784 1.79288272 0.69744567
v -2.45550673 1.82842668 0.67580515
v -2.48274650 1.86204180 0.64643470
v -2.50472948 1.89270667 0.61022671
v -2.52078773 1.91948958 0.56828135
v -2.53043332 1.94157673 0.52187311
v -2.53337318 1.95829703 0.47241208
v -2.68363316 1.78882498 0.37709484
v -2.67342462 1.79444815 0.32611671
v -2.65635626 1.79427190 0.27668752
v -2.63294671 1.78830159 0.23030916
v -2.60390724 1.77671861 0.18839080
v -2.57012021 1.75987491 0.15220613
v -2.53261222 1.73828228 0.12285458
v -2.49252293 1.71259680 0.10122799
v -2.45107043 1.68359890 0.08798348
v -2.40951424 1.65216969 0.08352347
v -2.36911702 1.61926410 0.08798348
v -2.33110621 1.58588198 0.10122799
v -2.29663677 1.55303761 0.12285458
v -2.26675602 1.52172895 0.15220613
v -2.24237188 1.49290731 0.18839080
v -2.22422524 1.46744841 0.23030916
v -2.21286749 1.44612580 0.27668752
v -2.20864372 1.42958738 0.32611671
v -2.21168226 1.41833564 0.37709484
v -2.22189081 1.41271246 0.42807297
v -2.23895916 1.41288871 0.47750216
v -2.26236872 1.41885903 0.52388053
v -2.29140819 1.43044200 0.56579888
v -2.32519522 1.44728570 0.60198356
v -2.36270321 1.46887833 0.63133510
v -2.40279250 1.49456382 0.65296169
v -2.44424500 1.52356171 0.66620620
v -2.48580119 1.55499093 0.67066621
v -2.52619841 1.58789651 0.66620620
v -2.56420921 1.62127863 0.65296169
v -2.59867865 1.65412300 0.63133510
v -2.62855940 1.68543166 0.60198356
v -2.65294355 1.71425331 0.56579888
v -2.67109018 1.73971221 0.52388053
v -2.68244794 1.76103481 0.47750216
v -2.68667171 1.77757324 0.42807297
v -2.82290515 1.59540783 0.33190785
v -2.81312298 1.60197463 0.28095895
v -2.79602536 1.60332825 0.23155810
v -2.77213179 1.59942755 0.18520633
v -2.74216828 1.59039105 0.14331202
v -2.70704524 1.57649333 0.10714809
v -2.66782987 1.55815666 0.07781337
v -2.62571371 1.53593819 0.05619918
v -2.58197643 1.51051302 0.04296227
v -2.53794698 1.48265367 0.03850481
v -2.49496317 1.45320665 0.04296227
v -2.45433103 1.42306668 0.05619918
v -2.41728515 1.39314955 0.07781337
v -2.38495116 1.36436428 0.10714809
v -2.35831151 1.33758549 0.14331202
v -2.33817562 1.31362685 0.18520633
v -2.32515532 1.29321632 0.23155810
v -2.31964623 1.27697407 0.28095895
v -2.32181572 1.26539361 0.33190785
v -2.33159789 1.25882681 0.38285676
v -2.34869551 1.25747319 0.43225760
v -2.37258907 1.26137390 0.47860937
v -2.40255259 1.27041039 0.52050369
v -2.43767563 1.28430811 0.55666762
v -2.47689100 1.30264478 0.58600234
v -2.51900716 1.32486325 0.60761652
v -2.56274444 1.35028842 0.62085344
v -2.60677389 1.37814777 0.62531089
v -2.64975770 1.40759479 0.62085344
v -2.69038984 1.43773476 0.60761652
v -2.72743572 1.46765189 0.58600234
v -2.75976971 1.49643716 0.55666762
v -2.78640936 1.52321595 0.52050369
v -2.80654525 1.54717460 0.47860937
v -2.81956555 1.56758512 0.43225760
v -2.82507464 1.58382737 0.38285676
v -2.94614303 1.39023243 0.28594568
v -2.93688319 1.39769360 0.23502230
v -2.91990187 1.40056411 0.18564619
v -2.89571504 1.39875674 0.13931764
v -2.86505759 1.39232642 0.09744431
v -2.82886103 1.38146851 0.06129849
v -2.78822519 1.36651294 0.03197847
v -2.74438476 1.34791412 0.01037511
v -2.69867181 1.32623717 -0.00285518
v -2.65247531 1.30214073 -0.00731040
v -2.60719891 1.27635695 -0.00285518
v -2.56421831 1.24966927 0.01037511
v -2.52483946 1.22288858 0.03197847
v -2.49025887 1.19682859 0.06129849
v -2.46152724 1.17228113 0.09744431
v -2.43951757 1.14999205 0.13931764
v -2.42489862 1.13063860 0.18564619
v -2.41811458 1.11480883 0.23502230
v -2.41937157 1.10298371 0.28594568
v -2.42863140 1.09552254 0.33686906
v -2.44561272 1.09265203 0.38624516
v -2.46979955 1.09445939 0.43257372
v -2.50045700 1.10088972 0.47444705
v -2.53665356 1.11174763 0.51059286
v -2.57728940 1.12670320 0.53991289
v -2.62112983 1.14530202 0.56151625
v -2.66684278 1.16697897 0.57474653
v -2.71303928 1.19107541 0.57920175
v -2.75831568 1.21685919 0.57474653
v -2.80129628 1.24354687 0.56151625
v -2.84067513 1.27032756 0.53991289
v -2.87525572 1.29638755 0.51059286
v -2.90398735 1.32093501 0.47444705
v -2.92599702 1.34322409 0.43257372
v -2.94061597 1.36257753 0.38624516
v -2.94740002 1.37840731 0.33686906
v -3.05228695 1.17475486 0.23931566
v -3.04363853 1.18305129 0.18841401
v -3.02691513 1.18741168 0.13905897
v -3.00262489 1.18770356 0.09275019
v -2.97150586 1.18391804 0.05089472
v -2.93450357 1.17617016 0.01476433
v -2.89274232 1.16469533 -0.01454319
v -2.84749100 1.14984220 -0.03613733
v -2.80012455 1.13206208 -0.04936197
v -2.75208217 1.11189521 -0.05381529
v -2.70482362 1.08995435 -0.04936197
v -2.65978481 1.06690616 -0.03613733
v -2.61833422 1.04345095 -0.01454319
v -2.58173133 1.02030140 0.01476433
v -2.55108827 0.99816088 0.05089472
v -2.52733613 0.97770214 0.09275019
v -2.51119661 0.95954679 0.13905897
v -2.50316009 0.94424649 0.18841401
v -2.50347076 0.93226611 0.23931566
v -2.51211918 0.92396969 0.29021732
v -2.52884258 0.91960929 0.33957235
v -2.55313282 0.91931742 0.38588114
v -2.58425185 0.92310293 0.42773661
v -2.62125414 0.93085082 0.46386700
v -2.66301539 0.94232565 0.49317452
v -2.70826671 0.95717878 0.51476866
v -2.75563316 0.97495890 0.52799330
v -2.80367554 0.99512577 0.53244662
v -2.85093410 1.01706663 0.52799330
v -2.89597290 1.04011481 0.51476866
v -2.93742349 1.06357002 0.49317452
v -2.97402638 1.08671958 0.46386700
v -3.00466944 1.10886009 0.42773661
v -3.02842158 1.12931884 0.38588114
v -3.04456110 1.14747418 0.33957235
v -3.05259762 1.16277449 0.29021732
v -3.14041969 0.95053214 0.19212672
v -3.13246389 0.95959578 0.14124293
v -3.11613478 0.96540568 0.09190522
v -3.09192851 0.96778529 0.04561268
v -3.06058058 0.96666232 0.00377191
v -3.02304348 0.96207089 -0.03234580
v -2.98045775 0.95415050 -0.06164303
v -2.93411734 0.94314181 -0.08322959
v -2.88543028 0.92937932 -0.09644959
v -2.83587590 0.91328119 -0.10090135
v -2.78695988 0.89533656 -0.09644959
v -2.74016852 0.87609066 -0.08322959
v -2.69692355 0.85612827 -0.06164303
v -2.65853894 0.83605594 -0.03234580
v -2.62618099 0.81648355 0.00377191
v -2.60083287 0.79800580 0.04561268
v -2.58326479 0.78118414 0.09190522
v -2.57401053 0.76652967 0.14124293
v -2.57335129 0.75448767 0.19212672
v -2.58130709 0.74542402 0.24301051
v -2.59763620 0.73961413 0.29234822
v -2.62184247 0.73723451 0.33864075
v -2.65319040 0.73835748 0.38048153
v -2.69072750 0.74294892 0.41659924
v -2.73331323 0.75086930 0.44589647
v -2.77965364 0.76187799 0.46748303
v -2.82834070 0.77564048 0.48070303
v -2.87789508 0.79173861 0.48515478
v -2.92681109 0.80968325 0.48070303
v -2.97360245 0.82892915 0.46748303
v -3.01684743 0.84889154 0.44589647
v -3.05523204 0.86896387 0.41659924
v -3.08758999 0.88853626 0.38048153
v -3.11293810 0.90701400 0.33864075
v -3.13050619 0.92383567 0.29234822
v -3.13976044 0.93849014 0.24301051
v -3.20977664 0.71920728 0.14448905
v -3.20258597 0.72896219 0.09361921
v -3.18678102 0.73616863 0.04429503
v -3.16284201 0.74060763 -0.00198481
v -3.13149632 0.74214433 -0.04381412
v -3.09369638 0.74073203 -0.07992193
v -3.05059070 0.73641364 -0.10921112
v -3.00348905 0.72932037 -0.13079177
v -2.95382257 0.71966776 -0.14400814
v -2.90310037 0.70774908 -0.14845868
v -2.85286360 0.69392648 -0.14400814
v -2.80463868 0.67861996 -0.13079177
v -2.75989091 0.66229460 -0.10921112
v -2.71997993 0.64544642 -0.07992193
v -2.68611841 0.62858737 -0.04381412
v -2.65933521 0.61222968 -0.00198481
v -2.64044413 0.59687039 0.04429503
v -2.63001916 0.58297617 0.09361921
v -2.62837706 0.57096919 0.14448905
v -2.63556774 0.56121429 0.19535889
v -2.65137269 0.55400785 0.24468307
v -2.67531170 0.54956884 0.29096291
v -2.70665738 0.54803214 0.33279222
v -2.74445733 0.54944444 0.36890003
v -2.78756300 0.55376283 0.39818922
v -2.83466466 0.56085610 0.41976987
v -2.88433113 0.57050872 0.43298624
v -2.93505334 0.58242740 0.43743678
v -2.98529011 0.59624999 0.43298624
v -3.03351503 0.61155651 0.41976987
v -3.07826279 0.62788188 0.39818922
v -3.11817378 0.64473005 0.36890003
v -3.15203530 0.66158911 0.33279222
v -3.17881850 0.67794679 0.29096291
v -3.19770958 0.69330609 0.24468307
v -3.20813455 0.70720031 0.19535889
v -3.25975423 0.48249339 0.09651392
v -3.25339175 0.49285676 0.04565408
v -3.23823320 0.50139511 -0.00366042
v -3.21473916 0.50784901 -0.04993117
v -3.18362350 0.51202235 -0.09175225
v -3.14583165 0.51378834 -0.12785297
v -3.10251189 0.51309332 -0.15713641
v -3.05498048 0.50995840 -0.17871282
v -3.00468162 0.50447884 -0.19192659
v -2.95314363 0.49682113 -0.19637625
v -2.90193246 0.48721794 -0.19192659
v -2.85260414 0.47596107 -0.17871282
v -2.80665748 0.46339255 -0.15713641
v -2.76548855 0.44989426 -0.12785297
v -2.73034825 0.43587635 -0.09175225
v -2.70230429 0.42176474 -0.04993117
v -2.68220878 0.40798821 -0.00366042
v -2.67067231 0.39496535 0.04565408
v -2.66804541 0.38309185 0.09651392
v -2.67440789 0.37272848 0.14737377
v -2.68956645 0.36419013 0.19668826
v -2.71306048 0.35773624 0.24295901
v -2.74417614 0.35356289 0.28478010
v -2.78196799 0.35179690 0.32088081
v -2.82528775 0.35249192 0.35016425
v -2.87281916 0.35562684 0.37174066
v -2.92311802 0.36110640 0.38495444
v -2.97465601 0.36876411 0.38940410
v -3.02586718 0.37836730 0.38495444
v -3.07519550 0.38962417 0.37174066
v -3.12114216 0.40219269 0.35016425
v -3.16231109 0.41569098 0.32088081
v -3.19745140 0.42970889 0.28478010
v -3.22549535 0.44382050 0.24295901
v -3.24559086 0.45759703 0.19668826
v -3.25712733 0.47061989 0.14737377
v -3.28991652 0.24215687 0.04831338
v -3.28443521 0.25304020 -0.00254046
v -3.27003665 0.26283515 -0.05184913
v -3.24715833 0.27124411 -0.09811441
v -3.21649539 0.27801156 -0.13993056
v -3.17897951 0.28293188 -0.17602701
v -3.13575060 0.28585558 -0.20530699
v -3.08812214 0.28669381 -0.22688085
v -3.03754129 0.28542111 -0.24009306
v -2.98554493 0.28207615 -0.24454220
v -2.93371295 0.27676056 -0.24009306
v -2.88362024 0.26963586 -0.22688085
v -2.83678882 0.26091852 -0.20530699
v -2.79464166 0.25087342 -0.17602701
v -2.75845938 0.23980577 -0.13993056
v -2.72934135 0.22805186 -0.09811441
v -2.70817231 0.21596882 -0.05184913
v -2.69559547 0.20392379 -0.00254046
v -2.69199297 0.19228276 0.04831338
v -2.69747427 0.18139942 0.09916722
v -2.71187283 0.17160447 0.14847589
v -2.73475116 0.16319552 0.19474117
v -2.76541409 0.15642807 0.23655732
v -2.80292997 0.15150774 0.27265377
v -2.84615889 0.14858405 0.30193375
v -2.89378735 0.14774581 0.32350760
v -2.94436820 0.14901851 0.33671982
v -2.99636455 0.15236347 0.34116896
v -3.04819653 0.15767906 0.33671982
v -3.09828925 0.16480377 0.32350760
v -3.14512066 0.17352110 0.30193375
v -3.18726782 0.18356621 0.27265377
v -3.22345011 0.19463385 0.23655732
v -3.25256814 0.20638777 0.19474117
v -3.27373718 0.21847081 0.14847589
v -3.28631402 0.23051583 0.09916722
v -3.30000000 0.00000000 0.00000000
v -3.29544233 0.01131031 -0.05085183
v -3.28190779 0.02227697 -0.10015856
v -3.25980762 0.03256675 -0.14642202
v -3.22981333 0.04186700 -0.18823652
v -3.19283628 0.04989515 -0.22433154
v -3.15000000 0.05640726 -0.25361037
v -3.10260604 0.06120546 -0.27518338
v -3.05209445 0.06414397 -0.28839508
v -3.00000000 0.06513349 -0.29284403
v -2.94790555 0.06414397 -0.28839508
v -2.89739396 0.06120546 -0.27518338
v -2.85000000 0.05640726 -0.25361037
v -2.80716372 0.04989515 -0.22433154
v -2.77018667 0.04186700 -0.18823652
v -2.74019238 0.03256675 -0.14642202
v -2.71809221 0.02227697 -0.10015856
v -2.70455767 0.01131031 -0.05085183
v -2.70000000 0.00000000 0.00000000
v -2.70455767 -0.01131031 0.05085183
v -2.71809221 -0.02227697 0.10015856
v -2.74019238 -0.03256675 0.14642202
v -2.77018667 -0.04186700 0.18823652
v -2.80716372 -0.04989515 0.22433154
v -2.85000000 -0.05640726 0.25361037
v -2.89739396 -0.06120546 0.27518338
v -2.94790555 -0.06414397 0.28839508
v -3.00000000 -0.06513349 0.29284403
v -3.05209445 -0.06414397 0.28839508
v -3.10260604 -0.06120546 0.27518338
v -3.15000000 -0.05640726 0.25361037
v -3.19283628 -0.04989515 0.22433154
v -3.22981333 -0.04186700 0.18823652
v -3.25980762 -0.03256675 0.14642202
v -3.28190779 -0.02227697 0.10015856
v -3.29544233 -0.01131031 0.05085183
v -3.28991652 -0.24215687 -0.04831338
v -3.28631402 -0.23051583 -0.09916722
v -3.27373718 -0.21847081 -0.14847589
v -3.25256814 -0.20638777 -0.19474117
v -3.22345011 -0.19463385 -0.23655732
v -3.18726782 -0.18356621 -0.27265377
v -3.14512066 -0.17352110 -0.30193375
v -3.09828925 -0.16480377 -0.32350760
v -3.04819653 -0.15767906 -0.33671982
v -2.99636455 -0.15236347 -0.34116896
v -2.94436820 -0.14901851 -0.33671982
v -2.89378735 -0.14774581 -0.32350760
v -2.84615889 -0.14858405 -0.30193375
v -2.80292997 -0.15150774 -0.27265377
v -2.76541409 -0.15642807 -0.23655732
v -2.73475116 -0.16319552 -0.19474117
v -2.71187283 -0.17160447 -0.14847589
v -2.69747427 -0.18139942 -0.09916722
v -2.69199297 -0.19228276 -0.04831338
v -2.69559547 -0.20392379 0.00254046
v -2.70817231 -0.21596882 0.05184913
v -2.72934135 -0.22805186 0.09811441
v -2.75845938 -0.23980577 0.13993056
v -2.79464166 -0.25087342 0.17602701
v -2.83678882 -0.26091852 0.20530699
v -2.88362024 -0.26963586 0.22688085
v -2.93371295 -0.27676056 0.24009306
v -2.98554493 -0.28207615 0.24454220
v -3.03754129 -0.28542111 0.24009306
v -3.08812214 -0.28669381 0.22688085
v -3.13575060 -0.28585558 0.20530699
v -3.17897951 -0.28293188 0.17602701
v -3.21649539 -0.27801156 0.13993056
v -3.24715833 -0.27124411 0.09811441
v -3.27003665 -0.26283515 0.05184913
v -3.28443521 -0.25304020 0.00254046
v -3.25975423 -0.48249339 -0.09651392
v -3.25712733 -0.47061989 -0.14737377
v -3.24559086 -0.45759703 -0.19668826
v -3.22549535 -0.44382050 -0.24295901
v -3.19745140 -0.42970889 -0.28478010
v -3.16231109 -0.41569098 -0.32088081
v -3.12114216 -0.40219269 -0.35016425
v -3.07519550 -0.38962417 -0.37174066
v -3.02586718 -0.37836730 -0.38495444
v -2.97465601 -0.36876411 -0.38940410
v -2.92311802 -0.36110640 -0.38495444
v -2.87281916 -0.35562684 -0.37174066
v -2.82528775 -0.35249192 -0.35016425
v -2.78196799 -0.35179690 -0.32088081
v -2.74417614 -0.35356289 -0.28478010
v -2.71306048 -0.35773624 -0.24295901
v -2.68956645 -0.36419013 -0.19668826
v -2.67440789 -0.37272848 -0.14737377
v -2.66804541 -0.38309185 -0.09651392
v -2.67067231 -0.39496535 -0.04565408
v -2.68220878 -0.40798821 0.00366042
v -2.70230429 -0.42176474 0.04993117
v -2.73034825 -0.43587635 0.09175225
v -2.76548855 -0.44989426 0.12785297
v -2.80665748 -0.46339255 0.15713641
v -2.85260414 -0.47596107 0.17871282
v -2.90193246 -0.48721794 0.19192659
v -2.95314363 -0.49682113 0.19637625
v -3.00468162 -0.50447884 0.19192659
v -3.05498048 -0.50995840 0.17871282
v -3.10251189 -0.51309332 0.15713641
v -3.14583165 -0.51378834 0.12785297
v -3.18362350 -0.51202235 0.09175225
v -3.21473916 -0.50784901 0.04993117
v -3.23823320 -0.50139511 0.00366042
v -3.25339175 -0.49285676 -0.04565408
v -3.20977664 -0.71920728 -0.14448905
v -3.20813455 -0.70720031 -0.19535889
v -3.19770958 -0.69330609 -0.24468307
v -3.17881850 -0.67794679 -0.29096291
v -3.15203530 -0.66158911 -0.33279222
v -3.11817378 -0.64473005 -0.36890003
v -3.07826279 -0.62788188 -0.39818922
v -3.03351503 -0.61155651 -0.41976987
v -2.98529011 -0.59624999 -0.43298624
v -2.93505334 -0.58242740 -0.43743678
v -2.88433113 -0.57050872 -0.43298624
v -2.83466466 -0.56085610 -0.41976987
v -2.78756300 -0.55376283 -0.39818922
v -2.74445733 -0.54944444 -0.36890003
v -2.70665738 -0.54803214 -0.33279222
v -2.67531170 -0.54956884 -0.29096291
v -2.65137269 -0.55400785 -0.24468307
v -2.63556774 -0.56121429 -0.19535889
v -2.62837706 -0.57096919 -0.14448905
v -2.63001916 -0.58297617 -0.09361921
v -2.64044413 -0.59687039 -0.04429503
v -2.65933521 -0.61222968 0.00198481
v -2.68611841 -0.62858737 0.04381412
v -2.71997993 -0.64544642 0.07992193
v -2.75989091 -0.66229460 0.10921112
v -2.80463868 -0.67861996 0.13079177
v -2.85286360 -0.69392648 0.14400814
v -2.90310037 -0.70774908 0.14845868
v -2.95382257 -0.71966776 0.14400814
v -3.00348905 -0.72932037 0.13079177
v -3.05059070 -0.73641364 0.10921112
v -3.09369638 -0.74073203 0.07992193
v -3.13149632 -0.74214433 0.04381412
v -3.16284201 -0.74060763 0.00198481
v -3.18678102 -0.73616863 -0.04429503
v -3.20258597 -0.72896219 -0.09361921
v -3.14041969 -0.95053214 -0.19212672
v -3.13976044 -0.93849014 -0.24301051
v -3.13050619 -0.92383567 -0.29234822
v -3.11293810 -0.90701400 -0.33864075
v -3.08758999 -0.88853626 -0.38048153
v -3.05523204 -0.86896387 -0.41659924
v -3.01684743 -0.84889154 -0.44589647
v -2.97360245 -0.82892915 -0.46748303
v -2.92681109 -0.80968325 -0.48070303
v -2.87789508 -0.79173861 -0.48515478
v -2.82834070 -0.77564048 -0.48070303
v -2.77965364 -0.76187799 -0.46748303
v -2.73331323 -0.75086930 -0.44589647
v -2.69072750 -0.74294892 -0.41659924
v -2.65319040 -0.73835748 -0.38048153
v -2.62184247 -0.73723451 -0.33864075
v -2.59763620 -0.73961413 -0.29234822
v -2.58130709 -0.74542402 -0.24301051
v -2.57335129 -0.75448767 -0.19212672
v -2.57401053 -0.76652967 -0.14124293
v -2.58326479 -0.78118414 -0.09190522
v -2.60083287 -0.79800580 -0.04561268
v -2.62618099 -0.81648355 -0.00377191
v -2.65853894 -0.83605594 0.03234580
v -2.69692355 -0.85612827 0.06164303
v -2.74016852 -0.87609066 0.08322959
v -2.78695988 -0.89533656 0.09644959
v -2.83587590 -0.91328119 0.10090135
v -2.88543028 -0.92937932 0.09644959
v -2.93411734 -0.94314181 0.08322959
v -2.98045775 -0.95415050 0.06164303
v -3.02304348 -0.96207089 0.03234580
v -3.06058058 -0.96666232 -0.00377191
v -3.09192851 -0.96778529 -0.04561268
v -3.11613478 -0.96540568 -0.09190522
v -3.13246389 -0.95959578 -0.14124293
v -3.05228695 -1.17475486 -0.23931566
v -3.05259762 -1.16277449 -0.29021732
v -3.04456110 -1.14747418 -0.33957235
v -3.02842158 -1.12931884 -0.38588114
v -3.00466944 -1.10886009 -0.42773661
v -2.97402638 -1.08671958 -0.46386700
v -2.93742349 -1.06357002 -0.49317452
v -2.89597290 -1.04011481 -0.51476866
v -2.85093410 -1.01706663 -0.52799330
v -2.80367554 -0.99512577 -0.53244662
v -2.75563316 -0.97495890 -0.52799330
v -2.70826671 -0.95717878 -0.51476866
v -2.66301539 -0.94232565 -0.49317452
v -2.62125414 -0.93085082 -0.46386700
v -2.58425185 -0.92310293 -0.42773661
v -2.55313282 -0.91931742 -0.38588114
v -2.52884258 -0.91960929 -0.33957235
v -2.51211918 -0.92396969 -0.29021732
v -2.50347076 -0.93226611 -0.23931566
v -2.50316009 -0.94424649 -0.18841401
v -2.51119661 -0.95954679 -0.13905897
v -2.52733613 -0.97770214 -0.09275019
v -2.55108827 -0.99816088 -0.05089472
v -2.58173133 -1.02030140 -0.01476433
v -2.61833422 -1.04345095 0.01454319
v -2.65978481 -1.06690616 0.03613733
v -2.70482362 -1.08995435 0.04936197
v -2.75208217 -1.11189521 0.05381529
v -2.80012455 -1.13206208 0.04936197
v -2.84749100 -1.14984220 0.03613733
v -2.89274232 -1.16469533 0.01454319
v -2.93450357 -1.17617016 -0.01476433
v -2.97150586 -1.18391804 -0.05089472
v -3.00262489 -1.18770356 -0.09275019
v -3.02691513 -1.18741168 -0.13905897
v -3.04363853 -1.18305129 -0.18841401
v -2.94614303 -1.39023243 -0.28594568
v -2.94740002 -1.37840731 -0.33686906
v -2.94061597 -1.36257753 -0.38624516
v -2.92599702 -1.34322409 -0.43257372
v -2.90398735 -1.32093501 -0.47444705
v -2.87525572 -1.29638755 -0.51059286
v -2.84067513 -1.27032756 -0.53991289
v -2.80129628 -1.24354687 -0.56151625
v -2.75831568 -1.21685919 -0.57474653
v -2.71303928 -1.19107541 -0.57920175
v -2.66684278 -1.16697897 -0.57474653
v -2.62112983 -1.14530202 -0.56151625
v -2.57728940 -1.12670320 -0.53991289
v -2.53665356 -1.11174763 -0.51059286
v -2.50045700 -1.10088972 -0.47444705
v -2.46979955 -1.09445939 -0.43257372
v -2.44561272 -1.09265203 -0.38624516
v -2.42863140 -1.09552254 -0.33686906
v -2.41937157 -1.10298371 -0.28594568
v -2.41811458 -1.11480883 -0.23502230
v -2.42489862 -1.13063860 -0.18564619
v -2.43951757 -1.14999205 -0.13931764
v -2.46152724 -1.17228113 -0.09744431
v -2.49025887 -1.19682859 -0.06129849
v -2.52483946 -1.22288858 -0.03197847
v -2.56421831 -1.24966927 -0.01037511
v -2.60719891 -1.27635695 0.00285518
v -2.65247531 -1.30214073 0.00731040
v -2.69867181 -1.32623717 0.00285518
v -2.74438476 -1.34791412 -0.01037511
v -2.78822519 -1.36651294 -0.03197847
v -2.82886103 -1.38146851 -0.06129849
v -2.86505759 -1.39232642 -0.09744431
v -2.89571504 -1.39875674 -0.13931764
v -2.91990187 -1.40056411 -0.18564619
v -2.93688319 -1.39769360 -0.23502230
v -2.82290515 -1.59540783 -0.33190785
v -2.82507464 -1.58382737 -0.38285676
v -2.81956555 -1.56758512 -0.43225760
v -2.80654525 -1.54717460 -0.47860937
v -2.78640936 -1.52321595 -0.52050369
v -2.75976971 -1.49643716 -0.55666762
v -2.72743572 -1.46765189 -0.58600234
v -2.69038984 -1.43773476 -0.60761652
v -2.64975770 -1.40759479 -0.62085344
v -2.60677389 -1.37814777 -0.62531089
v -2.56274444 -1.35028842 -0.62085344
v -2.51900716 -1.32486325 -0.60761652
v -2.47689100 -1.30264478 -0.58600234
v -2.43767563 -1.28430811 -0.55666762
v -2.40255259 -1.27041039 -0.52050369
v -2.37258907 -1.26137390 -0.47860937
v -2.34869551 -1.25747319 -0.43225760
v -2.33159789 -1.25882681 -0.38285676
v -2.32181572 -1.26539361 -0.33190785
v -2.31964623 -1.27697407 -0.28095895
v -2.32515532 -1.29321632 -0.23155810
v -2.33817562 -1.31362685 -0.18520633
v -2.35831151 -1.33758549 -0.14331202
v -2.38495116 -1.36436428 -0.10714809
v -2.41728515 -1.39314955 -0.07781337
v -2.45433103 -1.42306668 -0.05619918
v -2.49496317 -1.45320665 -0.04296227
v -2.53794698 -1.48265367 -0.03850481
v -2.58197643 -1.51051302 -0.04296227
v -2.62571371 -1.53593819 -0.05619918
v -2.66782987 -1.55815666 -0.07781337
v -2.70704524 -1.57649333 -0.10714809
v -2.74216828 -1.59039105 -0.14331202
v -2.77213179 -1.59942755 -0.18520633
v -2.79602536 -1.60332825 -0.23155810
v -2.81312298 -1.60197463 -0.28095895
v -2.68363316 -1.78882498 -0.37709484
v -2.68667171 -1.77757324 -0.42807297
v -2.68244794 -1.76103481 -0.47750216
v -2.67109018 -1.73971221 -0.52388053
v -2.65294355 -1.71425331 -0.56579888
v -2.62855940 -1.68543166 -0.60198356
v -2.59867865 -1.65412300 -0.63133510
v -2.56420921 -1.62127863 -0.65296169
v -2.52619841 -1.58789651 -0.66620620
v -2.48580119 -1.55499093 -0.67066621
v -2.44424500 -1.52356171 -0.66620620
v -2.40279250 -1.49456382 -0.65296169
v -2.36270321 -1.46887833 -0.63133510
v -2.32519522 -1.44728570 -0.60198356
v -2.29140819 -1.43044200 -0.56579888
v -2.26236872 -1.41885903 -0.52388053
v -2.23895916 -1.41288871 -0.47750216
v -2.22189081 -1.41271246 -0.42807297
v -2.21168226 -1.41833564 -0.37709484
v -2.20864372 -1.42958738 -0.32611671
v -2.21286749 -1.44612580 -0.27668752
v -2.22422524 -1.46744841 -0.23030916
v -2.24237188 -1.49290731 -0.18839080
v -2.26675602 -1.52172895 -0.15220613
v -2.29663677 -1.55303761 -0.12285458
v -2.33110621 -1.58588198 -0.10122799
v -2.36911702 -1.61926410 -0.08798348
v -2.40951424 -1.65216969 -0.08352347
v -2.45107043 -1.68359890 -0.08798348
v -2.49252293 -1.71259680 -0.10122799
v -2.53261222 -1.73828228 -0.12285458
v -2.57012021 -1.75987491 -0.15220613
v -2.60390724 -1.77671861 -0.18839080
v -2.63294671 -1.78830159 -0.23030916
v -2.65635626 -1.79427190 -0.27668752
v -2.67342462 -1.79444815 -0.32611671
v -2.52951798 -1.96914242 -0.42140111
v -2.53337318 -1.95829703 -0.47241208
v -2.53043332 -1.94157673 -0.52187311
v -2.52078773 -1.91948958 -0.56828135
v -2.50472948 -1.89270667 -0.61022671
v -2.48274650 -1.86204180 -0.64643470
v -2.45550673 -1.82842668 -0.67580515
v -2.42383784 -1.79288272 -0.69744567
v -2.38870206 -1.75648988 -0.71069871
v -2.35116699 -1.72035395 -0.71516159
v -2.31237310 -1.68557291 -0.71069871
v -2.27349913 -1.65320354 -0.69744567
v -2.23572624 -1.62422939 -0.67580515
v -2.20020214 -1.59953082 -0.64643470
v -2.16800623 -1.57985827 -0.61022671
v -2.14011674 -1.56580950 -0.56828135
v -2.11738110 -1.55781136 -0.52187311
v -2.10049011 -1.55610688 -0.47241208
v -2.08995699 -1.56074784 -0.42140111
v -2.08610179 -1.57159323 -0.37039013
v -2.08904165 -1.58831352 -0.32092910
v -2.09868724 -1.61040067 -0.27452086
v -2.11474549 -1.63718358 -0.23257551
v -2.13672846 -1.66784846 -0.19636752
v -2.16396824 -1.70146357 -0.16699706
v -2.19563713 -1.73700754 -0.14535655
v -2.23077291 -1.77340037 -0.13210350
v -2.26830798 -1.80953630 -0.12764062
v -2.30710187 -1.84431735 -0.13210350
v -2.34597584 -1.87668671 -0.14535655
v -2.38374873 -1.90566086 -0.16699706
v -2.41927283 -1.93035943 -0.19636752
v -2.45146874 -1.95003198 -0.23257551
v -2.47935823 -1.96408075 -0.27452086
v -2.50209387 -1.97207889 -0.32092910
v -2.51898486 -1.97378338 -0.37039013
v -2.36186870 -2.13514571 -0.46472317
v -2.36648001 -2.12477687 -0.51577048
v -2.36481129 -2.10798580 -0.56526674
v -2.35691326 -2.08528268 -0.61170803
v -2.34302588 -2.05735734 -0.65368327
v -2.32357112 -2.02505826 -0.68991705
v -2.29914010 -1.98936685 -0.71930842
v -2.27047515 -1.95136757 -0.74096435
v -2.23844723 -1.91221501 -0.75422684
v -2.20402950 -1.87309879 -0.75869290
v -2.16826772 -1.83520744 -0.75422684
v -2.13224849 -1.79969228 -0.74096435
v -2.09706625 -1.76763242 -0.71930842
v -2.06378999 -1.74000197 -0.68991705
v -2.03343078 -1.71764047 -0.65368327
v -2.00691109 -1.70122737 -0.61170803
v -1.98503669 -1.69126138 -0.56526674
v -1.96847222 -1.68804529 -0.51577048
v -1.95772100 -1.69167683 -0.46472317
v -1.95310969 -1.70204567 -0.41367586
v -1.95477840 -1.71883674 -0.36417960
v -1.96267644 -1.74153986 -0.31773831
v -1.97656382 -1.76946520 -0.27576307
v -1.99601858 -1.80176428 -0.23952930
v -2.02044960 -1.83745569 -0.21013792
v -2.04911455 -1.87545497 -0.18848199
v -2.08114247 -1.91460753 -0.17521951
v -2.11556020 -1.95372375 -0.17075345
v -2.15132198 -1.99161510 -0.17521951
v -2.18734120 -2.02713026 -0.18848199
v -2.22252344 -2.05919012 -0.21013792
v -2.25579971 -2.08682057 -0.23952930
v -2.28615891 -2.10918207 -0.27576307
v -2.31267861 -2.12559517 -0.31773831
v -2.33455301 -2.13556116 -0.36417960
v -2.35111747 -2.13877725 -0.41367586
v -2.18209844 -2.28575826 -0.50695985
v -2.18739810 -2.27592787 -0.55804685
v -2.18697698 -2.25917269 -0.60758160
v -2.18084787 -2.23600182 -0.65405900
v -2.16919700 -2.20711929 -0.69606687
v -2.15237838 -2.17340269 -0.73232883
v -2.13090303 -2.13587647 -0.76174305
v -2.10542346 -2.09568086 -0.78341582
v -2.07671387 -2.05403717 -0.79668862
v -2.04564658 -2.01221073 -0.80115815
v -2.01316555 -1.97147241 -0.79668862
v -1.98025770 -1.93306003 -0.78341582
v -1.94792293 -1.89814073 -0.76174305
v -1.91714370 -1.86777551 -0.73232883
v -1.88885523 -1.84288700 -0.69606687
v -1.86391705 -1.82423143 -0.65405900
v -1.84308689 -1.81237564 -0.60758160
v -1.82699766 -1.80767987 -0.55804685
v -1.81613824 -1.81028678 -0.50695985
v -1.81083857 -1.82011717 -0.45587286
v -1.81125969 -1.83687235 -0.40633811
v -1.81738880 -1.86004322 -0.35986070
v -1.82903967 -1.88892575 -0.31785283
v -1.84585830 -1.92264235 -0.28159088
v -1.86733365 -1.96016857 -0.25217665
v -1.89281321 -2.00036418 -0.23050388
v -1.92152281 -2.04200787 -0.21723109
v -1.95259010 -2.08383431 -0.21276156
v -1.98507113 -2.12457263 -0.21723109
v -2.01797897 -2.16298501 -0.23050388
v -2.05031375 -2.19790431 -0.25217665
v -2.08109298 -2.22826953 -0.28159088
v -2.10938145 -2.25315804 -0.31785283
v -2.13431963 -2.27181361 -0.35986070
v -2.15514979 -2.28366940 -0.40633811
v -2.17123902 -2.28836517 -0.45587286
v -1.99170924 -2.42005061 -0.54801251
v -1.99762331 -2.41081141 -0.59914240
v -1.99841613 -2.39419326 -0.64871873
v -1.99406364 -2.37070108 -0.69523516
v -1.98469806 -2.34104868 -0.73727829
v -1.97060398 -2.30613703 -0.77357069
v -1.95220964 -2.26702690 -0.80300961
v -1.93007393 -2.22490663 -0.82470058
v -1.90486944 -2.18105603 -0.83798452
v -1.87736199 -2.13680748 -0.84245780
v -1.84838740 -2.09350544 -0.83798452
v -1.81882602 -2.05246562 -0.82470058
v -1.78957607 -2.01493500 -0.80300961
v -1.76152630 -1.98205394 -0.77357069
v -1.73552899 -1.95482149 -0.73727829
v -1.71237404 -1.93406511 -0.69523516
v -1.69276501 -1.92041547 -0.64871873
v -1.67729772 -1.91428731 -0.59914240
v -1.66644212 -1.91586682 -0.54801251
v -1.66052806 -1.92510602 -0.49688262
v -1.65973523 -1.94172418 -0.44730629
v -1.66408773 -1.96521635 -0.40078986
v -1.67345330 -1.99486875 -0.35874672
v -1.68754738 -2.02978041 -0.32245432
v -1.70594172 -2.06889054 -0.29301540
v -1.72807743 -2.11101080 -0.27132444
v -1.75328192 -2.15486140 -0.25804050
v -1.78078937 -2.19910996 -0.25356721
v -1.80976397 -2.24241200 -0.25804050
v -1.83932534 -2.28345182 -0.27132444
v -1.86857529 -2.32098243 -0.29301540
v -1.89662506 -2.35386350 -0.32245432
v -1.92262237 -2.38109595 -0.35874672
v -1.94577732 -2.40185232 -0.40078986
v -1.96538635 -2.41550196 -0.44730629
v -1.98085364 -2.42163013 -0.49688262
v -1.79227606 -2.53724793 -0.58778525
v -1.79872546 -2.52864285 -0.63896105
v -1.80068930 -2.51225629 -0.68858190
v -1.79810791 -2.48858615 -0.73514009
v -1.79105972 -2.45835163 -0.77722098
v -1.77975888 -2.42247139 -0.81354596
v -1.76454877 -2.38203564 -0.84301132
v -1.74589155 -2.33827300 -0.86472176
v -1.72435409 -2.29251316 -0.87801762
v -1.70059080 -2.24614653 -0.88249493
v -1.67532373 -2.20058193 -0.87801762
v -1.64932059 -2.15720381 -0.86472176
v -1.62337148 -2.11733020 -0.84301132
v -1.59826485 -2.08217263 -0.81354596
v -1.57476355 -2.05279936 -0.77722098
v -1.55358166 -2.03010287 -0.73514009
v -1.53536278 -2.01477279 -0.68858190
v -1.52066047 -2.00727490 -0.63896105
v -1.50992147 -2.00783704 -0.58778525
v -1.50347207 -2.01644212 -0.53660945
v -1.50150823 -2.03282868 -0.48698861
v -1.50408962 -2.05649882 -0.44043042
v -1.51113781 -2.08673334 -0.39834953
v -1.52243864 -2.12261358 -0.36202454
v -1.53764875 -2.16304933 -0.33255919
v -1.55630598 -2.20681197 -0.31084875
v -1.57784344 -2.25257181 -0.29755288
v -1.60160672 -2.29893844 -0.29307558
v -1.62687380 -2.34450304 -0.29755288
v -1.65287694 -2.38788116 -0.31084875
v -1.67882605 -2.42775477 -0.33255919
v -1.70393268 -2.46291234 -0.36202454
v -1.72743397 -2.49228561 -0.39834953
v -1.74861587 -2.51498210 -0.44043042
v -1.76683475 -2.53031218 -0.48698861
v -1.78153705 -2.53781007 -0.53660945
v -1.58543010 -2.63673575 -0.62618520
v -1.59233188 -2.62879732 -0.67740971
v -1.59541543 -2.61272941 -0.72707780
v -1.59458705 -2.58902026 -0.77368032
v -1.58987192 -2.55839025 -0.81580127
v -1.58141330 -2.52177006 -0.85216083
v -1.56946821 -2.48027237 -0.88165424
v -1.55439958 -2.43515808 -0.90338535
v -1.53666528 -2.38779794 -0.91669387
v -1.51680415 -2.33963099 -0.92117543
v -1.49541965 -2.29212074 -0.91669387
v -1.47316156 -2.24671078 -0.90338535
v -1.45070616 -2.20478086 -0.88165424
v -1.42873576 -2.16760500 -0.85216083
v -1.40791791 -2.13631276 -0.81580127
v -1.38888515 -2.11185496 -0.77368032
v -1.37221579 -2.09497472 -0.72707780
v -1.35841631 -2.08618495 -0.67740971
v -1.34790601 -2.08575272 -0.62618520
v -1.34100423 -2.09369115 -0.57496068
v -1.33792068 -2.10975905 -0.52529259
v -1.33874906 -2.13346820 -0.47869008
v -1.34346419 -2.16409821 -0.43656913
v -1.35192281 -2.20071841 -0.40020957
v -1.36386790 -2.24221609 -0.37071616
v -1.37893653 -2.28733039 -0.34898505
v -1.39667083 -2.33469052 -0.33567653
v -1.41653196 -2.38285748 -0.33119496
v -1.43791646 -2.43036772 -0.33567653
v -1.46017455 -2.47577769 -0.34898505
v -1.48262995 -2.51770761 -0.37071616
v -1.50460035 -2.55488347 -0.40020957
v -1.52541820 -2.58617570 -0.43656913
v -1.54445096 -2.61063351 -0.47869008
v -1.56112032 -2.62751374 -0.52529259
v -1.57491980 -2.63630352 -0.57496068
v -1.37284181 -2.71806388 -0.66312266
v -1.38011035 -2.71081377 -0.71439847
v -1.38425494 -2.69514325 -0.76411629
v -1.38514966 -2.67152847 -0.81076547
v -1.38276732 -2.64068695 -0.85292860
v -1.37718030 -2.60355579 -0.88932457
v -1.36855837 -2.56126320 -0.91884751
v -1.35716350 -2.51509423 -0.94060038
v -1.34334192 -2.46645169 -0.95392223
v -1.32751358 -2.41681357 -0.95840828
v -1.31015942 -2.36768808 -0.95392223
v -1.29180675 -2.32056790 -0.94060038
v -1.27301319 -2.27688473 -0.91884751
v -1.25434979 -2.23796587 -0.88932457
v -1.23638361 -2.20499384 -0.85292860
v -1.21966055 -2.17897050 -0.81076547
v -1.20468874 -2.16068654 -0.76411629
v -1.19192308 -2.15069751 -0.71439847
v -1.18175145 -2.14930693 -0.66312266
v -1.17448292 -2.15655704 -0.61184685
v -1.17033833 -2.17222755 -0.56212903
v -1.16944361 -2.19584234 -0.51547985
v -1.17182595 -2.22668386 -0.47331672
v -1.17741296 -2.26381502 -0.43692075
v -1.18603489 -2.30610760 -0.40739781
v -1.19742977 -2.35227658 -0.38564494
v -1.21125135 -2.40091911 -0.37232309
v -1.22707969 -2.45055724 -0.36783703
v -1.24443384 -2.49968272 -0.37232309
v -1.26278652 -2.54680291 -0.38564494
v -1.28158007 -2.59048608 -0.40739781
v -1.30024348 -2.62940494 -0.43692075
v -1.31820966 -2.66237696 -0.47331672
v -1.33493271 -2.68840031 -0.51547985
v -1.34990453 -2.70668427 -0.56212903
v -1.36267019 -2.71667330 -0.61184685
v -1.15620353 -2.78094839 -0.69851137
v -1.16375185 -2.77439713 -0.74984077
v -1.16889258 -2.75919367 -0.79961057
v -1.17146950 -2.73579995 -0.84630851
v -1.17140433 -2.70492678 -0.88851571
v -1.16869903 -2.66751224 -0.92494973
v -1.16343583 -2.62469313 -0.95450353
v -1.15577462 -2.57777050 -0.97627914
v -1.14594819 -2.52817007 -0.98961491
v -1.13425513 -2.47739892 -0.99410565
v -1.12105070 -2.42699970 -0.98961491
v -1.10673612 -2.37850378 -0.97627914
v -1.09174634 -2.33338467 -0.95450353
v -1.07653681 -2.29301330 -0.92494973
v -1.06156967 -2.25861633 -0.88851571
v -1.04729967 -2.23123890 -0.84630851
v -1.03416042 -2.21171285 -0.79961057
v -1.02255114 -2.20063147 -0.74984077
v -1.01282457 -2.19833147 -0.69851137
v -1.00527624 -2.20488273 -0.64718196
v -1.00013552 -2.22008620 -0.59741216
v -0.99755860 -2.24347992 -0.55071422
v -0.99762377 -2.27435308 -0.50850702
v -1.00032906 -2.31176763 -0.47207300
v -1.00559227 -2.35458674 -0.44251920
v -1.01325348 -2.40150937 -0.42074359
v -1.02307990 -2.45110980 -0.40740782
v -1.03477297 -2.50188095 -0.40291708
v -1.04797740 -2.55228017 -0.40740782
v -1.06229197 -2.60077609 -0.42074359
v -1.07728175 -2.64589519 -0.44251920
v -1.09249128 -2.68626656 -0.47207300
v -1.10745843 -2.72066353 -0.50850702
v -1.12172842 -2.74804097 -0.55071422
v -1.13486767 -2.76756702 -0.59741216
v -1.14647696 -2.77864839 -0.64718196
v -0.93721219 -2.82527175 -0.73226867
v -0.94495334 -2.81941855 -0.78365368
v -0.95102020 -2.80474216 -0.83347738
v -0.95522845 -2.78168852 -0.88022590
v -0.95745021 -2.75095810 -0.92247883
v -0.95761798 -2.71348462 -0.95895231
v -0.95572666 -2.67040670 -0.98853812
v -0.95183372 -2.62303325 -1.01033732
v -0.94605744 -2.57280367 -1.02368754
v -0.93857334 -2.52124417 -1.02818314
v -0.92960880 -2.46992135 -1.02368754
v -0.91943622 -2.42039465 -1.01033732
v -0.90836469 -2.37416889 -0.98853812
v -0.89673060 -2.33264863 -0.95895231
v -0.88488746 -2.29709543 -0.92247883
v -0.87319510 -2.26858957 -0.88022590
v -0.86200881 -2.24799719 -0.83347738
v -0.85166846 -2.23594396 -0.78365368
v -0.84248824 -2.23279612 -0.73226867
v -0.83474710 -2.23864931 -0.68088366
v -0.82868023 -2.25332570 -0.63105995
v -0.82447199 -2.27637934 -0.58431143
v -0.82225022 -2.30710976 -0.54205851
v -0.82208245 -2.34458324 -0.50558503
v -0.82397377 -2.38766116 -0.47599921
v -0.82786671 -2.43503462 -0.45420002
v -0.83364299 -2.48526420 -0.44084980
v -0.84112710 -2.53682370 -0.43635419
v -0.85009163 -2.58814651 -0.44084980
v -0.86026421 -2.63767322 -0.45420002
v -0.87133575 -2.68389897 -0.47599921
v -0.88296983 -2.72541923 -0.50558503
v -0.89481298 -2.76097243 -0.54205851
v -0.90650533 -2.78947829 -0.58431143
v -0.91769163 -2.81007068 -0.63105995
v -0.92803198 -2.82212391 -0.68088366
v -0.71755222 -2.85108106 -0.76431572
v -0.72540061 -2.84591382 -0.81575799
v -0.73231980 -2.83181444 -0.86563721
v -0.73809957 -2.80921132 -0.91243783
v -0.74256429 -2.77879125 -0.95473783
v -0.74557832 -2.74147854 -0.99125195
v -0.74705007 -2.69840690 -1.02087074
v -0.74693482 -2.65088504 -1.04269422
v -0.74523607 -2.60035690 -1.05605932
v -0.74200545 -2.54835775 -1.06055993
v -0.73734110 -2.49646755 -1.05605932
v -0.73138476 -2.44626296 -1.04269422
v -0.72431741 -2.39926943 -1.02087074
v -0.71635377 -2.35691482 -0.99125195
v -0.70773584 -2.32048606 -0.95473783
v -0.69872544 -2.29109002 -0.91243783
v -0.68959637 -2.26961989 -0.86563721
v -0.68062601 -2.25672802 -0.81575799
v -0.67208690 -2.25280612 -0.76431572
v -0.66423852 -2.25797337 -0.71287345
v -0.65731933 -2.27207275 -0.66299423
v -0.65153956 -2.29467587 -0.61619361
v -0.64707484 -2.32509593 -0.57389361
v -0.64406081 -2.36240865 -0.53737949
v -0.64258906 -2.40548029 -0.50776071
v -0.64270431 -2.45300215 -0.48593722
v -0.64440306 -2.50353028 -0.47257212
v -0.64763368 -2.55552944 -0.46807151
v -0.65229803 -2.60741964 -0.47257212
v -0.65825437 -2.65762423 -0.48593722
v -0.66532172 -2.70461776 -0.50776071
v -0.67328535 -2.74697237 -0.53737949
v -0.68190329 -2.78340113 -0.57389361
v -0.69091368 -2.81279716 -0.61619361
v -0.70004275 -2.83426730 -0.66299423
v -0.70901312 -2.84715917 -0.71287345
v -0.49887880 -2.85858455 -0.79457768
v -0.50675160 -2.85407996 -0.84607848
v -0.51444677 -2.84059710 -0.89601445
v -0.52173050 -2.81854564 -0.94286832
v -0.52838147 -2.78859561 -0.98521645
v -0.53419761 -2.75165701 -1.02177212
v -0.53900218 -2.70885221 -1.05142460
v -0.54264920 -2.66148181 -1.07327291
v -0.54502787 -2.61098513 -1.08665322
v -0.54606590 -2.55889650 -1.09115895
v -0.54573176 -2.50679861 -1.08665322
v -0.54403559 -2.45627440 -1.07327291
v -0.54102895 -2.40885905 -1.05142460
v -0.53680317 -2.36599324 -1.02177212
v -0.53148667 -2.32897943 -0.98521645
v -0.52524097 -2.29894226 -0.94286832
v -0.51825586 -2.27679440 -0.89601445
v -0.51074356 -2.26320880 -0.84607848
v -0.50293235 -2.25859825 -0.79457768
v -0.49505955 -2.26310283 -0.74307688
v -0.48736438 -2.27658569 -0.69314091
v -0.48008065 -2.29863715 -0.64628704
v -0.47342967 -2.32858719 -0.60393891
v -0.46761354 -2.36552579 -0.56738324
v -0.46280897 -2.40833059 -0.53773076
v -0.45916195 -2.45570099 -0.51588245
v -0.45678328 -2.50619766 -0.50250214
v -0.45574525 -2.55828629 -0.49799641
v -0.45607939 -2.61038419 -0.50250214
v -0.45777555 -2.66090839 -0.51588245
v -0.46078220 -2.70832375 -0.53773076
v -0.46500798 -2.75118956 -0.56738324
v -0.47032448 -2.78820337 -0.60393891
v -0.47657018 -2.81824054 -0.64628704
v -0.48355529 -2.84038840 -0.69314091
v -0.49106759 -2.85397400 -0.74307688
v -0.28280176 -2.84814619 -0.82298387
v -0.29062030 -2.84427009 -0.87454403
v -0.29901390 -2.83143271 -0.92453757
v -0.30772751 -2.81002410 -0.97144544
v -0.31649637 -2.78069475 -1.01384239
v -0.32505404 -2.74433583 -1.05044020
v -0.33314052 -2.70205208 -1.08012686
v -0.34051008 -2.65512828 -1.10200036
v -0.34693882 -2.60499016 -1.11539609
v -0.35223140 -2.55316117 -1.11990702
v -0.35622700 -2.50121609 -1.11539609
v -0.35880422 -2.45073325 -1.10200036
v -0.35988476 -2.40324655 -1.08012686
v -0.35943578 -2.36019885 -1.05044020
v -0.35747092 -2.32289812 -1.01384239
v -0.35404989 -2.29247774 -0.97144544
v -0.34927663 -2.26986200 -0.92453757
v -0.34329618 -2.25573808 -0.87454403
v -0.33629024 -2.25053513 -0.82298387
v -0.32847169 -2.25441124 -0.77142370
v -0.32007810 -2.26724862 -0.72143017
v -0.31136449 -2.28865723 -0.67452229
v -0.30259563 -2.31798657 -0.63212534
v -0.29403796 -2.35434549 -0.59552753
v -0.28595148 -2.39662924 -0.56584087
v -0.27858192 -2.44355305 -0.54396737
v -0.27215318 -2.49369116 -0.53057164
v -0.26686060 -2.54552016 -0.52606071
v -0.26286500 -2.59746523 -0.53057164
v -0.26028778 -2.64794807 -0.54396737
v -0.25920724 -2.69543477 -0.56584087
v -0.25965622 -2.73848248 -0.59552753
v -0.26162108 -2.77578321 -0.63212534
v -0.26504211 -2.80620359 -0.67452229
v -0.26981537 -2.82881933 -0.72143017
v -0.27579582 -2.84294324 -0.77142370
v -0.07087022 -2.82027875 -0.84946794
v -0.07856136 -2.81698655 -0.90108782
v -0.08757596 -2.80481303 -0.95113926
v -0.09764014 -2.78412806 -0.99810146
v -0.10844808 -2.75556015 -1.04054752
v -0.11967141 -2.71997733 -1.07718771
v -0.13096910 -2.67846075 -1.10690876
v -0.14199788 -2.63227188 -1.12880760
v -0.15242264 -2.58281415 -1.14221884
v -0.16192664 -2.53159030 -1.14673499
v -0.17022110 -2.48015674 -1.14221884
v -0.17705400 -2.43007626 -1.12880760
v -0.18221772 -2.38287053 -1.10690876
v -0.18555536 -2.33997386 -1.07718771
v -0.18696552 -2.30268966 -1.04054752
v -0.18640535 -2.27215078 -0.99810146
v -0.18389186 -2.24928513 -0.95113926
v -0.17950143 -2.23478747 -0.90108782
v -0.17336746 -2.22909831 -0.84946794
v -0.16567633 -2.23239051 -0.79784805
v -0.15666172 -2.24456404 -0.74779661
v -0.14659755 -2.26524901 -0.70083441
v -0.13578960 -2.29381692 -0.65838835
v -0.12456628 -2.32939974 -0.62174816
v -0.11326859 -2.37091632 -0.59202711
v -0.10223981 -2.41710518 -0.57012827
v -0.09181504 -2.46656292 -0.55671703
v -0.08231104 -2.51778677 -0.55220088
v -0.07401658 -2.56922032 -0.55671703
v -0.06718369 -2.61930080 -0.57012827
v -0.06201997 -2.66650654 -0.59202711
v -0.05868232 -2.70940321 -0.62174816
v -0.05727216 -2.74668741 -0.65838835
v -0.05783234 -2.77722629 -0.70083441
v -0.06034582 -2.80009194 -0.74779661
v -0.06473625 -2.81458960 -0.79784805
v 0.13544172 -2.77563523 -0.87396803
v 0.12794433 -2.77287257 -0.92564744
v 0.11838464 -2.76137087 -0.97575660
v 0.10705310 -2.74147960 -1.02277296
v 0.09429402 -2.71380316 -1.06526796
v 0.08049509 -2.67918248 -1.10195041
v 0.06607557 -2.63866948 -1.13170573
v 0.05147359 -2.59349514 -1.15362982
v 0.03713283 -2.54503205 -1.16705652
v 0.02348903 -2.49475275 -1.17157789
v 0.01095674 -2.44418494 -1.16705652
v -0.00008325 -2.39486510 -1.15362982
v -0.00929549 -2.34829179 -1.13170573
v -0.01640007 -2.30588011 -1.10195041
v -0.02118113 -2.26891873 -1.06526796
v -0.02349340 -2.23853069 -1.02277296
v -0.02326661 -2.21563932 -0.97575660
v -0.02050766 -2.20094016 -0.92564744
v -0.01530039 -2.19487985 -0.87396803
v -0.00780299 -2.19764251 -0.82228862
v 0.00175670 -2.20914421 -0.77217947
v 0.01308824 -2.22903548 -0.72516311
v 0.02584732 -2.25671192 -0.68266811
v 0.03964625 -2.29133261 -0.64598566
v 0.05406577 -2.33184560 -0.61623034
v 0.06866775 -2.37701994 -0.59430625
v 0.08300851 -2.42548303 -0.58087954
v 0.09665231 -2.47576233 -0.57635818
v 0.10918460 -2.52633014 -0.58087954
v 0.12022459 -2.57564998 -0.59430625
v 0.12943683 -2.62222330 -0.61623034
v 0.13654141 -2.66463497 -0.64598566
v 0.14132247 -2.70159636 -0.68266811
v 0.14363474 -2.73198439 -0.72516311
v 0.14340795 -2.75487576 -0.77217947
v 0.14064900 -2.76957492 -0.82228862
v 0.33474830 -2.71499888 -0.89642694
v 0.32750289 -2.71270239 -0.94816507
v 0.31747120 -2.70187039 -0.99833117
v 0.30495803 -2.68283201 -1.04540096
v 0.29034359 -2.65616572 -1.08794425
v 0.27407193 -2.62268176 -1.12466838
v 0.25663745 -2.58339753 -1.15445751
v 0.23856990 -2.53950665 -1.17640652
v 0.22041825 -2.49234272 -1.18984848
v 0.20273403 -2.44333881 -1.19437498
v 0.18605456 -2.39398386 -1.18984848
v 0.17088665 -2.34577751 -1.17640652
v 0.15769115 -2.30018448 -1.15445751
v 0.14686901 -2.25859009 -1.12466838
v 0.13874905 -2.22225816 -1.08794425
v 0.13357800 -2.19229263 -1.04540096
v 0.13151297 -2.16960398 -0.99833117
v 0.13261672 -2.15488159 -0.94816507
v 0.13685569 -2.14857279 -0.89642694
v 0.14410110 -2.15086928 -0.84468880
v 0.15413279 -2.16170128 -0.79452270
v 0.16664596 -2.18073966 -0.74745291
v 0.18126041 -2.20740595 -0.70490962
v 0.19753207 -2.24088991 -0.66818549
v 0.21496654 -2.28017414 -0.63839636
v 0.23303409 -2.32406503 -0.61644736
v 0.25118574 -2.37122895 -0.60300539
v 0.26886996 -2.42023286 -0.59847889
v 0.28554943 -2.46958781 -0.60300539
v 0.30071735 -2.51779416 -0.61644736
v 0.31391284 -2.56338719 -0.63839636
v 0.32473498 -2.60498158 -0.66818549
v 0.33285494 -2.64131351 -0.70490962
v 0.33802599 -2.67127904 -0.74745291
v 0.34009102 -2.69396769 -0.79452270
v 0.33898728 -2.70869008 -0.84468880
v 0.52576398 -2.63927192 -0.91679220
v 0.51881953 -2.63737019 -0.96858758
v 0.50838481 -2.62719617 -1.01880920
v 0.49477690 -2.60905898 -1.06593108
v 0.47840925 -2.58350971 -1.10852144
v 0.45977919 -2.55132467 -1.14528622
v 0.43945280 -2.51348177 -1.17510831
v 0.41804766 -2.47113087 -1.19708161
v 0.39621417 -2.42555877 -1.21053845
v 0.37461573 -2.37815015 -1.21506996
v 0.35390859 -2.33034550 -1.21053845
v 0.33472193 -2.28359734 -1.19708161
v 0.31763873 -2.23932610 -1.17510831
v 0.30317805 -2.19887692 -1.14528622
v 0.29177928 -2.16347885 -1.10852144
v 0.28378875 -2.13420742 -1.06593108
v 0.27944926 -2.11195204 -1.01880920
v 0.27889266 -2.09738893 -0.96858758
v 0.28213586 -2.09096057 -0.91679220
v 0.28908032 -2.09286230 -0.86499681
v 0.29951503 -2.10303633 -0.81477519
v 0.31312295 -2.12117352 -0.76765332
v 0.32949059 -2.14672279 -0.72506295
v 0.34812065 -2.17890783 -0.68829817
v 0.36844705 -2.21675072 -0.65847608
v 0.38985219 -2.25910163 -0.63650278
v 0.41168568 -2.30467373 -0.62304594
v 0.43328412 -2.35208235 -0.61851443
v 0.45399126 -2.39988700 -0.62304594
v 0.47317791 -2.44663515 -0.63650278
v 0.49026111 -2.49090640 -0.65847608
v 0.50472179 -2.53135557 -0.68829817
v 0.51612057 -2.56675365 -0.72506295
v 0.52411109 -2.59602508 -0.76765332
v 0.52845058 -2.61828046 -0.81477519
v 0.52900719 -2.63284357 -0.86499681
v 0.70731408 -2.54946317 -0.93501624
v 0.70070918 -2.54787784 -0.98686667
v 0.68993506 -2.53834108 -1.03714164
v 0.67531909 -2.52114267 -1.08431359
v 0.65730537 -2.49680517 -1.12694921
v 0.63644122 -2.46606807 -1.16375305
v 0.61336061 -2.42986529 -1.19360683
v 0.58876482 -2.38929683 -1.21560347
v 0.56340119 -2.34559536 -1.22907461
v 0.53804037 -2.30008871 -1.23361093
v 0.51345294 -2.25415958 -1.22907461
v 0.49038598 -2.20920351 -1.21560347
v 0.46954036 -2.16658647 -1.19360683
v 0.45154947 -2.12760334 -1.16375305
v 0.43695996 -2.09343862 -1.12694921
v 0.42621511 -2.06513038 -1.08431359
v 0.41964141 -2.04353876 -1.03714164
v 0.41743859 -2.02931979 -0.98686667
v 0.41967358 -2.02290553 -0.93501624
v 0.42627848 -2.02449086 -0.88316582
v 0.43705260 -2.03402762 -0.83289084
v 0.45166857 -2.05122602 -0.78571890
v 0.46968230 -2.07556352 -0.74308327
v 0.49054644 -2.10630063 -0.70627944
v 0.51362705 -2.14250341 -0.67642565
v 0.53822284 -2.18307187 -0.65442901
v 0.56358647 -2.22677334 -0.64095788
v 0.58894729 -2.27227999 -0.63642155
v 0.61353472 -2.31820911 -0.64095788
v 0.63660169 -2.36316518 -0.65442901
v 0.65744730 -2.40578223 -0.67642565
v 0.67543819 -2.44476535 -0.70627944
v 0.69002771 -2.47893007 -0.74308327
v 0.70077255 -2.50723831 -0.78571890
v 0.70734626 -2.52882994 -0.83289084
v 0.70954908 -2.54304890 -0.88316582
v 0.87834378 -2.44667462 -0.95105652
v 0.87210573 -2.44532162 -1.00295893
v 0.86104929 -2.43639327 -1.05328431
v 0.84551042 -2.42016087 -1.10050356
v 0.82596126 -2.39711763 -1.14318193
v 0.80299578 -2.36796370 -1.18002267
v 0.77731180 -2.33358491 -1.20990639
v 0.74968971 -2.29502585 -1.23192508
v 0.72096878 -2.25345811 -1.24540973
v 0.69202170 -2.21014470 -1.24995060
v 0.66372799 -2.16640169 -1.24540973
v 0.63694736 -2.12355818 -1.23192508
v 0.61249351 -2.08291594 -1.20990639
v 0.59110947 -2.04570989 -1.18002267
v 0.57344498 -2.01307049 -1.14318193
v 0.56003677 -1.98598949 -1.10050356
v 0.55129223 -1.96528972 -1.05328431
v 0.54747706 -1.95160014 -1.00295893
v 0.54870720 -1.94533669 -0.95105652
v 0.55494525 -1.94668970 -0.89915410
v 0.56600169 -1.95561804 -0.84882872
v 0.58154056 -1.97185045 -0.80160947
v 0.60108973 -1.99489369 -0.75893110
v 0.62405520 -2.02404762 -0.72209036
v 0.64973918 -2.05842641 -0.69220665
v 0.67736127 -2.09698547 -0.67018795
v 0.70608220 -2.13855321 -0.65670330
v 0.73502929 -2.18186662 -0.65216243
v 0.76332299 -2.22560963 -0.65670330
v 0.79010363 -2.26845314 -0.67018795
v 0.81455747 -2.30909537 -0.69220665
v 0.83594151 -2.34630143 -0.72209036
v 0.85360600 -2.37894083 -0.75893110
v 0.86701422 -2.40602183 -0.80160947
v 0.87575876 -2.42672160 -0.84882872
v 0.87957392 -2.44041118 -0.89915410
v 1.03792562 -2.33208739 -0.96487555
v 1.03206954 -2.33087831 -1.01682600
v 1.02078028 -2.32252230 -1.06719796
v 1.00440086 -2.30727326 -1.11446090
v 0.98342896 -2.28559453 -1.15717877
v 0.95850180 -2.25814480 -1.19405361
v 0.93037678 -2.22575811 -1.22396498
v 0.89990845 -2.18941853 -1.24600405
v 0.86802260 -2.15023022 -1.25950118
v 0.83568804 -2.10938388 -1.26404625
v 0.80388726 -2.06812061 -1.25950118
v 0.77358650 -2.02769418 -1.24600405
v 0.74570644 -1.98933293 -1.22396498
v 0.72109419 -1.95420244 -1.19405361
v 0.70049759 -1.92337013 -1.15717877
v 0.68454246 -1.89777283 -1.11446090
v 0.67371358 -1.87818830 -1.06719796
v 0.66833998 -1.86521160 -1.01682600
v 0.66858495 -1.85923703 -0.96487555
v 0.67444102 -1.86044612 -0.91292511
v 0.68573028 -1.86880213 -0.86255315
v 0.70210970 -1.88405116 -0.81529020
v 0.72308160 -1.90572990 -0.77257233
v 0.74800876 -1.93317963 -0.73569750
v 0.77613379 -1.96556631 -0.70578613
v 0.80660211 -2.00190589 -0.68374705
v 0.83848796 -2.04109421 -0.67024993
v 0.87082252 -2.08194055 -0.66570485
v 0.90262330 -2.12320381 -0.67024993
v 0.93292406 -2.16363024 -0.68374705
v 0.96080412 -2.20199149 -0.70578613
v 0.98541637 -2.23712198 -0.73569750
v 1.00601297 -2.26795429 -0.77257233
v 1.02196810 -2.29355159 -0.81529020
v 1.03279698 -2.31313613 -0.86255315
v 1.03817058 -2.32611282 -0.91292511
v 1.18526525 -2.20694693 -0.97644108
v 1.17979346 -2.20579052 -1.02843460
v 1.16831234 -2.19796466 -1.07884833
v 1.15117071 -2.18370713 -1.12615047
v 1.12888944 -2.16345114 -1.16890376
v 1.10214551 -2.13781216 -1.20580917
v 1.07175153 -2.10756921 -1.23574535
v 1.03863101 -2.07364121 -1.25780270
v 1.00379030 -2.03705905 -1.27131102
v 0.96828801 -1.99893426 -1.27585986
v 0.93320286 -1.96042523 -1.27131102
v 0.89960090 -1.92270205 -1.25780270
v 0.86850311 -1.88691092 -1.23574535
v 0.84085437 -1.85413933 -1.20580917
v 0.81749479 -1.82538303 -1.16890376
v 0.79913412 -1.80151577 -1.12615047
v 0.78633025 -1.78326273 -1.07884833
v 0.77947222 -1.77117854 -1.02843460
v 0.77876840 -1.76563036 -0.97644108
v 0.78424018 -1.76678676 -0.92444755
v 0.79572131 -1.77461262 -0.87403382
v 0.81286293 -1.78887015 -0.82673169
v 0.83514421 -1.80912614 -0.78397839
v 0.86188814 -1.83476513 -0.74707298
v 0.89228211 -1.86500807 -0.71713681
v 0.92540263 -1.89893607 -0.69507946
v 0.96024335 -1.93551823 -0.68157114
v 0.99574564 -1.97364303 -0.67702230
v 1.03083078 -2.01215205 -0.68157114
v 1.06443274 -2.04987523 -0.69507946
v 1.09553054 -2.08566636 -0.71713681
v 1.12317927 -2.11843795 -0.74707298
v 1.14653886 -2.14719425 -0.78397839
v 1.16489953 -2.17106151 -0.82673169
v 1.17770340 -2.18931455 -0.87403382
v 1.18456143 -2.20139874 -0.92444755
v 1.31970557 -2.07254791 -0.98572608
v 1.31460708 -2.07135172 -1.03775664
v 1.30296567 -2.06400894 -1.08820627
v 1.28513508 -2.05074267 -1.13554210
v 1.26165707 -2.03195600 -1.17832584
v 1.23324501 -2.00821976 -1.21525754
v 1.20076219 -1.98025516 -1.24521504
v 1.16519557 -1.94891189 -1.26728810
v 1.12762584 -1.91514230 -1.28080604
v 1.08919454 -1.87997246 -1.28535812
v 1.05106936 -1.84447100 -1.28080604
v 1.01440874 -1.80971659 -1.26728810
v 0.98032659 -1.77676524 -1.24521504
v 0.94985847 -1.74661817 -1.21525754
v 0.92393014 -1.72019136 -1.17832584
v 0.90332942 -1.69828779 -1.13554210
v 0.88868226 -1.68157299 -1.08820627
v 0.88043370 -1.67055483 -1.03775664
v 0.87883437 -1.66556808 -0.98572608
v 0.88393286 -1.66676427 -0.93369552
v 0.89557426 -1.67410706 -0.88324589
v 0.91340486 -1.68737332 -0.83591006
v 0.93688287 -1.70615999 -0.79312632
v 0.96529493 -1.72989623 -0.75619462
v 0.99777775 -1.75786083 -0.72623712
v 1.03334436 -1.78920410 -0.70416406
v 1.07091409 -1.82297369 -0.69064612
v 1.10934540 -1.85814353 -0.68609404
v 1.14747057 -1.89364500 -0.69064612
v 1.18413119 -1.92839940 -0.70416406
v 1.21821335 -1.96135075 -0.72623712
v 1.24868147 -1.99149783 -0.75619462
v 1.27460980 -2.01792463 -0.79312632
v 1.29521051 -2.03982820 -0.83591006
v 1.30985768 -2.05654300 -0.88324589
v 1.31810624 -2.06756117 -0.93369552
v 1.44072908 -1.93021900 -0.99270887
v 1.43597927 -1.92889102 -1.04476923
v 1.42419918 -1.92198070 -1.09524775
v 1.40574674 -1.90969800 -1.14261068
v 1.38118263 -1.89241612 -1.18541892
v 1.35125321 -1.87066017 -1.22237177
v 1.31686787 -1.84509118 -1.25234642
v 1.27907139 -1.81648606 -1.27443212
v 1.23901221 -1.78571397 -1.28795780
v 1.19790749 -1.75370989 -1.29251249
v 1.15700618 -1.72144625 -1.28795780
v 1.11755105 -1.68990337 -1.27443212
v 1.08074093 -1.66003966 -1.25234642
v 1.04769426 -1.63276252 -1.22237177
v 1.01941516 -1.60890074 -1.18541892
v 0.99676288 -1.58917936 -1.14261068
v 0.98042568 -1.57419760 -1.09524775
v 0.97089997 -1.56441068 -1.04476923
v 0.96847519 -1.56011595 -0.99270887
v 0.97322500 -1.56144393 -0.94064852
v 0.98500509 -1.56835425 -0.89017000
v 1.00345752 -1.58063695 -0.84280707
v 1.02802163 -1.59791883 -0.79999882
v 1.05795105 -1.61967478 -0.76304598
v 1.09233639 -1.64524377 -0.73307133
v 1.13013287 -1.67384888 -0.71098563
v 1.17019206 -1.70462098 -0.69745995
v 1.21129678 -1.73662506 -0.69290526
v 1.25219809 -1.76888870 -0.69745995
v 1.29165321 -1.80043158 -0.71098563
v 1.32846334 -1.83029529 -0.73307133
v 1.36151000 -1.85757243 -0.76304598
v 1.38978910 -1.88143421 -0.79999882
v 1.41244139 -1.90115559 -0.84280707
v 1.42877858 -1.91613735 -0.89017000
v 1.43830429 -1.92592427 -0.94064852
v 1.54795851 -1.78130746 -0.99737315
v 1.54351908 -1.77975793 -1.04945477
v 1.53161141 -1.77322736 -1.09995391
v 1.51259731 -1.76191418 -1.14733619
v 1.48705452 -1.74616213 -1.19016192
v 1.45575913 -1.72644983 -1.22712986
v 1.41966205 -1.70337622 -1.25711675
v 1.37986006 -1.67764240 -1.27921147
v 1.33756254 -1.65003026 -1.29274268
v 1.29405466 -1.62137879 -1.29729923
v 1.25065839 -1.59255855 -1.29274268
v 1.20869231 -1.56444523 -1.27921147
v 1.16943153 -1.53789303 -1.25711675
v 1.13406898 -1.51370873 -1.22712986
v 1.10367912 -1.49262717 -1.19016192
v 1.07918534 -1.47528888 -1.14733619
v 1.06133187 -1.46222069 -1.09995391
v 1.05066117 -1.45381967 -1.04945477
v 1.04749748 -1.45034107 -0.99737315
v 1.05193691 -1.45189060 -0.94529153
v 1.06384458 -1.45842117 -0.89479239
v 1.08285868 -1.46973435 -0.84741011
v 1.10840147 -1.48548640 -0.80458438
v 1.13969686 -1.50519870 -0.76761644
v 1.17579394 -1.52827230 -0.73762954
v 1.21559593 -1.55400613 -0.71553483
v 1.25789345 -1.58161827 -0.70200362
v 1.30140133 -1.61026973 -0.69744707
v 1.34479760 -1.63908998 -0.70200362
v 1.38676368 -1.66720330 -0.71553483
v 1.42602446 -1.69375550 -0.73762954
v 1.46138701 -1.71793979 -0.76761644
v 1.49177687 -1.73902136 -0.80458438
v 1.51627065 -1.75635965 -0.84741011
v 1.53412412 -1.76942784 -0.89479239
v 1.54479482 -1.77782886 -0.94529153
v 1.64115582 -1.62716413 -0.99970801
v 1.63697493 -1.62530730 -1.05180098
v 1.62494002 -1.61910320 -1.10231112
v 1.60541679 -1.60874032 -1.14970372
v 1.57899843 -1.59453354 -1.19253878
v 1.54648765 -1.57691453 -1.22951477
v 1.50887227 -1.55641863 -1.25950820
v 1.46729522 -1.53366859 -1.28160773
v 1.42301980 -1.50935567 -1.29514189
v 1.37739129 -1.48421860 -1.29969943
v 1.33179609 -1.45902116 -1.29514189
v 1.28761959 -1.43452896 -1.28160773
v 1.24620406 -1.41148619 -1.25950820
v 1.20880791 -1.39059298 -1.22951477
v 1.17656739 -1.37248416 -1.19253878
v 1.15046211 -1.35770997 -1.14970372
v 1.13128527 -1.34671931 -1.10231112
v 1.11961955 -1.33984612 -1.05180098
v 1.11581940 -1.33729925 -0.99970801
v 1.12000030 -1.33915607 -0.94761505
v 1.13203520 -1.34536018 -0.89710491
v 1.15155843 -1.35572305 -0.84971231
v 1.17797679 -1.36992983 -0.80687725
v 1.21048757 -1.38754884 -0.76990126
v 1.24810295 -1.40804475 -0.73990783
v 1.28968000 -1.43079478 -0.71780829
v 1.33395542 -1.45510770 -0.70427414
v 1.37958393 -1.48024477 -0.69971660
v 1.42517913 -1.50544221 -0.70427414
v 1.46935563 -1.52993441 -0.71780829
v 1.51077116 -1.55297719 -0.73990783
v 1.54816731 -1.57387040 -0.76990126
v 1.58040783 -1.59197921 -0.80687725
v 1.60651311 -1.60675340 -0.84971231
v 1.62568995 -1.61774407 -0.89710491
v 1.63735567 -1.62461725 -0.94761505
v 1.72021945 -1.46912868 -0.99970801
v 1.71623210 -1.46688465 -1.05180091
v 1.70405950 -1.46095472 -1.10231099
v 1.68407151 -1.45151906 -1.14970353
v 1.65687545 -1.43886437 -1.19253853
v 1.62329766 -1.42337515 -1.22951448
v 1.58435838 -1.40552204 -1.25950787
v 1.54124077 -1.38584749 -1.28160738
v 1.49525493 -1.36494931 -1.29514151
v 1.44779811 -1.34346247 -1.29969905
v 1.40031228 -1.32203985 -1.29514151
v 1.35424025 -1.30133236 -1.28160738
v 1.31098191 -1.28196918 -1.25950787
v 1.27185165 -1.26453866 -1.22951448
v 1.23803840 -1.24957041 -1.19253853
v 1.21056958 -1.23751924 -1.14970353
v 1.19027981 -1.22875131 -1.10231099
v 1.17778557 -1.22353304 -1.05180091
v 1.17346651 -1.22202297 -0.99970801
v 1.17745386 -1.22426699 -0.94761512
v 1.18962646 -1.23019693 -0.89710504
v 1.20961445 -1.23963259 -0.84971250
v 1.23681051 -1.25228728 -0.80687749
v 1.27038830 -1.26777650 -0.76990155
v 1.30932758 -1.28562961 -0.73990816
v 1.35244519 -1.30530416 -0.71780865
v 1.39843103 -1.32620234 -0.70427452
v 1.44588785 -1.34768917 -0.69971698
v 1.49337368 -1.36911180 -0.70427452
v 1.53944571 -1.38981929 -0.71780865
v 1.58270404 -1.40918247 -0.73990816
v 1.62183431 -1.42661299 -0.76990155
v 1.65564756 -1.44158124 -0.80687749
v 1.68311638 -1.45363241 -0.84971250
v 1.70340615 -1.46240034 -0.89710504
v 1.71590039 -1.46761861 -0.94761512
v 1.78518008 -1.30851548 -0.99737315
v 1.78130880 -1.30581199 -1.04945298
v 1.76897739 -1.30010653 -1.09995039
v 1.74856054 -1.29157247 -1.14733104
v 1.72067860 -1.28046910 -1.19015530
v 1.68617875 -1.26713381 -1.22712197
v 1.64610925 -1.25197176 -1.25710784
v 1.60168760 -1.23544366 -1.27920180
v 1.55426352 -1.21805170 -1.29273255
v 1.50527797 -1.20032433 -1.29728894
v 1.45621935 -1.18280019 -1.29273255
v 1.40857829 -1.16601173 -1.27920180
v 1.36380232 -1.15046907 -1.25710784
v 1.32325195 -1.13664446 -1.22712197
v 1.28815928 -1.12495796 -1.19015530
v 1.25959059 -1.11576466 -1.14733104
v 1.23841391 -1.10934388 -1.09995039
v 1.22527269 -1.10589072 -1.04945298
v 1.22056622 -1.10551011 -0.99737315
v 1.22443750 -1.10821360 -0.94529332
v 1.23676891 -1.11391906 -0.89479591
v 1.25718577 -1.12245312 -0.84741525
v 1.28506771 -1.13355649 -0.80459100
v 1.31956756 -1.14689179 -0.76762433
v 1.35963705 -1.16205383 -0.73763846
v 1.40405870 -1.17858193 -0.71554449
v 1.45148278 -1.19597389 -0.70201375
v 1.50046833 -1.21370126 -0.69745736
v 1.54952695 -1.23122540 -0.70201375
v 1.59716802 -1.24801386 -0.71554449
v 1.64194398 -1.26355652 -0.73763846
v 1.68249435 -1.27738113 -0.76762433
v 1.71758702 -1.28906763 -0.80459100
v 1.74615572 -1.29826093 -0.84741525
v 1.76733240 -1.30468171 -0.89479591
v 1.78047362 -1.30813487 -0.94529332
v 1.83619491 -1.14660023 -0.99270887
v 1.83235062 -1.14337437 -1.04476096
v 1.81982904 -1.13784787 -1.09523147
v 1.79901064 -1.13018866 -1.14258688
v 1.77052798 -1.12062944 -1.18538833
v 1.73524648 -1.10946069 -1.22233531
v 1.69423816 -1.09702174 -1.25230520
v 1.64874903 -1.08369056 -1.27438739
v 1.60016126 -1.06987220 -1.28791093
v 1.54995116 -1.05598653 -1.29246489
v 1.49964434 -1.04245545 -1.28791093
v 1.45076935 -1.02969011 -1.27438739
v 1.40481123 -1.01807837 -1.25230520
v 1.36316640 -1.00797304 -1.22233531
v 1.32710020 -0.99968118 -1.18538833
v 1.29770851 -0.99345473 -1.14258688
v 1.27588435 -0.98948286 -1.09523147
v 1.26229086 -0.98788628 -1.04476096
v 1.25734107 -0.98871348 -0.99270887
v 1.26118536 -0.99193934 -0.94065679
v 1.27370694 -0.99746584 -0.89018628
v 1.29452534 -1.00512505 -0.84283086
v 1.32300800 -1.01468427 -0.80002942
v 1.35828950 -1.02585302 -0.76308244
v 1.39929782 -1.03829197 -0.73311255
v 1.44478695 -1.05162315 -0.71103036
v 1.49337472 -1.06544151 -0.69750682
v 1.54358482 -1.07932718 -0.69295286
v 1.59389164 -1.09285826 -0.69750682
v 1.64276663 -1.10562360 -0.71103036
v 1.68872474 -1.11723534 -0.73311255
v 1.73036958 -1.12734067 -0.76308244
v 1.76643577 -1.13563253 -0.80002942
v 1.79582747 -1.14185898 -0.84283086
v 1.81765162 -1.14583085 -0.89018628
v 1.83124512 -1.14742743 -0.94065679
v 1.87354045 -0.98460739 -0.98572608
v 1.86962367 -0.98080729 -1.03773399
v 1.85687099 -0.97541996 -1.08816166
v 1.83566989 -0.96860911 -1.13547688
v 1.80666456 -0.96058168 -1.17824200
v 1.77073630 -0.95158156 -1.21515762
v 1.72897679 -0.94188224 -1.24510208
v 1.68265486 -0.93177841 -1.26716553
v 1.63317798 -0.92157708 -1.28067759
v 1.58204948 -0.91158821 -1.28522769
v 1.53082287 -0.90211531 -1.28067759
v 1.48105466 -0.89344620 -1.26716553
v 1.43425701 -0.88584430 -1.24510208
v 1.39185186 -0.87954057 -1.21515762
v 1.35512766 -0.87472657 -1.17824200
v 1.32520026 -0.87154855 -1.13547688
v 1.30297899 -0.87010308 -1.08816166
v 1.28913902 -0.87043409 -1.03773399
v 1.28410089 -0.87253150 -0.98572608
v 1.28801767 -0.87633161 -0.93371817
v 1.30077035 -0.88171893 -0.88329050
v 1.32197145 -0.88852978 -0.83597528
v 1.35097678 -0.89655722 -0.79321016
v 1.38690504 -0.90555733 -0.75629454
v 1.42866455 -0.91525665 -0.72635008
v 1.47498648 -0.92536048 -0.70428663
v 1.52446336 -0.93556181 -0.69077458
v 1.57559186 -0.94555068 -0.68622447
v 1.62681847 -0.95502358 -0.69077458
v 1.67658669 -0.96369269 -0.70428663
v 1.72338433 -0.97129460 -0.72635008
v 1.76578948 -0.97759832 -0.75629454
v 1.80251368 -0.98241233 -0.79321016
v 1.83244108 -0.98559034 -0.83597528
v 1.85466236 -0.98703581 -0.88329050
v 1.86850232 -0.98670481 -0.93371817
v 1.89760417 -0.82369881 -0.97644108
v 1.89350647 -0.81928511 -1.02838656
v 1.88047308 -0.81400437 -1.07875370
v 1.85890000 -0.80801703 -1.12601212
v 1.82944272 -0.80150503 -1.16872590
v 1.79299630 -0.79466622 -1.20559721
v 1.75066812 -0.78770840 -1.23550572
v 1.70374433 -0.78084297 -1.25754268
v 1.65365066 -0.77427855 -1.27103852
v 1.60190920 -0.76821458 -1.27558316
v 1.55009208 -0.76283532 -1.27103852
v 1.49977373 -0.75830422 -1.25754268
v 1.45248306 -0.75475894 -1.23550572
v 1.40965696 -0.75230722 -1.20559721
v 1.37259670 -0.75102354 -1.16872590
v 1.34242831 -0.75094691 -1.12601212
v 1.32006846 -0.75207966 -1.07875370
v 1.30619654 -0.75438736 -1.02838656
v 1.30123404 -0.75779991 -0.97644108
v 1.30533174 -0.76221361 -0.92449560
v 1.31836514 -0.76749435 -0.87412846
v 1.33993822 -0.77348169 -0.82687004
v 1.36939549 -0.77999369 -0.78415626
v 1.40584192 -0.78683250 -0.74728495
v 1.44817009 -0.79379032 -0.71737644
v 1.49509389 -0.80065575 -0.69533947
v 1.54518755 -0.80722017 -0.68184364
v 1.59692902 -0.81328414 -0.67729900
v 1.64874614 -0.81866339 -0.68184364
v 1.69906449 -0.82319450 -0.69533947
v 1.74635516 -0.82673977 -0.71737644
v 1.78918125 -0.82919150 -0.74728495
v 1.82624152 -0.83047518 -0.78415626
v 1.85640990 -0.83055181 -0.82687004
v 1.87876975 -0.82941906 -0.87412846
v 1.89264167 -0.82711136 -0.92449560
v 1.90887499 -0.66496339 -0.96487555
v 1.90448067 -0.65991060 -1.01673849
v 1.89110943 -0.65471237 -1.06702559
v 1.86916754 -0.64952665 -1.11420891
v 1.83932169 -0.64451101 -1.15685482
v 1.80247875 -0.63981784 -1.19366754
v 1.75975815 -0.63558974 -1.22352852
v 1.71245795 -0.63195519 -1.24553047
v 1.66201534 -0.62902461 -1.25900486
v 1.60996299 -0.62688704 -1.26354228
v 1.55788249 -0.62560745 -1.25900486
v 1.50735627 -0.62522471 -1.24553047
v 1.45991955 -0.62575044 -1.22352852
v 1.41701367 -0.62716867 -1.19366754
v 1.37994230 -0.62943632 -1.15685482
v 1.34983184 -0.63248448 -1.11420891
v 1.32759718 -0.63622053 -1.06702559
v 1.31391391 -0.64053095 -1.01673849
v 1.30919778 -0.64528478 -0.96487555
v 1.31359210 -0.65033757 -0.91301262
v 1.32696334 -0.65553580 -0.86272552
v 1.34890523 -0.66072152 -0.81554219
v 1.37875108 -0.66573716 -0.77289628
v 1.41559402 -0.67043033 -0.73608357
v 1.45831462 -0.67465843 -0.70622258
v 1.50561482 -0.67829299 -0.68422064
v 1.55605743 -0.68122357 -0.67074625
v 1.60810978 -0.68336113 -0.66620883
v 1.66019028 -0.68464072 -0.67074625
v 1.71071650 -0.68502347 -0.68422064
v 1.75815322 -0.68449773 -0.70622258
v 1.80105910 -0.68307950 -0.73608357
v 1.83813047 -0.68081185 -0.77289628
v 1.86824093 -0.67776369 -0.81554219
v 1.89047559 -0.67402764 -0.86272552
v 1.90415886 -0.66971722 -0.91301262
v 1.90793275 -0.50940809 -0.95105652
v 1.90312080 -0.50370567 -1.00281492
v 1.88934845 -0.49857560 -1.05300067
v 1.86703417 -0.49417375 -1.10008889
v 1.83685597 -0.49063387 -1.14264885
v 1.79973079 -0.48806352 -1.17938736
v 1.75678666 -0.48654080 -1.20918816
v 1.70932842 -0.48611196 -1.23114576
v 1.65879807 -0.48679005 -1.24459299
v 1.60673094 -0.48855446 -1.24912127
v 1.55470906 -0.49135158 -1.24459299
v 1.50431311 -0.49509642 -1.23114576
v 1.45707432 -0.49967519 -1.20918816
v 1.41442803 -0.50494878 -1.17938736
v 1.37767002 -0.51075694 -1.14264885
v 1.34791717 -0.51692320 -1.10008889
v 1.32607350 -0.52326020 -1.05300067
v 1.31280273 -0.52957539 -1.00281492
v 1.30850807 -0.53567688 -0.95105652
v 1.31332001 -0.54137930 -0.89929812
v 1.32709236 -0.54650937 -0.84911237
v 1.34940664 -0.55091122 -0.80202414
v 1.37958484 -0.55445110 -0.75946419
v 1.41671003 -0.55702145 -0.72272567
v 1.45965415 -0.55854418 -0.69292487
v 1.50711239 -0.55897301 -0.67096727
v 1.55764275 -0.55829492 -0.65752004
v 1.60970988 -0.55653051 -0.65299177
v 1.66173175 -0.55373339 -0.65752004
v 1.71212771 -0.54998855 -0.67096727
v 1.75936650 -0.54540978 -0.69292487
v 1.80201279 -0.54013619 -0.72272567
v 1.83877079 -0.53432803 -0.75946419
v 1.86852364 -0.52816177 -0.80202414
v 1.89036731 -0.52182478 -0.84911237
v 1.90363809 -0.51550959 -0.89929812
v 1.89543697 -0.35795028 -0.93501624
v 1.89008322 -0.35160351 -0.98664628
v 1.87584200 -0.34653791 -1.03670756
v 1.85314602 -0.34290739 -1.08367900
v 1.82268489 -0.34082228 -1.12613340
v 1.78538415 -0.34034592 -1.16278080
v 1.74237716 -0.34149279 -1.19250769
v 1.69497067 -0.34422804 -1.21441083
v 1.64460510 -0.34846856 -1.22782471
v 1.59281079 -0.35408550 -1.23234176
v 1.54116148 -0.36090821 -1.22782471
v 1.49122650 -0.36872936 -1.21441083
v 1.44452311 -0.37731133 -1.19250769
v 1.40247037 -0.38639335 -1.16278080
v 1.36634602 -0.39569947 -1.12613340
v 1.33724769 -0.40494693 -1.08367900
v 1.31605951 -0.41385475 -1.03670756
v 1.30342528 -0.42215227 -0.98664628
v 1.29972888 -0.42958737 -0.93501624
v 1.30508262 -0.43593414 -0.88338621
v 1.31932384 -0.44099974 -0.83332493
v 1.34201982 -0.44463025 -0.78635349
v 1.37248095 -0.44671537 -0.74389909
v 1.40978170 -0.44719173 -0.70725169
v 1.45278869 -0.44604486 -0.67752480
v 1.50019518 -0.44330961 -0.65562165
v 1.55056074 -0.43906909 -0.64220777
v 1.60235505 -0.43345215 -0.63769073
v 1.65400437 -0.42662944 -0.64220777
v 1.70393934 -0.41880829 -0.65562165
v 1.75064273 -0.41022632 -0.67752480
v 1.79269548 -0.40114430 -0.70725169
v 1.82881982 -0.39183818 -0.74389909
v 1.85791816 -0.38259072 -0.78635349
v 1.87910633 -0.37368290 -0.83332493
v 1.89174057 -0.36538538 -0.88338621
v 1.87211487 -0.21141158 -0.91679220
v 1.86609435 -0.20444205 -0.96826824
v 1.85131380 -0.19944861 -1.01818022
v 1.82822230 -0.19658299 -1.06501157
v 1.79752148 -0.19593225 -1.10733935
v 1.76014418 -0.19751617 -1.14387745
v 1.71722608 -0.20128662 -1.17351568
v 1.67007122 -0.20712904 -1.19535350
v 1.62011239 -0.21486591 -1.20872737
v 1.56886756 -0.22426215 -1.21323094
v 1.51789377 -0.23503225 -1.20872737
v 1.46873984 -0.24684898 -1.19535350
v 1.42289928 -0.25935329 -1.17351568
v 1.38176494 -0.27216524 -1.14387745
v 1.34658667 -0.28489554 -1.10733935
v 1.31843333 -0.29715740 -1.06501157
v 1.29816036 -0.30857824 -1.01818022
v 1.28638373 -0.31881105 -0.96826824
v 1.28346128 -0.32754491 -0.91679220
v 1.28948180 -0.33451444 -0.86531615
v 1.30426236 -0.33950788 -0.81540417
v 1.32735385 -0.34237350 -0.76857282
v 1.35805467 -0.34302424 -0.72624504
v 1.39543197 -0.34144031 -0.68970694
v 1.43835007 -0.33766986 -0.66006871
v 1.48550493 -0.33182744 -0.63823089
v 1.53546376 -0.32409058 -0.62485702
v 1.58670860 -0.31469434 -0.62035345
v 1.63768238 -0.30392423 -0.62485702
v 1.68683631 -0.29210751 -0.63823089
v 1.73267687 -0.27960320 -0.66006871
v 1.77381121 -0.26679125 -0.68970694
v 1.80898948 -0.25406094 -0.72624504
v 1.83714282 -0.24179908 -0.76857282
v 1.85741579 -0.23037824 -0.81540417
v 1.86919242 -0.22014543 -0.86531615
v 1.83874901 -0.07051312 -0.89642694
v 1.83193842 -0.06295893 -0.94772172
v 1.81654733 -0.05805715 -0.99745794
v 1.79304337 -0.05595672 -1.04412438
v 1.76214071 -0.05672145 -1.08630310
v 1.72477830 -0.06032811 -1.12271254
v 1.68209139 -0.06666711 -1.15224640
v 1.63537699 -0.07554585 -1.17400732
v 1.58605450 -0.08669455 -1.18733410
v 1.53562256 -0.09977446 -1.19182181
v 1.48561352 -0.11438816 -1.18733410
v 1.43754686 -0.13009162 -1.17400732
v 1.39288309 -0.14640768 -1.15224640
v 1.35297928 -0.16284061 -1.12271254
v 1.31904788 -0.17889109 -1.08630310
v 1.29211990 -0.19407144 -1.04412438
v 1.27301351 -0.20792040 -0.99745794
v 1.26230927 -0.22001719 -0.94772172
v 1.26033240 -0.22999426 -0.89642694
v 1.26714299 -0.23754844 -0.84513216
v 1.28253408 -0.24245022 -0.79539594
v 1.30603804 -0.24455066 -0.74872950
v 1.33694070 -0.24378593 -0.70655077
v 1.37430311 -0.24017927 -0.67014133
v 1.41699002 -0.23384026 -0.64060747
v 1.46370441 -0.22496152 -0.61884655
v 1.51302690 -0.21381282 -0.60551977
v 1.56345885 -0.20073291 -0.60103206
v 1.61346789 -0.18611921 -0.60551977
v 1.66153454 -0.17041576 -0.61884655
v 1.70619832 -0.15409969 -0.64060747
v 1.74610213 -0.13766677 -0.67014133
v 1.78003352 -0.12161629 -0.70655077
v 1.80696151 -0.10643594 -0.74872950
v 1.82606790 -0.09258697 -0.79539594
v 1.83677214 -0.08049018 -0.84513216
v 1.79616452 0.06412760 -0.87396803
v 1.78844485 0.07221205 -0.92505279
v 1.77237337 0.07699079 -0.97458537
v 1.74843843 0.07831860 -1.02106073
v 1.71736726 0.07615514 -1.06306677
v 1.68010396 0.07056616 -1.09932713
v 1.63778074 0.06172146 -1.12874007
v 1.59168358 0.04988979 -1.15041189
v 1.54321312 0.03543064 -1.16368410
v 1.49384210 0.01878336 -1.16815344
v 1.44507064 0.00045376 -1.16368410
v 1.39838063 -0.01900122 -1.15041189
v 1.35519074 -0.03899045 -1.12874007
v 1.31681325 -0.05890658 -1.09932713
v 1.28441426 -0.07814445 -1.06306677
v 1.25897818 -0.09611955 -1.02106073
v 1.24127789 -0.11228569 -0.97458537
v 1.23185119 -0.12615168 -0.92505279
v 1.23098451 -0.13729622 -0.87396803
v 1.23870419 -0.14538068 -0.82288327
v 1.25477566 -0.15015941 -0.77335070
v 1.27871060 -0.15148722 -0.72687533
v 1.30978177 -0.14932376 -0.68486930
v 1.34704507 -0.14373478 -0.64860894
v 1.38936829 -0.13489008 -0.61919600
v 1.43546545 -0.12305841 -0.59752418
v 1.48393591 -0.10859927 -0.58425197
v 1.53330693 -0.09195199 -0.57978263
v 1.58207839 -0.07362239 -0.58425197
v 1.62876840 -0.05416740 -0.59752418
v 1.67195829 -0.03417817 -0.61919600
v 1.71033578 -0.01426204 -0.64860894
v 1.74273477 0.00497583 -0.68486930
v 1.76817085 0.02295092 -0.72687533
v 1.78587114 0.03911707 -0.77335070
v 1.79529784 0.05298306 -0.82288327
v 1.74521636 0.19199834 -0.84946794
v 1.73647546 0.20054302 -0.90031269
v 1.71965729 0.20515568 -0.94961256
v 1.69527286 0.20569619 -0.99586959
v 1.66406310 0.20214811 -1.03767827
v 1.62697628 0.19461926 -1.07376828
v 1.58513927 0.18333839 -1.10304303
v 1.53982327 0.16864826 -1.12461304
v 1.49240519 0.15099524 -1.13782290
v 1.44432579 0.13091569 -1.14227124
v 1.39704595 0.10901973 -1.13782290
v 1.35200223 0.08597265 -1.12461304
v 1.31056328 0.06247472 -1.10304303
v 1.27398819 0.03923992 -1.07376828
v 1.24338827 0.01697423 -1.03767827
v 1.21969330 -0.00364582 -0.99586959
v 1.20362322 -0.02199371 -0.94961256
v 1.19566633 -0.03751193 -0.90031269
v 1.19606438 -0.04972899 -0.84946794
v 1.20480529 -0.05827366 -0.79862318
v 1.22162346 -0.06288633 -0.74932331
v 1.24600788 -0.06342684 -0.70306628
v 1.27721765 -0.05987876 -0.66125760
v 1.31430447 -0.05234991 -0.62516759
v 1.35614148 -0.04106904 -0.59589284
v 1.40145747 -0.02637891 -0.57432283
v 1.44887556 -0.00872589 -0.56111297
v 1.49695496 0.01135366 -0.55666463
v 1.54423480 0.03324962 -0.56111297
v 1.58927851 0.05629670 -0.57432283
v 1.63071747 0.07979463 -0.59589284
v 1.66729256 0.10302943 -0.62516759
v 1.69789247 0.12529512 -0.66125760
v 1.72158745 0.14591517 -0.70306628
v 1.73765752 0.16426306 -0.74932331
v 1.74561442 0.17978129 -0.79862318
v 1.68677650 0.31269225 -0.82298387
v 1.67691170 0.32161249 -0.87355777
v 1.65928618 0.32600508 -0.92259501
v 1.63443549 0.32573655 -0.96860561
v 1.60311471 0.32081507 -1.01019157
v 1.56627551 0.31139017 -1.04608932
v 1.52503721 0.29774823 -1.07520813
v 1.48065283 0.28030374 -1.09666323
v 1.43447097 0.25958675 -1.10980271
v 1.38789483 0.23622673 -1.11422736
v 1.34233961 0.21093347 -1.10980271
v 1.29918948 0.18447549 -1.09666323
v 1.25975554 0.15765670 -1.07520813
v 1.22523597 0.13129197 -1.04608932
v 1.19667962 0.10618239 -1.01019157
v 1.17495417 0.08309090 -0.96860561
v 1.16071973 0.06271912 -0.92259501
v 1.15440881 0.04568604 -0.87355777
v 1.15621317 0.03250919 -0.82298387
v 1.16607797 0.02358896 -0.77240996
v 1.18370349 0.01919637 -0.72337273
v 1.20855417 0.01946489 -0.67736212
v 1.23987495 0.02438637 -0.63577616
v 1.27671416 0.03381127 -0.59987841
v 1.31795246 0.04745322 -0.57075960
v 1.36233683 0.06489771 -0.54930451
v 1.40851870 0.08561470 -0.53616502
v 1.45509484 0.10897471 -0.53174038
v 1.50065005 0.13426797 -0.53616502
v 1.54380018 0.16072596 -0.54930451
v 1.58323412 0.18754475 -0.57075960
v 1.61775370 0.21390947 -0.59987841
v 1.64631005 0.23901905 -0.63577616
v 1.66803550 0.26211054 -0.67736212
v 1.68226994 0.28248232 -0.72337273
v 1.68858086 0.29951541 -0.77240996
v 1.62172137 0.42590643 -0.79457768
v 1.61064194 0.43510445 -0.84484941
v 1.59215621 0.43921297 -0.89359367
v 1.56682585 0.43810716 -0.93932937
v 1.53542051 0.43182061 -0.98066686
v 1.49889443 0.42054434 -1.01635013
v 1.45835743 0.40462097 -1.04529496
v 1.41504122 0.38453433 -1.06662187
v 1.37026193 0.36089474 -1.07968285
v 1.32538016 0.33442047 -1.08408106
v 1.28175961 0.30591594 -1.07968285
v 1.24072569 0.27624724 -1.06662187
v 1.20352517 0.24631583 -1.04529496
v 1.17128838 0.21703117 -1.01635013
v 1.14499483 0.18928306 -0.98066686
v 1.12544342 0.16391461 -0.93932937
v 1.11322821 0.14169663 -0.89359367
v 1.10872036 0.12330420 -0.84484941
v 1.11205684 0.10929616 -0.79457768
v 1.12313627 0.10009814 -0.74430595
v 1.14162200 0.09598962 -0.69556169
v 1.16695236 0.09709543 -0.64982599
v 1.19835770 0.10338198 -0.60848850
v 1.23488378 0.11465825 -0.57280523
v 1.27542078 0.13058162 -0.54386040
v 1.31873699 0.15066826 -0.52253349
v 1.36351628 0.17430785 -0.50947251
v 1.40839805 0.20078212 -0.50507430
v 1.45201860 0.22928665 -0.50947251
v 1.49305253 0.25895535 -0.52253349
v 1.53025304 0.28888676 -0.54386040
v 1.56248983 0.31817142 -0.57280523
v 1.58878338 0.34591953 -0.60848850
v 1.60833479 0.37128798 -0.64982599
v 1.62055000 0.39350596 -0.69556169
v 1.62505785 0.41189839 -0.74430595
v 1.55091971 0.53143908 -0.76431572
v 1.53854915 0.54080588 -0.81425405
v 1.51916007 0.54455775 -0.86267503
v 1.49334158 0.54258069 -0.90810742
v 1.46187817 0.53493477 -0.94917076
v 1.42572584 0.52185231 -0.98461738
v 1.38598306 0.50373081 -1.01337024
v 1.34385739 0.48112089 -1.03455571
v 1.30062880 0.45470954 -1.04753007
v 1.25761078 0.42529925 -1.05189911
v 1.21611039 0.39378364 -1.04753007
v 1.17738860 0.36112030 -1.03455571
v 1.14262197 0.32830168 -1.01337024
v 1.11286686 0.29632496 -0.98461738
v 1.08902735 0.26616174 -0.94917076
v 1.07182781 0.23872851 -0.90810742
v 1.06179083 0.21485882 -0.86267503
v 1.05922138 0.19527794 -0.81425405
v 1.06419753 0.18058082 -0.76431572
v 1.07656809 0.17121402 -0.71437739
v 1.09595717 0.16746215 -0.66595641
v 1.12177566 0.16943921 -0.62052403
v 1.15323907 0.17708513 -0.57946068
v 1.18939140 0.19016759 -0.54401406
v 1.22913418 0.20828909 -0.51526120
v 1.27125985 0.23089901 -0.49407573
v 1.31448844 0.25731036 -0.48110137
v 1.35750646 0.28672065 -0.47673233
v 1.39900685 0.31823626 -0.48110137
v 1.43772864 0.35089960 -0.49407573
v 1.47249527 0.38371822 -0.51526120
v 1.50225038 0.41569494 -0.54401406
v 1.52608989 0.44585816 -0.57946068
v 1.54328943 0.47329138 -0.62052403
v 1.55332641 0.49716107 -0.66595641
v 1.55589586 0.51674196 -0.71437739
v 1.47522090 0.62918521 -0.73226867
v 1.46149895 0.63860284 -0.78184306
v 1.44117489 0.64191861 -0.82991117
v 1.41486625 0.63903176 -0.87501245
v 1.38337241 0.63003002 -0.91577654
v 1.34765028 0.61518689 -0.95096484
v 1.30878528 0.59495338 -0.97950816
v 1.26795829 0.56994427 -1.00053923
v 1.22640983 0.54091946 -1.01341904
v 1.18540231 0.50876084 -1.01775624
v 1.14618174 0.47444554 -1.01341904
v 1.10993980 0.43901621 -1.00053923
v 1.07777770 0.40354936 -0.97950816
v 1.05067266 0.36912263 -0.95096484
v 1.02944826 0.33678205 -0.91577654
v 1.01474938 0.30751027 -0.87501245
v 1.00702265 0.28219672 -0.82991117
v 1.00650284 0.26161052 -0.78184306
v 1.01320574 0.24637718 -0.73226867
v 1.02692769 0.23695955 -0.68269427
v 1.04725175 0.23364378 -0.63462617
v 1.07356040 0.23653063 -0.58952488
v 1.10505424 0.24553237 -0.54876079
v 1.14077636 0.26037550 -0.51357250
v 1.17964136 0.28060901 -0.48502917
v 1.22046835 0.30561812 -0.46399810
v 1.26201682 0.33464293 -0.45111829
v 1.30302433 0.36680155 -0.44678109
v 1.34224491 0.40111685 -0.45111829
v 1.37848684 0.43654618 -0.46399810
v 1.41064894 0.47201303 -0.48502917
v 1.43775398 0.50643976 -0.51357250
v 1.45897838 0.53878034 -0.54876079
v 1.47367726 0.56805211 -0.58952488
v 1.48140399 0.59336567 -0.63462617
v 1.48192380 0.61395187 -0.68269427
v 1.39544400 0.71913106 -0.69851137
v 1.38032828 0.72847522 -0.74769273
v 1.35905060 0.73127058 -0.79537973
v 1.33225748 0.72743221 -0.84012345
v 1.30076301 0.71707673 -0.88056435
v 1.26552412 0.70051879 -0.91547366
v 1.22761155 0.67826149 -0.94379069
v 1.18817724 0.65098111 -0.96465502
v 1.14841938 0.61950656 -0.97743272
v 1.10954600 0.58479416 -0.98173553
v 1.07273824 0.54789864 -0.97743272
v 1.03911449 0.50994105 -0.96465502
v 1.00969639 0.47207471 -0.94379069
v 0.98537780 0.43545018 -0.91547366
v 0.96689762 0.40118026 -0.88056435
v 0.95481736 0.37030624 -0.84012345
v 0.94950408 0.34376620 -0.79537973
v 0.95111922 0.32236655 -0.74769273
v 0.95961370 0.30675751 -0.69851137
v 0.97472941 0.29741335 -0.64933001
v 0.99600709 0.29461799 -0.60164300
v 1.02280022 0.29845636 -0.55689928
v 1.05429469 0.30881184 -0.51645838
v 1.08953357 0.32536979 -0.48154907
v 1.12744615 0.34762708 -0.45323204
v 1.16688046 0.37490746 -0.43236771
v 1.20663832 0.40638202 -0.41959001
v 1.24551170 0.44109441 -0.41528720
v 1.28231946 0.47798993 -0.41959001
v 1.31594320 0.51594752 -0.43236771
v 1.34536130 0.55381386 -0.45323204
v 1.36967989 0.59043839 -0.48154907
v 1.38816008 0.62470831 -0.51645838
v 1.40024033 0.65558233 -0.55689928
v 1.40555361 0.68212237 -0.60164300
v 1.40393848 0.70352202 -0.64933001
v 1.31236754 0.80134724 -0.66312266
v 1.29583481 0.81049011 -0.71188413
v 1.27359903 0.81267816 -0.75916401
v 1.24633582 0.80784489 -0.80352572
v 1.21487357 0.79613716 -0.84362136
v 1.18016822 0.77791072 -0.87823263
v 1.14327430 0.75371935 -0.90630790
v 1.10531280 0.72429810 -0.92699411
v 1.06743717 0.69054092 -0.93966271
v 1.03079822 0.65347351 -0.94392879
v 0.99650923 0.61422214 -0.93966271
v 0.96561205 0.57397944 -0.92699411
v 0.93904546 0.53396817 -0.90630790
v 0.91761669 0.49540404 -0.87823263
v 0.90197683 0.45945882 -0.84362136
v 0.89260110 0.42722468 -0.80352572
v 0.88977437 0.39968103 -0.75916401
v 0.89358252 0.37766478 -0.71188413
v 0.90390986 0.36184487 -0.66312266
v 0.92044259 0.35270200 -0.61436119
v 0.94267837 0.35051395 -0.56708131
v 0.96994157 0.35534722 -0.52271959
v 1.00140383 0.36705495 -0.48262396
v 1.03610917 0.38528139 -0.44801268
v 1.07300310 0.40947276 -0.41993742
v 1.11096460 0.43889401 -0.39925121
v 1.14884023 0.47265119 -0.38658260
v 1.18547917 0.50971860 -0.38231653
v 1.21976816 0.54896997 -0.38658260
v 1.25066535 0.58921267 -0.39925121
v 1.27723193 0.62922394 -0.41993742
v 1.29866071 0.66778807 -0.44801268
v 1.31430056 0.70373329 -0.48262396
v 1.32367630 0.73596743 -0.52271959
v 1.32650303 0.76351108 -0.56708131
v 1.32269487 0.78552733 -0.61436119
v 1.22672023 0.87598074 -0.62618520
v 1.20876716 0.88479398 -0.67450309
v 1.18558372 0.88628756 -0.72135287
v 1.15787432 0.88041610 -0.76531102
v 1.12648090 0.86735800 -0.80504191
v 1.09235732 0.84751004 -0.83933833
v 1.05654043 0.82147526 -0.86715820
v 1.02011849 0.79004474 -0.88765622
v 0.98419816 0.75417347 -0.90020958
v 0.94987088 0.71495138 -0.90443685
v 0.91817965 0.67357022 -0.90020958
v 0.89008741 0.63128732 -0.88765622
v 0.86644770 0.58938744 -0.86715820
v 0.84797883 0.54914368 -0.83933833
v 0.83524195 0.51177883 -0.80504191
v 0.82862407 0.47842820 -0.76531102
v 0.82832626 0.45010513 -0.72135287
v 0.83435759 0.42767021 -0.67450309
v 0.84653478 0.41180510 -0.62618520
v 0.86448785 0.40299186 -0.57786730
v 0.88767129 0.40149828 -0.53101753
v 0.91538069 0.40736974 -0.48705937
v 0.94677412 0.42042784 -0.44732848
v 0.98089769 0.44027581 -0.41303206
v 1.01671459 0.46631058 -0.38521220
v 1.05313653 0.49774110 -0.36471417
v 1.08905685 0.53361237 -0.35216081
v 1.12338413 0.57283446 -0.34793354
v 1.15507536 0.61421563 -0.35216081
v 1.18316761 0.65649852 -0.36471417
v 1.20680731 0.69839840 -0.38521220
v 1.22527618 0.73864216 -0.41303206
v 1.23801306 0.77600701 -0.44732848
v 1.24463095 0.80935764 -0.48705937
v 1.24492875 0.83768071 -0.53101753
v 1.23889742 0.86011563 -0.57786730
v 1.13917272 0.94324597 -0.58778525
v 1.11981616 0.95160367 -0.63564000
v 1.09571079 0.95231780 -0.68204071
v 1.06758903 0.94536667 -0.72557751
v 1.03630536 0.93096148 -0.76492756
v 1.00281031 0.90953993 -0.79889524
v 0.96812160 0.88175289 -0.82644844
v 0.93329325 0.84844467 -0.84674998
v 0.89938349 0.81062732 -0.85918302
v 0.86742265 0.76944989 -0.86336976
v 0.83838185 0.72616355 -0.85918302
v 0.81314347 0.68208353 -0.84674998
v 0.79247437 0.63854917 -0.82644844
v 0.77700258 0.59688325 -0.79889524
v 0.76719819 0.55835176 -0.76492756
v 0.76335911 0.52412547 -0.72557751
v 0.76560198 0.49524432 -0.68204071
v 0.77385866 0.47258585 -0.63564000
v 0.78787826 0.45683852 -0.58778525
v 0.80723482 0.44848082 -0.53993050
v 0.83134019 0.44776669 -0.49352980
v 0.85946195 0.45471782 -0.44999300
v 0.89074562 0.46912301 -0.41064294
v 0.92424068 0.49054457 -0.37667527
v 0.95892938 0.51833160 -0.34912207
v 0.99375773 0.55163982 -0.32882052
v 1.02766749 0.58945718 -0.31638749
v 1.05962833 0.63063460 -0.31220074
v 1.08866914 0.67392094 -0.31638749
v 1.11390751 0.71800097 -0.32882052
v 1.13457661 0.76153532 -0.34912207
v 1.15004840 0.80320125 -0.37667527
v 1.15985279 0.84173273 -0.41064294
v 1.16369187 0.87595903 -0.44999300
v 1.16144900 0.90484018 -0.49352980
v 1.15319233 0.92749865 -0.53993050
v 1.05033040 1.00341478 -0.54801251
v 1.02960712 1.01119638 -0.59538968
v 1.00462080 1.01105057 -0.64132732
v 0.97613064 1.00298177 -0.68442964
v 0.94500230 0.98723516 -0.72338700
v 0.91218161 0.96428919 -0.75701568
v 0.87866579 0.93484105 -0.78429392
v 0.84547322 0.89978552 -0.80439286
v 0.81361243 0.86018775 -0.81670181
v 0.78405149 0.81725088 -0.82084678
v 0.75768860 0.77227953 -0.81670181
v 0.73532478 0.72664014 -0.80439286
v 0.71763955 0.68171944 -0.78429392
v 0.70517027 0.63888231 -0.75701568
v 0.69829579 0.59943035 -0.72338700
v 0.69722501 0.56456228 -0.68442964
v 0.70199046 0.53533754 -0.64132732
v 0.71244734 0.51264413 -0.59538968
v 0.72827793 0.49717156 -0.54801251
v 0.74900121 0.48938996 -0.50063533
v 0.77398753 0.48953578 -0.45469769
v 0.80247769 0.49760457 -0.41159537
v 0.83360603 0.51335118 -0.37263802
v 0.86642672 0.53629716 -0.33900933
v 0.89994254 0.56574529 -0.31173110
v 0.93313511 0.60080082 -0.29163216
v 0.96499590 0.64039860 -0.27932320
v 0.99455684 0.68333546 -0.27517824
v 1.02091973 0.72830681 -0.27932320
v 1.04328355 0.77394620 -0.29163216
v 1.06096878 0.81886690 -0.31173110
v 1.07343806 0.86170403 -0.33900933
v 1.08031254 0.90115599 -0.37263802
v 1.08138332 0.93602406 -0.41159537
v 1.07661787 0.96524880 -0.45469769
v 1.06616099 0.98794221 -0.50063533
v 0.96072746 1.05680585 -0.50695985
v 0.93869339 1.06389873 -0.55385117
v 0.91288192 1.06281904 -0.59931771
v 0.88407732 1.05359960 -0.64197801
v 0.85315479 1.03652052 -0.68053585
v 0.82105391 1.01210075 -0.71381967
v 0.78875004 0.98108227 -0.74081816
v 0.75722473 0.94440756 -0.76071098
v 0.72743584 0.90319096 -0.77289371
v 0.70028851 0.85868482 -0.77699617
v 0.67660758 0.81224144 -0.77289371
v 0.65711260 0.76527196 -0.76071098
v 0.64239591 0.71920355 -0.74081816
v 0.63290466 0.67543595 -0.71381967
v 0.62892724 0.63529904 -0.68053585
v 0.63058451 0.60001234 -0.64197801
v 0.63782611 0.57064803 -0.59931771
v 0.65043201 0.54809833 -0.55385117
v 0.66801919 0.53304840 -0.50695985
v 0.69005325 0.52595552 -0.46006854
v 0.71586473 0.52703520 -0.41460200
v 0.74466933 0.53625464 -0.37194170
v 0.77559186 0.55333372 -0.33338386
v 0.80769274 0.57775349 -0.30010004
v 0.83999660 0.60877197 -0.27310155
v 0.87152192 0.64544668 -0.25320872
v 0.90131081 0.68666328 -0.24102600
v 0.92845814 0.73116942 -0.23692354
v 0.95213907 0.77761281 -0.24102600
v 0.97163405 0.82458228 -0.25320872
v 0.98635074 0.87065070 -0.27310155
v 0.99584199 0.91441829 -0.30010004
v 0.99981940 0.95455520 -0.33338386
v 0.99816213 0.98984190 -0.37194170
v 0.99092053 1.01920621 -0.41460200
v 0.97831463 1.04175591 -0.46006854
v 0.87082218 1.10377334 -0.46472317
v 0.84755126 1.11007507 -0.51112745
v 0.82098447 1.10799594 -0.55612175
v 0.79192903 1.09759912 -0.59833895
v 0.76126779 1.07920051 -0.63649631
v 0.72993236 1.05335915 -0.66943443
v 0.69887486 1.02086022 -0.69615250
v 0.66903895 0.98269117 -0.71583870
v 0.64133118 0.94001175 -0.72789489
v 0.61659345 0.89411876 -0.73195474
v 0.59557738 0.84640664 -0.72789489
v 0.57892155 0.79832508 -0.71583870
v 0.56713204 0.75133502 -0.69615250
v 0.56056705 0.70686425 -0.66943443
v 0.55942608 0.66626396 -0.63649631
v 0.56374378 0.63076779 -0.59833895
v 0.57338896 0.60145427 -0.55612175
v 0.58806856 0.57921407 -0.51112745
v 0.60733654 0.56472295 -0.46472317
v 0.63060747 0.55842122 -0.41831890
v 0.65717426 0.56050035 -0.37332459
v 0.68622969 0.57089717 -0.33110739
v 0.71689094 0.58929578 -0.29295003
v 0.74822637 0.61513714 -0.26001192
v 0.77928387 0.64763607 -0.23329385
v 0.80911978 0.68580512 -0.21360764
v 0.83682754 0.72848454 -0.20155145
v 0.86156528 0.77437753 -0.19749161
v 0.88258134 0.82208965 -0.20155145
v 0.89923717 0.87017121 -0.21360764
v 0.91102669 0.91716126 -0.23329385
v 0.91759167 0.96163204 -0.26001192
v 0.91873265 1.00223233 -0.29295003
v 0.91441495 1.03772850 -0.33110739
v 0.90476977 1.06704202 -0.37332459
v 0.89009017 1.08928222 -0.41831890
v 0.78099367 1.14469521 -0.42140111
v 0.75657624 1.15011524 -0.46732514
v 0.72933695 1.14698075 -0.51185379
v 0.70010347 1.13538700 -0.55363408
v 0.66976403 1.11568624 -0.59139654
v 0.63924050 1.08847708 -0.62399378
v 0.60946030 1.05458626 -0.65043534
v 0.58132829 1.01504352 -0.66991781
v 0.55569926 0.97105035 -0.68184922
v 0.53335193 0.92394348 -0.68586706
v 0.51496530 0.87515420 -0.68184922
v 0.50109805 0.82616496 -0.66991781
v 0.49217153 0.77846428 -0.65043534
v 0.48845696 0.73350152 -0.62399378
v 0.49006722 0.69264283 -0.59139654
v 0.49695336 0.65712971 -0.55363408
v 0.50890617 0.62804119 -0.51185379
v 0.52556246 0.60626111 -0.46732514
v 0.54641614 0.59245126 -0.42140111
v 0.57083357 0.58703123 -0.37547708
v 0.59807286 0.59016571 -0.33094843
v 0.62730634 0.60175947 -0.28916813
v 0.65764577 0.62146022 -0.25140567
v 0.68816931 0.64866938 -0.21880844
v 0.71794951 0.68256021 -0.19236688
v 0.74608151 0.72210295 -0.17288441
v 0.77171055 0.76609611 -0.16095299
v 0.79405788 0.81320299 -0.15693516
v 0.81244451 0.86199227 -0.16095299
v 0.82631176 0.91098150 -0.17288441
v 0.83523828 0.95868219 -0.19236688
v 0.83895285 1.00364495 -0.21880844
v 0.83734259 1.04450363 -0.25140567
v 0.83045645 1.08001676 -0.28916813
v 0.81850364 1.10910528 -0.33094843
v 0.80184735 1.13088535 -0.37547708
v 0.69154004 1.17996121 -0.37709484
v 0.66608103 1.18442197 -0.42255411
v 0.63826383 1.18018671 -0.46663211
v 0.60893367 1.16738412 -0.50798958
v 0.57898172 1.14640320 -0.54536987
v 0.54931806 1.11788145 -0.57763721
v 0.52084400 1.08268548 -0.60381117
v 0.49442471 1.04188471 -0.62309647
v 0.47086294 0.99671885 -0.63490714
v 0.45087459 0.94856023 -0.63888431
v 0.43506699 0.89887214 -0.63490714
v 0.42392047 0.84916431 -0.62309647
v 0.41777368 0.80094711 -0.60381117
v 0.41681341 0.75568558 -0.57763721
v 0.42106883 0.71475498 -0.54536987
v 0.43041064 0.67939895 -0.50798958
v 0.44455500 0.65069177 -0.46663211
v 0.46307213 0.62950570 -0.42255411
v 0.48539941 0.61648447 -0.37709484
v 0.51085842 0.61202371 -0.33163558
v 0.53867562 0.61625897 -0.28755757
v 0.56800578 0.62906156 -0.24620011
v 0.59795773 0.65004248 -0.20881981
v 0.62762139 0.67856423 -0.17655247
v 0.65609545 0.71376020 -0.15037851
v 0.68251473 0.75456097 -0.13109321
v 0.70607651 0.79972683 -0.11928254
v 0.72606486 0.84788545 -0.11530537
v 0.74187245 0.89757354 -0.11928254
v 0.75301898 0.94728136 -0.13109321
v 0.75916576 0.99549857 -0.15037851
v 0.76012603 1.04076010 -0.17655247
v 0.75587061 1.08169070 -0.20881981
v 0.74652880 1.11704673 -0.24620011
v 0.73238445 1.14575391 -0.28755757
v 0.71386731 1.16693998 -0.33163558
v 0.60267821 1.20996085 -0.33190785
v 0.57629516 1.21339819 -0.37692701
v 0.54800512 1.20802747 -0.42057827
v 0.51866765 1.19401188 -0.46153534
v 0.48917417 1.17177728 -0.49855373
v 0.46042082 1.14199926 -0.53050868
v 0.43328125 1.10558260 -0.55642924
v 0.40858009 1.06363381 -0.57552783
v 0.38706787 1.01742748 -0.58722415
v 0.36939823 0.96836757 -0.59116282
v 0.35610804 0.91794474 -0.58722415
v 0.34760113 0.86769105 -0.57552783
v 0.34413598 0.81913344 -0.55642924
v 0.34581787 0.77374732 -0.53050868
v 0.35259569 0.73291171 -0.49855373
v 0.36426351 0.69786739 -0.46153534
v 0.38046680 0.66967915 -0.42057827
v 0.40071325 0.64920349 -0.37692701
v 0.42438766 0.63706254 -0.33190785
v 0.45077070 0.63362520 -0.28688870
v 0.47906075 0.63899592 -0.24323743
v 0.50839821 0.65301151 -0.20228037
v 0.53789169 0.67524611 -0.16526197
v 0.56664504 0.70502413 -0.13330703
v 0.59378461 0.74144079 -0.10738647
v 0.61848577 0.78338958 -0.08828787
v 0.63999799 0.82959591 -0.07659155
v 0.65766764 0.87865582 -0.07265289
v 0.67095782 0.92907866 -0.07659155
v 0.67946473 0.97933234 -0.08828787
v 0.68292988 1.02788995 -0.10738647
v 0.68124800 1.07327607 -0.13330703
v 0.67447018 1.11411168 -0.16526197
v 0.66280236 1.14915601 -0.20228037
v 0.64659906 1.17734424 -0.24323743
v 0.62635262 1.19781991 -0.28688870
v 0.51454546 1.23507157 -0.28594568
v 0.48736654 1.23743453 -0.33055876
v 0.45871791 1.23090411 -0.37381629
v 0.42947005 1.21567875 -0.41440393
v 0.40051165 1.19222106 -0.45108842
v 0.37272258 1.16124379 -0.48275513
v 0.34694721 1.12368816 -0.50844189
v 0.32396871 1.08069528 -0.52736821
v 0.30448526 1.03357148 -0.53895903
v 0.28908887 0.98374859 -0.54286217
v 0.27824734 0.93274044 -0.53895903
v 0.27229008 0.88209690 -0.52736821
v 0.27139812 0.83335674 -0.50844189
v 0.27559854 0.78800091 -0.48275513
v 0.28476372 0.74740752 -0.45108842
v 0.29861518 0.71280998 -0.41440393
v 0.31673205 0.68525953 -0.37381629
v 0.33856386 0.66559326 -0.33055876
v 0.36344726 0.65440873 -0.28594568
v 0.39062619 0.65204577 -0.24133260
v 0.41927481 0.65857618 -0.19807506
v 0.44852267 0.67380154 -0.15748743
v 0.47748107 0.69725923 -0.12080294
v 0.50527014 0.72823651 -0.08913623
v 0.53104551 0.76579214 -0.06344947
v 0.55402401 0.80878501 -0.04452314
v 0.57350746 0.85590881 -0.03293232
v 0.58890385 0.90573171 -0.02902918
v 0.59974539 0.95673986 -0.03293232
v 0.60570264 1.00738340 -0.04452314
v 0.60659461 1.05612356 -0.06344947
v 0.60239419 1.10147939 -0.08913623
v 0.59322901 1.14207278 -0.12080294
v 0.57937754 1.17667031 -0.15748743
v 0.56126067 1.20422077 -0.19807506
v 0.53942886 1.22388704 -0.24133260
v 0.42720287 1.25564732 -0.23931566
v 0.39936492 1.25689734 -0.28356598
v 0.37048004 1.24919270 -0.32647177
v 0.34142590 1.23276751 -0.36672937
v 0.31308527 1.20812084 -0.40311556
v 0.28631929 1.17600157 -0.43452478
v 0.26194122 1.13738562 -0.46000267
v 0.24069177 1.09344633 -0.47877510
v 0.22321660 1.04551876 -0.49027167
v 0.21004669 0.99505917 -0.49414307
v 0.20158219 0.94360075 -0.49027167
v 0.19808029 0.89270704 -0.47877510
v 0.19964741 0.84392441 -0.46000267
v 0.20623591 0.79873511 -0.43452478
v 0.21764562 0.75851218 -0.40311556
v 0.23352985 0.72447778 -0.36672937
v 0.25340598 0.69766603 -0.32647177
v 0.27667007 0.67889159 -0.28356598
v 0.30261525 0.66872491 -0.23931566
v 0.33045320 0.66747489 -0.19506535
v 0.35933808 0.67517953 -0.15215956
v 0.38839223 0.69160472 -0.11190196
v 0.41673285 0.71625139 -0.07551576
v 0.44349883 0.74837066 -0.04410655
v 0.46787691 0.78698661 -0.01862866
v 0.48912635 0.83092590 0.00014377
v 0.50660152 0.87885347 0.01164034
v 0.51977143 0.92931306 0.01551174
v 0.52823593 0.98077148 0.01164034
v 0.53173783 1.03166519 0.00014377
v 0.53017071 1.08044782 -0.01862866
v 0.52358221 1.12563712 -0.04410655
v 0.51217250 1.16586005 -0.07551576
v 0.49628827 1.19989445 -0.11190196
v 0.47641214 1.22670620 -0.15215956
v 0.45314806 1.24548064 -0.19506535
v 0.34064072 1.27200797 -0.19212672
v 0.31228756 1.27211757 -0.23606634
v 0.28329587 1.26323277 -0.27867088
v 0.25454656 1.24562352 -0.31864582
v 0.22691316 1.21982487 -0.35477654
v 0.20123529 1.18662069 -0.38596523
v 0.17829317 1.14701988 -0.41126423
v 0.15878387 1.10222570 -0.42990485
v 0.14330019 1.05359918 -0.44132071
v 0.13231258 1.00261782 -0.44516492
v 0.12615489 0.95083067 -0.44132071
v 0.12501423 0.89981124 -0.42990485
v 0.12892525 0.85110975 -0.41126423
v 0.13776913 0.80620595 -0.38596523
v 0.15127713 0.76646423 -0.35477654
v 0.16903883 0.73309213 -0.31864582
v 0.19051455 0.70710363 -0.27867088
v 0.21505175 0.68928838 -0.23606634
v 0.24190490 0.68018769 -0.19212672
v 0.27025806 0.68007808 -0.14818709
v 0.29924975 0.68896288 -0.10558255
v 0.32799906 0.70657214 -0.06560761
v 0.35563246 0.73237079 -0.02947689
v 0.38131033 0.76557497 0.00171180
v 0.40425245 0.80517577 0.02701080
v 0.42376175 0.84996996 0.04565142
v 0.43924543 0.89859648 0.05706727
v 0.45023304 0.94957784 0.06091149
v 0.45639073 1.00136499 0.05706727
v 0.45753139 1.05238441 0.04565142
v 0.45362037 1.10108591 0.02701080
v 0.44477650 1.14598970 0.00171180
v 0.43126849 1.18573142 -0.02947689
v 0.41350679 1.21910353 -0.06560761
v 0.39203107 1.24509203 -0.10558255
v 0.36749387 1.26290728 -0.14818709
v 0.25478599 1.28442957 -0.14448905
v 0.22606691 1.28338088 -0.18817794
v 0.19710420 1.27331732 -0.23053937
v 0.16877787 1.25454466 -0.27028620
v 0.14194860 1.22763329 -0.30621075
v 0.11743160 1.19340090 -0.33722146
v 0.09597179 1.15288763 -0.36237610
v 0.07822122 1.10732445 -0.38091035
v 0.06471923 1.05809578 -0.39226106
v 0.05587607 1.00669740 -0.39608335
v 0.05196045 0.95469103 -0.39226106
v 0.05309133 0.90365686 -0.38091035
v 0.05923435 0.85514553 -0.36237610
v 0.07020285 0.81063103 -0.33722146
v 0.08566358 0.77146592 -0.30621075
v 0.10514675 0.73884021 -0.27028620
v 0.12806039 0.71374521 -0.23053937
v 0.15370828 0.69694342 -0.18817794
v 0.18131111 0.68894536 -0.14448905
v 0.21003019 0.68999404 -0.10080016
v 0.23899290 0.70005760 -0.05843873
v 0.26731923 0.71883027 -0.01869190
v 0.29414850 0.74574164 0.01723265
v 0.31866550 0.77997402 0.04824336
v 0.34012531 0.82048729 0.07339800
v 0.35787588 0.86605047 0.09193225
v 0.37137787 0.91527914 0.10328296
v 0.38022103 0.96667752 0.10710525
v 0.38413665 1.01868389 0.10328296
v 0.38300577 1.06971806 0.09193225
v 0.37686275 1.11822940 0.07339800
v 0.36589425 1.16274389 0.04824336
v 0.35043352 1.20190900 0.01723265
v 0.33095035 1.23453472 -0.01869190
v 0.30803671 1.25962972 -0.05843873
v 0.28238882 1.27643150 -0.10080016
v 0.16951189 1.29313608 -0.09651392
v 0.14058045 1.29091920 -0.14001865
v 0.11178827 1.27968440 -0.18220152
v 0.08401018 1.25977304 -0.22178081
v 0.05809021 1.23179013 -0.25755393
v 0.03481591 1.19658591 -0.28843393
v 0.01489448 1.15523004 -0.31348253
v -0.00106880 1.10897909 -0.33193866
v -0.01258888 1.05923839 -0.34324153
v -0.01931573 1.00751927 -0.34704770
v -0.02104496 0.95539320 -0.34324153
v -0.01772403 0.90444400 -0.33193866
v -0.00945384 0.85621974 -0.31348253
v 0.00351432 0.81218568 -0.28843393
v 0.02078643 0.77367977 -0.25755393
v 0.04183767 0.74187201 -0.22178081
v 0.06602841 0.71772885 -0.18220152
v 0.09262364 0.70198387 -0.14001865
v 0.12081526 0.69511548 -0.09651392
v 0.14974670 0.69733236 -0.05300919
v 0.17853888 0.70856716 -0.01082632
v 0.20631697 0.72847851 0.02875297
v 0.23223695 0.75646142 0.06452609
v 0.25551124 0.79166565 0.09540609
v 0.27543268 0.83302152 0.12045469
v 0.29139595 0.87927246 0.13891082
v 0.30291603 0.92901316 0.15021368
v 0.30964288 0.98073228 0.15401985
v 0.31137211 1.03285835 0.15021368
v 0.30805118 1.08380755 0.13891082
v 0.29978099 1.13203182 0.12045469
v 0.28681283 1.17606588 0.09540609
v 0.26954073 1.21457178 0.06452609
v 0.24848949 1.24637954 0.02875297
v 0.22429874 1.27052270 -0.01082632
v 0.19770352 1.28626768 -0.05300919
v 0.08464933 1.29829253 -0.04831338
v 0.05566237 1.29490412 -0.09170553
v 0.02718760 1.28251077 -0.13377924
v 0.00009021 1.26148905 -0.17325611
v -0.02480646 1.23247768 -0.20893666
v -0.04674592 1.19635818 -0.23973675
v -0.06506157 1.15422800 -0.26472054
v -0.07919690 1.10736726 -0.28312890
v -0.08872240 1.05719979 -0.29440252
v -0.09334865 1.00524991 -0.29819884
v -0.09293508 0.95309609 -0.29440252
v -0.08749427 0.90232299 -0.28312890
v -0.07719152 0.85447333 -0.26472054
v -0.06233988 0.81100100 -0.23973675
v -0.04339061 0.77322688 -0.20893666
v -0.02091947 0.74229872 -0.17325611
v 0.00439076 0.71915626 -0.13377924
v 0.03177104 0.70450266 -0.09170553
v 0.06038944 0.69878318 -0.04831338
v 0.08937641 0.70217159 -0.00492122
v 0.11785118 0.71456494 0.03715248
v 0.14494857 0.73558667 0.07662935
v 0.16984523 0.76459803 0.11230990
v 0.19178470 0.80071753 0.14310999
v 0.21010035 0.84284771 0.16809378
v 0.22423567 0.88970845 0.18650214
v 0.23376117 0.93987592 0.19777576
v 0.23838742 0.99182580 0.20157208
v 0.23797386 1.04397962 0.19777576
v 0.23253304 1.09475272 0.18650214
v 0.22223029 1.14260238 0.16809378
v 0.20737865 1.18607471 0.14310999
v 0.18842938 1.22384883 0.11230990
v 0.16595824 1.25477699 0.07662935
v 0.14064801 1.27791945 0.03715248
v 0.11326773 1.29257305 -0.00492122
v 0.00000000 1.30000000 -0.00000000
v -0.02888319 1.29544233 -0.04335428
v -0.05688879 1.28190779 -0.08539125
v -0.08316584 1.25980762 -0.12483366
v -0.10691595 1.22981333 -0.16048306
v -0.12741746 1.19283628 -0.19125626
v -0.14404747 1.15000000 -0.21621824
v -0.15630066 1.10260604 -0.23461054
v -0.16380473 1.05209445 -0.24587431
v -0.16633169 1.00000000 -0.24966732
v -0.16380473 0.94790555 -0.24587431
v -0.15630066 0.89739396 -0.23461054
v -0.14404747 0.85000000 -0.21621824
v -0.12741746 0.80716372 -0.19125626
v -0.10691595 0.77018667 -0.16048306
v -0.08316584 0.74019238 -0.12483366
v -0.05688879 0.71809221 -0.08539125
v -0.02888319 0.70455767 -0.04335428
v 0.00000000 0.70000000 -0.00000000
v 0.02888319 0.70455767 0.04335428
v 0.05688879 0.71809221 0.08539125
v 0.08316584 0.74019238 0.12483366
v 0.10691595 0.77018667 0.16048306
v 0.12741746 0.80716372 0.19125626
v 0.14404747 0.85000000 0.21621824
v 0.15630066 0.89739396 0.23461054
v 0.16380473 0.94790555 0.24587431
v 0.16633169 1.00000000 0.24966732
v 0.16380473 1.05209445 0.24587431
v 0.15630066 1.10260604 0.23461054
v 0.14404747 1.15000000 0.21621824
v 0.12741746 1.19283628 0.19125626
v 0.10691595 1.22981333 0.16048306
v 0.08316584 1.25980762 0.12483366
v 0.05688879 1.28190779 0.08539125
v 0.02888319 1.29544233 0.04335428
v -0.08464933 1.29829253 0.04831338
v -0.11326773 1.29257305 0.00492122
v -0.14064801 1.27791945 -0.03715248
v -0.16595824 1.25477699 -0.07662935
v -0.18842938 1.22384883 -0.11230990
v -0.20737865 1.18607471 -0.14310999
v -0.22223029 1.14260238 -0.16809378
v -0.23253304 1.09475272 -0.18650214
v -0.23797386 1.04397962 -0.19777576
v -0.23838742 0.99182580 -0.20157208
v -0.23376117 0.93987592 -0.19777576
v -0.22423567 0.88970845 -0.18650214
v -0.21010035 0.84284771 -0.16809378
v -0.19178470 0.80071753 -0.14310999
v -0.16984523 0.76459803 -0.11230990
v -0.14494857 0.73558667 -0.07662935
v -0.11785118 0.71456494 -0.03715248
v -0.08937641 0.70217159 0.00492122
v -0.06038944 0.69878318 0.04831338
v -0.03177104 0.70450266 0.09170553
v -0.00439076 0.71915626 0.13377924
v 0.02091947 0.74229872 0.17325611
v 0.04339061 0.77322688 0.20893666
v 0.06233988 0.81100100 0.23973675
v 0.07719152 0.85447333 0.26472054
v 0.08749427 0.90232299 0.28312890
v 0.09293508 0.95309609 0.29440252
v 0.09334865 1.00524991 0.29819884
v 0.08872240 1.05719979 0.29440252
v 0.07919690 1.10736726 0.28312890
v 0.06506157 1.15422800 0.26472054
v 0.04674592 1.19635818 0.23973675
v 0.02480646 1.23247768 0.20893666
v -0.00009021 1.26148905 0.17325611
v -0.02718760 1.28251077 0.13377924
v -0.05566237 1.29490412 0.09170553
v -0.16951189 1.29313608 0.09651392
v -0.19770352 1.28626768 0.05300919
v -0.22429874 1.27052270 0.01082632
v -0.24848949 1.24637954 -0.02875297
v -0.26954073 1.21457178 -0.06452609
v -0.28681283 1.17606588 -0.09540609
v -0.29978099 1.13203182 -0.12045469
v -0.30805118 1.08380755 -0.13891082
v -0.31137211 1.03285835 -0.15021368
v -0.30964288 0.98073228 -0.15401985
v -0.30291603 0.92901316 -0.15021368
v -0.29139595 0.87927246 -0.13891082
v -0.27543268 0.83302152 -0.12045469
v -0.25551124 0.79166565 -0.09540609
v -0.23223695 0.75646142 -0.06452609
v -0.20631697 0.72847851 -0.02875297
v -0.17853888 0.70856716 0.01082632
v -0.14974670 0.69733236 0.05300919
v -0.12081526 0.69511548 0.09651392
v -0.09262364 0.70198387 0.14001865
v -0.06602841 0.71772885 0.18220152
v -0.04183767 0.74187201 0.22178081
v -0.02078643 0.77367977 0.25755393
v -0.00351432 0.81218568 0.28843393
v 0.00945384 0.85621974 0.31348253
v 0.01772403 0.90444400 0.33193866
v 0.02104496 0.95539320 0.34324153
v 0.01931573 1.00751927 0.34704770
v 0.01258888 1.05923839 0.34324153
v 0.00106880 1.10897909 0.33193866
v -0.01489448 1.15523004 0.31348253
v -0.03481591 1.19658591 0.28843393
v -0.05809021 1.23179013 0.25755393
v -0.08401018 1.25977304 0.22178081
v -0.11178827 1.27968440 0.18220152
v -0.14058045 1.29091920 0.14001865
v -0.25478599 1.28442957 0.14448905
v -0.28238882 1.27643150 0.10080016
v -0.30803671 1.25962972 0.05843873
v -0.33095035 1.23453472 0.01869190
v -0.35043352 1.20190900 -0.01723265
v -0.36589425 1.16274389 -0.04824336
v -0.37686275 1.11822940 -0.07339800
v -0.38300577 1.06971806 -0.09193225
v -0.38413665 1.01868389 -0.10328296
v -0.38022103 0.96667752 -0.10710525
v -0.37137787 0.91527914 -0.10328296
v -0.35787588 0.86605047 -0.09193225
v -0.34012531 0.82048729 -0.07339800
v -0.31866550 0.77997402 -0.04824336
v -0.29414850 0.74574164 -0.01723265
v -0.26731923 0.71883027 0.01869190
v -0.23899290 0.70005760 0.05843873
v -0.21003019 0.68999404 0.10080016
v -0.18131111 0.68894536 0.14448905
v -0.15370828 0.69694342 0.18817794
v -0.12806039 0.71374521 0.23053937
v -0.10514675 0.73884021 0.27028620
v -0.08566358 0.77146592 0.30621075
v -0.07020285 0.81063103 0.33722146
v -0.05923435 0.85514553 0.36237610
v -0.05309133 0.90365686 0.38091035
v -0.05196045 0.95469103 0.39226106
v -0.05587607 1.00669740 0.39608335
v -0.06471923 1.05809578 0.39226106
v -0.07822122 1.10732445 0.38091035
v -0.09597179 1.15288763 0.36237610
v -0.11743160 1.19340090 0.33722146
v -0.14194860 1.22763329 0.30621075
v -0.16877787 1.25454466 0.27028620
v -0.19710420 1.27331732 0.23053937
v -0.22606691 1.28338088 0.18817794
v -0.34064072 1.27200797 0.19212672
v -0.36749387 1.26290728 0.14818709
v -0.39203107 1.24509203 0.10558255
v -0.41350679 1.21910353 0.06560761
v -0.43126849 1.18573142 0.02947689
v -0.44477650 1.14598970 -0.00171180
v -0.45362037 1.10108591 -0.02701080
v -0.45753139 1.05238441 -0.04565142
v -0.45639073 1.00136499 -0.05706727
v -0.45023304 0.94957784 -0.06091149
v -0.43924543 0.89859648 -0.05706727
v -0.42376175 0.84996996 -0.04565142
v -0.40425245 0.80517577 -0.02701080
v -0.38131033 0.76557497 -0.00171180
v -0.35563246 0.73237079 0.02947689
v -0.32799906 0.70657214 0.06560761
v -0.29924975 0.68896288 0.10558255
v -0.27025806 0.68007808 0.14818709
v -0.24190490 0.68018769 0.19212672
v -0.21505175 0.68928838 0.23606634
v -0.19051455 0.70710363 0.27867088
v -0.16903883 0.73309213 0.31864582
v -0.15127713 0.76646423 0.35477654
v -0.13776913 0.80620595 0.38596523
v -0.12892525 0.85110975 0.41126423
v -0.12501423 0.89981124 0.42990485
v -0.12615489 0.95083067 0.44132071
v -0.13231258 1.00261782 0.44516492
v -0.14330019 1.05359918 0.44132071
v -0.15878387 1.10222570 0.42990485
v -0.17829317 1.14701988 0.41126423
v -0.20123529 1.18662069 0.38596523
v -0.22691316 1.21982487 0.35477654
v -0.25454656 1.24562352 0.31864582
v -0.28329587 1.26323277 0.27867088
v -0.31228756 1.27211757 0.23606634
v -0.42720287 1.25564732 0.23931566
v -0.45314806 1.24548064 0.19506535
v -0.47641214 1.22670620 0.15215956
v -0.49628827 1.19989445 0.11190196
v -0.51217250 1.16586005 0.07551576
v -0.52358221 1.12563712 0.04410655
v -0.53017071 1.08044782 0.01862866
v -0.53173783 1.03166519 -0.00014377
v -0.52823593 0.98077148 -0.01164034
v -0.51977143 0.92931306 -0.01551174
v -0.50660152 0.87885347 -0.01164034
v -0.48912635 0.83092590 -0.00014377
v -0.46787691 0.78698661 0.01862866
v -0.44349883 0.74837066 0.04410655
v -0.41673285 0.71625139 0.07551576
v -0.38839223 0.69160472 0.11190196
v -0.35933808 0.67517953 0.15215956
v -0.33045320 0.66747489 0.19506535
v -0.30261525 0.66872491 0.23931566
v -0.27667007 0.67889159 0.28356598
v -0.25340598 0.69766603 0.32647177
v -0.23352985 0.72447778 0.36672937
v -0.21764562 0.75851218 0.40311556
v -0.20623591 0.79873511 0.43452478
v -0.19964741 0.84392441 0.46000267
v -0.19808029 0.89270704 0.47877510
v -0.20158219 0.94360075 0.49027167
v -0.21004669 0.99505917 0.49414307
v -0.22321660 1.04551876 0.49027167
v -0.24069177 1.09344633 0.47877510
v -0.26194122 1.13738562 0.46000267
v -0.28631929 1.17600157 0.43452478
v -0.31308527 1.20812084 0.40311556
v -0.34142590 1.23276751 0.36672937
v -0.37048004 1.24919270 0.32647177
v -0.39936492 1.25689734 0.28356598
v -0.51454546 1.23507157 0.28594568
v -0.53942886 1.22388704 0.24133260
v -0.56126067 1.20422077 0.19807506
v -0.57937754 1.17667031 0.15748743
v -0.59322901 1.14207278 0.12080294
v -0.60239419 1.10147939 0.08913623
v -0.60659461 1.05612356 0.06344947
v -0.60570264 1.00738340 0.04452314
v -0.59974539 0.95673986 0.03293232
v -0.58890385 0.90573171 0.02902918
v -0.57350746 0.85590881 0.03293232
v -0.55402401 0.80878501 0.04452314
v -0.53104551 0.76579214 0.06344947
v -0.50527014 0.72823651 0.08913623
v -0.47748107 0.69725923 0.12080294
v -0.44852267 0.67380154 0.15748743
v -0.41927481 0.65857618 0.19807506
v -0.39062619 0.65204577 0.24133260
v -0.36344726 0.65440873 0.28594568
v -0.33856386 0.66559326 0.33055876
v -0.31673205 0.68525953 0.37381629
v -0.29861518 0.71280998 0.41440393
v -0.28476372 0.74740752 0.45108842
v -0.27559854 0.78800091 0.48275513
v -0.27139812 0.83335674 0.50844189
v -0.27229008 0.88209690 0.52736821
v -0.27824734 0.93274044 0.53895903
v -0.28908887 0.98374859 0.54286217
v -0.30448526 1.03357148 0.53895903
v -0.32396871 1.08069528 0.52736821
v -0.34694721 1.12368816 0.50844189
v -0.37272258 1.16124379 0.48275513
v -0.40051165 1.19222106 0.45108842
v -0.42947005 1.21567875 0.41440393
v -0.45871791 1.23090411 0.37381629
v -0.48736654 1.23743453 0.33055876
v -0.60267821 1.20996085 0.33190785
v -0.62635262 1.19781991 0.28688870
v -0.64659906 1.17734424 0.24323743
v -0.66280236 1.14915601 0.20228037
v -0.67447018 1.11411168 0.16526197
v -0.68124800 1.07327607 0.13330703
v -0.68292988 1.02788995 0.10738647
v -0.67946473 0.97933234 0.08828787
v -0.67095782 0.92907866 0.07659155
v -0.65766764 0.87865582 0.07265289
v -0.63999799 0.82959591 0.07659155
v -0.61848577 0.78338958 0.08828787
v -0.59378461 0.74144079 0.10738647
v -0.56664504 0.70502413 0.13330703
v -0.53789169 0.67524611 0.16526197
v -0.50839821 0.65301151 0.20228037
v -0.47906075 0.63899592 0.24323743
v -0.45077070 0.63362520 0.28688870
v -0.42438766 0.63706254 0.33190785
v -0.40071325 0.64920349 0.37692701
v -0.38046680 0.66967915 0.42057827
v -0.36426351 0.69786739 0.46153534
v -0.35259569 0.73291171 0.49855373
v -0.34581787 0.77374732 0.53050868
v -0.34413598 0.81913344 0.55642924
v -0.34760113 0.86769105 0.57552783
v -0.35610804 0.91794474 0.58722415
v -0.36939823 0.96836757 0.59116282
v -0.38706787 1.01742748 0.58722415
v -0.40858009 1.06363381 0.57552783
v -0.43328125 1.10558260 0.55642924
v -0.46042082 1.14199926 0.53050868
v -0.48917417 1.17177728 0.49855373
v -0.51866765 1.19401188 0.46153534
v -0.54800512 1.20802747 0.42057827
v -0.57629516 1.21339819 0.37692701
v -0.69154004 1.17996121 0.37709484
v -0.71386731 1.16693998 0.33163558
v -0.73238445 1.14575391 0.28755757
v -0.74652880 1.11704673 0.24620011
v -0.75587061 1.08169070 0.20881981
v -0.76012603 1.04076010 0.17655247
v -0.75916576 0.99549857 0.15037851
v -0.75301898 0.94728136 0.13109321
v -0.74187245 0.89757354 0.11928254
v -0.72606486 0.84788545 0.11530537
v -0.70607651 0.79972683 0.11928254
v -0.68251473 0.75456097 0.13109321
v -0.65609545 0.71376020 0.15037851
v -0.62762139 0.67856423 0.17655247
v -0.59795773 0.65004248 0.20881981
v -0.56800578 0.62906156 0.24620011
v -0.53867562 0.61625897 0.28755757
v -0.51085842 0.61202371 0.33163558
v -0.48539941 0.61648447 0.37709484
v -0.46307213 0.62950570 0.42255411
v -0.44455500 0.65069177 0.46663211
v -0.43041064 0.67939895 0.50798958
v -0.42106883 0.71475498 0.54536987
v -0.41681341 0.75568558 0.57763721
v -0.41777368 0.80094711 0.60381117
v -0.42392047 0.84916431 0.62309647
v -0.43506699 0.89887214 0.63490714
v -0.45087459 0.94856023 0.63888431
v -0.47086294 0.99671885 0.63490714
v -0.49442471 1.04188471 0.62309647
v -0.52084400 1.08268548 0.60381117
v -0.54931806 1.11788145 0.57763721
v -0.57898172 1.14640320 0.54536987
v -0.60893367 1.16738412 0.50798958
v -0.63826383 1.18018671 0.46663211
v -0.66608103 1.18442197 0.42255411
v -0.78099367 1.14469521 0.42140111
v -0.80184735 1.13088535 0.37547708
v -0.81850364 1.10910528 0.33094843
v -0.83045645 1.08001676 0.28916813
v -0.83734259 1.04450363 0.25140567
v -0.83895285 1.00364495 0.21880844
v -0.83523828 0.95868219 0.19236688
v -0.82631176 0.91098150 0.17288441
v -0.81244451 0.86199227 0.16095299
v -0.79405788 0.81320299 0.15693516
v -0.77171055 0.76609611 0.16095299
v -0.74608151 0.72210295 0.17288441
v -0.71794951 0.68256021 0.19236688
v -0.68816931 0.64866938 0.21880844
v -0.65764577 0.62146022 0.25140567
v -0.62730634 0.60175947 0.28916813
v -0.59807286 0.59016571 0.33094843
v -0.57083357 0.58703123 0.37547708
v -0.54641614 0.59245126 0.42140111
v -0.52556246 0.60626111 0.46732514
v -0.50890617 0.62804119 0.51185379
v -0.49695336 0.65712971 0.55363408
v -0.49006722 0.69264283 0.59139654
v -0.48845696 0.73350152 0.62399378
v -0.49217153 0.77846428 0.65043534
v -0.50109805 0.82616496 0.66991781
v -0.51496530 0.87515420 0.68184922
v -0.53335193 0.92394348 0.68586706
v -0.55569926 0.97105035 0.68184922
v -0.58132829 1.01504352 0.66991781
v -0.60946030 1.05458626 0.65043534
v -0.63924050 1.08847708 0.62399378
v -0.66976403 1.11568624 0.59139654
v -0.70010347 1.13538700 0.55363408
v -0.72933695 1.14698075 0.51185379
v -0.75657624 1.15011524 0.46732514
v -0.87082218 1.10377334 0.46472317
v -0.89009017 1.08928222 0.41831890
v -0.90476977 1.06704202 0.37332459
v -0.91441495 1.03772850 0.33110739
v -0.91873265 1.00223233 0.29295003
v -0.91759167 0.96163204 0.26001192
v -0.91102669 0.91716126 0.23329385
v -0.89923717 0.87017121 0.21360764
v -0.88258134 0.82208965 0.20155145
v -0.86156528 0.77437753 0.19749161
v -0.83682754 0.72848454 0.20155145
v -0.80911978 0.68580512 0.21360764
v -0.77928387 0.64763607 0.23329385
v -0.74822637 0.61513714 0.26001192
v -0.71689094 0.58929578 0.29295003
v -0.68622969 0.57089717 0.33110739
v -0.65717426 0.56050035 0.37332459
v -0.63060747 0.55842122 0.41831890
v -0.60733654 0.56472295 0.46472317
v -0.58806856 0.57921407 0.51112745
v -0.57338896 0.60145427 0.55612175
v -0.56374378 0.63076779 0.59833895
v -0.55942608 0.66626396 0.63649631
v -0.56056705 0.70686425 0.66943443
v -0.56713204 0.75133502 0.69615250
v -0.57892155 0.79832508 0.71583870
v -0.59557738 0.84640664 0.72789489
v -0.61659345 0.89411876 0.73195474
v -0.64133118 0.94001175 0.72789489
v -0.66903895 0.98269117 0.71583870
v -0.69887486 1.02086022 0.69615250
v -0.72993236 1.05335915 0.66943443
v -0.76126779 1.07920051 0.63649631
v -0.79192903 1.09759912 0.59833895
v -0.82098447 1.10799594 0.55612175
v -0.84755126 1.11007507 0.51112745
v -0.96072746 1.05680585 0.50695985
v -0.97831463 1.04175591 0.46006854
v -0.99092053 1.01920621 0.41460200
v -0.99816213 0.98984190 0.37194170
v -0.99981940 0.95455520 0.33338386
v -0.99584199 0.91441829 0.30010004
v -0.98635074 0.87065070 0.27310155
v -0.97163405 0.82458228 0.25320872
v -0.95213907 0.77761281 0.24102600
v -0.92845814 0.73116942 0.23692354
v -0.90131081 0.68666328 0.24102600
v -0.87152192 0.64544668 0.25320872
v -0.83999660 0.60877197 0.27310155
v -0.80769274 0.57775349 0.30010004
v -0.77559186 0.55333372 0.33338386
v -0.74466933 0.53625464 0.37194170
v -0.71586473 0.52703520 0.41460200
v -0.69005325 0.52595552 0.46006854
v -0.66801919 0.53304840 0.50695985
v -0.65043201 0.54809833 0.55385117
v -0.63782611 0.57064803 0.59931771
v -0.63058451 0.60001234 0.64197801
v -0.62892724 0.63529904 0.68053585
v -0.63290466 0.67543595 0.71381967
v -0.64239591 0.71920355 0.74081816
v -0.65711260 0.76527196 0.76071098
v -0.67660758 0.81224144 0.77289371
v -0.70028851 0.85868482 0.77699617
v -0.72743584 0.90319096 0.77289371
v -0.75722473 0.94440756 0.76071098
v -0.78875004 0.98108227 0.74081816
v -0.82105391 1.01210075 0.71381967
v -0.85315479 1.03652052 0.68053585
v -0.88407732 1.05359960 0.64197801
v -0.91288192 1.06281904 0.59931771
v -0.93869339 1.06389873 0.55385117
v -1.05033040 1.00341478 0.54801251
v -1.06616099 0.98794221 0.50063533
v -1.07661787 0.96524880 0.45469769
v -1.08138332 0.93602406 0.41159537
v -1.08031254 0.90115599 0.37263802
v -1.07343806 0.86170403 0.33900933
v -1.06096878 0.81886690 0.31173110
v -1.04328355 0.77394620 0.29163216
v -1.02091973 0.72830681 0.27932320
v -0.99455684 0.68333546 0.27517824
v -0.96499590 0.64039860 0.27932320
v -0.93313511 0.60080082 0.29163216
v -0.89994254 0.56574529 0.31173110
v -0.86642672 0.53629716 0.33900933
v -0.83360603 0.51335118 0.37263802
v -0.80247769 0.49760457 0.41159537
v -0.77398753 0.48953578 0.45469769
v -0.74900121 0.48938996 0.50063533
v -0.72827793 0.49717156 0.54801251
v -0.71244734 0.51264413 0.59538968
v -0.70199046 0.53533754 0.64132732
v -0.69722501 0.56456228 0.68442964
v -0.69829579 0.59943035 0.72338700
v -0.70517027 0.63888231 0.75701568
v -0.71763955 0.68171944 0.78429392
v -0.73532478 0.72664014 0.80439286
v -0.75768860 0.77227953 0.81670181
v -0.78405149 0.81725088 0.82084678
v -0.81361243 0.86018775 0.81670181
v -0.84547322 0.89978552 0.80439286
v -0.87866579 0.93484105 0.78429392
v -0.91218161 0.96428919 0.75701568
v -0.94500230 0.98723516 0.72338700
v -0.97613064 1.00298177 0.68442964
v -1.00462080 1.01105057 0.64132732
v -1.02960712 1.01119638 0.59538968
v -1.13917272 0.94324597 0.58778525
v -1.15319233 0.92749865 0.53993050
v -1.16144900 0.90484018 0.49352980
v -1.16369187 0.87595903 0.44999300
v -1.15985279 0.84173273 0.41064294
v -1.15004840 0.80320125 0.37667527
v -1.13457661 0.76153532 0.34912207
v -1.11390751 0.71800097 0.32882052
v -1.08866914 0.67392094 0.31638749
v -1.05962833 0.63063460 0.31220074
v -1.02766749 0.58945718 0.31638749
v -0.99375773 0.55163982 0.32882052
v -0.95892938 0.51833160 0.34912207
v -0.92424068 0.49054457 0.37667527
v -0.89074562 0.46912301 0.41064294
v -0.85946195 0.45471782 0.44999300
v -0.83134019 0.44776669 0.49352980
v -0.80723482 0.44848082 0.53993050
v -0.78787826 0.45683852 0.58778525
v -0.77385866 0.47258585 0.63564000
v -0.76560198 0.49524432 0.68204071
v -0.76335911 0.52412547 0.72557751
v -0.76719819 0.55835176 0.76492756
v -0.77700258 0.59688325 0.79889524
v -0.79247437 0.63854917 0.82644844
v -0.81314347 0.68208353 0.84674998
v -0.83838185 0.72616355 0.85918302
v -0.86742265 0.76944989 0.86336976
v -0.89938349 0.81062732 0.85918302
v -0.93329325 0.84844467 0.84674998
v -0.96812160 0.88175289 0.82644844
v -1.00281031 0.90953993 0.79889524
v -1.03630536 0.93096148 0.76492756
v -1.06758903 0.94536667 0.72557751
v -1.09571079 0.95231780 0.68204071
v -1.11981616 0.95160367 0.63564000
v -1.22672023 0.87598074 0.62618520
v -1.23889742 0.86011563 0.57786730
v -1.24492875 0.83768071 0.53101753
v -1.24463095 0.80935764 0.48705937
v -1.23801306 0.77600701 0.44732848
v -1.22527618 0.73864216 0.41303206
v -1.20680731 0.69839840 0.38521220
v -1.18316761 0.65649852 0.36471417
v -1.15507536 0.61421563 0.35216081
v -1.12338413 0.57283446 0.34793354
v -1.08905685 0.53361237 0.35216081
v -1.05313653 0.49774110 0.36471417
v -1.01671459 0.46631058 0.38521220
v -0.98089769 0.44027581 0.41303206
v -0.94677412 0.42042784 0.44732848
v -0.91538069 0.40736974 0.48705937
v -0.88767129 0.40149828 0.53101753
v -0.86448785 0.40299186 0.57786730
v -0.84653478 0.41180510 0.62618520
v -0.83435759 0.42767021 0.67450309
v -0.82832626 0.45010513 0.72135287
v -0.82862407 0.47842820 0.76531102
v -0.83524195 0.51177883 0.80504191
v -0.84797883 0.54914368 0.83933833
v -0.86644770 0.58938744 0.86715820
v -0.89008741 0.63128732 0.88765622
v -0.91817965 0.67357022 0.90020958
v -0.94987088 0.71495138 0.90443685
v -0.98419816 0.75417347 0.90020958
v -1.02011849 0.79004474 0.88765622
v -1.05654043 0.82147526 0.86715820
v -1.09235732 0.84751004 0.83933833
v -1.12648090 0.86735800 0.80504191
v -1.15787432 0.88041610 0.76531102
v -1.18558372 0.88628756 0.72135287
v -1.20876716 0.88479398 0.67450309
v -1.31236754 0.80134724 0.66312266
v -1.32269487 0.78552733 0.61436119
v -1.32650303 0.76351108 0.56708131
v -1.32367630 0.73596743 0.52271959
v -1.31430056 0.70373329 0.48262396
v -1.29866071 0.66778807 0.44801268
v -1.27723193 0.62922394 0.41993742
v -1.25066535 0.58921267 0.39925121
v -1.21976816 0.54896997 0.38658260
v -1.18547917 0.50971860 0.38231653
v -1.14884023 0.47265119 0.38658260
v -1.11096460 0.43889401 0.39925121
v -1.07300310 0.40947276 0.41993742
v -1.03610917 0.38528139 0.44801268
v -1.00140383 0.36705495 0.48262396
v -0.96994157 0.35534722 0.52271959
v -0.94267837 0.35051395 0.56708131
v -0.92044259 0.35270200 0.61436119
v -0.90390986 0.36184487 0.66312266
v -0.89358252 0.37766478 0.71188413
v -0.88977437 0.39968103 0.75916401
v -0.89260110 0.42722468 0.80352572
v -0.90197683 0.45945882 0.84362136
v -0.91761669 0.49540404 0.87823263
v -0.93904546 0.53396817 0.90630790
v -0.96561205 0.57397944 0.92699411
v -0.99650923 0.61422214 0.93966271
v -1.03079822 0.65347351 0.94392879
v -1.06743717 0.69054092 0.93966271
v -1.10531280 0.72429810 0.92699411
v -1.14327430 0.75371935 0.90630790
v -1.18016822 0.77791072 0.87823263
v -1.21487357 0.79613716 0.84362136
v -1.24633582 0.80784489 0.80352572
v -1.27359903 0.81267816 0.75916401
v -1.29583481 0.81049011 0.71188413
v -1.39544400 0.71913106 0.69851137
v -1.40393848 0.70352202 0.64933001
v -1.40555361 0.68212237 0.60164300
v -1.40024033 0.65558233 0.55689928
v -1.38816008 0.62470831 0.51645838
v -1.36967989 0.59043839 0.48154907
v -1.34536130 0.55381386 0.45323204
v -1.31594320 0.51594752 0.43236771
v -1.28231946 0.47798993 0.41959001
v -1.24551170 0.44109441 0.41528720
v -1.20663832 0.40638202 0.41959001
v -1.16688046 0.37490746 0.43236771
v -1.12744615 0.34762708 0.45323204
v -1.08953357 0.32536979 0.48154907
v -1.05429469 0.30881184 0.51645838
v -1.02280022 0.29845636 0.55689928
v -0.99600709 0.29461799 0.60164300
v -0.97472941 0.29741335 0.64933001
v -0.95961370 0.30675751 0.69851137
v -0.95111922 0.32236655 0.74769273
v -0.94950408 0.34376620 0.79537973
v -0.95481736 0.37030624 0.84012345
v -0.96689762 0.40118026 0.88056435
v -0.98537780 0.43545018 0.91547366
v -1.00969639 0.47207471 0.94379069
v -1.03911449 0.50994105 0.96465502
v -1.07273824 0.54789864 0.97743272
v -1.10954600 0.58479416 0.98173553
v -1.14841938 0.61950656 0.97743272
v -1.18817724 0.65098111 0.96465502
v -1.22761155 0.67826149 0.94379069
v -1.26552412 0.70051879 0.91547366
v -1.30076301 0.71707673 0.88056435
v -1.33225748 0.72743221 0.84012345
v -1.35905060 0.73127058 0.79537973
v -1.38032828 0.72847522 0.74769273
v -1.47522090 0.62918521 0.73226867
v -1.48192380 0.61395187 0.68269427
v -1.48140399 0.59336567 0.63462617
v -1.47367726 0.56805211 0.58952488
v -1.45897838 0.53878034 0.54876079
v -1.43775398 0.50643976 0.51357250
v -1.41064894 0.47201303 0.48502917
v -1.37848684 0.43654618 0.46399810
v -1.34224491 0.40111685 0.45111829
v -1.30302433 0.36680155 0.44678109
v -1.26201682 0.33464293 0.45111829
v -1.22046835 0.30561812 0.46399810
v -1.17964136 0.28060901 0.48502917
v -1.14077636 0.26037550 0.51357250
v -1.10505424 0.24553237 0.54876079
v -1.07356040 0.23653063 0.58952488
v -1.04725175 0.23364378 0.63462617
v -1.02692769 0.23695955 0.68269427
v -1.01320574 0.24637718 0.73226867
v -1.00650284 0.26161052 0.78184306
v -1.00702265 0.28219672 0.82991117
v -1.01474938 0.30751027 0.87501245
v -1.02944826 0.33678205 0.91577654
v -1.05067266 0.36912263 0.95096484
v -1.07777770 0.40354936 0.97950816
v -1.10993980 0.43901621 1.00053923
v -1.14618174 0.47444554 1.01341904
v -1.18540231 0.50876084 1.01775624
v -1.22640983 0.54091946 1.01341904
v -1.26795829 0.56994427 1.00053923
v -1.30878528 0.59495338 0.97950816
v -1.34765028 0.61518689 0.95096484
v -1.38337241 0.63003002 0.91577654
v -1.41486625 0.63903176 0.87501245
v -1.44117489 0.64191861 0.82991117
v -1.46149895 0.63860284 0.78184306
v -1.55091971 0.53143908 0.76431572
v -1.55589586 0.51674196 0.71437739
v -1.55332641 0.49716107 0.66595641
v -1.54328943 0.47329138 0.62052403
v -1.52608989 0.44585816 0.57946068
v -1.50225038 0.41569494 0.54401406
v -1.47249527 0.38371822 0.51526120
v -1.43772864 0.35089960 0.49407573
v -1.39900685 0.31823626 0.48110137
v -1.35750646 0.28672065 0.47673233
v -1.31448844 0.25731036 0.48110137
v -1.27125985 0.23089901 0.49407573
v -1.22913418 0.20828909 0.51526120
v -1.18939140 0.19016759 0.54401406
v -1.15323907 0.17708513 0.57946068
v -1.12177566 0.16943921 0.62052403
v -1.09595717 0.16746215 0.66595641
v -1.07656809 0.17121402 0.71437739
v -1.06419753 0.18058082 0.76431572
v -1.05922138 0.19527794 0.81425405
v -1.06179083 0.21485882 0.86267503
v -1.07182781 0.23872851 0.90810742
v -1.08902735 0.26616174 0.94917076
v -1.11286686 0.29632496 0.98461738
v -1.14262197 0.32830168 1.01337024
v -1.17738860 0.36112030 1.03455571
v -1.21611039 0.39378364 1.04753007
v -1.25761078 0.42529925 1.05189911
v -1.30062880 0.45470954 1.04753007
v -1.34385739 0.48112089 1.03455571
v -1.38598306 0.50373081 1.01337024
v -1.42572584 0.52185231 0.98461738
v -1.46187817 0.53493477 0.94917076
v -1.49334158 0.54258069 0.90810742
v -1.51916007 0.54455775 0.86267503
v -1.53854915 0.54080588 0.81425405
v -1.62172137 0.42590643 0.79457768
v -1.62505785 0.41189839 0.74430595
v -1.62055000 0.39350596 0.69556169
v -1.60833479 0.37128798 0.64982599
v -1.58878338 0.34591953 0.60848850
v -1.56248983 0.31817142 0.57280523
v -1.53025304 0.28888676 0.54386040
v -1.49305253 0.25895535 0.52253349
v -1.45201860 0.22928665 0.50947251
v -1.40839805 0.20078212 0.50507430
v -1.36351628 0.17430785 0.50947251
v -1.31873699 0.15066826 0.52253349
v -1.27542078 0.13058162 0.54386040
v -1.23488378 0.11465825 0.57280523
v -1.19835770 0.10338198 0.60848850
v -1.16695236 0.09709543 0.64982599
v -1.14162200 0.09598962 0.69556169
v -1.12313627 0.10009814 0.74430595
v -1.11205684 0.10929616 0.79457768
v -1.10872036 0.12330420 0.84484941
v -1.11322821 0.14169663 0.89359367
v -1.12544342 0.16391461 0.93932937
v -1.14499483 0.18928306 0.98066686
v -1.17128838 0.21703117 1.01635013
v -1.20352517 0.24631583 1.04529496
v -1.24072569 0.27624724 1.06662187
v -1.28175961 0.30591594 1.07968285
v -1.32538016 0.33442047 1.08408106
v -1.37026193 0.36089474 1.07968285
v -1.41504122 0.38453433 1.06662187
v -1.45835743 0.40462097 1.04529496
v -1.49889443 0.42054434 1.01635013
v -1.53542051 0.43182061 0.98066686
v -1.56682585 0.43810716 0.93932937
v -1.59215621 0.43921297 0.89359367
v -1.61064194 0.43510445 0.84484941
v -1.68677650 0.31269225 0.82298387
v -1.68858086 0.29951541 0.77240996
v -1.68226994 0.28248232 0.72337273
v -1.66803550 0.26211054 0.67736212
v -1.64631005 0.23901905 0.63577616
v -1.61775370 0.21390947 0.59987841
v -1.58323412 0.18754475 0.57075960
v -1.54380018 0.16072596 0.54930451
v -1.50065005 0.13426797 0.53616502
v -1.45509484 0.10897471 0.53174038
v -1.40851870 0.08561470 0.53616502
v -1.36233683 0.06489771 0.54930451
v -1.31795246 0.04745322 0.57075960
v -1.27671416 0.03381127 0.59987841
v -1.23987495 0.02438637 0.63577616
v -1.20855417 0.01946489 0.67736212
v -1.18370349 0.01919637 0.72337273
v -1.16607797 0.02358896 0.77240996
v -1.15621317 0.03250919 0.82298387
v -1.15440881 0.04568604 0.87355777
v -1.16071973 0.06271912 0.92259501
v -1.17495417 0.08309090 0.96860561
v -1.19667962 0.10618239 1.01019157
v -1.22523597 0.13129197 1.04608932
v -1.25975554 0.15765670 1.07520813
v -1.29918948 0.18447549 1.09666323
v -1.34233961 0.21093347 1.10980271
v -1.38789483 0.23622673 1.11422736
v -1.43447097 0.25958675 1.10980271
v -1.48065283 0.28030374 1.09666323
v -1.52503721 0.29774823 1.07520813
v -1.56627551 0.31139017 1.04608932
v -1.60311471 0.32081507 1.01019157
v -1.63443549 0.32573655 0.96860561
v -1.65928618 0.32600508 0.92259501
v -1.67691170 0.32161249 0.87355777
v -1.74521636 0.19199834 0.84946794
v -1.74561442 0.17978129 0.79862318
v -1.73765752 0.16426306 0.74932331
v -1.72158745 0.14591517 0.70306628
v -1.69789247 0.12529512 0.66125760
v -1.66729256 0.10302943 0.62516759
v -1.63071747 0.07979463 0.59589284
v -1.58927851 0.05629670 0.57432283
v -1.54423480 0.03324962 0.56111297
v -1.49695496 0.01135366 0.55666463
v -1.44887556 -0.00872589 0.56111297
v -1.40145747 -0.02637891 0.57432283
v -1.35614148 -0.04106904 0.59589284
v -1.31430447 -0.05234991 0.62516759
v -1.27721765 -0.05987876 0.66125760
v -1.24600788 -0.06342684 0.70306628
v -1.22162346 -0.06288633 0.74932331
v -1.20480529 -0.05827366 0.79862318
v -1.19606438 -0.04972899 0.84946794
v -1.19566633 -0.03751193 0.90031269
v -1.20362322 -0.02199371 0.94961256
v -1.21969330 -0.00364582 0.99586959
v -1.24338827 0.01697423 1.03767827
v -1.27398819 0.03923992 1.07376828
v -1.31056328 0.06247472 1.10304303
v -1.35200223 0.08597265 1.12461304
v -1.39704595 0.10901973 1.13782290
v -1.44432579 0.13091569 1.14227124
v -1.49240519 0.15099524 1.13782290
v -1.53982327 0.16864826 1.12461304
v -1.58513927 0.18333839 1.10304303
v -1.62697628 0.19461926 1.07376828
v -1.66406310 0.20214811 1.03767827
v -1.69527286 0.20569619 0.99586959
v -1.71965729 0.20515568 0.94961256
v -1.73647546 0.20054302 0.90031269
v -1.79616452 0.06412760 0.87396803
v -1.79529784 0.05298306 0.82288327
v -1.78587114 0.03911707 0.77335070
v -1.76817085 0.02295092 0.72687533
v -1.74273477 0.00497583 0.68486930
v -1.71033578 -0.01426204 0.64860894
v -1.67195829 -0.03417817 0.61919600
v -1.62876840 -0.05416740 0.59752418
v -1.58207839 -0.07362239 0.58425197
v -1.53330693 -0.09195199 0.57978263
v -1.48393591 -0.10859927 0.58425197
v -1.43546545 -0.12305841 0.59752418
v -1.38936829 -0.13489008 0.61919600
v -1.34704507 -0.14373478 0.64860894
v -1.30978177 -0.14932376 0.68486930
v -1.27871060 -0.15148722 0.72687533
v -1.25477566 -0.15015941 0.77335070
v -1.23870419 -0.14538068 0.82288327
v -1.23098451 -0.13729622 0.87396803
v -1.23185119 -0.12615168 0.92505279
v -1.24127789 -0.11228569 0.97458537
v -1.25897818 -0.09611955 1.02106073
v -1.28441426 -0.07814445 1.06306677
v -1.31681325 -0.05890658 1.09932713
v -1.35519074 -0.03899045 1.12874007
v -1.39838063 -0.01900122 1.15041189
v -1.44507064 0.00045376 1.16368410
v -1.49384210 0.01878336 1.16815344
v -1.54321312 0.03543064 1.16368410
v -1.59168358 0.04988979 1.15041189
v -1.63778074 0.06172146 1.12874007
v -1.68010396 0.07056616 1.09932713
v -1.71736726 0.07615514 1.06306677
v -1.74843843 0.07831860 1.02106073
v -1.77237337 0.07699079 0.97458537
v -1.78844485 0.07221205 0.92505279
v -1.83874901 -0.07051312 0.89642694
v -1.83677214 -0.08049018 0.84513216
v -1.82606790 -0.09258697 0.79539594
v -1.80696151 -0.10643594 0.74872950
v -1.78003352 -0.12161629 0.70655077
v -1.74610213 -0.13766677 0.67014133
v -1.70619832 -0.15409969 0.64060747
v -1.66153454 -0.17041576 0.61884655
v -1.61346789 -0.18611921 0.60551977
v -1.56345885 -0.20073291 0.60103206
v -1.51302690 -0.21381282 0.60551977
v -1.46370441 -0.22496152 0.61884655
v -1.41699002 -0.23384026 0.64060747
v -1.37430311 -0.24017927 0.67014133
v -1.33694070 -0.24378593 0.70655077
v -1.30603804 -0.24455066 0.74872950
v -1.28253408 -0.24245022 0.79539594
v -1.26714299 -0.23754844 0.84513216
v -1.26033240 -0.22999426 0.89642694
v -1.26230927 -0.22001719 0.94772172
v -1.27301351 -0.20792040 0.99745794
v -1.29211990 -0.19407144 1.04412438
v -1.31904788 -0.17889109 1.08630310
v -1.35297928 -0.16284061 1.12271254
v -1.39288309 -0.14640768 1.15224640
v -1.43754686 -0.13009162 1.17400732
v -1.48561352 -0.11438816 1.18733410
v -1.53562256 -0.09977446 1.19182181
v -1.58605450 -0.08669455 1.18733410
v -1.63537699 -0.07554585 1.17400732
v -1.68209139 -0.06666711 1.15224640
v -1.72477830 -0.06032811 1.12271254
v -1.76214071 -0.05672145 1.08630310
v -1.79304337 -0.05595672 1.04412438
v -1.81654733 -0.05805715 0.99745794
v -1.83193842 -0.06295893 0.94772172
v -1.87211487 -0.21141158 0.91679220
v -1.86919242 -0.22014543 0.86531615
v -1.85741579 -0.23037824 0.81540417
v -1.83714282 -0.24179908 0.76857282
v -1.80898948 -0.25406094 0.72624504
v -1.77381121 -0.26679125 0.68970694
v -1.73267687 -0.27960320 0.66006871
v -1.68683631 -0.29210751 0.63823089
v -1.63768238 -0.30392423 0.62485702
v -1.58670860 -0.31469434 0.62035345
v -1.53546376 -0.32409058 0.62485702
v -1.48550493 -0.33182744 0.63823089
v -1.43835007 -0.33766986 0.66006871
v -1.39543197 -0.34144031 0.68970694
v -1.35805467 -0.34302424 0.72624504
v -1.32735385 -0.34237350 0.76857282
v -1.30426236 -0.33950788 0.81540417
v -1.28948180 -0.33451444 0.86531615
v -1.28346128 -0.32754491 0.91679220
v -1.28638373 -0.31881105 0.96826824
v -1.29816036 -0.30857824 1.01818022
v -1.31843333 -0.29715740 1.06501157
v -1.34658667 -0.28489554 1.10733935
v -1.38176494 -0.27216524 1.14387745
v -1.42289928 -0.25935329 1.17351568
v -1.46873984 -0.24684898 1.19535350
v -1.51789377 -0.23503225 1.20872737
v -1.56886756 -0.22426215 1.21323094
v -1.62011239 -0.21486591 1.20872737
v -1.67007122 -0.20712904 1.19535350
v -1.71722608 -0.20128662 1.17351568
v -1.76014418 -0.19751617 1.14387745
v -1.79752148 -0.19593225 1.10733935
v -1.82822230 -0.19658299 1.06501157
v -1.85131380 -0.19944861 1.01818022
v -1.86609435 -0.20444205 0.96826824
v -1.89543697 -0.35795028 0.93501624
v -1.89174057 -0.36538538 0.88338621
v -1.87910633 -0.37368290 0.83332493
v -1.85791816 -0.38259072 0.78635349
v -1.82881982 -0.39183818 0.74389909
v -1.79269548 -0.40114430 0.70725169
v -1.75064273 -0.41022632 0.67752480
v -1.70393934 -0.41880829 0.65562165
v -1.65400437 -0.42662944 0.64220777
v -1.60235505 -0.43345215 0.63769073
v -1.55056074 -0.43906909 0.64220777
v -1.50019518 -0.44330961 0.65562165
v -1.45278869 -0.44604486 0.67752480
v -1.40978170 -0.44719173 0.70725169
v -1.37248095 -0.44671537 0.74389909
v -1.34201982 -0.44463025 0.78635349
v -1.31932384 -0.44099974 0.83332493
v -1.30508262 -0.43593414 0.88338621
v -1.29972888 -0.42958737 0.93501624
v -1.30342528 -0.42215227 0.98664628
v -1.31605951 -0.41385475 1.03670756
v -1.33724769 -0.40494693 1.08367900
v -1.36634602 -0.39569947 1.12613340
v -1.40247037 -0.38639335 1.16278080
v -1.44452311 -0.37731133 1.19250769
v -1.49122650 -0.36872936 1.21441083
v -1.54116148 -0.36090821 1.22782471
v -1.59281079 -0.35408550 1.23234176
v -1.64460510 -0.34846856 1.22782471
v -1.69497067 -0.34422804 1.21441083
v -1.74237716 -0.34149279 1.19250769
v -1.78538415 -0.34034592 1.16278080
v -1.82268489 -0.34082228 1.12613340
v -1.85314602 -0.34290739 1.08367900
v -1.87584200 -0.34653791 1.03670756
v -1.89008322 -0.35160351 0.98664628
v -1.90793275 -0.50940809 0.95105652
v -1.90363809 -0.51550959 0.89929812
v -1.89036731 -0.52182478 0.84911237
v -1.86852364 -0.52816177 0.80202414
v -1.83877079 -0.53432803 0.75946419
v -1.80201279 -0.54013619 0.72272567
v -1.75936650 -0.54540978 0.69292487
v -1.71212771 -0.54998855 0.67096727
v -1.66173175 -0.55373339 0.65752004
v -1.60970988 -0.55653051 0.65299177
v -1.55764275 -0.55829492 0.65752004
v -1.50711239 -0.55897301 0.67096727
v -1.45965415 -0.55854418 0.69292487
v -1.41671003 -0.55702145 0.72272567
v -1.37958484 -0.55445110 0.75946419
v -1.34940664 -0.55091122 0.80202414
v -1.32709236 -0.54650937 0.84911237
v -1.31332001 -0.54137930 0.89929812
v -1.30850807 -0.53567688 0.95105652
v -1.31280273 -0.52957539 1.00281492
v -1.32607350 -0.52326020 1.05300067
v -1.34791717 -0.51692320 1.10008889
v -1.37767002 -0.51075694 1.14264885
v -1.41442803 -0.50494878 1.17938736
v -1.45707432 -0.49967519 1.20918816
v -1.50431311 -0.49509642 1.23114576
v -1.55470906 -0.49135158 1.24459299
v -1.60673094 -0.48855446 1.24912127
v -1.65879807 -0.48679005 1.24459299
v -1.70932842 -0.48611196 1.23114576
v -1.75678666 -0.48654080 1.20918816
v -1.79973079 -0.48806352 1.17938736
v -1.83685597 -0.49063387 1.14264885
v -1.86703417 -0.49417375 1.10008889
v -1.88934845 -0.49857560 1.05300067
v -1.90312080 -0.50370567 1.00281492
v -1.90887499 -0.66496339 0.96487555
v -1.90415886 -0.66971722 0.91301262
v -1.89047559 -0.67402764 0.86272552
v -1.86824093 -0.67776369 0.81554219
v -1.83813047 -0.68081185 0.77289628
v -1.80105910 -0.68307950 0.73608357
v -1.75815322 -0.68449773 0.70622258
v -1.71071650 -0.68502347 0.68422064
v -1.66019028 -0.68464072 0.67074625
v -1.60810978 -0.68336113 0.66620883
v -1.55605743 -0.68122357 0.67074625
v -1.50561482 -0.67829299 0.68422064
v -1.45831462 -0.67465843 0.70622258
v -1.41559402 -0.67043033 0.73608357
v -1.37875108 -0.66573716 0.77289628
v -1.34890523 -0.66072152 0.81554219
v -1.32696334 -0.65553580 0.86272552
v -1.31359210 -0.65033757 0.91301262
v -1.30919778 -0.64528478 0.96487555
v -1.31391391 -0.64053095 1.01673849
v -1.32759718 -0.63622053 1.06702559
v -1.34983184 -0.63248448 1.11420891
v -1.37994230 -0.62943632 1.15685482
v -1.41701367 -0.62716867 1.19366754
v -1.45991955 -0.62575044 1.22352852
v -1.50735627 -0.62522471 1.24553047
v -1.55788249 -0.62560745 1.25900486
v -1.60996299 -0.62688704 1.26354228
v -1.66201534 -0.62902461 1.25900486
v -1.71245795 -0.63195519 1.24553047
v -1.75975815 -0.63558974 1.22352852
v -1.80247875 -0.63981784 1.19366754
v -1.83932169 -0.64451101 1.15685482
v -1.86916754 -0.64952665 1.11420891
v -1.89110943 -0.65471237 1.06702559
v -1.90448067 -0.65991060 1.01673849
v -1.89760417 -0.82369881 0.97644108
v -1.89264167 -0.82711136 0.92449560
v -1.87876975 -0.82941906 0.87412846
v -1.85640990 -0.83055181 0.82687004
v -1.82624152 -0.83047518 0.78415626
v -1.78918125 -0.82919150 0.74728495
v -1.74635516 -0.82673977 0.71737644
v -1.69906449 -0.82319450 0.69533947
v -1.64874614 -0.81866339 0.68184364
v -1.59692902 -0.81328414 0.67729900
v -1.54518755 -0.80722017 0.68184364
v -1.49509389 -0.80065575 0.69533947
v -1.44817009 -0.79379032 0.71737644
v -1.40584192 -0.78683250 0.74728495
v -1.36939549 -0.77999369 0.78415626
v -1.33993822 -0.77348169 0.82687004
v -1.31836514 -0.76749435 0.87412846
v -1.30533174 -0.76221361 0.92449560
v -1.30123404 -0.75779991 0.97644108
v -1.30619654 -0.75438736 1.02838656
v -1.32006846 -0.75207966 1.07875370
v -1.34242831 -0.75094691 1.12601212
v -1.37259670 -0.75102354 1.16872590
v -1.40965696 -0.75230722 1.20559721
v -1.45248306 -0.75475894 1.23550572
v -1.49977373 -0.75830422 1.25754268
v -1.55009208 -0.76283532 1.27103852
v -1.60190920 -0.76821458 1.27558316
v -1.65365066 -0.77427855 1.27103852
v -1.70374433 -0.78084297 1.25754268
v -1.75066812 -0.78770840 1.23550572
v -1.79299630 -0.79466622 1.20559721
v -1.82944272 -0.80150503 1.16872590
v -1.85890000 -0.80801703 1.12601212
v -1.88047308 -0.81400437 1.07875370
v -1.89350647 -0.81928511 1.02838656
v -1.87354045 -0.98460739 0.98572608
v -1.86850232 -0.98670481 0.93371817
v -1.85466236 -0.98703581 0.88329050
v -1.83244108 -0.98559034 0.83597528
v -1.80251368 -0.98241233 0.79321016
v -1.76578948 -0.97759832 0.75629454
v -1.72338433 -0.97129460 0.72635008
v -1.67658669 -0.96369269 0.70428663
v -1.62681847 -0.95502358 0.69077458
v -1.57559186 -0.94555068 0.68622447
v -1.52446336 -0.93556181 0.69077458
v -1.47498648 -0.92536048 0.70428663
v -1.42866455 -0.91525665 0.72635008
v -1.38690504 -0.90555733 0.75629454
v -1.35097678 -0.89655722 0.79321016
v -1.32197145 -0.88852978 0.83597528
v -1.30077035 -0.88171893 0.88329050
v -1.28801767 -0.87633161 0.93371817
v -1.28410089 -0.87253150 0.98572608
v -1.28913902 -0.87043409 1.03773399
v -1.30297899 -0.87010308 1.08816166
v -1.32520026 -0.87154855 1.13547688
v -1.35512766 -0.87472657 1.17824200
v -1.39185186 -0.87954057 1.21515762
v -1.43425701 -0.88584430 1.24510208
v -1.48105466 -0.89344620 1.26716553
v -1.53082287 -0.90211531 1.28067759
v -1.58204948 -0.91158821 1.28522769
v -1.63317798 -0.92157708 1.28067759
v -1.68265486 -0.93177841 1.26716553
v -1.72897679 -0.94188224 1.24510208
v -1.77073630 -0.95158156 1.21515762
v -1.80666456 -0.96058168 1.17824200
v -1.83566989 -0.96860911 1.13547688
v -1.85687099 -0.97541996 1.08816166
v -1.86962367 -0.98080729 1.03773399
v -1.83619491 -1.14660023 0.99270887
v -1.83124512 -1.14742743 0.94065679
v -1.81765162 -1.14583085 0.89018628
v -1.79582747 -1.14185898 0.84283086
v -1.76643577 -1.13563253 0.80002942
v -1.73036958 -1.12734067 0.76308244
v -1.68872474 -1.11723534 0.73311255
v -1.64276663 -1.10562360 0.71103036
v -1.59389164 -1.09285826 0.69750682
v -1.54358482 -1.07932718 0.69295286
v -1.49337472 -1.06544151 0.69750682
v -1.44478695 -1.05162315 0.71103036
v -1.39929782 -1.03829197 0.73311255
v -1.35828950 -1.02585302 0.76308244
v -1.32300800 -1.01468427 0.80002942
v -1.29452534 -1.00512505 0.84283086
v -1.27370694 -0.99746584 0.89018628
v -1.26118536 -0.99193934 0.94065679
v -1.25734107 -0.98871348 0.99270887
v -1.26229086 -0.98788628 1.04476096
v -1.27588435 -0.98948286 1.09523147
v -1.29770851 -0.99345473 1.14258688
v -1.32710020 -0.99968118 1.18538833
v -1.36316640 -1.00797304 1.22233531
v -1.40481123 -1.01807837 1.25230520
v -1.45076935 -1.02969011 1.27438739
v -1.49964434 -1.04245545 1.28791093
v -1.54995116 -1.05598653 1.29246489
v -1.60016126 -1.06987220 1.28791093
v -1.64874903 -1.08369056 1.27438739
v -1.69423816 -1.09702174 1.25230520
v -1.73524648 -1.10946069 1.22233531
v -1.77052798 -1.12062944 1.18538833
v -1.79901064 -1.13018866 1.14258688
v -1.81982904 -1.13784787 1.09523147
v -1.83235062 -1.14337437 1.04476096
v -1.78518008 -1.30851548 0.99737315
v -1.78047362 -1.30813487 0.94529332
v -1.76733240 -1.30468171 0.89479591
v -1.74615572 -1.29826093 0.84741525
v -1.71758702 -1.28906763 0.80459100
v -1.68249435 -1.27738113 0.76762433
v -1.64194398 -1.26355652 0.73763846
v -1.59716802 -1.24801386 0.71554449
v -1.54952695 -1.23122540 0.70201375
v -1.50046833 -1.21370126 0.69745736
v -1.45148278 -1.19597389 0.70201375
v -1.40405870 -1.17858193 0.71554449
v -1.35963705 -1.16205383 0.73763846
v -1.31956756 -1.14689179 0.76762433
v -1.28506771 -1.13355649 0.80459100
v -1.25718577 -1.12245312 0.84741525
v -1.23676891 -1.11391906 0.89479591
v -1.22443750 -1.10821360 0.94529332
v -1.22056622 -1.10551011 0.99737315
v -1.22527269 -1.10589072 1.04945298
v -1.23841391 -1.10934388 1.09995039
v -1.25959059 -1.11576466 1.14733104
v -1.28815928 -1.12495796 1.19015530
v -1.32325195 -1.13664446 1.22712197
v -1.36380232 -1.15046907 1.25710784
v -1.40857829 -1.16601173 1.27920180
v -1.45621935 -1.18280019 1.29273255
v -1.50527797 -1.20032433 1.29728894
v -1.55426352 -1.21805170 1.29273255
v -1.60168760 -1.23544366 1.27920180
v -1.64610925 -1.25197176 1.25710784
v -1.68617875 -1.26713381 1.22712197
v -1.72067860 -1.28046910 1.19015530
v -1.74856054 -1.29157247 1.14733104
v -1.76897739 -1.30010653 1.09995039
v -1.78130880 -1.30581199 1.04945298
v -1.72021945 -1.46912868 0.99970801
v -1.71590039 -1.46761861 0.94761512
v -1.70340615 -1.46240034 0.89710504
v -1.68311638 -1.45363241 0.84971250
v -1.65564756 -1.44158124 0.80687749
v -1.62183431 -1.42661299 0.76990155
v -1.58270404 -1.40918247 0.73990816
v -1.53944571 -1.38981929 0.71780865
v -1.49337368 -1.36911180 0.70427452
v -1.44588785 -1.34768917 0.69971698
v -1.39843103 -1.32620234 0.70427452
v -1.35244519 -1.30530416 0.71780865
v -1.30932758 -1.28562961 0.73990816
v -1.27038830 -1.26777650 0.76990155
v -1.23681051 -1.25228728 0.80687749
v -1.20961445 -1.23963259 0.84971250
v -1.18962646 -1.23019693 0.89710504
v -1.17745386 -1.22426699 0.94761512
v -1.17346651 -1.22202297 0.99970801
v -1.17778557 -1.22353304 1.05180091
v -1.19027981 -1.22875131 1.10231099
v -1.21056958 -1.23751924 1.14970353
v -1.23803840 -1.24957041 1.19253853
v -1.27185165 -1.26453866 1.22951448
v -1.31098191 -1.28196918 1.25950787
v -1.35424025 -1.30133236 1.28160738
v -1.40031228 -1.32203985 1.29514151
v -1.44779811 -1.34346247 1.29969905
v -1.49525493 -1.36494931 1.29514151
v -1.54124077 -1.38584749 1.28160738
v -1.58435838 -1.40552204 1.25950787
v -1.62329766 -1.42337515 1.22951448
v -1.65687545 -1.43886437 1.19253853
v -1.68407151 -1.45151906 1.14970353
v -1.70405950 -1.46095472 1.10231099
v -1.71623210 -1.46688465 1.05180091
v -1.64115582 -1.62716413 0.99970801
v -1.63735567 -1.62461725 0.94761505
v -1.62568995 -1.61774407 0.89710491
v -1.60651311 -1.60675340 0.84971231
v -1.58040783 -1.59197921 0.80687725
v -1.54816731 -1.57387040 0.76990126
v -1.51077116 -1.55297719 0.73990783
v -1.46935563 -1.52993441 0.71780829
v -1.42517913 -1.50544221 0.70427414
v -1.37958393 -1.48024477 0.69971660
v -1.33395542 -1.45510770 0.70427414
v -1.28968000 -1.43079478 0.71780829
v -1.24810295 -1.40804475 0.73990783
v -1.21048757 -1.38754884 0.76990126
v -1.17797679 -1.36992983 0.80687725
v -1.15155843 -1.35572305 0.84971231
v -1.13203520 -1.34536018 0.89710491
v -1.12000030 -1.33915607 0.94761505
v -1.11581940 -1.33729925 0.99970801
v -1.11961955 -1.33984612 1.05180098
v -1.13128527 -1.34671931 1.10231112
v -1.15046211 -1.35770997 1.14970372
v -1.17656739 -1.37248416 1.19253878
v -1.20880791 -1.39059298 1.22951477
v -1.24620406 -1.41148619 1.25950820
v -1.28761959 -1.43452896 1.28160773
v -1.33179609 -1.45902116 1.29514189
v -1.37739129 -1.48421860 1.29969943
v -1.42301980 -1.50935567 1.29514189
v -1.46729522 -1.53366859 1.28160773
v -1.50887227 -1.55641863 1.25950820
v -1.54648765 -1.57691453 1.22951477
v -1.57899843 -1.59453354 1.19253878
v -1.60541679 -1.60874032 1.14970372
v -1.62494002 -1.61910320 1.10231112
v -1.63697493 -1.62530730 1.05180098
v -1.54795851 -1.78130746 0.99737315
v -1.54479482 -1.77782886 0.94529153
v -1.53412412 -1.76942784 0.89479239
v -1.51627065 -1.75635965 0.84741011
v -1.49177687 -1.73902136 0.80458438
v -1.46138701 -1.71793979 0.76761644
v -1.42602446 -1.69375550 0.73762954
v -1.38676368 -1.66720330 0.71553483
v -1.34479760 -1.63908998 0.70200362
v -1.30140133 -1.61026973 0.69744707
v -1.25789345 -1.58161827 0.70200362
v -1.21559593 -1.55400613 0.71553483
v -1.17579394 -1.52827230 0.73762954
v -1.13969686 -1.50519870 0.76761644
v -1.10840147 -1.48548640 0.80458438
v -1.08285868 -1.46973435 0.84741011
v -1.06384458 -1.45842117 0.89479239
v -1.05193691 -1.45189060 0.94529153
v -1.04749748 -1.45034107 0.99737315
v -1.05066117 -1.45381967 1.04945477
v -1.06133187 -1.46222069 1.09995391
v -1.07918534 -1.47528888 1.14733619
v -1.10367912 -1.49262717 1.19016192
v -1.13406898 -1.51370873 1.22712986
v -1.16943153 -1.53789303 1.25711675
v -1.20869231 -1.56444523 1.27921147
v -1.25065839 -1.59255855 1.29274268
v -1.29405466 -1.62137879 1.29729923
v -1.33756254 -1.65003026 1.29274268
v -1.37986006 -1.67764240 1.27921147
v -1.41966205 -1.70337622 1.25711675
v -1.45575913 -1.72644983 1.22712986
v -1.48705452 -1.74616213 1.19016192
v -1.51259731 -1.76191418 1.14733619
v -1.53161141 -1.77322736 1.09995391
v -1.54351908 -1.77975793 1.04945477
v -1.44072908 -1.93021900 0.99270887
v -1.43830429 -1.92592427 0.94064852
v -1.42877858 -1.91613735 0.89017000
v -1.41244139 -1.90115559 0.84280707
v -1.38978910 -1.88143421 0.79999882
v -1.36151000 -1.85757243 0.76304598
v -1.32846334 -1.83029529 0.73307133
v -1.29165321 -1.80043158 0.71098563
v -1.25219809 -1.76888870 0.69745995
v -1.21129678 -1.73662506 0.69290526
v -1.17019206 -1.70462098 0.69745995
v -1.13013287 -1.67384888 0.71098563
v -1.09233639 -1.64524377 0.73307133
v -1.05795105 -1.61967478 0.76304598
v -1.02802163 -1.59791883 0.79999882
v -1.00345752 -1.58063695 0.84280707
v -0.98500509 -1.56835425 0.89017000
v -0.97322500 -1.56144393 0.94064852
v -0.96847519 -1.56011595 0.99270887
v -0.97089997 -1.56441068 1.04476923
v -0.98042568 -1.57419760 1.09524775
v -0.99676288 -1.58917936 1.14261068
v -1.01941516 -1.60890074 1.18541892
v -1.04769426 -1.63276252 1.22237177
v -1.08074093 -1.66003966 1.25234642
v -1.11755105 -1.68990337 1.27443212
v -1.15700618 -1.72144625 1.28795780
v -1.19790749 -1.75370989 1.29251249
v -1.23901221 -1.78571397 1.28795780
v -1.27907139 -1.81648606 1.27443212
v -1.31686787 -1.84509118 1.25234642
v -1.35125321 -1.87066017 1.22237177
v -1.38118263 -1.89241612 1.18541892
v -1.40574674 -1.90969800 1.14261068
v -1.42419918 -1.92198070 1.09524775
v -1.43597927 -1.92889102 1.04476923
v -1.31970557 -2.07254791 0.98572608
v -1.31810624 -2.06756117 0.93369552
v -1.30985768 -2.05654300 0.88324589
v -1.29521051 -2.03982820 0.83591006
v -1.27460980 -2.01792463 0.79312632
v -1.24868147 -1.99149783 0.75619462
v -1.21821335 -1.96135075 0.72623712
v -1.18413119 -1.92839940 0.70416406
v -1.14747057 -1.89364500 0.69064612
v -1.10934540 -1.85814353 0.68609404
v -1.07091409 -1.82297369 0.69064612
v -1.03334436 -1.78920410 0.70416406
v -0.99777775 -1.75786083 0.72623712
v -0.96529493 -1.72989623 0.75619462
v -0.93688287 -1.70615999 0.79312632
v -0.91340486 -1.68737332 0.83591006
v -0.89557426 -1.67410706 0.88324589
v -0.88393286 -1.66676427 0.93369552
v -0.87883437 -1.66556808 0.98572608
v -0.88043370 -1.67055483 1.03775664
v -0.88868226 -1.68157299 1.08820627
v -0.90332942 -1.69828779 1.13554210
v -0.92393014 -1.72019136 1.17832584
v -0.94985847 -1.74661817 1.21525754
v -0.98032659 -1.77676524 1.24521504
v -1.01440874 -1.80971659 1.26728810
v -1.05106936 -1.84447100 1.28080604
v -1.08919454 -1.87997246 1.28535812
v -1.12762584 -1.91514230 1.28080604
v -1.16519557 -1.94891189 1.26728810
v -1.20076219 -1.98025516 1.24521504
v -1.23324501 -2.00821976 1.21525754
v -1.26165707 -2.03195600 1.17832584
v -1.28513508 -2.05074267 1.13554210
v -1.30296567 -2.06400894 1.08820627
v -1.31460708 -2.07135172 1.03775664
v -1.18526525 -2.20694693 0.97644108
v -1.18456143 -2.20139874 0.92444755
v -1.17770340 -2.18931455 0.87403382
v -1.16489953 -2.17106151 0.82673169
v -1.14653886 -2.14719425 0.78397839
v -1.12317927 -2.11843795 0.74707298
v -1.09553054 -2.08566636 0.71713681
v -1.06443274 -2.04987523 0.69507946
v -1.03083078 -2.01215205 0.68157114
v -0.99574564 -1.97364303 0.67702230
v -0.96024335 -1.93551823 0.68157114
v -0.92540263 -1.89893607 0.69507946
v -0.89228211 -1.86500807 0.71713681
v -0.86188814 -1.83476513 0.74707298
v -0.83514421 -1.80912614 0.78397839
v -0.81286293 -1.78887015 0.82673169
v -0.79572131 -1.77461262 0.87403382
v -0.78424018 -1.76678676 0.92444755
v -0.77876840 -1.76563036 0.97644108
v -0.77947222 -1.77117854 1.02843460
v -0.78633025 -1.78326273 1.07884833
v -0.79913412 -1.80151577 1.12615047
v -0.81749479 -1.82538303 1.16890376
v -0.84085437 -1.85413933 1.20580917
v -0.86850311 -1.88691092 1.23574535
v -0.89960090 -1.92270205 1.25780270
v -0.93320286 -1.96042523 1.27131102
v -0.96828801 -1.99893426 1.27585986
v -1.00379030 -2.03705905 1.27131102
v -1.03863101 -2.07364121 1.25780270
v -1.07175153 -2.10756921 1.23574535
v -1.10214551 -2.13781216 1.20580917
v -1.12888944 -2.16345114 1.16890376
v -1.15117071 -2.18370713 1.12615047
v -1.16831234 -2.19796466 1.07884833
v -1.17979346 -2.20579052 1.02843460
v -1.03792562 -2.33208739 0.96487555
v -1.03817058 -2.32611282 0.91292511
v -1.03279698 -2.31313613 0.86255315
v -1.02196810 -2.29355159 0.81529020
v -1.00601297 -2.26795429 0.77257233
v -0.98541637 -2.23712198 0.73569750
v -0.96080412 -2.20199149 0.70578613
v -0.93292406 -2.16363024 0.68374705
v -0.90262330 -2.12320381 0.67024993
v -0.87082252 -2.08194055 0.66570485
v -0.83848796 -2.04109421 0.67024993
v -0.80660211 -2.00190589 0.68374705
v -0.77613379 -1.96556631 0.70578613
v -0.74800876 -1.93317963 0.73569750
v -0.72308160 -1.90572990 0.77257233
v -0.70210970 -1.88405116 0.81529020
v -0.68573028 -1.86880213 0.86255315
v -0.67444102 -1.86044612 0.91292511
v -0.66858495 -1.85923703 0.96487555
v -0.66833998 -1.86521160 1.01682600
v -0.67371358 -1.87818830 1.06719796
v -0.68454246 -1.89777283 1.11446090
v -0.70049759 -1.92337013 1.15717877
v -0.72109419 -1.95420244 1.19405361
v -0.74570644 -1.98933293 1.22396498
v -0.77358650 -2.02769418 1.24600405
v -0.80388726 -2.06812061 1.25950118
v -0.83568804 -2.10938388 1.26404625
v -0.86802260 -2.15023022 1.25950118
v -0.89990845 -2.18941853 1.24600405
v -0.93037678 -2.22575811 1.22396498
v -0.95850180 -2.25814480 1.19405361
v -0.98342896 -2.28559453 1.15717877
v -1.00440086 -2.30727326 1.11446090
v -1.02078028 -2.32252230 1.06719796
v -1.03206954 -2.33087831 1.01682600
v -0.87834378 -2.44667462 0.95105652
v -0.87957392 -2.44041118 0.89915410
v -0.87575876 -2.42672160 0.84882872
v -0.86701422 -2.40602183 0.80160947
v -0.85360600 -2.37894083 0.75893110
v -0.83594151 -2.34630143 0.72209036
v -0.81455747 -2.30909537 0.69220665
v -0.79010363 -2.26845314 0.67018795
v -0.76332299 -2.22560963 0.65670330
v -0.73502929 -2.18186662 0.65216243
v -0.70608220 -2.13855321 0.65670330
v -0.67736127 -2.09698547 0.67018795
v -0.64973918 -2.05842641 0.69220665
v -0.62405520 -2.02404762 0.72209036
v -0.60108973 -1.99489369 0.75893110
v -0.58154056 -1.97185045 0.80160947
v -0.56600169 -1.95561804 0.84882872
v -0.55494525 -1.94668970 0.89915410
v -0.54870720 -1.94533669 0.95105652
v -0.54747706 -1.95160014 1.00295893
v -0.55129223 -1.96528972 1.05328431
v -0.56003677 -1.98598949 1.10050356
v -0.57344498 -2.01307049 1.14318193
v -0.59110947 -2.04570989 1.18002267
v -0.61249351 -2.08291594 1.20990639
v -0.63694736 -2.12355818 1.23192508
v -0.66372799 -2.16640169 1.24540973
v -0.69202170 -2.21014470 1.24995060
v -0.72096878 -2.25345811 1.24540973
v -0.74968971 -2.29502585 1.23192508
v -0.77731180 -2.33358491 1.20990639
v -0.80299578 -2.36796370 1.18002267
v -0.82596126 -2.39711763 1.14318193
v -0.84551042 -2.42016087 1.10050356
v -0.86104929 -2.43639327 1.05328431
v -0.87210573 -2.44532162 1.00295893
v -0.70731408 -2.54946317 0.93501624
v -0.70954908 -2.54304890 0.88316582
v -0.70734626 -2.52882994 0.83289084
v -0.70077255 -2.50723831 0.78571890
v -0.69002771 -2.47893007 0.74308327
v -0.67543819 -2.44476535 0.70627944
v -0.65744730 -2.40578223 0.67642565
v -0.63660169 -2.36316518 0.65442901
v -0.61353472 -2.31820911 0.64095788
v -0.58894729 -2.27227999 0.63642155
v -0.56358647 -2.22677334 0.64095788
v -0.53822284 -2.18307187 0.65442901
v -0.51362705 -2.14250341 0.67642565
v -0.49054644 -2.10630063 0.70627944
v -0.46968230 -2.07556352 0.74308327
v -0.45166857 -2.05122602 0.78571890
v -0.43705260 -2.03402762 0.83289084
v -0.42627848 -2.02449086 0.88316582
v -0.41967358 -2.02290553 0.93501624
v -0.41743859 -2.02931979 0.98686667
v -0.41964141 -2.04353876 1.03714164
v -0.42621511 -2.06513038 1.08431359
v -0.43695996 -2.09343862 1.12694921
v -0.45154947 -2.12760334 1.16375305
v -0.46954036 -2.16658647 1.19360683
v -0.49038598 -2.20920351 1.21560347
v -0.51345294 -2.25415958 1.22907461
v -0.53804037 -2.30008871 1.23361093
v -0.56340119 -2.34559536 1.22907461
v -0.58876482 -2.38929683 1.21560347
v -0.61336061 -2.42986529 1.19360683
v -0.63644122 -2.46606807 1.16375305
v -0.65730537 -2.49680517 1.12694921
v -0.67531909 -2.52114267 1.08431359
v -0.68993506 -2.53834108 1.03714164
v -0.70070918 -2.54787784 0.98686667
v -0.52576398 -2.63927192 0.91679220
v -0.52900719 -2.63284357 0.86499681
v -0.52845058 -2.61828046 0.81477519
v -0.52411109 -2.59602508 0.76765332
v -0.51612057 -2.56675365 0.72506295
v -0.50472179 -2.53135557 0.68829817
v -0.49026111 -2.49090640 0.65847608
v -0.47317791 -2.44663515 0.63650278
v -0.45399126 -2.39988700 0.62304594
v -0.43328412 -2.35208235 0.61851443
v -0.41168568 -2.30467373 0.62304594
v -0.38985219 -2.25910163 0.63650278
v -0.36844705 -2.21675072 0.65847608
v -0.34812065 -2.17890783 0.68829817
v -0.32949059 -2.14672279 0.72506295
v -0.31312295 -2.12117352 0.76765332
v -0.29951503 -2.10303633 0.81477519
v -0.28908032 -2.09286230 0.86499681
v -0.28213586 -2.09096057 0.91679220
v -0.27889266 -2.09738893 0.96858758
v -0.27944926 -2.11195204 1.01880920
v -0.28378875 -2.13420742 1.06593108
v -0.29177928 -2.16347885 1.10852144
v -0.30317805 -2.19887692 1.14528622
v -0.31763873 -2.23932610 1.17510831
v -0.33472193 -2.28359734 1.19708161
v -0.35390859 -2.33034550 1.21053845
v -0.37461573 -2.37815015 1.21506996
v -0.39621417 -2.42555877 1.21053845
v -0.41804766 -2.47113087 1.19708161
v -0.43945280 -2.51348177 1.17510831
v -0.45977919 -2.55132467 1.14528622
v -0.47840925 -2.58350971 1.10852144
v -0.49477690 -2.60905898 1.06593108
v -0.50838481 -2.62719617 1.01880920
v -0.51881953 -2.63737019 0.96858758
v -0.33474830 -2.71499888 0.89642694
v -0.33898728 -2.70869008 0.84468880
v -0.34009102 -2.69396769 0.79452270
v -0.33802599 -2.67127904 0.74745291
v -0.33285494 -2.64131351 0.70490962
v -0.32473498 -2.60498158 0.66818549
v -0.31391284 -2.56338719 0.63839636
v -0.30071735 -2.51779416 0.61644736
v -0.28554943 -2.46958781 0.60300539
v -0.26886996 -2.42023286 0.59847889
v -0.25118574 -2.37122895 0.60300539
v -0.23303409 -2.32406503 0.61644736
v -0.21496654 -2.28017414 0.63839636
v -0.19753207 -2.24088991 0.66818549
v -0.18126041 -2.20740595 0.70490962
v -0.16664596 -2.18073966 0.74745291
v -0.15413279 -2.16170128 0.79452270
v -0.14410110 -2.15086928 0.84468880
v -0.13685569 -2.14857279 0.89642694
v -0.13261672 -2.15488159 0.94816507
v -0.13151297 -2.16960398 0.99833117
v -0.13357800 -2.19229263 1.04540096
v -0.13874905 -2.22225816 1.08794425
v -0.14686901 -2.25859009 1.12466838
v -0.15769115 -2.30018448 1.15445751
v -0.17088665 -2.34577751 1.17640652
v -0.18605456 -2.39398386 1.18984848
v -0.20273403 -2.44333881 1.19437498
v -0.22041825 -2.49234272 1.18984848
v -0.23856990 -2.53950665 1.17640652
v -0.25663745 -2.58339753 1.15445751
v -0.27407193 -2.62268176 1.12466838
v -0.29034359 -2.65616572 1.08794425
v -0.30495803 -2.68283201 1.04540096
v -0.31747120 -2.70187039 0.99833117
v -0.32750289 -2.71270239 0.94816507
v -0.13544172 -2.77563523 0.87396803
v -0.14064900 -2.76957492 0.82228862
v -0.14340795 -2.75487576 0.77217947
v -0.14363474 -2.73198439 0.72516311
v -0.14132247 -2.70159636 0.68266811
v -0.13654141 -2.66463497 0.64598566
v -0.12943683 -2.62222330 0.61623034
v -0.12022459 -2.57564998 0.59430625
v -0.10918460 -2.52633014 0.58087954
v -0.09665231 -2.47576233 0.57635818
v -0.08300851 -2.42548303 0.58087954
v -0.06866775 -2.37701994 0.59430625
v -0.05406577 -2.33184560 0.61623034
v -0.03964625 -2.29133261 0.64598566
v -0.02584732 -2.25671192 0.68266811
v -0.01308824 -2.22903548 0.72516311
v -0.00175670 -2.20914421 0.77217947
v 0.00780299 -2.19764251 0.82228862
v 0.01530039 -2.19487985 0.87396803
v 0.02050766 -2.20094016 0.92564744
v 0.02326661 -2.21563932 0.97575660
v 0.02349340 -2.23853069 1.02277296
v 0.02118113 -2.26891873 1.06526796
v 0.01640007 -2.30588011 1.10195041
v 0.00929549 -2.34829179 1.13170573
v 0.00008325 -2.39486510 1.15362982
v -0.01095674 -2.44418494 1.16705652
v -0.02348903 -2.49475275 1.17157789
v -0.03713283 -2.54503205 1.16705652
v -0.05147359 -2.59349514 1.15362982
v -0.06607557 -2.63866948 1.13170573
v -0.08049509 -2.67918248 1.10195041
v -0.09429402 -2.71380316 1.06526796
v -0.10705310 -2.74147960 1.02277296
v -0.11838464 -2.76137087 0.97575660
v -0.12794433 -2.77287257 0.92564744
v 0.07087022 -2.82027875 0.84946794
v 0.06473625 -2.81458960 0.79784805
v 0.06034582 -2.80009194 0.74779661
v 0.05783234 -2.77722629 0.70083441
v 0.05727216 -2.74668741 0.65838835
v 0.05868232 -2.70940321 0.62174816
v 0.06201997 -2.66650654 0.59202711
v 0.06718369 -2.61930080 0.57012827
v 0.07401658 -2.56922032 0.55671703
v 0.08231104 -2.51778677 0.55220088
v 0.09181504 -2.46656292 0.55671703
v 0.10223981 -2.41710518 0.57012827
v 0.11326859 -2.37091632 0.59202711
v 0.12456628 -2.32939974 0.62174816
v 0.13578960 -2.29381692 0.65838835
v 0.14659755 -2.26524901 0.70083441
v 0.15666172 -2.24456404 0.74779661
v 0.16567633 -2.23239051 0.79784805
v 0.17336746 -2.22909831 0.84946794
v 0.17950143 -2.23478747 0.90108782
v 0.18389186 -2.24928513 0.95113926
v 0.18640535 -2.27215078 0.99810146
v 0.18696552 -2.30268966 1.04054752
v 0.18555536 -2.33997386 1.07718771
v 0.18221772 -2.38287053 1.10690876
v 0.17705400 -2.43007626 1.12880760
v 0.17022110 -2.48015674 1.14221884
v 0.16192664 -2.53159030 1.14673499
v 0.15242264 -2.58281415 1.14221884
v 0.14199788 -2.63227188 1.12880760
v 0.13096910 -2.67846075 1.10690876
v 0.11967141 -2.71997733 1.07718771
v 0.10844808 -2.75556015 1.04054752
v 0.09764014 -2.78412806 0.99810146
v 0.08757596 -2.80481303 0.95113926
v 0.07856136 -2.81698655 0.90108782
v 0.28280176 -2.84814619 0.82298387
v 0.27579582 -2.84294324 0.77142370
v 0.26981537 -2.82881933 0.72143017
v 0.26504211 -2.80620359 0.67452229
v 0.26162108 -2.77578321 0.63212534
v 0.25965622 -2.73848248 0.59552753
v 0.25920724 -2.69543477 0.56584087
v 0.26028778 -2.64794807 0.54396737
v 0.26286500 -2.59746523 0.53057164
v 0.26686060 -2.54552016 0.52606071
v 0.27215318 -2.49369116 0.53057164
v 0.27858192 -2.44355305 0.54396737
v 0.28595148 -2.39662924 0.56584087
v 0.29403796 -2.35434549 0.59552753
v 0.30259563 -2.31798657 0.63212534
v 0.31136449 -2.28865723 0.67452229
v 0.32007810 -2.26724862 0.72143017
v 0.32847169 -2.25441124 0.77142370
v 0.33629024 -2.25053513 0.82298387
v 0.34329618 -2.25573808 0.87454403
v 0.34927663 -2.26986200 0.92453757
v 0.35404989 -2.29247774 0.97144544
v 0.35747092 -2.32289812 1.01384239
v 0.35943578 -2.36019885 1.05044020
v 0.35988476 -2.40324655 1.08012686
v 0.35880422 -2.45073325 1.10200036
v 0.35622700 -2.50121609 1.11539609
v 0.35223140 -2.55316117 1.11990702
v 0.34693882 -2.60499016 1.11539609
v 0.34051008 -2.65512828 1.10200036
v 0.33314052 -2.70205208 1.08012686
v 0.32505404 -2.74433583 1.05044020
v 0.31649637 -2.78069475 1.01384239
v 0.30772751 -2.81002410 0.97144544
v 0.29901390 -2.83143271 0.92453757
v 0.29062030 -2.84427009 0.87454403
v 0.49887880 -2.85858455 0.79457768
v 0.49106759 -2.85397400 0.74307688
v 0.48355529 -2.84038840 0.69314091
v 0.47657018 -2.81824054 0.64628704
v 0.47032448 -2.78820337 0.60393891
v 0.46500798 -2.75118956 0.56738324
v 0.46078220 -2.70832375 0.53773076
v 0.45777555 -2.66090839 0.51588245
v 0.45607939 -2.61038419 0.50250214
v 0.45574525 -2.55828629 0.49799641
v 0.45678328 -2.50619766 0.50250214
v 0.45916195 -2.45570099 0.51588245
v 0.46280897 -2.40833059 0.53773076
v 0.46761354 -2.36552579 0.56738324
v 0.47342967 -2.32858719 0.60393891
v 0.48008065 -2.29863715 0.64628704
v 0.48736438 -2.27658569 0.69314091
v 0.49505955 -2.26310283 0.74307688
v 0.50293235 -2.25859825 0.79457768
v 0.51074356 -2.26320880 0.84607848
v 0.51825586 -2.27679440 0.89601445
v 0.52524097 -2.29894226 0.94286832
v 0.53148667 -2.32897943 0.98521645
v 0.53680317 -2.36599324 1.02177212
v 0.54102895 -2.40885905 1.05142460
v 0.54403559 -2.45627440 1.07327291
v 0.54573176 -2.50679861 1.08665322
v 0.54606590 -2.55889650 1.09115895
v 0.54502787 -2.61098513 1.08665322
v 0.54264920 -2.66148181 1.07327291
v 0.53900218 -2.70885221 1.05142460
v 0.53419761 -2.75165701 1.02177212
v 0.52838147 -2.78859561 0.98521645
v 0.52173050 -2.81854564 0.94286832
v 0.51444677 -2.84059710 0.89601445
v 0.50675160 -2.85407996 0.84607848
v 0.71755222 -2.85108106 0.76431572
v 0.70901312 -2.84715917 0.71287345
v 0.70004275 -2.83426730 0.66299423
v 0.69091368 -2.81279716 0.61619361
v 0.68190329 -2.78340113 0.57389361
v 0.67328535 -2.74697237 0.53737949
v 0.66532172 -2.70461776 0.50776071
v 0.65825437 -2.65762423 0.48593722
v 0.65229803 -2.60741964 0.47257212
v 0.64763368 -2.55552944 0.46807151
v 0.64440306 -2.50353028 0.47257212
v 0.64270431 -2.45300215 0.48593722
v 0.64258906 -2.40548029 0.50776071
v 0.64406081 -2.36240865 0.53737949
v 0.64707484 -2.32509593 0.57389361
v 0.65153956 -2.29467587 0.61619361
v 0.65731933 -2.27207275 0.66299423
v 0.66423852 -2.25797337 0.71287345
v 0.67208690 -2.25280612 0.76431572
v 0.68062601 -2.25672802 0.81575799
v 0.68959637 -2.26961989 0.86563721
v 0.69872544 -2.29109002 0.91243783
v 0.70773584 -2.32048606 0.95473783
v 0.71635377 -2.35691482 0.99125195
v 0.72431741 -2.39926943 1.02087074
v 0.73138476 -2.44626296 1.04269422
v 0.73734110 -2.49646755 1.05605932
v 0.74200545 -2.54835775 1.06055993
v 0.74523607 -2.60035690 1.05605932
v 0.74693482 -2.65088504 1.04269422
v 0.74705007 -2.69840690 1.02087074
v 0.74557832 -2.74147854 0.99125195
v 0.74256429 -2.77879125 0.95473783
v 0.73809957 -2.80921132 0.91243783
v 0.73231980 -2.83181444 0.86563721
v 0.72540061 -2.84591382 0.81575799
v 0.93721219 -2.82527175 0.73226867
v 0.92803198 -2.82212391 0.68088366
v 0.91769163 -2.81007068 0.63105995
v 0.90650533 -2.78947829 0.58431143
v 0.89481298 -2.76097243 0.54205851
v 0.88296983 -2.72541923 0.50558503
v 0.87133575 -2.68389897 0.47599921
v 0.86026421 -2.63767322 0.45420002
v 0.85009163 -2.58814651 0.44084980
v 0.84112710 -2.53682370 0.43635419
v 0.83364299 -2.48526420 0.44084980
v 0.82786671 -2.43503462 0.45420002
v 0.82397377 -2.38766116 0.47599921
v 0.82208245 -2.34458324 0.50558503
v 0.82225022 -2.30710976 0.54205851
v 0.82447199 -2.27637934 0.58431143
v 0.82868023 -2.25332570 0.63105995
v 0.83474710 -2.23864931 0.68088366
v 0.84248824 -2.23279612 0.73226867
v 0.85166846 -2.23594396 0.78365368
v 0.86200881 -2.24799719 0.83347738
v 0.87319510 -2.26858957 0.88022590
v 0.88488746 -2.29709543 0.92247883
v 0.89673060 -2.33264863 0.95895231
v 0.90836469 -2.37416889 0.98853812
v 0.91943622 -2.42039465 1.01033732
v 0.92960880 -2.46992135 1.02368754
v 0.93857334 -2.52124417 1.02818314
v 0.94605744 -2.57280367 1.02368754
v 0.95183372 -2.62303325 1.01033732
v 0.95572666 -2.67040670 0.98853812
v 0.95761798 -2.71348462 0.95895231
v 0.95745021 -2.75095810 0.92247883
v 0.95522845 -2.78168852 0.88022590
v 0.95102020 -2.80474216 0.83347738
v 0.94495334 -2.81941855 0.78365368
v 1.15620353 -2.78094839 0.69851137
v 1.14647696 -2.77864839 0.64718196
v 1.13486767 -2.76756702 0.59741216
v 1.12172842 -2.74804097 0.55071422
v 1.10745843 -2.72066353 0.50850702
v 1.09249128 -2.68626656 0.47207300
v 1.07728175 -2.64589519 0.44251920
v 1.06229197 -2.60077609 0.42074359
v 1.04797740 -2.55228017 0.40740782
v 1.03477297 -2.50188095 0.40291708
v 1.02307990 -2.45110980 0.40740782
v 1.01325348 -2.40150937 0.42074359
v 1.00559227 -2.35458674 0.44251920
v 1.00032906 -2.31176763 0.47207300
v 0.99762377 -2.27435308 0.50850702
v 0.99755860 -2.24347992 0.55071422
v 1.00013552 -2.22008620 0.59741216
v 1.00527624 -2.20488273 0.64718196
v 1.01282457 -2.19833147 0.69851137
v 1.02255114 -2.20063147 0.74984077
v 1.03416042 -2.21171285 0.79961057
v 1.04729967 -2.23123890 0.84630851
v 1.06156967 -2.25861633 0.88851571
v 1.07653681 -2.29301330 0.92494973
v 1.09174634 -2.33338467 0.95450353
v 1.10673612 -2.37850378 0.97627914
v 1.12105070 -2.42699970 0.98961491
v 1.13425513 -2.47739892 0.99410565
v 1.14594819 -2.52817007 0.98961491
v 1.15577462 -2.57777050 0.97627914
v 1.16343583 -2.62469313 0.95450353
v 1.16869903 -2.66751224 0.92494973
v 1.17140433 -2.70492678 0.88851571
v 1.17146950 -2.73579995 0.84630851
v 1.16889258 -2.75919367 0.79961057
v 1.16375185 -2.77439713 0.74984077
v 1.37284181 -2.71806388 0.66312266
v 1.36267019 -2.71667330 0.61184685
v 1.34990453 -2.70668427 0.56212903
v 1.33493271 -2.68840031 0.51547985
v 1.31820966 -2.66237696 0.47331672
v 1.30024348 -2.62940494 0.43692075
v 1.28158007 -2.59048608 0.40739781
v 1.26278652 -2.54680291 0.38564494
v 1.24443384 -2.49968272 0.37232309
v 1.22707969 -2.45055724 0.36783703
v 1.21125135 -2.40091911 0.37232309
v 1.19742977 -2.35227658 0.38564494
v 1.18603489 -2.30610760 0.40739781
v 1.17741296 -2.26381502 0.43692075
v 1.17182595 -2.22668386 0.47331672
v 1.16944361 -2.19584234 0.51547985
v 1.17033833 -2.17222755 0.56212903
v 1.17448292 -2.15655704 0.61184685
v 1.18175145 -2.14930693 0.66312266
v 1.19192308 -2.15069751 0.71439847
v 1.20468874 -2.16068654 0.76411629
v 1.21966055 -2.17897050 0.81076547
v 1.23638361 -2.20499384 0.85292860
v 1.25434979 -2.23796587 0.88932457
v 1.27301319 -2.27688473 0.91884751
v 1.29180675 -2.32056790 0.94060038
v 1.31015942 -2.36768808 0.95392223
v 1.32751358 -2.41681357 0.95840828
v 1.34334192 -2.46645169 0.95392223
v 1.35716350 -2.51509423 0.94060038
v 1.36855837 -2.56126320 0.91884751
v 1.37718030 -2.60355579 0.88932457
v 1.38276732 -2.64068695 0.85292860
v 1.38514966 -2.67152847 0.81076547
v 1.38425494 -2.69514325 0.76411629
v 1.38011035 -2.71081377 0.71439847
v 1.58543010 -2.63673575 0.62618520
v 1.57491980 -2.63630352 0.57496068
v 1.56112032 -2.62751374 0.52529259
v 1.54445096 -2.61063351 0.47869008
v 1.52541820 -2.58617570 0.43656913
v 1.50460035 -2.55488347 0.40020957
v 1.48262995 -2.51770761 0.37071616
v 1.46017455 -2.47577769 0.34898505
v 1.43791646 -2.43036772 0.33567653
v 1.41653196 -2.38285748 0.33119496
v 1.39667083 -2.33469052 0.33567653
v 1.37893653 -2.28733039 0.34898505
v 1.36386790 -2.24221609 0.37071616
v 1.35192281 -2.20071841 0.40020957
v 1.34346419 -2.16409821 0.43656913
v 1.33874906 -2.13346820 0.47869008
v 1.33792068 -2.10975905 0.52529259
v 1.34100423 -2.09369115 0.57496068
v 1.34790601 -2.08575272 0.62618520
v 1.35841631 -2.08618495 0.67740971
v 1.37221579 -2.09497472 0.72707780
v 1.38888515 -2.11185496 0.77368032
v 1.40791791 -2.13631276 0.81580127
v 1.42873576 -2.16760500 0.85216083
v 1.45070616 -2.20478086 0.88165424
v 1.47316156 -2.24671078 0.90338535
v 1.49541965 -2.29212074 0.91669387
v 1.51680415 -2.33963099 0.92117543
v 1.53666528 -2.38779794 0.91669387
v 1.55439958 -2.43515808 0.90338535
v 1.56946821 -2.48027237 0.88165424
v 1.58141330 -2.52177006 0.85216083
v 1.58987192 -2.55839025 0.81580127
v 1.59458705 -2.58902026 0.77368032
v 1.59541543 -2.61272941 0.72707780
v 1.59233188 -2.62879732 0.67740971
v 1.79227606 -2.53724793 0.58778525
v 1.78153705 -2.53781007 0.53660945
v 1.76683475 -2.53031218 0.48698861
v 1.74861587 -2.51498210 0.44043042
v 1.72743397 -2.49228561 0.39834953
v 1.70393268 -2.46291234 0.36202454
v 1.67882605 -2.42775477 0.33255919
v 1.65287694 -2.38788116 0.31084875
v 1.62687380 -2.34450304 0.29755288
v 1.60160672 -2.29893844 0.29307558
v 1.57784344 -2.25257181 0.29755288
v 1.55630598 -2.20681197 0.31084875
v 1.53764875 -2.16304933 0.33255919
v 1.52243864 -2.12261358 0.36202454
v 1.51113781 -2.08673334 0.39834953
v 1.50408962 -2.05649882 0.44043042
v 1.50150823 -2.03282868 0.48698861
v 1.50347207 -2.01644212 0.53660945
v 1.50992147 -2.00783704 0.58778525
v 1.52066047 -2.00727490 0.63896105
v 1.53536278 -2.01477279 0.68858190
v 1.55358166 -2.03010287 0.73514009
v 1.57476355 -2.05279936 0.77722098
v 1.59826485 -2.08217263 0.81354596
v 1.62337148 -2.11733020 0.84301132
v 1.64932059 -2.15720381 0.86472176
v 1.67532373 -2.20058193 0.87801762
v 1.70059080 -2.24614653 0.88249493
v 1.72435409 -2.29251316 0.87801762
v 1.74589155 -2.33827300 0.86472176
v 1.76454877 -2.38203564 0.84301132
v 1.77975888 -2.42247139 0.81354596
v 1.79105972 -2.45835163 0.77722098
v 1.79810791 -2.48858615 0.73514009
v 1.80068930 -2.51225629 0.68858190
v 1.79872546 -2.52864285 0.63896105
v 1.99170924 -2.42005061 0.54801251
v 1.98085364 -2.42163013 0.49688262
v 1.96538635 -2.41550196 0.44730629
v 1.94577732 -2.40185232 0.40078986
v 1.92262237 -2.38109595 0.35874672
v 1.89662506 -2.35386350 0.32245432
v 1.86857529 -2.32098243 0.29301540
v 1.83932534 -2.28345182 0.27132444
v 1.80976397 -2.24241200 0.25804050
v 1.78078937 -2.19910996 0.25356721
v 1.75328192 -2.15486140 0.25804050
v 1.72807743 -2.11101080 0.27132444
v 1.70594172 -2.06889054 0.29301540
v 1.68754738 -2.02978041 0.32245432
v 1.67345330 -1.99486875 0.35874672
v 1.66408773 -1.96521635 0.40078986
v 1.65973523 -1.94172418 0.44730629
v 1.66052806 -1.92510602 0.49688262
v 1.66644212 -1.91586682 0.54801251
v 1.67729772 -1.91428731 0.59914240
v 1.69276501 -1.92041547 0.64871873
v 1.71237404 -1.93406511 0.69523516
v 1.73552899 -1.95482149 0.73727829
v 1.76152630 -1.98205394 0.77357069
v 1.78957607 -2.01493500 0.80300961
v 1.81882602 -2.05246562 0.82470058
v 1.84838740 -2.09350544 0.83798452
v 1.87736199 -2.13680748 0.84245780
v 1.90486944 -2.18105603 0.83798452
v 1.93007393 -2.22490663 0.82470058
v 1.95220964 -2.26702690 0.80300961
v 1.97060398 -2.30613703 0.77357069
v 1.98469806 -2.34104868 0.73727829
v 1.99406364 -2.37070108 0.69523516
v 1.99841613 -2.39419326 0.64871873
v 1.99762331 -2.41081141 0.59914240
v 2.18209844 -2.28575826 0.50695985
v 2.17123902 -2.28836517 0.45587286
v 2.15514979 -2.28366940 0.40633811
v 2.13431963 -2.27181361 0.35986070
v 2.10938145 -2.25315804 0.31785283
v 2.08109298 -2.22826953 0.28159088
v 2.05031375 -2.19790431 0.25217665
v 2.01797897 -2.16298501 0.23050388
v 1.98507113 -2.12457263 0.21723109
v 1.95259010 -2.08383431 0.21276156
v 1.92152281 -2.04200787 0.21723109
v 1.89281321 -2.00036418 0.23050388
v 1.86733365 -1.96016857 0.25217665
v 1.84585830 -1.92264235 0.28159088
v 1.82903967 -1.88892575 0.31785283
v 1.81738880 -1.86004322 0.35986070
v 1.81125969 -1.83687235 0.40633811
v 1.81083857 -1.82011717 0.45587286
v 1.81613824 -1.81028678 0.50695985
v 1.82699766 -1.80767987 0.55804685
v 1.84308689 -1.81237564 0.60758160
v 1.86391705 -1.82423143 0.65405900
v 1.88885523 -1.84288700 0.69606687
v 1.91714370 -1.86777551 0.73232883
v 1.94792293 -1.89814073 0.76174305
v 1.98025770 -1.93306003 0.78341582
v 2.01316555 -1.97147241 0.79668862
v 2.04564658 -2.01221073 0.80115815
v 2.07671387 -2.05403717 0.79668862
v 2.10542346 -2.09568086 0.78341582
v 2.13090303 -2.13587647 0.76174305
v 2.15237838 -2.17340269 0.73232883
v 2.16919700 -2.20711929 0.69606687
v 2.18084787 -2.23600182 0.65405900
v 2.18697698 -2.25917269 0.60758160
v 2.18739810 -2.27592787 0.55804685
v 2.36186870 -2.13514571 0.46472317
v 2.35111747 -2.13877725 0.41367586
v 2.33455301 -2.13556116 0.36417960
v 2.31267861 -2.12559517 0.31773831
v 2.28615891 -2.10918207 0.27576307
v 2.25579971 -2.08682057 0.23952930
v 2.22252344 -2.05919012 0.21013792
v 2.18734120 -2.02713026 0.18848199
v 2.15132198 -1.99161510 0.17521951
v 2.11556020 -1.95372375 0.17075345
v 2.08114247 -1.91460753 0.17521951
v 2.04911455 -1.87545497 0.18848199
v 2.02044960 -1.83745569 0.21013792
v 1.99601858 -1.80176428 0.23952930
v 1.97656382 -1.76946520 0.27576307
v 1.96267644 -1.74153986 0.31773831
v 1.95477840 -1.71883674 0.36417960
v 1.95310969 -1.70204567 0.41367586
v 1.95772100 -1.69167683 0.46472317
v 1.96847222 -1.68804529 0.51577048
v 1.98503669 -1.69126138 0.56526674
v 2.00691109 -1.70122737 0.61170803
v 2.03343078 -1.71764047 0.65368327
v 2.06378999 -1.74000197 0.68991705
v 2.09706625 -1.76763242 0.71930842
v 2.13224849 -1.79969228 0.74096435
v 2.16826772 -1.83520744 0.75422684
v 2.20402950 -1.87309879 0.75869290
v 2.23844723 -1.91221501 0.75422684
v 2.27047515 -1.95136757 0.74096435
v 2.29914010 -1.98936685 0.71930842
v 2.32357112 -2.02505826 0.68991705
v 2.34302588 -2.05735734 0.65368327
v 2.35691326 -2.08528268 0.61170803
v 2.36481129 -2.10798580 0.56526674
v 2.36648001 -2.12477687 0.51577048
v 2.52951798 -1.96914242 0.42140111
v 2.51898486 -1.97378338 0.37039013
v 2.50209387 -1.97207889 0.32092910
v 2.47935823 -1.96408075 0.27452086
v 2.45146874 -1.95003198 0.23257551
v 2.41927283 -1.93035943 0.19636752
v 2.38374873 -1.90566086 0.16699706
v 2.34597584 -1.87668671 0.14535655
v 2.30710187 -1.84431735 0.13210350
v 2.26830798 -1.80953630 0.12764062
v 2.23077291 -1.77340037 0.13210350
v 2.19563713 -1.73700754 0.14535655
v 2.16396824 -1.70146357 0.16699706
v 2.13672846 -1.66784846 0.19636752
v 2.11474549 -1.63718358 0.23257551
v 2.09868724 -1.61040067 0.27452086
v 2.08904165 -1.58831352 0.32092910
v 2.08610179 -1.57159323 0.37039013
v 2.08995699 -1.56074784 0.42140111
v 2.10049011 -1.55610688 0.47241208
v 2.11738110 -1.55781136 0.52187311
v 2.14011674 -1.56580950 0.56828135
v 2.16800623 -1.57985827 0.61022671
v 2.20020214 -1.59953082 0.64643470
v 2.23572624 -1.62422939 0.67580515
v 2.27349913 -1.65320354 0.69744567
v 2.31237310 -1.68557291 0.71069871
v 2.35116699 -1.72035395 0.71516159
v 2.38870206 -1.75648988 0.71069871
v 2.42383784 -1.79288272 0.69744567
v 2.45550673 -1.82842668 0.67580515
v 2.48274650 -1.86204180 0.64643470
v 2.50472948 -1.89270667 0.61022671
v 2.52078773 -1.91948958 0.56828135
v 2.53043332 -1.94157673 0.52187311
v 2.53337318 -1.95829703 0.47241208
v 2.68363316 -1.78882498 0.37709484
v 2.67342462 -1.79444815 0.32611671
v 2.65635626 -1.79427190 0.27668752
v 2.63294671 -1.78830159 0.23030916
v 2.60390724 -1.77671861 0.18839080
v 2.57012021 -1.75987491 0.15220613
v 2.53261222 -1.73828228 0.12285458
v 2.49252293 -1.71259680 0.10122799
v 2.45107043 -1.68359890 0.08798348
v 2.40951424 -1.65216969 0.08352347
v 2.36911702 -1.61926410 0.08798348
v 2.33110621 -1.58588198 0.10122799
v 2.29663677 -1.55303761 0.12285458
v 2.26675602 -1.52172895 0.15220613
v 2.24237188 -1.49290731 0.18839080
v 2.22422524 -1.46744841 0.23030916
v 2.21286749 -1.44612580 0.27668752
v 2.20864372 -1.42958738 0.32611671
v 2.21168226 -1.41833564 0.37709484
v 2.22189081 -1.41271246 0.42807297
v 2.23895916 -1.41288871 0.47750216
v 2.26236872 -1.41885903 0.52388053
v 2.29140819 -1.43044200 0.56579888
v 2.32519522 -1.44728570 0.60198356
v 2.36270321 -1.46887833 0.63133510
v 2.40279250 -1.49456382 0.65296169
v 2.44424500 -1.52356171 0.66620620
v 2.48580119 -1.55499093 0.67066621
v 2.52619841 -1.58789651 0.66620620
v 2.56420921 -1.62127863 0.65296169
v 2.59867865 -1.65412300 0.63133510
v 2.62855940 -1.68543166 0.60198356
v 2.65294355 -1.71425331 0.56579888
v 2.67109018 -1.73971221 0.52388053
v 2.68244794 -1.76103481 0.47750216
v 2.68667171 -1.77757324 0.42807297
v 2.82290515 -1.59540783 0.33190785
v 2.81312298 -1.60197463 0.28095895
v 2.79602536 -1.60332825 0.23155810
v 2.77213179 -1.59942755 0.18520633
v 2.74216828 -1.59039105 0.14331202
v 2.70704524 -1.57649333 0.10714809
v 2.66782987 -1.55815666 0.07781337
v 2.62571371 -1.53593819 0.05619918
v 2.58197643 -1.51051302 0.04296227
v 2.53794698 -1.48265367 0.03850481
v 2.49496317 -1.45320665 0.04296227
v 2.45433103 -1.42306668 0.05619918
v 2.41728515 -1.39314955 0.07781337
v 2.38495116 -1.36436428 0.10714809
v 2.35831151 -1.33758549 0.14331202
v 2.33817562 -1.31362685 0.18520633
v 2.32515532 -1.29321632 0.23155810
v 2.31964623 -1.27697407 0.28095895
v 2.32181572 -1.26539361 0.33190785
v 2.33159789 -1.25882681 0.38285676
v 2.34869551 -1.25747319 0.43225760
v 2.37258907 -1.26137390 0.47860937
v 2.40255259 -1.27041039 0.52050369
v 2.43767563 -1.28430811 0.55666762
v 2.47689100 -1.30264478 0.58600234
v 2.51900716 -1.32486325 0.60761652
v 2.56274444 -1.35028842 0.62085344
v 2.60677389 -1.37814777 0.62531089
v 2.64975770 -1.40759479 0.62085344
v 2.69038984 -1.43773476 0.60761652
v 2.72743572 -1.46765189 0.58600234
v 2.75976971 -1.49643716 0.55666762
v 2.78640936 -1.52321595 0.52050369
v 2.80654525 -1.54717460 0.47860937
v 2.81956555 -1.56758512 0.43225760
v 2.82507464 -1.58382737 0.38285676
v 2.94614303 -1.39023243 0.28594568
v 2.93688319 -1.39769360 0.23502230
v 2.91990187 -1.40056411 0.18564619
v 2.89571504 -1.39875674 0.13931764
v 2.86505759 -1.39232642 0.09744431
v 2.82886103 -1.38146851 0.06129849
v 2.78822519 -1.36651294 0.03197847
v 2.74438476 -1.34791412 0.01037511
v 2.69867181 -1.32623717 -0.00285518
v 2.65247531 -1.30214073 -0.00731040
v 2.60719891 -1.27635695 -0.00285518
v 2.56421831 -1.24966927 0.01037511
v 2.52483946 -1.22288858 0.03197847
v 2.49025887 -1.19682859 0.06129849
v 2.46152724 -1.17228113 0.09744431
v 2.43951757 -1.14999205 0.13931764
v 2.42489862 -1.13063860 0.18564619
v 2.41811458 -1.11480883 0.23502230
v 2.41937157 -1.10298371 0.28594568
v 2.42863140 -1.09552254 0.33686906
v 2.44561272 -1.09265203 0.38624516
v 2.46979955 -1.09445939 0.43257372
v 2.50045700 -1.10088972 0.47444705
v 2.53665356 -1.11174763 0.51059286
v 2.57728940 -1.12670320 0.53991289
v 2.62112983 -1.14530202 0.56151625
v 2.66684278 -1.16697897 0.57474653
v 2.71303928 -1.19107541 0.57920175
v 2.75831568 -1.21685919 0.57474653
v 2.80129628 -1.24354687 0.56151625
v 2.84067513 -1.27032756 0.53991289
v 2.87525572 -1.29638755 0.51059286
v 2.90398735 -1.32093501 0.47444705
v 2.92599702 -1.34322409 0.43257372
v 2.94061597 -1.36257753 0.38624516
v 2.94740002 -1.37840731 0.33686906
v 3.05228695 -1.17475486 0.23931566
v 3.04363853 -1.18305129 0.18841401
v 3.02691513 -1.18741168 0.13905897
v 3.00262489 -1.18770356 0.09275019
v 2.97150586 -1.18391804 0.05089472
v 2.93450357 -1.17617016 0.01476433
v 2.89274232 -1.16469533 -0.01454319
v 2.84749100 -1.14984220 -0.03613733
v 2.80012455 -1.13206208 -0.04936197
v 2.75208217 -1.11189521 -0.05381529
v 2.70482362 -1.08995435 -0.04936197
v 2.65978481 -1.06690616 -0.03613733
v 2.61833422 -1.04345095 -0.01454319
v 2.58173133 -1.02030140 0.01476433
v 2.55108827 -0.99816088 0.05089472
v 2.52733613 -0.97770214 0.09275019
v 2.51119661 -0.95954679 0.13905897
v 2.50316009 -0.94424649 0.18841401
v 2.50347076 -0.93226611 0.23931566
v 2.51211918 -0.92396969 0.29021732
v 2.52884258 -0.91960929 0.33957235
v 2.55313282 -0.91931742 0.38588114
v 2.58425185 -0.92310293 0.42773661
v 2.62125414 -0.93085082 0.46386700
v 2.66301539 -0.94232565 0.49317452
v 2.70826671 -0.95717878 0.51476866
v 2.75563316 -0.97495890 0.52799330
v 2.80367554 -0.99512577 0.53244662
v 2.85093410 -1.01706663 0.52799330
v 2.89597290 -1.04011481 0.51476866
v 2.93742349 -1.06357002 0.49317452
v 2.97402638 -1.08671958 0.46386700
v 3.00466944 -1.10886009 0.42773661
v 3.02842158 -1.12931884 0.38588114
v 3.04456110 -1.14747418 0.33957235
v 3.05259762 -1.16277449 0.29021732
v 3.14041969 -0.95053214 0.19212672
v 3.13246389 -0.95959578 0.14124293
v 3.11613478 -0.96540568 0.09190522
v 3.09192851 -0.96778529 0.04561268
v 3.06058058 -0.96666232 0.00377191
v 3.02304348 -0.96207089 -0.03234580
v 2.98045775 -0.95415050 -0.06164303
v 2.93411734 -0.94314181 -0.08322959
v 2.88543028 -0.92937932 -0.09644959
v 2.83587590 -0.91328119 -0.10090135
v 2.78695988 -0.89533656 -0.09644959
v 2.74016852 -0.87609066 -0.08322959
v 2.69692355 -0.85612827 -0.06164303
v 2.65853894 -0.83605594 -0.03234580
v 2.62618099 -0.81648355 0.00377191
v 2.60083287 -0.79800580 0.04561268
v 2.58326479 -0.78118414 0.09190522
v 2.57401053 -0.76652967 0.14124293
v 2.57335129 -0.75448767 0.19212672
v 2.58130709 -0.74542402 0.24301051
v 2.59763620 -0.73961413 0.29234822
v 2.62184247 -0.73723451 0.33864075
v 2.65319040 -0.73835748 0.38048153
v 2.69072750 -0.74294892 0.41659924
v 2.73331323 -0.75086930 0.44589647
v 2.77965364 -0.76187799 0.46748303
v 2.82834070 -0.77564048 0.48070303
v 2.87789508 -0.79173861 0.48515478
v 2.92681109 -0.80968325 0.48070303
v 2.97360245 -0.82892915 0.46748303
v 3.01684743 -0.84889154 0.44589647
v 3.05523204 -0.86896387 0.41659924
v 3.08758999 -0.88853626 0.38048153
v 3.11293810 -0.90701400 0.33864075
v 3.13050619 -0.92383567 0.29234822
v 3.13976044 -0.93849014 0.24301051
v 3.20977664 -0.71920728 0.14448905
v 3.20258597 -0.72896219 0.09361921
v 3.18678102 -0.73616863 0.04429503
v 3.16284201 -0.74060763 -0.00198481
v 3.13149632 -0.74214433 -0.04381412
v 3.09369638 -0.74073203 -0.07992193
v 3.05059070 -0.73641364 -0.10921112
v 3.00348905 -0.72932037 -0.13079177
v 2.95382257 -0.71966776 -0.14400814
v 2.90310037 -0.70774908 -0.14845868
v 2.85286360 -0.69392648 -0.14400814
v 2.80463868 -0.67861996 -0.13079177
v 2.75989091 -0.66229460 -0.10921112
v 2.71997993 -0.64544642 -0.07992193
v 2.68611841 -0.62858737 -0.04381412
v 2.65933521 -0.61222968 -0.00198481
v 2.64044413 -0.59687039 0.04429503
v 2.63001916 -0.58297617 0.09361921
v 2.62837706 -0.57096919 0.14448905
v 2.63556774 -0.56121429 0.19535889
v 2.65137269 -0.55400785 0.24468307
v 2.67531170 -0.54956884 0.29096291
v 2.70665738 -0.54803214 0.33279222
v 2.74445733 -0.54944444 0.36890003
v 2.78756300 -0.55376283 0.39818922
v 2.83466466 -0.56085610 0.41976987
v 2.88433113 -0.57050872 0.43298624
v 2.93505334 -0.58242740 0.43743678
v 2.98529011 -0.59624999 0.43298624
v 3.03351503 -0.61155651 0.41976987
v 3.07826279 -0.62788188 0.39818922
v 3.11817378 -0.64473005 0.36890003
v 3.15203530 -0.66158911 0.33279222
v 3.17881850 -0.67794679 0.29096291
v 3.19770958 -0.69330609 0.24468307
v 3.20813455 -0.70720031 0.19535889
v 3.25975423 -0.48249339 0.09651392
v 3.25339175 -0.49285676 0.04565408
v 3.23823320 -0.50139511 -0.00366042
v 3.21473916 -0.50784901 -0.04993117
v 3.18362350 -0.51202235 -0.09175225
v 3.14583165 -0.51378834 -0.12785297
v 3.10251189 -0.51309332 -0.15713641
v 3.05498048 -0.50995840 -0.17871282
v 3.00468162 -0.50447884 -0.19192659
v 2.95314363 -0.49682113 -0.19637625
v 2.90193246 -0.48721794 -0.19192659
v 2.85260414 -0.47596107 -0.17871282
v 2.80665748 -0.46339255 -0.15713641
v 2.76548855 -0.44989426 -0.12785297
v 2.73034825 -0.43587635 -0.09175225
v 2.70230429 -0.42176474 -0.04993117
v 2.68220878 -0.40798821 -0.00366042
v 2.67067231 -0.39496535 0.04565408
v 2.66804541 -0.38309185 0.09651392
v 2.67440789 -0.37272848 0.14737377
v 2.68956645 -0.36419013 0.19668826
v 2.71306048 -0.35773624 0.24295901
v 2.74417614 -0.35356289 0.28478010
v 2.78196799 -0.35179690 0.32088081
v 2.82528775 -0.35249192 0.35016425
v 2.87281916 -0.35562684 0.37174066
v 2.92311802 -0.36110640 0.38495444
v 2.97465601 -0.36876411 0.38940410
v 3.02586718 -0.37836730 0.38495444
v 3.07519550 -0.38962417 0.37174066
v 3.12114216 -0.40219269 0.35016425
v 3.16231109 -0.41569098 0.32088081
v 3.19745140 -0.42970889 0.28478010
v 3.22549535 -0.44382050 0.24295901
v 3.24559086 -0.45759703 0.19668826
v 3.25712733 -0.47061989 0.14737377
v 3.28861966 -0.25457750 0.04831338
v 3.28269245 -0.26520508 -0.00254453
v 3.26790093 -0.27437466 -0.05185715
v 3.24469454 -0.28180762 -0.09812614
v 3.21377840 -0.28727811 -0.13994563
v 3.17609187 -0.29061991 -0.17604497
v 3.13278004 -0.29173149 -0.20532730
v 3.08515893 -0.29057906 -0.22690288
v 3.03467547 -0.28719766 -0.24011616
v 2.98286357 -0.28169001 -0.24456565
v 2.93129753 -0.27422347 -0.24011616
v 2.88154413 -0.26502490 -0.22690288
v 2.83511513 -0.25437380 -0.20532730
v 2.79342123 -0.24259379 -0.17604497
v 2.75772928 -0.23004281 -0.13994563
v 2.72912378 -0.21710221 -0.09812614
v 2.70847387 -0.20416518 -0.05185715
v 2.69640701 -0.19162481 -0.00254453
v 2.69328983 -0.17986213 0.04831338
v 2.69921704 -0.16923454 0.09917129
v 2.71400856 -0.16006496 0.14848391
v 2.73721495 -0.15263201 0.19475289
v 2.76813109 -0.14716152 0.23657239
v 2.80581762 -0.14381972 0.27267173
v 2.84912944 -0.14270814 0.30195406
v 2.89675056 -0.14386056 0.32352964
v 2.94723402 -0.14724197 0.33674292
v 2.99904591 -0.15274961 0.34119241
v 3.05061196 -0.16021616 0.33674292
v 3.10036535 -0.16941472 0.32352964
v 3.14679436 -0.18006583 0.30195406
v 3.18848826 -0.19184583 0.27267173
v 3.22418020 -0.20439682 0.23657239
v 3.25278571 -0.21733742 0.19475289
v 3.27343561 -0.23027445 0.14848391
v 3.28550248 -0.24281482 0.09917129
f 1 2 37
f 2 38 37
f 2 3 38
f 3 39 38
f 3 4 39
f 4 40 39
f 4 5 40
f 5 41 40
f 5 6 41
f 6 42 41
f 6 7 42
f 7 43 42
f 7 8 43
f 8 44 43
f 8 9 44
f 9 45 44
f 9 10 45
f 10 46 45
f 10 11 46
f 11 47 46
f 11 12 47
f 12 48 47
f 12 13 48
f 13 49 48
f 13 14 49
f 14 50 49
f 14 15 50
f 15 51 50
f 15 16 51
f 16 52 51
f 16 17 52
f 17 53 52
f 17 18 53
f 18 54 53
f 18 19 54
f 19 55 54
f 19 20 55
f 20 56 55
f 20 21 56
f 21 57 56
f 21 22 57
f 22 58 57
f 22 23 58
f 23 59 58
f 23 24 59
f 24 60 59
f 24 25 60
f 25 61 60
f 25 26 61
f 26 62 61
f 26 27 62
f 27 63 62
f 27 28 63
f 28 64 63
f 28 29 64
f 29 65 64
f 29 30 65
f 30 66 65
f 30 31 66
f 31 67 66
f 31 32 67
f 32 68 67
f 32 33 68
f 33 69 68
f 33 34 69
f 34 70 69
f 34 35 70
f 35 71 70
f 35 36 71
f 36 72 71
f 36 1 72
f 1 37 72
f 37 38 73
f 38 74 73
f 38 39 74
f 39 75 74
f 39 40 75
f 40 76 75
f 40 41 76
f 41 77 76
f 41 42 77
f 42 78 77
f 42 43 78
f 43 79 78
f 43 44 79
f 44 80 79
f 44 45 80
f 45 81 80
f 45 46 81
f 46 82 81
f 46 47 82
f 47 83 82
f 47 48 83
f 48 84 83
f 48 49 84
f 49 85 84
f 49 50 85
f 50 86 85
f 50 51 86
f 51 87 86
f 51 52 87
f 52 88 87
f 52 53 88
f 53 89 88
f 53 54 89
f 54 90 89
f 54 55 90
f 55 91 90
f 55 56 91
f 56 92 91
f 56 57 92
f 57 93 92
f 57 58 93
f 58 94 93
f 58 59 94
f 59 95 94
f 59 60 95
f 60 96 95
f 60 61 96
f 61 97 96
f 61 62 97
f 62 98 97
f 62 63 98
f 63 99 98
f 63 64 99
f 64 100 99
f 64 65 100
f 65 101 100
f 65 66 101
f 66 102 101
f 66 67 102
f 67 103 102
f 67 68 103
f 68 104 103
f 68 69 104
f 69 105 104
f 69 70 105
f 70 106 105
f 70 71 106
f 71 107 106
f 71 72 107
f 72 108 107
f 72 37 108
f 37 73 108
f 73 74 109
f 74 110 109
f 74 75 110
f 75 111 110
f 75 76 111
f 76 112 111
f 76 77 112
f 77 113 112
f 77 78 113
f 78 114 113
f 78 79 114
f 79 115 114
f 79 80 115
f 80 116 115
f 80 81 116
f 81 117 116
f 81 82 117
f 82 118 117
f 82 83 118
f 83 119 118
f 83 84 119
f 84 120 119
f 84 85 120
f 85 121 120
f 85 86 121
f 86 122 121
f 86 87 122
f 87 123 122
f 87 88 123
f 88 124 123
f 88 89 124
f 89 125 124
f 89 90 125
f 90 126 125
f 90 91 126
f 91 127 126
f 91 92 127
f 92 128 127
f 92 93 128
f 93 129 128
f 93 94 129
f 94 130 129
f 94 95 130
f 95 131 130
f 95 96 131
f 96 132 131
f 96 97 132
f 97 133 132
f 97 98 133
f 98 134 133
f 98 99 134
f 99 135 134
f 99 100 135
f 100 136 135
f 100 101 136
f 101 137 136
f 101 102 137
f 102 138 137
f 102 103 138
f 103 139 138
f 103 104 139
f 104 140 139
f 104 105 140
f 105 141 140
f 105 106 141
f 106 142 141
f 106 107 142
f 107 143 142
f 107 108 143
f 108 144 143
f 108 73 144
f 73 109 144
f 109 110 145
f 110 146 145
f 110 111 146
f 111 147 146
f 111 112 147
f 112 148 147
f 112 113 148
f 113 149 148
f 113 114 149
f 114 150 149
f 114 115 150
f 115 151 150
f 115 116 151
f 116 152 151
f 116 117 152
f 117 153 152
f 117 118 153
f 118 154 153
f 118 119 154
f 119 155 154
f 119 120 155
f 120 156 155
f 120 121 156
f 121 157 156
f 121 122 157
f 122 158 157
f 122 123 158
f 123 159 158
f 123 124 159
f 124 160 159
f 124 125 160
f 125 161 160
f 125 126 161
f 126 162 161
f 126 127 162
f 127 163 162
f 127 128 163
f 128 164 163
f 128 129 164
f 129 165 164
f 129 130 165
f 130 166 165
f 130 131 166
f 131 167 166
f 131 132 167
f 132 168 167
f 132 133 168
f 133 169 168
f 133 134 169
f 134 170 169
f 134 135 170
f 135 171 170
f 135 136 171
f 136 172 171
f 136 137 172
f 137 173 172
f 137 138 173
f 138 174 173
f 138 139 174
f 139 175 174
f 139 140 175
f 140 176 175
f 140 141 176
f 141 177 176
f 141 142 177
f 142 178 177
f 142 143 178
f 143 179 178
f 143 144 179
f 144 180 179
f 144 109 180
f 109 145 180
f 145 146 181
f 146 182 181
f 146 147 182
f 147 183 182
f 147 148 183
f 148 184 183
f 148 149 184
f 149 185 184
f 149 150 185
f 150 186 185
f 150 151 186
f 151 187 186
f 151 152 187
f 152 188 187
f 152 153 188
f 153 189 188
f 153 154 189
f 154 190 189
f 154 155 190
f 155 191 190
f 155 156 191
f 156 192 191
f 156 157 192
f 157 193 192
f 157 158 193
f 158 194 193
f 158 159 194
f 159 195 194
f 159 160 195
f 160 196 195
f 160 161 196
f 161 197 196
f 161 162 197
f 162 198 197
f 162 163 198
f 163 199 198
f 163 164 199
f 164 200 199
f 164 165 200
f 165 201 200
f 165 166 201
f 166 202 201
f 166 167 202
f 167 203 202
f 167 168 203
f 168 204 203
f 168 169 204
f 169 205 204
f 169 170 205
f 170 206 205
f 170 171 206
f 171 207 206
f 171 172 207
f 172 208 207
f 172 173 208
f 173 209 208
f 173 174 209
f 174 210 209
f 174 175 210
f 175 211 210
f 175 176 211
f 176 212 211
f 176 177 212
f 177 213 212
f 177 178 213
f 178 214 213
f 178 179 214
f 179 215 214
f 179 180 215
f 180 216 215
f 180 145 216
f 145 181 216
f 181 182 217
f 182 218 217
f 182 183 218
f 183 219 218
f 183 184 219
f 184 220 219
f 184 185 220
f 185 221 220
f 185 186 221
f 186 222 221
f 186 187 222
f 187 223 222
f 187 188 223
f 188 224 223
f 188 189 224
f 189 225 224
f 189 190 225
f 190 226 225
f 190 191 226
f 191 227 226
f 191 192 227
f 192 228 227
f 192 193 228
f 193 229 228
f 193 194 229
f 194 230 229
f 194 195 230
f 195 231 230
f 195 196 231
f 196 232 231
f 196 197 232
f 197 233 232
f 197 198 233
f 198 234 233
f 198 199 234
f 199 235 234
f 199 200 235
f 200 236 235
f 200 201 236
f 201 237 236
f 201 202 237
f 202 238 237
f 202 203 238
f 203 239 238
f 203 204 239
f 204 240 239
f 204 205 240
f 205 241 240
f 205 206 241
f 206 242 241
f 206 207 242
f 207 243 242
f 207 208 243
f 208 244 243
f 208 209 244
f 209 245 244
f 209 210 245
f 210 246 245
f 210 211 246
f 211 247 246
f 211 212 247
f 212 248 247
f 212 213 248
f 213 249 248
f 213 214 249
f 214 250 249
f 214 215 250
f 215 251 250
f 215 216 251
f 216 252 251
f 216 181 252
f 181 217 252
f 217 218 253
f 218 254 253
f 218 219 254
f 219 255 254
f 219 220 255
f 220 256 255
f 220 221 256
f 221 257 256
f 221 222 257
f 222 258 257
f 222 223 258
f 223 259 258
f 223 224 259
f 224 260 259
f 224 225 260
f 225 261 260
f 225 226 261
f 226 262 261
f 226 227 262
f 227 263 262
f 227 228 263
f 228 264 263
f 228 229 264
f 229 265 264
f 229 230 265
f 230 266 265
f 230 231 266
f 231 267 266
f 231 232 267
f 232 268 267
f 232 233 268
f 233 269 268
f 233 234 269
f 234 270 269
f 234 235 270
f 235 271 270
f 235 236 271
f 236 272 271
f 236 237 272
f 237 273 272
f 237 238 273
f 238 274 273
f 238 239 274
f 239 275 274
f 239 240 275
f 240 276 275
f 240 241 276
f 241 277 276
f 241 242 277
f 242 278 277
f 242 243 278
f 243 279 278
f 243 244 279
f 244 280 279
f 244 245 280
f 245 281 280
f 245 246 281
f 246 282 281
f 246 247 282
f 247 283 282
f 247 248 283
f 248 284 283
f 248 249 284
f 249 285 284
f 249 250 285
f 250 286 285
f 250 251 286
f 251 287 286
f 251 252 287
f 252 288 287
f 252 217 288
f 217 253 288
f 253 254 289
f 254 290 289
f 254 255 290
f 255 291 290
f 255 256 291
f 256 292 291
f 256 257 292
f 257 293 292
f 257 258 293
f 258 294 293
f 258 259 294
f 259 295 294
f 259 260 295
f 260 296 295
f 260 261 296
f 261 297 296
f 261 262 297
f 262 298 297
f 262 263 298
f 263 299 298
f 263 264 299
f 264 300 299
f 264 265 300
f 265 301 300
f 265 266 301
f 266 302 301
f 266 267 302
f 267 303 302
f 267 268 303
f 268 304 303
f 268 269 304
f 269 305 304
f 269 270 305
f 270 306 305
f 270 271 306
f 271 307 306
f 271 272 307
f 272 308 307
f 272 273 308
f 273 309 308
f 273 274 309
f 274 310 309
f 274 275 310
f 275 311 310
f 275 276 311
f 276 312 311
f 276 277 312
f 277 313 312
f 277 278 313
f 278 314 313
f 278 279 314
f 279 315 314
f 279 280 315
f 280 316 315
f 280 281 316
f 281 317 316
f 281 282 317
f 282 318 317
f 282 283 318
f 283 319 318
f 283 284 319
f 284 320 319
f 284 285 320
f 285 321 320
f 285 286 321
f 286 322 321
f 286 287 322
f 287 323 322
f 287 288 323
f 288 324 323
f 288 253 324
f 253 289 324
f 289 290 325
f 290 326 325
f 290 291 326
f 291 327 326
f 291 292 327
f 292 328 327
f 292 293 328
f 293 329 328
f 293 294 329
f 294 330 329
f 294 295 330
f 295 331 330
f 295 296 331
f 296 332 331
f 296 297 332
f 297 333 332
f 297 298 333
f 298 334 333
f 298 299 334
f 299 335 334
f 299 300 335
f 300 336 335
f 300 301 336
f 301 337 336
f 301 302 337
f 302 338 337
f 302 303 338
f 303 339 338
f 303 304 339
f 304 340 339
f 304 305 340
f 305 341 340
f 305 306 341
f 306 342 341
f 306 307 342
f 307 343 342
f 307 308 343
f 308 344 343
f 308 309 344
f 309 345 344
f 309 310 345
f 310 346 345
f 310 311 346
f 311 347 346
f 311 312 347
f 312 348 347
f 312 313 348
f 313 349 348
f 313 314 349
f 314 350 349
f 314 315 350
f 315 351 350
f 315 316 351
f 316 352 351
f 316 317 352
f 317 353 352
f 317 318 353
f 318 354 353
f 318 319 354
f 319 355 354
f 319 320 355
f 320 356 355
f 320 321 356
f 321 357 356
f 321 322 357
f 322 358 357
f 322 323 358
f 323 359 358
f 323 324 359
f 324 360 359
f 324 289 360
f 289 325 360
f 325 326 361
f 326 362 361
f 326 327 362
f 327 363 362
f 327 328 363
f 328 364 363
f 328 329 364
f 329 365 364
f 329 330 365
f 330 366 365
f 330 331 366
f 331 367 366
f 331 332 367
f 332 368 367
f 332 333 368
f 333 369 368
f 333 334 369
f 334 370 369
f 334 335 370
f 335 371 370
f 335 336 371
f 336 372 371
f 336 337 372
f 337 373 372
f 337 338 373
f 338 374 373
f 338 339 374
f 339 375 374
f 339 340 375
f 340 376 375
f 340 341 376
f 341 377 376
f 341 342 377
f 342 378 377
f 342 343 378
f 343 379 378
f 343 344 379
f 344 380 379
f 344 345 380
f 345 381 380
f 345 346 381
f 346 382 381
f 346 347 382
f 347 383 382
f 347 348 383
f 348 384 383
f 348 349 384
f 349 385 384
f 349 350 385
f 350 386 385
f 350 351 386
f 351 387 386
f 351 352 387
f 352 388 387
f 352 353 388
f 353 389 388
f 353 354 389
f 354 390 389
f 354 355 390
f 355 391 390
f 355 356 391
f 356 392 391
f 356 357 392
f 357 393 392
f 357 358 393
f 358 394 393
f 358 359 394
f 359 395 394
f 359 360 395
f 360 396 395
f 360 325 396
f 325 361 396
f 361 362 397
f 362 398 397
f 362 363 398
f 363 399 398
f 363 364 399
f 364 400 399
f 364 365 400
f 365 401 400
f 365 366 401
f 366 402 401
f 366 367 402
f 367 403 402
f 367 368 403
f 368 404 403
f 368 369 404
f 369 405 404
f 369 370 405
f 370 406 405
f 370 371 406
f 371 407 406
f 371 372 407
f 372 408 407
f 372 373 408
f 373 409 408
f 373 374 409
f 374 410 409
f 374 375 410
f 375 411 410
f 375 376 411
f 376 412 411
f 376 377 412
f 377 413 412
f 377 378 413
f 378 414 413
f 378 379 414
f 379 415 414
f 379 380 415
f 380 416 415
f 380 381 416
f 381 417 416
f 381 382 417
f 382 418 417
f 382 383 418
f 383 419 418
f 383 384 419
f 384 420 419
f 384 385 420
f 385 421 420
f 385 386 421
f 386 422 421
f 386 387 422
f 387 423 422
f 387 388 423
f 388 424 423
f 388 389 424
f 389 425 424
f 389 390 425
f 390 426 425
f 390 391 426
f 391 427 426
f 391 392 427
f 392 428 427
f 392 393 428
f 393 429 428
f 393 394 429
f 394 430 429
f 394 395 430
f 395 431 430
f 395 396 431
f 396 432 431
f 396 361 432
f 361 397 432
f 397 398 433
f 398 434 433
f 398 399 434
f 399 435 434
f 399 400 435
f 400 436 435
f 400 401 436
f 401 437 436
f 401 402 437
f 402 438 437
f 402 403 438
f 403 439 438
f 403 404 439
f 404 440 439
f 404 405 440
f 405 441 440
f 405 406 441
f 406 442 441
f 406 407 442
f 407 443 442
f 407 408 443
f 408 444 443
f 408 409 444
f 409 445 444
f 409 410 445
f 410 446 445
f 410 411 446
f 411 447 446
f 411 412 447
f 412 448 447
f 412 413 448
f 413 449 448
f 413 414 449
f 414 450 449
f 414 415 450
f 415 451 450
f 415 416 451
f 416 452 451
f 416 417 452
f 417 453 452
f 417 418 453
f 418 454 453
f 418 419 454
f 419 455 454
f 419 420 455
f 420 456 455
f 420 421 456
f 421 457 456
f 421 422 457
f 422 458 457
f 422 423 458
f 423 459 458
f 423 424 459
f 424 460 459
f 424 425 460
f 425 461 460
f 425 426 461
f 426 462 461
f 426 427 462
f 427 463 462
f 427 428 463
f 428 464 463
f 428 429 464
f 429 465 464
f 429 430 465
f 430 466 465
f 430 431 466
f 431 467 466
f 431 432 467
f 432 468 467
f 432 397 468
f 397 433 468
f 433 434 469
f 434 470 469
f 434 435 470
f 435 471 470
f 435 436 471
f 436 472 471
f 436 437 472
f 437 473 472
f 437 438 473
f 438 474 473
f 438 439 474
f 439 475 474
f 439 440 475
f 440 476 475
f 440 441 476
f 441 477 476
f 441 442 477
f 442 478 477
f 442 443 478
f 443 479 478
f 443 444 479
f 444 480 479
f 444 445 480
f 445 481 480
f 445 446 481
f 446 482 481
f 446 447 482
f 447 483 482
f 447 448 483
f 448 484 483
f 448 449 484
f 449 485 484
f 449 450 485
f 450 486 485
f 450 451 486
f 451 487 486
f 451 452 487
f 452 488 487
f 452 453 488
f 453 489 488
f 453 454 489
f 454 490 489
f 454 455 490
f 455 491 490
f 455 456 491
f 456 492 491
f 456 457 492
f 457 493 492
f 457 458 493
f 458 494 493
f 458 459 494
f 459 495 494
f 459 460 495
f 460 496 495
f 460 461 496
f 461 497 496
f 461 462 497
f 462 498 497
f 462 463 498
f 463 499 498
f 463 464 499
f 464 500 499
f 464 465 500
f 465 501 500
f 465 466 501
f 466 502 501
f 466 467 502
f 467 503 502
f 467 468 503
f 468 504 503
f 468 433 504
f 433 469 504
f 469 470 505
f 470 506 505
f 470 471 506
f 471 507 506
f 471 472 507
f 472 508 507
f 472 473 508
f 473 509 508
f 473 474 509
f 474 510 509
f 474 475 510
f 475 511 510
f 475 476 511
f 476 512 511
f 476 477 512
f 477 513 512
f 477 478 513
f 478 514 513
f 478 479 514
f 479 515 514
f 479 480 515
f 480 516 515
f 480 481 516
f 481 517 516
f 481 482 517
f 482 518 517
f 482 483 518
f 483 519 518
f 483 484 519
f 484 520 519
f 484 485 520
f 485 521 520
f 485 486 521
f 486 522 521
f 486 487 522
f 487 523 522
f 487 488 523
f 488 524 523
f 488 489 524
f 489 525 524
f 489 490 525
f 490 526 525
f 490 491 526
f 491 527 526
f 491 492 527
f 492 528 527
f 492 493 528
f 493 529 528
f 493 494 529
f 494 530 529
f 494 495 530
f 495 531 530
f 495 496 531
f 496 532 531
f 496 497 532
f 497 533 532
f 497 498 533
f 498 534 533
f 498 499 534
f 499 535 534
f 499 500 535
f 500 536 535
f 500 501 536
f 501 537 536
f 501 502 537
f 502 538 537
f 502 503 538
f 503 539 538
f 503 504 539
f 504 540 539
f 504 469 540
f 469 505 540
f 505 506 541
f 506 542 541
f 506 507 542
f 507 543 542
f 507 508 543
f 508 544 543
f 508 509 544
f 509 545 544
f 509 510 545
f 510 546 545
f 510 511 546
f 511 547 546
f 511 512 547
f 512 548 547
f 512 513 548
f 513 549 548
f 513 514 549
f 514 550 549
f 514 515 550
f 515 551 550
f 515 516 551
f 516 552 551
f 516 517 552
f 517 553 552
f 517 518 553
f 518 554 553
f 518 519 554
f 519 555 554
f 519 520 555
f 520 556 555
f 520 521 556
f 521 557 556
f 521 522 557
f 522 558 557
f 522 523 558
f 523 559 558
f 523 524 559
f 524 560 559
f 524 525 560
f 525 561 560
f 525 526 561
f 526 562 561
f 526 527 562
f 527 563 562
f 527 528 563
f 528 564 563
f 528 529 564
f 529 565 564
f 529 530 565
f 530 566 565
f 530 531 566
f 531 567 566
f 531 532 567
f 532 568 567
f 532 533 568
f 533 569 568
f 533 534 569
f 534 570 569
f 534 535 570
f 535 571 570
f 535 536 571
f 536 572 571
f 536 537 572
f 537 573 572
f 537 538 573
f 538 574 573
f 538 539 574
f 539 575 574
f 539 540 575
f 540 576 575
f 540 505 576
f 505 541 576
f 541 542 577
f 542 578 577
f 542 543 578
f 543 579 578
f 543 544 579
f 544 580 579
f 544 545 580
f 545 581 580
f 545 546 581
f 546 582 581
f 546 547 582
f 547 583 582
f 547 548 583
f 548 584 583
f 548 549 584
f 549 585 584
f 549 550 585
f 550 586 585
f 550 551 586
f 551 587 586
f 551 552 587
f 552 588 587
f 552 553 588
f 553 589 588
f 553 554 589
f 554 590 589
f 554 555 590
f 555 591 590
f 555 556 591
f 556 592 591
f 556 557 592
f 557 593 592
f 557 558 593
f 558 594 593
f 558 559 594
f 559 595 594
f 559 560 595
f 560 596 595
f 560 561 596
f 561 597 596
f 561 562 597
f 562 598 597
f 562 563 598
f 563 599 598
f 563 564 599
f 564 600 599
f 564 565 600
f 565 601 600
f 565 566 601
f 566 602 601
f 566 567 602
f 567 603 602
f 567 568 603
f 568 604 603
f 568 569 604
f 569 605 604
f 569 570 605
f 570 606 605
f 570 571 606
f 571 607 606
f 571 572 607
f 572 608 607
f 572 573 608
f 573 609 608
f 573 574 609
f 574 610 609
f 574 575 610
f 575 611 610
f 575 576 611
f 576 612 611
f 576 541 612
f 541 577 612
f 577 578 613
f 578 614 613
f 578 579 614
f 579 615 614
f 579 580 615
f 580 616 615
f 580 581 616
f 581 617 616
f 581 582 617
f 582 618 617
f 582 583 618
f 583 619 618
f 583 584 619
f 584 620 619
f 584 585 620
f 585 621 620
f 585 586 621
f 586 622 621
f 586 587 622
f 587 623 622
f 587 588 623
f 588 624 623
f 588 589 624
f 589 625 624
f 589 590 625
f 590 626 625
f 590 591 626
f 591 627 626
f 591 592 627
f 592 628 627
f 592 593 628
f 593 629 628
f 593 594 629
f 594 630 629
f 594 595 630
f 595 631 630
f 595 596 631
f 596 632 631
f 596 597 632
f 597 633 632
f 597 598 633
f 598 634 633
f 598 599 634
f 599 635 634
f 599 600 635
f 600 636 635
f 600 601 636
f 601 637 636
f 601 602 637
f 602 638 637
f 602 603 638
f 603 639 638
f 603 604 639
f 604 640 639
f 604 605 640
f 605 641 640
f 605 606 641
f 606 642 641
f 606 607 642
f 607 643 642
f 607 608 643
f 608 644 643
f 608 609 644
f 609 645 644
f 609 610 645
f 610 646 645
f 610 611 646
f 611 647 646
f 611 612 647
f 612 648 647
f 612 577 648
f 577 613 648
f 613 614 649
f 614 650 649
f 614 615 650
f 615 651 650
f 615 616 651
f 616 652 651
f 616 617 652
f 617 653 652
f 617 618 653
f 618 654 653
f 618 619 654
f 619 655 654
f 619 620 655
f 620 656 655
f 620 621 656
f 621 657 656
f 621 622 657
f 622 658 657
f 622 623 658
f 623 659 658
f 623 624 659
f 624 660 659
f 624 625 660
f 625 661 660
f 625 626 661
f 626 662 661
f 626 627 662
f 627 663 662
f 627 628 663
f 628 664 663
f 628 629 664
f 629 665 664
f 629 630 665
f 630 666 665
f 630 631 666
f 631 667 666
f 631 632 667
f 632 668 667
f 632 633 668
f 633 669 668
f 633 634 669
f 634 670 669
f 634 635 670
f 635 671 670
f 635 636 671
f 636 672 671
f 636 637 672
f 637 673 672
f 637 638 673
f 638 674 673
f 638 639 674
f 639 675 674
f 639 640 675
f 640 676 675
f 640 641 676
f 641 677 676
f 641 642 677
f 642 678 677
f 642 643 678
f 643 679 678
f 643 644 679
f 644 680 679
f 644 645 680
f 645 681 680
f 645 646 681
f 646 682 681
f 646 647 682
f 647 683 682
f 647 648 683
f 648 684 683
f 648 613 684
f 613 649 684
f 649 650 685
f 650 686 685
f 650 651 686
f 651 687 686
f 651 652 687
f 652 688 687
f 652 653 688
f 653 689 688
f 653 654 689
f 654 690 689
f 654 655 690
f 655 691 690
f 655 656 691
f 656 692 691
f 656 657 692
f 657 693 692
f 657 658 693
f 658 694 693
f 658 659 694
f 659 695 694
f 659 660 695
f 660 696 695
f 660 661 696
f 661 697 696
f 661 662 697
f 662 698 697
f 662 663 698
f 663 699 698
f 663 664 699
f 664 700 699
f 664 665 700
f 665 701 700
f 665 666 701
f 666 702 701
f 666 667 702
f 667 703 702
f 667 668 703
f 668 704 703
f 668 669 704
f 669 705 704
f 669 670 705
f 670 706 705
f 670 671 706
f 671 707 706
f 671 672 707
f 672 708 707
f 672 673 708
f 673 709 708
f 673 674 709
f 674 710 709
f 674 675 710
f 675 711 710
f 675 676 711
f 676 712 711
f 676 677 712
f 677 713 712
f 677 678 713
f 678 714 713
f 678 679 714
f 679 715 714
f 679 680 715
f 680 716 715
f 680 681 716
f 681 717 716
f 681 682 717
f 682 718 717
f 682 683 718
f 683 719 718
f 683 684 719
f 684 720 719
f 684 649 720
f 649 685 720
f 685 686 721
f 686 722 721
f 686 687 722
f 687 723 722
f 687 688 723
f 688 724 723
f 688 689 724
f 689 725 724
f 689 690 725
f 690 726 725
f 690 691 726
f 691 727 726
f 691 692 727
f 692 728 727
f 692 693 728
f 693 729 728
f 693 694 729
f 694 730 729
f 694 695 730
f 695 731 730
f 695 696 731
f 696 732 731
f 696 697 732
f 697 733 732
f 697 698 733
f 698 734 733
f 698 699 734
f 699 735 734
f 699 700 735
f 700 736 735
f 700 701 736
f 701 737 736
f 701 702 737
f 702 738 737
f 702 703 738
f 703 739 738
f 703 704 739
f 704 740 739
f 704 705 740
f 705 741 740
f 705 706 741
f 706 742 741
f 706 707 742
f 707 743 742
f 707 708 743
f 708 744 743
f 708 709 744
f 709 745 744
f 709 710 745
f 710 746 745
f 710 711 746
f 711 747 746
f 711 712 747
f 712 748 747
f 712 713 748
f 713 749 748
f 713 714 749
f 714 750 749
f 714 715 750
f 715 751 750
f 715 716 751
f 716 752 751
f 716 717 752
f 717 753 752
f 717 718 753
f 718 754 753
f 718 719 754
f 719 755 754
f 719 720 755
f 720 756 755
f 720 685 756
f 685 721 756
f 721 722 757
f 722 758 757
f 722 723 758
f 723 759 758
f 723 724 759
f 724 760 759
f 724 725 760
f 725 761 760
f 725 726 761
f 726 762 761
f 726 727 762
f 727 763 762
f 727 728 763
f 728 764 763
f 728 729 764
f 729 765 764
f 729 730 765
f 730 766 765
f 730 731 766
f 731 767 766
f 731 732 767
f 732 768 767
f 732 733 768
f 733 769 768
f 733 734 769
f 734 770 769
f 734 735 770
f 735 771 770
f 735 736 771
f 736 772 771
f 736 737 772
f 737 773 772
f 737 738 773
f 738 774 773
f 738 739 774
f 739 775 774
f 739 740 775
f 740 776 775
f 740 741 776
f 741 777 776
f 741 742 777
f 742 778 777
f 742 743 778
f 743 779 778
f 743 744 779
f 744 780 779
f 744 745 780
f 745 781 780
f 745 746 781
f 746 782 781
f 746 747 782
f 747 783 782
f 747 748 783
f 748 784 783
f 748 749 784
f 749 785 784
f 749 750 785
f 750 786 785
f 750 751 786
f 751 787 786
f 751 752 787
f 752 788 787
f 752 753 788
f 753 789 788
f 753 754 789
f 754 790 789
f 754 755 790
f 755 791 790
f 755 756 791
f 756 792 791
f 756 721 792
f 721 757 792
f 757 758 793
f 758 794 793
f 758 759 794
f 759 795 794
f 759 760 795
f 760 796 795
f 760 761 796
f 761 797 796
f 761 762 797
f 762 798 797
f 762 763 798
f 763 799 798
f 763 764 799
f 764 800 799
f 764 765 800
f 765 801 800
f 765 766 801
f 766 802 801
f 766 767 802
f 767 803 802
f 767 768 803
f 768 804 803
f 768 769 804
f 769 805 804
f 769 770 805
f 770 806 805
f 770 771 806
f 771 807 806
f 771 772 807
f 772 808 807
f 772 773 808
f 773 809 808
f 773 774 809
f 774 810 809
f 774 775 810
f 775 811 810
f 775 776 811
f 776 812 811
f 776 777 812
f 777 813 812
f 777 778 813
f 778 814 813
f 778 779 814
f 779 815 814
f 779 780 815
f 780 816 815
f 780 781 816
f 781 817 816
f 781 782 817
f 782 818 817
f 782 783 818
f 783 819 818
f 783 784 819
f 784 820 819
f 784 785 820
f 785 821 820
f 785 786 821
f 786 822 821
f 786 787 822
f 787 823 822
f 787 788 823
f 788 824 823
f 788 789 824
f 789 825 824
f 789 790 825
f 790 826 825
f 790 791 826
f 791 827 826
f 791 792 827
f 792 828 827
f 792 757 828
f 757 793 828
f 793 794 829
f 794 830 829
f 794 795 830
f 795 831 830
f 795 796 831
f 796 832 831
f 796 797 832
f 797 833 832
f 797 798 833
f 798 834 833
f 798 799 834
f 799 835 834
f 799 800 835
f 800 836 835
f 800 801 836
f 801 837 836
f 801 802 837
f 802 838 837
f 802 803 838
f 803 839 838
f 803 804 839
f 804 840 839
f 804 805 840
f 805 841 840
f 805 806 841
f 806 842 841
f 806 807 842
f 807 843 842
f 807 808 843
f 808 844 843
f 808 809 844
f 809 845 844
f 809 810 845
f 810 846 845
f 810 811 846
f 811 847 846
f 811 812 847
f 812 848 847
f 812 813 848
f 813 849 848
f 813 814 849
f 814 850 849
f 814 815 850
f 815 851 850
f 815 816 851
f 816 852 851
f 816 817 852
f 817 853 852
f 817 818 853
f 818 854 853
f 818 819 854
f 819 855 854
f 819 820 855
f 820 856 855
f 820 821 856
f 821 857 856
f 821 822 857
f 822 858 857
f 822 823 858
f 823 859 858
f 823 824 859
f 824 860 859
f 824 825 860
f 825 861 860
f 825 826 861
f 826 862 861
f 826 827 862
f 827 863 862
f 827 828 863
f 828 864 863
f 828 793 864
f 793 829 864
f 829 830 865
f 830 866 865
f 830 831 866
f 831 867 866
f 831 832 867
f 832 868 867
f 832 833 868
f 833 869 868
f 833 834 869
f 834 870 869
f 834 835 870
f 835 871 870
f 835 836 871
f 836 872 871
f 836 837 872
f 837 873 872
f 837 838 873
f 838 874 873
f 838 839 874
f 839 875 874
f 839 840 875
f 840 876 875
f 840 841 876
f 841 877 876
f 841 842 877
f 842 878 877
f 842 843 878
f 843 879 878
f 843 844 879
f 844 880 879
f 844 845 880
f 845 881 880
f 845 846 881
f 846 882 881
f 846 847 882
f 847 883 882
f 847 848 883
f 848 884 883
f 848 849 884
f 849 885 884
f 849 850 885
f 850 886 885
f 850 851 886
f 851 887 886
f 851 852 887
f 852 888 887
f 852 853 888
f 853 889 888
f 853 854 889
f 854 890 889
f 854 855 890
f 855 891 890
f 855 856 891
f 856 892 891
f 856 857 892
f 857 893 892
f 857 858 893
f 858 894 893
f 858 859 894
f 859 895 894
f 859 860 895
f 860 896 895
f 860 861 896
f 861 897 896
f 861 862 897
f 862 898 897
f 862 863 898
f 863 899 898
f 863 864 899
f 864 900 899
f 864 829 900
f 829 865 900
f 865 866 901
f 866 902 901
f 866 867 902
f 867 903 902
f 867 868 903
f 868 904 903
f 868 869 904
f 869 905 904
f 869 870 905
f 870 906 905
f 870 871 906
f 871 907 906
f 871 872 907
f 872 908 907
f 872 873 908
f 873 909 908
f 873 874 909
f 874 910 909
f 874 875 910
f 875 911 910
f 875 876 911
f 876 912 911
f 876 877 912
f 877 913 912
f 877 878 913
f 878 914 913
f 878 879 914
f 879 915 914
f 879 880 915
f 880 916 915
f 880 881 916
f 881 917 916
f 881 882 917
f 882 918 917
f 882 883 918
f 883 919 918
f 883 884 919
f 884 920 919
f 884 885 920
f 885 921 920
f 885 886 921
f 886 922 921
f 886 887 922
f 887 923 922
f 887 888 923
f 888 924 923
f 888 889 924
f 889 925 924
f 889 890 925
f 890 926 925
f 890 891 926
f 891 927 926
f 891 892 927
f 892 928 927
f 892 893 928
f 893 929 928
f 893 894 929
f 894 930 929
f 894 895 930
f 895 931 930
f 895 896 931
f 896 932 931
f 896 897 932
f 897 933 932
f 897 898 933
f 898 934 933
f 898 899 934
f 899 935 934
f 899 900 935
f 900 936 935
f 900 865 936
f 865 901 936
f 901 902 937
f 902 938 937
f 902 903 938
f 903 939 938
f 903 904 939
f 904 940 939
f 904 905 940
f 905 941 940
f 905 906 941
f 906 942 941
f 906 907 942
f 907 943 942
f 907 908 943
f 908 944 943
f 908 909 944
f 909 945 944
f 909 910 945
f 910 946 945
f 910 911 946
f 911 947 946
f 911 912 947
f 912 948 947
f 912 913 948
f 913 949 948
f 913 914 949
f 914 950 949
f 914 915 950
f 915 951 950
f 915 916 951
f 916 952 951
f 916 917 952
f 917 953 952
f 917 918 953
f 918 954 953
f 918 919 954
f 919 955 954
f 919 920 955
f 920 956 955
f 920 921 956
f 921 957 956
f 921 922 957
f 922 958 957
f 922 923 958
f 923 959 958
f 923 924 959
f 924 960 959
f 924 925 960
f 925 961 960
f 925 926 961
f 926 962 961
f 926 927 962
f 927 963 962
f 927 928 963
f 928 964 963
f 928 929 964
f 929 965 964
f 929 930 965
f 930 966 965
f 930 931 966
f 931 967 966
f 931 932 967
f 932 968 967
f 932 933 968
f 933 969 968
f 933 934 969
f 934 970 969
f 934 935 970
f 935 971 970
f 935 936 971
f 936 972 971
f 936 901 972
f 901 937 972
f 937 938 973
f 938 974 973
f 938 939 974
f 939 975 974
f 939 940 975
f 940 976 975
f 940 941 976
f 941 977 976
f 941 942 977
f 942 978 977
f 942 943 978
f 943 979 978
f 943 944 979
f 944 980 979
f 944 945 980
f 945 981 980
f 945 946 981
f 946 982 981
f 946 947 982
f 947 983 982
f 947 948 983
f 948 984 983
f 948 949 984
f 949 985 984
f 949 950 985
f 950 986 985
f 950 951 986
f 951 987 986
f 951 952 987
f 952 988 987
f 952 953 988
f 953 989 988
f 953 954 989
f 954 990 989
f 954 955 990
f 955 991 990
f 955 956 991
f 956 992 991
f 956 957 992
f 957 993 992
f 957 958 993
f 958 994 993
f 958 959 994
f 959 995 994
f 959 960 995
f 960 996 995
f 960 961 996
f 961 997 996
f 961 962 997
f 962 998 997
f 962 963 998
f 963 999 998
f 963 964 999
f 964 1000 999
f 964 965 1000
f 965 1001 1000
f 965 966 1001
f 966 1002 1001
f 966 967 1002
f 967 1003 1002
f 967 968 1003
f 968 1004 1003
f 968 969 1004
f 969 1005 1004
f 969 970 1005
f 970 1006 1005
f 970 971 1006
f 971 1007 1006
f 971 972 1007
f 972 1008 1007
f 972 937 1008
f 937 973 1008
f 973 974 1009
f 974 1010 1009
f 974 975 1010
f 975 1011 1010
f 975 976 1011
f 976 1012 1011
f 976 977 1012
f 977 1013 1012
f 977 978 1013
f 978 1014 1013
f 978 979 1014
f 979 1015 1014
f 979 980 1015
f 980 1016 1015
f 980 981 1016
f 981 1017 1016
f 981 982 1017
f 982 1018 1017
f 982 983 1018
f 983 1019 1018
f 983 984 1019
f 984 1020 1019
f 984 985 1020
f 985 1021 1020
f 985 986 1021
f 986 1022 1021
f 986 987 1022
f 987 1023 1022
f 987 988 1023
f 988 1024 1023
f 988 989 1024
f 989 1025 1024
f 989 990 1025
f 990 1026 1025
f 990 991 1026
f 991 1027 1026
f 991 992 1027
f 992 1028 1027
f 992 993 1028
f 993 1029 1028
f 993 994 1029
f 994 1030 1029
f 994 995 1030
f 995 1031 1030
f 995 996 1031
f 996 1032 1031
f 996 997 1032
f 997 1033 1032
f 997 998 1033
f 998 1034 1033
f 998 999 1034
f 999 1035 1034
f 999 1000 1035
f 1000 1036 1035
f 1000 1001 1036
f 1001 1037 1036
f 1001 1002 1037
f 1002 1038 1037
f 1002 1003 1038
f 1003 1039 1038
f 1003 1004 1039
f 1004 1040 1039
f 1004 1005 1040
f 1005 1041 1040
f 1005 1006 1041
f 1006 1042 1041
f 1006 1007 1042
f 1007 1043 1042
f 1007 1008 1043
f 1008 1044 1043
f 1008 973 1044
f 973 1009 1044
f 1009 1010 1045
f 1010 1046 1045
f 1010 1011 1046
f 1011 1047 1046
f 1011 1012 1047
f 1012 1048 1047
f 1012 1013 1048
f 1013 1049 1048
f 1013 1014 1049
f 1014 1050 1049
f 1014 1015 1050
f 1015 1051 1050
f 1015 1016 1051
f 1016 1052 1051
f 1016 1017 1052
f 1017 1053 1052
f 1017 1018 1053
f 1018 1054 1053
f 1018 1019 1054
f 1019 1055 1054
f 1019 1020 1055
f 1020 1056 1055
f 1020 1021 1056
f 1021 1057 1056
f 1021 1022 1057
f 1022 1058 1057
f 1022 1023 1058
f 1023 1059 1058
f 1023 1024 1059
f 1024 1060 1059
f 1024 1025 1060
f 1025 1061 1060
f 1025 1026 1061
f 1026 1062 1061
f 1026 1027 1062
f 1027 1063 1062
f 1027 1028 1063
f 1028 1064 1063
f 1028 1029 1064
f 1029 1065 1064
f 1029 1030 1065
f 1030 1066 1065
f 1030 1031 1066
f 1031 1067 1066
f 1031 1032 1067
f 1032 1068 1067
f 1032 1033 1068
f 1033 1069 1068
f 1033 1034 1069
f 1034 1070 1069
f 1034 1035 1070
f 1035 1071 1070
f 1035 1036 1071
f 1036 1072 1071
f 1036 1037 1072
f 1037 1073 1072
f 1037 1038 1073
f 1038 1074 1073
f 1038 1039 1074
f 1039 1075 1074
f 1039 1040 1075
f 1040 1076 1075
f 1040 1041 1076
f 1041 1077 1076
f 1041 1042 1077
f 1042 1078 1077
f 1042 1043 1078
f 1043 1079 1078
f 1043 1044 1079
f 1044 1080 1079
f 1044 1009 1080
f 1009 1045 1080
f 1045 1046 1081
f 1046 1082 1081
f 1046 1047 1082
f 1047 1083 1082
f 1047 1048 1083
f 1048 1084 1083
f 1048 1049 1084
f 1049 1085 1084
f 1049 1050 1085
f 1050 1086 1085
f 1050 1051 1086
f 1051 1087 1086
f 1051 1052 1087
f 1052 1088 1087
f 1052 1053 1088
f 1053 1089 1088
f 1053 1054 1089
f 1054 1090 1089
f 1054 1055 1090
f 1055 1091 1090
f 1055 1056 1091
f 1056 1092 1091
f 1056 1057 1092
f 1057 1093 1092
f 1057 1058 1093
f 1058 1094 1093
f 1058 1059 1094
f 1059 1095 1094
f 1059 1060 1095
f 1060 1096 1095
f 1060 1061 1096
f 1061 1097 1096
f 1061 1062 1097
f 1062 1098 1097
f 1062 1063 1098
f 1063 1099 1098
f 1063 1064 1099
f 1064 1100 1099
f 1064 1065 1100
f 1065 1101 1100
f 1065 1066 1101
f 1066 1102 1101
f 1066 1067 1102
f 1067 1103 1102
f 1067 1068 1103
f 1068 1104 1103
f 1068 1069 1104
f 1069 1105 1104
f 1069 1070 1105
f 1070 1106 1105
f 1070 1071 1106
f 1071 1107 1106
f 1071 1072 1107
f 1072 1108 1107
f 1072 1073 1108
f 1073 1109 1108
f 1073 1074 1109
f 1074 1110 1109
f 1074 1075 1110
f 1075 1111 1110
f 1075 1076 1111
f 1076 1112 1111
f 1076 1077 1112
f 1077 1113 1112
f 1077 1078 1113
f 1078 1114 1113
f 1078 1079 1114
f 1079 1115 1114
f 1079 1080 1115
f 1080 1116 1115
f 1080 1045 1116
f 1045 1081 1116
f 1081 1082 1117
f 1082 1118 1117
f 1082 1083 1118
f 1083 1119 1118
f 1083 1084 1119
f 1084 1120 1119
f 1084 1085 1120
f 1085 1121 1120
f 1085 1086 1121
f 1086 1122 1121
f 1086 1087 1122
f 1087 1123 1122
f 1087 1088 1123
f 1088 1124 1123
f 1088 1089 1124
f 1089 1125 1124
f 1089 1090 1125
f 1090 1126 1125
f 1090 1091 1126
f 1091 1127 1126
f 1091 1092 1127
f 1092 1128 1127
f 1092 1093 1128
f 1093 1129 1128
f 1093 1094 1129
f 1094 1130 1129
f 1094 1095 1130
f 1095 1131 1130
f 1095 1096 1131
f 1096 1132 1131
f 1096 1097 1132
f 1097 1133 1132
f 1097 1098 1133
f 1098 1134 1133
f 1098 1099 1134
f 1099 1135 1134
f 1099 1100 1135
f 1100 1136 1135
f 1100 1101 1136
f 1101 1137 1136
f 1101 1102 1137
f 1102 1138 1137
f 1102 1103 1138
f 1103 1139 1138
f 1103 1104 1139
f 1104 1140 1139
f 1104 1105 1140
f 1105 1141 1140
f 1105 1106 1141
f 1106 1142 1141
f 1106 1107 1142
f 1107 1143 1142
f 1107 1108 1143
f 1108 1144 1143
f 1108 1109 1144
f 1109 1145 1144
f 1109 1110 1145
f 1110 1146 1145
f 1110 1111 1146
f 1111 1147 1146
f 1111 1112 1147
f 1112 1148 1147
f 1112 1113 1148
f 1113 1149 1148
f 1113 1114 1149
f 1114 1150 1149
f 1114 1115 1150
f 1115 1151 1150
f 1115 1116 1151
f 1116 1152 1151
f 1116 1081 1152
f 1081 1117 1152
f 1117 1118 1153
f 1118 1154 1153
f 1118 1119 1154
f 1119 1155 1154
f 1119 1120 1155
f 1120 1156 1155
f 1120 1121 1156
f 1121 1157 1156
f 1121 1122 1157
f 1122 1158 1157
f 1122 1123 1158
f 1123 1159 1158
f 1123 1124 1159
f 1124 1160 1159
f 1124 1125 1160
f 1125 1161 1160
f 1125 1126 1161
f 1126 1162 1161
f 1126 1127 1162
f 1127 1163 1162
f 1127 1128 1163
f 1128 1164 1163
f 1128 1129 1164
f 1129 1165 1164
f 1129 1130 1165
f 1130 1166 1165
f 1130 1131 1166
f 1131 1167 1166
f 1131 1132 1167
f 1132 1168 1167
f 1132 1133 1168
f 1133 1169 1168
f 1133 1134 1169
f 1134 1170 1169
f 1134 1135 1170
f 1135 1171 1170
f 1135 1136 1171
f 1136 1172 1171
f 1136 1137 1172
f 1137 1173 1172
f 1137 1138 1173
f 1138 1174 1173
f 1138 1139 1174
f 1139 1175 1174
f 1139 1140 1175
f 1140 1176 1175
f 1140 1141 1176
f 1141 1177 1176
f 1141 1142 1177
f 1142 1178 1177
f 1142 1143 1178
f 1143 1179 1178
f 1143 1144 1179
f 1144 1180 1179
f 1144 1145 1180
f 1145 1181 1180
f 1145 1146 1181
f 1146 1182 1181
f 1146 1147 1182
f 1147 1183 1182
f 1147 1148 1183
f 1148 1184 1183
f 1148 1149 1184
f 1149 1185 1184
f 1149 1150 1185
f 1150 1186 1185
f 1150 1151 1186
f 1151 1187 1186
f 1151 1152 1187
f 1152 1188 1187
f 1152 1117 1188
f 1117 1153 1188
f 1153 1154 1189
f 1154 1190 1189
f 1154 1155 1190
f 1155 1191 1190
f 1155 1156 1191
f 1156 1192 1191
f 1156 1157 1192
f 1157 1193 1192
f 1157 1158 1193
f 1158 1194 1193
f 1158 1159 1194
f 1159 1195 1194
f 1159 1160 1195
f 1160 1196 1195
f 1160 1161 1196
f 1161 1197 1196
f 1161 1162 1197
f 1162 1198 1197
f 1162 1163 1198
f 1163 1199 1198
f 1163 1164 1199
f 1164 1200 1199
f 1164 1165 1200
f 1165 1201 1200
f 1165 1166 1201
f 1166 1202 1201
f 1166 1167 1202
f 1167 1203 1202
f 1167 1168 1203
f 1168 1204 1203
f 1168 1169 1204
f 1169 1205 1204
f 1169 1170 1205
f 1170 1206 1205
f 1170 1171 1206
f 1171 1207 1206
f 1171 1172 1207
f 1172 1208 1207
f 1172 1173 1208
f 1173 1209 1208
f 1173 1174 1209
f 1174 1210 1209
f 1174 1175 1210
f 1175 1211 1210
f 1175 1176 1211
f 1176 1212 1211
f 1176 1177 1212
f 1177 1213 1212
f 1177 1178 1213
f 1178 1214 1213
f 1178 1179 1214
f 1179 1215 1214
f 1179 1180 1215
f 1180 1216 1215
f 1180 1181 1216
f 1181 1217 1216
f 1181 1182 1217
f 1182 1218 1217
f 1182 1183 1218
f 1183 1219 1218
f 1183 1184 1219
f 1184 1220 1219
f 1184 1185 1220
f 1185 1221 1220
f 1185 1186 1221
f 1186 1222 1221
f 1186 1187 1222
f 1187 1223 1222
f 1187 1188 1223
f 1188 1224 1223
f 1188 1153 1224
f 1153 1189 1224
f 1189 1190 1225
f 1190 1226 1225
f 1190 1191 1226
f 1191 1227 1226
f 1191 1192 1227
f 1192 1228 1227
f 1192 1193 1228
f 1193 1229 1228
f 1193 1194 1229
f 1194 1230 1229
f 1194 1195 1230
f 1195 1231 1230
f 1195 1196 1231
f 1196 1232 1231
f 1196 1197 1232
f 1197 1233 1232
f 1197 1198 1233
f 1198 1234 1233
f 1198 1199 1234
f 1199 1235 1234
f 1199 1200 1235
f 1200 1236 1235
f 1200 1201 1236
f 1201 1237 1236
f 1201 1202 1237
f 1202 1238 1237
f 1202 1203 1238
f 1203 1239 1238
f 1203 1204 1239
f 1204 1240 1239
f 1204 1205 1240
f 1205 1241 1240
f 1205 1206 1241
f 1206 1242 1241
f 1206 1207 1242
f 1207 1243 1242
f 1207 1208 1243
f 1208 1244 1243
f 1208 1209 1244
f 1209 1245 1244
f 1209 1210 1245
f 1210 1246 1245
f 1210 1211 1246
f 1211 1247 1246
f 1211 1212 1247
f 1212 1248 1247
f 1212 1213 1248
f 1213 1249 1248
f 1213 1214 1249
f 1214 1250 1249
f 1214 1215 1250
f 1215 1251 1250
f 1215 1216 1251
f 1216 1252 1251
f 1216 1217 1252
f 1217 1253 1252
f 1217 1218 1253
f 1218 1254 1253
f 1218 1219 1254
f 1219 1255 1254
f 1219 1220 1255
f 1220 1256 1255
f 1220 1221 1256
f 1221 1257 1256
f 1221 1222 1257
f 1222 1258 1257
f 1222 1223 1258
f 1223 1259 1258
f 1223 1224 1259
f 1224 1260 1259
f 1224 1189 1260
f 1189 1225 1260
f 1225 1226 1261
f 1226 1262 1261
f 1226 1227 1262
f 1227 1263 1262
f 1227 1228 1263
f 1228 1264 1263
f 1228 1229 1264
f 1229 1265 1264
f 1229 1230 1265
f 1230 1266 1265
f 1230 1231 1266
f 1231 1267 1266
f 1231 1232 1267
f 1232 1268 1267
f 1232 1233 1268
f 1233 1269 1268
f 1233 1234 1269
f 1234 1270 1269
f 1234 1235 1270
f 1235 1271 1270
f 1235 1236 1271
f 1236 1272 1271
f 1236 1237 1272
f 1237 1273 1272
f 1237 1238 1273
f 1238 1274 1273
f 1238 1239 1274
f 1239 1275 1274
f 1239 1240 1275
f 1240 1276 1275
f 1240 1241 1276
f 1241 1277 1276
f 1241 1242 1277
f 1242 1278 1277
f 1242 1243 1278
f 1243 1279 1278
f 1243 1244 1279
f 1244 1280 1279
f 1244 1245 1280
f 1245 1281 1280
f 1245 1246 1281
f 1246 1282 1281
f 1246 1247 1282
f 1247 1283 1282
f 1247 1248 1283
f 1248 1284 1283
f 1248 1249 1284
f 1249 1285 1284
f 1249 1250 1285
f 1250 1286 1285
f 1250 1251 1286
f 1251 1287 1286
f 1251 1252 1287
f 1252 1288 1287
f 1252 1253 1288
f 1253 1289 1288
f 1253 1254 1289
f 1254 1290 1289
f 1254 1255 1290
f 1255 1291 1290
f 1255 1256 1291
f 1256 1292 1291
f 1256 1257 1292
f 1257 1293 1292
f 1257 1258 1293
f 1258 1294 1293
f 1258 1259 1294
f 1259 1295 1294
f 1259 1260 1295
f 1260 1296 1295
f 1260 1225 1296
f 1225 1261 1296
f 1261 1262 1297
f 1262 1298 1297
f 1262 1263 1298
f 1263 1299 1298
f 1263 1264 1299
f 1264 1300 1299
f 1264 1265 1300
f 1265 1301 1300
f 1265 1266 1301
f 1266 1302 1301
f 1266 1267 1302
f 1267 1303 1302
f 1267 1268 1303
f 1268 1304 1303
f 1268 1269 1304
f 1269 1305 1304
f 1269 1270 1305
f 1270 1306 1305
f 1270 1271 1306
f 1271 1307 1306
f 1271 1272 1307
f 1272 1308 1307
f 1272 1273 1308
f 1273 1309 1308
f 1273 1274 1309
f 1274 1310 1309
f 1274 1275 1310
f 1275 1311 1310
f 1275 1276 1311
f 1276 1312 1311
f 1276 1277 1312
f 1277 1313 1312
f 1277 1278 1313
f 1278 1314 1313
f 1278 1279 1314
f 1279 1315 1314
f 1279 1280 1315
f 1280 1316 1315
f 1280 1281 1316
f 1281 1317 1316
f 1281 1282 1317
f 1282 1318 1317
f 1282 1283 1318
f 1283 1319 1318
f 1283 1284 1319
f 1284 1320 1319
f 1284 1285 1320
f 1285 1321 1320
f 1285 1286 1321
f 1286 1322 1321
f 1286 1287 1322
f 1287 1323 1322
f 1287 1288 1323
f 1288 1324 1323
f 1288 1289 1324
f 1289 1325 1324
f 1289 1290 1325
f 1290 1326 1325
f 1290 1291 1326
f 1291 1327 1326
f 1291 1292 1327
f 1292 1328 1327
f 1292 1293 1328
f 1293 1329 1328
f 1293 1294 1329
f 1294 1330 1329
f 1294 1295 1330
f 1295 1331 1330
f 1295 1296 1331
f 1296 1332 1331
f 1296 1261 1332
f 1261 1297 1332
f 1297 1298 1333
f 1298 1334 1333
f 1298 1299 1334
f 1299 1335 1334
f 1299 1300 1335
f 1300 1336 1335
f 1300 1301 1336
f 1301 1337 1336
f 1301 1302 1337
f 1302 1338 1337
f 1302 1303 1338
f 1303 1339 1338
f 1303 1304 1339
f 1304 1340 1339
f 1304 1305 1340
f 1305 1341 1340
f 1305 1306 1341
f 1306 1342 1341
f 1306 1307 1342
f 1307 1343 1342
f 1307 1308 1343
f 1308 1344 1343
f 1308 1309 1344
f 1309 1345 1344
f 1309 1310 1345
f 1310 1346 1345
f 1310 1311 1346
f 1311 1347 1346
f 1311 1312 1347
f 1312 1348 1347
f 1312 1313 1348
f 1313 1349 1348
f 1313 1314 1349
f 1314 1350 1349
f 1314 1315 1350
f 1315 1351 1350
f 1315 1316 1351
f 1316 1352 1351
f 1316 1317 1352
f 1317 1353 1352
f 1317 1318 1353
f 1318 1354 1353
f 1318 1319 1354
f 1319 1355 1354
f 1319 1320 1355
f 1320 1356 1355
f 1320 1321 1356
f 1321 1357 1356
f 1321 1322 1357
f 1322 1358 1357
f 1322 1323 1358
f 1323 1359 1358
f 1323 1324 1359
f 1324 1360 1359
f 1324 1325 1360
f 1325 1361 1360
f 1325 1326 1361
f 1326 1362 1361
f 1326 1327 1362
f 1327 1363 1362
f 1327 1328 1363
f 1328 1364 1363
f 1328 1329 1364
f 1329 1365 1364
f 1329 1330 1365
f 1330 1366 1365
f 1330 1331 1366
f 1331 1367 1366
f 1331 1332 1367
f 1332 1368 1367
f 1332 1297 1368
f 1297 1333 1368
f 1333 1334 1369
f 1334 1370 1369
f 1334 1335 1370
f 1335 1371 1370
f 1335 1336 1371
f 1336 1372 1371
f 1336 1337 1372
f 1337 1373 1372
f 1337 1338 1373
f 1338 1374 1373
f 1338 1339 1374
f 1339 1375 1374
f 1339 1340 1375
f 1340 1376 1375
f 1340 1341 1376
f 1341 1377 1376
f 1341 1342 1377
f 1342 1378 1377
f 1342 1343 1378
f 1343 1379 1378
f 1343 1344 1379
f 1344 1380 1379
f 1344 1345 1380
f 1345 1381 1380
f 1345 1346 1381
f 1346 1382 1381
f 1346 1347 1382
f 1347 1383 1382
f 1347 1348 1383
f 1348 1384 1383
f 1348 1349 1384
f 1349 1385 1384
f 1349 1350 1385
f 1350 1386 1385
f 1350 1351 1386
f 1351 1387 1386
f 1351 1352 1387
f 1352 1388 1387
f 1352 1353 1388
f 1353 1389 1388
f 1353 1354 1389
f 1354 1390 1389
f 1354 1355 1390
f 1355 1391 1390
f 1355 1356 1391
f 1356 1392 1391
f 1356 1357 1392
f 1357 1393 1392
f 1357 1358 1393
f 1358 1394 1393
f 1358 1359 1394
f 1359 1395 1394
f 1359 1360 1395
f 1360 1396 1395
f 1360 1361 1396
f 1361 1397 1396
f 1361 1362 1397
f 1362 1398 1397
f 1362 1363 1398
f 1363 1399 1398
f 1363 1364 1399
f 1364 1400 1399
f 1364 1365 1400
f 1365 1401 1400
f 1365 1366 1401
f 1366 1402 1401
f 1366 1367 1402
f 1367 1403 1402
f 1367 1368 1403
f 1368 1404 1403
f 1368 1333 1404
f 1333 1369 1404
f 1369 1370 1405
f 1370 1406 1405
f 1370 1371 1406
f 1371 1407 1406
f 1371 1372 1407
f 1372 1408 1407
f 1372 1373 1408
f 1373 1409 1408
f 1373 1374 1409
f 1374 1410 1409
f 1374 1375 1410
f 1375 1411 1410
f 1375 1376 1411
f 1376 1412 1411
f 1376 1377 1412
f 1377 1413 1412
f 1377 1378 1413
f 1378 1414 1413
f 1378 1379 1414
f 1379 1415 1414
f 1379 1380 1415
f 1380 1416 1415
f 1380 1381 1416
f 1381 1417 1416
f 1381 1382 1417
f 1382 1418 1417
f 1382 1383 1418
f 1383 1419 1418
f 1383 1384 1419
f 1384 1420 1419
f 1384 1385 1420
f 1385 1421 1420
f 1385 1386 1421
f 1386 1422 1421
f 1386 1387 1422
f 1387 1423 1422
f 1387 1388 1423
f 1388 1424 1423
f 1388 1389 1424
f 1389 1425 1424
f 1389 1390 1425
f 1390 1426 1425
f 1390 1391 1426
f 1391 1427 1426
f 1391 1392 1427
f 1392 1428 1427
f 1392 1393 1428
f 1393 1429 1428
f 1393 1394 1429
f 1394 1430 1429
f 1394 1395 1430
f 1395 1431 1430
f 1395 1396 1431
f 1396 1432 1431
f 1396 1397 1432
f 1397 1433 1432
f 1397 1398 1433
f 1398 1434 1433
f 1398 1399 1434
f 1399 1435 1434
f 1399 1400 1435
f 1400 1436 1435
f 1400 1401 1436
f 1401 1437 1436
f 1401 1402 1437
f 1402 1438 1437
f 1402 1403 1438
f 1403 1439 1438
f 1403 1404 1439
f 1404 1440 1439
f 1404 1369 1440
f 1369 1405 1440
f 1405 1406 1441
f 1406 1442 1441
f 1406 1407 1442
f 1407 1443 1442
f 1407 1408 1443
f 1408 1444 1443
f 1408 1409 1444
f 1409 1445 1444
f 1409 1410 1445
f 1410 1446 1445
f 1410 1411 1446
f 1411 1447 1446
f 1411 1412 1447
f 1412 1448 1447
f 1412 1413 1448
f 1413 1449 1448
f 1413 1414 1449
f 1414 1450 1449
f 1414 1415 1450
f 1415 1451 1450
f 1415 1416 1451
f 1416 1452 1451
f 1416 1417 1452
f 1417 1453 1452
f 1417 1418 1453
f 1418 1454 1453
f 1418 1419 1454
f 1419 1455 1454
f 1419 1420 1455
f 1420 1456 1455
f 1420 1421 1456
f 1421 1457 1456
f 1421 1422 1457
f 1422 1458 1457
f 1422 1423 1458
f 1423 1459 1458
f 1423 1424 1459
f 1424 1460 1459
f 1424 1425 1460
f 1425 1461 1460
f 1425 1426 1461
f 1426 1462 1461
f 1426 1427 1462
f 1427 1463 1462
f 1427 1428 1463
f 1428 1464 1463
f 1428 1429 1464
f 1429 1465 1464
f 1429 1430 1465
f 1430 1466 1465
f 1430 1431 1466
f 1431 1467 1466
f 1431 1432 1467
f 1432 1468 1467
f 1432 1433 1468
f 1433 1469 1468
f 1433 1434 1469
f 1434 1470 1469
f 1434 1435 1470
f 1435 1471 1470
f 1435 1436 1471
f 1436 1472 1471
f 1436 1437 1472
f 1437 1473 1472
f 1437 1438 1473
f 1438 1474 1473
f 1438 1439 1474
f 1439 1475 1474
f 1439 1440 1475
f 1440 1476 1475
f 1440 1405 1476
f 1405 1441 1476
f 1441 1442 1477
f 1442 1478 1477
f 1442 1443 1478
f 1443 1479 1478
f 1443 1444 1479
f 1444 1480 1479
f 1444 1445 1480
f 1445 1481 1480
f 1445 1446 1481
f 1446 1482 1481
f 1446 1447 1482
f 1447 1483 1482
f 1447 1448 1483
f 1448 1484 1483
f 1448 1449 1484
f 1449 1485 1484
f 1449 1450 1485
f 1450 1486 1485
f 1450 1451 1486
f 1451 1487 1486
f 1451 1452 1487
f 1452 1488 1487
f 1452 1453 1488
f 1453 1489 1488
f 1453 1454 1489
f 1454 1490 1489
f 1454 1455 1490
f 1455 1491 1490
f 1455 1456 1491
f 1456 1492 1491
f 1456 1457 1492
f 1457 1493 1492
f 1457 1458 1493
f 1458 1494 1493
f 1458 1459 1494
f 1459 1495 1494
f 1459 1460 1495
f 1460 1496 1495
f 1460 1461 1496
f 1461 1497 1496
f 1461 1462 1497
f 1462 1498 1497
f 1462 1463 1498
f 1463 1499 1498
f 1463 1464 1499
f 1464 1500 1499
f 1464 1465 1500
f 1465 1501 1500
f 1465 1466 1501
f 1466 1502 1501
f 1466 1467 1502
f 1467 1503 1502
f 1467 1468 1503
f 1468 1504 1503
f 1468 1469 1504
f 1469 1505 1504
f 1469 1470 1505
f 1470 1506 1505
f 1470 1471 1506
f 1471 1507 1506
f 1471 1472 1507
f 1472 1508 1507
f 1472 1473 1508
f 1473 1509 1508
f 1473 1474 1509
f 1474 1510 1509
f 1474 1475 1510
f 1475 1511 1510
f 1475 1476 1511
f 1476 1512 1511
f 1476 1441 1512
f 1441 1477 1512
f 1477 1478 1513
f 1478 1514 1513
f 1478 1479 1514
f 1479 1515 1514
f 1479 1480 1515
f 1480 1516 1515
f 1480 1481 1516
f 1481 1517 1516
f 1481 1482 1517
f 1482 1518 1517
f 1482 1483 1518
f 1483 1519 1518
f 1483 1484 1519
f 1484 1520 1519
f 1484 1485 1520
f 1485 1521 1520
f 1485 1486 1521
f 1486 1522 1521
f 1486 1487 1522
f 1487 1523 1522
f 1487 1488 1523
f 1488 1524 1523
f 1488 1489 1524
f 1489 1525 1524
f 1489 1490 1525
f 1490 1526 1525
f 1490 1491 1526
f 1491 1527 1526
f 1491 1492 1527
f 1492 1528 1527
f 1492 1493 1528
f 1493 1529 1528
f 1493 1494 1529
f 1494 1530 1529
f 1494 1495 1530
f 1495 1531 1530
f 1495 1496 1531
f 1496 1532 1531
f 1496 1497 1532
f 1497 1533 1532
f 1497 1498 1533
f 1498 1534 1533
f 1498 1499 1534
f 1499 1535 1534
f 1499 1500 1535
f 1500 1536 1535
f 1500 1501 1536
f 1501 1537 1536
f 1501 1502 1537
f 1502 1538 1537
f 1502 1503 1538
f 1503 1539 1538
f 1503 1504 1539
f 1504 1540 1539
f 1504 1505 1540
f 1505 1541 1540
f 1505 1506 1541
f 1506 1542 1541
f 1506 1507 1542
f 1507 1543 1542
f 1507 1508 1543
f 1508 1544 1543
f 1508 1509 1544
f 1509 1545 1544
f 1509 1510 1545
f 1510 1546 1545
f 1510 1511 1546
f 1511 1547 1546
f 1511 1512 1547
f 1512 1548 1547
f 1512 1477 1548
f 1477 1513 1548
f 1513 1514 1549
f 1514 1550 1549
f 1514 1515 1550
f 1515 1551 1550
f 1515 1516 1551
f 1516 1552 1551
f 1516 1517 1552
f 1517 1553 1552
f 1517 1518 1553
f 1518 1554 1553
f 1518 1519 1554
f 1519 1555 1554
f 1519 1520 1555
f 1520 1556 1555
f 1520 1521 1556
f 1521 1557 1556
f 1521 1522 1557
f 1522 1558 1557
f 1522 1523 1558
f 1523 1559 1558
f 1523 1524 1559
f 1524 1560 1559
f 1524 1525 1560
f 1525 1561 1560
f 1525 1526 1561
f 1526 1562 1561
f 1526 1527 1562
f 1527 1563 1562
f 1527 1528 1563
f 1528 1564 1563
f 1528 1529 1564
f 1529 1565 1564
f 1529 1530 1565
f 1530 1566 1565
f 1530 1531 1566
f 1531 1567 1566
f 1531 1532 1567
f 1532 1568 1567
f 1532 1533 1568
f 1533 1569 1568
f 1533 1534 1569
f 1534 1570 1569
f 1534 1535 1570
f 1535 1571 1570
f 1535 1536 1571
f 1536 1572 1571
f 1536 1537 1572
f 1537 1573 1572
f 1537 1538 1573
f 1538 1574 1573
f 1538 1539 1574
f 1539 1575 1574
f 1539 1540 1575
f 1540 1576 1575
f 1540 1541 1576
f 1541 1577 1576
f 1541 1542 1577
f 1542 1578 1577
f 1542 1543 1578
f 1543 1579 1578
f 1543 1544 1579
f 1544 1580 1579
f 1544 1545 1580
f 1545 1581 1580
f 1545 1546 1581
f 1546 1582 1581
f 1546 1547 1582
f 1547 1583 1582
f 1547 1548 1583
f 1548 1584 1583
f 1548 1513 1584
f 1513 1549 1584
f 1549 1550 1585
f 1550 1586 1585
f 1550 1551 1586
f 1551 1587 1586
f 1551 1552 1587
f 1552 1588 1587
f 1552 1553 1588
f 1553 1589 1588
f 1553 1554 1589
f 1554 1590 1589
f 1554 1555 1590
f 1555 1591 1590
f 1555 1556 1591
f 1556 1592 1591
f 1556 1557 1592
f 1557 1593 1592
f 1557 1558 1593
f 1558 1594 1593
f 1558 1559 1594
f 1559 1595 1594
f 1559 1560 1595
f 1560 1596 1595
f 1560 1561 1596
f 1561 1597 1596
f 1561 1562 1597
f 1562 1598 1597
f 1562 1563 1598
f 1563 1599 1598
f 1563 1564 1599
f 1564 1600 1599
f 1564 1565 1600
f 1565 1601 1600
f 1565 1566 1601
f 1566 1602 1601
f 1566 1567 1602
f 1567 1603 1602
f 1567 1568 1603
f 1568 1604 1603
f 1568 1569 1604
f 1569 1605 1604
f 1569 1570 1605
f 1570 1606 1605
f 1570 1571 1606
f 1571 1607 1606
f 1571 1572 1607
f 1572 1608 1607
f 1572 1573 1608
f 1573 1609 1608
f 1573 1574 1609
f 1574 1610 1609
f 1574 1575 1610
f 1575 1611 1610
f 1575 1576 1611
f 1576 1612 1611
f 1576 1577 1612
f 1577 1613 1612
f 1577 1578 1613
f 1578 1614 1613
f 1578 1579 1614
f 1579 1615 1614
f 1579 1580 1615
f 1580 1616 1615
f 1580 1581 1616
f 1581 1617 1616
f 1581 1582 1617
f 1582 1618 1617
f 1582 1583 1618
f 1583 1619 1618
f 1583 1584 1619
f 1584 1620 1619
f 1584 1549 1620
f 1549 1585 1620
f 1585 1586 1621
f 1586 1622 1621
f 1586 1587 1622
f 1587 1623 1622
f 1587 1588 1623
f 1588 1624 1623
f 1588 1589 1624
f 1589 1625 1624
f 1589 1590 1625
f 1590 1626 1625
f 1590 1591 1626
f 1591 1627 1626
f 1591 1592 1627
f 1592 1628 1627
f 1592 1593 1628
f 1593 1629 1628
f 1593 1594 1629
f 1594 1630 1629
f 1594 1595 1630
f 1595 1631 1630
f 1595 1596 1631
f 1596 1632 1631
f 1596 1597 1632
f 1597 1633 1632
f 1597 1598 1633
f 1598 1634 1633
f 1598 1599 1634
f 1599 1635 1634
f 1599 1600 1635
f 1600 1636 1635
f 1600 1601 1636
f 1601 1637 1636
f 1601 1602 1637
f 1602 1638 1637
f 1602 1603 1638
f 1603 1639 1638
f 1603 1604 1639
f 1604 1640 1639
f 1604 1605 1640
f 1605 1641 1640
f 1605 1606 1641
f 1606 1642 1641
f 1606 1607 1642
f 1607 1643 1642
f 1607 1608 1643
f 1608 1644 1643
f 1608 1609 1644
f 1609 1645 1644
f 1609 1610 1645
f 1610 1646 1645
f 1610 1611 1646
f 1611 1647 1646
f 1611 1612 1647
f 1612 1648 1647
f 1612 1613 1648
f 1613 1649 1648
f 1613 1614 1649
f 1614 1650 1649
f 1614 1615 1650
f 1615 1651 1650
f 1615 1616 1651
f 1616 1652 1651
f 1616 1617 1652
f 1617 1653 1652
f 1617 1618 1653
f 1618 1654 1653
f 1618 1619 1654
f 1619 1655 1654
f 1619 1620 1655
f 1620 1656 1655
f 1620 1585 1656
f 1585 1621 1656
f 1621 1622 1657
f 1622 1658 1657
f 1622 1623 1658
f 1623 1659 1658
f 1623 1624 1659
f 1624 1660 1659
f 1624 1625 1660
f 1625 1661 1660
f 1625 1626 1661
f 1626 1662 1661
f 1626 1627 1662
f 1627 1663 1662
f 1627 1628 1663
f 1628 1664 1663
f 1628 1629 1664
f 1629 1665 1664
f 1629 1630 1665
f 1630 1666 1665
f 1630 1631 1666
f 1631 1667 1666
f 1631 1632 1667
f 1632 1668 1667
f 1632 1633 1668
f 1633 1669 1668
f 1633 1634 1669
f 1634 1670 1669
f 1634 1635 1670
f 1635 1671 1670
f 1635 1636 1671
f 1636 1672 1671
f 1636 1637 1672
f 1637 1673 1672
f 1637 1638 1673
f 1638 1674 1673
f 1638 1639 1674
f 1639 1675 1674
f 1639 1640 1675
f 1640 1676 1675
f 1640 1641 1676
f 1641 1677 1676
f 1641 1642 1677
f 1642 1678 1677
f 1642 1643 1678
f 1643 1679 1678
f 1643 1644 1679
f 1644 1680 1679
f 1644 1645 1680
f 1645 1681 1680
f 1645 1646 1681
f 1646 1682 1681
f 1646 1647 1682
f 1647 1683 1682
f 1647 1648 1683
f 1648 1684 1683
f 1648 1649 1684
f 1649 1685 1684
f 1649 1650 1685
f 1650 1686 1685
f 1650 1651 1686
f 1651 1687 1686
f 1651 1652 1687
f 1652 1688 1687
f 1652 1653 1688
f 1653 1689 1688
f 1653 1654 1689
f 1654 1690 1689
f 1654 1655 1690
f 1655 1691 1690
f 1655 1656 1691
f 1656 1692 1691
f 1656 1621 1692
f 1621 1657 1692
f 1657 1658 1693
f 1658 1694 1693
f 1658 1659 1694
f 1659 1695 1694
f 1659 1660 1695
f 1660 1696 1695
f 1660 1661 1696
f 1661 1697 1696
f 1661 1662 1697
f 1662 1698 1697
f 1662 1663 1698
f 1663 1699 1698
f 1663 1664 1699
f 1664 1700 1699
f 1664 1665 1700
f 1665 1701 1700
f 1665 1666 1701
f 1666 1702 1701
f 1666 1667 1702
f 1667 1703 1702
f 1667 1668 1703
f 1668 1704 1703
f 1668 1669 1704
f 1669 1705 1704
f 1669 1670 1705
f 1670 1706 1705
f 1670 1671 1706
f 1671 1707 1706
f 1671 1672 1707
f 1672 1708 1707
f 1672 1673 1708
f 1673 1709 1708
f 1673 1674 1709
f 1674 1710 1709
f 1674 1675 1710
f 1675 1711 1710
f 1675 1676 1711
f 1676 1712 1711
f 1676 1677 1712
f 1677 1713 1712
f 1677 1678 1713
f 1678 1714 1713
f 1678 1679 1714
f 1679 1715 1714
f 1679 1680 1715
f 1680 1716 1715
f 1680 1681 1716
f 1681 1717 1716
f 1681 1682 1717
f 1682 1718 1717
f 1682 1683 1718
f 1683 1719 1718
f 1683 1684 1719
f 1684 1720 1719
f 1684 1685 1720
f 1685 1721 1720
f 1685 1686 1721
f 1686 1722 1721
f 1686 1687 1722
f 1687 1723 1722
f 1687 1688 1723
f 1688 1724 1723
f 1688 1689 1724
f 1689 1725 1724
f 1689 1690 1725
f 1690 1726 1725
f 1690 1691 1726
f 1691 1727 1726
f 1691 1692 1727
f 1692 1728 1727
f 1692 1657 1728
f 1657 1693 1728
f 1693 1694 1729
f 1694 1730 1729
f 1694 1695 1730
f 1695 1731 1730
f 1695 1696 1731
f 1696 1732 1731
f 1696 1697 1732
f 1697 1733 1732
f 1697 1698 1733
f 1698 1734 1733
f 1698 1699 1734
f 1699 1735 1734
f 1699 1700 1735
f 1700 1736 1735
f 1700 1701 1736
f 1701 1737 1736
f 1701 1702 1737
f 1702 1738 1737
f 1702 1703 1738
f 1703 1739 1738
f 1703 1704 1739
f 1704 1740 1739
f 1704 1705 1740
f 1705 1741 1740
f 1705 1706 1741
f 1706 1742 1741
f 1706 1707 1742
f 1707 1743 1742
f 1707 1708 1743
f 1708 1744 1743
f 1708 1709 1744
f 1709 1745 1744
f 1709 1710 1745
f 1710 1746 1745
f 1710 1711 1746
f 1711 1747 1746
f 1711 1712 1747
f 1712 1748 1747
f 1712 1713 1748
f 1713 1749 1748
f 1713 1714 1749
f 1714 1750 1749
f 1714 1715 1750
f 1715 1751 1750
f 1715 1716 1751
f 1716 1752 1751
f 1716 1717 1752
f 1717 1753 1752
f 1717 1718 1753
f 1718 1754 1753
f 1718 1719 1754
f 1719 1755 1754
f 1719 1720 1755
f 1720 1756 1755
f 1720 1721 1756
f 1721 1757 1756
f 1721 1722 1757
f 1722 1758 1757
f 1722 1723 1758
f 1723 1759 1758
f 1723 1724 1759
f 1724 1760 1759
f 1724 1725 1760
f 1725 1761 1760
f 1725 1726 1761
f 1726 1762 1761
f 1726 1727 1762
f 1727 1763 1762
f 1727 1728 1763
f 1728 1764 1763
f 1728 1693 1764
f 1693 1729 1764
f 1729 1730 1765
f 1730 1766 1765
f 1730 1731 1766
f 1731 1767 1766
f 1731 1732 1767
f 1732 1768 1767
f 1732 1733 1768
f 1733 1769 1768
f 1733 1734 1769
f 1734 1770 1769
f 1734 1735 1770
f 1735 1771 1770
f 1735 1736 1771
f 1736 1772 1771
f 1736 1737 1772
f 1737 1773 1772
f 1737 1738 1773
f 1738 1774 1773
f 1738 1739 1774
f 1739 1775 1774
f 1739 1740 1775
f 1740 1776 1775
f 1740 1741 1776
f 1741 1777 1776
f 1741 1742 1777
f 1742 1778 1777
f 1742 1743 1778
f 1743 1779 1778
f 1743 1744 1779
f 1744 1780 1779
f 1744 1745 1780
f 1745 1781 1780
f 1745 1746 1781
f 1746 1782 1781
f 1746 1747 1782
f 1747 1783 1782
f 1747 1748 1783
f 1748 1784 1783
f 1748 1749 1784
f 1749 1785 1784
f 1749 1750 1785
f 1750 1786 1785
f 1750 1751 1786
f 1751 1787 1786
f 1751 1752 1787
f 1752 1788 1787
f 1752 1753 1788
f 1753 1789 1788
f 1753 1754 1789
f 1754 1790 1789
f 1754 1755 1790
f 1755 1791 1790
f 1755 1756 1791
f 1756 1792 1791
f 1756 1757 1792
f 1757 1793 1792
f 1757 1758 1793
f 1758 1794 1793
f 1758 1759 1794
f 1759 1795 1794
f 1759 1760 1795
f 1760 1796 1795
f 1760 1761 1796
f 1761 1797 1796
f 1761 1762 1797
f 1762 1798 1797
f 1762 1763 1798
f 1763 1799 1798
f 1763 1764 1799
f 1764 1800 1799
f 1764 1729 1800
f 1729 1765 1800
f 1765 1766 1801
f 1766 1802 1801
f 1766 1767 1802
f 1767 1803 1802
f 1767 1768 1803
f 1768 1804 1803
f 1768 1769 1804
f 1769 1805 1804
f 1769 1770 1805
f 1770 1806 1805
f 1770 1771 1806
f 1771 1807 1806
f 1771 1772 1807
f 1772 1808 1807
f 1772 1773 1808
f 1773 1809 1808
f 1773 1774 1809
f 1774 1810 1809
f 1774 1775 1810
f 1775 1811 1810
f 1775 1776 1811
f 1776 1812 1811
f 1776 1777 1812
f 1777 1813 1812
f 1777 1778 1813
f 1778 1814 1813
f 1778 1779 1814
f 1779 1815 1814
f 1779 1780 1815
f 1780 1816 1815
f 1780 1781 1816
f 1781 1817 1816
f 1781 1782 1817
f 1782 1818 1817
f 1782 1783 1818
f 1783 1819 1818
f 1783 1784 1819
f 1784 1820 1819
f 1784 1785 1820
f 1785 1821 1820
f 1785 1786 1821
f 1786 1822 1821
f 1786 1787 1822
f 1787 1823 1822
f 1787 1788 1823
f 1788 1824 1823
f 1788 1789 1824
f 1789 1825 1824
f 1789 1790 1825
f 1790 1826 1825
f 1790 1791 1826
f 1791 1827 1826
f 1791 1792 1827
f 1792 1828 1827
f 1792 1793 1828
f 1793 1829 1828
f 1793 1794 1829
f 1794 1830 1829
f 1794 1795 1830
f 1795 1831 1830
f 1795 1796 1831
f 1796 1832 1831
f 1796 1797 1832
f 1797 1833 1832
f 1797 1798 1833
f 1798 1834 1833
f 1798 1799 1834
f 1799 1835 1834
f 1799 1800 1835
f 1800 1836 1835
f 1800 1765 1836
f 1765 1801 1836
f 1801 1802 1837
f 1802 1838 1837
f 1802 1803 1838
f 1803 1839 1838
f 1803 1804 1839
f 1804 1840 1839
f 1804 1805 1840
f 1805 1841 1840
f 1805 1806 1841
f 1806 1842 1841
f 1806 1807 1842
f 1807 1843 1842
f 1807 1808 1843
f 1808 1844 1843
f 1808 1809 1844
f 1809 1845 1844
f 1809 1810 1845
f 1810 1846 1845
f 1810 1811 1846
f 1811 1847 1846
f 1811 1812 1847
f 1812 1848 1847
f 1812 1813 1848
f 1813 1849 1848
f 1813 1814 1849
f 1814 1850 1849
f 1814 1815 1850
f 1815 1851 1850
f 1815 1816 1851
f 1816 1852 1851
f 1816 1817 1852
f 1817 1853 1852
f 1817 1818 1853
f 1818 1854 1853
f 1818 1819 1854
f 1819 1855 1854
f 1819 1820 1855
f 1820 1856 1855
f 1820 1821 1856
f 1821 1857 1856
f 1821 1822 1857
f 1822 1858 1857
f 1822 1823 1858
f 1823 1859 1858
f 1823 1824 1859
f 1824 1860 1859
f 1824 1825 1860
f 1825 1861 1860
f 1825 1826 1861
f 1826 1862 1861
f 1826 1827 1862
f 1827 1863 1862
f 1827 1828 1863
f 1828 1864 1863
f 1828 1829 1864
f 1829 1865 1864
f 1829 1830 1865
f 1830 1866 1865
f 1830 1831 1866
f 1831 1867 1866
f 1831 1832 1867
f 1832 1868 1867
f 1832 1833 1868
f 1833 1869 1868
f 1833 1834 1869
f 1834 1870 1869
f 1834 1835 1870
f 1835 1871 1870
f 1835 1836 1871
f 1836 1872 1871
f 1836 1801 1872
f 1801 1837 1872
f 1837 1838 1873
f 1838 1874 1873
f 1838 1839 1874
f 1839 1875 1874
f 1839 1840 1875
f 1840 1876 1875
f 1840 1841 1876
f 1841 1877 1876
f 1841 1842 1877
f 1842 1878 1877
f 1842 1843 1878
f 1843 1879 1878
f 1843 1844 1879
f 1844 1880 1879
f 1844 1845 1880
f 1845 1881 1880
f 1845 1846 1881
f 1846 1882 1881
f 1846 1847 1882
f 1847 1883 1882
f 1847 1848 1883
f 1848 1884 1883
f 1848 1849 1884
f 1849 1885 1884
f 1849 1850 1885
f 1850 1886 1885
f 1850 1851 1886
f 1851 1887 1886
f 1851 1852 1887
f 1852 1888 1887
f 1852 1853 1888
f 1853 1889 1888
f 1853 1854 1889
f 1854 1890 1889
f 1854 1855 1890
f 1855 1891 1890
f 1855 1856 1891
f 1856 1892 1891
f 1856 1857 1892
f 1857 1893 1892
f 1857 1858 1893
f 1858 1894 1893
f 1858 1859 1894
f 1859 1895 1894
f 1859 1860 1895
f 1860 1896 1895
f 1860 1861 1896
f 1861 1897 1896
f 1861 1862 1897
f 1862 1898 1897
f 1862 1863 1898
f 1863 1899 1898
f 1863 1864 1899
f 1864 1900 1899
f 1864 1865 1900
f 1865 1901 1900
f 1865 1866 1901
f 1866 1902 1901
f 1866 1867 1902
f 1867 1903 1902
f 1867 1868 1903
f 1868 1904 1903
f 1868 1869 1904
f 1869 1905 1904
f 1869 1870 1905
f 1870 1906 1905
f 1870 1871 1906
f 1871 1907 1906
f 1871 1872 1907
f 1872 1908 1907
f 1872 1837 1908
f 1837 1873 1908
f 1873 1874 1909
f 1874 1910 1909
f 1874 1875 1910
f 1875 1911 1910
f 1875 1876 1911
f 1876 1912 1911
f 1876 1877 1912
f 1877 1913 1912
f 1877 1878 1913
f 1878 1914 1913
f 1878 1879 1914
f 1879 1915 1914
f 1879 1880 1915
f 1880 1916 1915
f 1880 1881 1916
f 1881 1917 1916
f 1881 1882 1917
f 1882 1918 1917
f 1882 1883 1918
f 1883 1919 1918
f 1883 1884 1919
f 1884 1920 1919
f 1884 1885 1920
f 1885 1921 1920
f 1885 1886 1921
f 1886 1922 1921
f 1886 1887 1922
f 1887 1923 1922
f 1887 1888 1923
f 1888 1924 1923
f 1888 1889 1924
f 1889 1925 1924
f 1889 1890 1925
f 1890 1926 1925
f 1890 1891 1926
f 1891 1927 1926
f 1891 1892 1927
f 1892 1928 1927
f 1892 1893 1928
f 1893 1929 1928
f 1893 1894 1929
f 1894 1930 1929
f 1894 1895 1930
f 1895 1931 1930
f 1895 1896 1931
f 1896 1932 1931
f 1896 1897 1932
f 1897 1933 1932
f 1897 1898 1933
f 1898 1934 1933
f 1898 1899 1934
f 1899 1935 1934
f 1899 1900 1935
f 1900 1936 1935
f 1900 1901 1936
f 1901 1937 1936
f 1901 1902 1937
f 1902 1938 1937
f 1902 1903 1938
f 1903 1939 1938
f 1903 1904 1939
f 1904 1940 1939
f 1904 1905 1940
f 1905 1941 1940
f 1905 1906 1941
f 1906 1942 1941
f 1906 1907 1942
f 1907 1943 1942
f 1907 1908 1943
f 1908 1944 1943
f 1908 1873 1944
f 1873 1909 1944
f 1909 1910 1945
f 1910 1946 1945
f 1910 1911 1946
f 1911 1947 1946
f 1911 1912 1947
f 1912 1948 1947
f 1912 1913 1948
f 1913 1949 1948
f 1913 1914 1949
f 1914 1950 1949
f 1914 1915 1950
f 1915 1951 1950
f 1915 1916 1951
f 1916 1952 1951
f 1916 1917 1952
f 1917 1953 1952
f 1917 1918 1953
f 1918 1954 1953
f 1918 1919 1954
f 1919 1955 1954
f 1919 1920 1955
f 1920 1956 1955
f 1920 1921 1956
f 1921 1957 1956
f 1921 1922 1957
f 1922 1958 1957
f 1922 1923 1958
f 1923 1959 1958
f 1923 1924 1959
f 1924 1960 1959
f 1924 1925 1960
f 1925 1961 1960
f 1925 1926 1961
f 1926 1962 1961
f 1926 1927 1962
f 1927 1963 1962
f 1927 1928 1963
f 1928 1964 1963
f 1928 1929 1964
f 1929 1965 1964
f 1929 1930 1965
f 1930 1966 1965
f 1930 1931 1966
f 1931 1967 1966
f 1931 1932 1967
f 1932 1968 1967
f 1932 1933 1968
f 1933 1969 1968
f 1933 1934 1969
f 1934 1970 1969
f 1934 1935 1970
f 1935 1971 1970
f 1935 1936 1971
f 1936 1972 1971
f 1936 1937 1972
f 1937 1973 1972
f 1937 1938 1973
f 1938 1974 1973
f 1938 1939 1974
f 1939 1975 1974
f 1939 1940 1975
f 1940 1976 1975
f 1940 1941 1976
f 1941 1977 1976
f 1941 1942 1977
f 1942 1978 1977
f 1942 1943 1978
f 1943 1979 1978
f 1943 1944 1979
f 1944 1980 1979
f 1944 1909 1980
f 1909 1945 1980
f 1945 1946 1981
f 1946 1982 1981
f 1946 1947 1982
f 1947 1983 1982
f 1947 1948 1983
f 1948 1984 1983
f 1948 1949 1984
f 1949 1985 1984
f 1949 1950 1985
f 1950 1986 1985
f 1950 1951 1986
f 1951 1987 1986
f 1951 1952 1987
f 1952 1988 1987
f 1952 1953 1988
f 1953 1989 1988
f 1953 1954 1989
f 1954 1990 1989
f 1954 1955 1990
f 1955 1991 1990
f 1955 1956 1991
f 1956 1992 1991
f 1956 1957 1992
f 1957 1993 1992
f 1957 1958 1993
f 1958 1994 1993
f 1958 1959 1994
f 1959 1995 1994
f 1959 1960 1995
f 1960 1996 1995
f 1960 1961 1996
f 1961 1997 1996
f 1961 1962 1997
f 1962 1998 1997
f 1962 1963 1998
f 1963 1999 1998
f 1963 1964 1999
f 1964 2000 1999
f 1964 1965 2000
f 1965 2001 2000
f 1965 1966 2001
f 1966 2002 2001
f 1966 1967 2002
f 1967 2003 2002
f 1967 1968 2003
f 1968 2004 2003
f 1968 1969 2004
f 1969 2005 2004
f 1969 1970 2005
f 1970 2006 2005
f 1970 1971 2006
f 1971 2007 2006
f 1971 1972 2007
f 1972 2008 2007
f 1972 1973 2008
f 1973 2009 2008
f 1973 1974 2009
f 1974 2010 2009
f 1974 1975 2010
f 1975 2011 2010
f 1975 1976 2011
f 1976 2012 2011
f 1976 1977 2012
f 1977 2013 2012
f 1977 1978 2013
f 1978 2014 2013
f 1978 1979 2014
f 1979 2015 2014
f 1979 1980 2015
f 1980 2016 2015
f 1980 1945 2016
f 1945 1981 2016
f 1981 1982 2017
f 1982 2018 2017
f 1982 1983 2018
f 1983 2019 2018
f 1983 1984 2019
f 1984 2020 2019
f 1984 1985 2020
f 1985 2021 2020
f 1985 1986 2021
f 1986 2022 2021
f 1986 1987 2022
f 1987 2023 2022
f 1987 1988 2023
f 1988 2024 2023
f 1988 1989 2024
f 1989 2025 2024
f 1989 1990 2025
f 1990 2026 2025
f 1990 1991 2026
f 1991 2027 2026
f 1991 1992 2027
f 1992 2028 2027
f 1992 1993 2028
f 1993 2029 2028
f 1993 1994 2029
f 1994 2030 2029
f 1994 1995 2030
f 1995 2031 2030
f 1995 1996 2031
f 1996 2032 2031
f 1996 1997 2032
f 1997 2033 2032
f 1997 1998 2033
f 1998 2034 2033
f 1998 1999 2034
f 1999 2035 2034
f 1999 2000 2035
f 2000 2036 2035
f 2000 2001 2036
f 2001 2037 2036
f 2001 2002 2037
f 2002 2038 2037
f 2002 2003 2038
f 2003 2039 2038
f 2003 2004 2039
f 2004 2040 2039
f 2004 2005 2040
f 2005 2041 2040
f 2005 2006 2041
f 2006 2042 2041
f 2006 2007 2042
f 2007 2043 2042
f 2007 2008 2043
f 2008 2044 2043
f 2008 2009 2044
f 2009 2045 2044
f 2009 2010 2045
f 2010 2046 2045
f 2010 2011 2046
f 2011 2047 2046
f 2011 2012 2047
f 2012 2048 2047
f 2012 2013 2048
f 2013 2049 2048
f 2013 2014 2049
f 2014 2050 2049
f 2014 2015 2050
f 2015 2051 2050
f 2015 2016 2051
f 2016 2052 2051
f 2016 1981 2052
f 1981 2017 2052
f 2017 2018 2053
f 2018 2054 2053
f 2018 2019 2054
f 2019 2055 2054
f 2019 2020 2055
f 2020 2056 2055
f 2020 2021 2056
f 2021 2057 2056
f 2021 2022 2057
f 2022 2058 2057
f 2022 2023 2058
f 2023 2059 2058
f 2023 2024 2059
f 2024 2060 2059
f 2024 2025 2060
f 2025 2061 2060
f 2025 2026 2061
f 2026 2062 2061
f 2026 2027 2062
f 2027 2063 2062
f 2027 2028 2063
f 2028 2064 2063
f 2028 2029 2064
f 2029 2065 2064
f 2029 2030 2065
f 2030 2066 2065
f 2030 2031 2066
f 2031 2067 2066
f 2031 2032 2067
f 2032 2068 2067
f 2032 2033 2068
f 2033 2069 2068
f 2033 2034 2069
f 2034 2070 2069
f 2034 2035 2070
f 2035 2071 2070
f 2035 2036 2071
f 2036 2072 2071
f 2036 2037 2072
f 2037 2073 2072
f 2037 2038 2073
f 2038 2074 2073
f 2038 2039 2074
f 2039 2075 2074
f 2039 2040 2075
f 2040 2076 2075
f 2040 2041 2076
f 2041 2077 2076
f 2041 2042 2077
f 2042 2078 2077
f 2042 2043 2078
f 2043 2079 2078
f 2043 2044 2079
f 2044 2080 2079
f 2044 2045 2080
f 2045 2081 2080
f 2045 2046 2081
f 2046 2082 2081
f 2046 2047 2082
f 2047 2083 2082
f 2047 2048 2083
f 2048 2084 2083
f 2048 2049 2084
f 2049 2085 2084
f 2049 2050 2085
f 2050 2086 2085
f 2050 2051 2086
f 2051 2087 2086
f 2051 2052 2087
f 2052 2088 2087
f 2052 2017 2088
f 2017 2053 2088
f 2053 2054 2089
f 2054 2090 2089
f 2054 2055 2090
f 2055 2091 2090
f 2055 2056 2091
f 2056 2092 2091
f 2056 2057 2092
f 2057 2093 2092
f 2057 2058 2093
f 2058 2094 2093
f 2058 2059 2094
f 2059 2095 2094
f 2059 2060 2095
f 2060 2096 2095
f 2060 2061 2096
f 2061 2097 2096
f 2061 2062 2097
f 2062 2098 2097
f 2062 2063 2098
f 2063 2099 2098
f 2063 2064 2099
f 2064 2100 2099
f 2064 2065 2100
f 2065 2101 2100
f 2065 2066 2101
f 2066 2102 2101
f 2066 2067 2102
f 2067 2103 2102
f 2067 2068 2103
f 2068 2104 2103
f 2068 2069 2104
f 2069 2105 2104
f 2069 2070 2105
f 2070 2106 2105
f 2070 2071 2106
f 2071 2107 2106
f 2071 2072 2107
f 2072 2108 2107
f 2072 2073 2108
f 2073 2109 2108
f 2073 2074 2109
f 2074 2110 2109
f 2074 2075 2110
f 2075 2111 2110
f 2075 2076 2111
f 2076 2112 2111
f 2076 2077 2112
f 2077 2113 2112
f 2077 2078 2113
f 2078 2114 2113
f 2078 2079 2114
f 2079 2115 2114
f 2079 2080 2115
f 2080 2116 2115
f 2080 2081 2116
f 2081 2117 2116
f 2081 2082 2117
f 2082 2118 2117
f 2082 2083 2118
f 2083 2119 2118
f 2083 2084 2119
f 2084 2120 2119
f 2084 2085 2120
f 2085 2121 2120
f 2085 2086 2121
f 2086 2122 2121
f 2086 2087 2122
f 2087 2123 2122
f 2087 2088 2123
f 2088 2124 2123
f 2088 2053 2124
f 2053 2089 2124
f 2089 2090 2125
f 2090 2126 2125
f 2090 2091 2126
f 2091 2127 2126
f 2091 2092 2127
f 2092 2128 2127
f 2092 2093 2128
f 2093 2129 2128
f 2093 2094 2129
f 2094 2130 2129
f 2094 2095 2130
f 2095 2131 2130
f 2095 2096 2131
f 2096 2132 2131
f 2096 2097 2132
f 2097 2133 2132
f 2097 2098 2133
f 2098 2134 2133
f 2098 2099 2134
f 2099 2135 2134
f 2099 2100 2135
f 2100 2136 2135
f 2100 2101 2136
f 2101 2137 2136
f 2101 2102 2137
f 2102 2138 2137
f 2102 2103 2138
f 2103 2139 2138
f 2103 2104 2139
f 2104 2140 2139
f 2104 2105 2140
f 2105 2141 2140
f 2105 2106 2141
f 2106 2142 2141
f 2106 2107 2142
f 2107 2143 2142
f 2107 2108 2143
f 2108 2144 2143
f 2108 2109 2144
f 2109 2145 2144
f 2109 2110 2145
f 2110 2146 2145
f 2110 2111 2146
f 2111 2147 2146
f 2111 2112 2147
f 2112 2148 2147
f 2112 2113 2148
f 2113 2149 2148
f 2113 2114 2149
f 2114 2150 2149
f 2114 2115 2150
f 2115 2151 2150
f 2115 2116 2151
f 2116 2152 2151
f 2116 2117 2152
f 2117 2153 2152
f 2117 2118 2153
f 2118 2154 2153
f 2118 2119 2154
f 2119 2155 2154
f 2119 2120 2155
f 2120 2156 2155
f 2120 2121 2156
f 2121 2157 2156
f 2121 2122 2157
f 2122 2158 2157
f 2122 2123 2158
f 2123 2159 2158
f 2123 2124 2159
f 2124 2160 2159
f 2124 2089 2160
f 2089 2125 2160
f 2125 2126 2161
f 2126 2162 2161
f 2126 2127 2162
f 2127 2163 2162
f 2127 2128 2163
f 2128 2164 2163
f 2128 2129 2164
f 2129 2165 2164
f 2129 2130 2165
f 2130 2166 2165
f 2130 2131 2166
f 2131 2167 2166
f 2131 2132 2167
f 2132 2168 2167
f 2132 2133 2168
f 2133 2169 2168
f 2133 2134 2169
f 2134 2170 2169
f 2134 2135 2170
f 2135 2171 2170
f 2135 2136 2171
f 2136 2172 2171
f 2136 2137 2172
f 2137 2173 2172
f 2137 2138 2173
f 2138 2174 2173
f 2138 2139 2174
f 2139 2175 2174
f 2139 2140 2175
f 2140 2176 2175
f 2140 2141 2176
f 2141 2177 2176
f 2141 2142 2177
f 2142 2178 2177
f 2142 2143 2178
f 2143 2179 2178
f 2143 2144 2179
f 2144 2180 2179
f 2144 2145 2180
f 2145 2181 2180
f 2145 2146 2181
f 2146 2182 2181
f 2146 2147 2182
f 2147 2183 2182
f 2147 2148 2183
f 2148 2184 2183
f 2148 2149 2184
f 2149 2185 2184
f 2149 2150 2185
f 2150 2186 2185
f 2150 2151 2186
f 2151 2187 2186
f 2151 2152 2187
f 2152 2188 2187
f 2152 2153 2188
f 2153 2189 2188
f 2153 2154 2189
f 2154 2190 2189
f 2154 2155 2190
f 2155 2191 2190
f 2155 2156 2191
f 2156 2192 2191
f 2156 2157 2192
f 2157 2193 2192
f 2157 2158 2193
f 2158 2194 2193
f 2158 2159 2194
f 2159 2195 2194
f 2159 2160 2195
f 2160 2196 2195
f 2160 2125 2196
f 2125 2161 2196
f 2161 2162 2197
f 2162 2198 2197
f 2162 2163 2198
f 2163 2199 2198
f 2163 2164 2199
f 2164 2200 2199
f 2164 2165 2200
f 2165 2201 2200
f 2165 2166 2201
f 2166 2202 2201
f 2166 2167 2202
f 2167 2203 2202
f 2167 2168 2203
f 2168 2204 2203
f 2168 2169 2204
f 2169 2205 2204
f 2169 2170 2205
f 2170 2206 2205
f 2170 2171 2206
f 2171 2207 2206
f 2171 2172 2207
f 2172 2208 2207
f 2172 2173 2208
f 2173 2209 2208
f 2173 2174 2209
f 2174 2210 2209
f 2174 2175 2210
f 2175 2211 2210
f 2175 2176 2211
f 2176 2212 2211
f 2176 2177 2212
f 2177 2213 2212
f 2177 2178 2213
f 2178 2214 2213
f 2178 2179 2214
f 2179 2215 2214
f 2179 2180 2215
f 2180 2216 2215
f 2180 2181 2216
f 2181 2217 2216
f 2181 2182 2217
f 2182 2218 2217
f 2182 2183 2218
f 2183 2219 2218
f 2183 2184 2219
f 2184 2220 2219
f 2184 2185 2220
f 2185 2221 2220
f 2185 2186 2221
f 2186 2222 2221
f 2186 2187 2222
f 2187 2223 2222
f 2187 2188 2223
f 2188 2224 2223
f 2188 2189 2224
f 2189 2225 2224
f 2189 2190 2225
f 2190 2226 2225
f 2190 2191 2226
f 2191 2227 2226
f 2191 2192 2227
f 2192 2228 2227
f 2192 2193 2228
f 2193 2229 2228
f 2193 2194 2229
f 2194 2230 2229
f 2194 2195 2230
f 2195 2231 2230
f 2195 2196 2231
f 2196 2232 2231
f 2196 2161 2232
f 2161 2197 2232
f 2197 2198 2233
f 2198 2234 2233
f 2198 2199 2234
f 2199 2235 2234
f 2199 2200 2235
f 2200 2236 2235
f 2200 2201 2236
f 2201 2237 2236
f 2201 2202 2237
f 2202 2238 2237
f 2202 2203 2238
f 2203 2239 2238
f 2203 2204 2239
f 2204 2240 2239
f 2204 2205 2240
f 2205 2241 2240
f 2205 2206 2241
f 2206 2242 2241
f 2206 2207 2242
f 2207 2243 2242
f 2207 2208 2243
f 2208 2244 2243
f 2208 2209 2244
f 2209 2245 2244
f 2209 2210 2245
f 2210 2246 2245
f 2210 2211 2246
f 2211 2247 2246
f 2211 2212 2247
f 2212 2248 2247
f 2212 2213 2248
f 2213 2249 2248
f 2213 2214 2249
f 2214 2250 2249
f 2214 2215 2250
f 2215 2251 2250
f 2215 2216 2251
f 2216 2252 2251
f 2216 2217 2252
f 2217 2253 2252
f 2217 2218 2253
f 2218 2254 2253
f 2218 2219 2254
f 2219 2255 2254
f 2219 2220 2255
f 2220 2256 2255
f 2220 2221 2256
f 2221 2257 2256
f 2221 2222 2257
f 2222 2258 2257
f 2222 2223 2258
f 2223 2259 2258
f 2223 2224 2259
f 2224 2260 2259
f 2224 2225 2260
f 2225 2261 2260
f 2225 2226 2261
f 2226 2262 2261
f 2226 2227 2262
f 2227 2263 2262
f 2227 2228 2263
f 2228 2264 2263
f 2228 2229 2264
f 2229 2265 2264
f 2229 2230 2265
f 2230 2266 2265
f 2230 2231 2266
f 2231 2267 2266
f 2231 2232 2267
f 2232 2268 2267
f 2232 2197 2268
f 2197 2233 2268
f 2233 2234 2269
f 2234 2270 2269
f 2234 2235 2270
f 2235 2271 2270
f 2235 2236 2271
f 2236 2272 2271
f 2236 2237 2272
f 2237 2273 2272
f 2237 2238 2273
f 2238 2274 2273
f 2238 2239 2274
f 2239 2275 2274
f 2239 2240 2275
f 2240 2276 2275
f 2240 2241 2276
f 2241 2277 2276
f 2241 2242 2277
f 2242 2278 2277
f 2242 2243 2278
f 2243 2279 2278
f 2243 2244 2279
f 2244 2280 2279
f 2244 2245 2280
f 2245 2281 2280
f 2245 2246 2281
f 2246 2282 2281
f 2246 2247 2282
f 2247 2283 2282
f 2247 2248 2283
f 2248 2284 2283
f 2248 2249 2284
f 2249 2285 2284
f 2249 2250 2285
f 2250 2286 2285
f 2250 2251 2286
f 2251 2287 2286
f 2251 2252 2287
f 2252 2288 2287
f 2252 2253 2288
f 2253 2289 2288
f 2253 2254 2289
f 2254 2290 2289
f 2254 2255 2290
f 2255 2291 2290
f 2255 2256 2291
f 2256 2292 2291
f 2256 2257 2292
f 2257 2293 2292
f 2257 2258 2293
f 2258 2294 2293
f 2258 2259 2294
f 2259 2295 2294
f 2259 2260 2295
f 2260 2296 2295
f 2260 2261 2296
f 2261 2297 2296
f 2261 2262 2297
f 2262 2298 2297
f 2262 2263 2298
f 2263 2299 2298
f 2263 2264 2299
f 2264 2300 2299
f 2264 2265 2300
f 2265 2301 2300
f 2265 2266 2301
f 2266 2302 2301
f 2266 2267 2302
f 2267 2303 2302
f 2267 2268 2303
f 2268 2304 2303
f 2268 2233 2304
f 2233 2269 2304
f 2269 2270 2305
f 2270 2306 2305
f 2270 2271 2306
f 2271 2307 2306
f 2271 2272 2307
f 2272 2308 2307
f 2272 2273 2308
f 2273 2309 2308
f 2273 2274 2309
f 2274 2310 2309
f 2274 2275 2310
f 2275 2311 2310
f 2275 2276 2311
f 2276 2312 2311
f 2276 2277 2312
f 2277 2313 2312
f 2277 2278 2313
f 2278 2314 2313
f 2278 2279 2314
f 2279 2315 2314
f 2279 2280 2315
f 2280 2316 2315
f 2280 2281 2316
f 2281 2317 2316
f 2281 2282 2317
f 2282 2318 2317
f 2282 2283 2318
f 2283 2319 2318
f 2283 2284 2319
f 2284 2320 2319
f 2284 2285 2320
f 2285 2321 2320
f 2285 2286 2321
f 2286 2322 2321
f 2286 2287 2322
f 2287 2323 2322
f 2287 2288 2323
f 2288 2324 2323
f 2288 2289 2324
f 2289 2325 2324
f 2289 2290 2325
f 2290 2326 2325
f 2290 2291 2326
f 2291 2327 2326
f 2291 2292 2327
f 2292 2328 2327
f 2292 2293 2328
f 2293 2329 2328
f 2293 2294 2329
f 2294 2330 2329
f 2294 2295 2330
f 2295 2331 2330
f 2295 2296 2331
f 2296 2332 2331
f 2296 2297 2332
f 2297 2333 2332
f 2297 2298 2333
f 2298 2334 2333
f 2298 2299 2334
f 2299 2335 2334
f 2299 2300 2335
f 2300 2336 2335
f 2300 2301 2336
f 2301 2337 2336
f 2301 2302 2337
f 2302 2338 2337
f 2302 2303 2338
f 2303 2339 2338
f 2303 2304 2339
f 2304 2340 2339
f 2304 2269 2340
f 2269 2305 2340
f 2305 2306 2341
f 2306 2342 2341
f 2306 2307 2342
f 2307 2343 2342
f 2307 2308 2343
f 2308 2344 2343
f 2308 2309 2344
f 2309 2345 2344
f 2309 2310 2345
f 2310 2346 2345
f 2310 2311 2346
f 2311 2347 2346
f 2311 2312 2347
f 2312 2348 2347
f 2312 2313 2348
f 2313 2349 2348
f 2313 2314 2349
f 2314 2350 2349
f 2314 2315 2350
f 2315 2351 2350
f 2315 2316 2351
f 2316 2352 2351
f 2316 2317 2352
f 2317 2353 2352
f 2317 2318 2353
f 2318 2354 2353
f 2318 2319 2354
f 2319 2355 2354
f 2319 2320 2355
f 2320 2356 2355
f 2320 2321 2356
f 2321 2357 2356
f 2321 2322 2357
f 2322 2358 2357
f 2322 2323 2358
f 2323 2359 2358
f 2323 2324 2359
f 2324 2360 2359
f 2324 2325 2360
f 2325 2361 2360
f 2325 2326 2361
f 2326 2362 2361
f 2326 2327 2362
f 2327 2363 2362
f 2327 2328 2363
f 2328 2364 2363
f 2328 2329 2364
f 2329 2365 2364
f 2329 2330 2365
f 2330 2366 2365
f 2330 2331 2366
f 2331 2367 2366
f 2331 2332 2367
f 2332 2368 2367
f 2332 2333 2368
f 2333 2369 2368
f 2333 2334 2369
f 2334 2370 2369
f 2334 2335 2370
f 2335 2371 2370
f 2335 2336 2371
f 2336 2372 2371
f 2336 2337 2372
f 2337 2373 2372
f 2337 2338 2373
f 2338 2374 2373
f 2338 2339 2374
f 2339 2375 2374
f 2339 2340 2375
f 2340 2376 2375
f 2340 2305 2376
f 2305 2341 2376
f 2341 2342 2377
f 2342 2378 2377
f 2342 2343 2378
f 2343 2379 2378
f 2343 2344 2379
f 2344 2380 2379
f 2344 2345 2380
f 2345 2381 2380
f 2345 2346 2381
f 2346 2382 2381
f 2346 2347 2382
f 2347 2383 2382
f 2347 2348 2383
f 2348 2384 2383
f 2348 2349 2384
f 2349 2385 2384
f 2349 2350 2385
f 2350 2386 2385
f 2350 2351 2386
f 2351 2387 2386
f 2351 2352 2387
f 2352 2388 2387
f 2352 2353 2388
f 2353 2389 2388
f 2353 2354 2389
f 2354 2390 2389
f 2354 2355 2390
f 2355 2391 2390
f 2355 2356 2391
f 2356 2392 2391
f 2356 2357 2392
f 2357 2393 2392
f 2357 2358 2393
f 2358 2394 2393
f 2358 2359 2394
f 2359 2395 2394
f 2359 2360 2395
f 2360 2396 2395
f 2360 2361 2396
f 2361 2397 2396
f 2361 2362 2397
f 2362 2398 2397
f 2362 2363 2398
f 2363 2399 2398
f 2363 2364 2399
f 2364 2400 2399
f 2364 2365 2400
f 2365 2401 2400
f 2365 2366 2401
f 2366 2402 2401
f 2366 2367 2402
f 2367 2403 2402
f 2367 2368 2403
f 2368 2404 2403
f 2368 2369 2404
f 2369 2405 2404
f 2369 2370 2405
f 2370 2406 2405
f 2370 2371 2406
f 2371 2407 2406
f 2371 2372 2407
f 2372 2408 2407
f 2372 2373 2408
f 2373 2409 2408
f 2373 2374 2409
f 2374 2410 2409
f 2374 2375 2410
f 2375 2411 2410
f 2375 2376 2411
f 2376 2412 2411
f 2376 2341 2412
f 2341 2377 2412
f 2377 2378 2413
f 2378 2414 2413
f 2378 2379 2414
f 2379 2415 2414
f 2379 2380 2415
f 2380 2416 2415
f 2380 2381 2416
f 2381 2417 2416
f 2381 2382 2417
f 2382 2418 2417
f 2382 2383 2418
f 2383 2419 2418
f 2383 2384 2419
f 2384 2420 2419
f 2384 2385 2420
f 2385 2421 2420
f 2385 2386 2421
f 2386 2422 2421
f 2386 2387 2422
f 2387 2423 2422
f 2387 2388 2423
f 2388 2424 2423
f 2388 2389 2424
f 2389 2425 2424
f 2389 2390 2425
f 2390 2426 2425
f 2390 2391 2426
f 2391 2427 2426
f 2391 2392 2427
f 2392 2428 2427
f 2392 2393 2428
f 2393 2429 2428
f 2393 2394 2429
f 2394 2430 2429
f 2394 2395 2430
f 2395 2431 2430
f 2395 2396 2431
f 2396 2432 2431
f 2396 2397 2432
f 2397 2433 2432
f 2397 2398 2433
f 2398 2434 2433
f 2398 2399 2434
f 2399 2435 2434
f 2399 2400 2435
f 2400 2436 2435
f 2400 2401 2436
f 2401 2437 2436
f 2401 2402 2437
f 2402 2438 2437
f 2402 2403 2438
f 2403 2439 2438
f 2403 2404 2439
f 2404 2440 2439
f 2404 2405 2440
f 2405 2441 2440
f 2405 2406 2441
f 2406 2442 2441
f 2406 2407 2442
f 2407 2443 2442
f 2407 2408 2443
f 2408 2444 2443
f 2408 2409 2444
f 2409 2445 2444
f 2409 2410 2445
f 2410 2446 2445
f 2410 2411 2446
f 2411 2447 2446
f 2411 2412 2447
f 2412 2448 2447
f 2412 2377 2448
f 2377 2413 2448
f 2413 2414 2449
f 2414 2450 2449
f 2414 2415 2450
f 2415 2451 2450
f 2415 2416 2451
f 2416 2452 2451
f 2416 2417 2452
f 2417 2453 2452
f 2417 2418 2453
f 2418 2454 2453
f 2418 2419 2454
f 2419 2455 2454
f 2419 2420 2455
f 2420 2456 2455
f 2420 2421 2456
f 2421 2457 2456
f 2421 2422 2457
f 2422 2458 2457
f 2422 2423 2458
f 2423 2459 2458
f 2423 2424 2459
f 2424 2460 2459
f 2424 2425 2460
f 2425 2461 2460
f 2425 2426 2461
f 2426 2462 2461
f 2426 2427 2462
f 2427 2463 2462
f 2427 2428 2463
f 2428 2464 2463
f 2428 2429 2464
f 2429 2465 2464
f 2429 2430 2465
f 2430 2466 2465
f 2430 2431 2466
f 2431 2467 2466
f 2431 2432 2467
f 2432 2468 2467
f 2432 2433 2468
f 2433 2469 2468
f 2433 2434 2469
f 2434 2470 2469
f 2434 2435 2470
f 2435 2471 2470
f 2435 2436 2471
f 2436 2472 2471
f 2436 2437 2472
f 2437 2473 2472
f 2437 2438 2473
f 2438 2474 2473
f 2438 2439 2474
f 2439 2475 2474
f 2439 2440 2475
f 2440 2476 2475
f 2440 2441 2476
f 2441 2477 2476
f 2441 2442 2477
f 2442 2478 2477
f 2442 2443 2478
f 2443 2479 2478
f 2443 2444 2479
f 2444 2480 2479
f 2444 2445 2480
f 2445 2481 2480
f 2445 2446 2481
f 2446 2482 2481
f 2446 2447 2482
f 2447 2483 2482
f 2447 2448 2483
f 2448 2484 2483
f 2448 2413 2484
f 2413 2449 2484
f 2449 2450 2485
f 2450 2486 2485
f 2450 2451 2486
f 2451 2487 2486
f 2451 2452 2487
f 2452 2488 2487
f 2452 2453 2488
f 2453 2489 2488
f 2453 2454 2489
f 2454 2490 2489
f 2454 2455 2490
f 2455 2491 2490
f 2455 2456 2491
f 2456 2492 2491
f 2456 2457 2492
f 2457 2493 2492
f 2457 2458 2493
f 2458 2494 2493
f 2458 2459 2494
f 2459 2495 2494
f 2459 2460 2495
f 2460 2496 2495
f 2460 2461 2496
f 2461 2497 2496
f 2461 2462 2497
f 2462 2498 2497
f 2462 2463 2498
f 2463 2499 2498
f 2463 2464 2499
f 2464 2500 2499
f 2464 2465 2500
f 2465 2501 2500
f 2465 2466 2501
f 2466 2502 2501
f 2466 2467 2502
f 2467 2503 2502
f 2467 2468 2503
f 2468 2504 2503
f 2468 2469 2504
f 2469 2505 2504
f 2469 2470 2505
f 2470 2506 2505
f 2470 2471 2506
f 2471 2507 2506
f 2471 2472 2507
f 2472 2508 2507
f 2472 2473 2508
f 2473 2509 2508
f 2473 2474 2509
f 2474 2510 2509
f 2474 2475 2510
f 2475 2511 2510
f 2475 2476 2511
f 2476 2512 2511
f 2476 2477 2512
f 2477 2513 2512
f 2477 2478 2513
f 2478 2514 2513
f 2478 2479 2514
f 2479 2515 2514
f 2479 2480 2515
f 2480 2516 2515
f 2480 2481 2516
f 2481 2517 2516
f 2481 2482 2517
f 2482 2518 2517
f 2482 2483 2518
f 2483 2519 2518
f 2483 2484 2519
f 2484 2520 2519
f 2484 2449 2520
f 2449 2485 2520
f 2485 2486 2521
f 2486 2522 2521
f 2486 2487 2522
f 2487 2523 2522
f 2487 2488 2523
f 2488 2524 2523
f 2488 2489 2524
f 2489 2525 2524
f 2489 2490 2525
f 2490 2526 2525
f 2490 2491 2526
f 2491 2527 2526
f 2491 2492 2527
f 2492 2528 2527
f 2492 2493 2528
f 2493 2529 2528
f 2493 2494 2529
f 2494 2530 2529
f 2494 2495 2530
f 2495 2531 2530
f 2495 2496 2531
f 2496 2532 2531
f 2496 2497 2532
f 2497 2533 2532
f 2497 2498 2533
f 2498 2534 2533
f 2498 2499 2534
f 2499 2535 2534
f 2499 2500 2535
f 2500 2536 2535
f 2500 2501 2536
f 2501 2537 2536
f 2501 2502 2537
f 2502 2538 2537
f 2502 2503 2538
f 2503 2539 2538
f 2503 2504 2539
f 2504 2540 2539
f 2504 2505 2540
f 2505 2541 2540
f 2505 2506 2541
f 2506 2542 2541
f 2506 2507 2542
f 2507 2543 2542
f 2507 2508 2543
f 2508 2544 2543
f 2508 2509 2544
f 2509 2545 2544
f 2509 2510 2545
f 2510 2546 2545
f 2510 2511 2546
f 2511 2547 2546
f 2511 2512 2547
f 2512 2548 2547
f 2512 2513 2548
f 2513 2549 2548
f 2513 2514 2549
f 2514 2550 2549
f 2514 2515 2550
f 2515 2551 2550
f 2515 2516 2551
f 2516 2552 2551
f 2516 2517 2552
f 2517 2553 2552
f 2517 2518 2553
f 2518 2554 2553
f 2518 2519 2554
f 2519 2555 2554
f 2519 2520 2555
f 2520 2556 2555
f 2520 2485 2556
f 2485 2521 2556
f 2521 2522 2557
f 2522 2558 2557
f 2522 2523 2558
f 2523 2559 2558
f 2523 2524 2559
f 2524 2560 2559
f 2524 2525 2560
f 2525 2561 2560
f 2525 2526 2561
f 2526 2562 2561
f 2526 2527 2562
f 2527 2563 2562
f 2527 2528 2563
f 2528 2564 2563
f 2528 2529 2564
f 2529 2565 2564
f 2529 2530 2565
f 2530 2566 2565
f 2530 2531 2566
f 2531 2567 2566
f 2531 2532 2567
f 2532 2568 2567
f 2532 2533 2568
f 2533 2569 2568
f 2533 2534 2569
f 2534 2570 2569
f 2534 2535 2570
f 2535 2571 2570
f 2535 2536 2571
f 2536 2572 2571
f 2536 2537 2572
f 2537 2573 2572
f 2537 2538 2573
f 2538 2574 2573
f 2538 2539 2574
f 2539 2575 2574
f 2539 2540 2575
f 2540 2576 2575
f 2540 2541 2576
f 2541 2577 2576
f 2541 2542 2577
f 2542 2578 2577
f 2542 2543 2578
f 2543 2579 2578
f 2543 2544 2579
f 2544 2580 2579
f 2544 2545 2580
f 2545 2581 2580
f 2545 2546 2581
f 2546 2582 2581
f 2546 2547 2582
f 2547 2583 2582
f 2547 2548 2583
f 2548 2584 2583
f 2548 2549 2584
f 2549 2585 2584
f 2549 2550 2585
f 2550 2586 2585
f 2550 2551 2586
f 2551 2587 2586
f 2551 2552 2587
f 2552 2588 2587
f 2552 2553 2588
f 2553 2589 2588
f 2553 2554 2589
f 2554 2590 2589
f 2554 2555 2590
f 2555 2591 2590
f 2555 2556 2591
f 2556 2592 2591
f 2556 2521 2592
f 2521 2557 2592
f 2557 2558 2593
f 2558 2594 2593
f 2558 2559 2594
f 2559 2595 2594
f 2559 2560 2595
f 2560 2596 2595
f 2560 2561 2596
f 2561 2597 2596
f 2561 2562 2597
f 2562 2598 2597
f 2562 2563 2598
f 2563 2599 2598
f 2563 2564 2599
f 2564 2600 2599
f 2564 2565 2600
f 2565 2601 2600
f 2565 2566 2601
f 2566 2602 2601
f 2566 2567 2602
f 2567 2603 2602
f 2567 2568 2603
f 2568 2604 2603
f 2568 2569 2604
f 2569 2605 2604
f 2569 2570 2605
f 2570 2606 2605
f 2570 2571 2606
f 2571 2607 2606
f 2571 2572 2607
f 2572 2608 2607
f 2572 2573 2608
f 2573 2609 2608
f 2573 2574 2609
f 2574 2610 2609
f 2574 2575 2610
f 2575 2611 2610
f 2575 2576 2611
f 2576 2612 2611
f 2576 2577 2612
f 2577 2613 2612
f 2577 2578 2613
f 2578 2614 2613
f 2578 2579 2614
f 2579 2615 2614
f 2579 2580 2615
f 2580 2616 2615
f 2580 2581 2616
f 2581 2617 2616
f 2581 2582 2617
f 2582 2618 2617
f 2582 2583 2618
f 2583 2619 2618
f 2583 2584 2619
f 2584 2620 2619
f 2584 2585 2620
f 2585 2621 2620
f 2585 2586 2621
f 2586 2622 2621
f 2586 2587 2622
f 2587 2623 2622
f 2587 2588 2623
f 2588 2624 2623
f 2588 2589 2624
f 2589 2625 2624
f 2589 2590 2625
f 2590 2626 2625
f 2590 2591 2626
f 2591 2627 2626
f 2591 2592 2627
f 2592 2628 2627
f 2592 2557 2628
f 2557 2593 2628
f 2593 2594 2629
f 2594 2630 2629
f 2594 2595 2630
f 2595 2631 2630
f 2595 2596 2631
f 2596 2632 2631
f 2596 2597 2632
f 2597 2633 2632
f 2597 2598 2633
f 2598 2634 2633
f 2598 2599 2634
f 2599 2635 2634
f 2599 2600 2635
f 2600 2636 2635
f 2600 2601 2636
f 2601 2637 2636
f 2601 2602 2637
f 2602 2638 2637
f 2602 2603 2638
f 2603 2639 2638
f 2603 2604 2639
f 2604 2640 2639
f 2604 2605 2640
f 2605 2641 2640
f 2605 2606 2641
f 2606 2642 2641
f 2606 2607 2642
f 2607 2643 2642
f 2607 2608 2643
f 2608 2644 2643
f 2608 2609 2644
f 2609 2645 2644
f 2609 2610 2645
f 2610 2646 2645
f 2610 2611 2646
f 2611 2647 2646
f 2611 2612 2647
f 2612 2648 2647
f 2612 2613 2648
f 2613 2649 2648
f 2613 2614 2649
f 2614 2650 2649
f 2614 2615 2650
f 2615 2651 2650
f 2615 2616 2651
f 2616 2652 2651
f 2616 2617 2652
f 2617 2653 2652
f 2617 2618 2653
f 2618 2654 2653
f 2618 2619 2654
f 2619 2655 2654
f 2619 2620 2655
f 2620 2656 2655
f 2620 2621 2656
f 2621 2657 2656
f 2621 2622 2657
f 2622 2658 2657
f 2622 2623 2658
f 2623 2659 2658
f 2623 2624 2659
f 2624 2660 2659
f 2624 2625 2660
f 2625 2661 2660
f 2625 2626 2661
f 2626 2662 2661
f 2626 2627 2662
f 2627 2663 2662
f 2627 2628 2663
f 2628 2664 2663
f 2628 2593 2664
f 2593 2629 2664
f 2629 2630 2665
f 2630 2666 2665
f 2630 2631 2666
f 2631 2667 2666
f 2631 2632 2667
f 2632 2668 2667
f 2632 2633 2668
f 2633 2669 2668
f 2633 2634 2669
f 2634 2670 2669
f 2634 2635 2670
f 2635 2671 2670
f 2635 2636 2671
f 2636 2672 2671
f 2636 2637 2672
f 2637 2673 2672
f 2637 2638 2673
f 2638 2674 2673
f 2638 2639 2674
f 2639 2675 2674
f 2639 2640 2675
f 2640 2676 2675
f 2640 2641 2676
f 2641 2677 2676
f 2641 2642 2677
f 2642 2678 2677
f 2642 2643 2678
f 2643 2679 2678
f 2643 2644 2679
f 2644 2680 2679
f 2644 2645 2680
f 2645 2681 2680
f 2645 2646 2681
f 2646 2682 2681
f 2646 2647 2682
f 2647 2683 2682
f 2647 2648 2683
f 2648 2684 2683
f 2648 2649 2684
f 2649 2685 2684
f 2649 2650 2685
f 2650 2686 2685
f 2650 2651 2686
f 2651 2687 2686
f 2651 2652 2687
f 2652 2688 2687
f 2652 2653 2688
f 2653 2689 2688
f 2653 2654 2689
f 2654 2690 2689
f 2654 2655 2690
f 2655 2691 2690
f 2655 2656 2691
f 2656 2692 2691
f 2656 2657 2692
f 2657 2693 2692
f 2657 2658 2693
f 2658 2694 2693
f 2658 2659 2694
f 2659 2695 2694
f 2659 2660 2695
f 2660 2696 2695
f 2660 2661 2696
f 2661 2697 2696
f 2661 2662 2697
f 2662 2698 2697
f 2662 2663 2698
f 2663 2699 2698
f 2663 2664 2699
f 2664 2700 2699
f 2664 2629 2700
f 2629 2665 2700
f 2665 2666 2701
f 2666 2702 2701
f 2666 2667 2702
f 2667 2703 2702
f 2667 2668 2703
f 2668 2704 2703
f 2668 2669 2704
f 2669 2705 2704
f 2669 2670 2705
f 2670 2706 2705
f 2670 2671 2706
f 2671 2707 2706
f 2671 2672 2707
f 2672 2708 2707
f 2672 2673 2708
f 2673 2709 2708
f 2673 2674 2709
f 2674 2710 2709
f 2674 2675 2710
f 2675 2711 2710
f 2675 2676 2711
f 2676 2712 2711
f 2676 2677 2712
f 2677 2713 2712
f 2677 2678 2713
f 2678 2714 2713
f 2678 2679 2714
f 2679 2715 2714
f 2679 2680 2715
f 2680 2716 2715
f 2680 2681 2716
f 2681 2717 2716
f 2681 2682 2717
f 2682 2718 2717
f 2682 2683 2718
f 2683 2719 2718
f 2683 2684 2719
f 2684 2720 2719
f 2684 2685 2720
f 2685 2721 2720
f 2685 2686 2721
f 2686 2722 2721
f 2686 2687 2722
f 2687 2723 2722
f 2687 2688 2723
f 2688 2724 2723
f 2688 2689 2724
f 2689 2725 2724
f 2689 2690 2725
f 2690 2726 2725
f 2690 2691 2726
f 2691 2727 2726
f 2691 2692 2727
f 2692 2728 2727
f 2692 2693 2728
f 2693 2729 2728
f 2693 2694 2729
f 2694 2730 2729
f 2694 2695 2730
f 2695 2731 2730
f 2695 2696 2731
f 2696 2732 2731
f 2696 2697 2732
f 2697 2733 2732
f 2697 2698 2733
f 2698 2734 2733
f 2698 2699 2734
f 2699 2735 2734
f 2699 2700 2735
f 2700 2736 2735
f 2700 2665 2736
f 2665 2701 2736
f 2701 2702 2737
f 2702 2738 2737
f 2702 2703 2738
f 2703 2739 2738
f 2703 2704 2739
f 2704 2740 2739
f 2704 2705 2740
f 2705 2741 2740
f 2705 2706 2741
f 2706 2742 2741
f 2706 2707 2742
f 2707 2743 2742
f 2707 2708 2743
f 2708 2744 2743
f 2708 2709 2744
f 2709 2745 2744
f 2709 2710 2745
f 2710 2746 2745
f 2710 2711 2746
f 2711 2747 2746
f 2711 2712 2747
f 2712 2748 2747
f 2712 2713 2748
f 2713 2749 2748
f 2713 2714 2749
f 2714 2750 2749
f 2714 2715 2750
f 2715 2751 2750
f 2715 2716 2751
f 2716 2752 2751
f 2716 2717 2752
f 2717 2753 2752
f 2717 2718 2753
f 2718 2754 2753
f 2718 2719 2754
f 2719 2755 2754
f 2719 2720 2755
f 2720 2756 2755
f 2720 2721 2756
f 2721 2757 2756
f 2721 2722 2757
f 2722 2758 2757
f 2722 2723 2758
f 2723 2759 2758
f 2723 2724 2759
f 2724 2760 2759
f 2724 2725 2760
f 2725 2761 2760
f 2725 2726 2761
f 2726 2762 2761
f 2726 2727 2762
f 2727 2763 2762
f 2727 2728 2763
f 2728 2764 2763
f 2728 2729 2764
f 2729 2765 2764
f 2729 2730 2765
f 2730 2766 2765
f 2730 2731 2766
f 2731 2767 2766
f 2731 2732 2767
f 2732 2768 2767
f 2732 2733 2768
f 2733 2769 2768
f 2733 2734 2769
f 2734 2770 2769
f 2734 2735 2770
f 2735 2771 2770
f 2735 2736 2771
f 2736 2772 2771
f 2736 2701 2772
f 2701 2737 2772
f 2737 2738 2773
f 2738 2774 2773
f 2738 2739 2774
f 2739 2775 2774
f 2739 2740 2775
f 2740 2776 2775
f 2740 2741 2776
f 2741 2777 2776
f 2741 2742 2777
f 2742 2778 2777
f 2742 2743 2778
f 2743 2779 2778
f 2743 2744 2779
f 2744 2780 2779
f 2744 2745 2780
f 2745 2781 2780
f 2745 2746 2781
f 2746 2782 2781
f 2746 2747 2782
f 2747 2783 2782
f 2747 2748 2783
f 2748 2784 2783
f 2748 2749 2784
f 2749 2785 2784
f 2749 2750 2785
f 2750 2786 2785
f 2750 2751 2786
f 2751 2787 2786
f 2751 2752 2787
f 2752 2788 2787
f 2752 2753 2788
f 2753 2789 2788
f 2753 2754 2789
f 2754 2790 2789
f 2754 2755 2790
f 2755 2791 2790
f 2755 2756 2791
f 2756 2792 2791
f 2756 2757 2792
f 2757 2793 2792
f 2757 2758 2793
f 2758 2794 2793
f 2758 2759 2794
f 2759 2795 2794
f 2759 2760 2795
f 2760 2796 2795
f 2760 2761 2796
f 2761 2797 2796
f 2761 2762 2797
f 2762 2798 2797
f 2762 2763 2798
f 2763 2799 2798
f 2763 2764 2799
f 2764 2800 2799
f 2764 2765 2800
f 2765 2801 2800
f 2765 2766 2801
f 2766 2802 2801
f 2766 2767 2802
f 2767 2803 2802
f 2767 2768 2803
f 2768 2804 2803
f 2768 2769 2804
f 2769 2805 2804
f 2769 2770 2805
f 2770 2806 2805
f 2770 2771 2806
f 2771 2807 2806
f 2771 2772 2807
f 2772 2808 2807
f 2772 2737 2808
f 2737 2773 2808
f 2773 2774 2809
f 2774 2810 2809
f 2774 2775 2810
f 2775 2811 2810
f 2775 2776 2811
f 2776 2812 2811
f 2776 2777 2812
f 2777 2813 2812
f 2777 2778 2813
f 2778 2814 2813
f 2778 2779 2814
f 2779 2815 2814
f 2779 2780 2815
f 2780 2816 2815
f 2780 2781 2816
f 2781 2817 2816
f 2781 2782 2817
f 2782 2818 2817
f 2782 2783 2818
f 2783 2819 2818
f 2783 2784 2819
f 2784 2820 2819
f 2784 2785 2820
f 2785 2821 2820
f 2785 2786 2821
f 2786 2822 2821
f 2786 2787 2822
f 2787 2823 2822
f 2787 2788 2823
f 2788 2824 2823
f 2788 2789 2824
f 2789 2825 2824
f 2789 2790 2825
f 2790 2826 2825
f 2790 2791 2826
f 2791 2827 2826
f 2791 2792 2827
f 2792 2828 2827
f 2792 2793 2828
f 2793 2829 2828
f 2793 2794 2829
f 2794 2830 2829
f 2794 2795 2830
f 2795 2831 2830
f 2795 2796 2831
f 2796 2832 2831
f 2796 2797 2832
f 2797 2833 2832
f 2797 2798 2833
f 2798 2834 2833
f 2798 2799 2834
f 2799 2835 2834
f 2799 2800 2835
f 2800 2836 2835
f 2800 2801 2836
f 2801 2837 2836
f 2801 2802 2837
f 2802 2838 2837
f 2802 2803 2838
f 2803 2839 2838
f 2803 2804 2839
f 2804 2840 2839
f 2804 2805 2840
f 2805 2841 2840
f 2805 2806 2841
f 2806 2842 2841
f 2806 2807 2842
f 2807 2843 2842
f 2807 2808 2843
f 2808 2844 2843
f 2808 2773 2844
f 2773 2809 2844
f 2809 2810 2845
f 2810 2846 2845
f 2810 2811 2846
f 2811 2847 2846
f 2811 2812 2847
f 2812 2848 2847
f 2812 2813 2848
f 2813 2849 2848
f 2813 2814 2849
f 2814 2850 2849
f 2814 2815 2850
f 2815 2851 2850
f 2815 2816 2851
f 2816 2852 2851
f 2816 2817 2852
f 2817 2853 2852
f 2817 2818 2853
f 2818 2854 2853
f 2818 2819 2854
f 2819 2855 2854
f 2819 2820 2855
f 2820 2856 2855
f 2820 2821 2856
f 2821 2857 2856
f 2821 2822 2857
f 2822 2858 2857
f 2822 2823 2858
f 2823 2859 2858
f 2823 2824 2859
f 2824 2860 2859
f 2824 2825 2860
f 2825 2861 2860
f 2825 2826 2861
f 2826 2862 2861
f 2826 2827 2862
f 2827 2863 2862
f 2827 2828 2863
f 2828 2864 2863
f 2828 2829 2864
f 2829 2865 2864
f 2829 2830 2865
f 2830 2866 2865
f 2830 2831 2866
f 2831 2867 2866
f 2831 2832 2867
f 2832 2868 2867
f 2832 2833 2868
f 2833 2869 2868
f 2833 2834 2869
f 2834 2870 2869
f 2834 2835 2870
f 2835 2871 2870
f 2835 2836 2871
f 2836 2872 2871
f 2836 2837 2872
f 2837 2873 2872
f 2837 2838 2873
f 2838 2874 2873
f 2838 2839 2874
f 2839 2875 2874
f 2839 2840 2875
f 2840 2876 2875
f 2840 2841 2876
f 2841 2877 2876
f 2841 2842 2877
f 2842 2878 2877
f 2842 2843 2878
f 2843 2879 2878
f 2843 2844 2879
f 2844 2880 2879
f 2844 2809 2880
f 2809 2845 2880
f 2845 2846 2881
f 2846 2882 2881
f 2846 2847 2882
f 2847 2883 2882
f 2847 2848 2883
f 2848 2884 2883
f 2848 2849 2884
f 2849 2885 2884
f 2849 2850 2885
f 2850 2886 2885
f 2850 2851 2886
f 2851 2887 2886
f 2851 2852 2887
f 2852 2888 2887
f 2852 2853 2888
f 2853 2889 2888
f 2853 2854 2889
f 2854 2890 2889
f 2854 2855 2890
f 2855 2891 2890
f 2855 2856 2891
f 2856 2892 2891
f 2856 2857 2892
f 2857 2893 2892
f 2857 2858 2893
f 2858 2894 2893
f 2858 2859 2894
f 2859 2895 2894
f 2859 2860 2895
f 2860 2896 2895
f 2860 2861 2896
f 2861 2897 2896
f 2861 2862 2897
f 2862 2898 2897
f 2862 2863 2898
f 2863 2899 2898
f 2863 2864 2899
f 2864 2900 2899
f 2864 2865 2900
f 2865 2901 2900
f 2865 2866 2901
f 2866 2902 2901
f 2866 2867 2902
f 2867 2903 2902
f 2867 2868 2903
f 2868 2904 2903
f 2868 2869 2904
f 2869 2905 2904
f 2869 2870 2905
f 2870 2906 2905
f 2870 2871 2906
f 2871 2907 2906
f 2871 2872 2907
f 2872 2908 2907
f 2872 2873 2908
f 2873 2909 2908
f 2873 2874 2909
f 2874 2910 2909
f 2874 2875 2910
f 2875 2911 2910
f 2875 2876 2911
f 2876 2912 2911
f 2876 2877 2912
f 2877 2913 2912
f 2877 2878 2913
f 2878 2914 2913
f 2878 2879 2914
f 2879 2915 2914
f 2879 2880 2915
f 2880 2916 2915
f 2880 2845 2916
f 2845 2881 2916
f 2881 2882 2917
f 2882 2918 2917
f 2882 2883 2918
f 2883 2919 2918
f 2883 2884 2919
f 2884 2920 2919
f 2884 2885 2920
f 2885 2921 2920
f 2885 2886 2921
f 2886 2922 2921
f 2886 2887 2922
f 2887 2923 2922
f 2887 2888 2923
f 2888 2924 2923
f 2888 2889 2924
f 2889 2925 2924
f 2889 2890 2925
f 2890 2926 2925
f 2890 2891 2926
f 2891 2927 2926
f 2891 2892 2927
f 2892 2928 2927
f 2892 2893 2928
f 2893 2929 2928
f 2893 2894 2929
f 2894 2930 2929
f 2894 2895 2930
f 2895 2931 2930
f 2895 2896 2931
f 2896 2932 2931
f 2896 2897 2932
f 2897 2933 2932
f 2897 2898 2933
f 2898 2934 2933
f 2898 2899 2934
f 2899 2935 2934
f 2899 2900 2935
f 2900 2936 2935
f 2900 2901 2936
f 2901 2937 2936
f 2901 2902 2937
f 2902 2938 2937
f 2902 2903 2938
f 2903 2939 2938
f 2903 2904 2939
f 2904 2940 2939
f 2904 2905 2940
f 2905 2941 2940
f 2905 2906 2941
f 2906 2942 2941
f 2906 2907 2942
f 2907 2943 2942
f 2907 2908 2943
f 2908 2944 2943
f 2908 2909 2944
f 2909 2945 2944
f 2909 2910 2945
f 2910 2946 2945
f 2910 2911 2946
f 2911 2947 2946
f 2911 2912 2947
f 2912 2948 2947
f 2912 2913 2948
f 2913 2949 2948
f 2913 2914 2949
f 2914 2950 2949
f 2914 2915 2950
f 2915 2951 2950
f 2915 2916 2951
f 2916 2952 2951
f 2916 2881 2952
f 2881 2917 2952
f 2917 2918 2953
f 2918 2954 2953
f 2918 2919 2954
f 2919 2955 2954
f 2919 2920 2955
f 2920 2956 2955
f 2920 2921 2956
f 2921 2957 2956
f 2921 2922 2957
f 2922 2958 2957
f 2922 2923 2958
f 2923 2959 2958
f 2923 2924 2959
f 2924 2960 2959
f 2924 2925 2960
f 2925 2961 2960
f 2925 2926 2961
f 2926 2962 2961
f 2926 2927 2962
f 2927 2963 2962
f 2927 2928 2963
f 2928 2964 2963
f 2928 2929 2964
f 2929 2965 2964
f 2929 2930 2965
f 2930 2966 2965
f 2930 2931 2966
f 2931 2967 2966
f 2931 2932 2967
f 2932 2968 2967
f 2932 2933 2968
f 2933 2969 2968
f 2933 2934 2969
f 2934 2970 2969
f 2934 2935 2970
f 2935 2971 2970
f 2935 2936 2971
f 2936 2972 2971
f 2936 2937 2972
f 2937 2973 2972
f 2937 2938 2973
f 2938 2974 2973
f 2938 2939 2974
f 2939 2975 2974
f 2939 2940 2975
f 2940 2976 2975
f 2940 2941 2976
f 2941 2977 2976
f 2941 2942 2977
f 2942 2978 2977
f 2942 2943 2978
f 2943 2979 2978
f 2943 2944 2979
f 2944 2980 2979
f 2944 2945 2980
f 2945 2981 2980
f 2945 2946 2981
f 2946 2982 2981
f 2946 2947 2982
f 2947 2983 2982
f 2947 2948 2983
f 2948 2984 2983
f 2948 2949 2984
f 2949 2985 2984
f 2949 2950 2985
f 2950 2986 2985
f 2950 2951 2986
f 2951 2987 2986
f 2951 2952 2987
f 2952 2988 2987
f 2952 2917 2988
f 2917 2953 2988
f 2953 2954 2989
f 2954 2990 2989
f 2954 2955 2990
f 2955 2991 2990
f 2955 2956 2991
f 2956 2992 2991
f 2956 2957 2992
f 2957 2993 2992
f 2957 2958 2993
f 2958 2994 2993
f 2958 2959 2994
f 2959 2995 2994
f 2959 2960 2995
f 2960 2996 2995
f 2960 2961 2996
f 2961 2997 2996
f 2961 2962 2997
f 2962 2998 2997
f 2962 2963 2998
f 2963 2999 2998
f 2963 2964 2999
f 2964 3000 2999
f 2964 2965 3000
f 2965 3001 3000
f 2965 2966 3001
f 2966 3002 3001
f 2966 2967 3002
f 2967 3003 3002
f 2967 2968 3003
f 2968 3004 3003
f 2968 2969 3004
f 2969 3005 3004
f 2969 2970 3005
f 2970 3006 3005
f 2970 2971 3006
f 2971 3007 3006
f 2971 2972 3007
f 2972 3008 3007
f 2972 2973 3008
f 2973 3009 3008
f 2973 2974 3009
f 2974 3010 3009
f 2974 2975 3010
f 2975 3011 3010
f 2975 2976 3011
f 2976 3012 3011
f 2976 2977 3012
f 2977 3013 3012
f 2977 2978 3013
f 2978 3014 3013
f 2978 2979 3014
f 2979 3015 3014
f 2979 2980 3015
f 2980 3016 3015
f 2980 2981 3016
f 2981 3017 3016
f 2981 2982 3017
f 2982 3018 3017
f 2982 2983 3018
f 2983 3019 3018
f 2983 2984 3019
f 2984 3020 3019
f 2984 2985 3020
f 2985 3021 3020
f 2985 2986 3021
f 2986 3022 3021
f 2986 2987 3022
f 2987 3023 3022
f 2987 2988 3023
f 2988 3024 3023
f 2988 2953 3024
f 2953 2989 3024
f 2989 2990 3025
f 2990 3026 3025
f 2990 2991 3026
f 2991 3027 3026
f 2991 2992 3027
f 2992 3028 3027
f 2992 2993 3028
f 2993 3029 3028
f 2993 2994 3029
f 2994 3030 3029
f 2994 2995 3030
f 2995 3031 3030
f 2995 2996 3031
f 2996 3032 3031
f 2996 2997 3032
f 2997 3033 3032
f 2997 2998 3033
f 2998 3034 3033
f 2998 2999 3034
f 2999 3035 3034
f 2999 3000 3035
f 3000 3036 3035
f 3000 3001 3036
f 3001 3037 3036
f 3001 3002 3037
f 3002 3038 3037
f 3002 3003 3038
f 3003 3039 3038
f 3003 3004 3039
f 3004 3040 3039
f 3004 3005 3040
f 3005 3041 3040
f 3005 3006 3041
f 3006 3042 3041
f 3006 3007 3042
f 3007 3043 3042
f 3007 3008 3043
f 3008 3044 3043
f 3008 3009 3044
f 3009 3045 3044
f 3009 3010 3045
f 3010 3046 3045
f 3010 3011 3046
f 3011 3047 3046
f 3011 3012 3047
f 3012 3048 3047
f 3012 3013 3048
f 3013 3049 3048
f 3013 3014 3049
f 3014 3050 3049
f 3014 3015 3050
f 3015 3051 3050
f 3015 3016 3051
f 3016 3052 3051
f 3016 3017 3052
f 3017 3053 3052
f 3017 3018 3053
f 3018 3054 3053
f 3018 3019 3054
f 3019 3055 3054
f 3019 3020 3055
f 3020 3056 3055
f 3020 3021 3056
f 3021 3057 3056
f 3021 3022 3057
f 3022 3058 3057
f 3022 3023 3058
f 3023 3059 3058
f 3023 3024 3059
f 3024 3060 3059
f 3024 2989 3060
f 2989 3025 3060
f 3025 3026 3061
f 3026 3062 3061
f 3026 3027 3062
f 3027 3063 3062
f 3027 3028 3063
f 3028 3064 3063
f 3028 3029 3064
f 3029 3065 3064
f 3029 3030 3065
f 3030 3066 3065
f 3030 3031 3066
f 3031 3067 3066
f 3031 3032 3067
f 3032 3068 3067
f 3032 3033 3068
f 3033 3069 3068
f 3033 3034 3069
f 3034 3070 3069
f 3034 3035 3070
f 3035 3071 3070
f 3035 3036 3071
f 3036 3072 3071
f 3036 3037 3072
f 3037 3073 3072
f 3037 3038 3073
f 3038 3074 3073
f 3038 3039 3074
f 3039 3075 3074
f 3039 3040 3075
f 3040 3076 3075
f 3040 3041 3076
f 3041 3077 3076
f 3041 3042 3077
f 3042 3078 3077
f 3042 3043 3078
f 3043 3079 3078
f 3043 3044 3079
f 3044 3080 3079
f 3044 3045 3080
f 3045 3081 3080
f 3045 3046 3081
f 3046 3082 3081
f 3046 3047 3082
f 3047 3083 3082
f 3047 3048 3083
f 3048 3084 3083
f 3048 3049 3084
f 3049 3085 3084
f 3049 3050 3085
f 3050 3086 3085
f 3050 3051 3086
f 3051 3087 3086
f 3051 3052 3087
f 3052 3088 3087
f 3052 3053 3088
f 3053 3089 3088
f 3053 3054 3089
f 3054 3090 3089
f 3054 3055 3090
f 3055 3091 3090
f 3055 3056 3091
f 3056 3092 3091
f 3056 3057 3092
f 3057 3093 3092
f 3057 3058 3093
f 3058 3094 3093
f 3058 3059 3094
f 3059 3095 3094
f 3059 3060 3095
f 3060 3096 3095
f 3060 3025 3096
f 3025 3061 3096
f 3061 3062 3097
f 3062 3098 3097
f 3062 3063 3098
f 3063 3099 3098
f 3063 3064 3099
f 3064 3100 3099
f 3064 3065 3100
f 3065 3101 3100
f 3065 3066 3101
f 3066 3102 3101
f 3066 3067 3102
f 3067 3103 3102
f 3067 3068 3103
f 3068 3104 3103
f 3068 3069 3104
f 3069 3105 3104
f 3069 3070 3105
f 3070 3106 3105
f 3070 3071 3106
f 3071 3107 3106
f 3071 3072 3107
f 3072 3108 3107
f 3072 3073 3108
f 3073 3109 3108
f 3073 3074 3109
f 3074 3110 3109
f 3074 3075 3110
f 3075 3111 3110
f 3075 3076 3111
f 3076 3112 3111
f 3076 3077 3112
f 3077 3113 3112
f 3077 3078 3113
f 3078 3114 3113
f 3078 3079 3114
f 3079 3115 3114
f 3079 3080 3115
f 3080 3116 3115
f 3080 3081 3116
f 3081 3117 3116
f 3081 3082 3117
f 3082 3118 3117
f 3082 3083 3118
f 3083 3119 3118
f 3083 3084 3119
f 3084 3120 3119
f 3084 3085 3120
f 3085 3121 3120
f 3085 3086 3121
f 3086 3122 3121
f 3086 3087 3122
f 3087 3123 3122
f 3087 3088 3123
f 3088 3124 3123
f 3088 3089 3124
f 3089 3125 3124
f 3089 3090 3125
f 3090 3126 3125
f 3090 3091 3126
f 3091 3127 3126
f 3091 3092 3127
f 3092 3128 3127
f 3092 3093 3128
f 3093 3129 3128
f 3093 3094 3129
f 3094 3130 3129
f 3094 3095 3130
f 3095 3131 3130
f 3095 3096 3131
f 3096 3132 3131
f 3096 3061 3132
f 3061 3097 3132
f 3097 3098 3133
f 3098 3134 3133
f 3098 3099 3134
f 3099 3135 3134
f 3099 3100 3135
f 3100 3136 3135
f 3100 3101 3136
f 3101 3137 3136
f 3101 3102 3137
f 3102 3138 3137
f 3102 3103 3138
f 3103 3139 3138
f 3103 3104 3139
f 3104 3140 3139
f 3104 3105 3140
f 3105 3141 3140
f 3105 3106 3141
f 3106 3142 3141
f 3106 3107 3142
f 3107 3143 3142
f 3107 3108 3143
f 3108 3144 3143
f 3108 3109 3144
f 3109 3145 3144
f 3109 3110 3145
f 3110 3146 3145
f 3110 3111 3146
f 3111 3147 3146
f 3111 3112 3147
f 3112 3148 3147
f 3112 3113 3148
f 3113 3149 3148
f 3113 3114 3149
f 3114 3150 3149
f 3114 3115 3150
f 3115 3151 3150
f 3115 3116 3151
f 3116 3152 3151
f 3116 3117 3152
f 3117 3153 3152
f 3117 3118 3153
f 3118 3154 3153
f 3118 3119 3154
f 3119 3155 3154
f 3119 3120 3155
f 3120 3156 3155
f 3120 3121 3156
f 3121 3157 3156
f 3121 3122 3157
f 3122 3158 3157
f 3122 3123 3158
f 3123 3159 3158
f 3123 3124 3159
f 3124 3160 3159
f 3124 3125 3160
f 3125 3161 3160
f 3125 3126 3161
f 3126 3162 3161
f 3126 3127 3162
f 3127 3163 3162
f 3127 3128 3163
f 3128 3164 3163
f 3128 3129 3164
f 3129 3165 3164
f 3129 3130 3165
f 3130 3166 3165
f 3130 3131 3166
f 3131 3167 3166
f 3131 3132 3167
f 3132 3168 3167
f 3132 3097 3168
f 3097 3133 3168
f 3133 3134 3169
f 3134 3170 3169
f 3134 3135 3170
f 3135 3171 3170
f 3135 3136 3171
f 3136 3172 3171
f 3136 3137 3172
f 3137 3173 3172
f 3137 3138 3173
f 3138 3174 3173
f 3138 3139 3174
f 3139 3175 3174
f 3139 3140 3175
f 3140 3176 3175
f 3140 3141 3176
f 3141 3177 3176
f 3141 3142 3177
f 3142 3178 3177
f 3142 3143 3178
f 3143 3179 3178
f 3143 3144 3179
f 3144 3180 3179
f 3144 3145 3180
f 3145 3181 3180
f 3145 3146 3181
f 3146 3182 3181
f 3146 3147 3182
f 3147 3183 3182
f 3147 3148 3183
f 3148 3184 3183
f 3148 3149 3184
f 3149 3185 3184
f 3149 3150 3185
f 3150 3186 3185
f 3150 3151 3186
f 3151 3187 3186
f 3151 3152 3187
f 3152 3188 3187
f 3152 3153 3188
f 3153 3189 3188
f 3153 3154 3189
f 3154 3190 3189
f 3154 3155 3190
f 3155 3191 3190
f 3155 3156 3191
f 3156 3192 3191
f 3156 3157 3192
f 3157 3193 3192
f 3157 3158 3193
f 3158 3194 3193
f 3158 3159 3194
f 3159 3195 3194
f 3159 3160 3195
f 3160 3196 3195
f 3160 3161 3196
f 3161 3197 3196
f 3161 3162 3197
f 3162 3198 3197
f 3162 3163 3198
f 3163 3199 3198
f 3163 3164 3199
f 3164 3200 3199
f 3164 3165 3200
f 3165 3201 3200
f 3165 3166 3201
f 3166 3202 3201
f 3166 3167 3202
f 3167 3203 3202
f 3167 3168 3203
f 3168 3204 3203
f 3168 3133 3204
f 3133 3169 3204
f 3169 3170 3205
f 3170 3206 3205
f 3170 3171 3206
f 3171 3207 3206
f 3171 3172 3207
f 3172 3208 3207
f 3172 3173 3208
f 3173 3209 3208
f 3173 3174 3209
f 3174 3210 3209
f 3174 3175 3210
f 3175 3211 3210
f 3175 3176 3211
f 3176 3212 3211
f 3176 3177 3212
f 3177 3213 3212
f 3177 3178 3213
f 3178 3214 3213
f 3178 3179 3214
f 3179 3215 3214
f 3179 3180 3215
f 3180 3216 3215
f 3180 3181 3216
f 3181 3217 3216
f 3181 3182 3217
f 3182 3218 3217
f 3182 3183 3218
f 3183 3219 3218
f 3183 3184 3219
f 3184 3220 3219
f 3184 3185 3220
f 3185 3221 3220
f 3185 3186 3221
f 3186 3222 3221
f 3186 3187 3222
f 3187 3223 3222
f 3187 3188 3223
f 3188 3224 3223
f 3188 3189 3224
f 3189 3225 3224
f 3189 3190 3225
f 3190 3226 3225
f 3190 3191 3226
f 3191 3227 3226
f 3191 3192 3227
f 3192 3228 3227
f 3192 3193 3228
f 3193 3229 3228
f 3193 3194 3229
f 3194 3230 3229
f 3194 3195 3230
f 3195 3231 3230
f 3195 3196 3231
f 3196 3232 3231
f 3196 3197 3232
f 3197 3233 3232
f 3197 3198 3233
f 3198 3234 3233
f 3198 3199 3234
f 3199 3235 3234
f 3199 3200 3235
f 3200 3236 3235
f 3200 3201 3236
f 3201 3237 3236
f 3201 3202 3237
f 3202 3238 3237
f 3202 3203 3238
f 3203 3239 3238
f 3203 3204 3239
f 3204 3240 3239
f 3204 3169 3240
f 3169 3205 3240
f 3205 3206 3241
f 3206 3242 3241
f 3206 3207 3242
f 3207 3243 3242
f 3207 3208 3243
f 3208 3244 3243
f 3208 3209 3244
f 3209 3245 3244
f 3209 3210 3245
f 3210 3246 3245
f 3210 3211 3246
f 3211 3247 3246
f 3211 3212 3247
f 3212 3248 3247
f 3212 3213 3248
f 3213 3249 3248
f 3213 3214 3249
f 3214 3250 3249
f 3214 3215 3250
f 3215 3251 3250
f 3215 3216 3251
f 3216 3252 3251
f 3216 3217 3252
f 3217 3253 3252
f 3217 3218 3253
f 3218 3254 3253
f 3218 3219 3254
f 3219 3255 3254
f 3219 3220 3255
f 3220 3256 3255
f 3220 3221 3256
f 3221 3257 3256
f 3221 3222 3257
f 3222 3258 3257
f 3222 3223 3258
f 3223 3259 3258
f 3223 3224 3259
f 3224 3260 3259
f 3224 3225 3260
f 3225 3261 3260
f 3225 3226 3261
f 3226 3262 3261
f 3226 3227 3262
f 3227 3263 3262
f 3227 3228 3263
f 3228 3264 3263
f 3228 3229 3264
f 3229 3265 3264
f 3229 3230 3265
f 3230 3266 3265
f 3230 3231 3266
f 3231 3267 3266
f 3231 3232 3267
f 3232 3268 3267
f 3232 3233 3268
f 3233 3269 3268
f 3233 3234 3269
f 3234 3270 3269
f 3234 3235 3270
f 3235 3271 3270
f 3235 3236 3271
f 3236 3272 3271
f 3236 3237 3272
f 3237 3273 3272
f 3237 3238 3273
f 3238 3274 3273
f 3238 3239 3274
f 3239 3275 3274
f 3239 3240 3275
f 3240 3276 3275
f 3240 3205 3276
f 3205 3241 3276
f 3241 3242 3277
f 3242 3278 3277
f 3242 3243 3278
f 3243 3279 3278
f 3243 3244 3279
f 3244 3280 3279
f 3244 3245 3280
f 3245 3281 3280
f 3245 3246 3281
f 3246 3282 3281
f 3246 3247 3282
f 3247 3283 3282
f 3247 3248 3283
f 3248 3284 3283
f 3248 3249 3284
f 3249 3285 3284
f 3249 3250 3285
f 3250 3286 3285
f 3250 3251 3286
f 3251 3287 3286
f 3251 3252 3287
f 3252 3288 3287
f 3252 3253 3288
f 3253 3289 3288
f 3253 3254 3289
f 3254 3290 3289
f 3254 3255 3290
f 3255 3291 3290
f 3255 3256 3291
f 3256 3292 3291
f 3256 3257 3292
f 3257 3293 3292
f 3257 3258 3293
f 3258 3294 3293
f 3258 3259 3294
f 3259 3295 3294
f 3259 3260 3295
f 3260 3296 3295
f 3260 3261 3296
f 3261 3297 3296
f 3261 3262 3297
f 3262 3298 3297
f 3262 3263 3298
f 3263 3299 3298
f 3263 3264 3299
f 3264 3300 3299
f 3264 3265 3300
f 3265 3301 3300
f 3265 3266 3301
f 3266 3302 3301
f 3266 3267 3302
f 3267 3303 3302
f 3267 3268 3303
f 3268 3304 3303
f 3268 3269 3304
f 3269 3305 3304
f 3269 3270 3305
f 3270 3306 3305
f 3270 3271 3306
f 3271 3307 3306
f 3271 3272 3307
f 3272 3308 3307
f 3272 3273 3308
f 3273 3309 3308
f 3273 3274 3309
f 3274 3310 3309
f 3274 3275 3310
f 3275 3311 3310
f 3275 3276 3311
f 3276 3312 3311
f 3276 3241 3312
f 3241 3277 3312
f 3277 3278 3313
f 3278 3314 3313
f 3278 3279 3314
f 3279 3315 3314
f 3279 3280 3315
f 3280 3316 3315
f 3280 3281 3316
f 3281 3317 3316
f 3281 3282 3317
f 3282 3318 3317
f 3282 3283 3318
f 3283 3319 3318
f 3283 3284 3319
f 3284 3320 3319
f 3284 3285 3320
f 3285 3321 3320
f 3285 3286 3321
f 3286 3322 3321
f 3286 3287 3322
f 3287 3323 3322
f 3287 3288 3323
f 3288 3324 3323
f 3288 3289 3324
f 3289 3325 3324
f 3289 3290 3325
f 3290 3326 3325
f 3290 3291 3326
f 3291 3327 3326
f 3291 3292 3327
f 3292 3328 3327
f 3292 3293 3328
f 3293 3329 3328
f 3293 3294 3329
f 3294 3330 3329
f 3294 3295 3330
f 3295 3331 3330
f 3295 3296 3331
f 3296 3332 3331
f 3296 3297 3332
f 3297 3333 3332
f 3297 3298 3333
f 3298 3334 3333
f 3298 3299 3334
f 3299 3335 3334
f 3299 3300 3335
f 3300 3336 3335
f 3300 3301 3336
f 3301 3337 3336
f 3301 3302 3337
f 3302 3338 3337
f 3302 3303 3338
f 3303 3339 3338
f 3303 3304 3339
f 3304 3340 3339
f 3304 3305 3340
f 3305 3341 3340
f 3305 3306 3341
f 3306 3342 3341
f 3306 3307 3342
f 3307 3343 3342
f 3307 3308 3343
f 3308 3344 3343
f 3308 3309 3344
f 3309 3345 3344
f 3309 3310 3345
f 3310 3346 3345
f 3310 3311 3346
f 3311 3347 3346
f 3311 3312 3347
f 3312 3348 3347
f 3312 3277 3348
f 3277 3313 3348
f 3313 3314 3349
f 3314 3350 3349
f 3314 3315 3350
f 3315 3351 3350
f 3315 3316 3351
f 3316 3352 3351
f 3316 3317 3352
f 3317 3353 3352
f 3317 3318 3353
f 3318 3354 3353
f 3318 3319 3354
f 3319 3355 3354
f 3319 3320 3355
f 3320 3356 3355
f 3320 3321 3356
f 3321 3357 3356
f 3321 3322 3357
f 3322 3358 3357
f 3322 3323 3358
f 3323 3359 3358
f 3323 3324 3359
f 3324 3360 3359
f 3324 3325 3360
f 3325 3361 3360
f 3325 3326 3361
f 3326 3362 3361
f 3326 3327 3362
f 3327 3363 3362
f 3327 3328 3363
f 3328 3364 3363
f 3328 3329 3364
f 3329 3365 3364
f 3329 3330 3365
f 3330 3366 3365
f 3330 3331 3366
f 3331 3367 3366
f 3331 3332 3367
f 3332 3368 3367
f 3332 3333 3368
f 3333 3369 3368
f 3333 3334 3369
f 3334 3370 3369
f 3334 3335 3370
f 3335 3371 3370
f 3335 3336 3371
f 3336 3372 3371
f 3336 3337 3372
f 3337 3373 3372
f 3337 3338 3373
f 3338 3374 3373
f 3338 3339 3374
f 3339 3375 3374
f 3339 3340 3375
f 3340 3376 3375
f 3340 3341 3376
f 3341 3377 3376
f 3341 3342 3377
f 3342 3378 3377
f 3342 3343 3378
f 3343 3379 3378
f 3343 3344 3379
f 3344 3380 3379
f 3344 3345 3380
f 3345 3381 3380
f 3345 3346 3381
f 3346 3382 3381
f 3346 3347 3382
f 3347 3383 3382
f 3347 3348 3383
f 3348 3384 3383
f 3348 3313 3384
f 3313 3349 3384
f 3349 3350 3385
f 3350 3386 3385
f 3350 3351 3386
f 3351 3387 3386
f 3351 3352 3387
f 3352 3388 3387
f 3352 3353 3388
f 3353 3389 3388
f 3353 3354 3389
f 3354 3390 3389
f 3354 3355 3390
f 3355 3391 3390
f 3355 3356 3391
f 3356 3392 3391
f 3356 3357 3392
f 3357 3393 3392
f 3357 3358 3393
f 3358 3394 3393
f 3358 3359 3394
f 3359 3395 3394
f 3359 3360 3395
f 3360 3396 3395
f 3360 3361 3396
f 3361 3397 3396
f 3361 3362 3397
f 3362 3398 3397
f 3362 3363 3398
f 3363 3399 3398
f 3363 3364 3399
f 3364 3400 3399
f 3364 3365 3400
f 3365 3401 3400
f 3365 3366 3401
f 3366 3402 3401
f 3366 3367 3402
f 3367 3403 3402
f 3367 3368 3403
f 3368 3404 3403
f 3368 3369 3404
f 3369 3405 3404
f 3369 3370 3405
f 3370 3406 3405
f 3370 3371 3406
f 3371 3407 3406
f 3371 3372 3407
f 3372 3408 3407
f 3372 3373 3408
f 3373 3409 3408
f 3373 3374 3409
f 3374 3410 3409
f 3374 3375 3410
f 3375 3411 3410
f 3375 3376 3411
f 3376 3412 3411
f 3376 3377 3412
f 3377 3413 3412
f 3377 3378 3413
f 3378 3414 3413
f 3378 3379 3414
f 3379 3415 3414
f 3379 3380 3415
f 3380 3416 3415
f 3380 3381 3416
f 3381 3417 3416
f 3381 3382 3417
f 3382 3418 3417
f 3382 3383 3418
f 3383 3419 3418
f 3383 3384 3419
f 3384 3420 3419
f 3384 3349 3420
f 3349 3385 3420
f 3385 3386 3421
f 3386 3422 3421
f 3386 3387 3422
f 3387 3423 3422
f 3387 3388 3423
f 3388 3424 3423
f 3388 3389 3424
f 3389 3425 3424
f 3389 3390 3425
f 3390 3426 3425
f 3390 3391 3426
f 3391 3427 3426
f 3391 3392 3427
f 3392 3428 3427
f 3392 3393 3428
f 3393 3429 3428
f 3393 3394 3429
f 3394 3430 3429
f 3394 3395 3430
f 3395 3431 3430
f 3395 3396 3431
f 3396 3432 3431
f 3396 3397 3432
f 3397 3433 3432
f 3397 3398 3433
f 3398 3434 3433
f 3398 3399 3434
f 3399 3435 3434
f 3399 3400 3435
f 3400 3436 3435
f 3400 3401 3436
f 3401 3437 3436
f 3401 3402 3437
f 3402 3438 3437
f 3402 3403 3438
f 3403 3439 3438
f 3403 3404 3439
f 3404 3440 3439
f 3404 3405 3440
f 3405 3441 3440
f 3405 3406 3441
f 3406 3442 3441
f 3406 3407 3442
f 3407 3443 3442
f 3407 3408 3443
f 3408 3444 3443
f 3408 3409 3444
f 3409 3445 3444
f 3409 3410 3445
f 3410 3446 3445
f 3410 3411 3446
f 3411 3447 3446
f 3411 3412 3447
f 3412 3448 3447
f 3412 3413 3448
f 3413 3449 3448
f 3413 3414 3449
f 3414 3450 3449
f 3414 3415 3450
f 3415 3451 3450
f 3415 3416 3451
f 3416 3452 3451
f 3416 3417 3452
f 3417 3453 3452
f 3417 3418 3453
f 3418 3454 3453
f 3418 3419 3454
f 3419 3455 3454
f 3419 3420 3455
f 3420 3456 3455
f 3420 3385 3456
f 3385 3421 3456
f 3421 3422 3457
f 3422 3458 3457
f 3422 3423 3458
f 3423 3459 3458
f 3423 3424 3459
f 3424 3460 3459
f 3424 3425 3460
f 3425 3461 3460
f 3425 3426 3461
f 3426 3462 3461
f 3426 3427 3462
f 3427 3463 3462
f 3427 3428 3463
f 3428 3464 3463
f 3428 3429 3464
f 3429 3465 3464
f 3429 3430 3465
f 3430 3466 3465
f 3430 3431 3466
f 3431 3467 3466
f 3431 3432 3467
f 3432 3468 3467
f 3432 3433 3468
f 3433 3469 3468
f 3433 3434 3469
f 3434 3470 3469
f 3434 3435 3470
f 3435 3471 3470
f 3435 3436 3471
f 3436 3472 3471
f 3436 3437 3472
f 3437 3473 3472
f 3437 3438 3473
f 3438 3474 3473
f 3438 3439 3474
f 3439 3475 3474
f 3439 3440 3475
f 3440 3476 3475
f 3440 3441 3476
f 3441 3477 3476
f 3441 3442 3477
f 3442 3478 3477
f 3442 3443 3478
f 3443 3479 3478
f 3443 3444 3479
f 3444 3480 3479
f 3444 3445 3480
f 3445 3481 3480
f 3445 3446 3481
f 3446 3482 3481
f 3446 3447 3482
f 3447 3483 3482
f 3447 3448 3483
f 3448 3484 3483
f 3448 3449 3484
f 3449 3485 3484
f 3449 3450 3485
f 3450 3486 3485
f 3450 3451 3486
f 3451 3487 3486
f 3451 3452 3487
f 3452 3488 3487
f 3452 3453 3488
f 3453 3489 3488
f 3453 3454 3489
f 3454 3490 3489
f 3454 3455 3490
f 3455 3491 3490
f 3455 3456 3491
f 3456 3492 3491
f 3456 3421 3492
f 3421 3457 3492
f 3457 3458 3493
f 3458 3494 3493
f 3458 3459 3494
f 3459 3495 3494
f 3459 3460 3495
f 3460 3496 3495
f 3460 3461 3496
f 3461 3497 3496
f 3461 3462 3497
f 3462 3498 3497
f 3462 3463 3498
f 3463 3499 3498
f 3463 3464 3499
f 3464 3500 3499
f 3464 3465 3500
f 3465 3501 3500
f 3465 3466 3501
f 3466 3502 3501
f 3466 3467 3502
f 3467 3503 3502
f 3467 3468 3503
f 3468 3504 3503
f 3468 3469 3504
f 3469 3505 3504
f 3469 3470 3505
f 3470 3506 3505
f 3470 3471 3506
f 3471 3507 3506
f 3471 3472 3507
f 3472 3508 3507
f 3472 3473 3508
f 3473 3509 3508
f 3473 3474 3509
f 3474 3510 3509
f 3474 3475 3510
f 3475 3511 3510
f 3475 3476 3511
f 3476 3512 3511
f 3476 3477 3512
f 3477 3513 3512
f 3477 3478 3513
f 3478 3514 3513
f 3478 3479 3514
f 3479 3515 3514
f 3479 3480 3515
f 3480 3516 3515
f 3480 3481 3516
f 3481 3517 3516
f 3481 3482 3517
f 3482 3518 3517
f 3482 3483 3518
f 3483 3519 3518
f 3483 3484 3519
f 3484 3520 3519
f 3484 3485 3520
f 3485 3521 3520
f 3485 3486 3521
f 3486 3522 3521
f 3486 3487 3522
f 3487 3523 3522
f 3487 3488 3523
f 3488 3524 3523
f 3488 3489 3524
f 3489 3525 3524
f 3489 3490 3525
f 3490 3526 3525
f 3490 3491 3526
f 3491 3527 3526
f 3491 3492 3527
f 3492 3528 3527
f 3492 3457 3528
f 3457 3493 3528
f 3493 3494 3529
f 3494 3530 3529
f 3494 3495 3530
f 3495 3531 3530
f 3495 3496 3531
f 3496 3532 3531
f 3496 3497 3532
f 3497 3533 3532
f 3497 3498 3533
f 3498 3534 3533
f 3498 3499 3534
f 3499 3535 3534
f 3499 3500 3535
f 3500 3536 3535
f 3500 3501 3536
f 3501 3537 3536
f 3501 3502 3537
f 3502 3538 3537
f 3502 3503 3538
f 3503 3539 3538
f 3503 3504 3539
f 3504 3540 3539
f 3504 3505 3540
f 3505 3541 3540
f 3505 3506 3541
f 3506 3542 3541
f 3506 3507 3542
f 3507 3543 3542
f 3507 3508 3543
f 3508 3544 3543
f 3508 3509 3544
f 3509 3545 3544
f 3509 3510 3545
f 3510 3546 3545
f 3510 3511 3546
f 3511 3547 3546
f 3511 3512 3547
f 3512 3548 3547
f 3512 3513 3548
f 3513 3549 3548
f 3513 3514 3549
f 3514 3550 3549
f 3514 3515 3550
f 3515 3551 3550
f 3515 3516 3551
f 3516 3552 3551
f 3516 3517 3552
f 3517 3553 3552
f 3517 3518 3553
f 3518 3554 3553
f 3518 3519 3554
f 3519 3555 3554
f 3519 3520 3555
f 3520 3556 3555
f 3520 3521 3556
f 3521 3557 3556
f 3521 3522 3557
f 3522 3558 3557
f 3522 3523 3558
f 3523 3559 3558
f 3523 3524 3559
f 3524 3560 3559
f 3524 3525 3560
f 3525 3561 3560
f 3525 3526 3561
f 3526 3562 3561
f 3526 3527 3562
f 3527 3563 3562
f 3527 3528 3563
f 3528 3564 3563
f 3528 3493 3564
f 3493 3529 3564
f 3529 3530 3565
f 3530 3566 3565
f 3530 3531 3566
f 3531 3567 3566
f 3531 3532 3567
f 3532 3568 3567
f 3532 3533 3568
f 3533 3569 3568
f 3533 3534 3569
f 3534 3570 3569
f 3534 3535 3570
f 3535 3571 3570
f 3535 3536 3571
f 3536 3572 3571
f 3536 3537 3572
f 3537 3573 3572
f 3537 3538 3573
f 3538 3574 3573
f 3538 3539 3574
f 3539 3575 3574
f 3539 3540 3575
f 3540 3576 3575
f 3540 3541 3576
f 3541 3577 3576
f 3541 3542 3577
f 3542 3578 3577
f 3542 3543 3578
f 3543 3579 3578
f 3543 3544 3579
f 3544 3580 3579
f 3544 3545 3580
f 3545 3581 3580
f 3545 3546 3581
f 3546 3582 3581
f 3546 3547 3582
f 3547 3583 3582
f 3547 3548 3583
f 3548 3584 3583
f 3548 3549 3584
f 3549 3585 3584
f 3549 3550 3585
f 3550 3586 3585
f 3550 3551 3586
f 3551 3587 3586
f 3551 3552 3587
f 3552 3588 3587
f 3552 3553 3588
f 3553 3589 3588
f 3553 3554 3589
f 3554 3590 3589
f 3554 3555 3590
f 3555 3591 3590
f 3555 3556 3591
f 3556 3592 3591
f 3556 3557 3592
f 3557 3593 3592
f 3557 3558 3593
f 3558 3594 3593
f 3558 3559 3594
f 3559 3595 3594
f 3559 3560 3595
f 3560 3596 3595
f 3560 3561 3596
f 3561 3597 3596
f 3561 3562 3597
f 3562 3598 3597
f 3562 3563 3598
f 3563 3599 3598
f 3563 3564 3599
f 3564 3600 3599
f 3564 3529 3600
f 3529 3565 3600
f 3565 3566 3601
f 3566 3602 3601
f 3566 3567 3602
f 3567 3603 3602
f 3567 3568 3603
f 3568 3604 3603
f 3568 3569 3604
f 3569 3605 3604
f 3569 3570 3605
f 3570 3606 3605
f 3570 3571 3606
f 3571 3607 3606
f 3571 3572 3607
f 3572 3608 3607
f 3572 3573 3608
f 3573 3609 3608
f 3573 3574 3609
f 3574 3610 3609
f 3574 3575 3610
f 3575 3611 3610
f 3575 3576 3611
f 3576 3612 3611
f 3576 3577 3612
f 3577 3613 3612
f 3577 3578 3613
f 3578 3614 3613
f 3578 3579 3614
f 3579 3615 3614
f 3579 3580 3615
f 3580 3616 3615
f 3580 3581 3616
f 3581 3617 3616
f 3581 3582 3617
f 3582 3618 3617
f 3582 3583 3618
f 3583 3619 3618
f 3583 3584 3619
f 3584 3620 3619
f 3584 3585 3620
f 3585 3621 3620
f 3585 3586 3621
f 3586 3622 3621
f 3586 3587 3622
f 3587 3623 3622
f 3587 3588 3623
f 3588 3624 3623
f 3588 3589 3624
f 3589 3625 3624
f 3589 3590 3625
f 3590 3626 3625
f 3590 3591 3626
f 3591 3627 3626
f 3591 3592 3627
f 3592 3628 3627
f 3592 3593 3628
f 3593 3629 3628
f 3593 3594 3629
f 3594 3630 3629
f 3594 3595 3630
f 3595 3631 3630
f 3595 3596 3631
f 3596 3632 3631
f 3596 3597 3632
f 3597 3633 3632
f 3597 3598 3633
f 3598 3634 3633
f 3598 3599 3634
f 3599 3635 3634
f 3599 3600 3635
f 3600 3636 3635
f 3600 3565 3636
f 3565 3601 3636
f 3601 3602 3637
f 3602 3638 3637
f 3602 3603 3638
f 3603 3639 3638
f 3603 3604 3639
f 3604 3640 3639
f 3604 3605 3640
f 3605 3641 3640
f 3605 3606 3641
f 3606 3642 3641
f 3606 3607 3642
f 3607 3643 3642
f 3607 3608 3643
f 3608 3644 3643
f 3608 3609 3644
f 3609 3645 3644
f 3609 3610 3645
f 3610 3646 3645
f 3610 3611 3646
f 3611 3647 3646
f 3611 3612 3647
f 3612 3648 3647
f 3612 3613 3648
f 3613 3649 3648
f 3613 3614 3649
f 3614 3650 3649
f 3614 3615 3650
f 3615 3651 3650
f 3615 3616 3651
f 3616 3652 3651
f 3616 3617 3652
f 3617 3653 3652
f 3617 3618 3653
f 3618 3654 3653
f 3618 3619 3654
f 3619 3655 3654
f 3619 3620 3655
f 3620 3656 3655
f 3620 3621 3656
f 3621 3657 3656
f 3621 3622 3657
f 3622 3658 3657
f 3622 3623 3658
f 3623 3659 3658
f 3623 3624 3659
f 3624 3660 3659
f 3624 3625 3660
f 3625 3661 3660
f 3625 3626 3661
f 3626 3662 3661
f 3626 3627 3662
f 3627 3663 3662
f 3627 3628 3663
f 3628 3664 3663
f 3628 3629 3664
f 3629 3665 3664
f 3629 3630 3665
f 3630 3666 3665
f 3630 3631 3666
f 3631 3667 3666
f 3631 3632 3667
f 3632 3668 3667
f 3632 3633 3668
f 3633 3669 3668
f 3633 3634 3669
f 3634 3670 3669
f 3634 3635 3670
f 3635 3671 3670
f 3635 3636 3671
f 3636 3672 3671
f 3636 3601 3672
f 3601 3637 3672
f 3637 3638 3673
f 3638 3674 3673
f 3638 3639 3674
f 3639 3675 3674
f 3639 3640 3675
f 3640 3676 3675
f 3640 3641 3676
f 3641 3677 3676
f 3641 3642 3677
f 3642 3678 3677
f 3642 3643 3678
f 3643 3679 3678
f 3643 3644 3679
f 3644 3680 3679
f 3644 3645 3680
f 3645 3681 3680
f 3645 3646 3681
f 3646 3682 3681
f 3646 3647 3682
f 3647 3683 3682
f 3647 3648 3683
f 3648 3684 3683
f 3648 3649 3684
f 3649 3685 3684
f 3649 3650 3685
f 3650 3686 3685
f 3650 3651 3686
f 3651 3687 3686
f 3651 3652 3687
f 3652 3688 3687
f 3652 3653 3688
f 3653 3689 3688
f 3653 3654 3689
f 3654 3690 3689
f 3654 3655 3690
f 3655 3691 3690
f 3655 3656 3691
f 3656 3692 3691
f 3656 3657 3692
f 3657 3693 3692
f 3657 3658 3693
f 3658 3694 3693
f 3658 3659 3694
f 3659 3695 3694
f 3659 3660 3695
f 3660 3696 3695
f 3660 3661 3696
f 3661 3697 3696
f 3661 3662 3697
f 3662 3698 3697
f 3662 3663 3698
f 3663 3699 3698
f 3663 3664 3699
f 3664 3700 3699
f 3664 3665 3700
f 3665 3701 3700
f 3665 3666 3701
f 3666 3702 3701
f 3666 3667 3702
f 3667 3703 3702
f 3667 3668 3703
f 3668 3704 3703
f 3668 3669 3704
f 3669 3705 3704
f 3669 3670 3705
f 3670 3706 3705
f 3670 3671 3706
f 3671 3707 3706
f 3671 3672 3707
f 3672 3708 3707
f 3672 3637 3708
f 3637 3673 3708
f 3673 3674 3709
f 3674 3710 3709
f 3674 3675 3710
f 3675 3711 3710
f 3675 3676 3711
f 3676 3712 3711
f 3676 3677 3712
f 3677 3713 3712
f 3677 3678 3713
f 3678 3714 3713
f 3678 3679 3714
f 3679 3715 3714
f 3679 3680 3715
f 3680 3716 3715
f 3680 3681 3716
f 3681 3717 3716
f 3681 3682 3717
f 3682 3718 3717
f 3682 3683 3718
f 3683 3719 3718
f 3683 3684 3719
f 3684 3720 3719
f 3684 3685 3720
f 3685 3721 3720
f 3685 3686 3721
f 3686 3722 3721
f 3686 3687 3722
f 3687 3723 3722
f 3687 3688 3723
f 3688 3724 3723
f 3688 3689 3724
f 3689 3725 3724
f 3689 3690 3725
f 3690 3726 3725
f 3690 3691 3726
f 3691 3727 3726
f 3691 3692 3727
f 3692 3728 3727
f 3692 3693 3728
f 3693 3729 3728
f 3693 3694 3729
f 3694 3730 3729
f 3694 3695 3730
f 3695 3731 3730
f 3695 3696 3731
f 3696 3732 3731
f 3696 3697 3732
f 3697 3733 3732
f 3697 3698 3733
f 3698 3734 3733
f 3698 3699 3734
f 3699 3735 3734
f 3699 3700 3735
f 3700 3736 3735
f 3700 3701 3736
f 3701 3737 3736
f 3701 3702 3737
f 3702 3738 3737
f 3702 3703 3738
f 3703 3739 3738
f 3703 3704 3739
f 3704 3740 3739
f 3704 3705 3740
f 3705 3741 3740
f 3705 3706 3741
f 3706 3742 3741
f 3706 3707 3742
f 3707 3743 3742
f 3707 3708 3743
f 3708 3744 3743
f 3708 3673 3744
f 3673 3709 3744
f 3709 3710 3745
f 3710 3746 3745
f 3710 3711 3746
f 3711 3747 3746
f 3711 3712 3747
f 3712 3748 3747
f 3712 3713 3748
f 3713 3749 3748
f 3713 3714 3749
f 3714 3750 3749
f 3714 3715 3750
f 3715 3751 3750
f 3715 3716 3751
f 3716 3752 3751
f 3716 3717 3752
f 3717 3753 3752
f 3717 3718 3753
f 3718 3754 3753
f 3718 3719 3754
f 3719 3755 3754
f 3719 3720 3755
f 3720 3756 3755
f 3720 3721 3756
f 3721 3757 3756
f 3721 3722 3757
f 3722 3758 3757
f 3722 3723 3758
f 3723 3759 3758
f 3723 3724 3759
f 3724 3760 3759
f 3724 3725 3760
f 3725 3761 3760
f 3725 3726 3761
f 3726 3762 3761
f 3726 3727 3762
f 3727 3763 3762
f 3727 3728 3763
f 3728 3764 3763
f 3728 3729 3764
f 3729 3765 3764
f 3729 3730 3765
f 3730 3766 3765
f 3730 3731 3766
f 3731 3767 3766
f 3731 3732 3767
f 3732 3768 3767
f 3732 3733 3768
f 3733 3769 3768
f 3733 3734 3769
f 3734 3770 3769
f 3734 3735 3770
f 3735 3771 3770
f 3735 3736 3771
f 3736 3772 3771
f 3736 3737 3772
f 3737 3773 3772
f 3737 3738 3773
f 3738 3774 3773
f 3738 3739 3774
f 3739 3775 3774
f 3739 3740 3775
f 3740 3776 3775
f 3740 3741 3776
f 3741 3777 3776
f 3741 3742 3777
f 3742 3778 3777
f 3742 3743 3778
f 3743 3779 3778
f 3743 3744 3779
f 3744 3780 3779
f 3744 3709 3780
f 3709 3745 3780
f 3745 3746 3781
f 3746 3782 3781
f 3746 3747 3782
f 3747 3783 3782
f 3747 3748 3783
f 3748 3784 3783
f 3748 3749 3784
f 3749 3785 3784
f 3749 3750 3785
f 3750 3786 3785
f 3750 3751 3786
f 3751 3787 3786
f 3751 3752 3787
f 3752 3788 3787
f 3752 3753 3788
f 3753 3789 3788
f 3753 3754 3789
f 3754 3790 3789
f 3754 3755 3790
f 3755 3791 3790
f 3755 3756 3791
f 3756 3792 3791
f 3756 3757 3792
f 3757 3793 3792
f 3757 3758 3793
f 3758 3794 3793
f 3758 3759 3794
f 3759 3795 3794
f 3759 3760 3795
f 3760 3796 3795
f 3760 3761 3796
f 3761 3797 3796
f 3761 3762 3797
f 3762 3798 3797
f 3762 3763 3798
f 3763 3799 3798
f 3763 3764 3799
f 3764 3800 3799
f 3764 3765 3800
f 3765 3801 3800
f 3765 3766 3801
f 3766 3802 3801
f 3766 3767 3802
f 3767 3803 3802
f 3767 3768 3803
f 3768 3804 3803
f 3768 3769 3804
f 3769 3805 3804
f 3769 3770 3805
f 3770 3806 3805
f 3770 3771 3806
f 3771 3807 3806
f 3771 3772 3807
f 3772 3808 3807
f 3772 3773 3808
f 3773 3809 3808
f 3773 3774 3809
f 3774 3810 3809
f 3774 3775 3810
f 3775 3811 3810
f 3775 3776 3811
f 3776 3812 3811
f 3776 3777 3812
f 3777 3813 3812
f 3777 3778 3813
f 3778 3814 3813
f 3778 3779 3814
f 3779 3815 3814
f 3779 3780 3815
f 3780 3816 3815
f 3780 3745 3816
f 3745 3781 3816
f 3781 3782 3817
f 3782 3818 3817
f 3782 3783 3818
f 3783 3819 3818
f 3783 3784 3819
f 3784 3820 3819
f 3784 3785 3820
f 3785 3821 3820
f 3785 3786 3821
f 3786 3822 3821
f 3786 3787 3822
f 3787 3823 3822
f 3787 3788 3823
f 3788 3824 3823
f 3788 3789 3824
f 3789 3825 3824
f 3789 3790 3825
f 3790 3826 3825
f 3790 3791 3826
f 3791 3827 3826
f 3791 3792 3827
f 3792 3828 3827
f 3792 3793 3828
f 3793 3829 3828
f 3793 3794 3829
f 3794 3830 3829
f 3794 3795 3830
f 3795 3831 3830
f 3795 3796 3831
f 3796 3832 3831
f 3796 3797 3832
f 3797 3833 3832
f 3797 3798 3833
f 3798 3834 3833
f 3798 3799 3834
f 3799 3835 3834
f 3799 3800 3835
f 3800 3836 3835
f 3800 3801 3836
f 3801 3837 3836
f 3801 3802 3837
f 3802 3838 3837
f 3802 3803 3838
f 3803 3839 3838
f 3803 3804 3839
f 3804 3840 3839
f 3804 3805 3840
f 3805 3841 3840
f 3805 3806 3841
f 3806 3842 3841
f 3806 3807 3842
f 3807 3843 3842
f 3807 3808 3843
f 3808 3844 3843
f 3808 3809 3844
f 3809 3845 3844
f 3809 3810 3845
f 3810 3846 3845
f 3810 3811 3846
f 3811 3847 3846
f 3811 3812 3847
f 3812 3848 3847
f 3812 3813 3848
f 3813 3849 3848
f 3813 3814 3849
f 3814 3850 3849
f 3814 3815 3850
f 3815 3851 3850
f 3815 3816 3851
f 3816 3852 3851
f 3816 3781 3852
f 3781 3817 3852
f 3817 3818 3853
f 3818 3854 3853
f 3818 3819 3854
f 3819 3855 3854
f 3819 3820 3855
f 3820 3856 3855
f 3820 3821 3856
f 3821 3857 3856
f 3821 3822 3857
f 3822 3858 3857
f 3822 3823 3858
f 3823 3859 3858
f 3823 3824 3859
f 3824 3860 3859
f 3824 3825 3860
f 3825 3861 3860
f 3825 3826 3861
f 3826 3862 3861
f 3826 3827 3862
f 3827 3863 3862
f 3827 3828 3863
f 3828 3864 3863
f 3828 3829 3864
f 3829 3865 3864
f 3829 3830 3865
f 3830 3866 3865
f 3830 3831 3866
f 3831 3867 3866
f 3831 3832 3867
f 3832 3868 3867
f 3832 3833 3868
f 3833 3869 3868
f 3833 3834 3869
f 3834 3870 3869
f 3834 3835 3870
f 3835 3871 3870
f 3835 3836 3871
f 3836 3872 3871
f 3836 3837 3872
f 3837 3873 3872
f 3837 3838 3873
f 3838 3874 3873
f 3838 3839 3874
f 3839 3875 3874
f 3839 3840 3875
f 3840 3876 3875
f 3840 3841 3876
f 3841 3877 3876
f 3841 3842 3877
f 3842 3878 3877
f 3842 3843 3878
f 3843 3879 3878
f 3843 3844 3879
f 3844 3880 3879
f 3844 3845 3880
f 3845 3881 3880
f 3845 3846 3881
f 3846 3882 3881
f 3846 3847 3882
f 3847 3883 3882
f 3847 3848 3883
f 3848 3884 3883
f 3848 3849 3884
f 3849 3885 3884
f 3849 3850 3885
f 3850 3886 3885
f 3850 3851 3886
f 3851 3887 3886
f 3851 3852 3887
f 3852 3888 3887
f 3852 3817 3888
f 3817 3853 3888
f 3853 3854 3889
f 3854 3890 3889
f 3854 3855 3890
f 3855 3891 3890
f 3855 3856 3891
f 3856 3892 3891
f 3856 3857 3892
f 3857 3893 3892
f 3857 3858 3893
f 3858 3894 3893
f 3858 3859 3894
f 3859 3895 3894
f 3859 3860 3895
f 3860 3896 3895
f 3860 3861 3896
f 3861 3897 3896
f 3861 3862 3897
f 3862 3898 3897
f 3862 3863 3898
f 3863 3899 3898
f 3863 3864 3899
f 3864 3900 3899
f 3864 3865 3900
f 3865 3901 3900
f 3865 3866 3901
f 3866 3902 3901
f 3866 3867 3902
f 3867 3903 3902
f 3867 3868 3903
f 3868 3904 3903
f 3868 3869 3904
f 3869 3905 3904
f 3869 3870 3905
f 3870 3906 3905
f 3870 3871 3906
f 3871 3907 3906
f 3871 3872 3907
f 3872 3908 3907
f 3872 3873 3908
f 3873 3909 3908
f 3873 3874 3909
f 3874 3910 3909
f 3874 3875 3910
f 3875 3911 3910
f 3875 3876 3911
f 3876 3912 3911
f 3876 3877 3912
f 3877 3913 3912
f 3877 3878 3913
f 3878 3914 3913
f 3878 3879 3914
f 3879 3915 3914
f 3879 3880 3915
f 3880 3916 3915
f 3880 3881 3916
f 3881 3917 3916
f 3881 3882 3917
f 3882 3918 3917
f 3882 3883 3918
f 3883 3919 3918
f 3883 3884 3919
f 3884 3920 3919
f 3884 3885 3920
f 3885 3921 3920
f 3885 3886 3921
f 3886 3922 3921
f 3886 3887 3922
f 3887 3923 3922
f 3887 3888 3923
f 3888 3924 3923
f 3888 3853 3924
f 3853 3889 3924
f 3889 3890 3925
f 3890 3926 3925
f 3890 3891 3926
f 3891 3927 3926
f 3891 3892 3927
f 3892 3928 3927
f 3892 3893 3928
f 3893 3929 3928
f 3893 3894 3929
f 3894 3930 3929
f 3894 3895 3930
f 3895 3931 3930
f 3895 3896 3931
f 3896 3932 3931
f 3896 3897 3932
f 3897 3933 3932
f 3897 3898 3933
f 3898 3934 3933
f 3898 3899 3934
f 3899 3935 3934
f 3899 3900 3935
f 3900 3936 3935
f 3900 3901 3936
f 3901 3937 3936
f 3901 3902 3937
f 3902 3938 3937
f 3902 3903 3938
f 3903 3939 3938
f 3903 3904 3939
f 3904 3940 3939
f 3904 3905 3940
f 3905 3941 3940
f 3905 3906 3941
f 3906 3942 3941
f 3906 3907 3942
f 3907 3943 3942
f 3907 3908 3943
f 3908 3944 3943
f 3908 3909 3944
f 3909 3945 3944
f 3909 3910 3945
f 3910 3946 3945
f 3910 3911 3946
f 3911 3947 3946
f 3911 3912 3947
f 3912 3948 3947
f 3912 3913 3948
f 3913 3949 3948
f 3913 3914 3949
f 3914 3950 3949
f 3914 3915 3950
f 3915 3951 3950
f 3915 3916 3951
f 3916 3952 3951
f 3916 3917 3952
f 3917 3953 3952
f 3917 3918 3953
f 3918 3954 3953
f 3918 3919 3954
f 3919 3955 3954
f 3919 3920 3955
f 3920 3956 3955
f 3920 3921 3956
f 3921 3957 3956
f 3921 3922 3957
f 3922 3958 3957
f 3922 3923 3958
f 3923 3959 3958
f 3923 3924 3959
f 3924 3960 3959
f 3924 3889 3960
f 3889 3925 3960
f 3925 3926 3961
f 3926 3962 3961
f 3926 3927 3962
f 3927 3963 3962
f 3927 3928 3963
f 3928 3964 3963
f 3928 3929 3964
f 3929 3965 3964
f 3929 3930 3965
f 3930 3966 3965
f 3930 3931 3966
f 3931 3967 3966
f 3931 3932 3967
f 3932 3968 3967
f 3932 3933 3968
f 3933 3969 3968
f 3933 3934 3969
f 3934 3970 3969
f 3934 3935 3970
f 3935 3971 3970
f 3935 3936 3971
f 3936 3972 3971
f 3936 3937 3972
f 3937 3973 3972
f 3937 3938 3973
f 3938 3974 3973
f 3938 3939 3974
f 3939 3975 3974
f 3939 3940 3975
f 3940 3976 3975
f 3940 3941 3976
f 3941 3977 3976
f 3941 3942 3977
f 3942 3978 3977
f 3942 3943 3978
f 3943 3979 3978
f 3943 3944 3979
f 3944 3980 3979
f 3944 3945 3980
f 3945 3981 3980
f 3945 3946 3981
f 3946 3982 3981
f 3946 3947 3982
f 3947 3983 3982
f 3947 3948 3983
f 3948 3984 3983
f 3948 3949 3984
f 3949 3985 3984
f 3949 3950 3985
f 3950 3986 3985
f 3950 3951 3986
f 3951 3987 3986
f 3951 3952 3987
f 3952 3988 3987
f 3952 3953 3988
f 3953 3989 3988
f 3953 3954 3989
f 3954 3990 3989
f 3954 3955 3990
f 3955 3991 3990
f 3955 3956 3991
f 3956 3992 3991
f 3956 3957 3992
f 3957 3993 3992
f 3957 3958 3993
f 3958 3994 3993
f 3958 3959 3994
f 3959 3995 3994
f 3959 3960 3995
f 3960 3996 3995
f 3960 3925 3996
f 3925 3961 3996
f 3961 3962 3997
f 3962 3998 3997
f 3962 3963 3998
f 3963 3999 3998
f 3963 3964 3999
f 3964 4000 3999
f 3964 3965 4000
f 3965 4001 4000
f 3965 3966 4001
f 3966 4002 4001
f 3966 3967 4002
f 3967 4003 4002
f 3967 3968 4003
f 3968 4004 4003
f 3968 3969 4004
f 3969 4005 4004
f 3969 3970 4005
f 3970 4006 4005
f 3970 3971 4006
f 3971 4007 4006
f 3971 3972 4007
f 3972 4008 4007
f 3972 3973 4008
f 3973 4009 4008
f 3973 3974 4009
f 3974 4010 4009
f 3974 3975 4010
f 3975 4011 4010
f 3975 3976 4011
f 3976 4012 4011
f 3976 3977 4012
f 3977 4013 4012
f 3977 3978 4013
f 3978 4014 4013
f 3978 3979 4014
f 3979 4015 4014
f 3979 3980 4015
f 3980 4016 4015
f 3980 3981 4016
f 3981 4017 4016
f 3981 3982 4017
f 3982 4018 4017
f 3982 3983 4018
f 3983 4019 4018
f 3983 3984 4019
f 3984 4020 4019
f 3984 3985 4020
f 3985 4021 4020
f 3985 3986 4021
f 3986 4022 4021
f 3986 3987 4022
f 3987 4023 4022
f 3987 3988 4023
f 3988 4024 4023
f 3988 3989 4024
f 3989 4025 4024
f 3989 3990 4025
f 3990 4026 4025
f 3990 3991 4026
f 3991 4027 4026
f 3991 3992 4027
f 3992 4028 4027
f 3992 3993 4028
f 3993 4029 4028
f 3993 3994 4029
f 3994 4030 4029
f 3994 3995 4030
f 3995 4031 4030
f 3995 3996 4031
f 3996 4032 4031
f 3996 3961 4032
f 3961 3997 4032
f 3997 3998 4033
f 3998 4034 4033
f 3998 3999 4034
f 3999 4035 4034
f 3999 4000 4035
f 4000 4036 4035
f 4000 4001 4036
f 4001 4037 4036
f 4001 4002 4037
f 4002 4038 4037
f 4002 4003 4038
f 4003 4039 4038
f 4003 4004 4039
f 4004 4040 4039
f 4004 4005 4040
f 4005 4041 4040
f 4005 4006 4041
f 4006 4042 4041
f 4006 4007 4042
f 4007 4043 4042
f 4007 4008 4043
f 4008 4044 4043
f 4008 4009 4044
f 4009 4045 4044
f 4009 4010 4045
f 4010 4046 4045
f 4010 4011 4046
f 4011 4047 4046
f 4011 4012 4047
f 4012 4048 4047
f 4012 4013 4048
f 4013 4049 4048
f 4013 4014 4049
f 4014 4050 4049
f 4014 4015 4050
f 4015 4051 4050
f 4015 4016 4051
f 4016 4052 4051
f 4016 4017 4052
f 4017 4053 4052
f 4017 4018 4053
f 4018 4054 4053
f 4018 4019 4054
f 4019 4055 4054
f 4019 4020 4055
f 4020 4056 4055
f 4020 4021 4056
f 4021 4057 4056
f 4021 4022 4057
f 4022 4058 4057
f 4022 4023 4058
f 4023 4059 4058
f 4023 4024 4059
f 4024 4060 4059
f 4024 4025 4060
f 4025 4061 4060
f 4025 4026 4061
f 4026 4062 4061
f 4026 4027 4062
f 4027 4063 4062
f 4027 4028 4063
f 4028 4064 4063
f 4028 4029 4064
f 4029 4065 4064
f 4029 4030 4065
f 4030 4066 4065
f 4030 4031 4066
f 4031 4067 4066
f 4031 4032 4067
f 4032 4068 4067
f 4032 3997 4068
f 3997 4033 4068
f 4033 4034 4069
f 4034 4070 4069
f 4034 4035 4070
f 4035 4071 4070
f 4035 4036 4071
f 4036 4072 4071
f 4036 4037 4072
f 4037 4073 4072
f 4037 4038 4073
f 4038 4074 4073
f 4038 4039 4074
f 4039 4075 4074
f 4039 4040 4075
f 4040 4076 4075
f 4040 4041 4076
f 4041 4077 4076
f 4041 4042 4077
f 4042 4078 4077
f 4042 4043 4078
f 4043 4079 4078
f 4043 4044 4079
f 4044 4080 4079
f 4044 4045 4080
f 4045 4081 4080
f 4045 4046 4081
f 4046 4082 4081
f 4046 4047 4082
f 4047 4083 4082
f 4047 4048 4083
f 4048 4084 4083
f 4048 4049 4084
f 4049 4085 4084
f 4049 4050 4085
f 4050 4086 4085
f 4050 4051 4086
f 4051 4087 4086
f 4051 4052 4087
f 4052 4088 4087
f 4052 4053 4088
f 4053 4089 4088
f 4053 4054 4089
f 4054 4090 4089
f 4054 4055 4090
f 4055 4091 4090
f 4055 4056 4091
f 4056 4092 4091
f 4056 4057 4092
f 4057 4093 4092
f 4057 4058 4093
f 4058 4094 4093
f 4058 4059 4094
f 4059 4095 4094
f 4059 4060 4095
f 4060 4096 4095
f 4060 4061 4096
f 4061 4097 4096
f 4061 4062 4097
f 4062 4098 4097
f 4062 4063 4098
f 4063 4099 4098
f 4063 4064 4099
f 4064 4100 4099
f 4064 4065 4100
f 4065 4101 4100
f 4065 4066 4101
f 4066 4102 4101
f 4066 4067 4102
f 4067 4103 4102
f 4067 4068 4103
f 4068 4104 4103
f 4068 4033 4104
f 4033 4069 4104
f 4069 4070 4105
f 4070 4106 4105
f 4070 4071 4106
f 4071 4107 4106
f 4071 4072 4107
f 4072 4108 4107
f 4072 4073 4108
f 4073 4109 4108
f 4073 4074 4109
f 4074 4110 4109
f 4074 4075 4110
f 4075 4111 4110
f 4075 4076 4111
f 4076 4112 4111
f 4076 4077 4112
f 4077 4113 4112
f 4077 4078 4113
f 4078 4114 4113
f 4078 4079 4114
f 4079 4115 4114
f 4079 4080 4115
f 4080 4116 4115
f 4080 4081 4116
f 4081 4117 4116
f 4081 4082 4117
f 4082 4118 4117
f 4082 4083 4118
f 4083 4119 4118
f 4083 4084 4119
f 4084 4120 4119
f 4084 4085 4120
f 4085 4121 4120
f 4085 4086 4121
f 4086 4122 4121
f 4086 4087 4122
f 4087 4123 4122
f 4087 4088 4123
f 4088 4124 4123
f 4088 4089 4124
f 4089 4125 4124
f 4089 4090 4125
f 4090 4126 4125
f 4090 4091 4126
f 4091 4127 4126
f 4091 4092 4127
f 4092 4128 4127
f 4092 4093 4128
f 4093 4129 4128
f 4093 4094 4129
f 4094 4130 4129
f 4094 4095 4130
f 4095 4131 4130
f 4095 4096 4131
f 4096 4132 4131
f 4096 4097 4132
f 4097 4133 4132
f 4097 4098 4133
f 4098 4134 4133
f 4098 4099 4134
f 4099 4135 4134
f 4099 4100 4135
f 4100 4136 4135
f 4100 4101 4136
f 4101 4137 4136
f 4101 4102 4137
f 4102 4138 4137
f 4102 4103 4138
f 4103 4139 4138
f 4103 4104 4139
f 4104 4140 4139
f 4104 4069 4140
f 4069 4105 4140
f 4105 4106 4141
f 4106 4142 4141
f 4106 4107 4142
f 4107 4143 4142
f 4107 4108 4143
f 4108 4144 4143
f 4108 4109 4144
f 4109 4145 4144
f 4109 4110 4145
f 4110 4146 4145
f 4110 4111 4146
f 4111 4147 4146
f 4111 4112 4147
f 4112 4148 4147
f 4112 4113 4148
f 4113 4149 4148
f 4113 4114 4149
f 4114 4150 4149
f 4114 4115 4150
f 4115 4151 4150
f 4115 4116 4151
f 4116 4152 4151
f 4116 4117 4152
f 4117 4153 4152
f 4117 4118 4153
f 4118 4154 4153
f 4118 4119 4154
f 4119 4155 4154
f 4119 4120 4155
f 4120 4156 4155
f 4120 4121 4156
f 4121 4157 4156
f 4121 4122 4157
f 4122 4158 4157
f 4122 4123 4158
f 4123 4159 4158
f 4123 4124 4159
f 4124 4160 4159
f 4124 4125 4160
f 4125 4161 4160
f 4125 4126 4161
f 4126 4162 4161
f 4126 4127 4162
f 4127 4163 4162
f 4127 4128 4163
f 4128 4164 4163
f 4128 4129 4164
f 4129 4165 4164
f 4129 4130 4165
f 4130 4166 4165
f 4130 4131 4166
f 4131 4167 4166
f 4131 4132 4167
f 4132 4168 4167
f 4132 4133 4168
f 4133 4169 4168
f 4133 4134 4169
f 4134 4170 4169
f 4134 4135 4170
f 4135 4171 4170
f 4135 4136 4171
f 4136 4172 4171
f 4136 4137 4172
f 4137 4173 4172
f 4137 4138 4173
f 4138 4174 4173
f 4138 4139 4174
f 4139 4175 4174
f 4139 4140 4175
f 4140 4176 4175
f 4140 4105 4176
f 4105 4141 4176
f 4141 4142 4177
f 4142 4178 4177
f 4142 4143 4178
f 4143 4179 4178
f 4143 4144 4179
f 4144 4180 4179
f 4144 4145 4180
f 4145 4181 4180
f 4145 4146 4181
f 4146 4182 4181
f 4146 4147 4182
f 4147 4183 4182
f 4147 4148 4183
f 4148 4184 4183
f 4148 4149 4184
f 4149 4185 4184
f 4149 4150 4185
f 4150 4186 4185
f 4150 4151 4186
f 4151 4187 4186
f 4151 4152 4187
f 4152 4188 4187
f 4152 4153 4188
f 4153 4189 4188
f 4153 4154 4189
f 4154 4190 4189
f 4154 4155 4190
f 4155 4191 4190
f 4155 4156 4191
f 4156 4192 4191
f 4156 4157 4192
f 4157 4193 4192
f 4157 4158 4193
f 4158 4194 4193
f 4158 4159 4194
f 4159 4195 4194
f 4159 4160 4195
f 4160 4196 4195
f 4160 4161 4196
f 4161 4197 4196
f 4161 4162 4197
f 4162 4198 4197
f 4162 4163 4198
f 4163 4199 4198
f 4163 4164 4199
f 4164 4200 4199
f 4164 4165 4200
f 4165 4201 4200
f 4165 4166 4201
f 4166 4202 4201
f 4166 4167 4202
f 4167 4203 4202
f 4167 4168 4203
f 4168 4204 4203
f 4168 4169 4204
f 4169 4205 4204
f 4169 4170 4205
f 4170 4206 4205
f 4170 4171 4206
f 4171 4207 4206
f 4171 4172 4207
f 4172 4208 4207
f 4172 4173 4208
f 4173 4209 4208
f 4173 4174 4209
f 4174 4210 4209
f 4174 4175 4210
f 4175 4211 4210
f 4175 4176 4211
f 4176 4212 4211
f 4176 4141 4212
f 4141 4177 4212
f 4177 4178 4213
f 4178 4214 4213
f 4178 4179 4214
f 4179 4215 4214
f 4179 4180 4215
f 4180 4216 4215
f 4180 4181 4216
f 4181 4217 4216
f 4181 4182 4217
f 4182 4218 4217
f 4182 4183 4218
f 4183 4219 4218
f 4183 4184 4219
f 4184 4220 4219
f 4184 4185 4220
f 4185 4221 4220
f 4185 4186 4221
f 4186 4222 4221
f 4186 4187 4222
f 4187 4223 4222
f 4187 4188 4223
f 4188 4224 4223
f 4188 4189 4224
f 4189 4225 4224
f 4189 4190 4225
f 4190 4226 4225
f 4190 4191 4226
f 4191 4227 4226
f 4191 4192 4227
f 4192 4228 4227
f 4192 4193 4228
f 4193 4229 4228
f 4193 4194 4229
f 4194 4230 4229
f 4194 4195 4230
f 4195 4231 4230
f 4195 4196 4231
f 4196 4232 4231
f 4196 4197 4232
f 4197 4233 4232
f 4197 4198 4233
f 4198 4234 4233
f 4198 4199 4234
f 4199 4235 4234
f 4199 4200 4235
f 4200 4236 4235
f 4200 4201 4236
f 4201 4237 4236
f 4201 4202 4237
f 4202 4238 4237
f 4202 4203 4238
f 4203 4239 4238
f 4203 4204 4239
f 4204 4240 4239
f 4204 4205 4240
f 4205 4241 4240
f 4205 4206 4241
f 4206 4242 4241
f 4206 4207 4242
f 4207 4243 4242
f 4207 4208 4243
f 4208 4244 4243
f 4208 4209 4244
f 4209 4245 4244
f 4209 4210 4245
f 4210 4246 4245
f 4210 4211 4246
f 4211 4247 4246
f 4211 4212 4247
f 4212 4248 4247
f 4212 4177 4248
f 4177 4213 4248
f 4213 4214 4249
f 4214 4250 4249
f 4214 4215 4250
f 4215 4251 4250
f 4215 4216 4251
f 4216 4252 4251
f 4216 4217 4252
f 4217 4253 4252
f 4217 4218 4253
f 4218 4254 4253
f 4218 4219 4254
f 4219 4255 4254
f 4219 4220 4255
f 4220 4256 4255
f 4220 4221 4256
f 4221 4257 4256
f 4221 4222 4257
f 4222 4258 4257
f 4222 4223 4258
f 4223 4259 4258
f 4223 4224 4259
f 4224 4260 4259
f 4224 4225 4260
f 4225 4261 4260
f 4225 4226 4261
f 4226 4262 4261
f 4226 4227 4262
f 4227 4263 4262
f 4227 4228 4263
f 4228 4264 4263
f 4228 4229 4264
f 4229 4265 4264
f 4229 4230 4265
f 4230 4266 4265
f 4230 4231 4266
f 4231 4267 4266
f 4231 4232 4267
f 4232 4268 4267
f 4232 4233 4268
f 4233 4269 4268
f 4233 4234 4269
f 4234 4270 4269
f 4234 4235 4270
f 4235 4271 4270
f 4235 4236 4271
f 4236 4272 4271
f 4236 4237 4272
f 4237 4273 4272
f 4237 4238 4273
f 4238 4274 4273
f 4238 4239 4274
f 4239 4275 4274
f 4239 4240 4275
f 4240 4276 4275
f 4240 4241 4276
f 4241 4277 4276
f 4241 4242 4277
f 4242 4278 4277
f 4242 4243 4278
f 4243 4279 4278
f 4243 4244 4279
f 4244 4280 4279
f 4244 4245 4280
f 4245 4281 4280
f 4245 4246 4281
f 4246 4282 4281
f 4246 4247 4282
f 4247 4283 4282
f 4247 4248 4283
f 4248 4284 4283
f 4248 4213 4284
f 4213 4249 4284
f 4249 4250 4285
f 4250 4286 4285
f 4250 4251 4286
f 4251 4287 4286
f 4251 4252 4287
f 4252 4288 4287
f 4252 4253 4288
f 4253 4289 4288
f 4253 4254 4289
f 4254 4290 4289
f 4254 4255 4290
f 4255 4291 4290
f 4255 4256 4291
f 4256 4292 4291
f 4256 4257 4292
f 4257 4293 4292
f 4257 4258 4293
f 4258 4294 4293
f 4258 4259 4294
f 4259 4295 4294
f 4259 4260 4295
f 4260 4296 4295
f 4260 4261 4296
f 4261 4297 4296
f 4261 4262 4297
f 4262 4298 4297
f 4262 4263 4298
f 4263 4299 4298
f 4263 4264 4299
f 4264 4300 4299
f 4264 4265 4300
f 4265 4301 4300
f 4265 4266 4301
f 4266 4302 4301
f 4266 4267 4302
f 4267 4303 4302
f 4267 4268 4303
f 4268 4304 4303
f 4268 4269 4304
f 4269 4305 4304
f 4269 4270 4305
f 4270 4306 4305
f 4270 4271 4306
f 4271 4307 4306
f 4271 4272 4307
f 4272 4308 4307
f 4272 4273 4308
f 4273 4309 4308
f 4273 4274 4309
f 4274 4310 4309
f 4274 4275 4310
f 4275 4311 4310
f 4275 4276 4311
f 4276 4312 4311
f 4276 4277 4312
f 4277 4313 4312
f 4277 4278 4313
f 4278 4314 4313
f 4278 4279 4314
f 4279 4315 4314
f 4279 4280 4315
f 4280 4316 4315
f 4280 4281 4316
f 4281 4317 4316
f 4281 4282 4317
f 4282 4318 4317
f 4282 4283 4318
f 4283 4319 4318
f 4283 4284 4319
f 4284 4320 4319
f 4284 4249 4320
f 4249 4285 4320
f 4285 4286 4321
f 4286 4322 4321
f 4286 4287 4322
f 4287 4323 4322
f 4287 4288 4323
f 4288 4324 4323
f 4288 4289 4324
f 4289 4325 4324
f 4289 4290 4325
f 4290 4326 4325
f 4290 4291 4326
f 4291 4327 4326
f 4291 4292 4327
f 4292 4328 4327
f 4292 4293 4328
f 4293 4329 4328
f 4293 4294 4329
f 4294 4330 4329
f 4294 4295 4330
f 4295 4331 4330
f 4295 4296 4331
f 4296 4332 4331
f 4296 4297 4332
f 4297 4333 4332
f 4297 4298 4333
f 4298 4334 4333
f 4298 4299 4334
f 4299 4335 4334
f 4299 4300 4335
f 4300 4336 4335
f 4300 4301 4336
f 4301 4337 4336
f 4301 4302 4337
f 4302 4338 4337
f 4302 4303 4338
f 4303 4339 4338
f 4303 4304 4339
f 4304 4340 4339
f 4304 4305 4340
f 4305 4341 4340
f 4305 4306 4341
f 4306 4342 4341
f 4306 4307 4342
f 4307 4343 4342
f 4307 4308 4343
f 4308 4344 4343
f 4308 4309 4344
f 4309 4345 4344
f 4309 4310 4345
f 4310 4346 4345
f 4310 4311 4346
f 4311 4347 4346
f 4311 4312 4347
f 4312 4348 4347
f 4312 4313 4348
f 4313 4349 4348
f 4313 4314 4349
f 4314 4350 4349
f 4314 4315 4350
f 4315 4351 4350
f 4315 4316 4351
f 4316 4352 4351
f 4316 4317 4352
f 4317 4353 4352
f 4317 4318 4353
f 4318 4354 4353
f 4318 4319 4354
f 4319 4355 4354
f 4319 4320 4355
f 4320 4356 4355
f 4320 4285 4356
f 4285 4321 4356
f 4321 4322 4357
f 4322 4358 4357
f 4322 4323 4358
f 4323 4359 4358
f 4323 4324 4359
f 4324 4360 4359
f 4324 4325 4360
f 4325 4361 4360
f 4325 4326 4361
f 4326 4362 4361
f 4326 4327 4362
f 4327 4363 4362
f 4327 4328 4363
f 4328 4364 4363
f 4328 4329 4364
f 4329 4365 4364
f 4329 4330 4365
f 4330 4366 4365
f 4330 4331 4366
f 4331 4367 4366
f 4331 4332 4367
f 4332 4368 4367
f 4332 4333 4368
f 4333 4369 4368
f 4333 4334 4369
f 4334 4370 4369
f 4334 4335 4370
f 4335 4371 4370
f 4335 4336 4371
f 4336 4372 4371
f 4336 4337 4372
f 4337 4373 4372
f 4337 4338 4373
f 4338 4374 4373
f 4338 4339 4374
f 4339 4375 4374
f 4339 4340 4375
f 4340 4376 4375
f 4340 4341 4376
f 4341 4377 4376
f 4341 4342 4377
f 4342 4378 4377
f 4342 4343 4378
f 4343 4379 4378
f 4343 4344 4379
f 4344 4380 4379
f 4344 4345 4380
f 4345 4381 4380
f 4345 4346 4381
f 4346 4382 4381
f 4346 4347 4382
f 4347 4383 4382
f 4347 4348 4383
f 4348 4384 4383
f 4348 4349 4384
f 4349 4385 4384
f 4349 4350 4385
f 4350 4386 4385
f 4350 4351 4386
f 4351 4387 4386
f 4351 4352 4387
f 4352 4388 4387
f 4352 4353 4388
f 4353 4389 4388
f 4353 4354 4389
f 4354 4390 4389
f 4354 4355 4390
f 4355 4391 4390
f 4355 4356 4391
f 4356 4392 4391
f 4356 4321 4392
f 4321 4357 4392
f 4357 4358 4393
f 4358 4394 4393
f 4358 4359 4394
f 4359 4395 4394
f 4359 4360 4395
f 4360 4396 4395
f 4360 4361 4396
f 4361 4397 4396
f 4361 4362 4397
f 4362 4398 4397
f 4362 4363 4398
f 4363 4399 4398
f 4363 4364 4399
f 4364 4400 4399
f 4364 4365 4400
f 4365 4401 4400
f 4365 4366 4401
f 4366 4402 4401
f 4366 4367 4402
f 4367 4403 4402
f 4367 4368 4403
f 4368 4404 4403
f 4368 4369 4404
f 4369 4405 4404
f 4369 4370 4405
f 4370 4406 4405
f 4370 4371 4406
f 4371 4407 4406
f 4371 4372 4407
f 4372 4408 4407
f 4372 4373 4408
f 4373 4409 4408
f 4373 4374 4409
f 4374 4410 4409
f 4374 4375 4410
f 4375 4411 4410
f 4375 4376 4411
f 4376 4412 4411
f 4376 4377 4412
f 4377 4413 4412
f 4377 4378 4413
f 4378 4414 4413
f 4378 4379 4414
f 4379 4415 4414
f 4379 4380 4415
f 4380 4416 4415
f 4380 4381 4416
f 4381 4417 4416
f 4381 4382 4417
f 4382 4418 4417
f 4382 4383 4418
f 4383 4419 4418
f 4383 4384 4419
f 4384 4420 4419
f 4384 4385 4420
f 4385 4421 4420
f 4385 4386 4421
f 4386 4422 4421
f 4386 4387 4422
f 4387 4423 4422
f 4387 4388 4423
f 4388 4424 4423
f 4388 4389 4424
f 4389 4425 4424
f 4389 4390 4425
f 4390 4426 4425
f 4390 4391 4426
f 4391 4427 4426
f 4391 4392 4427
f 4392 4428 4427
f 4392 4357 4428
f 4357 4393 4428
f 4393 4394 4429
f 4394 4430 4429
f 4394 4395 4430
f 4395 4431 4430
f 4395 4396 4431
f 4396 4432 4431
f 4396 4397 4432
f 4397 4433 4432
f 4397 4398 4433
f 4398 4434 4433
f 4398 4399 4434
f 4399 4435 4434
f 4399 4400 4435
f 4400 4436 4435
f 4400 4401 4436
f 4401 4437 4436
f 4401 4402 4437
f 4402 4438 4437
f 4402 4403 4438
f 4403 4439 4438
f 4403 4404 4439
f 4404 4440 4439
f 4404 4405 4440
f 4405 4441 4440
f 4405 4406 4441
f 4406 4442 4441
f 4406 4407 4442
f 4407 4443 4442
f 4407 4408 4443
f 4408 4444 4443
f 4408 4409 4444
f 4409 4445 4444
f 4409 4410 4445
f 4410 4446 4445
f 4410 4411 4446
f 4411 4447 4446
f 4411 4412 4447
f 4412 4448 4447
f 4412 4413 4448
f 4413 4449 4448
f 4413 4414 4449
f 4414 4450 4449
f 4414 4415 4450
f 4415 4451 4450
f 4415 4416 4451
f 4416 4452 4451
f 4416 4417 4452
f 4417 4453 4452
f 4417 4418 4453
f 4418 4454 4453
f 4418 4419 4454
f 4419 4455 4454
f 4419 4420 4455
f 4420 4456 4455
f 4420 4421 4456
f 4421 4457 4456
f 4421 4422 4457
f 4422 4458 4457
f 4422 4423 4458
f 4423 4459 4458
f 4423 4424 4459
f 4424 4460 4459
f 4424 4425 4460
f 4425 4461 4460
f 4425 4426 4461
f 4426 4462 4461
f 4426 4427 4462
f 4427 4463 4462
f 4427 4428 4463
f 4428 4464 4463
f 4428 4393 4464
f 4393 4429 4464
f 4429 4430 4465
f 4430 4466 4465
f 4430 4431 4466
f 4431 4467 4466
f 4431 4432 4467
f 4432 4468 4467
f 4432 4433 4468
f 4433 4469 4468
f 4433 4434 4469
f 4434 4470 4469
f 4434 4435 4470
f 4435 4471 4470
f 4435 4436 4471
f 4436 4472 4471
f 4436 4437 4472
f 4437 4473 4472
f 4437 4438 4473
f 4438 4474 4473
f 4438 4439 4474
f 4439 4475 4474
f 4439 4440 4475
f 4440 4476 4475
f 4440 4441 4476
f 4441 4477 4476
f 4441 4442 4477
f 4442 4478 4477
f 4442 4443 4478
f 4443 4479 4478
f 4443 4444 4479
f 4444 4480 4479
f 4444 4445 4480
f 4445 4481 4480
f 4445 4446 4481
f 4446 4482 4481
f 4446 4447 4482
f 4447 4483 4482
f 4447 4448 4483
f 4448 4484 4483
f 4448 4449 4484
f 4449 4485 4484
f 4449 4450 4485
f 4450 4486 4485
f 4450 4451 4486
f 4451 4487 4486
f 4451 4452 4487
f 4452 4488 4487
f 4452 4453 4488
f 4453 4489 4488
f 4453 4454 4489
f 4454 4490 4489
f 4454 4455 4490
f 4455 4491 4490
f 4455 4456 4491
f 4456 4492 4491
f 4456 4457 4492
f 4457 4493 4492
f 4457 4458 4493
f 4458 4494 4493
f 4458 4459 4494
f 4459 4495 4494
f 4459 4460 4495
f 4460 4496 4495
f 4460 4461 4496
f 4461 4497 4496
f 4461 4462 4497
f 4462 4498 4497
f 4462 4463 4498
f 4463 4499 4498
f 4463 4464 4499
f 4464 4500 4499
f 4464 4429 4500
f 4429 4465 4500
f 4465 4466 4501
f 4466 4502 4501
f 4466 4467 4502
f 4467 4503 4502
f 4467 4468 4503
f 4468 4504 4503
f 4468 4469 4504
f 4469 4505 4504
f 4469 4470 4505
f 4470 4506 4505
f 4470 4471 4506
f 4471 4507 4506
f 4471 4472 4507
f 4472 4508 4507
f 4472 4473 4508
f 4473 4509 4508
f 4473 4474 4509
f 4474 4510 4509
f 4474 4475 4510
f 4475 4511 4510
f 4475 4476 4511
f 4476 4512 4511
f 4476 4477 4512
f 4477 4513 4512
f 4477 4478 4513
f 4478 4514 4513
f 4478 4479 4514
f 4479 4515 4514
f 4479 4480 4515
f 4480 4516 4515
f 4480 4481 4516
f 4481 4517 4516
f 4481 4482 4517
f 4482 4518 4517
f 4482 4483 4518
f 4483 4519 4518
f 4483 4484 4519
f 4484 4520 4519
f 4484 4485 4520
f 4485 4521 4520
f 4485 4486 4521
f 4486 4522 4521
f 4486 4487 4522
f 4487 4523 4522
f 4487 4488 4523
f 4488 4524 4523
f 4488 4489 4524
f 4489 4525 4524
f 4489 4490 4525
f 4490 4526 4525
f 4490 4491 4526
f 4491 4527 4526
f 4491 4492 4527
f 4492 4528 4527
f 4492 4493 4528
f 4493 4529 4528
f 4493 4494 4529
f 4494 4530 4529
f 4494 4495 4530
f 4495 4531 4530
f 4495 4496 4531
f 4496 4532 4531
f 4496 4497 4532
f 4497 4533 4532
f 4497 4498 4533
f 4498 4534 4533
f 4498 4499 4534
f 4499 4535 4534
f 4499 4500 4535
f 4500 4536 4535
f 4500 4465 4536
f 4465 4501 4536
f 4501 4502 4537
f 4502 4538 4537
f 4502 4503 4538
f 4503 4539 4538
f 4503 4504 4539
f 4504 4540 4539
f 4504 4505 4540
f 4505 4541 4540
f 4505 4506 4541
f 4506 4542 4541
f 4506 4507 4542
f 4507 4543 4542
f 4507 4508 4543
f 4508 4544 4543
f 4508 4509 4544
f 4509 4545 4544
f 4509 4510 4545
f 4510 4546 4545
f 4510 4511 4546
f 4511 4547 4546
f 4511 4512 4547
f 4512 4548 4547
f 4512 4513 4548
f 4513 4549 4548
f 4513 4514 4549
f 4514 4550 4549
f 4514 4515 4550
f 4515 4551 4550
f 4515 4516 4551
f 4516 4552 4551
f 4516 4517 4552
f 4517 4553 4552
f 4517 4518 4553
f 4518 4554 4553
f 4518 4519 4554
f 4519 4555 4554
f 4519 4520 4555
f 4520 4556 4555
f 4520 4521 4556
f 4521 4557 4556
f 4521 4522 4557
f 4522 4558 4557
f 4522 4523 4558
f 4523 4559 4558
f 4523 4524 4559
f 4524 4560 4559
f 4524 4525 4560
f 4525 4561 4560
f 4525 4526 4561
f 4526 4562 4561
f 4526 4527 4562
f 4527 4563 4562
f 4527 4528 4563
f 4528 4564 4563
f 4528 4529 4564
f 4529 4565 4564
f 4529 4530 4565
f 4530 4566 4565
f 4530 4531 4566
f 4531 4567 4566
f 4531 4532 4567
f 4532 4568 4567
f 4532 4533 4568
f 4533 4569 4568
f 4533 4534 4569
f 4534 4570 4569
f 4534 4535 4570
f 4535 4571 4570
f 4535 4536 4571
f 4536 4572 4571
f 4536 4501 4572
f 4501 4537 4572
f 4537 4538 4573
f 4538 4574 4573
f 4538 4539 4574
f 4539 4575 4574
f 4539 4540 4575
f 4540 4576 4575
f 4540 4541 4576
f 4541 4577 4576
f 4541 4542 4577
f 4542 4578 4577
f 4542 4543 4578
f 4543 4579 4578
f 4543 4544 4579
f 4544 4580 4579
f 4544 4545 4580
f 4545 4581 4580
f 4545 4546 4581
f 4546 4582 4581
f 4546 4547 4582
f 4547 4583 4582
f 4547 4548 4583
f 4548 4584 4583
f 4548 4549 4584
f 4549 4585 4584
f 4549 4550 4585
f 4550 4586 4585
f 4550 4551 4586
f 4551 4587 4586
f 4551 4552 4587
f 4552 4588 4587
f 4552 4553 4588
f 4553 4589 4588
f 4553 4554 4589
f 4554 4590 4589
f 4554 4555 4590
f 4555 4591 4590
f 4555 4556 4591
f 4556 4592 4591
f 4556 4557 4592
f 4557 4593 4592
f 4557 4558 4593
f 4558 4594 4593
f 4558 4559 4594
f 4559 4595 4594
f 4559 4560 4595
f 4560 4596 4595
f 4560 4561 4596
f 4561 4597 4596
f 4561 4562 4597
f 4562 4598 4597
f 4562 4563 4598
f 4563 4599 4598
f 4563 4564 4599
f 4564 4600 4599
f 4564 4565 4600
f 4565 4601 4600
f 4565 4566 4601
f 4566 4602 4601
f 4566 4567 4602
f 4567 4603 4602
f 4567 4568 4603
f 4568 4604 4603
f 4568 4569 4604
f 4569 4605 4604
f 4569 4570 4605
f 4570 4606 4605
f 4570 4571 4606
f 4571 4607 4606
f 4571 4572 4607
f 4572 4608 4607
f 4572 4537 4608
f 4537 4573 4608
f 4573 4574 4609
f 4574 4610 4609
f 4574 4575 4610
f 4575 4611 4610
f 4575 4576 4611
f 4576 4612 4611
f 4576 4577 4612
f 4577 4613 4612
f 4577 4578 4613
f 4578 4614 4613
f 4578 4579 4614
f 4579 4615 4614
f 4579 4580 4615
f 4580 4616 4615
f 4580 4581 4616
f 4581 4617 4616
f 4581 4582 4617
f 4582 4618 4617
f 4582 4583 4618
f 4583 4619 4618
f 4583 4584 4619
f 4584 4620 4619
f 4584 4585 4620
f 4585 4621 4620
f 4585 4586 4621
f 4586 4622 4621
f 4586 4587 4622
f 4587 4623 4622
f 4587 4588 4623
f 4588 4624 4623
f 4588 4589 4624
f 4589 4625 4624
f 4589 4590 4625
f 4590 4626 4625
f 4590 4591 4626
f 4591 4627 4626
f 4591 4592 4627
f 4592 4628 4627
f 4592 4593 4628
f 4593 4629 4628
f 4593 4594 4629
f 4594 4630 4629
f 4594 4595 4630
f 4595 4631 4630
f 4595 4596 4631
f 4596 4632 4631
f 4596 4597 4632
f 4597 4633 4632
f 4597 4598 4633
f 4598 4634 4633
f 4598 4599 4634
f 4599 4635 4634
f 4599 4600 4635
f 4600 4636 4635
f 4600 4601 4636
f 4601 4637 4636
f 4601 4602 4637
f 4602 4638 4637
f 4602 4603 4638
f 4603 4639 4638
f 4603 4604 4639
f 4604 4640 4639
f 4604 4605 4640
f 4605 4641 4640
f 4605 4606 4641
f 4606 4642 4641
f 4606 4607 4642
f 4607 4643 4642
f 4607 4608 4643
f 4608 4644 4643
f 4608 4573 4644
f 4573 4609 4644
f 4609 4610 4645
f 4610 4646 4645
f 4610 4611 4646
f 4611 4647 4646
f 4611 4612 4647
f 4612 4648 4647
f 4612 4613 4648
f 4613 4649 4648
f 4613 4614 4649
f 4614 4650 4649
f 4614 4615 4650
f 4615 4651 4650
f 4615 4616 4651
f 4616 4652 4651
f 4616 4617 4652
f 4617 4653 4652
f 4617 4618 4653
f 4618 4654 4653
f 4618 4619 4654
f 4619 4655 4654
f 4619 4620 4655
f 4620 4656 4655
f 4620 4621 4656
f 4621 4657 4656
f 4621 4622 4657
f 4622 4658 4657
f 4622 4623 4658
f 4623 4659 4658
f 4623 4624 4659
f 4624 4660 4659
f 4624 4625 4660
f 4625 4661 4660
f 4625 4626 4661
f 4626 4662 4661
f 4626 4627 4662
f 4627 4663 4662
f 4627 4628 4663
f 4628 4664 4663
f 4628 4629 4664
f 4629 4665 4664
f 4629 4630 4665
f 4630 4666 4665
f 4630 4631 4666
f 4631 4667 4666
f 4631 4632 4667
f 4632 4668 4667
f 4632 4633 4668
f 4633 4669 4668
f 4633 4634 4669
f 4634 4670 4669
f 4634 4635 4670
f 4635 4671 4670
f 4635 4636 4671
f 4636 4672 4671
f 4636 4637 4672
f 4637 4673 4672
f 4637 4638 4673
f 4638 4674 4673
f 4638 4639 4674
f 4639 4675 4674
f 4639 4640 4675
f 4640 4676 4675
f 4640 4641 4676
f 4641 4677 4676
f 4641 4642 4677
f 4642 4678 4677
f 4642 4643 4678
f 4643 4679 4678
f 4643 4644 4679
f 4644 4680 4679
f 4644 4609 4680
f 4609 4645 4680
f 4645 4646 4681
f 4646 4682 4681
f 4646 4647 4682
f 4647 4683 4682
f 4647 4648 4683
f 4648 4684 4683
f 4648 4649 4684
f 4649 4685 4684
f 4649 4650 4685
f 4650 4686 4685
f 4650 4651 4686
f 4651 4687 4686
f 4651 4652 4687
f 4652 4688 4687
f 4652 4653 4688
f 4653 4689 4688
f 4653 4654 4689
f 4654 4690 4689
f 4654 4655 4690
f 4655 4691 4690
f 4655 4656 4691
f 4656 4692 4691
f 4656 4657 4692
f 4657 4693 4692
f 4657 4658 4693
f 4658 4694 4693
f 4658 4659 4694
f 4659 4695 4694
f 4659 4660 4695
f 4660 4696 4695
f 4660 4661 4696
f 4661 4697 4696
f 4661 4662 4697
f 4662 4698 4697
f 4662 4663 4698
f 4663 4699 4698
f 4663 4664 4699
f 4664 4700 4699
f 4664 4665 4700
f 4665 4701 4700
f 4665 4666 4701
f 4666 4702 4701
f 4666 4667 4702
f 4667 4703 4702
f 4667 4668 4703
f 4668 4704 4703
f 4668 4669 4704
f 4669 4705 4704
f 4669 4670 4705
f 4670 4706 4705
f 4670 4671 4706
f 4671 4707 4706
f 4671 4672 4707
f 4672 4708 4707
f 4672 4673 4708
f 4673 4709 4708
f 4673 4674 4709
f 4674 4710 4709
f 4674 4675 4710
f 4675 4711 4710
f 4675 4676 4711
f 4676 4712 4711
f 4676 4677 4712
f 4677 4713 4712
f 4677 4678 4713
f 4678 4714 4713
f 4678 4679 4714
f 4679 4715 4714
f 4679 4680 4715
f 4680 4716 4715
f 4680 4645 4716
f 4645 4681 4716
f 4681 4682 4717
f 4682 4718 4717
f 4682 4683 4718
f 4683 4719 4718
f 4683 4684 4719
f 4684 4720 4719
f 4684 4685 4720
f 4685 4721 4720
f 4685 4686 4721
f 4686 4722 4721
f 4686 4687 4722
f 4687 4723 4722
f 4687 4688 4723
f 4688 4724 4723
f 4688 4689 4724
f 4689 4725 4724
f 4689 4690 4725
f 4690 4726 4725
f 4690 4691 4726
f 4691 4727 4726
f 4691 4692 4727
f 4692 4728 4727
f 4692 4693 4728
f 4693 4729 4728
f 4693 4694 4729
f 4694 4730 4729
f 4694 4695 4730
f 4695 4731 4730
f 4695 4696 4731
f 4696 4732 4731
f 4696 4697 4732
f 4697 4733 4732
f 4697 4698 4733
f 4698 4734 4733
f 4698 4699 4734
f 4699 4735 4734
f 4699 4700 4735
f 4700 4736 4735
f 4700 4701 4736
f 4701 4737 4736
f 4701 4702 4737
f 4702 4738 4737
f 4702 4703 4738
f 4703 4739 4738
f 4703 4704 4739
f 4704 4740 4739
f 4704 4705 4740
f 4705 4741 4740
f 4705 4706 4741
f 4706 4742 4741
f 4706 4707 4742
f 4707 4743 4742
f 4707 4708 4743
f 4708 4744 4743
f 4708 4709 4744
f 4709 4745 4744
f 4709 4710 4745
f 4710 4746 4745
f 4710 4711 4746
f 4711 4747 4746
f 4711 4712 4747
f 4712 4748 4747
f 4712 4713 4748
f 4713 4749 4748
f 4713 4714 4749
f 4714 4750 4749
f 4714 4715 4750
f 4715 4751 4750
f 4715 4716 4751
f 4716 4752 4751
f 4716 4681 4752
f 4681 4717 4752
f 4717 4718 4753
f 4718 4754 4753
f 4718 4719 4754
f 4719 4755 4754
f 4719 4720 4755
f 4720 4756 4755
f 4720 4721 4756
f 4721 4757 4756
f 4721 4722 4757
f 4722 4758 4757
f 4722 4723 4758
f 4723 4759 4758
f 4723 4724 4759
f 4724 4760 4759
f 4724 4725 4760
f 4725 4761 4760
f 4725 4726 4761
f 4726 4762 4761
f 4726 4727 4762
f 4727 4763 4762
f 4727 4728 4763
f 4728 4764 4763
f 4728 4729 4764
f 4729 4765 4764
f 4729 4730 4765
f 4730 4766 4765
f 4730 4731 4766
f 4731 4767 4766
f 4731 4732 4767
f 4732 4768 4767
f 4732 4733 4768
f 4733 4769 4768
f 4733 4734 4769
f 4734 4770 4769
f 4734 4735 4770
f 4735 4771 4770
f 4735 4736 4771
f 4736 4772 4771
f 4736 4737 4772
f 4737 4773 4772
f 4737 4738 4773
f 4738 4774 4773
f 4738 4739 4774
f 4739 4775 4774
f 4739 4740 4775
f 4740 4776 4775
f 4740 4741 4776
f 4741 4777 4776
f 4741 4742 4777
f 4742 4778 4777
f 4742 4743 4778
f 4743 4779 4778
f 4743 4744 4779
f 4744 4780 4779
f 4744 4745 4780
f 4745 4781 4780
f 4745 4746 4781
f 4746 4782 4781
f 4746 4747 4782
f 4747 4783 4782
f 4747 4748 4783
f 4748 4784 4783
f 4748 4749 4784
f 4749 4785 4784
f 4749 4750 4785
f 4750 4786 4785
f 4750 4751 4786
f 4751 4787 4786
f 4751 4752 4787
f 4752 4788 4787
f 4752 4717 4788
f 4717 4753 4788
f 4753 4754 4789
f 4754 4790 4789
f 4754 4755 4790
f 4755 4791 4790
f 4755 4756 4791
f 4756 4792 4791
f 4756 4757 4792
f 4757 4793 4792
f 4757 4758 4793
f 4758 4794 4793
f 4758 4759 4794
f 4759 4795 4794
f 4759 4760 4795
f 4760 4796 4795
f 4760 4761 4796
f 4761 4797 4796
f 4761 4762 4797
f 4762 4798 4797
f 4762 4763 4798
f 4763 4799 4798
f 4763 4764 4799
f 4764 4800 4799
f 4764 4765 4800
f 4765 4801 4800
f 4765 4766 4801
f 4766 4802 4801
f 4766 4767 4802
f 4767 4803 4802
f 4767 4768 4803
f 4768 4804 4803
f 4768 4769 4804
f 4769 4805 4804
f 4769 4770 4805
f 4770 4806 4805
f 4770 4771 4806
f 4771 4807 4806
f 4771 4772 4807
f 4772 4808 4807
f 4772 4773 4808
f 4773 4809 4808
f 4773 4774 4809
f 4774 4810 4809
f 4774 4775 4810
f 4775 4811 4810
f 4775 4776 4811
f 4776 4812 4811
f 4776 4777 4812
f 4777 4813 4812
f 4777 4778 4813
f 4778 4814 4813
f 4778 4779 4814
f 4779 4815 4814
f 4779 4780 4815
f 4780 4816 4815
f 4780 4781 4816
f 4781 4817 4816
f 4781 4782 4817
f 4782 4818 4817
f 4782 4783 4818
f 4783 4819 4818
f 4783 4784 4819
f 4784 4820 4819
f 4784 4785 4820
f 4785 4821 4820
f 4785 4786 4821
f 4786 4822 4821
f 4786 4787 4822
f 4787 4823 4822
f 4787 4788 4823
f 4788 4824 4823
f 4788 4753 4824
f 4753 4789 4824
f 4789 4790 4825
f 4790 4826 4825
f 4790 4791 4826
f 4791 4827 4826
f 4791 4792 4827
f 4792 4828 4827
f 4792 4793 4828
f 4793 4829 4828
f 4793 4794 4829
f 4794 4830 4829
f 4794 4795 4830
f 4795 4831 4830
f 4795 4796 4831
f 4796 4832 4831
f 4796 4797 4832
f 4797 4833 4832
f 4797 4798 4833
f 4798 4834 4833
f 4798 4799 4834
f 4799 4835 4834
f 4799 4800 4835
f 4800 4836 4835
f 4800 4801 4836
f 4801 4837 4836
f 4801 4802 4837
f 4802 4838 4837
f 4802 4803 4838
f 4803 4839 4838
f 4803 4804 4839
f 4804 4840 4839
f 4804 4805 4840
f 4805 4841 4840
f 4805 4806 4841
f 4806 4842 4841
f 4806 4807 4842
f 4807 4843 4842
f 4807 4808 4843
f 4808 4844 4843
f 4808 4809 4844
f 4809 4845 4844
f 4809 4810 4845
f 4810 4846 4845
f 4810 4811 4846
f 4811 4847 4846
f 4811 4812 4847
f 4812 4848 4847
f 4812 4813 4848
f 4813 4849 4848
f 4813 4814 4849
f 4814 4850 4849
f 4814 4815 4850
f 4815 4851 4850
f 4815 4816 4851
f 4816 4852 4851
f 4816 4817 4852
f 4817 4853 4852
f 4817 4818 4853
f 4818 4854 4853
f 4818 4819 4854
f 4819 4855 4854
f 4819 4820 4855
f 4820 4856 4855
f 4820 4821 4856
f 4821 4857 4856
f 4821 4822 4857
f 4822 4858 4857
f 4822 4823 4858
f 4823 4859 4858
f 4823 4824 4859
f 4824 4860 4859
f 4824 4789 4860
f 4789 4825 4860
f 4825 4826 4861
f 4826 4862 4861
f 4826 4827 4862
f 4827 4863 4862
f 4827 4828 4863
f 4828 4864 4863
f 4828 4829 4864
f 4829 4865 4864
f 4829 4830 4865
f 4830 4866 4865
f 4830 4831 4866
f 4831 4867 4866
f 4831 4832 4867
f 4832 4868 4867
f 4832 4833 4868
f 4833 4869 4868
f 4833 4834 4869
f 4834 4870 4869
f 4834 4835 4870
f 4835 4871 4870
f 4835 4836 4871
f 4836 4872 4871
f 4836 4837 4872
f 4837 4873 4872
f 4837 4838 4873
f 4838 4874 4873
f 4838 4839 4874
f 4839 4875 4874
f 4839 4840 4875
f 4840 4876 4875
f 4840 4841 4876
f 4841 4877 4876
f 4841 4842 4877
f 4842 4878 4877
f 4842 4843 4878
f 4843 4879 4878
f 4843 4844 4879
f 4844 4880 4879
f 4844 4845 4880
f 4845 4881 4880
f 4845 4846 4881
f 4846 4882 4881
f 4846 4847 4882
f 4847 4883 4882
f 4847 4848 4883
f 4848 4884 4883
f 4848 4849 4884
f 4849 4885 4884
f 4849 4850 4885
f 4850 4886 4885
f 4850 4851 4886
f 4851 4887 4886
f 4851 4852 4887
f 4852 4888 4887
f 4852 4853 4888
f 4853 4889 4888
f 4853 4854 4889
f 4854 4890 4889
f 4854 4855 4890
f 4855 4891 4890
f 4855 4856 4891
f 4856 4892 4891
f 4856 4857 4892
f 4857 4893 4892
f 4857 4858 4893
f 4858 4894 4893
f 4858 4859 4894
f 4859 4895 4894
f 4859 4860 4895
f 4860 4896 4895
f 4860 4825 4896
f 4825 4861 4896
f 4861 4862 4897
f 4862 4898 4897
f 4862 4863 4898
f 4863 4899 4898
f 4863 4864 4899
f 4864 4900 4899
f 4864 4865 4900
f 4865 4901 4900
f 4865 4866 4901
f 4866 4902 4901
f 4866 4867 4902
f 4867 4903 4902
f 4867 4868 4903
f 4868 4904 4903
f 4868 4869 4904
f 4869 4905 4904
f 4869 4870 4905
f 4870 4906 4905
f 4870 4871 4906
f 4871 4907 4906
f 4871 4872 4907
f 4872 4908 4907
f 4872 4873 4908
f 4873 4909 4908
f 4873 4874 4909
f 4874 4910 4909
f 4874 4875 4910
f 4875 4911 4910
f 4875 4876 4911
f 4876 4912 4911
f 4876 4877 4912
f 4877 4913 4912
f 4877 4878 4913
f 4878 4914 4913
f 4878 4879 4914
f 4879 4915 4914
f 4879 4880 4915
f 4880 4916 4915
f 4880 4881 4916
f 4881 4917 4916
f 4881 4882 4917
f 4882 4918 4917
f 4882 4883 4918
f 4883 4919 4918
f 4883 4884 4919
f 4884 4920 4919
f 4884 4885 4920
f 4885 4921 4920
f 4885 4886 4921
f 4886 4922 4921
f 4886 4887 4922
f 4887 4923 4922
f 4887 4888 4923
f 4888 4924 4923
f 4888 4889 4924
f 4889 4925 4924
f 4889 4890 4925
f 4890 4926 4925
f 4890 4891 4926
f 4891 4927 4926
f 4891 4892 4927
f 4892 4928 4927
f 4892 4893 4928
f 4893 4929 4928
f 4893 4894 4929
f 4894 4930 4929
f 4894 4895 4930
f 4895 4931 4930
f 4895 4896 4931
f 4896 4932 4931
f 4896 4861 4932
f 4861 4897 4932
f 4897 4898 4933
f 4898 4934 4933
f 4898 4899 4934
f 4899 4935 4934
f 4899 4900 4935
f 4900 4936 4935
f 4900 4901 4936
f 4901 4937 4936
f 4901 4902 4937
f 4902 4938 4937
f 4902 4903 4938
f 4903 4939 4938
f 4903 4904 4939
f 4904 4940 4939
f 4904 4905 4940
f 4905 4941 4940
f 4905 4906 4941
f 4906 4942 4941
f 4906 4907 4942
f 4907 4943 4942
f 4907 4908 4943
f 4908 4944 4943
f 4908 4909 4944
f 4909 4945 4944
f 4909 4910 4945
f 4910 4946 4945
f 4910 4911 4946
f 4911 4947 4946
f 4911 4912 4947
f 4912 4948 4947
f 4912 4913 4948
f 4913 4949 4948
f 4913 4914 4949
f 4914 4950 4949
f 4914 4915 4950
f 4915 4951 4950
f 4915 4916 4951
f 4916 4952 4951
f 4916 4917 4952
f 4917 4953 4952
f 4917 4918 4953
f 4918 4954 4953
f 4918 4919 4954
f 4919 4955 4954
f 4919 4920 4955
f 4920 4956 4955
f 4920 4921 4956
f 4921 4957 4956
f 4921 4922 4957
f 4922 4958 4957
f 4922 4923 4958
f 4923 4959 4958
f 4923 4924 4959
f 4924 4960 4959
f 4924 4925 4960
f 4925 4961 4960
f 4925 4926 4961
f 4926 4962 4961
f 4926 4927 4962
f 4927 4963 4962
f 4927 4928 4963
f 4928 4964 4963
f 4928 4929 4964
f 4929 4965 4964
f 4929 4930 4965
f 4930 4966 4965
f 4930 4931 4966
f 4931 4967 4966
f 4931 4932 4967
f 4932 4968 4967
f 4932 4897 4968
f 4897 4933 4968
f 4933 4934 4969
f 4934 4970 4969
f 4934 4935 4970
f 4935 4971 4970
f 4935 4936 4971
f 4936 4972 4971
f 4936 4937 4972
f 4937 4973 4972
f 4937 4938 4973
f 4938 4974 4973
f 4938 4939 4974
f 4939 4975 4974
f 4939 4940 4975
f 4940 4976 4975
f 4940 4941 4976
f 4941 4977 4976
f 4941 4942 4977
f 4942 4978 4977
f 4942 4943 4978
f 4943 4979 4978
f 4943 4944 4979
f 4944 4980 4979
f 4944 4945 4980
f 4945 4981 4980
f 4945 4946 4981
f 4946 4982 4981
f 4946 4947 4982
f 4947 4983 4982
f 4947 4948 4983
f 4948 4984 4983
f 4948 4949 4984
f 4949 4985 4984
f 4949 4950 4985
f 4950 4986 4985
f 4950 4951 4986
f 4951 4987 4986
f 4951 4952 4987
f 4952 4988 4987
f 4952 4953 4988
f 4953 4989 4988
f 4953 4954 4989
f 4954 4990 4989
f 4954 4955 4990
f 4955 4991 4990
f 4955 4956 4991
f 4956 4992 4991
f 4956 4957 4992
f 4957 4993 4992
f 4957 4958 4993
f 4958 4994 4993
f 4958 4959 4994
f 4959 4995 4994
f 4959 4960 4995
f 4960 4996 4995
f 4960 4961 4996
f 4961 4997 4996
f 4961 4962 4997
f 4962 4998 4997
f 4962 4963 4998
f 4963 4999 4998
f 4963 4964 4999
f 4964 5000 4999
f 4964 4965 5000
f 4965 5001 5000
f 4965 4966 5001
f 4966 5002 5001
f 4966 4967 5002
f 4967 5003 5002
f 4967 4968 5003
f 4968 5004 5003
f 4968 4933 5004
f 4933 4969 5004
f 4969 4970 5005
f 4970 5006 5005
f 4970 4971 5006
f 4971 5007 5006
f 4971 4972 5007
f 4972 5008 5007
f 4972 4973 5008
f 4973 5009 5008
f 4973 4974 5009
f 4974 5010 5009
f 4974 4975 5010
f 4975 5011 5010
f 4975 4976 5011
f 4976 5012 5011
f 4976 4977 5012
f 4977 5013 5012
f 4977 4978 5013
f 4978 5014 5013
f 4978 4979 5014
f 4979 5015 5014
f 4979 4980 5015
f 4980 5016 5015
f 4980 4981 5016
f 4981 5017 5016
f 4981 4982 5017
f 4982 5018 5017
f 4982 4983 5018
f 4983 5019 5018
f 4983 4984 5019
f 4984 5020 5019
f 4984 4985 5020
f 4985 5021 5020
f 4985 4986 5021
f 4986 5022 5021
f 4986 4987 5022
f 4987 5023 5022
f 4987 4988 5023
f 4988 5024 5023
f 4988 4989 5024
f 4989 5025 5024
f 4989 4990 5025
f 4990 5026 5025
f 4990 4991 5026
f 4991 5027 5026
f 4991 4992 5027
f 4992 5028 5027
f 4992 4993 5028
f 4993 5029 5028
f 4993 4994 5029
f 4994 5030 5029
f 4994 4995 5030
f 4995 5031 5030
f 4995 4996 5031
f 4996 5032 5031
f 4996 4997 5032
f 4997 5033 5032
f 4997 4998 5033
f 4998 5034 5033
f 4998 4999 5034
f 4999 5035 5034
f 4999 5000 5035
f 5000 5036 5035
f 5000 5001 5036
f 5001 5037 5036
f 5001 5002 5037
f 5002 5038 5037
f 5002 5003 5038
f 5003 5039 5038
f 5003 5004 5039
f 5004 5040 5039
f 5004 4969 5040
f 4969 5005 5040
f 5005 5006 5041
f 5006 5042 5041
f 5006 5007 5042
f 5007 5043 5042
f 5007 5008 5043
f 5008 5044 5043
f 5008 5009 5044
f 5009 5045 5044
f 5009 5010 5045
f 5010 5046 5045
f 5010 5011 5046
f 5011 5047 5046
f 5011 5012 5047
f 5012 5048 5047
f 5012 5013 5048
f 5013 5049 5048
f 5013 5014 5049
f 5014 5050 5049
f 5014 5015 5050
f 5015 5051 5050
f 5015 5016 5051
f 5016 5052 5051
f 5016 5017 5052
f 5017 5053 5052
f 5017 5018 5053
f 5018 5054 5053
f 5018 5019 5054
f 5019 5055 5054
f 5019 5020 5055
f 5020 5056 5055
f 5020 5021 5056
f 5021 5057 5056
f 5021 5022 5057
f 5022 5058 5057
f 5022 5023 5058
f 5023 5059 5058
f 5023 5024 5059
f 5024 5060 5059
f 5024 5025 5060
f 5025 5061 5060
f 5025 5026 5061
f 5026 5062 5061
f 5026 5027 5062
f 5027 5063 5062
f 5027 5028 5063
f 5028 5064 5063
f 5028 5029 5064
f 5029 5065 5064
f 5029 5030 5065
f 5030 5066 5065
f 5030 5031 5066
f 5031 5067 5066
f 5031 5032 5067
f 5032 5068 5067
f 5032 5033 5068
f 5033 5069 5068
f 5033 5034 5069
f 5034 5070 5069
f 5034 5035 5070
f 5035 5071 5070
f 5035 5036 5071
f 5036 5072 5071
f 5036 5037 5072
f 5037 5073 5072
f 5037 5038 5073
f 5038 5074 5073
f 5038 5039 5074
f 5039 5075 5074
f 5039 5040 5075
f 5040 5076 5075
f 5040 5005 5076
f 5005 5041 5076
f 5041 5042 5077
f 5042 5078 5077
f 5042 5043 5078
f 5043 5079 5078
f 5043 5044 5079
f 5044 5080 5079
f 5044 5045 5080
f 5045 5081 5080
f 5045 5046 5081
f 5046 5082 5081
f 5046 5047 5082
f 5047 5083 5082
f 5047 5048 5083
f 5048 5084 5083
f 5048 5049 5084
f 5049 5085 5084
f 5049 5050 5085
f 5050 5086 5085
f 5050 5051 5086
f 5051 5087 5086
f 5051 5052 5087
f 5052 5088 5087
f 5052 5053 5088
f 5053 5089 5088
f 5053 5054 5089
f 5054 5090 5089
f 5054 5055 5090
f 5055 5091 5090
f 5055 5056 5091
f 5056 5092 5091
f 5056 5057 5092
f 5057 5093 5092
f 5057 5058 5093
f 5058 5094 5093
f 5058 5059 5094
f 5059 5095 5094
f 5059 5060 5095
f 5060 5096 5095
f 5060 5061 5096
f 5061 5097 5096
f 5061 5062 5097
f 5062 5098 5097
f 5062 5063 5098
f 5063 5099 5098
f 5063 5064 5099
f 5064 5100 5099
f 5064 5065 5100
f 5065 5101 5100
f 5065 5066 5101
f 5066 5102 5101
f 5066 5067 5102
f 5067 5103 5102
f 5067 5068 5103
f 5068 5104 5103
f 5068 5069 5104
f 5069 5105 5104
f 5069 5070 5105
f 5070 5106 5105
f 5070 5071 5106
f 5071 5107 5106
f 5071 5072 5107
f 5072 5108 5107
f 5072 5073 5108
f 5073 5109 5108
f 5073 5074 5109
f 5074 5110 5109
f 5074 5075 5110
f 5075 5111 5110
f 5075 5076 5111
f 5076 5112 5111
f 5076 5041 5112
f 5041 5077 5112
f 5077 5078 5113
f 5078 5114 5113
f 5078 5079 5114
f 5079 5115 5114
f 5079 5080 5115
f 5080 5116 5115
f 5080 5081 5116
f 5081 5117 5116
f 5081 5082 5117
f 5082 5118 5117
f 5082 5083 5118
f 5083 5119 5118
f 5083 5084 5119
f 5084 5120 5119
f 5084 5085 5120
f 5085 5121 5120
f 5085 5086 5121
f 5086 5122 5121
f 5086 5087 5122
f 5087 5123 5122
f 5087 5088 5123
f 5088 5124 5123
f 5088 5089 5124
f 5089 5125 5124
f 5089 5090 5125
f 5090 5126 5125
f 5090 5091 5126
f 5091 5127 5126
f 5091 5092 5127
f 5092 5128 5127
f 5092 5093 5128
f 5093 5129 5128
f 5093 5094 5129
f 5094 5130 5129
f 5094 5095 5130
f 5095 5131 5130
f 5095 5096 5131
f 5096 5132 5131
f 5096 5097 5132
f 5097 5133 5132
f 5097 5098 5133
f 5098 5134 5133
f 5098 5099 5134
f 5099 5135 5134
f 5099 5100 5135
f 5100 5136 5135
f 5100 5101 5136
f 5101 5137 5136
f 5101 5102 5137
f 5102 5138 5137
f 5102 5103 5138
f 5103 5139 5138
f 5103 5104 5139
f 5104 5140 5139
f 5104 5105 5140
f 5105 5141 5140
f 5105 5106 5141
f 5106 5142 5141
f 5106 5107 5142
f 5107 5143 5142
f 5107 5108 5143
f 5108 5144 5143
f 5108 5109 5144
f 5109 5145 5144
f 5109 5110 5145
f 5110 5146 5145
f 5110 5111 5146
f 5111 5147 5146
f 5111 5112 5147
f 5112 5148 5147
f 5112 5077 5148
f 5077 5113 5148
f 5113 5114 5149
f 5114 5150 5149
f 5114 5115 5150
f 5115 5151 5150
f 5115 5116 5151
f 5116 5152 5151
f 5116 5117 5152
f 5117 5153 5152
f 5117 5118 5153
f 5118 5154 5153
f 5118 5119 5154
f 5119 5155 5154
f 5119 5120 5155
f 5120 5156 5155
f 5120 5121 5156
f 5121 5157 5156
f 5121 5122 5157
f 5122 5158 5157
f 5122 5123 5158
f 5123 5159 5158
f 5123 5124 5159
f 5124 5160 5159
f 5124 5125 5160
f 5125 5161 5160
f 5125 5126 5161
f 5126 5162 5161
f 5126 5127 5162
f 5127 5163 5162
f 5127 5128 5163
f 5128 5164 5163
f 5128 5129 5164
f 5129 5165 5164
f 5129 5130 5165
f 5130 5166 5165
f 5130 5131 5166
f 5131 5167 5166
f 5131 5132 5167
f 5132 5168 5167
f 5132 5133 5168
f 5133 5169 5168
f 5133 5134 5169
f 5134 5170 5169
f 5134 5135 5170
f 5135 5171 5170
f 5135 5136 5171
f 5136 5172 5171
f 5136 5137 5172
f 5137 5173 5172
f 5137 5138 5173
f 5138 5174 5173
f 5138 5139 5174
f 5139 5175 5174
f 5139 5140 5175
f 5140 5176 5175
f 5140 5141 5176
f 5141 5177 5176
f 5141 5142 5177
f 5142 5178 5177
f 5142 5143 5178
f 5143 5179 5178
f 5143 5144 5179
f 5144 5180 5179
f 5144 5145 5180
f 5145 5181 5180
f 5145 5146 5181
f 5146 5182 5181
f 5146 5147 5182
f 5147 5183 5182
f 5147 5148 5183
f 5148 5184 5183
f 5148 5113 5184
f 5113 5149 5184
f 5149 5150 5185
f 5150 5186 5185
f 5150 5151 5186
f 5151 5187 5186
f 5151 5152 5187
f 5152 5188 5187
f 5152 5153 5188
f 5153 5189 5188
f 5153 5154 5189
f 5154 5190 5189
f 5154 5155 5190
f 5155 5191 5190
f 5155 5156 5191
f 5156 5192 5191
f 5156 5157 5192
f 5157 5193 5192
f 5157 5158 5193
f 5158 5194 5193
f 5158 5159 5194
f 5159 5195 5194
f 5159 5160 5195
f 5160 5196 5195
f 5160 5161 5196
f 5161 5197 5196
f 5161 5162 5197
f 5162 5198 5197
f 5162 5163 5198
f 5163 5199 5198
f 5163 5164 5199
f 5164 5200 5199
f 5164 5165 5200
f 5165 5201 5200
f 5165 5166 5201
f 5166 5202 5201
f 5166 5167 5202
f 5167 5203 5202
f 5167 5168 5203
f 5168 5204 5203
f 5168 5169 5204
f 5169 5205 5204
f 5169 5170 5205
f 5170 5206 5205
f 5170 5171 5206
f 5171 5207 5206
f 5171 5172 5207
f 5172 5208 5207
f 5172 5173 5208
f 5173 5209 5208
f 5173 5174 5209
f 5174 5210 5209
f 5174 5175 5210
f 5175 5211 5210
f 5175 5176 5211
f 5176 5212 5211
f 5176 5177 5212
f 5177 5213 5212
f 5177 5178 5213
f 5178 5214 5213
f 5178 5179 5214
f 5179 5215 5214
f 5179 5180 5215
f 5180 5216 5215
f 5180 5181 5216
f 5181 5217 5216
f 5181 5182 5217
f 5182 5218 5217
f 5182 5183 5218
f 5183 5219 5218
f 5183 5184 5219
f 5184 5220 5219
f 5184 5149 5220
f 5149 5185 5220
f 5185 5186 5221
f 5186 5222 5221
f 5186 5187 5222
f 5187 5223 5222
f 5187 5188 5223
f 5188 5224 5223
f 5188 5189 5224
f 5189 5225 5224
f 5189 5190 5225
f 5190 5226 5225
f 5190 5191 5226
f 5191 5227 5226
f 5191 5192 5227
f 5192 5228 5227
f 5192 5193 5228
f 5193 5229 5228
f 5193 5194 5229
f 5194 5230 5229
f 5194 5195 5230
f 5195 5231 5230
f 5195 5196 5231
f 5196 5232 5231
f 5196 5197 5232
f 5197 5233 5232
f 5197 5198 5233
f 5198 5234 5233
f 5198 5199 5234
f 5199 5235 5234
f 5199 5200 5235
f 5200 5236 5235
f 5200 5201 5236
f 5201 5237 5236
f 5201 5202 5237
f 5202 5238 5237
f 5202 5203 5238
f 5203 5239 5238
f 5203 5204 5239
f 5204 5240 5239
f 5204 5205 5240
f 5205 5241 5240
f 5205 5206 5241
f 5206 5242 5241
f 5206 5207 5242
f 5207 5243 5242
f 5207 5208 5243
f 5208 5244 5243
f 5208 5209 5244
f 5209 5245 5244
f 5209 5210 5245
f 5210 5246 5245
f 5210 5211 5246
f 5211 5247 5246
f 5211 5212 5247
f 5212 5248 5247
f 5212 5213 5248
f 5213 5249 5248
f 5213 5214 5249
f 5214 5250 5249
f 5214 5215 5250
f 5215 5251 5250
f 5215 5216 5251
f 5216 5252 5251
f 5216 5217 5252
f 5217 5253 5252
f 5217 5218 5253
f 5218 5254 5253
f 5218 5219 5254
f 5219 5255 5254
f 5219 5220 5255
f 5220 5256 5255
f 5220 5185 5256
f 5185 5221 5256
f 5221 5222 5257
f 5222 5258 5257
f 5222 5223 5258
f 5223 5259 5258
f 5223 5224 5259
f 5224 5260 5259
f 5224 5225 5260
f 5225 5261 5260
f 5225 5226 5261
f 5226 5262 5261
f 5226 5227 5262
f 5227 5263 5262
f 5227 5228 5263
f 5228 5264 5263
f 5228 5229 5264
f 5229 5265 5264
f 5229 5230 5265
f 5230 5266 5265
f 5230 5231 5266
f 5231 5267 5266
f 5231 5232 5267
f 5232 5268 5267
f 5232 5233 5268
f 5233 5269 5268
f 5233 5234 5269
f 5234 5270 5269
f 5234 5235 5270
f 5235 5271 5270
f 5235 5236 5271
f 5236 5272 5271
f 5236 5237 5272
f 5237 5273 5272
f 5237 5238 5273
f 5238 5274 5273
f 5238 5239 5274
f 5239 5275 5274
f 5239 5240 5275
f 5240 5276 5275
f 5240 5241 5276
f 5241 5277 5276
f 5241 5242 5277
f 5242 5278 5277
f 5242 5243 5278
f 5243 5279 5278
f 5243 5244 5279
f 5244 5280 5279
f 5244 5245 5280
f 5245 5281 5280
f 5245 5246 5281
f 5246 5282 5281
f 5246 5247 5282
f 5247 5283 5282
f 5247 5248 5283
f 5248 5284 5283
f 5248 5249 5284
f 5249 5285 5284
f 5249 5250 5285
f 5250 5286 5285
f 5250 5251 5286
f 5251 5287 5286
f 5251 5252 5287
f 5252 5288 5287
f 5252 5253 5288
f 5253 5289 5288
f 5253 5254 5289
f 5254 5290 5289
f 5254 5255 5290
f 5255 5291 5290
f 5255 5256 5291
f 5256 5292 5291
f 5256 5221 5292
f 5221 5257 5292
f 5257 5258 5293
f 5258 5294 5293
f 5258 5259 5294
f 5259 5295 5294
f 5259 5260 5295
f 5260 5296 5295
f 5260 5261 5296
f 5261 5297 5296
f 5261 5262 5297
f 5262 5298 5297
f 5262 5263 5298
f 5263 5299 5298
f 5263 5264 5299
f 5264 5300 5299
f 5264 5265 5300
f 5265 5301 5300
f 5265 5266 5301
f 5266 5302 5301
f 5266 5267 5302
f 5267 5303 5302
f 5267 5268 5303
f 5268 5304 5303
f 5268 5269 5304
f 5269 5305 5304
f 5269 5270 5305
f 5270 5306 5305
f 5270 5271 5306
f 5271 5307 5306
f 5271 5272 5307
f 5272 5308 5307
f 5272 5273 5308
f 5273 5309 5308
f 5273 5274 5309
f 5274 5310 5309
f 5274 5275 5310
f 5275 5311 5310
f 5275 5276 5311
f 5276 5312 5311
f 5276 5277 5312
f 5277 5313 5312
f 5277 5278 5313
f 5278 5314 5313
f 5278 5279 5314
f 5279 5315 5314
f 5279 5280 5315
f 5280 5316 5315
f 5280 5281 5316
f 5281 5317 5316
f 5281 5282 5317
f 5282 5318 5317
f 5282 5283 5318
f 5283 5319 5318
f 5283 5284 5319
f 5284 5320 5319
f 5284 5285 5320
f 5285 5321 5320
f 5285 5286 5321
f 5286 5322 5321
f 5286 5287 5322
f 5287 5323 5322
f 5287 5288 5323
f 5288 5324 5323
f 5288 5289 5324
f 5289 5325 5324
f 5289 5290 5325
f 5290 5326 5325
f 5290 5291 5326
f 5291 5327 5326
f 5291 5292 5327
f 5292 5328 5327
f 5292 5257 5328
f 5257 5293 5328
f 5293 5294 5329
f 5294 5330 5329
f 5294 5295 5330
f 5295 5331 5330
f 5295 5296 5331
f 5296 5332 5331
f 5296 5297 5332
f 5297 5333 5332
f 5297 5298 5333
f 5298 5334 5333
f 5298 5299 5334
f 5299 5335 5334
f 5299 5300 5335
f 5300 5336 5335
f 5300 5301 5336
f 5301 5337 5336
f 5301 5302 5337
f 5302 5338 5337
f 5302 5303 5338
f 5303 5339 5338
f 5303 5304 5339
f 5304 5340 5339
f 5304 5305 5340
f 5305 5341 5340
f 5305 5306 5341
f 5306 5342 5341
f 5306 5307 5342
f 5307 5343 5342
f 5307 5308 5343
f 5308 5344 5343
f 5308 5309 5344
f 5309 5345 5344
f 5309 5310 5345
f 5310 5346 5345
f 5310 5311 5346
f 5311 5347 5346
f 5311 5312 5347
f 5312 5348 5347
f 5312 5313 5348
f 5313 5349 5348
f 5313 5314 5349
f 5314 5350 5349
f 5314 5315 5350
f 5315 5351 5350
f 5315 5316 5351
f 5316 5352 5351
f 5316 5317 5352
f 5317 5353 5352
f 5317 5318 5353
f 5318 5354 5353
f 5318 5319 5354
f 5319 5355 5354
f 5319 5320 5355
f 5320 5356 5355
f 5320 5321 5356
f 5321 5357 5356
f 5321 5322 5357
f 5322 5358 5357
f 5322 5323 5358
f 5323 5359 5358
f 5323 5324 5359
f 5324 5360 5359
f 5324 5325 5360
f 5325 5361 5360
f 5325 5326 5361
f 5326 5362 5361
f 5326 5327 5362
f 5327 5363 5362
f 5327 5328 5363
f 5328 5364 5363
f 5328 5293 5364
f 5293 5329 5364
f 5329 5330 5365
f 5330 5366 5365
f 5330 5331 5366
f 5331 5367 5366
f 5331 5332 5367
f 5332 5368 5367
f 5332 5333 5368
f 5333 5369 5368
f 5333 5334 5369
f 5334 5370 5369
f 5334 5335 5370
f 5335 5371 5370
f 5335 5336 5371
f 5336 5372 5371
f 5336 5337 5372
f 5337 5373 5372
f 5337 5338 5373
f 5338 5374 5373
f 5338 5339 5374
f 5339 5375 5374
f 5339 5340 5375
f 5340 5376 5375
f 5340 5341 5376
f 5341 5377 5376
f 5341 5342 5377
f 5342 5378 5377
f 5342 5343 5378
f 5343 5379 5378
f 5343 5344 5379
f 5344 5380 5379
f 5344 5345 5380
f 5345 5381 5380
f 5345 5346 5381
f 5346 5382 5381
f 5346 5347 5382
f 5347 5383 5382
f 5347 5348 5383
f 5348 5384 5383
f 5348 5349 5384
f 5349 5385 5384
f 5349 5350 5385
f 5350 5386 5385
f 5350 5351 5386
f 5351 5387 5386
f 5351 5352 5387
f 5352 5388 5387
f 5352 5353 5388
f 5353 5389 5388
f 5353 5354 5389
f 5354 5390 5389
f 5354 5355 5390
f 5355 5391 5390
f 5355 5356 5391
f 5356 5392 5391
f 5356 5357 5392
f 5357 5393 5392
f 5357 5358 5393
f 5358 5394 5393
f 5358 5359 5394
f 5359 5395 5394
f 5359 5360 5395
f 5360 5396 5395
f 5360 5361 5396
f 5361 5397 5396
f 5361 5362 5397
f 5362 5398 5397
f 5362 5363 5398
f 5363 5399 5398
f 5363 5364 5399
f 5364 5400 5399
f 5364 5329 5400
f 5329 5365 5400
f 5365 5366 5401
f 5366 5402 5401
f 5366 5367 5402
f 5367 5403 5402
f 5367 5368 5403
f 5368 5404 5403
f 5368 5369 5404
f 5369 5405 5404
f 5369 5370 5405
f 5370 5406 5405
f 5370 5371 5406
f 5371 5407 5406
f 5371 5372 5407
f 5372 5408 5407
f 5372 5373 5408
f 5373 5409 5408
f 5373 5374 5409
f 5374 5410 5409
f 5374 5375 5410
f 5375 5411 5410
f 5375 5376 5411
f 5376 5412 5411
f 5376 5377 5412
f 5377 5413 5412
f 5377 5378 5413
f 5378 5414 5413
f 5378 5379 5414
f 5379 5415 5414
f 5379 5380 5415
f 5380 5416 5415
f 5380 5381 5416
f 5381 5417 5416
f 5381 5382 5417
f 5382 5418 5417
f 5382 5383 5418
f 5383 5419 5418
f 5383 5384 5419
f 5384 5420 5419
f 5384 5385 5420
f 5385 5421 5420
f 5385 5386 5421
f 5386 5422 5421
f 5386 5387 5422
f 5387 5423 5422
f 5387 5388 5423
f 5388 5424 5423
f 5388 5389 5424
f 5389 5425 5424
f 5389 5390 5425
f 5390 5426 5425
f 5390 5391 5426
f 5391 5427 5426
f 5391 5392 5427
f 5392 5428 5427
f 5392 5393 5428
f 5393 5429 5428
f 5393 5394 5429
f 5394 5430 5429
f 5394 5395 5430
f 5395 5431 5430
f 5395 5396 5431
f 5396 5432 5431
f 5396 5397 5432
f 5397 5433 5432
f 5397 5398 5433
f 5398 5434 5433
f 5398 5399 5434
f 5399 5435 5434
f 5399 5400 5435
f 5400 5436 5435
f 5400 5365 5436
f 5365 5401 5436
f 5401 5402 5437
f 5402 5438 5437
f 5402 5403 5438
f 5403 5439 5438
f 5403 5404 5439
f 5404 5440 5439
f 5404 5405 5440
f 5405 5441 5440
f 5405 5406 5441
f 5406 5442 5441
f 5406 5407 5442
f 5407 5443 5442
f 5407 5408 5443
f 5408 5444 5443
f 5408 5409 5444
f 5409 5445 5444
f 5409 5410 5445
f 5410 5446 5445
f 5410 5411 5446
f 5411 5447 5446
f 5411 5412 5447
f 5412 5448 5447
f 5412 5413 5448
f 5413 5449 5448
f 5413 5414 5449
f 5414 5450 5449
f 5414 5415 5450
f 5415 5451 5450
f 5415 5416 5451
f 5416 5452 5451
f 5416 5417 5452
f 5417 5453 5452
f 5417 5418 5453
f 5418 5454 5453
f 5418 5419 5454
f 5419 5455 5454
f 5419 5420 5455
f 5420 5456 5455
f 5420 5421 5456
f 5421 5457 5456
f 5421 5422 5457
f 5422 5458 5457
f 5422 5423 5458
f 5423 5459 5458
f 5423 5424 5459
f 5424 5460 5459
f 5424 5425 5460
f 5425 5461 5460
f 5425 5426 5461
f 5426 5462 5461
f 5426 5427 5462
f 5427 5463 5462
f 5427 5428 5463
f 5428 5464 5463
f 5428 5429 5464
f 5429 5465 5464
f 5429 5430 5465
f 5430 5466 5465
f 5430 5431 5466
f 5431 5467 5466
f 5431 5432 5467
f 5432 5468 5467
f 5432 5433 5468
f 5433 5469 5468
f 5433 5434 5469
f 5434 5470 5469
f 5434 5435 5470
f 5435 5471 5470
f 5435 5436 5471
f 5436 5472 5471
f 5436 5401 5472
f 5401 5437 5472
f 5437 5438 5473
f 5438 5474 5473
f 5438 5439 5474
f 5439 5475 5474
f 5439 5440 5475
f 5440 5476 5475
f 5440 5441 5476
f 5441 5477 5476
f 5441 5442 5477
f 5442 5478 5477
f 5442 5443 5478
f 5443 5479 5478
f 5443 5444 5479
f 5444 5480 5479
f 5444 5445 5480
f 5445 5481 5480
f 5445 5446 5481
f 5446 5482 5481
f 5446 5447 5482
f 5447 5483 5482
f 5447 5448 5483
f 5448 5484 5483
f 5448 5449 5484
f 5449 5485 5484
f 5449 5450 5485
f 5450 5486 5485
f 5450 5451 5486
f 5451 5487 5486
f 5451 5452 5487
f 5452 5488 5487
f 5452 5453 5488
f 5453 5489 5488
f 5453 5454 5489
f 5454 5490 5489
f 5454 5455 5490
f 5455 5491 5490
f 5455 5456 5491
f 5456 5492 5491
f 5456 5457 5492
f 5457 5493 5492
f 5457 5458 5493
f 5458 5494 5493
f 5458 5459 5494
f 5459 5495 5494
f 5459 5460 5495
f 5460 5496 5495
f 5460 5461 5496
f 5461 5497 5496
f 5461 5462 5497
f 5462 5498 5497
f 5462 5463 5498
f 5463 5499 5498
f 5463 5464 5499
f 5464 5500 5499
f 5464 5465 5500
f 5465 5501 5500
f 5465 5466 5501
f 5466 5502 5501
f 5466 5467 5502
f 5467 5503 5502
f 5467 5468 5503
f 5468 5504 5503
f 5468 5469 5504
f 5469 5505 5504
f 5469 5470 5505
f 5470 5506 5505
f 5470 5471 5506
f 5471 5507 5506
f 5471 5472 5507
f 5472 5508 5507
f 5472 5437 5508
f 5437 5473 5508
f 5473 5474 5509
f 5474 5510 5509
f 5474 5475 5510
f 5475 5511 5510
f 5475 5476 5511
f 5476 5512 5511
f 5476 5477 5512
f 5477 5513 5512
f 5477 5478 5513
f 5478 5514 5513
f 5478 5479 5514
f 5479 5515 5514
f 5479 5480 5515
f 5480 5516 5515
f 5480 5481 5516
f 5481 5517 5516
f 5481 5482 5517
f 5482 5518 5517
f 5482 5483 5518
f 5483 5519 5518
f 5483 5484 5519
f 5484 5520 5519
f 5484 5485 5520
f 5485 5521 5520
f 5485 5486 5521
f 5486 5522 5521
f 5486 5487 5522
f 5487 5523 5522
f 5487 5488 5523
f 5488 5524 5523
f 5488 5489 5524
f 5489 5525 5524
f 5489 5490 5525
f 5490 5526 5525
f 5490 5491 5526
f 5491 5527 5526
f 5491 5492 5527
f 5492 5528 5527
f 5492 5493 5528
f 5493 5529 5528
f 5493 5494 5529
f 5494 5530 5529
f 5494 5495 5530
f 5495 5531 5530
f 5495 5496 5531
f 5496 5532 5531
f 5496 5497 5532
f 5497 5533 5532
f 5497 5498 5533
f 5498 5534 5533
f 5498 5499 5534
f 5499 5535 5534
f 5499 5500 5535
f 5500 5536 5535
f 5500 5501 5536
f 5501 5537 5536
f 5501 5502 5537
f 5502 5538 5537
f 5502 5503 5538
f 5503 5539 5538
f 5503 5504 5539
f 5504 5540 5539
f 5504 5505 5540
f 5505 5541 5540
f 5505 5506 5541
f 5506 5542 5541
f 5506 5507 5542
f 5507 5543 5542
f 5507 5508 5543
f 5508 5544 5543
f 5508 5473 5544
f 5473 5509 5544
f 5509 5510 5545
f 5510 5546 5545
f 5510 5511 5546
f 5511 5547 5546
f 5511 5512 5547
f 5512 5548 5547
f 5512 5513 5548
f 5513 5549 5548
f 5513 5514 5549
f 5514 5550 5549
f 5514 5515 5550
f 5515 5551 5550
f 5515 5516 5551
f 5516 5552 5551
f 5516 5517 5552
f 5517 5553 5552
f 5517 5518 5553
f 5518 5554 5553
f 5518 5519 5554
f 5519 5555 5554
f 5519 5520 5555
f 5520 5556 5555
f 5520 5521 5556
f 5521 5557 5556
f 5521 5522 5557
f 5522 5558 5557
f 5522 5523 5558
f 5523 5559 5558
f 5523 5524 5559
f 5524 5560 5559
f 5524 5525 5560
f 5525 5561 5560
f 5525 5526 5561
f 5526 5562 5561
f 5526 5527 5562
f 5527 5563 5562
f 5527 5528 5563
f 5528 5564 5563
f 5528 5529 5564
f 5529 5565 5564
f 5529 5530 5565
f 5530 5566 5565
f 5530 5531 5566
f 5531 5567 5566
f 5531 5532 5567
f 5532 5568 5567
f 5532 5533 5568
f 5533 5569 5568
f 5533 5534 5569
f 5534 5570 5569
f 5534 5535 5570
f 5535 5571 5570
f 5535 5536 5571
f 5536 5572 5571
f 5536 5537 5572
f 5537 5573 5572
f 5537 5538 5573
f 5538 5574 5573
f 5538 5539 5574
f 5539 5575 5574
f 5539 5540 5575
f 5540 5576 5575
f 5540 5541 5576
f 5541 5577 5576
f 5541 5542 5577
f 5542 5578 5577
f 5542 5543 5578
f 5543 5579 5578
f 5543 5544 5579
f 5544 5580 5579
f 5544 5509 5580
f 5509 5545 5580
f 5545 5546 5581
f 5546 5582 5581
f 5546 5547 5582
f 5547 5583 5582
f 5547 5548 5583
f 5548 5584 5583
f 5548 5549 5584
f 5549 5585 5584
f 5549 5550 5585
f 5550 5586 5585
f 5550 5551 5586
f 5551 5587 5586
f 5551 5552 5587
f 5552 5588 5587
f 5552 5553 5588
f 5553 5589 5588
f 5553 5554 5589
f 5554 5590 5589
f 5554 5555 5590
f 5555 5591 5590
f 5555 5556 5591
f 5556 5592 5591
f 5556 5557 5592
f 5557 5593 5592
f 5557 5558 5593
f 5558 5594 5593
f 5558 5559 5594
f 5559 5595 5594
f 5559 5560 5595
f 5560 5596 5595
f 5560 5561 5596
f 5561 5597 5596
f 5561 5562 5597
f 5562 5598 5597
f 5562 5563 5598
f 5563 5599 5598
f 5563 5564 5599
f 5564 5600 5599
f 5564 5565 5600
f 5565 5601 5600
f 5565 5566 5601
f 5566 5602 5601
f 5566 5567 5602
f 5567 5603 5602
f 5567 5568 5603
f 5568 5604 5603
f 5568 5569 5604
f 5569 5605 5604
f 5569 5570 5605
f 5570 5606 5605
f 5570 5571 5606
f 5571 5607 5606
f 5571 5572 5607
f 5572 5608 5607
f 5572 5573 5608
f 5573 5609 5608
f 5573 5574 5609
f 5574 5610 5609
f 5574 5575 5610
f 5575 5611 5610
f 5575 5576 5611
f 5576 5612 5611
f 5576 5577 5612
f 5577 5613 5612
f 5577 5578 5613
f 5578 5614 5613
f 5578 5579 5614
f 5579 5615 5614
f 5579 5580 5615
f 5580 5616 5615
f 5580 5545 5616
f 5545 5581 5616
f 5581 5582 5617
f 5582 5618 5617
f 5582 5583 5618
f 5583 5619 5618
f 5583 5584 5619
f 5584 5620 5619
f 5584 5585 5620
f 5585 5621 5620
f 5585 5586 5621
f 5586 5622 5621
f 5586 5587 5622
f 5587 5623 5622
f 5587 5588 5623
f 5588 5624 5623
f 5588 5589 5624
f 5589 5625 5624
f 5589 5590 5625
f 5590 5626 5625
f 5590 5591 5626
f 5591 5627 5626
f 5591 5592 5627
f 5592 5628 5627
f 5592 5593 5628
f 5593 5629 5628
f 5593 5594 5629
f 5594 5630 5629
f 5594 5595 5630
f 5595 5631 5630
f 5595 5596 5631
f 5596 5632 5631
f 5596 5597 5632
f 5597 5633 5632
f 5597 5598 5633
f 5598 5634 5633
f 5598 5599 5634
f 5599 5635 5634
f 5599 5600 5635
f 5600 5636 5635
f 5600 5601 5636
f 5601 5637 5636
f 5601 5602 5637
f 5602 5638 5637
f 5602 5603 5638
f 5603 5639 5638
f 5603 5604 5639
f 5604 5640 5639
f 5604 5605 5640
f 5605 5641 5640
f 5605 5606 5641
f 5606 5642 5641
f 5606 5607 5642
f 5607 5643 5642
f 5607 5608 5643
f 5608 5644 5643
f 5608 5609 5644
f 5609 5645 5644
f 5609 5610 5645
f 5610 5646 5645
f 5610 5611 5646
f 5611 5647 5646
f 5611 5612 5647
f 5612 5648 5647
f 5612 5613 5648
f 5613 5649 5648
f 5613 5614 5649
f 5614 5650 5649
f 5614 5615 5650
f 5615 5651 5650
f 5615 5616 5651
f 5616 5652 5651
f 5616 5581 5652
f 5581 5617 5652
f 5617 5618 5653
f 5618 5654 5653
f 5618 5619 5654
f 5619 5655 5654
f 5619 5620 5655
f 5620 5656 5655
f 5620 5621 5656
f 5621 5657 5656
f 5621 5622 5657
f 5622 5658 5657
f 5622 5623 5658
f 5623 5659 5658
f 5623 5624 5659
f 5624 5660 5659
f 5624 5625 5660
f 5625 5661 5660
f 5625 5626 5661
f 5626 5662 5661
f 5626 5627 5662
f 5627 5663 5662
f 5627 5628 5663
f 5628 5664 5663
f 5628 5629 5664
f 5629 5665 5664
f 5629 5630 5665
f 5630 5666 5665
f 5630 5631 5666
f 5631 5667 5666
f 5631 5632 5667
f 5632 5668 5667
f 5632 5633 5668
f 5633 5669 5668
f 5633 5634 5669
f 5634 5670 5669
f 5634 5635 5670
f 5635 5671 5670
f 5635 5636 5671
f 5636 5672 5671
f 5636 5637 5672
f 5637 5673 5672
f 5637 5638 5673
f 5638 5674 5673
f 5638 5639 5674
f 5639 5675 5674
f 5639 5640 5675
f 5640 5676 5675
f 5640 5641 5676
f 5641 5677 5676
f 5641 5642 5677
f 5642 5678 5677
f 5642 5643 5678
f 5643 5679 5678
f 5643 5644 5679
f 5644 5680 5679
f 5644 5645 5680
f 5645 5681 5680
f 5645 5646 5681
f 5646 5682 5681
f 5646 5647 5682
f 5647 5683 5682
f 5647 5648 5683
f 5648 5684 5683
f 5648 5649 5684
f 5649 5685 5684
f 5649 5650 5685
f 5650 5686 5685
f 5650 5651 5686
f 5651 5687 5686
f 5651 5652 5687
f 5652 5688 5687
f 5652 5617 5688
f 5617 5653 5688
f 5653 5654 5689
f 5654 5690 5689
f 5654 5655 5690
f 5655 5691 5690
f 5655 5656 5691
f 5656 5692 5691
f 5656 5657 5692
f 5657 5693 5692
f 5657 5658 5693
f 5658 5694 5693
f 5658 5659 5694
f 5659 5695 5694
f 5659 5660 5695
f 5660 5696 5695
f 5660 5661 5696
f 5661 5697 5696
f 5661 5662 5697
f 5662 5698 5697
f 5662 5663 5698
f 5663 5699 5698
f 5663 5664 5699
f 5664 5700 5699
f 5664 5665 5700
f 5665 5701 5700
f 5665 5666 5701
f 5666 5702 5701
f 5666 5667 5702
f 5667 5703 5702
f 5667 5668 5703
f 5668 5704 5703
f 5668 5669 5704
f 5669 5705 5704
f 5669 5670 5705
f 5670 5706 5705
f 5670 5671 5706
f 5671 5707 5706
f 5671 5672 5707
f 5672 5708 5707
f 5672 5673 5708
f 5673 5709 5708
f 5673 5674 5709
f 5674 5710 5709
f 5674 5675 5710
f 5675 5711 5710
f 5675 5676 5711
f 5676 5712 5711
f 5676 5677 5712
f 5677 5713 5712
f 5677 5678 5713
f 5678 5714 5713
f 5678 5679 5714
f 5679 5715 5714
f 5679 5680 5715
f 5680 5716 5715
f 5680 5681 5716
f 5681 5717 5716
f 5681 5682 5717
f 5682 5718 5717
f 5682 5683 5718
f 5683 5719 5718
f 5683 5684 5719
f 5684 5720 5719
f 5684 5685 5720
f 5685 5721 5720
f 5685 5686 5721
f 5686 5722 5721
f 5686 5687 5722
f 5687 5723 5722
f 5687 5688 5723
f 5688 5724 5723
f 5688 5653 5724
f 5653 5689 5724
f 5689 5690 5725
f 5690 5726 5725
f 5690 5691 5726
f 5691 5727 5726
f 5691 5692 5727
f 5692 5728 5727
f 5692 5693 5728
f 5693 5729 5728
f 5693 5694 5729
f 5694 5730 5729
f 5694 5695 5730
f 5695 5731 5730
f 5695 5696 5731
f 5696 5732 5731
f 5696 5697 5732
f 5697 5733 5732
f 5697 5698 5733
f 5698 5734 5733
f 5698 5699 5734
f 5699 5735 5734
f 5699 5700 5735
f 5700 5736 5735
f 5700 5701 5736
f 5701 5737 5736
f 5701 5702 5737
f 5702 5738 5737
f 5702 5703 5738
f 5703 5739 5738
f 5703 5704 5739
f 5704 5740 5739
f 5704 5705 5740
f 5705 5741 5740
f 5705 5706 5741
f 5706 5742 5741
f 5706 5707 5742
f 5707 5743 5742
f 5707 5708 5743
f 5708 5744 5743
f 5708 5709 5744
f 5709 5745 5744
f 5709 5710 5745
f 5710 5746 5745
f 5710 5711 5746
f 5711 5747 5746
f 5711 5712 5747
f 5712 5748 5747
f 5712 5713 5748
f 5713 5749 5748
f 5713 5714 5749
f 5714 5750 5749
f 5714 5715 5750
f 5715 5751 5750
f 5715 5716 5751
f 5716 5752 5751
f 5716 5717 5752
f 5717 5753 5752
f 5717 5718 5753
f 5718 5754 5753
f 5718 5719 5754
f 5719 5755 5754
f 5719 5720 5755
f 5720 5756 5755
f 5720 5721 5756
f 5721 5757 5756
f 5721 5722 5757
f 5722 5758 5757
f 5722 5723 5758
f 5723 5759 5758
f 5723 5724 5759
f 5724 5760 5759
f 5724 5689 5760
f 5689 5725 5760
f 5725 5726 5761
f 5726 5762 5761
f 5726 5727 5762
f 5727 5763 5762
f 5727 5728 5763
f 5728 5764 5763
f 5728 5729 5764
f 5729 5765 5764
f 5729 5730 5765
f 5730 5766 5765
f 5730 5731 5766
f 5731 5767 5766
f 5731 5732 5767
f 5732 5768 5767
f 5732 5733 5768
f 5733 5769 5768
f 5733 5734 5769
f 5734 5770 5769
f 5734 5735 5770
f 5735 5771 5770
f 5735 5736 5771
f 5736 5772 5771
f 5736 5737 5772
f 5737 5773 5772
f 5737 5738 5773
f 5738 5774 5773
f 5738 5739 5774
f 5739 5775 5774
f 5739 5740 5775
f 5740 5776 5775
f 5740 5741 5776
f 5741 5777 5776
f 5741 5742 5777
f 5742 5778 5777
f 5742 5743 5778
f 5743 5779 5778
f 5743 5744 5779
f 5744 5780 5779
f 5744 5745 5780
f 5745 5781 5780
f 5745 5746 5781
f 5746 5782 5781
f 5746 5747 5782
f 5747 5783 5782
f 5747 5748 5783
f 5748 5784 5783
f 5748 5749 5784
f 5749 5785 5784
f 5749 5750 5785
f 5750 5786 5785
f 5750 5751 5786
f 5751 5787 5786
f 5751 5752 5787
f 5752 5788 5787
f 5752 5753 5788
f 5753 5789 5788
f 5753 5754 5789
f 5754 5790 5789
f 5754 5755 5790
f 5755 5791 5790
f 5755 5756 5791
f 5756 5792 5791
f 5756 5757 5792
f 5757 5793 5792
f 5757 5758 5793
f 5758 5794 5793
f 5758 5759 5794
f 5759 5795 5794
f 5759 5760 5795
f 5760 5796 5795
f 5760 5725 5796
f 5725 5761 5796
f 5761 5762 5797
f 5762 5798 5797
f 5762 5763 5798
f 5763 5799 5798
f 5763 5764 5799
f 5764 5800 5799
f 5764 5765 5800
f 5765 5801 5800
f 5765 5766 5801
f 5766 5802 5801
f 5766 5767 5802
f 5767 5803 5802
f 5767 5768 5803
f 5768 5804 5803
f 5768 5769 5804
f 5769 5805 5804
f 5769 5770 5805
f 5770 5806 5805
f 5770 5771 5806
f 5771 5807 5806
f 5771 5772 5807
f 5772 5808 5807
f 5772 5773 5808
f 5773 5809 5808
f 5773 5774 5809
f 5774 5810 5809
f 5774 5775 5810
f 5775 5811 5810
f 5775 5776 5811
f 5776 5812 5811
f 5776 5777 5812
f 5777 5813 5812
f 5777 5778 5813
f 5778 5814 5813
f 5778 5779 5814
f 5779 5815 5814
f 5779 5780 5815
f 5780 5816 5815
f 5780 5781 5816
f 5781 5817 5816
f 5781 5782 5817
f 5782 5818 5817
f 5782 5783 5818
f 5783 5819 5818
f 5783 5784 5819
f 5784 5820 5819
f 5784 5785 5820
f 5785 5821 5820
f 5785 5786 5821
f 5786 5822 5821
f 5786 5787 5822
f 5787 5823 5822
f 5787 5788 5823
f 5788 5824 5823
f 5788 5789 5824
f 5789 5825 5824
f 5789 5790 5825
f 5790 5826 5825
f 5790 5791 5826
f 5791 5827 5826
f 5791 5792 5827
f 5792 5828 5827
f 5792 5793 5828
f 5793 5829 5828
f 5793 5794 5829
f 5794 5830 5829
f 5794 5795 5830
f 5795 5831 5830
f 5795 5796 5831
f 5796 5832 5831
f 5796 5761 5832
f 5761 5797 5832
f 5797 5798 5833
f 5798 5834 5833
f 5798 5799 5834
f 5799 5835 5834
f 5799 5800 5835
f 5800 5836 5835
f 5800 5801 5836
f 5801 5837 5836
f 5801 5802 5837
f 5802 5838 5837
f 5802 5803 5838
f 5803 5839 5838
f 5803 5804 5839
f 5804 5840 5839
f 5804 5805 5840
f 5805 5841 5840
f 5805 5806 5841
f 5806 5842 5841
f 5806 5807 5842
f 5807 5843 5842
f 5807 5808 5843
f 5808 5844 5843
f 5808 5809 5844
f 5809 5845 5844
f 5809 5810 5845
f 5810 5846 5845
f 5810 5811 5846
f 5811 5847 5846
f 5811 5812 5847
f 5812 5848 5847
f 5812 5813 5848
f 5813 5849 5848
f 5813 5814 5849
f 5814 5850 5849
f 5814 5815 5850
f 5815 5851 5850
f 5815 5816 5851
f 5816 5852 5851
f 5816 5817 5852
f 5817 5853 5852
f 5817 5818 5853
f 5818 5854 5853
f 5818 5819 5854
f 5819 5855 5854
f 5819 5820 5855
f 5820 5856 5855
f 5820 5821 5856
f 5821 5857 5856
f 5821 5822 5857
f 5822 5858 5857
f 5822 5823 5858
f 5823 5859 5858
f 5823 5824 5859
f 5824 5860 5859
f 5824 5825 5860
f 5825 5861 5860
f 5825 5826 5861
f 5826 5862 5861
f 5826 5827 5862
f 5827 5863 5862
f 5827 5828 5863
f 5828 5864 5863
f 5828 5829 5864
f 5829 5865 5864
f 5829 5830 5865
f 5830 5866 5865
f 5830 5831 5866
f 5831 5867 5866
f 5831 5832 5867
f 5832 5868 5867
f 5832 5797 5868
f 5797 5833 5868
f 5833 5834 5869
f 5834 5870 5869
f 5834 5835 5870
f 5835 5871 5870
f 5835 5836 5871
f 5836 5872 5871
f 5836 5837 5872
f 5837 5873 5872
f 5837 5838 5873
f 5838 5874 5873
f 5838 5839 5874
f 5839 5875 5874
f 5839 5840 5875
f 5840 5876 5875
f 5840 5841 5876
f 5841 5877 5876
f 5841 5842 5877
f 5842 5878 5877
f 5842 5843 5878
f 5843 5879 5878
f 5843 5844 5879
f 5844 5880 5879
f 5844 5845 5880
f 5845 5881 5880
f 5845 5846 5881
f 5846 5882 5881
f 5846 5847 5882
f 5847 5883 5882
f 5847 5848 5883
f 5848 5884 5883
f 5848 5849 5884
f 5849 5885 5884
f 5849 5850 5885
f 5850 5886 5885
f 5850 5851 5886
f 5851 5887 5886
f 5851 5852 5887
f 5852 5888 5887
f 5852 5853 5888
f 5853 5889 5888
f 5853 5854 5889
f 5854 5890 5889
f 5854 5855 5890
f 5855 5891 5890
f 5855 5856 5891
f 5856 5892 5891
f 5856 5857 5892
f 5857 5893 5892
f 5857 5858 5893
f 5858 5894 5893
f 5858 5859 5894
f 5859 5895 5894
f 5859 5860 5895
f 5860 5896 5895
f 5860 5861 5896
f 5861 5897 5896
f 5861 5862 5897
f 5862 5898 5897
f 5862 5863 5898
f 5863 5899 5898
f 5863 5864 5899
f 5864 5900 5899
f 5864 5865 5900
f 5865 5901 5900
f 5865 5866 5901
f 5866 5902 5901
f 5866 5867 5902
f 5867 5903 5902
f 5867 5868 5903
f 5868 5904 5903
f 5868 5833 5904
f 5833 5869 5904
f 5869 5870 5905
f 5870 5906 5905
f 5870 5871 5906
f 5871 5907 5906
f 5871 5872 5907
f 5872 5908 5907
f 5872 5873 5908
f 5873 5909 5908
f 5873 5874 5909
f 5874 5910 5909
f 5874 5875 5910
f 5875 5911 5910
f 5875 5876 5911
f 5876 5912 5911
f 5876 5877 5912
f 5877 5913 5912
f 5877 5878 5913
f 5878 5914 5913
f 5878 5879 5914
f 5879 5915 5914
f 5879 5880 5915
f 5880 5916 5915
f 5880 5881 5916
f 5881 5917 5916
f 5881 5882 5917
f 5882 5918 5917
f 5882 5883 5918
f 5883 5919 5918
f 5883 5884 5919
f 5884 5920 5919
f 5884 5885 5920
f 5885 5921 5920
f 5885 5886 5921
f 5886 5922 5921
f 5886 5887 5922
f 5887 5923 5922
f 5887 5888 5923
f 5888 5924 5923
f 5888 5889 5924
f 5889 5925 5924
f 5889 5890 5925
f 5890 5926 5925
f 5890 5891 5926
f 5891 5927 5926
f 5891 5892 5927
f 5892 5928 5927
f 5892 5893 5928
f 5893 5929 5928
f 5893 5894 5929
f 5894 5930 5929
f 5894 5895 5930
f 5895 5931 5930
f 5895 5896 5931
f 5896 5932 5931
f 5896 5897 5932
f 5897 5933 5932
f 5897 5898 5933
f 5898 5934 5933
f 5898 5899 5934
f 5899 5935 5934
f 5899 5900 5935
f 5900 5936 5935
f 5900 5901 5936
f 5901 5937 5936
f 5901 5902 5937
f 5902 5938 5937
f 5902 5903 5938
f 5903 5939 5938
f 5903 5904 5939
f 5904 5940 5939
f 5904 5869 5940
f 5869 5905 5940
f 5905 5906 5941
f 5906 5942 5941
f 5906 5907 5942
f 5907 5943 5942
f 5907 5908 5943
f 5908 5944 5943
f 5908 5909 5944
f 5909 5945 5944
f 5909 5910 5945
f 5910 5946 5945
f 5910 5911 5946
f 5911 5947 5946
f 5911 5912 5947
f 5912 5948 5947
f 5912 5913 5948
f 5913 5949 5948
f 5913 5914 5949
f 5914 5950 5949
f 5914 5915 5950
f 5915 5951 5950
f 5915 5916 5951
f 5916 5952 5951
f 5916 5917 5952
f 5917 5953 5952
f 5917 5918 5953
f 5918 5954 5953
f 5918 5919 5954
f 5919 5955 5954
f 5919 5920 5955
f 5920 5956 5955
f 5920 5921 5956
f 5921 5957 5956
f 5921 5922 5957
f 5922 5958 5957
f 5922 5923 5958
f 5923 5959 5958
f 5923 5924 5959
f 5924 5960 5959
f 5924 5925 5960
f 5925 5961 5960
f 5925 5926 5961
f 5926 5962 5961
f 5926 5927 5962
f 5927 5963 5962
f 5927 5928 5963
f 5928 5964 5963
f 5928 5929 5964
f 5929 5965 5964
f 5929 5930 5965
f 5930 5966 5965
f 5930 5931 5966
f 5931 5967 5966
f 5931 5932 5967
f 5932 5968 5967
f 5932 5933 5968
f 5933 5969 5968
f 5933 5934 5969
f 5934 5970 5969
f 5934 5935 5970
f 5935 5971 5970
f 5935 5936 5971
f 5936 5972 5971
f 5936 5937 5972
f 5937 5973 5972
f 5937 5938 5973
f 5938 5974 5973
f 5938 5939 5974
f 5939 5975 5974
f 5939 5940 5975
f 5940 5976 5975
f 5940 5905 5976
f 5905 5941 5976
f 5941 5942 5977
f 5942 5978 5977
f 5942 5943 5978
f 5943 5979 5978
f 5943 5944 5979
f 5944 5980 5979
f 5944 5945 5980
f 5945 5981 5980
f 5945 5946 5981
f 5946 5982 5981
f 5946 5947 5982
f 5947 5983 5982
f 5947 5948 5983
f 5948 5984 5983
f 5948 5949 5984
f 5949 5985 5984
f 5949 5950 5985
f 5950 5986 5985
f 5950 5951 5986
f 5951 5987 5986
f 5951 5952 5987
f 5952 5988 5987
f 5952 5953 5988
f 5953 5989 5988
f 5953 5954 5989
f 5954 5990 5989
f 5954 5955 5990
f 5955 5991 5990
f 5955 5956 5991
f 5956 5992 5991
f 5956 5957 5992
f 5957 5993 5992
f 5957 5958 5993
f 5958 5994 5993
f 5958 5959 5994
f 5959 5995 5994
f 5959 5960 5995
f 5960 5996 5995
f 5960 5961 5996
f 5961 5997 5996
f 5961 5962 5997
f 5962 5998 5997
f 5962 5963 5998
f 5963 5999 5998
f 5963 5964 5999
f 5964 6000 5999
f 5964 5965 6000
f 5965 6001 6000
f 5965 5966 6001
f 5966 6002 6001
f 5966 5967 6002
f 5967 6003 6002
f 5967 5968 6003
f 5968 6004 6003
f 5968 5969 6004
f 5969 6005 6004
f 5969 5970 6005
f 5970 6006 6005
f 5970 5971 6006
f 5971 6007 6006
f 5971 5972 6007
f 5972 6008 6007
f 5972 5973 6008
f 5973 6009 6008
f 5973 5974 6009
f 5974 6010 6009
f 5974 5975 6010
f 5975 6011 6010
f 5975 5976 6011
f 5976 6012 6011
f 5976 5941 6012
f 5941 5977 6012
f 5977 5978 6013
f 5978 6014 6013
f 5978 5979 6014
f 5979 6015 6014
f 5979 5980 6015
f 5980 6016 6015
f 5980 5981 6016
f 5981 6017 6016
f 5981 5982 6017
f 5982 6018 6017
f 5982 5983 6018
f 5983 6019 6018
f 5983 5984 6019
f 5984 6020 6019
f 5984 5985 6020
f 5985 6021 6020
f 5985 5986 6021
f 5986 6022 6021
f 5986 5987 6022
f 5987 6023 6022
f 5987 5988 6023
f 5988 6024 6023
f 5988 5989 6024
f 5989 6025 6024
f 5989 5990 6025
f 5990 6026 6025
f 5990 5991 6026
f 5991 6027 6026
f 5991 5992 6027
f 5992 6028 6027
f 5992 5993 6028
f 5993 6029 6028
f 5993 5994 6029
f 5994 6030 6029
f 5994 5995 6030
f 5995 6031 6030
f 5995 5996 6031
f 5996 6032 6031
f 5996 5997 6032
f 5997 6033 6032
f 5997 5998 6033
f 5998 6034 6033
f 5998 5999 6034
f 5999 6035 6034
f 5999 6000 6035
f 6000 6036 6035
f 6000 6001 6036
f 6001 6037 6036
f 6001 6002 6037
f 6002 6038 6037
f 6002 6003 6038
f 6003 6039 6038
f 6003 6004 6039
f 6004 6040 6039
f 6004 6005 6040
f 6005 6041 6040
f 6005 6006 6041
f 6006 6042 6041
f 6006 6007 6042
f 6007 6043 6042
f 6007 6008 6043
f 6008 6044 6043
f 6008 6009 6044
f 6009 6045 6044
f 6009 6010 6045
f 6010 6046 6045
f 6010 6011 6046
f 6011 6047 6046
f 6011 6012 6047
f 6012 6048 6047
f 6012 5977 6048
f 5977 6013 6048
f 6013 6014 6049
f 6014 6050 6049
f 6014 6015 6050
f 6015 6051 6050
f 6015 6016 6051
f 6016 6052 6051
f 6016 6017 6052
f 6017 6053 6052
f 6017 6018 6053
f 6018 6054 6053
f 6018 6019 6054
f 6019 6055 6054
f 6019 6020 6055
f 6020 6056 6055
f 6020 6021 6056
f 6021 6057 6056
f 6021 6022 6057
f 6022 6058 6057
f 6022 6023 6058
f 6023 6059 6058
f 6023 6024 6059
f 6024 6060 6059
f 6024 6025 6060
f 6025 6061 6060
f 6025 6026 6061
f 6026 6062 6061
f 6026 6027 6062
f 6027 6063 6062
f 6027 6028 6063
f 6028 6064 6063
f 6028 6029 6064
f 6029 6065 6064
f 6029 6030 6065
f 6030 6066 6065
f 6030 6031 6066
f 6031 6067 6066
f 6031 6032 6067
f 6032 6068 6067
f 6032 6033 6068
f 6033 6069 6068
f 6033 6034 6069
f 6034 6070 6069
f 6034 6035 6070
f 6035 6071 6070
f 6035 6036 6071
f 6036 6072 6071
f 6036 6037 6072
f 6037 6073 6072
f 6037 6038 6073
f 6038 6074 6073
f 6038 6039 6074
f 6039 6075 6074
f 6039 6040 6075
f 6040 6076 6075
f 6040 6041 6076
f 6041 6077 6076
f 6041 6042 6077
f 6042 6078 6077
f 6042 6043 6078
f 6043 6079 6078
f 6043 6044 6079
f 6044 6080 6079
f 6044 6045 6080
f 6045 6081 6080
f 6045 6046 6081
f 6046 6082 6081
f 6046 6047 6082
f 6047 6083 6082
f 6047 6048 6083
f 6048 6084 6083
f 6048 6013 6084
f 6013 6049 6084
f 6049 6050 6085
f 6050 6086 6085
f 6050 6051 6086
f 6051 6087 6086
f 6051 6052 6087
f 6052 6088 6087
f 6052 6053 6088
f 6053 6089 6088
f 6053 6054 6089
f 6054 6090 6089
f 6054 6055 6090
f 6055 6091 6090
f 6055 6056 6091
f 6056 6092 6091
f 6056 6057 6092
f 6057 6093 6092
f 6057 6058 6093
f 6058 6094 6093
f 6058 6059 6094
f 6059 6095 6094
f 6059 6060 6095
f 6060 6096 6095
f 6060 6061 6096
f 6061 6097 6096
f 6061 6062 6097
f 6062 6098 6097
f 6062 6063 6098
f 6063 6099 6098
f 6063 6064 6099
f 6064 6100 6099
f 6064 6065 6100
f 6065 6101 6100
f 6065 6066 6101
f 6066 6102 6101
f 6066 6067 6102
f 6067 6103 6102
f 6067 6068 6103
f 6068 6104 6103
f 6068 6069 6104
f 6069 6105 6104
f 6069 6070 6105
f 6070 6106 6105
f 6070 6071 6106
f 6071 6107 6106
f 6071 6072 6107
f 6072 6108 6107
f 6072 6073 6108
f 6073 6109 6108
f 6073 6074 6109
f 6074 6110 6109
f 6074 6075 6110
f 6075 6111 6110
f 6075 6076 6111
f 6076 6112 6111
f 6076 6077 6112
f 6077 6113 6112
f 6077 6078 6113
f 6078 6114 6113
f 6078 6079 6114
f 6079 6115 6114
f 6079 6080 6115
f 6080 6116 6115
f 6080 6081 6116
f 6081 6117 6116
f 6081 6082 6117
f 6082 6118 6117
f 6082 6083 6118
f 6083 6119 6118
f 6083 6084 6119
f 6084 6120 6119
f 6084 6049 6120
f 6049 6085 6120
f 6085 6086 6121
f 6086 6122 6121
f 6086 6087 6122
f 6087 6123 6122
f 6087 6088 6123
f 6088 6124 6123
f 6088 6089 6124
f 6089 6125 6124
f 6089 6090 6125
f 6090 6126 6125
f 6090 6091 6126
f 6091 6127 6126
f 6091 6092 6127
f 6092 6128 6127
f 6092 6093 6128
f 6093 6129 6128
f 6093 6094 6129
f 6094 6130 6129
f 6094 6095 6130
f 6095 6131 6130
f 6095 6096 6131
f 6096 6132 6131
f 6096 6097 6132
f 6097 6133 6132
f 6097 6098 6133
f 6098 6134 6133
f 6098 6099 6134
f 6099 6135 6134
f 6099 6100 6135
f 6100 6136 6135
f 6100 6101 6136
f 6101 6137 6136
f 6101 6102 6137
f 6102 6138 6137
f 6102 6103 6138
f 6103 6139 6138
f 6103 6104 6139
f 6104 6140 6139
f 6104 6105 6140
f 6105 6141 6140
f 6105 6106 6141
f 6106 6142 6141
f 6106 6107 6142
f 6107 6143 6142
f 6107 6108 6143
f 6108 6144 6143
f 6108 6109 6144
f 6109 6145 6144
f 6109 6110 6145
f 6110 6146 6145
f 6110 6111 6146
f 6111 6147 6146
f 6111 6112 6147
f 6112 6148 6147
f 6112 6113 6148
f 6113 6149 6148
f 6113 6114 6149
f 6114 6150 6149
f 6114 6115 6150
f 6115 6151 6150
f 6115 6116 6151
f 6116 6152 6151
f 6116 6117 6152
f 6117 6153 6152
f 6117 6118 6153
f 6118 6154 6153
f 6118 6119 6154
f 6119 6155 6154
f 6119 6120 6155
f 6120 6156 6155
f 6120 6085 6156
f 6085 6121 6156
f 6121 6122 6157
f 6122 6158 6157
f 6122 6123 6158
f 6123 6159 6158
f 6123 6124 6159
f 6124 6160 6159
f 6124 6125 6160
f 6125 6161 6160
f 6125 6126 6161
f 6126 6162 6161
f 6126 6127 6162
f 6127 6163 6162
f 6127 6128 6163
f 6128 6164 6163
f 6128 6129 6164
f 6129 6165 6164
f 6129 6130 6165
f 6130 6166 6165
f 6130 6131 6166
f 6131 6167 6166
f 6131 6132 6167
f 6132 6168 6167
f 6132 6133 6168
f 6133 6169 6168
f 6133 6134 6169
f 6134 6170 6169
f 6134 6135 6170
f 6135 6171 6170
f 6135 6136 6171
f 6136 6172 6171
f 6136 6137 6172
f 6137 6173 6172
f 6137 6138 6173
f 6138 6174 6173
f 6138 6139 6174
f 6139 6175 6174
f 6139 6140 6175
f 6140 6176 6175
f 6140 6141 6176
f 6141 6177 6176
f 6141 6142 6177
f 6142 6178 6177
f 6142 6143 6178
f 6143 6179 6178
f 6143 6144 6179
f 6144 6180 6179
f 6144 6145 6180
f 6145 6181 6180
f 6145 6146 6181
f 6146 6182 6181
f 6146 6147 6182
f 6147 6183 6182
f 6147 6148 6183
f 6148 6184 6183
f 6148 6149 6184
f 6149 6185 6184
f 6149 6150 6185
f 6150 6186 6185
f 6150 6151 6186
f 6151 6187 6186
f 6151 6152 6187
f 6152 6188 6187
f 6152 6153 6188
f 6153 6189 6188
f 6153 6154 6189
f 6154 6190 6189
f 6154 6155 6190
f 6155 6191 6190
f 6155 6156 6191
f 6156 6192 6191
f 6156 6121 6192
f 6121 6157 6192
f 6157 6158 6193
f 6158 6194 6193
f 6158 6159 6194
f 6159 6195 6194
f 6159 6160 6195
f 6160 6196 6195
f 6160 6161 6196
f 6161 6197 6196
f 6161 6162 6197
f 6162 6198 6197
f 6162 6163 6198
f 6163 6199 6198
f 6163 6164 6199
f 6164 6200 6199
f 6164 6165 6200
f 6165 6201 6200
f 6165 6166 6201
f 6166 6202 6201
f 6166 6167 6202
f 6167 6203 6202
f 6167 6168 6203
f 6168 6204 6203
f 6168 6169 6204
f 6169 6205 6204
f 6169 6170 6205
f 6170 6206 6205
f 6170 6171 6206
f 6171 6207 6206
f 6171 6172 6207
f 6172 6208 6207
f 6172 6173 6208
f 6173 6209 6208
f 6173 6174 6209
f 6174 6210 6209
f 6174 6175 6210
f 6175 6211 6210
f 6175 6176 6211
f 6176 6212 6211
f 6176 6177 6212
f 6177 6213 6212
f 6177 6178 6213
f 6178 6214 6213
f 6178 6179 6214
f 6179 6215 6214
f 6179 6180 6215
f 6180 6216 6215
f 6180 6181 6216
f 6181 6217 6216
f 6181 6182 6217
f 6182 6218 6217
f 6182 6183 6218
f 6183 6219 6218
f 6183 6184 6219
f 6184 6220 6219
f 6184 6185 6220
f 6185 6221 6220
f 6185 6186 6221
f 6186 6222 6221
f 6186 6187 6222
f 6187 6223 6222
f 6187 6188 6223
f 6188 6224 6223
f 6188 6189 6224
f 6189 6225 6224
f 6189 6190 6225
f 6190 6226 6225
f 6190 6191 6226
f 6191 6227 6226
f 6191 6192 6227
f 6192 6228 6227
f 6192 6157 6228
f 6157 6193 6228
f 6193 6194 6229
f 6194 6230 6229
f 6194 6195 6230
f 6195 6231 6230
f 6195 6196 6231
f 6196 6232 6231
f 6196 6197 6232
f 6197 6233 6232
f 6197 6198 6233
f 6198 6234 6233
f 6198 6199 6234
f 6199 6235 6234
f 6199 6200 6235
f 6200 6236 6235
f 6200 6201 6236
f 6201 6237 6236
f 6201 6202 6237
f 6202 6238 6237
f 6202 6203 6238
f 6203 6239 6238
f 6203 6204 6239
f 6204 6240 6239
f 6204 6205 6240
f 6205 6241 6240
f 6205 6206 6241
f 6206 6242 6241
f 6206 6207 6242
f 6207 6243 6242
f 6207 6208 6243
f 6208 6244 6243
f 6208 6209 6244
f 6209 6245 6244
f 6209 6210 6245
f 6210 6246 6245
f 6210 6211 6246
f 6211 6247 6246
f 6211 6212 6247
f 6212 6248 6247
f 6212 6213 6248
f 6213 6249 6248
f 6213 6214 6249
f 6214 6250 6249
f 6214 6215 6250
f 6215 6251 6250
f 6215 6216 6251
f 6216 6252 6251
f 6216 6217 6252
f 6217 6253 6252
f 6217 6218 6253
f 6218 6254 6253
f 6218 6219 6254
f 6219 6255 6254
f 6219 6220 6255
f 6220 6256 6255
f 6220 6221 6256
f 6221 6257 6256
f 6221 6222 6257
f 6222 6258 6257
f 6222 6223 6258
f 6223 6259 6258
f 6223 6224 6259
f 6224 6260 6259
f 6224 6225 6260
f 6225 6261 6260
f 6225 6226 6261
f 6226 6262 6261
f 6226 6227 6262
f 6227 6263 6262
f 6227 6228 6263
f 6228 6264 6263
f 6228 6193 6264
f 6193 6229 6264
f 6229 6230 6265
f 6230 6266 6265
f 6230 6231 6266
f 6231 6267 6266
f 6231 6232 6267
f 6232 6268 6267
f 6232 6233 6268
f 6233 6269 6268
f 6233 6234 6269
f 6234 6270 6269
f 6234 6235 6270
f 6235 6271 6270
f 6235 6236 6271
f 6236 6272 6271
f 6236 6237 6272
f 6237 6273 6272
f 6237 6238 6273
f 6238 6274 6273
f 6238 6239 6274
f 6239 6275 6274
f 6239 6240 6275
f 6240 6276 6275
f 6240 6241 6276
f 6241 6277 6276
f 6241 6242 6277
f 6242 6278 6277
f 6242 6243 6278
f 6243 6279 6278
f 6243 6244 6279
f 6244 6280 6279
f 6244 6245 6280
f 6245 6281 6280
f 6245 6246 6281
f 6246 6282 6281
f 6246 6247 6282
f 6247 6283 6282
f 6247 6248 6283
f 6248 6284 6283
f 6248 6249 6284
f 6249 6285 6284
f 6249 6250 6285
f 6250 6286 6285
f 6250 6251 6286
f 6251 6287 6286
f 6251 6252 6287
f 6252 6288 6287
f 6252 6253 6288
f 6253 6289 6288
f 6253 6254 6289
f 6254 6290 6289
f 6254 6255 6290
f 6255 6291 6290
f 6255 6256 6291
f 6256 6292 6291
f 6256 6257 6292
f 6257 6293 6292
f 6257 6258 6293
f 6258 6294 6293
f 6258 6259 6294
f 6259 6295 6294
f 6259 6260 6295
f 6260 6296 6295
f 6260 6261 6296
f 6261 6297 6296
f 6261 6262 6297
f 6262 6298 6297
f 6262 6263 6298
f 6263 6299 6298
f 6263 6264 6299
f 6264 6300 6299
f 6264 6229 6300
f 6229 6265 6300
f 6265 6266 6301
f 6266 6302 6301
f 6266 6267 6302
f 6267 6303 6302
f 6267 6268 6303
f 6268 6304 6303
f 6268 6269 6304
f 6269 6305 6304
f 6269 6270 6305
f 6270 6306 6305
f 6270 6271 6306
f 6271 6307 6306
f 6271 6272 6307
f 6272 6308 6307
f 6272 6273 6308
f 6273 6309 6308
f 6273 6274 6309
f 6274 6310 6309
f 6274 6275 6310
f 6275 6311 6310
f 6275 6276 6311
f 6276 6312 6311
f 6276 6277 6312
f 6277 6313 6312
f 6277 6278 6313
f 6278 6314 6313
f 6278 6279 6314
f 6279 6315 6314
f 6279 6280 6315
f 6280 6316 6315
f 6280 6281 6316
f 6281 6317 6316
f 6281 6282 6317
f 6282 6318 6317
f 6282 6283 6318
f 6283 6319 6318
f 6283 6284 6319
f 6284 6320 6319
f 6284 6285 6320
f 6285 6321 6320
f 6285 6286 6321
f 6286 6322 6321
f 6286 6287 6322
f 6287 6323 6322
f 6287 6288 6323
f 6288 6324 6323
f 6288 6289 6324
f 6289 6325 6324
f 6289 6290 6325
f 6290 6326 6325
f 6290 6291 6326
f 6291 6327 6326
f 6291 6292 6327
f 6292 6328 6327
f 6292 6293 6328
f 6293 6329 6328
f 6293 6294 6329
f 6294 6330 6329
f 6294 6295 6330
f 6295 6331 6330
f 6295 6296 6331
f 6296 6332 6331
f 6296 6297 6332
f 6297 6333 6332
f 6297 6298 6333
f 6298 6334 6333
f 6298 6299 6334
f 6299 6335 6334
f 6299 6300 6335
f 6300 6336 6335
f 6300 6265 6336
f 6265 6301 6336
f 6301 6302 6337
f 6302 6338 6337
f 6302 6303 6338
f 6303 6339 6338
f 6303 6304 6339
f 6304 6340 6339
f 6304 6305 6340
f 6305 6341 6340
f 6305 6306 6341
f 6306 6342 6341
f 6306 6307 6342
f 6307 6343 6342
f 6307 6308 6343
f 6308 6344 6343
f 6308 6309 6344
f 6309 6345 6344
f 6309 6310 6345
f 6310 6346 6345
f 6310 6311 6346
f 6311 6347 6346
f 6311 6312 6347
f 6312 6348 6347
f 6312 6313 6348
f 6313 6349 6348
f 6313 6314 6349
f 6314 6350 6349
f 6314 6315 6350
f 6315 6351 6350
f 6315 6316 6351
f 6316 6352 6351
f 6316 6317 6352
f 6317 6353 6352
f 6317 6318 6353
f 6318 6354 6353
f 6318 6319 6354
f 6319 6355 6354
f 6319 6320 6355
f 6320 6356 6355
f 6320 6321 6356
f 6321 6357 6356
f 6321 6322 6357
f 6322 6358 6357
f 6322 6323 6358
f 6323 6359 6358
f 6323 6324 6359
f 6324 6360 6359
f 6324 6325 6360
f 6325 6361 6360
f 6325 6326 6361
f 6326 6362 6361
f 6326 6327 6362
f 6327 6363 6362
f 6327 6328 6363
f 6328 6364 6363
f 6328 6329 6364
f 6329 6365 6364
f 6329 6330 6365
f 6330 6366 6365
f 6330 6331 6366
f 6331 6367 6366
f 6331 6332 6367
f 6332 6368 6367
f 6332 6333 6368
f 6333 6369 6368
f 6333 6334 6369
f 6334 6370 6369
f 6334 6335 6370
f 6335 6371 6370
f 6335 6336 6371
f 6336 6372 6371
f 6336 6301 6372
f 6301 6337 6372
f 6337 6338 6373
f 6338 6374 6373
f 6338 6339 6374
f 6339 6375 6374
f 6339 6340 6375
f 6340 6376 6375
f 6340 6341 6376
f 6341 6377 6376
f 6341 6342 6377
f 6342 6378 6377
f 6342 6343 6378
f 6343 6379 6378
f 6343 6344 6379
f 6344 6380 6379
f 6344 6345 6380
f 6345 6381 6380
f 6345 6346 6381
f 6346 6382 6381
f 6346 6347 6382
f 6347 6383 6382
f 6347 6348 6383
f 6348 6384 6383
f 6348 6349 6384
f 6349 6385 6384
f 6349 6350 6385
f 6350 6386 6385
f 6350 6351 6386
f 6351 6387 6386
f 6351 6352 6387
f 6352 6388 6387
f 6352 6353 6388
f 6353 6389 6388
f 6353 6354 6389
f 6354 6390 6389
f 6354 6355 6390
f 6355 6391 6390
f 6355 6356 6391
f 6356 6392 6391
f 6356 6357 6392
f 6357 6393 6392
f 6357 6358 6393
f 6358 6394 6393
f 6358 6359 6394
f 6359 6395 6394
f 6359 6360 6395
f 6360 6396 6395
f 6360 6361 6396
f 6361 6397 6396
f 6361 6362 6397
f 6362 6398 6397
f 6362 6363 6398
f 6363 6399 6398
f 6363 6364 6399
f 6364 6400 6399
f 6364 6365 6400
f 6365 6401 6400
f 6365 6366 6401
f 6366 6402 6401
f 6366 6367 6402
f 6367 6403 6402
f 6367 6368 6403
f 6368 6404 6403
f 6368 6369 6404
f 6369 6405 6404
f 6369 6370 6405
f 6370 6406 6405
f 6370 6371 6406
f 6371 6407 6406
f 6371 6372 6407
f 6372 6408 6407
f 6372 6337 6408
f 6337 6373 6408
f 6373 6374 6409
f 6374 6410 6409
f 6374 6375 6410
f 6375 6411 6410
f 6375 6376 6411
f 6376 6412 6411
f 6376 6377 6412
f 6377 6413 6412
f 6377 6378 6413
f 6378 6414 6413
f 6378 6379 6414
f 6379 6415 6414
f 6379 6380 6415
f 6380 6416 6415
f 6380 6381 6416
f 6381 6417 6416
f 6381 6382 6417
f 6382 6418 6417
f 6382 6383 6418
f 6383 6419 6418
f 6383 6384 6419
f 6384 6420 6419
f 6384 6385 6420
f 6385 6421 6420
f 6385 6386 6421
f 6386 6422 6421
f 6386 6387 6422
f 6387 6423 6422
f 6387 6388 6423
f 6388 6424 6423
f 6388 6389 6424
f 6389 6425 6424
f 6389 6390 6425
f 6390 6426 6425
f 6390 6391 6426
f 6391 6427 6426
f 6391 6392 6427
f 6392 6428 6427
f 6392 6393 6428
f 6393 6429 6428
f 6393 6394 6429
f 6394 6430 6429
f 6394 6395 6430
f 6395 6431 6430
f 6395 6396 6431
f 6396 6432 6431
f 6396 6397 6432
f 6397 6433 6432
f 6397 6398 6433
f 6398 6434 6433
f 6398 6399 6434
f 6399 6435 6434
f 6399 6400 6435
f 6400 6436 6435
f 6400 6401 6436
f 6401 6437 6436
f 6401 6402 6437
f 6402 6438 6437
f 6402 6403 6438
f 6403 6439 6438
f 6403 6404 6439
f 6404 6440 6439
f 6404 6405 6440
f 6405 6441 6440
f 6405 6406 6441
f 6406 6442 6441
f 6406 6407 6442
f 6407 6443 6442
f 6407 6408 6443
f 6408 6444 6443
f 6408 6373 6444
f 6373 6409 6444
f 6409 6410 6445
f 6410 6446 6445
f 6410 6411 6446
f 6411 6447 6446
f 6411 6412 6447
f 6412 6448 6447
f 6412 6413 6448
f 6413 6449 6448
f 6413 6414 6449
f 6414 6450 6449
f 6414 6415 6450
f 6415 6451 6450
f 6415 6416 6451
f 6416 6452 6451
f 6416 6417 6452
f 6417 6453 6452
f 6417 6418 6453
f 6418 6454 6453
f 6418 6419 6454
f 6419 6455 6454
f 6419 6420 6455
f 6420 6456 6455
f 6420 6421 6456
f 6421 6457 6456
f 6421 6422 6457
f 6422 6458 6457
f 6422 6423 6458
f 6423 6459 6458
f 6423 6424 6459
f 6424 6460 6459
f 6424 6425 6460
f 6425 6461 6460
f 6425 6426 6461
f 6426 6462 6461
f 6426 6427 6462
f 6427 6463 6462
f 6427 6428 6463
f 6428 6464 6463
f 6428 6429 6464
f 6429 6465 6464
f 6429 6430 6465
f 6430 6466 6465
f 6430 6431 6466
f 6431 6467 6466
f 6431 6432 6467
f 6432 6468 6467
f 6432 6433 6468
f 6433 6469 6468
f 6433 6434 6469
f 6434 6470 6469
f 6434 6435 6470
f 6435 6471 6470
f 6435 6436 6471
f 6436 6472 6471
f 6436 6437 6472
f 6437 6473 6472
f 6437 6438 6473
f 6438 6474 6473
f 6438 6439 6474
f 6439 6475 6474
f 6439 6440 6475
f 6440 6476 6475
f 6440 6441 6476
f 6441 6477 6476
f 6441 6442 6477
f 6442 6478 6477
f 6442 6443 6478
f 6443 6479 6478
f 6443 6444 6479
f 6444 6480 6479
f 6444 6409 6480
f 6409 6445 6480
f 6445 6446 6481
f 6446 6482 6481
f 6446 6447 6482
f 6447 6483 6482
f 6447 6448 6483
f 6448 6484 6483
f 6448 6449 6484
f 6449 6485 6484
f 6449 6450 6485
f 6450 6486 6485
f 6450 6451 6486
f 6451 6487 6486
f 6451 6452 6487
f 6452 6488 6487
f 6452 6453 6488
f 6453 6489 6488
f 6453 6454 6489
f 6454 6490 6489
f 6454 6455 6490
f 6455 6491 6490
f 6455 6456 6491
f 6456 6492 6491
f 6456 6457 6492
f 6457 6493 6492
f 6457 6458 6493
f 6458 6494 6493
f 6458 6459 6494
f 6459 6495 6494
f 6459 6460 6495
f 6460 6496 6495
f 6460 6461 6496
f 6461 6497 6496
f 6461 6462 6497
f 6462 6498 6497
f 6462 6463 6498
f 6463 6499 6498
f 6463 6464 6499
f 6464 6500 6499
f 6464 6465 6500
f 6465 6501 6500
f 6465 6466 6501
f 6466 6502 6501
f 6466 6467 6502
f 6467 6503 6502
f 6467 6468 6503
f 6468 6504 6503
f 6468 6469 6504
f 6469 6505 6504
f 6469 6470 6505
f 6470 6506 6505
f 6470 6471 6506
f 6471 6507 6506
f 6471 6472 6507
f 6472 6508 6507
f 6472 6473 6508
f 6473 6509 6508
f 6473 6474 6509
f 6474 6510 6509
f 6474 6475 6510
f 6475 6511 6510
f 6475 6476 6511
f 6476 6512 6511
f 6476 6477 6512
f 6477 6513 6512
f 6477 6478 6513
f 6478 6514 6513
f 6478 6479 6514
f 6479 6515 6514
f 6479 6480 6515
f 6480 6516 6515
f 6480 6445 6516
f 6445 6481 6516
f 6481 6482 6517
f 6482 6518 6517
f 6482 6483 6518
f 6483 6519 6518
f 6483 6484 6519
f 6484 6520 6519
f 6484 6485 6520
f 6485 6521 6520
f 6485 6486 6521
f 6486 6522 6521
f 6486 6487 6522
f 6487 6523 6522
f 6487 6488 6523
f 6488 6524 6523
f 6488 6489 6524
f 6489 6525 6524
f 6489 6490 6525
f 6490 6526 6525
f 6490 6491 6526
f 6491 6527 6526
f 6491 6492 6527
f 6492 6528 6527
f 6492 6493 6528
f 6493 6529 6528
f 6493 6494 6529
f 6494 6530 6529
f 6494 6495 6530
f 6495 6531 6530
f 6495 6496 6531
f 6496 6532 6531
f 6496 6497 6532
f 6497 6533 6532
f 6497 6498 6533
f 6498 6534 6533
f 6498 6499 6534
f 6499 6535 6534
f 6499 6500 6535
f 6500 6536 6535
f 6500 6501 6536
f 6501 6537 6536
f 6501 6502 6537
f 6502 6538 6537
f 6502 6503 6538
f 6503 6539 6538
f 6503 6504 6539
f 6504 6540 6539
f 6504 6505 6540
f 6505 6541 6540
f 6505 6506 6541
f 6506 6542 6541
f 6506 6507 6542
f 6507 6543 6542
f 6507 6508 6543
f 6508 6544 6543
f 6508 6509 6544
f 6509 6545 6544
f 6509 6510 6545
f 6510 6546 6545
f 6510 6511 6546
f 6511 6547 6546
f 6511 6512 6547
f 6512 6548 6547
f 6512 6513 6548
f 6513 6549 6548
f 6513 6514 6549
f 6514 6550 6549
f 6514 6515 6550
f 6515 6551 6550
f 6515 6516 6551
f 6516 6552 6551
f 6516 6481 6552
f 6481 6517 6552
f 6517 6518 6553
f 6518 6554 6553
f 6518 6519 6554
f 6519 6555 6554
f 6519 6520 6555
f 6520 6556 6555
f 6520 6521 6556
f 6521 6557 6556
f 6521 6522 6557
f 6522 6558 6557
f 6522 6523 6558
f 6523 6559 6558
f 6523 6524 6559
f 6524 6560 6559
f 6524 6525 6560
f 6525 6561 6560
f 6525 6526 6561
f 6526 6562 6561
f 6526 6527 6562
f 6527 6563 6562
f 6527 6528 6563
f 6528 6564 6563
f 6528 6529 6564
f 6529 6565 6564
f 6529 6530 6565
f 6530 6566 6565
f 6530 6531 6566
f 6531 6567 6566
f 6531 6532 6567
f 6532 6568 6567
f 6532 6533 6568
f 6533 6569 6568
f 6533 6534 6569
f 6534 6570 6569
f 6534 6535 6570
f 6535 6571 6570
f 6535 6536 6571
f 6536 6572 6571
f 6536 6537 6572
f 6537 6573 6572
f 6537 6538 6573
f 6538 6574 6573
f 6538 6539 6574
f 6539 6575 6574
f 6539 6540 6575
f 6540 6576 6575
f 6540 6541 6576
f 6541 6577 6576
f 6541 6542 6577
f 6542 6578 6577
f 6542 6543 6578
f 6543 6579 6578
f 6543 6544 6579
f 6544 6580 6579
f 6544 6545 6580
f 6545 6581 6580
f 6545 6546 6581
f 6546 6582 6581
f 6546 6547 6582
f 6547 6583 6582
f 6547 6548 6583
f 6548 6584 6583
f 6548 6549 6584
f 6549 6585 6584
f 6549 6550 6585
f 6550 6586 6585
f 6550 6551 6586
f 6551 6587 6586
f 6551 6552 6587
f 6552 6588 6587
f 6552 6517 6588
f 6517 6553 6588
f 6553 6554 6589
f 6554 6590 6589
f 6554 6555 6590
f 6555 6591 6590
f 6555 6556 6591
f 6556 6592 6591
f 6556 6557 6592
f 6557 6593 6592
f 6557 6558 6593
f 6558 6594 6593
f 6558 6559 6594
f 6559 6595 6594
f 6559 6560 6595
f 6560 6596 6595
f 6560 6561 6596
f 6561 6597 6596
f 6561 6562 6597
f 6562 6598 6597
f 6562 6563 6598
f 6563 6599 6598
f 6563 6564 6599
f 6564 6600 6599
f 6564 6565 6600
f 6565 6601 6600
f 6565 6566 6601
f 6566 6602 6601
f 6566 6567 6602
f 6567 6603 6602
f 6567 6568 6603
f 6568 6604 6603
f 6568 6569 6604
f 6569 6605 6604
f 6569 6570 6605
f 6570 6606 6605
f 6570 6571 6606
f 6571 6607 6606
f 6571 6572 6607
f 6572 6608 6607
f 6572 6573 6608
f 6573 6609 6608
f 6573 6574 6609
f 6574 6610 6609
f 6574 6575 6610
f 6575 6611 6610
f 6575 6576 6611
f 6576 6612 6611
f 6576 6577 6612
f 6577 6613 6612
f 6577 6578 6613
f 6578 6614 6613
f 6578 6579 6614
f 6579 6615 6614
f 6579 6580 6615
f 6580 6616 6615
f 6580 6581 6616
f 6581 6617 6616
f 6581 6582 6617
f 6582 6618 6617
f 6582 6583 6618
f 6583 6619 6618
f 6583 6584 6619
f 6584 6620 6619
f 6584 6585 6620
f 6585 6621 6620
f 6585 6586 6621
f 6586 6622 6621
f 6586 6587 6622
f 6587 6623 6622
f 6587 6588 6623
f 6588 6624 6623
f 6588 6553 6624
f 6553 6589 6624
f 6589 6590 6625
f 6590 6626 6625
f 6590 6591 6626
f 6591 6627 6626
f 6591 6592 6627
f 6592 6628 6627
f 6592 6593 6628
f 6593 6629 6628
f 6593 6594 6629
f 6594 6630 6629
f 6594 6595 6630
f 6595 6631 6630
f 6595 6596 6631
f 6596 6632 6631
f 6596 6597 6632
f 6597 6633 6632
f 6597 6598 6633
f 6598 6634 6633
f 6598 6599 6634
f 6599 6635 6634
f 6599 6600 6635
f 6600 6636 6635
f 6600 6601 6636
f 6601 6637 6636
f 6601 6602 6637
f 6602 6638 6637
f 6602 6603 6638
f 6603 6639 6638
f 6603 6604 6639
f 6604 6640 6639
f 6604 6605 6640
f 6605 6641 6640
f 6605 6606 6641
f 6606 6642 6641
f 6606 6607 6642
f 6607 6643 6642
f 6607 6608 6643
f 6608 6644 6643
f 6608 6609 6644
f 6609 6645 6644
f 6609 6610 6645
f 6610 6646 6645
f 6610 6611 6646
f 6611 6647 6646
f 6611 6612 6647
f 6612 6648 6647
f 6612 6613 6648
f 6613 6649 6648
f 6613 6614 6649
f 6614 6650 6649
f 6614 6615 6650
f 6615 6651 6650
f 6615 6616 6651
f 6616 6652 6651
f 6616 6617 6652
f 6617 6653 6652
f 6617 6618 6653
f 6618 6654 6653
f 6618 6619 6654
f 6619 6655 6654
f 6619 6620 6655
f 6620 6656 6655
f 6620 6621 6656
f 6621 6657 6656
f 6621 6622 6657
f 6622 6658 6657
f 6622 6623 6658
f 6623 6659 6658
f 6623 6624 6659
f 6624 6660 6659
f 6624 6589 6660
f 6589 6625 6660
f 6625 6626 6661
f 6626 6662 6661
f 6626 6627 6662
f 6627 6663 6662
f 6627 6628 6663
f 6628 6664 6663
f 6628 6629 6664
f 6629 6665 6664
f 6629 6630 6665
f 6630 6666 6665
f 6630 6631 6666
f 6631 6667 6666
f 6631 6632 6667
f 6632 6668 6667
f 6632 6633 6668
f 6633 6669 6668
f 6633 6634 6669
f 6634 6670 6669
f 6634 6635 6670
f 6635 6671 6670
f 6635 6636 6671
f 6636 6672 6671
f 6636 6637 6672
f 6637 6673 6672
f 6637 6638 6673
f 6638 6674 6673
f 6638 6639 6674
f 6639 6675 6674
f 6639 6640 6675
f 6640 6676 6675
f 6640 6641 6676
f 6641 6677 6676
f 6641 6642 6677
f 6642 6678 6677
f 6642 6643 6678
f 6643 6679 6678
f 6643 6644 6679
f 6644 6680 6679
f 6644 6645 6680
f 6645 6681 6680
f 6645 6646 6681
f 6646 6682 6681
f 6646 6647 6682
f 6647 6683 6682
f 6647 6648 6683
f 6648 6684 6683
f 6648 6649 6684
f 6649 6685 6684
f 6649 6650 6685
f 6650 6686 6685
f 6650 6651 6686
f 6651 6687 6686
f 6651 6652 6687
f 6652 6688 6687
f 6652 6653 6688
f 6653 6689 6688
f 6653 6654 6689
f 6654 6690 6689
f 6654 6655 6690
f 6655 6691 6690
f 6655 6656 6691
f 6656 6692 6691
f 6656 6657 6692
f 6657 6693 6692
f 6657 6658 6693
f 6658 6694 6693
f 6658 6659 6694
f 6659 6695 6694
f 6659 6660 6695
f 6660 6696 6695
f 6660 6625 6696
f 6625 6661 6696
f 6661 6662 6697
f 6662 6698 6697
f 6662 6663 6698
f 6663 6699 6698
f 6663 6664 6699
f 6664 6700 6699
f 6664 6665 6700
f 6665 6701 6700
f 6665 6666 6701
f 6666 6702 6701
f 6666 6667 6702
f 6667 6703 6702
f 6667 6668 6703
f 6668 6704 6703
f 6668 6669 6704
f 6669 6705 6704
f 6669 6670 6705
f 6670 6706 6705
f 6670 6671 6706
f 6671 6707 6706
f 6671 6672 6707
f 6672 6708 6707
f 6672 6673 6708
f 6673 6709 6708
f 6673 6674 6709
f 6674 6710 6709
f 6674 6675 6710
f 6675 6711 6710
f 6675 6676 6711
f 6676 6712 6711
f 6676 6677 6712
f 6677 6713 6712
f 6677 6678 6713
f 6678 6714 6713
f 6678 6679 6714
f 6679 6715 6714
f 6679 6680 6715
f 6680 6716 6715
f 6680 6681 6716
f 6681 6717 6716
f 6681 6682 6717
f 6682 6718 6717
f 6682 6683 6718
f 6683 6719 6718
f 6683 6684 6719
f 6684 6720 6719
f 6684 6685 6720
f 6685 6721 6720
f 6685 6686 6721
f 6686 6722 6721
f 6686 6687 6722
f 6687 6723 6722
f 6687 6688 6723
f 6688 6724 6723
f 6688 6689 6724
f 6689 6725 6724
f 6689 6690 6725
f 6690 6726 6725
f 6690 6691 6726
f 6691 6727 6726
f 6691 6692 6727
f 6692 6728 6727
f 6692 6693 6728
f 6693 6729 6728
f 6693 6694 6729
f 6694 6730 6729
f 6694 6695 6730
f 6695 6731 6730
f 6695 6696 6731
f 6696 6732 6731
f 6696 6661 6732
f 6661 6697 6732
f 6697 6698 6733
f 6698 6734 6733
f 6698 6699 6734
f 6699 6735 6734
f 6699 6700 6735
f 6700 6736 6735
f 6700 6701 6736
f 6701 6737 6736
f 6701 6702 6737
f 6702 6738 6737
f 6702 6703 6738
f 6703 6739 6738
f 6703 6704 6739
f 6704 6740 6739
f 6704 6705 6740
f 6705 6741 6740
f 6705 6706 6741
f 6706 6742 6741
f 6706 6707 6742
f 6707 6743 6742
f 6707 6708 6743
f 6708 6744 6743
f 6708 6709 6744
f 6709 6745 6744
f 6709 6710 6745
f 6710 6746 6745
f 6710 6711 6746
f 6711 6747 6746
f 6711 6712 6747
f 6712 6748 6747
f 6712 6713 6748
f 6713 6749 6748
f 6713 6714 6749
f 6714 6750 6749
f 6714 6715 6750
f 6715 6751 6750
f 6715 6716 6751
f 6716 6752 6751
f 6716 6717 6752
f 6717 6753 6752
f 6717 6718 6753
f 6718 6754 6753
f 6718 6719 6754
f 6719 6755 6754
f 6719 6720 6755
f 6720 6756 6755
f 6720 6721 6756
f 6721 6757 6756
f 6721 6722 6757
f 6722 6758 6757
f 6722 6723 6758
f 6723 6759 6758
f 6723 6724 6759
f 6724 6760 6759
f 6724 6725 6760
f 6725 6761 6760
f 6725 6726 6761
f 6726 6762 6761
f 6726 6727 6762
f 6727 6763 6762
f 6727 6728 6763
f 6728 6764 6763
f 6728 6729 6764
f 6729 6765 6764
f 6729 6730 6765
f 6730 6766 6765
f 6730 6731 6766
f 6731 6767 6766
f 6731 6732 6767
f 6732 6768 6767
f 6732 6697 6768
f 6697 6733 6768
f 6733 6734 6769
f 6734 6770 6769
f 6734 6735 6770
f 6735 6771 6770
f 6735 6736 6771
f 6736 6772 6771
f 6736 6737 6772
f 6737 6773 6772
f 6737 6738 6773
f 6738 6774 6773
f 6738 6739 6774
f 6739 6775 6774
f 6739 6740 6775
f 6740 6776 6775
f 6740 6741 6776
f 6741 6777 6776
f 6741 6742 6777
f 6742 6778 6777
f 6742 6743 6778
f 6743 6779 6778
f 6743 6744 6779
f 6744 6780 6779
f 6744 6745 6780
f 6745 6781 6780
f 6745 6746 6781
f 6746 6782 6781
f 6746 6747 6782
f 6747 6783 6782
f 6747 6748 6783
f 6748 6784 6783
f 6748 6749 6784
f 6749 6785 6784
f 6749 6750 6785
f 6750 6786 6785
f 6750 6751 6786
f 6751 6787 6786
f 6751 6752 6787
f 6752 6788 6787
f 6752 6753 6788
f 6753 6789 6788
f 6753 6754 6789
f 6754 6790 6789
f 6754 6755 6790
f 6755 6791 6790
f 6755 6756 6791
f 6756 6792 6791
f 6756 6757 6792
f 6757 6793 6792
f 6757 6758 6793
f 6758 6794 6793
f 6758 6759 6794
f 6759 6795 6794
f 6759 6760 6795
f 6760 6796 6795
f 6760 6761 6796
f 6761 6797 6796
f 6761 6762 6797
f 6762 6798 6797
f 6762 6763 6798
f 6763 6799 6798
f 6763 6764 6799
f 6764 6800 6799
f 6764 6765 6800
f 6765 6801 6800
f 6765 6766 6801
f 6766 6802 6801
f 6766 6767 6802
f 6767 6803 6802
f 6767 6768 6803
f 6768 6804 6803
f 6768 6733 6804
f 6733 6769 6804
f 6769 6770 6805
f 6770 6806 6805
f 6770 6771 6806
f 6771 6807 6806
f 6771 6772 6807
f 6772 6808 6807
f 6772 6773 6808
f 6773 6809 6808
f 6773 6774 6809
f 6774 6810 6809
f 6774 6775 6810
f 6775 6811 6810
f 6775 6776 6811
f 6776 6812 6811
f 6776 6777 6812
f 6777 6813 6812
f 6777 6778 6813
f 6778 6814 6813
f 6778 6779 6814
f 6779 6815 6814
f 6779 6780 6815
f 6780 6816 6815
f 6780 6781 6816
f 6781 6817 6816
f 6781 6782 6817
f 6782 6818 6817
f 6782 6783 6818
f 6783 6819 6818
f 6783 6784 6819
f 6784 6820 6819
f 6784 6785 6820
f 6785 6821 6820
f 6785 6786 6821
f 6786 6822 6821
f 6786 6787 6822
f 6787 6823 6822
f 6787 6788 6823
f 6788 6824 6823
f 6788 6789 6824
f 6789 6825 6824
f 6789 6790 6825
f 6790 6826 6825
f 6790 6791 6826
f 6791 6827 6826
f 6791 6792 6827
f 6792 6828 6827
f 6792 6793 6828
f 6793 6829 6828
f 6793 6794 6829
f 6794 6830 6829
f 6794 6795 6830
f 6795 6831 6830
f 6795 6796 6831
f 6796 6832 6831
f 6796 6797 6832
f 6797 6833 6832
f 6797 6798 6833
f 6798 6834 6833
f 6798 6799 6834
f 6799 6835 6834
f 6799 6800 6835
f 6800 6836 6835
f 6800 6801 6836
f 6801 6837 6836
f 6801 6802 6837
f 6802 6838 6837
f 6802 6803 6838
f 6803 6839 6838
f 6803 6804 6839
f 6804 6840 6839
f 6804 6769 6840
f 6769 6805 6840
f 6805 6806 6841
f 6806 6842 6841
f 6806 6807 6842
f 6807 6843 6842
f 6807 6808 6843
f 6808 6844 6843
f 6808 6809 6844
f 6809 6845 6844
f 6809 6810 6845
f 6810 6846 6845
f 6810 6811 6846
f 6811 6847 6846
f 6811 6812 6847
f 6812 6848 6847
f 6812 6813 6848
f 6813 6849 6848
f 6813 6814 6849
f 6814 6850 6849
f 6814 6815 6850
f 6815 6851 6850
f 6815 6816 6851
f 6816 6852 6851
f 6816 6817 6852
f 6817 6853 6852
f 6817 6818 6853
f 6818 6854 6853
f 6818 6819 6854
f 6819 6855 6854
f 6819 6820 6855
f 6820 6856 6855
f 6820 6821 6856
f 6821 6857 6856
f 6821 6822 6857
f 6822 6858 6857
f 6822 6823 6858
f 6823 6859 6858
f 6823 6824 6859
f 6824 6860 6859
f 6824 6825 6860
f 6825 6861 6860
f 6825 6826 6861
f 6826 6862 6861
f 6826 6827 6862
f 6827 6863 6862
f 6827 6828 6863
f 6828 6864 6863
f 6828 6829 6864
f 6829 6865 6864
f 6829 6830 6865
f 6830 6866 6865
f 6830 6831 6866
f 6831 6867 6866
f 6831 6832 6867
f 6832 6868 6867
f 6832 6833 6868
f 6833 6869 6868
f 6833 6834 6869
f 6834 6870 6869
f 6834 6835 6870
f 6835 6871 6870
f 6835 6836 6871
f 6836 6872 6871
f 6836 6837 6872
f 6837 6873 6872
f 6837 6838 6873
f 6838 6874 6873
f 6838 6839 6874
f 6839 6875 6874
f 6839 6840 6875
f 6840 6876 6875
f 6840 6805 6876
f 6805 6841 6876
f 6841 6842 6877
f 6842 6878 6877
f 6842 6843 6878
f 6843 6879 6878
f 6843 6844 6879
f 6844 6880 6879
f 6844 6845 6880
f 6845 6881 6880
f 6845 6846 6881
f 6846 6882 6881
f 6846 6847 6882
f 6847 6883 6882
f 6847 6848 6883
f 6848 6884 6883
f 6848 6849 6884
f 6849 6885 6884
f 6849 6850 6885
f 6850 6886 6885
f 6850 6851 6886
f 6851 6887 6886
f 6851 6852 6887
f 6852 6888 6887
f 6852 6853 6888
f 6853 6889 6888
f 6853 6854 6889
f 6854 6890 6889
f 6854 6855 6890
f 6855 6891 6890
f 6855 6856 6891
f 6856 6892 6891
f 6856 6857 6892
f 6857 6893 6892
f 6857 6858 6893
f 6858 6894 6893
f 6858 6859 6894
f 6859 6895 6894
f 6859 6860 6895
f 6860 6896 6895
f 6860 6861 6896
f 6861 6897 6896
f 6861 6862 6897
f 6862 6898 6897
f 6862 6863 6898
f 6863 6899 6898
f 6863 6864 6899
f 6864 6900 6899
f 6864 6865 6900
f 6865 6901 6900
f 6865 6866 6901
f 6866 6902 6901
f 6866 6867 6902
f 6867 6903 6902
f 6867 6868 6903
f 6868 6904 6903
f 6868 6869 6904
f 6869 6905 6904
f 6869 6870 6905
f 6870 6906 6905
f 6870 6871 6906
f 6871 6907 6906
f 6871 6872 6907
f 6872 6908 6907
f 6872 6873 6908
f 6873 6909 6908
f 6873 6874 6909
f 6874 6910 6909
f 6874 6875 6910
f 6875 6911 6910
f 6875 6876 6911
f 6876 6912 6911
f 6876 6841 6912
f 6841 6877 6912
f 6877 6878 6913
f 6878 6914 6913
f 6878 6879 6914
f 6879 6915 6914
f 6879 6880 6915
f 6880 6916 6915
f 6880 6881 6916
f 6881 6917 6916
f 6881 6882 6917
f 6882 6918 6917
f 6882 6883 6918
f 6883 6919 6918
f 6883 6884 6919
f 6884 6920 6919
f 6884 6885 6920
f 6885 6921 6920
f 6885 6886 6921
f 6886 6922 6921
f 6886 6887 6922
f 6887 6923 6922
f 6887 6888 6923
f 6888 6924 6923
f 6888 6889 6924
f 6889 6925 6924
f 6889 6890 6925
f 6890 6926 6925
f 6890 6891 6926
f 6891 6927 6926
f 6891 6892 6927
f 6892 6928 6927
f 6892 6893 6928
f 6893 6929 6928
f 6893 6894 6929
f 6894 6930 6929
f 6894 6895 6930
f 6895 6931 6930
f 6895 6896 6931
f 6896 6932 6931
f 6896 6897 6932
f 6897 6933 6932
f 6897 6898 6933
f 6898 6934 6933
f 6898 6899 6934
f 6899 6935 6934
f 6899 6900 6935
f 6900 6936 6935
f 6900 6901 6936
f 6901 6937 6936
f 6901 6902 6937
f 6902 6938 6937
f 6902 6903 6938
f 6903 6939 6938
f 6903 6904 6939
f 6904 6940 6939
f 6904 6905 6940
f 6905 6941 6940
f 6905 6906 6941
f 6906 6942 6941
f 6906 6907 6942
f 6907 6943 6942
f 6907 6908 6943
f 6908 6944 6943
f 6908 6909 6944
f 6909 6945 6944
f 6909 6910 6945
f 6910 6946 6945
f 6910 6911 6946
f 6911 6947 6946
f 6911 6912 6947
f 6912 6948 6947
f 6912 6877 6948
f 6877 6913 6948
f 6913 6914 6949
f 6914 6950 6949
f 6914 6915 6950
f 6915 6951 6950
f 6915 6916 6951
f 6916 6952 6951
f 6916 6917 6952
f 6917 6953 6952
f 6917 6918 6953
f 6918 6954 6953
f 6918 6919 6954
f 6919 6955 6954
f 6919 6920 6955
f 6920 6956 6955
f 6920 6921 6956
f 6921 6957 6956
f 6921 6922 6957
f 6922 6958 6957
f 6922 6923 6958
f 6923 6959 6958
f 6923 6924 6959
f 6924 6960 6959
f 6924 6925 6960
f 6925 6961 6960
f 6925 6926 6961
f 6926 6962 6961
f 6926 6927 6962
f 6927 6963 6962
f 6927 6928 6963
f 6928 6964 6963
f 6928 6929 6964
f 6929 6965 6964
f 6929 6930 6965
f 6930 6966 6965
f 6930 6931 6966
f 6931 6967 6966
f 6931 6932 6967
f 6932 6968 6967
f 6932 6933 6968
f 6933 6969 6968
f 6933 6934 6969
f 6934 6970 6969
f 6934 6935 6970
f 6935 6971 6970
f 6935 6936 6971
f 6936 6972 6971
f 6936 6937 6972
f 6937 6973 6972
f 6937 6938 6973
f 6938 6974 6973
f 6938 6939 6974
f 6939 6975 6974
f 6939 6940 6975
f 6940 6976 6975
f 6940 6941 6976
f 6941 6977 6976
f 6941 6942 6977
f 6942 6978 6977
f 6942 6943 6978
f 6943 6979 6978
f 6943 6944 6979
f 6944 6980 6979
f 6944 6945 6980
f 6945 6981 6980
f 6945 6946 6981
f 6946 6982 6981
f 6946 6947 6982
f 6947 6983 6982
f 6947 6948 6983
f 6948 6984 6983
f 6948 6913 6984
f 6913 6949 6984
f 6949 6950 6985
f 6950 6986 6985
f 6950 6951 6986
f 6951 6987 6986
f 6951 6952 6987
f 6952 6988 6987
f 6952 6953 6988
f 6953 6989 6988
f 6953 6954 6989
f 6954 6990 6989
f 6954 6955 6990
f 6955 6991 6990
f 6955 6956 6991
f 6956 6992 6991
f 6956 6957 6992
f 6957 6993 6992
f 6957 6958 6993
f 6958 6994 6993
f 6958 6959 6994
f 6959 6995 6994
f 6959 6960 6995
f 6960 6996 6995
f 6960 6961 6996
f 6961 6997 6996
f 6961 6962 6997
f 6962 6998 6997
f 6962 6963 6998
f 6963 6999 6998
f 6963 6964 6999
f 6964 7000 6999
f 6964 6965 7000
f 6965 7001 7000
f 6965 6966 7001
f 6966 7002 7001
f 6966 6967 7002
f 6967 7003 7002
f 6967 6968 7003
f 6968 7004 7003
f 6968 6969 7004
f 6969 7005 7004
f 6969 6970 7005
f 6970 7006 7005
f 6970 6971 7006
f 6971 7007 7006
f 6971 6972 7007
f 6972 7008 7007
f 6972 6973 7008
f 6973 7009 7008
f 6973 6974 7009
f 6974 7010 7009
f 6974 6975 7010
f 6975 7011 7010
f 6975 6976 7011
f 6976 7012 7011
f 6976 6977 7012
f 6977 7013 7012
f 6977 6978 7013
f 6978 7014 7013
f 6978 6979 7014
f 6979 7015 7014
f 6979 6980 7015
f 6980 7016 7015
f 6980 6981 7016
f 6981 7017 7016
f 6981 6982 7017
f 6982 7018 7017
f 6982 6983 7018
f 6983 7019 7018
f 6983 6984 7019
f 6984 7020 7019
f 6984 6949 7020
f 6949 6985 7020
f 6985 6986 7021
f 6986 7022 7021
f 6986 6987 7022
f 6987 7023 7022
f 6987 6988 7023
f 6988 7024 7023
f 6988 6989 7024
f 6989 7025 7024
f 6989 6990 7025
f 6990 7026 7025
f 6990 6991 7026
f 6991 7027 7026
f 6991 6992 7027
f 6992 7028 7027
f 6992 6993 7028
f 6993 7029 7028
f 6993 6994 7029
f 6994 7030 7029
f 6994 6995 7030
f 6995 7031 7030
f 6995 6996 7031
f 6996 7032 7031
f 6996 6997 7032
f 6997 7033 7032
f 6997 6998 7033
f 6998 7034 7033
f 6998 6999 7034
f 6999 7035 7034
f 6999 7000 7035
f 7000 7036 7035
f 7000 7001 7036
f 7001 7037 7036
f 7001 7002 7037
f 7002 7038 7037
f 7002 7003 7038
f 7003 7039 7038
f 7003 7004 7039
f 7004 7040 7039
f 7004 7005 7040
f 7005 7041 7040
f 7005 7006 7041
f 7006 7042 7041
f 7006 7007 7042
f 7007 7043 7042
f 7007 7008 7043
f 7008 7044 7043
f 7008 7009 7044
f 7009 7045 7044
f 7009 7010 7045
f 7010 7046 7045
f 7010 7011 7046
f 7011 7047 7046
f 7011 7012 7047
f 7012 7048 7047
f 7012 7013 7048
f 7013 7049 7048
f 7013 7014 7049
f 7014 7050 7049
f 7014 7015 7050
f 7015 7051 7050
f 7015 7016 7051
f 7016 7052 7051
f 7016 7017 7052
f 7017 7053 7052
f 7017 7018 7053
f 7018 7054 7053
f 7018 7019 7054
f 7019 7055 7054
f 7019 7020 7055
f 7020 7056 7055
f 7020 6985 7056
f 6985 7021 7056
f 7021 7022 7057
f 7022 7058 7057
f 7022 7023 7058
f 7023 7059 7058
f 7023 7024 7059
f 7024 7060 7059
f 7024 7025 7060
f 7025 7061 7060
f 7025 7026 7061
f 7026 7062 7061
f 7026 7027 7062
f 7027 7063 7062
f 7027 7028 7063
f 7028 7064 7063
f 7028 7029 7064
f 7029 7065 7064
f 7029 7030 7065
f 7030 7066 7065
f 7030 7031 7066
f 7031 7067 7066
f 7031 7032 7067
f 7032 7068 7067
f 7032 7033 7068
f 7033 7069 7068
f 7033 7034 7069
f 7034 7070 7069
f 7034 7035 7070
f 7035 7071 7070
f 7035 7036 7071
f 7036 7072 7071
f 7036 7037 7072
f 7037 7073 7072
f 7037 7038 7073
f 7038 7074 7073
f 7038 7039 7074
f 7039 7075 7074
f 7039 7040 7075
f 7040 7076 7075
f 7040 7041 7076
f 7041 7077 7076
f 7041 7042 7077
f 7042 7078 7077
f 7042 7043 7078
f 7043 7079 7078
f 7043 7044 7079
f 7044 7080 7079
f 7044 7045 7080
f 7045 7081 7080
f 7045 7046 7081
f 7046 7082 7081
f 7046 7047 7082
f 7047 7083 7082
f 7047 7048 7083
f 7048 7084 7083
f 7048 7049 7084
f 7049 7085 7084
f 7049 7050 7085
f 7050 7086 7085
f 7050 7051 7086
f 7051 7087 7086
f 7051 7052 7087
f 7052 7088 7087
f 7052 7053 7088
f 7053 7089 7088
f 7053 7054 7089
f 7054 7090 7089
f 7054 7055 7090
f 7055 7091 7090
f 7055 7056 7091
f 7056 7092 7091
f 7056 7021 7092
f 7021 7057 7092
f 7057 7058 7093
f 7058 7094 7093
f 7058 7059 7094
f 7059 7095 7094
f 7059 7060 7095
f 7060 7096 7095
f 7060 7061 7096
f 7061 7097 7096
f 7061 7062 7097
f 7062 7098 7097
f 7062 7063 7098
f 7063 7099 7098
f 7063 7064 7099
f 7064 7100 7099
f 7064 7065 7100
f 7065 7101 7100
f 7065 7066 7101
f 7066 7102 7101
f 7066 7067 7102
f 7067 7103 7102
f 7067 7068 7103
f 7068 7104 7103
f 7068 7069 7104
f 7069 7105 7104
f 7069 7070 7105
f 7070 7106 7105
f 7070 7071 7106
f 7071 7107 7106
f 7071 7072 7107
f 7072 7108 7107
f 7072 7073 7108
f 7073 7109 7108
f 7073 7074 7109
f 7074 7110 7109
f 7074 7075 7110
f 7075 7111 7110
f 7075 7076 7111
f 7076 7112 7111
f 7076 7077 7112
f 7077 7113 7112
f 7077 7078 7113
f 7078 7114 7113
f 7078 7079 7114
f 7079 7115 7114
f 7079 7080 7115
f 7080 7116 7115
f 7080 7081 7116
f 7081 7117 7116
f 7081 7082 7117
f 7082 7118 7117
f 7082 7083 7118
f 7083 7119 7118
f 7083 7084 7119
f 7084 7120 7119
f 7084 7085 7120
f 7085 7121 7120
f 7085 7086 7121
f 7086 7122 7121
f 7086 7087 7122
f 7087 7123 7122
f 7087 7088 7123
f 7088 7124 7123
f 7088 7089 7124
f 7089 7125 7124
f 7089 7090 7125
f 7090 7126 7125
f 7090 7091 7126
f 7091 7127 7126
f 7091 7092 7127
f 7092 7128 7127
f 7092 7057 7128
f 7057 7093 7128
f 7093 7094 7129
f 7094 7130 7129
f 7094 7095 7130
f 7095 7131 7130
f 7095 7096 7131
f 7096 7132 7131
f 7096 7097 7132
f 7097 7133 7132
f 7097 7098 7133
f 7098 7134 7133
f 7098 7099 7134
f 7099 7135 7134
f 7099 7100 7135
f 7100 7136 7135
f 7100 7101 7136
f 7101 7137 7136
f 7101 7102 7137
f 7102 7138 7137
f 7102 7103 7138
f 7103 7139 7138
f 7103 7104 7139
f 7104 7140 7139
f 7104 7105 7140
f 7105 7141 7140
f 7105 7106 7141
f 7106 7142 7141
f 7106 7107 7142
f 7107 7143 7142
f 7107 7108 7143
f 7108 7144 7143
f 7108 7109 7144
f 7109 7145 7144
f 7109 7110 7145
f 7110 7146 7145
f 7110 7111 7146
f 7111 7147 7146
f 7111 7112 7147
f 7112 7148 7147
f 7112 7113 7148
f 7113 7149 7148
f 7113 7114 7149
f 7114 7150 7149
f 7114 7115 7150
f 7115 7151 7150
f 7115 7116 7151
f 7116 7152 7151
f 7116 7117 7152
f 7117 7153 7152
f 7117 7118 7153
f 7118 7154 7153
f 7118 7119 7154
f 7119 7155 7154
f 7119 7120 7155
f 7120 7156 7155
f 7120 7121 7156
f 7121 7157 7156
f 7121 7122 7157
f 7122 7158 7157
f 7122 7123 7158
f 7123 7159 7158
f 7123 7124 7159
f 7124 7160 7159
f 7124 7125 7160
f 7125 7161 7160
f 7125 7126 7161
f 7126 7162 7161
f 7126 7127 7162
f 7127 7163 7162
f 7127 7128 7163
f 7128 7164 7163
f 7128 7093 7164
f 7093 7129 7164
f 7129 7130 7165
f 7130 7166 7165
f 7130 7131 7166
f 7131 7167 7166
f 7131 7132 7167
f 7132 7168 7167
f 7132 7133 7168
f 7133 7169 7168
f 7133 7134 7169
f 7134 7170 7169
f 7134 7135 7170
f 7135 7171 7170
f 7135 7136 7171
f 7136 7172 7171
f 7136 7137 7172
f 7137 7173 7172
f 7137 7138 7173
f 7138 7174 7173
f 7138 7139 7174
f 7139 7175 7174
f 7139 7140 7175
f 7140 7176 7175
f 7140 7141 7176
f 7141 7177 7176
f 7141 7142 7177
f 7142 7178 7177
f 7142 7143 7178
f 7143 7179 7178
f 7143 7144 7179
f 7144 7180 7179
f 7144 7145 7180
f 7145 7181 7180
f 7145 7146 7181
f 7146 7182 7181
f 7146 7147 7182
f 7147 7183 7182
f 7147 7148 7183
f 7148 7184 7183
f 7148 7149 7184
f 7149 7185 7184
f 7149 7150 7185
f 7150 7186 7185
f 7150 7151 7186
f 7151 7187 7186
f 7151 7152 7187
f 7152 7188 7187
f 7152 7153 7188
f 7153 7189 7188
f 7153 7154 7189
f 7154 7190 7189
f 7154 7155 7190
f 7155 7191 7190
f 7155 7156 7191
f 7156 7192 7191
f 7156 7157 7192
f 7157 7193 7192
f 7157 7158 7193
f 7158 7194 7193
f 7158 7159 7194
f 7159 7195 7194
f 7159 7160 7195
f 7160 7196 7195
f 7160 7161 7196
f 7161 7197 7196
f 7161 7162 7197
f 7162 7198 7197
f 7162 7163 7198
f 7163 7199 7198
f 7163 7164 7199
f 7164 7200 7199
f 7164 7129 7200
f 7129 7165 7200
f 7165 7166 7201
f 7166 7202 7201
f 7166 7167 7202
f 7167 7203 7202
f 7167 7168 7203
f 7168 7204 7203
f 7168 7169 7204
f 7169 7205 7204
f 7169 7170 7205
f 7170 7206 7205
f 7170 7171 7206
f 7171 7207 7206
f 7171 7172 7207
f 7172 7208 7207
f 7172 7173 7208
f 7173 7209 7208
f 7173 7174 7209
f 7174 7210 7209
f 7174 7175 7210
f 7175 7211 7210
f 7175 7176 7211
f 7176 7212 7211
f 7176 7177 7212
f 7177 7213 7212
f 7177 7178 7213
f 7178 7214 7213
f 7178 7179 7214
f 7179 7215 7214
f 7179 7180 7215
f 7180 7216 7215
f 7180 7181 7216
f 7181 7217 7216
f 7181 7182 7217
f 7182 7218 7217
f 7182 7183 7218
f 7183 7219 7218
f 7183 7184 7219
f 7184 7220 7219
f 7184 7185 7220
f 7185 7221 7220
f 7185 7186 7221
f 7186 7222 7221
f 7186 7187 7222
f 7187 7223 7222
f 7187 7188 7223
f 7188 7224 7223
f 7188 7189 7224
f 7189 7225 7224
f 7189 7190 7225
f 7190 7226 7225
f 7190 7191 7226
f 7191 7227 7226
f 7191 7192 7227
f 7192 7228 7227
f 7192 7193 7228
f 7193 7229 7228
f 7193 7194 7229
f 7194 7230 7229
f 7194 7195 7230
f 7195 7231 7230
f 7195 7196 7231
f 7196 7232 7231
f 7196 7197 7232
f 7197 7233 7232
f 7197 7198 7233
f 7198 7234 7233
f 7198 7199 7234
f 7199 7235 7234
f 7199 7200 7235
f 7200 7236 7235
f 7200 7165 7236
f 7165 7201 7236
f 7201 7202 7237
f 7202 7238 7237
f 7202 7203 7238
f 7203 7239 7238
f 7203 7204 7239
f 7204 7240 7239
f 7204 7205 7240
f 7205 7241 7240
f 7205 7206 7241
f 7206 7242 7241
f 7206 7207 7242
f 7207 7243 7242
f 7207 7208 7243
f 7208 7244 7243
f 7208 7209 7244
f 7209 7245 7244
f 7209 7210 7245
f 7210 7246 7245
f 7210 7211 7246
f 7211 7247 7246
f 7211 7212 7247
f 7212 7248 7247
f 7212 7213 7248
f 7213 7249 7248
f 7213 7214 7249
f 7214 7250 7249
f 7214 7215 7250
f 7215 7251 7250
f 7215 7216 7251
f 7216 7252 7251
f 7216 7217 7252
f 7217 7253 7252
f 7217 7218 7253
f 7218 7254 7253
f 7218 7219 7254
f 7219 7255 7254
f 7219 7220 7255
f 7220 7256 7255
f 7220 7221 7256
f 7221 7257 7256
f 7221 7222 7257
f 7222 7258 7257
f 7222 7223 7258
f 7223 7259 7258
f 7223 7224 7259
f 7224 7260 7259
f 7224 7225 7260
f 7225 7261 7260
f 7225 7226 7261
f 7226 7262 7261
f 7226 7227 7262
f 7227 7263 7262
f 7227 7228 7263
f 7228 7264 7263
f 7228 7229 7264
f 7229 7265 7264
f 7229 7230 7265
f 7230 7266 7265
f 7230 7231 7266
f 7231 7267 7266
f 7231 7232 7267
f 7232 7268 7267
f 7232 7233 7268
f 7233 7269 7268
f 7233 7234 7269
f 7234 7270 7269
f 7234 7235 7270
f 7235 7271 7270
f 7235 7236 7271
f 7236 7272 7271
f 7236 7201 7272
f 7201 7237 7272
f 7237 7238 7273
f 7238 7274 7273
f 7238 7239 7274
f 7239 7275 7274
f 7239 7240 7275
f 7240 7276 7275
f 7240 7241 7276
f 7241 7277 7276
f 7241 7242 7277
f 7242 7278 7277
f 7242 7243 7278
f 7243 7279 7278
f 7243 7244 7279
f 7244 7280 7279
f 7244 7245 7280
f 7245 7281 7280
f 7245 7246 7281
f 7246 7282 7281
f 7246 7247 7282
f 7247 7283 7282
f 7247 7248 7283
f 7248 7284 7283
f 7248 7249 7284
f 7249 7285 7284
f 7249 7250 7285
f 7250 7286 7285
f 7250 7251 7286
f 7251 7287 7286
f 7251 7252 7287
f 7252 7288 7287
f 7252 7253 7288
f 7253 7289 7288
f 7253 7254 7289
f 7254 7290 7289
f 7254 7255 7290
f 7255 7291 7290
f 7255 7256 7291
f 7256 7292 7291
f 7256 7257 7292
f 7257 7293 7292
f 7257 7258 7293
f 7258 7294 7293
f 7258 7259 7294
f 7259 7295 7294
f 7259 7260 7295
f 7260 7296 7295
f 7260 7261 7296
f 7261 7297 7296
f 7261 7262 7297
f 7262 7298 7297
f 7262 7263 7298
f 7263 7299 7298
f 7263 7264 7299
f 7264 7300 7299
f 7264 7265 7300
f 7265 7301 7300
f 7265 7266 7301
f 7266 7302 7301
f 7266 7267 7302
f 7267 7303 7302
f 7267 7268 7303
f 7268 7304 7303
f 7268 7269 7304
f 7269 7305 7304
f 7269 7270 7305
f 7270 7306 7305
f 7270 7271 7306
f 7271 7307 7306
f 7271 7272 7307
f 7272 7308 7307
f 7272 7237 7308
f 7237 7273 7308
f 7273 7274 7309
f 7274 7310 7309
f 7274 7275 7310
f 7275 7311 7310
f 7275 7276 7311
f 7276 7312 7311
f 7276 7277 7312
f 7277 7313 7312
f 7277 7278 7313
f 7278 7314 7313
f 7278 7279 7314
f 7279 7315 7314
f 7279 7280 7315
f 7280 7316 7315
f 7280 7281 7316
f 7281 7317 7316
f 7281 7282 7317
f 7282 7318 7317
f 7282 7283 7318
f 7283 7319 7318
f 7283 7284 7319
f 7284 7320 7319
f 7284 7285 7320
f 7285 7321 7320
f 7285 7286 7321
f 7286 7322 7321
f 7286 7287 7322
f 7287 7323 7322
f 7287 7288 7323
f 7288 7324 7323
f 7288 7289 7324
f 7289 7325 7324
f 7289 7290 7325
f 7290 7326 7325
f 7290 7291 7326
f 7291 7327 7326
f 7291 7292 7327
f 7292 7328 7327
f 7292 7293 7328
f 7293 7329 7328
f 7293 7294 7329
f 7294 7330 7329
f 7294 7295 7330
f 7295 7331 7330
f 7295 7296 7331
f 7296 7332 7331
f 7296 7297 7332
f 7297 7333 7332
f 7297 7298 7333
f 7298 7334 7333
f 7298 7299 7334
f 7299 7335 7334
f 7299 7300 7335
f 7300 7336 7335
f 7300 7301 7336
f 7301 7337 7336
f 7301 7302 7337
f 7302 7338 7337
f 7302 7303 7338
f 7303 7339 7338
f 7303 7304 7339
f 7304 7340 7339
f 7304 7305 7340
f 7305 7341 7340
f 7305 7306 7341
f 7306 7342 7341
f 7306 7307 7342
f 7307 7343 7342
f 7307 7308 7343
f 7308 7344 7343
f 7308 7273 7344
f 7273 7309 7344
f 7309 7310 7345
f 7310 7346 7345
f 7310 7311 7346
f 7311 7347 7346
f 7311 7312 7347
f 7312 7348 7347
f 7312 7313 7348
f 7313 7349 7348
f 7313 7314 7349
f 7314 7350 7349
f 7314 7315 7350
f 7315 7351 7350
f 7315 7316 7351
f 7316 7352 7351
f 7316 7317 7352
f 7317 7353 7352
f 7317 7318 7353
f 7318 7354 7353
f 7318 7319 7354
f 7319 7355 7354
f 7319 7320 7355
f 7320 7356 7355
f 7320 7321 7356
f 7321 7357 7356
f 7321 7322 7357
f 7322 7358 7357
f 7322 7323 7358
f 7323 7359 7358
f 7323 7324 7359
f 7324 7360 7359
f 7324 7325 7360
f 7325 7361 7360
f 7325 7326 7361
f 7326 7362 7361
f 7326 7327 7362
f 7327 7363 7362
f 7327 7328 7363
f 7328 7364 7363
f 7328 7329 7364
f 7329 7365 7364
f 7329 7330 7365
f 7330 7366 7365
f 7330 7331 7366
f 7331 7367 7366
f 7331 7332 7367
f 7332 7368 7367
f 7332 7333 7368
f 7333 7369 7368
f 7333 7334 7369
f 7334 7370 7369
f 7334 7335 7370
f 7335 7371 7370
f 7335 7336 7371
f 7336 7372 7371
f 7336 7337 7372
f 7337 7373 7372
f 7337 7338 7373
f 7338 7374 7373
f 7338 7339 7374
f 7339 7375 7374
f 7339 7340 7375
f 7340 7376 7375
f 7340 7341 7376
f 7341 7377 7376
f 7341 7342 7377
f 7342 7378 7377
f 7342 7343 7378
f 7343 7379 7378
f 7343 7344 7379
f 7344 7380 7379
f 7344 7309 7380
f 7309 7345 7380
f 7345 7346 7381
f 7346 7382 7381
f 7346 7347 7382
f 7347 7383 7382
f 7347 7348 7383
f 7348 7384 7383
f 7348 7349 7384
f 7349 7385 7384
f 7349 7350 7385
f 7350 7386 7385
f 7350 7351 7386
f 7351 7387 7386
f 7351 7352 7387
f 7352 7388 7387
f 7352 7353 7388
f 7353 7389 7388
f 7353 7354 7389
f 7354 7390 7389
f 7354 7355 7390
f 7355 7391 7390
f 7355 7356 7391
f 7356 7392 7391
f 7356 7357 7392
f 7357 7393 7392
f 7357 7358 7393
f 7358 7394 7393
f 7358 7359 7394
f 7359 7395 7394
f 7359 7360 7395
f 7360 7396 7395
f 7360 7361 7396
f 7361 7397 7396
f 7361 7362 7397
f 7362 7398 7397
f 7362 7363 7398
f 7363 7399 7398
f 7363 7364 7399
f 7364 7400 7399
f 7364 7365 7400
f 7365 7401 7400
f 7365 7366 7401
f 7366 7402 7401
f 7366 7367 7402
f 7367 7403 7402
f 7367 7368 7403
f 7368 7404 7403
f 7368 7369 7404
f 7369 7405 7404
f 7369 7370 7405
f 7370 7406 7405
f 7370 7371 7406
f 7371 7407 7406
f 7371 7372 7407
f 7372 7408 7407
f 7372 7373 7408
f 7373 7409 7408
f 7373 7374 7409
f 7374 7410 7409
f 7374 7375 7410
f 7375 7411 7410
f 7375 7376 7411
f 7376 7412 7411
f 7376 7377 7412
f 7377 7413 7412
f 7377 7378 7413
f 7378 7414 7413
f 7378 7379 7414
f 7379 7415 7414
f 7379 7380 7415
f 7380 7416 7415
f 7380 7345 7416
f 7345 7381 7416
f 7381 7382 7417
f 7382 7418 7417
f 7382 7383 7418
f 7383 7419 7418
f 7383 7384 7419
f 7384 7420 7419
f 7384 7385 7420
f 7385 7421 7420
f 7385 7386 7421
f 7386 7422 7421
f 7386 7387 7422
f 7387 7423 7422
f 7387 7388 7423
f 7388 7424 7423
f 7388 7389 7424
f 7389 7425 7424
f 7389 7390 7425
f 7390 7426 7425
f 7390 7391 7426
f 7391 7427 7426
f 7391 7392 7427
f 7392 7428 7427
f 7392 7393 7428
f 7393 7429 7428
f 7393 7394 7429
f 7394 7430 7429
f 7394 7395 7430
f 7395 7431 7430
f 7395 7396 7431
f 7396 7432 7431
f 7396 7397 7432
f 7397 7433 7432
f 7397 7398 7433
f 7398 7434 7433
f 7398 7399 7434
f 7399 7435 7434
f 7399 7400 7435
f 7400 7436 7435
f 7400 7401 7436
f 7401 7437 7436
f 7401 7402 7437
f 7402 7438 7437
f 7402 7403 7438
f 7403 7439 7438
f 7403 7404 7439
f 7404 7440 7439
f 7404 7405 7440
f 7405 7441 7440
f 7405 7406 7441
f 7406 7442 7441
f 7406 7407 7442
f 7407 7443 7442
f 7407 7408 7443
f 7408 7444 7443
f 7408 7409 7444
f 7409 7445 7444
f 7409 7410 7445
f 7410 7446 7445
f 7410 7411 7446
f 7411 7447 7446
f 7411 7412 7447
f 7412 7448 7447
f 7412 7413 7448
f 7413 7449 7448
f 7413 7414 7449
f 7414 7450 7449
f 7414 7415 7450
f 7415 7451 7450
f 7415 7416 7451
f 7416 7452 7451
f 7416 7381 7452
f 7381 7417 7452
f 7417 7418 7453
f 7418 7454 7453
f 7418 7419 7454
f 7419 7455 7454
f 7419 7420 7455
f 7420 7456 7455
f 7420 7421 7456
f 7421 7457 7456
f 7421 7422 7457
f 7422 7458 7457
f 7422 7423 7458
f 7423 7459 7458
f 7423 7424 7459
f 7424 7460 7459
f 7424 7425 7460
f 7425 7461 7460
f 7425 7426 7461
f 7426 7462 7461
f 7426 7427 7462
f 7427 7463 7462
f 7427 7428 7463
f 7428 7464 7463
f 7428 7429 7464
f 7429 7465 7464
f 7429 7430 7465
f 7430 7466 7465
f 7430 7431 7466
f 7431 7467 7466
f 7431 7432 7467
f 7432 7468 7467
f 7432 7433 7468
f 7433 7469 7468
f 7433 7434 7469
f 7434 7470 7469
f 7434 7435 7470
f 7435 7471 7470
f 7435 7436 7471
f 7436 7472 7471
f 7436 7437 7472
f 7437 7473 7472
f 7437 7438 7473
f 7438 7474 7473
f 7438 7439 7474
f 7439 7475 7474
f 7439 7440 7475
f 7440 7476 7475
f 7440 7441 7476
f 7441 7477 7476
f 7441 7442 7477
f 7442 7478 7477
f 7442 7443 7478
f 7443 7479 7478
f 7443 7444 7479
f 7444 7480 7479
f 7444 7445 7480
f 7445 7481 7480
f 7445 7446 7481
f 7446 7482 7481
f 7446 7447 7482
f 7447 7483 7482
f 7447 7448 7483
f 7448 7484 7483
f 7448 7449 7484
f 7449 7485 7484
f 7449 7450 7485
f 7450 7486 7485
f 7450 7451 7486
f 7451 7487 7486
f 7451 7452 7487
f 7452 7488 7487
f 7452 7417 7488
f 7417 7453 7488
f 7453 7454 7489
f 7454 7490 7489
f 7454 7455 7490
f 7455 7491 7490
f 7455 7456 7491
f 7456 7492 7491
f 7456 7457 7492
f 7457 7493 7492
f 7457 7458 7493
f 7458 7494 7493
f 7458 7459 7494
f 7459 7495 7494
f 7459 7460 7495
f 7460 7496 7495
f 7460 7461 7496
f 7461 7497 7496
f 7461 7462 7497
f 7462 7498 7497
f 7462 7463 7498
f 7463 7499 7498
f 7463 7464 7499
f 7464 7500 7499
f 7464 7465 7500
f 7465 7501 7500
f 7465 7466 7501
f 7466 7502 7501
f 7466 7467 7502
f 7467 7503 7502
f 7467 7468 7503
f 7468 7504 7503
f 7468 7469 7504
f 7469 7505 7504
f 7469 7470 7505
f 7470 7506 7505
f 7470 7471 7506
f 7471 7507 7506
f 7471 7472 7507
f 7472 7508 7507
f 7472 7473 7508
f 7473 7509 7508
f 7473 7474 7509
f 7474 7510 7509
f 7474 7475 7510
f 7475 7511 7510
f 7475 7476 7511
f 7476 7512 7511
f 7476 7477 7512
f 7477 7513 7512
f 7477 7478 7513
f 7478 7514 7513
f 7478 7479 7514
f 7479 7515 7514
f 7479 7480 7515
f 7480 7516 7515
f 7480 7481 7516
f 7481 7517 7516
f 7481 7482 7517
f 7482 7518 7517
f 7482 7483 7518
f 7483 7519 7518
f 7483 7484 7519
f 7484 7520 7519
f 7484 7485 7520
f 7485 7521 7520
f 7485 7486 7521
f 7486 7522 7521
f 7486 7487 7522
f 7487 7523 7522
f 7487 7488 7523
f 7488 7524 7523
f 7488 7453 7524
f 7453 7489 7524
f 7489 7490 7525
f 7490 7526 7525
f 7490 7491 7526
f 7491 7527 7526
f 7491 7492 7527
f 7492 7528 7527
f 7492 7493 7528
f 7493 7529 7528
f 7493 7494 7529
f 7494 7530 7529
f 7494 7495 7530
f 7495 7531 7530
f 7495 7496 7531
f 7496 7532 7531
f 7496 7497 7532
f 7497 7533 7532
f 7497 7498 7533
f 7498 7534 7533
f 7498 7499 7534
f 7499 7535 7534
f 7499 7500 7535
f 7500 7536 7535
f 7500 7501 7536
f 7501 7537 7536
f 7501 7502 7537
f 7502 7538 7537
f 7502 7503 7538
f 7503 7539 7538
f 7503 7504 7539
f 7504 7540 7539
f 7504 7505 7540
f 7505 7541 7540
f 7505 7506 7541
f 7506 7542 7541
f 7506 7507 7542
f 7507 7543 7542
f 7507 7508 7543
f 7508 7544 7543
f 7508 7509 7544
f 7509 7545 7544
f 7509 7510 7545
f 7510 7546 7545
f 7510 7511 7546
f 7511 7547 7546
f 7511 7512 7547
f 7512 7548 7547
f 7512 7513 7548
f 7513 7549 7548
f 7513 7514 7549
f 7514 7550 7549
f 7514 7515 7550
f 7515 7551 7550
f 7515 7516 7551
f 7516 7552 7551
f 7516 7517 7552
f 7517 7553 7552
f 7517 7518 7553
f 7518 7554 7553
f 7518 7519 7554
f 7519 7555 7554
f 7519 7520 7555
f 7520 7556 7555
f 7520 7521 7556
f 7521 7557 7556
f 7521 7522 7557
f 7522 7558 7557
f 7522 7523 7558
f 7523 7559 7558
f 7523 7524 7559
f 7524 7560 7559
f 7524 7489 7560
f 7489 7525 7560
f 7525 7526 7561
f 7526 7562 7561
f 7526 7527 7562
f 7527 7563 7562
f 7527 7528 7563
f 7528 7564 7563
f 7528 7529 7564
f 7529 7565 7564
f 7529 7530 7565
f 7530 7566 7565
f 7530 7531 7566
f 7531 7567 7566
f 7531 7532 7567
f 7532 7568 7567
f 7532 7533 7568
f 7533 7569 7568
f 7533 7534 7569
f 7534 7570 7569
f 7534 7535 7570
f 7535 7571 7570
f 7535 7536 7571
f 7536 7572 7571
f 7536 7537 7572
f 7537 7573 7572
f 7537 7538 7573
f 7538 7574 7573
f 7538 7539 7574
f 7539 7575 7574
f 7539 7540 7575
f 7540 7576 7575
f 7540 7541 7576
f 7541 7577 7576
f 7541 7542 7577
f 7542 7578 7577
f 7542 7543 7578
f 7543 7579 7578
f 7543 7544 7579
f 7544 7580 7579
f 7544 7545 7580
f 7545 7581 7580
f 7545 7546 7581
f 7546 7582 7581
f 7546 7547 7582
f 7547 7583 7582
f 7547 7548 7583
f 7548 7584 7583
f 7548 7549 7584
f 7549 7585 7584
f 7549 7550 7585
f 7550 7586 7585
f 7550 7551 7586
f 7551 7587 7586
f 7551 7552 7587
f 7552 7588 7587
f 7552 7553 7588
f 7553 7589 7588
f 7553 7554 7589
f 7554 7590 7589
f 7554 7555 7590
f 7555 7591 7590
f 7555 7556 7591
f 7556 7592 7591
f 7556 7557 7592
f 7557 7593 7592
f 7557 7558 7593
f 7558 7594 7593
f 7558 7559 7594
f 7559 7595 7594
f 7559 7560 7595
f 7560 7596 7595
f 7560 7525 7596
f 7525 7561 7596
f 7561 7562 7597
f 7562 7598 7597
f 7562 7563 7598
f 7563 7599 7598
f 7563 7564 7599
f 7564 7600 7599
f 7564 7565 7600
f 7565 7601 7600
f 7565 7566 7601
f 7566 7602 7601
f 7566 7567 7602
f 7567 7603 7602
f 7567 7568 7603
f 7568 7604 7603
f 7568 7569 7604
f 7569 7605 7604
f 7569 7570 7605
f 7570 7606 7605
f 7570 7571 7606
f 7571 7607 7606
f 7571 7572 7607
f 7572 7608 7607
f 7572 7573 7608
f 7573 7609 7608
f 7573 7574 7609
f 7574 7610 7609
f 7574 7575 7610
f 7575 7611 7610
f 7575 7576 7611
f 7576 7612 7611
f 7576 7577 7612
f 7577 7613 7612
f 7577 7578 7613
f 7578 7614 7613
f 7578 7579 7614
f 7579 7615 7614
f 7579 7580 7615
f 7580 7616 7615
f 7580 7581 7616
f 7581 7617 7616
f 7581 7582 7617
f 7582 7618 7617
f 7582 7583 7618
f 7583 7619 7618
f 7583 7584 7619
f 7584 7620 7619
f 7584 7585 7620
f 7585 7621 7620
f 7585 7586 7621
f 7586 7622 7621
f 7586 7587 7622
f 7587 7623 7622
f 7587 7588 7623
f 7588 7624 7623
f 7588 7589 7624
f 7589 7625 7624
f 7589 7590 7625
f 7590 7626 7625
f 7590 7591 7626
f 7591 7627 7626
f 7591 7592 7627
f 7592 7628 7627
f 7592 7593 7628
f 7593 7629 7628
f 7593 7594 7629
f 7594 7630 7629
f 7594 7595 7630
f 7595 7631 7630
f 7595 7596 7631
f 7596 7632 7631
f 7596 7561 7632
f 7561 7597 7632
f 7597 7598 7633
f 7598 7634 7633
f 7598 7599 7634
f 7599 7635 7634
f 7599 7600 7635
f 7600 7636 7635
f 7600 7601 7636
f 7601 7637 7636
f 7601 7602 7637
f 7602 7638 7637
f 7602 7603 7638
f 7603 7639 7638
f 7603 7604 7639
f 7604 7640 7639
f 7604 7605 7640
f 7605 7641 7640
f 7605 7606 7641
f 7606 7642 7641
f 7606 7607 7642
f 7607 7643 7642
f 7607 7608 7643
f 7608 7644 7643
f 7608 7609 7644
f 7609 7645 7644
f 7609 7610 7645
f 7610 7646 7645
f 7610 7611 7646
f 7611 7647 7646
f 7611 7612 7647
f 7612 7648 7647
f 7612 7613 7648
f 7613 7649 7648
f 7613 7614 7649
f 7614 7650 7649
f 7614 7615 7650
f 7615 7651 7650
f 7615 7616 7651
f 7616 7652 7651
f 7616 7617 7652
f 7617 7653 7652
f 7617 7618 7653
f 7618 7654 7653
f 7618 7619 7654
f 7619 7655 7654
f 7619 7620 7655
f 7620 7656 7655
f 7620 7621 7656
f 7621 7657 7656
f 7621 7622 7657
f 7622 7658 7657
f 7622 7623 7658
f 7623 7659 7658
f 7623 7624 7659
f 7624 7660 7659
f 7624 7625 7660
f 7625 7661 7660
f 7625 7626 7661
f 7626 7662 7661
f 7626 7627 7662
f 7627 7663 7662
f 7627 7628 7663
f 7628 7664 7663
f 7628 7629 7664
f 7629 7665 7664
f 7629 7630 7665
f 7630 7666 7665
f 7630 7631 7666
f 7631 7667 7666
f 7631 7632 7667
f 7632 7668 7667
f 7632 7597 7668
f 7597 7633 7668
f 7633 7634 7669
f 7634 7670 7669
f 7634 7635 7670
f 7635 7671 7670
f 7635 7636 7671
f 7636 7672 7671
f 7636 7637 7672
f 7637 7673 7672
f 7637 7638 7673
f 7638 7674 7673
f 7638 7639 7674
f 7639 7675 7674
f 7639 7640 7675
f 7640 7676 7675
f 7640 7641 7676
f 7641 7677 7676
f 7641 7642 7677
f 7642 7678 7677
f 7642 7643 7678
f 7643 7679 7678
f 7643 7644 7679
f 7644 7680 7679
f 7644 7645 7680
f 7645 7681 7680
f 7645 7646 7681
f 7646 7682 7681
f 7646 7647 7682
f 7647 7683 7682
f 7647 7648 7683
f 7648 7684 7683
f 7648 7649 7684
f 7649 7685 7684
f 7649 7650 7685
f 7650 7686 7685
f 7650 7651 7686
f 7651 7687 7686
f 7651 7652 7687
f 7652 7688 7687
f 7652 7653 7688
f 7653 7689 7688
f 7653 7654 7689
f 7654 7690 7689
f 7654 7655 7690
f 7655 7691 7690
f 7655 7656 7691
f 7656 7692 7691
f 7656 7657 7692
f 7657 7693 7692
f 7657 7658 7693
f 7658 7694 7693
f 7658 7659 7694
f 7659 7695 7694
f 7659 7660 7695
f 7660 7696 7695
f 7660 7661 7696
f 7661 7697 7696
f 7661 7662 7697
f 7662 7698 7697
f 7662 7663 7698
f 7663 7699 7698
f 7663 7664 7699
f 7664 7700 7699
f 7664 7665 7700
f 7665 7701 7700
f 7665 7666 7701
f 7666 7702 7701
f 7666 7667 7702
f 7667 7703 7702
f 7667 7668 7703
f 7668 7704 7703
f 7668 7633 7704
f 7633 7669 7704
f 7669 7670 7705
f 7670 7706 7705
f 7670 7671 7706
f 7671 7707 7706
f 7671 7672 7707
f 7672 7708 7707
f 7672 7673 7708
f 7673 7709 7708
f 7673 7674 7709
f 7674 7710 7709
f 7674 7675 7710
f 7675 7711 7710
f 7675 7676 7711
f 7676 7712 7711
f 7676 7677 7712
f 7677 7713 7712
f 7677 7678 7713
f 7678 7714 7713
f 7678 7679 7714
f 7679 7715 7714
f 7679 7680 7715
f 7680 7716 7715
f 7680 7681 7716
f 7681 7717 7716
f 7681 7682 7717
f 7682 7718 7717
f 7682 7683 7718
f 7683 7719 7718
f 7683 7684 7719
f 7684 7720 7719
f 7684 7685 7720
f 7685 7721 7720
f 7685 7686 7721
f 7686 7722 7721
f 7686 7687 7722
f 7687 7723 7722
f 7687 7688 7723
f 7688 7724 7723
f 7688 7689 7724
f 7689 7725 7724
f 7689 7690 7725
f 7690 7726 7725
f 7690 7691 7726
f 7691 7727 7726
f 7691 7692 7727
f 7692 7728 7727
f 7692 7693 7728
f 7693 7729 7728
f 7693 7694 7729
f 7694 7730 7729
f 7694 7695 7730
f 7695 7731 7730
f 7695 7696 7731
f 7696 7732 7731
f 7696 7697 7732
f 7697 7733 7732
f 7697 7698 7733
f 7698 7734 7733
f 7698 7699 7734
f 7699 7735 7734
f 7699 7700 7735
f 7700 7736 7735
f 7700 7701 7736
f 7701 7737 7736
f 7701 7702 7737
f 7702 7738 7737
f 7702 7703 7738
f 7703 7739 7738
f 7703 7704 7739
f 7704 7740 7739
f 7704 7669 7740
f 7669 7705 7740
f 7705 7706 7741
f 7706 7742 7741
f 7706 7707 7742
f 7707 7743 7742
f 7707 7708 7743
f 7708 7744 7743
f 7708 7709 7744
f 7709 7745 7744
f 7709 7710 7745
f 7710 7746 7745
f 7710 7711 7746
f 7711 7747 7746
f 7711 7712 7747
f 7712 7748 7747
f 7712 7713 7748
f 7713 7749 7748
f 7713 7714 7749
f 7714 7750 7749
f 7714 7715 7750
f 7715 7751 7750
f 7715 7716 7751
f 7716 7752 7751
f 7716 7717 7752
f 7717 7753 7752
f 7717 7718 7753
f 7718 7754 7753
f 7718 7719 7754
f 7719 7755 7754
f 7719 7720 7755
f 7720 7756 7755
f 7720 7721 7756
f 7721 7757 7756
f 7721 7722 7757
f 7722 7758 7757
f 7722 7723 7758
f 7723 7759 7758
f 7723 7724 7759
f 7724 7760 7759
f 7724 7725 7760
f 7725 7761 7760
f 7725 7726 7761
f 7726 7762 7761
f 7726 7727 7762
f 7727 7763 7762
f 7727 7728 7763
f 7728 7764 7763
f 7728 7729 7764
f 7729 7765 7764
f 7729 7730 7765
f 7730 7766 7765
f 7730 7731 7766
f 7731 7767 7766
f 7731 7732 7767
f 7732 7768 7767
f 7732 7733 7768
f 7733 7769 7768
f 7733 7734 7769
f 7734 7770 7769
f 7734 7735 7770
f 7735 7771 7770
f 7735 7736 7771
f 7736 7772 7771
f 7736 7737 7772
f 7737 7773 7772
f 7737 7738 7773
f 7738 7774 7773
f 7738 7739 7774
f 7739 7775 7774
f 7739 7740 7775
f 7740 7776 7775
f 7740 7705 7776
f 7705 7741 7776
f 7741 7742 7777
f 7742 7778 7777
f 7742 7743 7778
f 7743 7779 7778
f 7743 7744 7779
f 7744 7780 7779
f 7744 7745 7780
f 7745 7781 7780
f 7745 7746 7781
f 7746 7782 7781
f 7746 7747 7782
f 7747 7783 7782
f 7747 7748 7783
f 7748 7784 7783
f 7748 7749 7784
f 7749 7785 7784
f 7749 7750 7785
f 7750 7786 7785
f 7750 7751 7786
f 7751 7787 7786
f 7751 7752 7787
f 7752 7788 7787
f 7752 7753 7788
f 7753 7789 7788
f 7753 7754 7789
f 7754 7790 7789
f 7754 7755 7790
f 7755 7791 7790
f 7755 7756 7791
f 7756 7792 7791
f 7756 7757 7792
f 7757 7793 7792
f 7757 7758 7793
f 7758 7794 7793
f 7758 7759 7794
f 7759 7795 7794
f 7759 7760 7795
f 7760 7796 7795
f 7760 7761 7796
f 7761 7797 7796
f 7761 7762 7797
f 7762 7798 7797
f 7762 7763 7798
f 7763 7799 7798
f 7763 7764 7799
f 7764 7800 7799
f 7764 7765 7800
f 7765 7801 7800
f 7765 7766 7801
f 7766 7802 7801
f 7766 7767 7802
f 7767 7803 7802
f 7767 7768 7803
f 7768 7804 7803
f 7768 7769 7804
f 7769 7805 7804
f 7769 7770 7805
f 7770 7806 7805
f 7770 7771 7806
f 7771 7807 7806
f 7771 7772 7807
f 7772 7808 7807
f 7772 7773 7808
f 7773 7809 7808
f 7773 7774 7809
f 7774 7810 7809
f 7774 7775 7810
f 7775 7811 7810
f 7775 7776 7811
f 7776 7812 7811
f 7776 7741 7812
f 7741 7777 7812
f 7777 7778 7813
f 7778 7814 7813
f 7778 7779 7814
f 7779 7815 7814
f 7779 7780 7815
f 7780 7816 7815
f 7780 7781 7816
f 7781 7817 7816
f 7781 7782 7817
f 7782 7818 7817
f 7782 7783 7818
f 7783 7819 7818
f 7783 7784 7819
f 7784 7820 7819
f 7784 7785 7820
f 7785 7821 7820
f 7785 7786 7821
f 7786 7822 7821
f 7786 7787 7822
f 7787 7823 7822
f 7787 7788 7823
f 7788 7824 7823
f 7788 7789 7824
f 7789 7825 7824
f 7789 7790 7825
f 7790 7826 7825
f 7790 7791 7826
f 7791 7827 7826
f 7791 7792 7827
f 7792 7828 7827
f 7792 7793 7828
f 7793 7829 7828
f 7793 7794 7829
f 7794 7830 7829
f 7794 7795 7830
f 7795 7831 7830
f 7795 7796 7831
f 7796 7832 7831
f 7796 7797 7832
f 7797 7833 7832
f 7797 7798 7833
f 7798 7834 7833
f 7798 7799 7834
f 7799 7835 7834
f 7799 7800 7835
f 7800 7836 7835
f 7800 7801 7836
f 7801 7837 7836
f 7801 7802 7837
f 7802 7838 7837
f 7802 7803 7838
f 7803 7839 7838
f 7803 7804 7839
f 7804 7840 7839
f 7804 7805 7840
f 7805 7841 7840
f 7805 7806 7841
f 7806 7842 7841
f 7806 7807 7842
f 7807 7843 7842
f 7807 7808 7843
f 7808 7844 7843
f 7808 7809 7844
f 7809 7845 7844
f 7809 7810 7845
f 7810 7846 7845
f 7810 7811 7846
f 7811 7847 7846
f 7811 7812 7847
f 7812 7848 7847
f 7812 7777 7848
f 7777 7813 7848
f 7813 7814 7849
f 7814 7850 7849
f 7814 7815 7850
f 7815 7851 7850
f 7815 7816 7851
f 7816 7852 7851
f 7816 7817 7852
f 7817 7853 7852
f 7817 7818 7853
f 7818 7854 7853
f 7818 7819 7854
f 7819 7855 7854
f 7819 7820 7855
f 7820 7856 7855
f 7820 7821 7856
f 7821 7857 7856
f 7821 7822 7857
f 7822 7858 7857
f 7822 7823 7858
f 7823 7859 7858
f 7823 7824 7859
f 7824 7860 7859
f 7824 7825 7860
f 7825 7861 7860
f 7825 7826 7861
f 7826 7862 7861
f 7826 7827 7862
f 7827 7863 7862
f 7827 7828 7863
f 7828 7864 7863
f 7828 7829 7864
f 7829 7865 7864
f 7829 7830 7865
f 7830 7866 7865
f 7830 7831 7866
f 7831 7867 7866
f 7831 7832 7867
f 7832 7868 7867
f 7832 7833 7868
f 7833 7869 7868
f 7833 7834 7869
f 7834 7870 7869
f 7834 7835 7870
f 7835 7871 7870
f 7835 7836 7871
f 7836 7872 7871
f 7836 7837 7872
f 7837 7873 7872
f 7837 7838 7873
f 7838 7874 7873
f 7838 7839 7874
f 7839 7875 7874
f 7839 7840 7875
f 7840 7876 7875
f 7840 7841 7876
f 7841 7877 7876
f 7841 7842 7877
f 7842 7878 7877
f 7842 7843 7878
f 7843 7879 7878
f 7843 7844 7879
f 7844 7880 7879
f 7844 7845 7880
f 7845 7881 7880
f 7845 7846 7881
f 7846 7882 7881
f 7846 7847 7882
f 7847 7883 7882
f 7847 7848 7883
f 7848 7884 7883
f 7848 7813 7884
f 7813 7849 7884
f 7849 7850 7885
f 7850 7886 7885
f 7850 7851 7886
f 7851 7887 7886
f 7851 7852 7887
f 7852 7888 7887
f 7852 7853 7888
f 7853 7889 7888
f 7853 7854 7889
f 7854 7890 7889
f 7854 7855 7890
f 7855 7891 7890
f 7855 7856 7891
f 7856 7892 7891
f 7856 7857 7892
f 7857 7893 7892
f 7857 7858 7893
f 7858 7894 7893
f 7858 7859 7894
f 7859 7895 7894
f 7859 7860 7895
f 7860 7896 7895
f 7860 7861 7896
f 7861 7897 7896
f 7861 7862 7897
f 7862 7898 7897
f 7862 7863 7898
f 7863 7899 7898
f 7863 7864 7899
f 7864 7900 7899
f 7864 7865 7900
f 7865 7901 7900
f 7865 7866 7901
f 7866 7902 7901
f 7866 7867 7902
f 7867 7903 7902
f 7867 7868 7903
f 7868 7904 7903
f 7868 7869 7904
f 7869 7905 7904
f 7869 7870 7905
f 7870 7906 7905
f 7870 7871 7906
f 7871 7907 7906
f 7871 7872 7907
f 7872 7908 7907
f 7872 7873 7908
f 7873 7909 7908
f 7873 7874 7909
f 7874 7910 7909
f 7874 7875 7910
f 7875 7911 7910
f 7875 7876 7911
f 7876 7912 7911
f 7876 7877 7912
f 7877 7913 7912
f 7877 7878 7913
f 7878 7914 7913
f 7878 7879 7914
f 7879 7915 7914
f 7879 7880 7915
f 7880 7916 7915
f 7880 7881 7916
f 7881 7917 7916
f 7881 7882 7917
f 7882 7918 7917
f 7882 7883 7918
f 7883 7919 7918
f 7883 7884 7919
f 7884 7920 7919
f 7884 7849 7920
f 7849 7885 7920
f 7885 7886 7921
f 7886 7922 7921
f 7886 7887 7922
f 7887 7923 7922
f 7887 7888 7923
f 7888 7924 7923
f 7888 7889 7924
f 7889 7925 7924
f 7889 7890 7925
f 7890 7926 7925
f 7890 7891 7926
f 7891 7927 7926
f 7891 7892 7927
f 7892 7928 7927
f 7892 7893 7928
f 7893 7929 7928
f 7893 7894 7929
f 7894 7930 7929
f 7894 7895 7930
f 7895 7931 7930
f 7895 7896 7931
f 7896 7932 7931
f 7896 7897 7932
f 7897 7933 7932
f 7897 7898 7933
f 7898 7934 7933
f 7898 7899 7934
f 7899 7935 7934
f 7899 7900 7935
f 7900 7936 7935
f 7900 7901 7936
f 7901 7937 7936
f 7901 7902 7937
f 7902 7938 7937
f 7902 7903 7938
f 7903 7939 7938
f 7903 7904 7939
f 7904 7940 7939
f 7904 7905 7940
f 7905 7941 7940
f 7905 7906 7941
f 7906 7942 7941
f 7906 7907 7942
f 7907 7943 7942
f 7907 7908 7943
f 7908 7944 7943
f 7908 7909 7944
f 7909 7945 7944
f 7909 7910 7945
f 7910 7946 7945
f 7910 7911 7946
f 7911 7947 7946
f 7911 7912 7947
f 7912 7948 7947
f 7912 7913 7948
f 7913 7949 7948
f 7913 7914 7949
f 7914 7950 7949
f 7914 7915 7950
f 7915 7951 7950
f 7915 7916 7951
f 7916 7952 7951
f 7916 7917 7952
f 7917 7953 7952
f 7917 7918 7953
f 7918 7954 7953
f 7918 7919 7954
f 7919 7955 7954
f 7919 7920 7955
f 7920 7956 7955
f 7920 7885 7956
f 7885 7921 7956
f 7921 7922 7957
f 7922 7958 7957
f 7922 7923 7958
f 7923 7959 7958
f 7923 7924 7959
f 7924 7960 7959
f 7924 7925 7960
f 7925 7961 7960
f 7925 7926 7961
f 7926 7962 7961
f 7926 7927 7962
f 7927 7963 7962
f 7927 7928 7963
f 7928 7964 7963
f 7928 7929 7964
f 7929 7965 7964
f 7929 7930 7965
f 7930 7966 7965
f 7930 7931 7966
f 7931 7967 7966
f 7931 7932 7967
f 7932 7968 7967
f 7932 7933 7968
f 7933 7969 7968
f 7933 7934 7969
f 7934 7970 7969
f 7934 7935 7970
f 7935 7971 7970
f 7935 7936 7971
f 7936 7972 7971
f 7936 7937 7972
f 7937 7973 7972
f 7937 7938 7973
f 7938 7974 7973
f 7938 7939 7974
f 7939 7975 7974
f 7939 7940 7975
f 7940 7976 7975
f 7940 7941 7976
f 7941 7977 7976
f 7941 7942 7977
f 7942 7978 7977
f 7942 7943 7978
f 7943 7979 7978
f 7943 7944 7979
f 7944 7980 7979
f 7944 7945 7980
f 7945 7981 7980
f 7945 7946 7981
f 7946 7982 7981
f 7946 7947 7982
f 7947 7983 7982
f 7947 7948 7983
f 7948 7984 7983
f 7948 7949 7984
f 7949 7985 7984
f 7949 7950 7985
f 7950 7986 7985
f 7950 7951 7986
f 7951 7987 7986
f 7951 7952 7987
f 7952 7988 7987
f 7952 7953 7988
f 7953 7989 7988
f 7953 7954 7989
f 7954 7990 7989
f 7954 7955 7990
f 7955 7991 7990
f 7955 7956 7991
f 7956 7992 7991
f 7956 7921 7992
f 7921 7957 7992
f 7957 7958 7993
f 7958 7994 7993
f 7958 7959 7994
f 7959 7995 7994
f 7959 7960 7995
f 7960 7996 7995
f 7960 7961 7996
f 7961 7997 7996
f 7961 7962 7997
f 7962 7998 7997
f 7962 7963 7998
f 7963 7999 7998
f 7963 7964 7999
f 7964 8000 7999
f 7964 7965 8000
f 7965 8001 8000
f 7965 7966 8001
f 7966 8002 8001
f 7966 7967 8002
f 7967 8003 8002
f 7967 7968 8003
f 7968 8004 8003
f 7968 7969 8004
f 7969 8005 8004
f 7969 7970 8005
f 7970 8006 8005
f 7970 7971 8006
f 7971 8007 8006
f 7971 7972 8007
f 7972 8008 8007
f 7972 7973 8008
f 7973 8009 8008
f 7973 7974 8009
f 7974 8010 8009
f 7974 7975 8010
f 7975 8011 8010
f 7975 7976 8011
f 7976 8012 8011
f 7976 7977 8012
f 7977 8013 8012
f 7977 7978 8013
f 7978 8014 8013
f 7978 7979 8014
f 7979 8015 8014
f 7979 7980 8015
f 7980 8016 8015
f 7980 7981 8016
f 7981 8017 8016
f 7981 7982 8017
f 7982 8018 8017
f 7982 7983 8018
f 7983 8019 8018
f 7983 7984 8019
f 7984 8020 8019
f 7984 7985 8020
f 7985 8021 8020
f 7985 7986 8021
f 7986 8022 8021
f 7986 7987 8022
f 7987 8023 8022
f 7987 7988 8023
f 7988 8024 8023
f 7988 7989 8024
f 7989 8025 8024
f 7989 7990 8025
f 7990 8026 8025
f 7990 7991 8026
f 7991 8027 8026
f 7991 7992 8027
f 7992 8028 8027
f 7992 7957 8028
f 7957 7993 8028
f 7993 7994 8029
f 7994 8030 8029
f 7994 7995 8030
f 7995 8031 8030
f 7995 7996 8031
f 7996 8032 8031
f 7996 7997 8032
f 7997 8033 8032
f 7997 7998 8033
f 7998 8034 8033
f 7998 7999 8034
f 7999 8035 8034
f 7999 8000 8035
f 8000 8036 8035
f 8000 8001 8036
f 8001 8037 8036
f 8001 8002 8037
f 8002 8038 8037
f 8002 8003 8038
f 8003 8039 8038
f 8003 8004 8039
f 8004 8040 8039
f 8004 8005 8040
f 8005 8041 8040
f 8005 8006 8041
f 8006 8042 8041
f 8006 8007 8042
f 8007 8043 8042
f 8007 8008 8043
f 8008 8044 8043
f 8008 8009 8044
f 8009 8045 8044
f 8009 8010 8045
f 8010 8046 8045
f 8010 8011 8046
f 8011 8047 8046
f 8011 8012 8047
f 8012 8048 8047
f 8012 8013 8048
f 8013 8049 8048
f 8013 8014 8049
f 8014 8050 8049
f 8014 8015 8050
f 8015 8051 8050
f 8015 8016 8051
f 8016 8052 8051
f 8016 8017 8052
f 8017 8053 8052
f 8017 8018 8053
f 8018 8054 8053
f 8018 8019 8054
f 8019 8055 8054
f 8019 8020 8055
f 8020 8056 8055
f 8020 8021 8056
f 8021 8057 8056
f 8021 8022 8057
f 8022 8058 8057
f 8022 8023 8058
f 8023 8059 8058
f 8023 8024 8059
f 8024 8060 8059
f 8024 8025 8060
f 8025 8061 8060
f 8025 8026 8061
f 8026 8062 8061
f 8026 8027 8062
f 8027 8063 8062
f 8027 8028 8063
f 8028 8064 8063
f 8028 7993 8064
f 7993 8029 8064
f 8029 8030 8065
f 8030 8066 8065
f 8030 8031 8066
f 8031 8067 8066
f 8031 8032 8067
f 8032 8068 8067
f 8032 8033 8068
f 8033 8069 8068
f 8033 8034 8069
f 8034 8070 8069
f 8034 8035 8070
f 8035 8071 8070
f 8035 8036 8071
f 8036 8072 8071
f 8036 8037 8072
f 8037 8073 8072
f 8037 8038 8073
f 8038 8074 8073
f 8038 8039 8074
f 8039 8075 8074
f 8039 8040 8075
f 8040 8076 8075
f 8040 8041 8076
f 8041 8077 8076
f 8041 8042 8077
f 8042 8078 8077
f 8042 8043 8078
f 8043 8079 8078
f 8043 8044 8079
f 8044 8080 8079
f 8044 8045 8080
f 8045 8081 8080
f 8045 8046 8081
f 8046 8082 8081
f 8046 8047 8082
f 8047 8083 8082
f 8047 8048 8083
f 8048 8084 8083
f 8048 8049 8084
f 8049 8085 8084
f 8049 8050 8085
f 8050 8086 8085
f 8050 8051 8086
f 8051 8087 8086
f 8051 8052 8087
f 8052 8088 8087
f 8052 8053 8088
f 8053 8089 8088
f 8053 8054 8089
f 8054 8090 8089
f 8054 8055 8090
f 8055 8091 8090
f 8055 8056 8091
f 8056 8092 8091
f 8056 8057 8092
f 8057 8093 8092
f 8057 8058 8093
f 8058 8094 8093
f 8058 8059 8094
f 8059 8095 8094
f 8059 8060 8095
f 8060 8096 8095
f 8060 8061 8096
f 8061 8097 8096
f 8061 8062 8097
f 8062 8098 8097
f 8062 8063 8098
f 8063 8099 8098
f 8063 8064 8099
f 8064 8100 8099
f 8064 8029 8100
f 8029 8065 8100
f 8065 8066 8101
f 8066 8102 8101
f 8066 8067 8102
f 8067 8103 8102
f 8067 8068 8103
f 8068 8104 8103
f 8068 8069 8104
f 8069 8105 8104
f 8069 8070 8105
f 8070 8106 8105
f 8070 8071 8106
f 8071 8107 8106
f 8071 8072 8107
f 8072 8108 8107
f 8072 8073 8108
f 8073 8109 8108
f 8073 8074 8109
f 8074 8110 8109
f 8074 8075 8110
f 8075 8111 8110
f 8075 8076 8111
f 8076 8112 8111
f 8076 8077 8112
f 8077 8113 8112
f 8077 8078 8113
f 8078 8114 8113
f 8078 8079 8114
f 8079 8115 8114
f 8079 8080 8115
f 8080 8116 8115
f 8080 8081 8116
f 8081 8117 8116
f 8081 8082 8117
f 8082 8118 8117
f 8082 8083 8118
f 8083 8119 8118
f 8083 8084 8119
f 8084 8120 8119
f 8084 8085 8120
f 8085 8121 8120
f 8085 8086 8121
f 8086 8122 8121
f 8086 8087 8122
f 8087 8123 8122
f 8087 8088 8123
f 8088 8124 8123
f 8088 8089 8124
f 8089 8125 8124
f 8089 8090 8125
f 8090 8126 8125
f 8090 8091 8126
f 8091 8127 8126
f 8091 8092 8127
f 8092 8128 8127
f 8092 8093 8128
f 8093 8129 8128
f 8093 8094 8129
f 8094 8130 8129
f 8094 8095 8130
f 8095 8131 8130
f 8095 8096 8131
f 8096 8132 8131
f 8096 8097 8132
f 8097 8133 8132
f 8097 8098 8133
f 8098 8134 8133
f 8098 8099 8134
f 8099 8135 8134
f 8099 8100 8135
f 8100 8136 8135
f 8100 8065 8136
f 8065 8101 8136
f 8101 8102 8137
f 8102 8138 8137
f 8102 8103 8138
f 8103 8139 8138
f 8103 8104 8139
f 8104 8140 8139
f 8104 8105 8140
f 8105 8141 8140
f 8105 8106 8141
f 8106 8142 8141
f 8106 8107 8142
f 8107 8143 8142
f 8107 8108 8143
f 8108 8144 8143
f 8108 8109 8144
f 8109 8145 8144
f 8109 8110 8145
f 8110 8146 8145
f 8110 8111 8146
f 8111 8147 8146
f 8111 8112 8147
f 8112 8148 8147
f 8112 8113 8148
f 8113 8149 8148
f 8113 8114 8149
f 8114 8150 8149
f 8114 8115 8150
f 8115 8151 8150
f 8115 8116 8151
f 8116 8152 8151
f 8116 8117 8152
f 8117 8153 8152
f 8117 8118 8153
f 8118 8154 8153
f 8118 8119 8154
f 8119 8155 8154
f 8119 8120 8155
f 8120 8156 8155
f 8120 8121 8156
f 8121 8157 8156
f 8121 8122 8157
f 8122 8158 8157
f 8122 8123 8158
f 8123 8159 8158
f 8123 8124 8159
f 8124 8160 8159
f 8124 8125 8160
f 8125 8161 8160
f 8125 8126 8161
f 8126 8162 8161
f 8126 8127 8162
f 8127 8163 8162
f 8127 8128 8163
f 8128 8164 8163
f 8128 8129 8164
f 8129 8165 8164
f 8129 8130 8165
f 8130 8166 8165
f 8130 8131 8166
f 8131 8167 8166
f 8131 8132 8167
f 8132 8168 8167
f 8132 8133 8168
f 8133 8169 8168
f 8133 8134 8169
f 8134 8170 8169
f 8134 8135 8170
f 8135 8171 8170
f 8135 8136 8171
f 8136 8172 8171
f 8136 8101 8172
f 8101 8137 8172
f 8137 8138 8173
f 8138 8174 8173
f 8138 8139 8174
f 8139 8175 8174
f 8139 8140 8175
f 8140 8176 8175
f 8140 8141 8176
f 8141 8177 8176
f 8141 8142 8177
f 8142 8178 8177
f 8142 8143 8178
f 8143 8179 8178
f 8143 8144 8179
f 8144 8180 8179
f 8144 8145 8180
f 8145 8181 8180
f 8145 8146 8181
f 8146 8182 8181
f 8146 8147 8182
f 8147 8183 8182
f 8147 8148 8183
f 8148 8184 8183
f 8148 8149 8184
f 8149 8185 8184
f 8149 8150 8185
f 8150 8186 8185
f 8150 8151 8186
f 8151 8187 8186
f 8151 8152 8187
f 8152 8188 8187
f 8152 8153 8188
f 8153 8189 8188
f 8153 8154 8189
f 8154 8190 8189
f 8154 8155 8190
f 8155 8191 8190
f 8155 8156 8191
f 8156 8192 8191
f 8156 8157 8192
f 8157 8193 8192
f 8157 8158 8193
f 8158 8194 8193
f 8158 8159 8194
f 8159 8195 8194
f 8159 8160 8195
f 8160 8196 8195
f 8160 8161 8196
f 8161 8197 8196
f 8161 8162 8197
f 8162 8198 8197
f 8162 8163 8198
f 8163 8199 8198
f 8163 8164 8199
f 8164 8200 8199
f 8164 8165 8200
f 8165 8201 8200
f 8165 8166 8201
f 8166 8202 8201
f 8166 8167 8202
f 8167 8203 8202
f 8167 8168 8203
f 8168 8204 8203
f 8168 8169 8204
f 8169 8205 8204
f 8169 8170 8205
f 8170 8206 8205
f 8170 8171 8206
f 8171 8207 8206
f 8171 8172 8207
f 8172 8208 8207
f 8172 8137 8208
f 8137 8173 8208
f 8173 8174 8209
f 8174 8210 8209
f 8174 8175 8210
f 8175 8211 8210
f 8175 8176 8211
f 8176 8212 8211
f 8176 8177 8212
f 8177 8213 8212
f 8177 8178 8213
f 8178 8214 8213
f 8178 8179 8214
f 8179 8215 8214
f 8179 8180 8215
f 8180 8216 8215
f 8180 8181 8216
f 8181 8217 8216
f 8181 8182 8217
f 8182 8218 8217
f 8182 8183 8218
f 8183 8219 8218
f 8183 8184 8219
f 8184 8220 8219
f 8184 8185 8220
f 8185 8221 8220
f 8185 8186 8221
f 8186 8222 8221
f 8186 8187 8222
f 8187 8223 8222
f 8187 8188 8223
f 8188 8224 8223
f 8188 8189 8224
f 8189 8225 8224
f 8189 8190 8225
f 8190 8226 8225
f 8190 8191 8226
f 8191 8227 8226
f 8191 8192 8227
f 8192 8228 8227
f 8192 8193 8228
f 8193 8229 8228
f 8193 8194 8229
f 8194 8230 8229
f 8194 8195 8230
f 8195 8231 8230
f 8195 8196 8231
f 8196 8232 8231
f 8196 8197 8232
f 8197 8233 8232
f 8197 8198 8233
f 8198 8234 8233
f 8198 8199 8234
f 8199 8235 8234
f 8199 8200 8235
f 8200 8236 8235
f 8200 8201 8236
f 8201 8237 8236
f 8201 8202 8237
f 8202 8238 8237
f 8202 8203 8238
f 8203 8239 8238
f 8203 8204 8239
f 8204 8240 8239
f 8204 8205 8240
f 8205 8241 8240
f 8205 8206 8241
f 8206 8242 8241
f 8206 8207 8242
f 8207 8243 8242
f 8207 8208 8243
f 8208 8244 8243
f 8208 8173 8244
f 8173 8209 8244
f 8209 8210 8245
f 8210 8246 8245
f 8210 8211 8246
f 8211 8247 8246
f 8211 8212 8247
f 8212 8248 8247
f 8212 8213 8248
f 8213 8249 8248
f 8213 8214 8249
f 8214 8250 8249
f 8214 8215 8250
f 8215 8251 8250
f 8215 8216 8251
f 8216 8252 8251
f 8216 8217 8252
f 8217 8253 8252
f 8217 8218 8253
f 8218 8254 8253
f 8218 8219 8254
f 8219 8255 8254
f 8219 8220 8255
f 8220 8256 8255
f 8220 8221 8256
f 8221 8257 8256
f 8221 8222 8257
f 8222 8258 8257
f 8222 8223 8258
f 8223 8259 8258
f 8223 8224 8259
f 8224 8260 8259
f 8224 8225 8260
f 8225 8261 8260
f 8225 8226 8261
f 8226 8262 8261
f 8226 8227 8262
f 8227 8263 8262
f 8227 8228 8263
f 8228 8264 8263
f 8228 8229 8264
f 8229 8265 8264
f 8229 8230 8265
f 8230 8266 8265
f 8230 8231 8266
f 8231 8267 8266
f 8231 8232 8267
f 8232 8268 8267
f 8232 8233 8268
f 8233 8269 8268
f 8233 8234 8269
f 8234 8270 8269
f 8234 8235 8270
f 8235 8271 8270
f 8235 8236 8271
f 8236 8272 8271
f 8236 8237 8272
f 8237 8273 8272
f 8237 8238 8273
f 8238 8274 8273
f 8238 8239 8274
f 8239 8275 8274
f 8239 8240 8275
f 8240 8276 8275
f 8240 8241 8276
f 8241 8277 8276
f 8241 8242 8277
f 8242 8278 8277
f 8242 8243 8278
f 8243 8279 8278
f 8243 8244 8279
f 8244 8280 8279
f 8244 8209 8280
f 8209 8245 8280
f 8245 8246 8281
f 8246 8282 8281
f 8246 8247 8282
f 8247 8283 8282
f 8247 8248 8283
f 8248 8284 8283
f 8248 8249 8284
f 8249 8285 8284
f 8249 8250 8285
f 8250 8286 8285
f 8250 8251 8286
f 8251 8287 8286
f 8251 8252 8287
f 8252 8288 8287
f 8252 8253 8288
f 8253 8289 8288
f 8253 8254 8289
f 8254 8290 8289
f 8254 8255 8290
f 8255 8291 8290
f 8255 8256 8291
f 8256 8292 8291
f 8256 8257 8292
f 8257 8293 8292
f 8257 8258 8293
f 8258 8294 8293
f 8258 8259 8294
f 8259 8295 8294
f 8259 8260 8295
f 8260 8296 8295
f 8260 8261 8296
f 8261 8297 8296
f 8261 8262 8297
f 8262 8298 8297
f 8262 8263 8298
f 8263 8299 8298
f 8263 8264 8299
f 8264 8300 8299
f 8264 8265 8300
f 8265 8301 8300
f 8265 8266 8301
f 8266 8302 8301
f 8266 8267 8302
f 8267 8303 8302
f 8267 8268 8303
f 8268 8304 8303
f 8268 8269 8304
f 8269 8305 8304
f 8269 8270 8305
f 8270 8306 8305
f 8270 8271 8306
f 8271 8307 8306
f 8271 8272 8307
f 8272 8308 8307
f 8272 8273 8308
f 8273 8309 8308
f 8273 8274 8309
f 8274 8310 8309
f 8274 8275 8310
f 8275 8311 8310
f 8275 8276 8311
f 8276 8312 8311
f 8276 8277 8312
f 8277 8313 8312
f 8277 8278 8313
f 8278 8314 8313
f 8278 8279 8314
f 8279 8315 8314
f 8279 8280 8315
f 8280 8316 8315
f 8280 8245 8316
f 8245 8281 8316
f 8281 8282 8317
f 8282 8318 8317
f 8282 8283 8318
f 8283 8319 8318
f 8283 8284 8319
f 8284 8320 8319
f 8284 8285 8320
f 8285 8321 8320
f 8285 8286 8321
f 8286 8322 8321
f 8286 8287 8322
f 8287 8323 8322
f 8287 8288 8323
f 8288 8324 8323
f 8288 8289 8324
f 8289 8325 8324
f 8289 8290 8325
f 8290 8326 8325
f 8290 8291 8326
f 8291 8327 8326
f 8291 8292 8327
f 8292 8328 8327
f 8292 8293 8328
f 8293 8329 8328
f 8293 8294 8329
f 8294 8330 8329
f 8294 8295 8330
f 8295 8331 8330
f 8295 8296 8331
f 8296 8332 8331
f 8296 8297 8332
f 8297 8333 8332
f 8297 8298 8333
f 8298 8334 8333
f 8298 8299 8334
f 8299 8335 8334
f 8299 8300 8335
f 8300 8336 8335
f 8300 8301 8336
f 8301 8337 8336
f 8301 8302 8337
f 8302 8338 8337
f 8302 8303 8338
f 8303 8339 8338
f 8303 8304 8339
f 8304 8340 8339
f 8304 8305 8340
f 8305 8341 8340
f 8305 8306 8341
f 8306 8342 8341
f 8306 8307 8342
f 8307 8343 8342
f 8307 8308 8343
f 8308 8344 8343
f 8308 8309 8344
f 8309 8345 8344
f 8309 8310 8345
f 8310 8346 8345
f 8310 8311 8346
f 8311 8347 8346
f 8311 8312 8347
f 8312 8348 8347
f 8312 8313 8348
f 8313 8349 8348
f 8313 8314 8349
f 8314 8350 8349
f 8314 8315 8350
f 8315 8351 8350
f 8315 8316 8351
f 8316 8352 8351
f 8316 8281 8352
f 8281 8317 8352
f 8317 8318 8353
f 8318 8354 8353
f 8318 8319 8354
f 8319 8355 8354
f 8319 8320 8355
f 8320 8356 8355
f 8320 8321 8356
f 8321 8357 8356
f 8321 8322 8357
f 8322 8358 8357
f 8322 8323 8358
f 8323 8359 8358
f 8323 8324 8359
f 8324 8360 8359
f 8324 8325 8360
f 8325 8361 8360
f 8325 8326 8361
f 8326 8362 8361
f 8326 8327 8362
f 8327 8363 8362
f 8327 8328 8363
f 8328 8364 8363
f 8328 8329 8364
f 8329 8365 8364
f 8329 8330 8365
f 8330 8366 8365
f 8330 8331 8366
f 8331 8367 8366
f 8331 8332 8367
f 8332 8368 8367
f 8332 8333 8368
f 8333 8369 8368
f 8333 8334 8369
f 8334 8370 8369
f 8334 8335 8370
f 8335 8371 8370
f 8335 8336 8371
f 8336 8372 8371
f 8336 8337 8372
f 8337 8373 8372
f 8337 8338 8373
f 8338 8374 8373
f 8338 8339 8374
f 8339 8375 8374
f 8339 8340 8375
f 8340 8376 8375
f 8340 8341 8376
f 8341 8377 8376
f 8341 8342 8377
f 8342 8378 8377
f 8342 8343 8378
f 8343 8379 8378
f 8343 8344 8379
f 8344 8380 8379
f 8344 8345 8380
f 8345 8381 8380
f 8345 8346 8381
f 8346 8382 8381
f 8346 8347 8382
f 8347 8383 8382
f 8347 8348 8383
f 8348 8384 8383
f 8348 8349 8384
f 8349 8385 8384
f 8349 8350 8385
f 8350 8386 8385
f 8350 8351 8386
f 8351 8387 8386
f 8351 8352 8387
f 8352 8388 8387
f 8352 8317 8388
f 8317 8353 8388
f 8353 8354 8389
f 8354 8390 8389
f 8354 8355 8390
f 8355 8391 8390
f 8355 8356 8391
f 8356 8392 8391
f 8356 8357 8392
f 8357 8393 8392
f 8357 8358 8393
f 8358 8394 8393
f 8358 8359 8394
f 8359 8395 8394
f 8359 8360 8395
f 8360 8396 8395
f 8360 8361 8396
f 8361 8397 8396
f 8361 8362 8397
f 8362 8398 8397
f 8362 8363 8398
f 8363 8399 8398
f 8363 8364 8399
f 8364 8400 8399
f 8364 8365 8400
f 8365 8401 8400
f 8365 8366 8401
f 8366 8402 8401
f 8366 8367 8402
f 8367 8403 8402
f 8367 8368 8403
f 8368 8404 8403
f 8368 8369 8404
f 8369 8405 8404
f 8369 8370 8405
f 8370 8406 8405
f 8370 8371 8406
f 8371 8407 8406
f 8371 8372 8407
f 8372 8408 8407
f 8372 8373 8408
f 8373 8409 8408
f 8373 8374 8409
f 8374 8410 8409
f 8374 8375 8410
f 8375 8411 8410
f 8375 8376 8411
f 8376 8412 8411
f 8376 8377 8412
f 8377 8413 8412
f 8377 8378 8413
f 8378 8414 8413
f 8378 8379 8414
f 8379 8415 8414
f 8379 8380 8415
f 8380 8416 8415
f 8380 8381 8416
f 8381 8417 8416
f 8381 8382 8417
f 8382 8418 8417
f 8382 8383 8418
f 8383 8419 8418
f 8383 8384 8419
f 8384 8420 8419
f 8384 8385 8420
f 8385 8421 8420
f 8385 8386 8421
f 8386 8422 8421
f 8386 8387 8422
f 8387 8423 8422
f 8387 8388 8423
f 8388 8424 8423
f 8388 8353 8424
f 8353 8389 8424
f 8389 8390 8425
f 8390 8426 8425
f 8390 8391 8426
f 8391 8427 8426
f 8391 8392 8427
f 8392 8428 8427
f 8392 8393 8428
f 8393 8429 8428
f 8393 8394 8429
f 8394 8430 8429
f 8394 8395 8430
f 8395 8431 8430
f 8395 8396 8431
f 8396 8432 8431
f 8396 8397 8432
f 8397 8433 8432
f 8397 8398 8433
f 8398 8434 8433
f 8398 8399 8434
f 8399 8435 8434
f 8399 8400 8435
f 8400 8436 8435
f 8400 8401 8436
f 8401 8437 8436
f 8401 8402 8437
f 8402 8438 8437
f 8402 8403 8438
f 8403 8439 8438
f 8403 8404 8439
f 8404 8440 8439
f 8404 8405 8440
f 8405 8441 8440
f 8405 8406 8441
f 8406 8442 8441
f 8406 8407 8442
f 8407 8443 8442
f 8407 8408 8443
f 8408 8444 8443
f 8408 8409 8444
f 8409 8445 8444
f 8409 8410 8445
f 8410 8446 8445
f 8410 8411 8446
f 8411 8447 8446
f 8411 8412 8447
f 8412 8448 8447
f 8412 8413 8448
f 8413 8449 8448
f 8413 8414 8449
f 8414 8450 8449
f 8414 8415 8450
f 8415 8451 8450
f 8415 8416 8451
f 8416 8452 8451
f 8416 8417 8452
f 8417 8453 8452
f 8417 8418 8453
f 8418 8454 8453
f 8418 8419 8454
f 8419 8455 8454
f 8419 8420 8455
f 8420 8456 8455
f 8420 8421 8456
f 8421 8457 8456
f 8421 8422 8457
f 8422 8458 8457
f 8422 8423 8458
f 8423 8459 8458
f 8423 8424 8459
f 8424 8460 8459
f 8424 8389 8460
f 8389 8425 8460
f 8425 8426 8461
f 8426 8462 8461
f 8426 8427 8462
f 8427 8463 8462
f 8427 8428 8463
f 8428 8464 8463
f 8428 8429 8464
f 8429 8465 8464
f 8429 8430 8465
f 8430 8466 8465
f 8430 8431 8466
f 8431 8467 8466
f 8431 8432 8467
f 8432 8468 8467
f 8432 8433 8468
f 8433 8469 8468
f 8433 8434 8469
f 8434 8470 8469
f 8434 8435 8470
f 8435 8471 8470
f 8435 8436 8471
f 8436 8472 8471
f 8436 8437 8472
f 8437 8473 8472
f 8437 8438 8473
f 8438 8474 8473
f 8438 8439 8474
f 8439 8475 8474
f 8439 8440 8475
f 8440 8476 8475
f 8440 8441 8476
f 8441 8477 8476
f 8441 8442 8477
f 8442 8478 8477
f 8442 8443 8478
f 8443 8479 8478
f 8443 8444 8479
f 8444 8480 8479
f 8444 8445 8480
f 8445 8481 8480
f 8445 8446 8481
f 8446 8482 8481
f 8446 8447 8482
f 8447 8483 8482
f 8447 8448 8483
f 8448 8484 8483
f 8448 8449 8484
f 8449 8485 8484
f 8449 8450 8485
f 8450 8486 8485
f 8450 8451 8486
f 8451 8487 8486
f 8451 8452 8487
f 8452 8488 8487
f 8452 8453 8488
f 8453 8489 8488
f 8453 8454 8489
f 8454 8490 8489
f 8454 8455 8490
f 8455 8491 8490
f 8455 8456 8491
f 8456 8492 8491
f 8456 8457 8492
f 8457 8493 8492
f 8457 8458 8493
f 8458 8494 8493
f 8458 8459 8494
f 8459 8495 8494
f 8459 8460 8495
f 8460 8496 8495
f 8460 8425 8496
f 8425 8461 8496
f 8461 8462 8497
f 8462 8498 8497
f 8462 8463 8498
f 8463 8499 8498
f 8463 8464 8499
f 8464 8500 8499
f 8464 8465 8500
f 8465 8501 8500
f 8465 8466 8501
f 8466 8502 8501
f 8466 8467 8502
f 8467 8503 8502
f 8467 8468 8503
f 8468 8504 8503
f 8468 8469 8504
f 8469 8505 8504
f 8469 8470 8505
f 8470 8506 8505
f 8470 8471 8506
f 8471 8507 8506
f 8471 8472 8507
f 8472 8508 8507
f 8472 8473 8508
f 8473 8509 8508
f 8473 8474 8509
f 8474 8510 8509
f 8474 8475 8510
f 8475 8511 8510
f 8475 8476 8511
f 8476 8512 8511
f 8476 8477 8512
f 8477 8513 8512
f 8477 8478 8513
f 8478 8514 8513
f 8478 8479 8514
f 8479 8515 8514
f 8479 8480 8515
f 8480 8516 8515
f 8480 8481 8516
f 8481 8517 8516
f 8481 8482 8517
f 8482 8518 8517
f 8482 8483 8518
f 8483 8519 8518
f 8483 8484 8519
f 8484 8520 8519
f 8484 8485 8520
f 8485 8521 8520
f 8485 8486 8521
f 8486 8522 8521
f 8486 8487 8522
f 8487 8523 8522
f 8487 8488 8523
f 8488 8524 8523
f 8488 8489 8524
f 8489 8525 8524
f 8489 8490 8525
f 8490 8526 8525
f 8490 8491 8526
f 8491 8527 8526
f 8491 8492 8527
f 8492 8528 8527
f 8492 8493 8528
f 8493 8529 8528
f 8493 8494 8529
f 8494 8530 8529
f 8494 8495 8530
f 8495 8531 8530
f 8495 8496 8531
f 8496 8532 8531
f 8496 8461 8532
f 8461 8497 8532
f 8497 8498 8533
f 8498 8534 8533
f 8498 8499 8534
f 8499 8535 8534
f 8499 8500 8535
f 8500 8536 8535
f 8500 8501 8536
f 8501 8537 8536
f 8501 8502 8537
f 8502 8538 8537
f 8502 8503 8538
f 8503 8539 8538
f 8503 8504 8539
f 8504 8540 8539
f 8504 8505 8540
f 8505 8541 8540
f 8505 8506 8541
f 8506 8542 8541
f 8506 8507 8542
f 8507 8543 8542
f 8507 8508 8543
f 8508 8544 8543
f 8508 8509 8544
f 8509 8545 8544
f 8509 8510 8545
f 8510 8546 8545
f 8510 8511 8546
f 8511 8547 8546
f 8511 8512 8547
f 8512 8548 8547
f 8512 8513 8548
f 8513 8549 8548
f 8513 8514 8549
f 8514 8550 8549
f 8514 8515 8550
f 8515 8551 8550
f 8515 8516 8551
f 8516 8552 8551
f 8516 8517 8552
f 8517 8553 8552
f 8517 8518 8553
f 8518 8554 8553
f 8518 8519 8554
f 8519 8555 8554
f 8519 8520 8555
f 8520 8556 8555
f 8520 8521 8556
f 8521 8557 8556
f 8521 8522 8557
f 8522 8558 8557
f 8522 8523 8558
f 8523 8559 8558
f 8523 8524 8559
f 8524 8560 8559
f 8524 8525 8560
f 8525 8561 8560
f 8525 8526 8561
f 8526 8562 8561
f 8526 8527 8562
f 8527 8563 8562
f 8527 8528 8563
f 8528 8564 8563
f 8528 8529 8564
f 8529 8565 8564
f 8529 8530 8565
f 8530 8566 8565
f 8530 8531 8566
f 8531 8567 8566
f 8531 8532 8567
f 8532 8568 8567
f 8532 8497 8568
f 8497 8533 8568
f 8533 8534 8569
f 8534 8570 8569
f 8534 8535 8570
f 8535 8571 8570
f 8535 8536 8571
f 8536 8572 8571
f 8536 8537 8572
f 8537 8573 8572
f 8537 8538 8573
f 8538 8574 8573
f 8538 8539 8574
f 8539 8575 8574
f 8539 8540 8575
f 8540 8576 8575
f 8540 8541 8576
f 8541 8577 8576
f 8541 8542 8577
f 8542 8578 8577
f 8542 8543 8578
f 8543 8579 8578
f 8543 8544 8579
f 8544 8580 8579
f 8544 8545 8580
f 8545 8581 8580
f 8545 8546 8581
f 8546 8582 8581
f 8546 8547 8582
f 8547 8583 8582
f 8547 8548 8583
f 8548 8584 8583
f 8548 8549 8584
f 8549 8585 8584
f 8549 8550 8585
f 8550 8586 8585
f 8550 8551 8586
f 8551 8587 8586
f 8551 8552 8587
f 8552 8588 8587
f 8552 8553 8588
f 8553 8589 8588
f 8553 8554 8589
f 8554 8590 8589
f 8554 8555 8590
f 8555 8591 8590
f 8555 8556 8591
f 8556 8592 8591
f 8556 8557 8592
f 8557 8593 8592
f 8557 8558 8593
f 8558 8594 8593
f 8558 8559 8594
f 8559 8595 8594
f 8559 8560 8595
f 8560 8596 8595
f 8560 8561 8596
f 8561 8597 8596
f 8561 8562 8597
f 8562 8598 8597
f 8562 8563 8598
f 8563 8599 8598
f 8563 8564 8599
f 8564 8600 8599
f 8564 8565 8600
f 8565 8601 8600
f 8565 8566 8601
f 8566 8602 8601
f 8566 8567 8602
f 8567 8603 8602
f 8567 8568 8603
f 8568 8604 8603
f 8568 8533 8604
f 8533 8569 8604
f 8569 8570 8605
f 8570 8606 8605
f 8570 8571 8606
f 8571 8607 8606
f 8571 8572 8607
f 8572 8608 8607
f 8572 8573 8608
f 8573 8609 8608
f 8573 8574 8609
f 8574 8610 8609
f 8574 8575 8610
f 8575 8611 8610
f 8575 8576 8611
f 8576 8612 8611
f 8576 8577 8612
f 8577 8613 8612
f 8577 8578 8613
f 8578 8614 8613
f 8578 8579 8614
f 8579 8615 8614
f 8579 8580 8615
f 8580 8616 8615
f 8580 8581 8616
f 8581 8617 8616
f 8581 8582 8617
f 8582 8618 8617
f 8582 8583 8618
f 8583 8619 8618
f 8583 8584 8619
f 8584 8620 8619
f 8584 8585 8620
f 8585 8621 8620
f 8585 8586 8621
f 8586 8622 8621
f 8586 8587 8622
f 8587 8623 8622
f 8587 8588 8623
f 8588 8624 8623
f 8588 8589 8624
f 8589 8625 8624
f 8589 8590 8625
f 8590 8626 8625
f 8590 8591 8626
f 8591 8627 8626
f 8591 8592 8627
f 8592 8628 8627
f 8592 8593 8628
f 8593 8629 8628
f 8593 8594 8629
f 8594 8630 8629
f 8594 8595 8630
f 8595 8631 8630
f 8595 8596 8631
f 8596 8632 8631
f 8596 8597 8632
f 8597 8633 8632
f 8597 8598 8633
f 8598 8634 8633
f 8598 8599 8634
f 8599 8635 8634
f 8599 8600 8635
f 8600 8636 8635
f 8600 8601 8636
f 8601 8637 8636
f 8601 8602 8637
f 8602 8638 8637
f 8602 8603 8638
f 8603 8639 8638
f 8603 8604 8639
f 8604 8640 8639
f 8604 8569 8640
f 8569 8605 8640
f 8605 8606 8641
f 8606 8642 8641
f 8606 8607 8642
f 8607 8643 8642
f 8607 8608 8643
f 8608 8644 8643
f 8608 8609 8644
f 8609 8645 8644
f 8609 8610 8645
f 8610 8646 8645
f 8610 8611 8646
f 8611 8647 8646
f 8611 8612 8647
f 8612 8648 8647
f 8612 8613 8648
f 8613 8649 8648
f 8613 8614 8649
f 8614 8650 8649
f 8614 8615 8650
f 8615 8651 8650
f 8615 8616 8651
f 8616 8652 8651
f 8616 8617 8652
f 8617 8653 8652
f 8617 8618 8653
f 8618 8654 8653
f 8618 8619 8654
f 8619 8655 8654
f 8619 8620 8655
f 8620 8656 8655
f 8620 8621 8656
f 8621 8657 8656
f 8621 8622 8657
f 8622 8658 8657
f 8622 8623 8658
f 8623 8659 8658
f 8623 8624 8659
f 8624 8660 8659
f 8624 8625 8660
f 8625 8661 8660
f 8625 8626 8661
f 8626 8662 8661
f 8626 8627 8662
f 8627 8663 8662
f 8627 8628 8663
f 8628 8664 8663
f 8628 8629 8664
f 8629 8665 8664
f 8629 8630 8665
f 8630 8666 8665
f 8630 8631 8666
f 8631 8667 8666
f 8631 8632 8667
f 8632 8668 8667
f 8632 8633 8668
f 8633 8669 8668
f 8633 8634 8669
f 8634 8670 8669
f 8634 8635 8670
f 8635 8671 8670
f 8635 8636 8671
f 8636 8672 8671
f 8636 8637 8672
f 8637 8673 8672
f 8637 8638 8673
f 8638 8674 8673
f 8638 8639 8674
f 8639 8675 8674
f 8639 8640 8675
f 8640 8676 8675
f 8640 8605 8676
f 8605 8641 8676
f 8641 8642 8677
f 8642 8678 8677
f 8642 8643 8678
f 8643 8679 8678
f 8643 8644 8679
f 8644 8680 8679
f 8644 8645 8680
f 8645 8681 8680
f 8645 8646 8681
f 8646 8682 8681
f 8646 8647 8682
f 8647 8683 8682
f 8647 8648 8683
f 8648 8684 8683
f 8648 8649 8684
f 8649 8685 8684
f 8649 8650 8685
f 8650 8686 8685
f 8650 8651 8686
f 8651 8687 8686
f 8651 8652 8687
f 8652 8688 8687
f 8652 8653 8688
f 8653 8689 8688
f 8653 8654 8689
f 8654 8690 8689
f 8654 8655 8690
f 8655 8691 8690
f 8655 8656 8691
f 8656 8692 8691
f 8656 8657 8692
f 8657 8693 8692
f 8657 8658 8693
f 8658 8694 8693
f 8658 8659 8694
f 8659 8695 8694
f 8659 8660 8695
f 8660 8696 8695
f 8660 8661 8696
f 8661 8697 8696
f 8661 8662 8697
f 8662 8698 8697
f 8662 8663 8698
f 8663 8699 8698
f 8663 8664 8699
f 8664 8700 8699
f 8664 8665 8700
f 8665 8701 8700
f 8665 8666 8701
f 8666 8702 8701
f 8666 8667 8702
f 8667 8703 8702
f 8667 8668 8703
f 8668 8704 8703
f 8668 8669 8704
f 8669 8705 8704
f 8669 8670 8705
f 8670 8706 8705
f 8670 8671 8706
f 8671 8707 8706
f 8671 8672 8707
f 8672 8708 8707
f 8672 8673 8708
f 8673 8709 8708
f 8673 8674 8709
f 8674 8710 8709
f 8674 8675 8710
f 8675 8711 8710
f 8675 8676 8711
f 8676 8712 8711
f 8676 8641 8712
f 8641 8677 8712
f 8677 8678 8713
f 8678 8714 8713
f 8678 8679 8714
f 8679 8715 8714
f 8679 8680 8715
f 8680 8716 8715
f 8680 8681 8716
f 8681 8717 8716
f 8681 8682 8717
f 8682 8718 8717
f 8682 8683 8718
f 8683 8719 8718
f 8683 8684 8719
f 8684 8720 8719
f 8684 8685 8720
f 8685 8721 8720
f 8685 8686 8721
f 8686 8722 8721
f 8686 8687 8722
f 8687 8723 8722
f 8687 8688 8723
f 8688 8724 8723
f 8688 8689 8724
f 8689 8725 8724
f 8689 8690 8725
f 8690 8726 8725
f 8690 8691 8726
f 8691 8727 8726
f 8691 8692 8727
f 8692 8728 8727
f 8692 8693 8728
f 8693 8729 8728
f 8693 8694 8729
f 8694 8730 8729
f 8694 8695 8730
f 8695 8731 8730
f 8695 8696 8731
f 8696 8732 8731
f 8696 8697 8732
f 8697 8733 8732
f 8697 8698 8733
f 8698 8734 8733
f 8698 8699 8734
f 8699 8735 8734
f 8699 8700 8735
f 8700 8736 8735
f 8700 8701 8736
f 8701 8737 8736
f 8701 8702 8737
f 8702 8738 8737
f 8702 8703 8738
f 8703 8739 8738
f 8703 8704 8739
f 8704 8740 8739
f 8704 8705 8740
f 8705 8741 8740
f 8705 8706 8741
f 8706 8742 8741
f 8706 8707 8742
f 8707 8743 8742
f 8707 8708 8743
f 8708 8744 8743
f 8708 8709 8744
f 8709 8745 8744
f 8709 8710 8745
f 8710 8746 8745
f 8710 8711 8746
f 8711 8747 8746
f 8711 8712 8747
f 8712 8748 8747
f 8712 8677 8748
f 8677 8713 8748
f 8713 8714 8749
f 8714 8750 8749
f 8714 8715 8750
f 8715 8751 8750
f 8715 8716 8751
f 8716 8752 8751
f 8716 8717 8752
f 8717 8753 8752
f 8717 8718 8753
f 8718 8754 8753
f 8718 8719 8754
f 8719 8755 8754
f 8719 8720 8755
f 8720 8756 8755
f 8720 8721 8756
f 8721 8757 8756
f 8721 8722 8757
f 8722 8758 8757
f 8722 8723 8758
f 8723 8759 8758
f 8723 8724 8759
f 8724 8760 8759
f 8724 8725 8760
f 8725 8761 8760
f 8725 8726 8761
f 8726 8762 8761
f 8726 8727 8762
f 8727 8763 8762
f 8727 8728 8763
f 8728 8764 8763
f 8728 8729 8764
f 8729 8765 8764
f 8729 8730 8765
f 8730 8766 8765
f 8730 8731 8766
f 8731 8767 8766
f 8731 8732 8767
f 8732 8768 8767
f 8732 8733 8768
f 8733 8769 8768
f 8733 8734 8769
f 8734 8770 8769
f 8734 8735 8770
f 8735 8771 8770
f 8735 8736 8771
f 8736 8772 8771
f 8736 8737 8772
f 8737 8773 8772
f 8737 8738 8773
f 8738 8774 8773
f 8738 8739 8774
f 8739 8775 8774
f 8739 8740 8775
f 8740 8776 8775
f 8740 8741 8776
f 8741 8777 8776
f 8741 8742 8777
f 8742 8778 8777
f 8742 8743 8778
f 8743 8779 8778
f 8743 8744 8779
f 8744 8780 8779
f 8744 8745 8780
f 8745 8781 8780
f 8745 8746 8781
f 8746 8782 8781
f 8746 8747 8782
f 8747 8783 8782
f 8747 8748 8783
f 8748 8784 8783
f 8748 8713 8784
f 8713 8749 8784
f 8749 8750 8785
f 8750 8786 8785
f 8750 8751 8786
f 8751 8787 8786
f 8751 8752 8787
f 8752 8788 8787
f 8752 8753 8788
f 8753 8789 8788
f 8753 8754 8789
f 8754 8790 8789
f 8754 8755 8790
f 8755 8791 8790
f 8755 8756 8791
f 8756 8792 8791
f 8756 8757 8792
f 8757 8793 8792
f 8757 8758 8793
f 8758 8794 8793
f 8758 8759 8794
f 8759 8795 8794
f 8759 8760 8795
f 8760 8796 8795
f 8760 8761 8796
f 8761 8797 8796
f 8761 8762 8797
f 8762 8798 8797
f 8762 8763 8798
f 8763 8799 8798
f 8763 8764 8799
f 8764 8800 8799
f 8764 8765 8800
f 8765 8801 8800
f 8765 8766 8801
f 8766 8802 8801
f 8766 8767 8802
f 8767 8803 8802
f 8767 8768 8803
f 8768 8804 8803
f 8768 8769 8804
f 8769 8805 8804
f 8769 8770 8805
f 8770 8806 8805
f 8770 8771 8806
f 8771 8807 8806
f 8771 8772 8807
f 8772 8808 8807
f 8772 8773 8808
f 8773 8809 8808
f 8773 8774 8809
f 8774 8810 8809
f 8774 8775 8810
f 8775 8811 8810
f 8775 8776 8811
f 8776 8812 8811
f 8776 8777 8812
f 8777 8813 8812
f 8777 8778 8813
f 8778 8814 8813
f 8778 8779 8814
f 8779 8815 8814
f 8779 8780 8815
f 8780 8816 8815
f 8780 8781 8816
f 8781 8817 8816
f 8781 8782 8817
f 8782 8818 8817
f 8782 8783 8818
f 8783 8819 8818
f 8783 8784 8819
f 8784 8820 8819
f 8784 8749 8820
f 8749 8785 8820
f 8785 8786 8821
f 8786 8822 8821
f 8786 8787 8822
f 8787 8823 8822
f 8787 8788 8823
f 8788 8824 8823
f 8788 8789 8824
f 8789 8825 8824
f 8789 8790 8825
f 8790 8826 8825
f 8790 8791 8826
f 8791 8827 8826
f 8791 8792 8827
f 8792 8828 8827
f 8792 8793 8828
f 8793 8829 8828
f 8793 8794 8829
f 8794 8830 8829
f 8794 8795 8830
f 8795 8831 8830
f 8795 8796 8831
f 8796 8832 8831
f 8796 8797 8832
f 8797 8833 8832
f 8797 8798 8833
f 8798 8834 8833
f 8798 8799 8834
f 8799 8835 8834
f 8799 8800 8835
f 8800 8836 8835
f 8800 8801 8836
f 8801 8837 8836
f 8801 8802 8837
f 8802 8838 8837
f 8802 8803 8838
f 8803 8839 8838
f 8803 8804 8839
f 8804 8840 8839
f 8804 8805 8840
f 8805 8841 8840
f 8805 8806 8841
f 8806 8842 8841
f 8806 8807 8842
f 8807 8843 8842
f 8807 8808 8843
f 8808 8844 8843
f 8808 8809 8844
f 8809 8845 8844
f 8809 8810 8845
f 8810 8846 8845
f 8810 8811 8846
f 8811 8847 8846
f 8811 8812 8847
f 8812 8848 8847
f 8812 8813 8848
f 8813 8849 8848
f 8813 8814 8849
f 8814 8850 8849
f 8814 8815 8850
f 8815 8851 8850
f 8815 8816 8851
f 8816 8852 8851
f 8816 8817 8852
f 8817 8853 8852
f 8817 8818 8853
f 8818 8854 8853
f 8818 8819 8854
f 8819 8855 8854
f 8819 8820 8855
f 8820 8856 8855
f 8820 8785 8856
f 8785 8821 8856
f 8821 8822 8857
f 8822 8858 8857
f 8822 8823 8858
f 8823 8859 8858
f 8823 8824 8859
f 8824 8860 8859
f 8824 8825 8860
f 8825 8861 8860
f 8825 8826 8861
f 8826 8862 8861
f 8826 8827 8862
f 8827 8863 8862
f 8827 8828 8863
f 8828 8864 8863
f 8828 8829 8864
f 8829 8865 8864
f 8829 8830 8865
f 8830 8866 8865
f 8830 8831 8866
f 8831 8867 8866
f 8831 8832 8867
f 8832 8868 8867
f 8832 8833 8868
f 8833 8869 8868
f 8833 8834 8869
f 8834 8870 8869
f 8834 8835 8870
f 8835 8871 8870
f 8835 8836 8871
f 8836 8872 8871
f 8836 8837 8872
f 8837 8873 8872
f 8837 8838 8873
f 8838 8874 8873
f 8838 8839 8874
f 8839 8875 8874
f 8839 8840 8875
f 8840 8876 8875
f 8840 8841 8876
f 8841 8877 8876
f 8841 8842 8877
f 8842 8878 8877
f 8842 8843 8878
f 8843 8879 8878
f 8843 8844 8879
f 8844 8880 8879
f 8844 8845 8880
f 8845 8881 8880
f 8845 8846 8881
f 8846 8882 8881
f 8846 8847 8882
f 8847 8883 8882
f 8847 8848 8883
f 8848 8884 8883
f 8848 8849 8884
f 8849 8885 8884
f 8849 8850 8885
f 8850 8886 8885
f 8850 8851 8886
f 8851 8887 8886
f 8851 8852 8887
f 8852 8888 8887
f 8852 8853 8888
f 8853 8889 8888
f 8853 8854 8889
f 8854 8890 8889
f 8854 8855 8890
f 8855 8891 8890
f 8855 8856 8891
f 8856 8892 8891
f 8856 8821 8892
f 8821 8857 8892
f 8857 8858 8893
f 8858 8894 8893
f 8858 8859 8894
f 8859 8895 8894
f 8859 8860 8895
f 8860 8896 8895
f 8860 8861 8896
f 8861 8897 8896
f 8861 8862 8897
f 8862 8898 8897
f 8862 8863 8898
f 8863 8899 8898
f 8863 8864 8899
f 8864 8900 8899
f 8864 8865 8900
f 8865 8901 8900
f 8865 8866 8901
f 8866 8902 8901
f 8866 8867 8902
f 8867 8903 8902
f 8867 8868 8903
f 8868 8904 8903
f 8868 8869 8904
f 8869 8905 8904
f 8869 8870 8905
f 8870 8906 8905
f 8870 8871 8906
f 8871 8907 8906
f 8871 8872 8907
f 8872 8908 8907
f 8872 8873 8908
f 8873 8909 8908
f 8873 8874 8909
f 8874 8910 8909
f 8874 8875 8910
f 8875 8911 8910
f 8875 8876 8911
f 8876 8912 8911
f 8876 8877 8912
f 8877 8913 8912
f 8877 8878 8913
f 8878 8914 8913
f 8878 8879 8914
f 8879 8915 8914
f 8879 8880 8915
f 8880 8916 8915
f 8880 8881 8916
f 8881 8917 8916
f 8881 8882 8917
f 8882 8918 8917
f 8882 8883 8918
f 8883 8919 8918
f 8883 8884 8919
f 8884 8920 8919
f 8884 8885 8920
f 8885 8921 8920
f 8885 8886 8921
f 8886 8922 8921
f 8886 8887 8922
f 8887 8923 8922
f 8887 8888 8923
f 8888 8924 8923
f 8888 8889 8924
f 8889 8925 8924
f 8889 8890 8925
f 8890 8926 8925
f 8890 8891 8926
f 8891 8927 8926
f 8891 8892 8927
f 8892 8928 8927
f 8892 8857 8928
f 8857 8893 8928
f 8893 8894 8929
f 8894 8930 8929
f 8894 8895 8930
f 8895 8931 8930
f 8895 8896 8931
f 8896 8932 8931
f 8896 8897 8932
f 8897 8933 8932
f 8897 8898 8933
f 8898 8934 8933
f 8898 8899 8934
f 8899 8935 8934
f 8899 8900 8935
f 8900 8936 8935
f 8900 8901 8936
f 8901 8937 8936
f 8901 8902 8937
f 8902 8938 8937
f 8902 8903 8938
f 8903 8939 8938
f 8903 8904 8939
f 8904 8940 8939
f 8904 8905 8940
f 8905 8941 8940
f 8905 8906 8941
f 8906 8942 8941
f 8906 8907 8942
f 8907 8943 8942
f 8907 8908 8943
f 8908 8944 8943
f 8908 8909 8944
f 8909 8945 8944
f 8909 8910 8945
f 8910 8946 8945
f 8910 8911 8946
f 8911 8947 8946
f 8911 8912 8947
f 8912 8948 8947
f 8912 8913 8948
f 8913 8949 8948
f 8913 8914 8949
f 8914 8950 8949
f 8914 8915 8950
f 8915 8951 8950
f 8915 8916 8951
f 8916 8952 8951
f 8916 8917 8952
f 8917 8953 8952
f 8917 8918 8953
f 8918 8954 8953
f 8918 8919 8954
f 8919 8955 8954
f 8919 8920 8955
f 8920 8956 8955
f 8920 8921 8956
f 8921 8957 8956
f 8921 8922 8957
f 8922 8958 8957
f 8922 8923 8958
f 8923 8959 8958
f 8923 8924 8959
f 8924 8960 8959
f 8924 8925 8960
f 8925 8961 8960
f 8925 8926 8961
f 8926 8962 8961
f 8926 8927 8962
f 8927 8963 8962
f 8927 8928 8963
f 8928 8964 8963
f 8928 8893 8964
f 8893 8929 8964
f 8929 8930 8965
f 8930 8966 8965
f 8930 8931 8966
f 8931 8967 8966
f 8931 8932 8967
f 8932 8968 8967
f 8932 8933 8968
f 8933 8969 8968
f 8933 8934 8969
f 8934 8970 8969
f 8934 8935 8970
f 8935 8971 8970
f 8935 8936 8971
f 8936 8972 8971
f 8936 8937 8972
f 8937 8973 8972
f 8937 8938 8973
f 8938 8974 8973
f 8938 8939 8974
f 8939 8975 8974
f 8939 8940 8975
f 8940 8976 8975
f 8940 8941 8976
f 8941 8977 8976
f 8941 8942 8977
f 8942 8978 8977
f 8942 8943 8978
f 8943 8979 8978
f 8943 8944 8979
f 8944 8980 8979
f 8944 8945 8980
f 8945 8981 8980
f 8945 8946 8981
f 8946 8982 8981
f 8946 8947 8982
f 8947 8983 8982
f 8947 8948 8983
f 8948 8984 8983
f 8948 8949 8984
f 8949 8985 8984
f 8949 8950 8985
f 8950 8986 8985
f 8950 8951 8986
f 8951 8987 8986
f 8951 8952 8987
f 8952 8988 8987
f 8952 8953 8988
f 8953 8989 8988
f 8953 8954 8989
f 8954 8990 8989
f 8954 8955 8990
f 8955 8991 8990
f 8955 8956 8991
f 8956 8992 8991
f 8956 8957 8992
f 8957 8993 8992
f 8957 8958 8993
f 8958 8994 8993
f 8958 8959 8994
f 8959 8995 8994
f 8959 8960 8995
f 8960 8996 8995
f 8960 8961 8996
f 8961 8997 8996
f 8961 8962 8997
f 8962 8998 8997
f 8962 8963 8998
f 8963 8999 8998
f 8963 8964 8999
f 8964 9000 8999
f 8964 8929 9000
f 8929 8965 9000
f 8965 8966 9001
f 8966 9002 9001
f 8966 8967 9002
f 8967 9003 9002
f 8967 8968 9003
f 8968 9004 9003
f 8968 8969 9004
f 8969 9005 9004
f 8969 8970 9005
f 8970 9006 9005
f 8970 8971 9006
f 8971 9007 9006
f 8971 8972 9007
f 8972 9008 9007
f 8972 8973 9008
f 8973 9009 9008
f 8973 8974 9009
f 8974 9010 9009
f 8974 8975 9010
f 8975 9011 9010
f 8975 8976 9011
f 8976 9012 9011
f 8976 8977 9012
f 8977 9013 9012
f 8977 8978 9013
f 8978 9014 9013
f 8978 8979 9014
f 8979 9015 9014
f 8979 8980 9015
f 8980 9016 9015
f 8980 8981 9016
f 8981 9017 9016
f 8981 8982 9017
f 8982 9018 9017
f 8982 8983 9018
f 8983 9019 9018
f 8983 8984 9019
f 8984 9020 9019
f 8984 8985 9020
f 8985 9021 9020
f 8985 8986 9021
f 8986 9022 9021
f 8986 8987 9022
f 8987 9023 9022
f 8987 8988 9023
f 8988 9024 9023
f 8988 8989 9024
f 8989 9025 9024
f 8989 8990 9025
f 8990 9026 9025
f 8990 8991 9026
f 8991 9027 9026
f 8991 8992 9027
f 8992 9028 9027
f 8992 8993 9028
f 8993 9029 9028
f 8993 8994 9029
f 8994 9030 9029
f 8994 8995 9030
f 8995 9031 9030
f 8995 8996 9031
f 8996 9032 9031
f 8996 8997 9032
f 8997 9033 9032
f 8997 8998 9033
f 8998 9034 9033
f 8998 8999 9034
f 8999 9035 9034
f 8999 9000 9035
f 9000 9036 9035
f 9000 8965 9036
f 8965 9001 9036
f 9001 9002 9037
f 9002 9038 9037
f 9002 9003 9038
f 9003 9039 9038
f 9003 9004 9039
f 9004 9040 9039
f 9004 9005 9040
f 9005 9041 9040
f 9005 9006 9041
f 9006 9042 9041
f 9006 9007 9042
f 9007 9043 9042
f 9007 9008 9043
f 9008 9044 9043
f 9008 9009 9044
f 9009 9045 9044
f 9009 9010 9045
f 9010 9046 9045
f 9010 9011 9046
f 9011 9047 9046
f 9011 9012 9047
f 9012 9048 9047
f 9012 9013 9048
f 9013 9049 9048
f 9013 9014 9049
f 9014 9050 9049
f 9014 9015 9050
f 9015 9051 9050
f 9015 9016 9051
f 9016 9052 9051
f 9016 9017 9052
f 9017 9053 9052
f 9017 9018 9053
f 9018 9054 9053
f 9018 9019 9054
f 9019 9055 9054
f 9019 9020 9055
f 9020 9056 9055
f 9020 9021 9056
f 9021 9057 9056
f 9021 9022 9057
f 9022 9058 9057
f 9022 9023 9058
f 9023 9059 9058
f 9023 9024 9059
f 9024 9060 9059
f 9024 9025 9060
f 9025 9061 9060
f 9025 9026 9061
f 9026 9062 9061
f 9026 9027 9062
f 9027 9063 9062
f 9027 9028 9063
f 9028 9064 9063
f 9028 9029 9064
f 9029 9065 9064
f 9029 9030 9065
f 9030 9066 9065
f 9030 9031 9066
f 9031 9067 9066
f 9031 9032 9067
f 9032 9068 9067
f 9032 9033 9068
f 9033 9069 9068
f 9033 9034 9069
f 9034 9070 9069
f 9034 9035 9070
f 9035 9071 9070
f 9035 9036 9071
f 9036 9072 9071
f 9036 9001 9072
f 9001 9037 9072
f 9037 9038 9073
f 9038 9074 9073
f 9038 9039 9074
f 9039 9075 9074
f 9039 9040 9075
f 9040 9076 9075
f 9040 9041 9076
f 9041 9077 9076
f 9041 9042 9077
f 9042 9078 9077
f 9042 9043 9078
f 9043 9079 9078
f 9043 9044 9079
f 9044 9080 9079
f 9044 9045 9080
f 9045 9081 9080
f 9045 9046 9081
f 9046 9082 9081
f 9046 9047 9082
f 9047 9083 9082
f 9047 9048 9083
f 9048 9084 9083
f 9048 9049 9084
f 9049 9085 9084
f 9049 9050 9085
f 9050 9086 9085
f 9050 9051 9086
f 9051 9087 9086
f 9051 9052 9087
f 9052 9088 9087
f 9052 9053 9088
f 9053 9089 9088
f 9053 9054 9089
f 9054 9090 9089
f 9054 9055 9090
f 9055 9091 9090
f 9055 9056 9091
f 9056 9092 9091
f 9056 9057 9092
f 9057 9093 9092
f 9057 9058 9093
f 9058 9094 9093
f 9058 9059 9094
f 9059 9095 9094
f 9059 9060 9095
f 9060 9096 9095
f 9060 9061 9096
f 9061 9097 9096
f 9061 9062 9097
f 9062 9098 9097
f 9062 9063 9098
f 9063 9099 9098
f 9063 9064 9099
f 9064 9100 9099
f 9064 9065 9100
f 9065 9101 9100
f 9065 9066 9101
f 9066 9102 9101
f 9066 9067 9102
f 9067 9103 9102
f 9067 9068 9103
f 9068 9104 9103
f 9068 9069 9104
f 9069 9105 9104
f 9069 9070 9105
f 9070 9106 9105
f 9070 9071 9106
f 9071 9107 9106
f 9071 9072 9107
f 9072 9108 9107
f 9072 9037 9108
f 9037 9073 9108
f 9073 9074 9109
f 9074 9110 9109
f 9074 9075 9110
f 9075 9111 9110
f 9075 9076 9111
f 9076 9112 9111
f 9076 9077 9112
f 9077 9113 9112
f 9077 9078 9113
f 9078 9114 9113
f 9078 9079 9114
f 9079 9115 9114
f 9079 9080 9115
f 9080 9116 9115
f 9080 9081 9116
f 9081 9117 9116
f 9081 9082 9117
f 9082 9118 9117
f 9082 9083 9118
f 9083 9119 9118
f 9083 9084 9119
f 9084 9120 9119
f 9084 9085 9120
f 9085 9121 9120
f 9085 9086 9121
f 9086 9122 9121
f 9086 9087 9122
f 9087 9123 9122
f 9087 9088 9123
f 9088 9124 9123
f 9088 9089 9124
f 9089 9125 9124
f 9089 9090 9125
f 9090 9126 9125
f 9090 9091 9126
f 9091 9127 9126
f 9091 9092 9127
f 9092 9128 9127
f 9092 9093 9128
f 9093 9129 9128
f 9093 9094 9129
f 9094 9130 9129
f 9094 9095 9130
f 9095 9131 9130
f 9095 9096 9131
f 9096 9132 9131
f 9096 9097 9132
f 9097 9133 9132
f 9097 9098 9133
f 9098 9134 9133
f 9098 9099 9134
f 9099 9135 9134
f 9099 9100 9135
f 9100 9136 9135
f 9100 9101 9136
f 9101 9137 9136
f 9101 9102 9137
f 9102 9138 9137
f 9102 9103 9138
f 9103 9139 9138
f 9103 9104 9139
f 9104 9140 9139
f 9104 9105 9140
f 9105 9141 9140
f 9105 9106 9141
f 9106 9142 9141
f 9106 9107 9142
f 9107 9143 9142
f 9107 9108 9143
f 9108 9144 9143
f 9108 9073 9144
f 9073 9109 9144
f 9109 9110 9145
f 9110 9146 9145
f 9110 9111 9146
f 9111 9147 9146
f 9111 9112 9147
f 9112 9148 9147
f 9112 9113 9148
f 9113 9149 9148
f 9113 9114 9149
f 9114 9150 9149
f 9114 9115 9150
f 9115 9151 9150
f 9115 9116 9151
f 9116 9152 9151
f 9116 9117 9152
f 9117 9153 9152
f 9117 9118 9153
f 9118 9154 9153
f 9118 9119 9154
f 9119 9155 9154
f 9119 9120 9155
f 9120 9156 9155
f 9120 9121 9156
f 9121 9157 9156
f 9121 9122 9157
f 9122 9158 9157
f 9122 9123 9158
f 9123 9159 9158
f 9123 9124 9159
f 9124 9160 9159
f 9124 9125 9160
f 9125 9161 9160
f 9125 9126 9161
f 9126 9162 9161
f 9126 9127 9162
f 9127 9163 9162
f 9127 9128 9163
f 9128 9164 9163
f 9128 9129 9164
f 9129 9165 9164
f 9129 9130 9165
f 9130 9166 9165
f 9130 9131 9166
f 9131 9167 9166
f 9131 9132 9167
f 9132 9168 9167
f 9132 9133 9168
f 9133 9169 9168
f 9133 9134 9169
f 9134 9170 9169
f 9134 9135 9170
f 9135 9171 9170
f 9135 9136 9171
f 9136 9172 9171
f 9136 9137 9172
f 9137 9173 9172
f 9137 9138 9173
f 9138 9174 9173
f 9138 9139 9174
f 9139 9175 9174
f 9139 9140 9175
f 9140 9176 9175
f 9140 9141 9176
f 9141 9177 9176
f 9141 9142 9177
f 9142 9178 9177
f 9142 9143 9178
f 9143 9179 9178
f 9143 9144 9179
f 9144 9180 9179
f 9144 9109 9180
f 9109 9145 9180
f 9145 9146 9181
f 9146 9182 9181
f 9146 9147 9182
f 9147 9183 9182
f 9147 9148 9183
f 9148 9184 9183
f 9148 9149 9184
f 9149 9185 9184
f 9149 9150 9185
f 9150 9186 9185
f 9150 9151 9186
f 9151 9187 9186
f 9151 9152 9187
f 9152 9188 9187
f 9152 9153 9188
f 9153 9189 9188
f 9153 9154 9189
f 9154 9190 9189
f 9154 9155 9190
f 9155 9191 9190
f 9155 9156 9191
f 9156 9192 9191
f 9156 9157 9192
f 9157 9193 9192
f 9157 9158 9193
f 9158 9194 9193
f 9158 9159 9194
f 9159 9195 9194
f 9159 9160 9195
f 9160 9196 9195
f 9160 9161 9196
f 9161 9197 9196
f 9161 9162 9197
f 9162 9198 9197
f 9162 9163 9198
f 9163 9199 9198
f 9163 9164 9199
f 9164 9200 9199
f 9164 9165 9200
f 9165 9201 9200
f 9165 9166 9201
f 9166 9202 9201
f 9166 9167 9202
f 9167 9203 9202
f 9167 9168 9203
f 9168 9204 9203
f 9168 9169 9204
f 9169 9205 9204
f 9169 9170 9205
f 9170 9206 9205
f 9170 9171 9206
f 9171 9207 9206
f 9171 9172 9207
f 9172 9208 9207
f 9172 9173 9208
f 9173 9209 9208
f 9173 9174 9209
f 9174 9210 9209
f 9174 9175 9210
f 9175 9211 9210
f 9175 9176 9211
f 9176 9212 9211
f 9176 9177 9212
f 9177 9213 9212
f 9177 9178 9213
f 9178 9214 9213
f 9178 9179 9214
f 9179 9215 9214
f 9179 9180 9215
f 9180 9216 9215
f 9180 9145 9216
f 9145 9181 9216
f 9181 9182 9217
f 9182 9218 9217
f 9182 9183 9218
f 9183 9219 9218
f 9183 9184 9219
f 9184 9220 9219
f 9184 9185 9220
f 9185 9221 9220
f 9185 9186 9221
f 9186 9222 9221
f 9186 9187 9222
f 9187 9223 9222
f 9187 9188 9223
f 9188 9224 9223
f 9188 9189 9224
f 9189 9225 9224
f 9189 9190 9225
f 9190 9226 9225
f 9190 9191 9226
f 9191 9227 9226
f 9191 9192 9227
f 9192 9228 9227
f 9192 9193 9228
f 9193 9229 9228
f 9193 9194 9229
f 9194 9230 9229
f 9194 9195 9230
f 9195 9231 9230
f 9195 9196 9231
f 9196 9232 9231
f 9196 9197 9232
f 9197 9233 9232
f 9197 9198 9233
f 9198 9234 9233
f 9198 9199 9234
f 9199 9235 9234
f 9199 9200 9235
f 9200 9236 9235
f 9200 9201 9236
f 9201 9237 9236
f 9201 9202 9237
f 9202 9238 9237
f 9202 9203 9238
f 9203 9239 9238
f 9203 9204 9239
f 9204 9240 9239
f 9204 9205 9240
f 9205 9241 9240
f 9205 9206 9241
f 9206 9242 9241
f 9206 9207 9242
f 9207 9243 9242
f 9207 9208 9243
f 9208 9244 9243
f 9208 9209 9244
f 9209 9245 9244
f 9209 9210 9245
f 9210 9246 9245
f 9210 9211 9246
f 9211 9247 9246
f 9211 9212 9247
f 9212 9248 9247
f 9212 9213 9248
f 9213 9249 9248
f 9213 9214 9249
f 9214 9250 9249
f 9214 9215 9250
f 9215 9251 9250
f 9215 9216 9251
f 9216 9252 9251
f 9216 9181 9252
f 9181 9217 9252
f 9217 9218 9253
f 9218 9254 9253
f 9218 9219 9254
f 9219 9255 9254
f 9219 9220 9255
f 9220 9256 9255
f 9220 9221 9256
f 9221 9257 9256
f 9221 9222 9257
f 9222 9258 9257
f 9222 9223 9258
f 9223 9259 9258
f 9223 9224 9259
f 9224 9260 9259
f 9224 9225 9260
f 9225 9261 9260
f 9225 9226 9261
f 9226 9262 9261
f 9226 9227 9262
f 9227 9263 9262
f 9227 9228 9263
f 9228 9264 9263
f 9228 9229 9264
f 9229 9265 9264
f 9229 9230 9265
f 9230 9266 9265
f 9230 9231 9266
f 9231 9267 9266
f 9231 9232 9267
f 9232 9268 9267
f 9232 9233 9268
f 9233 9269 9268
f 9233 9234 9269
f 9234 9270 9269
f 9234 9235 9270
f 9235 9271 9270
f 9235 9236 9271
f 9236 9272 9271
f 9236 9237 9272
f 9237 9273 9272
f 9237 9238 9273
f 9238 9274 9273
f 9238 9239 9274
f 9239 9275 9274
f 9239 9240 9275
f 9240 9276 9275
f 9240 9241 9276
f 9241 9277 9276
f 9241 9242 9277
f 9242 9278 9277
f 9242 9243 9278
f 9243 9279 9278
f 9243 9244 9279
f 9244 9280 9279
f 9244 9245 9280
f 9245 9281 9280
f 9245 9246 9281
f 9246 9282 9281
f 9246 9247 9282
f 9247 9283 9282
f 9247 9248 9283
f 9248 9284 9283
f 9248 9249 9284
f 9249 9285 9284
f 9249 9250 9285
f 9250 9286 9285
f 9250 9251 9286
f 9251 9287 9286
f 9251 9252 9287
f 9252 9288 9287
f 9252 9217 9288
f 9217 9253 9288
f 9253 9254 9289
f 9254 9290 9289
f 9254 9255 9290
f 9255 9291 9290
f 9255 9256 9291
f 9256 9292 9291
f 9256 9257 9292
f 9257 9293 9292
f 9257 9258 9293
f 9258 9294 9293
f 9258 9259 9294
f 9259 9295 9294
f 9259 9260 9295
f 9260 9296 9295
f 9260 9261 9296
f 9261 9297 9296
f 9261 9262 9297
f 9262 9298 9297
f 9262 9263 9298
f 9263 9299 9298
f 9263 9264 9299
f 9264 9300 9299
f 9264 9265 9300
f 9265 9301 9300
f 9265 9266 9301
f 9266 9302 9301
f 9266 9267 9302
f 9267 9303 9302
f 9267 9268 9303
f 9268 9304 9303
f 9268 9269 9304
f 9269 9305 9304
f 9269 9270 9305
f 9270 9306 9305
f 9270 9271 9306
f 9271 9307 9306
f 9271 9272 9307
f 9272 9308 9307
f 9272 9273 9308
f 9273 9309 9308
f 9273 9274 9309
f 9274 9310 9309
f 9274 9275 9310
f 9275 9311 9310
f 9275 9276 9311
f 9276 9312 9311
f 9276 9277 9312
f 9277 9313 9312
f 9277 9278 9313
f 9278 9314 9313
f 9278 9279 9314
f 9279 9315 9314
f 9279 9280 9315
f 9280 9316 9315
f 9280 9281 9316
f 9281 9317 9316
f 9281 9282 9317
f 9282 9318 9317
f 9282 9283 9318
f 9283 9319 9318
f 9283 9284 9319
f 9284 9320 9319
f 9284 9285 9320
f 9285 9321 9320
f 9285 9286 9321
f 9286 9322 9321
f 9286 9287 9322
f 9287 9323 9322
f 9287 9288 9323
f 9288 9324 9323
f 9288 9253 9324
f 9253 9289 9324
f 9289 9290 9325
f 9290 9326 9325
f 9290 9291 9326
f 9291 9327 9326
f 9291 9292 9327
f 9292 9328 9327
f 9292 9293 9328
f 9293 9329 9328
f 9293 9294 9329
f 9294 9330 9329
f 9294 9295 9330
f 9295 9331 9330
f 9295 9296 9331
f 9296 9332 9331
f 9296 9297 9332
f 9297 9333 9332
f 9297 9298 9333
f 9298 9334 9333
f 9298 9299 9334
f 9299 9335 9334
f 9299 9300 9335
f 9300 9336 9335
f 9300 9301 9336
f 9301 9337 9336
f 9301 9302 9337
f 9302 9338 9337
f 9302 9303 9338
f 9303 9339 9338
f 9303 9304 9339
f 9304 9340 9339
f 9304 9305 9340
f 9305 9341 9340
f 9305 9306 9341
f 9306 9342 9341
f 9306 9307 9342
f 9307 9343 9342
f 9307 9308 9343
f 9308 9344 9343
f 9308 9309 9344
f 9309 9345 9344
f 9309 9310 9345
f 9310 9346 9345
f 9310 9311 9346
f 9311 9347 9346
f 9311 9312 9347
f 9312 9348 9347
f 9312 9313 9348
f 9313 9349 9348
f 9313 9314 9349
f 9314 9350 9349
f 9314 9315 9350
f 9315 9351 9350
f 9315 9316 9351
f 9316 9352 9351
f 9316 9317 9352
f 9317 9353 9352
f 9317 9318 9353
f 9318 9354 9353
f 9318 9319 9354
f 9319 9355 9354
f 9319 9320 9355
f 9320 9356 9355
f 9320 9321 9356
f 9321 9357 9356
f 9321 9322 9357
f 9322 9358 9357
f 9322 9323 9358
f 9323 9359 9358
f 9323 9324 9359
f 9324 9360 9359
f 9324 9289 9360
f 9289 9325 9360
f 9325 9326 1
f 9326 2 1
f 9326 9327 2
f 9327 3 2
f 9327 9328 3
f 9328 4 3
f 9328 9329 4
f 9329 5 4
f 9329 9330 5
f 9330 6 5
f 9330 9331 6
f 9331 7 6
f 9331 9332 7
f 9332 8 7
f 9332 9333 8
f 9333 9 8
f 9333 9334 9
f 9334 10 9
f 9334 9335 10
f 9335 11 10
f 9335 9336 11
f 9336 12 11
f 9336 9337 12
f 9337 13 12
f 9337 9338 13
f 9338 14 13
f 9338 9339 14
f 9339 15 14
f 9339 9340 15
f 9340 16 15
f 9340 9341 16
f 9341 17 16
f 9341 9342 17
f 9342 18 17
f 9342 9343 18
f 9343 19 18
f 9343 9344 19
f 9344 20 19
f 9344 9345 20
f 9345 21 20
f 9345 9346 21
f 9346 22 21
f 9346 9347 22
f 9347 23 22
f 9347 9348 23
f 9348 24 23
f 9348 9349 24
f 9349 25 24
f 9349 9350 25
f 9350 26 25
f 9350 9351 26
f 9351 27 26
f 9351 9352 27
f 9352 28 27
f 9352 9353 28
f 9353 29 28
f 9353 9354 29
f 9354 30 29
f 9354 9355 30
f 9355 31 30
f 9355 9356 31
f 9356 32 31
f 9356 9357 32
f 9357 33 32
f 9357 9358 33
f 9358 34 33
f 9358 9359 34
f 9359 35 34
f 9359 9360 35
f 9360 36 35
f 9360 9325 36
f 9325 1 36

