# https://github.com/mikedh/trimesh
v -0.55032031 0.89043697 0.00000000
v 0.50538472 0.81772966 0.00000000
v -0.55857091 -0.90378672 0.00000000
v 0.50900682 -0.82359033 0.00000000
v 0.00000000 -0.55032031 0.89043697
v 0.00000000 0.50538472 0.81772966
v 0.00000000 -0.55857091 -0.90378672
v 0.00000000 0.50900682 -0.82359033
v 0.89043697 0.00000000 -0.55032031
v 0.81772966 0.00000000 0.50538472
v -0.90378672 0.00000000 -0.55857091
v -0.82359033 0.00000000 0.50900682
v 0.00000000 0.98055165 0.00000000
v 0.00000000 -1.00219359 0.00000000
v -0.29839440 -0.78120668 0.48281228
v 0.28490499 -0.74589095 0.46098596
v -0.30300712 0.79328295 0.49027582
v 0.29220828 0.76501122 0.47280293
v 0.00000000 0.00000000 0.98055165
v -0.33079598 -0.86603512 -0.53523914
v 0.30969485 -0.81079165 -0.50109680
v -0.28490499 0.74589095 -0.46098596
v 0.33774318 0.88422312 -0.54647994
v 0.00000000 0.00000000 -1.00219359
v 0.79328295 0.49027582 -0.30300712
v 0.74589095 -0.46098596 -0.28490499
v 0.48281228 -0.29839440 -0.78120668
v 0.46098596 0.28490499 -0.74589095
v 0.76501122 0.47280293 0.29220828
v 0.88422312 -0.54647994 0.33774318
v 0.49027582 -0.30300712 0.79328295
v 0.47280293 0.29220828 0.76501122
v 0.98055165 0.00000000 0.00000000
v -0.78120668 0.48281228 -0.29839440
v -0.86603512 -0.53523914 -0.33079598
v -0.53523914 -0.33079598 -0.86603512
v -0.50109680 0.30969485 -0.81079165
v -0.74589095 0.46098596 0.28490499
v -0.81079165 -0.50109680 0.30969485
v -0.46098596 -0.28490499 0.74589095
v -0.54647994 0.33774318 0.88422312
v -1.00219359 0.00000000 0.00000000
v -0.30269009 1.06551362 0.00000000
v 0.26620052 0.93706497 0.00000000
v -0.27870162 -0.98107068 0.00000000
v 0.26790868 -0.94307796 0.00000000
v -0.42938809 -0.85372051 0.25719620
v -0.14980989 -0.64707920 0.65478875
v -0.16109609 -0.94307293 0.26065895
v 0.40548494 -0.80619567 0.24287862
v 0.16315975 -0.70474171 0.71313827
v 0.15636156 -0.91535651 0.25299832
v 0.00000000 -0.82359033 0.50900682
v -0.48060686 0.95555501 0.28787538
v -0.15646874 0.67584100 0.68389323
v -0.15493205 0.90698800 0.25068532
v 0.41447839 0.82407667 0.24826555
v 0.15343655 0.66274393 0.67064012
v 0.15617247 0.91424955 0.25269236
v 0.00000000 0.81772966 0.50538472
v 0.00000000 -0.30269009 1.06551362
v 0.00000000 0.26620052 0.93706497
v -0.47641911 -0.94722881 -0.28536699
v -0.17636650 -0.76178610 -0.77086231
v -0.17260791 -1.01046428 -0.27928546
v 0.42538146 -0.84575443 -0.25479630
v 0.16381670 -0.70757931 -0.71600969
v 0.16000433 -0.93668167 -0.25889245
v 0.00000000 -0.90378672 -0.55857091
v -0.44074369 0.87629802 -0.26399802
v -0.15010725 0.64836357 -0.65608842
v -0.17308307 1.01324595 -0.28005429
v 0.41665826 0.82841074 -0.24957125
v 0.16230596 0.70105391 -0.70940653
v 0.16971079 0.99350427 -0.27459783
v 0.00000000 0.89043697 -0.55032031
v 0.00000000 -0.27870162 -0.98107068
v 0.00000000 0.26790868 -0.94307796
v 0.67584100 0.68389323 -0.15646874
v 0.95555501 0.28787538 -0.48060686
v 0.61401940 0.71890644 -0.44430861
v 0.64836357 -0.65608842 -0.15010725
v 0.87629802 -0.26399802 -0.44074369
v 0.56572144 -0.66235820 -0.40935988
v 0.25719620 -0.42938809 -0.85372051
v 0.65478875 -0.14980989 -0.64707920
v 0.42175503 -0.58285112 -0.68241398
v 0.26065895 -0.16109609 -0.94307293
v 0.66629857 -0.41179516 -0.56908692
v 0.24287862 0.40548494 -0.80619567
v 0.71313827 0.16315975 -0.70474171
v 0.44521848 0.61527681 -0.72037864
v 0.25299832 0.15636156 -0.91535651
v 0.73319166 0.45313736 -0.62622043
v 0.50900682 0.00000000 -0.82359033
v 0.66274393 0.67064012 0.15343655
v 0.82407667 0.24826555 0.41447839
v 0.56847241 0.66557910 0.41135050
v 0.81772966 0.50538472 0.00000000
v 0.70105391 -0.70940653 0.16230596
v 0.82841074 -0.24957125 0.41665826
v 0.61527681 -0.72037864 0.44521848
v 0.89043697 -0.55032031 0.00000000
v 0.28787538 -0.48060686 0.95555501
v 0.68389323 -0.15646874 0.67584100
v 0.45313736 -0.62622043 0.73319166
v 0.25068532 -0.15493205 0.90698800
v 0.71890644 -0.44430861 0.61401940
v 0.24826555 0.41447839 0.82407667
v 0.67064012 0.15343655 0.66274393
v 0.41135050 0.56847241 0.66557910
v 0.25269236 0.15617247 0.91424955
v 0.66557910 0.41135050 0.56847241
v 0.50538472 0.00000000 0.81772966
v 1.06551362 0.00000000 -0.30269009
v 0.93706497 0.00000000 0.26620052
v 0.90698800 0.25068532 -0.15493205
v 1.01324595 -0.28005429 -0.17308307
v 0.91424955 0.25269236 0.15617247
v 0.99350427 -0.27459783 0.16971079
v -0.64707920 0.65478875 -0.14980989
v -0.85372051 0.25719620 -0.42938809
v -0.56908692 0.66629857 -0.41179516
v -0.76178610 -0.77086231 -0.17636650
v -0.94722881 -0.28536699 -0.47641911
v -0.61792223 -0.72347594 -0.44713272
v -0.28536699 -0.47641911 -0.94722881
v -0.77086231 -0.17636650 -0.76178610
v -0.44713272 -0.61792223 -0.72347594
v -0.27928546 -0.17260791 -1.01046428
v -0.72347594 -0.44713272 -0.61792223
v -0.25479630 0.42538146 -0.84575443
v -0.71600969 0.16381670 -0.70757931
v -0.40935988 0.56572144 -0.66235820
v -0.25889245 0.16000433 -0.93668167
v -0.68241398 0.42175503 -0.58285112
v -0.55857091 0.00000000 -0.90378672
v -0.70474171 0.71313827 0.16315975
v -0.80619567 0.24287862 0.40548494
v -0.62622043 0.73319166 0.45313736
v -0.82359033 0.50900682 0.00000000
v -0.70757931 -0.71600969 0.16381670
v -0.84575443 -0.25479630 0.42538146
v -0.58285112 -0.68241398 0.42175503
v -0.90378672 -0.55857091 0.00000000
v -0.26399802 -0.44074369 0.87629802
v -0.65608842 -0.15010725 0.64836357
v -0.41179516 -0.56908692 0.66629857
v -0.28005429 -0.17308307 1.01324595
v -0.66235820 -0.40935988 0.56572144
v -0.24957125 0.41665826 0.82841074
v -0.70940653 0.16230596 0.70105391
v -0.44430861 0.61401940 0.71890644
v -0.27459783 0.16971079 0.99350427
v -0.72037864 0.44521848 0.61527681
v -0.55032031 0.00000000 0.89043697
v -0.98107068 0.00000000 -0.27870162
v -0.94307796 0.00000000 0.26790868
v -0.94307293 0.26065895 -0.16109609
v -1.01046428 -0.27928546 -0.17260791
v -0.91535651 0.25299832 0.15636156
v -0.93668167 -0.25889245 0.16000433
v -0.42942466 0.97418370 0.00000000
v -0.14401881 1.03399431 0.00000000
v 0.39016904 0.88512923 0.00000000
v 0.13050892 0.93699894 0.00000000
v -0.42021716 -0.95329577 0.00000000
v -0.13525998 -0.97110958 0.00000000
v 0.38968481 -0.88403073 0.00000000
v 0.13686223 -0.98261306 0.00000000
v -0.49108858 -0.87679687 0.13300056
v -0.37047979 -0.83365331 0.37895072
v -0.35349428 -0.91208857 0.12991535
v -0.07897141 -0.59958490 0.76339891
v -0.23454249 -0.75051229 0.60031418
v -0.08317567 -0.99889569 0.13458107
v -0.23438657 -0.87499016 0.37924544
v -0.21664559 -0.95115173 0.13069822
v -0.30468311 -0.92665859 0.26708443
v 0.45675108 -0.81549019 0.12370100
v 0.34508775 -0.77651618 0.35297810
v 0.35428745 -0.91413512 0.13020686
v 0.08335244 -0.63284756 0.80574935
v 0.23059442 -0.73787885 0.59020903
v 0.00000000 -0.65024552 0.65799279
v 0.08071355 -0.96932683 0.13059726
v 0.22595931 -0.84353030 0.36560985
v 0.21231718 -0.93214846 0.12808697
v 0.00000000 -0.94580336 0.26141362
v 0.29483660 -0.89671155 0.25845300
v -0.15288716 -0.82112604 0.50748380
v 0.14612525 -0.78480917 0.48503874
v -0.07638496 -0.73446539 0.58387844
v -0.07910951 -0.87733789 0.38400562
v 0.07456360 -0.71695244 0.56995615
v 0.08146142 -0.90342099 0.39542204
v -0.51575165 0.92083069 0.13968001
v -0.39153122 0.88102323 0.40048349
v -0.39652713 1.02312226 0.14573068
v -0.07843546 0.59551573 0.75821799
v -0.22429414 0.71771859 0.57408340
v -0.07890272 0.94757980 0.12766729
v -0.22898462 0.85482409 0.37050490
v -0.22783745 1.00028802 0.13745006
v -0.31182529 0.94838068 0.27334523
v 0.46871578 0.83685215 0.12694137
v 0.35493792 0.79868102 0.36305349
v 0.34501779 0.89021748 0.12680010
v 0.07845408 0.59565715 0.75839806
v 0.22437940 0.71799142 0.57430163
v 0.00000000 0.67698476 0.68505061
v 0.07961866 0.95617777 0.12882569
v 0.23012371 0.85907645 0.37234799
v 0.21288737 0.93465181 0.12843096
v 0.00000000 0.93838821 0.25936412
v 0.29147231 0.88647946 0.25550387
v -0.15144368 0.81337340 0.50269240
v 0.15082849 0.81006931 0.50065036
v -0.07847678 0.75457886 0.59986805
v -0.08014792 0.88885407 0.38904618
v 0.07850591 0.75485899 0.60009075
v 0.07917085 0.87801819 0.38430338
v 0.00000000 -0.42942466 0.97418370
v 0.00000000 -0.14401881 1.03399431
v 0.00000000 0.39016904 0.88512923
v 0.00000000 0.13050892 0.93699894
v -0.53657964 -0.95801730 -0.14532081
v -0.40400077 -0.90908219 -0.41323815
v -0.38733849 -0.99941365 -0.14235369
v -0.08981320 -0.68190045 -0.86820410
v -0.25539522 -0.81723891 -0.65368697
v -0.08287285 -0.99525892 -0.13409109
v -0.26468864 -0.98811103 -0.42827522
v -0.22937157 -1.00702335 -0.13837557
v -0.33373930 -1.01502962 -0.29255500
v 0.46802293 -0.83561511 -0.12675373
v 0.37207525 -0.83724342 -0.38058266
v 0.35152553 -0.90700878 -0.12919180
v 0.08447601 -0.64137824 -0.81661071
v 0.23245937 -0.74384652 -0.59498241
v 0.00000000 -0.76002530 -0.76908053
v 0.08133789 -0.97682485 -0.13160747
v 0.23605174 -0.88120643 -0.38193975
v 0.22005641 -0.96612647 -0.13275591
v 0.00000000 -0.98138504 -0.27124815
v 0.30117592 -0.91599186 -0.26401003
v -0.17348315 -0.93174294 -0.57584880
v 0.15763353 -0.84661780 -0.52323858
v -0.08989021 -0.86432260 -0.68711110
v -0.08820141 -0.97816864 -0.42813864
v 0.08455336 -0.81300707 -0.64631677
v 0.08382029 -0.92958125 -0.40687223
v -0.49798048 0.88910179 -0.13486708
v -0.36476924 0.82080345 -0.37310960
v -0.38291691 0.98800506 -0.14072869
v -0.07645142 0.58045208 -0.73903877
v -0.21815246 0.69806585 -0.55836371
v -0.08882211 1.06670642 -0.14371720
v -0.24600535 0.91836431 -0.39804502
v -0.24018835 1.05451289 -0.14490113
v -0.31794425 0.96699080 -0.27870910
v 0.47068585 0.84036954 -0.12747492
v 0.39394905 0.88646382 -0.40295659
v 0.34094448 0.87970748 -0.12530308
v 0.07464030 0.56670130 -0.72153111
v 0.25256895 0.80819513 -0.64645310
v 0.00000000 0.64628691 -0.65398702
v 0.08340900 1.00169784 -0.13495860
v 0.26103557 0.97447373 -0.42236443
v 0.20972173 0.92075350 -0.12652119
v 0.00000000 1.06693987 -0.29489493
v 0.30320292 0.92215675 -0.26578689
v -0.15870941 0.85239614 -0.52680979
v 0.16676411 0.89565633 -0.55354605
v -0.07855115 0.75529396 -0.60043653
v -0.08800087 0.97594455 -0.42716517
v 0.08332132 0.80116060 -0.63689917
v 0.08924743 0.98976916 -0.43321612
v 0.00000000 -0.42021716 -0.95329577
v 0.00000000 -0.13525998 -0.97110958
v 0.00000000 0.38968481 -0.88403073
v 0.00000000 0.13686223 -0.98261306
v 0.59551573 0.75821799 -0.07843546
v 0.71771859 0.57408340 -0.22429414
v 0.54368912 0.75440440 -0.20274465
v 0.92083069 0.13968001 -0.51575165
v 0.88102323 0.40048349 -0.39153122
v 0.49651917 0.82893687 -0.51231116
v 0.71713647 0.61003272 -0.37702096
v 0.51945218 0.78850735 -0.34838676
v 0.61683706 0.66914239 -0.28202541
v 0.58045208 -0.73903877 -0.07645142
v 0.69806585 -0.55836371 -0.21815246
v 0.56496658 -0.78392826 -0.21067912
v 0.88910179 -0.13486708 -0.49798048
v 0.82080345 -0.37310960 -0.36476924
v 0.44555064 -0.74384510 -0.45972156
v 0.66942944 -0.56945069 -0.35193988
v 0.49783284 -0.75569007 -0.33388708
v 0.63361027 -0.68733790 -0.28969432
v 0.13300056 -0.49108858 -0.87679687
v 0.37895072 -0.37047979 -0.83365331
v 0.21020746 -0.56370174 -0.78217322
v 0.12991535 -0.35349428 -0.91208857
v 0.76339891 -0.07897141 -0.59958490
v 0.60031418 -0.23454249 -0.75051229
v 0.73326427 -0.19706328 -0.52845371
v 0.37596628 -0.71513036 -0.60832622
v 0.46000955 -0.44582975 -0.74431108
v 0.29133634 -0.63720164 -0.69123380
v 0.50375737 -0.63446418 -0.55368293
v 0.35008754 -0.52198808 -0.79235674
v 0.13458107 -0.08317567 -0.99889569
v 0.37924544 -0.23438657 -0.87499016
v 0.13069822 -0.21664559 -0.95115173
v 0.26708443 -0.30468311 -0.92665859
v 0.70798658 -0.43755977 -0.42407199
v 0.58786134 -0.36331829 -0.69107245
v 0.71993650 -0.31809005 -0.47427914
v 0.63980630 -0.55834488 -0.50799895
v 0.66113739 -0.27865151 -0.60945779
v 0.54222463 -0.49333227 -0.62133414
v 0.12370100 0.45675108 -0.81549019
v 0.35297810 0.34508775 -0.77651618
v 0.19586358 0.52523656 -0.72880025
v 0.13020686 0.35428745 -0.91413512
v 0.80574935 0.08335244 -0.63284756
v 0.59020903 0.23059442 -0.73787885
v 0.84727638 0.22770380 -0.61062071
v 0.65799279 0.00000000 -0.65024552
v 0.39629522 0.75379830 -0.64121913
v 0.47524197 0.46059264 -0.76895767
v 0.30395525 0.66480133 -0.72117384
v 0.55655304 0.70095841 -0.61171098
v 0.33510102 0.49964286 -0.75843760
v 0.13059726 0.08071355 -0.96932683
v 0.36560985 0.22595931 -0.84353030
v 0.12808697 0.21231718 -0.93214846
v 0.26141362 0.00000000 -0.94580336
v 0.25845300 0.29483660 -0.89671155
v 0.81857256 0.50590567 -0.49031112
v 0.61996966 0.38316232 -0.72881805
v 0.85489057 0.37771690 -0.56318405
v 0.71572503 0.62459748 -0.56827756
v 0.74120761 0.31239895 -0.68326911
v 0.60316690 0.54877938 -0.69116777
v 0.50748380 -0.15288716 -0.82112604
v 0.48503874 0.14612525 -0.78480917
v 0.58387844 -0.07638496 -0.73446539
v 0.38400562 -0.07910951 -0.87733789
v 0.56995615 0.07456360 -0.71695244
v 0.39542204 0.08146142 -0.90342099
v 0.59565715 0.75839806 0.07845408
v 0.71799142 0.57430163 0.22437940
v 0.54298518 0.75342763 0.20248214
v 0.67698476 0.68505061 0.00000000
v 0.83685215 0.12694137 0.46871578
v 0.79868102 0.36305349 0.35493792
v 0.43512301 0.72643621 0.44896227
v 0.67771997 0.57650304 0.35629848
v 0.48938719 0.74286992 0.32822274
v 0.61387680 0.66593111 0.28067194
v 0.81337340 0.50269240 -0.15144368
v 0.81006931 0.50065036 0.15082849
v 0.75457886 0.59986805 -0.07847678
v 0.75485899 0.60009075 0.07850591
v 0.56670130 -0.72153111 0.07464030
v 0.80819513 -0.64645310 0.25256895
v 0.52523656 -0.72880025 0.19586358
v 0.64628691 -0.65398702 0.00000000
v 0.84036954 -0.12747492 0.47068585
v 0.88646382 -0.40295659 0.39394905
v 0.46059264 -0.76895767 0.47524197
v 0.75379830 -0.64121913 0.39629522
v 0.49964286 -0.75843760 0.33510102
v 0.66480133 -0.72117384 0.30395525
v 0.85239614 -0.52680979 -0.15870941
v 0.89565633 -0.55354605 0.16676411
v 0.75529396 -0.60043653 -0.07855115
v 0.80116060 -0.63689917 0.08332132
v 0.13968001 -0.51575165 0.92083069
v 0.40048349 -0.39153122 0.88102323
v 0.22770380 -0.61062071 0.84727638
v 0.14573068 -0.39652713 1.02312226
v 0.75821799 -0.07843546 0.59551573
v 0.57408340 -0.22429414 0.71771859
v 0.75440440 -0.20274465 0.54368912
v 0.38316232 -0.72881805 0.61996966
v 0.50590567 -0.49031112 0.81857256
v 0.31239895 -0.68326911 0.74120761
v 0.54877938 -0.69116777 0.60316690
v 0.37771690 -0.56318405 0.85489057
v 0.12766729 -0.07890272 0.94757980
v 0.37050490 -0.22898462 0.85482409
v 0.13745006 -0.22783745 1.00028802
v 0.27334523 -0.31182529 0.94838068
v 0.82893687 -0.51231116 0.49651917
v 0.61003272 -0.37702096 0.71713647
v 0.78850735 -0.34838676 0.51945218
v 0.70095841 -0.61171098 0.55655304
v 0.66914239 -0.28202541 0.61683706
v 0.62459748 -0.56827756 0.71572503
v 0.12694137 0.46871578 0.83685215
v 0.36305349 0.35493792 0.79868102
v 0.20248214 0.54298518 0.75342763
v 0.12680010 0.34501779 0.89021748
v 0.75839806 0.07845408 0.59565715
v 0.57430163 0.22437940 0.71799142
v 0.75342763 0.20248214 0.54298518
v 0.68505061 0.00000000 0.67698476
v 0.35629848 0.67771997 0.57650304
v 0.44896227 0.43512301 0.72643621
v 0.28067194 0.61387680 0.66593111
v 0.50162709 0.63178117 0.55134152
v 0.32822274 0.48938719 0.74286992
v 0.12882569 0.07961866 0.95617777
v 0.37234799 0.23012371 0.85907645
v 0.12843096 0.21288737 0.93465181
v 0.25936412 0.00000000 0.93838821
v 0.25550387 0.29147231 0.88647946
v 0.72643621 0.44896227 0.43512301
v 0.57650304 0.35629848 0.67771997
v 0.74286992 0.32822274 0.48938719
v 0.63178117 0.55134152 0.50162709
v 0.66593111 0.28067194 0.61387680
v 0.55134152 0.50162709 0.63178117
v 0.50269240 -0.15144368 0.81337340
v 0.50065036 0.15082849 0.81006931
v 0.59986805 -0.07847678 0.75457886
v 0.38904618 -0.08014792 0.88885407
v 0.60009075 0.07850591 0.75485899
v 0.38430338 0.07917085 0.87801819
v 0.97418370 0.00000000 -0.42942466
v 1.03399431 0.00000000 -0.14401881
v 1.02312226 0.14573068 -0.39652713
v 0.98800506 -0.14072869 -0.38291691
v 0.88512923 0.00000000 0.39016904
v 0.93699894 0.00000000 0.13050892
v 0.89021748 0.12680010 0.34501779
v 0.87970748 -0.12530308 0.34094448
v 0.85482409 0.37050490 -0.22898462
v 0.94757980 0.12766729 -0.07890272
v 0.94838068 0.27334523 -0.31182529
v 0.88885407 0.38904618 -0.08014792
v 1.00028802 0.13745006 -0.22783745
v 0.91836431 -0.39804502 -0.24600535
v 1.06670642 -0.14371720 -0.08882211
v 0.96699080 -0.27870910 -0.31794425
v 0.97594455 -0.42716517 -0.08800087
v 1.05451289 -0.14490113 -0.24018835
v 0.85907645 0.37234799 0.23012371
v 0.95617777 0.12882569 0.07961866
v 0.88647946 0.25550387 0.29147231
v 0.87801819 0.38430338 0.07917085
v 0.93465181 0.12843096 0.21288737
v 0.93838821 0.25936412 0.00000000
v 0.97447373 -0.42236443 0.26103557
v 1.00169784 -0.13495860 0.08340900
v 0.92215675 -0.26578689 0.30320292
v 0.98976916 -0.43321612 0.08924743
v 0.92075350 -0.12652119 0.20972173
v 1.06693987 -0.29489493 0.00000000
v -0.59958490 0.76339891 -0.07897141
v -0.75051229 0.60031418 -0.23454249
v -0.52845371 0.73326427 -0.19706328
v -0.87679687 0.13300056 -0.49108858
v -0.83365331 0.37895072 -0.37047979
v -0.42407199 0.70798658 -0.43755977
v -0.69107245 0.58786134 -0.36331829
v -0.47427914 0.71993650 -0.31809005
v -0.60945779 0.66113739 -0.27865151
v -0.68190045 -0.86820410 -0.08981320
v -0.81723891 -0.65368697 -0.25539522
v -0.62218029 -0.86331605 -0.23201443
v -0.95801730 -0.14532081 -0.53657964
v -0.90908219 -0.41323815 -0.40400077
v -0.47823630 -0.79841369 -0.49344680
v -0.74487050 -0.63362469 -0.39160160
v -0.54742049 -0.83096212 -0.36714458
v -0.68667253 -0.74489962 -0.31395503
v -0.14532081 -0.53657964 -0.95801730
v -0.41323815 -0.40400077 -0.90908219
v -0.23201443 -0.62218029 -0.86331605
v -0.14235369 -0.38733849 -0.99941365
v -0.86820410 -0.08981320 -0.68190045
v -0.65368697 -0.25539522 -0.81723891
v -0.86331605 -0.23201443 -0.62218029
v -0.39160160 -0.74487050 -0.63362469
v -0.49344680 -0.47823630 -0.79841369
v -0.31395503 -0.68667253 -0.74489962
v -0.53891997 -0.67875020 -0.59233037
v -0.36714458 -0.54742049 -0.83096212
v -0.13409109 -0.08287285 -0.99525892
v -0.42827522 -0.26468864 -0.98811103
v -0.13837557 -0.22937157 -1.00702335
v -0.29255500 -0.33373930 -1.01502962
v -0.79841369 -0.49344680 -0.47823630
v -0.63362469 -0.39160160 -0.74487050
v -0.83096212 -0.36714458 -0.54742049
v -0.67875020 -0.59233037 -0.53891997
v -0.74489962 -0.31395503 -0.68667253
v -0.59233037 -0.53891997 -0.67875020
v -0.12675373 0.46802293 -0.83561511
v -0.38058266 0.37207525 -0.83724342
v -0.21067912 0.56496658 -0.78392826
v -0.12919180 0.35152553 -0.90700878
v -0.81661071 0.08447601 -0.64137824
v -0.59498241 0.23245937 -0.74384652
v -0.78217322 0.21020746 -0.56370174
v -0.76908053 0.00000000 -0.76002530
v -0.35193988 0.66942944 -0.56945069
v -0.45972156 0.44555064 -0.74384510
v -0.28969432 0.63361027 -0.68733790
v -0.50799895 0.63980630 -0.55834488
v -0.33388708 0.49783284 -0.75569007
v -0.13160747 0.08133789 -0.97682485
v -0.38193975 0.23605174 -0.88120643
v -0.13275591 0.22005641 -0.96612647
v -0.27124815 0.00000000 -0.98138504
v -0.26401003 0.30117592 -0.91599186
v -0.74431108 0.46000955 -0.44582975
v -0.60832622 0.37596628 -0.71513036
v -0.79235674 0.35008754 -0.52198808
v -0.62133414 0.54222463 -0.49333227
v -0.69123380 0.29133634 -0.63720164
v -0.55368293 0.50375737 -0.63446418
v -0.57584880 -0.17348315 -0.93174294
v -0.52323858 0.15763353 -0.84661780
v -0.68711110 -0.08989021 -0.86432260
v -0.42813864 -0.08820141 -0.97816864
v -0.64631677 0.08455336 -0.81300707
v -0.40687223 0.08382029 -0.92958125
v -0.63284756 0.80574935 0.08335244
v -0.73787885 0.59020903 0.23059442
v -0.61062071 0.84727638 0.22770380
v -0.65024552 0.65799279 0.00000000
v -0.81549019 0.12370100 0.45675108
v -0.77651618 0.35297810 0.34508775
v -0.49031112 0.81857256 0.50590567
v -0.72881805 0.61996966 0.38316232
v -0.56318405 0.85489057 0.37771690
v -0.68326911 0.74120761 0.31239895
v -0.82112604 0.50748380 -0.15288716
v -0.78480917 0.48503874 0.14612525
v -0.73446539 0.58387844 -0.07638496
v -0.71695244 0.56995615 0.07456360
v -0.64137824 -0.81661071 0.08447601
v -0.74384652 -0.59498241 0.23245937
v -0.56370174 -0.78217322 0.21020746
v -0.76002530 -0.76908053 0.00000000
v -0.83561511 -0.12675373 0.46802293
v -0.83724342 -0.38058266 0.37207525
v -0.44582975 -0.74431108 0.46000955
v -0.71513036 -0.60832622 0.37596628
v -0.52198808 -0.79235674 0.35008754
v -0.63720164 -0.69123380 0.29133634
v -0.93174294 -0.57584880 -0.17348315
v -0.84661780 -0.52323858 0.15763353
v -0.86432260 -0.68711110 -0.08989021
v -0.81300707 -0.64631677 0.08455336
v -0.13486708 -0.49798048 0.88910179
v -0.37310960 -0.36476924 0.82080345
v -0.19706328 -0.52845371 0.73326427
v -0.14072869 -0.38291691 0.98800506
v -0.73903877 -0.07645142 0.58045208
v -0.55836371 -0.21815246 0.69806585
v -0.78392826 -0.21067912 0.56496658
v -0.36331829 -0.69107245 0.58786134
v -0.43755977 -0.42407199 0.70798658
v -0.27865151 -0.60945779 0.66113739
v -0.49333227 -0.62133414 0.54222463
v -0.31809005 -0.47427914 0.71993650
v -0.14371720 -0.08882211 1.06670642
v -0.39804502 -0.24600535 0.91836431
v -0.14490113 -0.24018835 1.05451289
v -0.27870910 -0.31794425 0.96699080
v -0.74384510 -0.45972156 0.44555064
v -0.56945069 -0.35193988 0.66942944
v -0.75569007 -0.33388708 0.49783284
v -0.63446418 -0.55368293 0.50375737
v -0.68733790 -0.28969432 0.63361027
v -0.55834488 -0.50799895 0.63980630
v -0.12747492 0.47068585 0.84036954
v -0.40295659 0.39394905 0.88646382
v -0.20274465 0.54368912 0.75440440
v -0.12530308 0.34094448 0.87970748
v -0.72153111 0.07464030 0.56670130
v -0.64645310 0.25256895 0.80819513
v -0.72880025 0.19586358 0.52523656
v -0.65398702 0.00000000 0.64628691
v -0.37702096 0.71713647 0.61003272
v -0.51231116 0.49651917 0.82893687
v -0.28202541 0.61683706 0.66914239
v -0.56827756 0.71572503 0.62459748
v -0.34838676 0.51945218 0.78850735
v -0.13495860 0.08340900 1.00169784
v -0.42236443 0.26103557 0.97447373
v -0.12652119 0.20972173 0.92075350
v -0.29489493 0.00000000 1.06693987
v -0.26578689 0.30320292 0.92215675
v -0.76895767 0.47524197 0.46059264
v -0.64121913 0.39629522 0.75379830
v -0.75843760 0.33510102 0.49964286
v -0.69116777 0.60316690 0.54877938
v -0.72117384 0.30395525 0.66480133
v -0.61171098 0.55655304 0.70095841
v -0.52680979 -0.15870941 0.85239614
v -0.55354605 0.16676411 0.89565633
v -0.60043653 -0.07855115 0.75529396
v -0.42716517 -0.08800087 0.97594455
v -0.63689917 0.08332132 0.80116060
v -0.43321612 0.08924743 0.98976916
v -0.95329577 0.00000000 -0.42021716
v -0.97110958 0.00000000 -0.13525998
v -0.91208857 0.12991535 -0.35349428
v -0.99941365 -0.14235369 -0.38733849
v -0.88403073 0.00000000 0.38968481
v -0.98261306 0.00000000 0.13686223
v -0.91413512 0.13020686 0.35428745
v -0.90700878 -0.12919180 0.35152553
v -0.87499016 0.37924544 -0.23438657
v -0.99889569 0.13458107 -0.08317567
v -0.92665859 0.26708443 -0.30468311
v -0.87733789 0.38400562 -0.07910951
v -0.95115173 0.13069822 -0.21664559
v -0.98811103 -0.42827522 -0.26468864
v -0.99525892 -0.13409109 -0.08287285
v -1.01502962 -0.29255500 -0.33373930
v -0.97816864 -0.42813864 -0.08820141
v -1.00702335 -0.13837557 -0.22937157
v -0.84353030 0.36560985 0.22595931
v -0.96932683 0.13059726 0.08071355
v -0.89671155 0.25845300 0.29483660
v -0.90342099 0.39542204 0.08146142
v -0.93214846 0.12808697 0.21231718
v -0.94580336 0.26141362 0.00000000
v -0.88120643 -0.38193975 0.23605174
v -0.97682485 -0.13160747 0.08133789
v -0.91599186 -0.26401003 0.30117592
v -0.92958125 -0.40687223 0.08382029
v -0.96612647 -0.13275591 0.22005641
v -0.98138504 -0.27124815 0.00000000
v -0.49767960 0.94582155 0.00000000
v -0.36844280 1.02207812 0.00000000
v -0.07036785 1.01529999 0.00000000
v -0.22258596 1.05678972 0.00000000
v 0.44830494 0.85198684 0.00000000
v 0.33009452 0.91569814 0.00000000
v 0.06557019 0.94607714 0.00000000
v 0.19840946 0.94200492 0.00000000
v -0.48979325 -0.93083383 0.00000000
v -0.35014277 -0.97131296 0.00000000
v -0.06782151 -0.97856020 0.00000000
v -0.20609583 -0.97849817 0.00000000
v 0.46135931 -0.87679619 0.00000000
v 0.32625050 -0.90503466 0.00000000
v 0.06987814 -1.00823423 0.00000000
v 0.20227106 -0.96033897 0.00000000
v -0.52519649 -0.89194316 0.06821207
v -0.45145909 -0.84930207 0.19226436
v -0.45903499 -0.92033403 0.06783709
v -0.33678147 -0.81378723 0.43503006
v -0.41006331 -0.86510366 0.32620745
v -0.31840679 -0.95106417 0.06638207
v -0.38830770 -0.87600076 0.19194230
v -0.38962716 -0.94101216 0.06735501
v -0.42284458 -0.89782179 0.13189869
v -0.04157003 -0.58514104 0.83794634
v -0.11090016 -0.60078676 0.68175302
v -0.26500707 -0.76074147 0.53710804
v -0.18899343 -0.69020489 0.62198374
v -0.04163235 -1.00619719 0.06736256
v -0.12328798 -0.97679474 0.19948414
v -0.10929061 -0.98181621 0.06604801
v -0.26910709 -0.83529936 0.43542442
v -0.19764232 -0.90759472 0.31979200
v -0.30207152 -0.85392878 0.37889706
v -0.24377286 -0.95275723 0.06561062
v -0.19394622 -0.97204520 0.20057768
v -0.17551959 -0.95920619 0.06509266
v -0.28337454 -0.92639289 0.12957263
v -0.15198800 -0.98226400 0.13364248
v -0.36959937 -0.89435800 0.26343111
v -0.23395751 -0.94209916 0.26585839
v -0.34081001 -0.88700418 0.32639698
v -0.32528143 -0.90782036 0.19519131
v -0.26834663 -0.89819869 0.32318249
v -0.26154220 -0.94440297 0.19908787
v 0.48271794 -0.81980167 0.06269500
v 0.43159454 -0.81193211 0.18380458
v 0.43999053 -0.88215118 0.06502266
v 0.31375268 -0.75814125 0.40528313
v 0.37653619 -0.79437207 0.29953645
v 0.30348106 -0.90648180 0.06327032
v 0.38105644 -0.85964232 0.18835797
v 0.37346814 -0.90198554 0.06456159
v 0.41202197 -0.87484225 0.12852278
v 0.04208394 -0.59237480 0.84830538
v 0.12396123 -0.67154335 0.76204526
v 0.00000000 -0.62741265 0.79882955
v 0.25817418 -0.74112668 0.52325937
v 0.19917335 -0.72738201 0.65548621
v -0.07395030 -0.64303419 0.65069555
v 0.07857294 -0.68323028 0.69137055
v -0.03847017 -0.62556572 0.70933941
v 0.04064755 -0.66097225 0.74948747
v 0.04135250 -0.99943352 0.06690975
v 0.11949844 -0.94677075 0.19335254
v 0.10862380 -0.97582590 0.06564503
v 0.00000000 -0.98459043 0.13265372
v 0.25541563 -0.79280153 0.41327117
v 0.19924879 -0.91497180 0.32239132
v 0.28771949 -0.81335688 0.36089489
v 0.24091021 -0.94156889 0.06484015
v 0.18376256 -0.92100535 0.19004581
v 0.17640155 -0.96402608 0.06541974
v 0.27907330 -0.91233151 0.12760589
v 0.14867166 -0.96083130 0.13072644
v -0.07998659 -0.94280374 0.26058454
v 0.07861590 -0.92664731 0.25611902
v -0.04062529 -0.96400642 0.19732895
v 0.04051561 -0.96140384 0.19679621
v 0.34836058 -0.84296429 0.24829321
v 0.22968319 -0.92488735 0.26100126
v 0.31835519 -0.82856248 0.30489179
v 0.32728747 -0.91341897 0.19639507
v 0.26025237 -0.87110593 0.31343420
v 0.25504809 -0.92095341 0.19414451
v -0.22379537 -0.79295526 0.49007330
v -0.07773626 -0.84021573 0.51928188
v -0.19510910 -0.79270609 0.55831655
v -0.19115877 -0.83756399 0.43806359
v 0.21467828 -0.76065143 0.47010844
v 0.07391810 -0.79894697 0.49377639
v 0.18053599 -0.73349718 0.51661470
v 0.18598963 -0.81491536 0.42621788
v -0.11352972 -0.69216744 0.62093131
v -0.03872404 -0.77830745 0.54690173
v -0.15393758 -0.74439628 0.59357213
v -0.03769307 -0.68895428 0.61853568
v -0.11692831 -0.79750611 0.56082858
v -0.12062883 -0.91859501 0.32646529
v -0.04056970 -0.86913213 0.45601380
v -0.15745084 -0.88485713 0.38543240
v -0.04019273 -0.91632888 0.32516602
v -0.11497113 -0.84421374 0.44246888
v 0.11450217 -0.69809627 0.62624996
v 0.03811861 -0.76613902 0.53835121
v 0.14733896 -0.71248735 0.56812834
v 0.03723132 -0.68051429 0.61095834
v 0.11046783 -0.75344255 0.52984185
v 0.00000000 -0.73086245 0.58101421
v 0.11990615 -0.91309181 0.32450947
v 0.04077818 -0.87359841 0.45835716
v 0.15750129 -0.88514065 0.38555589
v 0.03956917 -0.90211277 0.32012132
v 0.11466081 -0.84193514 0.44127462
v 0.00000000 -0.88415501 0.38698943
v -0.54111473 0.91897716 0.07027952
v -0.50006091 0.94073365 0.21296258
v -0.47416734 0.95067335 0.07007338
v -0.34892888 0.84313980 0.45072120
v -0.43785896 0.92374369 0.34831903
v -0.35072517 1.04759743 0.07311986
v -0.43993278 0.99246409 0.21746081
v -0.41542183 1.00331043 0.07181415
v -0.45965202 0.97597467 0.14338011
v -0.03912594 0.55073799 0.78867973
v -0.11791903 0.63881054 0.72490115
v -0.25956882 0.74513018 0.52608597
v -0.19189080 0.70078609 0.63151908
v -0.03991658 0.96472928 0.06458638
v -0.11720689 0.92861503 0.18964472
v -0.11138988 1.00067510 0.06731667
v -0.26582455 0.82511047 0.43011316
v -0.19213546 0.88230663 0.31088171
v -0.31046022 0.87764286 0.38941925
v -0.26542431 1.03737935 0.07143803
v -0.19159086 0.96024030 0.19814178
v -0.18651323 1.01928588 0.06916973
v -0.31047848 1.01499963 0.14196587
v -0.15193202 0.98190223 0.13359326
v -0.39548542 0.95699717 0.28188133
v -0.23222593 0.93512644 0.26389070
v -0.35227379 0.91684022 0.33737595
v -0.35403857 0.98807801 0.21244758
v -0.27131127 0.90812180 0.32675294
v -0.27047869 0.97667175 0.20589039
v 0.48850954 0.82963757 0.06344720
v 0.44325673 0.83387146 0.18877119
v 0.42856612 0.85924600 0.06333434
v 0.32421913 0.78343203 0.41880294
v 0.38485416 0.81192035 0.30615344
v 0.30587015 0.91361788 0.06376840
v 0.38429439 0.86694696 0.18995850
v 0.36700424 0.88637418 0.06344418
v 0.40825357 0.86684083 0.12734729
v 0.03921253 0.55195675 0.79042504
v 0.11666701 0.63202792 0.71720445
v 0.00000000 0.59437757 0.75676888
v 0.25883445 0.74302207 0.52459758
v 0.18921323 0.69100761 0.62270712
v -0.07779865 0.67649752 0.68455757
v 0.07792551 0.67760057 0.68567377
v -0.03907515 0.63540332 0.72049443
v 0.03928436 0.63880532 0.72435201
v 0.03891039 0.94041119 0.06295834
v 0.11922741 0.94462341 0.19291401
v 0.10568907 0.94946162 0.06387148
v 0.00000000 0.93687434 0.12622494
v 0.26140791 0.81140136 0.42296689
v 0.19446260 0.89299306 0.31464709
v 0.29338691 0.82937816 0.36800370
v 0.24072167 0.94083202 0.06478940
v 0.18462030 0.92530430 0.19093288
v 0.17478615 0.95519799 0.06482066
v 0.27874466 0.91125711 0.12745562
v 0.14772322 0.95470175 0.12989248
v -0.07742220 0.91257717 0.25223013
v 0.07898682 0.93101938 0.25732743
v -0.03911345 0.92813163 0.18998550
v 0.04009751 0.95148259 0.19476537
v 0.35484528 0.85865599 0.25291516
v 0.22430552 0.90323254 0.25489031
v 0.32482293 0.84539566 0.31108601
v 0.31958066 0.89191023 0.19177046
v 0.26144422 0.87509523 0.31486960
v 0.25170382 0.90887757 0.19159882
v -0.22021348 0.78026383 0.48222957
v -0.07622027 0.82383010 0.50915500
v -0.18888213 0.76740660 0.54049769
v -0.18739197 0.82105973 0.42943152
v 0.22215454 0.78714145 0.48648017
v 0.07583611 0.81967786 0.50658878
v 0.18812275 0.76432134 0.53832468
v 0.19094333 0.83662005 0.43756989
v -0.11795652 0.71915671 0.64514291
v -0.03915666 0.78700253 0.55301161
v -0.15533832 0.75116985 0.59897328
v -0.03910784 0.71481346 0.64175177
v -0.11607223 0.79166719 0.55672249
v -0.11665450 0.88833028 0.31570931
v -0.04002514 0.85746595 0.44989282
v -0.15266367 0.85795373 0.37371362
v -0.04023081 0.91719701 0.32547408
v -0.11640704 0.85475745 0.44799505
v 0.11669601 0.71147165 0.63824877
v 0.03924915 0.78886142 0.55431781
v 0.15284371 0.73910665 0.58935424
v 0.03932047 0.71869990 0.64524097
v 0.11503767 0.78461101 0.55176038
v 0.00000000 0.75331606 0.59886416
v 0.11807228 0.89912679 0.31954635
v 0.03970911 0.85069569 0.44634062
v 0.15572186 0.87514041 0.38119992
v 0.03996117 0.91104971 0.32329266
v 0.11582488 0.85048273 0.44575458
v 0.00000000 0.88635235 0.38795120
v 0.00000000 -0.49767960 0.94582155
v 0.00000000 -0.36844280 1.02207812
v 0.00000000 -0.07036785 1.01529999
v 0.00000000 -0.22258596 1.05678972
v 0.00000000 0.44830494 0.85198684
v 0.00000000 0.33009452 0.91569814
v 0.00000000 0.06557019 0.94607714
v 0.00000000 0.19840946 0.94200492
v -0.55193645 -0.93735573 -0.07168504
v -0.51001321 -0.95945630 -0.21720100
v -0.47924637 -0.96085648 -0.07082397
v -0.36756830 -0.88817947 -0.47479827
v -0.44038000 -0.92906228 -0.35032453
v -0.33095437 -0.98854311 -0.06899801
v -0.44069303 -0.99417917 -0.21783661
v -0.40441511 -0.97672745 -0.06991141
v -0.46401484 -0.98523820 -0.14474101
v -0.04430379 -0.62362149 -0.89305194
v -0.13423760 -0.72721420 -0.82521871
v -0.29344147 -0.84236657 -0.59473800
v -0.21651247 -0.79070453 -0.71254981
v -0.04031528 -0.97436544 -0.06523150
v -0.12711695 -1.00713120 -0.20567955
v -0.10965869 -0.98512282 -0.06627045
v -0.29982449 -0.93064512 -0.48512621
v -0.22100325 -1.01487058 -0.35759077
v -0.33695217 -0.95253319 -0.42264886
v -0.25540260 -0.99821069 -0.06874073
v -0.20176827 -1.01124878 -0.20866718
v -0.18269586 -0.99842416 -0.06775403
v -0.30725352 -1.00445677 -0.14049126
v -0.15588071 -1.00742172 -0.13706533
v -0.40829965 -0.98800510 -0.29101465
v -0.25349316 -1.02076522 -0.28805779
v -0.37366331 -0.97250934 -0.35786090
v -0.36330976 -1.01395273 -0.21801093
v -0.30033233 -1.00525989 -0.36170438
v -0.28157799 -1.01675025 -0.21433927
v 0.50162458 -0.85191089 -0.06515057
v 0.44279634 -0.83300537 -0.18857513
v 0.43005558 -0.86223226 -0.06355446
v 0.34650058 -0.83727216 -0.44758451
v 0.39789659 -0.83943574 -0.31652876
v 0.31078794 -0.92830706 -0.06479367
v 0.38983744 -0.87945178 -0.19269846
v 0.36758454 -0.88777570 -0.06354449
v 0.40672147 -0.86358774 -0.12686938
v 0.04274685 -0.60170595 -0.86166798
v 0.12508083 -0.67760862 -0.76892793
v 0.00000000 -0.66466593 -0.84626089
v 0.26848098 -0.77071383 -0.54414885
v 0.19932465 -0.72793453 -0.65598412
v -0.08936177 -0.77704452 -0.78630252
v 0.08417887 -0.73197665 -0.74069770
v -0.04465001 -0.72605648 -0.82328756
v 0.04305831 -0.70017367 -0.79393861
v 0.04102581 -0.99153805 -0.06638116
v 0.12099460 -0.95862464 -0.19577338
v 0.11166141 -1.00311434 -0.06748076
v 0.00000000 -0.97094152 -0.13081481
v 0.27321153 -0.84803939 -0.44206553
v 0.19834461 -0.91081970 -0.32092833
v 0.31121700 -0.87978220 -0.39036849
v 0.24277483 -0.94885654 -0.06534200
v 0.19367859 -0.97070385 -0.20030090
v 0.17899176 -0.97818141 -0.06638034
v 0.28464876 -0.93055848 -0.13015526
v 0.15317735 -0.98995053 -0.13468828
v -0.08468613 -0.99819725 -0.27589493
v 0.08026006 -0.94602705 -0.26147545
v -0.04185307 -0.99314062 -0.20329263
v 0.04054227 -0.96203652 -0.19692572
v 0.36173742 -0.87533362 -0.25782752
v 0.23475645 -0.94531634 -0.26676627
v 0.33806774 -0.87986705 -0.32377068
v 0.32458494 -0.90587655 -0.19477337
v 0.27353511 -0.91556534 -0.32943122
v 0.26169790 -0.94496520 -0.19920639
v -0.25480243 -0.90281996 -0.55797342
v -0.08618638 -0.93154917 -0.57572905
v -0.21605725 -0.87781602 -0.61826094
v -0.21968898 -0.96256939 -0.50344404
v 0.22816445 -0.80843584 -0.49964083
v 0.08126393 -0.87834473 -0.54284690
v 0.19597643 -0.79622993 -0.56079845
v 0.19420603 -0.85091560 -0.44504676
v -0.13427526 -0.81864871 -0.73439544
v -0.04435642 -0.89151161 -0.62644813
v -0.17582529 -0.85023872 -0.67796954
v -0.04470080 -0.81704157 -0.73353105
v -0.13214876 -0.90131673 -0.63383111
v -0.13128411 -0.99973559 -0.35530235
v -0.04415241 -0.94588524 -0.49628441
v -0.17743129 -0.99714513 -0.43434361
v -0.04301402 -0.98064977 -0.34799075
v -0.13197221 -0.96904987 -0.50789793
v 0.12515035 -0.76301603 -0.68448834
v 0.04279362 -0.86010121 -0.60437665
v 0.16236794 -0.78516301 -0.62607899
v 0.04310763 -0.78792166 -0.70738752
v 0.12248190 -0.83538417 -0.58746549
v 0.00000000 -0.84272548 -0.66994203
v 0.12093039 -0.92089141 -0.32728142
v 0.04291316 -0.91933656 -0.48235492
v 0.15824051 -0.88929501 -0.38736548
v 0.04211294 -0.96010645 -0.34070081
v 0.12150361 -0.89218065 -0.46760928
v 0.00000000 -0.95406564 -0.41758890
v -0.52428156 0.89038932 -0.06809324
v -0.47096987 0.88600648 -0.20057348
v -0.47380186 0.94994060 -0.07001937
v -0.32339207 0.78143355 -0.41773460
v -0.40511276 0.85465956 -0.32226926
v -0.33980060 1.01496632 -0.07084229
v -0.41310694 0.93194648 -0.20420068
v -0.40702624 0.98303374 -0.07036280
v -0.44463010 0.94407877 -0.13869429
v -0.03874764 0.54541294 -0.78105404
v -0.11359748 0.61539912 -0.69833463
v -0.25047875 0.71903581 -0.50766250
v -0.18512371 0.67607265 -0.60924836
v -0.04256373 1.02870739 -0.06886956
v -0.13546164 1.07324510 -0.21918154
v -0.11692997 1.05044463 -0.07066473
v -0.27533270 0.85462345 -0.44549767
v -0.21460429 0.98548589 -0.34723704
v -0.31308706 0.88506869 -0.39271416
v -0.27308299 1.06731238 -0.07349934
v -0.20617650 1.03334251 -0.21322614
v -0.19702109 1.07671086 -0.07306664
v -0.30887733 1.00976524 -0.14123374
v -0.16780238 1.08446880 -0.14754801
v -0.37946453 0.91822974 -0.27046248
v -0.24844210 1.00042565 -0.28231800
v -0.34745570 0.90430048 -0.33276162
v -0.35247320 0.98370925 -0.21150825
v -0.28190794 0.94359055 -0.33951502
v -0.27869173 1.00632826 -0.21214223
v 0.49130382 0.83438310 -0.06381012
v 0.43559305 0.81945425 -0.18550744
v 0.43385410 0.86984804 -0.06411581
v 0.37697642 0.91091292 -0.48695100
v 0.41093725 0.86694740 -0.32690267
v 0.30614036 0.91442497 -0.06382474
v 0.37483751 0.84561275 -0.18528392
v 0.37193949 0.89829360 -0.06429734
v 0.40697008 0.86411561 -0.12694693
v 0.03809876 0.53627925 -0.76797422
v 0.11353109 0.61503946 -0.69792650
v 0.00000000 0.57723334 -0.73494063
v 0.29138810 0.83647208 -0.59057630
v 0.20565237 0.75104342 -0.67680888
v -0.07419689 0.64517841 -0.65286532
v 0.07762282 0.67496855 -0.68301038
v -0.03775850 0.61399327 -0.69621722
v 0.03719767 0.60487346 -0.68587611
v 0.04112483 0.99393110 -0.06654137
v 0.12633749 1.00095560 -0.20441835
v 0.10607441 0.95292334 -0.06410435
v 0.00000000 1.03287893 -0.13915963
v 0.30430649 0.94455712 -0.49237825
v 0.21454450 0.98521131 -0.34714029
v 0.32930873 0.93092588 -0.41306147
v 0.23513926 0.91901383 -0.06328692
v 0.19290195 0.96681135 -0.19949769
v 0.16944426 0.92600478 -0.06283958
v 0.27349829 0.89410598 -0.12505673
v 0.14880449 0.96168974 -0.13084324
v -0.08893759 1.04830936 -0.28974558
v 0.08784618 1.03544481 -0.28618991
v -0.04522172 1.07307618 -0.21965518
v 0.04360098 1.03461736 -0.21178278
v 0.36187053 0.87565571 -0.25792239
v 0.23867351 0.96108952 -0.27121743
v 0.34910607 0.90859581 -0.33434220
v 0.31484325 0.87868870 -0.18892768
v 0.28271756 0.94630046 -0.34049008
v 0.25540987 0.92225975 -0.19441990
v -0.22659902 0.80288918 -0.49621280
v -0.08061058 0.87128293 -0.53848246
v -0.18570699 0.75450635 -0.53141182
v -0.20298611 0.88938563 -0.46516740
v 0.24956910 0.88427713 -0.54651332
v 0.08374613 0.90517364 -0.55942807
v 0.21087064 0.85674343 -0.60341915
v 0.21622567 0.94739488 -0.49550746
v -0.11091154 0.67620491 -0.60661160
v -0.04158372 0.83578348 -0.58728904
v -0.14699221 0.71081052 -0.56679127
v -0.03818332 0.69791497 -0.62658048
v -0.11863156 0.80912306 -0.56899794
v -0.13088324 0.99668293 -0.35421745
v -0.04391307 0.94075784 -0.49359418
v -0.16986185 0.95460570 -0.41581398
v -0.04433839 1.01084320 -0.35870511
v -0.12436608 0.91319934 -0.47862558
v 0.12381099 0.75485022 -0.67716293
v 0.04207865 0.84573107 -0.59427902
v 0.16660854 0.80566927 -0.64243043
v 0.04040090 0.73844792 -0.66297052
v 0.12601082 0.85945309 -0.60439143
v 0.00000000 0.79320113 -0.63057162
v 0.13514220 1.02911512 -0.36574373
v 0.04408019 0.94433810 -0.49547266
v 0.17827734 1.00189984 -0.43641470
v 0.04556316 1.03876593 -0.36861370
v 0.12777223 0.93821009 -0.49173420
v 0.00000000 0.97538758 -0.42692139
v 0.00000000 -0.48979325 -0.93083383
v 0.00000000 -0.35014277 -0.97131296
v 0.00000000 -0.06782151 -0.97856020
v 0.00000000 -0.20609583 -0.97849817
v 0.00000000 0.46135931 -0.87679619
v 0.00000000 0.32625050 -0.90503466
v 0.00000000 0.06987814 -1.00823423
v 0.00000000 0.20227106 -0.96033897
v 0.55073799 0.78867973 -0.03912594
v 0.63881054 0.72490115 -0.11791903
v 0.53759565 0.80573223 -0.10374156
v 0.74513018 0.52608597 -0.25956882
v 0.70078609 0.63151908 -0.19189080
v 0.47564196 0.78331217 -0.22378779
v 0.61327040 0.72460816 -0.18113797
v 0.50985007 0.80053227 -0.16624359
v 0.57965050 0.76992114 -0.14363588
v 0.91897716 0.07027952 -0.54111473
v 0.94073365 0.21296258 -0.50006091
v 0.84313980 0.45072120 -0.34892888
v 0.92374369 0.34831903 -0.43785896
v 0.42393776 0.87062093 -0.53807333
v 0.55718465 0.77344805 -0.47801718
v 0.44484213 0.85952231 -0.45719130
v 0.75812819 0.55079865 -0.34041229
v 0.66854049 0.66585572 -0.41152147
v 0.70610020 0.58208700 -0.29329381
v 0.46763501 0.81028966 -0.29832083
v 0.56817487 0.75744648 -0.39707575
v 0.46001864 0.84004807 -0.37670703
v 0.51911833 0.75243976 -0.26695382
v 0.50796358 0.80709076 -0.42652640
v 0.63919232 0.66929531 -0.21762145
v 0.62280799 0.70111481 -0.36370719
v 0.66537266 0.61950417 -0.25226737
v 0.57630295 0.70696241 -0.24071781
v 0.66661861 0.64166302 -0.32863063
v 0.56998787 0.72783985 -0.31457800
v 0.54541294 -0.78105404 -0.03874764
v 0.61539912 -0.69833463 -0.11359748
v 0.54519941 -0.81712851 -0.10520888
v 0.71903581 -0.50766250 -0.25047875
v 0.67607265 -0.60924836 -0.18512371
v 0.48304558 -0.79550482 -0.22727117
v 0.60855710 -0.71903918 -0.17974584
v 0.51769436 -0.81284883 -0.16880133
v 0.58032922 -0.77082265 -0.14380407
v 0.89038932 -0.06809324 -0.52428156
v 0.88600648 -0.20057348 -0.47096987
v 0.78143355 -0.41773460 -0.32339207
v 0.85465956 -0.32226926 -0.40511276
v 0.38364931 -0.78788246 -0.48693814
v 0.50874297 -0.70620441 -0.43645833
v 0.40896663 -0.79020382 -0.42031988
v 0.70704036 -0.51368209 -0.31747299
v 0.64318629 -0.64060334 -0.39591464
v 0.68717094 -0.56648231 -0.28543114
v 0.46387268 -0.80377051 -0.29592070
v 0.53023787 -0.70687183 -0.37056303
v 0.43902690 -0.80171469 -0.35951700
v 0.52469793 -0.76052714 -0.26982310
v 0.47700895 -0.75790770 -0.40053444
v 0.63554401 -0.66547517 -0.21637934
v 0.61180196 -0.68872497 -0.35727989
v 0.66188012 -0.61625240 -0.25094322
v 0.60479267 -0.74191132 -0.25261777
v 0.65288631 -0.62844481 -0.32186086
v 0.56918051 -0.72680890 -0.31413242
v 0.06821207 -0.52519649 -0.89194316
v 0.19226436 -0.45145909 -0.84930207
v 0.10976272 -0.56879771 -0.85249694
v 0.06783709 -0.45903499 -0.92033403
v 0.43503006 -0.33678147 -0.81378723
v 0.32620745 -0.41006331 -0.86510366
v 0.18839581 -0.63784293 -0.75364178
v 0.23182985 -0.49273468 -0.81146134
v 0.15046652 -0.60721591 -0.80653491
v 0.17272818 -0.52973758 -0.83175829
v 0.06638207 -0.31840679 -0.95106417
v 0.19194230 -0.38830770 -0.87600076
v 0.06735501 -0.38962716 -0.94101216
v 0.13189869 -0.42284458 -0.89782179
v 0.83794634 -0.04157003 -0.58514104
v 0.68175302 -0.11090016 -0.60078676
v 0.84014785 -0.10817272 -0.56055823
v 0.53710804 -0.26500707 -0.76074147
v 0.62198374 -0.18899343 -0.69020489
v 0.80974676 -0.23134001 -0.49169355
v 0.68815710 -0.17202592 -0.58242013
v 0.83092353 -0.17255483 -0.52920593
v 0.74794299 -0.13953566 -0.56310381
v 0.34461331 -0.76748424 -0.55759605
v 0.40158824 -0.65240339 -0.64978342
v 0.30218655 -0.72750934 -0.59973602
v 0.41157429 -0.73022353 -0.53328747
v 0.47583391 -0.37490050 -0.76991544
v 0.44035819 -0.51328872 -0.71251452
v 0.41937690 -0.40804913 -0.78843101
v 0.22561185 -0.66266152 -0.69386980
v 0.36567613 -0.62617957 -0.70491031
v 0.26131229 -0.68922925 -0.64171617
v 0.24941033 -0.59711372 -0.73249141
v 0.33566131 -0.68088015 -0.65539067
v 0.53286235 -0.64590756 -0.47886719
v 0.46216641 -0.60773476 -0.61663744
v 0.47655941 -0.69191395 -0.50873748
v 0.43722420 -0.66867920 -0.57584776
v 0.30469238 -0.47762278 -0.82759586
v 0.38922985 -0.55694819 -0.74247994
v 0.36775506 -0.44908688 -0.82008539
v 0.27580429 -0.53632896 -0.77738582
v 0.40484547 -0.48214309 -0.76606521
v 0.32213094 -0.58367313 -0.74531510
v 0.06736256 -0.04163235 -1.00619719
v 0.19948414 -0.12328798 -0.97679474
v 0.06604801 -0.10929061 -0.98181621
v 0.43542442 -0.26910709 -0.83529936
v 0.31979200 -0.19764232 -0.90759472
v 0.37889706 -0.30207152 -0.85392878
v 0.06561062 -0.24377286 -0.95275723
v 0.20057768 -0.19394622 -0.97204520
v 0.06509266 -0.17551959 -0.95920619
v 0.12957263 -0.28337454 -0.92639289
v 0.13364248 -0.15198800 -0.98226400
v 0.26343111 -0.36959937 -0.89435800
v 0.26585839 -0.23395751 -0.94209916
v 0.32639698 -0.34081001 -0.88700418
v 0.19519131 -0.32528143 -0.90782036
v 0.32318249 -0.26834663 -0.89819869
v 0.19908787 -0.26154220 -0.94440297
v 0.72271907 -0.44666495 -0.35191884
v 0.68332073 -0.42231544 -0.49225778
v 0.73488116 -0.39089302 -0.38033463
v 0.68963502 -0.50364539 -0.38869748
v 0.52961659 -0.32732106 -0.72897287
v 0.64088068 -0.39608604 -0.64346475
v 0.59909268 -0.30186239 -0.72672893
v 0.51764302 -0.39950040 -0.70880178
v 0.77962156 -0.28702989 -0.44993581
v 0.69134456 -0.36242318 -0.51859058
v 0.75346567 -0.33788044 -0.41260526
v 0.72318182 -0.25657356 -0.49893289
v 0.71671152 -0.37876334 -0.45108106
v 0.60464764 -0.61350510 -0.45981873
v 0.66116457 -0.49017853 -0.54544912
v 0.66419542 -0.57198645 -0.43429243
v 0.55753635 -0.58199144 -0.51796718
v 0.67450134 -0.49593466 -0.46456638
v 0.65947062 -0.21442696 -0.62980952
v 0.66360100 -0.34424670 -0.58948406
v 0.63327225 -0.25787385 -0.68016014
v 0.69445792 -0.23646008 -0.56610951
v 0.64169863 -0.32864887 -0.66665561
v 0.69589928 -0.30077304 -0.54497449
v 0.48766302 -0.54264998 -0.65777160
v 0.61721467 -0.46259904 -0.60830365
v 0.50653183 -0.47449327 -0.68891414
v 0.52612967 -0.56632240 -0.59116287
v 0.56135568 -0.42622079 -0.65185087
v 0.58629995 -0.52180171 -0.56166381
v 0.06269500 0.48271794 -0.81980167
v 0.18380458 0.43159454 -0.81193211
v 0.09952126 0.51572581 -0.77295437
v 0.06502266 0.43999053 -0.88215118
v 0.40528313 0.31375268 -0.75814125
v 0.29953645 0.37653619 -0.79437207
v 0.18056906 0.61134427 -0.72233235
v 0.21845574 0.46430914 -0.76464868
v 0.13492014 0.54447765 -0.72320278
v 0.16029040 0.49159232 -0.77186517
v 0.06327032 0.30348106 -0.90648180
v 0.18835797 0.38105644 -0.85964232
v 0.06456159 0.37346814 -0.90198554
v 0.12852278 0.41202197 -0.87484225
v 0.84830538 0.04208394 -0.59237480
v 0.76204526 0.12396123 -0.67154335
v 0.87992123 0.11329372 -0.58709558
v 0.79882955 0.00000000 -0.62741265
v 0.52325937 0.25817418 -0.74112668
v 0.65548621 0.19917335 -0.72738201
v 0.89070802 0.25447017 -0.54085476
v 0.77951727 0.19486418 -0.65974259
v 0.88588763 0.18396903 -0.56421195
v 0.83182688 0.15518497 -0.62625747
v 0.65069555 -0.07395030 -0.64303419
v 0.69137055 0.07857294 -0.68323028
v 0.70933941 -0.03847017 -0.62556572
v 0.74948747 0.04064755 -0.66097225
v 0.36501747 0.81292611 -0.59061068
v 0.42670784 0.69321164 -0.69042779
v 0.32624780 0.78543642 -0.64748931
v 0.45188742 0.80174791 -0.58552224
v 0.47146754 0.37146032 -0.76285050
v 0.46055150 0.53682637 -0.74518799
v 0.40208917 0.39122835 -0.75592997
v 0.23384549 0.68684516 -0.71919237
v 0.37406828 0.64055020 -0.72108778
v 0.27910005 0.73614569 -0.68539836
v 0.25344709 0.60677813 -0.74434693
v 0.35417696 0.71843866 -0.69154313
v 0.60793852 0.73691092 -0.54633585
v 0.50262771 0.66094015 -0.67062223
v 0.53725592 0.78003887 -0.57353231
v 0.47367701 0.72442917 -0.62385807
v 0.27802902 0.43582643 -0.75517367
v 0.39536859 0.56573210 -0.75418997
v 0.33708525 0.41163420 -0.75169240
v 0.26313412 0.51169055 -0.74167350
v 0.40675450 0.48441661 -0.76967756
v 0.32642738 0.59145791 -0.75525579
v 0.06690975 0.04135250 -0.99943352
v 0.19335254 0.11949844 -0.94677075
v 0.06564503 0.10862380 -0.97582590
v 0.13265372 0.00000000 -0.98459043
v 0.41327117 0.25541563 -0.79280153
v 0.32239132 0.19924879 -0.91497180
v 0.36089489 0.28771949 -0.81335688
v 0.06484015 0.24091021 -0.94156889
v 0.19004581 0.18376256 -0.92100535
v 0.06541974 0.17640155 -0.96402608
v 0.12760589 0.27907330 -0.91233151
v 0.13072644 0.14867166 -0.96083130
v 0.26058454 -0.07998659 -0.94280374
v 0.25611902 0.07861590 -0.92664731
v 0.19732895 -0.04062529 -0.96400642
v 0.19679621 0.04051561 -0.96140384
v 0.24829321 0.34836058 -0.84296429
v 0.26100126 0.22968319 -0.92488735
v 0.30489179 0.31835519 -0.82856248
v 0.19639507 0.32728747 -0.91341897
v 0.31343420 0.26025237 -0.87110593
v 0.19414451 0.25504809 -0.92095341
v 0.81095989 0.50120078 -0.39488658
v 0.80054271 0.49476260 -0.57670339
v 0.85062854 0.45246059 -0.44023919
v 0.76603680 0.55944215 -0.43175964
v 0.55373854 0.34222924 -0.76217471
v 0.68997268 0.42642657 -0.69275470
v 0.61642776 0.31059695 -0.74775723
v 0.54967055 0.42421823 -0.75265666
v 0.91111147 0.33543996 -0.52582137
v 0.79309063 0.41576146 -0.59491222
v 0.89542693 0.40154086 -0.49034465
v 0.84174871 0.29863924 -0.58073378
v 0.85543347 0.45207427 -0.53838933
v 0.66745153 0.67722900 -0.50757945
v 0.73071052 0.54173896 -0.60282330
v 0.71765819 0.61802710 -0.46924973
v 0.64199265 0.67015223 -0.59642949
v 0.77228356 0.56783013 -0.53191441
v 0.72489322 0.23569912 -0.69228960
v 0.74497518 0.38646000 -0.66176964
v 0.67258336 0.27388167 -0.72238187
v 0.79900358 0.27205746 -0.65133325
v 0.68073763 0.34864287 -0.70721291
v 0.79418603 0.34325333 -0.62194507
v 0.52786188 0.58738149 -0.71199278
v 0.66966985 0.50191391 -0.66000152
v 0.53791223 0.50388884 -0.73159339
v 0.57564444 0.61961976 -0.64679800
v 0.61687544 0.46837531 -0.71632088
v 0.65213809 0.58039707 -0.62473546
v 0.49007330 -0.22379537 -0.79295526
v 0.51928188 -0.07773626 -0.84021573
v 0.55831655 -0.19510910 -0.79270609
v 0.43806359 -0.19115877 -0.83756399
v 0.47010844 0.21467828 -0.76065143
v 0.49377639 0.07391810 -0.79894697
v 0.51661470 0.18053599 -0.73349718
v 0.42621788 0.18598963 -0.81491536
v 0.62093131 -0.11352972 -0.69216744
v 0.54690173 -0.03872404 -0.77830745
v 0.59357213 -0.15393758 -0.74439628
v 0.61853568 -0.03769307 -0.68895428
v 0.56082858 -0.11692831 -0.79750611
v 0.32646529 -0.12062883 -0.91859501
v 0.45601380 -0.04056970 -0.86913213
v 0.38543240 -0.15745084 -0.88485713
v 0.32516602 -0.04019273 -0.91632888
v 0.44246888 -0.11497113 -0.84421374
v 0.62624996 0.11450217 -0.69809627
v 0.53835121 0.03811861 -0.76613902
v 0.56812834 0.14733896 -0.71248735
v 0.61095834 0.03723132 -0.68051429
v 0.52984185 0.11046783 -0.75344255
v 0.58101421 0.00000000 -0.73086245
v 0.32450947 0.11990615 -0.91309181
v 0.45835716 0.04077818 -0.87359841
v 0.38555589 0.15750129 -0.88514065
v 0.32012132 0.03956917 -0.90211277
v 0.44127462 0.11466081 -0.84193514
v 0.38698943 0.00000000 -0.88415501
v 0.55195675 0.79042504 0.03921253
v 0.63202792 0.71720445 0.11666701
v 0.53385988 0.80013316 0.10302065
v 0.59437757 0.75676888 0.00000000
v 0.74302207 0.52459758 0.25883445
v 0.69100761 0.62270712 0.18921323
v 0.47982296 0.79019765 0.22575494
v 0.60388735 0.71352164 0.17836656
v 0.50846365 0.79835541 0.16579153
v 0.57165495 0.75930104 0.14165461
v 0.67649752 0.68455757 -0.07779865
v 0.67760057 0.68567377 0.07792551
v 0.63540332 0.72049443 -0.03907515
v 0.63880532 0.72435201 0.03928436
v 0.82963757 0.06344720 0.48850954
v 0.83387146 0.18877119 0.44325673
v 0.78343203 0.41880294 0.32421913
v 0.81192035 0.30615344 0.38485416
v 0.36357830 0.74666355 0.46146345
v 0.50414365 0.69981993 0.43251250
v 0.39407181 0.76142410 0.40501156
v 0.72244336 0.52487275 0.32438920
v 0.62663351 0.62411703 0.38572554
v 0.69673593 0.57436738 0.28940416
v 0.45058766 0.78075104 0.28744573
v 0.52984083 0.70634252 0.37028555
v 0.42284509 0.77216479 0.34626579
v 0.51547239 0.74715512 0.26507892
v 0.46374483 0.73683267 0.38939684
v 0.63612448 0.66608298 0.21657697
v 0.59285606 0.66739697 0.34621587
v 0.66716101 0.62116924 0.25294541
v 0.57771092 0.70868960 0.24130591
v 0.64750354 0.62326354 0.31920725
v 0.55411951 0.70757692 0.30582021
v 0.78026383 0.48222957 -0.22021348
v 0.82383010 0.50915500 -0.07622027
v 0.76740660 0.54049769 -0.18888213
v 0.78714145 0.48648017 0.22215454
v 0.81967786 0.50658878 0.07583611
v 0.76432134 0.53832468 0.18812275
v 0.71915671 0.64514291 -0.11795652
v 0.78700253 0.55301161 -0.03915666
v 0.75116985 0.59897328 -0.15533832
v 0.71481346 0.64175177 -0.03910784
v 0.79166719 0.55672249 -0.11607223
v 0.71147165 0.63824877 0.11669601
v 0.78886142 0.55431781 0.03924915
v 0.73910665 0.58935424 0.15284371
v 0.71869990 0.64524097 0.03932047
v 0.78461101 0.55176038 0.11503767
v 0.75331606 0.59886416 0.00000000
v 0.53627925 -0.76797422 0.03809876
v 0.61503946 -0.69792650 0.11353109
v 0.51572581 -0.77295437 0.09952126
v 0.57723334 -0.73494063 0.00000000
v 0.83647208 -0.59057630 0.29138810
v 0.75104342 -0.67680888 0.20565237
v 0.46430914 -0.76464868 0.21845574
v 0.61134427 -0.72233235 0.18056906
v 0.49159232 -0.77186517 0.16029040
v 0.54447765 -0.72320278 0.13492014
v 0.64517841 -0.65286532 -0.07419689
v 0.67496855 -0.68301038 0.07762282
v 0.61399327 -0.69621722 -0.03775850
v 0.60487346 -0.68587611 0.03719767
v 0.83438310 -0.06381012 0.49130382
v 0.81945425 -0.18550744 0.43559305
v 0.91091292 -0.48695100 0.37697642
v 0.86694740 -0.32690267 0.41093725
v 0.37146032 -0.76285050 0.47146754
v 0.53682637 -0.74518799 0.46055150
v 0.39122835 -0.75592997 0.40208917
v 0.81292611 -0.59061068 0.36501747
v 0.69321164 -0.69042779 0.42670784
v 0.78543642 -0.64748931 0.32624780
v 0.43582643 -0.75517367 0.27802902
v 0.56573210 -0.75418997 0.39536859
v 0.41163420 -0.75169240 0.33708525
v 0.51169055 -0.74167350 0.26313412
v 0.48441661 -0.76967756 0.40675450
v 0.68684516 -0.71919237 0.23384549
v 0.64055020 -0.72108778 0.37406828
v 0.73614569 -0.68539836 0.27910005
v 0.60677813 -0.74434693 0.25344709
v 0.71843866 -0.69154313 0.35417696
v 0.59145791 -0.75525579 0.32642738
v 0.80288918 -0.49621280 -0.22659902
v 0.87128293 -0.53848246 -0.08061058
v 0.75450635 -0.53141182 -0.18570699
v 0.88427713 -0.54651332 0.24956910
v 0.90517364 -0.55942807 0.08374613
v 0.85674343 -0.60341915 0.21087064
v 0.67620491 -0.60661160 -0.11091154
v 0.83578348 -0.58728904 -0.04158372
v 0.71081052 -0.56679127 -0.14699221
v 0.69791497 -0.62658048 -0.03818332
v 0.80912306 -0.56899794 -0.11863156
v 0.75485022 -0.67716293 0.12381099
v 0.84573107 -0.59427902 0.04207865
v 0.80566927 -0.64243043 0.16660854
v 0.73844792 -0.66297052 0.04040090
v 0.85945309 -0.60439143 0.12601082
v 0.79320113 -0.63057162 0.00000000
v 0.07027952 -0.54111473 0.91897716
v 0.21296258 -0.50006091 0.94073365
v 0.11329372 -0.58709558 0.87992123
v 0.07007338 -0.47416734 0.95067335
v 0.45072120 -0.34892888 0.84313980
v 0.34831903 -0.43785896 0.92374369
v 0.19486418 -0.65974259 0.77951727
v 0.25447017 -0.54085476 0.89070802
v 0.15518497 -0.62625747 0.83182688
v 0.18396903 -0.56421195 0.88588763
v 0.07311986 -0.35072517 1.04759743
v 0.21746081 -0.43993278 0.99246409
v 0.07181415 -0.41542183 1.00331043
v 0.14338011 -0.45965202 0.97597467
v 0.78867973 -0.03912594 0.55073799
v 0.72490115 -0.11791903 0.63881054
v 0.80573223 -0.10374156 0.53759565
v 0.52608597 -0.25956882 0.74513018
v 0.63151908 -0.19189080 0.70078609
v 0.78331217 -0.22378779 0.47564196
v 0.72460816 -0.18113797 0.61327040
v 0.80053227 -0.16624359 0.50985007
v 0.76992114 -0.14363588 0.57965050
v 0.34222924 -0.76217471 0.55373854
v 0.42642657 -0.69275470 0.68997268
v 0.31059695 -0.74775723 0.61642776
v 0.42421823 -0.75265666 0.54967055
v 0.50120078 -0.39488658 0.81095989
v 0.49476260 -0.57670339 0.80054271
v 0.45246059 -0.44023919 0.85062854
v 0.23569912 -0.69228960 0.72489322
v 0.38646000 -0.66176964 0.74497518
v 0.27388167 -0.72238187 0.67258336
v 0.27205746 -0.65133325 0.79900358
v 0.34864287 -0.70721291 0.68073763
v 0.58738149 -0.71199278 0.52786188
v 0.50191391 -0.66000152 0.66966985
v 0.50388884 -0.73159339 0.53791223
v 0.46837531 -0.71632088 0.61687544
v 0.33543996 -0.52582137 0.91111147
v 0.41576146 -0.59491222 0.79309063
v 0.40154086 -0.49034465 0.89542693
v 0.29863924 -0.58073378 0.84174871
v 0.45207427 -0.53838933 0.85543347
v 0.34325333 -0.62194507 0.79418603
v 0.06458638 -0.03991658 0.96472928
v 0.18964472 -0.11720689 0.92861503
v 0.06731667 -0.11138988 1.00067510
v 0.43011316 -0.26582455 0.82511047
v 0.31088171 -0.19213546 0.88230663
v 0.38941925 -0.31046022 0.87764286
v 0.07143803 -0.26542431 1.03737935
v 0.19814178 -0.19159086 0.96024030
v 0.06916973 -0.18651323 1.01928588
v 0.14196587 -0.31047848 1.01499963
v 0.13359326 -0.15193202 0.98190223
v 0.28188133 -0.39548542 0.95699717
v 0.26389070 -0.23222593 0.93512644
v 0.33737595 -0.35227379 0.91684022
v 0.21244758 -0.35403857 0.98807801
v 0.32675294 -0.27131127 0.90812180
v 0.20589039 -0.27047869 0.97667175
v 0.87062093 -0.53807333 0.42393776
v 0.77344805 -0.47801718 0.55718465
v 0.85952231 -0.45719130 0.44484213
v 0.80174791 -0.58552224 0.45188742
v 0.55079865 -0.34041229 0.75812819
v 0.66585572 -0.41152147 0.66854049
v 0.58208700 -0.29329381 0.70610020
v 0.55944215 -0.43175964 0.76603680
v 0.81028966 -0.29832083 0.46763501
v 0.75744648 -0.39707575 0.56817487
v 0.84004807 -0.37670703 0.46001864
v 0.75243976 -0.26695382 0.51911833
v 0.80709076 -0.42652640 0.50796358
v 0.66094015 -0.67062223 0.50262771
v 0.73691092 -0.54633585 0.60793852
v 0.72442917 -0.62385807 0.47367701
v 0.61961976 -0.64679800 0.57564444
v 0.78003887 -0.57353231 0.53725592
v 0.66929531 -0.21762145 0.63919232
v 0.70111481 -0.36370719 0.62280799
v 0.61950417 -0.25226737 0.66537266
v 0.70696241 -0.24071781 0.57630295
v 0.64166302 -0.32863063 0.66661861
v 0.72783985 -0.31457800 0.56998787
v 0.54173896 -0.60282330 0.73071052
v 0.67722900 -0.50757945 0.66745153
v 0.56783013 -0.53191441 0.77228356
v 0.58039707 -0.62473546 0.65213809
v 0.61802710 -0.46924973 0.71765819
v 0.67015223 -0.59642949 0.64199265
v 0.06344720 0.48850954 0.82963757
v 0.18877119 0.44325673 0.83387146
v 0.10302065 0.53385988 0.80013316
v 0.06333434 0.42856612 0.85924600
v 0.41880294 0.32421913 0.78343203
v 0.30615344 0.38485416 0.81192035
v 0.17836656 0.60388735 0.71352164
v 0.22575494 0.47982296 0.79019765
v 0.14165461 0.57165495 0.75930104
v 0.16579153 0.50846365 0.79835541
v 0.06376840 0.30587015 0.91361788
v 0.18995850 0.38429439 0.86694696
v 0.06344418 0.36700424 0.88637418
v 0.12734729 0.40825357 0.86684083
v 0.79042504 0.03921253 0.55195675
v 0.71720445 0.11666701 0.63202792
v 0.80013316 0.10302065 0.53385988
v 0.75676888 0.00000000 0.59437757
v 0.52459758 0.25883445 0.74302207
v 0.62270712 0.18921323 0.69100761
v 0.79019765 0.22575494 0.47982296
v 0.71352164 0.17836656 0.60388735
v 0.79835541 0.16579153 0.50846365
v 0.75930104 0.14165461 0.57165495
v 0.68455757 -0.07779865 0.67649752
v 0.68567377 0.07792551 0.67760057
v 0.72049443 -0.03907515 0.63540332
v 0.72435201 0.03928436 0.63880532
v 0.32438920 0.72244336 0.52487275
v 0.38572554 0.62663351 0.62411703
v 0.28940416 0.69673593 0.57436738
v 0.39798981 0.70612166 0.51568570
v 0.46146345 0.36357830 0.74666355
v 0.43251250 0.50414365 0.69981993
v 0.40501156 0.39407181 0.76142410
v 0.21657697 0.63612448 0.66608298
v 0.34621587 0.59285606 0.66739697
v 0.25294541 0.66716101 0.62116924
v 0.24130591 0.57771092 0.70868960
v 0.31920725 0.64750354 0.62326354
v 0.53842246 0.65264723 0.48386388
v 0.45898625 0.60355295 0.61239437
v 0.47061747 0.68328688 0.50239433
v 0.43060703 0.65855906 0.56713259
v 0.28744573 0.45058766 0.78075104
v 0.37028555 0.52984083 0.70634252
v 0.34626579 0.42284509 0.77216479
v 0.26507892 0.51547239 0.74715512
v 0.38939684 0.46374483 0.73683267
v 0.30582021 0.55411951 0.70757692
v 0.06295834 0.03891039 0.94041119
v 0.19291401 0.11922741 0.94462341
v 0.06387148 0.10568907 0.94946162
v 0.12622494 0.00000000 0.93687434
v 0.42296689 0.26140791 0.81140136
v 0.31464709 0.19446260 0.89299306
v 0.36800370 0.29338691 0.82937816
v 0.06478940 0.24072167 0.94083202
v 0.19093288 0.18462030 0.92530430
v 0.06482066 0.17478615 0.95519799
v 0.12745562 0.27874466 0.91125711
v 0.12989248 0.14772322 0.95470175
v 0.25223013 -0.07742220 0.91257717
v 0.25732743 0.07898682 0.93101938
v 0.18998550 -0.03911345 0.92813163
v 0.19476537 0.04009751 0.95148259
v 0.25291516 0.35484528 0.85865599
v 0.25489031 0.22430552 0.90323254
v 0.31108601 0.32482293 0.84539566
v 0.19177046 0.31958066 0.89191023
v 0.31486960 0.26144422 0.87509523
v 0.19159882 0.25170382 0.90887757
v 0.74666355 0.46146345 0.36357830
v 0.69981993 0.43251250 0.50414365
v 0.76142410 0.40501156 0.39407181
v 0.70612166 0.51568570 0.39798981
v 0.52487275 0.32438920 0.72244336
v 0.62411703 0.38572554 0.62663351
v 0.57436738 0.28940416 0.69673593
v 0.51568570 0.39798981 0.70612166
v 0.78075104 0.28744573 0.45058766
v 0.70634252 0.37028555 0.52984083
v 0.77216479 0.34626579 0.42284509
v 0.74715512 0.26507892 0.51547239
v 0.73683267 0.38939684 0.46374483
v 0.60355295 0.61239437 0.45898625
v 0.65264723 0.48386388 0.53842246
v 0.65855906 0.56713259 0.43060703
v 0.57004844 0.59505235 0.52959126
v 0.68328688 0.50239433 0.47061747
v 0.66608298 0.21657697 0.63612448
v 0.66739697 0.34621587 0.59285606
v 0.62116924 0.25294541 0.66716101
v 0.70868960 0.24130591 0.57771092
v 0.62326354 0.31920725 0.64750354
v 0.70757692 0.30582021 0.55411951
v 0.48386388 0.53842246 0.65264723
v 0.61239437 0.45898625 0.60355295
v 0.50239433 0.47061747 0.68328688
v 0.52959126 0.57004844 0.59505235
v 0.56713259 0.43060703 0.65855906
v 0.59505235 0.52959126 0.57004844
v 0.48222957 -0.22021348 0.78026383
v 0.50915500 -0.07622027 0.82383010
v 0.54049769 -0.18888213 0.76740660
v 0.42943152 -0.18739197 0.82105973
v 0.48648017 0.22215454 0.78714145
v 0.50658878 0.07583611 0.81967786
v 0.53832468 0.18812275 0.76432134
v 0.43756989 0.19094333 0.83662005
v 0.64514291 -0.11795652 0.71915671
v 0.55301161 -0.03915666 0.78700253
v 0.59897328 -0.15533832 0.75116985
v 0.64175177 -0.03910784 0.71481346
v 0.55672249 -0.11607223 0.79166719
v 0.31570931 -0.11665450 0.88833028
v 0.44989282 -0.04002514 0.85746595
v 0.37371362 -0.15266367 0.85795373
v 0.32547408 -0.04023081 0.91719701
v 0.44799505 -0.11640704 0.85475745
v 0.63824877 0.11669601 0.71147165
v 0.55431781 0.03924915 0.78886142
v 0.58935424 0.15284371 0.73910665
v 0.64524097 0.03932047 0.71869990
v 0.55176038 0.11503767 0.78461101
v 0.59886416 0.00000000 0.75331606
v 0.31954635 0.11807228 0.89912679
v 0.44634062 0.03970911 0.85069569
v 0.38119992 0.15572186 0.87514041
v 0.32329266 0.03996117 0.91104971
v 0.44575458 0.11582488 0.85048273
v 0.38795120 0.00000000 0.88635235
v 0.94582155 0.00000000 -0.49767960
v 1.02207812 0.00000000 -0.36844280
v 0.95067335 0.07007338 -0.47416734
v 0.94994060 -0.07001937 -0.47380186
v 1.01529999 0.00000000 -0.07036785
v 1.05678972 0.00000000 -0.22258596
v 0.99246409 0.21746081 -0.43993278
v 1.04759743 0.07311986 -0.35072517
v 0.97597467 0.14338011 -0.45965202
v 1.00331043 0.07181415 -0.41542183
v 0.93194648 -0.20420068 -0.41310694
v 1.01496632 -0.07084229 -0.33980060
v 0.94407877 -0.13869429 -0.44463010
v 0.98303374 -0.07036280 -0.40702624
v 0.85198684 0.00000000 0.44830494
v 0.91569814 0.00000000 0.33009452
v 0.85924600 0.06333434 0.42856612
v 0.86984804 -0.06411581 0.43385410
v 0.94607714 0.00000000 0.06557019
v 0.94200492 0.00000000 0.19840946
v 0.86694696 0.18995850 0.38429439
v 0.91361788 0.06376840 0.30587015
v 0.86684083 0.12734729 0.40825357
v 0.88637418 0.06344418 0.36700424
v 0.84561275 -0.18528392 0.37483751
v 0.91442497 -0.06382474 0.30614036
v 0.86411561 -0.12694693 0.40697008
v 0.89829360 -0.06429734 0.37193949
v 0.82511047 0.43011316 -0.26582455
v 0.88230663 0.31088171 -0.19213546
v 0.87764286 0.38941925 -0.31046022
v 0.82105973 0.42943152 -0.18739197
v 0.96472928 0.06458638 -0.03991658
v 0.92861503 0.18964472 -0.11720689
v 1.00067510 0.06731667 -0.11138988
v 0.95699717 0.28188133 -0.39548542
v 0.93512644 0.26389070 -0.23222593
v 0.91684022 0.33737595 -0.35227379
v 0.98807801 0.21244758 -0.35403857
v 0.90812180 0.32675294 -0.27131127
v 0.85746595 0.44989282 -0.04002514
v 0.88833028 0.31570931 -0.11665450
v 0.85475745 0.44799505 -0.11640704
v 0.85795373 0.37371362 -0.15266367
v 1.03737935 0.07143803 -0.26542431
v 0.96024030 0.19814178 -0.19159086
v 1.01928588 0.06916973 -0.18651323
v 1.01499963 0.14196587 -0.31047848
v 0.98190223 0.13359326 -0.15193202
v 0.97667175 0.20589039 -0.27047869
v 0.85462345 -0.44549767 -0.27533270
v 0.98548589 -0.34723704 -0.21460429
v 0.88506869 -0.39271416 -0.31308706
v 0.88938563 -0.46516740 -0.20298611
v 1.02870739 -0.06886956 -0.04256373
v 1.07324510 -0.21918154 -0.13546164
v 1.05044463 -0.07066473 -0.11692997
v 0.91822974 -0.27046248 -0.37946453
v 1.00042565 -0.28231800 -0.24844210
v 0.90430048 -0.33276162 -0.34745570
v 0.98370925 -0.21150825 -0.35247320
v 0.94359055 -0.33951502 -0.28190794
v 0.94075784 -0.49359418 -0.04391307
v 0.99668293 -0.35421745 -0.13088324
v 0.91319934 -0.47862558 -0.12436608
v 0.95460570 -0.41581398 -0.16986185
v 1.06731238 -0.07349934 -0.27308299
v 1.03334251 -0.21322614 -0.20617650
v 1.07671086 -0.07306664 -0.19702109
v 1.00976524 -0.14123374 -0.30887733
v 1.08446880 -0.14754801 -0.16780238
v 1.00632826 -0.21214223 -0.27869173
v 0.81140136 0.42296689 0.26140791
v 0.89299306 0.31464709 0.19446260
v 0.82937816 0.36800370 0.29338691
v 0.83662005 0.43756989 0.19094333
v 0.94041119 0.06295834 0.03891039
v 0.94462341 0.19291401 0.11922741
v 0.94946162 0.06387148 0.10568907
v 0.93687434 0.12622494 0.00000000
v 0.85865599 0.25291516 0.35484528
v 0.90323254 0.25489031 0.22430552
v 0.84539566 0.31108601 0.32482293
v 0.89191023 0.19177046 0.31958066
v 0.87509523 0.31486960 0.26144422
v 0.85069569 0.44634062 0.03970911
v 0.89912679 0.31954635 0.11807228
v 0.85048273 0.44575458 0.11582488
v 0.88635235 0.38795120 0.00000000
v 0.87514041 0.38119992 0.15572186
v 0.94083202 0.06478940 0.24072167
v 0.92530430 0.19093288 0.18462030
v 0.95519799 0.06482066 0.17478615
v 0.91125711 0.12745562 0.27874466
v 0.95470175 0.12989248 0.14772322
v 0.90887757 0.19159882 0.25170382
v 0.91257717 0.25223013 -0.07742220
v 0.93101938 0.25732743 0.07898682
v 0.92813163 0.18998550 -0.03911345
v 0.91719701 0.32547408 -0.04023081
v 0.95148259 0.19476537 0.04009751
v 0.91104971 0.32329266 0.03996117
v 0.94455712 -0.49237825 0.30430649
v 0.98521131 -0.34714029 0.21454450
v 0.93092588 -0.41306147 0.32930873
v 0.94739488 -0.49550746 0.21622567
v 0.99393110 -0.06654137 0.04112483
v 1.00095560 -0.20441835 0.12633749
v 0.95292334 -0.06410435 0.10607441
v 1.03287893 -0.13915963 0.00000000
v 0.87565571 -0.25792239 0.36187053
v 0.96108952 -0.27121743 0.23867351
v 0.90859581 -0.33434220 0.34910607
v 0.87868870 -0.18892768 0.31484325
v 0.94630046 -0.34049008 0.28271756
v 0.94433810 -0.49547266 0.04408019
v 1.02911512 -0.36574373 0.13514220
v 0.93821009 -0.49173420 0.12777223
v 0.97538758 -0.42692139 0.00000000
v 1.00189984 -0.43641470 0.17827734
v 0.91901383 -0.06328692 0.23513926
v 0.96681135 -0.19949769 0.19290195
v 0.92600478 -0.06283958 0.16944426
v 0.89410598 -0.12505673 0.27349829
v 0.96168974 -0.13084324 0.14880449
v 0.92225975 -0.19441990 0.25540987
v 1.04830936 -0.28974558 -0.08893759
v 1.03544481 -0.28618991 0.08784618
v 1.07307618 -0.21965518 -0.04522172
v 1.01084320 -0.35870511 -0.04433839
v 1.03461736 -0.21178278 0.04360098
v 1.03876593 -0.36861370 0.04556316
v -0.58514104 0.83794634 -0.04157003
v -0.60078676 0.68175302 -0.11090016
v -0.56055823 0.84014785 -0.10817272
v -0.76074147 0.53710804 -0.26500707
v -0.69020489 0.62198374 -0.18899343
v -0.49169355 0.80974676 -0.23134001
v -0.58242013 0.68815710 -0.17202592
v -0.52920593 0.83092353 -0.17255483
v -0.56310381 0.74794299 -0.13953566
v -0.89194316 0.06821207 -0.52519649
v -0.84930207 0.19226436 -0.45145909
v -0.81378723 0.43503006 -0.33678147
v -0.86510366 0.32620745 -0.41006331
v -0.35191884 0.72271907 -0.44666495
v -0.49225778 0.68332073 -0.42231544
v -0.38033463 0.73488116 -0.39089302
v -0.72897287 0.52961659 -0.32732106
v -0.64346475 0.64088068 -0.39608604
v -0.72672893 0.59909268 -0.30186239
v -0.44993581 0.77962156 -0.28702989
v -0.51859058 0.69134456 -0.36242318
v -0.41260526 0.75346567 -0.33788044
v -0.49893289 0.72318182 -0.25657356
v -0.45108106 0.71671152 -0.37876334
v -0.62980952 0.65947062 -0.21442696
v -0.58948406 0.66360100 -0.34424670
v -0.68016014 0.63327225 -0.25787385
v -0.56610951 0.69445792 -0.23646008
v -0.66665561 0.64169863 -0.32864887
v -0.54497449 0.69589928 -0.30077304
v -0.62362149 -0.89305194 -0.04430379
v -0.72721420 -0.82521871 -0.13423760
v -0.61171624 -0.91682194 -0.11804484
v -0.84236657 -0.59473800 -0.29344147
v -0.79070453 -0.71254981 -0.21651247
v -0.55033797 -0.90632547 -0.25893199
v -0.69263492 -0.81838112 -0.20457939
v -0.58517381 -0.91880053 -0.19080393
v -0.65789855 -0.87385417 -0.16302555
v -0.93735573 -0.07168504 -0.55193645
v -0.95945630 -0.21720100 -0.51001321
v -0.88817947 -0.47479827 -0.36756830
v -0.92906228 -0.35032453 -0.44038000
v -0.40500455 -0.83173870 -0.51404279
v -0.54951159 -0.76279679 -0.47143434
v -0.44079768 -0.85170765 -0.45303458
v -0.80475885 -0.58467696 -0.36135023
v -0.68302432 -0.68028138 -0.42043702
v -0.77934928 -0.64247126 -0.32371938
v -0.51243341 -0.88791361 -0.32689930
v -0.58312027 -0.77737052 -0.40752052
v -0.47651950 -0.87018058 -0.39021950
v -0.58409419 -0.84661947 -0.30036730
v -0.51324195 -0.81547742 -0.43095853
v -0.72343622 -0.75750670 -0.24630340
v -0.65247215 -0.73450870 -0.38103046
v -0.75184800 -0.70001821 -0.28505337
v -0.65461816 -0.80303325 -0.27342954
v -0.71661387 -0.68978666 -0.35327737
v -0.61820503 -0.78941023 -0.34118919
v -0.07168504 -0.55193645 -0.93735573
v -0.21720100 -0.51001321 -0.95945630
v -0.11804484 -0.61171624 -0.91682194
v -0.07082397 -0.47924637 -0.96085648
v -0.47479827 -0.36756830 -0.88817947
v -0.35032453 -0.44038000 -0.92906228
v -0.20457939 -0.69263492 -0.81838112
v -0.25893199 -0.55033797 -0.90632547
v -0.16302555 -0.65789855 -0.87385417
v -0.19080393 -0.58517381 -0.91880053
v -0.06899801 -0.33095437 -0.98854311
v -0.21783661 -0.44069303 -0.99417917
v -0.06991141 -0.40441511 -0.97672745
v -0.14474101 -0.46401484 -0.98523820
v -0.89305194 -0.04430379 -0.62362149
v -0.82521871 -0.13423760 -0.72721420
v -0.91682194 -0.11804484 -0.61171624
v -0.59473800 -0.29344147 -0.84236657
v -0.71254981 -0.21651247 -0.79070453
v -0.90632547 -0.25893199 -0.55033797
v -0.81838112 -0.20457939 -0.69263492
v -0.91880053 -0.19080393 -0.58517381
v -0.87385417 -0.16302555 -0.65789855
v -0.36135023 -0.80475885 -0.58467696
v -0.42043702 -0.68302432 -0.68028138
v -0.32371938 -0.77934928 -0.64247126
v -0.43610395 -0.77374455 -0.56507118
v -0.51404279 -0.40500455 -0.83173870
v -0.47143434 -0.54951159 -0.76279679
v -0.45303458 -0.44079768 -0.85170765
v -0.24630340 -0.72343622 -0.75750670
v -0.38103046 -0.65247215 -0.73450870
v -0.28505337 -0.75184800 -0.70001821
v -0.27342954 -0.65461816 -0.80303325
v -0.35327737 -0.71661387 -0.68978666
v -0.58010674 -0.70317471 -0.52132428
v -0.49452064 -0.65027959 -0.65980551
v -0.50986487 -0.74026996 -0.54429178
v -0.46651773 -0.71347996 -0.61442892
v -0.32689930 -0.51243341 -0.88791361
v -0.40752052 -0.58312027 -0.77737052
v -0.39021950 -0.47651950 -0.87018058
v -0.30036730 -0.58409419 -0.84661947
v -0.43095853 -0.51324195 -0.81547742
v -0.34118919 -0.61820503 -0.78941023
v -0.06523150 -0.04031528 -0.97436544
v -0.20567955 -0.12711695 -1.00713120
v -0.06627045 -0.10965869 -0.98512282
v -0.48512621 -0.29982449 -0.93064512
v -0.35759077 -0.22100325 -1.01487058
v -0.42264886 -0.33695217 -0.95253319
v -0.06874073 -0.25540260 -0.99821069
v -0.20866718 -0.20176827 -1.01124878
v -0.06775403 -0.18269586 -0.99842416
v -0.14049126 -0.30725352 -1.00445677
v -0.13706533 -0.15588071 -1.00742172
v -0.29101465 -0.40829965 -0.98800510
v -0.28805779 -0.25349316 -1.02076522
v -0.35786090 -0.37366331 -0.97250934
v -0.21801093 -0.36330976 -1.01395273
v -0.36170438 -0.30033233 -1.00525989
v -0.21433927 -0.28157799 -1.01675025
v -0.83173870 -0.51404279 -0.40500455
v -0.76279679 -0.47143434 -0.54951159
v -0.85170765 -0.45303458 -0.44079768
v -0.77374455 -0.56507118 -0.43610395
v -0.58467696 -0.36135023 -0.80475885
v -0.68028138 -0.42043702 -0.68302432
v -0.64247126 -0.32371938 -0.77934928
v -0.56507118 -0.43610395 -0.77374455
v -0.88791361 -0.32689930 -0.51243341
v -0.77737052 -0.40752052 -0.58312027
v -0.87018058 -0.39021950 -0.47651950
v -0.84661947 -0.30036730 -0.58409419
v -0.81547742 -0.43095853 -0.51324195
v -0.65027959 -0.65980551 -0.49452064
v -0.70317471 -0.52132428 -0.58010674
v -0.71347996 -0.61442892 -0.46651773
v -0.61067705 -0.63746304 -0.56733640
v -0.74026996 -0.54429178 -0.50986487
v -0.75750670 -0.24630340 -0.72343622
v -0.73450870 -0.38103046 -0.65247215
v -0.70001821 -0.28505337 -0.75184800
v -0.80303325 -0.27342954 -0.65461816
v -0.68978666 -0.35327737 -0.71661387
v -0.78941023 -0.34118919 -0.61820503
v -0.52132428 -0.58010674 -0.70317471
v -0.65980551 -0.49452064 -0.65027959
v -0.54429178 -0.50986487 -0.74026996
v -0.56733640 -0.61067705 -0.63746304
v -0.61442892 -0.46651773 -0.71347996
v -0.63746304 -0.56733640 -0.61067705
v -0.06515057 0.50162458 -0.85191089
v -0.18857513 0.44279634 -0.83300537
v -0.10520888 0.54519941 -0.81712851
v -0.06355446 0.43005558 -0.86223226
v -0.44758451 0.34650058 -0.83727216
v -0.31652876 0.39789659 -0.83943574
v -0.17974584 0.60855710 -0.71903918
v -0.22727117 0.48304558 -0.79550482
v -0.14380407 0.58032922 -0.77082265
v -0.16880133 0.51769436 -0.81284883
v -0.06479367 0.31078794 -0.92830706
v -0.19269846 0.38983744 -0.87945178
v -0.06354449 0.36758454 -0.88777570
v -0.12686938 0.40672147 -0.86358774
v -0.86166798 0.04274685 -0.60170595
v -0.76892793 0.12508083 -0.67760862
v -0.85249694 0.10976272 -0.56879771
v -0.84626089 0.00000000 -0.66466593
v -0.54414885 0.26848098 -0.77071383
v -0.65598412 0.19932465 -0.72793453
v -0.81146134 0.23182985 -0.49273468
v -0.75364178 0.18839581 -0.63784293
v -0.83175829 0.17272818 -0.52973758
v -0.80653491 0.15046652 -0.60721591
v -0.78630252 -0.08936177 -0.77704452
v -0.74069770 0.08417887 -0.73197665
v -0.82328756 -0.04465001 -0.72605648
v -0.79393861 0.04305831 -0.70017367
v -0.31747299 0.70704036 -0.51368209
v -0.39591464 0.64318629 -0.64060334
v -0.28543114 0.68717094 -0.56648231
v -0.38869748 0.68963502 -0.50364539
v -0.48693814 0.38364931 -0.78788246
v -0.43645833 0.50874297 -0.70620441
v -0.42031988 0.40896663 -0.79020382
v -0.21637934 0.63554401 -0.66547517
v -0.35727989 0.61180196 -0.68872497
v -0.25094322 0.66188012 -0.61625240
v -0.25261777 0.60479267 -0.74191132
v -0.32186086 0.65288631 -0.62844481
v -0.54544912 0.66116457 -0.49017853
v -0.45981873 0.60464764 -0.61350510
v -0.46456638 0.67450134 -0.49593466
v -0.43429243 0.66419542 -0.57198645
v -0.29592070 0.46387268 -0.80377051
v -0.37056303 0.53023787 -0.70687183
v -0.35951700 0.43902690 -0.80171469
v -0.26982310 0.52469793 -0.76052714
v -0.40053444 0.47700895 -0.75790770
v -0.31413242 0.56918051 -0.72680890
v -0.06638116 0.04102581 -0.99153805
v -0.19577338 0.12099460 -0.95862464
v -0.06748076 0.11166141 -1.00311434
v -0.13081481 0.00000000 -0.97094152
v -0.44206553 0.27321153 -0.84803939
v -0.32092833 0.19834461 -0.91081970
v -0.39036849 0.31121700 -0.87978220
v -0.06534200 0.24277483 -0.94885654
v -0.20030090 0.19367859 -0.97070385
v -0.06638034 0.17899176 -0.97818141
v -0.13015526 0.28464876 -0.93055848
v -0.13468828 0.15317735 -0.98995053
v -0.27589493 -0.08468613 -0.99819725
v -0.26147545 0.08026006 -0.94602705
v -0.20329263 -0.04185307 -0.99314062
v -0.19692572 0.04054227 -0.96203652
v -0.25782752 0.36173742 -0.87533362
v -0.26676627 0.23475645 -0.94531634
v -0.32377068 0.33806774 -0.87986705
v -0.19477337 0.32458494 -0.90587655
v -0.32943122 0.27353511 -0.91556534
v -0.19920639 0.26169790 -0.94496520
v -0.76991544 0.47583391 -0.37490050
v -0.71251452 0.44035819 -0.51328872
v -0.78843101 0.41937690 -0.40804913
v -0.70880178 0.51764302 -0.39950040
v -0.55759605 0.34461331 -0.76748424
v -0.64978342 0.40158824 -0.65240339
v -0.59973602 0.30218655 -0.72750934
v -0.53328747 0.41157429 -0.73022353
v -0.82759586 0.30469238 -0.47762278
v -0.74247994 0.38922985 -0.55694819
v -0.82008539 0.36775506 -0.44908688
v -0.77738582 0.27580429 -0.53632896
v -0.76606521 0.40484547 -0.48214309
v -0.60830365 0.61721467 -0.46259904
v -0.65777160 0.48766302 -0.54264998
v -0.65185087 0.56135568 -0.42622079
v -0.56166381 0.58629995 -0.52180171
v -0.68891414 0.50653183 -0.47449327
v -0.69386980 0.22561185 -0.66266152
v -0.70491031 0.36567613 -0.62617957
v -0.64171617 0.26131229 -0.68922925
v -0.73249141 0.24941033 -0.59711372
v -0.65539067 0.33566131 -0.68088015
v -0.74531510 0.32213094 -0.58367313
v -0.47886719 0.53286235 -0.64590756
v -0.61663744 0.46216641 -0.60773476
v -0.50873748 0.47655941 -0.69191395
v -0.51796718 0.55753635 -0.58199144
v -0.57584776 0.43722420 -0.66867920
v -0.59116287 0.52612967 -0.56632240
v -0.55797342 -0.25480243 -0.90281996
v -0.57572905 -0.08618638 -0.93154917
v -0.61826094 -0.21605725 -0.87781602
v -0.50344404 -0.21968898 -0.96256939
v -0.49964083 0.22816445 -0.80843584
v -0.54284690 0.08126393 -0.87834473
v -0.56079845 0.19597643 -0.79622993
v -0.44504676 0.19420603 -0.85091560
v -0.73439544 -0.13427526 -0.81864871
v -0.62644813 -0.04435642 -0.89151161
v -0.67796954 -0.17582529 -0.85023872
v -0.73353105 -0.04470080 -0.81704157
v -0.63383111 -0.13214876 -0.90131673
v -0.35530235 -0.13128411 -0.99973559
v -0.49628441 -0.04415241 -0.94588524
v -0.43434361 -0.17743129 -0.99714513
v -0.34799075 -0.04301402 -0.98064977
v -0.50789793 -0.13197221 -0.96904987
v -0.68448834 0.12515035 -0.76301603
v -0.60437665 0.04279362 -0.86010121
v -0.62607899 0.16236794 -0.78516301
v -0.70738752 0.04310763 -0.78792166
v -0.58746549 0.12248190 -0.83538417
v -0.66994203 0.00000000 -0.84272548
v -0.32728142 0.12093039 -0.92089141
v -0.48235492 0.04291316 -0.91933656
v -0.38736548 0.15824051 -0.88929501
v -0.34070081 0.04211294 -0.96010645
v -0.46760928 0.12150361 -0.89218065
v -0.41758890 0.00000000 -0.95406564
v -0.59237480 0.84830538 0.04208394
v -0.67154335 0.76204526 0.12396123
v -0.58709558 0.87992123 0.11329372
v -0.62741265 0.79882955 0.00000000
v -0.74112668 0.52325937 0.25817418
v -0.72738201 0.65548621 0.19917335
v -0.54085476 0.89070802 0.25447017
v -0.65974259 0.77951727 0.19486418
v -0.56421195 0.88588763 0.18396903
v -0.62625747 0.83182688 0.15518497
v -0.64303419 0.65069555 -0.07395030
v -0.68323028 0.69137055 0.07857294
v -0.62556572 0.70933941 -0.03847017
v -0.66097225 0.74948747 0.04064755
v -0.81980167 0.06269500 0.48271794
v -0.81193211 0.18380458 0.43159454
v -0.75814125 0.40528313 0.31375268
v -0.79437207 0.29953645 0.37653619
v -0.39488658 0.81095989 0.50120078
v -0.57670339 0.80054271 0.49476260
v -0.44023919 0.85062854 0.45246059
v -0.76217471 0.55373854 0.34222924
v -0.69275470 0.68997268 0.42642657
v -0.74775723 0.61642776 0.31059695
v -0.52582137 0.91111147 0.33543996
v -0.59491222 0.79309063 0.41576146
v -0.49034465 0.89542693 0.40154086
v -0.58073378 0.84174871 0.29863924
v -0.53838933 0.85543347 0.45207427
v -0.69228960 0.72489322 0.23569912
v -0.66176964 0.74497518 0.38646000
v -0.72238187 0.67258336 0.27388167
v -0.65133325 0.79900358 0.27205746
v -0.70721291 0.68073763 0.34864287
v -0.62194507 0.79418603 0.34325333
v -0.79295526 0.49007330 -0.22379537
v -0.84021573 0.51928188 -0.07773626
v -0.79270609 0.55831655 -0.19510910
v -0.76065143 0.47010844 0.21467828
v -0.79894697 0.49377639 0.07391810
v -0.73349718 0.51661470 0.18053599
v -0.69216744 0.62093131 -0.11352972
v -0.77830745 0.54690173 -0.03872404
v -0.74439628 0.59357213 -0.15393758
v -0.68895428 0.61853568 -0.03769307
v -0.79750611 0.56082858 -0.11692831
v -0.69809627 0.62624996 0.11450217
v -0.76613902 0.53835121 0.03811861
v -0.71248735 0.56812834 0.14733896
v -0.68051429 0.61095834 0.03723132
v -0.75344255 0.52984185 0.11046783
v -0.73086245 0.58101421 0.00000000
v -0.60170595 -0.86166798 0.04274685
v -0.67760862 -0.76892793 0.12508083
v -0.56879771 -0.85249694 0.10976272
v -0.66466593 -0.84626089 0.00000000
v -0.77071383 -0.54414885 0.26848098
v -0.72793453 -0.65598412 0.19932465
v -0.49273468 -0.81146134 0.23182985
v -0.63784293 -0.75364178 0.18839581
v -0.52973758 -0.83175829 0.17272818
v -0.60721591 -0.80653491 0.15046652
v -0.77704452 -0.78630252 -0.08936177
v -0.73197665 -0.74069770 0.08417887
v -0.72605648 -0.82328756 -0.04465001
v -0.70017367 -0.79393861 0.04305831
v -0.85191089 -0.06515057 0.50162458
v -0.83300537 -0.18857513 0.44279634
v -0.83727216 -0.44758451 0.34650058
v -0.83943574 -0.31652876 0.39789659
v -0.37490050 -0.76991544 0.47583391
v -0.51328872 -0.71251452 0.44035819
v -0.40804913 -0.78843101 0.41937690
v -0.76748424 -0.55759605 0.34461331
v -0.65240339 -0.64978342 0.40158824
v -0.72750934 -0.59973602 0.30218655
v -0.47762278 -0.82759586 0.30469238
v -0.55694819 -0.74247994 0.38922985
v -0.44908688 -0.82008539 0.36775506
v -0.53632896 -0.77738582 0.27580429
v -0.48214309 -0.76606521 0.40484547
v -0.66266152 -0.69386980 0.22561185
v -0.62617957 -0.70491031 0.36567613
v -0.68922925 -0.64171617 0.26131229
v -0.59711372 -0.73249141 0.24941033
v -0.68088015 -0.65539067 0.33566131
v -0.58367313 -0.74531510 0.32213094
v -0.90281996 -0.55797342 -0.25480243
v -0.93154917 -0.57572905 -0.08618638
v -0.87781602 -0.61826094 -0.21605725
v -0.80843584 -0.49964083 0.22816445
v -0.87834473 -0.54284690 0.08126393
v -0.79622993 -0.56079845 0.19597643
v -0.81864871 -0.73439544 -0.13427526
v -0.89151161 -0.62644813 -0.04435642
v -0.85023872 -0.67796954 -0.17582529
v -0.81704157 -0.73353105 -0.04470080
v -0.90131673 -0.63383111 -0.13214876
v -0.76301603 -0.68448834 0.12515035
v -0.86010121 -0.60437665 0.04279362
v -0.78516301 -0.62607899 0.16236794
v -0.78792166 -0.70738752 0.04310763
v -0.83538417 -0.58746549 0.12248190
v -0.84272548 -0.66994203 0.00000000
v -0.06809324 -0.52428156 0.89038932
v -0.20057348 -0.47096987 0.88600648
v -0.10817272 -0.56055823 0.84014785
v -0.07001937 -0.47380186 0.94994060
v -0.41773460 -0.32339207 0.78143355
v -0.32226926 -0.40511276 0.85465956
v -0.17202592 -0.58242013 0.68815710
v -0.23134001 -0.49169355 0.80974676
v -0.13953566 -0.56310381 0.74794299
v -0.17255483 -0.52920593 0.83092353
v -0.07084229 -0.33980060 1.01496632
v -0.20420068 -0.41310694 0.93194648
v -0.07036280 -0.40702624 0.98303374
v -0.13869429 -0.44463010 0.94407877
v -0.78105404 -0.03874764 0.54541294
v -0.69833463 -0.11359748 0.61539912
v -0.81712851 -0.10520888 0.54519941
v -0.50766250 -0.25047875 0.71903581
v -0.60924836 -0.18512371 0.67607265
v -0.79550482 -0.22727117 0.48304558
v -0.71903918 -0.17974584 0.60855710
v -0.81284883 -0.16880133 0.51769436
v -0.77082265 -0.14380407 0.58032922
v -0.32732106 -0.72897287 0.52961659
v -0.39608604 -0.64346475 0.64088068
v -0.30186239 -0.72672893 0.59909268
v -0.39950040 -0.70880178 0.51764302
v -0.44666495 -0.35191884 0.72271907
v -0.42231544 -0.49225778 0.68332073
v -0.39089302 -0.38033463 0.73488116
v -0.21442696 -0.62980952 0.65947062
v -0.34424670 -0.58948406 0.66360100
v -0.25787385 -0.68016014 0.63327225
v -0.23646008 -0.56610951 0.69445792
v -0.32864887 -0.66665561 0.64169863
v -0.54264998 -0.65777160 0.48766302
v -0.46259904 -0.60830365 0.61721467
v -0.47449327 -0.68891414 0.50653183
v -0.42622079 -0.65185087 0.56135568
v -0.28702989 -0.44993581 0.77962156
v -0.36242318 -0.51859058 0.69134456
v -0.33788044 -0.41260526 0.75346567
v -0.25657356 -0.49893289 0.72318182
v -0.37876334 -0.45108106 0.71671152
v -0.30077304 -0.54497449 0.69589928
v -0.06886956 -0.04256373 1.02870739
v -0.21918154 -0.13546164 1.07324510
v -0.07066473 -0.11692997 1.05044463
v -0.44549767 -0.27533270 0.85462345
v -0.34723704 -0.21460429 0.98548589
v -0.39271416 -0.31308706 0.88506869
v -0.07349934 -0.27308299 1.06731238
v -0.21322614 -0.20617650 1.03334251
v -0.07306664 -0.19702109 1.07671086
v -0.14123374 -0.30887733 1.00976524
v -0.14754801 -0.16780238 1.08446880
v -0.27046248 -0.37946453 0.91822974
v -0.28231800 -0.24844210 1.00042565
v -0.33276162 -0.34745570 0.90430048
v -0.21150825 -0.35247320 0.98370925
v -0.33951502 -0.28190794 0.94359055
v -0.21214223 -0.27869173 1.00632826
v -0.78788246 -0.48693814 0.38364931
v -0.70620441 -0.43645833 0.50874297
v -0.79020382 -0.42031988 0.40896663
v -0.73022353 -0.53328747 0.41157429
v -0.51368209 -0.31747299 0.70704036
v -0.64060334 -0.39591464 0.64318629
v -0.56648231 -0.28543114 0.68717094
v -0.50364539 -0.38869748 0.68963502
v -0.80377051 -0.29592070 0.46387268
v -0.70687183 -0.37056303 0.53023787
v -0.80171469 -0.35951700 0.43902690
v -0.76052714 -0.26982310 0.52469793
v -0.75790770 -0.40053444 0.47700895
v -0.60773476 -0.61663744 0.46216641
v -0.64590756 -0.47886719 0.53286235
v -0.66867920 -0.57584776 0.43722420
v -0.56632240 -0.59116287 0.52612967
v -0.69191395 -0.50873748 0.47655941
v -0.66547517 -0.21637934 0.63554401
v -0.68872497 -0.35727989 0.61180196
v -0.61625240 -0.25094322 0.66188012
v -0.74191132 -0.25261777 0.60479267
v -0.62844481 -0.32186086 0.65288631
v -0.72680890 -0.31413242 0.56918051
v -0.49017853 -0.54544912 0.66116457
v -0.61350510 -0.45981873 0.60464764
v -0.49593466 -0.46456638 0.67450134
v -0.52180171 -0.56166381 0.58629995
v -0.57198645 -0.43429243 0.66419542
v -0.58199144 -0.51796718 0.55753635
v -0.06381012 0.49130382 0.83438310
v -0.18550744 0.43559305 0.81945425
v -0.10374156 0.53759565 0.80573223
v -0.06411581 0.43385410 0.86984804
v -0.48695100 0.37697642 0.91091292
v -0.32690267 0.41093725 0.86694740
v -0.18113797 0.61327040 0.72460816
v -0.22378779 0.47564196 0.78331217
v -0.14363588 0.57965050 0.76992114
v -0.16624359 0.50985007 0.80053227
v -0.06382474 0.30614036 0.91442497
v -0.18528392 0.37483751 0.84561275
v -0.06429734 0.37193949 0.89829360
v -0.12694693 0.40697008 0.86411561
v -0.76797422 0.03809876 0.53627925
v -0.69792650 0.11353109 0.61503946
v -0.77295437 0.09952126 0.51572581
v -0.73494063 0.00000000 0.57723334
v -0.59057630 0.29138810 0.83647208
v -0.67680888 0.20565237 0.75104342
v -0.76464868 0.21845574 0.46430914
v -0.72233235 0.18056906 0.61134427
v -0.77186517 0.16029040 0.49159232
v -0.72320278 0.13492014 0.54447765
v -0.65286532 -0.07419689 0.64517841
v -0.68301038 0.07762282 0.67496855
v -0.69621722 -0.03775850 0.61399327
v -0.68587611 0.03719767 0.60487346
v -0.34041229 0.75812819 0.55079865
v -0.41152147 0.66854049 0.66585572
v -0.29329381 0.70610020 0.58208700
v -0.43175964 0.76603680 0.55944215
v -0.53807333 0.42393776 0.87062093
v -0.47801718 0.55718465 0.77344805
v -0.45719130 0.44484213 0.85952231
v -0.21762145 0.63919232 0.66929531
v -0.36370719 0.62280799 0.70111481
v -0.25226737 0.66537266 0.61950417
v -0.24071781 0.57630295 0.70696241
v -0.32863063 0.66661861 0.64166302
v -0.60282330 0.73071052 0.54173896
v -0.50757945 0.66745153 0.67722900
v -0.53191441 0.77228356 0.56783013
v -0.46924973 0.71765819 0.61802710
v -0.29832083 0.46763501 0.81028966
v -0.39707575 0.56817487 0.75744648
v -0.37670703 0.46001864 0.84004807
v -0.26695382 0.51911833 0.75243976
v -0.42652640 0.50796358 0.80709076
v -0.31457800 0.56998787 0.72783985
v -0.06654137 0.04112483 0.99393110
v -0.20441835 0.12633749 1.00095560
v -0.06410435 0.10607441 0.95292334
v -0.13915963 0.00000000 1.03287893
v -0.49237825 0.30430649 0.94455712
v -0.34714029 0.21454450 0.98521131
v -0.41306147 0.32930873 0.93092588
v -0.06328692 0.23513926 0.91901383
v -0.19949769 0.19290195 0.96681135
v -0.06283958 0.16944426 0.92600478
v -0.12505673 0.27349829 0.89410598
v -0.13084324 0.14880449 0.96168974
v -0.28974558 -0.08893759 1.04830936
v -0.28618991 0.08784618 1.03544481
v -0.21965518 -0.04522172 1.07307618
v -0.21178278 0.04360098 1.03461736
v -0.25792239 0.36187053 0.87565571
v -0.27121743 0.23867351 0.96108952
v -0.33434220 0.34910607 0.90859581
v -0.18892768 0.31484325 0.87868870
v -0.34049008 0.28271756 0.94630046
v -0.19441990 0.25540987 0.92225975
v -0.76285050 0.47146754 0.37146032
v -0.74518799 0.46055150 0.53682637
v -0.75592997 0.40208917 0.39122835
v -0.75265666 0.54967055 0.42421823
v -0.59061068 0.36501747 0.81292611
v -0.69042779 0.42670784 0.69321164
v -0.64748931 0.32624780 0.78543642
v -0.58552224 0.45188742 0.80174791
v -0.75517367 0.27802902 0.43582643
v -0.75418997 0.39536859 0.56573210
v -0.75169240 0.33708525 0.41163420
v -0.74167350 0.26313412 0.51169055
v -0.76967756 0.40675450 0.48441661
v -0.66000152 0.66966985 0.50191391
v -0.71199278 0.52786188 0.58738149
v -0.71632088 0.61687544 0.46837531
v -0.62473546 0.65213809 0.58039707
v -0.73159339 0.53791223 0.50388884
v -0.71919237 0.23384549 0.68684516
v -0.72108778 0.37406828 0.64055020
v -0.68539836 0.27910005 0.73614569
v -0.74434693 0.25344709 0.60677813
v -0.69154313 0.35417696 0.71843866
v -0.75525579 0.32642738 0.59145791
v -0.54633585 0.60793852 0.73691092
v -0.67062223 0.50262771 0.66094015
v -0.57353231 0.53725592 0.78003887
v -0.59642949 0.64199265 0.67015223
v -0.62385807 0.47367701 0.72442917
v -0.64679800 0.57564444 0.61961976
v -0.49621280 -0.22659902 0.80288918
v -0.53848246 -0.08061058 0.87128293
v -0.53141182 -0.18570699 0.75450635
v -0.46516740 -0.20298611 0.88938563
v -0.54651332 0.24956910 0.88427713
v -0.55942807 0.08374613 0.90517364
v -0.60341915 0.21087064 0.85674343
v -0.49550746 0.21622567 0.94739488
v -0.60661160 -0.11091154 0.67620491
v -0.58728904 -0.04158372 0.83578348
v -0.56679127 -0.14699221 0.71081052
v -0.62658048 -0.03818332 0.69791497
v -0.56899794 -0.11863156 0.80912306
v -0.35421745 -0.13088324 0.99668293
v -0.49359418 -0.04391307 0.94075784
v -0.41581398 -0.16986185 0.95460570
v -0.35870511 -0.04433839 1.01084320
v -0.47862558 -0.12436608 0.91319934
v -0.67716293 0.12381099 0.75485022
v -0.59427902 0.04207865 0.84573107
v -0.64243043 0.16660854 0.80566927
v -0.66297052 0.04040090 0.73844792
v -0.60439143 0.12601082 0.85945309
v -0.63057162 0.00000000 0.79320113
v -0.36574373 0.13514220 1.02911512
v -0.49547266 0.04408019 0.94433810
v -0.43641470 0.17827734 1.00189984
v -0.36861370 0.04556316 1.03876593
v -0.49173420 0.12777223 0.93821009
v -0.42692139 0.00000000 0.97538758
v -0.93083383 0.00000000 -0.48979325
v -0.97131296 0.00000000 -0.35014277
v -0.92033403 0.06783709 -0.45903499
v -0.96085648 -0.07082397 -0.47924637
v -0.97856020 0.00000000 -0.06782151
v -0.97849817 0.00000000 -0.20609583
v -0.87600076 0.19194230 -0.38830770
v -0.95106417 0.06638207 -0.31840679
v -0.89782179 0.13189869 -0.42284458
v -0.94101216 0.06735501 -0.38962716
v -0.99417917 -0.21783661 -0.44069303
v -0.98854311 -0.06899801 -0.33095437
v -0.98523820 -0.14474101 -0.46401484
v -0.97672745 -0.06991141 -0.40441511
v -0.87679619 0.00000000 0.46135931
v -0.90503466 0.00000000 0.32625050
v -0.88215118 0.06502266 0.43999053
v -0.86223226 -0.06355446 0.43005558
v -1.00823423 0.00000000 0.06987814
v -0.96033897 0.00000000 0.20227106
v -0.85964232 0.18835797 0.38105644
v -0.90648180 0.06327032 0.30348106
v -0.87484225 0.12852278 0.41202197
v -0.90198554 0.06456159 0.37346814
v -0.87945178 -0.19269846 0.38983744
v -0.92830706 -0.06479367 0.31078794
v -0.86358774 -0.12686938 0.40672147
v -0.88777570 -0.06354449 0.36758454
v -0.83529936 0.43542442 -0.26910709
v -0.90759472 0.31979200 -0.19764232
v -0.85392878 0.37889706 -0.30207152
v -0.83756399 0.43806359 -0.19115877
v -1.00619719 0.06736256 -0.04163235
v -0.97679474 0.19948414 -0.12328798
v -0.98181621 0.06604801 -0.10929061
v -0.89435800 0.26343111 -0.36959937
v -0.94209916 0.26585839 -0.23395751
v -0.88700418 0.32639698 -0.34081001
v -0.90782036 0.19519131 -0.32528143
v -0.89819869 0.32318249 -0.26834663
v -0.86913213 0.45601380 -0.04056970
v -0.91859501 0.32646529 -0.12062883
v -0.84421374 0.44246888 -0.11497113
v -0.88485713 0.38543240 -0.15745084
v -0.95275723 0.06561062 -0.24377286
v -0.97204520 0.20057768 -0.19394622
v -0.95920619 0.06509266 -0.17551959
v -0.92639289 0.12957263 -0.28337454
v -0.98226400 0.13364248 -0.15198800
v -0.94440297 0.19908787 -0.26154220
v -0.93064512 -0.48512621 -0.29982449
v -1.01487058 -0.35759077 -0.22100325
v -0.95253319 -0.42264886 -0.33695217
v -0.96256939 -0.50344404 -0.21968898
v -0.97436544 -0.06523150 -0.04031528
v -1.00713120 -0.20567955 -0.12711695
v -0.98512282 -0.06627045 -0.10965869
v -0.98800510 -0.29101465 -0.40829965
v -1.02076522 -0.28805779 -0.25349316
v -0.97250934 -0.35786090 -0.37366331
v -1.01395273 -0.21801093 -0.36330976
v -1.00525989 -0.36170438 -0.30033233
v -0.94588524 -0.49628441 -0.04415241
v -0.99973559 -0.35530235 -0.13128411
v -0.96904987 -0.50789793 -0.13197221
v -0.99714513 -0.43434361 -0.17743129
v -0.99821069 -0.06874073 -0.25540260
v -1.01124878 -0.20866718 -0.20176827
v -0.99842416 -0.06775403 -0.18269586
v -1.00445677 -0.14049126 -0.30725352
v -1.00742172 -0.13706533 -0.15588071
v -1.01675025 -0.21433927 -0.28157799
v -0.79280153 0.41327117 0.25541563
v -0.91497180 0.32239132 0.19924879
v -0.81335688 0.36089489 0.28771949
v -0.81491536 0.42621788 0.18598963
v -0.99943352 0.06690975 0.04135250
v -0.94677075 0.19335254 0.11949844
v -0.97582590 0.06564503 0.10862380
v -0.98459043 0.13265372 0.00000000
v -0.84296429 0.24829321 0.34836058
v -0.92488735 0.26100126 0.22968319
v -0.82856248 0.30489179 0.31835519
v -0.91341897 0.19639507 0.32728747
v -0.87110593 0.31343420 0.26025237
v -0.87359841 0.45835716 0.04077818
v -0.91309181 0.32450947 0.11990615
v -0.84193514 0.44127462 0.11466081
v -0.88415501 0.38698943 0.00000000
v -0.88514065 0.38555589 0.15750129
v -0.94156889 0.06484015 0.24091021
v -0.92100535 0.19004581 0.18376256
v -0.96402608 0.06541974 0.17640155
v -0.91233151 0.12760589 0.27907330
v -0.96083130 0.13072644 0.14867166
v -0.92095341 0.19414451 0.25504809
v -0.94280374 0.26058454 -0.07998659
v -0.92664731 0.25611902 0.07861590
v -0.96400642 0.19732895 -0.04062529
v -0.91632888 0.32516602 -0.04019273
v -0.96140384 0.19679621 0.04051561
v -0.90211277 0.32012132 0.03956917
v -0.84803939 -0.44206553 0.27321153
v -0.91081970 -0.32092833 0.19834461
v -0.87978220 -0.39036849 0.31121700
v -0.85091560 -0.44504676 0.19420603
v -0.99153805 -0.06638116 0.04102581
v -0.95862464 -0.19577338 0.12099460
v -1.00311434 -0.06748076 0.11166141
v -0.97094152 -0.13081481 0.00000000
v -0.87533362 -0.25782752 0.36173742
v -0.94531634 -0.26676627 0.23475645
v -0.87986705 -0.32377068 0.33806774
v -0.90587655 -0.19477337 0.32458494
v -0.91556534 -0.32943122 0.27353511
v -0.91933656 -0.48235492 0.04291316
v -0.92089141 -0.32728142 0.12093039
v -0.89218065 -0.46760928 0.12150361
v -0.95406564 -0.41758890 0.00000000
v -0.88929501 -0.38736548 0.15824051
v -0.94885654 -0.06534200 0.24277483
v -0.97070385 -0.20030090 0.19367859
v -0.97818141 -0.06638034 0.17899176
v -0.93055848 -0.13015526 0.28464876
v -0.98995053 -0.13468828 0.15317735
v -0.94496520 -0.19920639 0.26169790
v -0.99819725 -0.27589493 -0.08468613
v -0.94602705 -0.26147545 0.08026006
v -0.99314062 -0.20329263 -0.04185307
v -0.98064977 -0.34799075 -0.04301402
v -0.96203652 -0.19692572 0.04054227
v -0.96010645 -0.34070081 0.04211294
v -0.52655008 0.92182672 0.00000000
v -0.46389957 0.96088683 0.00000000
v -0.33772157 1.04929422 0.00000000
v -0.39779966 0.99428002 0.00000000
v -0.03461191 0.99999134 0.00000000
v -0.10684263 1.02566082 0.00000000
v -0.26348342 1.06657125 0.00000000
v -0.18246303 1.04420584 0.00000000
v 0.47698289 0.83504987 0.00000000
v 0.41938575 0.86868423 0.00000000
v 0.29871681 0.92810721 0.00000000
v 0.36048972 0.90102572 0.00000000
v 0.03326364 0.96103785 0.00000000
v 0.09773583 0.93823801 0.00000000
v 0.23263251 0.94168788 0.00000000
v 0.16416150 0.93946919 0.00000000
v -0.52435672 -0.91798682 0.00000000
v -0.45504941 -0.94255528 0.00000000
v -0.31464323 -0.97759028 0.00000000
v -0.38528457 -0.96299918 0.00000000
v -0.03426437 -0.98995032 0.00000000
v -0.10125034 -0.97197637 0.00000000
v -0.24241096 -0.98127068 0.00000000
v -0.17023823 -0.97424531 0.00000000
v 0.48887968 -0.85587747 0.00000000
v 0.42655817 -0.88354065 0.00000000
v 0.29791332 -0.92561076 0.00000000
v 0.35592067 -0.88960562 0.00000000
v 0.03494814 -1.00970567 0.00000000
v 0.10392945 -0.99769507 0.00000000
v 0.23557831 -0.95361237 0.00000000
v 0.16934576 -0.96913788 0.00000000
v -0.54104803 -0.89674011 0.03447383
v -0.50927624 -0.88659822 0.10124355
v -0.50780734 -0.91159380 0.03435565
v -0.43751984 -0.84579319 0.22308033
v -0.47069586 -0.86236210 0.16303344
v -0.44017403 -0.93767218 0.03413480
v -0.47621723 -0.90031762 0.10090596
v -0.47412559 -0.92527221 0.03425325
v -0.49241720 -0.90693477 0.06808033
v -0.31903403 -0.80140286 0.46145513
v -0.35251437 -0.82120231 0.40583866
v -0.42228658 -0.86437660 0.29303008
v -0.39128148 -0.85190000 0.35401493
v -0.29918695 -0.96753688 0.03348737
v -0.33639217 -0.93217248 0.09852349
v -0.33510982 -0.96406777 0.03374212
v -0.40791490 -0.86323010 0.22392264
v -0.37045982 -0.89269016 0.16085122
v -0.41969891 -0.86241705 0.19204534
v -0.40544141 -0.94867212 0.03407872
v -0.37180341 -0.92767331 0.09931020
v -0.37059626 -0.95762075 0.03392556
v -0.42467514 -0.93184896 0.06767662
v -0.35423489 -0.94739144 0.06695772
v -0.45725418 -0.88834769 0.13259137
v -0.38813880 -0.90551940 0.13097402
v -0.43722854 -0.87317468 0.16236441
v -0.44208870 -0.91182674 0.10065533
v -0.40365810 -0.88303988 0.16159877
v -0.40717051 -0.92095830 0.10012955
v -0.02095564 -0.56605800 0.86103850
v -0.06140888 -0.59917156 0.80870942
v -0.12991729 -0.62248945 0.66708121
v -0.09450612 -0.59439435 0.71433001
v -0.27930263 -0.76436372 0.50554270
v -0.25207263 -0.76213402 0.57322403
v -0.16890153 -0.66712522 0.63724133
v -0.21188627 -0.72176846 0.61312045
v -0.02076525 -1.00528730 0.03359887
v -0.06249007 -1.00426996 0.10111106
v -0.05498483 -0.99346497 0.03324359
v -0.14246536 -0.96084113 0.23051380
v -0.10349808 -0.98970739 0.16746341
v -0.12154140 -0.97007429 0.03264896
v -0.09695438 -0.99625099 0.10055469
v -0.08846474 -0.98023857 0.03287217
v -0.07593252 -0.99580146 0.06682727
v -0.28438393 -0.80955953 0.46014287
v -0.25230167 -0.85693435 0.40823268
v -0.30336630 -0.82583067 0.43589938
v -0.17939532 -0.92494487 0.29026773
v -0.21601084 -0.89126119 0.34951289
v -0.33609230 -0.84362357 0.37883472
v -0.26827350 -0.86459134 0.37912950
v -0.31950668 -0.83408287 0.40706429
v -0.28615600 -0.84633384 0.40802618
v -0.26127037 -0.96789995 0.03340800
v -0.22855279 -0.94514404 0.09747533
v -0.22523649 -0.96624766 0.03306650
v -0.28085670 -0.95236846 0.06602372
v -0.17833229 -0.96266694 0.23217992
v -0.20621489 -0.96503701 0.16577908
v -0.15898498 -0.97741629 0.20064253
v -0.15539086 -0.96495176 0.03259258
v -0.19587373 -0.95452924 0.09771165
v -0.18978342 -0.96442695 0.03277277
v -0.14234819 -0.96858648 0.06544215
v -0.20914362 -0.95436295 0.06523895
v -0.31798810 -0.91847003 0.12962957
v -0.24970550 -0.93714963 0.12991450
v -0.29963224 -0.93539273 0.09808793
v -0.26353351 -0.93908019 0.09768021
v -0.11812256 -0.99388020 0.13456136
v -0.18468480 -0.96689830 0.13220254
v -0.13881489 -0.98782248 0.16794578
v -0.13059730 -0.98275535 0.09970069
v -0.17321799 -0.97908838 0.16729732
v -0.16341284 -0.96766654 0.09862699
v -0.39994815 -0.87446066 0.26045877
v -0.33792842 -0.91219877 0.26576233
v -0.39105860 -0.88275518 0.29567943
v -0.37777653 -0.88202887 0.22644468
v -0.19747220 -0.94362323 0.26352798
v -0.26990149 -0.93671289 0.26713018
v -0.21523925 -0.92317652 0.29268848
v -0.21459417 -0.95969453 0.23394420
v -0.35603880 -0.86075135 0.35316249
v -0.32380775 -0.90957965 0.29775953
v -0.37600734 -0.87769094 0.32689869
v -0.32042841 -0.86813769 0.35208219
v -0.35817076 -0.89808947 0.29733770
v -0.33682757 -0.90314187 0.16138441
v -0.31634513 -0.92066342 0.23153661
v -0.35656395 -0.89101327 0.19337826
v -0.30381935 -0.91581358 0.16203898
v -0.34738265 -0.90155493 0.22908618
v -0.25027550 -0.88297868 0.34993886
v -0.28784422 -0.91709546 0.29696735
v -0.23271955 -0.90249138 0.32132723
v -0.28507380 -0.87528374 0.35090829
v -0.25159736 -0.92114650 0.29510603
v -0.30462105 -0.89346349 0.32507939
v -0.23899052 -0.94810046 0.16467327
v -0.28372005 -0.93799326 0.23349395
v -0.22846664 -0.96038296 0.20029506
v -0.27133698 -0.93101969 0.16318402
v -0.24992666 -0.95137110 0.23436447
v -0.29371954 -0.92611946 0.19715701
v 0.49595584 -0.82200371 0.03160070
v 0.46959914 -0.81752441 0.09335578
v 0.47653585 -0.85545658 0.03223998
v 0.41880752 -0.80961940 0.21353939
v 0.44414590 -0.81371992 0.15383742
v 0.41892970 -0.89241685 0.03248733
v 0.44869938 -0.84829344 0.09507518
v 0.45153577 -0.88118739 0.03262124
v 0.46296995 -0.85269878 0.06400903
v 0.29896220 -0.75098310 0.43242297
v 0.32921419 -0.76692322 0.37901390
v 0.39141247 -0.80118051 0.27160614
v 0.36099336 -0.78595655 0.32661152
v 0.28572149 -0.92399110 0.03198021
v 0.32762048 -0.90786535 0.09595441
v 0.31473764 -0.90545964 0.03169085
v 0.39124182 -0.82794650 0.21477004
v 0.37230408 -0.89713423 0.16165199
v 0.40517237 -0.83256722 0.18539830
v 0.38175263 -0.89324393 0.03208760
v 0.36444163 -0.90930519 0.09734384
v 0.34629759 -0.89483298 0.03170118
v 0.40962192 -0.89881826 0.06527773
v 0.33690481 -0.90104262 0.06368197
v 0.43393817 -0.84304964 0.12583036
v 0.38633600 -0.90131350 0.13036568
v 0.41943729 -0.83764435 0.15575765
v 0.42662515 -0.87993252 0.09713457
v 0.39670174 -0.86782219 0.15881389
v 0.39876717 -0.90195121 0.09806304
v 0.02116265 -0.57164967 0.86954407
v 0.06279958 -0.61274076 0.82702394
v 0.00000000 -0.58837515 0.84257772
v 0.14383320 -0.68916654 0.73853469
v 0.10375632 -0.65257327 0.78424816
v -0.04055861 -0.61689421 0.78543735
v 0.04151821 -0.63148967 0.80402047
v -0.02073993 -0.60715317 0.81940289
v 0.02084838 -0.61032810 0.82368773
v 0.27142323 -0.74280027 0.49128084
v 0.24471243 -0.73988066 0.55648660
v 0.18168555 -0.71761940 0.68547362
v 0.21547542 -0.73399455 0.62350615
v -0.11173571 -0.64596901 0.65366533
v -0.03691200 -0.64298289 0.65064364
v -0.09239200 -0.62149936 0.66583307
v 0.12070328 -0.69781259 0.70612659
v 0.03818649 -0.66518371 0.67310897
v 0.10186234 -0.68520411 0.73408210
v -0.05846865 -0.61314153 0.73644191
v -0.01900318 -0.63767263 0.68297026
v -0.07486807 -0.60953068 0.69141526
v -0.02009248 -0.63208920 0.75927241
v -0.05570125 -0.62564453 0.67014982
v 0.06213915 -0.65163284 0.78267368
v 0.01953955 -0.65567117 0.70224734
v 0.08225180 -0.66964451 0.75960480
v 0.02052088 -0.64556612 0.77546103
v 0.05995277 -0.67339814 0.72130039
v 0.00000000 -0.64485336 0.73120998
v 0.02087925 -1.01080657 0.03378334
v 0.06098830 -0.98013515 0.09868114
v 0.05564812 -1.00544934 0.03364461
v 0.00000000 -1.00864799 0.06752663
v 0.13697992 -0.92384520 0.22163817
v 0.10073103 -0.96324731 0.16298623
v 0.12270455 -0.97935788 0.03296141
v 0.09463967 -0.97246629 0.09815402
v 0.08962758 -0.99312354 0.03330426
v 0.07525808 -0.98695672 0.06623371
v -0.04135841 -0.99507336 0.13406609
v 0.04050589 -0.97456203 0.13130260
v -0.02081988 -1.00341248 0.10108243
v 0.02060342 -0.99298007 0.10003148
v 0.26783587 -0.76245195 0.43336755
v 0.24069166 -0.81750133 0.38944728
v 0.28447591 -0.77440681 0.40875625
v 0.17875280 -0.92163211 0.28922811
v 0.21374508 -0.88191264 0.34584680
v 0.31743836 -0.79680040 0.35780846
v 0.25661116 -0.82700596 0.36264804
v 0.30114840 -0.78615798 0.38367512
v 0.27183432 -0.80397608 0.38760507
v 0.25468508 -0.94350414 0.03256596
v 0.22672025 -0.93756586 0.09669377
v 0.22284134 -0.95597263 0.03271487
v 0.27192068 -0.92206694 0.06392305
v 0.16991748 -0.91724239 0.22122424
v 0.19793120 -0.92627130 0.15911970
v 0.15170263 -0.93264547 0.19145204
v 0.15603983 -0.96898173 0.03272870
v 0.19570484 -0.95370620 0.09762739
v 0.18944677 -0.96271618 0.03271464
v 0.14238236 -0.96881896 0.06545786
v 0.20953036 -0.95612772 0.06535959
v 0.31662639 -0.91453691 0.12907446
v 0.24450778 -0.91764249 0.12721028
v 0.29114935 -0.90891081 0.09531096
v 0.25808750 -0.91967377 0.09566161
v 0.11488927 -0.96667539 0.13087811
v 0.18119418 -0.94862355 0.12970386
v 0.13423422 -0.95522591 0.16240384
v 0.12867143 -0.96826296 0.09823044
v 0.16653635 -0.94132145 0.16084407
v 0.16273319 -0.96364196 0.09821680
v -0.12013022 -0.94135694 0.26018466
v -0.04005711 -0.94588396 0.26143590
v -0.10099753 -0.95593302 0.22950948
v 0.11697361 -0.91662130 0.25334790
v 0.03975702 -0.93879802 0.25947739
v 0.09905401 -0.93753777 0.22509298
v -0.06177683 -0.98375011 0.16680082
v -0.02026190 -0.95423486 0.22927243
v -0.08155482 -0.97043028 0.19841490
v -0.02040950 -0.97463627 0.16519767
v -0.06033728 -0.95334157 0.22900086
v 0.06066418 -0.96603203 0.16379662
v 0.02027551 -0.95487572 0.22942641
v 0.08050168 -0.95789881 0.19585270
v 0.02027544 -0.96823407 0.16411252
v 0.06011109 -0.94976778 0.22814241
v 0.00000000 -0.96150638 0.19681720
v 0.37663328 -0.82348421 0.24527539
v 0.32180187 -0.86866701 0.25307967
v 0.36270632 -0.81875423 0.27424227
v 0.36455499 -0.85115936 0.21851950
v 0.19273212 -0.92097269 0.25720231
v 0.26440352 -0.91763179 0.26168866
v 0.21496196 -0.92198721 0.29231141
v 0.20548017 -0.91893547 0.22400838
v 0.33333428 -0.80586141 0.33064139
v 0.30525426 -0.85746268 0.28069855
v 0.34831918 -0.81306016 0.30282676
v 0.30317737 -0.82139938 0.33312698
v 0.33324479 -0.83558925 0.27664525
v 0.34153983 -0.91577696 0.16364220
v 0.31162345 -0.90692183 0.22808075
v 0.35610359 -0.88986288 0.19312859
v 0.30522272 -0.92004381 0.16278745
v 0.33908238 -0.88001343 0.22361246
v 0.24294822 -0.85712785 0.33969376
v 0.27766016 -0.88464821 0.28646051
v 0.23124830 -0.89678584 0.31929581
v 0.27249309 -0.83665623 0.33542221
v 0.24827988 -0.90900057 0.29121486
v 0.28870433 -0.84677920 0.30809369
v 0.23107540 -0.91670033 0.15921946
v 0.27906371 -0.92259916 0.22966191
v 0.21819488 -0.91720453 0.19128988
v 0.26713321 -0.91659558 0.16065584
v 0.24279115 -0.92420906 0.22767327
v 0.29276409 -0.92310687 0.19651568
v -0.26038606 -0.78537129 0.48538615
v -0.18836273 -0.80553518 0.49784812
v -0.24412412 -0.77637186 0.51310638
v -0.24546200 -0.81143918 0.46164605
v -0.03859988 -0.83570705 0.51649536
v -0.11611778 -0.83455154 0.51578122
v -0.21537522 -0.77359408 0.58080099
v -0.17414186 -0.80825068 0.53357419
v -0.23091670 -0.77819527 0.54875702
v -0.20952238 -0.79225242 0.52327981
v -0.21405509 -0.86206256 0.41176636
v -0.17021708 -0.82008301 0.46723338
v -0.23025526 -0.83800368 0.43757058
v -0.20714063 -0.81368286 0.46328499
v 0.24840476 -0.74923354 0.46305179
v 0.18104534 -0.77424229 0.47850805
v 0.23266737 -0.73993672 0.48902629
v 0.23518082 -0.77745204 0.44231000
v 0.03739885 -0.80970417 0.50042470
v 0.11017407 -0.79183343 0.48937997
v 0.20248486 -0.72729394 0.54603965
v 0.16345286 -0.75863947 0.50082290
v 0.21740570 -0.73266284 0.51664909
v 0.19744865 -0.74659887 0.49312581
v 0.20582672 -0.82892449 0.39593787
v 0.16617281 -0.80059828 0.45613217
v 0.22128119 -0.80534295 0.42051651
v 0.20137797 -0.79104618 0.45039639
v -0.13184438 -0.67026001 0.63855053
v -0.09501407 -0.71334861 0.60252127
v -0.15082291 -0.69022585 0.62058561
v -0.09388749 -0.66984568 0.63834433
v -0.01953138 -0.80102271 0.52828804
v -0.05764423 -0.75604995 0.56533479
v -0.05815792 -0.81307422 0.53628931
v -0.19440705 -0.75003571 0.59899292
v -0.11449660 -0.73811147 0.58766402
v -0.17161587 -0.71707349 0.60790235
v -0.17613395 -0.77648959 0.58234770
v -0.13267810 -0.71380499 0.60398434
v -0.01863445 -0.66260743 0.63163085
v -0.05701327 -0.71311692 0.60268460
v -0.05593295 -0.66617491 0.63496971
v -0.07559610 -0.69229965 0.62129527
v -0.13657074 -0.81906321 0.54050711
v -0.09599055 -0.76342420 0.57117756
v -0.09763421 -0.82056460 0.54133541
v -0.15677957 -0.79971186 0.56281240
v -0.07730320 -0.78859323 0.55434436
v -0.13577510 -0.77171138 0.57809591
v -0.14013787 -0.92661480 0.29240371
v -0.10017340 -0.90253658 0.35745149
v -0.15912584 -0.91304548 0.32311121
v -0.10037668 -0.93143133 0.29373891
v -0.02045936 -0.85971201 0.49041251
v -0.05949375 -0.86516792 0.41571567
v -0.05928622 -0.85781532 0.48926878
v -0.19638992 -0.88241346 0.38342277
v -0.11805827 -0.88196639 0.38510652
v -0.17802189 -0.89883059 0.35372202
v -0.17466570 -0.86224534 0.41250604
v -0.13937246 -0.90357670 0.35676067
v -0.02021916 -0.93281703 0.29399342
v -0.05980910 -0.89724153 0.35498123
v -0.06035607 -0.93494191 0.29472422
v -0.08050092 -0.92064557 0.32694508
v -0.13366247 -0.83216501 0.47434002
v -0.09687903 -0.85926217 0.41252816
v -0.09716078 -0.84672332 0.48282318
v -0.15250974 -0.83831154 0.43891785
v -0.07813726 -0.85587269 0.44881895
v -0.13527647 -0.85965386 0.41196401
v 0.13921147 -0.70771225 0.67423093
v 0.09288031 -0.69732872 0.58899026
v 0.15611651 -0.71445146 0.64236697
v 0.09688450 -0.69122803 0.65872112
v 0.01925398 -0.78964572 0.52078472
v 0.05674293 -0.74422865 0.55649543
v 0.05597205 -0.78251479 0.51613286
v 0.00000000 -0.77052972 0.54143647
v 0.18743543 -0.72313872 0.57751247
v 0.11025482 -0.71076650 0.56589271
v 0.17213754 -0.71925322 0.60975023
v 0.16377467 -0.72200347 0.54148448
v 0.13099916 -0.70477233 0.59634137
v 0.01868706 -0.66447809 0.63341406
v 0.05582121 -0.69820664 0.59008331
v 0.05665170 -0.67473539 0.64312920
v 0.00000000 -0.68342286 0.61356963
v 0.07482284 -0.68521827 0.61494017
v 0.12838639 -0.76997875 0.50811584
v 0.09248363 -0.73553323 0.55031014
v 0.09248705 -0.77730539 0.51279684
v 0.14552697 -0.74231383 0.52241745
v 0.07465197 -0.76154716 0.53533223
v 0.12773669 -0.72602308 0.54387040
v -0.03804802 -0.73289773 0.58263219
v 0.03765085 -0.72524724 0.57655028
v -0.01910681 -0.75173083 0.56216243
v -0.01894127 -0.71071266 0.60059237
v 0.01904060 -0.74912618 0.56021461
v 0.01877938 -0.70463829 0.59545918
v 0.13827444 -0.91429353 0.28851559
v 0.10101305 -0.91010163 0.36044764
v 0.16020591 -0.91924279 0.32530433
v 0.09803238 -0.90967771 0.28687862
v 0.02023748 -0.85038821 0.48509386
v 0.06130271 -0.89147410 0.42835587
v 0.05771107 -0.83502443 0.47626963
v 0.00000000 -0.87724278 0.46026927
v 0.19224091 -0.86377127 0.37532244
v 0.12048773 -0.90011588 0.39303141
v 0.17871800 -0.90234524 0.35510516
v 0.17109706 -0.84462860 0.40407803
v 0.14073122 -0.91238579 0.36023878
v 0.02003054 -0.92411511 0.29125086
v 0.06001032 -0.90026024 0.35617554
v 0.05900146 -0.91395836 0.28810952
v 0.00000000 -0.90788145 0.32216838
v 0.07907945 -0.90438900 0.32117195
v 0.12991168 -0.80881309 0.46102926
v 0.09945849 -0.88214053 0.42351196
v 0.09407544 -0.81983567 0.46749116
v 0.15030169 -0.82617436 0.43256314
v 0.07850504 -0.85990116 0.45093148
v 0.13600490 -0.86428289 0.41418234
v -0.03947530 -0.87706659 0.38388687
v 0.04031588 -0.89574278 0.39206133
v -0.02011716 -0.87720917 0.42143669
v -0.01982288 -0.89160752 0.35281498
v 0.02038322 -0.88881083 0.42701046
v 0.01983396 -0.89210618 0.35301230
v -0.54813516 0.90848641 0.03492540
v -0.52888014 0.92072662 0.10514078
v -0.51983357 0.93318277 0.03516929
v -0.49311053 0.95325856 0.25142462
v -0.50614925 0.92731629 0.17531332
v -0.45217169 0.96322996 0.03506520
v -0.49537193 0.93653075 0.10496466
v -0.48629374 0.94901876 0.03513234
v -0.50798714 0.93561151 0.07023299
v -0.32632027 0.81970566 0.47199405
v -0.37036794 0.86279322 0.42639291
v -0.46133035 0.94429512 0.32012306
v -0.41390886 0.90116445 0.37448723
v -0.32698038 1.05741770 0.03659823
v -0.37391267 1.03614511 0.10951260
v -0.36201974 1.04148415 0.03645167
v -0.46064164 0.97481050 0.25286669
v -0.41854523 1.00856067 0.18172959
v -0.47335615 0.97267446 0.21659776
v -0.42086800 0.98476803 0.03537537
v -0.40872032 1.01978336 0.10917086
v -0.39230394 1.01371339 0.03591275
v -0.44348646 0.97312596 0.07067441
v -0.38572629 1.03161431 0.07291024
v -0.48612477 0.94443712 0.14096306
v -0.43116947 1.00590902 0.14549434
v -0.48035261 0.95929632 0.17837849
v -0.46527889 0.95965750 0.10593530
v -0.45266387 0.99024461 0.18121753
v -0.43797934 0.99064322 0.10770592
v -0.01955316 0.52817372 0.80341220
v -0.05874532 0.57318299 0.77363231
v -0.13744249 0.65854593 0.70572058
v -0.09818740 0.61754767 0.74215517
v -0.28034521 0.76721693 0.50742978
v -0.24106358 0.72884846 0.54818895
v -0.17468130 0.68995410 0.65904760
v -0.20823120 0.70931784 0.60254403
v -0.02009469 0.97282442 0.03251389
v -0.05950695 0.95632854 0.09628426
v -0.05492265 0.99234144 0.03320599
v -0.13613911 0.91817446 0.22027771
v -0.09813072 0.93838166 0.15877884
v -0.12772336 1.01941517 0.03430958
v -0.09484771 0.97460398 0.09836979
v -0.09102434 1.00860033 0.03382328
v -0.07501778 0.98380536 0.06602223
v -0.28436233 0.80949804 0.46010792
v -0.24737964 0.84021683 0.40026866
v -0.30724748 0.83639612 0.44147615
v -0.17359266 0.89502690 0.28087882
v -0.21058646 0.86888018 0.34073605
v -0.35112126 0.88134768 0.39577498
v -0.26901022 0.86696563 0.38017064
v -0.32982321 0.86101451 0.42020796
v -0.28810836 0.85210814 0.41081003
v -0.28548152 1.05759236 0.03650382
v -0.24588199 1.01680621 0.10486605
v -0.24419709 1.04758719 0.03585006
v -0.30895396 1.04764463 0.07262882
v -0.17272707 0.93240903 0.22488219
v -0.21010528 0.98324311 0.16890662
v -0.15350040 0.94369792 0.19372087
v -0.16540754 1.02715370 0.03469354
v -0.20732608 1.01033866 0.10342465
v -0.20386094 1.03596503 0.03520375
v -0.14873571 1.01204936 0.06837870
v -0.22502671 1.02684055 0.07019342
v -0.35451818 1.02398276 0.14452126
v -0.26805978 1.00603361 0.13946370
v -0.33199177 1.03641281 0.10868118
v -0.28812356 1.02670483 0.10679465
v -0.11466228 0.96476547 0.13061952
v -0.18981942 0.99378009 0.13587805
v -0.13413088 0.95449055 0.16227881
v -0.13179243 0.99174879 0.10061308
v -0.17186427 0.97143666 0.16598987
v -0.16945984 1.00347452 0.10227663
v -0.44002256 0.96208075 0.28655648
v -0.35231298 0.95102824 0.27707500
v -0.41681748 0.94090192 0.31515572
v -0.41945902 0.97934874 0.25142977
v -0.19256026 0.92015144 0.25697296
v -0.27224315 0.94483980 0.26944780
v -0.21164542 0.90776233 0.28780149
v -0.21199164 0.94805562 0.23110699
v -0.37204406 0.89944531 0.36903845
v -0.33220256 0.93316075 0.30547903
v -0.39358084 0.91871169 0.34217699
v -0.33178877 0.89891634 0.36456478
v -0.37303687 0.93536524 0.30967888
v -0.37676701 1.01023223 0.18052062
v -0.33208287 0.96646517 0.24305524
v -0.39834014 0.99540726 0.21603509
v -0.33243203 1.00206180 0.17729926
v -0.37493233 0.97305406 0.24725419
v -0.24978665 0.88125402 0.34925535
v -0.29207700 0.93058143 0.30133428
v -0.23073292 0.89478721 0.31858421
v -0.29096576 0.89337427 0.35816093
v -0.25183394 0.92201268 0.29538353
v -0.31207707 0.91533222 0.33303615
v -0.24931692 0.98906637 0.17178854
v -0.29131693 0.96310894 0.23974598
v -0.23110954 0.97149267 0.20261207
v -0.28967703 0.99394863 0.17421386
v -0.25184591 0.95867689 0.23616421
v -0.31104356 0.98074339 0.20878563
v 0.49688189 0.82353856 0.03165971
v 0.47931738 0.83444288 0.09528776
v 0.46769547 0.83958671 0.03164189
v 0.42908512 0.82948758 0.21877968
v 0.45660631 0.83654865 0.15815329
v 0.40848021 0.87015703 0.03167699
v 0.44945776 0.84972720 0.09523587
v 0.43814070 0.85504647 0.03165352
v 0.45876893 0.84496134 0.06342821
v 0.30839005 0.77466553 0.44605953
v 0.33971781 0.79139200 0.39110638
v 0.39969617 0.81813638 0.27735431
v 0.36995541 0.80546877 0.33472000
v 0.28728163 0.92903641 0.03215483
v 0.32472533 0.89984262 0.09510647
v 0.31816431 0.91531773 0.03203588
v 0.40039352 0.84731334 0.21979382
v 0.36553329 0.88081878 0.15871215
v 0.41426287 0.85124682 0.18955793
v 0.37839023 0.88537643 0.03180498
v 0.35598500 0.88820534 0.09508504
v 0.34847880 0.90046924 0.03190086
v 0.39782964 0.87294289 0.06339850
v 0.33645432 0.89983780 0.06359682
v 0.43891522 0.85271898 0.12727356
v 0.37687218 0.87923463 0.12717220
v 0.42722307 0.85319307 0.15864889
v 0.41872302 0.86363404 0.09533540
v 0.39680292 0.86804354 0.15885439
v 0.38743671 0.87632342 0.09527671
v 0.01956677 0.52854160 0.80397178
v 0.05889107 0.57460513 0.77555180
v 0.00000000 0.55053501 0.78838906
v 0.13521328 0.64786479 0.69427431
v 0.09774411 0.61475961 0.73880454
v -0.03902598 0.59358299 0.75575722
v 0.03919617 0.59617160 0.75905306
v -0.01954530 0.57218096 0.77220504
v 0.01959155 0.57353479 0.77403214
v 0.27567995 0.75444958 0.49898558
v 0.24171704 0.73082419 0.54967496
v 0.17141439 0.67705048 0.64672200
v 0.20686834 0.70467541 0.59860043
v -0.11743342 0.67890875 0.68699753
v -0.03876125 0.67519557 0.68324010
v -0.09784900 0.65820736 0.70515957
v 0.11617947 0.67165940 0.67966181
v 0.03897950 0.67899744 0.68708728
v 0.09743729 0.65543784 0.70219249
v -0.05867048 0.61525805 0.73898406
v -0.01955264 0.65611032 0.70271769
v -0.07821256 0.63675948 0.72230199
v -0.01954890 0.61498876 0.73873117
v -0.05838710 0.65581238 0.70246366
v 0.05891943 0.61786867 0.74211967
v 0.01962212 0.65844195 0.70521495
v 0.07831002 0.63755295 0.72320205
v 0.01961187 0.61696979 0.74111080
v 0.05867716 0.65907032 0.70595336
v 0.00000000 0.63687436 0.72216247
v 0.01966897 0.95221452 0.03182507
v 0.05888653 0.94635792 0.09528041
v 0.05214959 0.94223786 0.03152941
v 0.00000000 0.94687975 0.06339139
v 0.13764087 0.92830292 0.22270761
v 0.10000213 0.95627713 0.16180684
v 0.11819685 0.94337997 0.03175053
v 0.09284063 0.95398033 0.09628818
v 0.08484084 0.94008376 0.03152558
v 0.07192276 0.94321628 0.06329833
v -0.03888392 0.93553783 0.12604487
v 0.03935137 0.94678464 0.12756015
v -0.01953342 0.94141182 0.09483657
v 0.01948569 0.93911157 0.09460484
v 0.27664362 0.78752507 0.44761877
v 0.24610542 0.83588900 0.39820694
v 0.29273418 0.79688768 0.42062236
v 0.17526045 0.90362586 0.28357736
v 0.21293308 0.87856233 0.34453296
v 0.32419082 0.81374971 0.36541967
v 0.26216546 0.84490634 0.37049749
v 0.30860050 0.80561194 0.39316939
v 0.27747973 0.82067294 0.39565480
v 0.25394744 0.94077149 0.03247164
v 0.22693093 0.93843707 0.09678362
v 0.22098538 0.94801070 0.03244240
v 0.27362858 0.92785834 0.06432454
v 0.17043753 0.92004972 0.22190132
v 0.19876502 0.93017336 0.15979002
v 0.15207769 0.93495128 0.19192537
v 0.15267519 0.94808792 0.03202298
v 0.19480508 0.94932148 0.09717855
v 0.18701180 0.95034235 0.03229415
v 0.14029036 0.95458429 0.06449610
v 0.20826048 0.95033299 0.06496347
v 0.31184404 0.90072368 0.12712491
v 0.24581657 0.92255440 0.12789120
v 0.29223980 0.91231499 0.09566793
v 0.25969666 0.92540788 0.09625806
v 0.11393228 0.95862333 0.12978794
v 0.18067255 0.94589260 0.12933046
v 0.13357569 0.95053973 0.16160711
v 0.12732921 0.95816264 0.09720576
v 0.16646486 0.94091732 0.16077502
v 0.16152851 0.95650828 0.09748971
v -0.11515960 0.90240645 0.24941901
v -0.03931131 0.92827308 0.25656837
v -0.09640589 0.91247346 0.21907530
v 0.11763510 0.92180481 0.25478058
v 0.03973890 0.93836997 0.25935908
v 0.09914700 0.93841788 0.22530428
v -0.05832929 0.92885063 0.15749228
v -0.01987393 0.93596365 0.22488244
v -0.07742272 0.92126197 0.18836191
v -0.01954417 0.93331311 0.15819353
v -0.05830813 0.92128059 0.22129954
v 0.05996992 0.95497642 0.16192207
v 0.02008476 0.94589265 0.22726806
v 0.08000722 0.95201518 0.19464973
v 0.01979583 0.94533079 0.16023048
v 0.05987016 0.94596105 0.22722800
v 0.00000000 0.94172266 0.19276754
v 0.38503131 0.84184595 0.25074445
v 0.32370057 0.87379232 0.25457289
v 0.37015542 0.83556944 0.27987454
v 0.36993792 0.86372736 0.22174610
v 0.19015087 0.90863819 0.25375763
v 0.25823545 0.89622506 0.25558393
v 0.20955403 0.89879220 0.28495755
v 0.20414489 0.91296390 0.22255270
v 0.33979058 0.82147003 0.33704553
v 0.30902291 0.86804887 0.28416404
v 0.35502884 0.82872211 0.30866010
v 0.30918569 0.83767776 0.33972885
v 0.33997994 0.85247720 0.28223648
v 0.33260134 0.89181002 0.15935949
v 0.30586009 0.89014865 0.22386248
v 0.35240289 0.88061524 0.19112156
v 0.29901661 0.90133652 0.15947749
v 0.33838610 0.87820638 0.22315328
v 0.24590797 0.86756991 0.34383212
v 0.27666325 0.88147195 0.28543200
v 0.22840793 0.88577084 0.31537398
v 0.27796608 0.85346037 0.34215912
v 0.24355802 0.89171294 0.28567645
v 0.29363418 0.86123864 0.31335464
v 0.23180851 0.91960866 0.15972460
v 0.27208056 0.89951250 0.22391497
v 0.21803050 0.91651358 0.19114577
v 0.26528165 0.91024246 0.15954230
v 0.23817798 0.90664857 0.22334735
v 0.28578604 0.90110455 0.19183171
v -0.25866896 0.78019222 0.48218531
v -0.18591394 0.79506291 0.49137590
v -0.23958489 0.76193604 0.50356571
v -0.24131722 0.79773750 0.45385086
v -0.03786670 0.81983328 0.50668483
v -0.11460034 0.82364551 0.50904092
v -0.20673530 0.74256086 0.55750179
v -0.17047704 0.79124105 0.52234513
v -0.22257671 0.75008927 0.52893762
v -0.20429905 0.77250181 0.51023461
v -0.20656660 0.83190423 0.39736115
v -0.16969852 0.81758469 0.46580999
v -0.22395457 0.81507261 0.42559693
v -0.20392166 0.80103823 0.45608554
v 0.25709437 0.77544297 0.47925011
v 0.18690499 0.79930111 0.49399526
v 0.24040589 0.76454701 0.50529131
v 0.24191143 0.79970184 0.45496841
v 0.03781338 0.81867890 0.50597138
v 0.11370887 0.81723840 0.50508111
v 0.20626364 0.74086671 0.55622985
v 0.16973107 0.78777875 0.52005946
v 0.22343319 0.75297564 0.53097300
v 0.20522943 0.77601980 0.51255823
v 0.21065506 0.84836964 0.40522590
v 0.17100153 0.82386241 0.46938665
v 0.22656763 0.82458274 0.43056272
v 0.20680630 0.81236956 0.46253724
v -0.13747055 0.69886187 0.66579925
v -0.09822795 0.73747783 0.62290173
v -0.15621228 0.71488973 0.64276103
v -0.09787006 0.69825956 0.66542197
v -0.01957029 0.80261843 0.52934044
v -0.05878403 0.77099930 0.57651313
v -0.05760610 0.80535957 0.53120087
v -0.19073055 0.73585150 0.58766514
v -0.11733484 0.75640841 0.60223154
v -0.17403952 0.72720037 0.61648746
v -0.17265915 0.76117086 0.57085904
v -0.13698226 0.73696125 0.62357795
v -0.01957069 0.69589811 0.66336521
v -0.05871055 0.73434629 0.62062642
v -0.05840396 0.69560523 0.66302145
v -0.07824403 0.71654905 0.64305758
v -0.13426411 0.80522952 0.53137814
v -0.09733007 0.77407753 0.57914815
v -0.09620219 0.80852920 0.53339552
v -0.15378283 0.78442585 0.55205458
v -0.07745729 0.79016514 0.55544935
v -0.13594223 0.77266126 0.57880747
v -0.13465451 0.89035793 0.28096244
v -0.09893964 0.89142074 0.35304904
v -0.15293711 0.87753524 0.31054474
v -0.09714921 0.90148242 0.28429413
v -0.01991398 0.83679481 0.47733967
v -0.06027692 0.87655680 0.42118807
v -0.05813858 0.84121005 0.47979770
v -0.18878134 0.84822683 0.36856814
v -0.11723193 0.87579310 0.38241098
v -0.17100898 0.86342248 0.33978766
v -0.17020044 0.84020241 0.40196050
v -0.13481034 0.87399963 0.34508271
v -0.02013014 0.92871000 0.29269902
v -0.06025376 0.90391224 0.35762040
v -0.05927307 0.91816573 0.28943582
v -0.07920685 0.90584597 0.32168936
v -0.13412128 0.83502146 0.47596822
v -0.09839080 0.87267072 0.41896555
v -0.09671032 0.84279773 0.48058471
v -0.15259618 0.83878667 0.43916661
v -0.07855165 0.86041167 0.45119919
v -0.13505609 0.85825341 0.41129288
v 0.13522747 0.68745869 0.65493555
v 0.09778740 0.73417031 0.62010807
v 0.15329581 0.70154283 0.63076076
v 0.09745889 0.69532606 0.66262643
v 0.01958503 0.80322270 0.52973897
v 0.05894069 0.77305413 0.57804962
v 0.05757045 0.80486118 0.53087214
v 0.00000000 0.78679542 0.55286607
v 0.18872266 0.72810492 0.58147857
v 0.11616314 0.74885498 0.59621771
v 0.17113647 0.71507038 0.60620421
v 0.17058259 0.75201633 0.56399337
v 0.13489413 0.72572720 0.61407229
v 0.01964076 0.69838974 0.66574036
v 0.05896754 0.73756066 0.62334302
v 0.05869696 0.69909499 0.66634774
v 0.00000000 0.71653409 0.64329653
v 0.07834715 0.71749347 0.64390513
v 0.13302616 0.79780512 0.52647871
v 0.09686115 0.77034814 0.57635790
v 0.09562863 0.80370872 0.53021540
v 0.15206183 0.77564726 0.54587648
v 0.07734166 0.78898558 0.55462017
v 0.13418895 0.76269607 0.57134246
v -0.03905054 0.75220857 0.59798374
v 0.03922665 0.75560087 0.60068052
v -0.01956284 0.76967281 0.57557988
v -0.01956713 0.73419623 0.62043731
v 0.01961098 0.77156673 0.57699619
v 0.01963152 0.73661201 0.62247878
v 0.13722969 0.90738547 0.28633567
v 0.09871040 0.88935534 0.35223103
v 0.15625792 0.89658967 0.31728778
v 0.09843315 0.91339657 0.28805141
v 0.01986774 0.83485179 0.47623130
v 0.05949018 0.86511591 0.41569069
v 0.05775872 0.83571381 0.47666283
v 0.00000000 0.85256153 0.44731959
v 0.19343998 0.86915890 0.37766345
v 0.11744185 0.87736133 0.38309574
v 0.17526397 0.88490589 0.34824215
v 0.17383461 0.85814263 0.41054327
v 0.13694259 0.88782340 0.35054078
v 0.02012987 0.92869738 0.29269504
v 0.05952371 0.89296014 0.35328736
v 0.05949583 0.92161635 0.29052357
v 0.00000000 0.91765489 0.32563656
v 0.07902745 0.90379431 0.32096076
v 0.13367127 0.83221980 0.47437125
v 0.09753233 0.86505657 0.41531002
v 0.09591484 0.83586543 0.47663174
v 0.15387313 0.84580576 0.44284162
v 0.07771222 0.85121702 0.44637753
v 0.13589786 0.86360269 0.41385637
v -0.04012308 0.89145902 0.39018635
v 0.03963747 0.88066977 0.38546397
v -0.02000870 0.87247985 0.41916459
v -0.02012545 0.90521668 0.35820021
v 0.01988863 0.86724451 0.41664938
v 0.01999369 0.89929043 0.35585516
v 0.00000000 -0.52655008 0.92182672
v 0.00000000 -0.46389957 0.96088683
v 0.00000000 -0.33772157 1.04929422
v 0.00000000 -0.39779966 0.99428002
v 0.00000000 -0.03461191 0.99999134
v 0.00000000 -0.10684263 1.02566082
v 0.00000000 -0.26348342 1.06657125
v 0.00000000 -0.18246303 1.04420584
v 0.00000000 0.47698289 0.83504987
v 0.00000000 0.41938575 0.86868423
v 0.00000000 0.29871681 0.92810721
v 0.00000000 0.36048972 0.90102572
v 0.00000000 0.03326364 0.96103785
v 0.00000000 0.09773583 0.93823801
v 0.00000000 0.23263251 0.94168788
v 0.00000000 0.16416150 0.93946919
v -0.55583498 -0.92124818 -0.03541601
v -0.54572456 -0.95005104 -0.10848943
v -0.52049844 -0.93437632 -0.03521427
v -0.49375866 -0.95451148 -0.25175508
v -0.52451555 -0.96096519 -0.18167480
v -0.44865823 -0.95574548 -0.03479273
v -0.50972606 -0.96366809 -0.10800616
v -0.48463586 -0.94578335 -0.03501256
v -0.51594474 -0.95026783 -0.07133319
v -0.34924361 -0.87728831 -0.50515067
v -0.38580631 -0.89875779 -0.44416662
v -0.45851441 -0.93853118 -0.31816904
v -0.42218927 -0.91919259 -0.38197899
v -0.30508845 -0.98662166 -0.03414791
v -0.35831871 -0.99293285 -0.10494540
v -0.34078047 -0.98038148 -0.03431310
v -0.46073691 -0.97501211 -0.25291899
v -0.41574778 -1.00181971 -0.18051496
v -0.47612903 -0.97837231 -0.21786657
v -0.41232803 -0.96478579 -0.03465756
v -0.39623294 -0.98862654 -0.10583543
v -0.37652855 -0.97294979 -0.03446862
v -0.44186499 -0.96956803 -0.07041601
v -0.36751034 -0.98289628 -0.06946705
v -0.50093908 -0.97321817 -0.14525881
v -0.42602219 -0.99390052 -0.14375744
v -0.48972386 -0.97801135 -0.18185850
v -0.47251876 -0.97459004 -0.10758368
v -0.45338078 -0.99181290 -0.18150453
v -0.43450273 -0.98277966 -0.10685097
v -0.02188830 -0.59125098 -0.89935989
v -0.06705016 -0.65421399 -0.88300088
v -0.15559320 -0.74551374 -0.79891829
v -0.11228120 -0.70619035 -0.84868398
v -0.31220028 -0.85439428 -0.56508803
v -0.27451007 -0.82997293 -0.62424772
v -0.19663928 -0.77668345 -0.74189190
v -0.23607600 -0.80416826 -0.68311659
v -0.02031727 -0.98359994 -0.03287404
v -0.06106137 -0.98130945 -0.09879937
v -0.05400437 -0.97574999 -0.03265080
v -0.14939570 -1.00758199 -0.24172732
v -0.10506659 -1.00470641 -0.17000131
v -0.12254245 -0.97806409 -0.03291786
v -0.09645500 -0.99111959 -0.10003676
v -0.08792046 -0.97420772 -0.03266992
v -0.07454959 -0.97766542 -0.06561018
v -0.31549943 -0.89813644 -0.51048881
v -0.28314074 -0.96167825 -0.45813135
v -0.33405218 -0.90936447 -0.47999114
v -0.19678756 -1.01461755 -0.31840895
v -0.24393867 -1.00649146 -0.39470105
v -0.37090710 -0.93101201 -0.41807707
v -0.30167650 -0.97224245 -0.42633528
v -0.35254616 -0.92033356 -0.44915792
v -0.31843624 -0.94180575 -0.45405416
v -0.26751778 -0.99104403 -0.03420684
v -0.24262115 -1.00332149 -0.10347533
v -0.23127681 -0.99216016 -0.03395326
v -0.29312611 -0.99397331 -0.06890801
v -0.18739898 -1.01161042 -0.24398430
v -0.21574956 -1.00965701 -0.17344413
v -0.16413745 -1.00909292 -0.20714506
v -0.15851563 -0.98435606 -0.03324799
v -0.20625164 -1.00510270 -0.10288867
v -0.19476325 -0.98973309 -0.03363271
v -0.14594736 -0.99307647 -0.06709681
v -0.21914581 -1.00000487 -0.06835897
v -0.34716065 -1.00273141 -0.14152192
v -0.26796750 -1.00568729 -0.13941569
v -0.31927303 -0.99670738 -0.10451755
v -0.28068420 -1.00019527 -0.10403721
v -0.11926005 -1.00345100 -0.13585715
v -0.19254467 -1.00804787 -0.13782886
v -0.14168412 -1.00824024 -0.17141713
v -0.13283138 -0.99956693 -0.10140623
v -0.17855794 -1.00927163 -0.17245475
v -0.16959465 -1.00427281 -0.10235799
v -0.44305816 -0.96871790 -0.28853336
v -0.37188523 -1.00386127 -0.29246751
v -0.42556311 -0.96064384 -0.32176829
v -0.42520394 -0.99276192 -0.25487335
v -0.21274847 -1.01662108 -0.28391427
v -0.29408723 -1.02065127 -0.29106758
v -0.23757850 -1.01899116 -0.32306603
v -0.22726158 -1.01634491 -0.24775383
v -0.38942333 -0.94146105 -0.38627732
v -0.35542785 -0.99840086 -0.32683600
v -0.40758245 -0.95139479 -0.35434992
v -0.35540593 -0.96290237 -0.39051498
v -0.39126291 -0.98106585 -0.32480935
v -0.37603349 -1.00826541 -0.18016916
v -0.34916114 -1.01616829 -0.25555502
v -0.40269018 -1.00627754 -0.21839428
v -0.33543554 -1.01111540 -0.17890115
v -0.38794100 -1.00681517 -0.25583293
v -0.28271281 -0.99741841 -0.39529320
v -0.31740331 -1.01127315 -0.32746330
v -0.26131430 -1.01338244 -0.36080940
v -0.31990049 -0.98221476 -0.39377779
v -0.27810898 -1.01821068 -0.32620230
v -0.33789948 -0.99107019 -0.36059279
v -0.25471662 -1.01048756 -0.17550913
v -0.30865812 -1.02043983 -0.25401732
v -0.24126125 -1.01416640 -0.21151200
v -0.29475746 -1.01138075 -0.17726927
v -0.26795282 -1.01998949 -0.25126819
v -0.32260625 -1.01720139 -0.21654700
v 0.50892052 -0.84349155 -0.03242677
v 0.48630816 -0.84661313 -0.09667752
v 0.48187905 -0.86504845 -0.03260148
v 0.43498611 -0.84089511 -0.22178844
v 0.45286359 -0.82969160 -0.15685694
v 0.41016141 -0.87373837 -0.03180737
v 0.44934801 -0.84951972 -0.09521262
v 0.44705779 -0.87244847 -0.03229773
v 0.46700089 -0.86012296 -0.06456634
v 0.32949028 -0.82766861 -0.47657919
v 0.36026946 -0.83926823 -0.41476685
v 0.41247158 -0.84428632 -0.28621933
v 0.38415295 -0.83637973 -0.34756534
v 0.28959937 -0.93653171 -0.03241425
v 0.33144132 -0.91845324 -0.09707347
v 0.31934970 -0.91872792 -0.03215524
v 0.40798022 -0.86336832 -0.22395849
v 0.37100423 -0.89400201 -0.16108760
v 0.41756326 -0.85802860 -0.19106811
v 0.37631423 -0.88051889 -0.03163048
v 0.36056448 -0.89963146 -0.09630824
v 0.34722393 -0.89722665 -0.03178598
v 0.39644335 -0.86990099 -0.06317758
v 0.34027207 -0.91004827 -0.06431845
v 0.43466282 -0.84445748 -0.12604048
v 0.38036865 -0.88739181 -0.12835205
v 0.42515484 -0.84906269 -0.15788085
v 0.41592413 -0.85786120 -0.09469814
v 0.39932169 -0.87355359 -0.15986275
v 0.38751549 -0.87650161 -0.09529608
v 0.02149517 -0.58063180 -0.88320690
v 0.06374089 -0.62192524 -0.83942035
v 0.00000000 -0.61269059 -0.87739844
v 0.14477039 -0.69365704 -0.74334686
v 0.10494083 -0.66002323 -0.79320135
v -0.04445203 -0.67611293 -0.86083535
v 0.04286457 -0.65196768 -0.83009333
v -0.02203322 -0.64501372 -0.87049881
v 0.02161944 -0.63290037 -0.85415085
v 0.28877929 -0.79029836 -0.52269561
v 0.24973205 -0.75505732 -0.56790143
v 0.18202384 -0.71895555 -0.68674993
v 0.21593925 -0.73557451 -0.62484827
v -0.13368890 -0.77288532 -0.78209378
v -0.04433424 -0.77227352 -0.78147469
v -0.11198860 -0.75332115 -0.80705816
v 0.12471239 -0.72099013 -0.72958029
v 0.04277116 -0.74504568 -0.75392244
v 0.10480443 -0.70499487 -0.75528460
v -0.06724543 -0.70518076 -0.84698988
v -0.02218115 -0.74431303 -0.79718596
v -0.08976642 -0.73082406 -0.82900324
v -0.02213152 -0.69623542 -0.83632554
v -0.06704360 -0.75304339 -0.80661121
v 0.06393263 -0.67044051 -0.80526350
v 0.02176327 -0.73029067 -0.78216751
v 0.08450804 -0.68801350 -0.78044150
v 0.02171275 -0.68306123 -0.82050056
v 0.06377646 -0.71634638 -0.76730376
v 0.00000000 -0.71424220 -0.80989116
v 0.02060390 -0.99747620 -0.03333781
v 0.06126730 -0.98461897 -0.09913258
v 0.05569740 -1.00633969 -0.03367440
v 0.00000000 -0.97921033 -0.06555585
v 0.14058216 -0.94814006 -0.22746671
v 0.10124591 -0.96817094 -0.16381933
v 0.12494856 -0.99726835 -0.03356420
v 0.09676538 -0.99430892 -0.10035867
v 0.09086136 -1.00679452 -0.03376272
v 0.07633554 -1.00108683 -0.06718197
v -0.04082100 -0.98214347 -0.13232404
v 0.04025955 -0.96863515 -0.13050407
v -0.02019233 -0.97316783 -0.09803562
v 0.02021524 -0.97427180 -0.09814684
v 0.29156819 -0.83001106 -0.47176724
v 0.25469770 -0.86507240 -0.41210954
v 0.31158160 -0.84819456 -0.44770374
v 0.17925804 -0.92423705 -0.29004560
v 0.21727161 -0.89646312 -0.35155285
v 0.34349314 -0.86220037 -0.38717675
v 0.27444918 -0.88449429 -0.38785709
v 0.32923269 -0.85947294 -0.41945562
v 0.29316926 -0.86707622 -0.41802630
v 0.25581742 -0.94769901 -0.03271075
v 0.23091001 -0.95489193 -0.09848065
v 0.22268383 -0.95529692 -0.03269174
v 0.27718022 -0.93990172 -0.06515946
v 0.17702756 -0.95562376 -0.23048121
v 0.20816375 -0.97415720 -0.16734579
v 0.15725601 -0.96678683 -0.19846053
v 0.15802695 -0.98132146 -0.03314549
v 0.19968933 -0.97312335 -0.09961506
v 0.19008674 -0.96596835 -0.03282515
v 0.14615918 -0.99451775 -0.06719419
v 0.21065290 -0.96125006 -0.06570974
v 0.31845199 -0.91980993 -0.12981868
v 0.25208632 -0.94608492 -0.13115317
v 0.29809293 -0.93058732 -0.09758402
v 0.26393008 -0.94049334 -0.09782720
v 0.11720758 -0.98618161 -0.13351905
v 0.18773630 -0.98287415 -0.13438689
v 0.13729417 -0.97700088 -0.16610593
v 0.13254452 -0.99740826 -0.10118723
v 0.17356013 -0.98102226 -0.16762777
v 0.16713014 -0.98967892 -0.10087055
v -0.12808829 -1.00371746 -0.27742068
v -0.04201125 -0.99202781 -0.27418974
v -0.10604265 -1.00368458 -0.24097413
v 0.11930283 -0.93487344 -0.25839266
v 0.04084883 -0.96457913 -0.26660312
v 0.09987027 -0.94526355 -0.22694786
v -0.06251108 -0.99544257 -0.16878335
v -0.02098789 -0.98842539 -0.23748733
v -0.08426888 -1.00272523 -0.20501795
v -0.02054514 -0.98111337 -0.16629552
v -0.06319254 -0.99845533 -0.23983758
v 0.06040991 -0.96198292 -0.16311007
v 0.02064462 -0.97225904 -0.23360307
v 0.08019757 -0.95428017 -0.19511283
v 0.02025653 -0.96733120 -0.16395948
v 0.06044245 -0.95500328 -0.22940002
v 0.00000000 -0.97784324 -0.20016130
v 0.39430026 -0.86211191 -0.25678068
v 0.33086032 -0.89311924 -0.26020365
v 0.38009672 -0.85801040 -0.28739115
v 0.37632060 -0.87862959 -0.22557198
v 0.19735454 -0.94306099 -0.26337097
v 0.26972742 -0.93610876 -0.26695790
v 0.21682362 -0.92997202 -0.29484296
v 0.21436913 -0.95868811 -0.23369886
v 0.35544322 -0.85931149 -0.35257172
v 0.31996605 -0.89878826 -0.29422687
v 0.36698790 -0.85663742 -0.31905724
v 0.32604123 -0.88334452 -0.35824947
v 0.34920875 -0.87561783 -0.28989783
v 0.33843738 -0.90745828 -0.16215572
v 0.31229433 -0.90887432 -0.22857178
v 0.35766664 -0.89376875 -0.19397629
v 0.30487925 -0.91900848 -0.16260426
v 0.34344960 -0.89134758 -0.22649248
v 0.25533148 -0.90081634 -0.35700822
v 0.28887168 -0.92036904 -0.29802738
v 0.23617444 -0.91588951 -0.32609757
v 0.29262617 -0.89847236 -0.36020479
v 0.25431890 -0.93111060 -0.29829821
v 0.30778669 -0.90274840 -0.32845763
v 0.24111802 -0.95654047 -0.16613919
v 0.28173684 -0.93143666 -0.23186183
v 0.22914715 -0.96324354 -0.20089166
v 0.27265539 -0.93554346 -0.16397692
v 0.24970743 -0.95053659 -0.23415890
v 0.29276641 -0.92311417 -0.19651723
v -0.29320441 -0.88435736 -0.54656291
v -0.21503149 -0.91958442 -0.56833443
v -0.27433801 -0.87245909 -0.57661071
v -0.27739601 -0.91700544 -0.52170507
v -0.04245797 -0.91923662 -0.56811947
v -0.13026623 -0.93623803 -0.57862692
v -0.23598647 -0.84762648 -0.63638323
v -0.19531130 -0.90650514 -0.59843779
v -0.25525076 -0.86020169 -0.60658518
v -0.23552167 -0.89056173 -0.58821275
v -0.24235249 -0.97602450 -0.46620056
v -0.19673227 -0.94782965 -0.54001564
v -0.26062271 -0.94852467 -0.49528003
v -0.23789108 -0.93447575 -0.53206059
v 0.26719481 -0.80590771 -0.49807835
v 0.19278024 -0.82442670 -0.50952372
v 0.24810609 -0.78903546 -0.52147579
v 0.24955684 -0.82497572 -0.46934729
v 0.04110060 -0.88984880 -0.54995680
v 0.12040411 -0.86535786 -0.53482057
v 0.21433609 -0.76986170 -0.57799879
v 0.17711386 -0.82204474 -0.54268047
v 0.23065598 -0.77731664 -0.54813745
v 0.21176068 -0.80071594 -0.52886994
v 0.21387449 -0.86133522 -0.41141894
v 0.17603612 -0.84811840 -0.48320624
v 0.23177170 -0.84352271 -0.44045239
v 0.21131675 -0.83008735 -0.47262518
v -0.15560718 -0.79106342 -0.75363882
v -0.11234361 -0.84345573 -0.71241468
v -0.17624230 -0.80655510 -0.72517783
v -0.11201854 -0.79920269 -0.76161797
v -0.02191252 -0.89867797 -0.59269333
v -0.06712365 -0.88038006 -0.65830237
v -0.06526957 -0.91249839 -0.60186773
v -0.21628912 -0.83445823 -0.66641437
v -0.13360697 -0.86130802 -0.68574972
v -0.19646917 -0.82091961 -0.69593837
v -0.19608302 -0.86443540 -0.64830486
v -0.15524172 -0.83519673 -0.70669966
v -0.02220551 -0.78958770 -0.75267485
v -0.06731566 -0.84197820 -0.71159060
v -0.06707292 -0.79885466 -0.76143442
v -0.08982069 -0.82256669 -0.73820172
v -0.15293608 -0.91721198 -0.60527636
v -0.11112444 -0.88378580 -0.66122952
v -0.10940569 -0.91949776 -0.60660269
v -0.17500212 -0.89266265 -0.62822828
v -0.08831330 -0.90091049 -0.63329818
v -0.15441790 -0.87767234 -0.65747221
v -0.15220789 -1.00642376 -0.31758832
v -0.10991650 -0.99031944 -0.39221808
v -0.17590610 -1.00932863 -0.35718417
v -0.10751844 -0.99770230 -0.31463832
v -0.02203624 -0.92597326 -0.52821046
v -0.06624380 -0.96332823 -0.46288199
v -0.06502141 -0.94079812 -0.53659936
v -0.22179001 -0.99654040 -0.43301276
v -0.13253883 -0.99014491 -0.43234217
v -0.19951354 -1.00734170 -0.39642502
v -0.19939492 -0.98432230 -0.47090877
v -0.15442011 -1.00113332 -0.39527912
v -0.02131454 -0.98335250 -0.30992055
v -0.06522421 -0.97847772 -0.38712121
v -0.06394327 -0.99050926 -0.31224086
v -0.08650429 -0.98930288 -0.35132707
v -0.15326176 -0.95418762 -0.54389379
v -0.11006997 -0.97625839 -0.46869755
v -0.10918565 -0.95151599 -0.54257863
v -0.17649834 -0.97017144 -0.50795622
v -0.08763037 -0.95985499 -0.50334719
v -0.15489342 -0.98431551 -0.47170447
v 0.14481664 -0.73620735 -0.70137795
v 0.10501952 -0.78846775 -0.66596974
v 0.16348718 -0.74818260 -0.67269482
v 0.10484383 -0.74801436 -0.71283691
v 0.02151787 -0.88249270 -0.58201887
v 0.06380714 -0.83688146 -0.62577638
v 0.06217427 -0.86922459 -0.57332510
v 0.00000000 -0.87588953 -0.61547079
v 0.19802675 -0.76400075 -0.61014567
v 0.12422932 -0.80085424 -0.63761809
v 0.18125328 -0.75734209 -0.64204025
v 0.17962137 -0.79186393 -0.59387807
v 0.14414203 -0.77548064 -0.65617103
v 0.02178708 -0.77470917 -0.73849189
v 0.06400105 -0.80051944 -0.67655209
v 0.06380653 -0.75995120 -0.72435330
v 0.00000000 -0.80380484 -0.72164726
v 0.08456736 -0.77445739 -0.69502666
v 0.14054264 -0.84288410 -0.55622673
v 0.10372570 -0.82494271 -0.61720439
v 0.10204194 -0.85760925 -0.56577417
v 0.16042812 -0.81832260 -0.57591006
v 0.08308429 -0.84756784 -0.59580077
v 0.14273068 -0.81124514 -0.60771100
v -0.04450014 -0.85718121 -0.68143391
v 0.04290965 -0.82654441 -0.65707855
v -0.02206256 -0.86802095 -0.64912698
v -0.02216081 -0.83151590 -0.70267793
v 0.02164722 -0.85168003 -0.63690685
v 0.02174126 -0.81577379 -0.68937495
v 0.13949914 -0.92239144 -0.29107098
v 0.10280931 -0.92628545 -0.36685728
v 0.15843296 -0.90906982 -0.32170429
v 0.10071224 -0.93454504 -0.29472086
v 0.02168356 -0.91115336 -0.51975662
v 0.06372367 -0.92668004 -0.44527243
v 0.06218210 -0.89971596 -0.51316749
v 0.00000000 -0.93125225 -0.48860681
v 0.19551521 -0.87848325 -0.38171503
v 0.12177802 -0.90975516 -0.39724035
v 0.17713798 -0.89436770 -0.35196571
v 0.17640404 -0.87082674 -0.41661146
v 0.13974495 -0.90599163 -0.35771417
v 0.02106694 -0.97192947 -0.30632038
v 0.06305780 -0.94597770 -0.37426302
v 0.06160435 -0.95427825 -0.30081966
v 0.00000000 -0.97236171 -0.34504967
v 0.08232215 -0.94147394 -0.33434177
v 0.13980453 -0.87040464 -0.49613689
v 0.10281501 -0.91191099 -0.43780463
v 0.10186169 -0.88769021 -0.50618355
v 0.15837224 -0.87053635 -0.45578991
v 0.08291072 -0.90815855 -0.47623762
v 0.14023628 -0.89117245 -0.42706837
v -0.04343350 -0.96501032 -0.42237932
v 0.04248437 -0.94392260 -0.41314935
v -0.02177031 -0.94929508 -0.45606885
v -0.02153149 -0.96845865 -0.38322548
v 0.02150439 -0.93769970 -0.45049809
v 0.02132524 -0.95918199 -0.37955464
v -0.53740779 0.89070672 -0.03424189
v -0.51112890 0.88982352 -0.10161185
v -0.51376837 0.92229479 -0.03475895
v -0.45643954 0.88236789 -0.23272700
v -0.48469202 0.88800448 -0.16788125
v -0.45376340 0.96662066 -0.03518863
v -0.48564598 0.91814324 -0.10290382
v -0.48640617 0.94923817 -0.03514046
v -0.49999254 0.92088704 -0.06912768
v -0.30362826 0.76270407 -0.43917201
v -0.34392764 0.80119903 -0.39595303
v -0.42364600 0.86715918 -0.29397340
v -0.38534799 0.83898157 -0.34864656
v -0.32365207 1.04665432 -0.03622570
v -0.35963557 0.99658199 -0.10533108
v -0.35413400 1.01879787 -0.03565766
v -0.42687066 0.90334431 -0.23432830
v -0.40104377 0.96638773 -0.17413057
v -0.44151192 0.90723944 -0.20202651
v -0.41829032 0.97873666 -0.03515871
v -0.39534043 0.98639967 -0.10559703
v -0.38487132 0.99450750 -0.03523235
v -0.44233512 0.97059962 -0.07049093
v -0.37214248 0.99528481 -0.07034262
v -0.47081724 0.91469784 -0.13652429
v -0.41602841 0.97058525 -0.14038512
v -0.45615805 0.91097817 -0.16939387
v -0.45970100 0.94815287 -0.10466532
v -0.42900290 0.93848400 -0.17174520
v -0.42976454 0.97206258 -0.10568578
v -0.01953031 0.52755654 -0.80247340
v -0.05769705 0.56295492 -0.75982737
v -0.13197460 0.63234690 -0.67764480
v -0.09507675 0.59798332 -0.71864316
v -0.26725209 0.73138517 -0.48373101
v -0.23424347 0.70822809 -0.53267975
v -0.16786183 0.66301862 -0.63331869
v -0.20185702 0.68760489 -0.58409953
v -0.02085508 1.00963644 -0.03374423
v -0.06500971 1.04476268 -0.10518792
v -0.05661328 1.02288785 -0.03422814
v -0.15432606 1.04083423 -0.24970481
v -0.11326184 1.08307406 -0.18326151
v -0.13057782 1.04219785 -0.03507636
v -0.10303819 1.05876490 -0.10686441
v -0.09318406 1.03253123 -0.03462580
v -0.07920472 1.03871407 -0.06970710
v -0.28026180 0.79782501 -0.45347313
v -0.26253520 0.89169220 -0.42479088
v -0.30114106 0.81977308 -0.43270199
v -0.19421831 1.00137077 -0.31425183
v -0.23091294 0.95274730 -0.37362499
v -0.34190672 0.85821831 -0.38538858
v -0.28006846 0.90260410 -0.39579837
v -0.32188353 0.84028771 -0.41009249
v -0.29467757 0.87153721 -0.42017698
v -0.28838848 1.06836147 -0.03687553
v -0.25693149 1.06249968 -0.10957854
v -0.25050729 1.07465747 -0.03677645
v -0.30741055 1.04241100 -0.07226600
v -0.18945009 1.02268262 -0.24665474
v -0.22316683 1.04436805 -0.17940698
v -0.17157202 1.05479956 -0.21652765
v -0.16984017 1.05467963 -0.03562326
v -0.22151933 1.07950501 -0.11050496
v -0.21011216 1.06773202 -0.03628324
v -0.15646536 1.06464460 -0.07193228
v -0.23650026 1.07919661 -0.07377241
v -0.34563136 0.99831423 -0.14089850
v -0.27423897 1.02922423 -0.14267855
v -0.32421819 1.01214521 -0.10613641
v -0.29080991 1.03627740 -0.10779036
v -0.12837552 1.08014832 -0.14624120
v -0.20538286 1.07526089 -0.14701879
v -0.15196638 1.08141004 -0.18385718
v -0.14265900 1.07352059 -0.10890884
v -0.18872611 1.06674567 -0.18227537
v -0.18283037 1.08264950 -0.11034634
v -0.41104480 0.89872276 -0.26768525
v -0.34872468 0.94134203 -0.27425300
v -0.39546165 0.89269439 -0.29900858
v -0.39622653 0.92510574 -0.23750387
v -0.21054610 1.00609703 -0.28097520
v -0.28476397 0.98829421 -0.28184005
v -0.23186689 0.99449366 -0.31529922
v -0.22600565 1.01072823 -0.24638465
v -0.36111997 0.87303548 -0.35820261
v -0.33164633 0.93159831 -0.30496755
v -0.37886535 0.88436221 -0.32938343
v -0.33064101 0.89580671 -0.36330364
v -0.36352981 0.91152692 -0.30178654
v -0.36825107 0.98739828 -0.17644037
v -0.33563325 0.97679788 -0.24565380
v -0.38409187 0.95980245 -0.20830771
v -0.33148490 0.99920686 -0.17679412
v -0.36650038 0.95117078 -0.24169362
v -0.26386393 0.93091905 -0.36893842
v -0.30001459 0.95587126 -0.30952345
v -0.24932343 0.96688159 -0.34425303
v -0.29720877 0.91254266 -0.36584569
v -0.26739257 0.97897582 -0.31363270
v -0.31437613 0.92207543 -0.33548961
v -0.25766437 1.02218157 -0.17754024
v -0.30098351 0.99506716 -0.24770132
v -0.24168657 1.01595428 -0.21188488
v -0.29374468 1.00790570 -0.17666018
v -0.26380397 1.00419647 -0.24737768
v -0.31665305 0.99843053 -0.21255096
v 0.49777937 0.82502605 -0.03171689
v 0.48324642 0.84128294 -0.09606885
v 0.46981848 0.84339785 -0.03178552
v 0.42253888 0.81683269 -0.21544191
v 0.45348695 0.83083366 -0.15707285
v 0.41240141 0.87851009 -0.03198107
v 0.45361808 0.85759254 -0.09611741
v 0.44135853 0.86132617 -0.03188599
v 0.46298886 0.85273361 -0.06401164
v 0.36116473 0.90723378 -0.52239355
v 0.38608178 0.89939951 -0.44448376
v 0.41468611 0.84881923 -0.28775602
v 0.40312467 0.87768504 -0.36473014
v 0.28681323 0.92752166 -0.03210241
v 0.32409324 0.89809104 -0.09492134
v 0.31978267 0.91997353 -0.03219883
v 0.39433877 0.83450027 -0.21647009
v 0.35745992 0.86136454 -0.15520675
v 0.40501710 0.83224818 -0.18532726
v 0.38236976 0.89468793 -0.03213947
v 0.35756096 0.89213748 -0.09550598
v 0.35168070 0.90874294 -0.03219397
v 0.40346867 0.88531639 -0.06429714
v 0.33952669 0.90805477 -0.06417756
v 0.43926769 0.85340376 -0.12737577
v 0.37406469 0.87268480 -0.12622484
v 0.42158131 0.84192610 -0.15655383
v 0.42268064 0.87179679 -0.09623647
v 0.38939797 0.85184452 -0.15588993
v 0.39056436 0.88339769 -0.09604584
v 0.01924754 0.51991845 -0.79085501
v 0.05675509 0.55376418 -0.74742251
v 0.00000000 0.53959164 -0.77271770
v 0.13782512 0.66037927 -0.70768525
v 0.09266926 0.58284146 -0.70044601
v -0.03804756 0.57870134 -0.73680971
v 0.03768941 0.57325377 -0.72987379
v -0.01910384 0.55925728 -0.75476347
v 0.01903297 0.55718262 -0.75196354
v 0.31258287 0.85544130 -0.56578052
v 0.27303127 0.82550184 -0.62088488
v 0.18432275 0.72803579 -0.69542341
v 0.22894508 0.77987753 -0.66248235
v -0.11212917 0.64824370 -0.65596712
v -0.03690358 0.64283617 -0.65049517
v -0.09408634 0.63289682 -0.67804355
v 0.11956535 0.69123393 -0.69946956
v 0.03776812 0.65789600 -0.66573443
v 0.09583784 0.64467874 -0.69066591
v -0.05701608 0.59790889 -0.71814605
v -0.01865145 0.62587015 -0.67032939
v -0.07566406 0.61601114 -0.69876631
v -0.01895574 0.59632845 -0.71631621
v -0.05610059 0.63012987 -0.67495423
v 0.05585235 0.58570522 -0.70348827
v 0.01862191 0.62487873 -0.66926754
v 0.07445493 0.60616713 -0.68759985
v 0.01880703 0.59165034 -0.71069680
v 0.05619787 0.63122261 -0.67612470
v 0.00000000 0.60904258 -0.69060354
v 0.02040209 0.98770631 -0.03301128
v 0.06214692 0.99875515 -0.10055582
v 0.05352886 0.96715856 -0.03236331
v 0.00000000 1.01443084 -0.06791378
v 0.14793202 0.99771035 -0.23935903
v 0.10482863 1.00243091 -0.16961629
v 0.11738787 0.93692316 -0.03153322
v 0.09525052 0.97874299 -0.09878755
v 0.08565631 0.94911961 -0.03182860
v 0.07421010 0.97321314 -0.06531139
v -0.04357607 1.04842972 -0.14125478
v 0.04234637 1.01884350 -0.13726863
v -0.02139864 1.03130569 -0.10389235
v 0.02111272 1.01752578 -0.10250418
v 0.32237392 0.91770612 -0.52161195
v 0.28358322 0.96318111 -0.45884729
v 0.34160225 0.92991746 -0.49083965
v 0.19185861 0.98920440 -0.31043376
v 0.23774035 0.98091719 -0.38467197
v 0.36191991 0.90845332 -0.40794694
v 0.29581514 0.95335247 -0.41805189
v 0.35345358 0.92270241 -0.45031401
v 0.31935266 0.94451615 -0.45536087
v 0.25134337 0.93112445 -0.03213866
v 0.22060406 0.91227330 -0.09408528
v 0.21710409 0.93136025 -0.03187259
v 0.27062231 0.91766426 -0.06361783
v 0.18204366 0.98270150 -0.23701193
v 0.20149116 0.94293103 -0.16198160
v 0.16028986 0.98543849 -0.20228931
v 0.14995895 0.93122051 -0.03145326
v 0.18925995 0.92229903 -0.09441236
v 0.18308808 0.93040311 -0.03161659
v 0.13763665 0.93652756 -0.06327610
v 0.20181155 0.92090527 -0.06295183
v 0.30681737 0.88620475 -0.12507577
v 0.24120134 0.90523338 -0.12549003
v 0.28898717 0.90216093 -0.09460315
v 0.25428000 0.90610604 -0.09425034
v 0.11684315 0.98311525 -0.13310390
v 0.17954654 0.93999747 -0.12852443
v 0.13849267 0.98552958 -0.16755595
v 0.12720861 0.95725517 -0.09711370
v 0.17075520 0.96516784 -0.16491872
v 0.15832751 0.93755321 -0.09555777
v -0.13121020 1.02818118 -0.28418229
v -0.04506200 1.06406645 -0.29410073
v -0.11224941 1.06243109 -0.25507855
v 0.12933342 1.01347447 -0.28011745
v 0.04470343 1.05559946 -0.29176051
v 0.10727210 1.01532123 -0.24376797
v -0.06725289 1.07095230 -0.18158649
v -0.02276448 1.07209385 -0.25759021
v -0.09085868 1.08113800 -0.22105028
v -0.02202752 1.05190297 -0.17829412
v -0.06803225 1.07492374 -0.25820595
v 0.06396428 1.01858361 -0.17270706
v 0.02242742 1.05622021 -0.25377628
v 0.08548522 1.01719852 -0.20797716
v 0.02165052 1.03389966 -0.17524262
v 0.06552318 1.03527985 -0.24868314
v 0.00000000 1.05471365 -0.21589642
v 0.38952914 0.85168017 -0.25367358
v 0.33322057 0.89949048 -0.26205986
v 0.38670101 0.87291857 -0.29238465
v 0.36595338 0.85442429 -0.21935771
v 0.20457825 0.97757958 -0.27301106
v 0.27165253 0.94279002 -0.26886324
v 0.22649687 0.97146127 -0.30799692
v 0.21590130 0.96554019 -0.23536919
v 0.37135238 0.89777312 -0.36835236
v 0.32648501 0.91710011 -0.30022143
v 0.38065601 0.88854204 -0.33094022
v 0.33876436 0.91781534 -0.37222947
v 0.35730163 0.89591019 -0.29661618
v 0.32509777 0.87169056 -0.15576430
v 0.30909877 0.89957422 -0.22623291
v 0.34448482 0.86082888 -0.18682729
v 0.29346036 0.88458809 -0.15651411
v 0.33766814 0.87634307 -0.22267981
v 0.27197706 0.95954236 -0.38028230
v 0.29395049 0.93655052 -0.30326715
v 0.24891188 0.96528560 -0.34368478
v 0.30561284 0.93834632 -0.37619058
v 0.26064229 0.95426175 -0.30571510
v 0.31627744 0.92765204 -0.33751862
v 0.23212823 0.92087703 -0.15994490
v 0.27928327 0.92332503 -0.22984260
v 0.22486021 0.94522294 -0.19713333
v 0.26257735 0.90096339 -0.15791592
v 0.24840829 0.94559127 -0.23294065
v 0.28526402 0.89945858 -0.19148131
v -0.25578837 0.77150383 -0.47681559
v -0.19453597 0.83193511 -0.51416418
v -0.23604848 0.75068942 -0.49613278
v -0.25122490 0.83048995 -0.47248446
v -0.04063062 0.87967368 -0.54366823
v -0.12020528 0.86392886 -0.53393740
v -0.19917339 0.71539966 -0.53710963
v -0.17416535 0.80835972 -0.53364618
v -0.21716636 0.73185626 -0.51608032
v -0.20591554 0.77861412 -0.51427176
v -0.22451515 0.90418830 -0.43188782
v -0.18112243 0.87262356 -0.49716779
v -0.24074777 0.87619070 -0.45751025
v -0.21802348 0.85643250 -0.48762526
v 0.29306461 0.88393569 -0.54630230
v 0.20770921 0.88827059 -0.54898142
v 0.27037375 0.85985182 -0.56827853
v 0.27778843 0.91830268 -0.52244310
v 0.04158913 0.90042582 -0.55649376
v 0.12561755 0.90282742 -0.55797803
v 0.23217099 0.83392187 -0.62609405
v 0.18896750 0.87706144 -0.57900026
v 0.25138321 0.84716792 -0.59739421
v 0.22949893 0.86778835 -0.57317102
v 0.24218848 0.97536397 -0.46588506
v 0.18959035 0.91342085 -0.52041160
v 0.26102232 0.94997903 -0.49603944
v 0.23299141 0.91522901 -0.52110212
v -0.13037469 0.66278851 -0.63143250
v -0.09402421 0.70591691 -0.59624418
v -0.14761273 0.67553479 -0.60737679
v -0.09257351 0.66047100 -0.62941052
v -0.02096679 0.85989177 -0.56711318
v -0.06129572 0.80394220 -0.60114612
v -0.06108752 0.85403132 -0.56330389
v -0.18166200 0.70086441 -0.55972378
v -0.11326788 0.73019048 -0.58135755
v -0.16464540 0.68794831 -0.58321135
v -0.16595943 0.73163505 -0.54870793
v -0.12872727 0.69254964 -0.58599918
v -0.01887129 0.67102882 -0.63965855
v -0.05807106 0.72634767 -0.61386646
v -0.05556641 0.66180942 -0.63080870
v -0.07455469 0.68276257 -0.61273634
v -0.13878522 0.83234421 -0.54927137
v -0.09847014 0.78314463 -0.58593196
v -0.10073939 0.84666198 -0.55855213
v -0.15347894 0.78287576 -0.55096368
v -0.08104776 0.82679259 -0.58119674
v -0.13307294 0.75635299 -0.56659080
v -0.15197298 1.00487052 -0.31709818
v -0.10960794 0.98753935 -0.39111701
v -0.17327539 0.99423391 -0.35184240
v -0.10925284 1.01379634 -0.31971378
v -0.02182107 0.91693146 -0.52305267
v -0.06605360 0.96056224 -0.46155292
v -0.06248744 0.90413392 -0.51568734
v -0.20826618 0.93577553 -0.40660945
v -0.12975141 0.96932118 -0.42324958
v -0.19248068 0.97183286 -0.38245102
v -0.18593307 0.91786724 -0.43911606
v -0.15174897 0.98381582 -0.38844162
v -0.02269830 1.04719267 -0.33004088
v -0.06586914 0.98815270 -0.39094898
v -0.06649409 1.03002251 -0.32469673
v -0.08747429 1.00039625 -0.35526661
v -0.14176289 0.88259716 -0.50308671
v -0.10715396 0.95039499 -0.45628064
v -0.10235666 0.89200367 -0.50864319
v -0.16376420 0.90017477 -0.47130781
v -0.08474613 0.92826261 -0.48678017
v -0.14705123 0.93448005 -0.44782228
v 0.14344321 0.72922519 -0.69472611
v 0.10369942 0.77855665 -0.65759846
v 0.16456724 0.75312538 -0.67713890
v 0.10124960 0.72237111 -0.68839961
v 0.02116915 0.86819104 -0.57258668
v 0.06277946 0.82340258 -0.61569758
v 0.06275725 0.87737496 -0.57870094
v 0.00000000 0.84040142 -0.59053398
v 0.20961382 0.80870447 -0.64584692
v 0.12448687 0.80251458 -0.63894000
v 0.18625499 0.77824107 -0.65975745
v 0.18968931 0.83624864 -0.62716549
v 0.14457188 0.77779325 -0.65812785
v 0.01935012 0.68805505 -0.65588881
v 0.06206391 0.77628977 -0.65607459
v 0.05939177 0.70737030 -0.67423541
v 0.00000000 0.71889173 -0.64541319
v 0.08198689 0.75082577 -0.67381877
v 0.14731731 0.88351419 -0.58303889
v 0.10408838 0.82782718 -0.61936249
v 0.10513720 0.88362332 -0.58293593
v 0.16886415 0.86135371 -0.60619402
v 0.08360428 0.85287241 -0.59952964
v 0.14658318 0.83314176 -0.62411395
v -0.04040161 0.77823346 -0.61867277
v 0.04150345 0.79945767 -0.63554539
v -0.02073402 0.81575123 -0.61003842
v -0.01997267 0.74941258 -0.63329598
v 0.02085332 0.82044497 -0.61354852
v 0.02044947 0.76730330 -0.64841465
v 0.15298698 1.01157527 -0.31921394
v 0.11351359 1.02272829 -0.40505367
v 0.17583506 1.00892101 -0.35703992
v 0.11144055 1.03409698 -0.32611585
v 0.02203378 0.92586989 -0.52815149
v 0.06592949 0.95875744 -0.46068571
v 0.06405836 0.92686362 -0.52865160
v 0.00000000 0.94646429 -0.49658822
v 0.22103894 0.99316571 -0.43154640
v 0.13379436 0.99952446 -0.43643770
v 0.19876708 1.00357281 -0.39494183
v 0.19799942 0.97743334 -0.46761303
v 0.15716956 1.01895847 -0.40231705
v 0.02288911 1.05599606 -0.33281542
v 0.06772775 1.01603514 -0.40198028
v 0.06784665 1.05097427 -0.33130141
v 0.00000000 1.02630572 -0.36419210
v 0.09096511 1.04031882 -0.36944415
v 0.14713009 0.91601265 -0.52213378
v 0.10859140 0.96314427 -0.46240151
v 0.10579514 0.92196885 -0.52573010
v 0.17131565 0.94168335 -0.49304061
v 0.08580221 0.93983036 -0.49284629
v 0.15286495 0.97142501 -0.46552707
v -0.04393023 0.97604669 -0.42720988
v 0.04410605 0.97995317 -0.42891972
v -0.02208007 0.96280204 -0.46255799
v -0.02206224 0.99233118 -0.39267200
v 0.02201429 0.95993356 -0.46117988
v 0.02230210 1.00311978 -0.39694112
v 0.00000000 -0.52435672 -0.91798682
v 0.00000000 -0.45504941 -0.94255528
v 0.00000000 -0.31464323 -0.97759028
v 0.00000000 -0.38528457 -0.96299918
v 0.00000000 -0.03426437 -0.98995032
v 0.00000000 -0.10125034 -0.97197637
v 0.00000000 -0.24241096 -0.98127068
v 0.00000000 -0.17023823 -0.97424531
v 0.00000000 0.48887968 -0.85587747
v 0.00000000 0.42655817 -0.88354065
v 0.00000000 0.29791332 -0.92561076
v 0.00000000 0.35592067 -0.88960562
v 0.00000000 0.03494814 -1.00970567
v 0.00000000 0.10392945 -0.99769507
v 0.00000000 0.23557831 -0.95361237
v 0.00000000 0.16934576 -0.96913788
v 0.52817372 0.80341220 -0.01955316
v 0.57318299 0.77363231 -0.05874532
v 0.52124854 0.81161233 -0.05143005
v 0.65854593 0.70572058 -0.13744249
v 0.61754767 0.74215517 -0.09818740
v 0.50557254 0.82548292 -0.11596225
v 0.56730001 0.78277749 -0.09114708
v 0.51479873 0.82071335 -0.08380125
v 0.54449723 0.79758295 -0.07128147
v 0.76721693 0.50742978 -0.28034521
v 0.72884846 0.54818895 -0.24106358
v 0.68995410 0.65904760 -0.17468130
v 0.70931784 0.60254403 -0.20823120
v 0.44503248 0.80316984 -0.23583337
v 0.50879398 0.76783494 -0.21301122
v 0.45548212 0.80105908 -0.20460318
v 0.64569942 0.70571779 -0.16918473
v 0.57895992 0.74057477 -0.19227176
v 0.62935652 0.72864636 -0.15044552
v 0.49098908 0.82143819 -0.14713158
v 0.52731207 0.77797271 -0.18476013
v 0.47257982 0.81040729 -0.17603353
v 0.52656468 0.80759292 -0.13591665
v 0.49088114 0.78912447 -0.19465305
v 0.58958925 0.76661924 -0.11129027
v 0.56350898 0.76485461 -0.17417113
v 0.61041619 0.74883562 -0.13102213
v 0.55940876 0.78894011 -0.12386095
v 0.59762344 0.74854220 -0.16276175
v 0.54596980 0.78735184 -0.15540544
v 0.90848641 0.03492540 -0.54813516
v 0.92072662 0.10514078 -0.52888014
v 0.95325856 0.25142462 -0.49311053
v 0.92731629 0.17531332 -0.50614925
v 0.81970566 0.47199405 -0.32632027
v 0.86279322 0.42639291 -0.37036794
v 0.94429512 0.32012306 -0.46133035
v 0.90116445 0.37448723 -0.41390886
v 0.38201485 0.88084599 -0.54439276
v 0.46217421 0.85280581 -0.52706298
v 0.40133830 0.89299855 -0.51365679
v 0.58577872 0.74574839 -0.46089785
v 0.52777689 0.80166476 -0.49545607
v 0.41914130 0.87308856 -0.42980357
v 0.47084050 0.84518085 -0.48490563
v 0.41210176 0.88645585 -0.47271562
v 0.43776378 0.87133405 -0.50058990
v 0.77626095 0.52055984 -0.32172367
v 0.73852752 0.58072895 -0.35891023
v 0.74972473 0.53688586 -0.29828647
v 0.64177161 0.69250070 -0.42798897
v 0.69378167 0.63843791 -0.39457633
v 0.70594531 0.57317466 -0.25634216
v 0.71299191 0.59695781 -0.33474377
v 0.72547034 0.55369280 -0.27621581
v 0.73175809 0.56682613 -0.31647238
v 0.44181582 0.81936523 -0.27364531
v 0.49370233 0.80030729 -0.32335844
v 0.44051645 0.83965880 -0.31294032
v 0.46847910 0.79105991 -0.25851905
v 0.59115481 0.73866213 -0.42067016
v 0.54435628 0.77424984 -0.37302681
v 0.56193884 0.76414674 -0.43612435
v 0.42738334 0.86314408 -0.38975428
v 0.49094944 0.81545550 -0.36304125
v 0.43574633 0.85449435 -0.35198285
v 0.45172953 0.84799903 -0.41537832
v 0.46608620 0.82867763 -0.33816819
v 0.52686959 0.74698872 -0.23283428
v 0.51913760 0.76976307 -0.30646060
v 0.49655988 0.76684132 -0.24491479
v 0.49329133 0.78016264 -0.28212259
v 0.50209939 0.81731894 -0.46818121
v 0.51521602 0.79980090 -0.38778306
v 0.53217206 0.79022119 -0.45188054
v 0.47660326 0.83266842 -0.44150311
v 0.53861352 0.78246608 -0.41189066
v 0.48399185 0.82399883 -0.40157982
v 0.65955680 0.67883467 -0.18806232
v 0.62283156 0.66368303 -0.24772251
v 0.67046112 0.65117019 -0.20503957
v 0.62697017 0.69742917 -0.19973060
v 0.62026166 0.71186788 -0.40439632
v 0.61959224 0.68453035 -0.32168200
v 0.64655954 0.68490730 -0.38802781
v 0.59673665 0.73017100 -0.38083535
v 0.69130672 0.59664919 -0.23822971
v 0.64046487 0.64343905 -0.26675730
v 0.68032631 0.62309299 -0.22154469
v 0.68349660 0.59916757 -0.27177605
v 0.65118890 0.64317479 -0.23459870
v 0.55960504 0.72997338 -0.22163206
v 0.59506885 0.68653123 -0.26065540
v 0.59326000 0.71410998 -0.21082502
v 0.54670551 0.72807398 -0.25324515
v 0.60735317 0.68789481 -0.22911229
v 0.69269848 0.62721708 -0.35306106
v 0.64072878 0.65497117 -0.30468037
v 0.67073562 0.65658535 -0.37085466
v 0.68656923 0.61155130 -0.31077044
v 0.64561157 0.67169047 -0.34629771
v 0.66179171 0.62639522 -0.28786398
v 0.54576106 0.75863270 -0.33162806
v 0.59330115 0.69765989 -0.29790068
v 0.57176670 0.74574478 -0.35645257
v 0.54378519 0.73968371 -0.29022761
v 0.59664913 0.71544475 -0.33914406
v 0.56879587 0.71170994 -0.27488098
v 0.52755654 -0.80247340 -0.01953031
v 0.56295492 -0.75982737 -0.05769705
v 0.52870124 -0.82321660 -0.05216539
v 0.63234690 -0.67764480 -0.13197460
v 0.59798332 -0.71864316 -0.09507675
v 0.51151963 -0.83519313 -0.11732632
v 0.56340422 -0.77740196 -0.09052115
v 0.52446090 -0.83611718 -0.08537410
v 0.54676778 -0.80090888 -0.07157871
v 0.73138517 -0.48373101 -0.26725209
v 0.70822809 -0.53267975 -0.23424347
v 0.66301862 -0.63331869 -0.16786183
v 0.68760489 -0.58409953 -0.20185702
v 0.45426223 -0.81982719 -0.24072444
v 0.52198482 -0.78774159 -0.21853368
v 0.46280967 -0.81394609 -0.20789473
v 0.62522306 -0.68333814 -0.16381956
v 0.59416097 -0.76001913 -0.19732000
v 0.60985398 -0.70606702 -0.14578351
v 0.49286328 -0.82457378 -0.14769321
v 0.54196440 -0.79959009 -0.18989402
v 0.47531419 -0.81509634 -0.17705206
v 0.53537187 -0.82110052 -0.13818996
v 0.49840968 -0.80122712 -0.19763840
v 0.57928465 -0.75322058 -0.10934518
v 0.57715724 -0.78337948 -0.17838957
v 0.59457556 -0.72940294 -0.12762204
v 0.56381019 -0.79514750 -0.12483549
v 0.59500581 -0.74526353 -0.16204884
v 0.55743651 -0.80388817 -0.15866933
v 0.89070672 -0.03424189 -0.53740779
v 0.88982352 -0.10161185 -0.51112890
v 0.88236789 -0.23272700 -0.45643954
v 0.88800448 -0.16788125 -0.48469202
v 0.76270407 -0.43917201 -0.30362826
v 0.80119903 -0.39595303 -0.34392764
v 0.86715918 -0.29397340 -0.42364600
v 0.83898157 -0.34864656 -0.38534799
v 0.35012733 -0.80732007 -0.49895124
v 0.41320729 -0.76245185 -0.47122116
v 0.36574406 -0.81379951 -0.46810115
v 0.53328287 -0.67891650 -0.41959347
v 0.47988393 -0.72891793 -0.45049605
v 0.39065684 -0.81375426 -0.40059451
v 0.42723672 -0.76691001 -0.43999930
v 0.37864956 -0.81449814 -0.43434312
v 0.39619964 -0.78860393 -0.45306064
v 0.72013026 -0.48291865 -0.29846014
v 0.68803710 -0.54102664 -0.33437285
v 0.71223357 -0.51003803 -0.28337019
v 0.60816684 -0.65623964 -0.40557840
v 0.65919447 -0.60660978 -0.37490546
v 0.69441717 -0.56381468 -0.25215607
v 0.67725290 -0.56703506 -0.31796460
v 0.70391007 -0.53723758 -0.26800695
v 0.69793852 -0.54062920 -0.30184602
v 0.44524777 -0.82572992 -0.27577095
v 0.48131081 -0.78022024 -0.31524241
v 0.43329934 -0.82590243 -0.30781333
v 0.47260952 -0.79803441 -0.26079833
v 0.54737640 -0.68395995 -0.38951712
v 0.51392972 -0.73097348 -0.35217663
v 0.51894257 -0.70567871 -0.40275467
v 0.40392981 -0.81577730 -0.36836572
v 0.47154607 -0.78322695 -0.34869308
v 0.41868574 -0.82103870 -0.33820181
v 0.42352922 -0.79506064 -0.38944732
v 0.45310191 -0.80559222 -0.32874746
v 0.54534408 -0.77318160 -0.24099853
v 0.50873629 -0.75434029 -0.30032043
v 0.50355174 -0.77763891 -0.24836334
v 0.49063045 -0.77595433 -0.28060078
v 0.46204637 -0.75212050 -0.43083388
v 0.48867052 -0.75859272 -0.36780330
v 0.49368561 -0.73307273 -0.41920074
v 0.44301551 -0.77398763 -0.41038898
v 0.50427809 -0.73258558 -0.38563353
v 0.45860740 -0.78078165 -0.38051772
v 0.64121922 -0.65996111 -0.18283364
v 0.63407956 -0.67566878 -0.25219624
v 0.65622879 -0.63734737 -0.20068706
v 0.62208619 -0.69199632 -0.19817473
v 0.58904331 -0.67603890 -0.38404267
v 0.62747615 -0.69324056 -0.32577520
v 0.62887560 -0.66617451 -0.37741492
v 0.56793335 -0.69492708 -0.36245318
v 0.68318651 -0.58964084 -0.23543142
v 0.64468757 -0.64768136 -0.26851608
v 0.67040099 -0.61400265 -0.21831256
v 0.67492044 -0.59164953 -0.26836595
v 0.64864438 -0.64066159 -0.23368201
v 0.58614988 -0.76459964 -0.23214517
v 0.62058718 -0.71597174 -0.27183308
v 0.60927886 -0.73339195 -0.21651760
v 0.56861834 -0.75725636 -0.26339562
v 0.62238658 -0.70492181 -0.23478336
v 0.66115920 -0.59865924 -0.33698583
v 0.64395284 -0.65826689 -0.30621348
v 0.65106195 -0.63732674 -0.35997695
v 0.66614980 -0.59336300 -0.30152774
v 0.64063434 -0.66651218 -0.34362799
v 0.65527436 -0.62022646 -0.28502908
v 0.52762492 -0.73342264 -0.32060776
v 0.61043107 -0.71780287 -0.30650173
v 0.54728599 -0.71381504 -0.34119073
v 0.54678352 -0.74376218 -0.29182787
v 0.59118342 -0.70889079 -0.33603727
v 0.59062228 -0.73902039 -0.28542899
v 0.03447383 -0.54104803 -0.89674011
v 0.10124355 -0.50927624 -0.88659822
v 0.05558861 -0.56339595 -0.87723814
v 0.03435565 -0.50780734 -0.91159380
v 0.22308033 -0.43751984 -0.84579319
v 0.16303344 -0.47069586 -0.86236210
v 0.09728525 -0.60550407 -0.83549259
v 0.12173946 -0.53076006 -0.86660830
v 0.07657350 -0.58492145 -0.85679660
v 0.08912780 -0.54752019 -0.87287925
v 0.03413480 -0.44017403 -0.93767218
v 0.10090596 -0.47621723 -0.90031762
v 0.03425325 -0.47412559 -0.92527221
v 0.06808033 -0.49241720 -0.90693477
v 0.46145513 -0.31903403 -0.80140286
v 0.40583866 -0.35251437 -0.82120231
v 0.29303008 -0.42228658 -0.86437660
v 0.35401493 -0.39128148 -0.85190000
v 0.17648372 -0.67355624 -0.73616393
v 0.19956823 -0.60093073 -0.76867865
v 0.15765636 -0.65952152 -0.76357031
v 0.24395254 -0.46035386 -0.83082103
v 0.22075789 -0.52729752 -0.79575913
v 0.21202001 -0.47199328 -0.83009735
v 0.11800537 -0.62516422 -0.81287595
v 0.18110875 -0.58595480 -0.79532047
v 0.13806931 -0.64324814 -0.78911262
v 0.13037113 -0.58881150 -0.83040711
v 0.16981254 -0.62351232 -0.78096884
v 0.15315611 -0.51109338 -0.85507323
v 0.19171169 -0.54715209 -0.80724379
v 0.18256711 -0.49011990 -0.84048603
v 0.14215748 -0.55074275 -0.84467485
v 0.20178143 -0.50885768 -0.81802297
v 0.16201302 -0.56918353 -0.82082875
v 0.03348737 -0.29918695 -0.96753688
v 0.09852349 -0.33639217 -0.93217248
v 0.03374212 -0.33510982 -0.96406777
v 0.22392264 -0.40791490 -0.86323010
v 0.16085122 -0.37045982 -0.89269016
v 0.19204534 -0.41969891 -0.86241705
v 0.03407872 -0.40544141 -0.94867212
v 0.09931020 -0.37180341 -0.92767331
v 0.03392556 -0.37059626 -0.95762075
v 0.06767662 -0.42467514 -0.93184896
v 0.06695772 -0.35423489 -0.94739144
v 0.13259137 -0.45725418 -0.88834769
v 0.13097402 -0.38813880 -0.90551940
v 0.16236441 -0.43722854 -0.87317468
v 0.10065533 -0.44208870 -0.91182674
v 0.16159877 -0.40365810 -0.88303988
v 0.10012955 -0.40717051 -0.92095830
v 0.86103850 -0.02095564 -0.56605800
v 0.80870942 -0.06140888 -0.59917156
v 0.86347761 -0.05471664 -0.55455841
v 0.66708121 -0.12991729 -0.62248945
v 0.71433001 -0.09450612 -0.59439435
v 0.86636637 -0.12170548 -0.53061189
v 0.80578365 -0.09382593 -0.58397320
v 0.86540332 -0.08836445 -0.54283086
v 0.84016155 -0.07508679 -0.57356496
v 0.50554270 -0.27930263 -0.76436372
v 0.57322403 -0.25207263 -0.76213402
v 0.63724133 -0.16890153 -0.66712522
v 0.61312045 -0.21188627 -0.72176846
v 0.84725600 -0.24877831 -0.46946040
v 0.76920291 -0.21339072 -0.50970045
v 0.85655577 -0.21877792 -0.48703754
v 0.67257391 -0.16123901 -0.61537429
v 0.70661840 -0.18345583 -0.55241382
v 0.68452814 -0.14133632 -0.59125011
v 0.86563151 -0.15504725 -0.51740426
v 0.78051334 -0.18536350 -0.52903412
v 0.86259063 -0.18736859 -0.50300995
v 0.83711249 -0.14088475 -0.54581196
v 0.82161213 -0.20266677 -0.51109034
v 0.75603085 -0.10975315 -0.58144596
v 0.74008464 -0.16853056 -0.54525963
v 0.71028800 -0.12427754 -0.57899395
v 0.79954435 -0.12552578 -0.56692784
v 0.70764676 -0.15386951 -0.56497321
v 0.79083195 -0.15609233 -0.54838299
v 0.32745030 -0.79007826 -0.52982571
v 0.36089201 -0.74260544 -0.58393555
v 0.30639977 -0.77011700 -0.55148898
v 0.36631956 -0.78225005 -0.52519087
v 0.41217314 -0.61805568 -0.66691014
v 0.38956811 -0.68497573 -0.63033444
v 0.26541230 -0.73092375 -0.59345528
v 0.34073174 -0.72574608 -0.60763634
v 0.28527215 -0.74925647 -0.57184682
v 0.32381772 -0.74874223 -0.57998219
v 0.42763521 -0.73530295 -0.49508580
v 0.39527712 -0.72521776 -0.57242503
v 0.39807659 -0.75968882 -0.51073295
v 0.38143897 -0.75480284 -0.54978606
v 0.48023908 -0.33699651 -0.77704316
v 0.46892361 -0.41119261 -0.75873435
v 0.45616256 -0.35641602 -0.79304414
v 0.43095755 -0.54772605 -0.69730396
v 0.45017130 -0.47953799 -0.72839246
v 0.39913159 -0.38923021 -0.81078254
v 0.43975887 -0.42700326 -0.76649095
v 0.42731438 -0.37252208 -0.80131755
v 0.44855365 -0.39225830 -0.78075901
v 0.19548999 -0.68560652 -0.70564579
v 0.25664837 -0.64527323 -0.68759665
v 0.21272006 -0.69557563 -0.67556209
v 0.20728400 -0.65068091 -0.72380452
v 0.39615180 -0.60761625 -0.69735487
v 0.32922348 -0.63411789 -0.70057841
v 0.38486897 -0.64129606 -0.67933164
v 0.24685902 -0.71634767 -0.61826139
v 0.27607927 -0.66284624 -0.66592436
v 0.22964634 -0.70520511 -0.64587883
v 0.28107940 -0.70689384 -0.61967808
v 0.24312198 -0.67484744 -0.66654217
v 0.22970133 -0.57997935 -0.75655053
v 0.26984545 -0.61604948 -0.71073659
v 0.21859093 -0.61511320 -0.74041477
v 0.23744993 -0.62945539 -0.71292803
v 0.35692702 -0.70028341 -0.63408501
v 0.31339971 -0.65906514 -0.67371512
v 0.37171748 -0.67229613 -0.65811294
v 0.31904901 -0.70485864 -0.62784232
v 0.35129233 -0.65492317 -0.68137820
v 0.29710990 -0.68304783 -0.64651445
v 0.54670111 -0.65103509 -0.44196582
v 0.51990467 -0.64205045 -0.51741782
v 0.52134615 -0.67654687 -0.45819006
v 0.44132399 -0.59435915 -0.64826734
v 0.48377175 -0.62213993 -0.58613700
v 0.43057785 -0.62740136 -0.63059756
v 0.46136665 -0.71838428 -0.48455360
v 0.49082044 -0.66406295 -0.53193129
v 0.49470601 -0.70190645 -0.47434399
v 0.44210831 -0.70752701 -0.51842742
v 0.50812102 -0.67288242 -0.49675288
v 0.40805179 -0.69338005 -0.59339785
v 0.47022913 -0.65109473 -0.56435873
v 0.41962306 -0.66068532 -0.61250795
v 0.42462214 -0.69959159 -0.55487866
v 0.44969570 -0.63812386 -0.59624983
v 0.45635027 -0.67946640 -0.54157305
v 0.28096470 -0.45363338 -0.84128137
v 0.32792695 -0.50067752 -0.81161429
v 0.31646674 -0.44548047 -0.84912061
v 0.26687124 -0.48361464 -0.81661732
v 0.40605813 -0.57062097 -0.71300461
v 0.37062231 -0.54084741 -0.76925910
v 0.41444756 -0.53400867 -0.72616618
v 0.37852966 -0.59312384 -0.72575033
v 0.37368185 -0.40975919 -0.82755032
v 0.36006422 -0.48692353 -0.80876856
v 0.34768434 -0.43042488 -0.84405905
v 0.39289557 -0.42727923 -0.80210026
v 0.33899078 -0.46721995 -0.83069337
v 0.24123513 -0.54587948 -0.77394069
v 0.31364512 -0.53130802 -0.78780904
v 0.25350257 -0.51397142 -0.79373010
v 0.26218457 -0.56600392 -0.75377460
v 0.29023908 -0.50748303 -0.80260745
v 0.43082416 -0.46203594 -0.75210353
v 0.37972760 -0.50451338 -0.78318655
v 0.42248459 -0.49755295 -0.73881533
v 0.41183142 -0.44457263 -0.77670805
v 0.39759704 -0.51992230 -0.75531256
v 0.38677963 -0.46615437 -0.79363041
v 0.30670737 -0.61084062 -0.71828446
v 0.33689641 -0.55443119 -0.77068457
v 0.34458344 -0.60621853 -0.72691946
v 0.28405106 -0.58777101 -0.73545271
v 0.35863135 -0.57526157 -0.75030307
v 0.29883026 -0.55990355 -0.76160870
v 0.03359887 -0.02076525 -1.00528730
v 0.10111106 -0.06249007 -1.00426996
v 0.03324359 -0.05498483 -0.99346497
v 0.23051380 -0.14246536 -0.96084113
v 0.16746341 -0.10349808 -0.98970739
v 0.03264896 -0.12154140 -0.97007429
v 0.10055469 -0.09695438 -0.99625099
v 0.03287217 -0.08846474 -0.98023857
v 0.06682727 -0.07593252 -0.99580146
v 0.46014287 -0.28438393 -0.80955953
v 0.40823268 -0.25230167 -0.85693435
v 0.43589938 -0.30336630 -0.82583067
v 0.29026773 -0.17939532 -0.92494487
v 0.34951289 -0.21601084 -0.89126119
v 0.37883472 -0.33609230 -0.84362357
v 0.37912950 -0.26827350 -0.86459134
v 0.40706429 -0.31950668 -0.83408287
v 0.40802618 -0.28615600 -0.84633384
v 0.03340800 -0.26127037 -0.96789995
v 0.09747533 -0.22855279 -0.94514404
v 0.03306650 -0.22523649 -0.96624766
v 0.06602372 -0.28085670 -0.95236846
v 0.23217992 -0.17833229 -0.96266694
v 0.16577908 -0.20621489 -0.96503701
v 0.20064253 -0.15898498 -0.97741629
v 0.03259258 -0.15539086 -0.96495176
v 0.09771165 -0.19587373 -0.95452924
v 0.03277277 -0.18978342 -0.96442695
v 0.06544215 -0.14234819 -0.96858648
v 0.06523895 -0.20914362 -0.95436295
v 0.12962957 -0.31798810 -0.91847003
v 0.12991450 -0.24970550 -0.93714963
v 0.09808793 -0.29963224 -0.93539273
v 0.09768021 -0.26353351 -0.93908019
v 0.13456136 -0.11812256 -0.99388020
v 0.13220254 -0.18468480 -0.96689830
v 0.16794578 -0.13881489 -0.98782248
v 0.09970069 -0.13059730 -0.98275535
v 0.16729732 -0.17321799 -0.97908838
v 0.09862699 -0.16341284 -0.96766654
v 0.26045877 -0.39994815 -0.87446066
v 0.26576233 -0.33792842 -0.91219877
v 0.29567943 -0.39105860 -0.88275518
v 0.22644468 -0.37777653 -0.88202887
v 0.26352798 -0.19747220 -0.94362323
v 0.26713018 -0.26990149 -0.93671289
v 0.29268848 -0.21523925 -0.92317652
v 0.23394420 -0.21459417 -0.95969453
v 0.35316249 -0.35603880 -0.86075135
v 0.29775953 -0.32380775 -0.90957965
v 0.32689869 -0.37600734 -0.87769094
v 0.35208219 -0.32042841 -0.86813769
v 0.29733770 -0.35817076 -0.89808947
v 0.16138441 -0.33682757 -0.90314187
v 0.23153661 -0.31634513 -0.92066342
v 0.19337826 -0.35656395 -0.89101327
v 0.16203898 -0.30381935 -0.91581358
v 0.22908618 -0.34738265 -0.90155493
v 0.34993886 -0.25027550 -0.88297868
v 0.29696735 -0.28784422 -0.91709546
v 0.32132723 -0.23271955 -0.90249138
v 0.35090829 -0.28507380 -0.87528374
v 0.29510603 -0.25159736 -0.92114650
v 0.32507939 -0.30462105 -0.89346349
v 0.16467327 -0.23899052 -0.94810046
v 0.23349395 -0.28372005 -0.93799326
v 0.20029506 -0.22846664 -0.96038296
v 0.16318402 -0.27133698 -0.93101969
v 0.23436447 -0.24992666 -0.95137110
v 0.19715701 -0.29371954 -0.92611946
v 0.73034505 -0.45137806 -0.31674397
v 0.71689784 -0.44306723 -0.38851951
v 0.74061729 -0.42600640 -0.33285394
v 0.71567261 -0.48049178 -0.33514204
v 0.67376386 -0.41640897 -0.52923551
v 0.69569374 -0.42996237 -0.45801075
v 0.76774397 -0.37794459 -0.36856881
v 0.72133316 -0.41385049 -0.40184638
v 0.75308602 -0.40159420 -0.35009987
v 0.72838323 -0.41846326 -0.36594438
v 0.67938558 -0.53624902 -0.37029646
v 0.69950355 -0.47098175 -0.40681510
v 0.69971025 -0.50965752 -0.35359798
v 0.70951403 -0.47700083 -0.37178503
v 0.50518569 -0.31222193 -0.75333496
v 0.55751029 -0.34456031 -0.70899977
v 0.53296182 -0.29610633 -0.74424509
v 0.50149699 -0.34979313 -0.74695900
v 0.65680127 -0.40592551 -0.60868733
v 0.61710749 -0.38139340 -0.67060219
v 0.60124398 -0.26889566 -0.74051663
v 0.59436285 -0.33328864 -0.70989255
v 0.56897097 -0.28383750 -0.74548841
v 0.56340053 -0.31455979 -0.72733573
v 0.49249042 -0.42539342 -0.73144829
v 0.54631080 -0.37724443 -0.69213307
v 0.49783179 -0.38802114 -0.74049900
v 0.52267694 -0.36263079 -0.71758465
v 0.83376513 -0.27845448 -0.44958049
v 0.73842971 -0.29835724 -0.45553061
v 0.81852170 -0.30506254 -0.42942713
v 0.79496004 -0.25979362 -0.47078883
v 0.67496462 -0.38439425 -0.54017739
v 0.70856503 -0.34138044 -0.49817488
v 0.68735664 -0.39229765 -0.50546888
v 0.78439727 -0.35419601 -0.38839208
v 0.73258316 -0.32614644 -0.44105570
v 0.80162854 -0.33020639 -0.40878760
v 0.74306883 -0.36397999 -0.39583315
v 0.76573651 -0.31248307 -0.43068524
v 0.72712129 -0.22664166 -0.51285660
v 0.72105575 -0.28706908 -0.48628879
v 0.75713300 -0.24181414 -0.49027336
v 0.74665256 -0.27000466 -0.47210315
v 0.71320406 -0.40854155 -0.43813903
v 0.71874434 -0.34848283 -0.46300097
v 0.70130546 -0.40103492 -0.47229203
v 0.72479567 -0.38430609 -0.41485899
v 0.70574987 -0.37150720 -0.48580563
v 0.72822221 -0.35490262 -0.42773558
v 0.58508347 -0.63815036 -0.43443661
v 0.62335166 -0.58727861 -0.48471399
v 0.62734133 -0.63053722 -0.43053665
v 0.56221175 -0.62279909 -0.46417936
v 0.66535232 -0.45168531 -0.55872389
v 0.65267918 -0.52598334 -0.52851136
v 0.67220250 -0.45524784 -0.51799838
v 0.66668269 -0.57055012 -0.39234048
v 0.65636406 -0.56892609 -0.47403471
v 0.65548512 -0.60768695 -0.41632024
v 0.67345911 -0.53415178 -0.40876085
v 0.64374762 -0.60150456 -0.45365885
v 0.53120944 -0.60818918 -0.53585397
v 0.59635294 -0.56878227 -0.51164504
v 0.54501489 -0.61358554 -0.49827674
v 0.57884487 -0.59551699 -0.48746547
v 0.68787334 -0.46397383 -0.44177166
v 0.66495403 -0.53264506 -0.49147905
v 0.67858917 -0.45858632 -0.47827192
v 0.68040369 -0.49855330 -0.42515992
v 0.66978783 -0.49446831 -0.50578416
v 0.67016110 -0.53415620 -0.45010055
v 0.65779778 -0.18223432 -0.63911732
v 0.66037976 -0.24648955 -0.61973161
v 0.63994437 -0.20150480 -0.65890273
v 0.67648137 -0.19373154 -0.60813866
v 0.66515794 -0.37786144 -0.57956256
v 0.66217562 -0.31117682 -0.59935819
v 0.65604196 -0.37167442 -0.61931036
v 0.67613809 -0.35265340 -0.55257793
v 0.61916571 -0.24722009 -0.71739546
v 0.64627087 -0.26793132 -0.64328360
v 0.62758329 -0.22314124 -0.68522906
v 0.62301069 -0.28259104 -0.71069549
v 0.64287241 -0.23448841 -0.65088276
v 0.70643982 -0.21448688 -0.54156397
v 0.67944070 -0.25796333 -0.58892295
v 0.69159418 -0.20417774 -0.57455459
v 0.70757753 -0.24611590 -0.53131487
v 0.67877274 -0.22607407 -0.59929915
v 0.62209852 -0.35017982 -0.68704554
v 0.65000813 -0.30237166 -0.63587366
v 0.64270085 -0.36301237 -0.65655188
v 0.62405957 -0.31712673 -0.70061187
v 0.65351112 -0.33692514 -0.62813805
v 0.63827379 -0.29332285 -0.67434152
v 0.70937812 -0.31009696 -0.51032728
v 0.67881319 -0.28985314 -0.57727361
v 0.69423616 -0.33183238 -0.53227475
v 0.70887149 -0.27813791 -0.52113331
v 0.67754316 -0.32117747 -0.56504089
v 0.69604109 -0.26882926 -0.55627339
v 0.45283035 -0.56014029 -0.66703903
v 0.51799677 -0.52048641 -0.64276886
v 0.46398610 -0.52794111 -0.68510510
v 0.47527954 -0.57565622 -0.63769242
v 0.65218800 -0.44399308 -0.59795378
v 0.57392576 -0.47369313 -0.60917862
v 0.63126316 -0.43103233 -0.62806359
v 0.64344859 -0.47956968 -0.58085242
v 0.48468134 -0.46148828 -0.71857366
v 0.52507118 -0.48449052 -0.65549880
v 0.47491010 -0.49529642 -0.70274415
v 0.51284001 -0.43734345 -0.69990156
v 0.49815978 -0.50956011 -0.67478815
v 0.51599241 -0.60142006 -0.57361513
v 0.53454418 -0.52991100 -0.60670258
v 0.49717181 -0.59037073 -0.60737483
v 0.54119049 -0.57340733 -0.55349623
v 0.50874879 -0.55646922 -0.62648098
v 0.57407103 -0.39476165 -0.67079684
v 0.55082939 -0.45895636 -0.63548608
v 0.60368367 -0.41357763 -0.65116695
v 0.53788964 -0.41162126 -0.67817182
v 0.58851274 -0.44386033 -0.62984340
v 0.53129530 -0.44768985 -0.66657177
v 0.61414196 -0.54109876 -0.53640877
v 0.56186183 -0.50541980 -0.58909705
v 0.63030798 -0.51185659 -0.55986853
v 0.57118590 -0.55135194 -0.53909388
v 0.60196341 -0.49274224 -0.58511081
v 0.55104375 -0.53879254 -0.57086663
v 0.03160070 0.49595584 -0.82200371
v 0.09335578 0.46959914 -0.81752441
v 0.05017996 0.50857872 -0.79188473
v 0.03223998 0.47653585 -0.85545658
v 0.21353939 0.41880752 -0.80961940
v 0.15383742 0.44414590 -0.81371992
v 0.08718848 0.54266166 -0.74878075
v 0.11153171 0.48625626 -0.79394391
v 0.06890692 0.52635882 -0.77101370
v 0.08097032 0.49740804 -0.79298840
v 0.03248733 0.41892970 -0.89241685
v 0.09507518 0.44869938 -0.84829344
v 0.03262124 0.45153577 -0.88118739
v 0.06400903 0.46296995 -0.85269878
v 0.43242297 0.29896220 -0.75098310
v 0.37901390 0.32921419 -0.76692322
v 0.27160614 0.39141247 -0.80118051
v 0.32661152 0.36099336 -0.78595655
v 0.17253749 0.65849535 -0.71970312
v 0.18771084 0.56522631 -0.72300745
v 0.14660758 0.61330132 -0.71005823
v 0.23110643 0.43611244 -0.78707145
v 0.20622163 0.49257653 -0.74336073
v 0.20207679 0.44985794 -0.79116780
v 0.10484202 0.55542794 -0.72220066
v 0.16514926 0.53431985 -0.72523601
v 0.12359175 0.57579891 -0.70636844
v 0.11749508 0.53065777 -0.74839228
v 0.15524137 0.57001036 -0.71395595
v 0.14226436 0.47474680 -0.79426441
v 0.17693851 0.50498891 -0.74503811
v 0.17236181 0.46272272 -0.79350376
v 0.13013939 0.50418259 -0.77326548
v 0.18964469 0.47825093 -0.76882057
v 0.14742402 0.51792952 -0.74691451
v 0.03198021 0.28572149 -0.92399110
v 0.09595441 0.32762048 -0.90786535
v 0.03169085 0.31473764 -0.90545964
v 0.21477004 0.39124182 -0.82794650
v 0.16165199 0.37230408 -0.89713423
v 0.18539830 0.40517237 -0.83256722
v 0.03208760 0.38175263 -0.89324393
v 0.09734384 0.36444163 -0.90930519
v 0.03170118 0.34629759 -0.89483298
v 0.06527773 0.40962192 -0.89881826
v 0.06368197 0.33690481 -0.90104262
v 0.12583036 0.43393817 -0.84304964
v 0.13036568 0.38633600 -0.90131350
v 0.15575765 0.41943729 -0.83764435
v 0.09713457 0.42662515 -0.87993252
v 0.15881389 0.39670174 -0.86782219
v 0.09806304 0.39876717 -0.90195121
v 0.86954407 0.02116265 -0.57164967
v 0.82702394 0.06279958 -0.61274076
v 0.88753585 0.05624116 -0.57000953
v 0.84257772 0.00000000 -0.58837515
v 0.73853469 0.14383320 -0.68916654
v 0.78424816 0.10375632 -0.65257327
v 0.90463883 0.12708192 -0.55405211
v 0.84141443 0.09797480 -0.60979579
v 0.90068735 0.09196722 -0.56496304
v 0.86495562 0.07730269 -0.59049148
v 0.78543735 -0.04055861 -0.61689421
v 0.80402047 0.04151821 -0.63148967
v 0.81940289 -0.02073993 -0.60715317
v 0.82368773 0.02084838 -0.61032810
v 0.49128084 0.27142323 -0.74280027
v 0.55648660 0.24471243 -0.73988066
v 0.68547362 0.18168555 -0.71761940
v 0.62350615 0.21547542 -0.73399455
v 0.92866227 0.27268149 -0.51456721
v 0.86471972 0.23988880 -0.57299319
v 0.91582938 0.23391733 -0.52074051
v 0.74556704 0.17873796 -0.68215965
v 0.81868815 0.21255195 -0.64002671
v 0.76939355 0.15885870 -0.66455124
v 0.90349406 0.16182899 -0.54003542
v 0.86738249 0.20599399 -0.58791427
v 0.90588907 0.19677371 -0.52825894
v 0.88667519 0.14922607 -0.57812770
v 0.88502936 0.21830988 -0.55053954
v 0.81723448 0.11863809 -0.62851627
v 0.84358725 0.19209996 -0.62151549
v 0.79326048 0.13879505 -0.64662928
v 0.85679454 0.13451387 -0.60752187
v 0.80594610 0.17524355 -0.64345374
v 0.86637681 0.17100318 -0.60076772
v 0.65366533 -0.11173571 -0.64596901
v 0.65064364 -0.03691200 -0.64298289
v 0.66583307 -0.09239200 -0.62149936
v 0.70612659 0.12070328 -0.69781259
v 0.67310897 0.03818649 -0.66518371
v 0.73408210 0.10186234 -0.68520411
v 0.73644191 -0.05846865 -0.61314153
v 0.68297026 -0.01900318 -0.63767263
v 0.69141526 -0.07486807 -0.60953068
v 0.75927241 -0.02009248 -0.63208920
v 0.67014982 -0.05570125 -0.62564453
v 0.78267368 0.06213915 -0.65163284
v 0.70224734 0.01953955 -0.65567117
v 0.75960480 0.08225180 -0.66964451
v 0.77546103 0.02052088 -0.64556612
v 0.72130039 0.05995277 -0.67339814
v 0.73120998 0.00000000 -0.64485336
v 0.35140590 0.84787879 -0.56858669
v 0.37994962 0.78182016 -0.61477140
v 0.32794539 0.82427059 -0.59026894
v 0.39585958 0.84533070 -0.56754227
v 0.43736116 0.65582525 -0.70766522
v 0.41259575 0.72546514 -0.66759395
v 0.28986516 0.79826492 -0.64813126
v 0.36166331 0.77032956 -0.64496419
v 0.30899446 0.81156221 -0.61939975
v 0.34455095 0.79668230 -0.61711698
v 0.48130314 0.82758298 -0.55721873
v 0.42018055 0.77090827 -0.60848922
v 0.43986912 0.83944563 -0.56435284
v 0.40788646 0.80713792 -0.58790609
v 0.46479487 0.32615890 -0.75205390
v 0.47608248 0.41747012 -0.77031763
v 0.43219709 0.33769094 -0.75137988
v 0.45239239 0.57496870 -0.73198627
v 0.46910990 0.49971204 -0.75903577
v 0.37176363 0.36254117 -0.75518816
v 0.44097371 0.42818287 -0.76860839
v 0.40115209 0.34971444 -0.75225695
v 0.43640757 0.38163660 -0.75961736
v 0.19826613 0.69534276 -0.71566660
v 0.26902145 0.67638201 -0.72074586
v 0.21986771 0.71894781 -0.69826180
v 0.20892285 0.65582539 -0.72952713
v 0.40954633 0.62816074 -0.72093357
v 0.33889797 0.65275196 -0.72116547
v 0.40106773 0.66828758 -0.70792404
v 0.26655796 0.77351105 -0.66759765
v 0.29130937 0.69941260 -0.70266053
v 0.24217557 0.74368025 -0.68111720
v 0.30433939 0.76539099 -0.67095792
v 0.25550887 0.70923043 -0.70050201
v 0.22272431 0.56236289 -0.73357084
v 0.28081552 0.64109384 -0.73963027
v 0.21680382 0.61008430 -0.73436146
v 0.24518608 0.64996313 -0.73615532
v 0.37773500 0.74110822 -0.67105061
v 0.32787994 0.68951640 -0.70484326
v 0.39090913 0.70700655 -0.69209110
v 0.34157088 0.75461508 -0.67216212
v 0.36438831 0.67933833 -0.70677959
v 0.31667217 0.72802098 -0.68908217
v 0.61149904 0.72819924 -0.49434996
v 0.58980011 0.72836703 -0.58697893
v 0.58337826 0.75704546 -0.51270757
v 0.47815991 0.64396844 -0.70237617
v 0.52493488 0.67507651 -0.63601017
v 0.46572750 0.67861844 -0.68207556
v 0.51940995 0.80876228 -0.54551399
v 0.54906869 0.74287081 -0.59505838
v 0.55301414 0.78463609 -0.53025217
v 0.49576848 0.79340194 -0.58135069
v 0.57462813 0.76095488 -0.56177204
v 0.43453721 0.73838528 -0.63191353
v 0.51444274 0.71231435 -0.61742293
v 0.45033092 0.70903402 -0.65733106
v 0.46237808 0.76179687 -0.60421656
v 0.48740124 0.69162850 -0.64624347
v 0.50589794 0.75323862 -0.60037367
v 0.26077891 0.42104228 -0.78083988
v 0.30203176 0.46114086 -0.74752410
v 0.28844557 0.40603594 -0.77393624
v 0.24823379 0.44984051 -0.75958733
v 0.41858956 0.58823101 -0.73500877
v 0.36877127 0.53814619 -0.76541709
v 0.42815099 0.55166530 -0.75017637
v 0.38463204 0.60268575 -0.73745035
v 0.34328597 0.37642872 -0.76023606
v 0.33505943 0.45310896 -0.75260335
v 0.31583443 0.39099545 -0.76673831
v 0.36883551 0.40111360 -0.75298142
v 0.30706376 0.42321597 -0.75245654
v 0.22887599 0.51791258 -0.73428959
v 0.29863932 0.50588853 -0.75011770
v 0.23718168 0.48088115 -0.74262853
v 0.25888903 0.55888951 -0.74430000
v 0.26903702 0.47041122 -0.74397670
v 0.44163192 0.47362669 -0.77097099
v 0.37104028 0.49297123 -0.76526898
v 0.43681804 0.51443321 -0.76388080
v 0.40530556 0.43752795 -0.76440036
v 0.40333602 0.52742695 -0.76621488
v 0.36972882 0.44560441 -0.75864399
v 0.31617687 0.62970016 -0.74046130
v 0.33275249 0.54761154 -0.76120495
v 0.35053564 0.61669010 -0.73947596
v 0.29023485 0.60056677 -0.75146350
v 0.36134456 0.57961368 -0.75597945
v 0.29581141 0.55424728 -0.75391477
v 0.03378334 0.02087925 -1.01080657
v 0.09868114 0.06098830 -0.98013515
v 0.03364461 0.05564812 -1.00544934
v 0.06752663 0.00000000 -1.00864799
v 0.22163817 0.13697992 -0.92384520
v 0.16298623 0.10073103 -0.96324731
v 0.03296141 0.12270455 -0.97935788
v 0.09815402 0.09463967 -0.97246629
v 0.03330426 0.08962758 -0.99312354
v 0.06623371 0.07525808 -0.98695672
v 0.13406609 -0.04135841 -0.99507336
v 0.13130260 0.04050589 -0.97456203
v 0.10108243 -0.02081988 -1.00341248
v 0.10003148 0.02060342 -0.99298007
v 0.43336755 0.26783587 -0.76245195
v 0.38944728 0.24069166 -0.81750133
v 0.40875625 0.28447591 -0.77440681
v 0.28922811 0.17875280 -0.92163211
v 0.34584680 0.21374508 -0.88191264
v 0.35780846 0.31743836 -0.79680040
v 0.36264804 0.25661116 -0.82700596
v 0.38367512 0.30114840 -0.78615798
v 0.38760507 0.27183432 -0.80397608
v 0.03256596 0.25468508 -0.94350414
v 0.09669377 0.22672025 -0.93756586
v 0.03271487 0.22284134 -0.95597263
v 0.06392305 0.27192068 -0.92206694
v 0.22122424 0.16991748 -0.91724239
v 0.15911970 0.19793120 -0.92627130
v 0.19145204 0.15170263 -0.93264547
v 0.03272870 0.15603983 -0.96898173
v 0.09762739 0.19570484 -0.95370620
v 0.03271464 0.18944677 -0.96271618
v 0.06545786 0.14238236 -0.96881896
v 0.06535959 0.20953036 -0.95612772
v 0.12907446 0.31662639 -0.91453691
v 0.12721028 0.24450778 -0.91764249
v 0.09531096 0.29114935 -0.90891081
v 0.09566161 0.25808750 -0.91967377
v 0.13087811 0.11488927 -0.96667539
v 0.12970386 0.18119418 -0.94862355
v 0.16240384 0.13423422 -0.95522591
v 0.09823044 0.12867143 -0.96826296
v 0.16084407 0.16653635 -0.94132145
v 0.09821680 0.16273319 -0.96364196
v 0.26018466 -0.12013022 -0.94135694
v 0.26143590 -0.04005711 -0.94588396
v 0.22950948 -0.10099753 -0.95593302
v 0.25334790 0.11697361 -0.91662130
v 0.25947739 0.03975702 -0.93879802
v 0.22509298 0.09905401 -0.93753777
v 0.16680082 -0.06177683 -0.98375011
v 0.22927243 -0.02026190 -0.95423486
v 0.19841490 -0.08155482 -0.97043028
v 0.16519767 -0.02040950 -0.97463627
v 0.22900086 -0.06033728 -0.95334157
v 0.16379662 0.06066418 -0.96603203
v 0.22942641 0.02027551 -0.95487572
v 0.19585270 0.08050168 -0.95789881
v 0.16411252 0.02027544 -0.96823407
v 0.22814241 0.06011109 -0.94976778
v 0.19681720 0.00000000 -0.96150638
v 0.24527539 0.37663328 -0.82348421
v 0.25307967 0.32180187 -0.86866701
v 0.27424227 0.36270632 -0.81875423
v 0.21851950 0.36455499 -0.85115936
v 0.25720231 0.19273212 -0.92097269
v 0.26168866 0.26440352 -0.91763179
v 0.29231141 0.21496196 -0.92198721
v 0.22400838 0.20548017 -0.91893547
v 0.33064139 0.33333428 -0.80586141
v 0.28069855 0.30525426 -0.85746268
v 0.30282676 0.34831918 -0.81306016
v 0.33312698 0.30317737 -0.82139938
v 0.27664525 0.33324479 -0.83558925
v 0.16364220 0.34153983 -0.91577696
v 0.22808075 0.31162345 -0.90692183
v 0.19312859 0.35610359 -0.88986288
v 0.16278745 0.30522272 -0.92004381
v 0.22361246 0.33908238 -0.88001343
v 0.33969376 0.24294822 -0.85712785
v 0.28646051 0.27766016 -0.88464821
v 0.31929581 0.23124830 -0.89678584
v 0.33542221 0.27249309 -0.83665623
v 0.29121486 0.24827988 -0.90900057
v 0.30809369 0.28870433 -0.84677920
v 0.15921946 0.23107540 -0.91670033
v 0.22966191 0.27906371 -0.92259916
v 0.19128988 0.21819488 -0.91720453
v 0.16065584 0.26713321 -0.91659558
v 0.22767327 0.24279115 -0.92420906
v 0.19651568 0.29276409 -0.92310687
v 0.80638550 0.49837365 -0.34972202
v 0.81272591 0.50229224 -0.44045309
v 0.82791405 0.47621989 -0.37208752
v 0.78673490 0.52820193 -0.36841977
v 0.76488955 0.47272774 -0.60081394
v 0.81959440 0.50653720 -0.53958089
v 0.86596836 0.42629844 -0.41572313
v 0.83496714 0.47904572 -0.46515056
v 0.84681787 0.45157809 -0.39367458
v 0.82995939 0.47681975 -0.41697688
v 0.74254164 0.58609902 -0.40471943
v 0.79103581 0.53261121 -0.46004815
v 0.76541937 0.55751897 -0.38680403
v 0.78901020 0.53044549 -0.41344098
v 0.50532309 0.31230685 -0.75353986
v 0.59012655 0.36471826 -0.75047869
v 0.53991706 0.29997057 -0.75395761
v 0.51327102 0.35800549 -0.76449592
v 0.71301681 0.44066863 -0.66078481
v 0.65533228 0.40501762 -0.71214055
v 0.60727389 0.27159243 -0.74794331
v 0.61886878 0.34703033 -0.73916184
v 0.57422827 0.28646016 -0.75237674
v 0.58606030 0.32721127 -0.75658891
v 0.51335331 0.44341395 -0.76243392
v 0.58493879 0.40391825 -0.74107172
v 0.51642877 0.40251604 -0.76816106
v 0.55449319 0.38470475 -0.76126527
v 0.93500176 0.31226472 -0.50416902
v 0.88418722 0.35724952 -0.54544710
v 0.92843894 0.34602863 -0.48709383
v 0.90219030 0.29483656 -0.53429241
v 0.76258354 0.43429347 -0.61029923
v 0.82417036 0.39707807 -0.57945418
v 0.79810562 0.45550583 -0.58691155
v 0.88792561 0.40094442 -0.43965384
v 0.88653866 0.39468751 -0.53374545
v 0.91059995 0.37509384 -0.46435718
v 0.87369989 0.42796746 -0.46542039
v 0.90928479 0.37106250 -0.51142336
v 0.84400990 0.26307550 -0.59530102
v 0.84606512 0.33683823 -0.57059663
v 0.86596340 0.27657253 -0.56074532
v 0.87433605 0.31617759 -0.55283651
v 0.84040796 0.48140720 -0.51628356
v 0.85986173 0.41690353 -0.55390602
v 0.82991070 0.47457662 -0.55890085
v 0.85812604 0.45500142 -0.49117471
v 0.83019727 0.43701639 -0.57146947
v 0.87720637 0.42751077 -0.51524434
v 0.63989312 0.69793122 -0.47513391
v 0.69430352 0.65412452 -0.53988567
v 0.66637924 0.66977401 -0.45732790
v 0.63910708 0.70798113 -0.52766653
v 0.73027109 0.49575647 -0.61323886
v 0.72772240 0.58645943 -0.58927811
v 0.76667250 0.51922747 -0.59079685
v 0.71793187 0.61440941 -0.42250045
v 0.72068151 0.62467545 -0.52048561
v 0.69252592 0.64202673 -0.43984608
v 0.74213071 0.58861841 -0.45044156
v 0.69296964 0.64749660 -0.48834637
v 0.60007053 0.68702921 -0.60531713
v 0.68083793 0.64936134 -0.58412951
v 0.62880377 0.70791625 -0.57488023
v 0.66363957 0.68275399 -0.55887405
v 0.79640765 0.53718073 -0.51147546
v 0.74558165 0.59722983 -0.55107232
v 0.79221075 0.53537108 -0.55835279
v 0.76866719 0.56322676 -0.48031263
v 0.76155172 0.56221265 -0.57507883
v 0.74533305 0.59407249 -0.50058832
v 0.72025919 0.19953844 -0.69980492
v 0.73219706 0.27329566 -0.68712836
v 0.69490502 0.21881073 -0.71549159
v 0.75211506 0.21539161 -0.67613133
v 0.73852432 0.41953925 -0.64348784
v 0.74662369 0.35086158 -0.67579508
v 0.71856347 0.40709539 -0.67833131
v 0.76434357 0.39865874 -0.62466440
v 0.63879144 0.25505624 -0.74013478
v 0.70367944 0.29173179 -0.70042680
v 0.66784817 0.23745768 -0.72919241
v 0.64524472 0.29267616 -0.73605882
v 0.69888439 0.25491884 -0.70759265
v 0.82439764 0.25030084 -0.63199164
v 0.77113556 0.29277713 -0.66840187
v 0.79103356 0.23353499 -0.65716568
v 0.82241274 0.28605889 -0.61754380
v 0.76192136 0.25376779 -0.67271237
v 0.65019856 0.36599736 -0.71807922
v 0.71126397 0.33086673 -0.69579749
v 0.68714230 0.38811394 -0.70195111
v 0.64718224 0.32887692 -0.72657095
v 0.71782057 0.37008061 -0.68995064
v 0.67537745 0.31037408 -0.71354184
v 0.81781481 0.35749888 -0.58833673
v 0.77418460 0.33057672 -0.65837899
v 0.79066710 0.37792463 -0.60620889
v 0.81785485 0.32089940 -0.60125342
v 0.77024308 0.36512025 -0.64234851
v 0.79932296 0.30871942 -0.63881587
v 0.48702988 0.60244428 -0.71741644
v 0.56674640 0.56947033 -0.70326101
v 0.49292572 0.56086971 -0.72783629
v 0.51741158 0.62668635 -0.69422186
v 0.70137047 0.47747526 -0.64304637
v 0.63724833 0.52595680 -0.67639072
v 0.68197596 0.46565950 -0.67851935
v 0.69408256 0.51730776 -0.62656060
v 0.50629989 0.48207233 -0.75062466
v 0.57385778 0.52950659 -0.71640398
v 0.49895448 0.52037295 -0.73832361
v 0.54320871 0.46324148 -0.74134743
v 0.53377813 0.54599359 -0.72303542
v 0.56470939 0.65820261 -0.62777250
v 0.58960861 0.58449816 -0.66920018
v 0.53920984 0.64028913 -0.65873100
v 0.60617866 0.64226422 -0.61996212
v 0.55446734 0.60647615 -0.68277950
v 0.61811137 0.42504612 -0.72225758
v 0.61266791 0.51048081 -0.70682853
v 0.65448359 0.44838015 -0.70596259
v 0.58046864 0.44420493 -0.73185546
v 0.64859592 0.48917548 -0.69414616
v 0.57754043 0.48665777 -0.72459166
v 0.68919039 0.60722127 -0.60195816
v 0.62431252 0.56159698 -0.65457491
v 0.69150516 0.56155322 -0.61422668
v 0.64820272 0.62569441 -0.61178351
v 0.65873531 0.53921336 -0.64029332
v 0.61329439 0.59965918 -0.63535663
v 0.48538615 -0.26038606 -0.78537129
v 0.49784812 -0.18836273 -0.80553518
v 0.51310638 -0.24412412 -0.77637186
v 0.46164605 -0.24546200 -0.81143918
v 0.51649536 -0.03859988 -0.83570705
v 0.51578122 -0.11611778 -0.83455154
v 0.58080099 -0.21537522 -0.77359408
v 0.53357419 -0.17414186 -0.80825068
v 0.54875702 -0.23091670 -0.77819527
v 0.52327981 -0.20952238 -0.79225242
v 0.41176636 -0.21405509 -0.86206256
v 0.46723338 -0.17021708 -0.82008301
v 0.43757058 -0.23025526 -0.83800368
v 0.46328499 -0.20714063 -0.81368286
v 0.46305179 0.24840476 -0.74923354
v 0.47850805 0.18104534 -0.77424229
v 0.48902629 0.23266737 -0.73993672
v 0.44231000 0.23518082 -0.77745204
v 0.50042470 0.03739885 -0.80970417
v 0.48937997 0.11017407 -0.79183343
v 0.54603965 0.20248486 -0.72729394
v 0.50082290 0.16345286 -0.75863947
v 0.51664909 0.21740570 -0.73266284
v 0.49312581 0.19744865 -0.74659887
v 0.39593787 0.20582672 -0.82892449
v 0.45613217 0.16617281 -0.80059828
v 0.42051651 0.22128119 -0.80534295
v 0.45039639 0.20137797 -0.79104618
v 0.63855053 -0.13184438 -0.67026001
v 0.60252127 -0.09501407 -0.71334861
v 0.62058561 -0.15082291 -0.69022585
v 0.63834433 -0.09388749 -0.66984568
v 0.52828804 -0.01953138 -0.80102271
v 0.56533479 -0.05764423 -0.75604995
v 0.53628931 -0.05815792 -0.81307422
v 0.59899292 -0.19440705 -0.75003571
v 0.58766402 -0.11449660 -0.73811147
v 0.60790235 -0.17161587 -0.71707349
v 0.58234770 -0.17613395 -0.77648959
v 0.60398434 -0.13267810 -0.71380499
v 0.63163085 -0.01863445 -0.66260743
v 0.60268460 -0.05701327 -0.71311692
v 0.63496971 -0.05593295 -0.66617491
v 0.62129527 -0.07559610 -0.69229965
v 0.54050711 -0.13657074 -0.81906321
v 0.57117756 -0.09599055 -0.76342420
v 0.54133541 -0.09763421 -0.82056460
v 0.56281240 -0.15677957 -0.79971186
v 0.55434436 -0.07730320 -0.78859323
v 0.57809591 -0.13577510 -0.77171138
v 0.29240371 -0.14013787 -0.92661480
v 0.35745149 -0.10017340 -0.90253658
v 0.32311121 -0.15912584 -0.91304548
v 0.29373891 -0.10037668 -0.93143133
v 0.49041251 -0.02045936 -0.85971201
v 0.41571567 -0.05949375 -0.86516792
v 0.48926878 -0.05928622 -0.85781532
v 0.38342277 -0.19638992 -0.88241346
v 0.38510652 -0.11805827 -0.88196639
v 0.35372202 -0.17802189 -0.89883059
v 0.41250604 -0.17466570 -0.86224534
v 0.35676067 -0.13937246 -0.90357670
v 0.29399342 -0.02021916 -0.93281703
v 0.35498123 -0.05980910 -0.89724153
v 0.29472422 -0.06035607 -0.93494191
v 0.32694508 -0.08050092 -0.92064557
v 0.47434002 -0.13366247 -0.83216501
v 0.41252816 -0.09687903 -0.85926217
v 0.48282318 -0.09716078 -0.84672332
v 0.43891785 -0.15250974 -0.83831154
v 0.44881895 -0.07813726 -0.85587269
v 0.41196401 -0.13527647 -0.85965386
v 0.67423093 0.13921147 -0.70771225
v 0.58899026 0.09288031 -0.69732872
v 0.64236697 0.15611651 -0.71445146
v 0.65872112 0.09688450 -0.69122803
v 0.52078472 0.01925398 -0.78964572
v 0.55649543 0.05674293 -0.74422865
v 0.51613286 0.05597205 -0.78251479
v 0.54143647 0.00000000 -0.77052972
v 0.57751247 0.18743543 -0.72313872
v 0.56589271 0.11025482 -0.71076650
v 0.60975023 0.17213754 -0.71925322
v 0.54148448 0.16377467 -0.72200347
v 0.59634137 0.13099916 -0.70477233
v 0.63341406 0.01868706 -0.66447809
v 0.59008331 0.05582121 -0.69820664
v 0.64312920 0.05665170 -0.67473539
v 0.61356963 0.00000000 -0.68342286
v 0.61494017 0.07482284 -0.68521827
v 0.50811584 0.12838639 -0.76997875
v 0.55031014 0.09248363 -0.73553323
v 0.51279684 0.09248705 -0.77730539
v 0.52241745 0.14552697 -0.74231383
v 0.53533223 0.07465197 -0.76154716
v 0.54387040 0.12773669 -0.72602308
v 0.58263219 -0.03804802 -0.73289773
v 0.57655028 0.03765085 -0.72524724
v 0.56216243 -0.01910681 -0.75173083
v 0.60059237 -0.01894127 -0.71071266
v 0.56021461 0.01904060 -0.74912618
v 0.59545918 0.01877938 -0.70463829
v 0.28851559 0.13827444 -0.91429353
v 0.36044764 0.10101305 -0.91010163
v 0.32530433 0.16020591 -0.91924279
v 0.28687862 0.09803238 -0.90967771
v 0.48509386 0.02023748 -0.85038821
v 0.42835587 0.06130271 -0.89147410
v 0.47626963 0.05771107 -0.83502443
v 0.46026927 0.00000000 -0.87724278
v 0.37532244 0.19224091 -0.86377127
v 0.39303141 0.12048773 -0.90011588
v 0.35510516 0.17871800 -0.90234524
v 0.40407803 0.17109706 -0.84462860
v 0.36023878 0.14073122 -0.91238579
v 0.29125086 0.02003054 -0.92411511
v 0.35617554 0.06001032 -0.90026024
v 0.28810952 0.05900146 -0.91395836
v 0.32216838 0.00000000 -0.90788145
v 0.32117195 0.07907945 -0.90438900
v 0.46102926 0.12991168 -0.80881309
v 0.42351196 0.09945849 -0.88214053
v 0.46749116 0.09407544 -0.81983567
v 0.43256314 0.15030169 -0.82617436
v 0.45093148 0.07850504 -0.85990116
v 0.41418234 0.13600490 -0.86428289
v 0.38388687 -0.03947530 -0.87706659
v 0.39206133 0.04031588 -0.89574278
v 0.42143669 -0.02011716 -0.87720917
v 0.35281498 -0.01982288 -0.89160752
v 0.42701046 0.02038322 -0.88881083
v 0.35301230 0.01983396 -0.89210618
v 0.52854160 0.80397178 0.01956677
v 0.57460513 0.77555180 0.05889107
v 0.52072722 0.81080061 0.05137862
v 0.55053501 0.78838906 0.00000000
v 0.64786479 0.69427431 0.13521328
v 0.61475961 0.73880454 0.09774411
v 0.50168853 0.81914122 0.11507138
v 0.56520458 0.77988615 0.09081041
v 0.51200911 0.81626601 0.08334715
v 0.54382713 0.79660139 0.07119374
v 0.59358299 0.75575722 -0.03902598
v 0.59617160 0.75905306 0.03919617
v 0.57218096 0.77220504 -0.01954530
v 0.57353479 0.77403214 0.01959155
v 0.75444958 0.49898558 0.27567995
v 0.73082419 0.54967496 0.24171704
v 0.67705048 0.64672200 0.17141439
v 0.70467541 0.59860043 0.20686834
v 0.44741886 0.80747666 0.23709797
v 0.51168538 0.77219843 0.21422173
v 0.46195059 0.81243522 0.20750883
v 0.63355130 0.69244049 0.16600171
v 0.57371304 0.73386323 0.19052927
v 0.61827773 0.71581974 0.14779717
v 0.48957150 0.81906653 0.14670679
v 0.52600803 0.77604879 0.18430322
v 0.47617626 0.81657466 0.17737318
v 0.52195125 0.80051730 0.13472583
v 0.49428224 0.79459198 0.19600172
v 0.58470623 0.76027004 0.11036856
v 0.55744285 0.75662101 0.17229619
v 0.60216281 0.73871069 0.12925060
v 0.55370321 0.78089351 0.12259767
v 0.58809766 0.73661086 0.16016742
v 0.54034934 0.77924650 0.15380563
v 0.67890875 0.68699753 -0.11743342
v 0.67519557 0.68324010 -0.03876125
v 0.65820736 0.70515957 -0.09784900
v 0.67165940 0.67966181 0.11617947
v 0.67899744 0.68708728 0.03897950
v 0.65543784 0.70219249 0.09743729
v 0.61525805 0.73898406 -0.05867048
v 0.65611032 0.70271769 -0.01955264
v 0.63675948 0.72230199 -0.07821256
v 0.61498876 0.73873117 -0.01954890
v 0.65581238 0.70246366 -0.05838710
v 0.61786867 0.74211967 0.05891943
v 0.65844195 0.70521495 0.01962212
v 0.63755295 0.72320205 0.07831002
v 0.61696979 0.74111080 0.01961187
v 0.65907032 0.70595336 0.05867716
v 0.63687436 0.72216247 0.00000000
v 0.82353856 0.03165971 0.49688189
v 0.83444288 0.09528776 0.47931738
v 0.82948758 0.21877968 0.42908512
v 0.83654865 0.15815329 0.45660631
v 0.77466553 0.44605953 0.30839005
v 0.79139200 0.39110638 0.33971781
v 0.81813638 0.27735431 0.39969617
v 0.80546877 0.33472000 0.36995541
v 0.32772469 0.75566428 0.46702621
v 0.39949706 0.73715367 0.45558603
v 0.34361701 0.76456568 0.43978163
v 0.53699826 0.68364653 0.42251679
v 0.47010494 0.71406416 0.44131592
v 0.37412205 0.77931160 0.38363910
v 0.41454326 0.74412465 0.42692666
v 0.35908827 0.77242062 0.41190466
v 0.37913229 0.75463272 0.43354385
v 0.74358585 0.49864795 0.30818138
v 0.70071148 0.55099293 0.34053236
v 0.73225395 0.52437484 0.29133552
v 0.59839846 0.64569911 0.39906400
v 0.65307759 0.60098085 0.37142659
v 0.70668581 0.57377589 0.25661105
v 0.68737190 0.57550727 0.32271539
v 0.71988937 0.54943329 0.27409091
v 0.71012430 0.55006841 0.30711615
v 0.43236314 0.80183486 0.26779065
v 0.46959800 0.76123340 0.30757091
v 0.41789729 0.79654492 0.29687181
v 0.46509618 0.78534760 0.25665227
v 0.54957760 0.68671041 0.39108351
v 0.50962471 0.72485038 0.34922658
v 0.51752499 0.70375102 0.40165447
v 0.38895718 0.78553856 0.35471136
v 0.45640524 0.75807839 0.33749693
v 0.40345110 0.79116372 0.32589573
v 0.40868190 0.76718885 0.37579479
v 0.43675539 0.77652893 0.31688726
v 0.52894284 0.74992814 0.23375049
v 0.50240490 0.74495228 0.29658285
v 0.49735437 0.76806826 0.24530665
v 0.48335898 0.76445417 0.27644208
v 0.44986949 0.73229893 0.41947958
v 0.47685307 0.74024778 0.35890876
v 0.48417212 0.71894618 0.41112260
v 0.42914241 0.74975007 0.39753758
v 0.49731643 0.72247208 0.38030979
v 0.44306102 0.75431385 0.36761851
v 0.64898580 0.66795469 0.18504816
v 0.62452245 0.66548482 0.24839504
v 0.66371692 0.64462004 0.20297707
v 0.61996306 0.68963460 0.19749838
v 0.58127333 0.66712138 0.37897682
v 0.60354686 0.66680330 0.31335151
v 0.61024975 0.64644396 0.36623676
v 0.56212068 0.68781466 0.35874355
v 0.69267535 0.59783041 0.23870135
v 0.64100979 0.64398651 0.26698427
v 0.67833951 0.62127334 0.22089770
v 0.68227656 0.59809805 0.27129093
v 0.65170390 0.64368345 0.23478424
v 0.56012753 0.73065494 0.22183899
v 0.59571883 0.68728110 0.26094010
v 0.59034265 0.71059834 0.20978829
v 0.54703342 0.72851068 0.25339705
v 0.60731132 0.68784741 0.22909650
v 0.66316475 0.60047521 0.33800804
v 0.63097172 0.64499722 0.30004068
v 0.63758356 0.62413269 0.35252465
v 0.67271704 0.59921267 0.30450035
v 0.62096786 0.64605130 0.33307914
v 0.65714860 0.62200045 0.28584433
v 0.52231070 0.72603563 0.31737861
v 0.58466158 0.68750067 0.29356269
v 0.54229985 0.70731172 0.33808226
v 0.53455225 0.72712460 0.28529983
v 0.57368846 0.68791249 0.32609288
v 0.56572034 0.70786166 0.27339468
v 0.78019222 0.48218531 -0.25866896
v 0.79506291 0.49137590 -0.18591394
v 0.76193604 0.50356571 -0.23958489
v 0.81983328 0.50668483 -0.03786670
v 0.82364551 0.50904092 -0.11460034
v 0.74256086 0.55750179 -0.20673530
v 0.79124105 0.52234513 -0.17047704
v 0.75008927 0.52893762 -0.22257671
v 0.77250181 0.51023461 -0.20429905
v 0.77544297 0.47925011 0.25709437
v 0.79930111 0.49399526 0.18690499
v 0.76454701 0.50529131 0.24040589
v 0.81867890 0.50597138 0.03781338
v 0.81723840 0.50508111 0.11370887
v 0.74086671 0.55622985 0.20626364
v 0.78777875 0.52005946 0.16973107
v 0.75297564 0.53097300 0.22343319
v 0.77601980 0.51255823 0.20522943
v 0.69886187 0.66579925 -0.13747055
v 0.73747783 0.62290173 -0.09822795
v 0.71488973 0.64276103 -0.15621228
v 0.69825956 0.66542197 -0.09787006
v 0.80261843 0.52934044 -0.01957029
v 0.77099930 0.57651313 -0.05878403
v 0.80535957 0.53120087 -0.05760610
v 0.73585150 0.58766514 -0.19073055
v 0.75640841 0.60223154 -0.11733484
v 0.72720037 0.61648746 -0.17403952
v 0.76117086 0.57085904 -0.17265915
v 0.73696125 0.62357795 -0.13698226
v 0.69589811 0.66336521 -0.01957069
v 0.73434629 0.62062642 -0.05871055
v 0.69560523 0.66302145 -0.05840396
v 0.71654905 0.64305758 -0.07824403
v 0.80522952 0.53137814 -0.13426411
v 0.77407753 0.57914815 -0.09733007
v 0.80852920 0.53339552 -0.09620219
v 0.78442585 0.55205458 -0.15378283
v 0.79016514 0.55544935 -0.07745729
v 0.77266126 0.57880747 -0.13594223
v 0.68745869 0.65493555 0.13522747
v 0.73417031 0.62010807 0.09778740
v 0.70154283 0.63076076 0.15329581
v 0.69532606 0.66262643 0.09745889
v 0.80322270 0.52973897 0.01958503
v 0.77305413 0.57804962 0.05894069
v 0.80486118 0.53087214 0.05757045
v 0.78679542 0.55286607 0.00000000
v 0.72810492 0.58147857 0.18872266
v 0.74885498 0.59621771 0.11616314
v 0.71507038 0.60620421 0.17113647
v 0.75201633 0.56399337 0.17058259
v 0.72572720 0.61407229 0.13489413
v 0.69838974 0.66574036 0.01964076
v 0.73756066 0.62334302 0.05896754
v 0.69909499 0.66634774 0.05869696
v 0.71653409 0.64329653 0.00000000
v 0.71749347 0.64390513 0.07834715
v 0.79780512 0.52647871 0.13302616
v 0.77034814 0.57635790 0.09686115
v 0.80370872 0.53021540 0.09562863
v 0.77564726 0.54587648 0.15206183
v 0.78898558 0.55462017 0.07734166
v 0.76269607 0.57134246 0.13418895
v 0.75220857 0.59798374 -0.03905054
v 0.75560087 0.60068052 0.03922665
v 0.76967281 0.57557988 -0.01956284
v 0.73419623 0.62043731 -0.01956713
v 0.77156673 0.57699619 0.01961098
v 0.73661201 0.62247878 0.01963152
v 0.51991845 -0.79085501 0.01924754
v 0.55376418 -0.74742251 0.05675509
v 0.50857872 -0.79188473 0.05017996
v 0.53959164 -0.77271770 0.00000000
v 0.66037927 -0.70768525 0.13782512
v 0.58284146 -0.70044601 0.09266926
v 0.48625626 -0.79394391 0.11153171
v 0.54266166 -0.74878075 0.08718848
v 0.49740804 -0.79298840 0.08097032
v 0.52635882 -0.77101370 0.06890692
v 0.57870134 -0.73680971 -0.03804756
v 0.57325377 -0.72987379 0.03768941
v 0.55925728 -0.75476347 -0.01910384
v 0.55718262 -0.75196354 0.01903297
v 0.85544130 -0.56578052 0.31258287
v 0.82550184 -0.62088488 0.27303127
v 0.72803579 -0.69542341 0.18432275
v 0.77987753 -0.66248235 0.22894508
v 0.43611244 -0.78707145 0.23110643
v 0.49257653 -0.74336073 0.20622163
v 0.44985794 -0.79116780 0.20207679
v 0.65849535 -0.71970312 0.17253749
v 0.56522631 -0.72300745 0.18771084
v 0.61330132 -0.71005823 0.14660758
v 0.47474680 -0.79426441 0.14226436
v 0.50498891 -0.74503811 0.17693851
v 0.46272272 -0.79350376 0.17236181
v 0.50418259 -0.77326548 0.13013939
v 0.47825093 -0.76882057 0.18964469
v 0.55542794 -0.72220066 0.10484202
v 0.53431985 -0.72523601 0.16514926
v 0.57579891 -0.70636844 0.12359175
v 0.53065777 -0.74839228 0.11749508
v 0.57001036 -0.71395595 0.15524137
v 0.51792952 -0.74691451 0.14742402
v 0.64824370 -0.65596712 -0.11212917
v 0.64283617 -0.65049517 -0.03690358
v 0.63289682 -0.67804355 -0.09408634
v 0.69123393 -0.69946956 0.11956535
v 0.65789600 -0.66573443 0.03776812
v 0.64467874 -0.69066591 0.09583784
v 0.59790889 -0.71814605 -0.05701608
v 0.62587015 -0.67032939 -0.01865145
v 0.61601114 -0.69876631 -0.07566406
v 0.59632845 -0.71631621 -0.01895574
v 0.63012987 -0.67495423 -0.05610059
v 0.58570522 -0.70348827 0.05585235
v 0.62487873 -0.66926754 0.01862191
v 0.60616713 -0.68759985 0.07445493
v 0.59165034 -0.71069680 0.01880703
v 0.63122261 -0.67612470 0.05619787
v 0.60904258 -0.69060354 0.00000000
v 0.82502605 -0.03171689 0.49777937
v 0.84128294 -0.09606885 0.48324642
v 0.81683269 -0.21544191 0.42253888
v 0.83083366 -0.15707285 0.45348695
v 0.90723378 -0.52239355 0.36116473
v 0.89939951 -0.44448376 0.38608178
v 0.84881923 -0.28775602 0.41468611
v 0.87768504 -0.36473014 0.40312467
v 0.32615890 -0.75205390 0.46479487
v 0.41747012 -0.77031763 0.47608248
v 0.33769094 -0.75137988 0.43219709
v 0.57496870 -0.73198627 0.45239239
v 0.49971204 -0.75903577 0.46910990
v 0.36254117 -0.75518816 0.37176363
v 0.42818287 -0.76860839 0.44097371
v 0.34971444 -0.75225695 0.40115209
v 0.38163660 -0.75961736 0.43640757
v 0.84787879 -0.56858669 0.35140590
v 0.78182016 -0.61477140 0.37994962
v 0.82427059 -0.59026894 0.32794539
v 0.65582525 -0.70766522 0.43736116
v 0.72546514 -0.66759395 0.41259575
v 0.79826492 -0.64813126 0.28986516
v 0.77032956 -0.64496419 0.36166331
v 0.81156221 -0.61939975 0.30899446
v 0.79668230 -0.61711698 0.34455095
v 0.42104228 -0.78083988 0.26077891
v 0.46114086 -0.74752410 0.30203176
v 0.40603594 -0.77393624 0.28844557
v 0.44984051 -0.75958733 0.24823379
v 0.58823101 -0.73500877 0.41858956
v 0.53814619 -0.76541709 0.36877127
v 0.55166530 -0.75017637 0.42815099
v 0.37642872 -0.76023606 0.34328597
v 0.45310896 -0.75260335 0.33505943
v 0.39099545 -0.76673831 0.31583443
v 0.40111360 -0.75298142 0.36883551
v 0.42321597 -0.75245654 0.30706376
v 0.51791258 -0.73428959 0.22887599
v 0.50588853 -0.75011770 0.29863932
v 0.48088115 -0.74262853 0.23718168
v 0.47041122 -0.74397670 0.26903702
v 0.47362669 -0.77097099 0.44163192
v 0.49297123 -0.76526898 0.37104028
v 0.51443321 -0.76388080 0.43681804
v 0.43752795 -0.76440036 0.40530556
v 0.52742695 -0.76621488 0.40333602
v 0.44560441 -0.75864399 0.36972882
v 0.69534276 -0.71566660 0.19826613
v 0.67638201 -0.72074586 0.26902145
v 0.71894781 -0.69826180 0.21986771
v 0.65582539 -0.72952713 0.20892285
v 0.62816074 -0.72093357 0.40954633
v 0.65275196 -0.72116547 0.33889797
v 0.66828758 -0.70792404 0.40106773
v 0.60268575 -0.73745035 0.38463204
v 0.77351105 -0.66759765 0.26655796
v 0.69941260 -0.70266053 0.29130937
v 0.74368025 -0.68111720 0.24217557
v 0.76539099 -0.67095792 0.30433939
v 0.70923043 -0.70050201 0.25550887
v 0.56236289 -0.73357084 0.22272431
v 0.64109384 -0.73963027 0.28081552
v 0.61008430 -0.73436146 0.21680382
v 0.55888951 -0.74430000 0.25888903
v 0.64996313 -0.73615532 0.24518608
v 0.74110822 -0.67105061 0.37773500
v 0.68951640 -0.70484326 0.32787994
v 0.70700655 -0.69209110 0.39090913
v 0.75461508 -0.67216212 0.34157088
v 0.67933833 -0.70677959 0.36438831
v 0.72802098 -0.68908217 0.31667217
v 0.54761154 -0.76120495 0.33275249
v 0.62970016 -0.74046130 0.31617687
v 0.57961368 -0.75597945 0.36134456
v 0.55424728 -0.75391477 0.29581141
v 0.61669010 -0.73947596 0.35053564
v 0.60056677 -0.75146350 0.29023485
v 0.77150383 -0.47681559 -0.25578837
v 0.83193511 -0.51416418 -0.19453597
v 0.75068942 -0.49613278 -0.23604848
v 0.87967368 -0.54366823 -0.04063062
v 0.86392886 -0.53393740 -0.12020528
v 0.71539966 -0.53710963 -0.19917339
v 0.80835972 -0.53364618 -0.17416535
v 0.73185626 -0.51608032 -0.21716636
v 0.77861412 -0.51427176 -0.20591554
v 0.88393569 -0.54630230 0.29306461
v 0.88827059 -0.54898142 0.20770921
v 0.85985182 -0.56827853 0.27037375
v 0.90042582 -0.55649376 0.04158913
v 0.90282742 -0.55797803 0.12561755
v 0.83392187 -0.62609405 0.23217099
v 0.87706144 -0.57900026 0.18896750
v 0.84716792 -0.59739421 0.25138321
v 0.86778835 -0.57317102 0.22949893
v 0.66278851 -0.63143250 -0.13037469
v 0.70591691 -0.59624418 -0.09402421
v 0.67553479 -0.60737679 -0.14761273
v 0.66047100 -0.62941052 -0.09257351
v 0.85989177 -0.56711318 -0.02096679
v 0.80394220 -0.60114612 -0.06129572
v 0.85403132 -0.56330389 -0.06108752
v 0.70086441 -0.55972378 -0.18166200
v 0.73019048 -0.58135755 -0.11326788
v 0.68794831 -0.58321135 -0.16464540
v 0.73163505 -0.54870793 -0.16595943
v 0.69254964 -0.58599918 -0.12872727
v 0.67102882 -0.63965855 -0.01887129
v 0.72634767 -0.61386646 -0.05807106
v 0.66180942 -0.63080870 -0.05556641
v 0.68276257 -0.61273634 -0.07455469
v 0.83234421 -0.54927137 -0.13878522
v 0.78314463 -0.58593196 -0.09847014
v 0.84666198 -0.55855213 -0.10073939
v 0.78287576 -0.55096368 -0.15347894
v 0.82679259 -0.58119674 -0.08104776
v 0.75635299 -0.56659080 -0.13307294
v 0.72922519 -0.69472611 0.14344321
v 0.77855665 -0.65759846 0.10369942
v 0.75312538 -0.67713890 0.16456724
v 0.72237111 -0.68839961 0.10124960
v 0.86819104 -0.57258668 0.02116915
v 0.82340258 -0.61569758 0.06277946
v 0.87737496 -0.57870094 0.06275725
v 0.84040142 -0.59053398 0.00000000
v 0.80870447 -0.64584692 0.20961382
v 0.80251458 -0.63894000 0.12448687
v 0.77824107 -0.65975745 0.18625499
v 0.83624864 -0.62716549 0.18968931
v 0.77779325 -0.65812785 0.14457188
v 0.68805505 -0.65588881 0.01935012
v 0.77628977 -0.65607459 0.06206391
v 0.70737030 -0.67423541 0.05939177
v 0.71889173 -0.64541319 0.00000000
v 0.75082577 -0.67381877 0.08198689
v 0.88351419 -0.58303889 0.14731731
v 0.82782718 -0.61936249 0.10408838
v 0.88362332 -0.58293593 0.10513720
v 0.86135371 -0.60619402 0.16886415
v 0.85287241 -0.59952964 0.08360428
v 0.83314176 -0.62411395 0.14658318
v 0.77823346 -0.61867277 -0.04040161
v 0.79945767 -0.63554539 0.04150345
v 0.81575123 -0.61003842 -0.02073402
v 0.74941258 -0.63329598 -0.01997267
v 0.82044497 -0.61354852 0.02085332
v 0.76730330 -0.64841465 0.02044947
v 0.03492540 -0.54813516 0.90848641
v 0.10514078 -0.52888014 0.92072662
v 0.05624116 -0.57000953 0.88753585
v 0.03516929 -0.51983357 0.93318277
v 0.25142462 -0.49311053 0.95325856
v 0.17531332 -0.50614925 0.92731629
v 0.09797480 -0.60979579 0.84141443
v 0.12708192 -0.55405211 0.90463883
v 0.07730269 -0.59049148 0.86495562
v 0.09196722 -0.56496304 0.90068735
v 0.03506520 -0.45217169 0.96322996
v 0.10496466 -0.49537193 0.93653075
v 0.03513234 -0.48629374 0.94901876
v 0.07023299 -0.50798714 0.93561151
v 0.47199405 -0.32632027 0.81970566
v 0.42639291 -0.37036794 0.86279322
v 0.32012306 -0.46133035 0.94429512
v 0.37448723 -0.41390886 0.90116445
v 0.17873796 -0.68215965 0.74556704
v 0.21255195 -0.64002671 0.81868815
v 0.15885870 -0.66455124 0.76939355
v 0.27268149 -0.51456721 0.92866227
v 0.23988880 -0.57299319 0.86471972
v 0.23391733 -0.52074051 0.91582938
v 0.11863809 -0.62851627 0.81723448
v 0.19209996 -0.62151549 0.84358725
v 0.13879505 -0.64662928 0.79326048
v 0.13451387 -0.60752187 0.85679454
v 0.17524355 -0.64345374 0.80594610
v 0.16182899 -0.54003542 0.90349406
v 0.20599399 -0.58791427 0.86738249
v 0.19677371 -0.52825894 0.90588907
v 0.14922607 -0.57812770 0.88667519
v 0.21830988 -0.55053954 0.88502936
v 0.17100318 -0.60076772 0.86637681
v 0.03659823 -0.32698038 1.05741770
v 0.10951260 -0.37391267 1.03614511
v 0.03645167 -0.36201974 1.04148415
v 0.25286669 -0.46064164 0.97481050
v 0.18172959 -0.41854523 1.00856067
v 0.21659776 -0.47335615 0.97267446
v 0.03537537 -0.42086800 0.98476803
v 0.10917086 -0.40872032 1.01978336
v 0.03591275 -0.39230394 1.01371339
v 0.07067441 -0.44348646 0.97312596
v 0.07291024 -0.38572629 1.03161431
v 0.14096306 -0.48612477 0.94443712
v 0.14549434 -0.43116947 1.00590902
v 0.17837849 -0.48035261 0.95929632
v 0.10593530 -0.46527889 0.95965750
v 0.18121753 -0.45266387 0.99024461
v 0.10770592 -0.43797934 0.99064322
v 0.80341220 -0.01955316 0.52817372
v 0.77363231 -0.05874532 0.57318299
v 0.81161233 -0.05143005 0.52124854
v 0.70572058 -0.13744249 0.65854593
v 0.74215517 -0.09818740 0.61754767
v 0.82548292 -0.11596225 0.50557254
v 0.78277749 -0.09114708 0.56730001
v 0.82071335 -0.08380125 0.51479873
v 0.79758295 -0.07128147 0.54449723
v 0.50742978 -0.28034521 0.76721693
v 0.54818895 -0.24106358 0.72884846
v 0.65904760 -0.17468130 0.68995410
v 0.60254403 -0.20823120 0.70931784
v 0.80316984 -0.23583337 0.44503248
v 0.76783494 -0.21301122 0.50879398
v 0.80105908 -0.20460318 0.45548212
v 0.70571779 -0.16918473 0.64569942
v 0.74057477 -0.19227176 0.57895992
v 0.72864636 -0.15044552 0.62935652
v 0.82143819 -0.14713158 0.49098908
v 0.77797271 -0.18476013 0.52731207
v 0.81040729 -0.17603353 0.47257982
v 0.80759292 -0.13591665 0.52656468
v 0.78912447 -0.19465305 0.49088114
v 0.76661924 -0.11129027 0.58958925
v 0.76485461 -0.17417113 0.56350898
v 0.74883562 -0.13102213 0.61041619
v 0.78894011 -0.12386095 0.55940876
v 0.74854220 -0.16276175 0.59762344
v 0.78735184 -0.15540544 0.54596980
v 0.31230685 -0.75353986 0.50532309
v 0.36471826 -0.75047869 0.59012655
v 0.29997057 -0.75395761 0.53991706
v 0.35800549 -0.76449592 0.51327102
v 0.44066863 -0.66078481 0.71301681
v 0.40501762 -0.71214055 0.65533228
v 0.27159243 -0.74794331 0.60727389
v 0.34703033 -0.73916184 0.61886878
v 0.28646016 -0.75237674 0.57422827
v 0.32721127 -0.75658891 0.58606030
v 0.44341395 -0.76243392 0.51335331
v 0.40391825 -0.74107172 0.58493879
v 0.40251604 -0.76816106 0.51642877
v 0.38470475 -0.76126527 0.55449319
v 0.49837365 -0.34972202 0.80638550
v 0.50229224 -0.44045309 0.81272591
v 0.47621989 -0.37208752 0.82791405
v 0.47272774 -0.60081394 0.76488955
v 0.50653720 -0.53958089 0.81959440
v 0.42629844 -0.41572313 0.86596836
v 0.47904572 -0.46515056 0.83496714
v 0.45157809 -0.39367458 0.84681787
v 0.47681975 -0.41697688 0.82995939
v 0.19953844 -0.69980492 0.72025919
v 0.27329566 -0.68712836 0.73219706
v 0.21881073 -0.71549159 0.69490502
v 0.21539161 -0.67613133 0.75211506
v 0.41953925 -0.64348784 0.73852432
v 0.35086158 -0.67579508 0.74662369
v 0.40709539 -0.67833131 0.71856347
v 0.25505624 -0.74013478 0.63879144
v 0.29173179 -0.70042680 0.70367944
v 0.23745768 -0.72919241 0.66784817
v 0.29267616 -0.73605882 0.64524472
v 0.25491884 -0.70759265 0.69888439
v 0.25030084 -0.63199164 0.82439764
v 0.29277713 -0.66840187 0.77113556
v 0.23353499 -0.65716568 0.79103356
v 0.25376779 -0.67271237 0.76192136
v 0.36599736 -0.71807922 0.65019856
v 0.33086673 -0.69579749 0.71126397
v 0.38811394 -0.70195111 0.68714230
v 0.32887692 -0.72657095 0.64718224
v 0.37008061 -0.68995064 0.71782057
v 0.31037408 -0.71354184 0.67537745
v 0.60244428 -0.71741644 0.48702988
v 0.56947033 -0.70326101 0.56674640
v 0.56086971 -0.72783629 0.49292572
v 0.47747526 -0.64304637 0.70137047
v 0.52595680 -0.67639072 0.63724833
v 0.46565950 -0.67851935 0.68197596
v 0.48207233 -0.75062466 0.50629989
v 0.52950659 -0.71640398 0.57385778
v 0.52037295 -0.73832361 0.49895448
v 0.46324148 -0.74134743 0.54320871
v 0.54599359 -0.72303542 0.53377813
v 0.42504612 -0.72225758 0.61811137
v 0.51048081 -0.70682853 0.61266791
v 0.44838015 -0.70596259 0.65448359
v 0.44420493 -0.73185546 0.58046864
v 0.48917548 -0.69414616 0.64859592
v 0.48665777 -0.72459166 0.57754043
v 0.31226472 -0.50416902 0.93500176
v 0.35724952 -0.54544710 0.88418722
v 0.34602863 -0.48709383 0.92843894
v 0.29483656 -0.53429241 0.90219030
v 0.43429347 -0.61029923 0.76258354
v 0.39707807 -0.57945418 0.82417036
v 0.45550583 -0.58691155 0.79810562
v 0.39865874 -0.62466440 0.76434357
v 0.40094442 -0.43965384 0.88792561
v 0.39468751 -0.53374545 0.88653866
v 0.37509384 -0.46435718 0.91059995
v 0.42796746 -0.46542039 0.87369989
v 0.37106250 -0.51142336 0.90928479
v 0.26307550 -0.59530102 0.84400990
v 0.33683823 -0.57059663 0.84606512
v 0.27657253 -0.56074532 0.86596340
v 0.28605889 -0.61754380 0.82241274
v 0.31617759 -0.55283651 0.87433605
v 0.48140720 -0.51628356 0.84040796
v 0.41690353 -0.55390602 0.85986173
v 0.47457662 -0.55890085 0.82991070
v 0.45500142 -0.49117471 0.85812604
v 0.43701639 -0.57146947 0.83019727
v 0.42751077 -0.51524434 0.87720637
v 0.33057672 -0.65837899 0.77418460
v 0.35749888 -0.58833673 0.81781481
v 0.36512025 -0.64234851 0.77024308
v 0.30871942 -0.63881587 0.79932296
v 0.37792463 -0.60620889 0.79066710
v 0.32089940 -0.60125342 0.81785485
v 0.03251389 -0.02009469 0.97282442
v 0.09628426 -0.05950695 0.95632854
v 0.03320599 -0.05492265 0.99234144
v 0.22027771 -0.13613911 0.91817446
v 0.15877884 -0.09813072 0.93838166
v 0.03430958 -0.12772336 1.01941517
v 0.09836979 -0.09484771 0.97460398
v 0.03382328 -0.09102434 1.00860033
v 0.06602223 -0.07501778 0.98380536
v 0.46010792 -0.28436233 0.80949804
v 0.40026866 -0.24737964 0.84021683
v 0.44147615 -0.30724748 0.83639612
v 0.28087882 -0.17359266 0.89502690
v 0.34073605 -0.21058646 0.86888018
v 0.39577498 -0.35112126 0.88134768
v 0.38017064 -0.26901022 0.86696563
v 0.42020796 -0.32982321 0.86101451
v 0.41081003 -0.28810836 0.85210814
v 0.03650382 -0.28548152 1.05759236
v 0.10486605 -0.24588199 1.01680621
v 0.03585006 -0.24419709 1.04758719
v 0.07262882 -0.30895396 1.04764463
v 0.22488219 -0.17272707 0.93240903
v 0.16890662 -0.21010528 0.98324311
v 0.19372087 -0.15350040 0.94369792
v 0.03469354 -0.16540754 1.02715370
v 0.10342465 -0.20732608 1.01033866
v 0.03520375 -0.20386094 1.03596503
v 0.06837870 -0.14873571 1.01204936
v 0.07019342 -0.22502671 1.02684055
v 0.14452126 -0.35451818 1.02398276
v 0.13946370 -0.26805978 1.00603361
v 0.10868118 -0.33199177 1.03641281
v 0.10679465 -0.28812356 1.02670483
v 0.13061952 -0.11466228 0.96476547
v 0.13587805 -0.18981942 0.99378009
v 0.16227881 -0.13413088 0.95449055
v 0.10061308 -0.13179243 0.99174879
v 0.16598987 -0.17186427 0.97143666
v 0.10227663 -0.16945984 1.00347452
v 0.28655648 -0.44002256 0.96208075
v 0.27707500 -0.35231298 0.95102824
v 0.31515572 -0.41681748 0.94090192
v 0.25142977 -0.41945902 0.97934874
v 0.25697296 -0.19256026 0.92015144
v 0.26944780 -0.27224315 0.94483980
v 0.28780149 -0.21164542 0.90776233
v 0.23110699 -0.21199164 0.94805562
v 0.36903845 -0.37204406 0.89944531
v 0.30547903 -0.33220256 0.93316075
v 0.34217699 -0.39358084 0.91871169
v 0.36456478 -0.33178877 0.89891634
v 0.30967888 -0.37303687 0.93536524
v 0.18052062 -0.37676701 1.01023223
v 0.24305524 -0.33208287 0.96646517
v 0.21603509 -0.39834014 0.99540726
v 0.17729926 -0.33243203 1.00206180
v 0.24725419 -0.37493233 0.97305406
v 0.34925535 -0.24978665 0.88125402
v 0.30133428 -0.29207700 0.93058143
v 0.31858421 -0.23073292 0.89478721
v 0.35816093 -0.29096576 0.89337427
v 0.29538353 -0.25183394 0.92201268
v 0.33303615 -0.31207707 0.91533222
v 0.17178854 -0.24931692 0.98906637
v 0.23974598 -0.29131693 0.96310894
v 0.20261207 -0.23110954 0.97149267
v 0.17421386 -0.28967703 0.99394863
v 0.23616421 -0.25184591 0.95867689
v 0.20878563 -0.31104356 0.98074339
v 0.88084599 -0.54439276 0.38201485
v 0.85280581 -0.52706298 0.46217421
v 0.89299855 -0.51365679 0.40133830
v 0.84533070 -0.56754227 0.39585958
v 0.74574839 -0.46089785 0.58577872
v 0.80166476 -0.49545607 0.52777689
v 0.87308856 -0.42980357 0.41914130
v 0.84518085 -0.48490563 0.47084050
v 0.88645585 -0.47271562 0.41210176
v 0.87133405 -0.50058990 0.43776378
v 0.77090827 -0.60848922 0.42018055
v 0.82758298 -0.55721873 0.48130314
v 0.80713792 -0.58790609 0.40788646
v 0.83944563 -0.56435284 0.43986912
v 0.52055984 -0.32172367 0.77626095
v 0.58072895 -0.35891023 0.73852752
v 0.53688586 -0.29828647 0.74972473
v 0.52820193 -0.36841977 0.78673490
v 0.69250070 -0.42798897 0.64177161
v 0.63843791 -0.39457633 0.69378167
v 0.57317466 -0.25634216 0.70594531
v 0.59695781 -0.33474377 0.71299191
v 0.55369280 -0.27621581 0.72547034
v 0.56682613 -0.31647238 0.73175809
v 0.53261121 -0.46004815 0.79103581
v 0.58609902 -0.40471943 0.74254164
v 0.53044549 -0.41344098 0.78901020
v 0.55751897 -0.38680403 0.76541937
v 0.81936523 -0.27364531 0.44181582
v 0.80030729 -0.32335844 0.49370233
v 0.83965880 -0.31294032 0.44051645
v 0.79105991 -0.25851905 0.46847910
v 0.73866213 -0.42067016 0.59115481
v 0.77424984 -0.37302681 0.54435628
v 0.76414674 -0.43612435 0.56193884
v 0.86314408 -0.38975428 0.42738334
v 0.81545550 -0.36304125 0.49094944
v 0.85449435 -0.35198285 0.43574633
v 0.84799903 -0.41537832 0.45172953
v 0.82867763 -0.33816819 0.46608620
v 0.74698872 -0.23283428 0.52686959
v 0.76976307 -0.30646060 0.51913760
v 0.76684132 -0.24491479 0.49655988
v 0.78016264 -0.28212259 0.49329133
v 0.81731894 -0.46818121 0.50209939
v 0.79980090 -0.38778306 0.51521602
v 0.79022119 -0.45188054 0.53217206
v 0.83266842 -0.44150311 0.47660326
v 0.78246608 -0.41189066 0.53861352
v 0.82399883 -0.40157982 0.48399185
v 0.64396844 -0.70237617 0.47815991
v 0.67507651 -0.63601017 0.52493488
v 0.67861844 -0.68207556 0.46572750
v 0.62668635 -0.69422186 0.51741158
v 0.72819924 -0.49434996 0.61149904
v 0.72836703 -0.58697893 0.58980011
v 0.75704546 -0.51270757 0.58337826
v 0.73838528 -0.63191353 0.43453721
v 0.71231435 -0.61742293 0.51444274
v 0.70903402 -0.65733106 0.45033092
v 0.76179687 -0.60421656 0.46237808
v 0.69162850 -0.64624347 0.48740124
v 0.58449816 -0.66920018 0.58960861
v 0.65820261 -0.62777250 0.56470939
v 0.60647615 -0.68277950 0.55446734
v 0.64028913 -0.65873100 0.53920984
v 0.80876228 -0.54551399 0.51940995
v 0.74287081 -0.59505838 0.54906869
v 0.78463609 -0.53025217 0.55301414
v 0.79340194 -0.58135069 0.49576848
v 0.76095488 -0.56177204 0.57462813
v 0.75323862 -0.60037367 0.50589794
v 0.67883467 -0.18806232 0.65955680
v 0.66368303 -0.24772251 0.62283156
v 0.65117019 -0.20503957 0.67046112
v 0.69742917 -0.19973060 0.62697017
v 0.71186788 -0.40439632 0.62026166
v 0.68453035 -0.32168200 0.61959224
v 0.68490730 -0.38802781 0.64655954
v 0.73017100 -0.38083535 0.59673665
v 0.59664919 -0.23822971 0.69130672
v 0.64343905 -0.26675730 0.64046487
v 0.62309299 -0.22154469 0.68032631
v 0.59916757 -0.27177605 0.68349660
v 0.64317479 -0.23459870 0.65118890
v 0.72997338 -0.22163206 0.55960504
v 0.68653123 -0.26065540 0.59506885
v 0.71410998 -0.21082502 0.59326000
v 0.72807398 -0.25324515 0.54670551
v 0.68789481 -0.22911229 0.60735317
v 0.62721708 -0.35306106 0.69269848
v 0.65497117 -0.30468037 0.64072878
v 0.65658535 -0.37085466 0.67073562
v 0.61155130 -0.31077044 0.68656923
v 0.67169047 -0.34629771 0.64561157
v 0.62639522 -0.28786398 0.66179171
v 0.75863270 -0.33162806 0.54576106
v 0.69765989 -0.29790068 0.59330115
v 0.74574478 -0.35645257 0.57176670
v 0.73968371 -0.29022761 0.54378519
v 0.71544475 -0.33914406 0.59664913
v 0.71170994 -0.27488098 0.56879587
v 0.49575647 -0.61323886 0.73027109
v 0.58645943 -0.58927811 0.72772240
v 0.51922747 -0.59079685 0.76667250
v 0.51730776 -0.62656060 0.69408256
v 0.69793122 -0.47513391 0.63989312
v 0.65412452 -0.53988567 0.69430352
v 0.66977401 -0.45732790 0.66637924
v 0.70798113 -0.52766653 0.63910708
v 0.53718073 -0.51147546 0.79640765
v 0.59722983 -0.55107232 0.74558165
v 0.53537108 -0.55835279 0.79221075
v 0.56322676 -0.48031263 0.76866719
v 0.56221265 -0.57507883 0.76155172
v 0.56159698 -0.65457491 0.62431252
v 0.60722127 -0.60195816 0.68919039
v 0.53921336 -0.64029332 0.65873531
v 0.59965918 -0.63535663 0.61329439
v 0.56155322 -0.61422668 0.69150516
v 0.61440941 -0.42250045 0.71793187
v 0.62467545 -0.52048561 0.72068151
v 0.64202673 -0.43984608 0.69252592
v 0.58861841 -0.45044156 0.74213071
v 0.64749660 -0.48834637 0.69296964
v 0.59407249 -0.50058832 0.74533305
v 0.68702921 -0.60531713 0.60007053
v 0.64936134 -0.58412951 0.68083793
v 0.70791625 -0.57488023 0.62880377
v 0.64226422 -0.61996212 0.60617866
v 0.68275399 -0.55887405 0.66363957
v 0.62569441 -0.61178351 0.64820272
v 0.03165971 0.49688189 0.82353856
v 0.09528776 0.47931738 0.83444288
v 0.05137862 0.52072722 0.81080061
v 0.03164189 0.46769547 0.83958671
v 0.21877968 0.42908512 0.82948758
v 0.15815329 0.45660631 0.83654865
v 0.09081041 0.56520458 0.77988615
v 0.11507138 0.50168853 0.81914122
v 0.07119374 0.54382713 0.79660139
v 0.08334715 0.51200911 0.81626601
v 0.03167699 0.40848021 0.87015703
v 0.09523587 0.44945776 0.84972720
v 0.03165352 0.43814070 0.85504647
v 0.06342821 0.45876893 0.84496134
v 0.44605953 0.30839005 0.77466553
v 0.39110638 0.33971781 0.79139200
v 0.27735431 0.39969617 0.81813638
v 0.33472000 0.36995541 0.80546877
v 0.16600171 0.63355130 0.69244049
v 0.19052927 0.57371304 0.73386323
v 0.14779717 0.61827773 0.71581974
v 0.23709797 0.44741886 0.80747666
v 0.21422173 0.51168538 0.77219843
v 0.20750883 0.46195059 0.81243522
v 0.11036856 0.58470623 0.76027004
v 0.17229619 0.55744285 0.75662101
v 0.12925060 0.60216281 0.73871069
v 0.12259767 0.55370321 0.78089351
v 0.16016742 0.58809766 0.73661086
v 0.14670679 0.48957150 0.81906653
v 0.18430322 0.52600803 0.77604879
v 0.17737318 0.47617626 0.81657466
v 0.13472583 0.52195125 0.80051730
v 0.19600172 0.49428224 0.79459198
v 0.15380563 0.54034934 0.77924650
v 0.03215483 0.28728163 0.92903641
v 0.09510647 0.32472533 0.89984262
v 0.03203588 0.31816431 0.91531773
v 0.21979382 0.40039352 0.84731334
v 0.15871215 0.36553329 0.88081878
v 0.18955793 0.41426287 0.85124682
v 0.03180498 0.37839023 0.88537643
v 0.09508504 0.35598500 0.88820534
v 0.03190086 0.34847880 0.90046924
v 0.06339850 0.39782964 0.87294289
v 0.06359682 0.33645432 0.89983780
v 0.12727356 0.43891522 0.85271898
v 0.12717220 0.37687218 0.87923463
v 0.15864889 0.42722307 0.85319307
v 0.09533540 0.41872302 0.86363404
v 0.15885439 0.39680292 0.86804354
v 0.09527671 0.38743671 0.87632342
v 0.80397178 0.01956677 0.52854160
v 0.77555180 0.05889107 0.57460513
v 0.81080061 0.05137862 0.52072722
v 0.78838906 0.00000000 0.55053501
v 0.69427431 0.13521328 0.64786479
v 0.73880454 0.09774411 0.61475961
v 0.81914122 0.11507138 0.50168853
v 0.77988615 0.09081041 0.56520458
v 0.81626601 0.08334715 0.51200911
v 0.79660139 0.07119374 0.54382713
v 0.75575722 -0.03902598 0.59358299
v 0.75905306 0.03919617 0.59617160
v 0.77220504 -0.01954530 0.57218096
v 0.77403214 0.01959155 0.57353479
v 0.49898558 0.27567995 0.75444958
v 0.54967496 0.24171704 0.73082419
v 0.64672200 0.17141439 0.67705048
v 0.59860043 0.20686834 0.70467541
v 0.80747666 0.23709797 0.44741886
v 0.77219843 0.21422173 0.51168538
v 0.81243522 0.20750883 0.46195059
v 0.69244049 0.16600171 0.63355130
v 0.73386323 0.19052927 0.57371304
v 0.71581974 0.14779717 0.61827773
v 0.81906653 0.14670679 0.48957150
v 0.77604879 0.18430322 0.52600803
v 0.81657466 0.17737318 0.47617626
v 0.80051730 0.13472583 0.52195125
v 0.79459198 0.19600172 0.49428224
v 0.76027004 0.11036856 0.58470623
v 0.75662101 0.17229619 0.55744285
v 0.73871069 0.12925060 0.60216281
v 0.78089351 0.12259767 0.55370321
v 0.73661086 0.16016742 0.58809766
v 0.77924650 0.15380563 0.54034934
v 0.68699753 -0.11743342 0.67890875
v 0.68324010 -0.03876125 0.67519557
v 0.70515957 -0.09784900 0.65820736
v 0.67966181 0.11617947 0.67165940
v 0.68708728 0.03897950 0.67899744
v 0.70219249 0.09743729 0.65543784
v 0.73898406 -0.05867048 0.61525805
v 0.70271769 -0.01955264 0.65611032
v 0.72230199 -0.07821256 0.63675948
v 0.73873117 -0.01954890 0.61498876
v 0.70246366 -0.05838710 0.65581238
v 0.74211967 0.05891943 0.61786867
v 0.70521495 0.01962212 0.65844195
v 0.72320205 0.07831002 0.63755295
v 0.74111080 0.01961187 0.61696979
v 0.70595336 0.05867716 0.65907032
v 0.72216247 0.00000000 0.63687436
v 0.30818138 0.74358585 0.49864795
v 0.34053236 0.70071148 0.55099293
v 0.29133552 0.73225395 0.52437484
v 0.34440507 0.73545316 0.49377215
v 0.39906400 0.59839846 0.64569911
v 0.37142659 0.65307759 0.60098085
v 0.25661105 0.70668581 0.57377589
v 0.32271539 0.68737190 0.57550727
v 0.27409091 0.71988937 0.54943329
v 0.30711615 0.71012430 0.55006841
v 0.41717222 0.71731223 0.48297249
v 0.37765739 0.69289073 0.54690883
v 0.38091984 0.72694690 0.48872081
v 0.36120442 0.71476210 0.52062104
v 0.46702621 0.32772469 0.75566428
v 0.45558603 0.39949706 0.73715367
v 0.43978163 0.34361701 0.76456568
v 0.42251679 0.53699826 0.68364653
v 0.44131592 0.47010494 0.71406416
v 0.38363910 0.37412205 0.77931160
v 0.42692666 0.41454326 0.74412465
v 0.41190466 0.35908827 0.77242062
v 0.43354385 0.37913229 0.75463272
v 0.18504816 0.64898580 0.66795469
v 0.24839504 0.62452245 0.66548482
v 0.20297707 0.66371692 0.64462004
v 0.19749838 0.61996306 0.68963460
v 0.37897682 0.58127333 0.66712138
v 0.31335151 0.60354686 0.66680330
v 0.36623676 0.61024975 0.64644396
v 0.23870135 0.69267535 0.59783041
v 0.26698427 0.64100979 0.64398651
v 0.22089770 0.67833951 0.62127334
v 0.27129093 0.68227656 0.59809805
v 0.23478424 0.65170390 0.64368345
v 0.22183899 0.56012753 0.73065494
v 0.26094010 0.59571883 0.68728110
v 0.20978829 0.59034265 0.71059834
v 0.22909650 0.60731132 0.68784741
v 0.33800804 0.66316475 0.60047521
v 0.30004068 0.63097172 0.64499722
v 0.35252465 0.63758356 0.62413269
v 0.30450035 0.67271704 0.59921267
v 0.33307914 0.62096786 0.64605130
v 0.28584433 0.65714860 0.62200045
v 0.55433727 0.66012855 0.44813906
v 0.52081164 0.64317050 0.51832045
v 0.52193673 0.67731326 0.45870910
v 0.43572981 0.58682511 0.64004996
v 0.48098526 0.61855644 0.58276089
v 0.42277051 0.61602517 0.61916341
v 0.45331399 0.70584566 0.47609624
v 0.48676692 0.65857868 0.52753824
v 0.48814180 0.69259291 0.46804996
v 0.43470047 0.69567188 0.50974079
v 0.50513892 0.66893336 0.49383750
v 0.39370864 0.66900752 0.57253972
v 0.46665886 0.64615122 0.56007376
v 0.40870829 0.64350031 0.59657608
v 0.41476476 0.68335093 0.54199744
v 0.44538061 0.63200069 0.59052847
v 0.45129381 0.67193776 0.53557230
v 0.26779065 0.43236314 0.80183486
v 0.30757091 0.46959800 0.76123340
v 0.29687181 0.41789729 0.79654492
v 0.25665227 0.46509618 0.78534760
v 0.39108351 0.54957760 0.68671041
v 0.34922658 0.50962471 0.72485038
v 0.40165447 0.51752499 0.70375102
v 0.35874355 0.56212068 0.68781466
v 0.35471136 0.38895718 0.78553856
v 0.33749693 0.45640524 0.75807839
v 0.32589573 0.40345110 0.79116372
v 0.37579479 0.40868190 0.76718885
v 0.31688726 0.43675539 0.77652893
v 0.23375049 0.52894284 0.74992814
v 0.29658285 0.50240490 0.74495228
v 0.24530665 0.49735437 0.76806826
v 0.25339705 0.54703342 0.72851068
v 0.27644208 0.48335898 0.76445417
v 0.41947958 0.44986949 0.73229893
v 0.35890876 0.47685307 0.74024778
v 0.41112260 0.48417212 0.71894618
v 0.39753758 0.42914241 0.74975007
v 0.38030979 0.49731643 0.72247208
v 0.36761851 0.44306102 0.75431385
v 0.29356269 0.58466158 0.68750067
v 0.31737861 0.52231070 0.72603563
v 0.32609288 0.57368846 0.68791249
v 0.27339468 0.56572034 0.70786166
v 0.33808226 0.54229985 0.70731172
v 0.28529983 0.53455225 0.72712460
v 0.03182507 0.01966897 0.95221452
v 0.09528041 0.05888653 0.94635792
v 0.03152941 0.05214959 0.94223786
v 0.06339139 0.00000000 0.94687975
v 0.22270761 0.13764087 0.92830292
v 0.16180684 0.10000213 0.95627713
v 0.03175053 0.11819685 0.94337997
v 0.09628818 0.09284063 0.95398033
v 0.03152558 0.08484084 0.94008376
v 0.06329833 0.07192276 0.94321628
v 0.12604487 -0.03888392 0.93553783
v 0.12756015 0.03935137 0.94678464
v 0.09483657 -0.01953342 0.94141182
v 0.09460484 0.01948569 0.93911157
v 0.44761877 0.27664362 0.78752507
v 0.39820694 0.24610542 0.83588900
v 0.42062236 0.29273418 0.79688768
v 0.28357736 0.17526045 0.90362586
v 0.34453296 0.21293308 0.87856233
v 0.36541967 0.32419082 0.81374971
v 0.37049749 0.26216546 0.84490634
v 0.39316939 0.30860050 0.80561194
v 0.39565480 0.27747973 0.82067294
v 0.03247164 0.25394744 0.94077149
v 0.09678362 0.22693093 0.93843707
v 0.03244240 0.22098538 0.94801070
v 0.06432454 0.27362858 0.92785834
v 0.22190132 0.17043753 0.92004972
v 0.15979002 0.19876502 0.93017336
v 0.19192537 0.15207769 0.93495128
v 0.03202298 0.15267519 0.94808792
v 0.09717855 0.19480508 0.94932148
v 0.03229415 0.18701180 0.95034235
v 0.06449610 0.14029036 0.95458429
v 0.06496347 0.20826048 0.95033299
v 0.12712491 0.31184404 0.90072368
v 0.12789120 0.24581657 0.92255440
v 0.09566793 0.29223980 0.91231499
v 0.09625806 0.25969666 0.92540788
v 0.12978794 0.11393228 0.95862333
v 0.12933046 0.18067255 0.94589260
v 0.16160711 0.13357569 0.95053973
v 0.09720576 0.12732921 0.95816264
v 0.16077502 0.16646486 0.94091732
v 0.09748971 0.16152851 0.95650828
v 0.24941901 -0.11515960 0.90240645
v 0.25656837 -0.03931131 0.92827308
v 0.21907530 -0.09640589 0.91247346
v 0.25478058 0.11763510 0.92180481
v 0.25935908 0.03973890 0.93836997
v 0.22530428 0.09914700 0.93841788
v 0.15749228 -0.05832929 0.92885063
v 0.22488244 -0.01987393 0.93596365
v 0.18836191 -0.07742272 0.92126197
v 0.15819353 -0.01954417 0.93331311
v 0.22129954 -0.05830813 0.92128059
v 0.16192207 0.05996992 0.95497642
v 0.22726806 0.02008476 0.94589265
v 0.19464973 0.08000722 0.95201518
v 0.16023048 0.01979583 0.94533079
v 0.22722800 0.05987016 0.94596105
v 0.19276754 0.00000000 0.94172266
v 0.25074445 0.38503131 0.84184595
v 0.25457289 0.32370057 0.87379232
v 0.27987454 0.37015542 0.83556944
v 0.22174610 0.36993792 0.86372736
v 0.25375763 0.19015087 0.90863819
v 0.25558393 0.25823545 0.89622506
v 0.28495755 0.20955403 0.89879220
v 0.22255270 0.20414489 0.91296390
v 0.33704553 0.33979058 0.82147003
v 0.28416404 0.30902291 0.86804887
v 0.30866010 0.35502884 0.82872211
v 0.33972885 0.30918569 0.83767776
v 0.28223648 0.33997994 0.85247720
v 0.15935949 0.33260134 0.89181002
v 0.22386248 0.30586009 0.89014865
v 0.19112156 0.35240289 0.88061524
v 0.15947749 0.29901661 0.90133652
v 0.22315328 0.33838610 0.87820638
v 0.34383212 0.24590797 0.86756991
v 0.28543200 0.27666325 0.88147195
v 0.31537398 0.22840793 0.88577084
v 0.34215912 0.27796608 0.85346037
v 0.28567645 0.24355802 0.89171294
v 0.31335464 0.29363418 0.86123864
v 0.15972460 0.23180851 0.91960866
v 0.22391497 0.27208056 0.89951250
v 0.19114577 0.21803050 0.91651358
v 0.15954230 0.26528165 0.91024246
v 0.22334735 0.23817798 0.90664857
v 0.19183171 0.28578604 0.90110455
v 0.75566428 0.46702621 0.32772469
v 0.73715367 0.45558603 0.39949706
v 0.76456568 0.43978163 0.34361701
v 0.73545316 0.49377215 0.34440507
v 0.68364653 0.42251679 0.53699826
v 0.71406416 0.44131592 0.47010494
v 0.77931160 0.38363910 0.37412205
v 0.74412465 0.42692666 0.41454326
v 0.77242062 0.41190466 0.35908827
v 0.75463272 0.43354385 0.37913229
v 0.69289073 0.54690883 0.37765739
v 0.71731223 0.48297249 0.41717222
v 0.71476210 0.52062104 0.36120442
v 0.72694690 0.48872081 0.38091984
v 0.49864795 0.30818138 0.74358585
v 0.55099293 0.34053236 0.70071148
v 0.52437484 0.29133552 0.73225395
v 0.49377215 0.34440507 0.73545316
v 0.64569911 0.39906400 0.59839846
v 0.60098085 0.37142659 0.65307759
v 0.57377589 0.25661105 0.70668581
v 0.57550727 0.32271539 0.68737190
v 0.54943329 0.27409091 0.71988937
v 0.55006841 0.30711615 0.71012430
v 0.48297249 0.41717222 0.71731223
v 0.54690883 0.37765739 0.69289073
v 0.48872081 0.38091984 0.72694690
v 0.52062104 0.36120442 0.71476210
v 0.80183486 0.26779065 0.43236314
v 0.76123340 0.30757091 0.46959800
v 0.79654492 0.29687181 0.41789729
v 0.78534760 0.25665227 0.46509618
v 0.68671041 0.39108351 0.54957760
v 0.72485038 0.34922658 0.50962471
v 0.70375102 0.40165447 0.51752499
v 0.78553856 0.35471136 0.38895718
v 0.75807839 0.33749693 0.45640524
v 0.79116372 0.32589573 0.40345110
v 0.76718885 0.37579479 0.40868190
v 0.77652893 0.31688726 0.43675539
v 0.74992814 0.23375049 0.52894284
v 0.74495228 0.29658285 0.50240490
v 0.76806826 0.24530665 0.49735437
v 0.76445417 0.27644208 0.48335898
v 0.73229893 0.41947958 0.44986949
v 0.74024778 0.35890876 0.47685307
v 0.71894618 0.41112260 0.48417212
v 0.74975007 0.39753758 0.42914241
v 0.72247208 0.38030979 0.49731643
v 0.75431385 0.36761851 0.44306102
v 0.58682511 0.64004996 0.43572981
v 0.61855644 0.58276089 0.48098526
v 0.61602517 0.61916341 0.42277051
v 0.57184626 0.63347188 0.47213392
v 0.66012855 0.44813906 0.55433727
v 0.64317050 0.51832045 0.52081164
v 0.67731326 0.45870910 0.52193673
v 0.66900752 0.57253972 0.39370864
v 0.64615122 0.56007376 0.46665886
v 0.64350031 0.59657608 0.40870829
v 0.68335093 0.54199744 0.41476476
v 0.63200069 0.59052847 0.44538061
v 0.53658913 0.61434846 0.54128070
v 0.60184353 0.57401902 0.51635573
v 0.55502910 0.62485968 0.50743217
v 0.58772476 0.60465265 0.49494354
v 0.70584566 0.47609624 0.45331399
v 0.65857868 0.52753824 0.48676692
v 0.69259291 0.46804996 0.48814180
v 0.69567188 0.50974079 0.43470047
v 0.66893336 0.49383750 0.50513892
v 0.67193776 0.53557230 0.45129381
v 0.66795469 0.18504816 0.64898580
v 0.66548482 0.24839504 0.62452245
v 0.64462004 0.20297707 0.66371692
v 0.68963460 0.19749838 0.61996306
v 0.66712138 0.37897682 0.58127333
v 0.66680330 0.31335151 0.60354686
v 0.64644396 0.36623676 0.61024975
v 0.68781466 0.35874355 0.56212068
v 0.59783041 0.23870135 0.69267535
v 0.64398651 0.26698427 0.64100979
v 0.62127334 0.22089770 0.67833951
v 0.59809805 0.27129093 0.68227656
v 0.64368345 0.23478424 0.65170390
v 0.73065494 0.22183899 0.56012753
v 0.68728110 0.26094010 0.59571883
v 0.71059834 0.20978829 0.59034265
v 0.72851068 0.25339705 0.54703342
v 0.68784741 0.22909650 0.60731132
v 0.60047521 0.33800804 0.66316475
v 0.64499722 0.30004068 0.63097172
v 0.62413269 0.35252465 0.63758356
v 0.59921267 0.30450035 0.67271704
v 0.64605130 0.33307914 0.62096786
v 0.62200045 0.28584433 0.65714860
v 0.72603563 0.31737861 0.52231070
v 0.68750067 0.29356269 0.58466158
v 0.70731172 0.33808226 0.54229985
v 0.72712460 0.28529983 0.53455225
v 0.68791249 0.32609288 0.57368846
v 0.70786166 0.27339468 0.56572034
v 0.44813906 0.55433727 0.66012855
v 0.51832045 0.52081164 0.64317050
v 0.45870910 0.52193673 0.67731326
v 0.47213392 0.57184626 0.63347188
v 0.64004996 0.43572981 0.58682511
v 0.58276089 0.48098526 0.61855644
v 0.61916341 0.42277051 0.61602517
v 0.63347188 0.47213392 0.57184626
v 0.47609624 0.45331399 0.70584566
v 0.52753824 0.48676692 0.65857868
v 0.46804996 0.48814180 0.69259291
v 0.50974079 0.43470047 0.69567188
v 0.49383750 0.50513892 0.66893336
v 0.51635573 0.60184353 0.57401902
v 0.54128070 0.53658913 0.61434846
v 0.49494354 0.58772476 0.60465265
v 0.55062400 0.58340241 0.56314424
v 0.50743217 0.55502910 0.62485968
v 0.57253972 0.39370864 0.66900752
v 0.56007376 0.46665886 0.64615122
v 0.59657608 0.40870829 0.64350031
v 0.54199744 0.41476476 0.68335093
v 0.59052847 0.44538061 0.63200069
v 0.53557230 0.45129381 0.67193776
v 0.61434846 0.54128070 0.53658913
v 0.57401902 0.51635573 0.60184353
v 0.62485968 0.50743217 0.55502910
v 0.58340241 0.56314424 0.55062400
v 0.60465265 0.49494354 0.58772476
v 0.56314424 0.55062400 0.58340241
v 0.48218531 -0.25866896 0.78019222
v 0.49137590 -0.18591394 0.79506291
v 0.50356571 -0.23958489 0.76193604
v 0.45385086 -0.24131722 0.79773750
v 0.50668483 -0.03786670 0.81983328
v 0.50904092 -0.11460034 0.82364551
v 0.55750179 -0.20673530 0.74256086
v 0.52234513 -0.17047704 0.79124105
v 0.52893762 -0.22257671 0.75008927
v 0.51023461 -0.20429905 0.77250181
v 0.39736115 -0.20656660 0.83190423
v 0.46580999 -0.16969852 0.81758469
v 0.42559693 -0.22395457 0.81507261
v 0.45608554 -0.20392166 0.80103823
v 0.47925011 0.25709437 0.77544297
v 0.49399526 0.18690499 0.79930111
v 0.50529131 0.24040589 0.76454701
v 0.45496841 0.24191143 0.79970184
v 0.50597138 0.03781338 0.81867890
v 0.50508111 0.11370887 0.81723840
v 0.55622985 0.20626364 0.74086671
v 0.52005946 0.16973107 0.78777875
v 0.53097300 0.22343319 0.75297564
v 0.51255823 0.20522943 0.77601980
v 0.40522590 0.21065506 0.84836964
v 0.46938665 0.17100153 0.82386241
v 0.43056272 0.22656763 0.82458274
v 0.46253724 0.20680630 0.81236956
v 0.66579925 -0.13747055 0.69886187
v 0.62290173 -0.09822795 0.73747783
v 0.64276103 -0.15621228 0.71488973
v 0.66542197 -0.09787006 0.69825956
v 0.52934044 -0.01957029 0.80261843
v 0.57651313 -0.05878403 0.77099930
v 0.53120087 -0.05760610 0.80535957
v 0.58766514 -0.19073055 0.73585150
v 0.60223154 -0.11733484 0.75640841
v 0.61648746 -0.17403952 0.72720037
v 0.57085904 -0.17265915 0.76117086
v 0.62357795 -0.13698226 0.73696125
v 0.66336521 -0.01957069 0.69589811
v 0.62062642 -0.05871055 0.73434629
v 0.66302145 -0.05840396 0.69560523
v 0.64305758 -0.07824403 0.71654905
v 0.53137814 -0.13426411 0.80522952
v 0.57914815 -0.09733007 0.77407753
v 0.53339552 -0.09620219 0.80852920
v 0.55205458 -0.15378283 0.78442585
v 0.55544935 -0.07745729 0.79016514
v 0.57880747 -0.13594223 0.77266126
v 0.28096244 -0.13465451 0.89035793
v 0.35304904 -0.09893964 0.89142074
v 0.31054474 -0.15293711 0.87753524
v 0.28429413 -0.09714921 0.90148242
v 0.47733967 -0.01991398 0.83679481
v 0.42118807 -0.06027692 0.87655680
v 0.47979770 -0.05813858 0.84121005
v 0.36856814 -0.18878134 0.84822683
v 0.38241098 -0.11723193 0.87579310
v 0.33978766 -0.17100898 0.86342248
v 0.40196050 -0.17020044 0.84020241
v 0.34508271 -0.13481034 0.87399963
v 0.29269902 -0.02013014 0.92871000
v 0.35762040 -0.06025376 0.90391224
v 0.28943582 -0.05927307 0.91816573
v 0.32168936 -0.07920685 0.90584597
v 0.47596822 -0.13412128 0.83502146
v 0.41896555 -0.09839080 0.87267072
v 0.48058471 -0.09671032 0.84279773
v 0.43916661 -0.15259618 0.83878667
v 0.45119919 -0.07855165 0.86041167
v 0.41129288 -0.13505609 0.85825341
v 0.65493555 0.13522747 0.68745869
v 0.62010807 0.09778740 0.73417031
v 0.63076076 0.15329581 0.70154283
v 0.66262643 0.09745889 0.69532606
v 0.52973897 0.01958503 0.80322270
v 0.57804962 0.05894069 0.77305413
v 0.53087214 0.05757045 0.80486118
v 0.55286607 0.00000000 0.78679542
v 0.58147857 0.18872266 0.72810492
v 0.59621771 0.11616314 0.74885498
v 0.60620421 0.17113647 0.71507038
v 0.56399337 0.17058259 0.75201633
v 0.61407229 0.13489413 0.72572720
v 0.66574036 0.01964076 0.69838974
v 0.62334302 0.05896754 0.73756066
v 0.66634774 0.05869696 0.69909499
v 0.64329653 0.00000000 0.71653409
v 0.64390513 0.07834715 0.71749347
v 0.52647871 0.13302616 0.79780512
v 0.57635790 0.09686115 0.77034814
v 0.53021540 0.09562863 0.80370872
v 0.54587648 0.15206183 0.77564726
v 0.55462017 0.07734166 0.78898558
v 0.57134246 0.13418895 0.76269607
v 0.59798374 -0.03905054 0.75220857
v 0.60068052 0.03922665 0.75560087
v 0.57557988 -0.01956284 0.76967281
v 0.62043731 -0.01956713 0.73419623
v 0.57699619 0.01961098 0.77156673
v 0.62247878 0.01963152 0.73661201
v 0.28633567 0.13722969 0.90738547
v 0.35223103 0.09871040 0.88935534
v 0.31728778 0.15625792 0.89658967
v 0.28805141 0.09843315 0.91339657
v 0.47623130 0.01986774 0.83485179
v 0.41569069 0.05949018 0.86511591
v 0.47666283 0.05775872 0.83571381
v 0.44731959 0.00000000 0.85256153
v 0.37766345 0.19343998 0.86915890
v 0.38309574 0.11744185 0.87736133
v 0.34824215 0.17526397 0.88490589
v 0.41054327 0.17383461 0.85814263
v 0.35054078 0.13694259 0.88782340
v 0.29269504 0.02012987 0.92869738
v 0.35328736 0.05952371 0.89296014
v 0.29052357 0.05949583 0.92161635
v 0.32563656 0.00000000 0.91765489
v 0.32096076 0.07902745 0.90379431
v 0.47437125 0.13367127 0.83221980
v 0.41531002 0.09753233 0.86505657
v 0.47663174 0.09591484 0.83586543
v 0.44284162 0.15387313 0.84580576
v 0.44637753 0.07771222 0.85121702
v 0.41385637 0.13589786 0.86360269
v 0.39018635 -0.04012308 0.89145902
v 0.38546397 0.03963747 0.88066977
v 0.41916459 -0.02000870 0.87247985
v 0.35820021 -0.02012545 0.90521668
v 0.41664938 0.01988863 0.86724451
v 0.35585516 0.01999369 0.89929043
v 0.92182672 0.00000000 -0.52655008
v 0.96088683 0.00000000 -0.46389957
v 0.93318277 0.03516929 -0.51983357
v 0.92229479 -0.03475895 -0.51376837
v 1.04929422 0.00000000 -0.33772157
v 0.99428002 0.00000000 -0.39779966
v 0.93653075 0.10496466 -0.49537193
v 0.96322996 0.03506520 -0.45217169
v 0.93561151 0.07023299 -0.50798714
v 0.94901876 0.03513234 -0.48629374
v 0.91814324 -0.10290382 -0.48564598
v 0.96662066 -0.03518863 -0.45376340
v 0.92088704 -0.06912768 -0.49999254
v 0.94923817 -0.03514046 -0.48640617
v 0.99999134 0.00000000 -0.03461191
v 1.02566082 0.00000000 -0.10684263
v 1.06657125 0.00000000 -0.26348342
v 1.04420584 0.00000000 -0.18246303
v 0.97481050 0.25286669 -0.46064164
v 1.00856067 0.18172959 -0.41854523
v 0.97267446 0.21659776 -0.47335615
v 1.05741770 0.03659823 -0.32698038
v 1.03614511 0.10951260 -0.37391267
v 1.04148415 0.03645167 -0.36201974
v 0.94443712 0.14096306 -0.48612477
v 1.00590902 0.14549434 -0.43116947
v 0.95929632 0.17837849 -0.48035261
v 0.95965750 0.10593530 -0.46527889
v 0.99024461 0.18121753 -0.45266387
v 0.98476803 0.03537537 -0.42086800
v 1.01978336 0.10917086 -0.40872032
v 1.01371339 0.03591275 -0.39230394
v 0.97312596 0.07067441 -0.44348646
v 1.03161431 0.07291024 -0.38572629
v 0.99064322 0.10770592 -0.43797934
v 0.90334431 -0.23432830 -0.42687066
v 0.96638773 -0.17413057 -0.40104377
v 0.90723944 -0.20202651 -0.44151192
v 1.04665432 -0.03622570 -0.32365207
v 0.99658199 -0.10533108 -0.35963557
v 1.01879787 -0.03565766 -0.35413400
v 0.91469784 -0.13652429 -0.47081724
v 0.97058525 -0.14038512 -0.41602841
v 0.91097817 -0.16939387 -0.45615805
v 0.94815287 -0.10466532 -0.45970100
v 0.93848400 -0.17174520 -0.42900290
v 0.97873666 -0.03515871 -0.41829032
v 0.98639967 -0.10559703 -0.39534043
v 0.99450750 -0.03523235 -0.38487132
v 0.97059962 -0.07049093 -0.44233512
v 0.99528481 -0.07034262 -0.37214248
v 0.97206258 -0.10568578 -0.42976454
v 0.83504987 0.00000000 0.47698289
v 0.86868423 0.00000000 0.41938575
v 0.83958671 0.03164189 0.46769547
v 0.84339785 -0.03178552 0.46981848
v 0.92810721 0.00000000 0.29871681
v 0.90102572 0.00000000 0.36048972
v 0.84972720 0.09523587 0.44945776
v 0.87015703 0.03167699 0.40848021
v 0.84496134 0.06342821 0.45876893
v 0.85504647 0.03165352 0.43814070
v 0.85759254 -0.09611741 0.45361808
v 0.87851009 -0.03198107 0.41240141
v 0.85273361 -0.06401164 0.46298886
v 0.86132617 -0.03188599 0.44135853
v 0.96103785 0.00000000 0.03326364
v 0.93823801 0.00000000 0.09773583
v 0.94168788 0.00000000 0.23263251
v 0.93946919 0.00000000 0.16416150
v 0.84731334 0.21979382 0.40039352
v 0.88081878 0.15871215 0.36553329
v 0.85124682 0.18955793 0.41426287
v 0.92903641 0.03215483 0.28728163
v 0.89984262 0.09510647 0.32472533
v 0.91531773 0.03203588 0.31816431
v 0.85271898 0.12727356 0.43891522
v 0.87923463 0.12717220 0.37687218
v 0.85319307 0.15864889 0.42722307
v 0.86363404 0.09533540 0.41872302
v 0.86804354 0.15885439 0.39680292
v 0.88537643 0.03180498 0.37839023
v 0.88820534 0.09508504 0.35598500
v 0.90046924 0.03190086 0.34847880
v 0.87294289 0.06339850 0.39782964
v 0.89983780 0.06359682 0.33645432
v 0.87632342 0.09527671 0.38743671
v 0.83450027 -0.21647009 0.39433877
v 0.86136454 -0.15520675 0.35745992
v 0.83224818 -0.18532726 0.40501710
v 0.92752166 -0.03210241 0.28681323
v 0.89809104 -0.09492134 0.32409324
v 0.91997353 -0.03219883 0.31978267
v 0.85340376 -0.12737577 0.43926769
v 0.87268480 -0.12622484 0.37406469
v 0.84192610 -0.15655383 0.42158131
v 0.87179679 -0.09623647 0.42268064
v 0.85184452 -0.15588993 0.38939797
v 0.89468793 -0.03213947 0.38236976
v 0.89213748 -0.09550598 0.35756096
v 0.90874294 -0.03219397 0.35168070
v 0.88531639 -0.06429714 0.40346867
v 0.90805477 -0.06417756 0.33952669
v 0.88339769 -0.09604584 0.39056436
v 0.80949804 0.46010792 -0.28436233
v 0.84021683 0.40026866 -0.24737964
v 0.83639612 0.44147615 -0.30724748
v 0.79773750 0.45385086 -0.24131722
v 0.89502690 0.28087882 -0.17359266
v 0.86888018 0.34073605 -0.21058646
v 0.88134768 0.39577498 -0.35112126
v 0.86696563 0.38017064 -0.26901022
v 0.86101451 0.42020796 -0.32982321
v 0.85210814 0.41081003 -0.28810836
v 0.81758469 0.46580999 -0.16969852
v 0.83190423 0.39736115 -0.20656660
v 0.80103823 0.45608554 -0.20392166
v 0.81507261 0.42559693 -0.22395457
v 0.97282442 0.03251389 -0.02009469
v 0.95632854 0.09628426 -0.05950695
v 0.99234144 0.03320599 -0.05492265
v 0.91817446 0.22027771 -0.13613911
v 0.93838166 0.15877884 -0.09813072
v 1.01941517 0.03430958 -0.12772336
v 0.97460398 0.09836979 -0.09484771
v 1.00860033 0.03382328 -0.09102434
v 0.98380536 0.06602223 -0.07501778
v 0.96208075 0.28655648 -0.44002256
v 0.95102824 0.27707500 -0.35231298
v 0.94090192 0.31515572 -0.41681748
v 0.97934874 0.25142977 -0.41945902
v 0.92015144 0.25697296 -0.19256026
v 0.94483980 0.26944780 -0.27224315
v 0.90776233 0.28780149 -0.21164542
v 0.89944531 0.36903845 -0.37204406
v 0.93316075 0.30547903 -0.33220256
v 0.91871169 0.34217699 -0.39358084
v 0.89891634 0.36456478 -0.33178877
v 0.93536524 0.30967888 -0.37303687
v 1.01023223 0.18052062 -0.37676701
v 0.96646517 0.24305524 -0.33208287
v 0.99540726 0.21603509 -0.39834014
v 0.97305406 0.24725419 -0.37493233
v 0.88125402 0.34925535 -0.24978665
v 0.93058143 0.30133428 -0.29207700
v 0.89478721 0.31858421 -0.23073292
v 0.89337427 0.35816093 -0.29096576
v 0.92201268 0.29538353 -0.25183394
v 0.91533222 0.33303615 -0.31207707
v 0.83679481 0.47733967 -0.01991398
v 0.87655680 0.42118807 -0.06027692
v 0.84121005 0.47979770 -0.05813858
v 0.89035793 0.28096244 -0.13465451
v 0.89142074 0.35304904 -0.09893964
v 0.87753524 0.31054474 -0.15293711
v 0.83502146 0.47596822 -0.13412128
v 0.87267072 0.41896555 -0.09839080
v 0.84279773 0.48058471 -0.09671032
v 0.83878667 0.43916661 -0.15259618
v 0.86041167 0.45119919 -0.07855165
v 0.84822683 0.36856814 -0.18878134
v 0.87579310 0.38241098 -0.11723193
v 0.86342248 0.33978766 -0.17100898
v 0.84020241 0.40196050 -0.17020044
v 0.87399963 0.34508271 -0.13481034
v 0.85825341 0.41129288 -0.13505609
v 1.05759236 0.03650382 -0.28548152
v 1.01680621 0.10486605 -0.24588199
v 1.04758719 0.03585006 -0.24419709
v 1.04764463 0.07262882 -0.30895396
v 0.93240903 0.22488219 -0.17272707
v 0.98324311 0.16890662 -0.21010528
v 0.94369792 0.19372087 -0.15350040
v 0.94805562 0.23110699 -0.21199164
v 1.02715370 0.03469354 -0.16540754
v 1.01033866 0.10342465 -0.20732608
v 1.03596503 0.03520375 -0.20386094
v 1.01204936 0.06837870 -0.14873571
v 1.02684055 0.07019342 -0.22502671
v 1.02398276 0.14452126 -0.35451818
v 1.00603361 0.13946370 -0.26805978
v 1.03641281 0.10868118 -0.33199177
v 1.00206180 0.17729926 -0.33243203
v 1.02670483 0.10679465 -0.28812356
v 0.96476547 0.13061952 -0.11466228
v 0.99378009 0.13587805 -0.18981942
v 0.95449055 0.16227881 -0.13413088
v 0.99174879 0.10061308 -0.13179243
v 0.97143666 0.16598987 -0.17186427
v 1.00347452 0.10227663 -0.16945984
v 0.96310894 0.23974598 -0.29131693
v 0.98906637 0.17178854 -0.24931692
v 0.95867689 0.23616421 -0.25184591
v 0.98074339 0.20878563 -0.31104356
v 0.97149267 0.20261207 -0.23110954
v 0.99394863 0.17421386 -0.28967703
v 0.79782501 -0.45347313 -0.28026180
v 0.89169220 -0.42479088 -0.26253520
v 0.81977308 -0.43270199 -0.30114106
v 0.83048995 -0.47248446 -0.25122490
v 1.00137077 -0.31425183 -0.19421831
v 0.95274730 -0.37362499 -0.23091294
v 0.85821831 -0.38538858 -0.34190672
v 0.90260410 -0.39579837 -0.28006846
v 0.84028771 -0.41009249 -0.32188353
v 0.87153721 -0.42017698 -0.29467757
v 0.87262356 -0.49716779 -0.18112243
v 0.90418830 -0.43188782 -0.22451515
v 0.85643250 -0.48762526 -0.21802348
v 0.87619070 -0.45751025 -0.24074777
v 1.00963644 -0.03374423 -0.02085508
v 1.04476268 -0.10518792 -0.06500971
v 1.02288785 -0.03422814 -0.05661328
v 1.04083423 -0.24970481 -0.15432606
v 1.08307406 -0.18326151 -0.11326184
v 1.04219785 -0.03507636 -0.13057782
v 1.05876490 -0.10686441 -0.10303819
v 1.03253123 -0.03462580 -0.09318406
v 1.03871407 -0.06970710 -0.07920472
v 0.89872276 -0.26768525 -0.41104480
v 0.94134203 -0.27425300 -0.34872468
v 0.89269439 -0.29900858 -0.39546165
v 0.92510574 -0.23750387 -0.39622653
v 1.00609703 -0.28097520 -0.21054610
v 0.98829421 -0.28184005 -0.28476397
v 0.99449366 -0.31529922 -0.23186689
v 0.87303548 -0.35820261 -0.36111997
v 0.93159831 -0.30496755 -0.33164633
v 0.88436221 -0.32938343 -0.37886535
v 0.89580671 -0.36330364 -0.33064101
v 0.91152692 -0.30178654 -0.36352981
v 0.98739828 -0.17644037 -0.36825107
v 0.97679788 -0.24565380 -0.33563325
v 0.95980245 -0.20830771 -0.38409187
v 0.95117078 -0.24169362 -0.36650038
v 0.93091905 -0.36893842 -0.26386393
v 0.95587126 -0.30952345 -0.30001459
v 0.96688159 -0.34425303 -0.24932343
v 0.91254266 -0.36584569 -0.29720877
v 0.97897582 -0.31363270 -0.26739257
v 0.92207543 -0.33548961 -0.31437613
v 0.91693146 -0.52305267 -0.02182107
v 0.96056224 -0.46155292 -0.06605360
v 0.90413392 -0.51568734 -0.06248744
v 1.00487052 -0.31709818 -0.15197298
v 0.98753935 -0.39111701 -0.10960794
v 0.99423391 -0.35184240 -0.17327539
v 0.88259716 -0.50308671 -0.14176289
v 0.95039499 -0.45628064 -0.10715396
v 0.89200367 -0.50864319 -0.10235666
v 0.90017477 -0.47130781 -0.16376420
v 0.92826261 -0.48678017 -0.08474613
v 0.93577553 -0.40660945 -0.20826618
v 0.96932118 -0.42324958 -0.12975141
v 0.97183286 -0.38245102 -0.19248068
v 0.91786724 -0.43911606 -0.18593307
v 0.98381582 -0.38844162 -0.15174897
v 0.93448005 -0.44782228 -0.14705123
v 1.06836147 -0.03687553 -0.28838848
v 1.06249968 -0.10957854 -0.25693149
v 1.07465747 -0.03677645 -0.25050729
v 1.04241100 -0.07226600 -0.30741055
v 1.02268262 -0.24665474 -0.18945009
v 1.04436805 -0.17940698 -0.22316683
v 1.05479956 -0.21652765 -0.17157202
v 1.01072823 -0.24638465 -0.22600565
v 1.05467963 -0.03562326 -0.16984017
v 1.07950501 -0.11050496 -0.22151933
v 1.06773202 -0.03628324 -0.21011216
v 1.06464460 -0.07193228 -0.15646536
v 1.07919661 -0.07377241 -0.23650026
v 0.99831423 -0.14089850 -0.34563136
v 1.02922423 -0.14267855 -0.27423897
v 1.01214521 -0.10613641 -0.32421819
v 0.99920686 -0.17679412 -0.33148490
v 1.03627740 -0.10779036 -0.29080991
v 1.08014832 -0.14624120 -0.12837552
v 1.07526089 -0.14701879 -0.20538286
v 1.08141004 -0.18385718 -0.15196638
v 1.07352059 -0.10890884 -0.14265900
v 1.06674567 -0.18227537 -0.18872611
v 1.08264950 -0.11034634 -0.18283037
v 0.99506716 -0.24770132 -0.30098351
v 1.02218157 -0.17754024 -0.25766437
v 1.00419647 -0.24737768 -0.26380397
v 0.99843053 -0.21255096 -0.31665305
v 1.01595428 -0.21188488 -0.24168657
v 1.00790570 -0.17666018 -0.29374468
v 0.78752507 0.44761877 0.27664362
v 0.83588900 0.39820694 0.24610542
v 0.79688768 0.42062236 0.29273418
v 0.79970184 0.45496841 0.24191143
v 0.90362586 0.28357736 0.17526045
v 0.87856233 0.34453296 0.21293308
v 0.81374971 0.36541967 0.32419082
v 0.84490634 0.37049749 0.26216546
v 0.80561194 0.39316939 0.30860050
v 0.82067294 0.39565480 0.27747973
v 0.82386241 0.46938665 0.17100153
v 0.84836964 0.40522590 0.21065506
v 0.81236956 0.46253724 0.20680630
v 0.82458274 0.43056272 0.22656763
v 0.95221452 0.03182507 0.01966897
v 0.94635792 0.09528041 0.05888653
v 0.94223786 0.03152941 0.05214959
v 0.94687975 0.06339139 0.00000000
v 0.92830292 0.22270761 0.13764087
v 0.95627713 0.16180684 0.10000213
v 0.94337997 0.03175053 0.11819685
v 0.95398033 0.09628818 0.09284063
v 0.94008376 0.03152558 0.08484084
v 0.94321628 0.06329833 0.07192276
v 0.93553783 0.12604487 -0.03888392
v 0.94678464 0.12756015 0.03935137
v 0.94141182 0.09483657 -0.01953342
v 0.93911157 0.09460484 0.01948569
v 0.84184595 0.25074445 0.38503131
v 0.87379232 0.25457289 0.32370057
v 0.83556944 0.27987454 0.37015542
v 0.86372736 0.22174610 0.36993792
v 0.90863819 0.25375763 0.19015087
v 0.89622506 0.25558393 0.25823545
v 0.89879220 0.28495755 0.20955403
v 0.82147003 0.33704553 0.33979058
v 0.86804887 0.28416404 0.30902291
v 0.82872211 0.30866010 0.35502884
v 0.83767776 0.33972885 0.30918569
v 0.85247720 0.28223648 0.33997994
v 0.89181002 0.15935949 0.33260134
v 0.89014865 0.22386248 0.30586009
v 0.88061524 0.19112156 0.35240289
v 0.87820638 0.22315328 0.33838610
v 0.86756991 0.34383212 0.24590797
v 0.88147195 0.28543200 0.27666325
v 0.88577084 0.31537398 0.22840793
v 0.85346037 0.34215912 0.27796608
v 0.89171294 0.28567645 0.24355802
v 0.86123864 0.31335464 0.29363418
v 0.83485179 0.47623130 0.01986774
v 0.86511591 0.41569069 0.05949018
v 0.83571381 0.47666283 0.05775872
v 0.85256153 0.44731959 0.00000000
v 0.90738547 0.28633567 0.13722969
v 0.88935534 0.35223103 0.09871040
v 0.89658967 0.31728778 0.15625792
v 0.83221980 0.47437125 0.13367127
v 0.86505657 0.41531002 0.09753233
v 0.83586543 0.47663174 0.09591484
v 0.84580576 0.44284162 0.15387313
v 0.85121702 0.44637753 0.07771222
v 0.89145902 0.39018635 -0.04012308
v 0.88066977 0.38546397 0.03963747
v 0.87247985 0.41916459 -0.02000870
v 0.86724451 0.41664938 0.01988863
v 0.86915890 0.37766345 0.19343998
v 0.87736133 0.38309574 0.11744185
v 0.88490589 0.34824215 0.17526397
v 0.85814263 0.41054327 0.17383461
v 0.88782340 0.35054078 0.13694259
v 0.86360269 0.41385637 0.13589786
v 0.94077149 0.03247164 0.25394744
v 0.93843707 0.09678362 0.22693093
v 0.94801070 0.03244240 0.22098538
v 0.92785834 0.06432454 0.27362858
v 0.92004972 0.22190132 0.17043753
v 0.93017336 0.15979002 0.19876502
v 0.93495128 0.19192537 0.15207769
v 0.91296390 0.22255270 0.20414489
v 0.94808792 0.03202298 0.15267519
v 0.94932148 0.09717855 0.19480508
v 0.95034235 0.03229415 0.18701180
v 0.95458429 0.06449610 0.14029036
v 0.95033299 0.06496347 0.20826048
v 0.90072368 0.12712491 0.31184404
v 0.92255440 0.12789120 0.24581657
v 0.91231499 0.09566793 0.29223980
v 0.90133652 0.15947749 0.29901661
v 0.92540788 0.09625806 0.25969666
v 0.95862333 0.12978794 0.11393228
v 0.94589260 0.12933046 0.18067255
v 0.95053973 0.16160711 0.13357569
v 0.95816264 0.09720576 0.12732921
v 0.94091732 0.16077502 0.16646486
v 0.95650828 0.09748971 0.16152851
v 0.89951250 0.22391497 0.27208056
v 0.91960866 0.15972460 0.23180851
v 0.90664857 0.22334735 0.23817798
v 0.90110455 0.19183171 0.28578604
v 0.91651358 0.19114577 0.21803050
v 0.91024246 0.15954230 0.26528165
v 0.90240645 0.24941901 -0.11515960
v 0.92827308 0.25656837 -0.03931131
v 0.91247346 0.21907530 -0.09640589
v 0.90148242 0.28429413 -0.09714921
v 0.92180481 0.25478058 0.11763510
v 0.93836997 0.25935908 0.03973890
v 0.93841788 0.22530428 0.09914700
v 0.91339657 0.28805141 0.09843315
v 0.92885063 0.15749228 -0.05832929
v 0.93596365 0.22488244 -0.01987393
v 0.92126197 0.18836191 -0.07742272
v 0.93331311 0.15819353 -0.01954417
v 0.92128059 0.22129954 -0.05830813
v 0.90391224 0.35762040 -0.06025376
v 0.92871000 0.29269902 -0.02013014
v 0.90584597 0.32168936 -0.07920685
v 0.90521668 0.35820021 -0.02012545
v 0.91816573 0.28943582 -0.05927307
v 0.95497642 0.16192207 0.05996992
v 0.94589265 0.22726806 0.02008476
v 0.95201518 0.19464973 0.08000722
v 0.94533079 0.16023048 0.01979583
v 0.94596105 0.22722800 0.05987016
v 0.94172266 0.19276754 0.00000000
v 0.89296014 0.35328736 0.05952371
v 0.92869738 0.29269504 0.02012987
v 0.90379431 0.32096076 0.07902745
v 0.89929043 0.35585516 0.01999369
v 0.92161635 0.29052357 0.05949583
v 0.91765489 0.32563656 0.00000000
v 0.91770612 -0.52161195 0.32237392
v 0.96318111 -0.45884729 0.28358322
v 0.92991746 -0.49083965 0.34160225
v 0.91830268 -0.52244310 0.27778843
v 0.98920440 -0.31043376 0.19185861
v 0.98091719 -0.38467197 0.23774035
v 0.90845332 -0.40794694 0.36191991
v 0.95335247 -0.41805189 0.29581514
v 0.92270241 -0.45031401 0.35345358
v 0.94451615 -0.45536087 0.31935266
v 0.91342085 -0.52041160 0.18959035
v 0.97536397 -0.46588506 0.24218848
v 0.91522901 -0.52110212 0.23299141
v 0.94997903 -0.49603944 0.26102232
v 0.98770631 -0.03301128 0.02040209
v 0.99875515 -0.10055582 0.06214692
v 0.96715856 -0.03236331 0.05352886
v 1.01443084 -0.06791378 0.00000000
v 0.99771035 -0.23935903 0.14793202
v 1.00243091 -0.16961629 0.10482863
v 0.93692316 -0.03153322 0.11738787
v 0.97874299 -0.09878755 0.09525052
v 0.94911961 -0.03182860 0.08565631
v 0.97321314 -0.06531139 0.07421010
v 1.04842972 -0.14125478 -0.04357607
v 1.01884350 -0.13726863 0.04234637
v 1.03130569 -0.10389235 -0.02139864
v 1.01752578 -0.10250418 0.02111272
v 0.85168017 -0.25367358 0.38952914
v 0.89949048 -0.26205986 0.33322057
v 0.87291857 -0.29238465 0.38670101
v 0.85442429 -0.21935771 0.36595338
v 0.97757958 -0.27301106 0.20457825
v 0.94279002 -0.26886324 0.27165253
v 0.97146127 -0.30799692 0.22649687
v 0.89777312 -0.36835236 0.37135238
v 0.91710011 -0.30022143 0.32648501
v 0.88854204 -0.33094022 0.38065601
v 0.91781534 -0.37222947 0.33876436
v 0.89591019 -0.29661618 0.35730163
v 0.87169056 -0.15576430 0.32509777
v 0.89957422 -0.22623291 0.30909877
v 0.86082888 -0.18682729 0.34448482
v 0.87634307 -0.22267981 0.33766814
v 0.95954236 -0.38028230 0.27197706
v 0.93655052 -0.30326715 0.29395049
v 0.96528560 -0.34368478 0.24891188
v 0.93834632 -0.37619058 0.30561284
v 0.95426175 -0.30571510 0.26064229
v 0.92765204 -0.33751862 0.31627744
v 0.92586989 -0.52815149 0.02203378
v 0.95875744 -0.46068571 0.06592949
v 0.92686362 -0.52865160 0.06405836
v 0.94646429 -0.49658822 0.00000000
v 1.01157527 -0.31921394 0.15298698
v 1.02272829 -0.40505367 0.11351359
v 1.00892101 -0.35703992 0.17583506
v 0.91601265 -0.52213378 0.14713009
v 0.96314427 -0.46240151 0.10859140
v 0.92196885 -0.52573010 0.10579514
v 0.94168335 -0.49304061 0.17131565
v 0.93983036 -0.49284629 0.08580221
v 0.97604669 -0.42720988 -0.04393023
v 0.97995317 -0.42891972 0.04410605
v 0.96280204 -0.46255799 -0.02208007
v 0.95993356 -0.46117988 0.02201429
v 0.99316571 -0.43154640 0.22103894
v 0.99952446 -0.43643770 0.13379436
v 1.00357281 -0.39494183 0.19876708
v 0.97743334 -0.46761303 0.19799942
v 1.01895847 -0.40231705 0.15716956
v 0.97142501 -0.46552707 0.15286495
v 0.93112445 -0.03213866 0.25134337
v 0.91227330 -0.09408528 0.22060406
v 0.93136025 -0.03187259 0.21710409
v 0.91766426 -0.06361783 0.27062231
v 0.98270150 -0.23701193 0.18204366
v 0.94293103 -0.16198160 0.20149116
v 0.98543849 -0.20228931 0.16028986
v 0.96554019 -0.23536919 0.21590130
v 0.93122051 -0.03145326 0.14995895
v 0.92229903 -0.09441236 0.18925995
v 0.93040311 -0.03161659 0.18308808
v 0.93652756 -0.06327610 0.13763665
v 0.92090527 -0.06295183 0.20181155
v 0.88620475 -0.12507577 0.30681737
v 0.90523338 -0.12549003 0.24120134
v 0.90216093 -0.09460315 0.28898717
v 0.88458809 -0.15651411 0.29346036
v 0.90610604 -0.09425034 0.25428000
v 0.98311525 -0.13310390 0.11684315
v 0.93999747 -0.12852443 0.17954654
v 0.98552958 -0.16755595 0.13849267
v 0.95725517 -0.09711370 0.12720861
v 0.96516784 -0.16491872 0.17075520
v 0.93755321 -0.09555777 0.15832751
v 0.92332503 -0.22984260 0.27928327
v 0.92087703 -0.15994490 0.23212823
v 0.94559127 -0.23294065 0.24840829
v 0.89945858 -0.19148131 0.28526402
v 0.94522294 -0.19713333 0.22486021
v 0.90096339 -0.15791592 0.26257735
v 1.02818118 -0.28418229 -0.13121020
v 1.06406645 -0.29410073 -0.04506200
v 1.06243109 -0.25507855 -0.11224941
v 1.01379634 -0.31971378 -0.10925284
v 1.01347447 -0.28011745 0.12933342
v 1.05559946 -0.29176051 0.04470343
v 1.01532123 -0.24376797 0.10727210
v 1.03409698 -0.32611585 0.11144055
v 1.07095230 -0.18158649 -0.06725289
v 1.07209385 -0.25759021 -0.02276448
v 1.08113800 -0.22105028 -0.09085868
v 1.05190297 -0.17829412 -0.02202752
v 1.07492374 -0.25820595 -0.06803225
v 0.98815270 -0.39094898 -0.06586914
v 1.04719267 -0.33004088 -0.02269830
v 1.00039625 -0.35526661 -0.08747429
v 0.99233118 -0.39267200 -0.02206224
v 1.03002251 -0.32469673 -0.06649409
v 1.01858361 -0.17270706 0.06396428
v 1.05622021 -0.25377628 0.02242742
v 1.01719852 -0.20797716 0.08548522
v 1.03389966 -0.17524262 0.02165052
v 1.03527985 -0.24868314 0.06552318
v 1.05471365 -0.21589642 0.00000000
v 1.01603514 -0.40198028 0.06772775
v 1.05599606 -0.33281542 0.02288911
v 1.04031882 -0.36944415 0.09096511
v 1.00311978 -0.39694112 0.02230210
v 1.05097427 -0.33130141 0.06784665
v 1.02630572 -0.36419210 0.00000000
v -0.56605800 0.86103850 -0.02095564
v -0.59917156 0.80870942 -0.06140888
v -0.55455841 0.86347761 -0.05471664
v -0.62248945 0.66708121 -0.12991729
v -0.59439435 0.71433001 -0.09450612
v -0.53061189 0.86636637 -0.12170548
v -0.58397320 0.80578365 -0.09382593
v -0.54283086 0.86540332 -0.08836445
v -0.57356496 0.84016155 -0.07508679
v -0.76436372 0.50554270 -0.27930263
v -0.76213402 0.57322403 -0.25207263
v -0.66712522 0.63724133 -0.16890153
v -0.72176846 0.61312045 -0.21188627
v -0.46946040 0.84725600 -0.24877831
v -0.50970045 0.76920291 -0.21339072
v -0.48703754 0.85655577 -0.21877792
v -0.61537429 0.67257391 -0.16123901
v -0.55241382 0.70661840 -0.18345583
v -0.59125011 0.68452814 -0.14133632
v -0.51740426 0.86563151 -0.15504725
v -0.52903412 0.78051334 -0.18536350
v -0.50300995 0.86259063 -0.18736859
v -0.54581196 0.83711249 -0.14088475
v -0.51109034 0.82161213 -0.20266677
v -0.58144596 0.75603085 -0.10975315
v -0.54525963 0.74008464 -0.16853056
v -0.57899395 0.71028800 -0.12427754
v -0.56692784 0.79954435 -0.12552578
v -0.56497321 0.70764676 -0.15386951
v -0.54838299 0.79083195 -0.15609233
v -0.89674011 0.03447383 -0.54104803
v -0.88659822 0.10124355 -0.50927624
v -0.84579319 0.22308033 -0.43751984
v -0.86236210 0.16303344 -0.47069586
v -0.80140286 0.46145513 -0.31903403
v -0.82120231 0.40583866 -0.35251437
v -0.86437660 0.29303008 -0.42228658
v -0.85190000 0.35401493 -0.39128148
v -0.31674397 0.73034505 -0.45137806
v -0.38851951 0.71689784 -0.44306723
v -0.33285394 0.74061729 -0.42600640
v -0.52923551 0.67376386 -0.41640897
v -0.45801075 0.69569374 -0.42996237
v -0.36856881 0.76774397 -0.37794459
v -0.40184638 0.72133316 -0.41385049
v -0.35009987 0.75308602 -0.40159420
v -0.36594438 0.72838323 -0.41846326
v -0.75333496 0.50518569 -0.31222193
v -0.70899977 0.55751029 -0.34456031
v -0.74424509 0.53296182 -0.29610633
v -0.60868733 0.65680127 -0.40592551
v -0.67060219 0.61710749 -0.38139340
v -0.74051663 0.60124398 -0.26889566
v -0.70989255 0.59436285 -0.33328864
v -0.74548841 0.56897097 -0.28383750
v -0.72733573 0.56340053 -0.31455979
v -0.44958049 0.83376513 -0.27845448
v -0.45553061 0.73842971 -0.29835724
v -0.42942713 0.81852170 -0.30506254
v -0.47078883 0.79496004 -0.25979362
v -0.54017739 0.67496462 -0.38439425
v -0.49817488 0.70856503 -0.34138044
v -0.50546888 0.68735664 -0.39229765
v -0.38839208 0.78439727 -0.35419601
v -0.44105570 0.73258316 -0.32614644
v -0.40878760 0.80162854 -0.33020639
v -0.39583315 0.74306883 -0.36397999
v -0.43068524 0.76573651 -0.31248307
v -0.51285660 0.72712129 -0.22664166
v -0.48628879 0.72105575 -0.28706908
v -0.49027336 0.75713300 -0.24181414
v -0.47210315 0.74665256 -0.27000466
v -0.43813903 0.71320406 -0.40854155
v -0.46300097 0.71874434 -0.34848283
v -0.47229203 0.70130546 -0.40103492
v -0.41485899 0.72479567 -0.38430609
v -0.48580563 0.70574987 -0.37150720
v -0.42773558 0.72822221 -0.35490262
v -0.63911732 0.65779778 -0.18223432
v -0.61973161 0.66037976 -0.24648955
v -0.65890273 0.63994437 -0.20150480
v -0.60813866 0.67648137 -0.19373154
v -0.57956256 0.66515794 -0.37786144
v -0.59935819 0.66217562 -0.31117682
v -0.61931036 0.65604196 -0.37167442
v -0.55257793 0.67613809 -0.35265340
v -0.71739546 0.61916571 -0.24722009
v -0.64328360 0.64627087 -0.26793132
v -0.68522906 0.62758329 -0.22314124
v -0.71069549 0.62301069 -0.28259104
v -0.65088276 0.64287241 -0.23448841
v -0.54156397 0.70643982 -0.21448688
v -0.58892295 0.67944070 -0.25796333
v -0.57455459 0.69159418 -0.20417774
v -0.53131487 0.70757753 -0.24611590
v -0.59929915 0.67877274 -0.22607407
v -0.68704554 0.62209852 -0.35017982
v -0.63587366 0.65000813 -0.30237166
v -0.65655188 0.64270085 -0.36301237
v -0.70061187 0.62405957 -0.31712673
v -0.62813805 0.65351112 -0.33692514
v -0.67434152 0.63827379 -0.29332285
v -0.51032728 0.70937812 -0.31009696
v -0.57727361 0.67881319 -0.28985314
v -0.53227475 0.69423616 -0.33183238
v -0.52113331 0.70887149 -0.27813791
v -0.56504089 0.67754316 -0.32117747
v -0.55627339 0.69604109 -0.26882926
v -0.59125098 -0.89935989 -0.02188830
v -0.65421399 -0.88300088 -0.06705016
v -0.58857187 -0.91643843 -0.05807265
v -0.74551374 -0.79891829 -0.15559320
v -0.70619035 -0.84868398 -0.11228120
v -0.57472568 -0.93839398 -0.13182378
v -0.64748856 -0.89342405 -0.10403083
v -0.58332494 -0.92996065 -0.09495626
v -0.61957478 -0.90755702 -0.08111005
v -0.85439428 -0.56508803 -0.31220028
v -0.82997293 -0.62424772 -0.27451007
v -0.77668345 -0.74189190 -0.19663928
v -0.80416826 -0.68311659 -0.23607600
v -0.51370309 -0.92710275 -0.27222357
v -0.58646405 -0.88504897 -0.24552850
v -0.53137484 -0.93453206 -0.23869429
v -0.72741068 -0.79502420 -0.19059454
v -0.65755655 -0.84111139 -0.21837358
v -0.71119561 -0.82339672 -0.17000887
v -0.56270496 -0.94142082 -0.16862223
v -0.60466611 -0.89209741 -0.21186351
v -0.54799647 -0.93973613 -0.20412583
v -0.60006282 -0.92031711 -0.15488796
v -0.56833637 -0.91363897 -0.22536700
v -0.67205116 -0.87384116 -0.12685570
v -0.64080162 -0.86976444 -0.19806098
v -0.69298519 -0.85012817 -0.14874507
v -0.63656655 -0.89775657 -0.14094477
v -0.67620736 -0.84697104 -0.18416395
v -0.62186831 -0.89680632 -0.17700927
v -0.92124818 -0.03541601 -0.55583498
v -0.95005104 -0.10848943 -0.54572456
v -0.95451148 -0.25175508 -0.49375866
v -0.96096519 -0.18167480 -0.52451555
v -0.87728831 -0.50515067 -0.34924361
v -0.89875779 -0.44416662 -0.38580631
v -0.93853118 -0.31816904 -0.45851441
v -0.91919259 -0.38197899 -0.42218927
v -0.36800087 -0.84853269 -0.52442204
v -0.44179137 -0.81519531 -0.50381841
v -0.38621465 -0.85934764 -0.49430064
v -0.58411210 -0.74362663 -0.45958653
v -0.51418713 -0.78102265 -0.48269854
v -0.42232076 -0.87971150 -0.43306391
v -0.45948976 -0.82480574 -0.47321582
v -0.40432660 -0.86973101 -0.46379686
v -0.42301247 -0.84197273 -0.48372153
v -0.83496986 -0.55992998 -0.34605576
v -0.77489502 -0.60932593 -0.37658413
v -0.82303027 -0.58938073 -0.32745191
v -0.65089928 -0.70234988 -0.43407610
v -0.71431731 -0.65733540 -0.40625562
v -0.79772921 -0.64769631 -0.28967064
v -0.76189962 -0.63790616 -0.35770553
v -0.81058180 -0.61865149 -0.30862118
v -0.79231298 -0.61373247 -0.34266129
v -0.49490716 -0.91782527 -0.30652824
v -0.52981438 -0.85884607 -0.34701061
v -0.47668169 -0.90859258 -0.33863190
v -0.53138480 -0.89728061 -0.29323207
v -0.60075158 -0.75065353 -0.42749930
v -0.56525629 -0.80397638 -0.38734880
v -0.56651588 -0.77037078 -0.43967662
v -0.44046726 -0.88956840 -0.40168623
v -0.51218533 -0.85072781 -0.37874450
v -0.45850494 -0.89912378 -0.37036658
v -0.45868526 -0.86105652 -0.42177432
v -0.49440132 -0.87902047 -0.35871218
v -0.60303622 -0.85497675 -0.26649384
v -0.56558070 -0.83862763 -0.33387719
v -0.56744594 -0.87631122 -0.27987743
v -0.54847797 -0.86744280 -0.31368486
v -0.49590586 -0.80723709 -0.46240607
v -0.53035827 -0.82330714 -0.39918005
v -0.53149687 -0.78921860 -0.45130722
v -0.47722205 -0.83374949 -0.44207632
v -0.54849451 -0.79682060 -0.41944689
v -0.49476443 -0.84233920 -0.41051809
v -0.74286564 -0.76457851 -0.21181653
v -0.70460473 -0.75081969 -0.28024664
v -0.75708005 -0.73529687 -0.23152926
v -0.70832436 -0.78792595 -0.22564717
v -0.63539866 -0.72924046 -0.41426529
v -0.66943116 -0.73959278 -0.34755754
v -0.66801833 -0.70763882 -0.40090614
v -0.61819300 -0.75642513 -0.39452872
v -0.78440719 -0.67700183 -0.27031286
v -0.71935154 -0.72269206 -0.29961405
v -0.77090389 -0.70605062 -0.25104080
v -0.76575498 -0.67127700 -0.30448412
v -0.73772019 -0.72864114 -0.26577265
v -0.63858921 -0.83300380 -0.25291381
v -0.67062855 -0.77370448 -0.29375248
v -0.67353895 -0.81074214 -0.23935351
v -0.61954484 -0.82507762 -0.28698582
v -0.68912939 -0.78051544 -0.25996080
v -0.73102822 -0.66192348 -0.37259732
v -0.70176978 -0.71736901 -0.33370668
v -0.69990330 -0.68513770 -0.38698169
v -0.74808594 -0.66634639 -0.33861552
v -0.68487073 -0.71253546 -0.36735581
v -0.73383516 -0.69458537 -0.31920120
v -0.58310381 -0.81054082 -0.35431913
v -0.65271188 -0.76752067 -0.32773122
v -0.60065730 -0.78342626 -0.37446363
v -0.60105201 -0.81758089 -0.32079191
v -0.63542366 -0.76193946 -0.36118406
v -0.63609750 -0.79592159 -0.30740572
v -0.03541601 -0.55583498 -0.92124818
v -0.10848943 -0.54572456 -0.95005104
v -0.05807265 -0.58857187 -0.91643843
v -0.03521427 -0.52049844 -0.93437632
v -0.25175508 -0.49375866 -0.95451148
v -0.18167480 -0.52451555 -0.96096519
v -0.10403083 -0.64748856 -0.89342405
v -0.13182378 -0.57472568 -0.93839398
v -0.08111005 -0.61957478 -0.90755702
v -0.09495626 -0.58332494 -0.92996065
v -0.03479273 -0.44865823 -0.95574548
v -0.10800616 -0.50972606 -0.96366809
v -0.03501256 -0.48463586 -0.94578335
v -0.07133319 -0.51594474 -0.95026783
v -0.50515067 -0.34924361 -0.87728831
v -0.44416662 -0.38580631 -0.89875779
v -0.31816904 -0.45851441 -0.93853118
v -0.38197899 -0.42218927 -0.91919259
v -0.19059454 -0.72741068 -0.79502420
v -0.21837358 -0.65755655 -0.84111139
v -0.17000887 -0.71119561 -0.82339672
v -0.27222357 -0.51370309 -0.92710275
v -0.24552850 -0.58646405 -0.88504897
v -0.23869429 -0.53137484 -0.93453206
v -0.12685570 -0.67205116 -0.87384116
v -0.19806098 -0.64080162 -0.86976444
v -0.14874507 -0.69298519 -0.85012817
v -0.14094477 -0.63656655 -0.89775657
v -0.18416395 -0.67620736 -0.84697104
v -0.16862223 -0.56270496 -0.94142082
v -0.21186351 -0.60466611 -0.89209741
v -0.20412583 -0.54799647 -0.93973613
v -0.15488796 -0.60006282 -0.92031711
v -0.22536700 -0.56833637 -0.91363897
v -0.17700927 -0.62186831 -0.89680632
v -0.03414791 -0.30508845 -0.98662166
v -0.10494540 -0.35831871 -0.99293285
v -0.03431310 -0.34078047 -0.98038148
v -0.25291899 -0.46073691 -0.97501211
v -0.18051496 -0.41574778 -1.00181971
v -0.21786657 -0.47612903 -0.97837231
v -0.03465756 -0.41232803 -0.96478579
v -0.10583543 -0.39623294 -0.98862654
v -0.03446862 -0.37652855 -0.97294979
v -0.07041601 -0.44186499 -0.96956803
v -0.06946705 -0.36751034 -0.98289628
v -0.14525881 -0.50093908 -0.97321817
v -0.14375744 -0.42602219 -0.99390052
v -0.18185850 -0.48972386 -0.97801135
v -0.10758368 -0.47251876 -0.97459004
v -0.18150453 -0.45338078 -0.99181290
v -0.10685097 -0.43450273 -0.98277966
v -0.89935989 -0.02188830 -0.59125098
v -0.88300088 -0.06705016 -0.65421399
v -0.91643843 -0.05807265 -0.58857187
v -0.79891829 -0.15559320 -0.74551374
v -0.84868398 -0.11228120 -0.70619035
v -0.93839398 -0.13182378 -0.57472568
v -0.89342405 -0.10403083 -0.64748856
v -0.92996065 -0.09495626 -0.58332494
v -0.90755702 -0.08111005 -0.61957478
v -0.56508803 -0.31220028 -0.85439428
v -0.62424772 -0.27451007 -0.82997293
v -0.74189190 -0.19663928 -0.77668345
v -0.68311659 -0.23607600 -0.80416826
v -0.92710275 -0.27222357 -0.51370309
v -0.88504897 -0.24552850 -0.58646405
v -0.93453206 -0.23869429 -0.53137484
v -0.79502420 -0.19059454 -0.72741068
v -0.84111139 -0.21837358 -0.65755655
v -0.82339672 -0.17000887 -0.71119561
v -0.94142082 -0.16862223 -0.56270496
v -0.89209741 -0.21186351 -0.60466611
v -0.93973613 -0.20412583 -0.54799647
v -0.92031711 -0.15488796 -0.60006282
v -0.91363897 -0.22536700 -0.56833637
v -0.87384116 -0.12685570 -0.67205116
v -0.86976444 -0.19806098 -0.64080162
v -0.85012817 -0.14874507 -0.69298519
v -0.89775657 -0.14094477 -0.63656655
v -0.84697104 -0.18416395 -0.67620736
v -0.89680632 -0.17700927 -0.62186831
v -0.34605576 -0.83496986 -0.55992998
v -0.37658413 -0.77489502 -0.60932593
v -0.32745191 -0.82303027 -0.58938073
v -0.38337836 -0.81867792 -0.54964799
v -0.43407610 -0.65089928 -0.70234988
v -0.40625562 -0.71431731 -0.65733540
v -0.28967064 -0.79772921 -0.64769631
v -0.35770553 -0.76189962 -0.63790616
v -0.30862118 -0.81058180 -0.61865149
v -0.34266129 -0.79231298 -0.61373247
v -0.45746936 -0.78660167 -0.52962566
v -0.41413755 -0.75982114 -0.59973799
v -0.42062015 -0.80271092 -0.53965638
v -0.39884994 -0.78925619 -0.57488132
v -0.52442204 -0.36800087 -0.84853269
v -0.50381841 -0.44179137 -0.81519531
v -0.49430064 -0.38621465 -0.85934764
v -0.45958653 -0.58411210 -0.74362663
v -0.48269854 -0.51418713 -0.78102265
v -0.43306391 -0.42232076 -0.87971150
v -0.47321582 -0.45948976 -0.82480574
v -0.46379686 -0.40432660 -0.86973101
v -0.48372153 -0.42301247 -0.84197273
v -0.21181653 -0.74286564 -0.76457851
v -0.28024664 -0.70460473 -0.75081969
v -0.23152926 -0.75708005 -0.73529687
v -0.22564717 -0.70832436 -0.78792595
v -0.41426529 -0.63539866 -0.72924046
v -0.34755754 -0.66943116 -0.73959278
v -0.40090614 -0.66801833 -0.70763882
v -0.27031286 -0.78440719 -0.67700183
v -0.29961405 -0.71935154 -0.72269206
v -0.25104080 -0.77090389 -0.70605062
v -0.30448412 -0.76575498 -0.67127700
v -0.26577265 -0.73772019 -0.72864114
v -0.25291381 -0.63858921 -0.83300380
v -0.29375248 -0.67062855 -0.77370448
v -0.23935351 -0.67353895 -0.81074214
v -0.25996080 -0.68912939 -0.78051544
v -0.37259732 -0.73102822 -0.66192348
v -0.33370668 -0.70176978 -0.71736901
v -0.38698169 -0.69990330 -0.68513770
v -0.33861552 -0.74808594 -0.66634639
v -0.36735581 -0.68487073 -0.71253546
v -0.31920120 -0.73383516 -0.69458537
v -0.59943322 -0.71383075 -0.48459567
v -0.55992790 -0.69147669 -0.55724961
v -0.56518176 -0.73343201 -0.49671540
v -0.47117692 -0.63456399 -0.69211874
v -0.51711030 -0.66501396 -0.62652993
v -0.45779913 -0.66706589 -0.67046415
v -0.49429592 -0.76965775 -0.51913779
v -0.52476754 -0.70999219 -0.56872178
v -0.53005553 -0.75206160 -0.50823853
v -0.47328427 -0.75741938 -0.55498514
v -0.54537283 -0.72221337 -0.53317126
v -0.42930193 -0.72948925 -0.62430027
v -0.50308970 -0.69659455 -0.60379726
v -0.44380156 -0.69875371 -0.64780039
v -0.45157908 -0.74400484 -0.59010487
v -0.48085482 -0.68233904 -0.63756359
v -0.48856189 -0.72742673 -0.57980014
v -0.30652824 -0.49490716 -0.91782527
v -0.34701061 -0.52981438 -0.85884607
v -0.33863190 -0.47668169 -0.90859258
v -0.29323207 -0.53138480 -0.89728061
v -0.42749930 -0.60075158 -0.75065353
v -0.38734880 -0.56525629 -0.80397638
v -0.43967662 -0.56651588 -0.77037078
v -0.39452872 -0.61819300 -0.75642513
v -0.40168623 -0.44046726 -0.88956840
v -0.37874450 -0.51218533 -0.85072781
v -0.37036658 -0.45850494 -0.89912378
v -0.42177432 -0.45868526 -0.86105652
v -0.35871218 -0.49440132 -0.87902047
v -0.26649384 -0.60303622 -0.85497675
v -0.33387719 -0.56558070 -0.83862763
v -0.27987743 -0.56744594 -0.87631122
v -0.28698582 -0.61954484 -0.82507762
v -0.31368486 -0.54847797 -0.86744280
v -0.46240607 -0.49590586 -0.80723709
v -0.39918005 -0.53035827 -0.82330714
v -0.45130722 -0.53149687 -0.78921860
v -0.44207632 -0.47722205 -0.83374949
v -0.41944689 -0.54849451 -0.79682060
v -0.41051809 -0.49476443 -0.84233920
v -0.32773122 -0.65271188 -0.76752067
v -0.35431913 -0.58310381 -0.81054082
v -0.36118406 -0.63542366 -0.76193946
v -0.30740572 -0.63609750 -0.79592159
v -0.37446363 -0.60065730 -0.78342626
v -0.32079191 -0.60105201 -0.81758089
v -0.03287404 -0.02031727 -0.98359994
v -0.09879937 -0.06106137 -0.98130945
v -0.03265080 -0.05400437 -0.97574999
v -0.24172732 -0.14939570 -1.00758199
v -0.17000131 -0.10506659 -1.00470641
v -0.03291786 -0.12254245 -0.97806409
v -0.10003676 -0.09645500 -0.99111959
v -0.03266992 -0.08792046 -0.97420772
v -0.06561018 -0.07454959 -0.97766542
v -0.51048881 -0.31549943 -0.89813644
v -0.45813135 -0.28314074 -0.96167825
v -0.47999114 -0.33405218 -0.90936447
v -0.31840895 -0.19678756 -1.01461755
v -0.39470105 -0.24393867 -1.00649146
v -0.41807707 -0.37090710 -0.93101201
v -0.42633528 -0.30167650 -0.97224245
v -0.44915792 -0.35254616 -0.92033356
v -0.45405416 -0.31843624 -0.94180575
v -0.03420684 -0.26751778 -0.99104403
v -0.10347533 -0.24262115 -1.00332149
v -0.03395326 -0.23127681 -0.99216016
v -0.06890801 -0.29312611 -0.99397331
v -0.24398430 -0.18739898 -1.01161042
v -0.17344413 -0.21574956 -1.00965701
v -0.20714506 -0.16413745 -1.00909292
v -0.03324799 -0.15851563 -0.98435606
v -0.10288867 -0.20625164 -1.00510270
v -0.03363271 -0.19476325 -0.98973309
v -0.06709681 -0.14594736 -0.99307647
v -0.06835897 -0.21914581 -1.00000487
v -0.14152192 -0.34716065 -1.00273141
v -0.13941569 -0.26796750 -1.00568729
v -0.10451755 -0.31927303 -0.99670738
v -0.10403721 -0.28068420 -1.00019527
v -0.13585715 -0.11926005 -1.00345100
v -0.13782886 -0.19254467 -1.00804787
v -0.17141713 -0.14168412 -1.00824024
v -0.10140623 -0.13283138 -0.99956693
v -0.17245475 -0.17855794 -1.00927163
v -0.10235799 -0.16959465 -1.00427281
v -0.28853336 -0.44305816 -0.96871790
v -0.29246751 -0.37188523 -1.00386127
v -0.32176829 -0.42556311 -0.96064384
v -0.25487335 -0.42520394 -0.99276192
v -0.28391427 -0.21274847 -1.01662108
v -0.29106758 -0.29408723 -1.02065127
v -0.32306603 -0.23757850 -1.01899116
v -0.24775383 -0.22726158 -1.01634491
v -0.38627732 -0.38942333 -0.94146105
v -0.32683600 -0.35542785 -0.99840086
v -0.35434992 -0.40758245 -0.95139479
v -0.39051498 -0.35540593 -0.96290237
v -0.32480935 -0.39126291 -0.98106585
v -0.18016916 -0.37603349 -1.00826541
v -0.25555502 -0.34916114 -1.01616829
v -0.21839428 -0.40269018 -1.00627754
v -0.17890115 -0.33543554 -1.01111540
v -0.25583293 -0.38794100 -1.00681517
v -0.39529320 -0.28271281 -0.99741841
v -0.32746330 -0.31740331 -1.01127315
v -0.36080940 -0.26131430 -1.01338244
v -0.39377779 -0.31990049 -0.98221476
v -0.32620230 -0.27810898 -1.01821068
v -0.36059279 -0.33789948 -0.99107019
v -0.17550913 -0.25471662 -1.01048756
v -0.25401732 -0.30865812 -1.02043983
v -0.21151200 -0.24126125 -1.01416640
v -0.17726927 -0.29475746 -1.01138075
v -0.25126819 -0.26795282 -1.01998949
v -0.21654700 -0.32260625 -1.01720139
v -0.84853269 -0.52442204 -0.36800087
v -0.81519531 -0.50381841 -0.44179137
v -0.85934764 -0.49430064 -0.38621465
v -0.81867792 -0.54964799 -0.38337836
v -0.74362663 -0.45958653 -0.58411210
v -0.78102265 -0.48269854 -0.51418713
v -0.87971150 -0.43306391 -0.42232076
v -0.82480574 -0.47321582 -0.45948976
v -0.86973101 -0.46379686 -0.40432660
v -0.84197273 -0.48372153 -0.42301247
v -0.75982114 -0.59973799 -0.41413755
v -0.78660167 -0.52962566 -0.45746936
v -0.78925619 -0.57488132 -0.39884994
v -0.80271092 -0.53965638 -0.42062015
v -0.55992998 -0.34605576 -0.83496986
v -0.60932593 -0.37658413 -0.77489502
v -0.58938073 -0.32745191 -0.82303027
v -0.54964799 -0.38337836 -0.81867792
v -0.70234988 -0.43407610 -0.65089928
v -0.65733540 -0.40625562 -0.71431731
v -0.64769631 -0.28967064 -0.79772921
v -0.63790616 -0.35770553 -0.76189962
v -0.61865149 -0.30862118 -0.81058180
v -0.61373247 -0.34266129 -0.79231298
v -0.52962566 -0.45746936 -0.78660167
v -0.59973799 -0.41413755 -0.75982114
v -0.53965638 -0.42062015 -0.80271092
v -0.57488132 -0.39884994 -0.78925619
v -0.91782527 -0.30652824 -0.49490716
v -0.85884607 -0.34701061 -0.52981438
v -0.90859258 -0.33863190 -0.47668169
v -0.89728061 -0.29323207 -0.53138480
v -0.75065353 -0.42749930 -0.60075158
v -0.80397638 -0.38734880 -0.56525629
v -0.77037078 -0.43967662 -0.56651588
v -0.88956840 -0.40168623 -0.44046726
v -0.85072781 -0.37874450 -0.51218533
v -0.89912378 -0.37036658 -0.45850494
v -0.86105652 -0.42177432 -0.45868526
v -0.87902047 -0.35871218 -0.49440132
v -0.85497675 -0.26649384 -0.60303622
v -0.83862763 -0.33387719 -0.56558070
v -0.87631122 -0.27987743 -0.56744594
v -0.86744280 -0.31368486 -0.54847797
v -0.80723709 -0.46240607 -0.49590586
v -0.82330714 -0.39918005 -0.53035827
v -0.78921860 -0.45130722 -0.53149687
v -0.83374949 -0.44207632 -0.47722205
v -0.79682060 -0.41944689 -0.54849451
v -0.84233920 -0.41051809 -0.49476443
v -0.63456399 -0.69211874 -0.47117692
v -0.66501396 -0.62652993 -0.51711030
v -0.66706589 -0.67046415 -0.45779913
v -0.61566447 -0.68201221 -0.50831159
v -0.71383075 -0.48459567 -0.59943322
v -0.69147669 -0.55724961 -0.55992790
v -0.73343201 -0.49671540 -0.56518176
v -0.72948925 -0.62430027 -0.42930193
v -0.69659455 -0.60379726 -0.50308970
v -0.69875371 -0.64780039 -0.44380156
v -0.74400484 -0.59010487 -0.45157908
v -0.68233904 -0.63756359 -0.48085482
v -0.57524111 -0.65860165 -0.58027062
v -0.64519596 -0.61536718 -0.55355024
v -0.59584902 -0.67081533 -0.54475155
v -0.63094930 -0.64912216 -0.53134443
v -0.76965775 -0.51913779 -0.49429592
v -0.70999219 -0.56872178 -0.52476754
v -0.75206160 -0.50823853 -0.53005553
v -0.75741938 -0.55498514 -0.47328427
v -0.72221337 -0.53317126 -0.54537283
v -0.72742673 -0.57980014 -0.48856189
v -0.76457851 -0.21181653 -0.74286564
v -0.75081969 -0.28024664 -0.70460473
v -0.73529687 -0.23152926 -0.75708005
v -0.78792595 -0.22564717 -0.70832436
v -0.72924046 -0.41426529 -0.63539866
v -0.73959278 -0.34755754 -0.66943116
v -0.70763882 -0.40090614 -0.66801833
v -0.75642513 -0.39452872 -0.61819300
v -0.67700183 -0.27031286 -0.78440719
v -0.72269206 -0.29961405 -0.71935154
v -0.70605062 -0.25104080 -0.77090389
v -0.67127700 -0.30448412 -0.76575498
v -0.72864114 -0.26577265 -0.73772019
v -0.83300380 -0.25291381 -0.63858921
v -0.77370448 -0.29375248 -0.67062855
v -0.81074214 -0.23935351 -0.67353895
v -0.82507762 -0.28698582 -0.61954484
v -0.78051544 -0.25996080 -0.68912939
v -0.66192348 -0.37259732 -0.73102822
v -0.71736901 -0.33370668 -0.70176978
v -0.68513770 -0.38698169 -0.69990330
v -0.66634639 -0.33861552 -0.74808594
v -0.71253546 -0.36735581 -0.68487073
v -0.69458537 -0.31920120 -0.73383516
v -0.81054082 -0.35431913 -0.58310381
v -0.76752067 -0.32773122 -0.65271188
v -0.78342626 -0.37446363 -0.60065730
v -0.81758089 -0.32079191 -0.60105201
v -0.76193946 -0.36118406 -0.63542366
v -0.79592159 -0.30740572 -0.63609750
v -0.48459567 -0.59943322 -0.71383075
v -0.55724961 -0.55992790 -0.69147669
v -0.49671540 -0.56518176 -0.73343201
v -0.50831159 -0.61566447 -0.68201221
v -0.69211874 -0.47117692 -0.63456399
v -0.62652993 -0.51711030 -0.66501396
v -0.67046415 -0.45779913 -0.66706589
v -0.68201221 -0.50831159 -0.61566447
v -0.51913779 -0.49429592 -0.76965775
v -0.56872178 -0.52476754 -0.70999219
v -0.50823853 -0.53005553 -0.75206160
v -0.55498514 -0.47328427 -0.75741938
v -0.53317126 -0.54537283 -0.72221337
v -0.55355024 -0.64519596 -0.61536718
v -0.58027062 -0.57524111 -0.65860165
v -0.53134443 -0.63094930 -0.64912216
v -0.58944990 -0.62453960 -0.60285297
v -0.54475155 -0.59584902 -0.67081533
v -0.62430027 -0.42930193 -0.72948925
v -0.60379726 -0.50308970 -0.69659455
v -0.64780039 -0.44380156 -0.69875371
v -0.59010487 -0.45157908 -0.74400484
v -0.63756359 -0.48085482 -0.68233904
v -0.57980014 -0.48856189 -0.72742673
v -0.65860165 -0.58027062 -0.57524111
v -0.61536718 -0.55355024 -0.64519596
v -0.67081533 -0.54475155 -0.59584902
v -0.62453960 -0.60285297 -0.58944990
v -0.64912216 -0.53134443 -0.63094930
v -0.60285297 -0.58944990 -0.62453960
v -0.03242677 0.50892052 -0.84349155
v -0.09667752 0.48630816 -0.84661313
v -0.05216539 0.52870124 -0.82321660
v -0.03260148 0.48187905 -0.86504845
v -0.22178844 0.43498611 -0.84089511
v -0.15685694 0.45286359 -0.82969160
v -0.09052115 0.56340422 -0.77740196
v -0.11732632 0.51151963 -0.83519313
v -0.07157871 0.54676778 -0.80090888
v -0.08537410 0.52446090 -0.83611718
v -0.03180737 0.41016141 -0.87373837
v -0.09521262 0.44934801 -0.84951972
v -0.03229773 0.44705779 -0.87244847
v -0.06456634 0.46700089 -0.86012296
v -0.47657919 0.32949028 -0.82766861
v -0.41476685 0.36026946 -0.83926823
v -0.28621933 0.41247158 -0.84428632
v -0.34756534 0.38415295 -0.83637973
v -0.16381956 0.62522306 -0.68333814
v -0.19732000 0.59416097 -0.76001913
v -0.14578351 0.60985398 -0.70606702
v -0.24072444 0.45426223 -0.81982719
v -0.21853368 0.52198482 -0.78774159
v -0.20789473 0.46280967 -0.81394609
v -0.10934518 0.57928465 -0.75322058
v -0.17838957 0.57715724 -0.78337948
v -0.12762204 0.59457556 -0.72940294
v -0.12483549 0.56381019 -0.79514750
v -0.16204884 0.59500581 -0.74526353
v -0.14769321 0.49286328 -0.82457378
v -0.18989402 0.54196440 -0.79959009
v -0.17705206 0.47531419 -0.81509634
v -0.13818996 0.53537187 -0.82110052
v -0.19763840 0.49840968 -0.80122712
v -0.15866933 0.55743651 -0.80388817
v -0.03241425 0.28959937 -0.93653171
v -0.09707347 0.33144132 -0.91845324
v -0.03215524 0.31934970 -0.91872792
v -0.22395849 0.40798022 -0.86336832
v -0.16108760 0.37100423 -0.89400201
v -0.19106811 0.41756326 -0.85802860
v -0.03163048 0.37631423 -0.88051889
v -0.09630824 0.36056448 -0.89963146
v -0.03178598 0.34722393 -0.89722665
v -0.06317758 0.39644335 -0.86990099
v -0.06431845 0.34027207 -0.91004827
v -0.12604048 0.43466282 -0.84445748
v -0.12835205 0.38036865 -0.88739181
v -0.15788085 0.42515484 -0.84906269
v -0.09469814 0.41592413 -0.85786120
v -0.15986275 0.39932169 -0.87355359
v -0.09529608 0.38751549 -0.87650161
v -0.88320690 0.02149517 -0.58063180
v -0.83942035 0.06374089 -0.62192524
v -0.87723814 0.05558861 -0.56339595
v -0.87739844 0.00000000 -0.61269059
v -0.74334686 0.14477039 -0.69365704
v -0.79320135 0.10494083 -0.66002323
v -0.86660830 0.12173946 -0.53076006
v -0.83549259 0.09728525 -0.60550407
v -0.87287925 0.08912780 -0.54752019
v -0.85679660 0.07657350 -0.58492145
v -0.86083535 -0.04445203 -0.67611293
v -0.83009333 0.04286457 -0.65196768
v -0.87049881 -0.02203322 -0.64501372
v -0.85415085 0.02161944 -0.63290037
v -0.52269561 0.28877929 -0.79029836
v -0.56790143 0.24973205 -0.75505732
v -0.68674993 0.18202384 -0.71895555
v -0.62484827 0.21593925 -0.73557451
v -0.83082103 0.24395254 -0.46035386
v -0.79575913 0.22075789 -0.52729752
v -0.83009735 0.21202001 -0.47199328
v -0.73616393 0.17648372 -0.67355624
v -0.76867865 0.19956823 -0.60093073
v -0.76357031 0.15765636 -0.65952152
v -0.85507323 0.15315611 -0.51109338
v -0.80724379 0.19171169 -0.54715209
v -0.84048603 0.18256711 -0.49011990
v -0.84467485 0.14215748 -0.55074275
v -0.81802297 0.20178143 -0.50885768
v -0.81287595 0.11800537 -0.62516422
v -0.79532047 0.18110875 -0.58595480
v -0.78911262 0.13806931 -0.64324814
v -0.83040711 0.13037113 -0.58881150
v -0.78096884 0.16981254 -0.62351232
v -0.82082875 0.16201302 -0.56918353
v -0.78209378 -0.13368890 -0.77288532
v -0.78147469 -0.04433424 -0.77227352
v -0.80705816 -0.11198860 -0.75332115
v -0.72958029 0.12471239 -0.72099013
v -0.75392244 0.04277116 -0.74504568
v -0.75528460 0.10480443 -0.70499487
v -0.84698988 -0.06724543 -0.70518076
v -0.79718596 -0.02218115 -0.74431303
v -0.82900324 -0.08976642 -0.73082406
v -0.83632554 -0.02213152 -0.69623542
v -0.80661121 -0.06704360 -0.75304339
v -0.80526350 0.06393263 -0.67044051
v -0.78216751 0.02176327 -0.73029067
v -0.78044150 0.08450804 -0.68801350
v -0.82050056 0.02171275 -0.68306123
v -0.76730376 0.06377646 -0.71634638
v -0.80989116 0.00000000 -0.71424220
v -0.29846014 0.72013026 -0.48291865
v -0.33437285 0.68803710 -0.54102664
v -0.28337019 0.71223357 -0.51003803
v -0.33514204 0.71567261 -0.48049178
v -0.40557840 0.60816684 -0.65623964
v -0.37490546 0.65919447 -0.60660978
v -0.25215607 0.69441717 -0.56381468
v -0.31796460 0.67725290 -0.56703506
v -0.26800695 0.70391007 -0.53723758
v -0.30184602 0.69793852 -0.54062920
v -0.40681510 0.69950355 -0.47098175
v -0.37029646 0.67938558 -0.53624902
v -0.37178503 0.70951403 -0.47700083
v -0.35359798 0.69971025 -0.50965752
v -0.49895124 0.35012733 -0.80732007
v -0.47122116 0.41320729 -0.76245185
v -0.46810115 0.36574406 -0.81379951
v -0.41959347 0.53328287 -0.67891650
v -0.45049605 0.47988393 -0.72891793
v -0.40059451 0.39065684 -0.81375426
v -0.43999930 0.42723672 -0.76691001
v -0.43434312 0.37864956 -0.81449814
v -0.45306064 0.39619964 -0.78860393
v -0.18283364 0.64121922 -0.65996111
v -0.25219624 0.63407956 -0.67566878
v -0.20068706 0.65622879 -0.63734737
v -0.19817473 0.62208619 -0.69199632
v -0.38404267 0.58904331 -0.67603890
v -0.32577520 0.62747615 -0.69324056
v -0.37741492 0.62887560 -0.66617451
v -0.23543142 0.68318651 -0.58964084
v -0.26851608 0.64468757 -0.64768136
v -0.21831256 0.67040099 -0.61400265
v -0.26836595 0.67492044 -0.59164953
v -0.23368201 0.64864438 -0.64066159
v -0.23214517 0.58614988 -0.76459964
v -0.27183308 0.62058718 -0.71597174
v -0.21651760 0.60927886 -0.73339195
v -0.23478336 0.62238658 -0.70492181
v -0.33698583 0.66115920 -0.59865924
v -0.30621348 0.64395284 -0.65826689
v -0.35997695 0.65106195 -0.63732674
v -0.30152774 0.66614980 -0.59336300
v -0.34362799 0.64063434 -0.66651218
v -0.28502908 0.65527436 -0.62022646
v -0.55872389 0.66535232 -0.45168531
v -0.52851136 0.65267918 -0.52598334
v -0.51799838 0.67220250 -0.45524784
v -0.43443661 0.58508347 -0.63815036
v -0.48471399 0.62335166 -0.58727861
v -0.43053665 0.62734133 -0.63053722
v -0.44177166 0.68787334 -0.46397383
v -0.49147905 0.66495403 -0.53264506
v -0.47827192 0.67858917 -0.45858632
v -0.42515992 0.68040369 -0.49855330
v -0.50578416 0.66978783 -0.49446831
v -0.39234048 0.66668269 -0.57055012
v -0.47403471 0.65636406 -0.56892609
v -0.41632024 0.65548512 -0.60768695
v -0.40876085 0.67345911 -0.53415178
v -0.45365885 0.64374762 -0.60150456
v -0.45010055 0.67016110 -0.53415620
v -0.27577095 0.44524777 -0.82572992
v -0.31524241 0.48131081 -0.78022024
v -0.30781333 0.43329934 -0.82590243
v -0.26079833 0.47260952 -0.79803441
v -0.38951712 0.54737640 -0.68395995
v -0.35217663 0.51392972 -0.73097348
v -0.40275467 0.51894257 -0.70567871
v -0.36245318 0.56793335 -0.69492708
v -0.36836572 0.40392981 -0.81577730
v -0.34869308 0.47154607 -0.78322695
v -0.33820181 0.41868574 -0.82103870
v -0.38944732 0.42352922 -0.79506064
v -0.32874746 0.45310191 -0.80559222
v -0.24099853 0.54534408 -0.77318160
v -0.30032043 0.50873629 -0.75434029
v -0.24836334 0.50355174 -0.77763891
v -0.26339562 0.56861834 -0.75725636
v -0.28060078 0.49063045 -0.77595433
v -0.43083388 0.46204637 -0.75212050
v -0.36780330 0.48867052 -0.75859272
v -0.41920074 0.49368561 -0.73307273
v -0.41038898 0.44301551 -0.77398763
v -0.38563353 0.50427809 -0.73258558
v -0.38051772 0.45860740 -0.78078165
v -0.30650173 0.61043107 -0.71780287
v -0.32060776 0.52762492 -0.73342264
v -0.33603727 0.59118342 -0.70889079
v -0.28542899 0.59062228 -0.73902039
v -0.34119073 0.54728599 -0.71381504
v -0.29182787 0.54678352 -0.74376218
v -0.03333781 0.02060390 -0.99747620
v -0.09913258 0.06126730 -0.98461897
v -0.03367440 0.05569740 -1.00633969
v -0.06555585 0.00000000 -0.97921033
v -0.22746671 0.14058216 -0.94814006
v -0.16381933 0.10124591 -0.96817094
v -0.03356420 0.12494856 -0.99726835
v -0.10035867 0.09676538 -0.99430892
v -0.03376272 0.09086136 -1.00679452
v -0.06718197 0.07633554 -1.00108683
v -0.13232404 -0.04082100 -0.98214347
v -0.13050407 0.04025955 -0.96863515
v -0.09803562 -0.02019233 -0.97316783
v -0.09814684 0.02021524 -0.97427180
v -0.47176724 0.29156819 -0.83001106
v -0.41210954 0.25469770 -0.86507240
v -0.44770374 0.31158160 -0.84819456
v -0.29004560 0.17925804 -0.92423705
v -0.35155285 0.21727161 -0.89646312
v -0.38717675 0.34349314 -0.86220037
v -0.38785709 0.27444918 -0.88449429
v -0.41945562 0.32923269 -0.85947294
v -0.41802630 0.29316926 -0.86707622
v -0.03271075 0.25581742 -0.94769901
v -0.09848065 0.23091001 -0.95489193
v -0.03269174 0.22268383 -0.95529692
v -0.06515946 0.27718022 -0.93990172
v -0.23048121 0.17702756 -0.95562376
v -0.16734579 0.20816375 -0.97415720
v -0.19846053 0.15725601 -0.96678683
v -0.03314549 0.15802695 -0.98132146
v -0.09961506 0.19968933 -0.97312335
v -0.03282515 0.19008674 -0.96596835
v -0.06719419 0.14615918 -0.99451775
v -0.06570974 0.21065290 -0.96125006
v -0.12981868 0.31845199 -0.91980993
v -0.13115317 0.25208632 -0.94608492
v -0.09758402 0.29809293 -0.93058732
v -0.09782720 0.26393008 -0.94049334
v -0.13351905 0.11720758 -0.98618161
v -0.13438689 0.18773630 -0.98287415
v -0.16610593 0.13729417 -0.97700088
v -0.10118723 0.13254452 -0.99740826
v -0.16762777 0.17356013 -0.98102226
v -0.10087055 0.16713014 -0.98967892
v -0.27742068 -0.12808829 -1.00371746
v -0.27418974 -0.04201125 -0.99202781
v -0.24097413 -0.10604265 -1.00368458
v -0.25839266 0.11930283 -0.93487344
v -0.26660312 0.04084883 -0.96457913
v -0.22694786 0.09987027 -0.94526355
v -0.16878335 -0.06251108 -0.99544257
v -0.23748733 -0.02098789 -0.98842539
v -0.20501795 -0.08426888 -1.00272523
v -0.16629552 -0.02054514 -0.98111337
v -0.23983758 -0.06319254 -0.99845533
v -0.16311007 0.06040991 -0.96198292
v -0.23360307 0.02064462 -0.97225904
v -0.19511283 0.08019757 -0.95428017
v -0.16395948 0.02025653 -0.96733120
v -0.22940002 0.06044245 -0.95500328
v -0.20016130 0.00000000 -0.97784324
v -0.25678068 0.39430026 -0.86211191
v -0.26020365 0.33086032 -0.89311924
v -0.28739115 0.38009672 -0.85801040
v -0.22557198 0.37632060 -0.87862959
v -0.26337097 0.19735454 -0.94306099
v -0.26695790 0.26972742 -0.93610876
v -0.29484296 0.21682362 -0.92997202
v -0.23369886 0.21436913 -0.95868811
v -0.35257172 0.35544322 -0.85931149
v -0.29422687 0.31996605 -0.89878826
v -0.31905724 0.36698790 -0.85663742
v -0.35824947 0.32604123 -0.88334452
v -0.28989783 0.34920875 -0.87561783
v -0.16215572 0.33843738 -0.90745828
v -0.22857178 0.31229433 -0.90887432
v -0.19397629 0.35766664 -0.89376875
v -0.16260426 0.30487925 -0.91900848
v -0.22649248 0.34344960 -0.89134758
v -0.35700822 0.25533148 -0.90081634
v -0.29802738 0.28887168 -0.92036904
v -0.32609757 0.23617444 -0.91588951
v -0.36020479 0.29262617 -0.89847236
v -0.29829821 0.25431890 -0.93111060
v -0.32845763 0.30778669 -0.90274840
v -0.16613919 0.24111802 -0.95654047
v -0.23186183 0.28173684 -0.93143666
v -0.20089166 0.22914715 -0.96324354
v -0.16397692 0.27265539 -0.93554346
v -0.23415890 0.24970743 -0.95053659
v -0.19651723 0.29276641 -0.92311417
v -0.77704316 0.48023908 -0.33699651
v -0.75873435 0.46892361 -0.41119261
v -0.79304414 0.45616256 -0.35641602
v -0.74695900 0.50149699 -0.34979313
v -0.69730396 0.43095755 -0.54772605
v -0.72839246 0.45017130 -0.47953799
v -0.81078254 0.39913159 -0.38923021
v -0.76649095 0.43975887 -0.42700326
v -0.80131755 0.42731438 -0.37252208
v -0.78075901 0.44855365 -0.39225830
v -0.69213307 0.54631080 -0.37724443
v -0.73144829 0.49249042 -0.42539342
v -0.71758465 0.52267694 -0.36263079
v -0.74049900 0.49783179 -0.38802114
v -0.52982571 0.32745030 -0.79007826
v -0.58393555 0.36089201 -0.74260544
v -0.55148898 0.30639977 -0.77011700
v -0.52519087 0.36631956 -0.78225005
v -0.66691014 0.41217314 -0.61805568
v -0.63033444 0.38956811 -0.68497573
v -0.59345528 0.26541230 -0.73092375
v -0.60763634 0.34073174 -0.72574608
v -0.57184682 0.28527215 -0.74925647
v -0.57998219 0.32381772 -0.74874223
v -0.49508580 0.42763521 -0.73530295
v -0.57242503 0.39527712 -0.72521776
v -0.51073295 0.39807659 -0.75968882
v -0.54978606 0.38143897 -0.75480284
v -0.84128137 0.28096470 -0.45363338
v -0.81161429 0.32792695 -0.50067752
v -0.84912061 0.31646674 -0.44548047
v -0.81661732 0.26687124 -0.48361464
v -0.71300461 0.40605813 -0.57062097
v -0.76925910 0.37062231 -0.54084741
v -0.72616618 0.41444756 -0.53400867
v -0.82755032 0.37368185 -0.40975919
v -0.80876856 0.36006422 -0.48692353
v -0.84405905 0.34768434 -0.43042488
v -0.80210026 0.39289557 -0.42727923
v -0.83069337 0.33899078 -0.46721995
v -0.77394069 0.24123513 -0.54587948
v -0.78780904 0.31364512 -0.53130802
v -0.79373010 0.25350257 -0.51397142
v -0.80260745 0.29023908 -0.50748303
v -0.75210353 0.43082416 -0.46203594
v -0.78318655 0.37972760 -0.50451338
v -0.73881533 0.42248459 -0.49755295
v -0.77670805 0.41183142 -0.44457263
v -0.75531256 0.39759704 -0.51992230
v -0.79363041 0.38677963 -0.46615437
v -0.59795378 0.65218800 -0.44399308
v -0.60917862 0.57392576 -0.47369313
v -0.62806359 0.63126316 -0.43103233
v -0.58085242 0.64344859 -0.47956968
v -0.66703903 0.45283035 -0.56014029
v -0.64276886 0.51799677 -0.52048641
v -0.68510510 0.46398610 -0.52794111
v -0.67079684 0.57407103 -0.39476165
v -0.63548608 0.55082939 -0.45895636
v -0.65116695 0.60368367 -0.41357763
v -0.67817182 0.53788964 -0.41162126
v -0.62984340 0.58851274 -0.44386033
v -0.53640877 0.61414196 -0.54109876
v -0.58909705 0.56186183 -0.50541980
v -0.55986853 0.63030798 -0.51185659
v -0.58511081 0.60196341 -0.49274224
v -0.71857366 0.48468134 -0.46148828
v -0.65549880 0.52507118 -0.48449052
v -0.70274415 0.47491010 -0.49529642
v -0.69990156 0.51284001 -0.43734345
v -0.67478815 0.49815978 -0.50956011
v -0.66657177 0.53129530 -0.44768985
v -0.70564579 0.19548999 -0.68560652
v -0.68759665 0.25664837 -0.64527323
v -0.67556209 0.21272006 -0.69557563
v -0.72380452 0.20728400 -0.65068091
v -0.69735487 0.39615180 -0.60761625
v -0.70057841 0.32922348 -0.63411789
v -0.67933164 0.38486897 -0.64129606
v -0.72575033 0.37852966 -0.59312384
v -0.61826139 0.24685902 -0.71634767
v -0.66592436 0.27607927 -0.66284624
v -0.64587883 0.22964634 -0.70520511
v -0.61967808 0.28107940 -0.70689384
v -0.66654217 0.24312198 -0.67484744
v -0.75655053 0.22970133 -0.57997935
v -0.71073659 0.26984545 -0.61604948
v -0.74041477 0.21859093 -0.61511320
v -0.75377460 0.26218457 -0.56600392
v -0.71292803 0.23744993 -0.62945539
v -0.63408501 0.35692702 -0.70028341
v -0.67371512 0.31339971 -0.65906514
v -0.65811294 0.37171748 -0.67229613
v -0.62784232 0.31904901 -0.70485864
v -0.68137820 0.35129233 -0.65492317
v -0.64651445 0.29710990 -0.68304783
v -0.77068457 0.33689641 -0.55443119
v -0.71828446 0.30670737 -0.61084062
v -0.75030307 0.35863135 -0.57526157
v -0.76160870 0.29883026 -0.55990355
v -0.72691946 0.34458344 -0.60621853
v -0.73545271 0.28405106 -0.58777101
v -0.44196582 0.54670111 -0.65103509
v -0.51741782 0.51990467 -0.64205045
v -0.45819006 0.52134615 -0.67654687
v -0.46417936 0.56221175 -0.62279909
v -0.64826734 0.44132399 -0.59435915
v -0.58613700 0.48377175 -0.62213993
v -0.63059756 0.43057785 -0.62740136
v -0.63769242 0.47527954 -0.57565622
v -0.48455360 0.46136665 -0.71838428
v -0.53193129 0.49082044 -0.66406295
v -0.47434399 0.49470601 -0.70190645
v -0.51842742 0.44210831 -0.70752701
v -0.49675288 0.50812102 -0.67288242
v -0.51164504 0.59635294 -0.56878227
v -0.53585397 0.53120944 -0.60818918
v -0.48746547 0.57884487 -0.59551699
v -0.53909388 0.57118590 -0.55135194
v -0.49827674 0.54501489 -0.61358554
v -0.59339785 0.40805179 -0.69338005
v -0.56435873 0.47022913 -0.65109473
v -0.61250795 0.41962306 -0.66068532
v -0.55487866 0.42462214 -0.69959159
v -0.59624983 0.44969570 -0.63812386
v -0.54157305 0.45635027 -0.67946640
v -0.60670258 0.53454418 -0.52991100
v -0.57361513 0.51599241 -0.60142006
v -0.62648098 0.50874879 -0.55646922
v -0.57086663 0.55104375 -0.53879254
v -0.60737483 0.49717181 -0.59037073
v -0.55349623 0.54119049 -0.57340733
v -0.54656291 -0.29320441 -0.88435736
v -0.56833443 -0.21503149 -0.91958442
v -0.57661071 -0.27433801 -0.87245909
v -0.52170507 -0.27739601 -0.91700544
v -0.56811947 -0.04245797 -0.91923662
v -0.57862692 -0.13026623 -0.93623803
v -0.63638323 -0.23598647 -0.84762648
v -0.59843779 -0.19531130 -0.90650514
v -0.60658518 -0.25525076 -0.86020169
v -0.58821275 -0.23552167 -0.89056173
v -0.46620056 -0.24235249 -0.97602450
v -0.54001564 -0.19673227 -0.94782965
v -0.49528003 -0.26062271 -0.94852467
v -0.53206059 -0.23789108 -0.93447575
v -0.49807835 0.26719481 -0.80590771
v -0.50952372 0.19278024 -0.82442670
v -0.52147579 0.24810609 -0.78903546
v -0.46934729 0.24955684 -0.82497572
v -0.54995680 0.04110060 -0.88984880
v -0.53482057 0.12040411 -0.86535786
v -0.57799879 0.21433609 -0.76986170
v -0.54268047 0.17711386 -0.82204474
v -0.54813745 0.23065598 -0.77731664
v -0.52886994 0.21176068 -0.80071594
v -0.41141894 0.21387449 -0.86133522
v -0.48320624 0.17603612 -0.84811840
v -0.44045239 0.23177170 -0.84352271
v -0.47262518 0.21131675 -0.83008735
v -0.75363882 -0.15560718 -0.79106342
v -0.71241468 -0.11234361 -0.84345573
v -0.72517783 -0.17624230 -0.80655510
v -0.76161797 -0.11201854 -0.79920269
v -0.59269333 -0.02191252 -0.89867797
v -0.65830237 -0.06712365 -0.88038006
v -0.60186773 -0.06526957 -0.91249839
v -0.66641437 -0.21628912 -0.83445823
v -0.68574972 -0.13360697 -0.86130802
v -0.69593837 -0.19646917 -0.82091961
v -0.64830486 -0.19608302 -0.86443540
v -0.70669966 -0.15524172 -0.83519673
v -0.75267485 -0.02220551 -0.78958770
v -0.71159060 -0.06731566 -0.84197820
v -0.76143442 -0.06707292 -0.79885466
v -0.73820172 -0.08982069 -0.82256669
v -0.60527636 -0.15293608 -0.91721198
v -0.66122952 -0.11112444 -0.88378580
v -0.60660269 -0.10940569 -0.91949776
v -0.62822828 -0.17500212 -0.89266265
v -0.63329818 -0.08831330 -0.90091049
v -0.65747221 -0.15441790 -0.87767234
v -0.31758832 -0.15220789 -1.00642376
v -0.39221808 -0.10991650 -0.99031944
v -0.35718417 -0.17590610 -1.00932863
v -0.31463832 -0.10751844 -0.99770230
v -0.52821046 -0.02203624 -0.92597326
v -0.46288199 -0.06624380 -0.96332823
v -0.53659936 -0.06502141 -0.94079812
v -0.43301276 -0.22179001 -0.99654040
v -0.43234217 -0.13253883 -0.99014491
v -0.39642502 -0.19951354 -1.00734170
v -0.47090877 -0.19939492 -0.98432230
v -0.39527912 -0.15442011 -1.00113332
v -0.30992055 -0.02131454 -0.98335250
v -0.38712121 -0.06522421 -0.97847772
v -0.31224086 -0.06394327 -0.99050926
v -0.35132707 -0.08650429 -0.98930288
v -0.54389379 -0.15326176 -0.95418762
v -0.46869755 -0.11006997 -0.97625839
v -0.54257863 -0.10918565 -0.95151599
v -0.50795622 -0.17649834 -0.97017144
v -0.50334719 -0.08763037 -0.95985499
v -0.47170447 -0.15489342 -0.98431551
v -0.70137795 0.14481664 -0.73620735
v -0.66596974 0.10501952 -0.78846775
v -0.67269482 0.16348718 -0.74818260
v -0.71283691 0.10484383 -0.74801436
v -0.58201887 0.02151787 -0.88249270
v -0.62577638 0.06380714 -0.83688146
v -0.57332510 0.06217427 -0.86922459
v -0.61547079 0.00000000 -0.87588953
v -0.61014567 0.19802675 -0.76400075
v -0.63761809 0.12422932 -0.80085424
v -0.64204025 0.18125328 -0.75734209
v -0.59387807 0.17962137 -0.79186393
v -0.65617103 0.14414203 -0.77548064
v -0.73849189 0.02178708 -0.77470917
v -0.67655209 0.06400105 -0.80051944
v -0.72435330 0.06380653 -0.75995120
v -0.72164726 0.00000000 -0.80380484
v -0.69502666 0.08456736 -0.77445739
v -0.55622673 0.14054264 -0.84288410
v -0.61720439 0.10372570 -0.82494271
v -0.56577417 0.10204194 -0.85760925
v -0.57591006 0.16042812 -0.81832260
v -0.59580077 0.08308429 -0.84756784
v -0.60771100 0.14273068 -0.81124514
v -0.68143391 -0.04450014 -0.85718121
v -0.65707855 0.04290965 -0.82654441
v -0.64912698 -0.02206256 -0.86802095
v -0.70267793 -0.02216081 -0.83151590
v -0.63690685 0.02164722 -0.85168003
v -0.68937495 0.02174126 -0.81577379
v -0.29107098 0.13949914 -0.92239144
v -0.36685728 0.10280931 -0.92628545
v -0.32170429 0.15843296 -0.90906982
v -0.29472086 0.10071224 -0.93454504
v -0.51975662 0.02168356 -0.91115336
v -0.44527243 0.06372367 -0.92668004
v -0.51316749 0.06218210 -0.89971596
v -0.48860681 0.00000000 -0.93125225
v -0.38171503 0.19551521 -0.87848325
v -0.39724035 0.12177802 -0.90975516
v -0.35196571 0.17713798 -0.89436770
v -0.41661146 0.17640404 -0.87082674
v -0.35771417 0.13974495 -0.90599163
v -0.30632038 0.02106694 -0.97192947
v -0.37426302 0.06305780 -0.94597770
v -0.30081966 0.06160435 -0.95427825
v -0.34504967 0.00000000 -0.97236171
v -0.33434177 0.08232215 -0.94147394
v -0.49613689 0.13980453 -0.87040464
v -0.43780463 0.10281501 -0.91191099
v -0.50618355 0.10186169 -0.88769021
v -0.45578991 0.15837224 -0.87053635
v -0.47623762 0.08291072 -0.90815855
v -0.42706837 0.14023628 -0.89117245
v -0.42237932 -0.04343350 -0.96501032
v -0.41314935 0.04248437 -0.94392260
v -0.45606885 -0.02177031 -0.94929508
v -0.38322548 -0.02153149 -0.96845865
v -0.45049809 0.02150439 -0.93769970
v -0.37955464 0.02132524 -0.95918199
v -0.57164967 0.86954407 0.02116265
v -0.61274076 0.82702394 0.06279958
v -0.57000953 0.88753585 0.05624116
v -0.58837515 0.84257772 0.00000000
v -0.68916654 0.73853469 0.14383320
v -0.65257327 0.78424816 0.10375632
v -0.55405211 0.90463883 0.12708192
v -0.60979579 0.84141443 0.09797480
v -0.56496304 0.90068735 0.09196722
v -0.59049148 0.86495562 0.07730269
v -0.61689421 0.78543735 -0.04055861
v -0.63148967 0.80402047 0.04151821
v -0.60715317 0.81940289 -0.02073993
v -0.61032810 0.82368773 0.02084838
v -0.74280027 0.49128084 0.27142323
v -0.73988066 0.55648660 0.24471243
v -0.71761940 0.68547362 0.18168555
v -0.73399455 0.62350615 0.21547542
v -0.51456721 0.92866227 0.27268149
v -0.57299319 0.86471972 0.23988880
v -0.52074051 0.91582938 0.23391733
v -0.68215965 0.74556704 0.17873796
v -0.64002671 0.81868815 0.21255195
v -0.66455124 0.76939355 0.15885870
v -0.54003542 0.90349406 0.16182899
v -0.58791427 0.86738249 0.20599399
v -0.52825894 0.90588907 0.19677371
v -0.57812770 0.88667519 0.14922607
v -0.55053954 0.88502936 0.21830988
v -0.62851627 0.81723448 0.11863809
v -0.62151549 0.84358725 0.19209996
v -0.64662928 0.79326048 0.13879505
v -0.60752187 0.85679454 0.13451387
v -0.64345374 0.80594610 0.17524355
v -0.60076772 0.86637681 0.17100318
v -0.64596901 0.65366533 -0.11173571
v -0.64298289 0.65064364 -0.03691200
v -0.62149936 0.66583307 -0.09239200
v -0.69781259 0.70612659 0.12070328
v -0.66518371 0.67310897 0.03818649
v -0.68520411 0.73408210 0.10186234
v -0.61314153 0.73644191 -0.05846865
v -0.63767263 0.68297026 -0.01900318
v -0.60953068 0.69141526 -0.07486807
v -0.63208920 0.75927241 -0.02009248
v -0.62564453 0.67014982 -0.05570125
v -0.65163284 0.78267368 0.06213915
v -0.65567117 0.70224734 0.01953955
v -0.66964451 0.75960480 0.08225180
v -0.64556612 0.77546103 0.02052088
v -0.67339814 0.72130039 0.05995277
v -0.64485336 0.73120998 0.00000000
v -0.82200371 0.03160070 0.49595584
v -0.81752441 0.09335578 0.46959914
v -0.80961940 0.21353939 0.41880752
v -0.81371992 0.15383742 0.44414590
v -0.75098310 0.43242297 0.29896220
v -0.76692322 0.37901390 0.32921419
v -0.80118051 0.27160614 0.39141247
v -0.78595655 0.32661152 0.36099336
v -0.34972202 0.80638550 0.49837365
v -0.44045309 0.81272591 0.50229224
v -0.37208752 0.82791405 0.47621989
v -0.60081394 0.76488955 0.47272774
v -0.53958089 0.81959440 0.50653720
v -0.41572313 0.86596836 0.42629844
v -0.46515056 0.83496714 0.47904572
v -0.39367458 0.84681787 0.45157809
v -0.41697688 0.82995939 0.47681975
v -0.75353986 0.50532309 0.31230685
v -0.75047869 0.59012655 0.36471826
v -0.75395761 0.53991706 0.29997057
v -0.66078481 0.71301681 0.44066863
v -0.71214055 0.65533228 0.40501762
v -0.74794331 0.60727389 0.27159243
v -0.73916184 0.61886878 0.34703033
v -0.75237674 0.57422827 0.28646016
v -0.75658891 0.58606030 0.32721127
v -0.50416902 0.93500176 0.31226472
v -0.54544710 0.88418722 0.35724952
v -0.48709383 0.92843894 0.34602863
v -0.53429241 0.90219030 0.29483656
v -0.61029923 0.76258354 0.43429347
v -0.57945418 0.82417036 0.39707807
v -0.58691155 0.79810562 0.45550583
v -0.43965384 0.88792561 0.40094442
v -0.53374545 0.88653866 0.39468751
v -0.46435718 0.91059995 0.37509384
v -0.46542039 0.87369989 0.42796746
v -0.51142336 0.90928479 0.37106250
v -0.59530102 0.84400990 0.26307550
v -0.57059663 0.84606512 0.33683823
v -0.56074532 0.86596340 0.27657253
v -0.55283651 0.87433605 0.31617759
v -0.51628356 0.84040796 0.48140720
v -0.55390602 0.85986173 0.41690353
v -0.55890085 0.82991070 0.47457662
v -0.49117471 0.85812604 0.45500142
v -0.57146947 0.83019727 0.43701639
v -0.51524434 0.87720637 0.42751077
v -0.69980492 0.72025919 0.19953844
v -0.68712836 0.73219706 0.27329566
v -0.71549159 0.69490502 0.21881073
v -0.67613133 0.75211506 0.21539161
v -0.64348784 0.73852432 0.41953925
v -0.67579508 0.74662369 0.35086158
v -0.67833131 0.71856347 0.40709539
v -0.62466440 0.76434357 0.39865874
v -0.74013478 0.63879144 0.25505624
v -0.70042680 0.70367944 0.29173179
v -0.72919241 0.66784817 0.23745768
v -0.73605882 0.64524472 0.29267616
v -0.70759265 0.69888439 0.25491884
v -0.63199164 0.82439764 0.25030084
v -0.66840187 0.77113556 0.29277713
v -0.65716568 0.79103356 0.23353499
v -0.61754380 0.82241274 0.28605889
v -0.67271237 0.76192136 0.25376779
v -0.71807922 0.65019856 0.36599736
v -0.69579749 0.71126397 0.33086673
v -0.70195111 0.68714230 0.38811394
v -0.72657095 0.64718224 0.32887692
v -0.68995064 0.71782057 0.37008061
v -0.71354184 0.67537745 0.31037408
v -0.58833673 0.81781481 0.35749888
v -0.65837899 0.77418460 0.33057672
v -0.60620889 0.79066710 0.37792463
v -0.60125342 0.81785485 0.32089940
v -0.64234851 0.77024308 0.36512025
v -0.63881587 0.79932296 0.30871942
v -0.78537129 0.48538615 -0.26038606
v -0.80553518 0.49784812 -0.18836273
v -0.77637186 0.51310638 -0.24412412
v -0.83570705 0.51649536 -0.03859988
v -0.83455154 0.51578122 -0.11611778
v -0.77359408 0.58080099 -0.21537522
v -0.80825068 0.53357419 -0.17414186
v -0.77819527 0.54875702 -0.23091670
v -0.79225242 0.52327981 -0.20952238
v -0.74923354 0.46305179 0.24840476
v -0.77424229 0.47850805 0.18104534
v -0.73993672 0.48902629 0.23266737
v -0.80970417 0.50042470 0.03739885
v -0.79183343 0.48937997 0.11017407
v -0.72729394 0.54603965 0.20248486
v -0.75863947 0.50082290 0.16345286
v -0.73266284 0.51664909 0.21740570
v -0.74659887 0.49312581 0.19744865
v -0.67026001 0.63855053 -0.13184438
v -0.71334861 0.60252127 -0.09501407
v -0.69022585 0.62058561 -0.15082291
v -0.66984568 0.63834433 -0.09388749
v -0.80102271 0.52828804 -0.01953138
v -0.75604995 0.56533479 -0.05764423
v -0.81307422 0.53628931 -0.05815792
v -0.75003571 0.59899292 -0.19440705
v -0.73811147 0.58766402 -0.11449660
v -0.71707349 0.60790235 -0.17161587
v -0.77648959 0.58234770 -0.17613395
v -0.71380499 0.60398434 -0.13267810
v -0.66260743 0.63163085 -0.01863445
v -0.71311692 0.60268460 -0.05701327
v -0.66617491 0.63496971 -0.05593295
v -0.69229965 0.62129527 -0.07559610
v -0.81906321 0.54050711 -0.13657074
v -0.76342420 0.57117756 -0.09599055
v -0.82056460 0.54133541 -0.09763421
v -0.79971186 0.56281240 -0.15677957
v -0.78859323 0.55434436 -0.07730320
v -0.77171138 0.57809591 -0.13577510
v -0.70771225 0.67423093 0.13921147
v -0.69732872 0.58899026 0.09288031
v -0.71445146 0.64236697 0.15611651
v -0.69122803 0.65872112 0.09688450
v -0.78964572 0.52078472 0.01925398
v -0.74422865 0.55649543 0.05674293
v -0.78251479 0.51613286 0.05597205
v -0.77052972 0.54143647 0.00000000
v -0.72313872 0.57751247 0.18743543
v -0.71076650 0.56589271 0.11025482
v -0.71925322 0.60975023 0.17213754
v -0.72200347 0.54148448 0.16377467
v -0.70477233 0.59634137 0.13099916
v -0.66447809 0.63341406 0.01868706
v -0.69820664 0.59008331 0.05582121
v -0.67473539 0.64312920 0.05665170
v -0.68342286 0.61356963 0.00000000
v -0.68521827 0.61494017 0.07482284
v -0.76997875 0.50811584 0.12838639
v -0.73553323 0.55031014 0.09248363
v -0.77730539 0.51279684 0.09248705
v -0.74231383 0.52241745 0.14552697
v -0.76154716 0.53533223 0.07465197
v -0.72602308 0.54387040 0.12773669
v -0.73289773 0.58263219 -0.03804802
v -0.72524724 0.57655028 0.03765085
v -0.75173083 0.56216243 -0.01910681
v -0.71071266 0.60059237 -0.01894127
v -0.74912618 0.56021461 0.01904060
v -0.70463829 0.59545918 0.01877938
v -0.58063180 -0.88320690 0.02149517
v -0.62192524 -0.83942035 0.06374089
v -0.56339595 -0.87723814 0.05558861
v -0.61269059 -0.87739844 0.00000000
v -0.69365704 -0.74334686 0.14477039
v -0.66002323 -0.79320135 0.10494083
v -0.53076006 -0.86660830 0.12173946
v -0.60550407 -0.83549259 0.09728525
v -0.54752019 -0.87287925 0.08912780
v -0.58492145 -0.85679660 0.07657350
v -0.67611293 -0.86083535 -0.04445203
v -0.65196768 -0.83009333 0.04286457
v -0.64501372 -0.87049881 -0.02203322
v -0.63290037 -0.85415085 0.02161944
v -0.79029836 -0.52269561 0.28877929
v -0.75505732 -0.56790143 0.24973205
v -0.71895555 -0.68674993 0.18202384
v -0.73557451 -0.62484827 0.21593925
v -0.46035386 -0.83082103 0.24395254
v -0.52729752 -0.79575913 0.22075789
v -0.47199328 -0.83009735 0.21202001
v -0.67355624 -0.73616393 0.17648372
v -0.60093073 -0.76867865 0.19956823
v -0.65952152 -0.76357031 0.15765636
v -0.51109338 -0.85507323 0.15315611
v -0.54715209 -0.80724379 0.19171169
v -0.49011990 -0.84048603 0.18256711
v -0.55074275 -0.84467485 0.14215748
v -0.50885768 -0.81802297 0.20178143
v -0.62516422 -0.81287595 0.11800537
v -0.58595480 -0.79532047 0.18110875
v -0.64324814 -0.78911262 0.13806931
v -0.58881150 -0.83040711 0.13037113
v -0.62351232 -0.78096884 0.16981254
v -0.56918353 -0.82082875 0.16201302
v -0.77288532 -0.78209378 -0.13368890
v -0.77227352 -0.78147469 -0.04433424
v -0.75332115 -0.80705816 -0.11198860
v -0.72099013 -0.72958029 0.12471239
v -0.74504568 -0.75392244 0.04277116
v -0.70499487 -0.75528460 0.10480443
v -0.70518076 -0.84698988 -0.06724543
v -0.74431303 -0.79718596 -0.02218115
v -0.73082406 -0.82900324 -0.08976642
v -0.69623542 -0.83632554 -0.02213152
v -0.75304339 -0.80661121 -0.06704360
v -0.67044051 -0.80526350 0.06393263
v -0.73029067 -0.78216751 0.02176327
v -0.68801350 -0.78044150 0.08450804
v -0.68306123 -0.82050056 0.02171275
v -0.71634638 -0.76730376 0.06377646
v -0.71424220 -0.80989116 0.00000000
v -0.84349155 -0.03242677 0.50892052
v -0.84661313 -0.09667752 0.48630816
v -0.84089511 -0.22178844 0.43498611
v -0.82969160 -0.15685694 0.45286359
v -0.82766861 -0.47657919 0.32949028
v -0.83926823 -0.41476685 0.36026946
v -0.84428632 -0.28621933 0.41247158
v -0.83637973 -0.34756534 0.38415295
v -0.33699651 -0.77704316 0.48023908
v -0.41119261 -0.75873435 0.46892361
v -0.35641602 -0.79304414 0.45616256
v -0.54772605 -0.69730396 0.43095755
v -0.47953799 -0.72839246 0.45017130
v -0.38923021 -0.81078254 0.39913159
v -0.42700326 -0.76649095 0.43975887
v -0.37252208 -0.80131755 0.42731438
v -0.39225830 -0.78075901 0.44855365
v -0.79007826 -0.52982571 0.32745030
v -0.74260544 -0.58393555 0.36089201
v -0.77011700 -0.55148898 0.30639977
v -0.61805568 -0.66691014 0.41217314
v -0.68497573 -0.63033444 0.38956811
v -0.73092375 -0.59345528 0.26541230
v -0.72574608 -0.60763634 0.34073174
v -0.74925647 -0.57184682 0.28527215
v -0.74874223 -0.57998219 0.32381772
v -0.45363338 -0.84128137 0.28096470
v -0.50067752 -0.81161429 0.32792695
v -0.44548047 -0.84912061 0.31646674
v -0.48361464 -0.81661732 0.26687124
v -0.57062097 -0.71300461 0.40605813
v -0.54084741 -0.76925910 0.37062231
v -0.53400867 -0.72616618 0.41444756
v -0.40975919 -0.82755032 0.37368185
v -0.48692353 -0.80876856 0.36006422
v -0.43042488 -0.84405905 0.34768434
v -0.42727923 -0.80210026 0.39289557
v -0.46721995 -0.83069337 0.33899078
v -0.54587948 -0.77394069 0.24123513
v -0.53130802 -0.78780904 0.31364512
v -0.51397142 -0.79373010 0.25350257
v -0.50748303 -0.80260745 0.29023908
v -0.46203594 -0.75210353 0.43082416
v -0.50451338 -0.78318655 0.37972760
v -0.49755295 -0.73881533 0.42248459
v -0.44457263 -0.77670805 0.41183142
v -0.51992230 -0.75531256 0.39759704
v -0.46615437 -0.79363041 0.38677963
v -0.68560652 -0.70564579 0.19548999
v -0.64527323 -0.68759665 0.25664837
v -0.69557563 -0.67556209 0.21272006
v -0.65068091 -0.72380452 0.20728400
v -0.60761625 -0.69735487 0.39615180
v -0.63411789 -0.70057841 0.32922348
v -0.64129606 -0.67933164 0.38486897
v -0.59312384 -0.72575033 0.37852966
v -0.71634767 -0.61826139 0.24685902
v -0.66284624 -0.66592436 0.27607927
v -0.70520511 -0.64587883 0.22964634
v -0.70689384 -0.61967808 0.28107940
v -0.67484744 -0.66654217 0.24312198
v -0.57997935 -0.75655053 0.22970133
v -0.61604948 -0.71073659 0.26984545
v -0.61511320 -0.74041477 0.21859093
v -0.56600392 -0.75377460 0.26218457
v -0.62945539 -0.71292803 0.23744993
v -0.70028341 -0.63408501 0.35692702
v -0.65906514 -0.67371512 0.31339971
v -0.67229613 -0.65811294 0.37171748
v -0.70485864 -0.62784232 0.31904901
v -0.65492317 -0.68137820 0.35129233
v -0.68304783 -0.64651445 0.29710990
v -0.55443119 -0.77068457 0.33689641
v -0.61084062 -0.71828446 0.30670737
v -0.57526157 -0.75030307 0.35863135
v -0.55990355 -0.76160870 0.29883026
v -0.60621853 -0.72691946 0.34458344
v -0.58777101 -0.73545271 0.28405106
v -0.88435736 -0.54656291 -0.29320441
v -0.91958442 -0.56833443 -0.21503149
v -0.87245909 -0.57661071 -0.27433801
v -0.91923662 -0.56811947 -0.04245797
v -0.93623803 -0.57862692 -0.13026623
v -0.84762648 -0.63638323 -0.23598647
v -0.90650514 -0.59843779 -0.19531130
v -0.86020169 -0.60658518 -0.25525076
v -0.89056173 -0.58821275 -0.23552167
v -0.80590771 -0.49807835 0.26719481
v -0.82442670 -0.50952372 0.19278024
v -0.78903546 -0.52147579 0.24810609
v -0.88984880 -0.54995680 0.04110060
v -0.86535786 -0.53482057 0.12040411
v -0.76986170 -0.57799879 0.21433609
v -0.82204474 -0.54268047 0.17711386
v -0.77731664 -0.54813745 0.23065598
v -0.80071594 -0.52886994 0.21176068
v -0.79106342 -0.75363882 -0.15560718
v -0.84345573 -0.71241468 -0.11234361
v -0.80655510 -0.72517783 -0.17624230
v -0.79920269 -0.76161797 -0.11201854
v -0.89867797 -0.59269333 -0.02191252
v -0.88038006 -0.65830237 -0.06712365
v -0.91249839 -0.60186773 -0.06526957
v -0.83445823 -0.66641437 -0.21628912
v -0.86130802 -0.68574972 -0.13360697
v -0.82091961 -0.69593837 -0.19646917
v -0.86443540 -0.64830486 -0.19608302
v -0.83519673 -0.70669966 -0.15524172
v -0.78958770 -0.75267485 -0.02220551
v -0.84197820 -0.71159060 -0.06731566
v -0.79885466 -0.76143442 -0.06707292
v -0.82256669 -0.73820172 -0.08982069
v -0.91721198 -0.60527636 -0.15293608
v -0.88378580 -0.66122952 -0.11112444
v -0.91949776 -0.60660269 -0.10940569
v -0.89266265 -0.62822828 -0.17500212
v -0.90091049 -0.63329818 -0.08831330
v -0.87767234 -0.65747221 -0.15441790
v -0.73620735 -0.70137795 0.14481664
v -0.78846775 -0.66596974 0.10501952
v -0.74818260 -0.67269482 0.16348718
v -0.74801436 -0.71283691 0.10484383
v -0.88249270 -0.58201887 0.02151787
v -0.83688146 -0.62577638 0.06380714
v -0.86922459 -0.57332510 0.06217427
v -0.87588953 -0.61547079 0.00000000
v -0.76400075 -0.61014567 0.19802675
v -0.80085424 -0.63761809 0.12422932
v -0.75734209 -0.64204025 0.18125328
v -0.79186393 -0.59387807 0.17962137
v -0.77548064 -0.65617103 0.14414203
v -0.77470917 -0.73849189 0.02178708
v -0.80051944 -0.67655209 0.06400105
v -0.75995120 -0.72435330 0.06380653
v -0.80380484 -0.72164726 0.00000000
v -0.77445739 -0.69502666 0.08456736
v -0.84288410 -0.55622673 0.14054264
v -0.82494271 -0.61720439 0.10372570
v -0.85760925 -0.56577417 0.10204194
v -0.81832260 -0.57591006 0.16042812
v -0.84756784 -0.59580077 0.08308429
v -0.81124514 -0.60771100 0.14273068
v -0.85718121 -0.68143391 -0.04450014
v -0.82654441 -0.65707855 0.04290965
v -0.86802095 -0.64912698 -0.02206256
v -0.83151590 -0.70267793 -0.02216081
v -0.85168003 -0.63690685 0.02164722
v -0.81577379 -0.68937495 0.02174126
v -0.03424189 -0.53740779 0.89070672
v -0.10161185 -0.51112890 0.88982352
v -0.05471664 -0.55455841 0.86347761
v -0.03475895 -0.51376837 0.92229479
v -0.23272700 -0.45643954 0.88236789
v -0.16788125 -0.48469202 0.88800448
v -0.09382593 -0.58397320 0.80578365
v -0.12170548 -0.53061189 0.86636637
v -0.07508679 -0.57356496 0.84016155
v -0.08836445 -0.54283086 0.86540332
v -0.03518863 -0.45376340 0.96662066
v -0.10290382 -0.48564598 0.91814324
v -0.03514046 -0.48640617 0.94923817
v -0.06912768 -0.49999254 0.92088704
v -0.43917201 -0.30362826 0.76270407
v -0.39595303 -0.34392764 0.80119903
v -0.29397340 -0.42364600 0.86715918
v -0.34864656 -0.38534799 0.83898157
v -0.16123901 -0.61537429 0.67257391
v -0.18345583 -0.55241382 0.70661840
v -0.14133632 -0.59125011 0.68452814
v -0.24877831 -0.46946040 0.84725600
v -0.21339072 -0.50970045 0.76920291
v -0.21877792 -0.48703754 0.85655577
v -0.10975315 -0.58144596 0.75603085
v -0.16853056 -0.54525963 0.74008464
v -0.12427754 -0.57899395 0.71028800
v -0.12552578 -0.56692784 0.79954435
v -0.15386951 -0.56497321 0.70764676
v -0.15504725 -0.51740426 0.86563151
v -0.18536350 -0.52903412 0.78051334
v -0.18736859 -0.50300995 0.86259063
v -0.14088475 -0.54581196 0.83711249
v -0.20266677 -0.51109034 0.82161213
v -0.15609233 -0.54838299 0.79083195
v -0.03622570 -0.32365207 1.04665432
v -0.10533108 -0.35963557 0.99658199
v -0.03565766 -0.35413400 1.01879787
v -0.23432830 -0.42687066 0.90334431
v -0.17413057 -0.40104377 0.96638773
v -0.20202651 -0.44151192 0.90723944
v -0.03515871 -0.41829032 0.97873666
v -0.10559703 -0.39534043 0.98639967
v -0.03523235 -0.38487132 0.99450750
v -0.07049093 -0.44233512 0.97059962
v -0.07034262 -0.37214248 0.99528481
v -0.13652429 -0.47081724 0.91469784
v -0.14038512 -0.41602841 0.97058525
v -0.16939387 -0.45615805 0.91097817
v -0.10466532 -0.45970100 0.94815287
v -0.17174520 -0.42900290 0.93848400
v -0.10568578 -0.42976454 0.97206258
v -0.80247340 -0.01953031 0.52755654
v -0.75982737 -0.05769705 0.56295492
v -0.82321660 -0.05216539 0.52870124
v -0.67764480 -0.13197460 0.63234690
v -0.71864316 -0.09507675 0.59798332
v -0.83519313 -0.11732632 0.51151963
v -0.77740196 -0.09052115 0.56340422
v -0.83611718 -0.08537410 0.52446090
v -0.80090888 -0.07157871 0.54676778
v -0.48373101 -0.26725209 0.73138517
v -0.53267975 -0.23424347 0.70822809
v -0.63331869 -0.16786183 0.66301862
v -0.58409953 -0.20185702 0.68760489
v -0.81982719 -0.24072444 0.45426223
v -0.78774159 -0.21853368 0.52198482
v -0.81394609 -0.20789473 0.46280967
v -0.68333814 -0.16381956 0.62522306
v -0.76001913 -0.19732000 0.59416097
v -0.70606702 -0.14578351 0.60985398
v -0.82457378 -0.14769321 0.49286328
v -0.79959009 -0.18989402 0.54196440
v -0.81509634 -0.17705206 0.47531419
v -0.82110052 -0.13818996 0.53537187
v -0.80122712 -0.19763840 0.49840968
v -0.75322058 -0.10934518 0.57928465
v -0.78337948 -0.17838957 0.57715724
v -0.72940294 -0.12762204 0.59457556
v -0.79514750 -0.12483549 0.56381019
v -0.74526353 -0.16204884 0.59500581
v -0.80388817 -0.15866933 0.55743651
v -0.31222193 -0.75333496 0.50518569
v -0.34456031 -0.70899977 0.55751029
v -0.29610633 -0.74424509 0.53296182
v -0.34979313 -0.74695900 0.50149699
v -0.40592551 -0.60868733 0.65680127
v -0.38139340 -0.67060219 0.61710749
v -0.26889566 -0.74051663 0.60124398
v -0.33328864 -0.70989255 0.59436285
v -0.28383750 -0.74548841 0.56897097
v -0.31455979 -0.72733573 0.56340053
v -0.42539342 -0.73144829 0.49249042
v -0.37724443 -0.69213307 0.54631080
v -0.38802114 -0.74049900 0.49783179
v -0.36263079 -0.71758465 0.52267694
v -0.45137806 -0.31674397 0.73034505
v -0.44306723 -0.38851951 0.71689784
v -0.42600640 -0.33285394 0.74061729
v -0.41640897 -0.52923551 0.67376386
v -0.42996237 -0.45801075 0.69569374
v -0.37794459 -0.36856881 0.76774397
v -0.41385049 -0.40184638 0.72133316
v -0.40159420 -0.35009987 0.75308602
v -0.41846326 -0.36594438 0.72838323
v -0.18223432 -0.63911732 0.65779778
v -0.24648955 -0.61973161 0.66037976
v -0.20150480 -0.65890273 0.63994437
v -0.19373154 -0.60813866 0.67648137
v -0.37786144 -0.57956256 0.66515794
v -0.31117682 -0.59935819 0.66217562
v -0.37167442 -0.61931036 0.65604196
v -0.24722009 -0.71739546 0.61916571
v -0.26793132 -0.64328360 0.64627087
v -0.22314124 -0.68522906 0.62758329
v -0.28259104 -0.71069549 0.62301069
v -0.23448841 -0.65088276 0.64287241
v -0.21448688 -0.54156397 0.70643982
v -0.25796333 -0.58892295 0.67944070
v -0.20417774 -0.57455459 0.69159418
v -0.22607407 -0.59929915 0.67877274
v -0.35017982 -0.68704554 0.62209852
v -0.30237166 -0.63587366 0.65000813
v -0.36301237 -0.65655188 0.64270085
v -0.31712673 -0.70061187 0.62405957
v -0.33692514 -0.62813805 0.65351112
v -0.29332285 -0.67434152 0.63827379
v -0.56014029 -0.66703903 0.45283035
v -0.52048641 -0.64276886 0.51799677
v -0.52794111 -0.68510510 0.46398610
v -0.44399308 -0.59795378 0.65218800
v -0.47369313 -0.60917862 0.57392576
v -0.43103233 -0.62806359 0.63126316
v -0.46148828 -0.71857366 0.48468134
v -0.48449052 -0.65549880 0.52507118
v -0.49529642 -0.70274415 0.47491010
v -0.43734345 -0.69990156 0.51284001
v -0.50956011 -0.67478815 0.49815978
v -0.39476165 -0.67079684 0.57407103
v -0.45895636 -0.63548608 0.55082939
v -0.41357763 -0.65116695 0.60368367
v -0.41162126 -0.67817182 0.53788964
v -0.44386033 -0.62984340 0.58851274
v -0.44768985 -0.66657177 0.53129530
v -0.27845448 -0.44958049 0.83376513
v -0.29835724 -0.45553061 0.73842971
v -0.30506254 -0.42942713 0.81852170
v -0.25979362 -0.47078883 0.79496004
v -0.38439425 -0.54017739 0.67496462
v -0.34138044 -0.49817488 0.70856503
v -0.39229765 -0.50546888 0.68735664
v -0.35265340 -0.55257793 0.67613809
v -0.35419601 -0.38839208 0.78439727
v -0.32614644 -0.44105570 0.73258316
v -0.33020639 -0.40878760 0.80162854
v -0.36397999 -0.39583315 0.74306883
v -0.31248307 -0.43068524 0.76573651
v -0.22664166 -0.51285660 0.72712129
v -0.28706908 -0.48628879 0.72105575
v -0.24181414 -0.49027336 0.75713300
v -0.24611590 -0.53131487 0.70757753
v -0.27000466 -0.47210315 0.74665256
v -0.40854155 -0.43813903 0.71320406
v -0.34848283 -0.46300097 0.71874434
v -0.40103492 -0.47229203 0.70130546
v -0.38430609 -0.41485899 0.72479567
v -0.37150720 -0.48580563 0.70574987
v -0.35490262 -0.42773558 0.72822221
v -0.28985314 -0.57727361 0.67881319
v -0.31009696 -0.51032728 0.70937812
v -0.32117747 -0.56504089 0.67754316
v -0.26882926 -0.55627339 0.69604109
v -0.33183238 -0.53227475 0.69423616
v -0.27813791 -0.52113331 0.70887149
v -0.03374423 -0.02085508 1.00963644
v -0.10518792 -0.06500971 1.04476268
v -0.03422814 -0.05661328 1.02288785
v -0.24970481 -0.15432606 1.04083423
v -0.18326151 -0.11326184 1.08307406
v -0.03507636 -0.13057782 1.04219785
v -0.10686441 -0.10303819 1.05876490
v -0.03462580 -0.09318406 1.03253123
v -0.06970710 -0.07920472 1.03871407
v -0.45347313 -0.28026180 0.79782501
v -0.42479088 -0.26253520 0.89169220
v -0.43270199 -0.30114106 0.81977308
v -0.31425183 -0.19421831 1.00137077
v -0.37362499 -0.23091294 0.95274730
v -0.38538858 -0.34190672 0.85821831
v -0.39579837 -0.28006846 0.90260410
v -0.41009249 -0.32188353 0.84028771
v -0.42017698 -0.29467757 0.87153721
v -0.03687553 -0.28838848 1.06836147
v -0.10957854 -0.25693149 1.06249968
v -0.03677645 -0.25050729 1.07465747
v -0.07226600 -0.30741055 1.04241100
v -0.24665474 -0.18945009 1.02268262
v -0.17940698 -0.22316683 1.04436805
v -0.21652765 -0.17157202 1.05479956
v -0.03562326 -0.16984017 1.05467963
v -0.11050496 -0.22151933 1.07950501
v -0.03628324 -0.21011216 1.06773202
v -0.07193228 -0.15646536 1.06464460
v -0.07377241 -0.23650026 1.07919661
v -0.14089850 -0.34563136 0.99831423
v -0.14267855 -0.27423897 1.02922423
v -0.10613641 -0.32421819 1.01214521
v -0.10779036 -0.29080991 1.03627740
v -0.14624120 -0.12837552 1.08014832
v -0.14701879 -0.20538286 1.07526089
v -0.18385718 -0.15196638 1.08141004
v -0.10890884 -0.14265900 1.07352059
v -0.18227537 -0.18872611 1.06674567
v -0.11034634 -0.18283037 1.08264950
v -0.26768525 -0.41104480 0.89872276
v -0.27425300 -0.34872468 0.94134203
v -0.29900858 -0.39546165 0.89269439
v -0.23750387 -0.39622653 0.92510574
v -0.28097520 -0.21054610 1.00609703
v -0.28184005 -0.28476397 0.98829421
v -0.31529922 -0.23186689 0.99449366
v -0.24638465 -0.22600565 1.01072823
v -0.35820261 -0.36111997 0.87303548
v -0.30496755 -0.33164633 0.93159831
v -0.32938343 -0.37886535 0.88436221
v -0.36330364 -0.33064101 0.89580671
v -0.30178654 -0.36352981 0.91152692
v -0.17644037 -0.36825107 0.98739828
v -0.24565380 -0.33563325 0.97679788
v -0.20830771 -0.38409187 0.95980245
v -0.17679412 -0.33148490 0.99920686
v -0.24169362 -0.36650038 0.95117078
v -0.36893842 -0.26386393 0.93091905
v -0.30952345 -0.30001459 0.95587126
v -0.34425303 -0.24932343 0.96688159
v -0.36584569 -0.29720877 0.91254266
v -0.31363270 -0.26739257 0.97897582
v -0.33548961 -0.31437613 0.92207543
v -0.17754024 -0.25766437 1.02218157
v -0.24770132 -0.30098351 0.99506716
v -0.21188488 -0.24168657 1.01595428
v -0.17666018 -0.29374468 1.00790570
v -0.24737768 -0.26380397 1.00419647
v -0.21255096 -0.31665305 0.99843053
v -0.80732007 -0.49895124 0.35012733
v -0.76245185 -0.47122116 0.41320729
v -0.81379951 -0.46810115 0.36574406
v -0.78225005 -0.52519087 0.36631956
v -0.67891650 -0.41959347 0.53328287
v -0.72891793 -0.45049605 0.47988393
v -0.81375426 -0.40059451 0.39065684
v -0.76691001 -0.43999930 0.42723672
v -0.81449814 -0.43434312 0.37864956
v -0.78860393 -0.45306064 0.39619964
v -0.72521776 -0.57242503 0.39527712
v -0.73530295 -0.49508580 0.42763521
v -0.75480284 -0.54978606 0.38143897
v -0.75968882 -0.51073295 0.39807659
v -0.48291865 -0.29846014 0.72013026
v -0.54102664 -0.33437285 0.68803710
v -0.51003803 -0.28337019 0.71223357
v -0.48049178 -0.33514204 0.71567261
v -0.65623964 -0.40557840 0.60816684
v -0.60660978 -0.37490546 0.65919447
v -0.56381468 -0.25215607 0.69441717
v -0.56703506 -0.31796460 0.67725290
v -0.53723758 -0.26800695 0.70391007
v -0.54062920 -0.30184602 0.69793852
v -0.47098175 -0.40681510 0.69950355
v -0.53624902 -0.37029646 0.67938558
v -0.47700083 -0.37178503 0.70951403
v -0.50965752 -0.35359798 0.69971025
v -0.82572992 -0.27577095 0.44524777
v -0.78022024 -0.31524241 0.48131081
v -0.82590243 -0.30781333 0.43329934
v -0.79803441 -0.26079833 0.47260952
v -0.68395995 -0.38951712 0.54737640
v -0.73097348 -0.35217663 0.51392972
v -0.70567871 -0.40275467 0.51894257
v -0.81577730 -0.36836572 0.40392981
v -0.78322695 -0.34869308 0.47154607
v -0.82103870 -0.33820181 0.41868574
v -0.79506064 -0.38944732 0.42352922
v -0.80559222 -0.32874746 0.45310191
v -0.77318160 -0.24099853 0.54534408
v -0.75434029 -0.30032043 0.50873629
v -0.77763891 -0.24836334 0.50355174
v -0.77595433 -0.28060078 0.49063045
v -0.75212050 -0.43083388 0.46204637
v -0.75859272 -0.36780330 0.48867052
v -0.73307273 -0.41920074 0.49368561
v -0.77398763 -0.41038898 0.44301551
v -0.73258558 -0.38563353 0.50427809
v -0.78078165 -0.38051772 0.45860740
v -0.59435915 -0.64826734 0.44132399
v -0.62213993 -0.58613700 0.48377175
v -0.62740136 -0.63059756 0.43057785
v -0.57565622 -0.63769242 0.47527954
v -0.65103509 -0.44196582 0.54670111
v -0.64205045 -0.51741782 0.51990467
v -0.67654687 -0.45819006 0.52134615
v -0.69338005 -0.59339785 0.40805179
v -0.65109473 -0.56435873 0.47022913
v -0.66068532 -0.61250795 0.41962306
v -0.69959159 -0.55487866 0.42462214
v -0.63812386 -0.59624983 0.44969570
v -0.52991100 -0.60670258 0.53454418
v -0.60142006 -0.57361513 0.51599241
v -0.55646922 -0.62648098 0.50874879
v -0.59037073 -0.60737483 0.49717181
v -0.71838428 -0.48455360 0.46136665
v -0.66406295 -0.53193129 0.49082044
v -0.70190645 -0.47434399 0.49470601
v -0.70752701 -0.51842742 0.44210831
v -0.67288242 -0.49675288 0.50812102
v -0.67946640 -0.54157305 0.45635027
v -0.65996111 -0.18283364 0.64121922
v -0.67566878 -0.25219624 0.63407956
v -0.63734737 -0.20068706 0.65622879
v -0.69199632 -0.19817473 0.62208619
v -0.67603890 -0.38404267 0.58904331
v -0.69324056 -0.32577520 0.62747615
v -0.66617451 -0.37741492 0.62887560
v -0.69492708 -0.36245318 0.56793335
v -0.58964084 -0.23543142 0.68318651
v -0.64768136 -0.26851608 0.64468757
v -0.61400265 -0.21831256 0.67040099
v -0.59164953 -0.26836595 0.67492044
v -0.64066159 -0.23368201 0.64864438
v -0.76459964 -0.23214517 0.58614988
v -0.71597174 -0.27183308 0.62058718
v -0.73339195 -0.21651760 0.60927886
v -0.75725636 -0.26339562 0.56861834
v -0.70492181 -0.23478336 0.62238658
v -0.59865924 -0.33698583 0.66115920
v -0.65826689 -0.30621348 0.64395284
v -0.63732674 -0.35997695 0.65106195
v -0.59336300 -0.30152774 0.66614980
v -0.66651218 -0.34362799 0.64063434
v -0.62022646 -0.28502908 0.65527436
v -0.73342264 -0.32060776 0.52762492
v -0.71780287 -0.30650173 0.61043107
v -0.71381504 -0.34119073 0.54728599
v -0.74376218 -0.29182787 0.54678352
v -0.70889079 -0.33603727 0.59118342
v -0.73902039 -0.28542899 0.59062228
v -0.45168531 -0.55872389 0.66535232
v -0.52598334 -0.52851136 0.65267918
v -0.45524784 -0.51799838 0.67220250
v -0.47956968 -0.58085242 0.64344859
v -0.63815036 -0.43443661 0.58508347
v -0.58727861 -0.48471399 0.62335166
v -0.63053722 -0.43053665 0.62734133
v -0.62279909 -0.46417936 0.56221175
v -0.46397383 -0.44177166 0.68787334
v -0.53264506 -0.49147905 0.66495403
v -0.45858632 -0.47827192 0.67858917
v -0.49855330 -0.42515992 0.68040369
v -0.49446831 -0.50578416 0.66978783
v -0.50541980 -0.58909705 0.56186183
v -0.54109876 -0.53640877 0.61414196
v -0.49274224 -0.58511081 0.60196341
v -0.53879254 -0.57086663 0.55104375
v -0.51185659 -0.55986853 0.63030798
v -0.57055012 -0.39234048 0.66668269
v -0.56892609 -0.47403471 0.65636406
v -0.60768695 -0.41632024 0.65548512
v -0.53415178 -0.40876085 0.67345911
v -0.60150456 -0.45365885 0.64374762
v -0.53415620 -0.45010055 0.67016110
v -0.60818918 -0.53585397 0.53120944
v -0.56878227 -0.51164504 0.59635294
v -0.61358554 -0.49827674 0.54501489
v -0.57340733 -0.55349623 0.54119049
v -0.59551699 -0.48746547 0.57884487
v -0.55135194 -0.53909388 0.57118590
v -0.03171689 0.49777937 0.82502605
v -0.09606885 0.48324642 0.84128294
v -0.05143005 0.52124854 0.81161233
v -0.03178552 0.46981848 0.84339785
v -0.21544191 0.42253888 0.81683269
v -0.15707285 0.45348695 0.83083366
v -0.09114708 0.56730001 0.78277749
v -0.11596225 0.50557254 0.82548292
v -0.07128147 0.54449723 0.79758295
v -0.08380125 0.51479873 0.82071335
v -0.03198107 0.41240141 0.87851009
v -0.09611741 0.45361808 0.85759254
v -0.03188599 0.44135853 0.86132617
v -0.06401164 0.46298886 0.85273361
v -0.52239355 0.36116473 0.90723378
v -0.44448376 0.38608178 0.89939951
v -0.28775602 0.41468611 0.84881923
v -0.36473014 0.40312467 0.87768504
v -0.16918473 0.64569942 0.70571779
v -0.19227176 0.57895992 0.74057477
v -0.15044552 0.62935652 0.72864636
v -0.23583337 0.44503248 0.80316984
v -0.21301122 0.50879398 0.76783494
v -0.20460318 0.45548212 0.80105908
v -0.11129027 0.58958925 0.76661924
v -0.17417113 0.56350898 0.76485461
v -0.13102213 0.61041619 0.74883562
v -0.12386095 0.55940876 0.78894011
v -0.16276175 0.59762344 0.74854220
v -0.14713158 0.49098908 0.82143819
v -0.18476013 0.52731207 0.77797271
v -0.17603353 0.47257982 0.81040729
v -0.13591665 0.52656468 0.80759292
v -0.19465305 0.49088114 0.78912447
v -0.15540544 0.54596980 0.78735184
v -0.03210241 0.28681323 0.92752166
v -0.09492134 0.32409324 0.89809104
v -0.03219883 0.31978267 0.91997353
v -0.21647009 0.39433877 0.83450027
v -0.15520675 0.35745992 0.86136454
v -0.18532726 0.40501710 0.83224818
v -0.03213947 0.38236976 0.89468793
v -0.09550598 0.35756096 0.89213748
v -0.03219397 0.35168070 0.90874294
v -0.06429714 0.40346867 0.88531639
v -0.06417756 0.33952669 0.90805477
v -0.12737577 0.43926769 0.85340376
v -0.12622484 0.37406469 0.87268480
v -0.15655383 0.42158131 0.84192610
v -0.09623647 0.42268064 0.87179679
v -0.15588993 0.38939797 0.85184452
v -0.09604584 0.39056436 0.88339769
v -0.79085501 0.01924754 0.51991845
v -0.74742251 0.05675509 0.55376418
v -0.79188473 0.05017996 0.50857872
v -0.77271770 0.00000000 0.53959164
v -0.70768525 0.13782512 0.66037927
v -0.70044601 0.09266926 0.58284146
v -0.79394391 0.11153171 0.48625626
v -0.74878075 0.08718848 0.54266166
v -0.79298840 0.08097032 0.49740804
v -0.77101370 0.06890692 0.52635882
v -0.73680971 -0.03804756 0.57870134
v -0.72987379 0.03768941 0.57325377
v -0.75476347 -0.01910384 0.55925728
v -0.75196354 0.01903297 0.55718262
v -0.56578052 0.31258287 0.85544130
v -0.62088488 0.27303127 0.82550184
v -0.69542341 0.18432275 0.72803579
v -0.66248235 0.22894508 0.77987753
v -0.78707145 0.23110643 0.43611244
v -0.74336073 0.20622163 0.49257653
v -0.79116780 0.20207679 0.44985794
v -0.71970312 0.17253749 0.65849535
v -0.72300745 0.18771084 0.56522631
v -0.71005823 0.14660758 0.61330132
v -0.79426441 0.14226436 0.47474680
v -0.74503811 0.17693851 0.50498891
v -0.79350376 0.17236181 0.46272272
v -0.77326548 0.13013939 0.50418259
v -0.76882057 0.18964469 0.47825093
v -0.72220066 0.10484202 0.55542794
v -0.72523601 0.16514926 0.53431985
v -0.70636844 0.12359175 0.57579891
v -0.74839228 0.11749508 0.53065777
v -0.71395595 0.15524137 0.57001036
v -0.74691451 0.14742402 0.51792952
v -0.65596712 -0.11212917 0.64824370
v -0.65049517 -0.03690358 0.64283617
v -0.67804355 -0.09408634 0.63289682
v -0.69946956 0.11956535 0.69123393
v -0.66573443 0.03776812 0.65789600
v -0.69066591 0.09583784 0.64467874
v -0.71814605 -0.05701608 0.59790889
v -0.67032939 -0.01865145 0.62587015
v -0.69876631 -0.07566406 0.61601114
v -0.71631621 -0.01895574 0.59632845
v -0.67495423 -0.05610059 0.63012987
v -0.70348827 0.05585235 0.58570522
v -0.66926754 0.01862191 0.62487873
v -0.68759985 0.07445493 0.60616713
v -0.71069680 0.01880703 0.59165034
v -0.67612470 0.05619787 0.63122261
v -0.69060354 0.00000000 0.60904258
v -0.32172367 0.77626095 0.52055984
v -0.35891023 0.73852752 0.58072895
v -0.29828647 0.74972473 0.53688586
v -0.36841977 0.78673490 0.52820193
v -0.42798897 0.64177161 0.69250070
v -0.39457633 0.69378167 0.63843791
v -0.25634216 0.70594531 0.57317466
v -0.33474377 0.71299191 0.59695781
v -0.27621581 0.72547034 0.55369280
v -0.31647238 0.73175809 0.56682613
v -0.46004815 0.79103581 0.53261121
v -0.40471943 0.74254164 0.58609902
v -0.41344098 0.78901020 0.53044549
v -0.38680403 0.76541937 0.55751897
v -0.54439276 0.38201485 0.88084599
v -0.52706298 0.46217421 0.85280581
v -0.51365679 0.40133830 0.89299855
v -0.46089785 0.58577872 0.74574839
v -0.49545607 0.52777689 0.80166476
v -0.42980357 0.41914130 0.87308856
v -0.48490563 0.47084050 0.84518085
v -0.47271562 0.41210176 0.88645585
v -0.50058990 0.43776378 0.87133405
v -0.18806232 0.65955680 0.67883467
v -0.24772251 0.62283156 0.66368303
v -0.20503957 0.67046112 0.65117019
v -0.19973060 0.62697017 0.69742917
v -0.40439632 0.62026166 0.71186788
v -0.32168200 0.61959224 0.68453035
v -0.38802781 0.64655954 0.68490730
v -0.23822971 0.69130672 0.59664919
v -0.26675730 0.64046487 0.64343905
v -0.22154469 0.68032631 0.62309299
v -0.27177605 0.68349660 0.59916757
v -0.23459870 0.65118890 0.64317479
v -0.22163206 0.55960504 0.72997338
v -0.26065540 0.59506885 0.68653123
v -0.21082502 0.59326000 0.71410998
v -0.22911229 0.60735317 0.68789481
v -0.35306106 0.69269848 0.62721708
v -0.30468037 0.64072878 0.65497117
v -0.37085466 0.67073562 0.65658535
v -0.31077044 0.68656923 0.61155130
v -0.34629771 0.64561157 0.67169047
v -0.28786398 0.66179171 0.62639522
v -0.61323886 0.73027109 0.49575647
v -0.58927811 0.72772240 0.58645943
v -0.59079685 0.76667250 0.51922747
v -0.47513391 0.63989312 0.69793122
v -0.53988567 0.69430352 0.65412452
v -0.45732790 0.66637924 0.66977401
v -0.51147546 0.79640765 0.53718073
v -0.55107232 0.74558165 0.59722983
v -0.55835279 0.79221075 0.53537108
v -0.48031263 0.76866719 0.56322676
v -0.57507883 0.76155172 0.56221265
v -0.42250045 0.71793187 0.61440941
v -0.52048561 0.72068151 0.62467545
v -0.43984608 0.69252592 0.64202673
v -0.45044156 0.74213071 0.58861841
v -0.48834637 0.69296964 0.64749660
v -0.50058832 0.74533305 0.59407249
v -0.27364531 0.44181582 0.81936523
v -0.32335844 0.49370233 0.80030729
v -0.31294032 0.44051645 0.83965880
v -0.25851905 0.46847910 0.79105991
v -0.42067016 0.59115481 0.73866213
v -0.37302681 0.54435628 0.77424984
v -0.43612435 0.56193884 0.76414674
v -0.38083535 0.59673665 0.73017100
v -0.38975428 0.42738334 0.86314408
v -0.36304125 0.49094944 0.81545550
v -0.35198285 0.43574633 0.85449435
v -0.41537832 0.45172953 0.84799903
v -0.33816819 0.46608620 0.82867763
v -0.23283428 0.52686959 0.74698872
v -0.30646060 0.51913760 0.76976307
v -0.24491479 0.49655988 0.76684132
v -0.25324515 0.54670551 0.72807398
v -0.28212259 0.49329133 0.78016264
v -0.46818121 0.50209939 0.81731894
v -0.38778306 0.51521602 0.79980090
v -0.45188054 0.53217206 0.79022119
v -0.44150311 0.47660326 0.83266842
v -0.41189066 0.53861352 0.78246608
v -0.40157982 0.48399185 0.82399883
v -0.29790068 0.59330115 0.69765989
v -0.33162806 0.54576106 0.75863270
v -0.33914406 0.59664913 0.71544475
v -0.27488098 0.56879587 0.71170994
v -0.35645257 0.57176670 0.74574478
v -0.29022761 0.54378519 0.73968371
v -0.03301128 0.02040209 0.98770631
v -0.10055582 0.06214692 0.99875515
v -0.03236331 0.05352886 0.96715856
v -0.06791378 0.00000000 1.01443084
v -0.23935903 0.14793202 0.99771035
v -0.16961629 0.10482863 1.00243091
v -0.03153322 0.11738787 0.93692316
v -0.09878755 0.09525052 0.97874299
v -0.03182860 0.08565631 0.94911961
v -0.06531139 0.07421010 0.97321314
v -0.14125478 -0.04357607 1.04842972
v -0.13726863 0.04234637 1.01884350
v -0.10389235 -0.02139864 1.03130569
v -0.10250418 0.02111272 1.01752578
v -0.52161195 0.32237392 0.91770612
v -0.45884729 0.28358322 0.96318111
v -0.49083965 0.34160225 0.92991746
v -0.31043376 0.19185861 0.98920440
v -0.38467197 0.23774035 0.98091719
v -0.40794694 0.36191991 0.90845332
v -0.41805189 0.29581514 0.95335247
v -0.45031401 0.35345358 0.92270241
v -0.45536087 0.31935266 0.94451615
v -0.03213866 0.25134337 0.93112445
v -0.09408528 0.22060406 0.91227330
v -0.03187259 0.21710409 0.93136025
v -0.06361783 0.27062231 0.91766426
v -0.23701193 0.18204366 0.98270150
v -0.16198160 0.20149116 0.94293103
v -0.20228931 0.16028986 0.98543849
v -0.03145326 0.14995895 0.93122051
v -0.09441236 0.18925995 0.92229903
v -0.03161659 0.18308808 0.93040311
v -0.06327610 0.13763665 0.93652756
v -0.06295183 0.20181155 0.92090527
v -0.12507577 0.30681737 0.88620475
v -0.12549003 0.24120134 0.90523338
v -0.09460315 0.28898717 0.90216093
v -0.09425034 0.25428000 0.90610604
v -0.13310390 0.11684315 0.98311525
v -0.12852443 0.17954654 0.93999747
v -0.16755595 0.13849267 0.98552958
v -0.09711370 0.12720861 0.95725517
v -0.16491872 0.17075520 0.96516784
v -0.09555777 0.15832751 0.93755321
v -0.28418229 -0.13121020 1.02818118
v -0.29410073 -0.04506200 1.06406645
v -0.25507855 -0.11224941 1.06243109
v -0.28011745 0.12933342 1.01347447
v -0.29176051 0.04470343 1.05559946
v -0.24376797 0.10727210 1.01532123
v -0.18158649 -0.06725289 1.07095230
v -0.25759021 -0.02276448 1.07209385
v -0.22105028 -0.09085868 1.08113800
v -0.17829412 -0.02202752 1.05190297
v -0.25820595 -0.06803225 1.07492374
v -0.17270706 0.06396428 1.01858361
v -0.25377628 0.02242742 1.05622021
v -0.20797716 0.08548522 1.01719852
v -0.17524262 0.02165052 1.03389966
v -0.24868314 0.06552318 1.03527985
v -0.21589642 0.00000000 1.05471365
v -0.25367358 0.38952914 0.85168017
v -0.26205986 0.33322057 0.89949048
v -0.29238465 0.38670101 0.87291857
v -0.21935771 0.36595338 0.85442429
v -0.27301106 0.20457825 0.97757958
v -0.26886324 0.27165253 0.94279002
v -0.30799692 0.22649687 0.97146127
v -0.23536919 0.21590130 0.96554019
v -0.36835236 0.37135238 0.89777312
v -0.30022143 0.32648501 0.91710011
v -0.33094022 0.38065601 0.88854204
v -0.37222947 0.33876436 0.91781534
v -0.29661618 0.35730163 0.89591019
v -0.15576430 0.32509777 0.87169056
v -0.22623291 0.30909877 0.89957422
v -0.18682729 0.34448482 0.86082888
v -0.15651411 0.29346036 0.88458809
v -0.22267981 0.33766814 0.87634307
v -0.38028230 0.27197706 0.95954236
v -0.30326715 0.29395049 0.93655052
v -0.34368478 0.24891188 0.96528560
v -0.37619058 0.30561284 0.93834632
v -0.30571510 0.26064229 0.95426175
v -0.33751862 0.31627744 0.92765204
v -0.15994490 0.23212823 0.92087703
v -0.22984260 0.27928327 0.92332503
v -0.19713333 0.22486021 0.94522294
v -0.15791592 0.26257735 0.90096339
v -0.23294065 0.24840829 0.94559127
v -0.19148131 0.28526402 0.89945858
v -0.75205390 0.46479487 0.32615890
v -0.77031763 0.47608248 0.41747012
v -0.75137988 0.43219709 0.33769094
v -0.76449592 0.51327102 0.35800549
v -0.73198627 0.45239239 0.57496870
v -0.75903577 0.46910990 0.49971204
v -0.75518816 0.37176363 0.36254117
v -0.76860839 0.44097371 0.42818287
v -0.75225695 0.40115209 0.34971444
v -0.75961736 0.43640757 0.38163660
v -0.74107172 0.58493879 0.40391825
v -0.76243392 0.51335331 0.44341395
v -0.76126527 0.55449319 0.38470475
v -0.76816106 0.51642877 0.40251604
v -0.56858669 0.35140590 0.84787879
v -0.61477140 0.37994962 0.78182016
v -0.59026894 0.32794539 0.82427059
v -0.56754227 0.39585958 0.84533070
v -0.70766522 0.43736116 0.65582525
v -0.66759395 0.41259575 0.72546514
v -0.64813126 0.28986516 0.79826492
v -0.64496419 0.36166331 0.77032956
v -0.61939975 0.30899446 0.81156221
v -0.61711698 0.34455095 0.79668230
v -0.55721873 0.48130314 0.82758298
v -0.60848922 0.42018055 0.77090827
v -0.56435284 0.43986912 0.83944563
v -0.58790609 0.40788646 0.80713792
v -0.78083988 0.26077891 0.42104228
v -0.74752410 0.30203176 0.46114086
v -0.77393624 0.28844557 0.40603594
v -0.75958733 0.24823379 0.44984051
v -0.73500877 0.41858956 0.58823101
v -0.76541709 0.36877127 0.53814619
v -0.75017637 0.42815099 0.55166530
v -0.76023606 0.34328597 0.37642872
v -0.75260335 0.33505943 0.45310896
v -0.76673831 0.31583443 0.39099545
v -0.75298142 0.36883551 0.40111360
v -0.75245654 0.30706376 0.42321597
v -0.73428959 0.22887599 0.51791258
v -0.75011770 0.29863932 0.50588853
v -0.74262853 0.23718168 0.48088115
v -0.74397670 0.26903702 0.47041122
v -0.77097099 0.44163192 0.47362669
v -0.76526898 0.37104028 0.49297123
v -0.76388080 0.43681804 0.51443321
v -0.76440036 0.40530556 0.43752795
v -0.76621488 0.40333602 0.52742695
v -0.75864399 0.36972882 0.44560441
v -0.64304637 0.70137047 0.47747526
v -0.67639072 0.63724833 0.52595680
v -0.67851935 0.68197596 0.46565950
v -0.62656060 0.69408256 0.51730776
v -0.71741644 0.48702988 0.60244428
v -0.70326101 0.56674640 0.56947033
v -0.72783629 0.49292572 0.56086971
v -0.72225758 0.61811137 0.42504612
v -0.70682853 0.61266791 0.51048081
v -0.70596259 0.65448359 0.44838015
v -0.73185546 0.58046864 0.44420493
v -0.69414616 0.64859592 0.48917548
v -0.60195816 0.68919039 0.60722127
v -0.65457491 0.62431252 0.56159698
v -0.61422668 0.69150516 0.56155322
v -0.64029332 0.65873531 0.53921336
v -0.75062466 0.50629989 0.48207233
v -0.71640398 0.57385778 0.52950659
v -0.73832361 0.49895448 0.52037295
v -0.74134743 0.54320871 0.46324148
v -0.72303542 0.53377813 0.54599359
v -0.72459166 0.57754043 0.48665777
v -0.71566660 0.19826613 0.69534276
v -0.72074586 0.26902145 0.67638201
v -0.69826180 0.21986771 0.71894781
v -0.72952713 0.20892285 0.65582539
v -0.72093357 0.40954633 0.62816074
v -0.72116547 0.33889797 0.65275196
v -0.70792404 0.40106773 0.66828758
v -0.73745035 0.38463204 0.60268575
v -0.66759765 0.26655796 0.77351105
v -0.70266053 0.29130937 0.69941260
v -0.68111720 0.24217557 0.74368025
v -0.67095792 0.30433939 0.76539099
v -0.70050201 0.25550887 0.70923043
v -0.73357084 0.22272431 0.56236289
v -0.73963027 0.28081552 0.64109384
v -0.73436146 0.21680382 0.61008430
v -0.74430000 0.25888903 0.55888951
v -0.73615532 0.24518608 0.64996313
v -0.67105061 0.37773500 0.74110822
v -0.70484326 0.32787994 0.68951640
v -0.69209110 0.39090913 0.70700655
v -0.67216212 0.34157088 0.75461508
v -0.70677959 0.36438831 0.67933833
v -0.68908217 0.31667217 0.72802098
v -0.76120495 0.33275249 0.54761154
v -0.74046130 0.31617687 0.62970016
v -0.75597945 0.36134456 0.57961368
v -0.75391477 0.29581141 0.55424728
v -0.73947596 0.35053564 0.61669010
v -0.75146350 0.29023485 0.60056677
v -0.49434996 0.61149904 0.72819924
v -0.58697893 0.58980011 0.72836703
v -0.51270757 0.58337826 0.75704546
v -0.52766653 0.63910708 0.70798113
v -0.70237617 0.47815991 0.64396844
v -0.63601017 0.52493488 0.67507651
v -0.68207556 0.46572750 0.67861844
v -0.69422186 0.51741158 0.62668635
v -0.54551399 0.51940995 0.80876228
v -0.59505838 0.54906869 0.74287081
v -0.53025217 0.55301414 0.78463609
v -0.58135069 0.49576848 0.79340194
v -0.56177204 0.57462813 0.76095488
v -0.58412951 0.68083793 0.64936134
v -0.60531713 0.60007053 0.68702921
v -0.55887405 0.66363957 0.68275399
v -0.61178351 0.64820272 0.62569441
v -0.57488023 0.62880377 0.70791625
v -0.63191353 0.43453721 0.73838528
v -0.61742293 0.51444274 0.71231435
v -0.65733106 0.45033092 0.70903402
v -0.60421656 0.46237808 0.76179687
v -0.64624347 0.48740124 0.69162850
v -0.60037367 0.50589794 0.75323862
v -0.66920018 0.58960861 0.58449816
v -0.62777250 0.56470939 0.65820261
v -0.68277950 0.55446734 0.60647615
v -0.63535663 0.61329439 0.59965918
v -0.65873100 0.53920984 0.64028913
v -0.61996212 0.60617866 0.64226422
v -0.47681559 -0.25578837 0.77150383
v -0.51416418 -0.19453597 0.83193511
v -0.49613278 -0.23604848 0.75068942
v -0.47248446 -0.25122490 0.83048995
v -0.54366823 -0.04063062 0.87967368
v -0.53393740 -0.12020528 0.86392886
v -0.53710963 -0.19917339 0.71539966
v -0.53364618 -0.17416535 0.80835972
v -0.51608032 -0.21716636 0.73185626
v -0.51427176 -0.20591554 0.77861412
v -0.43188782 -0.22451515 0.90418830
v -0.49716779 -0.18112243 0.87262356
v -0.45751025 -0.24074777 0.87619070
v -0.48762526 -0.21802348 0.85643250
v -0.54630230 0.29306461 0.88393569
v -0.54898142 0.20770921 0.88827059
v -0.56827853 0.27037375 0.85985182
v -0.52244310 0.27778843 0.91830268
v -0.55649376 0.04158913 0.90042582
v -0.55797803 0.12561755 0.90282742
v -0.62609405 0.23217099 0.83392187
v -0.57900026 0.18896750 0.87706144
v -0.59739421 0.25138321 0.84716792
v -0.57317102 0.22949893 0.86778835
v -0.46588506 0.24218848 0.97536397
v -0.52041160 0.18959035 0.91342085
v -0.49603944 0.26102232 0.94997903
v -0.52110212 0.23299141 0.91522901
v -0.63143250 -0.13037469 0.66278851
v -0.59624418 -0.09402421 0.70591691
v -0.60737679 -0.14761273 0.67553479
v -0.62941052 -0.09257351 0.66047100
v -0.56711318 -0.02096679 0.85989177
v -0.60114612 -0.06129572 0.80394220
v -0.56330389 -0.06108752 0.85403132
v -0.55972378 -0.18166200 0.70086441
v -0.58135755 -0.11326788 0.73019048
v -0.58321135 -0.16464540 0.68794831
v -0.54870793 -0.16595943 0.73163505
v -0.58599918 -0.12872727 0.69254964
v -0.63965855 -0.01887129 0.67102882
v -0.61386646 -0.05807106 0.72634767
v -0.63080870 -0.05556641 0.66180942
v -0.61273634 -0.07455469 0.68276257
v -0.54927137 -0.13878522 0.83234421
v -0.58593196 -0.09847014 0.78314463
v -0.55855213 -0.10073939 0.84666198
v -0.55096368 -0.15347894 0.78287576
v -0.58119674 -0.08104776 0.82679259
v -0.56659080 -0.13307294 0.75635299
v -0.31709818 -0.15197298 1.00487052
v -0.39111701 -0.10960794 0.98753935
v -0.35184240 -0.17327539 0.99423391
v -0.31971378 -0.10925284 1.01379634
v -0.52305267 -0.02182107 0.91693146
v -0.46155292 -0.06605360 0.96056224
v -0.51568734 -0.06248744 0.90413392
v -0.40660945 -0.20826618 0.93577553
v -0.42324958 -0.12975141 0.96932118
v -0.38245102 -0.19248068 0.97183286
v -0.43911606 -0.18593307 0.91786724
v -0.38844162 -0.15174897 0.98381582
v -0.33004088 -0.02269830 1.04719267
v -0.39094898 -0.06586914 0.98815270
v -0.32469673 -0.06649409 1.03002251
v -0.35526661 -0.08747429 1.00039625
v -0.50308671 -0.14176289 0.88259716
v -0.45628064 -0.10715396 0.95039499
v -0.50864319 -0.10235666 0.89200367
v -0.47130781 -0.16376420 0.90017477
v -0.48678017 -0.08474613 0.92826261
v -0.44782228 -0.14705123 0.93448005
v -0.69472611 0.14344321 0.72922519
v -0.65759846 0.10369942 0.77855665
v -0.67713890 0.16456724 0.75312538
v -0.68839961 0.10124960 0.72237111
v -0.57258668 0.02116915 0.86819104
v -0.61569758 0.06277946 0.82340258
v -0.57870094 0.06275725 0.87737496
v -0.59053398 0.00000000 0.84040142
v -0.64584692 0.20961382 0.80870447
v -0.63894000 0.12448687 0.80251458
v -0.65975745 0.18625499 0.77824107
v -0.62716549 0.18968931 0.83624864
v -0.65812785 0.14457188 0.77779325
v -0.65588881 0.01935012 0.68805505
v -0.65607459 0.06206391 0.77628977
v -0.67423541 0.05939177 0.70737030
v -0.64541319 0.00000000 0.71889173
v -0.67381877 0.08198689 0.75082577
v -0.58303889 0.14731731 0.88351419
v -0.61936249 0.10408838 0.82782718
v -0.58293593 0.10513720 0.88362332
v -0.60619402 0.16886415 0.86135371
v -0.59952964 0.08360428 0.85287241
v -0.62411395 0.14658318 0.83314176
v -0.61867277 -0.04040161 0.77823346
v -0.63554539 0.04150345 0.79945767
v -0.61003842 -0.02073402 0.81575123
v -0.63329598 -0.01997267 0.74941258
v -0.61354852 0.02085332 0.82044497
v -0.64841465 0.02044947 0.76730330
v -0.31921394 0.15298698 1.01157527
v -0.40505367 0.11351359 1.02272829
v -0.35703992 0.17583506 1.00892101
v -0.32611585 0.11144055 1.03409698
v -0.52815149 0.02203378 0.92586989
v -0.46068571 0.06592949 0.95875744
v -0.52865160 0.06405836 0.92686362
v -0.49658822 0.00000000 0.94646429
v -0.43154640 0.22103894 0.99316571
v -0.43643770 0.13379436 0.99952446
v -0.39494183 0.19876708 1.00357281
v -0.46761303 0.19799942 0.97743334
v -0.40231705 0.15716956 1.01895847
v -0.33281542 0.02288911 1.05599606
v -0.40198028 0.06772775 1.01603514
v -0.33130141 0.06784665 1.05097427
v -0.36419210 0.00000000 1.02630572
v -0.36944415 0.09096511 1.04031882
v -0.52213378 0.14713009 0.91601265
v -0.46240151 0.10859140 0.96314427
v -0.52573010 0.10579514 0.92196885
v -0.49304061 0.17131565 0.94168335
v -0.49284629 0.08580221 0.93983036
v -0.46552707 0.15286495 0.97142501
v -0.42720988 -0.04393023 0.97604669
v -0.42891972 0.04410605 0.97995317
v -0.46255799 -0.02208007 0.96280204
v -0.39267200 -0.02206224 0.99233118
v -0.46117988 0.02201429 0.95993356
v -0.39694112 0.02230210 1.00311978
v -0.91798682 0.00000000 -0.52435672
v -0.94255528 0.00000000 -0.45504941
v -0.91159380 0.03435565 -0.50780734
v -0.93437632 -0.03521427 -0.52049844
v -0.97759028 0.00000000 -0.31464323
v -0.96299918 0.00000000 -0.38528457
v -0.90031762 0.10090596 -0.47621723
v -0.93767218 0.03413480 -0.44017403
v -0.90693477 0.06808033 -0.49241720
v -0.92527221 0.03425325 -0.47412559
v -0.96366809 -0.10800616 -0.50972606
v -0.95574548 -0.03479273 -0.44865823
v -0.95026783 -0.07133319 -0.51594474
v -0.94578335 -0.03501256 -0.48463586
v -0.98995032 0.00000000 -0.03426437
v -0.97197637 0.00000000 -0.10125034
v -0.98127068 0.00000000 -0.24241096
v -0.97424531 0.00000000 -0.17023823
v -0.86323010 0.22392264 -0.40791490
v -0.89269016 0.16085122 -0.37045982
v -0.86241705 0.19204534 -0.41969891
v -0.96753688 0.03348737 -0.29918695
v -0.93217248 0.09852349 -0.33639217
v -0.96406777 0.03374212 -0.33510982
v -0.88834769 0.13259137 -0.45725418
v -0.90551940 0.13097402 -0.38813880
v -0.87317468 0.16236441 -0.43722854
v -0.91182674 0.10065533 -0.44208870
v -0.88303988 0.16159877 -0.40365810
v -0.94867212 0.03407872 -0.40544141
v -0.92767331 0.09931020 -0.37180341
v -0.95762075 0.03392556 -0.37059626
v -0.93184896 0.06767662 -0.42467514
v -0.94739144 0.06695772 -0.35423489
v -0.92095830 0.10012955 -0.40717051
v -0.97501211 -0.25291899 -0.46073691
v -1.00181971 -0.18051496 -0.41574778
v -0.97837231 -0.21786657 -0.47612903
v -0.98662166 -0.03414791 -0.30508845
v -0.99293285 -0.10494540 -0.35831871
v -0.98038148 -0.03431310 -0.34078047
v -0.97321817 -0.14525881 -0.50093908
v -0.99390052 -0.14375744 -0.42602219
v -0.97801135 -0.18185850 -0.48972386
v -0.97459004 -0.10758368 -0.47251876
v -0.99181290 -0.18150453 -0.45338078
v -0.96478579 -0.03465756 -0.41232803
v -0.98862654 -0.10583543 -0.39623294
v -0.97294979 -0.03446862 -0.37652855
v -0.96956803 -0.07041601 -0.44186499
v -0.98289628 -0.06946705 -0.36751034
v -0.98277966 -0.10685097 -0.43450273
v -0.85587747 0.00000000 0.48887968
v -0.88354065 0.00000000 0.42655817
v -0.85545658 0.03223998 0.47653585
v -0.86504845 -0.03260148 0.48187905
v -0.92561076 0.00000000 0.29791332
v -0.88960562 0.00000000 0.35592067
v -0.84829344 0.09507518 0.44869938
v -0.89241685 0.03248733 0.41892970
v -0.85269878 0.06400903 0.46296995
v -0.88118739 0.03262124 0.45153577
v -0.84951972 -0.09521262 0.44934801
v -0.87373837 -0.03180737 0.41016141
v -0.86012296 -0.06456634 0.46700089
v -0.87244847 -0.03229773 0.44705779
v -1.00970567 0.00000000 0.03494814
v -0.99769507 0.00000000 0.10392945
v -0.95361237 0.00000000 0.23557831
v -0.96913788 0.00000000 0.16934576
v -0.82794650 0.21477004 0.39124182
v -0.89713423 0.16165199 0.37230408
v -0.83256722 0.18539830 0.40517237
v -0.92399110 0.03198021 0.28572149
v -0.90786535 0.09595441 0.32762048
v -0.90545964 0.03169085 0.31473764
v -0.84304964 0.12583036 0.43393817
v -0.90131350 0.13036568 0.38633600
v -0.83764435 0.15575765 0.41943729
v -0.87993252 0.09713457 0.42662515
v -0.86782219 0.15881389 0.39670174
v -0.89324393 0.03208760 0.38175263
v -0.90930519 0.09734384 0.36444163
v -0.89483298 0.03170118 0.34629759
v -0.89881826 0.06527773 0.40962192
v -0.90104262 0.06368197 0.33690481
v -0.90195121 0.09806304 0.39876717
v -0.86336832 -0.22395849 0.40798022
v -0.89400201 -0.16108760 0.37100423
v -0.85802860 -0.19106811 0.41756326
v -0.93653171 -0.03241425 0.28959937
v -0.91845324 -0.09707347 0.33144132
v -0.91872792 -0.03215524 0.31934970
v -0.84445748 -0.12604048 0.43466282
v -0.88739181 -0.12835205 0.38036865
v -0.84906269 -0.15788085 0.42515484
v -0.85786120 -0.09469814 0.41592413
v -0.87355359 -0.15986275 0.39932169
v -0.88051889 -0.03163048 0.37631423
v -0.89963146 -0.09630824 0.36056448
v -0.89722665 -0.03178598 0.34722393
v -0.86990099 -0.06317758 0.39644335
v -0.91004827 -0.06431845 0.34027207
v -0.87650161 -0.09529608 0.38751549
v -0.80955953 0.46014287 -0.28438393
v -0.85693435 0.40823268 -0.25230167
v -0.82583067 0.43589938 -0.30336630
v -0.81143918 0.46164605 -0.24546200
v -0.92494487 0.29026773 -0.17939532
v -0.89126119 0.34951289 -0.21601084
v -0.84362357 0.37883472 -0.33609230
v -0.86459134 0.37912950 -0.26827350
v -0.83408287 0.40706429 -0.31950668
v -0.84633384 0.40802618 -0.28615600
v -0.82008301 0.46723338 -0.17021708
v -0.86206256 0.41176636 -0.21405509
v -0.81368286 0.46328499 -0.20714063
v -0.83800368 0.43757058 -0.23025526
v -1.00528730 0.03359887 -0.02076525
v -1.00426996 0.10111106 -0.06249007
v -0.99346497 0.03324359 -0.05498483
v -0.96084113 0.23051380 -0.14246536
v -0.98970739 0.16746341 -0.10349808
v -0.97007429 0.03264896 -0.12154140
v -0.99625099 0.10055469 -0.09695438
v -0.98023857 0.03287217 -0.08846474
v -0.99580146 0.06682727 -0.07593252
v -0.87446066 0.26045877 -0.39994815
v -0.91219877 0.26576233 -0.33792842
v -0.88275518 0.29567943 -0.39105860
v -0.88202887 0.22644468 -0.37777653
v -0.94362323 0.26352798 -0.19747220
v -0.93671289 0.26713018 -0.26990149
v -0.92317652 0.29268848 -0.21523925
v -0.86075135 0.35316249 -0.35603880
v -0.90957965 0.29775953 -0.32380775
v -0.87769094 0.32689869 -0.37600734
v -0.86813769 0.35208219 -0.32042841
v -0.89808947 0.29733770 -0.35817076
v -0.90314187 0.16138441 -0.33682757
v -0.92066342 0.23153661 -0.31634513
v -0.89101327 0.19337826 -0.35656395
v -0.90155493 0.22908618 -0.34738265
v -0.88297868 0.34993886 -0.25027550
v -0.91709546 0.29696735 -0.28784422
v -0.90249138 0.32132723 -0.23271955
v -0.87528374 0.35090829 -0.28507380
v -0.92114650 0.29510603 -0.25159736
v -0.89346349 0.32507939 -0.30462105
v -0.85971201 0.49041251 -0.02045936
v -0.86516792 0.41571567 -0.05949375
v -0.85781532 0.48926878 -0.05928622
v -0.92661480 0.29240371 -0.14013787
v -0.90253658 0.35745149 -0.10017340
v -0.91304548 0.32311121 -0.15912584
v -0.83216501 0.47434002 -0.13366247
v -0.85926217 0.41252816 -0.09687903
v -0.84672332 0.48282318 -0.09716078
v -0.83831154 0.43891785 -0.15250974
v -0.85587269 0.44881895 -0.07813726
v -0.88241346 0.38342277 -0.19638992
v -0.88196639 0.38510652 -0.11805827
v -0.89883059 0.35372202 -0.17802189
v -0.86224534 0.41250604 -0.17466570
v -0.90357670 0.35676067 -0.13937246
v -0.85965386 0.41196401 -0.13527647
v -0.96789995 0.03340800 -0.26127037
v -0.94514404 0.09747533 -0.22855279
v -0.96624766 0.03306650 -0.22523649
v -0.95236846 0.06602372 -0.28085670
v -0.96266694 0.23217992 -0.17833229
v -0.96503701 0.16577908 -0.20621489
v -0.97741629 0.20064253 -0.15898498
v -0.95969453 0.23394420 -0.21459417
v -0.96495176 0.03259258 -0.15539086
v -0.95452924 0.09771165 -0.19587373
v -0.96442695 0.03277277 -0.18978342
v -0.96858648 0.06544215 -0.14234819
v -0.95436295 0.06523895 -0.20914362
v -0.91847003 0.12962957 -0.31798810
v -0.93714963 0.12991450 -0.24970550
v -0.93539273 0.09808793 -0.29963224
v -0.91581358 0.16203898 -0.30381935
v -0.93908019 0.09768021 -0.26353351
v -0.99388020 0.13456136 -0.11812256
v -0.96689830 0.13220254 -0.18468480
v -0.98782248 0.16794578 -0.13881489
v -0.98275535 0.09970069 -0.13059730
v -0.97908838 0.16729732 -0.17321799
v -0.96766654 0.09862699 -0.16341284
v -0.93799326 0.23349395 -0.28372005
v -0.94810046 0.16467327 -0.23899052
v -0.95137110 0.23436447 -0.24992666
v -0.92611946 0.19715701 -0.29371954
v -0.96038296 0.20029506 -0.22846664
v -0.93101969 0.16318402 -0.27133698
v -0.89813644 -0.51048881 -0.31549943
v -0.96167825 -0.45813135 -0.28314074
v -0.90936447 -0.47999114 -0.33405218
v -0.91700544 -0.52170507 -0.27739601
v -1.01461755 -0.31840895 -0.19678756
v -1.00649146 -0.39470105 -0.24393867
v -0.93101201 -0.41807707 -0.37090710
v -0.97224245 -0.42633528 -0.30167650
v -0.92033356 -0.44915792 -0.35254616
v -0.94180575 -0.45405416 -0.31843624
v -0.94782965 -0.54001564 -0.19673227
v -0.97602450 -0.46620056 -0.24235249
v -0.93447575 -0.53206059 -0.23789108
v -0.94852467 -0.49528003 -0.26062271
v -0.98359994 -0.03287404 -0.02031727
v -0.98130945 -0.09879937 -0.06106137
v -0.97574999 -0.03265080 -0.05400437
v -1.00758199 -0.24172732 -0.14939570
v -1.00470641 -0.17000131 -0.10506659
v -0.97806409 -0.03291786 -0.12254245
v -0.99111959 -0.10003676 -0.09645500
v -0.97420772 -0.03266992 -0.08792046
v -0.97766542 -0.06561018 -0.07454959
v -0.96871790 -0.28853336 -0.44305816
v -1.00386127 -0.29246751 -0.37188523
v -0.96064384 -0.32176829 -0.42556311
v -0.99276192 -0.25487335 -0.42520394
v -1.01662108 -0.28391427 -0.21274847
v -1.02065127 -0.29106758 -0.29408723
v -1.01899116 -0.32306603 -0.23757850
v -0.94146105 -0.38627732 -0.38942333
v -0.99840086 -0.32683600 -0.35542785
v -0.95139479 -0.35434992 -0.40758245
v -0.96290237 -0.39051498 -0.35540593
v -0.98106585 -0.32480935 -0.39126291
v -1.00826541 -0.18016916 -0.37603349
v -1.01616829 -0.25555502 -0.34916114
v -1.00627754 -0.21839428 -0.40269018
v -1.00681517 -0.25583293 -0.38794100
v -0.99741841 -0.39529320 -0.28271281
v -1.01127315 -0.32746330 -0.31740331
v -1.01338244 -0.36080940 -0.26131430
v -0.98221476 -0.39377779 -0.31990049
v -1.01821068 -0.32620230 -0.27810898
v -0.99107019 -0.36059279 -0.33789948
v -0.92597326 -0.52821046 -0.02203624
v -0.96332823 -0.46288199 -0.06624380
v -0.94079812 -0.53659936 -0.06502141
v -1.00642376 -0.31758832 -0.15220789
v -0.99031944 -0.39221808 -0.10991650
v -1.00932863 -0.35718417 -0.17590610
v -0.95418762 -0.54389379 -0.15326176
v -0.97625839 -0.46869755 -0.11006997
v -0.95151599 -0.54257863 -0.10918565
v -0.97017144 -0.50795622 -0.17649834
v -0.95985499 -0.50334719 -0.08763037
v -0.99654040 -0.43301276 -0.22179001
v -0.99014491 -0.43234217 -0.13253883
v -1.00734170 -0.39642502 -0.19951354
v -0.98432230 -0.47090877 -0.19939492
v -1.00113332 -0.39527912 -0.15442011
v -0.98431551 -0.47170447 -0.15489342
v -0.99104403 -0.03420684 -0.26751778
v -1.00332149 -0.10347533 -0.24262115
v -0.99216016 -0.03395326 -0.23127681
v -0.99397331 -0.06890801 -0.29312611
v -1.01161042 -0.24398430 -0.18739898
v -1.00965701 -0.17344413 -0.21574956
v -1.00909292 -0.20714506 -0.16413745
v -1.01634491 -0.24775383 -0.22726158
v -0.98435606 -0.03324799 -0.15851563
v -1.00510270 -0.10288867 -0.20625164
v -0.98973309 -0.03363271 -0.19476325
v -0.99307647 -0.06709681 -0.14594736
v -1.00000487 -0.06835897 -0.21914581
v -1.00273141 -0.14152192 -0.34716065
v -1.00568729 -0.13941569 -0.26796750
v -0.99670738 -0.10451755 -0.31927303
v -1.01111540 -0.17890115 -0.33543554
v -1.00019527 -0.10403721 -0.28068420
v -1.00345100 -0.13585715 -0.11926005
v -1.00804787 -0.13782886 -0.19254467
v -1.00824024 -0.17141713 -0.14168412
v -0.99956693 -0.10140623 -0.13283138
v -1.00927163 -0.17245475 -0.17855794
v -1.00427281 -0.10235799 -0.16959465
v -1.02043983 -0.25401732 -0.30865812
v -1.01048756 -0.17550913 -0.25471662
v -1.01998949 -0.25126819 -0.26795282
v -1.01720139 -0.21654700 -0.32260625
v -1.01416640 -0.21151200 -0.24126125
v -1.01138075 -0.17726927 -0.29475746
v -0.76245195 0.43336755 0.26783587
v -0.81750133 0.38944728 0.24069166
v -0.77440681 0.40875625 0.28447591
v -0.77745204 0.44231000 0.23518082
v -0.92163211 0.28922811 0.17875280
v -0.88191264 0.34584680 0.21374508
v -0.79680040 0.35780846 0.31743836
v -0.82700596 0.36264804 0.25661116
v -0.78615798 0.38367512 0.30114840
v -0.80397608 0.38760507 0.27183432
v -0.80059828 0.45613217 0.16617281
v -0.82892449 0.39593787 0.20582672
v -0.79104618 0.45039639 0.20137797
v -0.80534295 0.42051651 0.22128119
v -1.01080657 0.03378334 0.02087925
v -0.98013515 0.09868114 0.06098830
v -1.00544934 0.03364461 0.05564812
v -1.00864799 0.06752663 0.00000000
v -0.92384520 0.22163817 0.13697992
v -0.96324731 0.16298623 0.10073103
v -0.97935788 0.03296141 0.12270455
v -0.97246629 0.09815402 0.09463967
v -0.99312354 0.03330426 0.08962758
v -0.98695672 0.06623371 0.07525808
v -0.99507336 0.13406609 -0.04135841
v -0.97456203 0.13130260 0.04050589
v -1.00341248 0.10108243 -0.02081988
v -0.99298007 0.10003148 0.02060342
v -0.82348421 0.24527539 0.37663328
v -0.86866701 0.25307967 0.32180187
v -0.81875423 0.27424227 0.36270632
v -0.85115936 0.21851950 0.36455499
v -0.92097269 0.25720231 0.19273212
v -0.91763179 0.26168866 0.26440352
v -0.92198721 0.29231141 0.21496196
v -0.80586141 0.33064139 0.33333428
v -0.85746268 0.28069855 0.30525426
v -0.81306016 0.30282676 0.34831918
v -0.82139938 0.33312698 0.30317737
v -0.83558925 0.27664525 0.33324479
v -0.91577696 0.16364220 0.34153983
v -0.90692183 0.22808075 0.31162345
v -0.88986288 0.19312859 0.35610359
v -0.88001343 0.22361246 0.33908238
v -0.85712785 0.33969376 0.24294822
v -0.88464821 0.28646051 0.27766016
v -0.89678584 0.31929581 0.23124830
v -0.83665623 0.33542221 0.27249309
v -0.90900057 0.29121486 0.24827988
v -0.84677920 0.30809369 0.28870433
v -0.85038821 0.48509386 0.02023748
v -0.89147410 0.42835587 0.06130271
v -0.83502443 0.47626963 0.05771107
v -0.87724278 0.46026927 0.00000000
v -0.91429353 0.28851559 0.13827444
v -0.91010163 0.36044764 0.10101305
v -0.91924279 0.32530433 0.16020591
v -0.80881309 0.46102926 0.12991168
v -0.88214053 0.42351196 0.09945849
v -0.81983567 0.46749116 0.09407544
v -0.82617436 0.43256314 0.15030169
v -0.85990116 0.45093148 0.07850504
v -0.87706659 0.38388687 -0.03947530
v -0.89574278 0.39206133 0.04031588
v -0.87720917 0.42143669 -0.02011716
v -0.88881083 0.42701046 0.02038322
v -0.86377127 0.37532244 0.19224091
v -0.90011588 0.39303141 0.12048773
v -0.90234524 0.35510516 0.17871800
v -0.84462860 0.40407803 0.17109706
v -0.91238579 0.36023878 0.14073122
v -0.86428289 0.41418234 0.13600490
v -0.94350414 0.03256596 0.25468508
v -0.93756586 0.09669377 0.22672025
v -0.95597263 0.03271487 0.22284134
v -0.92206694 0.06392305 0.27192068
v -0.91724239 0.22122424 0.16991748
v -0.92627130 0.15911970 0.19793120
v -0.93264547 0.19145204 0.15170263
v -0.91893547 0.22400838 0.20548017
v -0.96898173 0.03272870 0.15603983
v -0.95370620 0.09762739 0.19570484
v -0.96271618 0.03271464 0.18944677
v -0.96881896 0.06545786 0.14238236
v -0.95612772 0.06535959 0.20953036
v -0.91453691 0.12907446 0.31662639
v -0.91764249 0.12721028 0.24450778
v -0.90891081 0.09531096 0.29114935
v -0.92004381 0.16278745 0.30522272
v -0.91967377 0.09566161 0.25808750
v -0.96667539 0.13087811 0.11488927
v -0.94862355 0.12970386 0.18119418
v -0.95522591 0.16240384 0.13423422
v -0.96826296 0.09823044 0.12867143
v -0.94132145 0.16084407 0.16653635
v -0.96364196 0.09821680 0.16273319
v -0.92259916 0.22966191 0.27906371
v -0.91670033 0.15921946 0.23107540
v -0.92420906 0.22767327 0.24279115
v -0.92310687 0.19651568 0.29276409
v -0.91720453 0.19128988 0.21819488
v -0.91659558 0.16065584 0.26713321
v -0.94135694 0.26018466 -0.12013022
v -0.94588396 0.26143590 -0.04005711
v -0.95593302 0.22950948 -0.10099753
v -0.93143133 0.29373891 -0.10037668
v -0.91662130 0.25334790 0.11697361
v -0.93879802 0.25947739 0.03975702
v -0.93753777 0.22509298 0.09905401
v -0.90967771 0.28687862 0.09803238
v -0.98375011 0.16680082 -0.06177683
v -0.95423486 0.22927243 -0.02026190
v -0.97043028 0.19841490 -0.08155482
v -0.97463627 0.16519767 -0.02040950
v -0.95334157 0.22900086 -0.06033728
v -0.89724153 0.35498123 -0.05980910
v -0.93281703 0.29399342 -0.02021916
v -0.92064557 0.32694508 -0.08050092
v -0.89160752 0.35281498 -0.01982288
v -0.93494191 0.29472422 -0.06035607
v -0.96603203 0.16379662 0.06066418
v -0.95487572 0.22942641 0.02027551
v -0.95789881 0.19585270 0.08050168
v -0.96823407 0.16411252 0.02027544
v -0.94976778 0.22814241 0.06011109
v -0.96150638 0.19681720 0.00000000
v -0.90026024 0.35617554 0.06001032
v -0.92411511 0.29125086 0.02003054
v -0.90438900 0.32117195 0.07907945
v -0.89210618 0.35301230 0.01983396
v -0.91395836 0.28810952 0.05900146
v -0.90788145 0.32216838 0.00000000
v -0.83001106 -0.47176724 0.29156819
v -0.86507240 -0.41210954 0.25469770
v -0.84819456 -0.44770374 0.31158160
v -0.82497572 -0.46934729 0.24955684
v -0.92423705 -0.29004560 0.17925804
v -0.89646312 -0.35155285 0.21727161
v -0.86220037 -0.38717675 0.34349314
v -0.88449429 -0.38785709 0.27444918
v -0.85947294 -0.41945562 0.32923269
v -0.86707622 -0.41802630 0.29316926
v -0.84811840 -0.48320624 0.17603612
v -0.86133522 -0.41141894 0.21387449
v -0.83008735 -0.47262518 0.21131675
v -0.84352271 -0.44045239 0.23177170
v -0.99747620 -0.03333781 0.02060390
v -0.98461897 -0.09913258 0.06126730
v -1.00633969 -0.03367440 0.05569740
v -0.97921033 -0.06555585 0.00000000
v -0.94814006 -0.22746671 0.14058216
v -0.96817094 -0.16381933 0.10124591
v -0.99726835 -0.03356420 0.12494856
v -0.99430892 -0.10035867 0.09676538
v -1.00679452 -0.03376272 0.09086136
v -1.00108683 -0.06718197 0.07633554
v -0.98214347 -0.13232404 -0.04082100
v -0.96863515 -0.13050407 0.04025955
v -0.97316783 -0.09803562 -0.02019233
v -0.97427180 -0.09814684 0.02021524
v -0.86211191 -0.25678068 0.39430026
v -0.89311924 -0.26020365 0.33086032
v -0.85801040 -0.28739115 0.38009672
v -0.87862959 -0.22557198 0.37632060
v -0.94306099 -0.26337097 0.19735454
v -0.93610876 -0.26695790 0.26972742
v -0.92997202 -0.29484296 0.21682362
v -0.85931149 -0.35257172 0.35544322
v -0.89878826 -0.29422687 0.31996605
v -0.85663742 -0.31905724 0.36698790
v -0.88334452 -0.35824947 0.32604123
v -0.87561783 -0.28989783 0.34920875
v -0.90745828 -0.16215572 0.33843738
v -0.90887432 -0.22857178 0.31229433
v -0.89376875 -0.19397629 0.35766664
v -0.89134758 -0.22649248 0.34344960
v -0.90081634 -0.35700822 0.25533148
v -0.92036904 -0.29802738 0.28887168
v -0.91588951 -0.32609757 0.23617444
v -0.89847236 -0.36020479 0.29262617
v -0.93111060 -0.29829821 0.25431890
v -0.90274840 -0.32845763 0.30778669
v -0.91115336 -0.51975662 0.02168356
v -0.92668004 -0.44527243 0.06372367
v -0.89971596 -0.51316749 0.06218210
v -0.93125225 -0.48860681 0.00000000
v -0.92239144 -0.29107098 0.13949914
v -0.92628545 -0.36685728 0.10280931
v -0.90906982 -0.32170429 0.15843296
v -0.87040464 -0.49613689 0.13980453
v -0.91191099 -0.43780463 0.10281501
v -0.88769021 -0.50618355 0.10186169
v -0.87053635 -0.45578991 0.15837224
v -0.90815855 -0.47623762 0.08291072
v -0.96501032 -0.42237932 -0.04343350
v -0.94392260 -0.41314935 0.04248437
v -0.94929508 -0.45606885 -0.02177031
v -0.93769970 -0.45049809 0.02150439
v -0.87848325 -0.38171503 0.19551521
v -0.90975516 -0.39724035 0.12177802
v -0.89436770 -0.35196571 0.17713798
v -0.87082674 -0.41661146 0.17640404
v -0.90599163 -0.35771417 0.13974495
v -0.89117245 -0.42706837 0.14023628
v -0.94769901 -0.03271075 0.25581742
v -0.95489193 -0.09848065 0.23091001
v -0.95529692 -0.03269174 0.22268383
v -0.93990172 -0.06515946 0.27718022
v -0.95562376 -0.23048121 0.17702756
v -0.97415720 -0.16734579 0.20816375
v -0.96678683 -0.19846053 0.15725601
v -0.95868811 -0.23369886 0.21436913
v -0.98132146 -0.03314549 0.15802695
v -0.97312335 -0.09961506 0.19968933
v -0.96596835 -0.03282515 0.19008674
v -0.99451775 -0.06719419 0.14615918
v -0.96125006 -0.06570974 0.21065290
v -0.91980993 -0.12981868 0.31845199
v -0.94608492 -0.13115317 0.25208632
v -0.93058732 -0.09758402 0.29809293
v -0.91900848 -0.16260426 0.30487925
v -0.94049334 -0.09782720 0.26393008
v -0.98618161 -0.13351905 0.11720758
v -0.98287415 -0.13438689 0.18773630
v -0.97700088 -0.16610593 0.13729417
v -0.99740826 -0.10118723 0.13254452
v -0.98102226 -0.16762777 0.17356013
v -0.98967892 -0.10087055 0.16713014
v -0.93143666 -0.23186183 0.28173684
v -0.95654047 -0.16613919 0.24111802
v -0.95053659 -0.23415890 0.24970743
v -0.92311417 -0.19651723 0.29276641
v -0.96324354 -0.20089166 0.22914715
v -0.93554346 -0.16397692 0.27265539
v -1.00371746 -0.27742068 -0.12808829
v -0.99202781 -0.27418974 -0.04201125
v -1.00368458 -0.24097413 -0.10604265
v -0.99770230 -0.31463832 -0.10751844
v -0.93487344 -0.25839266 0.11930283
v -0.96457913 -0.26660312 0.04084883
v -0.94526355 -0.22694786 0.09987027
v -0.93454504 -0.29472086 0.10071224
v -0.99544257 -0.16878335 -0.06251108
v -0.98842539 -0.23748733 -0.02098789
v -1.00272523 -0.20501795 -0.08426888
v -0.98111337 -0.16629552 -0.02054514
v -0.99845533 -0.23983758 -0.06319254
v -0.97847772 -0.38712121 -0.06522421
v -0.98335250 -0.30992055 -0.02131454
v -0.98930288 -0.35132707 -0.08650429
v -0.96845865 -0.38322548 -0.02153149
v -0.99050926 -0.31224086 -0.06394327
v -0.96198292 -0.16311007 0.06040991
v -0.97225904 -0.23360307 0.02064462
v -0.95428017 -0.19511283 0.08019757
v -0.96733120 -0.16395948 0.02025653
v -0.95500328 -0.22940002 0.06044245
v -0.97784324 -0.20016130 0.00000000
v -0.94597770 -0.37426302 0.06305780
v -0.97192947 -0.30632038 0.02106694
v -0.94147394 -0.33434177 0.08232215
v -0.95918199 -0.37955464 0.02132524
v -0.95427825 -0.30081966 0.06160435
v -0.97236171 -0.34504967 0.00000000
f 1 8363 2987
f 8363 2103 8365
f 2987 8365 759
f 8363 8365 2987
f 2103 8364 8372
f 8364 533 8370
f 8372 8370 2105
f 8364 8370 8372
f 759 8371 2988
f 8371 2105 8369
f 2988 8369 197
f 8371 8369 2988
f 2103 8372 8365
f 8372 2105 8371
f 8365 8371 759
f 8372 8371 8365
f 533 8368 8392
f 8368 2104 8394
f 8392 8394 2112
f 8368 8394 8392
f 2104 8367 8386
f 8367 138 8384
f 8386 8384 2110
f 8367 8384 8386
f 2112 8396 8393
f 8396 2110 8385
f 8393 8385 535
f 8396 8385 8393
f 2104 8386 8394
f 8386 2110 8396
f 8394 8396 2112
f 8386 8396 8394
f 197 8387 2991
f 8387 2111 8389
f 2991 8389 760
f 8387 8389 2991
f 2111 8388 8391
f 8388 535 8382
f 8391 8382 2109
f 8388 8382 8391
f 760 8383 2990
f 8383 2109 8381
f 2990 8381 54
f 8383 8381 2990
f 2111 8391 8389
f 8391 2109 8383
f 8389 8383 760
f 8391 8383 8389
f 533 8392 8370
f 8392 2112 8395
f 8370 8395 2105
f 8392 8395 8370
f 2112 8393 8397
f 8393 535 8388
f 8397 8388 2111
f 8393 8388 8397
f 2105 8390 8369
f 8390 2111 8387
f 8369 8387 197
f 8390 8387 8369
f 2112 8397 8395
f 8397 2111 8390
f 8395 8390 2105
f 8397 8390 8395
f 138 8379 8463
f 8379 2108 8465
f 8463 8465 2132
f 8379 8465 8463
f 2108 8380 8473
f 8380 534 8471
f 8473 8471 2134
f 8380 8471 8473
f 2132 8475 8464
f 8475 2134 8472
f 8464 8472 542
f 8475 8472 8464
f 2108 8473 8465
f 8473 2134 8475
f 8465 8475 2132
f 8473 8475 8465
f 534 8378 8437
f 8378 2107 8439
f 8437 8439 2126
f 8378 8439 8437
f 2107 8377 8434
f 8377 38 8432
f 8434 8432 2124
f 8377 8432 8434
f 2126 8440 8438
f 8440 2124 8433
f 8438 8433 540
f 8440 8433 8438
f 2107 8434 8439
f 8434 2124 8440
f 8439 8440 2126
f 8434 8440 8439
f 542 8482 8468
f 8482 2136 8485
f 8468 8485 2133
f 8482 8485 8468
f 2136 8481 8483
f 8481 540 8436
f 8483 8436 2125
f 8481 8436 8483
f 2133 8469 8467
f 8469 2125 8435
f 8467 8435 140
f 8469 8435 8467
f 2136 8483 8485
f 8483 2125 8469
f 8485 8469 2133
f 8483 8469 8485
f 534 8437 8471
f 8437 2126 8474
f 8471 8474 2134
f 8437 8474 8471
f 2126 8438 8484
f 8438 540 8481
f 8484 8481 2136
f 8438 8481 8484
f 2134 8486 8472
f 8486 2136 8482
f 8472 8482 542
f 8486 8482 8472
f 2126 8484 8474
f 8484 2136 8486
f 8474 8486 2134
f 8484 8486 8474
f 54 8441 2998
f 8441 2127 8443
f 2998 8443 763
f 8441 8443 2998
f 2127 8442 8452
f 8442 541 8449
f 8452 8449 2129
f 8442 8449 8452
f 763 8450 2999
f 8450 2129 8448
f 2999 8448 198
f 8450 8448 2999
f 2127 8452 8443
f 8452 2129 8450
f 8443 8450 763
f 8452 8450 8443
f 541 8446 8458
f 8446 2128 8461
f 8458 8461 2131
f 8446 8461 8458
f 2128 8445 8447
f 8445 140 8426
f 8447 8426 2122
f 8445 8426 8447
f 2131 8459 8457
f 8459 2122 8427
f 8457 8427 539
f 8459 8427 8457
f 2128 8447 8461
f 8447 2122 8459
f 8461 8459 2131
f 8447 8459 8461
f 198 8428 2997
f 8428 2123 8430
f 2997 8430 762
f 8428 8430 2997
f 2123 8429 8431
f 8429 539 8424
f 8431 8424 2121
f 8429 8424 8431
f 762 8425 2996
f 8425 2121 8423
f 2996 8423 17
f 8425 8423 2996
f 2123 8431 8430
f 8431 2121 8425
f 8430 8425 762
f 8431 8425 8430
f 541 8458 8449
f 8458 2131 8462
f 8449 8462 2129
f 8458 8462 8449
f 2131 8457 8460
f 8457 539 8429
f 8460 8429 2123
f 8457 8429 8460
f 2129 8451 8448
f 8451 2123 8428
f 8448 8428 198
f 8451 8428 8448
f 2131 8460 8462
f 8460 2123 8451
f 8462 8451 2129
f 8460 8451 8462
f 138 8463 8384
f 8463 2132 8466
f 8384 8466 2110
f 8463 8466 8384
f 2132 8464 8480
f 8464 542 8477
f 8480 8477 2135
f 8464 8477 8480
f 2110 8478 8385
f 8478 2135 8476
f 8385 8476 535
f 8478 8476 8385
f 2132 8480 8466
f 8480 2135 8478
f 8466 8478 2110
f 8480 8478 8466
f 542 8468 8488
f 8468 2133 8491
f 8488 8491 2137
f 8468 8491 8488
f 2133 8467 8470
f 8467 140 8445
f 8470 8445 2128
f 8467 8445 8470
f 2137 8489 8487
f 8489 2128 8446
f 8487 8446 541
f 8489 8446 8487
f 2133 8470 8491
f 8470 2128 8489
f 8491 8489 2137
f 8470 8489 8491
f 535 8453 8382
f 8453 2130 8455
f 8382 8455 2109
f 8453 8455 8382
f 2130 8454 8456
f 8454 541 8442
f 8456 8442 2127
f 8454 8442 8456
f 2109 8444 8381
f 8444 2127 8441
f 8381 8441 54
f 8444 8441 8381
f 2130 8456 8455
f 8456 2127 8444
f 8455 8444 2109
f 8456 8444 8455
f 542 8488 8477
f 8488 2137 8492
f 8477 8492 2135
f 8488 8492 8477
f 2137 8487 8490
f 8487 541 8454
f 8490 8454 2130
f 8487 8454 8490
f 2135 8479 8476
f 8479 2130 8453
f 8476 8453 535
f 8479 8453 8476
f 2137 8490 8492
f 8490 2130 8479
f 8492 8479 2135
f 8490 8479 8492
f 38 8419 9427
f 8419 2119 9429
f 9427 9429 2371
f 8419 9429 9427
f 2119 8420 9435
f 8420 538 9433
f 9435 9433 2373
f 8420 9433 9435
f 2371 9436 9428
f 9436 2373 9434
f 9428 9434 601
f 9436 9434 9428
f 2119 9435 9429
f 9435 2373 9436
f 9429 9436 2371
f 9435 9436 9429
f 538 8422 9462
f 8422 2120 9464
f 9462 9464 2381
f 8422 9464 9462
f 2120 8421 9457
f 8421 139 9455
f 9457 9455 2379
f 8421 9455 9457
f 2381 9466 9463
f 9466 2379 9456
f 9463 9456 603
f 9466 9456 9463
f 2120 9457 9464
f 9457 2379 9466
f 9464 9466 2381
f 9457 9466 9464
f 601 9471 9432
f 9471 2383 9473
f 9432 9473 2372
f 9471 9473 9432
f 2383 9472 9475
f 9472 603 9460
f 9475 9460 2380
f 9472 9460 9475
f 2372 9461 9431
f 9461 2380 9459
f 9431 9459 155
f 9461 9459 9431
f 2383 9475 9473
f 9475 2380 9461
f 9473 9461 2372
f 9475 9461 9473
f 538 9462 9433
f 9462 2381 9465
f 9433 9465 2373
f 9462 9465 9433
f 2381 9463 9476
f 9463 603 9472
f 9476 9472 2383
f 9463 9472 9476
f 2373 9474 9434
f 9474 2383 9471
f 9434 9471 601
f 9474 9471 9434
f 2381 9476 9465
f 9476 2383 9474
f 9465 9474 2373
f 9476 9474 9465
f 139 8417 9209
f 8417 2118 9211
f 9209 9211 2319
f 8417 9211 9209
f 2118 8418 9217
f 8418 537 9215
f 9217 9215 2321
f 8418 9215 9217
f 2319 9219 9210
f 9219 2321 9216
f 9210 9216 589
f 9219 9216 9210
f 2118 9217 9211
f 9217 2321 9219
f 9211 9219 2319
f 9217 9219 9211
f 537 8416 9197
f 8416 2117 9199
f 9197 9199 2315
f 8416 9199 9197
f 2117 8415 9193
f 8415 12 9191
f 9193 9191 2313
f 8415 9191 9193
f 2315 9200 9198
f 9200 2313 9192
f 9198 9192 587
f 9200 9192 9198
f 2117 9193 9199
f 9193 2313 9200
f 9199 9200 2315
f 9193 9200 9199
f 589 9221 9213
f 9221 2322 9224
f 9213 9224 2320
f 9221 9224 9213
f 2322 9220 9222
f 9220 587 9196
f 9222 9196 2314
f 9220 9196 9222
f 2320 9214 9212
f 9214 2314 9195
f 9212 9195 152
f 9214 9195 9212
f 2322 9222 9224
f 9222 2314 9214
f 9224 9214 2320
f 9222 9214 9224
f 537 9197 9215
f 9197 2315 9218
f 9215 9218 2321
f 9197 9218 9215
f 2315 9198 9223
f 9198 587 9220
f 9223 9220 2322
f 9198 9220 9223
f 2321 9225 9216
f 9225 2322 9221
f 9216 9221 589
f 9225 9221 9216
f 2315 9223 9218
f 9223 2322 9225
f 9218 9225 2321
f 9223 9225 9218
f 155 9503 9445
f 9503 2390 9505
f 9445 9505 2376
f 9503 9505 9445
f 2390 9504 9521
f 9504 605 9518
f 9521 9518 2393
f 9504 9518 9521
f 2376 9519 9446
f 9519 2393 9517
f 9446 9517 602
f 9519 9517 9446
f 2390 9521 9505
f 9521 2393 9519
f 9505 9519 2376
f 9521 9519 9505
f 605 9500 9508
f 9500 2389 9511
f 9508 9511 2391
f 9500 9511 9508
f 2389 9499 9501
f 9499 152 9207
f 9501 9207 2318
f 9499 9207 9501
f 2391 9509 9507
f 9509 2318 9208
f 9507 9208 588
f 9509 9208 9507
f 2389 9501 9511
f 9501 2318 9509
f 9511 9509 2391
f 9501 9509 9511
f 602 9448 9442
f 9448 2377 9450
f 9442 9450 2375
f 9448 9450 9442
f 2377 9447 9449
f 9447 588 9206
f 9449 9206 2317
f 9447 9206 9449
f 2375 9443 9441
f 9443 2317 9205
f 9441 9205 41
f 9443 9205 9441
f 2377 9449 9450
f 9449 2317 9443
f 9450 9443 2375
f 9449 9443 9450
f 605 9508 9518
f 9508 2391 9522
f 9518 9522 2393
f 9508 9522 9518
f 2391 9507 9510
f 9507 588 9447
f 9510 9447 2377
f 9507 9447 9510
f 2393 9520 9517
f 9520 2377 9448
f 9517 9448 602
f 9520 9448 9517
f 2391 9510 9522
f 9510 2377 9520
f 9522 9520 2393
f 9510 9520 9522
f 139 9209 9455
f 9209 2319 9458
f 9455 9458 2379
f 9209 9458 9455
f 2319 9210 9469
f 9210 589 9467
f 9469 9467 2382
f 9210 9467 9469
f 2379 9470 9456
f 9470 2382 9468
f 9456 9468 603
f 9470 9468 9456
f 2319 9469 9458
f 9469 2382 9470
f 9458 9470 2379
f 9469 9470 9458
f 589 9213 9512
f 9213 2320 9514
f 9512 9514 2392
f 9213 9514 9512
f 2320 9212 9502
f 9212 152 9499
f 9502 9499 2389
f 9212 9499 9502
f 2392 9516 9513
f 9516 2389 9500
f 9513 9500 605
f 9516 9500 9513
f 2320 9502 9514
f 9502 2389 9516
f 9514 9516 2392
f 9502 9516 9514
f 603 9523 9460
f 9523 2394 9525
f 9460 9525 2380
f 9523 9525 9460
f 2394 9524 9527
f 9524 605 9504
f 9527 9504 2390
f 9524 9504 9527
f 2380 9506 9459
f 9506 2390 9503
f 9459 9503 155
f 9506 9503 9459
f 2394 9527 9525
f 9527 2390 9506
f 9525 9506 2380
f 9527 9506 9525
f 589 9512 9467
f 9512 2392 9515
f 9467 9515 2382
f 9512 9515 9467
f 2392 9513 9528
f 9513 605 9524
f 9528 9524 2394
f 9513 9524 9528
f 2382 9526 9468
f 9526 2394 9523
f 9468 9523 603
f 9526 9523 9468
f 2392 9528 9515
f 9528 2394 9526
f 9515 9526 2382
f 9528 9526 9515
f 17 9243 3021
f 9243 2327 9245
f 3021 9245 770
f 9243 9245 3021
f 2327 9244 9252
f 9244 591 9250
f 9252 9250 2329
f 9244 9250 9252
f 770 9251 3022
f 9251 2329 9249
f 3022 9249 201
f 9251 9249 3022
f 2327 9252 9245
f 9252 2329 9251
f 9245 9251 770
f 9252 9251 9245
f 591 9248 9282
f 9248 2328 9284
f 9282 9284 2338
f 9248 9284 9282
f 2328 9247 9272
f 9247 153 9270
f 9272 9270 2335
f 9247 9270 9272
f 2338 9286 9283
f 9286 2335 9271
f 9283 9271 593
f 9286 9271 9283
f 2328 9272 9284
f 9272 2335 9286
f 9284 9286 2338
f 9272 9286 9284
f 201 9273 3024
f 9273 2336 9275
f 3024 9275 771
f 9273 9275 3024
f 2336 9274 9277
f 9274 593 9267
f 9277 9267 2334
f 9274 9267 9277
f 771 9268 3023
f 9268 2334 9266
f 3023 9266 55
f 9268 9266 3023
f 2336 9277 9275
f 9277 2334 9268
f 9275 9268 771
f 9277 9268 9275
f 591 9282 9250
f 9282 2338 9285
f 9250 9285 2329
f 9282 9285 9250
f 2338 9283 9287
f 9283 593 9274
f 9287 9274 2336
f 9283 9274 9287
f 2329 9276 9249
f 9276 2336 9273
f 9249 9273 201
f 9276 9273 9249
f 2338 9287 9285
f 9287 2336 9276
f 9285 9276 2329
f 9287 9276 9285
f 153 9260 9309
f 9260 2332 9311
f 9309 9311 2344
f 9260 9311 9309
f 2332 9261 9325
f 9261 592 9323
f 9325 9323 2347
f 9261 9323 9325
f 2344 9327 9310
f 9327 2347 9324
f 9310 9324 595
f 9327 9324 9310
f 2332 9325 9311
f 9325 2347 9327
f 9311 9327 2344
f 9325 9327 9311
f 592 9258 9263
f 9258 2331 9265
f 9263 9265 2333
f 9258 9265 9263
f 2331 9257 9259
f 9257 41 9153
f 9259 9153 2303
f 9257 9153 9259
f 2333 9264 9262
f 9264 2303 9154
f 9262 9154 584
f 9264 9154 9262
f 2331 9259 9265
f 9259 2303 9264
f 9265 9264 2333
f 9259 9264 9265
f 595 9314 9306
f 9314 2345 9317
f 9306 9317 2343
f 9314 9317 9306
f 2345 9313 9315
f 9313 584 9156
f 9315 9156 2304
f 9313 9156 9315
f 2343 9307 9305
f 9307 2304 9155
f 9305 9155 151
f 9307 9155 9305
f 2345 9315 9317
f 9315 2304 9307
f 9317 9307 2343
f 9315 9307 9317
f 592 9263 9323
f 9263 2333 9326
f 9323 9326 2347
f 9263 9326 9323
f 2333 9262 9316
f 9262 584 9313
f 9316 9313 2345
f 9262 9313 9316
f 2347 9328 9324
f 9328 2345 9314
f 9324 9314 595
f 9328 9314 9324
f 2333 9316 9326
f 9316 2345 9328
f 9326 9328 2347
f 9316 9328 9326
f 55 9157 3019
f 9157 2305 9159
f 3019 9159 769
f 9157 9159 3019
f 2305 9158 9167
f 9158 585 9164
f 9167 9164 2307
f 9158 9164 9167
f 769 9165 3020
f 9165 2307 9163
f 3020 9163 200
f 9165 9163 3020
f 2305 9167 9159
f 9167 2307 9165
f 9159 9165 769
f 9167 9165 9159
f 585 9161 9169
f 9161 2306 9172
f 9169 9172 2308
f 9161 9172 9169
f 2306 9160 9162
f 9160 151 9143
f 9162 9143 2300
f 9160 9143 9162
f 2308 9170 9168
f 9170 2300 9144
f 9168 9144 583
f 9170 9144 9168
f 2306 9162 9172
f 9162 2300 9170
f 9172 9170 2308
f 9162 9170 9172
f 200 9145 3018
f 9145 2301 9147
f 3018 9147 768
f 9145 9147 3018
f 2301 9146 9148
f 9146 583 9140
f 9148 9140 2299
f 9146 9140 9148
f 768 9141 3017
f 9141 2299 9139
f 3017 9139 6
f 9141 9139 3017
f 2301 9148 9147
f 9148 2299 9141
f 9147 9141 768
f 9148 9141 9147
f 585 9169 9164
f 9169 2308 9173
f 9164 9173 2307
f 9169 9173 9164
f 2308 9168 9171
f 9168 583 9146
f 9171 9146 2301
f 9168 9146 9171
f 2307 9166 9163
f 9166 2301 9145
f 9163 9145 200
f 9166 9145 9163
f 2308 9171 9173
f 9171 2301 9166
f 9173 9166 2307
f 9171 9166 9173
f 153 9309 9270
f 9309 2344 9312
f 9270 9312 2335
f 9309 9312 9270
f 2344 9310 9333
f 9310 595 9330
f 9333 9330 2348
f 9310 9330 9333
f 2335 9331 9271
f 9331 2348 9329
f 9271 9329 593
f 9331 9329 9271
f 2344 9333 9312
f 9333 2348 9331
f 9312 9331 2335
f 9333 9331 9312
f 595 9306 9319
f 9306 2343 9322
f 9319 9322 2346
f 9306 9322 9319
f 2343 9305 9308
f 9305 151 9160
f 9308 9160 2306
f 9305 9160 9308
f 2346 9320 9318
f 9320 2306 9161
f 9318 9161 585
f 9320 9161 9318
f 2343 9308 9322
f 9308 2306 9320
f 9322 9320 2346
f 9308 9320 9322
f 593 9279 9267
f 9279 2337 9281
f 9267 9281 2334
f 9279 9281 9267
f 2337 9278 9280
f 9278 585 9158
f 9280 9158 2305
f 9278 9158 9280
f 2334 9269 9266
f 9269 2305 9157
f 9266 9157 55
f 9269 9157 9266
f 2337 9280 9281
f 9280 2305 9269
f 9281 9269 2334
f 9280 9269 9281
f 595 9319 9330
f 9319 2346 9334
f 9330 9334 2348
f 9319 9334 9330
f 2346 9318 9321
f 9318 585 9278
f 9321 9278 2337
f 9318 9278 9321
f 2348 9332 9329
f 9332 2337 9279
f 9329 9279 593
f 9332 9279 9329
f 2346 9321 9334
f 9321 2337 9332
f 9334 9332 2348
f 9321 9332 9334
f 38 9427 8432
f 9427 2371 9430
f 8432 9430 2124
f 9427 9430 8432
f 2371 9428 9440
f 9428 601 9438
f 9440 9438 2374
f 9428 9438 9440
f 2124 9439 8433
f 9439 2374 9437
f 8433 9437 540
f 9439 9437 8433
f 2371 9440 9430
f 9440 2374 9439
f 9430 9439 2124
f 9440 9439 9430
f 601 9432 9493
f 9432 2372 9495
f 9493 9495 2388
f 9432 9495 9493
f 2372 9431 9483
f 9431 155 9481
f 9483 9481 2385
f 9431 9481 9483
f 2388 9497 9494
f 9497 2385 9482
f 9494 9482 604
f 9497 9482 9494
f 2372 9483 9495
f 9483 2385 9497
f 9495 9497 2388
f 9483 9497 9495
f 540 9484 8436
f 9484 2386 9486
f 8436 9486 2125
f 9484 9486 8436
f 2386 9485 9488
f 9485 604 9478
f 9488 9478 2384
f 9485 9478 9488
f 2125 9479 8435
f 9479 2384 9477
f 8435 9477 140
f 9479 9477 8435
f 2386 9488 9486
f 9488 2384 9479
f 9486 9479 2125
f 9488 9479 9486
f 601 9493 9438
f 9493 2388 9496
f 9438 9496 2374
f 9493 9496 9438
f 2388 9494 9498
f 9494 604 9485
f 9498 9485 2386
f 9494 9485 9498
f 2374 9487 9437
f 9487 2386 9484
f 9437 9484 540
f 9487 9484 9437
f 2388 9498 9496
f 9498 2386 9487
f 9496 9487 2374
f 9498 9487 9496
f 155 9445 9533
f 9445 2376 9535
f 9533 9535 2396
f 9445 9535 9533
f 2376 9446 9549
f 9446 602 9547
f 9549 9547 2399
f 9446 9547 9549
f 2396 9551 9534
f 9551 2399 9548
f 9534 9548 606
f 9551 9548 9534
f 2376 9549 9535
f 9549 2399 9551
f 9535 9551 2396
f 9549 9551 9535
f 602 9442 9452
f 9442 2375 9454
f 9452 9454 2378
f 9442 9454 9452
f 2375 9441 9444
f 9441 41 9257
f 9444 9257 2331
f 9441 9257 9444
f 2378 9453 9451
f 9453 2331 9258
f 9451 9258 592
f 9453 9258 9451
f 2375 9444 9454
f 9444 2331 9453
f 9454 9453 2378
f 9444 9453 9454
f 606 9538 9530
f 9538 2397 9541
f 9530 9541 2395
f 9538 9541 9530
f 2397 9537 9539
f 9537 592 9261
f 9539 9261 2332
f 9537 9261 9539
f 2395 9531 9529
f 9531 2332 9260
f 9529 9260 153
f 9531 9260 9529
f 2397 9539 9541
f 9539 2332 9531
f 9541 9531 2395
f 9539 9531 9541
f 602 9452 9547
f 9452 2378 9550
f 9547 9550 2399
f 9452 9550 9547
f 2378 9451 9540
f 9451 592 9537
f 9540 9537 2397
f 9451 9537 9540
f 2399 9552 9548
f 9552 2397 9538
f 9548 9538 606
f 9552 9538 9548
f 2378 9540 9550
f 9540 2397 9552
f 9550 9552 2399
f 9540 9552 9550
f 140 9288 8426
f 9288 2339 9290
f 8426 9290 2122
f 9288 9290 8426
f 2339 9289 9298
f 9289 594 9295
f 9298 9295 2341
f 9289 9295 9298
f 2122 9296 8427
f 9296 2341 9294
f 8427 9294 539
f 9296 9294 8427
f 2339 9298 9290
f 9298 2341 9296
f 9290 9296 2122
f 9298 9296 9290
f 594 9292 9300
f 9292 2340 9303
f 9300 9303 2342
f 9292 9303 9300
f 2340 9291 9293
f 9291 153 9247
f 9293 9247 2328
f 9291 9247 9293
f 2342 9301 9299
f 9301 2328 9248
f 9299 9248 591
f 9301 9248 9299
f 2340 9293 9303
f 9293 2328 9301
f 9303 9301 2342
f 9293 9301 9303
f 539 9253 8424
f 9253 2330 9255
f 8424 9255 2121
f 9253 9255 8424
f 2330 9254 9256
f 9254 591 9244
f 9256 9244 2327
f 9254 9244 9256
f 2121 9246 8423
f 9246 2327 9243
f 8423 9243 17
f 9246 9243 8423
f 2330 9256 9255
f 9256 2327 9246
f 9255 9246 2121
f 9256 9246 9255
f 594 9300 9295
f 9300 2342 9304
f 9295 9304 2341
f 9300 9304 9295
f 2342 9299 9302
f 9299 591 9254
f 9302 9254 2330
f 9299 9254 9302
f 2341 9297 9294
f 9297 2330 9253
f 9294 9253 539
f 9297 9253 9294
f 2342 9302 9304
f 9302 2330 9297
f 9304 9297 2341
f 9302 9297 9304
f 155 9533 9481
f 9533 2396 9536
f 9481 9536 2385
f 9533 9536 9481
f 2396 9534 9557
f 9534 606 9554
f 9557 9554 2400
f 9534 9554 9557
f 2385 9555 9482
f 9555 2400 9553
f 9482 9553 604
f 9555 9553 9482
f 2396 9557 9536
f 9557 2400 9555
f 9536 9555 2385
f 9557 9555 9536
f 606 9530 9543
f 9530 2395 9546
f 9543 9546 2398
f 9530 9546 9543
f 2395 9529 9532
f 9529 153 9291
f 9532 9291 2340
f 9529 9291 9532
f 2398 9544 9542
f 9544 2340 9292
f 9542 9292 594
f 9544 9292 9542
f 2395 9532 9546
f 9532 2340 9544
f 9546 9544 2398
f 9532 9544 9546
f 604 9490 9478
f 9490 2387 9492
f 9478 9492 2384
f 9490 9492 9478
f 2387 9489 9491
f 9489 594 9289
f 9491 9289 2339
f 9489 9289 9491
f 2384 9480 9477
f 9480 2339 9288
f 9477 9288 140
f 9480 9288 9477
f 2387 9491 9492
f 9491 2339 9480
f 9492 9480 2384
f 9491 9480 9492
f 606 9543 9554
f 9543 2398 9558
f 9554 9558 2400
f 9543 9558 9554
f 2398 9542 9545
f 9542 594 9489
f 9545 9489 2387
f 9542 9489 9545
f 2400 9556 9553
f 9556 2387 9490
f 9553 9490 604
f 9556 9490 9553
f 2398 9545 9558
f 9545 2387 9556
f 9558 9556 2400
f 9545 9556 9558
f 1 2987 2563
f 2987 759 2989
f 2563 2989 643
f 2987 2989 2563
f 759 2988 2995
f 2988 197 2993
f 2995 2993 761
f 2988 2993 2995
f 643 2994 2564
f 2994 761 2992
f 2564 2992 163
f 2994 2992 2564
f 759 2995 2989
f 2995 761 2994
f 2989 2994 643
f 2995 2994 2989
f 197 2991 3011
f 2991 760 3013
f 3011 3013 767
f 2991 3013 3011
f 760 2990 3005
f 2990 54 3003
f 3005 3003 765
f 2990 3003 3005
f 767 3015 3012
f 3015 765 3004
f 3012 3004 199
f 3015 3004 3012
f 760 3005 3013
f 3005 765 3015
f 3013 3015 767
f 3005 3015 3013
f 163 3006 2566
f 3006 766 3008
f 2566 3008 644
f 3006 3008 2566
f 766 3007 3010
f 3007 199 3001
f 3010 3001 764
f 3007 3001 3010
f 644 3002 2565
f 3002 764 3000
f 2565 3000 43
f 3002 3000 2565
f 766 3010 3008
f 3010 764 3002
f 3008 3002 644
f 3010 3002 3008
f 197 3011 2993
f 3011 767 3014
f 2993 3014 761
f 3011 3014 2993
f 767 3012 3016
f 3012 199 3007
f 3016 3007 766
f 3012 3007 3016
f 761 3009 2992
f 3009 766 3006
f 2992 3006 163
f 3009 3006 2992
f 767 3016 3014
f 3016 766 3009
f 3014 3009 761
f 3016 3009 3014
f 54 2998 3065
f 2998 763 3067
f 3065 3067 783
f 2998 3067 3065
f 763 2999 3075
f 2999 198 3073
f 3075 3073 785
f 2999 3073 3075
f 783 3077 3066
f 3077 785 3074
f 3066 3074 205
f 3077 3074 3066
f 763 3075 3067
f 3075 785 3077
f 3067 3077 783
f 3075 3077 3067
f 198 2997 3039
f 2997 762 3041
f 3039 3041 777
f 2997 3041 3039
f 762 2996 3036
f 2996 17 3034
f 3036 3034 775
f 2996 3034 3036
f 777 3042 3040
f 3042 775 3035
f 3040 3035 203
f 3042 3035 3040
f 762 3036 3041
f 3036 775 3042
f 3041 3042 777
f 3036 3042 3041
f 205 3084 3070
f 3084 787 3087
f 3070 3087 784
f 3084 3087 3070
f 787 3083 3085
f 3083 203 3038
f 3085 3038 776
f 3083 3038 3085
f 784 3071 3069
f 3071 776 3037
f 3069 3037 56
f 3071 3037 3069
f 787 3085 3087
f 3085 776 3071
f 3087 3071 784
f 3085 3071 3087
f 198 3039 3073
f 3039 777 3076
f 3073 3076 785
f 3039 3076 3073
f 777 3040 3086
f 3040 203 3083
f 3086 3083 787
f 3040 3083 3086
f 785 3088 3074
f 3088 787 3084
f 3074 3084 205
f 3088 3084 3074
f 777 3086 3076
f 3086 787 3088
f 3076 3088 785
f 3086 3088 3076
f 43 3043 2569
f 3043 778 3045
f 2569 3045 646
f 3043 3045 2569
f 778 3044 3054
f 3044 204 3051
f 3054 3051 780
f 3044 3051 3054
f 646 3052 2570
f 3052 780 3050
f 2570 3050 164
f 3052 3050 2570
f 778 3054 3045
f 3054 780 3052
f 3045 3052 646
f 3054 3052 3045
f 204 3048 3060
f 3048 779 3063
f 3060 3063 782
f 3048 3063 3060
f 779 3047 3049
f 3047 56 3028
f 3049 3028 773
f 3047 3028 3049
f 782 3061 3059
f 3061 773 3029
f 3059 3029 202
f 3061 3029 3059
f 779 3049 3063
f 3049 773 3061
f 3063 3061 782
f 3049 3061 3063
f 164 3030 2568
f 3030 774 3032
f 2568 3032 645
f 3030 3032 2568
f 774 3031 3033
f 3031 202 3026
f 3033 3026 772
f 3031 3026 3033
f 645 3027 2567
f 3027 772 3025
f 2567 3025 13
f 3027 3025 2567
f 774 3033 3032
f 3033 772 3027
f 3032 3027 645
f 3033 3027 3032
f 204 3060 3051
f 3060 782 3064
f 3051 3064 780
f 3060 3064 3051
f 782 3059 3062
f 3059 202 3031
f 3062 3031 774
f 3059 3031 3062
f 780 3053 3050
f 3053 774 3030
f 3050 3030 164
f 3053 3030 3050
f 782 3062 3064
f 3062 774 3053
f 3064 3053 780
f 3062 3053 3064
f 54 3065 3003
f 3065 783 3068
f 3003 3068 765
f 3065 3068 3003
f 783 3066 3082
f 3066 205 3079
f 3082 3079 786
f 3066 3079 3082
f 765 3080 3004
f 3080 786 3078
f 3004 3078 199
f 3080 3078 3004
f 783 3082 3068
f 3082 786 3080
f 3068 3080 765
f 3082 3080 3068
f 205 3070 3090
f 3070 784 3093
f 3090 3093 788
f 3070 3093 3090
f 784 3069 3072
f 3069 56 3047
f 3072 3047 779
f 3069 3047 3072
f 788 3091 3089
f 3091 779 3048
f 3089 3048 204
f 3091 3048 3089
f 784 3072 3093
f 3072 779 3091
f 3093 3091 788
f 3072 3091 3093
f 199 3055 3001
f 3055 781 3057
f 3001 3057 764
f 3055 3057 3001
f 781 3056 3058
f 3056 204 3044
f 3058 3044 778
f 3056 3044 3058
f 764 3046 3000
f 3046 778 3043
f 3000 3043 43
f 3046 3043 3000
f 781 3058 3057
f 3058 778 3046
f 3057 3046 764
f 3058 3046 3057
f 205 3090 3079
f 3090 788 3094
f 3079 3094 786
f 3090 3094 3079
f 788 3089 3092
f 3089 204 3056
f 3092 3056 781
f 3089 3056 3092
f 786 3081 3078
f 3081 781 3055
f 3078 3055 199
f 3081 3055 3078
f 788 3092 3094
f 3092 781 3081
f 3094 3081 786
f 3092 3081 3094
f 17 3021 3247
f 3021 770 3249
f 3247 3249 829
f 3021 3249 3247
f 770 3022 3255
f 3022 201 3253
f 3255 3253 831
f 3022 3253 3255
f 829 3256 3248
f 3256 831 3254
f 3248 3254 217
f 3256 3254 3248
f 770 3255 3249
f 3255 831 3256
f 3249 3256 829
f 3255 3256 3249
f 201 3024 3282
f 3024 771 3284
f 3282 3284 839
f 3024 3284 3282
f 771 3023 3277
f 3023 55 3275
f 3277 3275 837
f 3023 3275 3277
f 839 3286 3283
f 3286 837 3276
f 3283 3276 219
f 3286 3276 3283
f 771 3277 3284
f 3277 837 3286
f 3284 3286 839
f 3277 3286 3284
f 217 3291 3252
f 3291 841 3293
f 3252 3293 830
f 3291 3293 3252
f 841 3292 3295
f 3292 219 3280
f 3295 3280 838
f 3292 3280 3295
f 830 3281 3251
f 3281 838 3279
f 3251 3279 60
f 3281 3279 3251
f 841 3295 3293
f 3295 838 3281
f 3293 3281 830
f 3295 3281 3293
f 201 3282 3253
f 3282 839 3285
f 3253 3285 831
f 3282 3285 3253
f 839 3283 3296
f 3283 219 3292
f 3296 3292 841
f 3283 3292 3296
f 831 3294 3254
f 3294 841 3291
f 3254 3291 217
f 3294 3291 3254
f 839 3296 3285
f 3296 841 3294
f 3285 3294 831
f 3296 3294 3285
f 55 3019 3138
f 3019 769 3140
f 3138 3140 803
f 3019 3140 3138
f 769 3020 3146
f 3020 200 3144
f 3146 3144 805
f 3020 3144 3146
f 803 3148 3139
f 3148 805 3145
f 3139 3145 211
f 3148 3145 3139
f 769 3146 3140
f 3146 805 3148
f 3140 3148 803
f 3146 3148 3140
f 200 3018 3130
f 3018 768 3132
f 3130 3132 800
f 3018 3132 3130
f 768 3017 3127
f 3017 6 3125
f 3127 3125 798
f 3017 3125 3127
f 800 3133 3131
f 3133 798 3126
f 3131 3126 209
f 3133 3126 3131
f 768 3127 3132
f 3127 798 3133
f 3132 3133 800
f 3127 3133 3132
f 211 3150 3142
f 3150 806 3153
f 3142 3153 804
f 3150 3153 3142
f 806 3149 3151
f 3149 209 3129
f 3151 3129 799
f 3149 3129 3151
f 804 3143 3141
f 3143 799 3128
f 3141 3128 58
f 3143 3128 3141
f 806 3151 3153
f 3151 799 3143
f 3153 3143 804
f 3151 3143 3153
f 200 3130 3144
f 3130 800 3147
f 3144 3147 805
f 3130 3147 3144
f 800 3131 3152
f 3131 209 3149
f 3152 3149 806
f 3131 3149 3152
f 805 3154 3145
f 3154 806 3150
f 3145 3150 211
f 3154 3150 3145
f 800 3152 3147
f 3152 806 3154
f 3147 3154 805
f 3152 3154 3147
f 60 3323 3265
f 3323 848 3325
f 3265 3325 834
f 3323 3325 3265
f 848 3324 3341
f 3324 221 3338
f 3341 3338 851
f 3324 3338 3341
f 834 3339 3266
f 3339 851 3337
f 3266 3337 218
f 3339 3337 3266
f 848 3341 3325
f 3341 851 3339
f 3325 3339 834
f 3341 3339 3325
f 221 3320 3328
f 3320 847 3331
f 3328 3331 849
f 3320 3331 3328
f 847 3319 3321
f 3319 58 3136
f 3321 3136 802
f 3319 3136 3321
f 849 3329 3327
f 3329 802 3137
f 3327 3137 210
f 3329 3137 3327
f 847 3321 3331
f 3321 802 3329
f 3331 3329 849
f 3321 3329 3331
f 218 3268 3262
f 3268 835 3270
f 3262 3270 833
f 3268 3270 3262
f 835 3267 3269
f 3267 210 3135
f 3269 3135 801
f 3267 3135 3269
f 833 3263 3261
f 3263 801 3134
f 3261 3134 18
f 3263 3134 3261
f 835 3269 3270
f 3269 801 3263
f 3270 3263 833
f 3269 3263 3270
f 221 3328 3338
f 3328 849 3342
f 3338 3342 851
f 3328 3342 3338
f 849 3327 3330
f 3327 210 3267
f 3330 3267 835
f 3327 3267 3330
f 851 3340 3337
f 3340 835 3268
f 3337 3268 218
f 3340 3268 3337
f 849 3330 3342
f 3330 835 3340
f 3342 3340 851
f 3330 3340 3342
f 55 3138 3275
f 3138 803 3278
f 3275 3278 837
f 3138 3278 3275
f 803 3139 3289
f 3139 211 3287
f 3289 3287 840
f 3139 3287 3289
f 837 3290 3276
f 3290 840 3288
f 3276 3288 219
f 3290 3288 3276
f 803 3289 3278
f 3289 840 3290
f 3278 3290 837
f 3289 3290 3278
f 211 3142 3332
f 3142 804 3334
f 3332 3334 850
f 3142 3334 3332
f 804 3141 3322
f 3141 58 3319
f 3322 3319 847
f 3141 3319 3322
f 850 3336 3333
f 3336 847 3320
f 3333 3320 221
f 3336 3320 3333
f 804 3322 3334
f 3322 847 3336
f 3334 3336 850
f 3322 3336 3334
f 219 3343 3280
f 3343 852 3345
f 3280 3345 838
f 3343 3345 3280
f 852 3344 3347
f 3344 221 3324
f 3347 3324 848
f 3344 3324 3347
f 838 3326 3279
f 3326 848 3323
f 3279 3323 60
f 3326 3323 3279
f 852 3347 3345
f 3347 848 3326
f 3345 3326 838
f 3347 3326 3345
f 211 3332 3287
f 3332 850 3335
f 3287 3335 840
f 3332 3335 3287
f 850 3333 3348
f 3333 221 3344
f 3348 3344 852
f 3333 3344 3348
f 840 3346 3288
f 3346 852 3343
f 3288 3343 219
f 3346 3343 3288
f 850 3348 3335
f 3348 852 3346
f 3335 3346 840
f 3348 3346 3335
f 13 3155 2575
f 3155 807 3157
f 2575 3157 649
f 3155 3157 2575
f 807 3156 3164
f 3156 212 3162
f 3164 3162 809
f 3156 3162 3164
f 649 3163 2576
f 3163 809 3161
f 2576 3161 166
f 3163 3161 2576
f 807 3164 3157
f 3164 809 3163
f 3157 3163 649
f 3164 3163 3157
f 212 3160 3194
f 3160 808 3196
f 3194 3196 818
f 3160 3196 3194
f 808 3159 3184
f 3159 59 3182
f 3184 3182 815
f 3159 3182 3184
f 818 3198 3195
f 3198 815 3183
f 3195 3183 214
f 3198 3183 3195
f 808 3184 3196
f 3184 815 3198
f 3196 3198 818
f 3184 3198 3196
f 166 3185 2578
f 3185 816 3187
f 2578 3187 650
f 3185 3187 2578
f 816 3186 3189
f 3186 214 3179
f 3189 3179 814
f 3186 3179 3189
f 650 3180 2577
f 3180 814 3178
f 2577 3178 44
f 3180 3178 2577
f 816 3189 3187
f 3189 814 3180
f 3187 3180 650
f 3189 3180 3187
f 212 3194 3162
f 3194 818 3197
f 3162 3197 809
f 3194 3197 3162
f 818 3195 3199
f 3195 214 3186
f 3199 3186 816
f 3195 3186 3199
f 809 3188 3161
f 3188 816 3185
f 3161 3185 166
f 3188 3185 3161
f 818 3199 3197
f 3199 816 3188
f 3197 3188 809
f 3199 3188 3197
f 59 3172 3221
f 3172 812 3223
f 3221 3223 824
f 3172 3223 3221
f 812 3173 3237
f 3173 213 3235
f 3237 3235 827
f 3173 3235 3237
f 824 3239 3222
f 3239 827 3236
f 3222 3236 216
f 3239 3236 3222
f 812 3237 3223
f 3237 827 3239
f 3223 3239 824
f 3237 3239 3223
f 213 3170 3175
f 3170 811 3177
f 3175 3177 813
f 3170 3177 3175
f 811 3169 3171
f 3169 18 3104
f 3171 3104 792
f 3169 3104 3171
f 813 3176 3174
f 3176 792 3105
f 3174 3105 207
f 3176 3105 3174
f 811 3171 3177
f 3171 792 3176
f 3177 3176 813
f 3171 3176 3177
f 216 3226 3218
f 3226 825 3229
f 3218 3229 823
f 3226 3229 3218
f 825 3225 3227
f 3225 207 3107
f 3227 3107 793
f 3225 3107 3227
f 823 3219 3217
f 3219 793 3106
f 3217 3106 57
f 3219 3106 3217
f 825 3227 3229
f 3227 793 3219
f 3229 3219 823
f 3227 3219 3229
f 213 3175 3235
f 3175 813 3238
f 3235 3238 827
f 3175 3238 3235
f 813 3174 3228
f 3174 207 3225
f 3228 3225 825
f 3174 3225 3228
f 827 3240 3236
f 3240 825 3226
f 3236 3226 216
f 3240 3226 3236
f 813 3228 3238
f 3228 825 3240
f 3238 3240 827
f 3228 3240 3238
f 44 3108 2573
f 3108 794 3110
f 2573 3110 648
f 3108 3110 2573
f 794 3109 3118
f 3109 208 3115
f 3118 3115 796
f 3109 3115 3118
f 648 3116 2574
f 3116 796 3114
f 2574 3114 165
f 3116 3114 2574
f 794 3118 3110
f 3118 796 3116
f 3110 3116 648
f 3118 3116 3110
f 208 3112 3120
f 3112 795 3123
f 3120 3123 797
f 3112 3123 3120
f 795 3111 3113
f 3111 57 3098
f 3113 3098 790
f 3111 3098 3113
f 797 3121 3119
f 3121 790 3099
f 3119 3099 206
f 3121 3099 3119
f 795 3113 3123
f 3113 790 3121
f 3123 3121 797
f 3113 3121 3123
f 165 3100 2572
f 3100 791 3102
f 2572 3102 647
f 3100 3102 2572
f 791 3101 3103
f 3101 206 3096
f 3103 3096 789
f 3101 3096 3103
f 647 3097 2571
f 3097 789 3095
f 2571 3095 2
f 3097 3095 2571
f 791 3103 3102
f 3103 789 3097
f 3102 3097 647
f 3103 3097 3102
f 208 3120 3115
f 3120 797 3124
f 3115 3124 796
f 3120 3124 3115
f 797 3119 3122
f 3119 206 3101
f 3122 3101 791
f 3119 3101 3122
f 796 3117 3114
f 3117 791 3100
f 3114 3100 165
f 3117 3100 3114
f 797 3122 3124
f 3122 791 3117
f 3124 3117 796
f 3122 3117 3124
f 59 3221 3182
f 3221 824 3224
f 3182 3224 815
f 3221 3224 3182
f 824 3222 3245
f 3222 216 3242
f 3245 3242 828
f 3222 3242 3245
f 815 3243 3183
f 3243 828 3241
f 3183 3241 214
f 3243 3241 3183
f 824 3245 3224
f 3245 828 3243
f 3224 3243 815
f 3245 3243 3224
f 216 3218 3231
f 3218 823 3234
f 3231 3234 826
f 3218 3234 3231
f 823 3217 3220
f 3217 57 3111
f 3220 3111 795
f 3217 3111 3220
f 826 3232 3230
f 3232 795 3112
f 3230 3112 208
f 3232 3112 3230
f 823 3220 3234
f 3220 795 3232
f 3234 3232 826
f 3220 3232 3234
f 214 3191 3179
f 3191 817 3193
f 3179 3193 814
f 3191 3193 3179
f 817 3190 3192
f 3190 208 3109
f 3192 3109 794
f 3190 3109 3192
f 814 3181 3178
f 3181 794 3108
f 3178 3108 44
f 3181 3108 3178
f 817 3192 3193
f 3192 794 3181
f 3193 3181 814
f 3192 3181 3193
f 216 3231 3242
f 3231 826 3246
f 3242 3246 828
f 3231 3246 3242
f 826 3230 3233
f 3230 208 3190
f 3233 3190 817
f 3230 3190 3233
f 828 3244 3241
f 3244 817 3191
f 3241 3191 214
f 3244 3191 3241
f 826 3233 3246
f 3233 817 3244
f 3246 3244 828
f 3233 3244 3246
f 17 3247 3034
f 3247 829 3250
f 3034 3250 775
f 3247 3250 3034
f 829 3248 3260
f 3248 217 3258
f 3260 3258 832
f 3248 3258 3260
f 775 3259 3035
f 3259 832 3257
f 3035 3257 203
f 3259 3257 3035
f 829 3260 3250
f 3260 832 3259
f 3250 3259 775
f 3260 3259 3250
f 217 3252 3313
f 3252 830 3315
f 3313 3315 846
f 3252 3315 3313
f 830 3251 3303
f 3251 60 3301
f 3303 3301 843
f 3251 3301 3303
f 846 3317 3314
f 3317 843 3302
f 3314 3302 220
f 3317 3302 3314
f 830 3303 3315
f 3303 843 3317
f 3315 3317 846
f 3303 3317 3315
f 203 3304 3038
f 3304 844 3306
f 3038 3306 776
f 3304 3306 3038
f 844 3305 3308
f 3305 220 3298
f 3308 3298 842
f 3305 3298 3308
f 776 3299 3037
f 3299 842 3297
f 3037 3297 56
f 3299 3297 3037
f 844 3308 3306
f 3308 842 3299
f 3306 3299 776
f 3308 3299 3306
f 217 3313 3258
f 3313 846 3316
f 3258 3316 832
f 3313 3316 3258
f 846 3314 3318
f 3314 220 3305
f 3318 3305 844
f 3314 3305 3318
f 832 3307 3257
f 3307 844 3304
f 3257 3304 203
f 3307 3304 3257
f 846 3318 3316
f 3318 844 3307
f 3316 3307 832
f 3318 3307 3316
f 60 3265 3353
f 3265 834 3355
f 3353 3355 854
f 3265 3355 3353
f 834 3266 3369
f 3266 218 3367
f 3369 3367 857
f 3266 3367 3369
f 854 3371 3354
f 3371 857 3368
f 3354 3368 222
f 3371 3368 3354
f 834 3369 3355
f 3369 857 3371
f 3355 3371 854
f 3369 3371 3355
f 218 3262 3272
f 3262 833 3274
f 3272 3274 836
f 3262 3274 3272
f 833 3261 3264
f 3261 18 3169
f 3264 3169 811
f 3261 3169 3264
f 836 3273 3271
f 3273 811 3170
f 3271 3170 213
f 3273 3170 3271
f 833 3264 3274
f 3264 811 3273
f 3274 3273 836
f 3264 3273 3274
f 222 3358 3350
f 3358 855 3361
f 3350 3361 853
f 3358 3361 3350
f 855 3357 3359
f 3357 213 3173
f 3359 3173 812
f 3357 3173 3359
f 853 3351 3349
f 3351 812 3172
f 3349 3172 59
f 3351 3172 3349
f 855 3359 3361
f 3359 812 3351
f 3361 3351 853
f 3359 3351 3361
f 218 3272 3367
f 3272 836 3370
f 3367 3370 857
f 3272 3370 3367
f 836 3271 3360
f 3271 213 3357
f 3360 3357 855
f 3271 3357 3360
f 857 3372 3368
f 3372 855 3358
f 3368 3358 222
f 3372 3358 3368
f 836 3360 3370
f 3360 855 3372
f 3370 3372 857
f 3360 3372 3370
f 56 3200 3028
f 3200 819 3202
f 3028 3202 773
f 3200 3202 3028
f 819 3201 3210
f 3201 215 3207
f 3210 3207 821
f 3201 3207 3210
f 773 3208 3029
f 3208 821 3206
f 3029 3206 202
f 3208 3206 3029
f 819 3210 3202
f 3210 821 3208
f 3202 3208 773
f 3210 3208 3202
f 215 3204 3212
f 3204 820 3215
f 3212 3215 822
f 3204 3215 3212
f 820 3203 3205
f 3203 59 3159
f 3205 3159 808
f 3203 3159 3205
f 822 3213 3211
f 3213 808 3160
f 3211 3160 212
f 3213 3160 3211
f 820 3205 3215
f 3205 808 3213
f 3215 3213 822
f 3205 3213 3215
f 202 3165 3026
f 3165 810 3167
f 3026 3167 772
f 3165 3167 3026
f 810 3166 3168
f 3166 212 3156
f 3168 3156 807
f 3166 3156 3168
f 772 3158 3025
f 3158 807 3155
f 3025 3155 13
f 3158 3155 3025
f 810 3168 3167
f 3168 807 3158
f 3167 3158 772
f 3168 3158 3167
f 215 3212 3207
f 3212 822 3216
f 3207 3216 821
f 3212 3216 3207
f 822 3211 3214
f 3211 212 3166
f 3214 3166 810
f 3211 3166 3214
f 821 3209 3206
f 3209 810 3165
f 3206 3165 202
f 3209 3165 3206
f 822 3214 3216
f 3214 810 3209
f 3216 3209 821
f 3214 3209 3216
f 60 3353 3301
f 3353 854 3356
f 3301 3356 843
f 3353 3356 3301
f 854 3354 3377
f 3354 222 3374
f 3377 3374 858
f 3354 3374 3377
f 843 3375 3302
f 3375 858 3373
f 3302 3373 220
f 3375 3373 3302
f 854 3377 3356
f 3377 858 3375
f 3356 3375 843
f 3377 3375 3356
f 222 3350 3363
f 3350 853 3366
f 3363 3366 856
f 3350 3366 3363
f 853 3349 3352
f 3349 59 3203
f 3352 3203 820
f 3349 3203 3352
f 856 3364 3362
f 3364 820 3204
f 3362 3204 215
f 3364 3204 3362
f 853 3352 3366
f 3352 820 3364
f 3366 3364 856
f 3352 3364 3366
f 220 3310 3298
f 3310 845 3312
f 3298 3312 842
f 3310 3312 3298
f 845 3309 3311
f 3309 215 3201
f 3311 3201 819
f 3309 3201 3311
f 842 3300 3297
f 3300 819 3200
f 3297 3200 56
f 3300 3200 3297
f 845 3311 3312
f 3311 819 3300
f 3312 3300 842
f 3311 3300 3312
f 222 3363 3374
f 3363 856 3378
f 3374 3378 858
f 3363 3378 3374
f 856 3362 3365
f 3362 215 3309
f 3365 3309 845
f 3362 3309 3365
f 858 3376 3373
f 3376 845 3310
f 3373 3310 220
f 3376 3310 3373
f 856 3365 3378
f 3365 845 3376
f 3378 3376 858
f 3365 3376 3378
f 1 2563 3787
f 2563 643 3789
f 3787 3789 967
f 2563 3789 3787
f 643 2564 3794
f 2564 163 3792
f 3794 3792 969
f 2564 3792 3794
f 967 3795 3788
f 3795 969 3793
f 3788 3793 253
f 3795 3793 3788
f 643 3794 3789
f 3794 969 3795
f 3789 3795 967
f 3794 3795 3789
f 163 2566 3806
f 2566 644 3808
f 3806 3808 974
f 2566 3808 3806
f 644 2565 3802
f 2565 43 3800
f 3802 3800 972
f 2565 3800 3802
f 974 3810 3807
f 3810 972 3801
f 3807 3801 255
f 3810 3801 3807
f 644 3802 3808
f 3802 972 3810
f 3808 3810 974
f 3802 3810 3808
f 253 3811 3791
f 3811 975 3813
f 3791 3813 968
f 3811 3813 3791
f 975 3812 3815
f 3812 255 3804
f 3815 3804 973
f 3812 3804 3815
f 968 3805 3790
f 3805 973 3803
f 3790 3803 70
f 3805 3803 3790
f 975 3815 3813
f 3815 973 3805
f 3813 3805 968
f 3815 3805 3813
f 163 3806 3792
f 3806 974 3809
f 3792 3809 969
f 3806 3809 3792
f 974 3807 3816
f 3807 255 3812
f 3816 3812 975
f 3807 3812 3816
f 969 3814 3793
f 3814 975 3811
f 3793 3811 253
f 3814 3811 3793
f 974 3816 3809
f 3816 975 3814
f 3809 3814 969
f 3816 3814 3809
f 43 2569 3843
f 2569 646 3845
f 3843 3845 986
f 2569 3845 3843
f 646 2570 3852
f 2570 164 3850
f 3852 3850 988
f 2570 3850 3852
f 986 3854 3844
f 3854 988 3851
f 3844 3851 260
f 3854 3851 3844
f 646 3852 3845
f 3852 988 3854
f 3845 3854 986
f 3852 3854 3845
f 164 2568 3830
f 2568 645 3832
f 3830 3832 982
f 2568 3832 3830
f 645 2567 3827
f 2567 13 3825
f 3827 3825 980
f 2567 3825 3827
f 982 3833 3831
f 3833 980 3826
f 3831 3826 258
f 3833 3826 3831
f 645 3827 3832
f 3827 980 3833
f 3832 3833 982
f 3827 3833 3832
f 260 3860 3848
f 3860 990 3863
f 3848 3863 987
f 3860 3863 3848
f 990 3859 3861
f 3859 258 3829
f 3861 3829 981
f 3859 3829 3861
f 987 3849 3847
f 3849 981 3828
f 3847 3828 72
f 3849 3828 3847
f 990 3861 3863
f 3861 981 3849
f 3863 3849 987
f 3861 3849 3863
f 164 3830 3850
f 3830 982 3853
f 3850 3853 988
f 3830 3853 3850
f 982 3831 3862
f 3831 258 3859
f 3862 3859 990
f 3831 3859 3862
f 988 3864 3851
f 3864 990 3860
f 3851 3860 260
f 3864 3860 3851
f 982 3862 3853
f 3862 990 3864
f 3853 3864 988
f 3862 3864 3853
f 70 3865 3798
f 3865 991 3867
f 3798 3867 971
f 3865 3867 3798
f 991 3866 3877
f 3866 261 3874
f 3877 3874 993
f 3866 3874 3877
f 971 3875 3799
f 3875 993 3873
f 3799 3873 254
f 3875 3873 3799
f 991 3877 3867
f 3877 993 3875
f 3867 3875 971
f 3877 3875 3867
f 261 3870 3884
f 3870 992 3887
f 3884 3887 995
f 3870 3887 3884
f 992 3869 3871
f 3869 72 3837
f 3871 3837 984
f 3869 3837 3871
f 995 3885 3883
f 3885 984 3838
f 3883 3838 259
f 3885 3838 3883
f 992 3871 3887
f 3871 984 3885
f 3887 3885 995
f 3871 3885 3887
f 254 3839 3797
f 3839 985 3841
f 3797 3841 970
f 3839 3841 3797
f 985 3840 3842
f 3840 259 3835
f 3842 3835 983
f 3840 3835 3842
f 970 3836 3796
f 3836 983 3834
f 3796 3834 22
f 3836 3834 3796
f 985 3842 3841
f 3842 983 3836
f 3841 3836 970
f 3842 3836 3841
f 261 3884 3874
f 3884 995 3888
f 3874 3888 993
f 3884 3888 3874
f 995 3883 3886
f 3883 259 3840
f 3886 3840 985
f 3883 3840 3886
f 993 3876 3873
f 3876 985 3839
f 3873 3839 254
f 3876 3839 3873
f 995 3886 3888
f 3886 985 3876
f 3888 3876 993
f 3886 3876 3888
f 43 3843 3800
f 3843 986 3846
f 3800 3846 972
f 3843 3846 3800
f 986 3844 3858
f 3844 260 3856
f 3858 3856 989
f 3844 3856 3858
f 972 3857 3801
f 3857 989 3855
f 3801 3855 255
f 3857 3855 3801
f 986 3858 3846
f 3858 989 3857
f 3846 3857 972
f 3858 3857 3846
f 260 3848 3889
f 3848 987 3891
f 3889 3891 996
f 3848 3891 3889
f 987 3847 3872
f 3847 72 3869
f 3872 3869 992
f 3847 3869 3872
f 996 3893 3890
f 3893 992 3870
f 3890 3870 261
f 3893 3870 3890
f 987 3872 3891
f 3872 992 3893
f 3891 3893 996
f 3872 3893 3891
f 255 3878 3804
f 3878 994 3880
f 3804 3880 973
f 3878 3880 3804
f 994 3879 3882
f 3879 261 3866
f 3882 3866 991
f 3879 3866 3882
f 973 3868 3803
f 3868 991 3865
f 3803 3865 70
f 3868 3865 3803
f 994 3882 3880
f 3882 991 3868
f 3880 3868 973
f 3882 3868 3880
f 260 3889 3856
f 3889 996 3892
f 3856 3892 989
f 3889 3892 3856
f 996 3890 3894
f 3890 261 3879
f 3894 3879 994
f 3890 3879 3894
f 989 3881 3855
f 3881 994 3878
f 3855 3878 255
f 3881 3878 3855
f 996 3894 3892
f 3894 994 3881
f 3892 3881 989
f 3894 3881 3892
f 13 2575 3955
f 2575 649 3957
f 3955 3957 1015
f 2575 3957 3955
f 649 2576 3963
f 2576 166 3961
f 3963 3961 1017
f 2576 3961 3963
f 1015 3964 3956
f 3964 1017 3962
f 3956 3962 268
f 3964 3962 3956
f 649 3963 3957
f 3963 1017 3964
f 3957 3964 1015
f 3963 3964 3957
f 166 2578 3985
f 2578 650 3987
f 3985 3987 1024
f 2578 3987 3985
f 650 2577 3980
f 2577 44 3978
f 3980 3978 1022
f 2577 3978 3980
f 1024 3989 3986
f 3989 1022 3979
f 3986 3979 270
f 3989 3979 3986
f 650 3980 3987
f 3980 1022 3989
f 3987 3989 1024
f 3980 3989 3987
f 268 3994 3960
f 3994 1026 3996
f 3960 3996 1016
f 3994 3996 3960
f 1026 3995 3998
f 3995 270 3983
f 3998 3983 1023
f 3995 3983 3998
f 1016 3984 3959
f 3984 1023 3982
f 3959 3982 75
f 3984 3982 3959
f 1026 3998 3996
f 3998 1023 3984
f 3996 3984 1016
f 3998 3984 3996
f 166 3985 3961
f 3985 1024 3988
f 3961 3988 1017
f 3985 3988 3961
f 1024 3986 3999
f 3986 270 3995
f 3999 3995 1026
f 3986 3995 3999
f 1017 3997 3962
f 3997 1026 3994
f 3962 3994 268
f 3997 3994 3962
f 1024 3999 3988
f 3999 1026 3997
f 3988 3997 1017
f 3999 3997 3988
f 44 2573 3908
f 2573 648 3910
f 3908 3910 1002
f 2573 3910 3908
f 648 2574 3916
f 2574 165 3914
f 3916 3914 1004
f 2574 3914 3916
f 1002 3918 3909
f 3918 1004 3915
f 3909 3915 264
f 3918 3915 3909
f 648 3916 3910
f 3916 1004 3918
f 3910 3918 1002
f 3916 3918 3910
f 165 2572 3900
f 2572 647 3902
f 3900 3902 999
f 2572 3902 3900
f 647 2571 3897
f 2571 2 3895
f 3897 3895 997
f 2571 3895 3897
f 999 3903 3901
f 3903 997 3896
f 3901 3896 262
f 3903 3896 3901
f 647 3897 3902
f 3897 997 3903
f 3902 3903 999
f 3897 3903 3902
f 264 3920 3912
f 3920 1005 3923
f 3912 3923 1003
f 3920 3923 3912
f 1005 3919 3921
f 3919 262 3899
f 3921 3899 998
f 3919 3899 3921
f 1003 3913 3911
f 3913 998 3898
f 3911 3898 73
f 3913 3898 3911
f 1005 3921 3923
f 3921 998 3913
f 3923 3913 1003
f 3921 3913 3923
f 165 3900 3914
f 3900 999 3917
f 3914 3917 1004
f 3900 3917 3914
f 999 3901 3922
f 3901 262 3919
f 3922 3919 1005
f 3901 3919 3922
f 1004 3924 3915
f 3924 1005 3920
f 3915 3920 264
f 3924 3920 3915
f 999 3922 3917
f 3922 1005 3924
f 3917 3924 1004
f 3922 3924 3917
f 75 4021 3972
f 4021 1032 4023
f 3972 4023 1020
f 4021 4023 3972
f 1032 4022 4039
f 4022 272 4036
f 4039 4036 1035
f 4022 4036 4039
f 1020 4037 3973
f 4037 1035 4035
f 3973 4035 269
f 4037 4035 3973
f 1032 4039 4023
f 4039 1035 4037
f 4023 4037 1020
f 4039 4037 4023
f 272 4018 4026
f 4018 1031 4029
f 4026 4029 1033
f 4018 4029 4026
f 1031 4017 4019
f 4017 73 3906
f 4019 3906 1001
f 4017 3906 4019
f 1033 4027 4025
f 4027 1001 3907
f 4025 3907 263
f 4027 3907 4025
f 1031 4019 4029
f 4019 1001 4027
f 4029 4027 1033
f 4019 4027 4029
f 269 3975 3970
f 3975 1021 3977
f 3970 3977 1019
f 3975 3977 3970
f 1021 3974 3976
f 3974 263 3905
f 3976 3905 1000
f 3974 3905 3976
f 1019 3971 3969
f 3971 1000 3904
f 3969 3904 23
f 3971 3904 3969
f 1021 3976 3977
f 3976 1000 3971
f 3977 3971 1019
f 3976 3971 3977
f 272 4026 4036
f 4026 1033 4040
f 4036 4040 1035
f 4026 4040 4036
f 1033 4025 4028
f 4025 263 3974
f 4028 3974 1021
f 4025 3974 4028
f 1035 4038 4035
f 4038 1021 3975
f 4035 3975 269
f 4038 3975 4035
f 1033 4028 4040
f 4028 1021 4038
f 4040 4038 1035
f 4028 4038 4040
f 44 3908 3978
f 3908 1002 3981
f 3978 3981 1022
f 3908 3981 3978
f 1002 3909 3992
f 3909 264 3990
f 3992 3990 1025
f 3909 3990 3992
f 1022 3993 3979
f 3993 1025 3991
f 3979 3991 270
f 3993 3991 3979
f 1002 3992 3981
f 3992 1025 3993
f 3981 3993 1022
f 3992 3993 3981
f 264 3912 4030
f 3912 1003 4032
f 4030 4032 1034
f 3912 4032 4030
f 1003 3911 4020
f 3911 73 4017
f 4020 4017 1031
f 3911 4017 4020
f 1034 4034 4031
f 4034 1031 4018
f 4031 4018 272
f 4034 4018 4031
f 1003 4020 4032
f 4020 1031 4034
f 4032 4034 1034
f 4020 4034 4032
f 270 4041 3983
f 4041 1036 4043
f 3983 4043 1023
f 4041 4043 3983
f 1036 4042 4045
f 4042 272 4022
f 4045 4022 1032
f 4042 4022 4045
f 1023 4024 3982
f 4024 1032 4021
f 3982 4021 75
f 4024 4021 3982
f 1036 4045 4043
f 4045 1032 4024
f 4043 4024 1023
f 4045 4024 4043
f 264 4030 3990
f 4030 1034 4033
f 3990 4033 1025
f 4030 4033 3990
f 1034 4031 4046
f 4031 272 4042
f 4046 4042 1036
f 4031 4042 4046
f 1025 4044 3991
f 4044 1036 4041
f 3991 4041 270
f 4044 4041 3991
f 1034 4046 4033
f 4046 1036 4044
f 4033 4044 1025
f 4046 4044 4033
f 22 4047 3821
f 4047 1037 4049
f 3821 4049 978
f 4047 4049 3821
f 1037 4048 4056
f 4048 273 4054
f 4056 4054 1039
f 4048 4054 4056
f 978 4055 3822
f 4055 1039 4053
f 3822 4053 257
f 4055 4053 3822
f 1037 4056 4049
f 4056 1039 4055
f 4049 4055 978
f 4056 4055 4049
f 273 4052 4091
f 4052 1038 4093
f 4091 4093 1049
f 4052 4093 4091
f 1038 4051 4081
f 4051 76 4079
f 4081 4079 1046
f 4051 4079 4081
f 1049 4095 4092
f 4095 1046 4080
f 4092 4080 275
f 4095 4080 4092
f 1038 4081 4093
f 4081 1046 4095
f 4093 4095 1049
f 4081 4095 4093
f 257 4082 3824
f 4082 1047 4084
f 3824 4084 979
f 4082 4084 3824
f 1047 4083 4086
f 4083 275 4076
f 4086 4076 1045
f 4083 4076 4086
f 979 4077 3823
f 4077 1045 4075
f 3823 4075 71
f 4077 4075 3823
f 1047 4086 4084
f 4086 1045 4077
f 4084 4077 979
f 4086 4077 4084
f 273 4091 4054
f 4091 1049 4094
f 4054 4094 1039
f 4091 4094 4054
f 1049 4092 4096
f 4092 275 4083
f 4096 4083 1047
f 4092 4083 4096
f 1039 4085 4053
f 4085 1047 4082
f 4053 4082 257
f 4085 4082 4053
f 1049 4096 4094
f 4096 1047 4085
f 4094 4085 1039
f 4096 4085 4094
f 76 4065 4123
f 4065 1042 4125
f 4123 4125 1056
f 4065 4125 4123
f 1042 4066 4139
f 4066 274 4137
f 4139 4137 1059
f 4066 4137 4139
f 1056 4141 4124
f 4141 1059 4138
f 4124 4138 277
f 4141 4138 4124
f 1042 4139 4125
f 4139 1059 4141
f 4125 4141 1056
f 4139 4141 4125
f 274 4062 4068
f 4062 1041 4070
f 4068 4070 1043
f 4062 4070 4068
f 1041 4061 4063
f 4061 23 3934
f 4063 3934 1009
f 4061 3934 4063
f 1043 4069 4067
f 4069 1009 3935
f 4067 3935 266
f 4069 3935 4067
f 1041 4063 4070
f 4063 1009 4069
f 4070 4069 1043
f 4063 4069 4070
f 277 4128 4120
f 4128 1057 4131
f 4120 4131 1055
f 4128 4131 4120
f 1057 4127 4129
f 4127 266 3937
f 4129 3937 1010
f 4127 3937 4129
f 1055 4121 4119
f 4121 1010 3936
f 4119 3936 74
f 4121 3936 4119
f 1057 4129 4131
f 4129 1010 4121
f 4131 4121 1055
f 4129 4121 4131
f 274 4068 4137
f 4068 1043 4140
f 4137 4140 1059
f 4068 4140 4137
f 1043 4067 4130
f 4067 266 4127
f 4130 4127 1057
f 4067 4127 4130
f 1059 4142 4138
f 4142 1057 4128
f 4138 4128 277
f 4142 4128 4138
f 1043 4130 4140
f 4130 1057 4142
f 4140 4142 1059
f 4130 4142 4140
f 71 3938 3819
f 3938 1011 3940
f 3819 3940 977
f 3938 3940 3819
f 1011 3939 3948
f 3939 267 3945
f 3948 3945 1013
f 3939 3945 3948
f 977 3946 3820
f 3946 1013 3944
f 3820 3944 256
f 3946 3944 3820
f 1011 3948 3940
f 3948 1013 3946
f 3940 3946 977
f 3948 3946 3940
f 267 3942 3950
f 3942 1012 3953
f 3950 3953 1014
f 3942 3953 3950
f 1012 3941 3943
f 3941 74 3928
f 3943 3928 1007
f 3941 3928 3943
f 1014 3951 3949
f 3951 1007 3929
f 3949 3929 265
f 3951 3929 3949
f 1012 3943 3953
f 3943 1007 3951
f 3953 3951 1014
f 3943 3951 3953
f 256 3930 3818
f 3930 1008 3932
f 3818 3932 976
f 3930 3932 3818
f 1008 3931 3933
f 3931 265 3926
f 3933 3926 1006
f 3931 3926 3933
f 976 3927 3817
f 3927 1006 3925
f 3817 3925 8
f 3927 3925 3817
f 1008 3933 3932
f 3933 1006 3927
f 3932 3927 976
f 3933 3927 3932
f 267 3950 3945
f 3950 1014 3954
f 3945 3954 1013
f 3950 3954 3945
f 1014 3949 3952
f 3949 265 3931
f 3952 3931 1008
f 3949 3931 3952
f 1013 3947 3944
f 3947 1008 3930
f 3944 3930 256
f 3947 3930 3944
f 1014 3952 3954
f 3952 1008 3947
f 3954 3947 1013
f 3952 3947 3954
f 76 4123 4079
f 4123 1056 4126
f 4079 4126 1046
f 4123 4126 4079
f 1056 4124 4147
f 4124 277 4144
f 4147 4144 1060
f 4124 4144 4147
f 1046 4145 4080
f 4145 1060 4143
f 4080 4143 275
f 4145 4143 4080
f 1056 4147 4126
f 4147 1060 4145
f 4126 4145 1046
f 4147 4145 4126
f 277 4120 4133
f 4120 1055 4136
f 4133 4136 1058
f 4120 4136 4133
f 1055 4119 4122
f 4119 74 3941
f 4122 3941 1012
f 4119 3941 4122
f 1058 4134 4132
f 4134 1012 3942
f 4132 3942 267
f 4134 3942 4132
f 1055 4122 4136
f 4122 1012 4134
f 4136 4134 1058
f 4122 4134 4136
f 275 4088 4076
f 4088 1048 4090
f 4076 4090 1045
f 4088 4090 4076
f 1048 4087 4089
f 4087 267 3939
f 4089 3939 1011
f 4087 3939 4089
f 1045 4078 4075
f 4078 1011 3938
f 4075 3938 71
f 4078 3938 4075
f 1048 4089 4090
f 4089 1011 4078
f 4090 4078 1045
f 4089 4078 4090
f 277 4133 4144
f 4133 1058 4148
f 4144 4148 1060
f 4133 4148 4144
f 1058 4132 4135
f 4132 267 4087
f 4135 4087 1048
f 4132 4087 4135
f 1060 4146 4143
f 4146 1048 4088
f 4143 4088 275
f 4146 4088 4143
f 1058 4135 4148
f 4135 1048 4146
f 4148 4146 1060
f 4135 4146 4148
f 13 3955 3825
f 3955 1015 3958
f 3825 3958 980
f 3955 3958 3825
f 1015 3956 3968
f 3956 268 3966
f 3968 3966 1018
f 3956 3966 3968
f 980 3967 3826
f 3967 1018 3965
f 3826 3965 258
f 3967 3965 3826
f 1015 3968 3958
f 3968 1018 3967
f 3958 3967 980
f 3968 3967 3958
f 268 3960 4011
f 3960 1016 4013
f 4011 4013 1030
f 3960 4013 4011
f 1016 3959 4005
f 3959 75 4003
f 4005 4003 1028
f 3959 4003 4005
f 1030 4015 4012
f 4015 1028 4004
f 4012 4004 271
f 4015 4004 4012
f 1016 4005 4013
f 4005 1028 4015
f 4013 4015 1030
f 4005 4015 4013
f 258 4006 3829
f 4006 1029 4008
f 3829 4008 981
f 4006 4008 3829
f 1029 4007 4010
f 4007 271 4001
f 4010 4001 1027
f 4007 4001 4010
f 981 4002 3828
f 4002 1027 4000
f 3828 4000 72
f 4002 4000 3828
f 1029 4010 4008
f 4010 1027 4002
f 4008 4002 981
f 4010 4002 4008
f 268 4011 3966
f 4011 1030 4014
f 3966 4014 1018
f 4011 4014 3966
f 1030 4012 4016
f 4012 271 4007
f 4016 4007 1029
f 4012 4007 4016
f 1018 4009 3965
f 4009 1029 4006
f 3965 4006 258
f 4009 4006 3965
f 1030 4016 4014
f 4016 1029 4009
f 4014 4009 1018
f 4016 4009 4014
f 75 3972 4149
f 3972 1020 4151
f 4149 4151 1061
f 3972 4151 4149
f 1020 3973 4159
f 3973 269 4157
f 4159 4157 1063
f 3973 4157 4159
f 1061 4161 4150
f 4161 1063 4158
f 4150 4158 278
f 4161 4158 4150
f 1020 4159 4151
f 4159 1063 4161
f 4151 4161 1061
f 4159 4161 4151
f 269 3970 4071
f 3970 1019 4073
f 4071 4073 1044
f 3970 4073 4071
f 1019 3969 4064
f 3969 23 4061
f 4064 4061 1041
f 3969 4061 4064
f 1044 4074 4072
f 4074 1041 4062
f 4072 4062 274
f 4074 4062 4072
f 1019 4064 4073
f 4064 1041 4074
f 4073 4074 1044
f 4064 4074 4073
f 278 4168 4154
f 4168 1065 4171
f 4154 4171 1062
f 4168 4171 4154
f 1065 4167 4169
f 4167 274 4066
f 4169 4066 1042
f 4167 4066 4169
f 1062 4155 4153
f 4155 1042 4065
f 4153 4065 76
f 4155 4065 4153
f 1065 4169 4171
f 4169 1042 4155
f 4171 4155 1062
f 4169 4155 4171
f 269 4071 4157
f 4071 1044 4160
f 4157 4160 1063
f 4071 4160 4157
f 1044 4072 4170
f 4072 274 4167
f 4170 4167 1065
f 4072 4167 4170
f 1063 4172 4158
f 4172 1065 4168
f 4158 4168 278
f 4172 4168 4158
f 1044 4170 4160
f 4170 1065 4172
f 4160 4172 1063
f 4170 4172 4160
f 72 4097 3837
f 4097 1050 4099
f 3837 4099 984
f 4097 4099 3837
f 1050 4098 4108
f 4098 276 4105
f 4108 4105 1052
f 4098 4105 4108
f 984 4106 3838
f 4106 1052 4104
f 3838 4104 259
f 4106 4104 3838
f 1050 4108 4099
f 4108 1052 4106
f 4099 4106 984
f 4108 4106 4099
f 276 4102 4114
f 4102 1051 4117
f 4114 4117 1054
f 4102 4117 4114
f 1051 4101 4103
f 4101 76 4051
f 4103 4051 1038
f 4101 4051 4103
f 1054 4115 4113
f 4115 1038 4052
f 4113 4052 273
f 4115 4052 4113
f 1051 4103 4117
f 4103 1038 4115
f 4117 4115 1054
f 4103 4115 4117
f 259 4057 3835
f 4057 1040 4059
f 3835 4059 983
f 4057 4059 3835
f 1040 4058 4060
f 4058 273 4048
f 4060 4048 1037
f 4058 4048 4060
f 983 4050 3834
f 4050 1037 4047
f 3834 4047 22
f 4050 4047 3834
f 1040 4060 4059
f 4060 1037 4050
f 4059 4050 983
f 4060 4050 4059
f 276 4114 4105
f 4114 1054 4118
f 4105 4118 1052
f 4114 4118 4105
f 1054 4113 4116
f 4113 273 4058
f 4116 4058 1040
f 4113 4058 4116
f 1052 4107 4104
f 4107 1040 4057
f 4104 4057 259
f 4107 4057 4104
f 1054 4116 4118
f 4116 1040 4107
f 4118 4107 1052
f 4116 4107 4118
f 75 4149 4003
f 4149 1061 4152
f 4003 4152 1028
f 4149 4152 4003
f 1061 4150 4166
f 4150 278 4163
f 4166 4163 1064
f 4150 4163 4166
f 1028 4164 4004
f 4164 1064 4162
f 4004 4162 271
f 4164 4162 4004
f 1061 4166 4152
f 4166 1064 4164
f 4152 4164 1028
f 4166 4164 4152
f 278 4154 4174
f 4154 1062 4177
f 4174 4177 1066
f 4154 4177 4174
f 1062 4153 4156
f 4153 76 4101
f 4156 4101 1051
f 4153 4101 4156
f 1066 4175 4173
f 4175 1051 4102
f 4173 4102 276
f 4175 4102 4173
f 1062 4156 4177
f 4156 1051 4175
f 4177 4175 1066
f 4156 4175 4177
f 271 4109 4001
f 4109 1053 4111
f 4001 4111 1027
f 4109 4111 4001
f 1053 4110 4112
f 4110 276 4098
f 4112 4098 1050
f 4110 4098 4112
f 1027 4100 4000
f 4100 1050 4097
f 4000 4097 72
f 4100 4097 4000
f 1053 4112 4111
f 4112 1050 4100
f 4111 4100 1027
f 4112 4100 4111
f 278 4174 4163
f 4174 1066 4178
f 4163 4178 1064
f 4174 4178 4163
f 1066 4173 4176
f 4173 276 4110
f 4176 4110 1053
f 4173 4110 4176
f 1064 4165 4162
f 4165 1053 4109
f 4162 4109 271
f 4165 4109 4162
f 1066 4176 4178
f 4176 1053 4165
f 4178 4165 1064
f 4176 4165 4178
f 1 3787 7219
f 3787 967 7221
f 7219 7221 1819
f 3787 7221 7219
f 967 3788 7226
f 3788 253 7224
f 7226 7224 1821
f 3788 7224 7226
f 1819 7227 7220
f 7227 1821 7225
f 7220 7225 463
f 7227 7225 7220
f 967 7226 7221
f 7226 1821 7227
f 7221 7227 1819
f 7226 7227 7221
f 253 3791 7238
f 3791 968 7240
f 7238 7240 1826
f 3791 7240 7238
f 968 3790 7234
f 3790 70 7232
f 7234 7232 1824
f 3790 7232 7234
f 1826 7242 7239
f 7242 1824 7233
f 7239 7233 465
f 7242 7233 7239
f 968 7234 7240
f 7234 1824 7242
f 7240 7242 1826
f 7234 7242 7240
f 463 7243 7223
f 7243 1827 7245
f 7223 7245 1820
f 7243 7245 7223
f 1827 7244 7247
f 7244 465 7236
f 7247 7236 1825
f 7244 7236 7247
f 1820 7237 7222
f 7237 1825 7235
f 7222 7235 121
f 7237 7235 7222
f 1827 7247 7245
f 7247 1825 7237
f 7245 7237 1820
f 7247 7237 7245
f 253 7238 7224
f 7238 1826 7241
f 7224 7241 1821
f 7238 7241 7224
f 1826 7239 7248
f 7239 465 7244
f 7248 7244 1827
f 7239 7244 7248
f 1821 7246 7225
f 7246 1827 7243
f 7225 7243 463
f 7246 7243 7225
f 1826 7248 7241
f 7248 1827 7246
f 7241 7246 1821
f 7248 7246 7241
f 70 3798 7275
f 3798 971 7277
f 7275 7277 1838
f 3798 7277 7275
f 971 3799 7284
f 3799 254 7282
f 7284 7282 1840
f 3799 7282 7284
f 1838 7286 7276
f 7286 1840 7283
f 7276 7283 470
f 7286 7283 7276
f 971 7284 7277
f 7284 1840 7286
f 7277 7286 1838
f 7284 7286 7277
f 254 3797 7262
f 3797 970 7264
f 7262 7264 1834
f 3797 7264 7262
f 970 3796 7259
f 3796 22 7257
f 7259 7257 1832
f 3796 7257 7259
f 1834 7265 7263
f 7265 1832 7258
f 7263 7258 468
f 7265 7258 7263
f 970 7259 7264
f 7259 1832 7265
f 7264 7265 1834
f 7259 7265 7264
f 470 7292 7280
f 7292 1842 7295
f 7280 7295 1839
f 7292 7295 7280
f 1842 7291 7293
f 7291 468 7261
f 7293 7261 1833
f 7291 7261 7293
f 1839 7281 7279
f 7281 1833 7260
f 7279 7260 123
f 7281 7260 7279
f 1842 7293 7295
f 7293 1833 7281
f 7295 7281 1839
f 7293 7281 7295
f 254 7262 7282
f 7262 1834 7285
f 7282 7285 1840
f 7262 7285 7282
f 1834 7263 7294
f 7263 468 7291
f 7294 7291 1842
f 7263 7291 7294
f 1840 7296 7283
f 7296 1842 7292
f 7283 7292 470
f 7296 7292 7283
f 1834 7294 7285
f 7294 1842 7296
f 7285 7296 1840
f 7294 7296 7285
f 121 7297 7230
f 7297 1843 7299
f 7230 7299 1823
f 7297 7299 7230
f 1843 7298 7309
f 7298 471 7306
f 7309 7306 1845
f 7298 7306 7309
f 1823 7307 7231
f 7307 1845 7305
f 7231 7305 464
f 7307 7305 7231
f 1843 7309 7299
f 7309 1845 7307
f 7299 7307 1823
f 7309 7307 7299
f 471 7302 7316
f 7302 1844 7319
f 7316 7319 1847
f 7302 7319 7316
f 1844 7301 7303
f 7301 123 7269
f 7303 7269 1836
f 7301 7269 7303
f 1847 7317 7315
f 7317 1836 7270
f 7315 7270 469
f 7317 7270 7315
f 1844 7303 7319
f 7303 1836 7317
f 7319 7317 1847
f 7303 7317 7319
f 464 7271 7229
f 7271 1837 7273
f 7229 7273 1822
f 7271 7273 7229
f 1837 7272 7274
f 7272 469 7267
f 7274 7267 1835
f 7272 7267 7274
f 1822 7268 7228
f 7268 1835 7266
f 7228 7266 34
f 7268 7266 7228
f 1837 7274 7273
f 7274 1835 7268
f 7273 7268 1822
f 7274 7268 7273
f 471 7316 7306
f 7316 1847 7320
f 7306 7320 1845
f 7316 7320 7306
f 1847 7315 7318
f 7315 469 7272
f 7318 7272 1837
f 7315 7272 7318
f 1845 7308 7305
f 7308 1837 7271
f 7305 7271 464
f 7308 7271 7305
f 1847 7318 7320
f 7318 1837 7308
f 7320 7308 1845
f 7318 7308 7320
f 70 7275 7232
f 7275 1838 7278
f 7232 7278 1824
f 7275 7278 7232
f 1838 7276 7290
f 7276 470 7288
f 7290 7288 1841
f 7276 7288 7290
f 1824 7289 7233
f 7289 1841 7287
f 7233 7287 465
f 7289 7287 7233
f 1838 7290 7278
f 7290 1841 7289
f 7278 7289 1824
f 7290 7289 7278
f 470 7280 7321
f 7280 1839 7323
f 7321 7323 1848
f 7280 7323 7321
f 1839 7279 7304
f 7279 123 7301
f 7304 7301 1844
f 7279 7301 7304
f 1848 7325 7322
f 7325 1844 7302
f 7322 7302 471
f 7325 7302 7322
f 1839 7304 7323
f 7304 1844 7325
f 7323 7325 1848
f 7304 7325 7323
f 465 7310 7236
f 7310 1846 7312
f 7236 7312 1825
f 7310 7312 7236
f 1846 7311 7314
f 7311 471 7298
f 7314 7298 1843
f 7311 7298 7314
f 1825 7300 7235
f 7300 1843 7297
f 7235 7297 121
f 7300 7297 7235
f 1846 7314 7312
f 7314 1843 7300
f 7312 7300 1825
f 7314 7300 7312
f 470 7321 7288
f 7321 1848 7324
f 7288 7324 1841
f 7321 7324 7288
f 1848 7322 7326
f 7322 471 7311
f 7326 7311 1846
f 7322 7311 7326
f 1841 7313 7287
f 7313 1846 7310
f 7287 7310 465
f 7313 7310 7287
f 1848 7326 7324
f 7326 1846 7313
f 7324 7313 1841
f 7326 7313 7324
f 22 3821 7915
f 3821 978 7917
f 7915 7917 1999
f 3821 7917 7915
f 978 3822 7923
f 3822 257 7921
f 7923 7921 2001
f 3822 7921 7923
f 1999 7924 7916
f 7924 2001 7922
f 7916 7922 511
f 7924 7922 7916
f 978 7923 7917
f 7923 2001 7924
f 7917 7924 1999
f 7923 7924 7917
f 257 3824 7945
f 3824 979 7947
f 7945 7947 2008
f 3824 7947 7945
f 979 3823 7940
f 3823 71 7938
f 7940 7938 2006
f 3823 7938 7940
f 2008 7949 7946
f 7949 2006 7939
f 7946 7939 513
f 7949 7939 7946
f 979 7940 7947
f 7940 2006 7949
f 7947 7949 2008
f 7940 7949 7947
f 511 7954 7920
f 7954 2010 7956
f 7920 7956 2000
f 7954 7956 7920
f 2010 7955 7958
f 7955 513 7943
f 7958 7943 2007
f 7955 7943 7958
f 2000 7944 7919
f 7944 2007 7942
f 7919 7942 134
f 7944 7942 7919
f 2010 7958 7956
f 7958 2007 7944
f 7956 7944 2000
f 7958 7944 7956
f 257 7945 7921
f 7945 2008 7948
f 7921 7948 2001
f 7945 7948 7921
f 2008 7946 7959
f 7946 513 7955
f 7959 7955 2010
f 7946 7955 7959
f 2001 7957 7922
f 7957 2010 7954
f 7922 7954 511
f 7957 7954 7922
f 2008 7959 7948
f 7959 2010 7957
f 7948 7957 2001
f 7959 7957 7948
f 71 3819 7829
f 3819 977 7831
f 7829 7831 1977
f 3819 7831 7829
f 977 3820 7837
f 3820 256 7835
f 7837 7835 1979
f 3820 7835 7837
f 1977 7839 7830
f 7839 1979 7836
f 7830 7836 505
f 7839 7836 7830
f 977 7837 7831
f 7837 1979 7839
f 7831 7839 1977
f 7837 7839 7831
f 256 3818 7817
f 3818 976 7819
f 7817 7819 1973
f 3818 7819 7817
f 976 3817 7813
f 3817 8 7811
f 7813 7811 1971
f 3817 7811 7813
f 1973 7820 7818
f 7820 1971 7812
f 7818 7812 503
f 7820 7812 7818
f 976 7813 7819
f 7813 1971 7820
f 7819 7820 1973
f 7813 7820 7819
f 505 7841 7833
f 7841 1980 7844
f 7833 7844 1978
f 7841 7844 7833
f 1980 7840 7842
f 7840 503 7816
f 7842 7816 1972
f 7840 7816 7842
f 1978 7834 7832
f 7834 1972 7815
f 7832 7815 132
f 7834 7815 7832
f 1980 7842 7844
f 7842 1972 7834
f 7844 7834 1978
f 7842 7834 7844
f 256 7817 7835
f 7817 1973 7838
f 7835 7838 1979
f 7817 7838 7835
f 1973 7818 7843
f 7818 503 7840
f 7843 7840 1980
f 7818 7840 7843
f 1979 7845 7836
f 7845 1980 7841
f 7836 7841 505
f 7845 7841 7836
f 1973 7843 7838
f 7843 1980 7845
f 7838 7845 1979
f 7843 7845 7838
f 134 7981 7932
f 7981 2016 7983
f 7932 7983 2004
f 7981 7983 7932
f 2016 7982 7999
f 7982 515 7996
f 7999 7996 2019
f 7982 7996 7999
f 2004 7997 7933
f 7997 2019 7995
f 7933 7995 512
f 7997 7995 7933
f 2016 7999 7983
f 7999 2019 7997
f 7983 7997 2004
f 7999 7997 7983
f 515 7978 7986
f 7978 2015 7989
f 7986 7989 2017
f 7978 7989 7986
f 2015 7977 7979
f 7977 132 7827
f 7979 7827 1976
f 7977 7827 7979
f 2017 7987 7985
f 7987 1976 7828
f 7985 7828 504
f 7987 7828 7985
f 2015 7979 7989
f 7979 1976 7987
f 7989 7987 2017
f 7979 7987 7989
f 512 7935 7930
f 7935 2005 7937
f 7930 7937 2003
f 7935 7937 7930
f 2005 7934 7936
f 7934 504 7826
f 7936 7826 1975
f 7934 7826 7936
f 2003 7931 7929
f 7931 1975 7825
f 7929 7825 37
f 7931 7825 7929
f 2005 7936 7937
f 7936 1975 7931
f 7937 7931 2003
f 7936 7931 7937
f 515 7986 7996
f 7986 2017 8000
f 7996 8000 2019
f 7986 8000 7996
f 2017 7985 7988
f 7985 504 7934
f 7988 7934 2005
f 7985 7934 7988
f 2019 7998 7995
f 7998 2005 7935
f 7995 7935 512
f 7998 7935 7995
f 2017 7988 8000
f 7988 2005 7998
f 8000 7998 2019
f 7988 7998 8000
f 71 7829 7938
f 7829 1977 7941
f 7938 7941 2006
f 7829 7941 7938
f 1977 7830 7952
f 7830 505 7950
f 7952 7950 2009
f 7830 7950 7952
f 2006 7953 7939
f 7953 2009 7951
f 7939 7951 513
f 7953 7951 7939
f 1977 7952 7941
f 7952 2009 7953
f 7941 7953 2006
f 7952 7953 7941
f 505 7833 7990
f 7833 1978 7992
f 7990 7992 2018
f 7833 7992 7990
f 1978 7832 7980
f 7832 132 7977
f 7980 7977 2015
f 7832 7977 7980
f 2018 7994 7991
f 7994 2015 7978
f 7991 7978 515
f 7994 7978 7991
f 1978 7980 7992
f 7980 2015 7994
f 7992 7994 2018
f 7980 7994 7992
f 513 8001 7943
f 8001 2020 8003
f 7943 8003 2007
f 8001 8003 7943
f 2020 8002 8005
f 8002 515 7982
f 8005 7982 2016
f 8002 7982 8005
f 2007 7984 7942
f 7984 2016 7981
f 7942 7981 134
f 7984 7981 7942
f 2020 8005 8003
f 8005 2016 7984
f 8003 7984 2007
f 8005 7984 8003
f 505 7990 7950
f 7990 2018 7993
f 7950 7993 2009
f 7990 7993 7950
f 2018 7991 8006
f 7991 515 8002
f 8006 8002 2020
f 7991 8002 8006
f 2009 8004 7951
f 8004 2020 8001
f 7951 8001 513
f 8004 8001 7951
f 2018 8006 7993
f 8006 2020 8004
f 7993 8004 2009
f 8006 8004 7993
f 34 8099 7253
f 8099 2043 8101
f 7253 8101 1830
f 8099 8101 7253
f 2043 8100 8108
f 8100 521 8106
f 8108 8106 2045
f 8100 8106 8108
f 1830 8107 7254
f 8107 2045 8105
f 7254 8105 467
f 8107 8105 7254
f 2043 8108 8101
f 8108 2045 8107
f 8101 8107 1830
f 8108 8107 8101
f 521 8104 8143
f 8104 2044 8145
f 8143 8145 2055
f 8104 8145 8143
f 2044 8103 8133
f 8103 136 8131
f 8133 8131 2052
f 8103 8131 8133
f 2055 8147 8144
f 8147 2052 8132
f 8144 8132 523
f 8147 8132 8144
f 2044 8133 8145
f 8133 2052 8147
f 8145 8147 2055
f 8133 8147 8145
f 467 8134 7256
f 8134 2053 8136
f 7256 8136 1831
f 8134 8136 7256
f 2053 8135 8138
f 8135 523 8128
f 8138 8128 2051
f 8135 8128 8138
f 1831 8129 7255
f 8129 2051 8127
f 7255 8127 122
f 8129 8127 7255
f 2053 8138 8136
f 8138 2051 8129
f 8136 8129 1831
f 8138 8129 8136
f 521 8143 8106
f 8143 2055 8146
f 8106 8146 2045
f 8143 8146 8106
f 2055 8144 8148
f 8144 523 8135
f 8148 8135 2053
f 8144 8135 8148
f 2045 8137 8105
f 8137 2053 8134
f 8105 8134 467
f 8137 8134 8105
f 2055 8148 8146
f 8148 2053 8137
f 8146 8137 2045
f 8148 8137 8146
f 136 8117 8175
f 8117 2048 8177
f 8175 8177 2062
f 8117 8177 8175
f 2048 8118 8191
f 8118 522 8189
f 8191 8189 2065
f 8118 8189 8191
f 2062 8193 8176
f 8193 2065 8190
f 8176 8190 525
f 8193 8190 8176
f 2048 8191 8177
f 8191 2065 8193
f 8177 8193 2062
f 8191 8193 8177
f 522 8114 8120
f 8114 2047 8122
f 8120 8122 2049
f 8114 8122 8120
f 2047 8113 8115
f 8113 37 7877
f 8115 7877 1989
f 8113 7877 8115
f 2049 8121 8119
f 8121 1989 7878
f 8119 7878 508
f 8121 7878 8119
f 2047 8115 8122
f 8115 1989 8121
f 8122 8121 2049
f 8115 8121 8122
f 525 8180 8172
f 8180 2063 8183
f 8172 8183 2061
f 8180 8183 8172
f 2063 8179 8181
f 8179 508 7880
f 8181 7880 1990
f 8179 7880 8181
f 2061 8173 8171
f 8173 1990 7879
f 8171 7879 133
f 8173 7879 8171
f 2063 8181 8183
f 8181 1990 8173
f 8183 8173 2061
f 8181 8173 8183
f 522 8120 8189
f 8120 2049 8192
f 8189 8192 2065
f 8120 8192 8189
f 2049 8119 8182
f 8119 508 8179
f 8182 8179 2063
f 8119 8179 8182
f 2065 8194 8190
f 8194 2063 8180
f 8190 8180 525
f 8194 8180 8190
f 2049 8182 8192
f 8182 2063 8194
f 8192 8194 2065
f 8182 8194 8192
f 122 7881 7251
f 7881 1991 7883
f 7251 7883 1829
f 7881 7883 7251
f 1991 7882 7891
f 7882 509 7888
f 7891 7888 1993
f 7882 7888 7891
f 1829 7889 7252
f 7889 1993 7887
f 7252 7887 466
f 7889 7887 7252
f 1991 7891 7883
f 7891 1993 7889
f 7883 7889 1829
f 7891 7889 7883
f 509 7885 7893
f 7885 1992 7896
f 7893 7896 1994
f 7885 7896 7893
f 1992 7884 7886
f 7884 133 7867
f 7886 7867 1986
f 7884 7867 7886
f 1994 7894 7892
f 7894 1986 7868
f 7892 7868 507
f 7894 7868 7892
f 1992 7886 7896
f 7886 1986 7894
f 7896 7894 1994
f 7886 7894 7896
f 466 7869 7250
f 7869 1987 7871
f 7250 7871 1828
f 7869 7871 7250
f 1987 7870 7872
f 7870 507 7864
f 7872 7864 1985
f 7870 7864 7872
f 1828 7865 7249
f 7865 1985 7863
f 7249 7863 11
f 7865 7863 7249
f 1987 7872 7871
f 7872 1985 7865
f 7871 7865 1828
f 7872 7865 7871
f 509 7893 7888
f 7893 1994 7897
f 7888 7897 1993
f 7893 7897 7888
f 1994 7892 7895
f 7892 507 7870
f 7895 7870 1987
f 7892 7870 7895
f 1993 7890 7887
f 7890 1987 7869
f 7887 7869 466
f 7890 7869 7887
f 1994 7895 7897
f 7895 1987 7890
f 7897 7890 1993
f 7895 7890 7897
f 136 8175 8131
f 8175 2062 8178
f 8131 8178 2052
f 8175 8178 8131
f 2062 8176 8199
f 8176 525 8196
f 8199 8196 2066
f 8176 8196 8199
f 2052 8197 8132
f 8197 2066 8195
f 8132 8195 523
f 8197 8195 8132
f 2062 8199 8178
f 8199 2066 8197
f 8178 8197 2052
f 8199 8197 8178
f 525 8172 8185
f 8172 2061 8188
f 8185 8188 2064
f 8172 8188 8185
f 2061 8171 8174
f 8171 133 7884
f 8174 7884 1992
f 8171 7884 8174
f 2064 8186 8184
f 8186 1992 7885
f 8184 7885 509
f 8186 7885 8184
f 2061 8174 8188
f 8174 1992 8186
f 8188 8186 2064
f 8174 8186 8188
f 523 8140 8128
f 8140 2054 8142
f 8128 8142 2051
f 8140 8142 8128
f 2054 8139 8141
f 8139 509 7882
f 8141 7882 1991
f 8139 7882 8141
f 2051 8130 8127
f 8130 1991 7881
f 8127 7881 122
f 8130 7881 8127
f 2054 8141 8142
f 8141 1991 8130
f 8142 8130 2051
f 8141 8130 8142
f 525 8185 8196
f 8185 2064 8200
f 8196 8200 2066
f 8185 8200 8196
f 2064 8184 8187
f 8184 509 8139
f 8187 8139 2054
f 8184 8139 8187
f 2066 8198 8195
f 8198 2054 8140
f 8195 8140 523
f 8198 8140 8195
f 2064 8187 8200
f 8187 2054 8198
f 8200 8198 2066
f 8187 8198 8200
f 22 7915 7257
f 7915 1999 7918
f 7257 7918 1832
f 7915 7918 7257
f 1999 7916 7928
f 7916 511 7926
f 7928 7926 2002
f 7916 7926 7928
f 1832 7927 7258
f 7927 2002 7925
f 7258 7925 468
f 7927 7925 7258
f 1999 7928 7918
f 7928 2002 7927
f 7918 7927 1832
f 7928 7927 7918
f 511 7920 7971
f 7920 2000 7973
f 7971 7973 2014
f 7920 7973 7971
f 2000 7919 7965
f 7919 134 7963
f 7965 7963 2012
f 7919 7963 7965
f 2014 7975 7972
f 7975 2012 7964
f 7972 7964 514
f 7975 7964 7972
f 2000 7965 7973
f 7965 2012 7975
f 7973 7975 2014
f 7965 7975 7973
f 468 7966 7261
f 7966 2013 7968
f 7261 7968 1833
f 7966 7968 7261
f 2013 7967 7970
f 7967 514 7961
f 7970 7961 2011
f 7967 7961 7970
f 1833 7962 7260
f 7962 2011 7960
f 7260 7960 123
f 7962 7960 7260
f 2013 7970 7968
f 7970 2011 7962
f 7968 7962 1833
f 7970 7962 7968
f 511 7971 7926
f 7971 2014 7974
f 7926 7974 2002
f 7971 7974 7926
f 2014 7972 7976
f 7972 514 7967
f 7976 7967 2013
f 7972 7967 7976
f 2002 7969 7925
f 7969 2013 7966
f 7925 7966 468
f 7969 7966 7925
f 2014 7976 7974
f 7976 2013 7969
f 7974 7969 2002
f 7976 7969 7974
f 134 7932 8201
f 7932 2004 8203
f 8201 8203 2067
f 7932 8203 8201
f 2004 7933 8211
f 7933 512 8209
f 8211 8209 2069
f 7933 8209 8211
f 2067 8213 8202
f 8213 2069 8210
f 8202 8210 526
f 8213 8210 8202
f 2004 8211 8203
f 8211 2069 8213
f 8203 8213 2067
f 8211 8213 8203
f 512 7930 8123
f 7930 2003 8125
f 8123 8125 2050
f 7930 8125 8123
f 2003 7929 8116
f 7929 37 8113
f 8116 8113 2047
f 7929 8113 8116
f 2050 8126 8124
f 8126 2047 8114
f 8124 8114 522
f 8126 8114 8124
f 2003 8116 8125
f 8116 2047 8126
f 8125 8126 2050
f 8116 8126 8125
f 526 8220 8206
f 8220 2071 8223
f 8206 8223 2068
f 8220 8223 8206
f 2071 8219 8221
f 8219 522 8118
f 8221 8118 2048
f 8219 8118 8221
f 2068 8207 8205
f 8207 2048 8117
f 8205 8117 136
f 8207 8117 8205
f 2071 8221 8223
f 8221 2048 8207
f 8223 8207 2068
f 8221 8207 8223
f 512 8123 8209
f 8123 2050 8212
f 8209 8212 2069
f 8123 8212 8209
f 2050 8124 8222
f 8124 522 8219
f 8222 8219 2071
f 8124 8219 8222
f 2069 8224 8210
f 8224 2071 8220
f 8210 8220 526
f 8224 8220 8210
f 2050 8222 8212
f 8222 2071 8224
f 8212 8224 2069
f 8222 8224 8212
f 123 8149 7269
f 8149 2056 8151
f 7269 8151 1836
f 8149 8151 7269
f 2056 8150 8160
f 8150 524 8157
f 8160 8157 2058
f 8150 8157 8160
f 1836 8158 7270
f 8158 2058 8156
f 7270 8156 469
f 8158 8156 7270
f 2056 8160 8151
f 8160 2058 8158
f 8151 8158 1836
f 8160 8158 8151
f 524 8154 8166
f 8154 2057 8169
f 8166 8169 2060
f 8154 8169 8166
f 2057 8153 8155
f 8153 136 8103
f 8155 8103 2044
f 8153 8103 8155
f 2060 8167 8165
f 8167 2044 8104
f 8165 8104 521
f 8167 8104 8165
f 2057 8155 8169
f 8155 2044 8167
f 8169 8167 2060
f 8155 8167 8169
f 469 8109 7267
f 8109 2046 8111
f 7267 8111 1835
f 8109 8111 7267
f 2046 8110 8112
f 8110 521 8100
f 8112 8100 2043
f 8110 8100 8112
f 1835 8102 7266
f 8102 2043 8099
f 7266 8099 34
f 8102 8099 7266
f 2046 8112 8111
f 8112 2043 8102
f 8111 8102 1835
f 8112 8102 8111
f 524 8166 8157
f 8166 2060 8170
f 8157 8170 2058
f 8166 8170 8157
f 2060 8165 8168
f 8165 521 8110
f 8168 8110 2046
f 8165 8110 8168
f 2058 8159 8156
f 8159 2046 8109
f 8156 8109 469
f 8159 8109 8156
f 2060 8168 8170
f 8168 2046 8159
f 8170 8159 2058
f 8168 8159 8170
f 134 8201 7963
f 8201 2067 8204
f 7963 8204 2012
f 8201 8204 7963
f 2067 8202 8218
f 8202 526 8215
f 8218 8215 2070
f 8202 8215 8218
f 2012 8216 7964
f 8216 2070 8214
f 7964 8214 514
f 8216 8214 7964
f 2067 8218 8204
f 8218 2070 8216
f 8204 8216 2012
f 8218 8216 8204
f 526 8206 8226
f 8206 2068 8229
f 8226 8229 2072
f 8206 8229 8226
f 2068 8205 8208
f 8205 136 8153
f 8208 8153 2057
f 8205 8153 8208
f 2072 8227 8225
f 8227 2057 8154
f 8225 8154 524
f 8227 8154 8225
f 2068 8208 8229
f 8208 2057 8227
f 8229 8227 2072
f 8208 8227 8229
f 514 8161 7961
f 8161 2059 8163
f 7961 8163 2011
f 8161 8163 7961
f 2059 8162 8164
f 8162 524 8150
f 8164 8150 2056
f 8162 8150 8164
f 2011 8152 7960
f 8152 2056 8149
f 7960 8149 123
f 8152 8149 7960
f 2059 8164 8163
f 8164 2056 8152
f 8163 8152 2011
f 8164 8152 8163
f 526 8226 8215
f 8226 2072 8230
f 8215 8230 2070
f 8226 8230 8215
f 2072 8225 8228
f 8225 524 8162
f 8228 8162 2059
f 8225 8162 8228
f 2070 8217 8214
f 8217 2059 8161
f 8214 8161 514
f 8217 8161 8214
f 2072 8228 8230
f 8228 2059 8217
f 8230 8217 2070
f 8228 8217 8230
f 1 7219 8363
f 7219 1819 8366
f 8363 8366 2103
f 7219 8366 8363
f 1819 7220 8375
f 7220 463 8373
f 8375 8373 2106
f 7220 8373 8375
f 2103 8376 8364
f 8376 2106 8374
f 8364 8374 533
f 8376 8374 8364
f 1819 8375 8366
f 8375 2106 8376
f 8366 8376 2103
f 8375 8376 8366
f 463 7223 8404
f 7223 1820 8406
f 8404 8406 2115
f 7223 8406 8404
f 1820 7222 8400
f 7222 121 8398
f 8400 8398 2113
f 7222 8398 8400
f 2115 8408 8405
f 8408 2113 8399
f 8405 8399 536
f 8408 8399 8405
f 1820 8400 8406
f 8400 2113 8408
f 8406 8408 2115
f 8400 8408 8406
f 533 8409 8368
f 8409 2116 8411
f 8368 8411 2104
f 8409 8411 8368
f 2116 8410 8413
f 8410 536 8402
f 8413 8402 2114
f 8410 8402 8413
f 2104 8403 8367
f 8403 2114 8401
f 8367 8401 138
f 8403 8401 8367
f 2116 8413 8411
f 8413 2114 8403
f 8411 8403 2104
f 8413 8403 8411
f 463 8404 8373
f 8404 2115 8407
f 8373 8407 2106
f 8404 8407 8373
f 2115 8405 8414
f 8405 536 8410
f 8414 8410 2116
f 8405 8410 8414
f 2106 8412 8374
f 8412 2116 8409
f 8374 8409 533
f 8412 8409 8374
f 2115 8414 8407
f 8414 2116 8412
f 8407 8412 2106
f 8414 8412 8407
f 121 7230 8511
f 7230 1823 8513
f 8511 8513 2144
f 7230 8513 8511
f 1823 7231 8520
f 7231 464 8518
f 8520 8518 2146
f 7231 8518 8520
f 2144 8522 8512
f 8522 2146 8519
f 8512 8519 545
f 8522 8519 8512
f 1823 8520 8513
f 8520 2146 8522
f 8513 8522 2144
f 8520 8522 8513
f 464 7229 8498
f 7229 1822 8500
f 8498 8500 2140
f 7229 8500 8498
f 1822 7228 8495
f 7228 34 8493
f 8495 8493 2138
f 7228 8493 8495
f 2140 8501 8499
f 8501 2138 8494
f 8499 8494 543
f 8501 8494 8499
f 1822 8495 8500
f 8495 2138 8501
f 8500 8501 2140
f 8495 8501 8500
f 545 8528 8516
f 8528 2148 8531
f 8516 8531 2145
f 8528 8531 8516
f 2148 8527 8529
f 8527 543 8497
f 8529 8497 2139
f 8527 8497 8529
f 2145 8517 8515
f 8517 2139 8496
f 8515 8496 141
f 8517 8496 8515
f 2148 8529 8531
f 8529 2139 8517
f 8531 8517 2145
f 8529 8517 8531
f 464 8498 8518
f 8498 2140 8521
f 8518 8521 2146
f 8498 8521 8518
f 2140 8499 8530
f 8499 543 8527
f 8530 8527 2148
f 8499 8527 8530
f 2146 8532 8519
f 8532 2148 8528
f 8519 8528 545
f 8532 8528 8519
f 2140 8530 8521
f 8530 2148 8532
f 8521 8532 2146
f 8530 8532 8521
f 138 8533 8379
f 8533 2149 8535
f 8379 8535 2108
f 8533 8535 8379
f 2149 8534 8545
f 8534 546 8542
f 8545 8542 2151
f 8534 8542 8545
f 2108 8543 8380
f 8543 2151 8541
f 8380 8541 534
f 8543 8541 8380
f 2149 8545 8535
f 8545 2151 8543
f 8535 8543 2108
f 8545 8543 8535
f 546 8538 8552
f 8538 2150 8555
f 8552 8555 2153
f 8538 8555 8552
f 2150 8537 8539
f 8537 141 8505
f 8539 8505 2142
f 8537 8505 8539
f 2153 8553 8551
f 8553 2142 8506
f 8551 8506 544
f 8553 8506 8551
f 2150 8539 8555
f 8539 2142 8553
f 8555 8553 2153
f 8539 8553 8555
f 534 8507 8378
f 8507 2143 8509
f 8378 8509 2107
f 8507 8509 8378
f 2143 8508 8510
f 8508 544 8503
f 8510 8503 2141
f 8508 8503 8510
f 2107 8504 8377
f 8504 2141 8502
f 8377 8502 38
f 8504 8502 8377
f 2143 8510 8509
f 8510 2141 8504
f 8509 8504 2107
f 8510 8504 8509
f 546 8552 8542
f 8552 2153 8556
f 8542 8556 2151
f 8552 8556 8542
f 2153 8551 8554
f 8551 544 8508
f 8554 8508 2143
f 8551 8508 8554
f 2151 8544 8541
f 8544 2143 8507
f 8541 8507 534
f 8544 8507 8541
f 2153 8554 8556
f 8554 2143 8544
f 8556 8544 2151
f 8554 8544 8556
f 121 8511 8398
f 8511 2144 8514
f 8398 8514 2113
f 8511 8514 8398
f 2144 8512 8526
f 8512 545 8524
f 8526 8524 2147
f 8512 8524 8526
f 2113 8525 8399
f 8525 2147 8523
f 8399 8523 536
f 8525 8523 8399
f 2144 8526 8514
f 8526 2147 8525
f 8514 8525 2113
f 8526 8525 8514
f 545 8516 8557
f 8516 2145 8559
f 8557 8559 2154
f 8516 8559 8557
f 2145 8515 8540
f 8515 141 8537
f 8540 8537 2150
f 8515 8537 8540
f 2154 8561 8558
f 8561 2150 8538
f 8558 8538 546
f 8561 8538 8558
f 2145 8540 8559
f 8540 2150 8561
f 8559 8561 2154
f 8540 8561 8559
f 536 8546 8402
f 8546 2152 8548
f 8402 8548 2114
f 8546 8548 8402
f 2152 8547 8550
f 8547 546 8534
f 8550 8534 2149
f 8547 8534 8550
f 2114 8536 8401
f 8536 2149 8533
f 8401 8533 138
f 8536 8533 8401
f 2152 8550 8548
f 8550 2149 8536
f 8548 8536 2114
f 8550 8536 8548
f 545 8557 8524
f 8557 2154 8560
f 8524 8560 2147
f 8557 8560 8524
f 2154 8558 8562
f 8558 546 8547
f 8562 8547 2152
f 8558 8547 8562
f 2147 8549 8523
f 8549 2152 8546
f 8523 8546 536
f 8549 8546 8523
f 2154 8562 8560
f 8562 2152 8549
f 8560 8549 2147
f 8562 8549 8560
f 34 7253 9795
f 7253 1830 9797
f 9795 9797 2459
f 7253 9797 9795
f 1830 7254 9803
f 7254 467 9801
f 9803 9801 2461
f 7254 9801 9803
f 2459 9804 9796
f 9804 2461 9802
f 9796 9802 621
f 9804 9802 9796
f 1830 9803 9797
f 9803 2461 9804
f 9797 9804 2459
f 9803 9804 9797
f 467 7256 9825
f 7256 1831 9827
f 9825 9827 2468
f 7256 9827 9825
f 1831 7255 9820
f 7255 122 9818
f 9820 9818 2466
f 7255 9818 9820
f 2468 9829 9826
f 9829 2466 9819
f 9826 9819 623
f 9829 9819 9826
f 1831 9820 9827
f 9820 2466 9829
f 9827 9829 2468
f 9820 9829 9827
f 621 9834 9800
f 9834 2470 9836
f 9800 9836 2460
f 9834 9836 9800
f 2470 9835 9838
f 9835 623 9823
f 9838 9823 2467
f 9835 9823 9838
f 2460 9824 9799
f 9824 2467 9822
f 9799 9822 159
f 9824 9822 9799
f 2470 9838 9836
f 9838 2467 9824
f 9836 9824 2460
f 9838 9824 9836
f 467 9825 9801
f 9825 2468 9828
f 9801 9828 2461
f 9825 9828 9801
f 2468 9826 9839
f 9826 623 9835
f 9839 9835 2470
f 9826 9835 9839
f 2461 9837 9802
f 9837 2470 9834
f 9802 9834 621
f 9837 9834 9802
f 2468 9839 9828
f 9839 2470 9837
f 9828 9837 2461
f 9839 9837 9828
f 122 7251 9709
f 7251 1829 9711
f 9709 9711 2437
f 7251 9711 9709
f 1829 7252 9717
f 7252 466 9715
f 9717 9715 2439
f 7252 9715 9717
f 2437 9719 9710
f 9719 2439 9716
f 9710 9716 615
f 9719 9716 9710
f 1829 9717 9711
f 9717 2439 9719
f 9711 9719 2437
f 9717 9719 9711
f 466 7250 9697
f 7250 1828 9699
f 9697 9699 2433
f 7250 9699 9697
f 1828 7249 9693
f 7249 11 9691
f 9693 9691 2431
f 7249 9691 9693
f 2433 9700 9698
f 9700 2431 9692
f 9698 9692 613
f 9700 9692 9698
f 1828 9693 9699
f 9693 2431 9700
f 9699 9700 2433
f 9693 9700 9699
f 615 9721 9713
f 9721 2440 9724
f 9713 9724 2438
f 9721 9724 9713
f 2440 9720 9722
f 9720 613 9696
f 9722 9696 2432
f 9720 9696 9722
f 2438 9714 9712
f 9714 2432 9695
f 9712 9695 157
f 9714 9695 9712
f 2440 9722 9724
f 9722 2432 9714
f 9724 9714 2438
f 9722 9714 9724
f 466 9697 9715
f 9697 2433 9718
f 9715 9718 2439
f 9697 9718 9715
f 2433 9698 9723
f 9698 613 9720
f 9723 9720 2440
f 9698 9720 9723
f 2439 9725 9716
f 9725 2440 9721
f 9716 9721 615
f 9725 9721 9716
f 2433 9723 9718
f 9723 2440 9725
f 9718 9725 2439
f 9723 9725 9718
f 159 9861 9812
f 9861 2476 9863
f 9812 9863 2464
f 9861 9863 9812
f 2476 9862 9879
f 9862 625 9876
f 9879 9876 2479
f 9862 9876 9879
f 2464 9877 9813
f 9877 2479 9875
f 9813 9875 622
f 9877 9875 9813
f 2476 9879 9863
f 9879 2479 9877
f 9863 9877 2464
f 9879 9877 9863
f 625 9858 9866
f 9858 2475 9869
f 9866 9869 2477
f 9858 9869 9866
f 2475 9857 9859
f 9857 157 9707
f 9859 9707 2436
f 9857 9707 9859
f 2477 9867 9865
f 9867 2436 9708
f 9865 9708 614
f 9867 9708 9865
f 2475 9859 9869
f 9859 2436 9867
f 9869 9867 2477
f 9859 9867 9869
f 622 9815 9810
f 9815 2465 9817
f 9810 9817 2463
f 9815 9817 9810
f 2465 9814 9816
f 9814 614 9706
f 9816 9706 2435
f 9814 9706 9816
f 2463 9811 9809
f 9811 2435 9705
f 9809 9705 42
f 9811 9705 9809
f 2465 9816 9817
f 9816 2435 9811
f 9817 9811 2463
f 9816 9811 9817
f 625 9866 9876
f 9866 2477 9880
f 9876 9880 2479
f 9866 9880 9876
f 2477 9865 9868
f 9865 614 9814
f 9868 9814 2465
f 9865 9814 9868
f 2479 9878 9875
f 9878 2465 9815
f 9875 9815 622
f 9878 9815 9875
f 2477 9868 9880
f 9868 2465 9878
f 9880 9878 2479
f 9868 9878 9880
f 122 9709 9818
f 9709 2437 9821
f 9818 9821 2466
f 9709 9821 9818
f 2437 9710 9832
f 9710 615 9830
f 9832 9830 2469
f 9710 9830 9832
f 2466 9833 9819
f 9833 2469 9831
f 9819 9831 623
f 9833 9831 9819
f 2437 9832 9821
f 9832 2469 9833
f 9821 9833 2466
f 9832 9833 9821
f 615 9713 9870
f 9713 2438 9872
f 9870 9872 2478
f 9713 9872 9870
f 2438 9712 9860
f 9712 157 9857
f 9860 9857 2475
f 9712 9857 9860
f 2478 9874 9871
f 9874 2475 9858
f 9871 9858 625
f 9874 9858 9871
f 2438 9860 9872
f 9860 2475 9874
f 9872 9874 2478
f 9860 9874 9872
f 623 9881 9823
f 9881 2480 9883
f 9823 9883 2467
f 9881 9883 9823
f 2480 9882 9885
f 9882 625 9862
f 9885 9862 2476
f 9882 9862 9885
f 2467 9864 9822
f 9864 2476 9861
f 9822 9861 159
f 9864 9861 9822
f 2480 9885 9883
f 9885 2476 9864
f 9883 9864 2467
f 9885 9864 9883
f 615 9870 9830
f 9870 2478 9873
f 9830 9873 2469
f 9870 9873 9830
f 2478 9871 9886
f 9871 625 9882
f 9886 9882 2480
f 9871 9882 9886
f 2469 9884 9831
f 9884 2480 9881
f 9831 9881 623
f 9884 9881 9831
f 2478 9886 9873
f 9886 2480 9884
f 9873 9884 2469
f 9886 9884 9873
f 38 9979 8419
f 9979 2503 9981
f 8419 9981 2119
f 9979 9981 8419
f 2503 9980 9988
f 9980 631 9986
f 9988 9986 2505
f 9980 9986 9988
f 2119 9987 8420
f 9987 2505 9985
f 8420 9985 538
f 9987 9985 8420
f 2503 9988 9981
f 9988 2505 9987
f 9981 9987 2119
f 9988 9987 9981
f 631 9984 10023
f 9984 2504 10025
f 10023 10025 2515
f 9984 10025 10023
f 2504 9983 10013
f 9983 161 10011
f 10013 10011 2512
f 9983 10011 10013
f 2515 10027 10024
f 10027 2512 10012
f 10024 10012 633
f 10027 10012 10024
f 2504 10013 10025
f 10013 2512 10027
f 10025 10027 2515
f 10013 10027 10025
f 538 10014 8422
f 10014 2513 10016
f 8422 10016 2120
f 10014 10016 8422
f 2513 10015 10018
f 10015 633 10008
f 10018 10008 2511
f 10015 10008 10018
f 2120 10009 8421
f 10009 2511 10007
f 8421 10007 139
f 10009 10007 8421
f 2513 10018 10016
f 10018 2511 10009
f 10016 10009 2120
f 10018 10009 10016
f 631 10023 9986
f 10023 2515 10026
f 9986 10026 2505
f 10023 10026 9986
f 2515 10024 10028
f 10024 633 10015
f 10028 10015 2513
f 10024 10015 10028
f 2505 10017 9985
f 10017 2513 10014
f 9985 10014 538
f 10017 10014 9985
f 2515 10028 10026
f 10028 2513 10017
f 10026 10017 2505
f 10028 10017 10026
f 161 9997 10055
f 9997 2508 10057
f 10055 10057 2522
f 9997 10057 10055
f 2508 9998 10071
f 9998 632 10069
f 10071 10069 2525
f 9998 10069 10071
f 2522 10073 10056
f 10073 2525 10070
f 10056 10070 635
f 10073 10070 10056
f 2508 10071 10057
f 10071 2525 10073
f 10057 10073 2522
f 10071 10073 10057
f 632 9994 10000
f 9994 2507 10002
f 10000 10002 2509
f 9994 10002 10000
f 2507 9993 9995
f 9993 42 9757
f 9995 9757 2449
f 9993 9757 9995
f 2509 10001 9999
f 10001 2449 9758
f 9999 9758 618
f 10001 9758 9999
f 2507 9995 10002
f 9995 2449 10001
f 10002 10001 2509
f 9995 10001 10002
f 635 10060 10052
f 10060 2523 10063
f 10052 10063 2521
f 10060 10063 10052
f 2523 10059 10061
f 10059 618 9760
f 10061 9760 2450
f 10059 9760 10061
f 2521 10053 10051
f 10053 2450 9759
f 10051 9759 158
f 10053 9759 10051
f 2523 10061 10063
f 10061 2450 10053
f 10063 10053 2521
f 10061 10053 10063
f 632 10000 10069
f 10000 2509 10072
f 10069 10072 2525
f 10000 10072 10069
f 2509 9999 10062
f 9999 618 10059
f 10062 10059 2523
f 9999 10059 10062
f 2525 10074 10070
f 10074 2523 10060
f 10070 10060 635
f 10074 10060 10070
f 2509 10062 10072
f 10062 2523 10074
f 10072 10074 2525
f 10062 10074 10072
f 139 9761 8417
f 9761 2451 9763
f 8417 9763 2118
f 9761 9763 8417
f 2451 9762 9771
f 9762 619 9768
f 9771 9768 2453
f 9762 9768 9771
f 2118 9769 8418
f 9769 2453 9767
f 8418 9767 537
f 9769 9767 8418
f 2451 9771 9763
f 9771 2453 9769
f 9763 9769 2118
f 9771 9769 9763
f 619 9765 9773
f 9765 2452 9776
f 9773 9776 2454
f 9765 9776 9773
f 2452 9764 9766
f 9764 158 9747
f 9766 9747 2446
f 9764 9747 9766
f 2454 9774 9772
f 9774 2446 9748
f 9772 9748 617
f 9774 9748 9772
f 2452 9766 9776
f 9766 2446 9774
f 9776 9774 2454
f 9766 9774 9776
f 537 9749 8416
f 9749 2447 9751
f 8416 9751 2117
f 9749 9751 8416
f 2447 9750 9752
f 9750 617 9744
f 9752 9744 2445
f 9750 9744 9752
f 2117 9745 8415
f 9745 2445 9743
f 8415 9743 12
f 9745 9743 8415
f 2447 9752 9751
f 9752 2445 9745
f 9751 9745 2117
f 9752 9745 9751
f 619 9773 9768
f 9773 2454 9777
f 9768 9777 2453
f 9773 9777 9768
f 2454 9772 9775
f 9772 617 9750
f 9775 9750 2447
f 9772 9750 9775
f 2453 9770 9767
f 9770 2447 9749
f 9767 9749 537
f 9770 9749 9767
f 2454 9775 9777
f 9775 2447 9770
f 9777 9770 2453
f 9775 9770 9777
f 161 10055 10011
f 10055 2522 10058
f 10011 10058 2512
f 10055 10058 10011
f 2522 10056 10079
f 10056 635 10076
f 10079 10076 2526
f 10056 10076 10079
f 2512 10077 10012
f 10077 2526 10075
f 10012 10075 633
f 10077 10075 10012
f 2522 10079 10058
f 10079 2526 10077
f 10058 10077 2512
f 10079 10077 10058
f 635 10052 10065
f 10052 2521 10068
f 10065 10068 2524
f 10052 10068 10065
f 2521 10051 10054
f 10051 158 9764
f 10054 9764 2452
f 10051 9764 10054
f 2524 10066 10064
f 10066 2452 9765
f 10064 9765 619
f 10066 9765 10064
f 2521 10054 10068
f 10054 2452 10066
f 10068 10066 2524
f 10054 10066 10068
f 633 10020 10008
f 10020 2514 10022
f 10008 10022 2511
f 10020 10022 10008
f 2514 10019 10021
f 10019 619 9762
f 10021 9762 2451
f 10019 9762 10021
f 2511 10010 10007
f 10010 2451 9761
f 10007 9761 139
f 10010 9761 10007
f 2514 10021 10022
f 10021 2451 10010
f 10022 10010 2511
f 10021 10010 10022
f 635 10065 10076
f 10065 2524 10080
f 10076 10080 2526
f 10065 10080 10076
f 2524 10064 10067
f 10064 619 10019
f 10067 10019 2514
f 10064 10019 10067
f 2526 10078 10075
f 10078 2514 10020
f 10075 10020 633
f 10078 10020 10075
f 2524 10067 10080
f 10067 2514 10078
f 10080 10078 2526
f 10067 10078 10080
f 34 9795 8493
f 9795 2459 9798
f 8493 9798 2138
f 9795 9798 8493
f 2459 9796 9808
f 9796 621 9806
f 9808 9806 2462
f 9796 9806 9808
f 2138 9807 8494
f 9807 2462 9805
f 8494 9805 543
f 9807 9805 8494
f 2459 9808 9798
f 9808 2462 9807
f 9798 9807 2138
f 9808 9807 9798
f 621 9800 9851
f 9800 2460 9853
f 9851 9853 2474
f 9800 9853 9851
f 2460 9799 9845
f 9799 159 9843
f 9845 9843 2472
f 9799 9843 9845
f 2474 9855 9852
f 9855 2472 9844
f 9852 9844 624
f 9855 9844 9852
f 2460 9845 9853
f 9845 2472 9855
f 9853 9855 2474
f 9845 9855 9853
f 543 9846 8497
f 9846 2473 9848
f 8497 9848 2139
f 9846 9848 8497
f 2473 9847 9850
f 9847 624 9841
f 9850 9841 2471
f 9847 9841 9850
f 2139 9842 8496
f 9842 2471 9840
f 8496 9840 141
f 9842 9840 8496
f 2473 9850 9848
f 9850 2471 9842
f 9848 9842 2139
f 9850 9842 9848
f 621 9851 9806
f 9851 2474 9854
f 9806 9854 2462
f 9851 9854 9806
f 2474 9852 9856
f 9852 624 9847
f 9856 9847 2473
f 9852 9847 9856
f 2462 9849 9805
f 9849 2473 9846
f 9805 9846 543
f 9849 9846 9805
f 2474 9856 9854
f 9856 2473 9849
f 9854 9849 2462
f 9856 9849 9854
f 159 9812 10081
f 9812 2464 10083
f 10081 10083 2527
f 9812 10083 10081
f 2464 9813 10091
f 9813 622 10089
f 10091 10089 2529
f 9813 10089 10091
f 2527 10093 10082
f 10093 2529 10090
f 10082 10090 636
f 10093 10090 10082
f 2464 10091 10083
f 10091 2529 10093
f 10083 10093 2527
f 10091 10093 10083
f 622 9810 10003
f 9810 2463 10005
f 10003 10005 2510
f 9810 10005 10003
f 2463 9809 9996
f 9809 42 9993
f 9996 9993 2507
f 9809 9993 9996
f 2510 10006 10004
f 10006 2507 9994
f 10004 9994 632
f 10006 9994 10004
f 2463 9996 10005
f 9996 2507 10006
f 10005 10006 2510
f 9996 10006 10005
f 636 10100 10086
f 10100 2531 10103
f 10086 10103 2528
f 10100 10103 10086
f 2531 10099 10101
f 10099 632 9998
f 10101 9998 2508
f 10099 9998 10101
f 2528 10087 10085
f 10087 2508 9997
f 10085 9997 161
f 10087 9997 10085
f 2531 10101 10103
f 10101 2508 10087
f 10103 10087 2528
f 10101 10087 10103
f 622 10003 10089
f 10003 2510 10092
f 10089 10092 2529
f 10003 10092 10089
f 2510 10004 10102
f 10004 632 10099
f 10102 10099 2531
f 10004 10099 10102
f 2529 10104 10090
f 10104 2531 10100
f 10090 10100 636
f 10104 10100 10090
f 2510 10102 10092
f 10102 2531 10104
f 10092 10104 2529
f 10102 10104 10092
f 141 10029 8505
f 10029 2516 10031
f 8505 10031 2142
f 10029 10031 8505
f 2516 10030 10040
f 10030 634 10037
f 10040 10037 2518
f 10030 10037 10040
f 2142 10038 8506
f 10038 2518 10036
f 8506 10036 544
f 10038 10036 8506
f 2516 10040 10031
f 10040 2518 10038
f 10031 10038 2142
f 10040 10038 10031
f 634 10034 10046
f 10034 2517 10049
f 10046 10049 2520
f 10034 10049 10046
f 2517 10033 10035
f 10033 161 9983
f 10035 9983 2504
f 10033 9983 10035
f 2520 10047 10045
f 10047 2504 9984
f 10045 9984 631
f 10047 9984 10045
f 2517 10035 10049
f 10035 2504 10047
f 10049 10047 2520
f 10035 10047 10049
f 544 9989 8503
f 9989 2506 9991
f 8503 9991 2141
f 9989 9991 8503
f 2506 9990 9992
f 9990 631 9980
f 9992 9980 2503
f 9990 9980 9992
f 2141 9982 8502
f 9982 2503 9979
f 8502 9979 38
f 9982 9979 8502
f 2506 9992 9991
f 9992 2503 9982
f 9991 9982 2141
f 9992 9982 9991
f 634 10046 10037
f 10046 2520 10050
f 10037 10050 2518
f 10046 10050 10037
f 2520 10045 10048
f 10045 631 9990
f 10048 9990 2506
f 10045 9990 10048
f 2518 10039 10036
f 10039 2506 9989
f 10036 9989 544
f 10039 9989 10036
f 2520 10048 10050
f 10048 2506 10039
f 10050 10039 2518
f 10048 10039 10050
f 159 10081 9843
f 10081 2527 10084
f 9843 10084 2472
f 10081 10084 9843
f 2527 10082 10098
f 10082 636 10095
f 10098 10095 2530
f 10082 10095 10098
f 2472 10096 9844
f 10096 2530 10094
f 9844 10094 624
f 10096 10094 9844
f 2527 10098 10084
f 10098 2530 10096
f 10084 10096 2472
f 10098 10096 10084
f 636 10086 10106
f 10086 2528 10109
f 10106 10109 2532
f 10086 10109 10106
f 2528 10085 10088
f 10085 161 10033
f 10088 10033 2517
f 10085 10033 10088
f 2532 10107 10105
f 10107 2517 10034
f 10105 10034 634
f 10107 10034 10105
f 2528 10088 10109
f 10088 2517 10107
f 10109 10107 2532
f 10088 10107 10109
f 624 10041 9841
f 10041 2519 10043
f 9841 10043 2471
f 10041 10043 9841
f 2519 10042 10044
f 10042 634 10030
f 10044 10030 2516
f 10042 10030 10044
f 2471 10032 9840
f 10032 2516 10029
f 9840 10029 141
f 10032 10029 9840
f 2519 10044 10043
f 10044 2516 10032
f 10043 10032 2471
f 10044 10032 10043
f 636 10106 10095
f 10106 2532 10110
f 10095 10110 2530
f 10106 10110 10095
f 2532 10105 10108
f 10105 634 10042
f 10108 10042 2519
f 10105 10042 10108
f 2530 10097 10094
f 10097 2519 10041
f 10094 10041 624
f 10097 10041 10094
f 2532 10108 10110
f 10108 2519 10097
f 10110 10097 2530
f 10108 10097 10110
f 2 3095 5339
f 3095 789 5341
f 5339 5341 1359
f 3095 5341 5339
f 789 3096 5347
f 3096 206 5345
f 5347 5345 1361
f 3096 5345 5347
f 1359 5348 5340
f 5348 1361 5346
f 5340 5346 353
f 5348 5346 5340
f 789 5347 5341
f 5347 1361 5348
f 5341 5348 1359
f 5347 5348 5341
f 206 3099 5363
f 3099 790 5365
f 5363 5365 1367
f 3099 5365 5363
f 790 3098 5359
f 3098 57 5357
f 5359 5357 1365
f 3098 5357 5359
f 1367 5367 5364
f 5367 1365 5358
f 5364 5358 355
f 5367 5358 5364
f 790 5359 5365
f 5359 1365 5367
f 5365 5367 1367
f 5359 5367 5365
f 353 5368 5344
f 5368 1368 5370
f 5344 5370 1360
f 5368 5370 5344
f 1368 5369 5372
f 5369 355 5361
f 5372 5361 1366
f 5369 5361 5372
f 1360 5362 5343
f 5362 1366 5360
f 5343 5360 96
f 5362 5360 5343
f 1368 5372 5370
f 5372 1366 5362
f 5370 5362 1360
f 5372 5362 5370
f 206 5363 5345
f 5363 1367 5366
f 5345 5366 1361
f 5363 5366 5345
f 1367 5364 5373
f 5364 355 5369
f 5373 5369 1368
f 5364 5369 5373
f 1361 5371 5346
f 5371 1368 5368
f 5346 5368 353
f 5371 5368 5346
f 1367 5373 5366
f 5373 1368 5371
f 5366 5371 1361
f 5373 5371 5366
f 57 3106 5417
f 3106 793 5419
f 5417 5419 1383
f 3106 5419 5417
f 793 3107 5426
f 3107 207 5424
f 5426 5424 1385
f 3107 5424 5426
f 1383 5428 5418
f 5428 1385 5425
f 5418 5425 361
f 5428 5425 5418
f 793 5426 5419
f 5426 1385 5428
f 5419 5428 1383
f 5426 5428 5419
f 207 3105 5404
f 3105 792 5406
f 5404 5406 1379
f 3105 5406 5404
f 792 3104 5401
f 3104 18 5399
f 5401 5399 1377
f 3104 5399 5401
f 1379 5407 5405
f 5407 1377 5400
f 5405 5400 359
f 5407 5400 5405
f 792 5401 5406
f 5401 1377 5407
f 5406 5407 1379
f 5401 5407 5406
f 361 5434 5422
f 5434 1387 5437
f 5422 5437 1384
f 5434 5437 5422
f 1387 5433 5435
f 5433 359 5403
f 5435 5403 1378
f 5433 5403 5435
f 1384 5423 5421
f 5423 1378 5402
f 5421 5402 98
f 5423 5402 5421
f 1387 5435 5437
f 5435 1378 5423
f 5437 5423 1384
f 5435 5423 5437
f 207 5404 5424
f 5404 1379 5427
f 5424 5427 1385
f 5404 5427 5424
f 1379 5405 5436
f 5405 359 5433
f 5436 5433 1387
f 5405 5433 5436
f 1385 5438 5425
f 5438 1387 5434
f 5425 5434 361
f 5438 5434 5425
f 1379 5436 5427
f 5436 1387 5438
f 5427 5438 1385
f 5436 5438 5427
f 96 5439 5355
f 5439 1388 5441
f 5355 5441 1364
f 5439 5441 5355
f 1388 5440 5451
f 5440 362 5448
f 5451 5448 1390
f 5440 5448 5451
f 1364 5449 5356
f 5449 1390 5447
f 5356 5447 354
f 5449 5447 5356
f 1388 5451 5441
f 5451 1390 5449
f 5441 5449 1364
f 5451 5449 5441
f 362 5444 5458
f 5444 1389 5461
f 5458 5461 1392
f 5444 5461 5458
f 1389 5443 5445
f 5443 98 5411
f 5445 5411 1381
f 5443 5411 5445
f 1392 5459 5457
f 5459 1381 5412
f 5457 5412 360
f 5459 5412 5457
f 1389 5445 5461
f 5445 1381 5459
f 5461 5459 1392
f 5445 5459 5461
f 354 5413 5354
f 5413 1382 5415
f 5354 5415 1363
f 5413 5415 5354
f 1382 5414 5416
f 5414 360 5409
f 5416 5409 1380
f 5414 5409 5416
f 1363 5410 5353
f 5410 1380 5408
f 5353 5408 29
f 5410 5408 5353
f 1382 5416 5415
f 5416 1380 5410
f 5415 5410 1363
f 5416 5410 5415
f 362 5458 5448
f 5458 1392 5462
f 5448 5462 1390
f 5458 5462 5448
f 1392 5457 5460
f 5457 360 5414
f 5460 5414 1382
f 5457 5414 5460
f 1390 5450 5447
f 5450 1382 5413
f 5447 5413 354
f 5450 5413 5447
f 1392 5460 5462
f 5460 1382 5450
f 5462 5450 1390
f 5460 5450 5462
f 57 5417 5357
f 5417 1383 5420
f 5357 5420 1365
f 5417 5420 5357
f 1383 5418 5432
f 5418 361 5430
f 5432 5430 1386
f 5418 5430 5432
f 1365 5431 5358
f 5431 1386 5429
f 5358 5429 355
f 5431 5429 5358
f 1383 5432 5420
f 5432 1386 5431
f 5420 5431 1365
f 5432 5431 5420
f 361 5422 5463
f 5422 1384 5465
f 5463 5465 1393
f 5422 5465 5463
f 1384 5421 5446
f 5421 98 5443
f 5446 5443 1389
f 5421 5443 5446
f 1393 5467 5464
f 5467 1389 5444
f 5464 5444 362
f 5467 5444 5464
f 1384 5446 5465
f 5446 1389 5467
f 5465 5467 1393
f 5446 5467 5465
f 355 5452 5361
f 5452 1391 5454
f 5361 5454 1366
f 5452 5454 5361
f 1391 5453 5456
f 5453 362 5440
f 5456 5440 1388
f 5453 5440 5456
f 1366 5442 5360
f 5442 1388 5439
f 5360 5439 96
f 5442 5439 5360
f 1391 5456 5454
f 5456 1388 5442
f 5454 5442 1366
f 5456 5442 5454
f 361 5463 5430
f 5463 1393 5466
f 5430 5466 1386
f 5463 5466 5430
f 1393 5464 5468
f 5464 362 5453
f 5468 5453 1391
f 5464 5453 5468
f 1386 5455 5429
f 5455 1391 5452
f 5429 5452 355
f 5455 5452 5429
f 1393 5468 5466
f 5468 1391 5455
f 5466 5455 1386
f 5468 5455 5466
f 18 3134 6219
f 3134 801 6221
f 6219 6221 1583
f 3134 6221 6219
f 801 3135 6227
f 3135 210 6225
f 6227 6225 1585
f 3135 6225 6227
f 1583 6228 6220
f 6228 1585 6226
f 6220 6226 411
f 6228 6226 6220
f 801 6227 6221
f 6227 1585 6228
f 6221 6228 1583
f 6227 6228 6221
f 210 3137 6249
f 3137 802 6251
f 6249 6251 1592
f 3137 6251 6249
f 802 3136 6244
f 3136 58 6242
f 6244 6242 1590
f 3136 6242 6244
f 1592 6253 6250
f 6253 1590 6243
f 6250 6243 413
f 6253 6243 6250
f 802 6244 6251
f 6244 1590 6253
f 6251 6253 1592
f 6244 6253 6251
f 411 6258 6224
f 6258 1594 6260
f 6224 6260 1584
f 6258 6260 6224
f 1594 6259 6262
f 6259 413 6247
f 6262 6247 1591
f 6259 6247 6262
f 1584 6248 6223
f 6248 1591 6246
f 6223 6246 111
f 6248 6246 6223
f 1594 6262 6260
f 6262 1591 6248
f 6260 6248 1584
f 6262 6248 6260
f 210 6249 6225
f 6249 1592 6252
f 6225 6252 1585
f 6249 6252 6225
f 1592 6250 6263
f 6250 413 6259
f 6263 6259 1594
f 6250 6259 6263
f 1585 6261 6226
f 6261 1594 6258
f 6226 6258 411
f 6261 6258 6226
f 1592 6263 6252
f 6263 1594 6261
f 6252 6261 1585
f 6263 6261 6252
f 58 3128 6133
f 3128 799 6135
f 6133 6135 1561
f 3128 6135 6133
f 799 3129 6141
f 3129 209 6139
f 6141 6139 1563
f 3129 6139 6141
f 1561 6143 6134
f 6143 1563 6140
f 6134 6140 405
f 6143 6140 6134
f 799 6141 6135
f 6141 1563 6143
f 6135 6143 1561
f 6141 6143 6135
f 209 3126 6121
f 3126 798 6123
f 6121 6123 1557
f 3126 6123 6121
f 798 3125 6117
f 3125 6 6115
f 6117 6115 1555
f 3125 6115 6117
f 1557 6124 6122
f 6124 1555 6116
f 6122 6116 403
f 6124 6116 6122
f 798 6117 6123
f 6117 1555 6124
f 6123 6124 1557
f 6117 6124 6123
f 405 6145 6137
f 6145 1564 6148
f 6137 6148 1562
f 6145 6148 6137
f 1564 6144 6146
f 6144 403 6120
f 6146 6120 1556
f 6144 6120 6146
f 1562 6138 6136
f 6138 1556 6119
f 6136 6119 109
f 6138 6119 6136
f 1564 6146 6148
f 6146 1556 6138
f 6148 6138 1562
f 6146 6138 6148
f 209 6121 6139
f 6121 1557 6142
f 6139 6142 1563
f 6121 6142 6139
f 1557 6122 6147
f 6122 403 6144
f 6147 6144 1564
f 6122 6144 6147
f 1563 6149 6140
f 6149 1564 6145
f 6140 6145 405
f 6149 6145 6140
f 1557 6147 6142
f 6147 1564 6149
f 6142 6149 1563
f 6147 6149 6142
f 111 6285 6236
f 6285 1600 6287
f 6236 6287 1588
f 6285 6287 6236
f 1600 6286 6303
f 6286 415 6300
f 6303 6300 1603
f 6286 6300 6303
f 1588 6301 6237
f 6301 1603 6299
f 6237 6299 412
f 6301 6299 6237
f 1600 6303 6287
f 6303 1603 6301
f 6287 6301 1588
f 6303 6301 6287
f 415 6282 6290
f 6282 1599 6293
f 6290 6293 1601
f 6282 6293 6290
f 1599 6281 6283
f 6281 109 6131
f 6283 6131 1560
f 6281 6131 6283
f 1601 6291 6289
f 6291 1560 6132
f 6289 6132 404
f 6291 6132 6289
f 1599 6283 6293
f 6283 1560 6291
f 6293 6291 1601
f 6283 6291 6293
f 412 6239 6234
f 6239 1589 6241
f 6234 6241 1587
f 6239 6241 6234
f 1589 6238 6240
f 6238 404 6130
f 6240 6130 1559
f 6238 6130 6240
f 1587 6235 6233
f 6235 1559 6129
f 6233 6129 32
f 6235 6129 6233
f 1589 6240 6241
f 6240 1559 6235
f 6241 6235 1587
f 6240 6235 6241
f 415 6290 6300
f 6290 1601 6304
f 6300 6304 1603
f 6290 6304 6300
f 1601 6289 6292
f 6289 404 6238
f 6292 6238 1589
f 6289 6238 6292
f 1603 6302 6299
f 6302 1589 6239
f 6299 6239 412
f 6302 6239 6299
f 1601 6292 6304
f 6292 1589 6302
f 6304 6302 1603
f 6292 6302 6304
f 58 6133 6242
f 6133 1561 6245
f 6242 6245 1590
f 6133 6245 6242
f 1561 6134 6256
f 6134 405 6254
f 6256 6254 1593
f 6134 6254 6256
f 1590 6257 6243
f 6257 1593 6255
f 6243 6255 413
f 6257 6255 6243
f 1561 6256 6245
f 6256 1593 6257
f 6245 6257 1590
f 6256 6257 6245
f 405 6137 6294
f 6137 1562 6296
f 6294 6296 1602
f 6137 6296 6294
f 1562 6136 6284
f 6136 109 6281
f 6284 6281 1599
f 6136 6281 6284
f 1602 6298 6295
f 6298 1599 6282
f 6295 6282 415
f 6298 6282 6295
f 1562 6284 6296
f 6284 1599 6298
f 6296 6298 1602
f 6284 6298 6296
f 413 6305 6247
f 6305 1604 6307
f 6247 6307 1591
f 6305 6307 6247
f 1604 6306 6309
f 6306 415 6286
f 6309 6286 1600
f 6306 6286 6309
f 1591 6288 6246
f 6288 1600 6285
f 6246 6285 111
f 6288 6285 6246
f 1604 6309 6307
f 6309 1600 6288
f 6307 6288 1591
f 6309 6288 6307
f 405 6294 6254
f 6294 1602 6297
f 6254 6297 1593
f 6294 6297 6254
f 1602 6295 6310
f 6295 415 6306
f 6310 6306 1604
f 6295 6306 6310
f 1593 6308 6255
f 6308 1604 6305
f 6255 6305 413
f 6308 6305 6255
f 1602 6310 6297
f 6310 1604 6308
f 6297 6308 1593
f 6310 6308 6297
f 29 6403 5395
f 6403 1627 6405
f 5395 6405 1375
f 6403 6405 5395
f 1627 6404 6412
f 6404 421 6410
f 6412 6410 1629
f 6404 6410 6412
f 1375 6411 5396
f 6411 1629 6409
f 5396 6409 358
f 6411 6409 5396
f 1627 6412 6405
f 6412 1629 6411
f 6405 6411 1375
f 6412 6411 6405
f 421 6408 6447
f 6408 1628 6449
f 6447 6449 1639
f 6408 6449 6447
f 1628 6407 6437
f 6407 113 6435
f 6437 6435 1636
f 6407 6435 6437
f 1639 6451 6448
f 6451 1636 6436
f 6448 6436 423
f 6451 6436 6448
f 1628 6437 6449
f 6437 1636 6451
f 6449 6451 1639
f 6437 6451 6449
f 358 6438 5398
f 6438 1637 6440
f 5398 6440 1376
f 6438 6440 5398
f 1637 6439 6442
f 6439 423 6432
f 6442 6432 1635
f 6439 6432 6442
f 1376 6433 5397
f 6433 1635 6431
f 5397 6431 97
f 6433 6431 5397
f 1637 6442 6440
f 6442 1635 6433
f 6440 6433 1376
f 6442 6433 6440
f 421 6447 6410
f 6447 1639 6450
f 6410 6450 1629
f 6447 6450 6410
f 1639 6448 6452
f 6448 423 6439
f 6452 6439 1637
f 6448 6439 6452
f 1629 6441 6409
f 6441 1637 6438
f 6409 6438 358
f 6441 6438 6409
f 1639 6452 6450
f 6452 1637 6441
f 6450 6441 1629
f 6452 6441 6450
f 113 6421 6479
f 6421 1632 6481
f 6479 6481 1646
f 6421 6481 6479
f 1632 6422 6495
f 6422 422 6493
f 6495 6493 1649
f 6422 6493 6495
f 1646 6497 6480
f 6497 1649 6494
f 6480 6494 425
f 6497 6494 6480
f 1632 6495 6481
f 6495 1649 6497
f 6481 6497 1646
f 6495 6497 6481
f 422 6418 6424
f 6418 1631 6426
f 6424 6426 1633
f 6418 6426 6424
f 1631 6417 6419
f 6417 32 6181
f 6419 6181 1573
f 6417 6181 6419
f 1633 6425 6423
f 6425 1573 6182
f 6423 6182 408
f 6425 6182 6423
f 1631 6419 6426
f 6419 1573 6425
f 6426 6425 1633
f 6419 6425 6426
f 425 6484 6476
f 6484 1647 6487
f 6476 6487 1645
f 6484 6487 6476
f 1647 6483 6485
f 6483 408 6184
f 6485 6184 1574
f 6483 6184 6485
f 1645 6477 6475
f 6477 1574 6183
f 6475 6183 110
f 6477 6183 6475
f 1647 6485 6487
f 6485 1574 6477
f 6487 6477 1645
f 6485 6477 6487
f 422 6424 6493
f 6424 1633 6496
f 6493 6496 1649
f 6424 6496 6493
f 1633 6423 6486
f 6423 408 6483
f 6486 6483 1647
f 6423 6483 6486
f 1649 6498 6494
f 6498 1647 6484
f 6494 6484 425
f 6498 6484 6494
f 1633 6486 6496
f 6486 1647 6498
f 6496 6498 1649
f 6486 6498 6496
f 97 6185 5393
f 6185 1575 6187
f 5393 6187 1374
f 6185 6187 5393
f 1575 6186 6195
f 6186 409 6192
f 6195 6192 1577
f 6186 6192 6195
f 1374 6193 5394
f 6193 1577 6191
f 5394 6191 357
f 6193 6191 5394
f 1575 6195 6187
f 6195 1577 6193
f 6187 6193 1374
f 6195 6193 6187
f 409 6189 6197
f 6189 1576 6200
f 6197 6200 1578
f 6189 6200 6197
f 1576 6188 6190
f 6188 110 6171
f 6190 6171 1570
f 6188 6171 6190
f 1578 6198 6196
f 6198 1570 6172
f 6196 6172 407
f 6198 6172 6196
f 1576 6190 6200
f 6190 1570 6198
f 6200 6198 1578
f 6190 6198 6200
f 357 6173 5392
f 6173 1571 6175
f 5392 6175 1373
f 6173 6175 5392
f 1571 6174 6176
f 6174 407 6168
f 6176 6168 1569
f 6174 6168 6176
f 1373 6169 5391
f 6169 1569 6167
f 5391 6167 10
f 6169 6167 5391
f 1571 6176 6175
f 6176 1569 6169
f 6175 6169 1373
f 6176 6169 6175
f 409 6197 6192
f 6197 1578 6201
f 6192 6201 1577
f 6197 6201 6192
f 1578 6196 6199
f 6196 407 6174
f 6199 6174 1571
f 6196 6174 6199
f 1577 6194 6191
f 6194 1571 6173
f 6191 6173 357
f 6194 6173 6191
f 1578 6199 6201
f 6199 1571 6194
f 6201 6194 1577
f 6199 6194 6201
f 113 6479 6435
f 6479 1646 6482
f 6435 6482 1636
f 6479 6482 6435
f 1646 6480 6503
f 6480 425 6500
f 6503 6500 1650
f 6480 6500 6503
f 1636 6501 6436
f 6501 1650 6499
f 6436 6499 423
f 6501 6499 6436
f 1646 6503 6482
f 6503 1650 6501
f 6482 6501 1636
f 6503 6501 6482
f 425 6476 6489
f 6476 1645 6492
f 6489 6492 1648
f 6476 6492 6489
f 1645 6475 6478
f 6475 110 6188
f 6478 6188 1576
f 6475 6188 6478
f 1648 6490 6488
f 6490 1576 6189
f 6488 6189 409
f 6490 6189 6488
f 1645 6478 6492
f 6478 1576 6490
f 6492 6490 1648
f 6478 6490 6492
f 423 6444 6432
f 6444 1638 6446
f 6432 6446 1635
f 6444 6446 6432
f 1638 6443 6445
f 6443 409 6186
f 6445 6186 1575
f 6443 6186 6445
f 1635 6434 6431
f 6434 1575 6185
f 6431 6185 97
f 6434 6185 6431
f 1638 6445 6446
f 6445 1575 6434
f 6446 6434 1635
f 6445 6434 6446
f 425 6489 6500
f 6489 1648 6504
f 6500 6504 1650
f 6489 6504 6500
f 1648 6488 6491
f 6488 409 6443
f 6491 6443 1638
f 6488 6443 6491
f 1650 6502 6499
f 6502 1638 6444
f 6499 6444 423
f 6502 6444 6499
f 1648 6491 6504
f 6491 1638 6502
f 6504 6502 1650
f 6491 6502 6504
f 18 6219 5399
f 6219 1583 6222
f 5399 6222 1377
f 6219 6222 5399
f 1583 6220 6232
f 6220 411 6230
f 6232 6230 1586
f 6220 6230 6232
f 1377 6231 5400
f 6231 1586 6229
f 5400 6229 359
f 6231 6229 5400
f 1583 6232 6222
f 6232 1586 6231
f 6222 6231 1377
f 6232 6231 6222
f 411 6224 6275
f 6224 1584 6277
f 6275 6277 1598
f 6224 6277 6275
f 1584 6223 6269
f 6223 111 6267
f 6269 6267 1596
f 6223 6267 6269
f 1598 6279 6276
f 6279 1596 6268
f 6276 6268 414
f 6279 6268 6276
f 1584 6269 6277
f 6269 1596 6279
f 6277 6279 1598
f 6269 6279 6277
f 359 6270 5403
f 6270 1597 6272
f 5403 6272 1378
f 6270 6272 5403
f 1597 6271 6274
f 6271 414 6265
f 6274 6265 1595
f 6271 6265 6274
f 1378 6266 5402
f 6266 1595 6264
f 5402 6264 98
f 6266 6264 5402
f 1597 6274 6272
f 6274 1595 6266
f 6272 6266 1378
f 6274 6266 6272
f 411 6275 6230
f 6275 1598 6278
f 6230 6278 1586
f 6275 6278 6230
f 1598 6276 6280
f 6276 414 6271
f 6280 6271 1597
f 6276 6271 6280
f 1586 6273 6229
f 6273 1597 6270
f 6229 6270 359
f 6273 6270 6229
f 1598 6280 6278
f 6280 1597 6273
f 6278 6273 1586
f 6280 6273 6278
f 111 6236 6505
f 6236 1588 6507
f 6505 6507 1651
f 6236 6507 6505
f 1588 6237 6515
f 6237 412 6513
f 6515 6513 1653
f 6237 6513 6515
f 1651 6517 6506
f 6517 1653 6514
f 6506 6514 426
f 6517 6514 6506
f 1588 6515 6507
f 6515 1653 6517
f 6507 6517 1651
f 6515 6517 6507
f 412 6234 6427
f 6234 1587 6429
f 6427 6429 1634
f 6234 6429 6427
f 1587 6233 6420
f 6233 32 6417
f 6420 6417 1631
f 6233 6417 6420
f 1634 6430 6428
f 6430 1631 6418
f 6428 6418 422
f 6430 6418 6428
f 1587 6420 6429
f 6420 1631 6430
f 6429 6430 1634
f 6420 6430 6429
f 426 6524 6510
f 6524 1655 6527
f 6510 6527 1652
f 6524 6527 6510
f 1655 6523 6525
f 6523 422 6422
f 6525 6422 1632
f 6523 6422 6525
f 1652 6511 6509
f 6511 1632 6421
f 6509 6421 113
f 6511 6421 6509
f 1655 6525 6527
f 6525 1632 6511
f 6527 6511 1652
f 6525 6511 6527
f 412 6427 6513
f 6427 1634 6516
f 6513 6516 1653
f 6427 6516 6513
f 1634 6428 6526
f 6428 422 6523
f 6526 6523 1655
f 6428 6523 6526
f 1653 6528 6514
f 6528 1655 6524
f 6514 6524 426
f 6528 6524 6514
f 1634 6526 6516
f 6526 1655 6528
f 6516 6528 1653
f 6526 6528 6516
f 98 6453 5411
f 6453 1640 6455
f 5411 6455 1381
f 6453 6455 5411
f 1640 6454 6464
f 6454 424 6461
f 6464 6461 1642
f 6454 6461 6464
f 1381 6462 5412
f 6462 1642 6460
f 5412 6460 360
f 6462 6460 5412
f 1640 6464 6455
f 6464 1642 6462
f 6455 6462 1381
f 6464 6462 6455
f 424 6458 6470
f 6458 1641 6473
f 6470 6473 1644
f 6458 6473 6470
f 1641 6457 6459
f 6457 113 6407
f 6459 6407 1628
f 6457 6407 6459
f 1644 6471 6469
f 6471 1628 6408
f 6469 6408 421
f 6471 6408 6469
f 1641 6459 6473
f 6459 1628 6471
f 6473 6471 1644
f 6459 6471 6473
f 360 6413 5409
f 6413 1630 6415
f 5409 6415 1380
f 6413 6415 5409
f 1630 6414 6416
f 6414 421 6404
f 6416 6404 1627
f 6414 6404 6416
f 1380 6406 5408
f 6406 1627 6403
f 5408 6403 29
f 6406 6403 5408
f 1630 6416 6415
f 6416 1627 6406
f 6415 6406 1380
f 6416 6406 6415
f 424 6470 6461
f 6470 1644 6474
f 6461 6474 1642
f 6470 6474 6461
f 1644 6469 6472
f 6469 421 6414
f 6472 6414 1630
f 6469 6414 6472
f 1642 6463 6460
f 6463 1630 6413
f 6460 6413 360
f 6463 6413 6460
f 1644 6472 6474
f 6472 1630 6463
f 6474 6463 1642
f 6472 6463 6474
f 111 6505 6267
f 6505 1651 6508
f 6267 6508 1596
f 6505 6508 6267
f 1651 6506 6522
f 6506 426 6519
f 6522 6519 1654
f 6506 6519 6522
f 1596 6520 6268
f 6520 1654 6518
f 6268 6518 414
f 6520 6518 6268
f 1651 6522 6508
f 6522 1654 6520
f 6508 6520 1596
f 6522 6520 6508
f 426 6510 6530
f 6510 1652 6533
f 6530 6533 1656
f 6510 6533 6530
f 1652 6509 6512
f 6509 113 6457
f 6512 6457 1641
f 6509 6457 6512
f 1656 6531 6529
f 6531 1641 6458
f 6529 6458 424
f 6531 6458 6529
f 1652 6512 6533
f 6512 1641 6531
f 6533 6531 1656
f 6512 6531 6533
f 414 6465 6265
f 6465 1643 6467
f 6265 6467 1595
f 6465 6467 6265
f 1643 6466 6468
f 6466 424 6454
f 6468 6454 1640
f 6466 6454 6468
f 1595 6456 6264
f 6456 1640 6453
f 6264 6453 98
f 6456 6453 6264
f 1643 6468 6467
f 6468 1640 6456
f 6467 6456 1595
f 6468 6456 6467
f 426 6530 6519
f 6530 1656 6534
f 6519 6534 1654
f 6530 6534 6519
f 1656 6529 6532
f 6529 424 6466
f 6532 6466 1643
f 6529 6466 6532
f 1654 6521 6518
f 6521 1643 6465
f 6518 6465 414
f 6521 6465 6518
f 1656 6532 6534
f 6532 1643 6521
f 6534 6521 1654
f 6532 6521 6534
f 6 9139 3387
f 9139 2299 9142
f 3387 9142 863
f 9139 9142 3387
f 2299 9140 9152
f 9140 583 9150
f 9152 9150 2302
f 9140 9150 9152
f 863 9151 3388
f 9151 2302 9149
f 3388 9149 225
f 9151 9149 3388
f 2299 9152 9142
f 9152 2302 9151
f 9142 9151 863
f 9152 9151 9142
f 583 9144 9185
f 9144 2300 9187
f 9185 9187 2312
f 9144 9187 9185
f 2300 9143 9179
f 9143 151 9177
f 9179 9177 2310
f 9143 9177 9179
f 2312 9189 9186
f 9189 2310 9178
f 9186 9178 586
f 9189 9178 9186
f 2300 9179 9187
f 9179 2310 9189
f 9187 9189 2312
f 9179 9189 9187
f 225 9180 3390
f 9180 2311 9182
f 3390 9182 864
f 9180 9182 3390
f 2311 9181 9184
f 9181 586 9175
f 9184 9175 2309
f 9181 9175 9184
f 864 9176 3389
f 9176 2309 9174
f 3389 9174 62
f 9176 9174 3389
f 2311 9184 9182
f 9184 2309 9176
f 9182 9176 864
f 9184 9176 9182
f 583 9185 9150
f 9185 2312 9188
f 9150 9188 2302
f 9185 9188 9150
f 2312 9186 9190
f 9186 586 9181
f 9190 9181 2311
f 9186 9181 9190
f 2302 9183 9149
f 9183 2311 9180
f 9149 9180 225
f 9183 9180 9149
f 2312 9190 9188
f 9190 2311 9183
f 9188 9183 2302
f 9190 9183 9188
f 151 9155 9397
f 9155 2304 9399
f 9397 9399 2365
f 9155 9399 9397
f 2304 9156 9407
f 9156 584 9405
f 9407 9405 2367
f 9156 9405 9407
f 2365 9409 9398
f 9409 2367 9406
f 9398 9406 600
f 9409 9406 9398
f 2304 9407 9399
f 9407 2367 9409
f 9399 9409 2365
f 9407 9409 9399
f 584 9154 9354
f 9154 2303 9356
f 9354 9356 2355
f 9154 9356 9354
f 2303 9153 9351
f 9153 41 9349
f 9351 9349 2353
f 9153 9349 9351
f 2355 9357 9355
f 9357 2353 9350
f 9355 9350 597
f 9357 9350 9355
f 2303 9351 9356
f 9351 2353 9357
f 9356 9357 2355
f 9351 9357 9356
f 600 9416 9402
f 9416 2369 9419
f 9402 9419 2366
f 9416 9419 9402
f 2369 9415 9417
f 9415 597 9353
f 9417 9353 2354
f 9415 9353 9417
f 2366 9403 9401
f 9403 2354 9352
f 9401 9352 154
f 9403 9352 9401
f 2369 9417 9419
f 9417 2354 9403
f 9419 9403 2366
f 9417 9403 9419
f 584 9354 9405
f 9354 2355 9408
f 9405 9408 2367
f 9354 9408 9405
f 2355 9355 9418
f 9355 597 9415
f 9418 9415 2369
f 9355 9415 9418
f 2367 9420 9406
f 9420 2369 9416
f 9406 9416 600
f 9420 9416 9406
f 2355 9418 9408
f 9418 2369 9420
f 9408 9420 2367
f 9418 9420 9408
f 62 9358 3393
f 9358 2356 9360
f 3393 9360 866
f 9358 9360 3393
f 2356 9359 9369
f 9359 598 9366
f 9369 9366 2358
f 9359 9366 9369
f 866 9367 3394
f 9367 2358 9365
f 3394 9365 226
f 9367 9365 3394
f 2356 9369 9360
f 9369 2358 9367
f 9360 9367 866
f 9369 9367 9360
f 598 9363 9375
f 9363 2357 9378
f 9375 9378 2360
f 9363 9378 9375
f 2357 9362 9364
f 9362 154 9339
f 9364 9339 2350
f 9362 9339 9364
f 2360 9376 9374
f 9376 2350 9340
f 9374 9340 596
f 9376 9340 9374
f 2357 9364 9378
f 9364 2350 9376
f 9378 9376 2360
f 9364 9376 9378
f 226 9341 3392
f 9341 2351 9343
f 3392 9343 865
f 9341 9343 3392
f 2351 9342 9344
f 9342 596 9336
f 9344 9336 2349
f 9342 9336 9344
f 865 9337 3391
f 9337 2349 9335
f 3391 9335 19
f 9337 9335 3391
f 2351 9344 9343
f 9344 2349 9337
f 9343 9337 865
f 9344 9337 9343
f 598 9375 9366
f 9375 2360 9379
f 9366 9379 2358
f 9375 9379 9366
f 2360 9374 9377
f 9374 596 9342
f 9377 9342 2351
f 9374 9342 9377
f 2358 9368 9365
f 9368 2351 9341
f 9365 9341 226
f 9368 9341 9365
f 2360 9377 9379
f 9377 2351 9368
f 9379 9368 2358
f 9377 9368 9379
f 151 9397 9177
f 9397 2365 9400
f 9177 9400 2310
f 9397 9400 9177
f 2365 9398 9414
f 9398 600 9411
f 9414 9411 2368
f 9398 9411 9414
f 2310 9412 9178
f 9412 2368 9410
f 9178 9410 586
f 9412 9410 9178
f 2365 9414 9400
f 9414 2368 9412
f 9400 9412 2310
f 9414 9412 9400
f 600 9402 9422
f 9402 2366 9425
f 9422 9425 2370
f 9402 9425 9422
f 2366 9401 9404
f 9401 154 9362
f 9404 9362 2357
f 9401 9362 9404
f 2370 9423 9421
f 9423 2357 9363
f 9421 9363 598
f 9423 9363 9421
f 2366 9404 9425
f 9404 2357 9423
f 9425 9423 2370
f 9404 9423 9425
f 586 9370 9175
f 9370 2359 9372
f 9175 9372 2309
f 9370 9372 9175
f 2359 9371 9373
f 9371 598 9359
f 9373 9359 2356
f 9371 9359 9373
f 2309 9361 9174
f 9361 2356 9358
f 9174 9358 62
f 9361 9358 9174
f 2359 9373 9372
f 9373 2356 9361
f 9372 9361 2309
f 9373 9361 9372
f 600 9422 9411
f 9422 2370 9426
f 9411 9426 2368
f 9422 9426 9411
f 2370 9421 9424
f 9421 598 9371
f 9424 9371 2359
f 9421 9371 9424
f 2368 9413 9410
f 9413 2359 9370
f 9410 9370 586
f 9413 9370 9410
f 2370 9424 9426
f 9424 2359 9413
f 9426 9413 2368
f 9424 9413 9426
f 41 9205 9573
f 9205 2317 9575
f 9573 9575 2405
f 9205 9575 9573
f 2317 9206 9581
f 9206 588 9579
f 9581 9579 2407
f 9206 9579 9581
f 2405 9582 9574
f 9582 2407 9580
f 9574 9580 608
f 9582 9580 9574
f 2317 9581 9575
f 9581 2407 9582
f 9575 9582 2405
f 9581 9582 9575
f 588 9208 9639
f 9208 2318 9641
f 9639 9641 2421
f 9208 9641 9639
f 2318 9207 9633
f 9207 152 9631
f 9633 9631 2419
f 9207 9631 9633
f 2421 9643 9640
f 9643 2419 9632
f 9640 9632 611
f 9643 9632 9640
f 2318 9633 9641
f 9633 2419 9643
f 9641 9643 2421
f 9633 9643 9641
f 608 9649 9578
f 9649 2423 9651
f 9578 9651 2406
f 9649 9651 9578
f 2423 9650 9653
f 9650 611 9636
f 9653 9636 2420
f 9650 9636 9653
f 2406 9637 9577
f 9637 2420 9635
f 9577 9635 156
f 9637 9635 9577
f 2423 9653 9651
f 9653 2420 9637
f 9651 9637 2406
f 9653 9637 9651
f 588 9639 9579
f 9639 2421 9642
f 9579 9642 2407
f 9639 9642 9579
f 2421 9640 9654
f 9640 611 9650
f 9654 9650 2423
f 9640 9650 9654
f 2407 9652 9580
f 9652 2423 9649
f 9580 9649 608
f 9652 9649 9580
f 2421 9654 9642
f 9654 2423 9652
f 9642 9652 2407
f 9654 9652 9642
f 152 9195 9229
f 9195 2314 9231
f 9229 9231 2324
f 9195 9231 9229
f 2314 9196 9239
f 9196 587 9237
f 9239 9237 2326
f 9196 9237 9239
f 2324 9241 9230
f 9241 2326 9238
f 9230 9238 590
f 9241 9238 9230
f 2314 9239 9231
f 9239 2326 9241
f 9231 9241 2324
f 9239 9241 9231
f 587 9192 9202
f 9192 2313 9204
f 9202 9204 2316
f 9192 9204 9202
f 2313 9191 9194
f 9191 12 8815
f 9194 8815 2221
f 9191 8815 9194
f 2316 9203 9201
f 9203 2221 8816
f 9201 8816 565
f 9203 8816 9201
f 2313 9194 9204
f 9194 2221 9203
f 9204 9203 2316
f 9194 9203 9204
f 590 9233 9227
f 9233 2325 9236
f 9227 9236 2323
f 9233 9236 9227
f 2325 9232 9234
f 9232 565 8819
f 9234 8819 2222
f 9232 8819 9234
f 2323 9228 9226
f 9228 2222 8818
f 9226 8818 147
f 9228 8818 9226
f 2325 9234 9236
f 9234 2222 9228
f 9236 9228 2323
f 9234 9228 9236
f 587 9202 9237
f 9202 2316 9240
f 9237 9240 2326
f 9202 9240 9237
f 2316 9201 9235
f 9201 565 9232
f 9235 9232 2325
f 9201 9232 9235
f 2326 9242 9238
f 9242 2325 9233
f 9238 9233 590
f 9242 9233 9238
f 2316 9235 9240
f 9235 2325 9242
f 9240 9242 2326
f 9235 9242 9240
f 156 9591 9563
f 9591 2410 9593
f 9563 9593 2402
f 9591 9593 9563
f 2410 9592 9607
f 9592 609 9604
f 9607 9604 2413
f 9592 9604 9607
f 2402 9605 9564
f 9605 2413 9603
f 9564 9603 607
f 9605 9603 9564
f 2410 9607 9593
f 9607 2413 9605
f 9593 9605 2402
f 9607 9605 9593
f 609 9588 9595
f 9588 2409 9598
f 9595 9598 2411
f 9588 9598 9595
f 2409 9587 9589
f 9587 147 8826
f 9589 8826 2225
f 9587 8826 9589
f 2411 9596 9594
f 9596 2225 8827
f 9594 8827 566
f 9596 8827 9594
f 2409 9589 9598
f 9589 2225 9596
f 9598 9596 2411
f 9589 9596 9598
f 607 9566 9560
f 9566 2403 9568
f 9560 9568 2401
f 9566 9568 9560
f 2403 9565 9567
f 9565 566 8825
f 9567 8825 2224
f 9565 8825 9567
f 2401 9561 9559
f 9561 2224 8824
f 9559 8824 40
f 9561 8824 9559
f 2403 9567 9568
f 9567 2224 9561
f 9568 9561 2401
f 9567 9561 9568
f 609 9595 9604
f 9595 2411 9608
f 9604 9608 2413
f 9595 9608 9604
f 2411 9594 9597
f 9594 566 9565
f 9597 9565 2403
f 9594 9565 9597
f 2413 9606 9603
f 9606 2403 9566
f 9603 9566 607
f 9606 9566 9603
f 2411 9597 9608
f 9597 2403 9606
f 9608 9606 2413
f 9597 9606 9608
f 152 9229 9631
f 9229 2324 9634
f 9631 9634 2419
f 9229 9634 9631
f 2324 9230 9646
f 9230 590 9644
f 9646 9644 2422
f 9230 9644 9646
f 2419 9648 9632
f 9648 2422 9645
f 9632 9645 611
f 9648 9645 9632
f 2324 9646 9634
f 9646 2422 9648
f 9634 9648 2419
f 9646 9648 9634
f 590 9227 9599
f 9227 2323 9601
f 9599 9601 2412
f 9227 9601 9599
f 2323 9226 9590
f 9226 147 9587
f 9590 9587 2409
f 9226 9587 9590
f 2412 9602 9600
f 9602 2409 9588
f 9600 9588 609
f 9602 9588 9600
f 2323 9590 9601
f 9590 2409 9602
f 9601 9602 2412
f 9590 9602 9601
f 611 9656 9636
f 9656 2424 9659
f 9636 9659 2420
f 9656 9659 9636
f 2424 9655 9657
f 9655 609 9592
f 9657 9592 2410
f 9655 9592 9657
f 2420 9638 9635
f 9638 2410 9591
f 9635 9591 156
f 9638 9591 9635
f 2424 9657 9659
f 9657 2410 9638
f 9659 9638 2420
f 9657 9638 9659
f 590 9599 9644
f 9599 2412 9647
f 9644 9647 2422
f 9599 9647 9644
f 2412 9600 9658
f 9600 609 9655
f 9658 9655 2424
f 9600 9655 9658
f 2422 9660 9645
f 9660 2424 9656
f 9645 9656 611
f 9660 9656 9645
f 2412 9658 9647
f 9658 2424 9660
f 9647 9660 2422
f 9658 9660 9647
f 19 8937 3383
f 8937 2252 8939
f 3383 8939 861
f 8937 8939 3383
f 2252 8938 8945
f 8938 573 8943
f 8945 8943 2254
f 8938 8943 8945
f 861 8944 3384
f 8944 2254 8942
f 3384 8942 224
f 8944 8942 3384
f 2252 8945 8939
f 8945 2254 8944
f 8939 8944 861
f 8945 8944 8939
f 573 8941 8971
f 8941 2253 8973
f 8971 8973 2262
f 8941 8973 8971
f 2253 8940 8961
f 8940 149 8959
f 8961 8959 2259
f 8940 8959 8961
f 2262 8975 8972
f 8975 2259 8960
f 8972 8960 575
f 8975 8960 8972
f 2253 8961 8973
f 8961 2259 8975
f 8973 8975 2262
f 8961 8975 8973
f 224 8962 3386
f 8962 2260 8964
f 3386 8964 862
f 8962 8964 3386
f 2260 8963 8966
f 8963 575 8956
f 8966 8956 2258
f 8963 8956 8966
f 862 8957 3385
f 8957 2258 8955
f 3385 8955 61
f 8957 8955 3385
f 2260 8966 8964
f 8966 2258 8957
f 8964 8957 862
f 8966 8957 8964
f 573 8971 8943
f 8971 2262 8974
f 8943 8974 2254
f 8971 8974 8943
f 2262 8972 8976
f 8972 575 8963
f 8976 8963 2260
f 8972 8963 8976
f 2254 8965 8942
f 8965 2260 8962
f 8942 8962 224
f 8965 8962 8942
f 2262 8976 8974
f 8976 2260 8965
f 8974 8965 2254
f 8976 8965 8974
f 149 8949 8981
f 8949 2256 8983
f 8981 8983 2264
f 8949 8983 8981
f 2256 8950 8997
f 8950 574 8995
f 8997 8995 2267
f 8950 8995 8997
f 2264 8999 8982
f 8999 2267 8996
f 8982 8996 576
f 8999 8996 8982
f 2256 8997 8983
f 8997 2267 8999
f 8983 8999 2264
f 8997 8999 8983
f 574 8947 8952
f 8947 2255 8954
f 8952 8954 2257
f 8947 8954 8952
f 2255 8946 8948
f 8946 40 8777
f 8948 8777 2211
f 8946 8777 8948
f 2257 8953 8951
f 8953 2211 8778
f 8951 8778 562
f 8953 8778 8951
f 2255 8948 8954
f 8948 2211 8953
f 8954 8953 2257
f 8948 8953 8954
f 576 8986 8978
f 8986 2265 8989
f 8978 8989 2263
f 8986 8989 8978
f 2265 8985 8987
f 8985 562 8780
f 8987 8780 2212
f 8985 8780 8987
f 2263 8979 8977
f 8979 2212 8779
f 8977 8779 146
f 8979 8779 8977
f 2265 8987 8989
f 8987 2212 8979
f 8989 8979 2263
f 8987 8979 8989
f 574 8952 8995
f 8952 2257 8998
f 8995 8998 2267
f 8952 8998 8995
f 2257 8951 8988
f 8951 562 8985
f 8988 8985 2265
f 8951 8985 8988
f 2267 9000 8996
f 9000 2265 8986
f 8996 8986 576
f 9000 8986 8996
f 2257 8988 8998
f 8988 2265 9000
f 8998 9000 2267
f 8988 9000 8998
f 61 8798 3381
f 8798 2217 8800
f 3381 8800 860
f 8798 8800 3381
f 2217 8799 8808
f 8799 564 8805
f 8808 8805 2219
f 8799 8805 8808
f 860 8806 3382
f 8806 2219 8804
f 3382 8804 223
f 8806 8804 3382
f 2217 8808 8800
f 8808 2219 8806
f 8800 8806 860
f 8808 8806 8800
f 564 8802 8810
f 8802 2218 8813
f 8810 8813 2220
f 8802 8813 8810
f 2218 8801 8803
f 8801 146 8767
f 8803 8767 2208
f 8801 8767 8803
f 2220 8811 8809
f 8811 2208 8768
f 8809 8768 561
f 8811 8768 8809
f 2218 8803 8813
f 8803 2208 8811
f 8813 8811 2220
f 8803 8811 8813
f 223 8773 3380
f 8773 2210 8775
f 3380 8775 859
f 8773 8775 3380
f 2210 8774 8776
f 8774 561 8764
f 8776 8764 2207
f 8774 8764 8776
f 859 8766 3379
f 8766 2207 8763
f 3379 8763 5
f 8766 8763 3379
f 2210 8776 8775
f 8776 2207 8766
f 8775 8766 859
f 8776 8766 8775
f 564 8810 8805
f 8810 2220 8814
f 8805 8814 2219
f 8810 8814 8805
f 2220 8809 8812
f 8809 561 8774
f 8812 8774 2210
f 8809 8774 8812
f 2219 8807 8804
f 8807 2210 8773
f 8804 8773 223
f 8807 8773 8804
f 2220 8812 8814
f 8812 2210 8807
f 8814 8807 2219
f 8812 8807 8814
f 149 8981 8959
f 8981 2264 8984
f 8959 8984 2259
f 8981 8984 8959
f 2264 8982 9005
f 8982 576 9002
f 9005 9002 2268
f 8982 9002 9005
f 2259 9003 8960
f 9003 2268 9001
f 8960 9001 575
f 9003 9001 8960
f 2264 9005 8984
f 9005 2268 9003
f 8984 9003 2259
f 9005 9003 8984
f 576 8978 8991
f 8978 2263 8994
f 8991 8994 2266
f 8978 8994 8991
f 2263 8977 8980
f 8977 146 8801
f 8980 8801 2218
f 8977 8801 8980
f 2266 8992 8990
f 8992 2218 8802
f 8990 8802 564
f 8992 8802 8990
f 2263 8980 8994
f 8980 2218 8992
f 8994 8992 2266
f 8980 8992 8994
f 575 8968 8956
f 8968 2261 8970
f 8956 8970 2258
f 8968 8970 8956
f 2261 8967 8969
f 8967 564 8799
f 8969 8799 2217
f 8967 8799 8969
f 2258 8958 8955
f 8958 2217 8798
f 8955 8798 61
f 8958 8798 8955
f 2261 8969 8970
f 8969 2217 8958
f 8970 8958 2258
f 8969 8958 8970
f 576 8991 9002
f 8991 2266 9006
f 9002 9006 2268
f 8991 9006 9002
f 2266 8990 8993
f 8990 564 8967
f 8993 8967 2261
f 8990 8967 8993
f 2268 9004 9001
f 9004 2261 8968
f 9001 8968 575
f 9004 8968 9001
f 2266 8993 9006
f 8993 2261 9004
f 9006 9004 2268
f 8993 9004 9006
f 41 9573 9349
f 9573 2405 9576
f 9349 9576 2353
f 9573 9576 9349
f 2405 9574 9586
f 9574 608 9584
f 9586 9584 2408
f 9574 9584 9586
f 2353 9585 9350
f 9585 2408 9583
f 9350 9583 597
f 9585 9583 9350
f 2405 9586 9576
f 9586 2408 9585
f 9576 9585 2353
f 9586 9585 9576
f 608 9578 9679
f 9578 2406 9681
f 9679 9681 2429
f 9578 9681 9679
f 2406 9577 9667
f 9577 156 9665
f 9667 9665 2426
f 9577 9665 9667
f 2429 9683 9680
f 9683 2426 9666
f 9680 9666 612
f 9683 9666 9680
f 2406 9667 9681
f 9667 2426 9683
f 9681 9683 2429
f 9667 9683 9681
f 597 9669 9353
f 9669 2427 9671
f 9353 9671 2354
f 9669 9671 9353
f 2427 9670 9673
f 9670 612 9662
f 9673 9662 2425
f 9670 9662 9673
f 2354 9663 9352
f 9663 2425 9661
f 9352 9661 154
f 9663 9661 9352
f 2427 9673 9671
f 9673 2425 9663
f 9671 9663 2354
f 9673 9663 9671
f 608 9679 9584
f 9679 2429 9682
f 9584 9682 2408
f 9679 9682 9584
f 2429 9680 9684
f 9680 612 9670
f 9684 9670 2427
f 9680 9670 9684
f 2408 9672 9583
f 9672 2427 9669
f 9583 9669 597
f 9672 9669 9583
f 2429 9684 9682
f 9684 2427 9672
f 9682 9672 2408
f 9684 9672 9682
f 156 9563 9613
f 9563 2402 9615
f 9613 9615 2415
f 9563 9615 9613
f 2402 9564 9627
f 9564 607 9625
f 9627 9625 2418
f 9564 9625 9627
f 2415 9629 9614
f 9629 2418 9626
f 9614 9626 610
f 9629 9626 9614
f 2402 9627 9615
f 9627 2418 9629
f 9615 9629 2415
f 9627 9629 9615
f 607 9560 9570
f 9560 2401 9572
f 9570 9572 2404
f 9560 9572 9570
f 2401 9559 9562
f 9559 40 8946
f 9562 8946 2255
f 9559 8946 9562
f 2404 9571 9569
f 9571 2255 8947
f 9569 8947 574
f 9571 8947 9569
f 2401 9562 9572
f 9562 2255 9571
f 9572 9571 2404
f 9562 9571 9572
f 610 9617 9610
f 9617 2416 9620
f 9610 9620 2414
f 9617 9620 9610
f 2416 9616 9618
f 9616 574 8950
f 9618 8950 2256
f 9616 8950 9618
f 2414 9611 9609
f 9611 2256 8949
f 9609 8949 149
f 9611 8949 9609
f 2416 9618 9620
f 9618 2256 9611
f 9620 9611 2414
f 9618 9611 9620
f 607 9570 9625
f 9570 2404 9628
f 9625 9628 2418
f 9570 9628 9625
f 2404 9569 9619
f 9569 574 9616
f 9619 9616 2416
f 9569 9616 9619
f 2418 9630 9626
f 9630 2416 9617
f 9626 9617 610
f 9630 9617 9626
f 2404 9619 9628
f 9619 2416 9630
f 9628 9630 2418
f 9619 9630 9628
f 154 9383 9339
f 9383 2362 9385
f 9339 9385 2350
f 9383 9385 9339
f 2362 9384 9395
f 9384 599 9392
f 9395 9392 2364
f 9384 9392 9395
f 2350 9393 9340
f 9393 2364 9391
f 9340 9391 596
f 9393 9391 9340
f 2362 9395 9385
f 9395 2364 9393
f 9385 9393 2350
f 9395 9393 9385
f 599 9381 9387
f 9381 2361 9390
f 9387 9390 2363
f 9381 9390 9387
f 2361 9380 9382
f 9380 149 8940
f 9382 8940 2253
f 9380 8940 9382
f 2363 9388 9386
f 9388 2253 8941
f 9386 8941 573
f 9388 8941 9386
f 2361 9382 9390
f 9382 2253 9388
f 9390 9388 2363
f 9382 9388 9390
f 596 9346 9336
f 9346 2352 9348
f 9336 9348 2349
f 9346 9348 9336
f 2352 9345 9347
f 9345 573 8938
f 9347 8938 2252
f 9345 8938 9347
f 2349 9338 9335
f 9338 2252 8937
f 9335 8937 19
f 9338 8937 9335
f 2352 9347 9348
f 9347 2252 9338
f 9348 9338 2349
f 9347 9338 9348
f 599 9387 9392
f 9387 2363 9396
f 9392 9396 2364
f 9387 9396 9392
f 2363 9386 9389
f 9386 573 9345
f 9389 9345 2352
f 9386 9345 9389
f 2364 9394 9391
f 9394 2352 9346
f 9391 9346 596
f 9394 9346 9391
f 2363 9389 9396
f 9389 2352 9394
f 9396 9394 2364
f 9389 9394 9396
f 156 9613 9665
f 9613 2415 9668
f 9665 9668 2426
f 9613 9668 9665
f 2415 9614 9687
f 9614 610 9685
f 9687 9685 2430
f 9614 9685 9687
f 2426 9689 9666
f 9689 2430 9686
f 9666 9686 612
f 9689 9686 9666
f 2415 9687 9668
f 9687 2430 9689
f 9668 9689 2426
f 9687 9689 9668
f 610 9610 9622
f 9610 2414 9624
f 9622 9624 2417
f 9610 9624 9622
f 2414 9609 9612
f 9609 149 9380
f 9612 9380 2361
f 9609 9380 9612
f 2417 9623 9621
f 9623 2361 9381
f 9621 9381 599
f 9623 9381 9621
f 2414 9612 9624
f 9612 2361 9623
f 9624 9623 2417
f 9612 9623 9624
f 612 9675 9662
f 9675 2428 9678
f 9662 9678 2425
f 9675 9678 9662
f 2428 9674 9676
f 9674 599 9384
f 9676 9384 2362
f 9674 9384 9676
f 2425 9664 9661
f 9664 2362 9383
f 9661 9383 154
f 9664 9383 9661
f 2428 9676 9678
f 9676 2362 9664
f 9678 9664 2425
f 9676 9664 9678
f 610 9622 9685
f 9622 2417 9688
f 9685 9688 2430
f 9622 9688 9685
f 2417 9621 9677
f 9621 599 9674
f 9677 9674 2428
f 9621 9674 9677
f 2430 9690 9686
f 9690 2428 9675
f 9686 9675 612
f 9690 9675 9686
f 2417 9677 9688
f 9677 2428 9690
f 9688 9690 2430
f 9677 9690 9688
f 12 9743 8615
f 9743 2445 9746
f 8615 9746 2169
f 9743 9746 8615
f 2445 9744 9756
f 9744 617 9754
f 9756 9754 2448
f 9744 9754 9756
f 2169 9755 8616
f 9755 2448 9753
f 8616 9753 551
f 9755 9753 8616
f 2445 9756 9746
f 9756 2448 9755
f 9746 9755 2169
f 9756 9755 9746
f 617 9748 9789
f 9748 2446 9791
f 9789 9791 2458
f 9748 9791 9789
f 2446 9747 9783
f 9747 158 9781
f 9783 9781 2456
f 9747 9781 9783
f 2458 9793 9790
f 9793 2456 9782
f 9790 9782 620
f 9793 9782 9790
f 2446 9783 9791
f 9783 2456 9793
f 9791 9793 2458
f 9783 9793 9791
f 551 9784 8618
f 9784 2457 9786
f 8618 9786 2170
f 9784 9786 8618
f 2457 9785 9788
f 9785 620 9779
f 9788 9779 2455
f 9785 9779 9788
f 2170 9780 8617
f 9780 2455 9778
f 8617 9778 143
f 9780 9778 8617
f 2457 9788 9786
f 9788 2455 9780
f 9786 9780 2170
f 9788 9780 9786
f 617 9789 9754
f 9789 2458 9792
f 9754 9792 2448
f 9789 9792 9754
f 2458 9790 9794
f 9790 620 9785
f 9794 9785 2457
f 9790 9785 9794
f 2448 9787 9753
f 9787 2457 9784
f 9753 9784 551
f 9787 9784 9753
f 2458 9794 9792
f 9794 2457 9787
f 9792 9787 2448
f 9794 9787 9792
f 158 9759 10183
f 9759 2450 10185
f 10183 10185 2551
f 9759 10185 10183
f 2450 9760 10193
f 9760 618 10191
f 10193 10191 2553
f 9760 10191 10193
f 2551 10195 10184
f 10195 2553 10192
f 10184 10192 641
f 10195 10192 10184
f 2450 10193 10185
f 10193 2553 10195
f 10185 10195 2551
f 10193 10195 10185
f 618 9758 10131
f 9758 2449 10133
f 10131 10133 2539
f 9758 10133 10131
f 2449 9757 10127
f 9757 42 10125
f 10127 10125 2537
f 9757 10125 10127
f 2539 10134 10132
f 10134 2537 10126
f 10132 10126 638
f 10134 10126 10132
f 2449 10127 10133
f 10127 2537 10134
f 10133 10134 2539
f 10127 10134 10133
f 641 10202 10188
f 10202 2555 10205
f 10188 10205 2552
f 10202 10205 10188
f 2555 10201 10203
f 10201 638 10130
f 10203 10130 2538
f 10201 10130 10203
f 2552 10189 10187
f 10189 2538 10129
f 10187 10129 162
f 10189 10129 10187
f 2555 10203 10205
f 10203 2538 10189
f 10205 10189 2552
f 10203 10189 10205
f 618 10131 10191
f 10131 2539 10194
f 10191 10194 2553
f 10131 10194 10191
f 2539 10132 10204
f 10132 638 10201
f 10204 10201 2555
f 10132 10201 10204
f 2553 10206 10192
f 10206 2555 10202
f 10192 10202 641
f 10206 10202 10192
f 2539 10204 10194
f 10204 2555 10206
f 10194 10206 2553
f 10204 10206 10194
f 143 10139 8621
f 10139 2541 10141
f 8621 10141 2172
f 10139 10141 8621
f 2541 10140 10150
f 10140 639 10147
f 10150 10147 2543
f 10140 10147 10150
f 2172 10148 8622
f 10148 2543 10146
f 8622 10146 552
f 10148 10146 8622
f 2541 10150 10141
f 10150 2543 10148
f 10141 10148 2172
f 10150 10148 10141
f 639 10144 10156
f 10144 2542 10159
f 10156 10159 2545
f 10144 10159 10156
f 2542 10143 10145
f 10143 162 10115
f 10145 10115 2534
f 10143 10115 10145
f 2545 10157 10155
f 10157 2534 10116
f 10155 10116 637
f 10157 10116 10155
f 2542 10145 10159
f 10145 2534 10157
f 10159 10157 2545
f 10145 10157 10159
f 552 10117 8620
f 10117 2535 10119
f 8620 10119 2171
f 10117 10119 8620
f 2535 10118 10120
f 10118 637 10112
f 10120 10112 2533
f 10118 10112 10120
f 2171 10113 8619
f 10113 2533 10111
f 8619 10111 39
f 10113 10111 8619
f 2535 10120 10119
f 10120 2533 10113
f 10119 10113 2171
f 10120 10113 10119
f 639 10156 10147
f 10156 2545 10160
f 10147 10160 2543
f 10156 10160 10147
f 2545 10155 10158
f 10155 637 10118
f 10158 10118 2535
f 10155 10118 10158
f 2543 10149 10146
f 10149 2535 10117
f 10146 10117 552
f 10149 10117 10146
f 2545 10158 10160
f 10158 2535 10149
f 10160 10149 2543
f 10158 10149 10160
f 158 10183 9781
f 10183 2551 10186
f 9781 10186 2456
f 10183 10186 9781
f 2551 10184 10200
f 10184 641 10197
f 10200 10197 2554
f 10184 10197 10200
f 2456 10198 9782
f 10198 2554 10196
f 9782 10196 620
f 10198 10196 9782
f 2551 10200 10186
f 10200 2554 10198
f 10186 10198 2456
f 10200 10198 10186
f 641 10188 10208
f 10188 2552 10211
f 10208 10211 2556
f 10188 10211 10208
f 2552 10187 10190
f 10187 162 10143
f 10190 10143 2542
f 10187 10143 10190
f 2556 10209 10207
f 10209 2542 10144
f 10207 10144 639
f 10209 10144 10207
f 2552 10190 10211
f 10190 2542 10209
f 10211 10209 2556
f 10190 10209 10211
f 620 10151 9779
f 10151 2544 10153
f 9779 10153 2455
f 10151 10153 9779
f 2544 10152 10154
f 10152 639 10140
f 10154 10140 2541
f 10152 10140 10154
f 2455 10142 9778
f 10142 2541 10139
f 9778 10139 143
f 10142 10139 9778
f 2544 10154 10153
f 10154 2541 10142
f 10153 10142 2455
f 10154 10142 10153
f 641 10208 10197
f 10208 2556 10212
f 10197 10212 2554
f 10208 10212 10197
f 2556 10207 10210
f 10207 639 10152
f 10210 10152 2544
f 10207 10152 10210
f 2554 10199 10196
f 10199 2544 10151
f 10196 10151 620
f 10199 10151 10196
f 2556 10210 10212
f 10210 2544 10199
f 10212 10199 2554
f 10210 10199 10212
f 42 9705 9901
f 9705 2435 9903
f 9901 9903 2485
f 9705 9903 9901
f 2435 9706 9908
f 9706 614 9906
f 9908 9906 2487
f 9706 9906 9908
f 2485 9909 9902
f 9909 2487 9907
f 9902 9907 627
f 9909 9907 9902
f 2435 9908 9903
f 9908 2487 9909
f 9903 9909 2485
f 9908 9909 9903
f 614 9708 9957
f 9708 2436 9959
f 9957 9959 2499
f 9708 9959 9957
f 2436 9707 9951
f 9707 157 9949
f 9951 9949 2497
f 9707 9949 9951
f 2499 9961 9958
f 9961 2497 9950
f 9958 9950 630
f 9961 9950 9958
f 2436 9951 9959
f 9951 2497 9961
f 9959 9961 2499
f 9951 9961 9959
f 627 9967 9905
f 9967 2501 9969
f 9905 9969 2486
f 9967 9969 9905
f 2501 9968 9971
f 9968 630 9954
f 9971 9954 2498
f 9968 9954 9971
f 2486 9955 9904
f 9955 2498 9953
f 9904 9953 160
f 9955 9953 9904
f 2501 9971 9969
f 9971 2498 9955
f 9969 9955 2486
f 9971 9955 9969
f 614 9957 9906
f 9957 2499 9960
f 9906 9960 2487
f 9957 9960 9906
f 2499 9958 9972
f 9958 630 9968
f 9972 9968 2501
f 9958 9968 9972
f 2487 9970 9907
f 9970 2501 9967
f 9907 9967 627
f 9970 9967 9907
f 2499 9972 9960
f 9972 2501 9970
f 9960 9970 2487
f 9972 9970 9960
f 157 9695 9729
f 9695 2432 9731
f 9729 9731 2442
f 9695 9731 9729
f 2432 9696 9739
f 9696 613 9737
f 9739 9737 2444
f 9696 9737 9739
f 2442 9741 9730
f 9741 2444 9738
f 9730 9738 616
f 9741 9738 9730
f 2432 9739 9731
f 9739 2444 9741
f 9731 9741 2442
f 9739 9741 9731
f 613 9692 9702
f 9692 2431 9704
f 9702 9704 2434
f 9692 9704 9702
f 2431 9691 9694
f 9691 11 7357
f 9694 7357 1858
f 9691 7357 9694
f 2434 9703 9701
f 9703 1858 7358
f 9701 7358 475
f 9703 7358 9701
f 2431 9694 9704
f 9694 1858 9703
f 9704 9703 2434
f 9694 9703 9704
f 616 9733 9727
f 9733 2443 9736
f 9727 9736 2441
f 9733 9736 9727
f 2443 9732 9734
f 9732 475 7360
f 9734 7360 1859
f 9732 7360 9734
f 2441 9728 9726
f 9728 1859 7359
f 9726 7359 125
f 9728 7359 9726
f 2443 9734 9736
f 9734 1859 9728
f 9736 9728 2441
f 9734 9728 9736
f 613 9702 9737
f 9702 2434 9740
f 9737 9740 2444
f 9702 9740 9737
f 2434 9701 9735
f 9701 475 9732
f 9735 9732 2443
f 9701 9732 9735
f 2444 9742 9738
f 9742 2443 9733
f 9738 9733 616
f 9742 9733 9738
f 2434 9735 9740
f 9735 2443 9742
f 9740 9742 2444
f 9735 9742 9740
f 160 9914 9891
f 9914 2489 9916
f 9891 9916 2482
f 9914 9916 9891
f 2489 9915 9930
f 9915 628 9927
f 9930 9927 2492
f 9915 9927 9930
f 2482 9928 9892
f 9928 2492 9926
f 9892 9926 626
f 9928 9926 9892
f 2489 9930 9916
f 9930 2492 9928
f 9916 9928 2482
f 9930 9928 9916
f 628 9911 9918
f 9911 2488 9921
f 9918 9921 2490
f 9911 9921 9918
f 2488 9910 9912
f 9910 125 7363
f 9912 7363 1861
f 9910 7363 9912
f 2490 9919 9917
f 9919 1861 7364
f 9917 7364 476
f 9919 7364 9917
f 2488 9912 9921
f 9912 1861 9919
f 9921 9919 2490
f 9912 9919 9921
f 626 9894 9888
f 9894 2483 9896
f 9888 9896 2481
f 9894 9896 9888
f 2483 9893 9895
f 9893 476 7362
f 9895 7362 1860
f 9893 7362 9895
f 2481 9889 9887
f 9889 1860 7361
f 9887 7361 35
f 9889 7361 9887
f 2483 9895 9896
f 9895 1860 9889
f 9896 9889 2481
f 9895 9889 9896
f 628 9918 9927
f 9918 2490 9931
f 9927 9931 2492
f 9918 9931 9927
f 2490 9917 9920
f 9917 476 9893
f 9920 9893 2483
f 9917 9893 9920
f 2492 9929 9926
f 9929 2483 9894
f 9926 9894 626
f 9929 9894 9926
f 2490 9920 9931
f 9920 2483 9929
f 9931 9929 2492
f 9920 9929 9931
f 157 9729 9949
f 9729 2442 9952
f 9949 9952 2497
f 9729 9952 9949
f 2442 9730 9964
f 9730 616 9962
f 9964 9962 2500
f 9730 9962 9964
f 2497 9966 9950
f 9966 2500 9963
f 9950 9963 630
f 9966 9963 9950
f 2442 9964 9952
f 9964 2500 9966
f 9952 9966 2497
f 9964 9966 9952
f 616 9727 9922
f 9727 2441 9924
f 9922 9924 2491
f 9727 9924 9922
f 2441 9726 9913
f 9726 125 9910
f 9913 9910 2488
f 9726 9910 9913
f 2491 9925 9923
f 9925 2488 9911
f 9923 9911 628
f 9925 9911 9923
f 2441 9913 9924
f 9913 2488 9925
f 9924 9925 2491
f 9913 9925 9924
f 630 9974 9954
f 9974 2502 9977
f 9954 9977 2498
f 9974 9977 9954
f 2502 9973 9975
f 9973 628 9915
f 9975 9915 2489
f 9973 9915 9975
f 2498 9956 9953
f 9956 2489 9914
f 9953 9914 160
f 9956 9914 9953
f 2502 9975 9977
f 9975 2489 9956
f 9977 9956 2498
f 9975 9956 9977
f 616 9922 9962
f 9922 2491 9965
f 9962 9965 2500
f 9922 9965 9962
f 2491 9923 9976
f 9923 628 9973
f 9976 9973 2502
f 9923 9973 9976
f 2500 9978 9963
f 9978 2502 9974
f 9963 9974 630
f 9978 9974 9963
f 2491 9976 9965
f 9976 2502 9978
f 9965 9978 2500
f 9976 9978 9965
f 39 8702 8577
f 8702 2193 8704
f 8577 8704 2159
f 8702 8704 8577
f 2193 8703 8710
f 8703 558 8708
f 8710 8708 2195
f 8703 8708 8710
f 2159 8709 8578
f 8709 2195 8707
f 8578 8707 548
f 8709 8707 8578
f 2193 8710 8704
f 8710 2195 8709
f 8704 8709 2159
f 8710 8709 8704
f 558 8706 8751
f 8706 2194 8753
f 8751 8753 2205
f 8706 8753 8751
f 2194 8705 8739
f 8705 145 8737
f 8739 8737 2202
f 8705 8737 8739
f 2205 8755 8752
f 8755 2202 8738
f 8752 8738 560
f 8755 8738 8752
f 2194 8739 8753
f 8739 2202 8755
f 8753 8755 2205
f 8739 8755 8753
f 548 8741 8580
f 8741 2203 8743
f 8580 8743 2160
f 8741 8743 8580
f 2203 8742 8745
f 8742 560 8734
f 8745 8734 2201
f 8742 8734 8745
f 2160 8735 8579
f 8735 2201 8733
f 8579 8733 142
f 8735 8733 8579
f 2203 8745 8743
f 8745 2201 8735
f 8743 8735 2160
f 8745 8735 8743
f 558 8751 8708
f 8751 2205 8754
f 8708 8754 2195
f 8751 8754 8708
f 2205 8752 8756
f 8752 560 8742
f 8756 8742 2203
f 8752 8742 8756
f 2195 8744 8707
f 8744 2203 8741
f 8707 8741 548
f 8744 8741 8707
f 2205 8756 8754
f 8756 2203 8744
f 8754 8744 2195
f 8756 8744 8754
f 145 8696 8715
f 8696 2191 8717
f 8715 8717 2197
f 8696 8717 8715
f 2191 8697 8729
f 8697 557 8727
f 8729 8727 2200
f 8697 8727 8729
f 2197 8731 8716
f 8731 2200 8728
f 8716 8728 559
f 8731 8728 8716
f 2191 8729 8717
f 8729 2200 8731
f 8717 8731 2197
f 8729 8731 8717
f 557 8694 8699
f 8694 2190 8701
f 8699 8701 2192
f 8694 8701 8699
f 2190 8693 8695
f 8693 35 7336
f 8695 7336 1852
f 8693 7336 8695
f 2192 8700 8698
f 8700 1852 7337
f 8698 7337 473
f 8700 7337 8698
f 2190 8695 8701
f 8695 1852 8700
f 8701 8700 2192
f 8695 8700 8701
f 559 8719 8712
f 8719 2198 8722
f 8712 8722 2196
f 8719 8722 8712
f 2198 8718 8720
f 8718 473 7339
f 8720 7339 1853
f 8718 7339 8720
f 2196 8713 8711
f 8713 1853 7338
f 8711 7338 124
f 8713 7338 8711
f 2198 8720 8722
f 8720 1853 8713
f 8722 8713 2196
f 8720 8713 8722
f 557 8699 8727
f 8699 2192 8730
f 8727 8730 2200
f 8699 8730 8727
f 2192 8698 8721
f 8698 473 8718
f 8721 8718 2198
f 8698 8718 8721
f 2200 8732 8728
f 8732 2198 8719
f 8728 8719 559
f 8732 8719 8728
f 2192 8721 8730
f 8721 2198 8732
f 8730 8732 2200
f 8721 8732 8730
f 142 8601 8567
f 8601 2166 8603
f 8567 8603 2156
f 8601 8603 8567
f 2166 8602 8613
f 8602 550 8610
f 8613 8610 2168
f 8602 8610 8613
f 2156 8611 8568
f 8611 2168 8609
f 8568 8609 547
f 8611 8609 8568
f 2166 8613 8603
f 8613 2168 8611
f 8603 8611 2156
f 8613 8611 8603
f 550 8599 8605
f 8599 2165 8608
f 8605 8608 2167
f 8599 8608 8605
f 2165 8598 8600
f 8598 124 7330
f 8600 7330 1850
f 8598 7330 8600
f 2167 8606 8604
f 8606 1850 7331
f 8604 7331 472
f 8606 7331 8604
f 2165 8600 8608
f 8600 1850 8606
f 8608 8606 2167
f 8600 8606 8608
f 547 8574 8564
f 8574 2158 8576
f 8564 8576 2155
f 8574 8576 8564
f 2158 8573 8575
f 8573 472 7328
f 8575 7328 1849
f 8573 7328 8575
f 2155 8566 8563
f 8566 1849 7327
f 8563 7327 3
f 8566 7327 8563
f 2158 8575 8576
f 8575 1849 8566
f 8576 8566 2155
f 8575 8566 8576
f 550 8605 8610
f 8605 2167 8614
f 8610 8614 2168
f 8605 8614 8610
f 2167 8604 8607
f 8604 472 8573
f 8607 8573 2158
f 8604 8573 8607
f 2168 8612 8609
f 8612 2158 8574
f 8609 8574 547
f 8612 8574 8609
f 2167 8607 8614
f 8607 2158 8612
f 8614 8612 2168
f 8607 8612 8614
f 145 8715 8737
f 8715 2197 8740
f 8737 8740 2202
f 8715 8740 8737
f 2197 8716 8759
f 8716 559 8757
f 8759 8757 2206
f 8716 8757 8759
f 2202 8761 8738
f 8761 2206 8758
f 8738 8758 560
f 8761 8758 8738
f 2197 8759 8740
f 8759 2206 8761
f 8740 8761 2202
f 8759 8761 8740
f 559 8712 8724
f 8712 2196 8726
f 8724 8726 2199
f 8712 8726 8724
f 2196 8711 8714
f 8711 124 8598
f 8714 8598 2165
f 8711 8598 8714
f 2199 8725 8723
f 8725 2165 8599
f 8723 8599 550
f 8725 8599 8723
f 2196 8714 8726
f 8714 2165 8725
f 8726 8725 2199
f 8714 8725 8726
f 560 8747 8734
f 8747 2204 8750
f 8734 8750 2201
f 8747 8750 8734
f 2204 8746 8748
f 8746 550 8602
f 8748 8602 2166
f 8746 8602 8748
f 2201 8736 8733
f 8736 2166 8601
f 8733 8601 142
f 8736 8601 8733
f 2204 8748 8750
f 8748 2166 8736
f 8750 8736 2201
f 8748 8736 8750
f 559 8724 8757
f 8724 2199 8760
f 8757 8760 2206
f 8724 8760 8757
f 2199 8723 8749
f 8723 550 8746
f 8749 8746 2204
f 8723 8746 8749
f 2206 8762 8758
f 8762 2204 8747
f 8758 8747 560
f 8762 8747 8758
f 2199 8749 8760
f 8749 2204 8762
f 8760 8762 2206
f 8749 8762 8760
f 42 9901 10125
f 9901 2485 10128
f 10125 10128 2537
f 9901 10128 10125
f 2485 9902 10137
f 9902 627 10135
f 10137 10135 2540
f 9902 10135 10137
f 2537 10138 10126
f 10138 2540 10136
f 10126 10136 638
f 10138 10136 10126
f 2485 10137 10128
f 10137 2540 10138
f 10128 10138 2537
f 10137 10138 10128
f 627 9905 10221
f 9905 2486 10223
f 10221 10223 2559
f 9905 10223 10221
f 2486 9904 10215
f 9904 160 10213
f 10215 10213 2557
f 9904 10213 10215
f 2559 10225 10222
f 10225 2557 10214
f 10222 10214 642
f 10225 10214 10222
f 2486 10215 10223
f 10215 2557 10225
f 10223 10225 2559
f 10215 10225 10223
f 638 10231 10130
f 10231 2561 10233
f 10130 10233 2538
f 10231 10233 10130
f 2561 10232 10235
f 10232 642 10218
f 10235 10218 2558
f 10232 10218 10235
f 2538 10219 10129
f 10219 2558 10217
f 10129 10217 162
f 10219 10217 10129
f 2561 10235 10233
f 10235 2558 10219
f 10233 10219 2538
f 10235 10219 10233
f 627 10221 10135
f 10221 2559 10224
f 10135 10224 2540
f 10221 10224 10135
f 2559 10222 10236
f 10222 642 10232
f 10236 10232 2561
f 10222 10232 10236
f 2540 10234 10136
f 10234 2561 10231
f 10136 10231 638
f 10234 10231 10136
f 2559 10236 10224
f 10236 2561 10234
f 10224 10234 2540
f 10236 10234 10224
f 160 9891 9935
f 9891 2482 9937
f 9935 9937 2494
f 9891 9937 9935
f 2482 9892 9945
f 9892 626 9943
f 9945 9943 2496
f 9892 9943 9945
f 2494 9947 9936
f 9947 2496 9944
f 9936 9944 629
f 9947 9944 9936
f 2482 9945 9937
f 9945 2496 9947
f 9937 9947 2494
f 9945 9947 9937
f 626 9888 9898
f 9888 2481 9900
f 9898 9900 2484
f 9888 9900 9898
f 2481 9887 9890
f 9887 35 8693
f 9890 8693 2190
f 9887 8693 9890
f 2484 9899 9897
f 9899 2190 8694
f 9897 8694 557
f 9899 8694 9897
f 2481 9890 9900
f 9890 2190 9899
f 9900 9899 2484
f 9890 9899 9900
f 629 9939 9933
f 9939 2495 9942
f 9933 9942 2493
f 9939 9942 9933
f 2495 9938 9940
f 9938 557 8697
f 9940 8697 2191
f 9938 8697 9940
f 2493 9934 9932
f 9934 2191 8696
f 9932 8696 145
f 9934 8696 9932
f 2495 9940 9942
f 9940 2191 9934
f 9942 9934 2493
f 9940 9934 9942
f 626 9898 9943
f 9898 2484 9946
f 9943 9946 2496
f 9898 9946 9943
f 2484 9897 9941
f 9897 557 9938
f 9941 9938 2495
f 9897 9938 9941
f 2496 9948 9944
f 9948 2495 9939
f 9944 9939 629
f 9948 9939 9944
f 2484 9941 9946
f 9941 2495 9948
f 9946 9948 2496
f 9941 9948 9946
f 162 10165 10115
f 10165 2547 10167
f 10115 10167 2534
f 10165 10167 10115
f 2547 10166 10181
f 10166 640 10178
f 10181 10178 2550
f 10166 10178 10181
f 2534 10179 10116
f 10179 2550 10177
f 10116 10177 637
f 10179 10177 10116
f 2547 10181 10167
f 10181 2550 10179
f 10167 10179 2534
f 10181 10179 10167
f 640 10162 10169
f 10162 2546 10172
f 10169 10172 2548
f 10162 10172 10169
f 2546 10161 10163
f 10161 145 8705
f 10163 8705 2194
f 10161 8705 10163
f 2548 10170 10168
f 10170 2194 8706
f 10168 8706 558
f 10170 8706 10168
f 2546 10163 10172
f 10163 2194 10170
f 10172 10170 2548
f 10163 10170 10172
f 637 10122 10112
f 10122 2536 10124
f 10112 10124 2533
f 10122 10124 10112
f 2536 10121 10123
f 10121 558 8703
f 10123 8703 2193
f 10121 8703 10123
f 2533 10114 10111
f 10114 2193 8702
f 10111 8702 39
f 10114 8702 10111
f 2536 10123 10124
f 10123 2193 10114
f 10124 10114 2533
f 10123 10114 10124
f 640 10169 10178
f 10169 2548 10182
f 10178 10182 2550
f 10169 10182 10178
f 2548 10168 10171
f 10168 558 10121
f 10171 10121 2536
f 10168 10121 10171
f 2550 10180 10177
f 10180 2536 10122
f 10177 10122 637
f 10180 10122 10177
f 2548 10171 10182
f 10171 2536 10180
f 10182 10180 2550
f 10171 10180 10182
f 160 9935 10213
f 9935 2494 10216
f 10213 10216 2557
f 9935 10216 10213
f 2494 9936 10228
f 9936 629 10226
f 10228 10226 2560
f 9936 10226 10228
f 2557 10230 10214
f 10230 2560 10227
f 10214 10227 642
f 10230 10227 10214
f 2494 10228 10216
f 10228 2560 10230
f 10216 10230 2557
f 10228 10230 10216
f 629 9933 10173
f 9933 2493 10175
f 10173 10175 2549
f 9933 10175 10173
f 2493 9932 10164
f 9932 145 10161
f 10164 10161 2546
f 9932 10161 10164
f 2549 10176 10174
f 10176 2546 10162
f 10174 10162 640
f 10176 10162 10174
f 2493 10164 10175
f 10164 2546 10176
f 10175 10176 2549
f 10164 10176 10175
f 642 10238 10218
f 10238 2562 10241
f 10218 10241 2558
f 10238 10241 10218
f 2562 10237 10239
f 10237 640 10166
f 10239 10166 2547
f 10237 10166 10239
f 2558 10220 10217
f 10220 2547 10165
f 10217 10165 162
f 10220 10165 10217
f 2562 10239 10241
f 10239 2547 10220
f 10241 10220 2558
f 10239 10220 10241
f 629 10173 10226
f 10173 2549 10229
f 10226 10229 2560
f 10173 10229 10226
f 2549 10174 10240
f 10174 640 10237
f 10240 10237 2562
f 10174 10237 10240
f 2560 10242 10227
f 10242 2562 10238
f 10227 10238 642
f 10242 10238 10227
f 2549 10240 10229
f 10240 2562 10242
f 10229 10242 2560
f 10240 10242 10229
f 11 7863 7487
f 7863 1985 7866
f 7487 7866 1893
f 7863 7866 7487
f 1985 7864 7876
f 7864 507 7874
f 7876 7874 1988
f 7864 7874 7876
f 1893 7875 7488
f 7875 1988 7873
f 7488 7873 485
f 7875 7873 7488
f 1985 7876 7866
f 7876 1988 7875
f 7866 7875 1893
f 7876 7875 7866
f 507 7868 7909
f 7868 1986 7911
f 7909 7911 1998
f 7868 7911 7909
f 1986 7867 7903
f 7867 133 7901
f 7903 7901 1996
f 7867 7901 7903
f 1998 7913 7910
f 7913 1996 7902
f 7910 7902 510
f 7913 7902 7910
f 1986 7903 7911
f 7903 1996 7913
f 7911 7913 1998
f 7903 7913 7911
f 485 7904 7491
f 7904 1997 7906
f 7491 7906 1894
f 7904 7906 7491
f 1997 7905 7908
f 7905 510 7899
f 7908 7899 1995
f 7905 7899 7908
f 1894 7900 7490
f 7900 1995 7898
f 7490 7898 128
f 7900 7898 7490
f 1997 7908 7906
f 7908 1995 7900
f 7906 7900 1894
f 7908 7900 7906
f 507 7909 7874
f 7909 1998 7912
f 7874 7912 1988
f 7909 7912 7874
f 1998 7910 7914
f 7910 510 7905
f 7914 7905 1997
f 7910 7905 7914
f 1988 7907 7873
f 7907 1997 7904
f 7873 7904 485
f 7907 7904 7873
f 1998 7914 7912
f 7914 1997 7907
f 7912 7907 1988
f 7914 7907 7912
f 133 7879 8303
f 7879 1990 8305
f 8303 8305 2091
f 7879 8305 8303
f 1990 7880 8313
f 7880 508 8311
f 8313 8311 2093
f 7880 8311 8313
f 2091 8315 8304
f 8315 2093 8312
f 8304 8312 531
f 8315 8312 8304
f 1990 8313 8305
f 8313 2093 8315
f 8305 8315 2091
f 8313 8315 8305
f 508 7878 8251
f 7878 1989 8253
f 8251 8253 2079
f 7878 8253 8251
f 1989 7877 8247
f 7877 37 8245
f 8247 8245 2077
f 7877 8245 8247
f 2079 8254 8252
f 8254 2077 8246
f 8252 8246 528
f 8254 8246 8252
f 1989 8247 8253
f 8247 2077 8254
f 8253 8254 2079
f 8247 8254 8253
f 531 8322 8308
f 8322 2095 8325
f 8308 8325 2092
f 8322 8325 8308
f 2095 8321 8323
f 8321 528 8250
f 8323 8250 2078
f 8321 8250 8323
f 2092 8309 8307
f 8309 2078 8249
f 8307 8249 137
f 8309 8249 8307
f 2095 8323 8325
f 8323 2078 8309
f 8325 8309 2092
f 8323 8309 8325
f 508 8251 8311
f 8251 2079 8314
f 8311 8314 2093
f 8251 8314 8311
f 2079 8252 8324
f 8252 528 8321
f 8324 8321 2095
f 8252 8321 8324
f 2093 8326 8312
f 8326 2095 8322
f 8312 8322 531
f 8326 8322 8312
f 2079 8324 8314
f 8324 2095 8326
f 8314 8326 2093
f 8324 8326 8314
f 128 8259 7498
f 8259 2081 8261
f 7498 8261 1897
f 8259 8261 7498
f 2081 8260 8270
f 8260 529 8267
f 8270 8267 2083
f 8260 8267 8270
f 1897 8268 7499
f 8268 2083 8266
f 7499 8266 486
f 8268 8266 7499
f 2081 8270 8261
f 8270 2083 8268
f 8261 8268 1897
f 8270 8268 8261
f 529 8264 8276
f 8264 2082 8279
f 8276 8279 2085
f 8264 8279 8276
f 2082 8263 8265
f 8263 137 8235
f 8265 8235 2074
f 8263 8235 8265
f 2085 8277 8275
f 8277 2074 8236
f 8275 8236 527
f 8277 8236 8275
f 2082 8265 8279
f 8265 2074 8277
f 8279 8277 2085
f 8265 8277 8279
f 486 8237 7497
f 8237 2075 8239
f 7497 8239 1896
f 8237 8239 7497
f 2075 8238 8240
f 8238 527 8232
f 8240 8232 2073
f 8238 8232 8240
f 1896 8233 7496
f 8233 2073 8231
f 7496 8231 36
f 8233 8231 7496
f 2075 8240 8239
f 8240 2073 8233
f 8239 8233 1896
f 8240 8233 8239
f 529 8276 8267
f 8276 2085 8280
f 8267 8280 2083
f 8276 8280 8267
f 2085 8275 8278
f 8275 527 8238
f 8278 8238 2075
f 8275 8238 8278
f 2083 8269 8266
f 8269 2075 8237
f 8266 8237 486
f 8269 8237 8266
f 2085 8278 8280
f 8278 2075 8269
f 8280 8269 2083
f 8278 8269 8280
f 133 8303 7901
f 8303 2091 8306
f 7901 8306 1996
f 8303 8306 7901
f 2091 8304 8320
f 8304 531 8317
f 8320 8317 2094
f 8304 8317 8320
f 1996 8318 7902
f 8318 2094 8316
f 7902 8316 510
f 8318 8316 7902
f 2091 8320 8306
f 8320 2094 8318
f 8306 8318 1996
f 8320 8318 8306
f 531 8308 8328
f 8308 2092 8331
f 8328 8331 2096
f 8308 8331 8328
f 2092 8307 8310
f 8307 137 8263
f 8310 8263 2082
f 8307 8263 8310
f 2096 8329 8327
f 8329 2082 8264
f 8327 8264 529
f 8329 8264 8327
f 2092 8310 8331
f 8310 2082 8329
f 8331 8329 2096
f 8310 8329 8331
f 510 8271 7899
f 8271 2084 8273
f 7899 8273 1995
f 8271 8273 7899
f 2084 8272 8274
f 8272 529 8260
f 8274 8260 2081
f 8272 8260 8274
f 1995 8262 7898
f 8262 2081 8259
f 7898 8259 128
f 8262 8259 7898
f 2084 8274 8273
f 8274 2081 8262
f 8273 8262 1995
f 8274 8262 8273
f 531 8328 8317
f 8328 2096 8332
f 8317 8332 2094
f 8328 8332 8317
f 2096 8327 8330
f 8327 529 8272
f 8330 8272 2084
f 8327 8272 8330
f 2094 8319 8316
f 8319 2084 8271
f 8316 8271 510
f 8319 8271 8316
f 2096 8330 8332
f 8330 2084 8319
f 8332 8319 2094
f 8330 8319 8332
f 37 7825 8021
f 7825 1975 8023
f 8021 8023 2025
f 7825 8023 8021
f 1975 7826 8028
f 7826 504 8026
f 8028 8026 2027
f 7826 8026 8028
f 2025 8029 8022
f 8029 2027 8027
f 8022 8027 517
f 8029 8027 8022
f 1975 8028 8023
f 8028 2027 8029
f 8023 8029 2025
f 8028 8029 8023
f 504 7828 8077
f 7828 1976 8079
f 8077 8079 2039
f 7828 8079 8077
f 1976 7827 8071
f 7827 132 8069
f 8071 8069 2037
f 7827 8069 8071
f 2039 8081 8078
f 8081 2037 8070
f 8078 8070 520
f 8081 8070 8078
f 1976 8071 8079
f 8071 2037 8081
f 8079 8081 2039
f 8071 8081 8079
f 517 8087 8025
f 8087 2041 8089
f 8025 8089 2026
f 8087 8089 8025
f 2041 8088 8091
f 8088 520 8074
f 8091 8074 2038
f 8088 8074 8091
f 2026 8075 8024
f 8075 2038 8073
f 8024 8073 135
f 8075 8073 8024
f 2041 8091 8089
f 8091 2038 8075
f 8089 8075 2026
f 8091 8075 8089
f 504 8077 8026
f 8077 2039 8080
f 8026 8080 2027
f 8077 8080 8026
f 2039 8078 8092
f 8078 520 8088
f 8092 8088 2041
f 8078 8088 8092
f 2027 8090 8027
f 8090 2041 8087
f 8027 8087 517
f 8090 8087 8027
f 2039 8092 8080
f 8092 2041 8090
f 8080 8090 2027
f 8092 8090 8080
f 132 7815 7849
f 7815 1972 7851
f 7849 7851 1982
f 7815 7851 7849
f 1972 7816 7859
f 7816 503 7857
f 7859 7857 1984
f 7816 7857 7859
f 1982 7861 7850
f 7861 1984 7858
f 7850 7858 506
f 7861 7858 7850
f 1972 7859 7851
f 7859 1984 7861
f 7851 7861 1982
f 7859 7861 7851
f 503 7812 7822
f 7812 1971 7824
f 7822 7824 1974
f 7812 7824 7822
f 1971 7811 7814
f 7811 8 4187
f 7814 4187 1071
f 7811 4187 7814
f 1974 7823 7821
f 7823 1071 4188
f 7821 4188 281
f 7823 4188 7821
f 1971 7814 7824
f 7814 1071 7823
f 7824 7823 1974
f 7814 7823 7824
f 506 7853 7847
f 7853 1983 7856
f 7847 7856 1981
f 7853 7856 7847
f 1983 7852 7854
f 7852 281 4190
f 7854 4190 1072
f 7852 4190 7854
f 1981 7848 7846
f 7848 1072 4189
f 7846 4189 78
f 7848 4189 7846
f 1983 7854 7856
f 7854 1072 7848
f 7856 7848 1981
f 7854 7848 7856
f 503 7822 7857
f 7822 1974 7860
f 7857 7860 1984
f 7822 7860 7857
f 1974 7821 7855
f 7821 281 7852
f 7855 7852 1983
f 7821 7852 7855
f 1984 7862 7858
f 7862 1983 7853
f 7858 7853 506
f 7862 7853 7858
f 1974 7855 7860
f 7855 1983 7862
f 7860 7862 1984
f 7855 7862 7860
f 135 8034 8011
f 8034 2029 8036
f 8011 8036 2022
f 8034 8036 8011
f 2029 8035 8050
f 8035 518 8047
f 8050 8047 2032
f 8035 8047 8050
f 2022 8048 8012
f 8048 2032 8046
f 8012 8046 516
f 8048 8046 8012
f 2029 8050 8036
f 8050 2032 8048
f 8036 8048 2022
f 8050 8048 8036
f 518 8031 8038
f 8031 2028 8041
f 8038 8041 2030
f 8031 8041 8038
f 2028 8030 8032
f 8030 78 4193
f 8032 4193 1074
f 8030 4193 8032
f 2030 8039 8037
f 8039 1074 4194
f 8037 4194 282
f 8039 4194 8037
f 2028 8032 8041
f 8032 1074 8039
f 8041 8039 2030
f 8032 8039 8041
f 516 8014 8008
f 8014 2023 8016
f 8008 8016 2021
f 8014 8016 8008
f 2023 8013 8015
f 8013 282 4192
f 8015 4192 1073
f 8013 4192 8015
f 2021 8009 8007
f 8009 1073 4191
f 8007 4191 24
f 8009 4191 8007
f 2023 8015 8016
f 8015 1073 8009
f 8016 8009 2021
f 8015 8009 8016
f 518 8038 8047
f 8038 2030 8051
f 8047 8051 2032
f 8038 8051 8047
f 2030 8037 8040
f 8037 282 8013
f 8040 8013 2023
f 8037 8013 8040
f 2032 8049 8046
f 8049 2023 8014
f 8046 8014 516
f 8049 8014 8046
f 2030 8040 8051
f 8040 2023 8049
f 8051 8049 2032
f 8040 8049 8051
f 132 7849 8069
f 7849 1982 8072
f 8069 8072 2037
f 7849 8072 8069
f 1982 7850 8084
f 7850 506 8082
f 8084 8082 2040
f 7850 8082 8084
f 2037 8086 8070
f 8086 2040 8083
f 8070 8083 520
f 8086 8083 8070
f 1982 8084 8072
f 8084 2040 8086
f 8072 8086 2037
f 8084 8086 8072
f 506 7847 8042
f 7847 1981 8044
f 8042 8044 2031
f 7847 8044 8042
f 1981 7846 8033
f 7846 78 8030
f 8033 8030 2028
f 7846 8030 8033
f 2031 8045 8043
f 8045 2028 8031
f 8043 8031 518
f 8045 8031 8043
f 1981 8033 8044
f 8033 2028 8045
f 8044 8045 2031
f 8033 8045 8044
f 520 8094 8074
f 8094 2042 8097
f 8074 8097 2038
f 8094 8097 8074
f 2042 8093 8095
f 8093 518 8035
f 8095 8035 2029
f 8093 8035 8095
f 2038 8076 8073
f 8076 2029 8034
f 8073 8034 135
f 8076 8034 8073
f 2042 8095 8097
f 8095 2029 8076
f 8097 8076 2038
f 8095 8076 8097
f 506 8042 8082
f 8042 2031 8085
f 8082 8085 2040
f 8042 8085 8082
f 2031 8043 8096
f 8043 518 8093
f 8096 8093 2042
f 8043 8093 8096
f 2040 8098 8083
f 8098 2042 8094
f 8083 8094 520
f 8098 8094 8083
f 2031 8096 8085
f 8096 2042 8098
f 8085 8098 2040
f 8096 8098 8085
f 36 7618 7449
f 7618 1927 7620
f 7449 7620 1883
f 7618 7620 7449
f 1927 7619 7626
f 7619 494 7624
f 7626 7624 1929
f 7619 7624 7626
f 1883 7625 7450
f 7625 1929 7623
f 7450 7623 482
f 7625 7623 7450
f 1927 7626 7620
f 7626 1929 7625
f 7620 7625 1883
f 7626 7625 7620
f 494 7622 7667
f 7622 1928 7669
f 7667 7669 1939
f 7622 7669 7667
f 1928 7621 7655
f 7621 130 7653
f 7655 7653 1936
f 7621 7653 7655
f 1939 7671 7668
f 7671 1936 7654
f 7668 7654 496
f 7671 7654 7668
f 1928 7655 7669
f 7655 1936 7671
f 7669 7671 1939
f 7655 7671 7669
f 482 7657 7452
f 7657 1937 7659
f 7452 7659 1884
f 7657 7659 7452
f 1937 7658 7661
f 7658 496 7650
f 7661 7650 1935
f 7658 7650 7661
f 1884 7651 7451
f 7651 1935 7649
f 7451 7649 127
f 7651 7649 7451
f 1937 7661 7659
f 7661 1935 7651
f 7659 7651 1884
f 7661 7651 7659
f 494 7667 7624
f 7667 1939 7670
f 7624 7670 1929
f 7667 7670 7624
f 1939 7668 7672
f 7668 496 7658
f 7672 7658 1937
f 7668 7658 7672
f 1929 7660 7623
f 7660 1937 7657
f 7623 7657 482
f 7660 7657 7623
f 1939 7672 7670
f 7672 1937 7660
f 7670 7660 1929
f 7672 7660 7670
f 130 7612 7631
f 7612 1925 7633
f 7631 7633 1931
f 7612 7633 7631
f 1925 7613 7645
f 7613 493 7643
f 7645 7643 1934
f 7613 7643 7645
f 1931 7647 7632
f 7647 1934 7644
f 7632 7644 495
f 7647 7644 7632
f 1925 7645 7633
f 7645 1934 7647
f 7633 7647 1931
f 7645 7647 7633
f 493 7610 7615
f 7610 1924 7617
f 7615 7617 1926
f 7610 7617 7615
f 1924 7609 7611
f 7609 24 4183
f 7611 4183 1069
f 7609 4183 7611
f 1926 7616 7614
f 7616 1069 4184
f 7614 4184 280
f 7616 4184 7614
f 1924 7611 7617
f 7611 1069 7616
f 7617 7616 1926
f 7611 7616 7617
f 495 7635 7628
f 7635 1932 7638
f 7628 7638 1930
f 7635 7638 7628
f 1932 7634 7636
f 7634 280 4186
f 7636 4186 1070
f 7634 4186 7636
f 1930 7629 7627
f 7629 1070 4185
f 7627 4185 77
f 7629 4185 7627
f 1932 7636 7638
f 7636 1070 7629
f 7638 7629 1930
f 7636 7629 7638
f 493 7615 7643
f 7615 1926 7646
f 7643 7646 1934
f 7615 7646 7643
f 1926 7614 7637
f 7614 280 7634
f 7637 7634 1932
f 7614 7634 7637
f 1934 7648 7644
f 7648 1932 7635
f 7644 7635 495
f 7648 7635 7644
f 1926 7637 7646
f 7637 1932 7648
f 7646 7648 1934
f 7637 7648 7646
f 127 7473 7439
f 7473 1890 7475
f 7439 7475 1880
f 7473 7475 7439
f 1890 7474 7485
f 7474 484 7482
f 7485 7482 1892
f 7474 7482 7485
f 1880 7483 7440
f 7483 1892 7481
f 7440 7481 481
f 7483 7481 7440
f 1890 7485 7475
f 7485 1892 7483
f 7475 7483 1880
f 7485 7483 7475
f 484 7471 7477
f 7471 1889 7480
f 7477 7480 1891
f 7471 7480 7477
f 1889 7470 7472
f 7470 77 4181
f 7472 4181 1068
f 7470 4181 7472
f 1891 7478 7476
f 7478 1068 4182
f 7476 4182 279
f 7478 4182 7476
f 1889 7472 7480
f 7472 1068 7478
f 7480 7478 1891
f 7472 7478 7480
f 481 7446 7436
f 7446 1882 7448
f 7436 7448 1879
f 7446 7448 7436
f 1882 7445 7447
f 7445 279 4180
f 7447 4180 1067
f 7445 4180 7447
f 1879 7438 7435
f 7438 1067 4179
f 7435 4179 7
f 7438 4179 7435
f 1882 7447 7448
f 7447 1067 7438
f 7448 7438 1879
f 7447 7438 7448
f 484 7477 7482
f 7477 1891 7486
f 7482 7486 1892
f 7477 7486 7482
f 1891 7476 7479
f 7476 279 7445
f 7479 7445 1882
f 7476 7445 7479
f 1892 7484 7481
f 7484 1882 7446
f 7481 7446 481
f 7484 7446 7481
f 1891 7479 7486
f 7479 1882 7484
f 7486 7484 1892
f 7479 7484 7486
f 130 7631 7653
f 7631 1931 7656
f 7653 7656 1936
f 7631 7656 7653
f 1931 7632 7675
f 7632 495 7673
f 7675 7673 1940
f 7632 7673 7675
f 1936 7677 7654
f 7677 1940 7674
f 7654 7674 496
f 7677 7674 7654
f 1931 7675 7656
f 7675 1940 7677
f 7656 7677 1936
f 7675 7677 7656
f 495 7628 7640
f 7628 1930 7642
f 7640 7642 1933
f 7628 7642 7640
f 1930 7627 7630
f 7627 77 7470
f 7630 7470 1889
f 7627 7470 7630
f 1933 7641 7639
f 7641 1889 7471
f 7639 7471 484
f 7641 7471 7639
f 1930 7630 7642
f 7630 1889 7641
f 7642 7641 1933
f 7630 7641 7642
f 496 7663 7650
f 7663 1938 7666
f 7650 7666 1935
f 7663 7666 7650
f 1938 7662 7664
f 7662 484 7474
f 7664 7474 1890
f 7662 7474 7664
f 1935 7652 7649
f 7652 1890 7473
f 7649 7473 127
f 7652 7473 7649
f 1938 7664 7666
f 7664 1890 7652
f 7666 7652 1935
f 7664 7652 7666
f 495 7640 7673
f 7640 1933 7676
f 7673 7676 1940
f 7640 7676 7673
f 1933 7639 7665
f 7639 484 7662
f 7665 7662 1938
f 7639 7662 7665
f 1940 7678 7674
f 7678 1938 7663
f 7674 7663 496
f 7678 7663 7674
f 1933 7665 7676
f 7665 1938 7678
f 7676 7678 1940
f 7665 7678 7676
f 37 8021 8245
f 8021 2025 8248
f 8245 8248 2077
f 8021 8248 8245
f 2025 8022 8257
f 8022 517 8255
f 8257 8255 2080
f 8022 8255 8257
f 2077 8258 8246
f 8258 2080 8256
f 8246 8256 528
f 8258 8256 8246
f 2025 8257 8248
f 8257 2080 8258
f 8248 8258 2077
f 8257 8258 8248
f 517 8025 8341
f 8025 2026 8343
f 8341 8343 2099
f 8025 8343 8341
f 2026 8024 8335
f 8024 135 8333
f 8335 8333 2097
f 8024 8333 8335
f 2099 8345 8342
f 8345 2097 8334
f 8342 8334 532
f 8345 8334 8342
f 2026 8335 8343
f 8335 2097 8345
f 8343 8345 2099
f 8335 8345 8343
f 528 8351 8250
f 8351 2101 8353
f 8250 8353 2078
f 8351 8353 8250
f 2101 8352 8355
f 8352 532 8338
f 8355 8338 2098
f 8352 8338 8355
f 2078 8339 8249
f 8339 2098 8337
f 8249 8337 137
f 8339 8337 8249
f 2101 8355 8353
f 8355 2098 8339
f 8353 8339 2078
f 8355 8339 8353
f 517 8341 8255
f 8341 2099 8344
f 8255 8344 2080
f 8341 8344 8255
f 2099 8342 8356
f 8342 532 8352
f 8356 8352 2101
f 8342 8352 8356
f 2080 8354 8256
f 8354 2101 8351
f 8256 8351 528
f 8354 8351 8256
f 2099 8356 8344
f 8356 2101 8354
f 8344 8354 2080
f 8356 8354 8344
f 135 8011 8055
f 8011 2022 8057
f 8055 8057 2034
f 8011 8057 8055
f 2022 8012 8065
f 8012 516 8063
f 8065 8063 2036
f 8012 8063 8065
f 2034 8067 8056
f 8067 2036 8064
f 8056 8064 519
f 8067 8064 8056
f 2022 8065 8057
f 8065 2036 8067
f 8057 8067 2034
f 8065 8067 8057
f 516 8008 8018
f 8008 2021 8020
f 8018 8020 2024
f 8008 8020 8018
f 2021 8007 8010
f 8007 24 7609
f 8010 7609 1924
f 8007 7609 8010
f 2024 8019 8017
f 8019 1924 7610
f 8017 7610 493
f 8019 7610 8017
f 2021 8010 8020
f 8010 1924 8019
f 8020 8019 2024
f 8010 8019 8020
f 519 8059 8053
f 8059 2035 8062
f 8053 8062 2033
f 8059 8062 8053
f 2035 8058 8060
f 8058 493 7613
f 8060 7613 1925
f 8058 7613 8060
f 2033 8054 8052
f 8054 1925 7612
f 8052 7612 130
f 8054 7612 8052
f 2035 8060 8062
f 8060 1925 8054
f 8062 8054 2033
f 8060 8054 8062
f 516 8018 8063
f 8018 2024 8066
f 8063 8066 2036
f 8018 8066 8063
f 2024 8017 8061
f 8017 493 8058
f 8061 8058 2035
f 8017 8058 8061
f 2036 8068 8064
f 8068 2035 8059
f 8064 8059 519
f 8068 8059 8064
f 2024 8061 8066
f 8061 2035 8068
f 8066 8068 2036
f 8061 8068 8066
f 137 8285 8235
f 8285 2087 8287
f 8235 8287 2074
f 8285 8287 8235
f 2087 8286 8301
f 8286 530 8298
f 8301 8298 2090
f 8286 8298 8301
f 2074 8299 8236
f 8299 2090 8297
f 8236 8297 527
f 8299 8297 8236
f 2087 8301 8287
f 8301 2090 8299
f 8287 8299 2074
f 8301 8299 8287
f 530 8282 8289
f 8282 2086 8292
f 8289 8292 2088
f 8282 8292 8289
f 2086 8281 8283
f 8281 130 7621
f 8283 7621 1928
f 8281 7621 8283
f 2088 8290 8288
f 8290 1928 7622
f 8288 7622 494
f 8290 7622 8288
f 2086 8283 8292
f 8283 1928 8290
f 8292 8290 2088
f 8283 8290 8292
f 527 8242 8232
f 8242 2076 8244
f 8232 8244 2073
f 8242 8244 8232
f 2076 8241 8243
f 8241 494 7619
f 8243 7619 1927
f 8241 7619 8243
f 2073 8234 8231
f 8234 1927 7618
f 8231 7618 36
f 8234 7618 8231
f 2076 8243 8244
f 8243 1927 8234
f 8244 8234 2073
f 8243 8234 8244
f 530 8289 8298
f 8289 2088 8302
f 8298 8302 2090
f 8289 8302 8298
f 2088 8288 8291
f 8288 494 8241
f 8291 8241 2076
f 8288 8241 8291
f 2090 8300 8297
f 8300 2076 8242
f 8297 8242 527
f 8300 8242 8297
f 2088 8291 8302
f 8291 2076 8300
f 8302 8300 2090
f 8291 8300 8302
f 135 8055 8333
f 8055 2034 8336
f 8333 8336 2097
f 8055 8336 8333
f 2034 8056 8348
f 8056 519 8346
f 8348 8346 2100
f 8056 8346 8348
f 2097 8350 8334
f 8350 2100 8347
f 8334 8347 532
f 8350 8347 8334
f 2034 8348 8336
f 8348 2100 8350
f 8336 8350 2097
f 8348 8350 8336
f 519 8053 8293
f 8053 2033 8295
f 8293 8295 2089
f 8053 8295 8293
f 2033 8052 8284
f 8052 130 8281
f 8284 8281 2086
f 8052 8281 8284
f 2089 8296 8294
f 8296 2086 8282
f 8294 8282 530
f 8296 8282 8294
f 2033 8284 8295
f 8284 2086 8296
f 8295 8296 2089
f 8284 8296 8295
f 532 8358 8338
f 8358 2102 8361
f 8338 8361 2098
f 8358 8361 8338
f 2102 8357 8359
f 8357 530 8286
f 8359 8286 2087
f 8357 8286 8359
f 2098 8340 8337
f 8340 2087 8285
f 8337 8285 137
f 8340 8285 8337
f 2102 8359 8361
f 8359 2087 8340
f 8361 8340 2098
f 8359 8340 8361
f 519 8293 8346
f 8293 2089 8349
f 8346 8349 2100
f 8293 8349 8346
f 2089 8294 8360
f 8294 530 8357
f 8360 8357 2102
f 8294 8357 8360
f 2100 8362 8347
f 8362 2102 8358
f 8347 8358 532
f 8362 8358 8347
f 2089 8360 8349
f 8360 2102 8362
f 8349 8362 2100
f 8360 8362 8349
f 8 3925 4787
f 3925 1006 4789
f 4787 4789 1227
f 3925 4789 4787
f 1006 3926 4795
f 3926 265 4793
f 4795 4793 1229
f 3926 4793 4795
f 1227 4796 4788
f 4796 1229 4794
f 4788 4794 323
f 4796 4794 4788
f 1006 4795 4789
f 4795 1229 4796
f 4789 4796 1227
f 4795 4796 4789
f 265 3929 4811
f 3929 1007 4813
f 4811 4813 1235
f 3929 4813 4811
f 1007 3928 4807
f 3928 74 4805
f 4807 4805 1233
f 3928 4805 4807
f 1235 4815 4812
f 4815 1233 4806
f 4812 4806 325
f 4815 4806 4812
f 1007 4807 4813
f 4807 1233 4815
f 4813 4815 1235
f 4807 4815 4813
f 323 4816 4792
f 4816 1236 4818
f 4792 4818 1228
f 4816 4818 4792
f 1236 4817 4820
f 4817 325 4809
f 4820 4809 1234
f 4817 4809 4820
f 1228 4810 4791
f 4810 1234 4808
f 4791 4808 90
f 4810 4808 4791
f 1236 4820 4818
f 4820 1234 4810
f 4818 4810 1228
f 4820 4810 4818
f 265 4811 4793
f 4811 1235 4814
f 4793 4814 1229
f 4811 4814 4793
f 1235 4812 4821
f 4812 325 4817
f 4821 4817 1236
f 4812 4817 4821
f 1229 4819 4794
f 4819 1236 4816
f 4794 4816 323
f 4819 4816 4794
f 1235 4821 4814
f 4821 1236 4819
f 4814 4819 1229
f 4821 4819 4814
f 74 3936 4914
f 3936 1010 4916
f 4914 4916 1262
f 3936 4916 4914
f 1010 3937 4923
f 3937 266 4921
f 4923 4921 1264
f 3937 4921 4923
f 1262 4925 4915
f 4925 1264 4922
f 4915 4922 333
f 4925 4922 4915
f 1010 4923 4916
f 4923 1264 4925
f 4916 4925 1262
f 4923 4925 4916
f 266 3935 4897
f 3935 1009 4899
f 4897 4899 1257
f 3935 4899 4897
f 1009 3934 4893
f 3934 23 4891
f 4893 4891 1255
f 3934 4891 4893
f 1257 4900 4898
f 4900 1255 4892
f 4898 4892 331
f 4900 4892 4898
f 1009 4893 4899
f 4893 1255 4900
f 4899 4900 1257
f 4893 4900 4899
f 333 4931 4919
f 4931 1266 4934
f 4919 4934 1263
f 4931 4934 4919
f 1266 4930 4932
f 4930 331 4896
f 4932 4896 1256
f 4930 4896 4932
f 1263 4920 4918
f 4920 1256 4895
f 4918 4895 92
f 4920 4895 4918
f 1266 4932 4934
f 4932 1256 4920
f 4934 4920 1263
f 4932 4920 4934
f 266 4897 4921
f 4897 1257 4924
f 4921 4924 1264
f 4897 4924 4921
f 1257 4898 4933
f 4898 331 4930
f 4933 4930 1266
f 4898 4930 4933
f 1264 4935 4922
f 4935 1266 4931
f 4922 4931 333
f 4935 4931 4922
f 1257 4933 4924
f 4933 1266 4935
f 4924 4935 1264
f 4933 4935 4924
f 90 4953 4803
f 4953 1271 4955
f 4803 4955 1232
f 4953 4955 4803
f 1271 4954 4965
f 4954 335 4962
f 4965 4962 1273
f 4954 4962 4965
f 1232 4963 4804
f 4963 1273 4961
f 4804 4961 324
f 4963 4961 4804
f 1271 4965 4955
f 4965 1273 4963
f 4955 4963 1232
f 4965 4963 4955
f 335 4958 4972
f 4958 1272 4975
f 4972 4975 1275
f 4958 4975 4972
f 1272 4957 4959
f 4957 92 4908
f 4959 4908 1260
f 4957 4908 4959
f 1275 4973 4971
f 4973 1260 4909
f 4971 4909 332
f 4973 4909 4971
f 1272 4959 4975
f 4959 1260 4973
f 4975 4973 1275
f 4959 4973 4975
f 324 4910 4802
f 4910 1261 4912
f 4802 4912 1231
f 4910 4912 4802
f 1261 4911 4913
f 4911 332 4906
f 4913 4906 1259
f 4911 4906 4913
f 1231 4907 4801
f 4907 1259 4905
f 4801 4905 28
f 4907 4905 4801
f 1261 4913 4912
f 4913 1259 4907
f 4912 4907 1231
f 4913 4907 4912
f 335 4972 4962
f 4972 1275 4976
f 4962 4976 1273
f 4972 4976 4962
f 1275 4971 4974
f 4971 332 4911
f 4974 4911 1261
f 4971 4911 4974
f 1273 4964 4961
f 4964 1261 4910
f 4961 4910 324
f 4964 4910 4961
f 1275 4974 4976
f 4974 1261 4964
f 4976 4964 1273
f 4974 4964 4976
f 74 4914 4805
f 4914 1262 4917
f 4805 4917 1233
f 4914 4917 4805
f 1262 4915 4929
f 4915 333 4927
f 4929 4927 1265
f 4915 4927 4929
f 1233 4928 4806
f 4928 1265 4926
f 4806 4926 325
f 4928 4926 4806
f 1262 4929 4917
f 4929 1265 4928
f 4917 4928 1233
f 4929 4928 4917
f 333 4919 4977
f 4919 1263 4979
f 4977 4979 1276
f 4919 4979 4977
f 1263 4918 4960
f 4918 92 4957
f 4960 4957 1272
f 4918 4957 4960
f 1276 4981 4978
f 4981 1272 4958
f 4978 4958 335
f 4981 4958 4978
f 1263 4960 4979
f 4960 1272 4981
f 4979 4981 1276
f 4960 4981 4979
f 325 4966 4809
f 4966 1274 4968
f 4809 4968 1234
f 4966 4968 4809
f 1274 4967 4970
f 4967 335 4954
f 4970 4954 1271
f 4967 4954 4970
f 1234 4956 4808
f 4956 1271 4953
f 4808 4953 90
f 4956 4953 4808
f 1274 4970 4968
f 4970 1271 4956
f 4968 4956 1234
f 4970 4956 4968
f 333 4977 4927
f 4977 1276 4980
f 4927 4980 1265
f 4977 4980 4927
f 1276 4978 4982
f 4978 335 4967
f 4982 4967 1274
f 4978 4967 4982
f 1265 4969 4926
f 4969 1274 4966
f 4926 4966 325
f 4969 4966 4926
f 1276 4982 4980
f 4982 1274 4969
f 4980 4969 1265
f 4982 4969 4980
f 23 3904 4233
f 3904 1000 4235
f 4233 4235 1088
f 3904 4235 4233
f 1000 3905 4240
f 3905 263 4238
f 4240 4238 1090
f 3905 4238 4240
f 1088 4241 4234
f 4241 1090 4239
f 4234 4239 288
f 4241 4239 4234
f 1000 4240 4235
f 4240 1090 4241
f 4235 4241 1088
f 4240 4241 4235
f 263 3907 4258
f 3907 1001 4260
f 4258 4260 1096
f 3907 4260 4258
f 1001 3906 4253
f 3906 73 4251
f 4253 4251 1094
f 3906 4251 4253
f 1096 4262 4259
f 4262 1094 4252
f 4259 4252 290
f 4262 4252 4259
f 1001 4253 4260
f 4253 1094 4262
f 4260 4262 1096
f 4253 4262 4260
f 288 4267 4237
f 4267 1098 4269
f 4237 4269 1089
f 4267 4269 4237
f 1098 4268 4271
f 4268 290 4256
f 4271 4256 1095
f 4268 4256 4271
f 1089 4257 4236
f 4257 1095 4255
f 4236 4255 81
f 4257 4255 4236
f 1098 4271 4269
f 4271 1095 4257
f 4269 4257 1089
f 4271 4257 4269
f 263 4258 4238
f 4258 1096 4261
f 4238 4261 1090
f 4258 4261 4238
f 1096 4259 4272
f 4259 290 4268
f 4272 4268 1098
f 4259 4268 4272
f 1090 4270 4239
f 4270 1098 4267
f 4239 4267 288
f 4270 4267 4239
f 1096 4272 4261
f 4272 1098 4270
f 4261 4270 1090
f 4272 4270 4261
f 73 3898 4208
f 3898 998 4210
f 4208 4210 1080
f 3898 4210 4208
f 998 3899 4216
f 3899 262 4214
f 4216 4214 1082
f 3899 4214 4216
f 1080 4218 4209
f 4218 1082 4215
f 4209 4215 285
f 4218 4215 4209
f 998 4216 4210
f 4216 1082 4218
f 4210 4218 1080
f 4216 4218 4210
f 262 3896 4200
f 3896 997 4202
f 4200 4202 1077
f 3896 4202 4200
f 997 3895 4197
f 3895 2 4195
f 4197 4195 1075
f 3895 4195 4197
f 1077 4203 4201
f 4203 1075 4196
f 4201 4196 283
f 4203 4196 4201
f 997 4197 4202
f 4197 1075 4203
f 4202 4203 1077
f 4197 4203 4202
f 285 4220 4212
f 4220 1083 4223
f 4212 4223 1081
f 4220 4223 4212
f 1083 4219 4221
f 4219 283 4199
f 4221 4199 1076
f 4219 4199 4221
f 1081 4213 4211
f 4213 1076 4198
f 4211 4198 79
f 4213 4198 4211
f 1083 4221 4223
f 4221 1076 4213
f 4223 4213 1081
f 4221 4213 4223
f 262 4200 4214
f 4200 1077 4217
f 4214 4217 1082
f 4200 4217 4214
f 1077 4201 4222
f 4201 283 4219
f 4222 4219 1083
f 4201 4219 4222
f 1082 4224 4215
f 4224 1083 4220
f 4215 4220 285
f 4224 4220 4215
f 1077 4222 4217
f 4222 1083 4224
f 4217 4224 1082
f 4222 4224 4217
f 81 4277 4245
f 4277 1100 4279
f 4245 4279 1092
f 4277 4279 4245
f 1100 4278 4295
f 4278 291 4292
f 4295 4292 1103
f 4278 4292 4295
f 1092 4293 4246
f 4293 1103 4291
f 4246 4291 289
f 4293 4291 4246
f 1100 4295 4279
f 4295 1103 4293
f 4279 4293 1092
f 4295 4293 4279
f 291 4274 4282
f 4274 1099 4285
f 4282 4285 1101
f 4274 4285 4282
f 1099 4273 4275
f 4273 79 4206
f 4275 4206 1079
f 4273 4206 4275
f 1101 4283 4281
f 4283 1079 4207
f 4281 4207 284
f 4283 4207 4281
f 1099 4275 4285
f 4275 1079 4283
f 4285 4283 1101
f 4275 4283 4285
f 289 4248 4243
f 4248 1093 4250
f 4243 4250 1091
f 4248 4250 4243
f 1093 4247 4249
f 4247 284 4205
f 4249 4205 1078
f 4247 4205 4249
f 1091 4244 4242
f 4244 1078 4204
f 4242 4204 25
f 4244 4204 4242
f 1093 4249 4250
f 4249 1078 4244
f 4250 4244 1091
f 4249 4244 4250
f 291 4282 4292
f 4282 1101 4296
f 4292 4296 1103
f 4282 4296 4292
f 1101 4281 4284
f 4281 284 4247
f 4284 4247 1093
f 4281 4247 4284
f 1103 4294 4291
f 4294 1093 4248
f 4291 4248 289
f 4294 4248 4291
f 1101 4284 4296
f 4284 1093 4294
f 4296 4294 1103
f 4284 4294 4296
f 73 4208 4251
f 4208 1080 4254
f 4251 4254 1094
f 4208 4254 4251
f 1080 4209 4265
f 4209 285 4263
f 4265 4263 1097
f 4209 4263 4265
f 1094 4266 4252
f 4266 1097 4264
f 4252 4264 290
f 4266 4264 4252
f 1080 4265 4254
f 4265 1097 4266
f 4254 4266 1094
f 4265 4266 4254
f 285 4212 4286
f 4212 1081 4288
f 4286 4288 1102
f 4212 4288 4286
f 1081 4211 4276
f 4211 79 4273
f 4276 4273 1099
f 4211 4273 4276
f 1102 4290 4287
f 4290 1099 4274
f 4287 4274 291
f 4290 4274 4287
f 1081 4276 4288
f 4276 1099 4290
f 4288 4290 1102
f 4276 4290 4288
f 290 4297 4256
f 4297 1104 4299
f 4256 4299 1095
f 4297 4299 4256
f 1104 4298 4301
f 4298 291 4278
f 4301 4278 1100
f 4298 4278 4301
f 1095 4280 4255
f 4280 1100 4277
f 4255 4277 81
f 4280 4277 4255
f 1104 4301 4299
f 4301 1100 4280
f 4299 4280 1095
f 4301 4280 4299
f 285 4286 4263
f 4286 1102 4289
f 4263 4289 1097
f 4286 4289 4263
f 1102 4287 4302
f 4287 291 4298
f 4302 4298 1104
f 4287 4298 4302
f 1097 4300 4264
f 4300 1104 4297
f 4264 4297 290
f 4300 4297 4264
f 1102 4302 4289
f 4302 1104 4300
f 4289 4300 1097
f 4302 4300 4289
f 28 5089 4853
f 5089 1303 5091
f 4853 5091 1245
f 5089 5091 4853
f 1303 5090 5098
f 5090 342 5096
f 5098 5096 1305
f 5090 5096 5098
f 1245 5097 4854
f 5097 1305 5095
f 4854 5095 328
f 5097 5095 4854
f 1303 5098 5091
f 5098 1305 5097
f 5091 5097 1245
f 5098 5097 5091
f 342 5094 5165
f 5094 1304 5167
f 5165 5167 1321
f 5094 5167 5165
f 1304 5093 5153
f 5093 94 5151
f 5153 5151 1318
f 5093 5151 5153
f 1321 5169 5166
f 5169 1318 5152
f 5166 5152 345
f 5169 5152 5166
f 1304 5153 5167
f 5153 1318 5169
f 5167 5169 1321
f 5153 5169 5167
f 328 5155 4856
f 5155 1319 5157
f 4856 5157 1246
f 5155 5157 4856
f 1319 5156 5159
f 5156 345 5148
f 5159 5148 1317
f 5156 5148 5159
f 1246 5149 4855
f 5149 1317 5147
f 4855 5147 91
f 5149 5147 4855
f 1319 5159 5157
f 5159 1317 5149
f 5157 5149 1246
f 5159 5149 5157
f 342 5165 5096
f 5165 1321 5168
f 5096 5168 1305
f 5165 5168 5096
f 1321 5166 5170
f 5166 345 5156
f 5170 5156 1319
f 5166 5156 5170
f 1305 5158 5095
f 5158 1319 5155
f 5095 5155 328
f 5158 5155 5095
f 1321 5170 5168
f 5170 1319 5158
f 5168 5158 1305
f 5170 5158 5168
f 94 5079 5107
f 5079 1300 5109
f 5107 5109 1308
f 5079 5109 5107
f 1300 5080 5121
f 5080 341 5119
f 5121 5119 1311
f 5080 5119 5121
f 1308 5123 5108
f 5123 1311 5120
f 5108 5120 343
f 5123 5120 5108
f 1300 5121 5109
f 5121 1311 5123
f 5109 5123 1308
f 5121 5123 5109
f 341 5076 5082
f 5076 1299 5084
f 5082 5084 1301
f 5076 5084 5082
f 1299 5075 5077
f 5075 25 4229
f 5077 4229 1086
f 5075 4229 5077
f 1301 5083 5081
f 5083 1086 4230
f 5081 4230 287
f 5083 4230 5081
f 1299 5077 5084
f 5077 1086 5083
f 5084 5083 1301
f 5077 5083 5084
f 343 5111 5104
f 5111 1309 5114
f 5104 5114 1307
f 5111 5114 5104
f 1309 5110 5112
f 5110 287 4232
f 5112 4232 1087
f 5110 4232 5112
f 1307 5105 5103
f 5105 1087 4231
f 5103 4231 80
f 5105 4231 5103
f 1309 5112 5114
f 5112 1087 5105
f 5114 5105 1307
f 5112 5105 5114
f 341 5082 5119
f 5082 1301 5122
f 5119 5122 1311
f 5082 5122 5119
f 1301 5081 5113
f 5081 287 5110
f 5113 5110 1309
f 5081 5110 5113
f 1311 5124 5120
f 5124 1309 5111
f 5120 5111 343
f 5124 5111 5120
f 1301 5113 5122
f 5113 1309 5124
f 5122 5124 1311
f 5113 5124 5122
f 91 4860 4843
f 4860 1248 4862
f 4843 4862 1242
f 4860 4862 4843
f 1248 4861 4872
f 4861 329 4869
f 4872 4869 1250
f 4861 4869 4872
f 1242 4870 4844
f 4870 1250 4868
f 4844 4868 327
f 4870 4868 4844
f 1248 4872 4862
f 4872 1250 4870
f 4862 4870 1242
f 4872 4870 4862
f 329 4858 4864
f 4858 1247 4867
f 4864 4867 1249
f 4858 4867 4864
f 1247 4857 4859
f 4857 80 4227
f 4859 4227 1085
f 4857 4227 4859
f 1249 4865 4863
f 4865 1085 4228
f 4863 4228 286
f 4865 4228 4863
f 1247 4859 4867
f 4859 1085 4865
f 4867 4865 1249
f 4859 4865 4867
f 327 4846 4840
f 4846 1243 4848
f 4840 4848 1241
f 4846 4848 4840
f 1243 4845 4847
f 4845 286 4226
f 4847 4226 1084
f 4845 4226 4847
f 1241 4841 4839
f 4841 1084 4225
f 4839 4225 9
f 4841 4225 4839
f 1243 4847 4848
f 4847 1084 4841
f 4848 4841 1241
f 4847 4841 4848
f 329 4864 4869
f 4864 1249 4873
f 4869 4873 1250
f 4864 4873 4869
f 1249 4863 4866
f 4863 286 4845
f 4866 4845 1243
f 4863 4845 4866
f 1250 4871 4868
f 4871 1243 4846
f 4868 4846 327
f 4871 4846 4868
f 1249 4866 4873
f 4866 1243 4871
f 4873 4871 1250
f 4866 4871 4873
f 94 5107 5151
f 5107 1308 5154
f 5151 5154 1318
f 5107 5154 5151
f 1308 5108 5173
f 5108 343 5171
f 5173 5171 1322
f 5108 5171 5173
f 1318 5175 5152
f 5175 1322 5172
f 5152 5172 345
f 5175 5172 5152
f 1308 5173 5154
f 5173 1322 5175
f 5154 5175 1318
f 5173 5175 5154
f 343 5104 5116
f 5104 1307 5118
f 5116 5118 1310
f 5104 5118 5116
f 1307 5103 5106
f 5103 80 4857
f 5106 4857 1247
f 5103 4857 5106
f 1310 5117 5115
f 5117 1247 4858
f 5115 4858 329
f 5117 4858 5115
f 1307 5106 5118
f 5106 1247 5117
f 5118 5117 1310
f 5106 5117 5118
f 345 5161 5148
f 5161 1320 5164
f 5148 5164 1317
f 5161 5164 5148
f 1320 5160 5162
f 5160 329 4861
f 5162 4861 1248
f 5160 4861 5162
f 1317 5150 5147
f 5150 1248 4860
f 5147 4860 91
f 5150 4860 5147
f 1320 5162 5164
f 5162 1248 5150
f 5164 5150 1317
f 5162 5150 5164
f 343 5116 5171
f 5116 1310 5174
f 5171 5174 1322
f 5116 5174 5171
f 1310 5115 5163
f 5115 329 5160
f 5163 5160 1320
f 5115 5160 5163
f 1322 5176 5172
f 5176 1320 5161
f 5172 5161 345
f 5176 5161 5172
f 1310 5163 5174
f 5163 1320 5176
f 5174 5176 1322
f 5163 5176 5174
f 23 4233 4891
f 4233 1088 4894
f 4891 4894 1255
f 4233 4894 4891
f 1088 4234 4903
f 4234 288 4901
f 4903 4901 1258
f 4234 4901 4903
f 1255 4904 4892
f 4904 1258 4902
f 4892 4902 331
f 4904 4902 4892
f 1088 4903 4894
f 4903 1258 4904
f 4894 4904 1255
f 4903 4904 4894
f 288 4237 4942
f 4237 1089 4944
f 4942 4944 1269
f 4237 4944 4942
f 1089 4236 4938
f 4236 81 4936
f 4938 4936 1267
f 4236 4936 4938
f 1269 4946 4943
f 4946 1267 4937
f 4943 4937 334
f 4946 4937 4943
f 1089 4938 4944
f 4938 1267 4946
f 4944 4946 1269
f 4938 4946 4944
f 331 4947 4896
f 4947 1270 4949
f 4896 4949 1256
f 4947 4949 4896
f 1270 4948 4951
f 4948 334 4940
f 4951 4940 1268
f 4948 4940 4951
f 1256 4941 4895
f 4941 1268 4939
f 4895 4939 92
f 4941 4939 4895
f 1270 4951 4949
f 4951 1268 4941
f 4949 4941 1256
f 4951 4941 4949
f 288 4942 4901
f 4942 1269 4945
f 4901 4945 1258
f 4942 4945 4901
f 1269 4943 4952
f 4943 334 4948
f 4952 4948 1270
f 4943 4948 4952
f 1258 4950 4902
f 4950 1270 4947
f 4902 4947 331
f 4950 4947 4902
f 1269 4952 4945
f 4952 1270 4950
f 4945 4950 1258
f 4952 4950 4945
f 81 4245 5125
f 4245 1092 5127
f 5125 5127 1312
f 4245 5127 5125
f 1092 4246 5134
f 4246 289 5132
f 5134 5132 1314
f 4246 5132 5134
f 1312 5136 5126
f 5136 1314 5133
f 5126 5133 344
f 5136 5133 5126
f 1092 5134 5127
f 5134 1314 5136
f 5127 5136 1312
f 5134 5136 5127
f 289 4243 5085
f 4243 1091 5087
f 5085 5087 1302
f 4243 5087 5085
f 1091 4242 5078
f 4242 25 5075
f 5078 5075 1299
f 4242 5075 5078
f 1302 5088 5086
f 5088 1299 5076
f 5086 5076 341
f 5088 5076 5086
f 1091 5078 5087
f 5078 1299 5088
f 5087 5088 1302
f 5078 5088 5087
f 344 5142 5130
f 5142 1316 5145
f 5130 5145 1313
f 5142 5145 5130
f 1316 5141 5143
f 5141 341 5080
f 5143 5080 1300
f 5141 5080 5143
f 1313 5131 5129
f 5131 1300 5079
f 5129 5079 94
f 5131 5079 5129
f 1316 5143 5145
f 5143 1300 5131
f 5145 5131 1313
f 5143 5131 5145
f 289 5085 5132
f 5085 1302 5135
f 5132 5135 1314
f 5085 5135 5132
f 1302 5086 5144
f 5086 341 5141
f 5144 5141 1316
f 5086 5141 5144
f 1314 5146 5133
f 5146 1316 5142
f 5133 5142 344
f 5146 5142 5133
f 1302 5144 5135
f 5144 1316 5146
f 5135 5146 1314
f 5144 5146 5135
f 92 5177 4908
f 5177 1323 5179
f 4908 5179 1260
f 5177 5179 4908
f 1323 5178 5189
f 5178 346 5186
f 5189 5186 1325
f 5178 5186 5189
f 1260 5187 4909
f 5187 1325 5185
f 4909 5185 332
f 5187 5185 4909
f 1323 5189 5179
f 5189 1325 5187
f 5179 5187 1260
f 5189 5187 5179
f 346 5182 5196
f 5182 1324 5199
f 5196 5199 1327
f 5182 5199 5196
f 1324 5181 5183
f 5181 94 5093
f 5183 5093 1304
f 5181 5093 5183
f 1327 5197 5195
f 5197 1304 5094
f 5195 5094 342
f 5197 5094 5195
f 1324 5183 5199
f 5183 1304 5197
f 5199 5197 1327
f 5183 5197 5199
f 332 5099 4906
f 5099 1306 5101
f 4906 5101 1259
f 5099 5101 4906
f 1306 5100 5102
f 5100 342 5090
f 5102 5090 1303
f 5100 5090 5102
f 1259 5092 4905
f 5092 1303 5089
f 4905 5089 28
f 5092 5089 4905
f 1306 5102 5101
f 5102 1303 5092
f 5101 5092 1259
f 5102 5092 5101
f 346 5196 5186
f 5196 1327 5200
f 5186 5200 1325
f 5196 5200 5186
f 1327 5195 5198
f 5195 342 5100
f 5198 5100 1306
f 5195 5100 5198
f 1325 5188 5185
f 5188 1306 5099
f 5185 5099 332
f 5188 5099 5185
f 1327 5198 5200
f 5198 1306 5188
f 5200 5188 1325
f 5198 5188 5200
f 81 5125 4936
f 5125 1312 5128
f 4936 5128 1267
f 5125 5128 4936
f 1312 5126 5140
f 5126 344 5138
f 5140 5138 1315
f 5126 5138 5140
f 1267 5139 4937
f 5139 1315 5137
f 4937 5137 334
f 5139 5137 4937
f 1312 5140 5128
f 5140 1315 5139
f 5128 5139 1267
f 5140 5139 5128
f 344 5130 5201
f 5130 1313 5203
f 5201 5203 1328
f 5130 5203 5201
f 1313 5129 5184
f 5129 94 5181
f 5184 5181 1324
f 5129 5181 5184
f 1328 5205 5202
f 5205 1324 5182
f 5202 5182 346
f 5205 5182 5202
f 1313 5184 5203
f 5184 1324 5205
f 5203 5205 1328
f 5184 5205 5203
f 334 5190 4940
f 5190 1326 5192
f 4940 5192 1268
f 5190 5192 4940
f 1326 5191 5194
f 5191 346 5178
f 5194 5178 1323
f 5191 5178 5194
f 1268 5180 4939
f 5180 1323 5177
f 4939 5177 92
f 5180 5177 4939
f 1326 5194 5192
f 5194 1323 5180
f 5192 5180 1268
f 5194 5180 5192
f 344 5201 5138
f 5201 1328 5204
f 5138 5204 1315
f 5201 5204 5138
f 1328 5202 5206
f 5202 346 5191
f 5206 5191 1326
f 5202 5191 5206
f 1315 5193 5137
f 5193 1326 5190
f 5137 5190 334
f 5193 5190 5137
f 1328 5206 5204
f 5206 1326 5193
f 5204 5193 1315
f 5206 5193 5204
f 4 5539 2703
f 5539 1411 5541
f 2703 5541 689
f 5539 5541 2703
f 1411 5540 5548
f 5540 367 5546
f 5548 5546 1413
f 5540 5546 5548
f 689 5547 2704
f 5547 1413 5545
f 2704 5545 180
f 5547 5545 2704
f 1411 5548 5541
f 5548 1413 5547
f 5541 5547 689
f 5548 5547 5541
f 367 5544 5568
f 5544 1412 5570
f 5568 5570 1420
f 5544 5570 5568
f 1412 5543 5562
f 5543 100 5560
f 5562 5560 1418
f 5543 5560 5562
f 1420 5572 5569
f 5572 1418 5561
f 5569 5561 369
f 5572 5561 5569
f 1412 5562 5570
f 5562 1418 5572
f 5570 5572 1420
f 5562 5572 5570
f 180 5563 2707
f 5563 1419 5565
f 2707 5565 690
f 5563 5565 2707
f 1419 5564 5567
f 5564 369 5558
f 5567 5558 1417
f 5564 5558 5567
f 690 5559 2706
f 5559 1417 5557
f 2706 5557 50
f 5559 5557 2706
f 1419 5567 5565
f 5567 1417 5559
f 5565 5559 690
f 5567 5559 5565
f 367 5568 5546
f 5568 1420 5571
f 5546 5571 1413
f 5568 5571 5546
f 1420 5569 5573
f 5569 369 5564
f 5573 5564 1419
f 5569 5564 5573
f 1413 5566 5545
f 5566 1419 5563
f 5545 5563 180
f 5566 5563 5545
f 1420 5573 5571
f 5573 1419 5566
f 5571 5566 1413
f 5573 5566 5571
f 100 5555 5639
f 5555 1416 5641
f 5639 5641 1440
f 5555 5641 5639
f 1416 5556 5649
f 5556 368 5647
f 5649 5647 1442
f 5556 5647 5649
f 1440 5651 5640
f 5651 1442 5648
f 5640 5648 376
f 5651 5648 5640
f 1416 5649 5641
f 5649 1442 5651
f 5641 5651 1440
f 5649 5651 5641
f 368 5554 5613
f 5554 1415 5615
f 5613 5615 1434
f 5554 5615 5613
f 1415 5553 5610
f 5553 30 5608
f 5610 5608 1432
f 5553 5608 5610
f 1434 5616 5614
f 5616 1432 5609
f 5614 5609 374
f 5616 5609 5614
f 1415 5610 5615
f 5610 1432 5616
f 5615 5616 1434
f 5610 5616 5615
f 376 5658 5644
f 5658 1444 5661
f 5644 5661 1441
f 5658 5661 5644
f 1444 5657 5659
f 5657 374 5612
f 5659 5612 1433
f 5657 5612 5659
f 1441 5645 5643
f 5645 1433 5611
f 5643 5611 102
f 5645 5611 5643
f 1444 5659 5661
f 5659 1433 5645
f 5661 5645 1441
f 5659 5645 5661
f 368 5613 5647
f 5613 1434 5650
f 5647 5650 1442
f 5613 5650 5647
f 1434 5614 5660
f 5614 374 5657
f 5660 5657 1444
f 5614 5657 5660
f 1442 5662 5648
f 5662 1444 5658
f 5648 5658 376
f 5662 5658 5648
f 1434 5660 5650
f 5660 1444 5662
f 5650 5662 1442
f 5660 5662 5650
f 50 5617 2714
f 5617 1435 5619
f 2714 5619 693
f 5617 5619 2714
f 1435 5618 5628
f 5618 375 5625
f 5628 5625 1437
f 5618 5625 5628
f 693 5626 2715
f 5626 1437 5624
f 2715 5624 181
f 5626 5624 2715
f 1435 5628 5619
f 5628 1437 5626
f 5619 5626 693
f 5628 5626 5619
f 375 5622 5634
f 5622 1436 5637
f 5634 5637 1439
f 5622 5637 5634
f 1436 5621 5623
f 5621 102 5602
f 5623 5602 1430
f 5621 5602 5623
f 1439 5635 5633
f 5635 1430 5603
f 5633 5603 373
f 5635 5603 5633
f 1436 5623 5637
f 5623 1430 5635
f 5637 5635 1439
f 5623 5635 5637
f 181 5604 2713
f 5604 1431 5606
f 2713 5606 692
f 5604 5606 2713
f 1431 5605 5607
f 5605 373 5600
f 5607 5600 1429
f 5605 5600 5607
f 692 5601 2712
f 5601 1429 5599
f 2712 5599 16
f 5601 5599 2712
f 1431 5607 5606
f 5607 1429 5601
f 5606 5601 692
f 5607 5601 5606
f 375 5634 5625
f 5634 1439 5638
f 5625 5638 1437
f 5634 5638 5625
f 1439 5633 5636
f 5633 373 5605
f 5636 5605 1431
f 5633 5605 5636
f 1437 5627 5624
f 5627 1431 5604
f 5624 5604 181
f 5627 5604 5624
f 1439 5636 5638
f 5636 1431 5627
f 5638 5627 1437
f 5636 5627 5638
f 100 5639 5560
f 5639 1440 5642
f 5560 5642 1418
f 5639 5642 5560
f 1440 5640 5656
f 5640 376 5653
f 5656 5653 1443
f 5640 5653 5656
f 1418 5654 5561
f 5654 1443 5652
f 5561 5652 369
f 5654 5652 5561
f 1440 5656 5642
f 5656 1443 5654
f 5642 5654 1418
f 5656 5654 5642
f 376 5644 5664
f 5644 1441 5667
f 5664 5667 1445
f 5644 5667 5664
f 1441 5643 5646
f 5643 102 5621
f 5646 5621 1436
f 5643 5621 5646
f 1445 5665 5663
f 5665 1436 5622
f 5663 5622 375
f 5665 5622 5663
f 1441 5646 5667
f 5646 1436 5665
f 5667 5665 1445
f 5646 5665 5667
f 369 5629 5558
f 5629 1438 5631
f 5558 5631 1417
f 5629 5631 5558
f 1438 5630 5632
f 5630 375 5618
f 5632 5618 1435
f 5630 5618 5632
f 1417 5620 5557
f 5620 1435 5617
f 5557 5617 50
f 5620 5617 5557
f 1438 5632 5631
f 5632 1435 5620
f 5631 5620 1417
f 5632 5620 5631
f 376 5664 5653
f 5664 1445 5668
f 5653 5668 1443
f 5664 5668 5653
f 1445 5663 5666
f 5663 375 5630
f 5666 5630 1438
f 5663 5630 5666
f 1443 5655 5652
f 5655 1438 5629
f 5652 5629 369
f 5655 5629 5652
f 1445 5666 5668
f 5666 1438 5655
f 5668 5655 1443
f 5666 5655 5668
f 30 5595 5983
f 5595 1427 5985
f 5983 5985 1525
f 5595 5985 5983
f 1427 5596 5991
f 5596 372 5989
f 5991 5989 1527
f 5596 5989 5991
f 1525 5992 5984
f 5992 1527 5990
f 5984 5990 397
f 5992 5990 5984
f 1427 5991 5985
f 5991 1527 5992
f 5985 5992 1525
f 5991 5992 5985
f 372 5598 6018
f 5598 1428 6020
f 6018 6020 1535
f 5598 6020 6018
f 1428 5597 6013
f 5597 101 6011
f 6013 6011 1533
f 5597 6011 6013
f 1535 6022 6019
f 6022 1533 6012
f 6019 6012 399
f 6022 6012 6019
f 1428 6013 6020
f 6013 1533 6022
f 6020 6022 1535
f 6013 6022 6020
f 397 6027 5988
f 6027 1537 6029
f 5988 6029 1526
f 6027 6029 5988
f 1537 6028 6031
f 6028 399 6016
f 6031 6016 1534
f 6028 6016 6031
f 1526 6017 5987
f 6017 1534 6015
f 5987 6015 108
f 6017 6015 5987
f 1537 6031 6029
f 6031 1534 6017
f 6029 6017 1526
f 6031 6017 6029
f 372 6018 5989
f 6018 1535 6021
f 5989 6021 1527
f 6018 6021 5989
f 1535 6019 6032
f 6019 399 6028
f 6032 6028 1537
f 6019 6028 6032
f 1527 6030 5990
f 6030 1537 6027
f 5990 6027 397
f 6030 6027 5990
f 1535 6032 6021
f 6032 1537 6030
f 6021 6030 1527
f 6032 6030 6021
f 101 5593 5804
f 5593 1426 5806
f 5804 5806 1482
f 5593 5806 5804
f 1426 5594 5812
f 5594 371 5810
f 5812 5810 1484
f 5594 5810 5812
f 1482 5814 5805
f 5814 1484 5811
f 5805 5811 387
f 5814 5811 5805
f 1426 5812 5806
f 5812 1484 5814
f 5806 5814 1482
f 5812 5814 5806
f 371 5592 5796
f 5592 1425 5798
f 5796 5798 1479
f 5592 5798 5796
f 1425 5591 5793
f 5591 10 5791
f 5793 5791 1477
f 5591 5791 5793
f 1479 5799 5797
f 5799 1477 5792
f 5797 5792 385
f 5799 5792 5797
f 1425 5793 5798
f 5793 1477 5799
f 5798 5799 1479
f 5793 5799 5798
f 387 5816 5808
f 5816 1485 5819
f 5808 5819 1483
f 5816 5819 5808
f 1485 5815 5817
f 5815 385 5795
f 5817 5795 1478
f 5815 5795 5817
f 1483 5809 5807
f 5809 1478 5794
f 5807 5794 105
f 5809 5794 5807
f 1485 5817 5819
f 5817 1478 5809
f 5819 5809 1483
f 5817 5809 5819
f 371 5796 5810
f 5796 1479 5813
f 5810 5813 1484
f 5796 5813 5810
f 1479 5797 5818
f 5797 385 5815
f 5818 5815 1485
f 5797 5815 5818
f 1484 5820 5811
f 5820 1485 5816
f 5811 5816 387
f 5820 5816 5811
f 1479 5818 5813
f 5818 1485 5820
f 5813 5820 1484
f 5818 5820 5813
f 108 6059 6001
f 6059 1544 6061
f 6001 6061 1530
f 6059 6061 6001
f 1544 6060 6077
f 6060 401 6074
f 6077 6074 1547
f 6060 6074 6077
f 1530 6075 6002
f 6075 1547 6073
f 6002 6073 398
f 6075 6073 6002
f 1544 6077 6061
f 6077 1547 6075
f 6061 6075 1530
f 6077 6075 6061
f 401 6056 6064
f 6056 1543 6067
f 6064 6067 1545
f 6056 6067 6064
f 1543 6055 6057
f 6055 105 5802
f 6057 5802 1481
f 6055 5802 6057
f 1545 6065 6063
f 6065 1481 5803
f 6063 5803 386
f 6065 5803 6063
f 1543 6057 6067
f 6057 1481 6065
f 6067 6065 1545
f 6057 6065 6067
f 398 6004 5998
f 6004 1531 6006
f 5998 6006 1529
f 6004 6006 5998
f 1531 6003 6005
f 6003 386 5801
f 6005 5801 1480
f 6003 5801 6005
f 1529 5999 5997
f 5999 1480 5800
f 5997 5800 31
f 5999 5800 5997
f 1531 6005 6006
f 6005 1480 5999
f 6006 5999 1529
f 6005 5999 6006
f 401 6064 6074
f 6064 1545 6078
f 6074 6078 1547
f 6064 6078 6074
f 1545 6063 6066
f 6063 386 6003
f 6066 6003 1531
f 6063 6003 6066
f 1547 6076 6073
f 6076 1531 6004
f 6073 6004 398
f 6076 6004 6073
f 1545 6066 6078
f 6066 1531 6076
f 6078 6076 1547
f 6066 6076 6078
f 101 5804 6011
f 5804 1482 6014
f 6011 6014 1533
f 5804 6014 6011
f 1482 5805 6025
f 5805 387 6023
f 6025 6023 1536
f 5805 6023 6025
f 1533 6026 6012
f 6026 1536 6024
f 6012 6024 399
f 6026 6024 6012
f 1482 6025 6014
f 6025 1536 6026
f 6014 6026 1533
f 6025 6026 6014
f 387 5808 6068
f 5808 1483 6070
f 6068 6070 1546
f 5808 6070 6068
f 1483 5807 6058
f 5807 105 6055
f 6058 6055 1543
f 5807 6055 6058
f 1546 6072 6069
f 6072 1543 6056
f 6069 6056 401
f 6072 6056 6069
f 1483 6058 6070
f 6058 1543 6072
f 6070 6072 1546
f 6058 6072 6070
f 399 6079 6016
f 6079 1548 6081
f 6016 6081 1534
f 6079 6081 6016
f 1548 6080 6083
f 6080 401 6060
f 6083 6060 1544
f 6080 6060 6083
f 1534 6062 6015
f 6062 1544 6059
f 6015 6059 108
f 6062 6059 6015
f 1548 6083 6081
f 6083 1544 6062
f 6081 6062 1534
f 6083 6062 6081
f 387 6068 6023
f 6068 1546 6071
f 6023 6071 1536
f 6068 6071 6023
f 1546 6069 6084
f 6069 401 6080
f 6084 6080 1548
f 6069 6080 6084
f 1536 6082 6024
f 6082 1548 6079
f 6024 6079 399
f 6082 6079 6024
f 1546 6084 6071
f 6084 1548 6082
f 6071 6082 1536
f 6084 6082 6071
f 16 5821 2742
f 5821 1486 5823
f 2742 5823 701
f 5821 5823 2742
f 1486 5822 5830
f 5822 388 5828
f 5830 5828 1488
f 5822 5828 5830
f 701 5829 2743
f 5829 1488 5827
f 2743 5827 184
f 5829 5827 2743
f 1486 5830 5823
f 5830 1488 5829
f 5823 5829 701
f 5830 5829 5823
f 388 5826 5860
f 5826 1487 5862
f 5860 5862 1497
f 5826 5862 5860
f 1487 5825 5850
f 5825 106 5848
f 5850 5848 1494
f 5825 5848 5850
f 1497 5864 5861
f 5864 1494 5849
f 5861 5849 390
f 5864 5849 5861
f 1487 5850 5862
f 5850 1494 5864
f 5862 5864 1497
f 5850 5864 5862
f 184 5851 2745
f 5851 1495 5853
f 2745 5853 702
f 5851 5853 2745
f 1495 5852 5855
f 5852 390 5845
f 5855 5845 1493
f 5852 5845 5855
f 702 5846 2744
f 5846 1493 5844
f 2744 5844 51
f 5846 5844 2744
f 1495 5855 5853
f 5855 1493 5846
f 5853 5846 702
f 5855 5846 5853
f 388 5860 5828
f 5860 1497 5863
f 5828 5863 1488
f 5860 5863 5828
f 1497 5861 5865
f 5861 390 5852
f 5865 5852 1495
f 5861 5852 5865
f 1488 5854 5827
f 5854 1495 5851
f 5827 5851 184
f 5854 5851 5827
f 1497 5865 5863
f 5865 1495 5854
f 5863 5854 1488
f 5865 5854 5863
f 106 5838 5887
f 5838 1491 5889
f 5887 5889 1503
f 5838 5889 5887
f 1491 5839 5903
f 5839 389 5901
f 5903 5901 1506
f 5839 5901 5903
f 1503 5905 5888
f 5905 1506 5902
f 5888 5902 392
f 5905 5902 5888
f 1491 5903 5889
f 5903 1506 5905
f 5889 5905 1503
f 5903 5905 5889
f 389 5836 5841
f 5836 1490 5843
f 5841 5843 1492
f 5836 5843 5841
f 1490 5835 5837
f 5835 31 5753
f 5837 5753 1467
f 5835 5753 5837
f 1492 5842 5840
f 5842 1467 5754
f 5840 5754 382
f 5842 5754 5840
f 1490 5837 5843
f 5837 1467 5842
f 5843 5842 1492
f 5837 5842 5843
f 392 5892 5884
f 5892 1504 5895
f 5884 5895 1502
f 5892 5895 5884
f 1504 5891 5893
f 5891 382 5756
f 5893 5756 1468
f 5891 5756 5893
f 1502 5885 5883
f 5885 1468 5755
f 5883 5755 104
f 5885 5755 5883
f 1504 5893 5895
f 5893 1468 5885
f 5895 5885 1502
f 5893 5885 5895
f 389 5841 5901
f 5841 1492 5904
f 5901 5904 1506
f 5841 5904 5901
f 1492 5840 5894
f 5840 382 5891
f 5894 5891 1504
f 5840 5891 5894
f 1506 5906 5902
f 5906 1504 5892
f 5902 5892 392
f 5906 5892 5902
f 1492 5894 5904
f 5894 1504 5906
f 5904 5906 1506
f 5894 5906 5904
f 51 5757 2736
f 5757 1469 5759
f 2736 5759 699
f 5757 5759 2736
f 1469 5758 5767
f 5758 383 5764
f 5767 5764 1471
f 5758 5764 5767
f 699 5765 2737
f 5765 1471 5763
f 2737 5763 183
f 5765 5763 2737
f 1469 5767 5759
f 5767 1471 5765
f 5759 5765 699
f 5767 5765 5759
f 383 5761 5769
f 5761 1470 5772
f 5769 5772 1472
f 5761 5772 5769
f 1470 5760 5762
f 5760 104 5743
f 5762 5743 1464
f 5760 5743 5762
f 1472 5770 5768
f 5770 1464 5744
f 5768 5744 381
f 5770 5744 5768
f 1470 5762 5772
f 5762 1464 5770
f 5772 5770 1472
f 5762 5770 5772
f 183 5745 2734
f 5745 1465 5747
f 2734 5747 698
f 5745 5747 2734
f 1465 5746 5748
f 5746 381 5740
f 5748 5740 1463
f 5746 5740 5748
f 698 5741 2733
f 5741 1463 5739
f 2733 5739 5
f 5741 5739 2733
f 1465 5748 5747
f 5748 1463 5741
f 5747 5741 698
f 5748 5741 5747
f 383 5769 5764
f 5769 1472 5773
f 5764 5773 1471
f 5769 5773 5764
f 1472 5768 5771
f 5768 381 5746
f 5771 5746 1465
f 5768 5746 5771
f 1471 5766 5763
f 5766 1465 5745
f 5763 5745 183
f 5766 5745 5763
f 1472 5771 5773
f 5771 1465 5766
f 5773 5766 1471
f 5771 5766 5773
f 106 5887 5848
f 5887 1503 5890
f 5848 5890 1494
f 5887 5890 5848
f 1503 5888 5911
f 5888 392 5908
f 5911 5908 1507
f 5888 5908 5911
f 1494 5909 5849
f 5909 1507 5907
f 5849 5907 390
f 5909 5907 5849
f 1503 5911 5890
f 5911 1507 5909
f 5890 5909 1494
f 5911 5909 5890
f 392 5884 5897
f 5884 1502 5900
f 5897 5900 1505
f 5884 5900 5897
f 1502 5883 5886
f 5883 104 5760
f 5886 5760 1470
f 5883 5760 5886
f 1505 5898 5896
f 5898 1470 5761
f 5896 5761 383
f 5898 5761 5896
f 1502 5886 5900
f 5886 1470 5898
f 5900 5898 1505
f 5886 5898 5900
f 390 5857 5845
f 5857 1496 5859
f 5845 5859 1493
f 5857 5859 5845
f 1496 5856 5858
f 5856 383 5758
f 5858 5758 1469
f 5856 5758 5858
f 1493 5847 5844
f 5847 1469 5757
f 5844 5757 51
f 5847 5757 5844
f 1496 5858 5859
f 5858 1469 5847
f 5859 5847 1493
f 5858 5847 5859
f 392 5897 5908
f 5897 1505 5912
f 5908 5912 1507
f 5897 5912 5908
f 1505 5896 5899
f 5896 383 5856
f 5899 5856 1496
f 5896 5856 5899
f 1507 5910 5907
f 5910 1496 5857
f 5907 5857 390
f 5910 5857 5907
f 1505 5899 5912
f 5899 1496 5910
f 5912 5910 1507
f 5899 5910 5912
f 30 5983 5608
f 5983 1525 5986
f 5608 5986 1432
f 5983 5986 5608
f 1525 5984 5996
f 5984 397 5994
f 5996 5994 1528
f 5984 5994 5996
f 1432 5995 5609
f 5995 1528 5993
f 5609 5993 374
f 5995 5993 5609
f 1525 5996 5986
f 5996 1528 5995
f 5986 5995 1432
f 5996 5995 5986
f 397 5988 6049
f 5988 1526 6051
f 6049 6051 1542
f 5988 6051 6049
f 1526 5987 6039
f 5987 108 6037
f 6039 6037 1539
f 5987 6037 6039
f 1542 6053 6050
f 6053 1539 6038
f 6050 6038 400
f 6053 6038 6050
f 1526 6039 6051
f 6039 1539 6053
f 6051 6053 1542
f 6039 6053 6051
f 374 6040 5612
f 6040 1540 6042
f 5612 6042 1433
f 6040 6042 5612
f 1540 6041 6044
f 6041 400 6034
f 6044 6034 1538
f 6041 6034 6044
f 1433 6035 5611
f 6035 1538 6033
f 5611 6033 102
f 6035 6033 5611
f 1540 6044 6042
f 6044 1538 6035
f 6042 6035 1433
f 6044 6035 6042
f 397 6049 5994
f 6049 1542 6052
f 5994 6052 1528
f 6049 6052 5994
f 1542 6050 6054
f 6050 400 6041
f 6054 6041 1540
f 6050 6041 6054
f 1528 6043 5993
f 6043 1540 6040
f 5993 6040 374
f 6043 6040 5993
f 1542 6054 6052
f 6054 1540 6043
f 6052 6043 1528
f 6054 6043 6052
f 108 6001 6089
f 6001 1530 6091
f 6089 6091 1550
f 6001 6091 6089
f 1530 6002 6105
f 6002 398 6103
f 6105 6103 1553
f 6002 6103 6105
f 1550 6107 6090
f 6107 1553 6104
f 6090 6104 402
f 6107 6104 6090
f 1530 6105 6091
f 6105 1553 6107
f 6091 6107 1550
f 6105 6107 6091
f 398 5998 6008
f 5998 1529 6010
f 6008 6010 1532
f 5998 6010 6008
f 1529 5997 6000
f 5997 31 5835
f 6000 5835 1490
f 5997 5835 6000
f 1532 6009 6007
f 6009 1490 5836
f 6007 5836 389
f 6009 5836 6007
f 1529 6000 6010
f 6000 1490 6009
f 6010 6009 1532
f 6000 6009 6010
f 402 6094 6086
f 6094 1551 6097
f 6086 6097 1549
f 6094 6097 6086
f 1551 6093 6095
f 6093 389 5839
f 6095 5839 1491
f 6093 5839 6095
f 1549 6087 6085
f 6087 1491 5838
f 6085 5838 106
f 6087 5838 6085
f 1551 6095 6097
f 6095 1491 6087
f 6097 6087 1549
f 6095 6087 6097
f 398 6008 6103
f 6008 1532 6106
f 6103 6106 1553
f 6008 6106 6103
f 1532 6007 6096
f 6007 389 6093
f 6096 6093 1551
f 6007 6093 6096
f 1553 6108 6104
f 6108 1551 6094
f 6104 6094 402
f 6108 6094 6104
f 1532 6096 6106
f 6096 1551 6108
f 6106 6108 1553
f 6096 6108 6106
f 102 5866 5602
f 5866 1498 5868
f 5602 5868 1430
f 5866 5868 5602
f 1498 5867 5876
f 5867 391 5873
f 5876 5873 1500
f 5867 5873 5876
f 1430 5874 5603
f 5874 1500 5872
f 5603 5872 373
f 5874 5872 5603
f 1498 5876 5868
f 5876 1500 5874
f 5868 5874 1430
f 5876 5874 5868
f 391 5870 5878
f 5870 1499 5881
f 5878 5881 1501
f 5870 5881 5878
f 1499 5869 5871
f 5869 106 5825
f 5871 5825 1487
f 5869 5825 5871
f 1501 5879 5877
f 5879 1487 5826
f 5877 5826 388
f 5879 5826 5877
f 1499 5871 5881
f 5871 1487 5879
f 5881 5879 1501
f 5871 5879 5881
f 373 5831 5600
f 5831 1489 5833
f 5600 5833 1429
f 5831 5833 5600
f 1489 5832 5834
f 5832 388 5822
f 5834 5822 1486
f 5832 5822 5834
f 1429 5824 5599
f 5824 1486 5821
f 5599 5821 16
f 5824 5821 5599
f 1489 5834 5833
f 5834 1486 5824
f 5833 5824 1429
f 5834 5824 5833
f 391 5878 5873
f 5878 1501 5882
f 5873 5882 1500
f 5878 5882 5873
f 1501 5877 5880
f 5877 388 5832
f 5880 5832 1489
f 5877 5832 5880
f 1500 5875 5872
f 5875 1489 5831
f 5872 5831 373
f 5875 5831 5872
f 1501 5880 5882
f 5880 1489 5875
f 5882 5875 1500
f 5880 5875 5882
f 108 6089 6037
f 6089 1550 6092
f 6037 6092 1539
f 6089 6092 6037
f 1550 6090 6113
f 6090 402 6110
f 6113 6110 1554
f 6090 6110 6113
f 1539 6111 6038
f 6111 1554 6109
f 6038 6109 400
f 6111 6109 6038
f 1550 6113 6092
f 6113 1554 6111
f 6092 6111 1539
f 6113 6111 6092
f 402 6086 6099
f 6086 1549 6102
f 6099 6102 1552
f 6086 6102 6099
f 1549 6085 6088
f 6085 106 5869
f 6088 5869 1499
f 6085 5869 6088
f 1552 6100 6098
f 6100 1499 5870
f 6098 5870 391
f 6100 5870 6098
f 1549 6088 6102
f 6088 1499 6100
f 6102 6100 1552
f 6088 6100 6102
f 400 6046 6034
f 6046 1541 6048
f 6034 6048 1538
f 6046 6048 6034
f 1541 6045 6047
f 6045 391 5867
f 6047 5867 1498
f 6045 5867 6047
f 1538 6036 6033
f 6036 1498 5866
f 6033 5866 102
f 6036 5866 6033
f 1541 6047 6048
f 6047 1498 6036
f 6048 6036 1538
f 6047 6036 6048
f 402 6099 6110
f 6099 1552 6114
f 6110 6114 1554
f 6099 6114 6110
f 1552 6098 6101
f 6098 391 6045
f 6101 6045 1541
f 6098 6045 6101
f 1554 6112 6109
f 6112 1541 6046
f 6109 6046 400
f 6112 6046 6109
f 1552 6101 6114
f 6101 1541 6112
f 6114 6112 1554
f 6101 6112 6114
f 4 2703 2587
f 2703 689 2705
f 2587 2705 655
f 2703 2705 2587
f 689 2704 2711
f 2704 180 2709
f 2711 2709 691
f 2704 2709 2711
f 655 2710 2588
f 2710 691 2708
f 2588 2708 169
f 2710 2708 2588
f 689 2711 2705
f 2711 691 2710
f 2705 2710 655
f 2711 2710 2705
f 180 2707 2727
f 2707 690 2729
f 2727 2729 697
f 2707 2729 2727
f 690 2706 2721
f 2706 50 2719
f 2721 2719 695
f 2706 2719 2721
f 697 2731 2728
f 2731 695 2720
f 2728 2720 182
f 2731 2720 2728
f 690 2721 2729
f 2721 695 2731
f 2729 2731 697
f 2721 2731 2729
f 169 2722 2590
f 2722 696 2724
f 2590 2724 656
f 2722 2724 2590
f 696 2723 2726
f 2723 182 2717
f 2726 2717 694
f 2723 2717 2726
f 656 2718 2589
f 2718 694 2716
f 2589 2716 46
f 2718 2716 2589
f 696 2726 2724
f 2726 694 2718
f 2724 2718 656
f 2726 2718 2724
f 180 2727 2709
f 2727 697 2730
f 2709 2730 691
f 2727 2730 2709
f 697 2728 2732
f 2728 182 2723
f 2732 2723 696
f 2728 2723 2732
f 691 2725 2708
f 2725 696 2722
f 2708 2722 169
f 2725 2722 2708
f 697 2732 2730
f 2732 696 2725
f 2730 2725 691
f 2732 2725 2730
f 50 2714 2825
f 2714 693 2827
f 2825 2827 723
f 2714 2827 2825
f 693 2715 2835
f 2715 181 2833
f 2835 2833 725
f 2715 2833 2835
f 723 2837 2826
f 2837 725 2834
f 2826 2834 190
f 2837 2834 2826
f 693 2835 2827
f 2835 725 2837
f 2827 2837 723
f 2835 2837 2827
f 181 2713 2782
f 2713 692 2784
f 2782 2784 713
f 2713 2784 2782
f 692 2712 2779
f 2712 16 2777
f 2779 2777 711
f 2712 2777 2779
f 713 2785 2783
f 2785 711 2778
f 2783 2778 187
f 2785 2778 2783
f 692 2779 2784
f 2779 711 2785
f 2784 2785 713
f 2779 2785 2784
f 190 2844 2830
f 2844 727 2847
f 2830 2847 724
f 2844 2847 2830
f 727 2843 2845
f 2843 187 2781
f 2845 2781 712
f 2843 2781 2845
f 724 2831 2829
f 2831 712 2780
f 2829 2780 52
f 2831 2780 2829
f 727 2845 2847
f 2845 712 2831
f 2847 2831 724
f 2845 2831 2847
f 181 2782 2833
f 2782 713 2836
f 2833 2836 725
f 2782 2836 2833
f 713 2783 2846
f 2783 187 2843
f 2846 2843 727
f 2783 2843 2846
f 725 2848 2834
f 2848 727 2844
f 2834 2844 190
f 2848 2844 2834
f 713 2846 2836
f 2846 727 2848
f 2836 2848 725
f 2846 2848 2836
f 46 2786 2593
f 2786 714 2788
f 2593 2788 658
f 2786 2788 2593
f 714 2787 2797
f 2787 188 2794
f 2797 2794 716
f 2787 2794 2797
f 658 2795 2594
f 2795 716 2793
f 2594 2793 170
f 2795 2793 2594
f 714 2797 2788
f 2797 716 2795
f 2788 2795 658
f 2797 2795 2788
f 188 2791 2803
f 2791 715 2806
f 2803 2806 718
f 2791 2806 2803
f 715 2790 2792
f 2790 52 2767
f 2792 2767 708
f 2790 2767 2792
f 718 2804 2802
f 2804 708 2768
f 2802 2768 186
f 2804 2768 2802
f 715 2792 2806
f 2792 708 2804
f 2806 2804 718
f 2792 2804 2806
f 170 2769 2592
f 2769 709 2771
f 2592 2771 657
f 2769 2771 2592
f 709 2770 2772
f 2770 186 2764
f 2772 2764 707
f 2770 2764 2772
f 657 2765 2591
f 2765 707 2763
f 2591 2763 14
f 2765 2763 2591
f 709 2772 2771
f 2772 707 2765
f 2771 2765 657
f 2772 2765 2771
f 188 2803 2794
f 2803 718 2807
f 2794 2807 716
f 2803 2807 2794
f 718 2802 2805
f 2802 186 2770
f 2805 2770 709
f 2802 2770 2805
f 716 2796 2793
f 2796 709 2769
f 2793 2769 170
f 2796 2769 2793
f 718 2805 2807
f 2805 709 2796
f 2807 2796 716
f 2805 2796 2807
f 50 2825 2719
f 2825 723 2828
f 2719 2828 695
f 2825 2828 2719
f 723 2826 2842
f 2826 190 2839
f 2842 2839 726
f 2826 2839 2842
f 695 2840 2720
f 2840 726 2838
f 2720 2838 182
f 2840 2838 2720
f 723 2842 2828
f 2842 726 2840
f 2828 2840 695
f 2842 2840 2828
f 190 2830 2850
f 2830 724 2853
f 2850 2853 728
f 2830 2853 2850
f 724 2829 2832
f 2829 52 2790
f 2832 2790 715
f 2829 2790 2832
f 728 2851 2849
f 2851 715 2791
f 2849 2791 188
f 2851 2791 2849
f 724 2832 2853
f 2832 715 2851
f 2853 2851 728
f 2832 2851 2853
f 182 2798 2717
f 2798 717 2800
f 2717 2800 694
f 2798 2800 2717
f 717 2799 2801
f 2799 188 2787
f 2801 2787 714
f 2799 2787 2801
f 694 2789 2716
f 2789 714 2786
f 2716 2786 46
f 2789 2786 2716
f 717 2801 2800
f 2801 714 2789
f 2800 2789 694
f 2801 2789 2800
f 190 2850 2839
f 2850 728 2854
f 2839 2854 726
f 2850 2854 2839
f 728 2849 2852
f 2849 188 2799
f 2852 2799 717
f 2849 2799 2852
f 726 2841 2838
f 2841 717 2798
f 2838 2798 182
f 2841 2798 2838
f 728 2852 2854
f 2852 717 2841
f 2854 2841 726
f 2852 2841 2854
f 16 2742 2869
f 2742 701 2871
f 2869 2871 733
f 2742 2871 2869
f 701 2743 2877
f 2743 184 2875
f 2877 2875 735
f 2743 2875 2877
f 733 2878 2870
f 2878 735 2876
f 2870 2876 192
f 2878 2876 2870
f 701 2877 2871
f 2877 735 2878
f 2871 2878 733
f 2877 2878 2871
f 184 2745 2935
f 2745 702 2937
f 2935 2937 749
f 2745 2937 2935
f 702 2744 2929
f 2744 51 2927
f 2929 2927 747
f 2744 2927 2929
f 749 2939 2936
f 2939 747 2928
f 2936 2928 195
f 2939 2928 2936
f 702 2929 2937
f 2929 747 2939
f 2937 2939 749
f 2929 2939 2937
f 192 2945 2874
f 2945 751 2947
f 2874 2947 734
f 2945 2947 2874
f 751 2946 2949
f 2946 195 2932
f 2949 2932 748
f 2946 2932 2949
f 734 2933 2873
f 2933 748 2931
f 2873 2931 53
f 2933 2931 2873
f 751 2949 2947
f 2949 748 2933
f 2947 2933 734
f 2949 2933 2947
f 184 2935 2875
f 2935 749 2938
f 2875 2938 735
f 2935 2938 2875
f 749 2936 2950
f 2936 195 2946
f 2950 2946 751
f 2936 2946 2950
f 735 2948 2876
f 2948 751 2945
f 2876 2945 192
f 2948 2945 2876
f 749 2950 2938
f 2950 751 2948
f 2938 2948 735
f 2950 2948 2938
f 51 2736 2749
f 2736 699 2751
f 2749 2751 704
f 2736 2751 2749
f 699 2737 2759
f 2737 183 2757
f 2759 2757 706
f 2737 2757 2759
f 704 2761 2750
f 2761 706 2758
f 2750 2758 185
f 2761 2758 2750
f 699 2759 2751
f 2759 706 2761
f 2751 2761 704
f 2759 2761 2751
f 183 2734 2739
f 2734 698 2741
f 2739 2741 700
f 2734 2741 2739
f 698 2733 2735
f 2733 5 2625
f 2735 2625 668
f 2733 2625 2735
f 700 2740 2738
f 2740 668 2626
f 2738 2626 174
f 2740 2626 2738
f 698 2735 2741
f 2735 668 2740
f 2741 2740 700
f 2735 2740 2741
f 185 2753 2747
f 2753 705 2756
f 2747 2756 703
f 2753 2756 2747
f 705 2752 2754
f 2752 174 2628
f 2754 2628 669
f 2752 2628 2754
f 703 2748 2746
f 2748 669 2627
f 2746 2627 48
f 2748 2627 2746
f 705 2754 2756
f 2754 669 2748
f 2756 2748 703
f 2754 2748 2756
f 183 2739 2757
f 2739 700 2760
f 2757 2760 706
f 2739 2760 2757
f 700 2738 2755
f 2738 174 2752
f 2755 2752 705
f 2738 2752 2755
f 706 2762 2758
f 2762 705 2753
f 2758 2753 185
f 2762 2753 2758
f 700 2755 2760
f 2755 705 2762
f 2760 2762 706
f 2755 2762 2760
f 53 2887 2859
f 2887 738 2889
f 2859 2889 730
f 2887 2889 2859
f 738 2888 2903
f 2888 193 2900
f 2903 2900 741
f 2888 2900 2903
f 730 2901 2860
f 2901 741 2899
f 2860 2899 191
f 2901 2899 2860
f 738 2903 2889
f 2903 741 2901
f 2889 2901 730
f 2903 2901 2889
f 193 2884 2891
f 2884 737 2894
f 2891 2894 739
f 2884 2894 2891
f 737 2883 2885
f 2883 48 2631
f 2885 2631 671
f 2883 2631 2885
f 739 2892 2890
f 2892 671 2632
f 2890 2632 175
f 2892 2632 2890
f 737 2885 2894
f 2885 671 2892
f 2894 2892 739
f 2885 2892 2894
f 191 2862 2856
f 2862 731 2864
f 2856 2864 729
f 2862 2864 2856
f 731 2861 2863
f 2861 175 2630
f 2863 2630 670
f 2861 2630 2863
f 729 2857 2855
f 2857 670 2629
f 2855 2629 15
f 2857 2629 2855
f 731 2863 2864
f 2863 670 2857
f 2864 2857 729
f 2863 2857 2864
f 193 2891 2900
f 2891 739 2904
f 2900 2904 741
f 2891 2904 2900
f 739 2890 2893
f 2890 175 2861
f 2893 2861 731
f 2890 2861 2893
f 741 2902 2899
f 2902 731 2862
f 2899 2862 191
f 2902 2862 2899
f 739 2893 2904
f 2893 731 2902
f 2904 2902 741
f 2893 2902 2904
f 51 2749 2927
f 2749 704 2930
f 2927 2930 747
f 2749 2930 2927
f 704 2750 2942
f 2750 185 2940
f 2942 2940 750
f 2750 2940 2942
f 747 2944 2928
f 2944 750 2941
f 2928 2941 195
f 2944 2941 2928
f 704 2942 2930
f 2942 750 2944
f 2930 2944 747
f 2942 2944 2930
f 185 2747 2895
f 2747 703 2897
f 2895 2897 740
f 2747 2897 2895
f 703 2746 2886
f 2746 48 2883
f 2886 2883 737
f 2746 2883 2886
f 740 2898 2896
f 2898 737 2884
f 2896 2884 193
f 2898 2884 2896
f 703 2886 2897
f 2886 737 2898
f 2897 2898 740
f 2886 2898 2897
f 195 2952 2932
f 2952 752 2955
f 2932 2955 748
f 2952 2955 2932
f 752 2951 2953
f 2951 193 2888
f 2953 2888 738
f 2951 2888 2953
f 748 2934 2931
f 2934 738 2887
f 2931 2887 53
f 2934 2887 2931
f 752 2953 2955
f 2953 738 2934
f 2955 2934 748
f 2953 2934 2955
f 185 2895 2940
f 2895 740 2943
f 2940 2943 750
f 2895 2943 2940
f 740 2896 2954
f 2896 193 2951
f 2954 2951 752
f 2896 2951 2954
f 750 2956 2941
f 2956 752 2952
f 2941 2952 195
f 2956 2952 2941
f 740 2954 2943
f 2954 752 2956
f 2943 2956 750
f 2954 2956 2943
f 14 2633 2583
f 2633 672 2635
f 2583 2635 653
f 2633 2635 2583
f 672 2634 2641
f 2634 176 2639
f 2641 2639 674
f 2634 2639 2641
f 653 2640 2584
f 2640 674 2638
f 2584 2638 168
f 2640 2638 2584
f 672 2641 2635
f 2641 674 2640
f 2635 2640 653
f 2641 2640 2635
f 176 2637 2667
f 2637 673 2669
f 2667 2669 682
f 2637 2669 2667
f 673 2636 2657
f 2636 49 2655
f 2657 2655 679
f 2636 2655 2657
f 682 2671 2668
f 2671 679 2656
f 2668 2656 178
f 2671 2656 2668
f 673 2657 2669
f 2657 679 2671
f 2669 2671 682
f 2657 2671 2669
f 168 2658 2586
f 2658 680 2660
f 2586 2660 654
f 2658 2660 2586
f 680 2659 2662
f 2659 178 2652
f 2662 2652 678
f 2659 2652 2662
f 654 2653 2585
f 2653 678 2651
f 2585 2651 45
f 2653 2651 2585
f 680 2662 2660
f 2662 678 2653
f 2660 2653 654
f 2662 2653 2660
f 176 2667 2639
f 2667 682 2670
f 2639 2670 674
f 2667 2670 2639
f 682 2668 2672
f 2668 178 2659
f 2672 2659 680
f 2668 2659 2672
f 674 2661 2638
f 2661 680 2658
f 2638 2658 168
f 2661 2658 2638
f 682 2672 2670
f 2672 680 2661
f 2670 2661 674
f 2672 2661 2670
f 49 2645 2677
f 2645 676 2679
f 2677 2679 684
f 2645 2679 2677
f 676 2646 2693
f 2646 177 2691
f 2693 2691 687
f 2646 2691 2693
f 684 2695 2678
f 2695 687 2692
f 2678 2692 179
f 2695 2692 2678
f 676 2693 2679
f 2693 687 2695
f 2679 2695 684
f 2693 2695 2679
f 177 2643 2648
f 2643 675 2650
f 2648 2650 677
f 2643 2650 2648
f 675 2642 2644
f 2642 15 2604
f 2644 2604 662
f 2642 2604 2644
f 677 2649 2647
f 2649 662 2605
f 2647 2605 172
f 2649 2605 2647
f 675 2644 2650
f 2644 662 2649
f 2650 2649 677
f 2644 2649 2650
f 179 2682 2674
f 2682 685 2685
f 2674 2685 683
f 2682 2685 2674
f 685 2681 2683
f 2681 172 2607
f 2683 2607 663
f 2681 2607 2683
f 683 2675 2673
f 2675 663 2606
f 2673 2606 47
f 2675 2606 2673
f 685 2683 2685
f 2683 663 2675
f 2685 2675 683
f 2683 2675 2685
f 177 2648 2691
f 2648 677 2694
f 2691 2694 687
f 2648 2694 2691
f 677 2647 2684
f 2647 172 2681
f 2684 2681 685
f 2647 2681 2684
f 687 2696 2692
f 2696 685 2682
f 2692 2682 179
f 2696 2682 2692
f 677 2684 2694
f 2684 685 2696
f 2694 2696 687
f 2684 2696 2694
f 45 2608 2581
f 2608 664 2610
f 2581 2610 652
f 2608 2610 2581
f 664 2609 2618
f 2609 173 2615
f 2618 2615 666
f 2609 2615 2618
f 652 2616 2582
f 2616 666 2614
f 2582 2614 167
f 2616 2614 2582
f 664 2618 2610
f 2618 666 2616
f 2610 2616 652
f 2618 2616 2610
f 173 2612 2620
f 2612 665 2623
f 2620 2623 667
f 2612 2623 2620
f 665 2611 2613
f 2611 47 2598
f 2613 2598 660
f 2611 2598 2613
f 667 2621 2619
f 2621 660 2599
f 2619 2599 171
f 2621 2599 2619
f 665 2613 2623
f 2613 660 2621
f 2623 2621 667
f 2613 2621 2623
f 167 2600 2580
f 2600 661 2602
f 2580 2602 651
f 2600 2602 2580
f 661 2601 2603
f 2601 171 2596
f 2603 2596 659
f 2601 2596 2603
f 651 2597 2579
f 2597 659 2595
f 2579 2595 3
f 2597 2595 2579
f 661 2603 2602
f 2603 659 2597
f 2602 2597 651
f 2603 2597 2602
f 173 2620 2615
f 2620 667 2624
f 2615 2624 666
f 2620 2624 2615
f 667 2619 2622
f 2619 171 2601
f 2622 2601 661
f 2619 2601 2622
f 666 2617 2614
f 2617 661 2600
f 2614 2600 167
f 2617 2600 2614
f 667 2622 2624
f 2622 661 2617
f 2624 2617 666
f 2622 2617 2624
f 49 2677 2655
f 2677 684 2680
f 2655 2680 679
f 2677 2680 2655
f 684 2678 2701
f 2678 179 2698
f 2701 2698 688
f 2678 2698 2701
f 679 2699 2656
f 2699 688 2697
f 2656 2697 178
f 2699 2697 2656
f 684 2701 2680
f 2701 688 2699
f 2680 2699 679
f 2701 2699 2680
f 179 2674 2687
f 2674 683 2690
f 2687 2690 686
f 2674 2690 2687
f 683 2673 2676
f 2673 47 2611
f 2676 2611 665
f 2673 2611 2676
f 686 2688 2686
f 2688 665 2612
f 2686 2612 173
f 2688 2612 2686
f 683 2676 2690
f 2676 665 2688
f 2690 2688 686
f 2676 2688 2690
f 178 2664 2652
f 2664 681 2666
f 2652 2666 678
f 2664 2666 2652
f 681 2663 2665
f 2663 173 2609
f 2665 2609 664
f 2663 2609 2665
f 678 2654 2651
f 2654 664 2608
f 2651 2608 45
f 2654 2608 2651
f 681 2665 2666
f 2665 664 2654
f 2666 2654 678
f 2665 2654 2666
f 179 2687 2698
f 2687 686 2702
f 2698 2702 688
f 2687 2702 2698
f 686 2686 2689
f 2686 173 2663
f 2689 2663 681
f 2686 2663 2689
f 688 2700 2697
f 2700 681 2664
f 2697 2664 178
f 2700 2664 2697
f 686 2689 2702
f 2689 681 2700
f 2702 2700 688
f 2689 2700 2702
f 16 2869 2777
f 2869 733 2872
f 2777 2872 711
f 2869 2872 2777
f 733 2870 2882
f 2870 192 2880
f 2882 2880 736
f 2870 2880 2882
f 711 2881 2778
f 2881 736 2879
f 2778 2879 187
f 2881 2879 2778
f 733 2882 2872
f 2882 736 2881
f 2872 2881 711
f 2882 2881 2872
f 192 2874 2975
f 2874 734 2977
f 2975 2977 757
f 2874 2977 2975
f 734 2873 2963
f 2873 53 2961
f 2963 2961 754
f 2873 2961 2963
f 757 2979 2976
f 2979 754 2962
f 2976 2962 196
f 2979 2962 2976
f 734 2963 2977
f 2963 754 2979
f 2977 2979 757
f 2963 2979 2977
f 187 2965 2781
f 2965 755 2967
f 2781 2967 712
f 2965 2967 2781
f 755 2966 2969
f 2966 196 2958
f 2969 2958 753
f 2966 2958 2969
f 712 2959 2780
f 2959 753 2957
f 2780 2957 52
f 2959 2957 2780
f 755 2969 2967
f 2969 753 2959
f 2967 2959 712
f 2969 2959 2967
f 192 2975 2880
f 2975 757 2978
f 2880 2978 736
f 2975 2978 2880
f 757 2976 2980
f 2976 196 2966
f 2980 2966 755
f 2976 2966 2980
f 736 2968 2879
f 2968 755 2965
f 2879 2965 187
f 2968 2965 2879
f 757 2980 2978
f 2980 755 2968
f 2978 2968 736
f 2980 2968 2978
f 53 2859 2909
f 2859 730 2911
f 2909 2911 743
f 2859 2911 2909
f 730 2860 2923
f 2860 191 2921
f 2923 2921 746
f 2860 2921 2923
f 743 2925 2910
f 2925 746 2922
f 2910 2922 194
f 2925 2922 2910
f 730 2923 2911
f 2923 746 2925
f 2911 2925 743
f 2923 2925 2911
f 191 2856 2866
f 2856 729 2868
f 2866 2868 732
f 2856 2868 2866
f 729 2855 2858
f 2855 15 2642
f 2858 2642 675
f 2855 2642 2858
f 732 2867 2865
f 2867 675 2643
f 2865 2643 177
f 2867 2643 2865
f 729 2858 2868
f 2858 675 2867
f 2868 2867 732
f 2858 2867 2868
f 194 2913 2906
f 2913 744 2916
f 2906 2916 742
f 2913 2916 2906
f 744 2912 2914
f 2912 177 2646
f 2914 2646 676
f 2912 2646 2914
f 742 2907 2905
f 2907 676 2645
f 2905 2645 49
f 2907 2645 2905
f 744 2914 2916
f 2914 676 2907
f 2916 2907 742
f 2914 2907 2916
f 191 2866 2921
f 2866 732 2924
f 2921 2924 746
f 2866 2924 2921
f 732 2865 2915
f 2865 177 2912
f 2915 2912 744
f 2865 2912 2915
f 746 2926 2922
f 2926 744 2913
f 2922 2913 194
f 2926 2913 2922
f 732 2915 2924
f 2915 744 2926
f 2924 2926 746
f 2915 2926 2924
f 52 2811 2767
f 2811 720 2813
f 2767 2813 708
f 2811 2813 2767
f 720 2812 2823
f 2812 189 2820
f 2823 2820 722
f 2812 2820 2823
f 708 2821 2768
f 2821 722 2819
f 2768 2819 186
f 2821 2819 2768
f 720 2823 2813
f 2823 722 2821
f 2813 2821 708
f 2823 2821 2813
f 189 2809 2815
f 2809 719 2818
f 2815 2818 721
f 2809 2818 2815
f 719 2808 2810
f 2808 49 2636
f 2810 2636 673
f 2808 2636 2810
f 721 2816 2814
f 2816 673 2637
f 2814 2637 176
f 2816 2637 2814
f 719 2810 2818
f 2810 673 2816
f 2818 2816 721
f 2810 2816 2818
f 186 2774 2764
f 2774 710 2776
f 2764 2776 707
f 2774 2776 2764
f 710 2773 2775
f 2773 176 2634
f 2775 2634 672
f 2773 2634 2775
f 707 2766 2763
f 2766 672 2633
f 2763 2633 14
f 2766 2633 2763
f 710 2775 2776
f 2775 672 2766
f 2776 2766 707
f 2775 2766 2776
f 189 2815 2820
f 2815 721 2824
f 2820 2824 722
f 2815 2824 2820
f 721 2814 2817
f 2814 176 2773
f 2817 2773 710
f 2814 2773 2817
f 722 2822 2819
f 2822 710 2774
f 2819 2774 186
f 2822 2774 2819
f 721 2817 2824
f 2817 710 2822
f 2824 2822 722
f 2817 2822 2824
f 53 2909 2961
f 2909 743 2964
f 2961 2964 754
f 2909 2964 2961
f 743 2910 2983
f 2910 194 2981
f 2983 2981 758
f 2910 2981 2983
f 754 2985 2962
f 2985 758 2982
f 2962 2982 196
f 2985 2982 2962
f 743 2983 2964
f 2983 758 2985
f 2964 2985 754
f 2983 2985 2964
f 194 2906 2918
f 2906 742 2920
f 2918 2920 745
f 2906 2920 2918
f 742 2905 2908
f 2905 49 2808
f 2908 2808 719
f 2905 2808 2908
f 745 2919 2917
f 2919 719 2809
f 2917 2809 189
f 2919 2809 2917
f 742 2908 2920
f 2908 719 2919
f 2920 2919 745
f 2908 2919 2920
f 196 2971 2958
f 2971 756 2974
f 2958 2974 753
f 2971 2974 2958
f 756 2970 2972
f 2970 189 2812
f 2972 2812 720
f 2970 2812 2972
f 753 2960 2957
f 2960 720 2811
f 2957 2811 52
f 2960 2811 2957
f 756 2972 2974
f 2972 720 2960
f 2974 2960 753
f 2972 2960 2974
f 194 2918 2981
f 2918 745 2984
f 2981 2984 758
f 2918 2984 2981
f 745 2917 2973
f 2917 189 2970
f 2973 2970 756
f 2917 2970 2973
f 758 2986 2982
f 2986 756 2971
f 2982 2971 196
f 2986 2971 2982
f 745 2973 2984
f 2973 756 2986
f 2984 2986 758
f 2973 2986 2984
f 4 2587 3503
f 2587 655 3505
f 3503 3505 897
f 2587 3505 3503
f 655 2588 3510
f 2588 169 3508
f 3510 3508 899
f 2588 3508 3510
f 897 3511 3504
f 3511 899 3509
f 3504 3509 236
f 3511 3509 3504
f 655 3510 3505
f 3510 899 3511
f 3505 3511 897
f 3510 3511 3505
f 169 2590 3522
f 2590 656 3524
f 3522 3524 904
f 2590 3524 3522
f 656 2589 3518
f 2589 46 3516
f 3518 3516 902
f 2589 3516 3518
f 904 3526 3523
f 3526 902 3517
f 3523 3517 238
f 3526 3517 3523
f 656 3518 3524
f 3518 902 3526
f 3524 3526 904
f 3518 3526 3524
f 236 3527 3507
f 3527 905 3529
f 3507 3529 898
f 3527 3529 3507
f 905 3528 3531
f 3528 238 3520
f 3531 3520 903
f 3528 3520 3531
f 898 3521 3506
f 3521 903 3519
f 3506 3519 66
f 3521 3519 3506
f 905 3531 3529
f 3531 903 3521
f 3529 3521 898
f 3531 3521 3529
f 169 3522 3508
f 3522 904 3525
f 3508 3525 899
f 3522 3525 3508
f 904 3523 3532
f 3523 238 3528
f 3532 3528 905
f 3523 3528 3532
f 899 3530 3509
f 3530 905 3527
f 3509 3527 236
f 3530 3527 3509
f 904 3532 3525
f 3532 905 3530
f 3525 3530 899
f 3532 3530 3525
f 46 2593 3586
f 2593 658 3588
f 3586 3588 922
f 2593 3588 3586
f 658 2594 3595
f 2594 170 3593
f 3595 3593 924
f 2594 3593 3595
f 922 3597 3587
f 3597 924 3594
f 3587 3594 244
f 3597 3594 3587
f 658 3595 3588
f 3595 924 3597
f 3588 3597 922
f 3595 3597 3588
f 170 2592 3569
f 2592 657 3571
f 3569 3571 917
f 2592 3571 3569
f 657 2591 3565
f 2591 14 3563
f 3565 3563 915
f 2591 3563 3565
f 917 3572 3570
f 3572 915 3564
f 3570 3564 242
f 3572 3564 3570
f 657 3565 3571
f 3565 915 3572
f 3571 3572 917
f 3565 3572 3571
f 244 3603 3591
f 3603 926 3606
f 3591 3606 923
f 3603 3606 3591
f 926 3602 3604
f 3602 242 3568
f 3604 3568 916
f 3602 3568 3604
f 923 3592 3590
f 3592 916 3567
f 3590 3567 68
f 3592 3567 3590
f 926 3604 3606
f 3604 916 3592
f 3606 3592 923
f 3604 3592 3606
f 170 3569 3593
f 3569 917 3596
f 3593 3596 924
f 3569 3596 3593
f 917 3570 3605
f 3570 242 3602
f 3605 3602 926
f 3570 3602 3605
f 924 3607 3594
f 3607 926 3603
f 3594 3603 244
f 3607 3603 3594
f 917 3605 3596
f 3605 926 3607
f 3596 3607 924
f 3605 3607 3596
f 66 3625 3514
f 3625 931 3627
f 3514 3627 901
f 3625 3627 3514
f 931 3626 3637
f 3626 246 3634
f 3637 3634 933
f 3626 3634 3637
f 901 3635 3515
f 3635 933 3633
f 3515 3633 237
f 3635 3633 3515
f 931 3637 3627
f 3637 933 3635
f 3627 3635 901
f 3637 3635 3627
f 246 3630 3644
f 3630 932 3647
f 3644 3647 935
f 3630 3647 3644
f 932 3629 3631
f 3629 68 3580
f 3631 3580 920
f 3629 3580 3631
f 935 3645 3643
f 3645 920 3581
f 3643 3581 243
f 3645 3581 3643
f 932 3631 3647
f 3631 920 3645
f 3647 3645 935
f 3631 3645 3647
f 237 3582 3513
f 3582 921 3584
f 3513 3584 900
f 3582 3584 3513
f 921 3583 3585
f 3583 243 3578
f 3585 3578 919
f 3583 3578 3585
f 900 3579 3512
f 3579 919 3577
f 3512 3577 21
f 3579 3577 3512
f 921 3585 3584
f 3585 919 3579
f 3584 3579 900
f 3585 3579 3584
f 246 3644 3634
f 3644 935 3648
f 3634 3648 933
f 3644 3648 3634
f 935 3643 3646
f 3643 243 3583
f 3646 3583 921
f 3643 3583 3646
f 933 3636 3633
f 3636 921 3582
f 3633 3582 237
f 3636 3582 3633
f 935 3646 3648
f 3646 921 3636
f 3648 3636 933
f 3646 3636 3648
f 46 3586 3516
f 3586 922 3589
f 3516 3589 902
f 3586 3589 3516
f 922 3587 3601
f 3587 244 3599
f 3601 3599 925
f 3587 3599 3601
f 902 3600 3517
f 3600 925 3598
f 3517 3598 238
f 3600 3598 3517
f 922 3601 3589
f 3601 925 3600
f 3589 3600 902
f 3601 3600 3589
f 244 3591 3649
f 3591 923 3651
f 3649 3651 936
f 3591 3651 3649
f 923 3590 3632
f 3590 68 3629
f 3632 3629 932
f 3590 3629 3632
f 936 3653 3650
f 3653 932 3630
f 3650 3630 246
f 3653 3630 3650
f 923 3632 3651
f 3632 932 3653
f 3651 3653 936
f 3632 3653 3651
f 238 3638 3520
f 3638 934 3640
f 3520 3640 903
f 3638 3640 3520
f 934 3639 3642
f 3639 246 3626
f 3642 3626 931
f 3639 3626 3642
f 903 3628 3519
f 3628 931 3625
f 3519 3625 66
f 3628 3625 3519
f 934 3642 3640
f 3642 931 3628
f 3640 3628 903
f 3642 3628 3640
f 244 3649 3599
f 3649 936 3652
f 3599 3652 925
f 3649 3652 3599
f 936 3650 3654
f 3650 246 3639
f 3654 3639 934
f 3650 3639 3654
f 925 3641 3598
f 3641 934 3638
f 3598 3638 238
f 3641 3638 3598
f 936 3654 3652
f 3654 934 3641
f 3652 3641 925
f 3654 3641 3652
f 14 2583 3433
f 2583 653 3435
f 3433 3435 880
f 2583 3435 3433
f 653 2584 3440
f 2584 168 3438
f 3440 3438 882
f 2584 3438 3440
f 880 3441 3434
f 3441 882 3439
f 3434 3439 232
f 3441 3439 3434
f 653 3440 3435
f 3440 882 3441
f 3435 3441 880
f 3440 3441 3435
f 168 2586 3458
f 2586 654 3460
f 3458 3460 888
f 2586 3460 3458
f 654 2585 3453
f 2585 45 3451
f 3453 3451 886
f 2585 3451 3453
f 888 3462 3459
f 3462 886 3452
f 3459 3452 234
f 3462 3452 3459
f 654 3453 3460
f 3453 886 3462
f 3460 3462 888
f 3453 3462 3460
f 232 3467 3437
f 3467 890 3469
f 3437 3469 881
f 3467 3469 3437
f 890 3468 3471
f 3468 234 3456
f 3471 3456 887
f 3468 3456 3471
f 881 3457 3436
f 3457 887 3455
f 3436 3455 65
f 3457 3455 3436
f 890 3471 3469
f 3471 887 3457
f 3469 3457 881
f 3471 3457 3469
f 168 3458 3438
f 3458 888 3461
f 3438 3461 882
f 3458 3461 3438
f 888 3459 3472
f 3459 234 3468
f 3472 3468 890
f 3459 3468 3472
f 882 3470 3439
f 3470 890 3467
f 3439 3467 232
f 3470 3467 3439
f 888 3472 3461
f 3472 890 3470
f 3461 3470 882
f 3472 3470 3461
f 45 2581 3408
f 2581 652 3410
f 3408 3410 872
f 2581 3410 3408
f 652 2582 3416
f 2582 167 3414
f 3416 3414 874
f 2582 3414 3416
f 872 3418 3409
f 3418 874 3415
f 3409 3415 229
f 3418 3415 3409
f 652 3416 3410
f 3416 874 3418
f 3410 3418 872
f 3416 3418 3410
f 167 2580 3400
f 2580 651 3402
f 3400 3402 869
f 2580 3402 3400
f 651 2579 3397
f 2579 3 3395
f 3397 3395 867
f 2579 3395 3397
f 869 3403 3401
f 3403 867 3396
f 3401 3396 227
f 3403 3396 3401
f 651 3397 3402
f 3397 867 3403
f 3402 3403 869
f 3397 3403 3402
f 229 3420 3412
f 3420 875 3423
f 3412 3423 873
f 3420 3423 3412
f 875 3419 3421
f 3419 227 3399
f 3421 3399 868
f 3419 3399 3421
f 873 3413 3411
f 3413 868 3398
f 3411 3398 63
f 3413 3398 3411
f 875 3421 3423
f 3421 868 3413
f 3423 3413 873
f 3421 3413 3423
f 167 3400 3414
f 3400 869 3417
f 3414 3417 874
f 3400 3417 3414
f 869 3401 3422
f 3401 227 3419
f 3422 3419 875
f 3401 3419 3422
f 874 3424 3415
f 3424 875 3420
f 3415 3420 229
f 3424 3420 3415
f 869 3422 3417
f 3422 875 3424
f 3417 3424 874
f 3422 3424 3417
f 65 3477 3445
f 3477 892 3479
f 3445 3479 884
f 3477 3479 3445
f 892 3478 3495
f 3478 235 3492
f 3495 3492 895
f 3478 3492 3495
f 884 3493 3446
f 3493 895 3491
f 3446 3491 233
f 3493 3491 3446
f 892 3495 3479
f 3495 895 3493
f 3479 3493 884
f 3495 3493 3479
f 235 3474 3482
f 3474 891 3485
f 3482 3485 893
f 3474 3485 3482
f 891 3473 3475
f 3473 63 3406
f 3475 3406 871
f 3473 3406 3475
f 893 3483 3481
f 3483 871 3407
f 3481 3407 228
f 3483 3407 3481
f 891 3475 3485
f 3475 871 3483
f 3485 3483 893
f 3475 3483 3485
f 233 3448 3443
f 3448 885 3450
f 3443 3450 883
f 3448 3450 3443
f 885 3447 3449
f 3447 228 3405
f 3449 3405 870
f 3447 3405 3449
f 883 3444 3442
f 3444 870 3404
f 3442 3404 20
f 3444 3404 3442
f 885 3449 3450
f 3449 870 3444
f 3450 3444 883
f 3449 3444 3450
f 235 3482 3492
f 3482 893 3496
f 3492 3496 895
f 3482 3496 3492
f 893 3481 3484
f 3481 228 3447
f 3484 3447 885
f 3481 3447 3484
f 895 3494 3491
f 3494 885 3448
f 3491 3448 233
f 3494 3448 3491
f 893 3484 3496
f 3484 885 3494
f 3496 3494 895
f 3484 3494 3496
f 45 3408 3451
f 3408 872 3454
f 3451 3454 886
f 3408 3454 3451
f 872 3409 3465
f 3409 229 3463
f 3465 3463 889
f 3409 3463 3465
f 886 3466 3452
f 3466 889 3464
f 3452 3464 234
f 3466 3464 3452
f 872 3465 3454
f 3465 889 3466
f 3454 3466 886
f 3465 3466 3454
f 229 3412 3486
f 3412 873 3488
f 3486 3488 894
f 3412 3488 3486
f 873 3411 3476
f 3411 63 3473
f 3476 3473 891
f 3411 3473 3476
f 894 3490 3487
f 3490 891 3474
f 3487 3474 235
f 3490 3474 3487
f 873 3476 3488
f 3476 891 3490
f 3488 3490 894
f 3476 3490 3488
f 234 3497 3456
f 3497 896 3499
f 3456 3499 887
f 3497 3499 3456
f 896 3498 3501
f 3498 235 3478
f 3501 3478 892
f 3498 3478 3501
f 887 3480 3455
f 3480 892 3477
f 3455 3477 65
f 3480 3477 3455
f 896 3501 3499
f 3501 892 3480
f 3499 3480 887
f 3501 3480 3499
f 229 3486 3463
f 3486 894 3489
f 3463 3489 889
f 3486 3489 3463
f 894 3487 3502
f 3487 235 3498
f 3502 3498 896
f 3487 3498 3502
f 889 3500 3464
f 3500 896 3497
f 3464 3497 234
f 3500 3497 3464
f 894 3502 3489
f 3502 896 3500
f 3489 3500 889
f 3502 3500 3489
f 21 3669 3542
f 3669 941 3671
f 3542 3671 909
f 3669 3671 3542
f 941 3670 3678
f 3670 248 3676
f 3678 3676 943
f 3670 3676 3678
f 909 3677 3543
f 3677 943 3675
f 3543 3675 240
f 3677 3675 3543
f 941 3678 3671
f 3678 943 3677
f 3671 3677 909
f 3678 3677 3671
f 248 3674 3745
f 3674 942 3747
f 3745 3747 959
f 3674 3747 3745
f 942 3673 3733
f 3673 69 3731
f 3733 3731 956
f 3673 3731 3733
f 959 3749 3746
f 3749 956 3732
f 3746 3732 251
f 3749 3732 3746
f 942 3733 3747
f 3733 956 3749
f 3747 3749 959
f 3733 3749 3747
f 240 3735 3545
f 3735 957 3737
f 3545 3737 910
f 3735 3737 3545
f 957 3736 3739
f 3736 251 3728
f 3739 3728 955
f 3736 3728 3739
f 910 3729 3544
f 3729 955 3727
f 3544 3727 67
f 3729 3727 3544
f 957 3739 3737
f 3739 955 3729
f 3737 3729 910
f 3739 3729 3737
f 248 3745 3676
f 3745 959 3748
f 3676 3748 943
f 3745 3748 3676
f 959 3746 3750
f 3746 251 3736
f 3750 3736 957
f 3746 3736 3750
f 943 3738 3675
f 3738 957 3735
f 3675 3735 240
f 3738 3735 3675
f 959 3750 3748
f 3750 957 3738
f 3748 3738 943
f 3750 3738 3748
f 69 3659 3687
f 3659 938 3689
f 3687 3689 946
f 3659 3689 3687
f 938 3660 3701
f 3660 247 3699
f 3701 3699 949
f 3660 3699 3701
f 946 3703 3688
f 3703 949 3700
f 3688 3700 249
f 3703 3700 3688
f 938 3701 3689
f 3701 949 3703
f 3689 3703 946
f 3701 3703 3689
f 247 3656 3662
f 3656 937 3664
f 3662 3664 939
f 3656 3664 3662
f 937 3655 3657
f 3655 20 3429
f 3657 3429 878
f 3655 3429 3657
f 939 3663 3661
f 3663 878 3430
f 3661 3430 231
f 3663 3430 3661
f 937 3657 3664
f 3657 878 3663
f 3664 3663 939
f 3657 3663 3664
f 249 3691 3684
f 3691 947 3694
f 3684 3694 945
f 3691 3694 3684
f 947 3690 3692
f 3690 231 3432
f 3692 3432 879
f 3690 3432 3692
f 945 3685 3683
f 3685 879 3431
f 3683 3431 64
f 3685 3431 3683
f 947 3692 3694
f 3692 879 3685
f 3694 3685 945
f 3692 3685 3694
f 247 3662 3699
f 3662 939 3702
f 3699 3702 949
f 3662 3702 3699
f 939 3661 3693
f 3661 231 3690
f 3693 3690 947
f 3661 3690 3693
f 949 3704 3700
f 3704 947 3691
f 3700 3691 249
f 3704 3691 3700
f 939 3693 3702
f 3693 947 3704
f 3702 3704 949
f 3693 3704 3702
f 67 3549 3536
f 3549 912 3551
f 3536 3551 907
f 3549 3551 3536
f 912 3550 3561
f 3550 241 3558
f 3561 3558 914
f 3550 3558 3561
f 907 3559 3537
f 3559 914 3557
f 3537 3557 239
f 3559 3557 3537
f 912 3561 3551
f 3561 914 3559
f 3551 3559 907
f 3561 3559 3551
f 241 3547 3553
f 3547 911 3556
f 3553 3556 913
f 3547 3556 3553
f 911 3546 3548
f 3546 64 3427
f 3548 3427 877
f 3546 3427 3548
f 913 3554 3552
f 3554 877 3428
f 3552 3428 230
f 3554 3428 3552
f 911 3548 3556
f 3548 877 3554
f 3556 3554 913
f 3548 3554 3556
f 239 3539 3534
f 3539 908 3541
f 3534 3541 906
f 3539 3541 3534
f 908 3538 3540
f 3538 230 3426
f 3540 3426 876
f 3538 3426 3540
f 906 3535 3533
f 3535 876 3425
f 3533 3425 7
f 3535 3425 3533
f 908 3540 3541
f 3540 876 3535
f 3541 3535 906
f 3540 3535 3541
f 241 3553 3558
f 3553 913 3562
f 3558 3562 914
f 3553 3562 3558
f 913 3552 3555
f 3552 230 3538
f 3555 3538 908
f 3552 3538 3555
f 914 3560 3557
f 3560 908 3539
f 3557 3539 239
f 3560 3539 3557
f 913 3555 3562
f 3555 908 3560
f 3562 3560 914
f 3555 3560 3562
f 69 3687 3731
f 3687 946 3734
f 3731 3734 956
f 3687 3734 3731
f 946 3688 3753
f 3688 249 3751
f 3753 3751 960
f 3688 3751 3753
f 956 3755 3732
f 3755 960 3752
f 3732 3752 251
f 3755 3752 3732
f 946 3753 3734
f 3753 960 3755
f 3734 3755 956
f 3753 3755 3734
f 249 3684 3696
f 3684 945 3698
f 3696 3698 948
f 3684 3698 3696
f 945 3683 3686
f 3683 64 3546
f 3686 3546 911
f 3683 3546 3686
f 948 3697 3695
f 3697 911 3547
f 3695 3547 241
f 3697 3547 3695
f 945 3686 3698
f 3686 911 3697
f 3698 3697 948
f 3686 3697 3698
f 251 3741 3728
f 3741 958 3744
f 3728 3744 955
f 3741 3744 3728
f 958 3740 3742
f 3740 241 3550
f 3742 3550 912
f 3740 3550 3742
f 955 3730 3727
f 3730 912 3549
f 3727 3549 67
f 3730 3549 3727
f 958 3742 3744
f 3742 912 3730
f 3744 3730 955
f 3742 3730 3744
f 249 3696 3751
f 3696 948 3754
f 3751 3754 960
f 3696 3754 3751
f 948 3695 3743
f 3695 241 3740
f 3743 3740 958
f 3695 3740 3743
f 960 3756 3752
f 3756 958 3741
f 3752 3741 251
f 3756 3741 3752
f 948 3743 3754
f 3743 958 3756
f 3754 3756 960
f 3743 3756 3754
f 14 3433 3563
f 3433 880 3566
f 3563 3566 915
f 3433 3566 3563
f 880 3434 3575
f 3434 232 3573
f 3575 3573 918
f 3434 3573 3575
f 915 3576 3564
f 3576 918 3574
f 3564 3574 242
f 3576 3574 3564
f 880 3575 3566
f 3575 918 3576
f 3566 3576 915
f 3575 3576 3566
f 232 3437 3614
f 3437 881 3616
f 3614 3616 929
f 3437 3616 3614
f 881 3436 3610
f 3436 65 3608
f 3610 3608 927
f 3436 3608 3610
f 929 3618 3615
f 3618 927 3609
f 3615 3609 245
f 3618 3609 3615
f 881 3610 3616
f 3610 927 3618
f 3616 3618 929
f 3610 3618 3616
f 242 3619 3568
f 3619 930 3621
f 3568 3621 916
f 3619 3621 3568
f 930 3620 3623
f 3620 245 3612
f 3623 3612 928
f 3620 3612 3623
f 916 3613 3567
f 3613 928 3611
f 3567 3611 68
f 3613 3611 3567
f 930 3623 3621
f 3623 928 3613
f 3621 3613 916
f 3623 3613 3621
f 232 3614 3573
f 3614 929 3617
f 3573 3617 918
f 3614 3617 3573
f 929 3615 3624
f 3615 245 3620
f 3624 3620 930
f 3615 3620 3624
f 918 3622 3574
f 3622 930 3619
f 3574 3619 242
f 3622 3619 3574
f 929 3624 3617
f 3624 930 3622
f 3617 3622 918
f 3624 3622 3617
f 65 3445 3705
f 3445 884 3707
f 3705 3707 950
f 3445 3707 3705
f 884 3446 3714
f 3446 233 3712
f 3714 3712 952
f 3446 3712 3714
f 950 3716 3706
f 3716 952 3713
f 3706 3713 250
f 3716 3713 3706
f 884 3714 3707
f 3714 952 3716
f 3707 3716 950
f 3714 3716 3707
f 233 3443 3665
f 3443 883 3667
f 3665 3667 940
f 3443 3667 3665
f 883 3442 3658
f 3442 20 3655
f 3658 3655 937
f 3442 3655 3658
f 940 3668 3666
f 3668 937 3656
f 3666 3656 247
f 3668 3656 3666
f 883 3658 3667
f 3658 937 3668
f 3667 3668 940
f 3658 3668 3667
f 250 3722 3710
f 3722 954 3725
f 3710 3725 951
f 3722 3725 3710
f 954 3721 3723
f 3721 247 3660
f 3723 3660 938
f 3721 3660 3723
f 951 3711 3709
f 3711 938 3659
f 3709 3659 69
f 3711 3659 3709
f 954 3723 3725
f 3723 938 3711
f 3725 3711 951
f 3723 3711 3725
f 233 3665 3712
f 3665 940 3715
f 3712 3715 952
f 3665 3715 3712
f 940 3666 3724
f 3666 247 3721
f 3724 3721 954
f 3666 3721 3724
f 952 3726 3713
f 3726 954 3722
f 3713 3722 250
f 3726 3722 3713
f 940 3724 3715
f 3724 954 3726
f 3715 3726 952
f 3724 3726 3715
f 68 3757 3580
f 3757 961 3759
f 3580 3759 920
f 3757 3759 3580
f 961 3758 3769
f 3758 252 3766
f 3769 3766 963
f 3758 3766 3769
f 920 3767 3581
f 3767 963 3765
f 3581 3765 243
f 3767 3765 3581
f 961 3769 3759
f 3769 963 3767
f 3759 3767 920
f 3769 3767 3759
f 252 3762 3776
f 3762 962 3779
f 3776 3779 965
f 3762 3779 3776
f 962 3761 3763
f 3761 69 3673
f 3763 3673 942
f 3761 3673 3763
f 965 3777 3775
f 3777 942 3674
f 3775 3674 248
f 3777 3674 3775
f 962 3763 3779
f 3763 942 3777
f 3779 3777 965
f 3763 3777 3779
f 243 3679 3578
f 3679 944 3681
f 3578 3681 919
f 3679 3681 3578
f 944 3680 3682
f 3680 248 3670
f 3682 3670 941
f 3680 3670 3682
f 919 3672 3577
f 3672 941 3669
f 3577 3669 21
f 3672 3669 3577
f 944 3682 3681
f 3682 941 3672
f 3681 3672 919
f 3682 3672 3681
f 252 3776 3766
f 3776 965 3780
f 3766 3780 963
f 3776 3780 3766
f 965 3775 3778
f 3775 248 3680
f 3778 3680 944
f 3775 3680 3778
f 963 3768 3765
f 3768 944 3679
f 3765 3679 243
f 3768 3679 3765
f 965 3778 3780
f 3778 944 3768
f 3780 3768 963
f 3778 3768 3780
f 65 3705 3608
f 3705 950 3708
f 3608 3708 927
f 3705 3708 3608
f 950 3706 3720
f 3706 250 3718
f 3720 3718 953
f 3706 3718 3720
f 927 3719 3609
f 3719 953 3717
f 3609 3717 245
f 3719 3717 3609
f 950 3720 3708
f 3720 953 3719
f 3708 3719 927
f 3720 3719 3708
f 250 3710 3781
f 3710 951 3783
f 3781 3783 966
f 3710 3783 3781
f 951 3709 3764
f 3709 69 3761
f 3764 3761 962
f 3709 3761 3764
f 966 3785 3782
f 3785 962 3762
f 3782 3762 252
f 3785 3762 3782
f 951 3764 3783
f 3764 962 3785
f 3783 3785 966
f 3764 3785 3783
f 245 3770 3612
f 3770 964 3772
f 3612 3772 928
f 3770 3772 3612
f 964 3771 3774
f 3771 252 3758
f 3774 3758 961
f 3771 3758 3774
f 928 3760 3611
f 3760 961 3757
f 3611 3757 68
f 3760 3757 3611
f 964 3774 3772
f 3774 961 3760
f 3772 3760 928
f 3774 3760 3772
f 250 3781 3718
f 3781 966 3784
f 3718 3784 953
f 3781 3784 3718
f 966 3782 3786
f 3782 252 3771
f 3786 3771 964
f 3782 3771 3786
f 953 3773 3717
f 3773 964 3770
f 3717 3770 245
f 3773 3770 3717
f 966 3786 3784
f 3786 964 3773
f 3784 3773 953
f 3786 3773 3784
f 4 3503 4303
f 3503 897 4305
f 4303 4305 1105
f 3503 4305 4303
f 897 3504 4310
f 3504 236 4308
f 4310 4308 1107
f 3504 4308 4310
f 1105 4311 4304
f 4311 1107 4309
f 4304 4309 292
f 4311 4309 4304
f 897 4310 4305
f 4310 1107 4311
f 4305 4311 1105
f 4310 4311 4305
f 236 3507 4322
f 3507 898 4324
f 4322 4324 1112
f 3507 4324 4322
f 898 3506 4318
f 3506 66 4316
f 4318 4316 1110
f 3506 4316 4318
f 1112 4326 4323
f 4326 1110 4317
f 4323 4317 294
f 4326 4317 4323
f 898 4318 4324
f 4318 1110 4326
f 4324 4326 1112
f 4318 4326 4324
f 292 4327 4307
f 4327 1113 4329
f 4307 4329 1106
f 4327 4329 4307
f 1113 4328 4331
f 4328 294 4320
f 4331 4320 1111
f 4328 4320 4331
f 1106 4321 4306
f 4321 1111 4319
f 4306 4319 82
f 4321 4319 4306
f 1113 4331 4329
f 4331 1111 4321
f 4329 4321 1106
f 4331 4321 4329
f 236 4322 4308
f 4322 1112 4325
f 4308 4325 1107
f 4322 4325 4308
f 1112 4323 4332
f 4323 294 4328
f 4332 4328 1113
f 4323 4328 4332
f 1107 4330 4309
f 4330 1113 4327
f 4309 4327 292
f 4330 4327 4309
f 1112 4332 4325
f 4332 1113 4330
f 4325 4330 1107
f 4332 4330 4325
f 66 3514 4359
f 3514 901 4361
f 4359 4361 1124
f 3514 4361 4359
f 901 3515 4368
f 3515 237 4366
f 4368 4366 1126
f 3515 4366 4368
f 1124 4370 4360
f 4370 1126 4367
f 4360 4367 299
f 4370 4367 4360
f 901 4368 4361
f 4368 1126 4370
f 4361 4370 1124
f 4368 4370 4361
f 237 3513 4346
f 3513 900 4348
f 4346 4348 1120
f 3513 4348 4346
f 900 3512 4343
f 3512 21 4341
f 4343 4341 1118
f 3512 4341 4343
f 1120 4349 4347
f 4349 1118 4342
f 4347 4342 297
f 4349 4342 4347
f 900 4343 4348
f 4343 1118 4349
f 4348 4349 1120
f 4343 4349 4348
f 299 4376 4364
f 4376 1128 4379
f 4364 4379 1125
f 4376 4379 4364
f 1128 4375 4377
f 4375 297 4345
f 4377 4345 1119
f 4375 4345 4377
f 1125 4365 4363
f 4365 1119 4344
f 4363 4344 84
f 4365 4344 4363
f 1128 4377 4379
f 4377 1119 4365
f 4379 4365 1125
f 4377 4365 4379
f 237 4346 4366
f 4346 1120 4369
f 4366 4369 1126
f 4346 4369 4366
f 1120 4347 4378
f 4347 297 4375
f 4378 4375 1128
f 4347 4375 4378
f 1126 4380 4367
f 4380 1128 4376
f 4367 4376 299
f 4380 4376 4367
f 1120 4378 4369
f 4378 1128 4380
f 4369 4380 1126
f 4378 4380 4369
f 82 4381 4314
f 4381 1129 4383
f 4314 4383 1109
f 4381 4383 4314
f 1129 4382 4393
f 4382 300 4390
f 4393 4390 1131
f 4382 4390 4393
f 1109 4391 4315
f 4391 1131 4389
f 4315 4389 293
f 4391 4389 4315
f 1129 4393 4383
f 4393 1131 4391
f 4383 4391 1109
f 4393 4391 4383
f 300 4386 4400
f 4386 1130 4403
f 4400 4403 1133
f 4386 4403 4400
f 1130 4385 4387
f 4385 84 4353
f 4387 4353 1122
f 4385 4353 4387
f 1133 4401 4399
f 4401 1122 4354
f 4399 4354 298
f 4401 4354 4399
f 1130 4387 4403
f 4387 1122 4401
f 4403 4401 1133
f 4387 4401 4403
f 293 4355 4313
f 4355 1123 4357
f 4313 4357 1108
f 4355 4357 4313
f 1123 4356 4358
f 4356 298 4351
f 4358 4351 1121
f 4356 4351 4358
f 1108 4352 4312
f 4352 1121 4350
f 4312 4350 26
f 4352 4350 4312
f 1123 4358 4357
f 4358 1121 4352
f 4357 4352 1108
f 4358 4352 4357
f 300 4400 4390
f 4400 1133 4404
f 4390 4404 1131
f 4400 4404 4390
f 1133 4399 4402
f 4399 298 4356
f 4402 4356 1123
f 4399 4356 4402
f 1131 4392 4389
f 4392 1123 4355
f 4389 4355 293
f 4392 4355 4389
f 1133 4402 4404
f 4402 1123 4392
f 4404 4392 1131
f 4402 4392 4404
f 66 4359 4316
f 4359 1124 4362
f 4316 4362 1110
f 4359 4362 4316
f 1124 4360 4374
f 4360 299 4372
f 4374 4372 1127
f 4360 4372 4374
f 1110 4373 4317
f 4373 1127 4371
f 4317 4371 294
f 4373 4371 4317
f 1124 4374 4362
f 4374 1127 4373
f 4362 4373 1110
f 4374 4373 4362
f 299 4364 4405
f 4364 1125 4407
f 4405 4407 1134
f 4364 4407 4405
f 1125 4363 4388
f 4363 84 4385
f 4388 4385 1130
f 4363 4385 4388
f 1134 4409 4406
f 4409 1130 4386
f 4406 4386 300
f 4409 4386 4406
f 1125 4388 4407
f 4388 1130 4409
f 4407 4409 1134
f 4388 4409 4407
f 294 4394 4320
f 4394 1132 4396
f 4320 4396 1111
f 4394 4396 4320
f 1132 4395 4398
f 4395 300 4382
f 4398 4382 1129
f 4395 4382 4398
f 1111 4384 4319
f 4384 1129 4381
f 4319 4381 82
f 4384 4381 4319
f 1132 4398 4396
f 4398 1129 4384
f 4396 4384 1111
f 4398 4384 4396
f 299 4405 4372
f 4405 1134 4408
f 4372 4408 1127
f 4405 4408 4372
f 1134 4406 4410
f 4406 300 4395
f 4410 4395 1132
f 4406 4395 4410
f 1127 4397 4371
f 4397 1132 4394
f 4371 4394 294
f 4397 4394 4371
f 1134 4410 4408
f 4410 1132 4397
f 4408 4397 1127
f 4410 4397 4408
f 21 3542 4493
f 3542 909 4495
f 4493 4495 1158
f 3542 4495 4493
f 909 3543 4501
f 3543 240 4499
f 4501 4499 1160
f 3543 4499 4501
f 1158 4502 4494
f 4502 1160 4500
f 4494 4500 308
f 4502 4500 4494
f 909 4501 4495
f 4501 1160 4502
f 4495 4502 1158
f 4501 4502 4495
f 240 3545 4523
f 3545 910 4525
f 4523 4525 1167
f 3545 4525 4523
f 910 3544 4518
f 3544 67 4516
f 4518 4516 1165
f 3544 4516 4518
f 1167 4527 4524
f 4527 1165 4517
f 4524 4517 310
f 4527 4517 4524
f 910 4518 4525
f 4518 1165 4527
f 4525 4527 1167
f 4518 4527 4525
f 308 4532 4498
f 4532 1169 4534
f 4498 4534 1159
f 4532 4534 4498
f 1169 4533 4536
f 4533 310 4521
f 4536 4521 1166
f 4533 4521 4536
f 1159 4522 4497
f 4522 1166 4520
f 4497 4520 87
f 4522 4520 4497
f 1169 4536 4534
f 4536 1166 4522
f 4534 4522 1159
f 4536 4522 4534
f 240 4523 4499
f 4523 1167 4526
f 4499 4526 1160
f 4523 4526 4499
f 1167 4524 4537
f 4524 310 4533
f 4537 4533 1169
f 4524 4533 4537
f 1160 4535 4500
f 4535 1169 4532
f 4500 4532 308
f 4535 4532 4500
f 1167 4537 4526
f 4537 1169 4535
f 4526 4535 1160
f 4537 4535 4526
f 67 3536 4429
f 3536 907 4431
f 4429 4431 1141
f 3536 4431 4429
f 907 3537 4437
f 3537 239 4435
f 4437 4435 1143
f 3537 4435 4437
f 1141 4439 4430
f 4439 1143 4436
f 4430 4436 303
f 4439 4436 4430
f 907 4437 4431
f 4437 1143 4439
f 4431 4439 1141
f 4437 4439 4431
f 239 3534 4417
f 3534 906 4419
f 4417 4419 1137
f 3534 4419 4417
f 906 3533 4413
f 3533 7 4411
f 4413 4411 1135
f 3533 4411 4413
f 1137 4420 4418
f 4420 1135 4412
f 4418 4412 301
f 4420 4412 4418
f 906 4413 4419
f 4413 1135 4420
f 4419 4420 1137
f 4413 4420 4419
f 303 4441 4433
f 4441 1144 4444
f 4433 4444 1142
f 4441 4444 4433
f 1144 4440 4442
f 4440 301 4416
f 4442 4416 1136
f 4440 4416 4442
f 1142 4434 4432
f 4434 1136 4415
f 4432 4415 85
f 4434 4415 4432
f 1144 4442 4444
f 4442 1136 4434
f 4444 4434 1142
f 4442 4434 4444
f 239 4417 4435
f 4417 1137 4438
f 4435 4438 1143
f 4417 4438 4435
f 1137 4418 4443
f 4418 301 4440
f 4443 4440 1144
f 4418 4440 4443
f 1143 4445 4436
f 4445 1144 4441
f 4436 4441 303
f 4445 4441 4436
f 1137 4443 4438
f 4443 1144 4445
f 4438 4445 1143
f 4443 4445 4438
f 87 4559 4510
f 4559 1175 4561
f 4510 4561 1163
f 4559 4561 4510
f 1175 4560 4577
f 4560 312 4574
f 4577 4574 1178
f 4560 4574 4577
f 1163 4575 4511
f 4575 1178 4573
f 4511 4573 309
f 4575 4573 4511
f 1175 4577 4561
f 4577 1178 4575
f 4561 4575 1163
f 4577 4575 4561
f 312 4556 4564
f 4556 1174 4567
f 4564 4567 1176
f 4556 4567 4564
f 1174 4555 4557
f 4555 85 4427
f 4557 4427 1140
f 4555 4427 4557
f 1176 4565 4563
f 4565 1140 4428
f 4563 4428 302
f 4565 4428 4563
f 1174 4557 4567
f 4557 1140 4565
f 4567 4565 1176
f 4557 4565 4567
f 309 4513 4508
f 4513 1164 4515
f 4508 4515 1162
f 4513 4515 4508
f 1164 4512 4514
f 4512 302 4426
f 4514 4426 1139
f 4512 4426 4514
f 1162 4509 4507
f 4509 1139 4425
f 4507 4425 27
f 4509 4425 4507
f 1164 4514 4515
f 4514 1139 4509
f 4515 4509 1162
f 4514 4509 4515
f 312 4564 4574
f 4564 1176 4578
f 4574 4578 1178
f 4564 4578 4574
f 1176 4563 4566
f 4563 302 4512
f 4566 4512 1164
f 4563 4512 4566
f 1178 4576 4573
f 4576 1164 4513
f 4573 4513 309
f 4576 4513 4573
f 1176 4566 4578
f 4566 1164 4576
f 4578 4576 1178
f 4566 4576 4578
f 67 4429 4516
f 4429 1141 4519
f 4516 4519 1165
f 4429 4519 4516
f 1141 4430 4530
f 4430 303 4528
f 4530 4528 1168
f 4430 4528 4530
f 1165 4531 4517
f 4531 1168 4529
f 4517 4529 310
f 4531 4529 4517
f 1141 4530 4519
f 4530 1168 4531
f 4519 4531 1165
f 4530 4531 4519
f 303 4433 4568
f 4433 1142 4570
f 4568 4570 1177
f 4433 4570 4568
f 1142 4432 4558
f 4432 85 4555
f 4558 4555 1174
f 4432 4555 4558
f 1177 4572 4569
f 4572 1174 4556
f 4569 4556 312
f 4572 4556 4569
f 1142 4558 4570
f 4558 1174 4572
f 4570 4572 1177
f 4558 4572 4570
f 310 4579 4521
f 4579 1179 4581
f 4521 4581 1166
f 4579 4581 4521
f 1179 4580 4583
f 4580 312 4560
f 4583 4560 1175
f 4580 4560 4583
f 1166 4562 4520
f 4562 1175 4559
f 4520 4559 87
f 4562 4559 4520
f 1179 4583 4581
f 4583 1175 4562
f 4581 4562 1166
f 4583 4562 4581
f 303 4568 4528
f 4568 1177 4571
f 4528 4571 1168
f 4568 4571 4528
f 1177 4569 4584
f 4569 312 4580
f 4584 4580 1179
f 4569 4580 4584
f 1168 4582 4529
f 4582 1179 4579
f 4529 4579 310
f 4582 4579 4529
f 1177 4584 4571
f 4584 1179 4582
f 4571 4582 1168
f 4584 4582 4571
f 26 4655 4337
f 4655 1197 4657
f 4337 4657 1116
f 4655 4657 4337
f 1197 4656 4664
f 4656 317 4662
f 4664 4662 1199
f 4656 4662 4664
f 1116 4663 4338
f 4663 1199 4661
f 4338 4661 296
f 4663 4661 4338
f 1197 4664 4657
f 4664 1199 4663
f 4657 4663 1116
f 4664 4663 4657
f 317 4660 4699
f 4660 1198 4701
f 4699 4701 1209
f 4660 4701 4699
f 1198 4659 4689
f 4659 89 4687
f 4689 4687 1206
f 4659 4687 4689
f 1209 4703 4700
f 4703 1206 4688
f 4700 4688 319
f 4703 4688 4700
f 1198 4689 4701
f 4689 1206 4703
f 4701 4703 1209
f 4689 4703 4701
f 296 4690 4340
f 4690 1207 4692
f 4340 4692 1117
f 4690 4692 4340
f 1207 4691 4694
f 4691 319 4684
f 4694 4684 1205
f 4691 4684 4694
f 1117 4685 4339
f 4685 1205 4683
f 4339 4683 83
f 4685 4683 4339
f 1207 4694 4692
f 4694 1205 4685
f 4692 4685 1117
f 4694 4685 4692
f 317 4699 4662
f 4699 1209 4702
f 4662 4702 1199
f 4699 4702 4662
f 1209 4700 4704
f 4700 319 4691
f 4704 4691 1207
f 4700 4691 4704
f 1199 4693 4661
f 4693 1207 4690
f 4661 4690 296
f 4693 4690 4661
f 1209 4704 4702
f 4704 1207 4693
f 4702 4693 1199
f 4704 4693 4702
f 89 4673 4731
f 4673 1202 4733
f 4731 4733 1216
f 4673 4733 4731
f 1202 4674 4747
f 4674 318 4745
f 4747 4745 1219
f 4674 4745 4747
f 1216 4749 4732
f 4749 1219 4746
f 4732 4746 321
f 4749 4746 4732
f 1202 4747 4733
f 4747 1219 4749
f 4733 4749 1216
f 4747 4749 4733
f 318 4670 4676
f 4670 1201 4678
f 4676 4678 1203
f 4670 4678 4676
f 1201 4669 4671
f 4669 27 4472
f 4671 4472 1152
f 4669 4472 4671
f 1203 4677 4675
f 4677 1152 4473
f 4675 4473 306
f 4677 4473 4675
f 1201 4671 4678
f 4671 1152 4677
f 4678 4677 1203
f 4671 4677 4678
f 321 4736 4728
f 4736 1217 4739
f 4728 4739 1215
f 4736 4739 4728
f 1217 4735 4737
f 4735 306 4475
f 4737 4475 1153
f 4735 4475 4737
f 1215 4729 4727
f 4729 1153 4474
f 4727 4474 86
f 4729 4474 4727
f 1217 4737 4739
f 4737 1153 4729
f 4739 4729 1215
f 4737 4729 4739
f 318 4676 4745
f 4676 1203 4748
f 4745 4748 1219
f 4676 4748 4745
f 1203 4675 4738
f 4675 306 4735
f 4738 4735 1217
f 4675 4735 4738
f 1219 4750 4746
f 4750 1217 4736
f 4746 4736 321
f 4750 4736 4746
f 1203 4738 4748
f 4738 1217 4750
f 4748 4750 1219
f 4738 4750 4748
f 83 4476 4335
f 4476 1154 4478
f 4335 4478 1115
f 4476 4478 4335
f 1154 4477 4486
f 4477 307 4483
f 4486 4483 1156
f 4477 4483 4486
f 1115 4484 4336
f 4484 1156 4482
f 4336 4482 295
f 4484 4482 4336
f 1154 4486 4478
f 4486 1156 4484
f 4478 4484 1115
f 4486 4484 4478
f 307 4480 4488
f 4480 1155 4491
f 4488 4491 1157
f 4480 4491 4488
f 1155 4479 4481
f 4479 86 4466
f 4481 4466 1150
f 4479 4466 4481
f 1157 4489 4487
f 4489 1150 4467
f 4487 4467 305
f 4489 4467 4487
f 1155 4481 4491
f 4481 1150 4489
f 4491 4489 1157
f 4481 4489 4491
f 295 4468 4334
f 4468 1151 4470
f 4334 4470 1114
f 4468 4470 4334
f 1151 4469 4471
f 4469 305 4464
f 4471 4464 1149
f 4469 4464 4471
f 1114 4465 4333
f 4465 1149 4463
f 4333 4463 9
f 4465 4463 4333
f 1151 4471 4470
f 4471 1149 4465
f 4470 4465 1114
f 4471 4465 4470
f 307 4488 4483
f 4488 1157 4492
f 4483 4492 1156
f 4488 4492 4483
f 1157 4487 4490
f 4487 305 4469
f 4490 4469 1151
f 4487 4469 4490
f 1156 4485 4482
f 4485 1151 4468
f 4482 4468 295
f 4485 4468 4482
f 1157 4490 4492
f 4490 1151 4485
f 4492 4485 1156
f 4490 4485 4492
f 89 4731 4687
f 4731 1216 4734
f 4687 4734 1206
f 4731 4734 4687
f 1216 4732 4755
f 4732 321 4752
f 4755 4752 1220
f 4732 4752 4755
f 1206 4753 4688
f 4753 1220 4751
f 4688 4751 319
f 4753 4751 4688
f 1216 4755 4734
f 4755 1220 4753
f 4734 4753 1206
f 4755 4753 4734
f 321 4728 4741
f 4728 1215 4744
f 4741 4744 1218
f 4728 4744 4741
f 1215 4727 4730
f 4727 86 4479
f 4730 4479 1155
f 4727 4479 4730
f 1218 4742 4740
f 4742 1155 4480
f 4740 4480 307
f 4742 4480 4740
f 1215 4730 4744
f 4730 1155 4742
f 4744 4742 1218
f 4730 4742 4744
f 319 4696 4684
f 4696 1208 4698
f 4684 4698 1205
f 4696 4698 4684
f 1208 4695 4697
f 4695 307 4477
f 4697 4477 1154
f 4695 4477 4697
f 1205 4686 4683
f 4686 1154 4476
f 4683 4476 83
f 4686 4476 4683
f 1208 4697 4698
f 4697 1154 4686
f 4698 4686 1205
f 4697 4686 4698
f 321 4741 4752
f 4741 1218 4756
f 4752 4756 1220
f 4741 4756 4752
f 1218 4740 4743
f 4740 307 4695
f 4743 4695 1208
f 4740 4695 4743
f 1220 4754 4751
f 4754 1208 4696
f 4751 4696 319
f 4754 4696 4751
f 1218 4743 4756
f 4743 1208 4754
f 4756 4754 1220
f 4743 4754 4756
f 21 4493 4341
f 4493 1158 4496
f 4341 4496 1118
f 4493 4496 4341
f 1158 4494 4506
f 4494 308 4504
f 4506 4504 1161
f 4494 4504 4506
f 1118 4505 4342
f 4505 1161 4503
f 4342 4503 297
f 4505 4503 4342
f 1158 4506 4496
f 4506 1161 4505
f 4496 4505 1118
f 4506 4505 4496
f 308 4498 4549
f 4498 1159 4551
f 4549 4551 1173
f 4498 4551 4549
f 1159 4497 4543
f 4497 87 4541
f 4543 4541 1171
f 4497 4541 4543
f 1173 4553 4550
f 4553 1171 4542
f 4550 4542 311
f 4553 4542 4550
f 1159 4543 4551
f 4543 1171 4553
f 4551 4553 1173
f 4543 4553 4551
f 297 4544 4345
f 4544 1172 4546
f 4345 4546 1119
f 4544 4546 4345
f 1172 4545 4548
f 4545 311 4539
f 4548 4539 1170
f 4545 4539 4548
f 1119 4540 4344
f 4540 1170 4538
f 4344 4538 84
f 4540 4538 4344
f 1172 4548 4546
f 4548 1170 4540
f 4546 4540 1119
f 4548 4540 4546
f 308 4549 4504
f 4549 1173 4552
f 4504 4552 1161
f 4549 4552 4504
f 1173 4550 4554
f 4550 311 4545
f 4554 4545 1172
f 4550 4545 4554
f 1161 4547 4503
f 4547 1172 4544
f 4503 4544 297
f 4547 4544 4503
f 1173 4554 4552
f 4554 1172 4547
f 4552 4547 1161
f 4554 4547 4552
f 87 4510 4757
f 4510 1163 4759
f 4757 4759 1221
f 4510 4759 4757
f 1163 4511 4767
f 4511 309 4765
f 4767 4765 1223
f 4511 4765 4767
f 1221 4769 4758
f 4769 1223 4766
f 4758 4766 322
f 4769 4766 4758
f 1163 4767 4759
f 4767 1223 4769
f 4759 4769 1221
f 4767 4769 4759
f 309 4508 4679
f 4508 1162 4681
f 4679 4681 1204
f 4508 4681 4679
f 1162 4507 4672
f 4507 27 4669
f 4672 4669 1201
f 4507 4669 4672
f 1204 4682 4680
f 4682 1201 4670
f 4680 4670 318
f 4682 4670 4680
f 1162 4672 4681
f 4672 1201 4682
f 4681 4682 1204
f 4672 4682 4681
f 322 4776 4762
f 4776 1225 4779
f 4762 4779 1222
f 4776 4779 4762
f 1225 4775 4777
f 4775 318 4674
f 4777 4674 1202
f 4775 4674 4777
f 1222 4763 4761
f 4763 1202 4673
f 4761 4673 89
f 4763 4673 4761
f 1225 4777 4779
f 4777 1202 4763
f 4779 4763 1222
f 4777 4763 4779
f 309 4679 4765
f 4679 1204 4768
f 4765 4768 1223
f 4679 4768 4765
f 1204 4680 4778
f 4680 318 4775
f 4778 4775 1225
f 4680 4775 4778
f 1223 4780 4766
f 4780 1225 4776
f 4766 4776 322
f 4780 4776 4766
f 1204 4778 4768
f 4778 1225 4780
f 4768 4780 1223
f 4778 4780 4768
f 84 4705 4353
f 4705 1210 4707
f 4353 4707 1122
f 4705 4707 4353
f 1210 4706 4716
f 4706 320 4713
f 4716 4713 1212
f 4706 4713 4716
f 1122 4714 4354
f 4714 1212 4712
f 4354 4712 298
f 4714 4712 4354
f 1210 4716 4707
f 4716 1212 4714
f 4707 4714 1122
f 4716 4714 4707
f 320 4710 4722
f 4710 1211 4725
f 4722 4725 1214
f 4710 4725 4722
f 1211 4709 4711
f 4709 89 4659
f 4711 4659 1198
f 4709 4659 4711
f 1214 4723 4721
f 4723 1198 4660
f 4721 4660 317
f 4723 4660 4721
f 1211 4711 4725
f 4711 1198 4723
f 4725 4723 1214
f 4711 4723 4725
f 298 4665 4351
f 4665 1200 4667
f 4351 4667 1121
f 4665 4667 4351
f 1200 4666 4668
f 4666 317 4656
f 4668 4656 1197
f 4666 4656 4668
f 1121 4658 4350
f 4658 1197 4655
f 4350 4655 26
f 4658 4655 4350
f 1200 4668 4667
f 4668 1197 4658
f 4667 4658 1121
f 4668 4658 4667
f 320 4722 4713
f 4722 1214 4726
f 4713 4726 1212
f 4722 4726 4713
f 1214 4721 4724
f 4721 317 4666
f 4724 4666 1200
f 4721 4666 4724
f 1212 4715 4712
f 4715 1200 4665
f 4712 4665 298
f 4715 4665 4712
f 1214 4724 4726
f 4724 1200 4715
f 4726 4715 1212
f 4724 4715 4726
f 87 4757 4541
f 4757 1221 4760
f 4541 4760 1171
f 4757 4760 4541
f 1221 4758 4774
f 4758 322 4771
f 4774 4771 1224
f 4758 4771 4774
f 1171 4772 4542
f 4772 1224 4770
f 4542 4770 311
f 4772 4770 4542
f 1221 4774 4760
f 4774 1224 4772
f 4760 4772 1171
f 4774 4772 4760
f 322 4762 4782
f 4762 1222 4785
f 4782 4785 1226
f 4762 4785 4782
f 1222 4761 4764
f 4761 89 4709
f 4764 4709 1211
f 4761 4709 4764
f 1226 4783 4781
f 4783 1211 4710
f 4781 4710 320
f 4783 4710 4781
f 1222 4764 4785
f 4764 1211 4783
f 4785 4783 1226
f 4764 4783 4785
f 311 4717 4539
f 4717 1213 4719
f 4539 4719 1170
f 4717 4719 4539
f 1213 4718 4720
f 4718 320 4706
f 4720 4706 1210
f 4718 4706 4720
f 1170 4708 4538
f 4708 1210 4705
f 4538 4705 84
f 4708 4705 4538
f 1213 4720 4719
f 4720 1210 4708
f 4719 4708 1170
f 4720 4708 4719
f 322 4782 4771
f 4782 1226 4786
f 4771 4786 1224
f 4782 4786 4771
f 1226 4781 4784
f 4781 320 4718
f 4784 4718 1213
f 4781 4718 4784
f 1224 4773 4770
f 4773 1213 4717
f 4770 4717 311
f 4773 4717 4770
f 1226 4784 4786
f 4784 1213 4773
f 4786 4773 1224
f 4784 4773 4786
f 4 4303 5539
f 4303 1105 5542
f 5539 5542 1411
f 4303 5542 5539
f 1105 4304 5551
f 4304 292 5549
f 5551 5549 1414
f 4304 5549 5551
f 1411 5552 5540
f 5552 1414 5550
f 5540 5550 367
f 5552 5550 5540
f 1105 5551 5542
f 5551 1414 5552
f 5542 5552 1411
f 5551 5552 5542
f 292 4307 5580
f 4307 1106 5582
f 5580 5582 1423
f 4307 5582 5580
f 1106 4306 5576
f 4306 82 5574
f 5576 5574 1421
f 4306 5574 5576
f 1423 5584 5581
f 5584 1421 5575
f 5581 5575 370
f 5584 5575 5581
f 1106 5576 5582
f 5576 1421 5584
f 5582 5584 1423
f 5576 5584 5582
f 367 5585 5544
f 5585 1424 5587
f 5544 5587 1412
f 5585 5587 5544
f 1424 5586 5589
f 5586 370 5578
f 5589 5578 1422
f 5586 5578 5589
f 1412 5579 5543
f 5579 1422 5577
f 5543 5577 100
f 5579 5577 5543
f 1424 5589 5587
f 5589 1422 5579
f 5587 5579 1412
f 5589 5579 5587
f 292 5580 5549
f 5580 1423 5583
f 5549 5583 1414
f 5580 5583 5549
f 1423 5581 5590
f 5581 370 5586
f 5590 5586 1424
f 5581 5586 5590
f 1414 5588 5550
f 5588 1424 5585
f 5550 5585 367
f 5588 5585 5550
f 1423 5590 5583
f 5590 1424 5588
f 5583 5588 1414
f 5590 5588 5583
f 82 4314 5687
f 4314 1109 5689
f 5687 5689 1452
f 4314 5689 5687
f 1109 4315 5696
f 4315 293 5694
f 5696 5694 1454
f 4315 5694 5696
f 1452 5698 5688
f 5698 1454 5695
f 5688 5695 379
f 5698 5695 5688
f 1109 5696 5689
f 5696 1454 5698
f 5689 5698 1452
f 5696 5698 5689
f 293 4313 5674
f 4313 1108 5676
f 5674 5676 1448
f 4313 5676 5674
f 1108 4312 5671
f 4312 26 5669
f 5671 5669 1446
f 4312 5669 5671
f 1448 5677 5675
f 5677 1446 5670
f 5675 5670 377
f 5677 5670 5675
f 1108 5671 5676
f 5671 1446 5677
f 5676 5677 1448
f 5671 5677 5676
f 379 5704 5692
f 5704 1456 5707
f 5692 5707 1453
f 5704 5707 5692
f 1456 5703 5705
f 5703 377 5673
f 5705 5673 1447
f 5703 5673 5705
f 1453 5693 5691
f 5693 1447 5672
f 5691 5672 103
f 5693 5672 5691
f 1456 5705 5707
f 5705 1447 5693
f 5707 5693 1453
f 5705 5693 5707
f 293 5674 5694
f 5674 1448 5697
f 5694 5697 1454
f 5674 5697 5694
f 1448 5675 5706
f 5675 377 5703
f 5706 5703 1456
f 5675 5703 5706
f 1454 5708 5695
f 5708 1456 5704
f 5695 5704 379
f 5708 5704 5695
f 1448 5706 5697
f 5706 1456 5708
f 5697 5708 1454
f 5706 5708 5697
f 100 5709 5555
f 5709 1457 5711
f 5555 5711 1416
f 5709 5711 5555
f 1457 5710 5721
f 5710 380 5718
f 5721 5718 1459
f 5710 5718 5721
f 1416 5719 5556
f 5719 1459 5717
f 5556 5717 368
f 5719 5717 5556
f 1457 5721 5711
f 5721 1459 5719
f 5711 5719 1416
f 5721 5719 5711
f 380 5714 5728
f 5714 1458 5731
f 5728 5731 1461
f 5714 5731 5728
f 1458 5713 5715
f 5713 103 5681
f 5715 5681 1450
f 5713 5681 5715
f 1461 5729 5727
f 5729 1450 5682
f 5727 5682 378
f 5729 5682 5727
f 1458 5715 5731
f 5715 1450 5729
f 5731 5729 1461
f 5715 5729 5731
f 368 5683 5554
f 5683 1451 5685
f 5554 5685 1415
f 5683 5685 5554
f 1451 5684 5686
f 5684 378 5679
f 5686 5679 1449
f 5684 5679 5686
f 1415 5680 5553
f 5680 1449 5678
f 5553 5678 30
f 5680 5678 5553
f 1451 5686 5685
f 5686 1449 5680
f 5685 5680 1415
f 5686 5680 5685
f 380 5728 5718
f 5728 1461 5732
f 5718 5732 1459
f 5728 5732 5718
f 1461 5727 5730
f 5727 378 5684
f 5730 5684 1451
f 5727 5684 5730
f 1459 5720 5717
f 5720 1451 5683
f 5717 5683 368
f 5720 5683 5717
f 1461 5730 5732
f 5730 1451 5720
f 5732 5720 1459
f 5730 5720 5732
f 82 5687 5574
f 5687 1452 5690
f 5574 5690 1421
f 5687 5690 5574
f 1452 5688 5702
f 5688 379 5700
f 5702 5700 1455
f 5688 5700 5702
f 1421 5701 5575
f 5701 1455 5699
f 5575 5699 370
f 5701 5699 5575
f 1452 5702 5690
f 5702 1455 5701
f 5690 5701 1421
f 5702 5701 5690
f 379 5692 5733
f 5692 1453 5735
f 5733 5735 1462
f 5692 5735 5733
f 1453 5691 5716
f 5691 103 5713
f 5716 5713 1458
f 5691 5713 5716
f 1462 5737 5734
f 5737 1458 5714
f 5734 5714 380
f 5737 5714 5734
f 1453 5716 5735
f 5716 1458 5737
f 5735 5737 1462
f 5716 5737 5735
f 370 5722 5578
f 5722 1460 5724
f 5578 5724 1422
f 5722 5724 5578
f 1460 5723 5726
f 5723 380 5710
f 5726 5710 1457
f 5723 5710 5726
f 1422 5712 5577
f 5712 1457 5709
f 5577 5709 100
f 5712 5709 5577
f 1460 5726 5724
f 5726 1457 5712
f 5724 5712 1422
f 5726 5712 5724
f 379 5733 5700
f 5733 1462 5736
f 5700 5736 1455
f 5733 5736 5700
f 1462 5734 5738
f 5734 380 5723
f 5738 5723 1460
f 5734 5723 5738
f 1455 5725 5699
f 5725 1460 5722
f 5699 5722 370
f 5725 5722 5699
f 1462 5738 5736
f 5738 1460 5725
f 5736 5725 1455
f 5738 5725 5736
f 26 4337 6863
f 4337 1116 6865
f 6863 6865 1737
f 4337 6865 6863
f 1116 4338 6871
f 4338 296 6869
f 6871 6869 1739
f 4338 6869 6871
f 1737 6872 6864
f 6872 1739 6870
f 6864 6870 446
f 6872 6870 6864
f 1116 6871 6865
f 6871 1739 6872
f 6865 6872 1737
f 6871 6872 6865
f 296 4340 6893
f 4340 1117 6895
f 6893 6895 1746
f 4340 6895 6893
f 1117 4339 6888
f 4339 83 6886
f 6888 6886 1744
f 4339 6886 6888
f 1746 6897 6894
f 6897 1744 6887
f 6894 6887 448
f 6897 6887 6894
f 1117 6888 6895
f 6888 1744 6897
f 6895 6897 1746
f 6888 6897 6895
f 446 6902 6868
f 6902 1748 6904
f 6868 6904 1738
f 6902 6904 6868
f 1748 6903 6906
f 6903 448 6891
f 6906 6891 1745
f 6903 6891 6906
f 1738 6892 6867
f 6892 1745 6890
f 6867 6890 118
f 6892 6890 6867
f 1748 6906 6904
f 6906 1745 6892
f 6904 6892 1738
f 6906 6892 6904
f 296 6893 6869
f 6893 1746 6896
f 6869 6896 1739
f 6893 6896 6869
f 1746 6894 6907
f 6894 448 6903
f 6907 6903 1748
f 6894 6903 6907
f 1739 6905 6870
f 6905 1748 6902
f 6870 6902 446
f 6905 6902 6870
f 1746 6907 6896
f 6907 1748 6905
f 6896 6905 1739
f 6907 6905 6896
f 83 4335 6702
f 4335 1115 6704
f 6702 6704 1697
f 4335 6704 6702
f 1115 4336 6710
f 4336 295 6708
f 6710 6708 1699
f 4336 6708 6710
f 1697 6712 6703
f 6712 1699 6709
f 6703 6709 436
f 6712 6709 6703
f 1115 6710 6704
f 6710 1699 6712
f 6704 6712 1697
f 6710 6712 6704
f 295 4334 6677
f 4334 1114 6679
f 6677 6679 1690
f 4334 6679 6677
f 1114 4333 6670
f 4333 9 6667
f 6670 6667 1687
f 4333 6667 6670
f 1690 6680 6678
f 6680 1687 6668
f 6678 6668 433
f 6680 6668 6678
f 1114 6670 6679
f 6670 1687 6680
f 6679 6680 1690
f 6670 6680 6679
f 436 6714 6706
f 6714 1700 6717
f 6706 6717 1698
f 6714 6717 6706
f 1700 6713 6715
f 6713 433 6672
f 6715 6672 1688
f 6713 6672 6715
f 1698 6707 6705
f 6707 1688 6671
f 6705 6671 115
f 6707 6671 6705
f 1700 6715 6717
f 6715 1688 6707
f 6717 6707 1698
f 6715 6707 6717
f 295 6677 6708
f 6677 1690 6711
f 6708 6711 1699
f 6677 6711 6708
f 1690 6678 6716
f 6678 433 6713
f 6716 6713 1700
f 6678 6713 6716
f 1699 6718 6709
f 6718 1700 6714
f 6709 6714 436
f 6718 6714 6709
f 1690 6716 6711
f 6716 1700 6718
f 6711 6718 1699
f 6716 6718 6711
f 118 6929 6880
f 6929 1754 6931
f 6880 6931 1742
f 6929 6931 6880
f 1754 6930 6947
f 6930 450 6944
f 6947 6944 1757
f 6930 6944 6947
f 1742 6945 6881
f 6945 1757 6943
f 6881 6943 447
f 6945 6943 6881
f 1754 6947 6931
f 6947 1757 6945
f 6931 6945 1742
f 6947 6945 6931
f 450 6926 6934
f 6926 1753 6937
f 6934 6937 1755
f 6926 6937 6934
f 1753 6925 6927
f 6925 115 6683
f 6927 6683 1692
f 6925 6683 6927
f 1755 6935 6933
f 6935 1692 6684
f 6933 6684 434
f 6935 6684 6933
f 1753 6927 6937
f 6927 1692 6935
f 6937 6935 1755
f 6927 6935 6937
f 447 6883 6878
f 6883 1743 6885
f 6878 6885 1741
f 6883 6885 6878
f 1743 6882 6884
f 6882 434 6682
f 6884 6682 1691
f 6882 6682 6884
f 1741 6879 6877
f 6879 1691 6681
f 6877 6681 33
f 6879 6681 6877
f 1743 6884 6885
f 6884 1691 6879
f 6885 6879 1741
f 6884 6879 6885
f 450 6934 6944
f 6934 1755 6948
f 6944 6948 1757
f 6934 6948 6944
f 1755 6933 6936
f 6933 434 6882
f 6936 6882 1743
f 6933 6882 6936
f 1757 6946 6943
f 6946 1743 6883
f 6943 6883 447
f 6946 6883 6943
f 1755 6936 6948
f 6936 1743 6946
f 6948 6946 1757
f 6936 6946 6948
f 83 6702 6886
f 6702 1697 6889
f 6886 6889 1744
f 6702 6889 6886
f 1697 6703 6900
f 6703 436 6898
f 6900 6898 1747
f 6703 6898 6900
f 1744 6901 6887
f 6901 1747 6899
f 6887 6899 448
f 6901 6899 6887
f 1697 6900 6889
f 6900 1747 6901
f 6889 6901 1744
f 6900 6901 6889
f 436 6706 6938
f 6706 1698 6940
f 6938 6940 1756
f 6706 6940 6938
f 1698 6705 6928
f 6705 115 6925
f 6928 6925 1753
f 6705 6925 6928
f 1756 6942 6939
f 6942 1753 6926
f 6939 6926 450
f 6942 6926 6939
f 1698 6928 6940
f 6928 1753 6942
f 6940 6942 1756
f 6928 6942 6940
f 448 6949 6891
f 6949 1758 6951
f 6891 6951 1745
f 6949 6951 6891
f 1758 6950 6953
f 6950 450 6930
f 6953 6930 1754
f 6950 6930 6953
f 1745 6932 6890
f 6932 1754 6929
f 6890 6929 118
f 6932 6929 6890
f 1758 6953 6951
f 6953 1754 6932
f 6951 6932 1745
f 6953 6932 6951
f 436 6938 6898
f 6938 1756 6941
f 6898 6941 1747
f 6938 6941 6898
f 1756 6939 6954
f 6939 450 6950
f 6954 6950 1758
f 6939 6950 6954
f 1747 6952 6899
f 6952 1758 6949
f 6899 6949 448
f 6952 6949 6899
f 1756 6954 6941
f 6954 1758 6952
f 6941 6952 1747
f 6954 6952 6941
f 30 7087 5595
f 7087 1789 7089
f 5595 7089 1427
f 7087 7089 5595
f 1789 7088 7096
f 7088 457 7094
f 7096 7094 1791
f 7088 7094 7096
f 1427 7095 5596
f 7095 1791 7093
f 5596 7093 372
f 7095 7093 5596
f 1789 7096 7089
f 7096 1791 7095
f 7089 7095 1427
f 7096 7095 7089
f 457 7092 7131
f 7092 1790 7133
f 7131 7133 1801
f 7092 7133 7131
f 1790 7091 7121
f 7091 120 7119
f 7121 7119 1798
f 7091 7119 7121
f 1801 7135 7132
f 7135 1798 7120
f 7132 7120 459
f 7135 7120 7132
f 1790 7121 7133
f 7121 1798 7135
f 7133 7135 1801
f 7121 7135 7133
f 372 7122 5598
f 7122 1799 7124
f 5598 7124 1428
f 7122 7124 5598
f 1799 7123 7126
f 7123 459 7116
f 7126 7116 1797
f 7123 7116 7126
f 1428 7117 5597
f 7117 1797 7115
f 5597 7115 101
f 7117 7115 5597
f 1799 7126 7124
f 7126 1797 7117
f 7124 7117 1428
f 7126 7117 7124
f 457 7131 7094
f 7131 1801 7134
f 7094 7134 1791
f 7131 7134 7094
f 1801 7132 7136
f 7132 459 7123
f 7136 7123 1799
f 7132 7123 7136
f 1791 7125 7093
f 7125 1799 7122
f 7093 7122 372
f 7125 7122 7093
f 1801 7136 7134
f 7136 1799 7125
f 7134 7125 1791
f 7136 7125 7134
f 120 7105 7163
f 7105 1794 7165
f 7163 7165 1808
f 7105 7165 7163
f 1794 7106 7179
f 7106 458 7177
f 7179 7177 1811
f 7106 7177 7179
f 1808 7181 7164
f 7181 1811 7178
f 7164 7178 461
f 7181 7178 7164
f 1794 7179 7165
f 7179 1811 7181
f 7165 7181 1808
f 7179 7181 7165
f 458 7102 7108
f 7102 1793 7110
f 7108 7110 1795
f 7102 7110 7108
f 1793 7101 7103
f 7101 33 6733
f 7103 6733 1705
f 7101 6733 7103
f 1795 7109 7107
f 7109 1705 6734
f 7107 6734 438
f 7109 6734 7107
f 1793 7103 7110
f 7103 1705 7109
f 7110 7109 1795
f 7103 7109 7110
f 461 7168 7160
f 7168 1809 7171
f 7160 7171 1807
f 7168 7171 7160
f 1809 7167 7169
f 7167 438 6736
f 7169 6736 1706
f 7167 6736 7169
f 1807 7161 7159
f 7161 1706 6735
f 7159 6735 116
f 7161 6735 7159
f 1809 7169 7171
f 7169 1706 7161
f 7171 7161 1807
f 7169 7161 7171
f 458 7108 7177
f 7108 1795 7180
f 7177 7180 1811
f 7108 7180 7177
f 1795 7107 7170
f 7107 438 7167
f 7170 7167 1809
f 7107 7167 7170
f 1811 7182 7178
f 7182 1809 7168
f 7178 7168 461
f 7182 7168 7178
f 1795 7170 7180
f 7170 1809 7182
f 7180 7182 1811
f 7170 7182 7180
f 101 6754 5593
f 6754 1711 6756
f 5593 6756 1426
f 6754 6756 5593
f 1711 6755 6764
f 6755 440 6761
f 6764 6761 1713
f 6755 6761 6764
f 1426 6762 5594
f 6762 1713 6760
f 5594 6760 371
f 6762 6760 5594
f 1711 6764 6756
f 6764 1713 6762
f 6756 6762 1426
f 6764 6762 6756
f 440 6758 6766
f 6758 1712 6769
f 6766 6769 1714
f 6758 6769 6766
f 1712 6757 6759
f 6757 116 6723
f 6759 6723 1702
f 6757 6723 6759
f 1714 6767 6765
f 6767 1702 6724
f 6765 6724 437
f 6767 6724 6765
f 1712 6759 6769
f 6759 1702 6767
f 6769 6767 1714
f 6759 6767 6769
f 371 6729 5592
f 6729 1704 6731
f 5592 6731 1425
f 6729 6731 5592
f 1704 6730 6732
f 6730 437 6720
f 6732 6720 1701
f 6730 6720 6732
f 1425 6722 5591
f 6722 1701 6719
f 5591 6719 10
f 6722 6719 5591
f 1704 6732 6731
f 6732 1701 6722
f 6731 6722 1425
f 6732 6722 6731
f 440 6766 6761
f 6766 1714 6770
f 6761 6770 1713
f 6766 6770 6761
f 1714 6765 6768
f 6765 437 6730
f 6768 6730 1704
f 6765 6730 6768
f 1713 6763 6760
f 6763 1704 6729
f 6760 6729 371
f 6763 6729 6760
f 1714 6768 6770
f 6768 1704 6763
f 6770 6763 1713
f 6768 6763 6770
f 120 7163 7119
f 7163 1808 7166
f 7119 7166 1798
f 7163 7166 7119
f 1808 7164 7187
f 7164 461 7184
f 7187 7184 1812
f 7164 7184 7187
f 1798 7185 7120
f 7185 1812 7183
f 7120 7183 459
f 7185 7183 7120
f 1808 7187 7166
f 7187 1812 7185
f 7166 7185 1798
f 7187 7185 7166
f 461 7160 7173
f 7160 1807 7176
f 7173 7176 1810
f 7160 7176 7173
f 1807 7159 7162
f 7159 116 6757
f 7162 6757 1712
f 7159 6757 7162
f 1810 7174 7172
f 7174 1712 6758
f 7172 6758 440
f 7174 6758 7172
f 1807 7162 7176
f 7162 1712 7174
f 7176 7174 1810
f 7162 7174 7176
f 459 7128 7116
f 7128 1800 7130
f 7116 7130 1797
f 7128 7130 7116
f 1800 7127 7129
f 7127 440 6755
f 7129 6755 1711
f 7127 6755 7129
f 1797 7118 7115
f 7118 1711 6754
f 7115 6754 101
f 7118 6754 7115
f 1800 7129 7130
f 7129 1711 7118
f 7130 7118 1797
f 7129 7118 7130
f 461 7173 7184
f 7173 1810 7188
f 7184 7188 1812
f 7173 7188 7184
f 1810 7172 7175
f 7172 440 7127
f 7175 7127 1800
f 7172 7127 7175
f 1812 7186 7183
f 7186 1800 7128
f 7183 7128 459
f 7186 7128 7183
f 1810 7175 7188
f 7175 1800 7186
f 7188 7186 1812
f 7175 7186 7188
f 26 6863 5669
f 6863 1737 6866
f 5669 6866 1446
f 6863 6866 5669
f 1737 6864 6876
f 6864 446 6874
f 6876 6874 1740
f 6864 6874 6876
f 1446 6875 5670
f 6875 1740 6873
f 5670 6873 377
f 6875 6873 5670
f 1737 6876 6866
f 6876 1740 6875
f 6866 6875 1446
f 6876 6875 6866
f 446 6868 6919
f 6868 1738 6921
f 6919 6921 1752
f 6868 6921 6919
f 1738 6867 6913
f 6867 118 6911
f 6913 6911 1750
f 6867 6911 6913
f 1752 6923 6920
f 6923 1750 6912
f 6920 6912 449
f 6923 6912 6920
f 1738 6913 6921
f 6913 1750 6923
f 6921 6923 1752
f 6913 6923 6921
f 377 6914 5673
f 6914 1751 6916
f 5673 6916 1447
f 6914 6916 5673
f 1751 6915 6918
f 6915 449 6909
f 6918 6909 1749
f 6915 6909 6918
f 1447 6910 5672
f 6910 1749 6908
f 5672 6908 103
f 6910 6908 5672
f 1751 6918 6916
f 6918 1749 6910
f 6916 6910 1447
f 6918 6910 6916
f 446 6919 6874
f 6919 1752 6922
f 6874 6922 1740
f 6919 6922 6874
f 1752 6920 6924
f 6920 449 6915
f 6924 6915 1751
f 6920 6915 6924
f 1740 6917 6873
f 6917 1751 6914
f 6873 6914 377
f 6917 6914 6873
f 1752 6924 6922
f 6924 1751 6917
f 6922 6917 1740
f 6924 6917 6922
f 118 6880 7189
f 6880 1742 7191
f 7189 7191 1813
f 6880 7191 7189
f 1742 6881 7199
f 6881 447 7197
f 7199 7197 1815
f 6881 7197 7199
f 1813 7201 7190
f 7201 1815 7198
f 7190 7198 462
f 7201 7198 7190
f 1742 7199 7191
f 7199 1815 7201
f 7191 7201 1813
f 7199 7201 7191
f 447 6878 7111
f 6878 1741 7113
f 7111 7113 1796
f 6878 7113 7111
f 1741 6877 7104
f 6877 33 7101
f 7104 7101 1793
f 6877 7101 7104
f 1796 7114 7112
f 7114 1793 7102
f 7112 7102 458
f 7114 7102 7112
f 1741 7104 7113
f 7104 1793 7114
f 7113 7114 1796
f 7104 7114 7113
f 462 7208 7194
f 7208 1817 7211
f 7194 7211 1814
f 7208 7211 7194
f 1817 7207 7209
f 7207 458 7106
f 7209 7106 1794
f 7207 7106 7209
f 1814 7195 7193
f 7195 1794 7105
f 7193 7105 120
f 7195 7105 7193
f 1817 7209 7211
f 7209 1794 7195
f 7211 7195 1814
f 7209 7195 7211
f 447 7111 7197
f 7111 1796 7200
f 7197 7200 1815
f 7111 7200 7197
f 1796 7112 7210
f 7112 458 7207
f 7210 7207 1817
f 7112 7207 7210
f 1815 7212 7198
f 7212 1817 7208
f 7198 7208 462
f 7212 7208 7198
f 1796 7210 7200
f 7210 1817 7212
f 7200 7212 1815
f 7210 7212 7200
f 103 7137 5681
f 7137 1802 7139
f 5681 7139 1450
f 7137 7139 5681
f 1802 7138 7148
f 7138 460 7145
f 7148 7145 1804
f 7138 7145 7148
f 1450 7146 5682
f 7146 1804 7144
f 5682 7144 378
f 7146 7144 5682
f 1802 7148 7139
f 7148 1804 7146
f 7139 7146 1450
f 7148 7146 7139
f 460 7142 7154
f 7142 1803 7157
f 7154 7157 1806
f 7142 7157 7154
f 1803 7141 7143
f 7141 120 7091
f 7143 7091 1790
f 7141 7091 7143
f 1806 7155 7153
f 7155 1790 7092
f 7153 7092 457
f 7155 7092 7153
f 1803 7143 7157
f 7143 1790 7155
f 7157 7155 1806
f 7143 7155 7157
f 378 7097 5679
f 7097 1792 7099
f 5679 7099 1449
f 7097 7099 5679
f 1792 7098 7100
f 7098 457 7088
f 7100 7088 1789
f 7098 7088 7100
f 1449 7090 5678
f 7090 1789 7087
f 5678 7087 30
f 7090 7087 5678
f 1792 7100 7099
f 7100 1789 7090
f 7099 7090 1449
f 7100 7090 7099
f 460 7154 7145
f 7154 1806 7158
f 7145 7158 1804
f 7154 7158 7145
f 1806 7153 7156
f 7153 457 7098
f 7156 7098 1792
f 7153 7098 7156
f 1804 7147 7144
f 7147 1792 7097
f 7144 7097 378
f 7147 7097 7144
f 1806 7156 7158
f 7156 1792 7147
f 7158 7147 1804
f 7156 7147 7158
f 118 7189 6911
f 7189 1813 7192
f 6911 7192 1750
f 7189 7192 6911
f 1813 7190 7206
f 7190 462 7203
f 7206 7203 1816
f 7190 7203 7206
f 1750 7204 6912
f 7204 1816 7202
f 6912 7202 449
f 7204 7202 6912
f 1813 7206 7192
f 7206 1816 7204
f 7192 7204 1750
f 7206 7204 7192
f 462 7194 7214
f 7194 1814 7217
f 7214 7217 1818
f 7194 7217 7214
f 1814 7193 7196
f 7193 120 7141
f 7196 7141 1803
f 7193 7141 7196
f 1818 7215 7213
f 7215 1803 7142
f 7213 7142 460
f 7215 7142 7213
f 1814 7196 7217
f 7196 1803 7215
f 7217 7215 1818
f 7196 7215 7217
f 449 7149 6909
f 7149 1805 7151
f 6909 7151 1749
f 7149 7151 6909
f 1805 7150 7152
f 7150 460 7138
f 7152 7138 1802
f 7150 7138 7152
f 1749 7140 6908
f 7140 1802 7137
f 6908 7137 103
f 7140 7137 6908
f 1805 7152 7151
f 7152 1802 7140
f 7151 7140 1749
f 7152 7140 7151
f 462 7214 7203
f 7214 1818 7218
f 7203 7218 1816
f 7214 7218 7203
f 1818 7213 7216
f 7213 460 7150
f 7216 7150 1805
f 7213 7150 7216
f 1816 7205 7202
f 7205 1805 7149
f 7202 7149 449
f 7205 7149 7202
f 1818 7216 7218
f 7216 1805 7205
f 7218 7205 1816
f 7216 7205 7218
f 5 5739 3379
f 5739 1463 5742
f 3379 5742 859
f 5739 5742 3379
f 1463 5740 5752
f 5740 381 5750
f 5752 5750 1466
f 5740 5750 5752
f 859 5751 3380
f 5751 1466 5749
f 3380 5749 223
f 5751 5749 3380
f 1463 5752 5742
f 5752 1466 5751
f 5742 5751 859
f 5752 5751 5742
f 381 5744 5785
f 5744 1464 5787
f 5785 5787 1476
f 5744 5787 5785
f 1464 5743 5779
f 5743 104 5777
f 5779 5777 1474
f 5743 5777 5779
f 1476 5789 5786
f 5789 1474 5778
f 5786 5778 384
f 5789 5778 5786
f 1464 5779 5787
f 5779 1474 5789
f 5787 5789 1476
f 5779 5789 5787
f 223 5780 3382
f 5780 1475 5782
f 3382 5782 860
f 5780 5782 3382
f 1475 5781 5784
f 5781 384 5775
f 5784 5775 1473
f 5781 5775 5784
f 860 5776 3381
f 5776 1473 5774
f 3381 5774 61
f 5776 5774 3381
f 1475 5784 5782
f 5784 1473 5776
f 5782 5776 860
f 5784 5776 5782
f 381 5785 5750
f 5785 1476 5788
f 5750 5788 1466
f 5785 5788 5750
f 1476 5786 5790
f 5786 384 5781
f 5790 5781 1475
f 5786 5781 5790
f 1466 5783 5749
f 5783 1475 5780
f 5749 5780 223
f 5783 5780 5749
f 1476 5790 5788
f 5790 1475 5783
f 5788 5783 1466
f 5790 5783 5788
f 104 5755 5953
f 5755 1468 5955
f 5953 5955 1519
f 5755 5955 5953
f 1468 5756 5963
f 5756 382 5961
f 5963 5961 1521
f 5756 5961 5963
f 1519 5965 5954
f 5965 1521 5962
f 5954 5962 396
f 5965 5962 5954
f 1468 5963 5955
f 5963 1521 5965
f 5955 5965 1519
f 5963 5965 5955
f 382 5754 5927
f 5754 1467 5929
f 5927 5929 1513
f 5754 5929 5927
f 1467 5753 5924
f 5753 31 5922
f 5924 5922 1511
f 5753 5922 5924
f 1513 5930 5928
f 5930 1511 5923
f 5928 5923 394
f 5930 5923 5928
f 1467 5924 5929
f 5924 1511 5930
f 5929 5930 1513
f 5924 5930 5929
f 396 5972 5958
f 5972 1523 5975
f 5958 5975 1520
f 5972 5975 5958
f 1523 5971 5973
f 5971 394 5926
f 5973 5926 1512
f 5971 5926 5973
f 1520 5959 5957
f 5959 1512 5925
f 5957 5925 107
f 5959 5925 5957
f 1523 5973 5975
f 5973 1512 5959
f 5975 5959 1520
f 5973 5959 5975
f 382 5927 5961
f 5927 1513 5964
f 5961 5964 1521
f 5927 5964 5961
f 1513 5928 5974
f 5928 394 5971
f 5974 5971 1523
f 5928 5971 5974
f 1521 5976 5962
f 5976 1523 5972
f 5962 5972 396
f 5976 5972 5962
f 1513 5974 5964
f 5974 1523 5976
f 5964 5976 1521
f 5974 5976 5964
f 61 5931 3385
f 5931 1514 5933
f 3385 5933 862
f 5931 5933 3385
f 1514 5932 5942
f 5932 395 5939
f 5942 5939 1516
f 5932 5939 5942
f 862 5940 3386
f 5940 1516 5938
f 3386 5938 224
f 5940 5938 3386
f 1514 5942 5933
f 5942 1516 5940
f 5933 5940 862
f 5942 5940 5933
f 395 5936 5948
f 5936 1515 5951
f 5948 5951 1518
f 5936 5951 5948
f 1515 5935 5937
f 5935 107 5916
f 5937 5916 1509
f 5935 5916 5937
f 1518 5949 5947
f 5949 1509 5917
f 5947 5917 393
f 5949 5917 5947
f 1515 5937 5951
f 5937 1509 5949
f 5951 5949 1518
f 5937 5949 5951
f 224 5918 3384
f 5918 1510 5920
f 3384 5920 861
f 5918 5920 3384
f 1510 5919 5921
f 5919 393 5914
f 5921 5914 1508
f 5919 5914 5921
f 861 5915 3383
f 5915 1508 5913
f 3383 5913 19
f 5915 5913 3383
f 1510 5921 5920
f 5921 1508 5915
f 5920 5915 861
f 5921 5915 5920
f 395 5948 5939
f 5948 1518 5952
f 5939 5952 1516
f 5948 5952 5939
f 1518 5947 5950
f 5947 393 5919
f 5950 5919 1510
f 5947 5919 5950
f 1516 5941 5938
f 5941 1510 5918
f 5938 5918 224
f 5941 5918 5938
f 1518 5950 5952
f 5950 1510 5941
f 5952 5941 1516
f 5950 5941 5952
f 104 5953 5777
f 5953 1519 5956
f 5777 5956 1474
f 5953 5956 5777
f 1519 5954 5970
f 5954 396 5967
f 5970 5967 1522
f 5954 5967 5970
f 1474 5968 5778
f 5968 1522 5966
f 5778 5966 384
f 5968 5966 5778
f 1519 5970 5956
f 5970 1522 5968
f 5956 5968 1474
f 5970 5968 5956
f 396 5958 5978
f 5958 1520 5981
f 5978 5981 1524
f 5958 5981 5978
f 1520 5957 5960
f 5957 107 5935
f 5960 5935 1515
f 5957 5935 5960
f 1524 5979 5977
f 5979 1515 5936
f 5977 5936 395
f 5979 5936 5977
f 1520 5960 5981
f 5960 1515 5979
f 5981 5979 1524
f 5960 5979 5981
f 384 5943 5775
f 5943 1517 5945
f 5775 5945 1473
f 5943 5945 5775
f 1517 5944 5946
f 5944 395 5932
f 5946 5932 1514
f 5944 5932 5946
f 1473 5934 5774
f 5934 1514 5931
f 5774 5931 61
f 5934 5931 5774
f 1517 5946 5945
f 5946 1514 5934
f 5945 5934 1473
f 5946 5934 5945
f 396 5978 5967
f 5978 1524 5982
f 5967 5982 1522
f 5978 5982 5967
f 1524 5977 5980
f 5977 395 5944
f 5980 5944 1517
f 5977 5944 5980
f 1522 5969 5966
f 5969 1517 5943
f 5966 5943 384
f 5969 5943 5966
f 1524 5980 5982
f 5980 1517 5969
f 5982 5969 1522
f 5980 5969 5982
f 31 5800 6535
f 5800 1480 6537
f 6535 6537 1657
f 5800 6537 6535
f 1480 5801 6543
f 5801 386 6541
f 6543 6541 1659
f 5801 6541 6543
f 1657 6544 6536
f 6544 1659 6542
f 6536 6542 427
f 6544 6542 6536
f 1480 6543 6537
f 6543 1659 6544
f 6537 6544 1657
f 6543 6544 6537
f 386 5803 6570
f 5803 1481 6572
f 6570 6572 1667
f 5803 6572 6570
f 1481 5802 6565
f 5802 105 6563
f 6565 6563 1665
f 5802 6563 6565
f 1667 6574 6571
f 6574 1665 6564
f 6571 6564 429
f 6574 6564 6571
f 1481 6565 6572
f 6565 1665 6574
f 6572 6574 1667
f 6565 6574 6572
f 427 6579 6540
f 6579 1669 6581
f 6540 6581 1658
f 6579 6581 6540
f 1669 6580 6583
f 6580 429 6568
f 6583 6568 1666
f 6580 6568 6583
f 1658 6569 6539
f 6569 1666 6567
f 6539 6567 114
f 6569 6567 6539
f 1669 6583 6581
f 6583 1666 6569
f 6581 6569 1658
f 6583 6569 6581
f 386 6570 6541
f 6570 1667 6573
f 6541 6573 1659
f 6570 6573 6541
f 1667 6571 6584
f 6571 429 6580
f 6584 6580 1669
f 6571 6580 6584
f 1659 6582 6542
f 6582 1669 6579
f 6542 6579 427
f 6582 6579 6542
f 1667 6584 6573
f 6584 1669 6582
f 6573 6582 1659
f 6584 6582 6573
f 105 5794 6202
f 5794 1478 6204
f 6202 6204 1579
f 5794 6204 6202
f 1478 5795 6210
f 5795 385 6208
f 6210 6208 1581
f 5795 6208 6210
f 1579 6212 6203
f 6212 1581 6209
f 6203 6209 410
f 6212 6209 6203
f 1478 6210 6204
f 6210 1581 6212
f 6204 6212 1579
f 6210 6212 6204
f 385 5792 6177
f 5792 1477 6179
f 6177 6179 1572
f 5792 6179 6177
f 1477 5791 6170
f 5791 10 6167
f 6170 6167 1569
f 5791 6167 6170
f 1572 6180 6178
f 6180 1569 6168
f 6178 6168 407
f 6180 6168 6178
f 1477 6170 6179
f 6170 1569 6180
f 6179 6180 1572
f 6170 6180 6179
f 410 6214 6206
f 6214 1582 6217
f 6206 6217 1580
f 6214 6217 6206
f 1582 6213 6215
f 6213 407 6172
f 6215 6172 1570
f 6213 6172 6215
f 1580 6207 6205
f 6207 1570 6171
f 6205 6171 110
f 6207 6171 6205
f 1582 6215 6217
f 6215 1570 6207
f 6217 6207 1580
f 6215 6207 6217
f 385 6177 6208
f 6177 1572 6211
f 6208 6211 1581
f 6177 6211 6208
f 1572 6178 6216
f 6178 407 6213
f 6216 6213 1582
f 6178 6213 6216
f 1581 6218 6209
f 6218 1582 6214
f 6209 6214 410
f 6218 6214 6209
f 1572 6216 6211
f 6216 1582 6218
f 6211 6218 1581
f 6216 6218 6211
f 114 6611 6553
f 6611 1676 6613
f 6553 6613 1662
f 6611 6613 6553
f 1676 6612 6629
f 6612 431 6626
f 6629 6626 1679
f 6612 6626 6629
f 1662 6627 6554
f 6627 1679 6625
f 6554 6625 428
f 6627 6625 6554
f 1676 6629 6613
f 6629 1679 6627
f 6613 6627 1662
f 6629 6627 6613
f 431 6608 6616
f 6608 1675 6619
f 6616 6619 1677
f 6608 6619 6616
f 1675 6607 6609
f 6607 110 6183
f 6609 6183 1574
f 6607 6183 6609
f 1677 6617 6615
f 6617 1574 6184
f 6615 6184 408
f 6617 6184 6615
f 1675 6609 6619
f 6609 1574 6617
f 6619 6617 1677
f 6609 6617 6619
f 428 6556 6550
f 6556 1663 6558
f 6550 6558 1661
f 6556 6558 6550
f 1663 6555 6557
f 6555 408 6182
f 6557 6182 1573
f 6555 6182 6557
f 1661 6551 6549
f 6551 1573 6181
f 6549 6181 32
f 6551 6181 6549
f 1663 6557 6558
f 6557 1573 6551
f 6558 6551 1661
f 6557 6551 6558
f 431 6616 6626
f 6616 1677 6630
f 6626 6630 1679
f 6616 6630 6626
f 1677 6615 6618
f 6615 408 6555
f 6618 6555 1663
f 6615 6555 6618
f 1679 6628 6625
f 6628 1663 6556
f 6625 6556 428
f 6628 6556 6625
f 1677 6618 6630
f 6618 1663 6628
f 6630 6628 1679
f 6618 6628 6630
f 105 6202 6563
f 6202 1579 6566
f 6563 6566 1665
f 6202 6566 6563
f 1579 6203 6577
f 6203 410 6575
f 6577 6575 1668
f 6203 6575 6577
f 1665 6578 6564
f 6578 1668 6576
f 6564 6576 429
f 6578 6576 6564
f 1579 6577 6566
f 6577 1668 6578
f 6566 6578 1665
f 6577 6578 6566
f 410 6206 6620
f 6206 1580 6622
f 6620 6622 1678
f 6206 6622 6620
f 1580 6205 6610
f 6205 110 6607
f 6610 6607 1675
f 6205 6607 6610
f 1678 6624 6621
f 6624 1675 6608
f 6621 6608 431
f 6624 6608 6621
f 1580 6610 6622
f 6610 1675 6624
f 6622 6624 1678
f 6610 6624 6622
f 429 6631 6568
f 6631 1680 6633
f 6568 6633 1666
f 6631 6633 6568
f 1680 6632 6635
f 6632 431 6612
f 6635 6612 1676
f 6632 6612 6635
f 1666 6614 6567
f 6614 1676 6611
f 6567 6611 114
f 6614 6611 6567
f 1680 6635 6633
f 6635 1676 6614
f 6633 6614 1666
f 6635 6614 6633
f 410 6620 6575
f 6620 1678 6623
f 6575 6623 1668
f 6620 6623 6575
f 1678 6621 6636
f 6621 431 6632
f 6636 6632 1680
f 6621 6632 6636
f 1668 6634 6576
f 6634 1680 6631
f 6576 6631 429
f 6634 6631 6576
f 1678 6636 6623
f 6636 1680 6634
f 6623 6634 1668
f 6636 6634 6623
f 19 6311 3391
f 6311 1605 6313
f 3391 6313 865
f 6311 6313 3391
f 1605 6312 6320
f 6312 416 6318
f 6320 6318 1607
f 6312 6318 6320
f 865 6319 3392
f 6319 1607 6317
f 3392 6317 226
f 6319 6317 3392
f 1605 6320 6313
f 6320 1607 6319
f 6313 6319 865
f 6320 6319 6313
f 416 6316 6350
f 6316 1606 6352
f 6350 6352 1616
f 6316 6352 6350
f 1606 6315 6340
f 6315 112 6338
f 6340 6338 1613
f 6315 6338 6340
f 1616 6354 6351
f 6354 1613 6339
f 6351 6339 418
f 6354 6339 6351
f 1606 6340 6352
f 6340 1613 6354
f 6352 6354 1616
f 6340 6354 6352
f 226 6341 3394
f 6341 1614 6343
f 3394 6343 866
f 6341 6343 3394
f 1614 6342 6345
f 6342 418 6335
f 6345 6335 1612
f 6342 6335 6345
f 866 6336 3393
f 6336 1612 6334
f 3393 6334 62
f 6336 6334 3393
f 1614 6345 6343
f 6345 1612 6336
f 6343 6336 866
f 6345 6336 6343
f 416 6350 6318
f 6350 1616 6353
f 6318 6353 1607
f 6350 6353 6318
f 1616 6351 6355
f 6351 418 6342
f 6355 6342 1614
f 6351 6342 6355
f 1607 6344 6317
f 6344 1614 6341
f 6317 6341 226
f 6344 6341 6317
f 1616 6355 6353
f 6355 1614 6344
f 6353 6344 1607
f 6355 6344 6353
f 112 6328 6377
f 6328 1610 6379
f 6377 6379 1622
f 6328 6379 6377
f 1610 6329 6393
f 6329 417 6391
f 6393 6391 1625
f 6329 6391 6393
f 1622 6395 6378
f 6395 1625 6392
f 6378 6392 420
f 6395 6392 6378
f 1610 6393 6379
f 6393 1625 6395
f 6379 6395 1622
f 6393 6395 6379
f 417 6326 6331
f 6326 1609 6333
f 6331 6333 1611
f 6326 6333 6331
f 1609 6325 6327
f 6325 32 6129
f 6327 6129 1559
f 6325 6129 6327
f 1611 6332 6330
f 6332 1559 6130
f 6330 6130 404
f 6332 6130 6330
f 1609 6327 6333
f 6327 1559 6332
f 6333 6332 1611
f 6327 6332 6333
f 420 6382 6374
f 6382 1623 6385
f 6374 6385 1621
f 6382 6385 6374
f 1623 6381 6383
f 6381 404 6132
f 6383 6132 1560
f 6381 6132 6383
f 1621 6375 6373
f 6375 1560 6131
f 6373 6131 109
f 6375 6131 6373
f 1623 6383 6385
f 6383 1560 6375
f 6385 6375 1621
f 6383 6375 6385
f 417 6331 6391
f 6331 1611 6394
f 6391 6394 1625
f 6331 6394 6391
f 1611 6330 6384
f 6330 404 6381
f 6384 6381 1623
f 6330 6381 6384
f 1625 6396 6392
f 6396 1623 6382
f 6392 6382 420
f 6396 6382 6392
f 1611 6384 6394
f 6384 1623 6396
f 6394 6396 1625
f 6384 6396 6394
f 62 6150 3389
f 6150 1565 6152
f 3389 6152 864
f 6150 6152 3389
f 1565 6151 6160
f 6151 406 6157
f 6160 6157 1567
f 6151 6157 6160
f 864 6158 3390
f 6158 1567 6156
f 3390 6156 225
f 6158 6156 3390
f 1565 6160 6152
f 6160 1567 6158
f 6152 6158 864
f 6160 6158 6152
f 406 6154 6162
f 6154 1566 6165
f 6162 6165 1568
f 6154 6165 6162
f 1566 6153 6155
f 6153 109 6119
f 6155 6119 1556
f 6153 6119 6155
f 1568 6163 6161
f 6163 1556 6120
f 6161 6120 403
f 6163 6120 6161
f 1566 6155 6165
f 6155 1556 6163
f 6165 6163 1568
f 6155 6163 6165
f 225 6125 3388
f 6125 1558 6127
f 3388 6127 863
f 6125 6127 3388
f 1558 6126 6128
f 6126 403 6116
f 6128 6116 1555
f 6126 6116 6128
f 863 6118 3387
f 6118 1555 6115
f 3387 6115 6
f 6118 6115 3387
f 1558 6128 6127
f 6128 1555 6118
f 6127 6118 863
f 6128 6118 6127
f 406 6162 6157
f 6162 1568 6166
f 6157 6166 1567
f 6162 6166 6157
f 1568 6161 6164
f 6161 403 6126
f 6164 6126 1558
f 6161 6126 6164
f 1567 6159 6156
f 6159 1558 6125
f 6156 6125 225
f 6159 6125 6156
f 1568 6164 6166
f 6164 1558 6159
f 6166 6159 1567
f 6164 6159 6166
f 112 6377 6338
f 6377 1622 6380
f 6338 6380 1613
f 6377 6380 6338
f 1622 6378 6401
f 6378 420 6398
f 6401 6398 1626
f 6378 6398 6401
f 1613 6399 6339
f 6399 1626 6397
f 6339 6397 418
f 6399 6397 6339
f 1622 6401 6380
f 6401 1626 6399
f 6380 6399 1613
f 6401 6399 6380
f 420 6374 6387
f 6374 1621 6390
f 6387 6390 1624
f 6374 6390 6387
f 1621 6373 6376
f 6373 109 6153
f 6376 6153 1566
f 6373 6153 6376
f 1624 6388 6386
f 6388 1566 6154
f 6386 6154 406
f 6388 6154 6386
f 1621 6376 6390
f 6376 1566 6388
f 6390 6388 1624
f 6376 6388 6390
f 418 6347 6335
f 6347 1615 6349
f 6335 6349 1612
f 6347 6349 6335
f 1615 6346 6348
f 6346 406 6151
f 6348 6151 1565
f 6346 6151 6348
f 1612 6337 6334
f 6337 1565 6150
f 6334 6150 62
f 6337 6150 6334
f 1615 6348 6349
f 6348 1565 6337
f 6349 6337 1612
f 6348 6337 6349
f 420 6387 6398
f 6387 1624 6402
f 6398 6402 1626
f 6387 6402 6398
f 1624 6386 6389
f 6386 406 6346
f 6389 6346 1615
f 6386 6346 6389
f 1626 6400 6397
f 6400 1615 6347
f 6397 6347 418
f 6400 6347 6397
f 1624 6389 6402
f 6389 1615 6400
f 6402 6400 1626
f 6389 6400 6402
f 31 6535 5922
f 6535 1657 6538
f 5922 6538 1511
f 6535 6538 5922
f 1657 6536 6548
f 6536 427 6546
f 6548 6546 1660
f 6536 6546 6548
f 1511 6547 5923
f 6547 1660 6545
f 5923 6545 394
f 6547 6545 5923
f 1657 6548 6538
f 6548 1660 6547
f 6538 6547 1511
f 6548 6547 6538
f 427 6540 6601
f 6540 1658 6603
f 6601 6603 1674
f 6540 6603 6601
f 1658 6539 6591
f 6539 114 6589
f 6591 6589 1671
f 6539 6589 6591
f 1674 6605 6602
f 6605 1671 6590
f 6602 6590 430
f 6605 6590 6602
f 1658 6591 6603
f 6591 1671 6605
f 6603 6605 1674
f 6591 6605 6603
f 394 6592 5926
f 6592 1672 6594
f 5926 6594 1512
f 6592 6594 5926
f 1672 6593 6596
f 6593 430 6586
f 6596 6586 1670
f 6593 6586 6596
f 1512 6587 5925
f 6587 1670 6585
f 5925 6585 107
f 6587 6585 5925
f 1672 6596 6594
f 6596 1670 6587
f 6594 6587 1512
f 6596 6587 6594
f 427 6601 6546
f 6601 1674 6604
f 6546 6604 1660
f 6601 6604 6546
f 1674 6602 6606
f 6602 430 6593
f 6606 6593 1672
f 6602 6593 6606
f 1660 6595 6545
f 6595 1672 6592
f 6545 6592 394
f 6595 6592 6545
f 1674 6606 6604
f 6606 1672 6595
f 6604 6595 1660
f 6606 6595 6604
f 114 6553 6641
f 6553 1662 6643
f 6641 6643 1682
f 6553 6643 6641
f 1662 6554 6657
f 6554 428 6655
f 6657 6655 1685
f 6554 6655 6657
f 1682 6659 6642
f 6659 1685 6656
f 6642 6656 432
f 6659 6656 6642
f 1662 6657 6643
f 6657 1685 6659
f 6643 6659 1682
f 6657 6659 6643
f 428 6550 6560
f 6550 1661 6562
f 6560 6562 1664
f 6550 6562 6560
f 1661 6549 6552
f 6549 32 6325
f 6552 6325 1609
f 6549 6325 6552
f 1664 6561 6559
f 6561 1609 6326
f 6559 6326 417
f 6561 6326 6559
f 1661 6552 6562
f 6552 1609 6561
f 6562 6561 1664
f 6552 6561 6562
f 432 6646 6638
f 6646 1683 6649
f 6638 6649 1681
f 6646 6649 6638
f 1683 6645 6647
f 6645 417 6329
f 6647 6329 1610
f 6645 6329 6647
f 1681 6639 6637
f 6639 1610 6328
f 6637 6328 112
f 6639 6328 6637
f 1683 6647 6649
f 6647 1610 6639
f 6649 6639 1681
f 6647 6639 6649
f 428 6560 6655
f 6560 1664 6658
f 6655 6658 1685
f 6560 6658 6655
f 1664 6559 6648
f 6559 417 6645
f 6648 6645 1683
f 6559 6645 6648
f 1685 6660 6656
f 6660 1683 6646
f 6656 6646 432
f 6660 6646 6656
f 1664 6648 6658
f 6648 1683 6660
f 6658 6660 1685
f 6648 6660 6658
f 107 6356 5916
f 6356 1617 6358
f 5916 6358 1509
f 6356 6358 5916
f 1617 6357 6366
f 6357 419 6363
f 6366 6363 1619
f 6357 6363 6366
f 1509 6364 5917
f 6364 1619 6362
f 5917 6362 393
f 6364 6362 5917
f 1617 6366 6358
f 6366 1619 6364
f 6358 6364 1509
f 6366 6364 6358
f 419 6360 6368
f 6360 1618 6371
f 6368 6371 1620
f 6360 6371 6368
f 1618 6359 6361
f 6359 112 6315
f 6361 6315 1606
f 6359 6315 6361
f 1620 6369 6367
f 6369 1606 6316
f 6367 6316 416
f 6369 6316 6367
f 1618 6361 6371
f 6361 1606 6369
f 6371 6369 1620
f 6361 6369 6371
f 393 6321 5914
f 6321 1608 6323
f 5914 6323 1508
f 6321 6323 5914
f 1608 6322 6324
f 6322 416 6312
f 6324 6312 1605
f 6322 6312 6324
f 1508 6314 5913
f 6314 1605 6311
f 5913 6311 19
f 6314 6311 5913
f 1608 6324 6323
f 6324 1605 6314
f 6323 6314 1508
f 6324 6314 6323
f 419 6368 6363
f 6368 1620 6372
f 6363 6372 1619
f 6368 6372 6363
f 1620 6367 6370
f 6367 416 6322
f 6370 6322 1608
f 6367 6322 6370
f 1619 6365 6362
f 6365 1608 6321
f 6362 6321 393
f 6365 6321 6362
f 1620 6370 6372
f 6370 1608 6365
f 6372 6365 1619
f 6370 6365 6372
f 114 6641 6589
f 6641 1682 6644
f 6589 6644 1671
f 6641 6644 6589
f 1682 6642 6665
f 6642 432 6662
f 6665 6662 1686
f 6642 6662 6665
f 1671 6663 6590
f 6663 1686 6661
f 6590 6661 430
f 6663 6661 6590
f 1682 6665 6644
f 6665 1686 6663
f 6644 6663 1671
f 6665 6663 6644
f 432 6638 6651
f 6638 1681 6654
f 6651 6654 1684
f 6638 6654 6651
f 1681 6637 6640
f 6637 112 6359
f 6640 6359 1618
f 6637 6359 6640
f 1684 6652 6650
f 6652 1618 6360
f 6650 6360 419
f 6652 6360 6650
f 1681 6640 6654
f 6640 1618 6652
f 6654 6652 1684
f 6640 6652 6654
f 430 6598 6586
f 6598 1673 6600
f 6586 6600 1670
f 6598 6600 6586
f 1673 6597 6599
f 6597 419 6357
f 6599 6357 1617
f 6597 6357 6599
f 1670 6588 6585
f 6588 1617 6356
f 6585 6356 107
f 6588 6356 6585
f 1673 6599 6600
f 6599 1617 6588
f 6600 6588 1670
f 6599 6588 6600
f 432 6651 6662
f 6651 1684 6666
f 6662 6666 1686
f 6651 6666 6662
f 1684 6650 6653
f 6650 419 6597
f 6653 6597 1673
f 6650 6597 6653
f 1686 6664 6661
f 6664 1673 6598
f 6661 6598 430
f 6664 6598 6661
f 1684 6653 6666
f 6653 1673 6664
f 6666 6664 1686
f 6653 6664 6666
f 3 2595 8563
f 2595 659 8565
f 8563 8565 2155
f 2595 8565 8563
f 659 2596 8571
f 2596 171 8569
f 8571 8569 2157
f 2596 8569 8571
f 2155 8572 8564
f 8572 2157 8570
f 8564 8570 547
f 8572 8570 8564
f 659 8571 8565
f 8571 2157 8572
f 8565 8572 2155
f 8571 8572 8565
f 171 2599 8587
f 2599 660 8589
f 8587 8589 2163
f 2599 8589 8587
f 660 2598 8583
f 2598 47 8581
f 8583 8581 2161
f 2598 8581 8583
f 2163 8591 8588
f 8591 2161 8582
f 8588 8582 549
f 8591 8582 8588
f 660 8583 8589
f 8583 2161 8591
f 8589 8591 2163
f 8583 8591 8589
f 547 8592 8568
f 8592 2164 8594
f 8568 8594 2156
f 8592 8594 8568
f 2164 8593 8596
f 8593 549 8585
f 8596 8585 2162
f 8593 8585 8596
f 2156 8586 8567
f 8586 2162 8584
f 8567 8584 142
f 8586 8584 8567
f 2164 8596 8594
f 8596 2162 8586
f 8594 8586 2156
f 8596 8586 8594
f 171 8587 8569
f 8587 2163 8590
f 8569 8590 2157
f 8587 8590 8569
f 2163 8588 8597
f 8588 549 8593
f 8597 8593 2164
f 8588 8593 8597
f 2157 8595 8570
f 8595 2164 8592
f 8570 8592 547
f 8595 8592 8570
f 2163 8597 8590
f 8597 2164 8595
f 8590 8595 2157
f 8597 8595 8590
f 47 2606 8641
f 2606 663 8643
f 8641 8643 2179
f 2606 8643 8641
f 663 2607 8650
f 2607 172 8648
f 8650 8648 2181
f 2607 8648 8650
f 2179 8652 8642
f 8652 2181 8649
f 8642 8649 555
f 8652 8649 8642
f 663 8650 8643
f 8650 2181 8652
f 8643 8652 2179
f 8650 8652 8643
f 172 2605 8628
f 2605 662 8630
f 8628 8630 2175
f 2605 8630 8628
f 662 2604 8625
f 2604 15 8623
f 8625 8623 2173
f 2604 8623 8625
f 2175 8631 8629
f 8631 2173 8624
f 8629 8624 553
f 8631 8624 8629
f 662 8625 8630
f 8625 2173 8631
f 8630 8631 2175
f 8625 8631 8630
f 555 8658 8646
f 8658 2183 8661
f 8646 8661 2180
f 8658 8661 8646
f 2183 8657 8659
f 8657 553 8627
f 8659 8627 2174
f 8657 8627 8659
f 2180 8647 8645
f 8647 2174 8626
f 8645 8626 144
f 8647 8626 8645
f 2183 8659 8661
f 8659 2174 8647
f 8661 8647 2180
f 8659 8647 8661
f 172 8628 8648
f 8628 2175 8651
f 8648 8651 2181
f 8628 8651 8648
f 2175 8629 8660
f 8629 553 8657
f 8660 8657 2183
f 8629 8657 8660
f 2181 8662 8649
f 8662 2183 8658
f 8649 8658 555
f 8662 8658 8649
f 2175 8660 8651
f 8660 2183 8662
f 8651 8662 2181
f 8660 8662 8651
f 142 8663 8579
f 8663 2184 8665
f 8579 8665 2160
f 8663 8665 8579
f 2184 8664 8675
f 8664 556 8672
f 8675 8672 2186
f 8664 8672 8675
f 2160 8673 8580
f 8673 2186 8671
f 8580 8671 548
f 8673 8671 8580
f 2184 8675 8665
f 8675 2186 8673
f 8665 8673 2160
f 8675 8673 8665
f 556 8668 8682
f 8668 2185 8685
f 8682 8685 2188
f 8668 8685 8682
f 2185 8667 8669
f 8667 144 8635
f 8669 8635 2177
f 8667 8635 8669
f 2188 8683 8681
f 8683 2177 8636
f 8681 8636 554
f 8683 8636 8681
f 2185 8669 8685
f 8669 2177 8683
f 8685 8683 2188
f 8669 8683 8685
f 548 8637 8578
f 8637 2178 8639
f 8578 8639 2159
f 8637 8639 8578
f 2178 8638 8640
f 8638 554 8633
f 8640 8633 2176
f 8638 8633 8640
f 2159 8634 8577
f 8634 2176 8632
f 8577 8632 39
f 8634 8632 8577
f 2178 8640 8639
f 8640 2176 8634
f 8639 8634 2159
f 8640 8634 8639
f 556 8682 8672
f 8682 2188 8686
f 8672 8686 2186
f 8682 8686 8672
f 2188 8681 8684
f 8681 554 8638
f 8684 8638 2178
f 8681 8638 8684
f 2186 8674 8671
f 8674 2178 8637
f 8671 8637 548
f 8674 8637 8671
f 2188 8684 8686
f 8684 2178 8674
f 8686 8674 2186
f 8684 8674 8686
f 47 8641 8581
f 8641 2179 8644
f 8581 8644 2161
f 8641 8644 8581
f 2179 8642 8656
f 8642 555 8654
f 8656 8654 2182
f 8642 8654 8656
f 2161 8655 8582
f 8655 2182 8653
f 8582 8653 549
f 8655 8653 8582
f 2179 8656 8644
f 8656 2182 8655
f 8644 8655 2161
f 8656 8655 8644
f 555 8646 8687
f 8646 2180 8689
f 8687 8689 2189
f 8646 8689 8687
f 2180 8645 8670
f 8645 144 8667
f 8670 8667 2185
f 8645 8667 8670
f 2189 8691 8688
f 8691 2185 8668
f 8688 8668 556
f 8691 8668 8688
f 2180 8670 8689
f 8670 2185 8691
f 8689 8691 2189
f 8670 8691 8689
f 549 8676 8585
f 8676 2187 8678
f 8585 8678 2162
f 8676 8678 8585
f 2187 8677 8680
f 8677 556 8664
f 8680 8664 2184
f 8677 8664 8680
f 2162 8666 8584
f 8666 2184 8663
f 8584 8663 142
f 8666 8663 8584
f 2187 8680 8678
f 8680 2184 8666
f 8678 8666 2162
f 8680 8666 8678
f 555 8687 8654
f 8687 2189 8690
f 8654 8690 2182
f 8687 8690 8654
f 2189 8688 8692
f 8688 556 8677
f 8692 8677 2187
f 8688 8677 8692
f 2182 8679 8653
f 8679 2187 8676
f 8653 8676 549
f 8679 8676 8653
f 2189 8692 8690
f 8692 2187 8679
f 8690 8679 2182
f 8692 8679 8690
f 15 2629 8845
f 2629 670 8847
f 8845 8847 2230
f 2629 8847 8845
f 670 2630 8853
f 2630 175 8851
f 8853 8851 2232
f 2630 8851 8853
f 2230 8854 8846
f 8854 2232 8852
f 8846 8852 568
f 8854 8852 8846
f 670 8853 8847
f 8853 2232 8854
f 8847 8854 2230
f 8853 8854 8847
f 175 2632 8875
f 2632 671 8877
f 8875 8877 2239
f 2632 8877 8875
f 671 2631 8870
f 2631 48 8868
f 8870 8868 2237
f 2631 8868 8870
f 2239 8879 8876
f 8879 2237 8869
f 8876 8869 570
f 8879 8869 8876
f 671 8870 8877
f 8870 2237 8879
f 8877 8879 2239
f 8870 8879 8877
f 568 8884 8850
f 8884 2241 8886
f 8850 8886 2231
f 8884 8886 8850
f 2241 8885 8888
f 8885 570 8873
f 8888 8873 2238
f 8885 8873 8888
f 2231 8874 8849
f 8874 2238 8872
f 8849 8872 148
f 8874 8872 8849
f 2241 8888 8886
f 8888 2238 8874
f 8886 8874 2231
f 8888 8874 8886
f 175 8875 8851
f 8875 2239 8878
f 8851 8878 2232
f 8875 8878 8851
f 2239 8876 8889
f 8876 570 8885
f 8889 8885 2241
f 8876 8885 8889
f 2232 8887 8852
f 8887 2241 8884
f 8852 8884 568
f 8887 8884 8852
f 2239 8889 8878
f 8889 2241 8887
f 8878 8887 2232
f 8889 8887 8878
f 48 2627 8781
f 2627 669 8783
f 8781 8783 2213
f 2627 8783 8781
f 669 2628 8789
f 2628 174 8787
f 8789 8787 2215
f 2628 8787 8789
f 2213 8791 8782
f 8791 2215 8788
f 8782 8788 563
f 8791 8788 8782
f 669 8789 8783
f 8789 2215 8791
f 8783 8791 2213
f 8789 8791 8783
f 174 2626 8769
f 2626 668 8771
f 8769 8771 2209
f 2626 8771 8769
f 668 2625 8765
f 2625 5 8763
f 8765 8763 2207
f 2625 8763 8765
f 2209 8772 8770
f 8772 2207 8764
f 8770 8764 561
f 8772 8764 8770
f 668 8765 8771
f 8765 2207 8772
f 8771 8772 2209
f 8765 8772 8771
f 563 8793 8785
f 8793 2216 8796
f 8785 8796 2214
f 8793 8796 8785
f 2216 8792 8794
f 8792 561 8768
f 8794 8768 2208
f 8792 8768 8794
f 2214 8786 8784
f 8786 2208 8767
f 8784 8767 146
f 8786 8767 8784
f 2216 8794 8796
f 8794 2208 8786
f 8796 8786 2214
f 8794 8786 8796
f 174 8769 8787
f 8769 2209 8790
f 8787 8790 2215
f 8769 8790 8787
f 2209 8770 8795
f 8770 561 8792
f 8795 8792 2216
f 8770 8792 8795
f 2215 8797 8788
f 8797 2216 8793
f 8788 8793 563
f 8797 8793 8788
f 2209 8795 8790
f 8795 2216 8797
f 8790 8797 2215
f 8795 8797 8790
f 148 8911 8862
f 8911 2247 8913
f 8862 8913 2235
f 8911 8913 8862
f 2247 8912 8929
f 8912 572 8926
f 8929 8926 2250
f 8912 8926 8929
f 2235 8927 8863
f 8927 2250 8925
f 8863 8925 569
f 8927 8925 8863
f 2247 8929 8913
f 8929 2250 8927
f 8913 8927 2235
f 8929 8927 8913
f 572 8908 8916
f 8908 2246 8919
f 8916 8919 2248
f 8908 8919 8916
f 2246 8907 8909
f 8907 146 8779
f 8909 8779 2212
f 8907 8779 8909
f 2248 8917 8915
f 8917 2212 8780
f 8915 8780 562
f 8917 8780 8915
f 2246 8909 8919
f 8909 2212 8917
f 8919 8917 2248
f 8909 8917 8919
f 569 8865 8860
f 8865 2236 8867
f 8860 8867 2234
f 8865 8867 8860
f 2236 8864 8866
f 8864 562 8778
f 8866 8778 2211
f 8864 8778 8866
f 2234 8861 8859
f 8861 2211 8777
f 8859 8777 40
f 8861 8777 8859
f 2236 8866 8867
f 8866 2211 8861
f 8867 8861 2234
f 8866 8861 8867
f 572 8916 8926
f 8916 2248 8930
f 8926 8930 2250
f 8916 8930 8926
f 2248 8915 8918
f 8915 562 8864
f 8918 8864 2236
f 8915 8864 8918
f 2250 8928 8925
f 8928 2236 8865
f 8925 8865 569
f 8928 8865 8925
f 2248 8918 8930
f 8918 2236 8928
f 8930 8928 2250
f 8918 8928 8930
f 48 8781 8868
f 8781 2213 8871
f 8868 8871 2237
f 8781 8871 8868
f 2213 8782 8882
f 8782 563 8880
f 8882 8880 2240
f 8782 8880 8882
f 2237 8883 8869
f 8883 2240 8881
f 8869 8881 570
f 8883 8881 8869
f 2213 8882 8871
f 8882 2240 8883
f 8871 8883 2237
f 8882 8883 8871
f 563 8785 8920
f 8785 2214 8922
f 8920 8922 2249
f 8785 8922 8920
f 2214 8784 8910
f 8784 146 8907
f 8910 8907 2246
f 8784 8907 8910
f 2249 8924 8921
f 8924 2246 8908
f 8921 8908 572
f 8924 8908 8921
f 2214 8910 8922
f 8910 2246 8924
f 8922 8924 2249
f 8910 8924 8922
f 570 8931 8873
f 8931 2251 8933
f 8873 8933 2238
f 8931 8933 8873
f 2251 8932 8935
f 8932 572 8912
f 8935 8912 2247
f 8932 8912 8935
f 2238 8914 8872
f 8914 2247 8911
f 8872 8911 148
f 8914 8911 8872
f 2251 8935 8933
f 8935 2247 8914
f 8933 8914 2238
f 8935 8914 8933
f 563 8920 8880
f 8920 2249 8923
f 8880 8923 2240
f 8920 8923 8880
f 2249 8921 8936
f 8921 572 8932
f 8936 8932 2251
f 8921 8932 8936
f 2240 8934 8881
f 8934 2251 8931
f 8881 8931 570
f 8934 8931 8881
f 2249 8936 8923
f 8936 2251 8934
f 8923 8934 2240
f 8936 8934 8923
f 39 9007 8619
f 9007 2269 9009
f 8619 9009 2171
f 9007 9009 8619
f 2269 9008 9016
f 9008 577 9014
f 9016 9014 2271
f 9008 9014 9016
f 2171 9015 8620
f 9015 2271 9013
f 8620 9013 552
f 9015 9013 8620
f 2269 9016 9009
f 9016 2271 9015
f 9009 9015 2171
f 9016 9015 9009
f 577 9012 9051
f 9012 2270 9053
f 9051 9053 2281
f 9012 9053 9051
f 2270 9011 9041
f 9011 150 9039
f 9041 9039 2278
f 9011 9039 9041
f 2281 9055 9052
f 9055 2278 9040
f 9052 9040 579
f 9055 9040 9052
f 2270 9041 9053
f 9041 2278 9055
f 9053 9055 2281
f 9041 9055 9053
f 552 9042 8622
f 9042 2279 9044
f 8622 9044 2172
f 9042 9044 8622
f 2279 9043 9046
f 9043 579 9036
f 9046 9036 2277
f 9043 9036 9046
f 2172 9037 8621
f 9037 2277 9035
f 8621 9035 143
f 9037 9035 8621
f 2279 9046 9044
f 9046 2277 9037
f 9044 9037 2172
f 9046 9037 9044
f 577 9051 9014
f 9051 2281 9054
f 9014 9054 2271
f 9051 9054 9014
f 2281 9052 9056
f 9052 579 9043
f 9056 9043 2279
f 9052 9043 9056
f 2271 9045 9013
f 9045 2279 9042
f 9013 9042 552
f 9045 9042 9013
f 2281 9056 9054
f 9056 2279 9045
f 9054 9045 2271
f 9056 9045 9054
f 150 9025 9083
f 9025 2274 9085
f 9083 9085 2288
f 9025 9085 9083
f 2274 9026 9099
f 9026 578 9097
f 9099 9097 2291
f 9026 9097 9099
f 2288 9101 9084
f 9101 2291 9098
f 9084 9098 581
f 9101 9098 9084
f 2274 9099 9085
f 9099 2291 9101
f 9085 9101 2288
f 9099 9101 9085
f 578 9022 9028
f 9022 2273 9030
f 9028 9030 2275
f 9022 9030 9028
f 2273 9021 9023
f 9021 40 8824
f 9023 8824 2224
f 9021 8824 9023
f 2275 9029 9027
f 9029 2224 8825
f 9027 8825 566
f 9029 8825 9027
f 2273 9023 9030
f 9023 2224 9029
f 9030 9029 2275
f 9023 9029 9030
f 581 9088 9080
f 9088 2289 9091
f 9080 9091 2287
f 9088 9091 9080
f 2289 9087 9089
f 9087 566 8827
f 9089 8827 2225
f 9087 8827 9089
f 2287 9081 9079
f 9081 2225 8826
f 9079 8826 147
f 9081 8826 9079
f 2289 9089 9091
f 9089 2225 9081
f 9091 9081 2287
f 9089 9081 9091
f 578 9028 9097
f 9028 2275 9100
f 9097 9100 2291
f 9028 9100 9097
f 2275 9027 9090
f 9027 566 9087
f 9090 9087 2289
f 9027 9087 9090
f 2291 9102 9098
f 9102 2289 9088
f 9098 9088 581
f 9102 9088 9098
f 2275 9090 9100
f 9090 2289 9102
f 9100 9102 2291
f 9090 9102 9100
f 143 8828 8617
f 8828 2226 8830
f 8617 8830 2170
f 8828 8830 8617
f 2226 8829 8838
f 8829 567 8835
f 8838 8835 2228
f 8829 8835 8838
f 2170 8836 8618
f 8836 2228 8834
f 8618 8834 551
f 8836 8834 8618
f 2226 8838 8830
f 8838 2228 8836
f 8830 8836 2170
f 8838 8836 8830
f 567 8832 8840
f 8832 2227 8843
f 8840 8843 2229
f 8832 8843 8840
f 2227 8831 8833
f 8831 147 8818
f 8833 8818 2222
f 8831 8818 8833
f 2229 8841 8839
f 8841 2222 8819
f 8839 8819 565
f 8841 8819 8839
f 2227 8833 8843
f 8833 2222 8841
f 8843 8841 2229
f 8833 8841 8843
f 551 8820 8616
f 8820 2223 8822
f 8616 8822 2169
f 8820 8822 8616
f 2223 8821 8823
f 8821 565 8816
f 8823 8816 2221
f 8821 8816 8823
f 2169 8817 8615
f 8817 2221 8815
f 8615 8815 12
f 8817 8815 8615
f 2223 8823 8822
f 8823 2221 8817
f 8822 8817 2169
f 8823 8817 8822
f 567 8840 8835
f 8840 2229 8844
f 8835 8844 2228
f 8840 8844 8835
f 2229 8839 8842
f 8839 565 8821
f 8842 8821 2223
f 8839 8821 8842
f 2228 8837 8834
f 8837 2223 8820
f 8834 8820 551
f 8837 8820 8834
f 2229 8842 8844
f 8842 2223 8837
f 8844 8837 2228
f 8842 8837 8844
f 150 9083 9039
f 9083 2288 9086
f 9039 9086 2278
f 9083 9086 9039
f 2288 9084 9107
f 9084 581 9104
f 9107 9104 2292
f 9084 9104 9107
f 2278 9105 9040
f 9105 2292 9103
f 9040 9103 579
f 9105 9103 9040
f 2288 9107 9086
f 9107 2292 9105
f 9086 9105 2278
f 9107 9105 9086
f 581 9080 9093
f 9080 2287 9096
f 9093 9096 2290
f 9080 9096 9093
f 2287 9079 9082
f 9079 147 8831
f 9082 8831 2227
f 9079 8831 9082
f 2290 9094 9092
f 9094 2227 8832
f 9092 8832 567
f 9094 8832 9092
f 2287 9082 9096
f 9082 2227 9094
f 9096 9094 2290
f 9082 9094 9096
f 579 9048 9036
f 9048 2280 9050
f 9036 9050 2277
f 9048 9050 9036
f 2280 9047 9049
f 9047 567 8829
f 9049 8829 2226
f 9047 8829 9049
f 2277 9038 9035
f 9038 2226 8828
f 9035 8828 143
f 9038 8828 9035
f 2280 9049 9050
f 9049 2226 9038
f 9050 9038 2277
f 9049 9038 9050
f 581 9093 9104
f 9093 2290 9108
f 9104 9108 2292
f 9093 9108 9104
f 2290 9092 9095
f 9092 567 9047
f 9095 9047 2280
f 9092 9047 9095
f 2292 9106 9103
f 9106 2280 9048
f 9103 9048 579
f 9106 9048 9103
f 2290 9095 9108
f 9095 2280 9106
f 9108 9106 2292
f 9095 9106 9108
f 15 8845 8623
f 8845 2230 8848
f 8623 8848 2173
f 8845 8848 8623
f 2230 8846 8858
f 8846 568 8856
f 8858 8856 2233
f 8846 8856 8858
f 2173 8857 8624
f 8857 2233 8855
f 8624 8855 553
f 8857 8855 8624
f 2230 8858 8848
f 8858 2233 8857
f 8848 8857 2173
f 8858 8857 8848
f 568 8850 8901
f 8850 2231 8903
f 8901 8903 2245
f 8850 8903 8901
f 2231 8849 8895
f 8849 148 8893
f 8895 8893 2243
f 8849 8893 8895
f 2245 8905 8902
f 8905 2243 8894
f 8902 8894 571
f 8905 8894 8902
f 2231 8895 8903
f 8895 2243 8905
f 8903 8905 2245
f 8895 8905 8903
f 553 8896 8627
f 8896 2244 8898
f 8627 8898 2174
f 8896 8898 8627
f 2244 8897 8900
f 8897 571 8891
f 8900 8891 2242
f 8897 8891 8900
f 2174 8892 8626
f 8892 2242 8890
f 8626 8890 144
f 8892 8890 8626
f 2244 8900 8898
f 8900 2242 8892
f 8898 8892 2174
f 8900 8892 8898
f 568 8901 8856
f 8901 2245 8904
f 8856 8904 2233
f 8901 8904 8856
f 2245 8902 8906
f 8902 571 8897
f 8906 8897 2244
f 8902 8897 8906
f 2233 8899 8855
f 8899 2244 8896
f 8855 8896 553
f 8899 8896 8855
f 2245 8906 8904
f 8906 2244 8899
f 8904 8899 2233
f 8906 8899 8904
f 148 8862 9109
f 8862 2235 9111
f 9109 9111 2293
f 8862 9111 9109
f 2235 8863 9119
f 8863 569 9117
f 9119 9117 2295
f 8863 9117 9119
f 2293 9121 9110
f 9121 2295 9118
f 9110 9118 582
f 9121 9118 9110
f 2235 9119 9111
f 9119 2295 9121
f 9111 9121 2293
f 9119 9121 9111
f 569 8860 9031
f 8860 2234 9033
f 9031 9033 2276
f 8860 9033 9031
f 2234 8859 9024
f 8859 40 9021
f 9024 9021 2273
f 8859 9021 9024
f 2276 9034 9032
f 9034 2273 9022
f 9032 9022 578
f 9034 9022 9032
f 2234 9024 9033
f 9024 2273 9034
f 9033 9034 2276
f 9024 9034 9033
f 582 9128 9114
f 9128 2297 9131
f 9114 9131 2294
f 9128 9131 9114
f 2297 9127 9129
f 9127 578 9026
f 9129 9026 2274
f 9127 9026 9129
f 2294 9115 9113
f 9115 2274 9025
f 9113 9025 150
f 9115 9025 9113
f 2297 9129 9131
f 9129 2274 9115
f 9131 9115 2294
f 9129 9115 9131
f 569 9031 9117
f 9031 2276 9120
f 9117 9120 2295
f 9031 9120 9117
f 2276 9032 9130
f 9032 578 9127
f 9130 9127 2297
f 9032 9127 9130
f 2295 9132 9118
f 9132 2297 9128
f 9118 9128 582
f 9132 9128 9118
f 2276 9130 9120
f 9130 2297 9132
f 9120 9132 2295
f 9130 9132 9120
f 144 9057 8635
f 9057 2282 9059
f 8635 9059 2177
f 9057 9059 8635
f 2282 9058 9068
f 9058 580 9065
f 9068 9065 2284
f 9058 9065 9068
f 2177 9066 8636
f 9066 2284 9064
f 8636 9064 554
f 9066 9064 8636
f 2282 9068 9059
f 9068 2284 9066
f 9059 9066 2177
f 9068 9066 9059
f 580 9062 9074
f 9062 2283 9077
f 9074 9077 2286
f 9062 9077 9074
f 2283 9061 9063
f 9061 150 9011
f 9063 9011 2270
f 9061 9011 9063
f 2286 9075 9073
f 9075 2270 9012
f 9073 9012 577
f 9075 9012 9073
f 2283 9063 9077
f 9063 2270 9075
f 9077 9075 2286
f 9063 9075 9077
f 554 9017 8633
f 9017 2272 9019
f 8633 9019 2176
f 9017 9019 8633
f 2272 9018 9020
f 9018 577 9008
f 9020 9008 2269
f 9018 9008 9020
f 2176 9010 8632
f 9010 2269 9007
f 8632 9007 39
f 9010 9007 8632
f 2272 9020 9019
f 9020 2269 9010
f 9019 9010 2176
f 9020 9010 9019
f 580 9074 9065
f 9074 2286 9078
f 9065 9078 2284
f 9074 9078 9065
f 2286 9073 9076
f 9073 577 9018
f 9076 9018 2272
f 9073 9018 9076
f 2284 9067 9064
f 9067 2272 9017
f 9064 9017 554
f 9067 9017 9064
f 2286 9076 9078
f 9076 2272 9067
f 9078 9067 2284
f 9076 9067 9078
f 148 9109 8893
f 9109 2293 9112
f 8893 9112 2243
f 9109 9112 8893
f 2293 9110 9126
f 9110 582 9123
f 9126 9123 2296
f 9110 9123 9126
f 2243 9124 8894
f 9124 2296 9122
f 8894 9122 571
f 9124 9122 8894
f 2293 9126 9112
f 9126 2296 9124
f 9112 9124 2243
f 9126 9124 9112
f 582 9114 9134
f 9114 2294 9137
f 9134 9137 2298
f 9114 9137 9134
f 2294 9113 9116
f 9113 150 9061
f 9116 9061 2283
f 9113 9061 9116
f 2298 9135 9133
f 9135 2283 9062
f 9133 9062 580
f 9135 9062 9133
f 2294 9116 9137
f 9116 2283 9135
f 9137 9135 2298
f 9116 9135 9137
f 571 9069 8891
f 9069 2285 9071
f 8891 9071 2242
f 9069 9071 8891
f 2285 9070 9072
f 9070 580 9058
f 9072 9058 2282
f 9070 9058 9072
f 2242 9060 8890
f 9060 2282 9057
f 8890 9057 144
f 9060 9057 8890
f 2285 9072 9071
f 9072 2282 9060
f 9071 9060 2242
f 9072 9060 9071
f 582 9134 9123
f 9134 2298 9138
f 9123 9138 2296
f 9134 9138 9123
f 2298 9133 9136
f 9133 580 9070
f 9136 9070 2285
f 9133 9070 9136
f 2296 9125 9122
f 9125 2285 9069
f 9122 9069 571
f 9125 9069 9122
f 2298 9136 9138
f 9136 2285 9125
f 9138 9125 2296
f 9136 9125 9138
f 7 3425 7435
f 3425 876 7437
f 7435 7437 1879
f 3425 7437 7435
f 876 3426 7443
f 3426 230 7441
f 7443 7441 1881
f 3426 7441 7443
f 1879 7444 7436
f 7444 1881 7442
f 7436 7442 481
f 7444 7442 7436
f 876 7443 7437
f 7443 1881 7444
f 7437 7444 1879
f 7443 7444 7437
f 230 3428 7459
f 3428 877 7461
f 7459 7461 1887
f 3428 7461 7459
f 877 3427 7455
f 3427 64 7453
f 7455 7453 1885
f 3427 7453 7455
f 1887 7463 7460
f 7463 1885 7454
f 7460 7454 483
f 7463 7454 7460
f 877 7455 7461
f 7455 1885 7463
f 7461 7463 1887
f 7455 7463 7461
f 481 7464 7440
f 7464 1888 7466
f 7440 7466 1880
f 7464 7466 7440
f 1888 7465 7468
f 7465 483 7457
f 7468 7457 1886
f 7465 7457 7468
f 1880 7458 7439
f 7458 1886 7456
f 7439 7456 127
f 7458 7456 7439
f 1888 7468 7466
f 7468 1886 7458
f 7466 7458 1880
f 7468 7458 7466
f 230 7459 7441
f 7459 1887 7462
f 7441 7462 1881
f 7459 7462 7441
f 1887 7460 7469
f 7460 483 7465
f 7469 7465 1888
f 7460 7465 7469
f 1881 7467 7442
f 7467 1888 7464
f 7442 7464 481
f 7467 7464 7442
f 1887 7469 7462
f 7469 1888 7467
f 7462 7467 1881
f 7469 7467 7462
f 64 3431 7540
f 3431 879 7542
f 7540 7542 1909
f 3431 7542 7540
f 879 3432 7549
f 3432 231 7547
f 7549 7547 1911
f 3432 7547 7549
f 1909 7551 7541
f 7551 1911 7548
f 7541 7548 490
f 7551 7548 7541
f 879 7549 7542
f 7549 1911 7551
f 7542 7551 1909
f 7549 7551 7542
f 231 3430 7523
f 3430 878 7525
f 7523 7525 1904
f 3430 7525 7523
f 878 3429 7519
f 3429 20 7517
f 7519 7517 1902
f 3429 7517 7519
f 1904 7526 7524
f 7526 1902 7518
f 7524 7518 488
f 7526 7518 7524
f 878 7519 7525
f 7519 1902 7526
f 7525 7526 1904
f 7519 7526 7525
f 490 7557 7545
f 7557 1913 7560
f 7545 7560 1910
f 7557 7560 7545
f 1913 7556 7558
f 7556 488 7522
f 7558 7522 1903
f 7556 7522 7558
f 1910 7546 7544
f 7546 1903 7521
f 7544 7521 129
f 7546 7521 7544
f 1913 7558 7560
f 7558 1903 7546
f 7560 7546 1910
f 7558 7546 7560
f 231 7523 7547
f 7523 1904 7550
f 7547 7550 1911
f 7523 7550 7547
f 1904 7524 7559
f 7524 488 7556
f 7559 7556 1913
f 7524 7556 7559
f 1911 7561 7548
f 7561 1913 7557
f 7548 7557 490
f 7561 7557 7548
f 1904 7559 7550
f 7559 1913 7561
f 7550 7561 1911
f 7559 7561 7550
f 127 7579 7451
f 7579 1918 7581
f 7451 7581 1884
f 7579 7581 7451
f 1918 7580 7591
f 7580 492 7588
f 7591 7588 1920
f 7580 7588 7591
f 1884 7589 7452
f 7589 1920 7587
f 7452 7587 482
f 7589 7587 7452
f 1918 7591 7581
f 7591 1920 7589
f 7581 7589 1884
f 7591 7589 7581
f 492 7584 7598
f 7584 1919 7601
f 7598 7601 1922
f 7584 7601 7598
f 1919 7583 7585
f 7583 129 7534
f 7585 7534 1907
f 7583 7534 7585
f 1922 7599 7597
f 7599 1907 7535
f 7597 7535 489
f 7599 7535 7597
f 1919 7585 7601
f 7585 1907 7599
f 7601 7599 1922
f 7585 7599 7601
f 482 7536 7450
f 7536 1908 7538
f 7450 7538 1883
f 7536 7538 7450
f 1908 7537 7539
f 7537 489 7532
f 7539 7532 1906
f 7537 7532 7539
f 1883 7533 7449
f 7533 1906 7531
f 7449 7531 36
f 7533 7531 7449
f 1908 7539 7538
f 7539 1906 7533
f 7538 7533 1883
f 7539 7533 7538
f 492 7598 7588
f 7598 1922 7602
f 7588 7602 1920
f 7598 7602 7588
f 1922 7597 7600
f 7597 489 7537
f 7600 7537 1908
f 7597 7537 7600
f 1920 7590 7587
f 7590 1908 7536
f 7587 7536 482
f 7590 7536 7587
f 1922 7600 7602
f 7600 1908 7590
f 7602 7590 1920
f 7600 7590 7602
f 64 7540 7453
f 7540 1909 7543
f 7453 7543 1885
f 7540 7543 7453
f 1909 7541 7555
f 7541 490 7553
f 7555 7553 1912
f 7541 7553 7555
f 1885 7554 7454
f 7554 1912 7552
f 7454 7552 483
f 7554 7552 7454
f 1909 7555 7543
f 7555 1912 7554
f 7543 7554 1885
f 7555 7554 7543
f 490 7545 7603
f 7545 1910 7605
f 7603 7605 1923
f 7545 7605 7603
f 1910 7544 7586
f 7544 129 7583
f 7586 7583 1919
f 7544 7583 7586
f 1923 7607 7604
f 7607 1919 7584
f 7604 7584 492
f 7607 7584 7604
f 1910 7586 7605
f 7586 1919 7607
f 7605 7607 1923
f 7586 7607 7605
f 483 7592 7457
f 7592 1921 7594
f 7457 7594 1886
f 7592 7594 7457
f 1921 7593 7596
f 7593 492 7580
f 7596 7580 1918
f 7593 7580 7596
f 1886 7582 7456
f 7582 1918 7579
f 7456 7579 127
f 7582 7579 7456
f 1921 7596 7594
f 7596 1918 7582
f 7594 7582 1886
f 7596 7582 7594
f 490 7603 7553
f 7603 1923 7606
f 7553 7606 1912
f 7603 7606 7553
f 1923 7604 7608
f 7604 492 7593
f 7608 7593 1921
f 7604 7593 7608
f 1912 7595 7552
f 7595 1921 7592
f 7552 7592 483
f 7595 7592 7552
f 1923 7608 7606
f 7608 1921 7595
f 7606 7595 1912
f 7608 7595 7606
f 20 3404 7365
f 3404 870 7367
f 7365 7367 1862
f 3404 7367 7365
f 870 3405 7372
f 3405 228 7370
f 7372 7370 1864
f 3405 7370 7372
f 1862 7373 7366
f 7373 1864 7371
f 7366 7371 477
f 7373 7371 7366
f 870 7372 7367
f 7372 1864 7373
f 7367 7373 1862
f 7372 7373 7367
f 228 3407 7390
f 3407 871 7392
f 7390 7392 1870
f 3407 7392 7390
f 871 3406 7385
f 3406 63 7383
f 7385 7383 1868
f 3406 7383 7385
f 1870 7394 7391
f 7394 1868 7384
f 7391 7384 479
f 7394 7384 7391
f 871 7385 7392
f 7385 1868 7394
f 7392 7394 1870
f 7385 7394 7392
f 477 7399 7369
f 7399 1872 7401
f 7369 7401 1863
f 7399 7401 7369
f 1872 7400 7403
f 7400 479 7388
f 7403 7388 1869
f 7400 7388 7403
f 1863 7389 7368
f 7389 1869 7387
f 7368 7387 126
f 7389 7387 7368
f 1872 7403 7401
f 7403 1869 7389
f 7401 7389 1863
f 7403 7389 7401
f 228 7390 7370
f 7390 1870 7393
f 7370 7393 1864
f 7390 7393 7370
f 1870 7391 7404
f 7391 479 7400
f 7404 7400 1872
f 7391 7400 7404
f 1864 7402 7371
f 7402 1872 7399
f 7371 7399 477
f 7402 7399 7371
f 1870 7404 7393
f 7404 1872 7402
f 7393 7402 1864
f 7404 7402 7393
f 63 3398 7340
f 3398 868 7342
f 7340 7342 1854
f 3398 7342 7340
f 868 3399 7348
f 3399 227 7346
f 7348 7346 1856
f 3399 7346 7348
f 1854 7350 7341
f 7350 1856 7347
f 7341 7347 474
f 7350 7347 7341
f 868 7348 7342
f 7348 1856 7350
f 7342 7350 1854
f 7348 7350 7342
f 227 3396 7332
f 3396 867 7334
f 7332 7334 1851
f 3396 7334 7332
f 867 3395 7329
f 3395 3 7327
f 7329 7327 1849
f 3395 7327 7329
f 1851 7335 7333
f 7335 1849 7328
f 7333 7328 472
f 7335 7328 7333
f 867 7329 7334
f 7329 1849 7335
f 7334 7335 1851
f 7329 7335 7334
f 474 7352 7344
f 7352 1857 7355
f 7344 7355 1855
f 7352 7355 7344
f 1857 7351 7353
f 7351 472 7331
f 7353 7331 1850
f 7351 7331 7353
f 1855 7345 7343
f 7345 1850 7330
f 7343 7330 124
f 7345 7330 7343
f 1857 7353 7355
f 7353 1850 7345
f 7355 7345 1855
f 7353 7345 7355
f 227 7332 7346
f 7332 1851 7349
f 7346 7349 1856
f 7332 7349 7346
f 1851 7333 7354
f 7333 472 7351
f 7354 7351 1857
f 7333 7351 7354
f 1856 7356 7347
f 7356 1857 7352
f 7347 7352 474
f 7356 7352 7347
f 1851 7354 7349
f 7354 1857 7356
f 7349 7356 1856
f 7354 7356 7349
f 126 7409 7377
f 7409 1874 7411
f 7377 7411 1866
f 7409 7411 7377
f 1874 7410 7427
f 7410 480 7424
f 7427 7424 1877
f 7410 7424 7427
f 1866 7425 7378
f 7425 1877 7423
f 7378 7423 478
f 7425 7423 7378
f 1874 7427 7411
f 7427 1877 7425
f 7411 7425 1866
f 7427 7425 7411
f 480 7406 7414
f 7406 1873 7417
f 7414 7417 1875
f 7406 7417 7414
f 1873 7405 7407
f 7405 124 7338
f 7407 7338 1853
f 7405 7338 7407
f 1875 7415 7413
f 7415 1853 7339
f 7413 7339 473
f 7415 7339 7413
f 1873 7407 7417
f 7407 1853 7415
f 7417 7415 1875
f 7407 7415 7417
f 478 7380 7375
f 7380 1867 7382
f 7375 7382 1865
f 7380 7382 7375
f 1867 7379 7381
f 7379 473 7337
f 7381 7337 1852
f 7379 7337 7381
f 1865 7376 7374
f 7376 1852 7336
f 7374 7336 35
f 7376 7336 7374
f 1867 7381 7382
f 7381 1852 7376
f 7382 7376 1865
f 7381 7376 7382
f 480 7414 7424
f 7414 1875 7428
f 7424 7428 1877
f 7414 7428 7424
f 1875 7413 7416
f 7413 473 7379
f 7416 7379 1867
f 7413 7379 7416
f 1877 7426 7423
f 7426 1867 7380
f 7423 7380 478
f 7426 7380 7423
f 1875 7416 7428
f 7416 1867 7426
f 7428 7426 1877
f 7416 7426 7428
f 63 7340 7383
f 7340 1854 7386
f 7383 7386 1868
f 7340 7386 7383
f 1854 7341 7397
f 7341 474 7395
f 7397 7395 1871
f 7341 7395 7397
f 1868 7398 7384
f 7398 1871 7396
f 7384 7396 479
f 7398 7396 7384
f 1854 7397 7386
f 7397 1871 7398
f 7386 7398 1868
f 7397 7398 7386
f 474 7344 7418
f 7344 1855 7420
f 7418 7420 1876
f 7344 7420 7418
f 1855 7343 7408
f 7343 124 7405
f 7408 7405 1873
f 7343 7405 7408
f 1876 7422 7419
f 7422 1873 7406
f 7419 7406 480
f 7422 7406 7419
f 1855 7408 7420
f 7408 1873 7422
f 7420 7422 1876
f 7408 7422 7420
f 479 7429 7388
f 7429 1878 7431
f 7388 7431 1869
f 7429 7431 7388
f 1878 7430 7433
f 7430 480 7410
f 7433 7410 1874
f 7430 7410 7433
f 1869 7412 7387
f 7412 1874 7409
f 7387 7409 126
f 7412 7409 7387
f 1878 7433 7431
f 7433 1874 7412
f 7431 7412 1869
f 7433 7412 7431
f 474 7418 7395
f 7418 1876 7421
f 7395 7421 1871
f 7418 7421 7395
f 1876 7419 7434
f 7419 480 7430
f 7434 7430 1878
f 7419 7430 7434
f 1871 7432 7396
f 7432 1878 7429
f 7396 7429 479
f 7432 7429 7396
f 1876 7434 7421
f 7434 1878 7432
f 7421 7432 1871
f 7434 7432 7421
f 36 7693 7496
f 7693 1945 7695
f 7496 7695 1896
f 7693 7695 7496
f 1945 7694 7702
f 7694 498 7700
f 7702 7700 1947
f 7694 7700 7702
f 1896 7701 7497
f 7701 1947 7699
f 7497 7699 486
f 7701 7699 7497
f 1945 7702 7695
f 7702 1947 7701
f 7695 7701 1896
f 7702 7701 7695
f 498 7698 7769
f 7698 1946 7771
f 7769 7771 1963
f 7698 7771 7769
f 1946 7697 7757
f 7697 131 7755
f 7757 7755 1960
f 7697 7755 7757
f 1963 7773 7770
f 7773 1960 7756
f 7770 7756 501
f 7773 7756 7770
f 1946 7757 7771
f 7757 1960 7773
f 7771 7773 1963
f 7757 7773 7771
f 486 7759 7499
f 7759 1961 7761
f 7499 7761 1897
f 7759 7761 7499
f 1961 7760 7763
f 7760 501 7752
f 7763 7752 1959
f 7760 7752 7763
f 1897 7753 7498
f 7753 1959 7751
f 7498 7751 128
f 7753 7751 7498
f 1961 7763 7761
f 7763 1959 7753
f 7761 7753 1897
f 7763 7753 7761
f 498 7769 7700
f 7769 1963 7772
f 7700 7772 1947
f 7769 7772 7700
f 1963 7770 7774
f 7770 501 7760
f 7774 7760 1961
f 7770 7760 7774
f 1947 7762 7699
f 7762 1961 7759
f 7699 7759 486
f 7762 7759 7699
f 1963 7774 7772
f 7774 1961 7762
f 7772 7762 1947
f 7774 7762 7772
f 131 7683 7711
f 7683 1942 7713
f 7711 7713 1950
f 7683 7713 7711
f 1942 7684 7725
f 7684 497 7723
f 7725 7723 1953
f 7684 7723 7725
f 1950 7727 7712
f 7727 1953 7724
f 7712 7724 499
f 7727 7724 7712
f 1942 7725 7713
f 7725 1953 7727
f 7713 7727 1950
f 7725 7727 7713
f 497 7680 7686
f 7680 1941 7688
f 7686 7688 1943
f 7680 7688 7686
f 1941 7679 7681
f 7679 35 7361
f 7681 7361 1860
f 7679 7361 7681
f 1943 7687 7685
f 7687 1860 7362
f 7685 7362 476
f 7687 7362 7685
f 1941 7681 7688
f 7681 1860 7687
f 7688 7687 1943
f 7681 7687 7688
f 499 7715 7708
f 7715 1951 7718
f 7708 7718 1949
f 7715 7718 7708
f 1951 7714 7716
f 7714 476 7364
f 7716 7364 1861
f 7714 7364 7716
f 1949 7709 7707
f 7709 1861 7363
f 7707 7363 125
f 7709 7363 7707
f 1951 7716 7718
f 7716 1861 7709
f 7718 7709 1949
f 7716 7709 7718
f 497 7686 7723
f 7686 1943 7726
f 7723 7726 1953
f 7686 7726 7723
f 1943 7685 7717
f 7685 476 7714
f 7717 7714 1951
f 7685 7714 7717
f 1953 7728 7724
f 7728 1951 7715
f 7724 7715 499
f 7728 7715 7724
f 1943 7717 7726
f 7717 1951 7728
f 7726 7728 1953
f 7717 7728 7726
f 128 7503 7490
f 7503 1899 7505
f 7490 7505 1894
f 7503 7505 7490
f 1899 7504 7515
f 7504 487 7512
f 7515 7512 1901
f 7504 7512 7515
f 1894 7513 7491
f 7513 1901 7511
f 7491 7511 485
f 7513 7511 7491
f 1899 7515 7505
f 7515 1901 7513
f 7505 7513 1894
f 7515 7513 7505
f 487 7501 7507
f 7501 1898 7510
f 7507 7510 1900
f 7501 7510 7507
f 1898 7500 7502
f 7500 125 7359
f 7502 7359 1859
f 7500 7359 7502
f 1900 7508 7506
f 7508 1859 7360
f 7506 7360 475
f 7508 7360 7506
f 1898 7502 7510
f 7502 1859 7508
f 7510 7508 1900
f 7502 7508 7510
f 485 7493 7488
f 7493 1895 7495
f 7488 7495 1893
f 7493 7495 7488
f 1895 7492 7494
f 7492 475 7358
f 7494 7358 1858
f 7492 7358 7494
f 1893 7489 7487
f 7489 1858 7357
f 7487 7357 11
f 7489 7357 7487
f 1895 7494 7495
f 7494 1858 7489
f 7495 7489 1893
f 7494 7489 7495
f 487 7507 7512
f 7507 1900 7516
f 7512 7516 1901
f 7507 7516 7512
f 1900 7506 7509
f 7506 475 7492
f 7509 7492 1895
f 7506 7492 7509
f 1901 7514 7511
f 7514 1895 7493
f 7511 7493 485
f 7514 7493 7511
f 1900 7509 7516
f 7509 1895 7514
f 7516 7514 1901
f 7509 7514 7516
f 131 7711 7755
f 7711 1950 7758
f 7755 7758 1960
f 7711 7758 7755
f 1950 7712 7777
f 7712 499 7775
f 7777 7775 1964
f 7712 7775 7777
f 1960 7779 7756
f 7779 1964 7776
f 7756 7776 501
f 7779 7776 7756
f 1950 7777 7758
f 7777 1964 7779
f 7758 7779 1960
f 7777 7779 7758
f 499 7708 7720
f 7708 1949 7722
f 7720 7722 1952
f 7708 7722 7720
f 1949 7707 7710
f 7707 125 7500
f 7710 7500 1898
f 7707 7500 7710
f 1952 7721 7719
f 7721 1898 7501
f 7719 7501 487
f 7721 7501 7719
f 1949 7710 7722
f 7710 1898 7721
f 7722 7721 1952
f 7710 7721 7722
f 501 7765 7752
f 7765 1962 7768
f 7752 7768 1959
f 7765 7768 7752
f 1962 7764 7766
f 7764 487 7504
f 7766 7504 1899
f 7764 7504 7766
f 1959 7754 7751
f 7754 1899 7503
f 7751 7503 128
f 7754 7503 7751
f 1962 7766 7768
f 7766 1899 7754
f 7768 7754 1959
f 7766 7754 7768
f 499 7720 7775
f 7720 1952 7778
f 7775 7778 1964
f 7720 7778 7775
f 1952 7719 7767
f 7719 487 7764
f 7767 7764 1962
f 7719 7764 7767
f 1964 7780 7776
f 7780 1962 7765
f 7776 7765 501
f 7780 7765 7776
f 1952 7767 7778
f 7767 1962 7780
f 7778 7780 1964
f 7767 7780 7778
f 20 7365 7517
f 7365 1862 7520
f 7517 7520 1902
f 7365 7520 7517
f 1862 7366 7529
f 7366 477 7527
f 7529 7527 1905
f 7366 7527 7529
f 1902 7530 7518
f 7530 1905 7528
f 7518 7528 488
f 7530 7528 7518
f 1862 7529 7520
f 7529 1905 7530
f 7520 7530 1902
f 7529 7530 7520
f 477 7369 7568
f 7369 1863 7570
f 7568 7570 1916
f 7369 7570 7568
f 1863 7368 7564
f 7368 126 7562
f 7564 7562 1914
f 7368 7562 7564
f 1916 7572 7569
f 7572 1914 7563
f 7569 7563 491
f 7572 7563 7569
f 1863 7564 7570
f 7564 1914 7572
f 7570 7572 1916
f 7564 7572 7570
f 488 7573 7522
f 7573 1917 7575
f 7522 7575 1903
f 7573 7575 7522
f 1917 7574 7577
f 7574 491 7566
f 7577 7566 1915
f 7574 7566 7577
f 1903 7567 7521
f 7567 1915 7565
f 7521 7565 129
f 7567 7565 7521
f 1917 7577 7575
f 7577 1915 7567
f 7575 7567 1903
f 7577 7567 7575
f 477 7568 7527
f 7568 1916 7571
f 7527 7571 1905
f 7568 7571 7527
f 1916 7569 7578
f 7569 491 7574
f 7578 7574 1917
f 7569 7574 7578
f 1905 7576 7528
f 7576 1917 7573
f 7528 7573 488
f 7576 7573 7528
f 1916 7578 7571
f 7578 1917 7576
f 7571 7576 1905
f 7578 7576 7571
f 126 7377 7729
f 7377 1866 7731
f 7729 7731 1954
f 7377 7731 7729
f 1866 7378 7738
f 7378 478 7736
f 7738 7736 1956
f 7378 7736 7738
f 1954 7740 7730
f 7740 1956 7737
f 7730 7737 500
f 7740 7737 7730
f 1866 7738 7731
f 7738 1956 7740
f 7731 7740 1954
f 7738 7740 7731
f 478 7375 7689
f 7375 1865 7691
f 7689 7691 1944
f 7375 7691 7689
f 1865 7374 7682
f 7374 35 7679
f 7682 7679 1941
f 7374 7679 7682
f 1944 7692 7690
f 7692 1941 7680
f 7690 7680 497
f 7692 7680 7690
f 1865 7682 7691
f 7682 1941 7692
f 7691 7692 1944
f 7682 7692 7691
f 500 7746 7734
f 7746 1958 7749
f 7734 7749 1955
f 7746 7749 7734
f 1958 7745 7747
f 7745 497 7684
f 7747 7684 1942
f 7745 7684 7747
f 1955 7735 7733
f 7735 1942 7683
f 7733 7683 131
f 7735 7683 7733
f 1958 7747 7749
f 7747 1942 7735
f 7749 7735 1955
f 7747 7735 7749
f 478 7689 7736
f 7689 1944 7739
f 7736 7739 1956
f 7689 7739 7736
f 1944 7690 7748
f 7690 497 7745
f 7748 7745 1958
f 7690 7745 7748
f 1956 7750 7737
f 7750 1958 7746
f 7737 7746 500
f 7750 7746 7737
f 1944 7748 7739
f 7748 1958 7750
f 7739 7750 1956
f 7748 7750 7739
f 129 7781 7534
f 7781 1965 7783
f 7534 7783 1907
f 7781 7783 7534
f 1965 7782 7793
f 7782 502 7790
f 7793 7790 1967
f 7782 7790 7793
f 1907 7791 7535
f 7791 1967 7789
f 7535 7789 489
f 7791 7789 7535
f 1965 7793 7783
f 7793 1967 7791
f 7783 7791 1907
f 7793 7791 7783
f 502 7786 7800
f 7786 1966 7803
f 7800 7803 1969
f 7786 7803 7800
f 1966 7785 7787
f 7785 131 7697
f 7787 7697 1946
f 7785 7697 7787
f 1969 7801 7799
f 7801 1946 7698
f 7799 7698 498
f 7801 7698 7799
f 1966 7787 7803
f 7787 1946 7801
f 7803 7801 1969
f 7787 7801 7803
f 489 7703 7532
f 7703 1948 7705
f 7532 7705 1906
f 7703 7705 7532
f 1948 7704 7706
f 7704 498 7694
f 7706 7694 1945
f 7704 7694 7706
f 1906 7696 7531
f 7696 1945 7693
f 7531 7693 36
f 7696 7693 7531
f 1948 7706 7705
f 7706 1945 7696
f 7705 7696 1906
f 7706 7696 7705
f 502 7800 7790
f 7800 1969 7804
f 7790 7804 1967
f 7800 7804 7790
f 1969 7799 7802
f 7799 498 7704
f 7802 7704 1948
f 7799 7704 7802
f 1967 7792 7789
f 7792 1948 7703
f 7789 7703 489
f 7792 7703 7789
f 1969 7802 7804
f 7802 1948 7792
f 7804 7792 1967
f 7802 7792 7804
f 126 7729 7562
f 7729 1954 7732
f 7562 7732 1914
f 7729 7732 7562
f 1954 7730 7744
f 7730 500 7742
f 7744 7742 1957
f 7730 7742 7744
f 1914 7743 7563
f 7743 1957 7741
f 7563 7741 491
f 7743 7741 7563
f 1954 7744 7732
f 7744 1957 7743
f 7732 7743 1914
f 7744 7743 7732
f 500 7734 7805
f 7734 1955 7807
f 7805 7807 1970
f 7734 7807 7805
f 1955 7733 7788
f 7733 131 7785
f 7788 7785 1966
f 7733 7785 7788
f 1970 7809 7806
f 7809 1966 7786
f 7806 7786 502
f 7809 7786 7806
f 1955 7788 7807
f 7788 1966 7809
f 7807 7809 1970
f 7788 7809 7807
f 491 7794 7566
f 7794 1968 7796
f 7566 7796 1915
f 7794 7796 7566
f 1968 7795 7798
f 7795 502 7782
f 7798 7782 1965
f 7795 7782 7798
f 1915 7784 7565
f 7784 1965 7781
f 7565 7781 129
f 7784 7781 7565
f 1968 7798 7796
f 7798 1965 7784
f 7796 7784 1915
f 7798 7784 7796
f 500 7805 7742
f 7805 1970 7808
f 7742 7808 1957
f 7805 7808 7742
f 1970 7806 7810
f 7806 502 7795
f 7810 7795 1968
f 7806 7795 7810
f 1957 7797 7741
f 7797 1968 7794
f 7741 7794 491
f 7797 7794 7741
f 1970 7810 7808
f 7810 1968 7797
f 7808 7797 1957
f 7810 7797 7808
f 9 4463 4839
f 4463 1149 4842
f 4839 4842 1241
f 4463 4842 4839
f 1149 4464 4851
f 4464 305 4849
f 4851 4849 1244
f 4464 4849 4851
f 1241 4852 4840
f 4852 1244 4850
f 4840 4850 327
f 4852 4850 4840
f 1149 4851 4842
f 4851 1244 4852
f 4842 4852 1241
f 4851 4852 4842
f 305 4467 4880
f 4467 1150 4882
f 4880 4882 1253
f 4467 4882 4880
f 1150 4466 4876
f 4466 86 4874
f 4876 4874 1251
f 4466 4874 4876
f 1253 4884 4881
f 4884 1251 4875
f 4881 4875 330
f 4884 4875 4881
f 1150 4876 4882
f 4876 1251 4884
f 4882 4884 1253
f 4876 4884 4882
f 327 4885 4844
f 4885 1254 4887
f 4844 4887 1242
f 4885 4887 4844
f 1254 4886 4889
f 4886 330 4878
f 4889 4878 1252
f 4886 4878 4889
f 1242 4879 4843
f 4879 1252 4877
f 4843 4877 91
f 4879 4877 4843
f 1254 4889 4887
f 4889 1252 4879
f 4887 4879 1242
f 4889 4879 4887
f 305 4880 4849
f 4880 1253 4883
f 4849 4883 1244
f 4880 4883 4849
f 1253 4881 4890
f 4881 330 4886
f 4890 4886 1254
f 4881 4886 4890
f 1244 4888 4850
f 4888 1254 4885
f 4850 4885 327
f 4888 4885 4850
f 1253 4890 4883
f 4890 1254 4888
f 4883 4888 1244
f 4890 4888 4883
f 86 4474 5235
f 4474 1153 5237
f 5235 5237 1337
f 4474 5237 5235
f 1153 4475 5244
f 4475 306 5242
f 5244 5242 1339
f 4475 5242 5244
f 1337 5246 5236
f 5246 1339 5243
f 5236 5243 349
f 5246 5243 5236
f 1153 5244 5237
f 5244 1339 5246
f 5237 5246 1337
f 5244 5246 5237
f 306 4473 5213
f 4473 1152 5215
f 5213 5215 1331
f 4473 5215 5213
f 1152 4472 5209
f 4472 27 5207
f 5209 5207 1329
f 4472 5207 5209
f 1331 5216 5214
f 5216 1329 5208
f 5214 5208 347
f 5216 5208 5214
f 1152 5209 5215
f 5209 1329 5216
f 5215 5216 1331
f 5209 5216 5215
f 349 5252 5240
f 5252 1341 5255
f 5240 5255 1338
f 5252 5255 5240
f 1341 5251 5253
f 5251 347 5212
f 5253 5212 1330
f 5251 5212 5253
f 1338 5241 5239
f 5241 1330 5211
f 5239 5211 95
f 5241 5211 5239
f 1341 5253 5255
f 5253 1330 5241
f 5255 5241 1338
f 5253 5241 5255
f 306 5213 5242
f 5213 1331 5245
f 5242 5245 1339
f 5213 5245 5242
f 1331 5214 5254
f 5214 347 5251
f 5254 5251 1341
f 5214 5251 5254
f 1339 5256 5243
f 5256 1341 5252
f 5243 5252 349
f 5256 5252 5243
f 1331 5254 5245
f 5254 1341 5256
f 5245 5256 1339
f 5254 5256 5245
f 91 5279 4855
f 5279 1347 5281
f 4855 5281 1246
f 5279 5281 4855
f 1347 5280 5291
f 5280 351 5288
f 5291 5288 1349
f 5280 5288 5291
f 1246 5289 4856
f 5289 1349 5287
f 4856 5287 328
f 5289 5287 4856
f 1347 5291 5281
f 5291 1349 5289
f 5281 5289 1246
f 5291 5289 5281
f 351 5284 5298
f 5284 1348 5301
f 5298 5301 1351
f 5284 5301 5298
f 1348 5283 5285
f 5283 95 5225
f 5285 5225 1334
f 5283 5225 5285
f 1351 5299 5297
f 5299 1334 5226
f 5297 5226 348
f 5299 5226 5297
f 1348 5285 5301
f 5285 1334 5299
f 5301 5299 1351
f 5285 5299 5301
f 328 5227 4854
f 5227 1335 5229
f 4854 5229 1245
f 5227 5229 4854
f 1335 5228 5230
f 5228 348 5222
f 5230 5222 1333
f 5228 5222 5230
f 1245 5223 4853
f 5223 1333 5221
f 4853 5221 28
f 5223 5221 4853
f 1335 5230 5229
f 5230 1333 5223
f 5229 5223 1245
f 5230 5223 5229
f 351 5298 5288
f 5298 1351 5302
f 5288 5302 1349
f 5298 5302 5288
f 1351 5297 5300
f 5297 348 5228
f 5300 5228 1335
f 5297 5228 5300
f 1349 5290 5287
f 5290 1335 5227
f 5287 5227 328
f 5290 5227 5287
f 1351 5300 5302
f 5300 1335 5290
f 5302 5290 1349
f 5300 5290 5302
f 86 5235 4874
f 5235 1337 5238
f 4874 5238 1251
f 5235 5238 4874
f 1337 5236 5250
f 5236 349 5248
f 5250 5248 1340
f 5236 5248 5250
f 1251 5249 4875
f 5249 1340 5247
f 4875 5247 330
f 5249 5247 4875
f 1337 5250 5238
f 5250 1340 5249
f 5238 5249 1251
f 5250 5249 5238
f 349 5240 5303
f 5240 1338 5305
f 5303 5305 1352
f 5240 5305 5303
f 1338 5239 5286
f 5239 95 5283
f 5286 5283 1348
f 5239 5283 5286
f 1352 5307 5304
f 5307 1348 5284
f 5304 5284 351
f 5307 5284 5304
f 1338 5286 5305
f 5286 1348 5307
f 5305 5307 1352
f 5286 5307 5305
f 330 5292 4878
f 5292 1350 5294
f 4878 5294 1252
f 5292 5294 4878
f 1350 5293 5296
f 5293 351 5280
f 5296 5280 1347
f 5293 5280 5296
f 1252 5282 4877
f 5282 1347 5279
f 4877 5279 91
f 5282 5279 4877
f 1350 5296 5294
f 5296 1347 5282
f 5294 5282 1252
f 5296 5282 5294
f 349 5303 5248
f 5303 1352 5306
f 5248 5306 1340
f 5303 5306 5248
f 1352 5304 5308
f 5304 351 5293
f 5308 5293 1350
f 5304 5293 5308
f 1340 5295 5247
f 5295 1350 5292
f 5247 5292 330
f 5295 5292 5247
f 1352 5308 5306
f 5308 1350 5295
f 5306 5295 1340
f 5308 5295 5306
f 27 4425 4594
f 4425 1139 4596
f 4594 4596 1183
f 4425 4596 4594
f 1139 4426 4601
f 4426 302 4599
f 4601 4599 1185
f 4426 4599 4601
f 1183 4602 4595
f 4602 1185 4600
f 4595 4600 314
f 4602 4600 4595
f 1139 4601 4596
f 4601 1185 4602
f 4596 4602 1183
f 4601 4602 4596
f 302 4428 4633
f 4428 1140 4635
f 4633 4635 1193
f 4428 4635 4633
f 1140 4427 4627
f 4427 85 4625
f 4627 4625 1191
f 4427 4625 4627
f 1193 4637 4634
f 4637 1191 4626
f 4634 4626 316
f 4637 4626 4634
f 1140 4627 4635
f 4627 1191 4637
f 4635 4637 1193
f 4627 4637 4635
f 314 4643 4598
f 4643 1195 4645
f 4598 4645 1184
f 4643 4645 4598
f 1195 4644 4647
f 4644 316 4630
f 4647 4630 1192
f 4644 4630 4647
f 1184 4631 4597
f 4631 1192 4629
f 4597 4629 88
f 4631 4629 4597
f 1195 4647 4645
f 4647 1192 4631
f 4645 4631 1184
f 4647 4631 4645
f 302 4633 4599
f 4633 1193 4636
f 4599 4636 1185
f 4633 4636 4599
f 1193 4634 4648
f 4634 316 4644
f 4648 4644 1195
f 4634 4644 4648
f 1185 4646 4600
f 4646 1195 4643
f 4600 4643 314
f 4646 4643 4600
f 1193 4648 4636
f 4648 1195 4646
f 4636 4646 1185
f 4648 4646 4636
f 85 4415 4449
f 4415 1136 4451
f 4449 4451 1146
f 4415 4451 4449
f 1136 4416 4459
f 4416 301 4457
f 4459 4457 1148
f 4416 4457 4459
f 1146 4461 4450
f 4461 1148 4458
f 4450 4458 304
f 4461 4458 4450
f 1136 4459 4451
f 4459 1148 4461
f 4451 4461 1146
f 4459 4461 4451
f 301 4412 4422
f 4412 1135 4424
f 4422 4424 1138
f 4412 4424 4422
f 1135 4411 4414
f 4411 7 4179
f 4414 4179 1067
f 4411 4179 4414
f 1138 4423 4421
f 4423 1067 4180
f 4421 4180 279
f 4423 4180 4421
f 1135 4414 4424
f 4414 1067 4423
f 4424 4423 1138
f 4414 4423 4424
f 304 4453 4447
f 4453 1147 4456
f 4447 4456 1145
f 4453 4456 4447
f 1147 4452 4454
f 4452 279 4182
f 4454 4182 1068
f 4452 4182 4454
f 1145 4448 4446
f 4448 1068 4181
f 4446 4181 77
f 4448 4181 4446
f 1147 4454 4456
f 4454 1068 4448
f 4456 4448 1145
f 4454 4448 4456
f 301 4422 4457
f 4422 1138 4460
f 4457 4460 1148
f 4422 4460 4457
f 1138 4421 4455
f 4421 279 4452
f 4455 4452 1147
f 4421 4452 4455
f 1148 4462 4458
f 4462 1147 4453
f 4458 4453 304
f 4462 4453 4458
f 1138 4455 4460
f 4455 1147 4462
f 4460 4462 1148
f 4455 4462 4460
f 88 4607 4588
f 4607 1187 4609
f 4588 4609 1181
f 4607 4609 4588
f 1187 4608 4623
f 4608 315 4620
f 4623 4620 1190
f 4608 4620 4623
f 1181 4621 4589
f 4621 1190 4619
f 4589 4619 313
f 4621 4619 4589
f 1187 4623 4609
f 4623 1190 4621
f 4609 4621 1181
f 4623 4621 4609
f 315 4604 4611
f 4604 1186 4614
f 4611 4614 1188
f 4604 4614 4611
f 1186 4603 4605
f 4603 77 4185
f 4605 4185 1070
f 4603 4185 4605
f 1188 4612 4610
f 4612 1070 4186
f 4610 4186 280
f 4612 4186 4610
f 1186 4605 4614
f 4605 1070 4612
f 4614 4612 1188
f 4605 4612 4614
f 313 4591 4586
f 4591 1182 4593
f 4586 4593 1180
f 4591 4593 4586
f 1182 4590 4592
f 4590 280 4184
f 4592 4184 1069
f 4590 4184 4592
f 1180 4587 4585
f 4587 1069 4183
f 4585 4183 24
f 4587 4183 4585
f 1182 4592 4593
f 4592 1069 4587
f 4593 4587 1180
f 4592 4587 4593
f 315 4611 4620
f 4611 1188 4624
f 4620 4624 1190
f 4611 4624 4620
f 1188 4610 4613
f 4610 280 4590
f 4613 4590 1182
f 4610 4590 4613
f 1190 4622 4619
f 4622 1182 4591
f 4619 4591 313
f 4622 4591 4619
f 1188 4613 4624
f 4613 1182 4622
f 4624 4622 1190
f 4613 4622 4624
f 85 4449 4625
f 4449 1146 4628
f 4625 4628 1191
f 4449 4628 4625
f 1146 4450 4640
f 4450 304 4638
f 4640 4638 1194
f 4450 4638 4640
f 1191 4642 4626
f 4642 1194 4639
f 4626 4639 316
f 4642 4639 4626
f 1146 4640 4628
f 4640 1194 4642
f 4628 4642 1191
f 4640 4642 4628
f 304 4447 4615
f 4447 1145 4617
f 4615 4617 1189
f 4447 4617 4615
f 1145 4446 4606
f 4446 77 4603
f 4606 4603 1186
f 4446 4603 4606
f 1189 4618 4616
f 4618 1186 4604
f 4616 4604 315
f 4618 4604 4616
f 1145 4606 4617
f 4606 1186 4618
f 4617 4618 1189
f 4606 4618 4617
f 316 4650 4630
f 4650 1196 4653
f 4630 4653 1192
f 4650 4653 4630
f 1196 4649 4651
f 4649 315 4608
f 4651 4608 1187
f 4649 4608 4651
f 1192 4632 4629
f 4632 1187 4607
f 4629 4607 88
f 4632 4607 4629
f 1196 4651 4653
f 4651 1187 4632
f 4653 4632 1192
f 4651 4632 4653
f 304 4615 4638
f 4615 1189 4641
f 4638 4641 1194
f 4615 4641 4638
f 1189 4616 4652
f 4616 315 4649
f 4652 4649 1196
f 4616 4649 4652
f 1194 4654 4639
f 4654 1196 4650
f 4639 4650 316
f 4654 4650 4639
f 1189 4652 4641
f 4652 1196 4654
f 4641 4654 1194
f 4652 4654 4641
f 28 4997 4801
f 4997 1281 4999
f 4801 4999 1231
f 4997 4999 4801
f 1281 4998 5005
f 4998 337 5003
f 5005 5003 1283
f 4998 5003 5005
f 1231 5004 4802
f 5004 1283 5002
f 4802 5002 324
f 5004 5002 4802
f 1281 5005 4999
f 5005 1283 5004
f 4999 5004 1231
f 5005 5004 4999
f 337 5001 5063
f 5001 1282 5065
f 5063 5065 1297
f 5001 5065 5063
f 1282 5000 5051
f 5000 93 5049
f 5051 5049 1294
f 5000 5049 5051
f 1297 5067 5064
f 5067 1294 5050
f 5064 5050 340
f 5067 5050 5064
f 1282 5051 5065
f 5051 1294 5067
f 5065 5067 1297
f 5051 5067 5065
f 324 5053 4804
f 5053 1295 5055
f 4804 5055 1232
f 5053 5055 4804
f 1295 5054 5057
f 5054 340 5046
f 5057 5046 1293
f 5054 5046 5057
f 1232 5047 4803
f 5047 1293 5045
f 4803 5045 90
f 5047 5045 4803
f 1295 5057 5055
f 5057 1293 5047
f 5055 5047 1232
f 5057 5047 5055
f 337 5063 5003
f 5063 1297 5066
f 5003 5066 1283
f 5063 5066 5003
f 1297 5064 5068
f 5064 340 5054
f 5068 5054 1295
f 5064 5054 5068
f 1283 5056 5002
f 5056 1295 5053
f 5002 5053 324
f 5056 5053 5002
f 1297 5068 5066
f 5068 1295 5056
f 5066 5056 1283
f 5068 5056 5066
f 93 4987 5010
f 4987 1278 5012
f 5010 5012 1285
f 4987 5012 5010
f 1278 4988 5024
f 4988 336 5022
f 5024 5022 1288
f 4988 5022 5024
f 1285 5026 5011
f 5026 1288 5023
f 5011 5023 338
f 5026 5023 5011
f 1278 5024 5012
f 5024 1288 5026
f 5012 5026 1285
f 5024 5026 5012
f 336 4984 4990
f 4984 1277 4992
f 4990 4992 1279
f 4984 4992 4990
f 1277 4983 4985
f 4983 24 4191
f 4985 4191 1073
f 4983 4191 4985
f 1279 4991 4989
f 4991 1073 4192
f 4989 4192 282
f 4991 4192 4989
f 1277 4985 4992
f 4985 1073 4991
f 4992 4991 1279
f 4985 4991 4992
f 338 5014 5007
f 5014 1286 5017
f 5007 5017 1284
f 5014 5017 5007
f 1286 5013 5015
f 5013 282 4194
f 5015 4194 1074
f 5013 4194 5015
f 1284 5008 5006
f 5008 1074 4193
f 5006 4193 78
f 5008 4193 5006
f 1286 5015 5017
f 5015 1074 5008
f 5017 5008 1284
f 5015 5008 5017
f 336 4990 5022
f 4990 1279 5025
f 5022 5025 1288
f 4990 5025 5022
f 1279 4989 5016
f 4989 282 5013
f 5016 5013 1286
f 4989 5013 5016
f 1288 5027 5023
f 5027 1286 5014
f 5023 5014 338
f 5027 5014 5023
f 1279 5016 5025
f 5016 1286 5027
f 5025 5027 1288
f 5016 5027 5025
f 90 4825 4791
f 4825 1238 4827
f 4791 4827 1228
f 4825 4827 4791
f 1238 4826 4837
f 4826 326 4834
f 4837 4834 1240
f 4826 4834 4837
f 1228 4835 4792
f 4835 1240 4833
f 4792 4833 323
f 4835 4833 4792
f 1238 4837 4827
f 4837 1240 4835
f 4827 4835 1228
f 4837 4835 4827
f 326 4823 4829
f 4823 1237 4832
f 4829 4832 1239
f 4823 4832 4829
f 1237 4822 4824
f 4822 78 4189
f 4824 4189 1072
f 4822 4189 4824
f 1239 4830 4828
f 4830 1072 4190
f 4828 4190 281
f 4830 4190 4828
f 1237 4824 4832
f 4824 1072 4830
f 4832 4830 1239
f 4824 4830 4832
f 323 4798 4788
f 4798 1230 4800
f 4788 4800 1227
f 4798 4800 4788
f 1230 4797 4799
f 4797 281 4188
f 4799 4188 1071
f 4797 4188 4799
f 1227 4790 4787
f 4790 1071 4187
f 4787 4187 8
f 4790 4187 4787
f 1230 4799 4800
f 4799 1071 4790
f 4800 4790 1227
f 4799 4790 4800
f 326 4829 4834
f 4829 1239 4838
f 4834 4838 1240
f 4829 4838 4834
f 1239 4828 4831
f 4828 281 4797
f 4831 4797 1230
f 4828 4797 4831
f 1240 4836 4833
f 4836 1230 4798
f 4833 4798 323
f 4836 4798 4833
f 1239 4831 4838
f 4831 1230 4836
f 4838 4836 1240
f 4831 4836 4838
f 93 5010 5049
f 5010 1285 5052
f 5049 5052 1294
f 5010 5052 5049
f 1285 5011 5071
f 5011 338 5069
f 5071 5069 1298
f 5011 5069 5071
f 1294 5073 5050
f 5073 1298 5070
f 5050 5070 340
f 5073 5070 5050
f 1285 5071 5052
f 5071 1298 5073
f 5052 5073 1294
f 5071 5073 5052
f 338 5007 5019
f 5007 1284 5021
f 5019 5021 1287
f 5007 5021 5019
f 1284 5006 5009
f 5006 78 4822
f 5009 4822 1237
f 5006 4822 5009
f 1287 5020 5018
f 5020 1237 4823
f 5018 4823 326
f 5020 4823 5018
f 1284 5009 5021
f 5009 1237 5020
f 5021 5020 1287
f 5009 5020 5021
f 340 5059 5046
f 5059 1296 5062
f 5046 5062 1293
f 5059 5062 5046
f 1296 5058 5060
f 5058 326 4826
f 5060 4826 1238
f 5058 4826 5060
f 1293 5048 5045
f 5048 1238 4825
f 5045 4825 90
f 5048 4825 5045
f 1296 5060 5062
f 5060 1238 5048
f 5062 5048 1293
f 5060 5048 5062
f 338 5019 5069
f 5019 1287 5072
f 5069 5072 1298
f 5019 5072 5069
f 1287 5018 5061
f 5018 326 5058
f 5061 5058 1296
f 5018 5058 5061
f 1298 5074 5070
f 5074 1296 5059
f 5070 5059 340
f 5074 5059 5070
f 1287 5061 5072
f 5061 1296 5074
f 5072 5074 1298
f 5061 5074 5072
f 27 4594 5207
f 4594 1183 5210
f 5207 5210 1329
f 4594 5210 5207
f 1183 4595 5219
f 4595 314 5217
f 5219 5217 1332
f 4595 5217 5219
f 1329 5220 5208
f 5220 1332 5218
f 5208 5218 347
f 5220 5218 5208
f 1183 5219 5210
f 5219 1332 5220
f 5210 5220 1329
f 5219 5220 5210
f 314 4598 5264
f 4598 1184 5266
f 5264 5266 1344
f 4598 5266 5264
f 1184 4597 5259
f 4597 88 5257
f 5259 5257 1342
f 4597 5257 5259
f 1344 5268 5265
f 5268 1342 5258
f 5265 5258 350
f 5268 5258 5265
f 1184 5259 5266
f 5259 1342 5268
f 5266 5268 1344
f 5259 5268 5266
f 347 5273 5212
f 5273 1346 5275
f 5212 5275 1330
f 5273 5275 5212
f 1346 5274 5277
f 5274 350 5262
f 5277 5262 1343
f 5274 5262 5277
f 1330 5263 5211
f 5263 1343 5261
f 5211 5261 95
f 5263 5261 5211
f 1346 5277 5275
f 5277 1343 5263
f 5275 5263 1330
f 5277 5263 5275
f 314 5264 5217
f 5264 1344 5267
f 5217 5267 1332
f 5264 5267 5217
f 1344 5265 5278
f 5265 350 5274
f 5278 5274 1346
f 5265 5274 5278
f 1332 5276 5218
f 5276 1346 5273
f 5218 5273 347
f 5276 5273 5218
f 1344 5278 5267
f 5278 1346 5276
f 5267 5276 1332
f 5278 5276 5267
f 88 4588 5028
f 4588 1181 5030
f 5028 5030 1289
f 4588 5030 5028
f 1181 4589 5036
f 4589 313 5034
f 5036 5034 1291
f 4589 5034 5036
f 1289 5038 5029
f 5038 1291 5035
f 5029 5035 339
f 5038 5035 5029
f 1181 5036 5030
f 5036 1291 5038
f 5030 5038 1289
f 5036 5038 5030
f 313 4586 4993
f 4586 1180 4995
f 4993 4995 1280
f 4586 4995 4993
f 1180 4585 4986
f 4585 24 4983
f 4986 4983 1277
f 4585 4983 4986
f 1280 4996 4994
f 4996 1277 4984
f 4994 4984 336
f 4996 4984 4994
f 1180 4986 4995
f 4986 1277 4996
f 4995 4996 1280
f 4986 4996 4995
f 339 5040 5032
f 5040 1292 5043
f 5032 5043 1290
f 5040 5043 5032
f 1292 5039 5041
f 5039 336 4988
f 5041 4988 1278
f 5039 4988 5041
f 1290 5033 5031
f 5033 1278 4987
f 5031 4987 93
f 5033 4987 5031
f 1292 5041 5043
f 5041 1278 5033
f 5043 5033 1290
f 5041 5033 5043
f 313 4993 5034
f 4993 1280 5037
f 5034 5037 1291
f 4993 5037 5034
f 1280 4994 5042
f 4994 336 5039
f 5042 5039 1292
f 4994 5039 5042
f 1291 5044 5035
f 5044 1292 5040
f 5035 5040 339
f 5044 5040 5035
f 1280 5042 5037
f 5042 1292 5044
f 5037 5044 1291
f 5042 5044 5037
f 95 5313 5225
f 5313 1354 5315
f 5225 5315 1334
f 5313 5315 5225
f 1354 5314 5331
f 5314 352 5328
f 5331 5328 1357
f 5314 5328 5331
f 1334 5329 5226
f 5329 1357 5327
f 5226 5327 348
f 5329 5327 5226
f 1354 5331 5315
f 5331 1357 5329
f 5315 5329 1334
f 5331 5329 5315
f 352 5310 5318
f 5310 1353 5321
f 5318 5321 1355
f 5310 5321 5318
f 1353 5309 5311
f 5309 93 5000
f 5311 5000 1282
f 5309 5000 5311
f 1355 5319 5317
f 5319 1282 5001
f 5317 5001 337
f 5319 5001 5317
f 1353 5311 5321
f 5311 1282 5319
f 5321 5319 1355
f 5311 5319 5321
f 348 5232 5222
f 5232 1336 5234
f 5222 5234 1333
f 5232 5234 5222
f 1336 5231 5233
f 5231 337 4998
f 5233 4998 1281
f 5231 4998 5233
f 1333 5224 5221
f 5224 1281 4997
f 5221 4997 28
f 5224 4997 5221
f 1336 5233 5234
f 5233 1281 5224
f 5234 5224 1333
f 5233 5224 5234
f 352 5318 5328
f 5318 1355 5332
f 5328 5332 1357
f 5318 5332 5328
f 1355 5317 5320
f 5317 337 5231
f 5320 5231 1336
f 5317 5231 5320
f 1357 5330 5327
f 5330 1336 5232
f 5327 5232 348
f 5330 5232 5327
f 1355 5320 5332
f 5320 1336 5330
f 5332 5330 1357
f 5320 5330 5332
f 88 5028 5257
f 5028 1289 5260
f 5257 5260 1342
f 5028 5260 5257
f 1289 5029 5271
f 5029 339 5269
f 5271 5269 1345
f 5029 5269 5271
f 1342 5272 5258
f 5272 1345 5270
f 5258 5270 350
f 5272 5270 5258
f 1289 5271 5260
f 5271 1345 5272
f 5260 5272 1342
f 5271 5272 5260
f 339 5032 5322
f 5032 1290 5324
f 5322 5324 1356
f 5032 5324 5322
f 1290 5031 5312
f 5031 93 5309
f 5312 5309 1353
f 5031 5309 5312
f 1356 5326 5323
f 5326 1353 5310
f 5323 5310 352
f 5326 5310 5323
f 1290 5312 5324
f 5312 1353 5326
f 5324 5326 1356
f 5312 5326 5324
f 350 5333 5262
f 5333 1358 5335
f 5262 5335 1343
f 5333 5335 5262
f 1358 5334 5337
f 5334 352 5314
f 5337 5314 1354
f 5334 5314 5337
f 1343 5316 5261
f 5316 1354 5313
f 5261 5313 95
f 5316 5313 5261
f 1358 5337 5335
f 5337 1354 5316
f 5335 5316 1343
f 5337 5316 5335
f 339 5322 5269
f 5322 1356 5325
f 5269 5325 1345
f 5322 5325 5269
f 1356 5323 5338
f 5323 352 5334
f 5338 5334 1358
f 5323 5334 5338
f 1345 5336 5270
f 5336 1358 5333
f 5270 5333 350
f 5336 5333 5270
f 1356 5338 5325
f 5338 1358 5336
f 5325 5336 1345
f 5338 5336 5325
f 10 6719 5391
f 6719 1701 6721
f 5391 6721 1373
f 6719 6721 5391
f 1701 6720 6728
f 6720 437 6726
f 6728 6726 1703
f 6720 6726 6728
f 1373 6727 5392
f 6727 1703 6725
f 5392 6725 357
f 6727 6725 5392
f 1701 6728 6721
f 6728 1703 6727
f 6721 6727 1373
f 6728 6727 6721
f 437 6724 6748
f 6724 1702 6750
f 6748 6750 1710
f 6724 6750 6748
f 1702 6723 6742
f 6723 116 6740
f 6742 6740 1708
f 6723 6740 6742
f 1710 6752 6749
f 6752 1708 6741
f 6749 6741 439
f 6752 6741 6749
f 1702 6742 6750
f 6742 1708 6752
f 6750 6752 1710
f 6742 6752 6750
f 357 6743 5394
f 6743 1709 6745
f 5394 6745 1374
f 6743 6745 5394
f 1709 6744 6747
f 6744 439 6738
f 6747 6738 1707
f 6744 6738 6747
f 1374 6739 5393
f 6739 1707 6737
f 5393 6737 97
f 6739 6737 5393
f 1709 6747 6745
f 6747 1707 6739
f 6745 6739 1374
f 6747 6739 6745
f 437 6748 6726
f 6748 1710 6751
f 6726 6751 1703
f 6748 6751 6726
f 1710 6749 6753
f 6749 439 6744
f 6753 6744 1709
f 6749 6744 6753
f 1703 6746 6725
f 6746 1709 6743
f 6725 6743 357
f 6746 6743 6725
f 1710 6753 6751
f 6753 1709 6746
f 6751 6746 1703
f 6753 6746 6751
f 116 6735 7027
f 6735 1706 7029
f 7027 7029 1777
f 6735 7029 7027
f 1706 6736 7037
f 6736 438 7035
f 7037 7035 1779
f 6736 7035 7037
f 1777 7039 7028
f 7039 1779 7036
f 7028 7036 455
f 7039 7036 7028
f 1706 7037 7029
f 7037 1779 7039
f 7029 7039 1777
f 7037 7039 7029
f 438 6734 6975
f 6734 1705 6977
f 6975 6977 1765
f 6734 6977 6975
f 1705 6733 6971
f 6733 33 6969
f 6971 6969 1763
f 6733 6969 6971
f 1765 6978 6976
f 6978 1763 6970
f 6976 6970 452
f 6978 6970 6976
f 1705 6971 6977
f 6971 1763 6978
f 6977 6978 1765
f 6971 6978 6977
f 455 7046 7032
f 7046 1781 7049
f 7032 7049 1778
f 7046 7049 7032
f 1781 7045 7047
f 7045 452 6974
f 7047 6974 1764
f 7045 6974 7047
f 1778 7033 7031
f 7033 1764 6973
f 7031 6973 119
f 7033 6973 7031
f 1781 7047 7049
f 7047 1764 7033
f 7049 7033 1778
f 7047 7033 7049
f 438 6975 7035
f 6975 1765 7038
f 7035 7038 1779
f 6975 7038 7035
f 1765 6976 7048
f 6976 452 7045
f 7048 7045 1781
f 6976 7045 7048
f 1779 7050 7036
f 7050 1781 7046
f 7036 7046 455
f 7050 7046 7036
f 1765 7048 7038
f 7048 1781 7050
f 7038 7050 1779
f 7048 7050 7038
f 97 6983 5397
f 6983 1767 6985
f 5397 6985 1376
f 6983 6985 5397
f 1767 6984 6994
f 6984 453 6991
f 6994 6991 1769
f 6984 6991 6994
f 1376 6992 5398
f 6992 1769 6990
f 5398 6990 358
f 6992 6990 5398
f 1767 6994 6985
f 6994 1769 6992
f 6985 6992 1376
f 6994 6992 6985
f 453 6988 7000
f 6988 1768 7003
f 7000 7003 1771
f 6988 7003 7000
f 1768 6987 6989
f 6987 119 6959
f 6989 6959 1760
f 6987 6959 6989
f 1771 7001 6999
f 7001 1760 6960
f 6999 6960 451
f 7001 6960 6999
f 1768 6989 7003
f 6989 1760 7001
f 7003 7001 1771
f 6989 7001 7003
f 358 6961 5396
f 6961 1761 6963
f 5396 6963 1375
f 6961 6963 5396
f 1761 6962 6964
f 6962 451 6956
f 6964 6956 1759
f 6962 6956 6964
f 1375 6957 5395
f 6957 1759 6955
f 5395 6955 29
f 6957 6955 5395
f 1761 6964 6963
f 6964 1759 6957
f 6963 6957 1375
f 6964 6957 6963
f 453 7000 6991
f 7000 1771 7004
f 6991 7004 1769
f 7000 7004 6991
f 1771 6999 7002
f 6999 451 6962
f 7002 6962 1761
f 6999 6962 7002
f 1769 6993 6990
f 6993 1761 6961
f 6990 6961 358
f 6993 6961 6990
f 1771 7002 7004
f 7002 1761 6993
f 7004 6993 1769
f 7002 6993 7004
f 116 7027 6740
f 7027 1777 7030
f 6740 7030 1708
f 7027 7030 6740
f 1777 7028 7044
f 7028 455 7041
f 7044 7041 1780
f 7028 7041 7044
f 1708 7042 6741
f 7042 1780 7040
f 6741 7040 439
f 7042 7040 6741
f 1777 7044 7030
f 7044 1780 7042
f 7030 7042 1708
f 7044 7042 7030
f 455 7032 7052
f 7032 1778 7055
f 7052 7055 1782
f 7032 7055 7052
f 1778 7031 7034
f 7031 119 6987
f 7034 6987 1768
f 7031 6987 7034
f 1782 7053 7051
f 7053 1768 6988
f 7051 6988 453
f 7053 6988 7051
f 1778 7034 7055
f 7034 1768 7053
f 7055 7053 1782
f 7034 7053 7055
f 439 6995 6738
f 6995 1770 6997
f 6738 6997 1707
f 6995 6997 6738
f 1770 6996 6998
f 6996 453 6984
f 6998 6984 1767
f 6996 6984 6998
f 1707 6986 6737
f 6986 1767 6983
f 6737 6983 97
f 6986 6983 6737
f 1770 6998 6997
f 6998 1767 6986
f 6997 6986 1707
f 6998 6986 6997
f 455 7052 7041
f 7052 1782 7056
f 7041 7056 1780
f 7052 7056 7041
f 1782 7051 7054
f 7051 453 6996
f 7054 6996 1770
f 7051 6996 7054
f 1780 7043 7040
f 7043 1770 6995
f 7040 6995 439
f 7043 6995 7040
f 1782 7054 7056
f 7054 1770 7043
f 7056 7043 1780
f 7054 7043 7056
f 33 6681 6785
f 6681 1691 6787
f 6785 6787 1719
f 6681 6787 6785
f 1691 6682 6792
f 6682 434 6790
f 6792 6790 1721
f 6682 6790 6792
f 1719 6793 6786
f 6793 1721 6791
f 6786 6791 442
f 6793 6791 6786
f 1691 6792 6787
f 6792 1721 6793
f 6787 6793 1719
f 6792 6793 6787
f 434 6684 6841
f 6684 1692 6843
f 6841 6843 1733
f 6684 6843 6841
f 1692 6683 6835
f 6683 115 6833
f 6835 6833 1731
f 6683 6833 6835
f 1733 6845 6842
f 6845 1731 6834
f 6842 6834 445
f 6845 6834 6842
f 1692 6835 6843
f 6835 1731 6845
f 6843 6845 1733
f 6835 6845 6843
f 442 6851 6789
f 6851 1735 6853
f 6789 6853 1720
f 6851 6853 6789
f 1735 6852 6855
f 6852 445 6838
f 6855 6838 1732
f 6852 6838 6855
f 1720 6839 6788
f 6839 1732 6837
f 6788 6837 117
f 6839 6837 6788
f 1735 6855 6853
f 6855 1732 6839
f 6853 6839 1720
f 6855 6839 6853
f 434 6841 6790
f 6841 1733 6844
f 6790 6844 1721
f 6841 6844 6790
f 1733 6842 6856
f 6842 445 6852
f 6856 6852 1735
f 6842 6852 6856
f 1721 6854 6791
f 6854 1735 6851
f 6791 6851 442
f 6854 6851 6791
f 1733 6856 6844
f 6856 1735 6854
f 6844 6854 1721
f 6856 6854 6844
f 115 6671 6688
f 6671 1688 6690
f 6688 6690 1694
f 6671 6690 6688
f 1688 6672 6698
f 6672 433 6696
f 6698 6696 1696
f 6672 6696 6698
f 1694 6700 6689
f 6700 1696 6697
f 6689 6697 435
f 6700 6697 6689
f 1688 6698 6690
f 6698 1696 6700
f 6690 6700 1694
f 6698 6700 6690
f 433 6668 6674
f 6668 1687 6676
f 6674 6676 1689
f 6668 6676 6674
f 1687 6667 6669
f 6667 9 4225
f 6669 4225 1084
f 6667 4225 6669
f 1689 6675 6673
f 6675 1084 4226
f 6673 4226 286
f 6675 4226 6673
f 1687 6669 6676
f 6669 1084 6675
f 6676 6675 1689
f 6669 6675 6676
f 435 6692 6686
f 6692 1695 6695
f 6686 6695 1693
f 6692 6695 6686
f 1695 6691 6693
f 6691 286 4228
f 6693 4228 1085
f 6691 4228 6693
f 1693 6687 6685
f 6687 1085 4227
f 6685 4227 80
f 6687 4227 6685
f 1695 6693 6695
f 6693 1085 6687
f 6695 6687 1693
f 6693 6687 6695
f 433 6674 6696
f 6674 1689 6699
f 6696 6699 1696
f 6674 6699 6696
f 1689 6673 6694
f 6673 286 6691
f 6694 6691 1695
f 6673 6691 6694
f 1696 6701 6697
f 6701 1695 6692
f 6697 6692 435
f 6701 6692 6697
f 1689 6694 6699
f 6694 1695 6701
f 6699 6701 1696
f 6694 6701 6699
f 117 6798 6775
f 6798 1723 6800
f 6775 6800 1716
f 6798 6800 6775
f 1723 6799 6814
f 6799 443 6811
f 6814 6811 1726
f 6799 6811 6814
f 1716 6812 6776
f 6812 1726 6810
f 6776 6810 441
f 6812 6810 6776
f 1723 6814 6800
f 6814 1726 6812
f 6800 6812 1716
f 6814 6812 6800
f 443 6795 6802
f 6795 1722 6805
f 6802 6805 1724
f 6795 6805 6802
f 1722 6794 6796
f 6794 80 4231
f 6796 4231 1087
f 6794 4231 6796
f 1724 6803 6801
f 6803 1087 4232
f 6801 4232 287
f 6803 4232 6801
f 1722 6796 6805
f 6796 1087 6803
f 6805 6803 1724
f 6796 6803 6805
f 441 6778 6772
f 6778 1717 6780
f 6772 6780 1715
f 6778 6780 6772
f 1717 6777 6779
f 6777 287 4230
f 6779 4230 1086
f 6777 4230 6779
f 1715 6773 6771
f 6773 1086 4229
f 6771 4229 25
f 6773 4229 6771
f 1717 6779 6780
f 6779 1086 6773
f 6780 6773 1715
f 6779 6773 6780
f 443 6802 6811
f 6802 1724 6815
f 6811 6815 1726
f 6802 6815 6811
f 1724 6801 6804
f 6801 287 6777
f 6804 6777 1717
f 6801 6777 6804
f 1726 6813 6810
f 6813 1717 6778
f 6810 6778 441
f 6813 6778 6810
f 1724 6804 6815
f 6804 1717 6813
f 6815 6813 1726
f 6804 6813 6815
f 115 6688 6833
f 6688 1694 6836
f 6833 6836 1731
f 6688 6836 6833
f 1694 6689 6848
f 6689 435 6846
f 6848 6846 1734
f 6689 6846 6848
f 1731 6850 6834
f 6850 1734 6847
f 6834 6847 445
f 6850 6847 6834
f 1694 6848 6836
f 6848 1734 6850
f 6836 6850 1731
f 6848 6850 6836
f 435 6686 6806
f 6686 1693 6808
f 6806 6808 1725
f 6686 6808 6806
f 1693 6685 6797
f 6685 80 6794
f 6797 6794 1722
f 6685 6794 6797
f 1725 6809 6807
f 6809 1722 6795
f 6807 6795 443
f 6809 6795 6807
f 1693 6797 6808
f 6797 1722 6809
f 6808 6809 1725
f 6797 6809 6808
f 445 6858 6838
f 6858 1736 6861
f 6838 6861 1732
f 6858 6861 6838
f 1736 6857 6859
f 6857 443 6799
f 6859 6799 1723
f 6857 6799 6859
f 1732 6840 6837
f 6840 1723 6798
f 6837 6798 117
f 6840 6798 6837
f 1736 6859 6861
f 6859 1723 6840
f 6861 6840 1732
f 6859 6840 6861
f 435 6806 6846
f 6806 1725 6849
f 6846 6849 1734
f 6806 6849 6846
f 1725 6807 6860
f 6807 443 6857
f 6860 6857 1736
f 6807 6857 6860
f 1734 6862 6847
f 6862 1736 6858
f 6847 6858 445
f 6862 6858 6847
f 1725 6860 6849
f 6860 1736 6862
f 6849 6862 1734
f 6860 6862 6849
f 29 5478 5353
f 5478 1397 5480
f 5353 5480 1363
f 5478 5480 5353
f 1397 5479 5486
f 5479 364 5484
f 5486 5484 1399
f 5479 5484 5486
f 1363 5485 5354
f 5485 1399 5483
f 5354 5483 354
f 5485 5483 5354
f 1397 5486 5480
f 5486 1399 5485
f 5480 5485 1363
f 5486 5485 5480
f 364 5482 5527
f 5482 1398 5529
f 5527 5529 1409
f 5482 5529 5527
f 1398 5481 5515
f 5481 99 5513
f 5515 5513 1406
f 5481 5513 5515
f 1409 5531 5528
f 5531 1406 5514
f 5528 5514 366
f 5531 5514 5528
f 1398 5515 5529
f 5515 1406 5531
f 5529 5531 1409
f 5515 5531 5529
f 354 5517 5356
f 5517 1407 5519
f 5356 5519 1364
f 5517 5519 5356
f 1407 5518 5521
f 5518 366 5510
f 5521 5510 1405
f 5518 5510 5521
f 1364 5511 5355
f 5511 1405 5509
f 5355 5509 96
f 5511 5509 5355
f 1407 5521 5519
f 5521 1405 5511
f 5519 5511 1364
f 5521 5511 5519
f 364 5527 5484
f 5527 1409 5530
f 5484 5530 1399
f 5527 5530 5484
f 1409 5528 5532
f 5528 366 5518
f 5532 5518 1407
f 5528 5518 5532
f 1399 5520 5483
f 5520 1407 5517
f 5483 5517 354
f 5520 5517 5483
f 1409 5532 5530
f 5532 1407 5520
f 5530 5520 1399
f 5532 5520 5530
f 99 5472 5491
f 5472 1395 5493
f 5491 5493 1401
f 5472 5493 5491
f 1395 5473 5505
f 5473 363 5503
f 5505 5503 1404
f 5473 5503 5505
f 1401 5507 5492
f 5507 1404 5504
f 5492 5504 365
f 5507 5504 5492
f 1395 5505 5493
f 5505 1404 5507
f 5493 5507 1401
f 5505 5507 5493
f 363 5470 5475
f 5470 1394 5477
f 5475 5477 1396
f 5470 5477 5475
f 1394 5469 5471
f 5469 25 4204
f 5471 4204 1078
f 5469 4204 5471
f 1396 5476 5474
f 5476 1078 4205
f 5474 4205 284
f 5476 4205 5474
f 1394 5471 5477
f 5471 1078 5476
f 5477 5476 1396
f 5471 5476 5477
f 365 5495 5488
f 5495 1402 5498
f 5488 5498 1400
f 5495 5498 5488
f 1402 5494 5496
f 5494 284 4207
f 5496 4207 1079
f 5494 4207 5496
f 1400 5489 5487
f 5489 1079 4206
f 5487 4206 79
f 5489 4206 5487
f 1402 5496 5498
f 5496 1079 5489
f 5498 5489 1400
f 5496 5489 5498
f 363 5475 5503
f 5475 1396 5506
f 5503 5506 1404
f 5475 5506 5503
f 1396 5474 5497
f 5474 284 5494
f 5497 5494 1402
f 5474 5494 5497
f 1404 5508 5504
f 5508 1402 5495
f 5504 5495 365
f 5508 5495 5504
f 1396 5497 5506
f 5497 1402 5508
f 5506 5508 1404
f 5497 5508 5506
f 96 5377 5343
f 5377 1370 5379
f 5343 5379 1360
f 5377 5379 5343
f 1370 5378 5389
f 5378 356 5386
f 5389 5386 1372
f 5378 5386 5389
f 1360 5387 5344
f 5387 1372 5385
f 5344 5385 353
f 5387 5385 5344
f 1370 5389 5379
f 5389 1372 5387
f 5379 5387 1360
f 5389 5387 5379
f 356 5375 5381
f 5375 1369 5384
f 5381 5384 1371
f 5375 5384 5381
f 1369 5374 5376
f 5374 79 4198
f 5376 4198 1076
f 5374 4198 5376
f 1371 5382 5380
f 5382 1076 4199
f 5380 4199 283
f 5382 4199 5380
f 1369 5376 5384
f 5376 1076 5382
f 5384 5382 1371
f 5376 5382 5384
f 353 5350 5340
f 5350 1362 5352
f 5340 5352 1359
f 5350 5352 5340
f 1362 5349 5351
f 5349 283 4196
f 5351 4196 1075
f 5349 4196 5351
f 1359 5342 5339
f 5342 1075 4195
f 5339 4195 2
f 5342 4195 5339
f 1362 5351 5352
f 5351 1075 5342
f 5352 5342 1359
f 5351 5342 5352
f 356 5381 5386
f 5381 1371 5390
f 5386 5390 1372
f 5381 5390 5386
f 1371 5380 5383
f 5380 283 5349
f 5383 5349 1362
f 5380 5349 5383
f 1372 5388 5385
f 5388 1362 5350
f 5385 5350 353
f 5388 5350 5385
f 1371 5383 5390
f 5383 1362 5388
f 5390 5388 1372
f 5383 5388 5390
f 99 5491 5513
f 5491 1401 5516
f 5513 5516 1406
f 5491 5516 5513
f 1401 5492 5535
f 5492 365 5533
f 5535 5533 1410
f 5492 5533 5535
f 1406 5537 5514
f 5537 1410 5534
f 5514 5534 366
f 5537 5534 5514
f 1401 5535 5516
f 5535 1410 5537
f 5516 5537 1406
f 5535 5537 5516
f 365 5488 5500
f 5488 1400 5502
f 5500 5502 1403
f 5488 5502 5500
f 1400 5487 5490
f 5487 79 5374
f 5490 5374 1369
f 5487 5374 5490
f 1403 5501 5499
f 5501 1369 5375
f 5499 5375 356
f 5501 5375 5499
f 1400 5490 5502
f 5490 1369 5501
f 5502 5501 1403
f 5490 5501 5502
f 366 5523 5510
f 5523 1408 5526
f 5510 5526 1405
f 5523 5526 5510
f 1408 5522 5524
f 5522 356 5378
f 5524 5378 1370
f 5522 5378 5524
f 1405 5512 5509
f 5512 1370 5377
f 5509 5377 96
f 5512 5377 5509
f 1408 5524 5526
f 5524 1370 5512
f 5526 5512 1405
f 5524 5512 5526
f 365 5500 5533
f 5500 1403 5536
f 5533 5536 1410
f 5500 5536 5533
f 1403 5499 5525
f 5499 356 5522
f 5525 5522 1408
f 5499 5522 5525
f 1410 5538 5534
f 5538 1408 5523
f 5534 5523 366
f 5538 5523 5534
f 1403 5525 5536
f 5525 1408 5538
f 5536 5538 1410
f 5525 5538 5536
f 33 6785 6969
f 6785 1719 6972
f 6969 6972 1763
f 6785 6972 6969
f 1719 6786 6981
f 6786 442 6979
f 6981 6979 1766
f 6786 6979 6981
f 1763 6982 6970
f 6982 1766 6980
f 6970 6980 452
f 6982 6980 6970
f 1719 6981 6972
f 6981 1766 6982
f 6972 6982 1763
f 6981 6982 6972
f 442 6789 7065
f 6789 1720 7067
f 7065 7067 1785
f 6789 7067 7065
f 1720 6788 7059
f 6788 117 7057
f 7059 7057 1783
f 6788 7057 7059
f 1785 7069 7066
f 7069 1783 7058
f 7066 7058 456
f 7069 7058 7066
f 1720 7059 7067
f 7059 1783 7069
f 7067 7069 1785
f 7059 7069 7067
f 452 7075 6974
f 7075 1787 7077
f 6974 7077 1764
f 7075 7077 6974
f 1787 7076 7079
f 7076 456 7062
f 7079 7062 1784
f 7076 7062 7079
f 1764 7063 6973
f 7063 1784 7061
f 6973 7061 119
f 7063 7061 6973
f 1787 7079 7077
f 7079 1784 7063
f 7077 7063 1764
f 7079 7063 7077
f 442 7065 6979
f 7065 1785 7068
f 6979 7068 1766
f 7065 7068 6979
f 1785 7066 7080
f 7066 456 7076
f 7080 7076 1787
f 7066 7076 7080
f 1766 7078 6980
f 7078 1787 7075
f 6980 7075 452
f 7078 7075 6980
f 1785 7080 7068
f 7080 1787 7078
f 7068 7078 1766
f 7080 7078 7068
f 117 6775 6819
f 6775 1716 6821
f 6819 6821 1728
f 6775 6821 6819
f 1716 6776 6829
f 6776 441 6827
f 6829 6827 1730
f 6776 6827 6829
f 1728 6831 6820
f 6831 1730 6828
f 6820 6828 444
f 6831 6828 6820
f 1716 6829 6821
f 6829 1730 6831
f 6821 6831 1728
f 6829 6831 6821
f 441 6772 6782
f 6772 1715 6784
f 6782 6784 1718
f 6772 6784 6782
f 1715 6771 6774
f 6771 25 5469
f 6774 5469 1394
f 6771 5469 6774
f 1718 6783 6781
f 6783 1394 5470
f 6781 5470 363
f 6783 5470 6781
f 1715 6774 6784
f 6774 1394 6783
f 6784 6783 1718
f 6774 6783 6784
f 444 6823 6817
f 6823 1729 6826
f 6817 6826 1727
f 6823 6826 6817
f 1729 6822 6824
f 6822 363 5473
f 6824 5473 1395
f 6822 5473 6824
f 1727 6818 6816
f 6818 1395 5472
f 6816 5472 99
f 6818 5472 6816
f 1729 6824 6826
f 6824 1395 6818
f 6826 6818 1727
f 6824 6818 6826
f 441 6782 6827
f 6782 1718 6830
f 6827 6830 1730
f 6782 6830 6827
f 1718 6781 6825
f 6781 363 6822
f 6825 6822 1729
f 6781 6822 6825
f 1730 6832 6828
f 6832 1729 6823
f 6828 6823 444
f 6832 6823 6828
f 1718 6825 6830
f 6825 1729 6832
f 6830 6832 1730
f 6825 6832 6830
f 119 7009 6959
f 7009 1773 7011
f 6959 7011 1760
f 7009 7011 6959
f 1773 7010 7025
f 7010 454 7022
f 7025 7022 1776
f 7010 7022 7025
f 1760 7023 6960
f 7023 1776 7021
f 6960 7021 451
f 7023 7021 6960
f 1773 7025 7011
f 7025 1776 7023
f 7011 7023 1760
f 7025 7023 7011
f 454 7006 7013
f 7006 1772 7016
f 7013 7016 1774
f 7006 7016 7013
f 1772 7005 7007
f 7005 99 5481
f 7007 5481 1398
f 7005 5481 7007
f 1774 7014 7012
f 7014 1398 5482
f 7012 5482 364
f 7014 5482 7012
f 1772 7007 7016
f 7007 1398 7014
f 7016 7014 1774
f 7007 7014 7016
f 451 6966 6956
f 6966 1762 6968
f 6956 6968 1759
f 6966 6968 6956
f 1762 6965 6967
f 6965 364 5479
f 6967 5479 1397
f 6965 5479 6967
f 1759 6958 6955
f 6958 1397 5478
f 6955 5478 29
f 6958 5478 6955
f 1762 6967 6968
f 6967 1397 6958
f 6968 6958 1759
f 6967 6958 6968
f 454 7013 7022
f 7013 1774 7026
f 7022 7026 1776
f 7013 7026 7022
f 1774 7012 7015
f 7012 364 6965
f 7015 6965 1762
f 7012 6965 7015
f 1776 7024 7021
f 7024 1762 6966
f 7021 6966 451
f 7024 6966 7021
f 1774 7015 7026
f 7015 1762 7024
f 7026 7024 1776
f 7015 7024 7026
f 117 6819 7057
f 6819 1728 7060
f 7057 7060 1783
f 6819 7060 7057
f 1728 6820 7072
f 6820 444 7070
f 7072 7070 1786
f 6820 7070 7072
f 1783 7074 7058
f 7074 1786 7071
f 7058 7071 456
f 7074 7071 7058
f 1728 7072 7060
f 7072 1786 7074
f 7060 7074 1783
f 7072 7074 7060
f 444 6817 7017
f 6817 1727 7019
f 7017 7019 1775
f 6817 7019 7017
f 1727 6816 7008
f 6816 99 7005
f 7008 7005 1772
f 6816 7005 7008
f 1775 7020 7018
f 7020 1772 7006
f 7018 7006 454
f 7020 7006 7018
f 1727 7008 7019
f 7008 1772 7020
f 7019 7020 1775
f 7008 7020 7019
f 456 7082 7062
f 7082 1788 7085
f 7062 7085 1784
f 7082 7085 7062
f 1788 7081 7083
f 7081 454 7010
f 7083 7010 1773
f 7081 7010 7083
f 1784 7064 7061
f 7064 1773 7009
f 7061 7009 119
f 7064 7009 7061
f 1788 7083 7085
f 7083 1773 7064
f 7085 7064 1784
f 7083 7064 7085
f 444 7017 7070
f 7017 1775 7073
f 7070 7073 1786
f 7017 7073 7070
f 1775 7018 7084
f 7018 454 7081
f 7084 7081 1788
f 7018 7081 7084
f 1786 7086 7071
f 7086 1788 7082
f 7071 7082 456
f 7086 7082 7071
f 1775 7084 7073
f 7084 1788 7086
f 7073 7086 1786
f 7084 7086 7073

