# https://github.com/mikedh/trimesh
v 1.38340215 0.19952355 -4.10458746
v 1.32902973 0.19116613 -4.11377462
v 1.27126550 0.18177035 -4.10450346
v 1.21300602 0.17180736 -4.07723885
v 1.15717266 0.16177675 -4.03334796
v 1.10656513 0.15218149 -3.97503167
v 1.06372111 0.14350274 -3.90521420
v 1.03078897 0.13617567 -3.82739648
v 1.00942007 0.13056770 -3.74548062
v 1.00068594 0.12696004 -3.66357423
v 1.00502453 0.12553358 -3.58578443
v 1.02221831 0.12635987 -3.51601193
v 1.05140509 0.12939745 -3.45775541
v 1.09112134 0.13449403 -3.41393610
v 1.13937551 0.14139402 -3.38675128
v 1.19374793 0.14975145 -3.37756411
v 1.25151216 0.15914723 -3.38683528
v 1.30977164 0.16911022 -3.41409989
v 1.36560500 0.17914083 -3.45799077
v 1.41621253 0.18873608 -3.51630706
v 1.45905656 0.19741484 -3.58612454
v 1.49198870 0.20474191 -3.66394226
v 1.51335759 0.21034988 -3.74585812
v 1.52209173 0.21395754 -3.82776451
v 1.51775313 0.21538400 -3.90555431
v 1.50055935 0.21455771 -3.97532681
v 1.47137257 0.21152012 -4.03358333
v 1.43165632 0.20642355 -4.07740264
v 1.36890799 0.45780490 -4.08569653
v 1.31469120 0.44917638 -4.09542344
v 1.25704529 0.43888950 -4.08674738
v 1.19886084 0.42746011 -4.06010339
v 1.14305548 0.41546130 -4.01682751
v 1.09242752 0.40349476 -3.95908979
v 1.04951566 0.39216054 -3.88978543
v 1.01647167 0.38202698 -3.81238963
v 0.99495252 0.37360222 -3.73078335
v 0.98603727 0.36730871 -3.64905868
v 0.99017296 0.36346204 -3.57131361
v 1.00715223 0.36225510 -3.50144662
v 1.03612364 0.36374840 -3.44296114
v 1.07563447 0.36786706 -3.39878985
v 1.12370346 0.37440456 -3.37114771
v 1.17792025 0.38303309 -3.36142079
v 1.23556617 0.39331996 -3.37009686
v 1.29375061 0.40474936 -3.39674085
v 1.34955597 0.41674816 -3.44001672
v 1.40018393 0.42871470 -3.49775445
v 1.44309580 0.44004892 -3.56705881
v 1.47613979 0.45018248 -3.64445461
v 1.49765894 0.45860724 -3.72606088
v 1.50657419 0.46490075 -3.80778556
v 1.50243849 0.46874742 -3.88553063
v 1.48545923 0.46995437 -3.95539761
v 1.45648781 0.46846107 -4.01388310
v 1.41697698 0.46434240 -4.05805439
v 1.34769681 0.72611612 -4.04378792
v 1.29380450 0.71702509 -4.05462109
v 1.23643441 0.70504158 -4.04723820
v 1.17846331 0.69076649 -4.02200946
v 1.12279812 0.67491564 -3.98019993
v 1.07223011 0.65828386 -3.92390612
v 1.02929499 0.64170513 -3.85595085
v 0.99614569 0.62601078 -3.77974166
v 0.97444446 0.61198779 -3.69910001
v 0.96527950 0.60033934 -3.61806960
v 0.96911036 0.59164951 -3.54071365
v 0.98574497 0.58635406 -3.47091109
v 1.01434917 0.58471853 -3.41216212
v 1.05348866 0.58682492 -3.36741267
v 1.10120079 0.59256761 -3.33890664
v 1.15509310 0.60165865 -3.32807347
v 1.21246319 0.61364216 -3.33545635
v 1.27043429 0.62791725 -3.36068510
v 1.32609948 0.64376809 -3.40249463
v 1.37666749 0.66039988 -3.45878843
v 1.41960261 0.67697860 -3.52674371
v 1.45275191 0.69267295 -3.60295290
v 1.47445314 0.70669594 -3.68359455
v 1.48361810 0.71834440 -3.76462496
v 1.47978724 0.72703423 -3.84198091
v 1.46315264 0.73232967 -3.91178347
v 1.43454843 0.73396521 -3.97053244
v 1.39540895 0.73185882 -4.01528189
v 1.31900363 0.99015083 -3.98031133
v 1.26545227 0.98068561 -3.99228034
v 1.20840937 0.96710873 -3.98632084
v 1.15073529 0.95010099 -3.96273169
v 1.09532206 0.93051521 -3.92269574
v 1.04494833 0.90933353 -3.86822056
v 1.00214004 0.88761806 -3.80203775
v 0.96904379 0.86645772 -3.72746601
v 0.94731916 0.84691358 -3.64824468
v 0.93805550 0.82996566 -3.56834623
v 0.94171735 0.81646379 -3.49177712
v 0.95812108 0.80708503 -3.42237683
v 0.98644413 0.80229966 -3.36362539
v 1.02526628 0.80234763 -3.31846884
v 1.07264081 0.80722655 -3.28917152
v 1.12619217 0.81669176 -3.27720252
v 1.18323508 0.83026864 -3.28316201
v 1.24090915 0.84727639 -3.30675116
v 1.29632238 0.86686216 -3.34678712
v 1.34669611 0.88804385 -3.40126230
v 1.38950440 0.90975932 -3.46744510
v 1.42260065 0.93091966 -3.54201684
v 1.44432528 0.95046380 -3.62123818
v 1.45358894 0.96741172 -3.70113663
v 1.44992709 0.98091358 -3.77770574
v 1.43352337 0.99029235 -3.84710603
v 1.40520031 0.99507772 -3.90585747
v 1.36637817 0.99502974 -3.95101401
v 1.28288024 1.24831366 -3.89573755
v 1.22968344 1.23856396 -3.90886301
v 1.17301636 1.22350543 -3.90444666
v 1.11572052 1.20389317 -3.88270995
v 1.06066898 1.18071061 -3.84474285
v 1.01062224 1.15512024 -3.79244919
v 0.96808987 1.12840525 -3.72845120
v 0.93520460 1.10190525 -3.65595799
v 0.91361546 1.07694906 -3.57860469
v 0.90440500 1.05478808 -3.50027010
v 0.90803508 1.03653357 -3.42488226
v 0.92432366 1.02310087 -3.35622142
v 0.95245398 1.01516357 -3.29773053
v 0.99101546 1.01311966 -3.25234256
v 1.03807447 1.01707164 -3.22233345
v 1.09127127 1.02682134 -3.20920799
v 1.14793835 1.04187987 -3.21362435
v 1.20523419 1.06149214 -3.23536106
v 1.26028574 1.08467469 -3.27332816
v 1.31033247 1.11026507 -3.32562181
v 1.35286485 1.13698006 -3.38961981
v 1.38575011 1.16348006 -3.46211302
v 1.40733925 1.18843625 -3.53946632
v 1.41654971 1.21059722 -3.61780090
v 1.41291964 1.22885173 -3.69318875
v 1.39663105 1.24228443 -3.76184958
v 1.36850073 1.25022174 -3.82034048
v 1.32993925 1.25226564 -3.86572845
v 1.23942950 1.49905234 -3.79067970
v 1.18659797 1.48910840 -3.80497331
v 1.13035235 1.47268748 -3.80220876
v 1.07351303 1.45061299 -3.78252469
v 1.01893018 1.42399183 -3.74690814
v 0.96934080 1.39415891 -3.69714507
v 0.92723151 1.36261017 -3.63573080
v 0.89471385 1.33092760 -3.56574491
v 0.87341840 1.30069989 -3.49069678
v 0.86441298 1.27344279 -3.41434964
v 0.86814918 1.25052307 -3.34053185
v 0.88443964 1.23309004 -3.27294494
v 0.91246750 1.22201786 -3.21497800
v 0.95082731 1.21786172 -3.16953775
v 0.99759556 1.22083005 -3.13890273
v 1.05042709 1.23077399 -3.12460913
v 1.10667271 1.24719491 -3.12737367
v 1.16351203 1.26926940 -3.14705774
v 1.21809489 1.29589056 -3.18267429
v 1.26768427 1.32572348 -3.23243737
v 1.30979355 1.35727222 -3.29385163
v 1.34231121 1.38895479 -3.36383752
v 1.36360667 1.41918250 -3.43888565
v 1.37261208 1.44643961 -3.51523280
v 1.36887588 1.46935932 -3.58905059
v 1.35258542 1.48679235 -3.65663750
v 1.32455757 1.49786453 -3.71460443
v 1.28619775 1.50202067 -3.76004469
v 1.18880471 1.74086910 -3.66588830
v 1.13634618 1.73082096 -3.68135286
v 1.08056441 1.71316351 -3.68033722
v 1.02425652 1.68878218 -3.66289230
v 0.97024604 1.65889954 -3.62989286
v 0.92124126 1.62501403 -3.58299363
v 0.87969950 1.58882482 -3.52454633
v 0.84770383 1.55214658 -3.45748176
v 0.82685865 1.51681851 -3.38516282
v 0.81820922 1.48461212 -3.31121587
v 0.82218926 1.45714235 -3.23934893
v 0.83859920 1.43578667 -3.17316570
v 0.86661617 1.42161593 -3.11598490
v 0.90483528 1.41534072 -3.07067379
v 0.95134007 1.41727570 -3.03950447
v 1.00379860 1.42732384 -3.02403991
v 1.05958037 1.44498129 -3.02505555
v 1.11588825 1.46936262 -3.04250048
v 1.16989874 1.49924526 -3.07549992
v 1.21890351 1.53313077 -3.12239915
v 1.26044527 1.56931998 -3.18084644
v 1.29244094 1.60599822 -3.24791101
v 1.31328612 1.64132629 -3.32022995
v 1.32193555 1.67353268 -3.39417690
v 1.31795551 1.70100245 -3.46604384
v 1.30154558 1.72235813 -3.53222707
v 1.27352861 1.73652887 -3.58940788
v 1.23530950 1.74280408 -3.63471898
v 1.13120847 1.97233170 -3.52224518
v 1.07912771 1.96226841 -3.53887479
v 1.02384871 1.94350594 -3.53969315
v 0.96814339 1.91698514 -3.52465924
v 0.91480504 1.88403584 -3.49452692
v 0.86650829 1.84631029 -3.45080715
v 0.82567492 1.80570018 -3.39569221
v 0.79435249 1.76424189 -3.33194581
v 0.77411164 1.72401430 -3.26276446
v 0.76596733 1.68703459 -3.19161719
v 0.77032795 1.65515709 -3.12207162
v 0.78697485 1.62998025 -3.05761507
v 0.81507326 1.61276656 -3.00147965
v 0.85321424 1.60437917 -2.95648023
v 0.89948521 1.60523868 -2.92487327
v 0.95156598 1.61530197 -2.90824366
v 1.00684498 1.63406443 -2.90742530
v 1.06255030 1.66058524 -2.92245921
v 1.11588864 1.69353453 -2.95259153
v 1.16418540 1.73126009 -2.99631130
v 1.20501877 1.77187019 -3.05142624
v 1.23634120 1.81332849 -3.11517264
v 1.25658205 1.85355608 -3.18435399
v 1.26472636 1.89053578 -3.25550126
v 1.26036573 1.92241329 -3.32504683
v 1.24371884 1.94759013 -3.38950338
v 1.21562042 1.96480382 -3.44563880
v 1.17747945 1.97319121 -3.49063822
v 1.06689130 2.19208387 -3.36075640
v 1.01519008 2.18209274 -3.37853662
v 0.96044910 2.16236141 -3.38126179
v 0.90541331 2.13387930 -3.36879529
v 0.85284242 2.09807462 -3.34176221
v 0.80537256 2.05674277 -3.30151813
v 0.76538407 2.01195630 -3.25008104
v 0.73488213 1.96596099 -3.19003021
v 0.71539625 1.92106324 -3.12437685
v 0.70790353 1.87951440 -3.05641309
v 0.71277968 1.84339791 -2.98954691
v 0.72978019 1.81452480 -2.92713126
v 0.75805258 1.79434290 -2.87229593
v 0.79617917 1.78386419 -2.82779059
v 0.84224811 1.78361414 -2.79584691
v 0.89394933 1.79360528 -2.77806670
v 0.94869031 1.81333660 -2.77534152
v 1.00372611 1.84181871 -2.78780803
v 1.05629700 1.87762339 -2.81484110
v 1.10376686 1.91895524 -2.85508519
v 1.14375535 1.96374171 -2.90652228
v 1.17425728 2.00973702 -2.96657310
v 1.19374316 2.05463478 -3.03222647
v 1.20123589 2.09618361 -3.10019023
v 1.19635974 2.13230010 -3.16705641
v 1.17935923 2.16117321 -3.22947206
v 1.15108683 2.18135512 -3.28430739
v 1.11296025 2.19183382 -3.32881273
v 0.99614968 2.39885508 -3.18254413
v 0.94482685 2.38902094 -3.20145231
v 0.89065532 2.36846056 -3.20614457
v 0.83635149 2.33820491 -3.19638565
v 0.78463839 2.29977115 -3.17266489
v 0.73810911 2.25508650 -3.13617174
v 0.69909683 2.20639164 -3.08873613
v 0.66955780 2.15612833 -3.03273668
v 0.65097322 2.10681699 -2.97098143
v 0.64427500 2.06093028 -2.90656705
v 0.64979901 2.02076917 -2.84272355
v 0.66726827 1.98834749 -2.78265230
v 0.69580678 1.96529101 -2.72936553
v 0.73398352 1.95275588 -2.68553525
v 0.77988412 1.95137065 -2.65335931
v 0.83120696 1.96120479 -2.63445114
v 0.88537849 1.98176518 -2.62975887
v 0.93968232 2.01202082 -2.63951780
v 0.99139542 2.05045458 -2.66323856
v 1.03792470 2.09513923 -2.69973171
v 1.07693697 2.14383409 -2.74716731
v 1.10647601 2.19409740 -2.80316677
v 1.12506059 2.24340875 -2.86492201
v 1.13175881 2.28929545 -2.92933639
v 1.12623479 2.32945657 -2.99317990
v 1.10876554 2.36187824 -3.05325115
v 1.08022703 2.38493472 -3.10653792
v 1.04205029 2.39746986 -3.15036819
v 0.91932390 2.59146961 -2.98883765
v 0.86837540 2.58187414 -3.00884328
v 0.81480080 2.56062714 -3.01555027
v 0.76128656 2.52879404 -3.00862230
v 0.71051610 2.48797107 -2.98840676
v 0.66503525 2.44020527 -2.95591735
v 0.62712463 2.38789182 -2.91278322
v 0.59868523 2.33365392 -2.86116730
v 0.58114312 2.28021131 -2.80365782
v 0.57537793 2.23024380 -2.74313856
v 0.58167876 2.18625699 -2.68264419
v 0.59972965 2.15045655 -2.62520816
v 0.62862546 2.12463767 -2.57371056
v 0.66691723 2.11009501 -2.53073368
v 0.71268485 2.10755780 -2.49843257
v 0.76363335 2.11715328 -2.47842694
v 0.81720794 2.13840027 -2.47171995
v 0.87072219 2.17023338 -2.47864792
v 0.92149265 2.21105635 -2.49886346
v 0.96697349 2.25882215 -2.53135287
v 1.00488411 2.31113560 -2.57448700
v 1.03332352 2.36537349 -2.62610292
v 1.05086563 2.41881611 -2.68361240
v 1.05663082 2.46878361 -2.74413166
v 1.05032999 2.51277042 -2.80462603
v 1.03227910 2.54857086 -2.86206205
v 1.00338329 2.57438975 -2.91355966
v 0.96509152 2.58893241 -2.95653654
v 0.83679541 2.76885476 -2.78096353
v 0.78621443 2.75957580 -2.80202871
v 0.73326019 2.73778628 -2.81078536
v 0.68058803 2.70457881 -2.80679439
v 0.63083915 2.66161856 -2.79025591
v 0.58650818 2.61105973 -2.76199925
v 0.54981805 2.55543756 -2.72344130
v 0.52260855 2.49754116 -2.67651553
v 0.50624409 2.44027372 -2.62357498
v 0.50154525 2.38650685 -2.56727432
v 0.50874765 2.33893665 -2.51043669
v 0.52749013 2.29994850 -2.45591218
v 0.55683286 2.27149741 -2.40643487
v 0.59530448 2.25501005 -2.36448575
v 0.64097585 2.25131316 -2.33216834
v 0.69155683 2.26059212 -2.31110316
v 0.74451108 2.28238164 -2.30234651
v 0.79718324 2.31558911 -2.30633748
v 0.84693211 2.35854936 -2.32287595
v 0.89126309 2.40910819 -2.35113262
v 0.92795322 2.46473036 -2.38969056
v 0.95516271 2.52262676 -2.43661634
v 0.97152717 2.57989420 -2.48955689
v 0.97622601 2.63366107 -2.54585755
v 0.96902361 2.68123127 -2.60269518
v 0.95028114 2.72021942 -2.65721969
v 0.92093841 2.74867051 -2.70669700
v 0.88246679 2.76515787 -2.74864612
v 0.74898402 2.93004821 -2.56033507
v 0.69876105 2.92115917 -2.58241496
v 0.64644646 2.89897185 -2.59324360
v 0.59466353 2.86459881 -2.59227799
v 0.54600887 2.81976366 -2.57956655
v 0.50292223 2.76671464 -2.55574669
v 0.46756415 2.70811182 -2.52201283
v 0.44170763 2.64689381 -2.48005653
v 0.42664923 2.58613033 -2.43198165
v 0.42314404 2.52886832 -2.38019887
v 0.43136783 2.47797913 -2.32730479
v 0.45090821 2.43601456 -2.27595175
v 0.48078536 2.40507888 -2.22871479
v 0.51950110 2.38672335 -2.18796259
v 0.56511407 2.38186838 -2.15573862
v 0.61533705 2.39075742 -2.13365872
v 0.66765163 2.41294475 -2.12283008
v 0.71943456 2.44731778 -2.12379569
v 0.76808923 2.49215293 -2.13650713
v 0.81117587 2.54520196 -2.16032700
v 0.84653395 2.60380477 -2.19406086
v 0.87239046 2.66502278 -2.23601716
v 0.88744886 2.72578626 -2.28409204
v 0.89095405 2.78304827 -2.33587482
v 0.88273027 2.83393746 -2.38876889
v 0.86318988 2.87590204 -2.44012194
v 0.83331274 2.90683771 -2.48735889
v 0.79459699 2.92519324 -2.52811110
v 0.65634463 3.07420448 -2.32844111
v 0.60646761 3.06577374 -2.35148453
v 0.55480783 3.04333300 -2.36439501
v 0.50395571 3.00800754 -2.36652517
v 0.45646121 2.96156872 -2.35776820
v 0.41470589 2.90634518 -2.33856321
v 0.38078354 2.84510606 -2.30987320
v 0.35639516 2.78092215 -2.27313683
v 0.34276369 2.71701189 -2.23019620
v 0.34057268 2.65658001 -2.18320454
v 0.34993198 2.60265681 -2.13451821
v 0.37037228 2.55794624 -2.08657854
v 0.40086862 2.52469026 -2.04178942
v 0.43989179 2.50455648 -2.00239678
v 0.48548500 2.49855447 -1.97037591
v 0.53536202 2.50698522 -1.94733249
v 0.58702180 2.52942596 -1.93442201
v 0.63787391 2.56475142 -1.93229184
v 0.68536842 2.61119023 -1.94104882
v 0.72712374 2.66641377 -1.96025381
v 0.76104609 2.72765289 -1.98894382
v 0.78543447 2.79183681 -2.02568019
v 0.79906593 2.85574707 -2.06862082
v 0.80125695 2.91617895 -2.11561248
v 0.79189765 2.97010214 -2.16429881
v 0.77145735 3.01481271 -2.21223848
v 0.74096101 3.04806869 -2.25702760
v 0.70193784 3.06820248 -2.29642024
v 0.55936377 3.20060029 -2.08683426
v 0.50981829 3.19269070 -2.11078427
v 0.45882430 3.17013964 -2.12577424
v 0.40893888 3.13407791 -2.13105250
v 0.36266347 3.08631381 -2.12635439
v 0.32231853 3.02924241 -2.11191548
v 0.28992712 2.96572553 -2.08845981
v 0.26711347 2.89894816 -2.05716354
v 0.25502157 2.83225879 -2.01959598
v 0.25425774 2.76900152 -1.97764095
v 0.26486029 2.71234832 -1.93340224
v 0.28629756 2.66514002 -1.88909816
v 0.31749460 2.62974385 -1.84695030
v 0.35688706 2.60793472 -1.80907214
v 0.40249964 2.60080622 -1.77736304
v 0.45204513 2.60871581 -1.75341303
v 0.50303911 2.63126687 -1.73842306
v 0.55292454 2.66732860 -1.73314479
v 0.59919994 2.71509271 -1.73784291
v 0.63954488 2.77216410 -1.75228181
v 0.67193630 2.83568098 -1.77573749
v 0.69474994 2.90245836 -1.80703376
v 0.70684185 2.96914772 -1.84460131
v 0.70760568 3.03240499 -1.88655635
v 0.69700313 3.08905819 -1.93079506
v 0.67556586 3.13626649 -1.97509914
v 0.64436881 3.17166266 -2.01724700
v 0.60497635 3.19347179 -2.05512516
v 0.45855598 3.30863901 -1.83711879
v 0.40932539 3.30130743 -1.86191337
v 0.35900408 3.27878692 -1.87896857
v 0.31011536 3.24220675 -1.88742915
v 0.26511072 3.19340122 -1.88687088
v 0.22624689 3.13481762 -1.87732174
v 0.19547265 3.06939359 -1.85926058
v 0.17433115 3.00040976 -1.83359305
v 0.16388252 2.93132527 -1.80160622
v 0.16465069 2.86560431 -1.76490407
v 0.17659715 2.80654238 -1.72532697
v 0.19912286 2.75710112 -1.68485950
v 0.23109826 2.71975971 -1.64553086
v 0.27092000 2.69639060 -1.60931315
v 0.31659124 2.68816561 -1.57802248
v 0.36582182 2.69549720 -1.55322790
v 0.41614314 2.71801770 -1.53617271
v 0.46503185 2.75459787 -1.52771212
v 0.51003649 2.80340341 -1.52827039
v 0.54890033 2.86198700 -1.53781953
v 0.57967457 2.92741103 -1.55588069
v 0.60081606 2.99639486 -1.58154823
v 0.61126469 3.06547935 -1.61353505
v 0.61049652 3.13120032 -1.65023721
v 0.59855006 3.19026224 -1.68981430
v 0.57602436 3.23970350 -1.73028178
v 0.54404895 3.27704492 -1.76961042
v 0.50422721 3.30041403 -1.80582813
v 0.35445980 3.39785396 -1.58093808
v 0.30552550 3.39115085 -1.60651083
v 0.25587966 3.36879867 -1.62560551
v 0.20801175 3.33191823 -1.63726463
v 0.16432205 3.28235889 -1.64090355
v 0.12700135 3.22260576 -1.63633980
v 0.09792107 3.15565510 -1.62380222
v 0.07853941 3.08486410 -1.60391951
v 0.06982825 3.01378252 -1.57768866
v 0.07222441 2.94597469 -1.54642500
v 0.08560773 2.88484077 -1.51169622
v 0.10930711 2.83344627 -1.47524376
v 0.14213418 2.79436833 -1.43889551
v 0.18244284 2.76956648 -1.40447411
v 0.22821184 2.76028439 -1.37370560
v 0.27714615 2.76698749 -1.34813284
v 0.32679199 2.78933968 -1.32903816
v 0.37465990 2.82622011 -1.31737904
v 0.41834960 2.87577945 -1.31374012
v 0.45567030 2.93553259 -1.31830388
v 0.48475058 3.00248325 -1.33084145
v 0.50413224 3.07327424 -1.35072417
v 0.51284339 3.14435582 -1.37695502
v 0.51044724 3.21216366 -1.40821868
v 0.49706392 3.27329758 -1.44294746
v 0.47336453 3.32469208 -1.47939992
v 0.44053747 3.36377002 -1.51574817
v 0.40022881 3.38857187 -1.55016957
v 0.24763382 3.46791068 -1.31996192
v 0.19897539 3.46187978 -1.34624282
v 0.15000387 3.43982975 -1.36734027
v 0.10317487 3.40286625 -1.38219634
v 0.06083661 3.35284279 -1.39006610
v 0.02511210 3.29226777 -1.39055492
v -0.00220728 3.22417865 -1.38363829
v -0.01975163 3.15198972 -1.36966304
v -0.02664120 3.07932083 -1.34932995
v -0.02253052 3.00981590 -1.32365859
v -0.00762570 2.94696020 -1.29393625
v 0.01732584 2.89390558 -1.26165332
v 0.05107296 2.85331241 -1.22842861
v 0.09192341 2.82721621 -1.19592814
v 0.13782879 2.81692555 -1.16578161
v 0.18648721 2.82295644 -1.13950071
v 0.23545874 2.84500648 -1.11840326
v 0.28228773 2.88196997 -1.10354719
v 0.32462599 2.93199343 -1.09567743
v 0.36035050 2.99256846 -1.09518861
v 0.38766989 3.06065757 -1.10210524
v 0.40521424 3.13284650 -1.11608049
v 0.41210380 3.20551539 -1.13641359
v 0.40799312 3.27502032 -1.16208494
v 0.39308831 3.33787602 -1.19180728
v 0.36813676 3.39093064 -1.22409021
v 0.33438965 3.43152381 -1.25731492
v 0.29353920 3.45762001 -1.28981540
v 0.13865237 3.51860806 -1.05587377
v 0.09024790 3.51328612 -1.08278992
v 0.04194567 3.49166733 -1.10584298
v -0.00383226 3.45483572 -1.12387697
v -0.04479038 3.40463820 -1.13598759
v -0.07887489 3.34359188 -1.14156756
v -0.10437663 3.27475787 -1.14033707
v -0.12001686 3.20158780 -1.13235784
v -0.12501131 3.12775073 -1.11802997
v -0.11910952 3.05694915 -1.09807192
v -0.10260745 2.99273334 -1.07348447
v -0.07633257 2.93832336 -1.04550055
v -0.04160241 2.89644756 -1.01552337
v -0.00015850 2.86920575 -0.98505612
v 0.04592100 2.85796396 -0.95562656
v 0.09432546 2.86328589 -0.92871040
v 0.14262770 2.88490469 -0.90565734
v 0.18840562 2.92173629 -0.88762335
v 0.22936375 2.97193381 -0.87551273
v 0.26344825 3.03298014 -0.86993277
v 0.28895000 3.10181414 -0.87116325
v 0.30459023 3.17498421 -0.87914248
v 0.30958467 3.24882129 -0.89347035
v 0.30368289 3.31962287 -0.91342840
v 0.28718081 3.38383867 -0.93801585
v 0.26090593 3.43824865 -0.96599978
v 0.22617578 3.48012446 -0.99597696
v 0.18473187 3.50736627 -1.02644420
v 0.02810133 3.54987842 -0.79035789
v -0.02007240 3.54529501 -0.81783434
v -0.06771406 3.52423107 -0.84278608
v -0.11243471 3.48774283 -0.86396191
v -0.15199186 3.43765998 -0.88029999
v -0.18440196 3.37649387 -0.89098106
v -0.20803982 3.30731163 -0.89546952
v -0.22172014 3.23358234 -0.89354032
v -0.22475694 3.15900310 -0.88529018
v -0.21699793 3.08731362 -0.87113280
v -0.19883220 3.02210871 -0.85177810
v -0.17117063 2.96665803 -0.82819659
v -0.13540031 2.92374209 -0.80157075
v -0.09331489 2.89551288 -0.77323572
v -0.04702473 2.88338594 -0.74461233
v 0.00114900 2.88796935 -0.71713588
v 0.04879066 2.90903329 -0.69218414
v 0.09351131 2.94552152 -0.67100831
v 0.13306846 2.99560438 -0.65467023
v 0.16547855 3.05677049 -0.64398916
v 0.18911641 3.12595273 -0.63950070
v 0.20279674 3.19968202 -0.64142990
v 0.20583353 3.27426126 -0.64968004
v 0.19807453 3.34595074 -0.66383742
v 0.17990879 3.41115565 -0.68319212
v 0.15224723 3.46660633 -0.70677363
v 0.11647690 3.50952227 -0.73339947
v 0.07439149 3.53775148 -0.76173450
v -0.08342627 3.56178647 -0.52508674
v -0.13139350 3.55796384 -0.55304729
v -0.17838684 3.53757223 -0.57983166
v -0.22204986 3.50163417 -0.60409677
v -0.26019311 3.45195174 -0.62462586
v -0.29090393 3.39101624 -0.64038952
v -0.31264235 3.32188320 -0.65059730
v -0.32431831 3.24801927 -0.65473733
v -0.32534634 3.17312828 -0.65260202
v -0.31567487 3.10096558 -0.64429843
v -0.29578890 3.03514970 -0.63024296
v -0.26668556 2.97898094 -0.61114039
v -0.22982424 2.93527583 -0.58794860
v -0.18705331 2.90622592 -0.56183054
v -0.14051748 2.89328790 -0.53409587
v -0.09255026 2.89711054 -0.50613532
v -0.04555691 2.91750215 -0.47935095
v -0.00189389 2.95344021 -0.45508585
v 0.03624936 3.00312263 -0.43455675
v 0.06696018 3.06405814 -0.41879309
v 0.08869859 3.13319117 -0.40858531
v 0.10037456 3.20705511 -0.40444528
v 0.10140258 3.28194610 -0.40658059
v 0.09173112 3.35410880 -0.41488418
v 0.07184514 3.41992467 -0.42893965
v 0.04274181 3.47609343 -0.44804223
v 0.00588049 3.51979854 -0.47123401
v -0.03689044 3.54884845 -0.49735207
v -0.19533460 3.55452720 -0.26170854
v -0.24312030 3.55148025 -0.29007655
v -0.28948090 3.53187170 -0.31861916
v -0.33209168 3.49668481 -0.34590513
v -0.36881598 3.44768399 -0.37056623
v -0.39781226 3.38732635 -0.39136584
v -0.41762655 3.31863848 -0.40726098
v -0.42726527 3.24506466 -0.41745461
v -0.42624509 3.17029420 -0.42143557
v -0.41461718 3.09807640 -0.41900425
v -0.39296459 3.03203257 -0.41028255
v -0.36237309 2.97547441 -0.39570783
v -0.32437666 2.93123799 -0.37601092
v -0.28088059 2.90154151 -0.35217950
v -0.23406597 2.88787408 -0.32540858
v -0.18628028 2.89092103 -0.29704057
v -0.13991968 2.91052957 -0.26849796
v -0.09730889 2.94571647 -0.24121199
v -0.06058460 2.99471728 -0.21655089
v -0.03158831 3.05507492 -0.19575128
v -0.01177402 3.12376280 -0.17985614
v -0.00213530 3.19733662 -0.16966251
v -0.00315548 3.27210708 -0.16568155
v -0.01478340 3.34432487 -0.16811287
v -0.03643598 3.41036871 -0.17683457
v -0.06702748 3.46692687 -0.19140929
v -0.10502392 3.51116328 -0.21110620
v -0.14851998 3.54085976 -0.23493762
v -0.30702935 3.52842275 -0.00183517
v -0.35465896 3.52615908 -0.03053440
v -0.40040550 3.50743703 -0.06075332
v -0.44197504 3.47319541 -0.09097662
v -0.47728312 3.42515124 -0.11968877
v -0.50455924 3.36571365 -0.14545004
v -0.52243566 3.29786308 -0.16696864
v -0.53001599 3.22500186 -0.18316554
v -0.52692012 3.15078354 -0.19322856
v -0.51330327 3.07892974 -0.19665309
v -0.48984827 3.01304352 -0.19326743
v -0.45773124 2.95642867 -0.18324133
v -0.41856267 2.91192412 -0.16707755
v -0.37430662 2.88176149 -0.14558661
v -0.32718229 2.86745328 -0.11984616
v -0.27955269 2.86971695 -0.09114692
v -0.23380615 2.88843900 -0.06092800
v -0.19223661 2.92268062 -0.03070471
v -0.15692853 2.97072479 -0.00199255
v -0.12965241 3.03016239 0.02376871
v -0.11177598 3.09801295 0.04528731
v -0.10419566 3.17087418 0.06148421
v -0.10729153 3.24509249 0.07154723
v -0.12090837 3.31694629 0.07497177
v -0.14436338 3.38283252 0.07158610
v -0.17648040 3.43944736 0.06156000
v -0.21564898 3.48395191 0.04539623
v -0.25990502 3.51411454 0.02390529
v -0.41792204 3.48391827 0.25296945
v -0.46542117 3.48243826 0.22401401
v -0.51057519 3.46469842 0.19220744
v -0.55111988 3.43158829 0.15914465
v -0.58502217 3.38476815 0.12648355
v -0.61058206 3.32658577 0.09586190
v -0.62651786 3.25995864 0.06881520
v -0.63203049 3.18822774 0.04669969
v -0.62684352 3.11498995 0.03062432
v -0.61121704 3.04391771 0.02139519
v -0.58593464 2.97857490 0.01947508
v -0.55226408 2.92223806 0.02496027
v -0.51189375 2.87773216 0.03757571
v -0.46684797 2.84728892 0.05668882
v -0.41938553 2.83243488 0.08134118
v -0.37188640 2.83391489 0.11029662
v -0.32673238 2.85165474 0.14210319
v -0.28618769 2.88476487 0.17516598
v -0.25228540 2.93158500 0.20782708
v -0.22672551 2.98976739 0.23844873
v -0.21078971 3.05639451 0.26549543
v -0.20527708 3.12812541 0.28761094
v -0.21046406 3.20136321 0.30368631
v -0.22609053 3.27243544 0.31291544
v -0.25137293 3.33777826 0.31483555
v -0.28504349 3.39411510 0.30935036
v -0.32541383 3.43862099 0.29673492
v -0.37045960 3.46906424 0.27762181
v -0.52743416 3.42157684 0.50120042
v -0.57482831 3.42087385 0.47206179
v -0.61941395 3.40420377 0.43876206
v -0.65895538 3.37240252 0.40297103
v -0.69146982 3.32706474 0.36648340
v -0.71532686 3.27046386 0.33112881
v -0.72933022 3.20543808 0.29868010
v -0.73277770 3.13524807 0.27076438
v -0.72549644 3.06341344 0.24878145
v -0.70785155 2.99353629 0.23383364
v -0.68072781 2.92912054 0.22667048
v -0.64548532 2.87339627 0.22765118
v -0.60389129 2.82915774 0.23672655
v -0.55803142 2.79862324 0.25344151
v -0.51020532 2.78332389 0.27695792
v -0.46281117 2.78402689 0.30609655
v -0.41822553 2.80069696 0.33939628
v -0.37868410 2.83249821 0.37518731
v -0.34616966 2.87783599 0.41167494
v -0.32231262 2.93443687 0.44702953
v -0.30830926 2.99946265 0.47947824
v -0.30486178 3.06965267 0.50739396
v -0.31214304 3.14148730 0.52937689
v -0.32978793 3.21136445 0.54432470
v -0.35691167 3.27578020 0.55148786
v -0.39215416 3.33150446 0.55050716
v -0.43374819 3.37574300 0.54143179
v -0.47960806 3.40627750 0.52471683
v -0.63500126 3.34207345 0.74142238
v -0.68231551 3.34213407 0.71217076
v -0.72635924 3.32661291 0.67747732
v -0.76492391 3.29628826 0.63908172
v -0.79607574 3.25268072 0.59890928
v -0.81825264 3.19797697 0.55897442
v -0.83034257 3.13492007 0.52127963
v -0.83173928 3.06667196 0.48771509
v -0.82237275 2.99665489 0.45996386
v -0.80271265 2.92837980 0.43941751
v -0.77374481 2.86527029 0.42710632
v -0.73692181 2.81049094 0.42364762
v -0.69409011 2.76678861 0.42921485
v -0.64739746 2.73635472 0.44352883
v -0.59918523 2.72071535 0.46587182
v -0.55187099 2.72065473 0.49512343
v -0.50782726 2.73617589 0.52981688
v -0.46926258 2.76650054 0.56821247
v -0.43811075 2.81010807 0.60838491
v -0.41593385 2.86481183 0.64831978
v -0.40384393 2.92786873 0.68601457
v -0.40244721 2.99611684 0.71957911
v -0.41181374 3.06613391 0.74733033
v -0.43147385 3.13440900 0.76787668
v -0.46044168 3.19751851 0.78018787
v -0.49726468 3.25229786 0.78364657
v -0.54009639 3.29600019 0.77807935
v -0.58678903 3.32643408 0.76376536
v -0.74007681 3.24618820 0.97227916
v -0.78733554 3.24699261 0.94298124
v -0.83086585 3.23269085 0.90699755
v -0.86848494 3.20400009 0.86613248
v -0.89830644 3.16235899 0.82243517
v -0.91883497 3.10985562 0.77809678
v -0.92904114 3.04912270 0.73534063
v -0.92841317 2.98320565 0.69631068
v -0.91698256 2.91540982 0.66296407
v -0.89532247 2.84913477 0.63697293
v -0.86451905 2.78770381 0.61964057
v -0.82611690 2.73419735 0.61183609
v -0.78204166 2.69129843 0.61395086
v -0.73450345 2.66115817 0.62587883
v -0.68588604 2.64528794 0.64702187
v -0.63862731 2.64448353 0.67631980
v -0.59509700 2.65878528 0.71230349
v -0.55747790 2.68747604 0.75316856
v -0.52765641 2.72911714 0.79686587
v -0.50712788 2.78162052 0.84120426
v -0.49692171 2.84235343 0.88396041
v -0.49754968 2.90827049 0.92299036
v -0.50898029 2.97606632 0.95633697
v -0.53064038 3.04234137 0.98232811
v -0.56144380 3.10377232 0.99966047
v -0.59984595 3.15727878 1.00746495
v -0.64392119 3.20017771 1.00535018
v -0.69145940 3.23031796 0.99342221
v -0.84213588 3.13479871 1.19250282
v -0.88936252 3.13632106 1.16322099
v -0.93240963 3.12330043 1.12605365
v -0.96911865 3.09638974 1.08286452
v -0.99764884 3.05693839 1.03581928
v -1.01656957 3.00692466 0.98727698
v -1.02493208 2.94885642 0.93967173
v -1.02231704 2.88564547 0.89539066
v -1.00885558 2.82046147 0.85665420
v -0.98522271 2.75657301 0.82540477
v -0.95260348 2.69718373 0.80320934
v -0.91263356 2.64527166 0.79118088
v -0.86731720 2.60343988 0.78992254
v -0.81892676 2.57378602 0.79949744
v -0.76988873 2.55779703 0.81942544
v -0.72266209 2.55627469 0.84870726
v -0.67961498 2.56929532 0.88587460
v -0.64290596 2.59620601 0.92906374
v -0.61437578 2.63565735 0.97610897
v -0.59545504 2.68567109 1.02465127
v -0.58709253 2.74373933 1.07225652
v -0.58970757 2.80695028 1.11653759
v -0.60316904 2.87213428 1.15527405
v -0.62680191 2.93602274 1.18652348
v -0.65942114 2.99541201 1.20871891
v -0.69939106 3.04732409 1.22074738
v -0.74470742 3.08915587 1.22200571
v -0.79309786 3.11880973 1.21243081
v -0.94067863 3.00887187 1.40092159
v -0.98789534 3.01108076 1.37171336
v -1.03049089 2.99939413 1.33347114
v -1.06632936 2.97439801 1.28811255
v -1.09361367 2.93734580 1.23791207
v -1.11097567 2.89009545 1.18538696
v -1.11754476 2.83501629 1.13317104
v -1.11299152 2.77487023 1.08388264
v -1.09754429 2.71267324 1.03999329
v -1.07197764 2.65154412 1.00370378
v -1.03757360 2.59454817 0.97683382
v -0.99605734 2.54454338 0.96073077
v -0.94951064 2.50403720 0.95620212
v -0.90026756 2.47506080 0.96347496
v -0.85079734 2.45906716 0.98218458
v -0.80358064 2.45685827 1.01139281
v -0.76098509 2.46854489 1.04963503
v -0.72514661 2.49354102 1.09499362
v -0.69786230 2.53059323 1.14519410
v -0.68050030 2.57784358 1.19771921
v -0.67393122 2.63292273 1.24993513
v -0.67848445 2.69306880 1.29922353
v -0.69393169 2.75526579 1.34311288
v -0.71949833 2.81639490 1.37940239
v -0.75390237 2.87339086 1.40627235
v -0.79541864 2.92339565 1.42237540
v -0.84196534 2.96390182 1.42690405
v -0.89120842 2.99287823 1.41963121
v -1.03523348 2.86945492 1.59646715
v -1.08246090 2.87231396 1.56738447
v -1.12463763 2.86200542 1.52817743
v -1.15964874 2.83904620 1.48081202
v -1.18573865 2.80458758 1.42766336
v -1.20159908 2.76035746 1.37139653
v -1.20643474 2.70857372 1.31483299
v -1.20000314 2.65183302 1.26080907
v -1.18262679 2.59298056 1.21203375
v -1.15517701 2.53496747 1.17095284
v -1.11903024 2.48070274 1.13962630
v -1.07599905 2.43290746 1.11962498
v -1.02824119 2.39397827 1.11195182
v -0.97815144 2.36586724 1.11699159
v -0.92824151 2.34998397 1.13449157
v -0.88101409 2.34712493 1.16357425
v -0.83883737 2.35743348 1.20278129
v -0.80382625 2.38039269 1.25014670
v -0.77773635 2.41485131 1.30329536
v -0.76187591 2.45908143 1.35956219
v -0.75704026 2.51086517 1.41612573
v -0.76347186 2.56760587 1.47014965
v -0.78084821 2.62645833 1.51892497
v -0.80829799 2.68447143 1.56000588
v -0.84444475 2.73873615 1.59133242
v -0.88747594 2.78653143 1.61133374
v -0.93523380 2.82546063 1.61900690
v -0.98532355 2.85357166 1.61396713
v -1.12536004 2.71766611 1.77818067
v -1.17261707 2.72113451 1.74926943
v -1.21440849 2.71223943 1.70920801
v -1.24863872 2.69142693 1.66000527
v -1.27359132 2.65974060 1.60412842
v -1.28801504 2.61876936 1.54437937
v -1.29118663 2.57056765 1.48375419
v -1.28294705 2.51755253 1.42529288
v -1.26370947 2.46238238 1.37192692
v -1.23443854 2.40782367 1.32633232
v -1.19660203 2.35661220 1.29079538
v -1.15209721 2.31131592 1.26709806
v -1.10315575 2.27420619 1.25642865
v -1.05223177 2.24714384 1.25932216
v -1.00187881 2.23148589 1.27563349
v -0.95462179 2.22801749 1.30454473
v -0.91283037 2.23691256 1.34460615
v -0.87860014 2.25772507 1.39380890
v -0.85364754 2.28941139 1.44968574
v -0.83922382 2.33038263 1.50943479
v -0.83605223 2.37858434 1.57005997
v -0.84429180 2.43159947 1.62852129
v -0.86352938 2.48676962 1.68188724
v -0.89280032 2.54132833 1.72748184
v -0.93063683 2.59253980 1.76301879
v -0.97514165 2.63783607 1.78671611
v -1.02408311 2.67494580 1.79738552
v -1.07500709 2.70200815 1.79449201
v -1.21065174 2.55468485 1.94521807
v -1.25795527 2.55871809 1.91651758
v -1.29939538 2.55126339 1.87571176
v -1.33289411 2.53269457 1.82484678
v -1.35677168 2.50394275 1.76647321
v -1.36983077 2.46644967 1.70351816
v -1.37141655 2.42209537 1.63913845
v -1.36144950 2.37310398 1.57656235
v -1.34042940 2.32193213 1.51892769
v -1.30941030 2.27114578 1.46912451
v -1.26994762 2.22329158 1.42965015
v -1.22402018 2.18076914 1.40248402
v -1.17393098 2.14571070 1.38898834
v -1.12219171 2.11987425 1.38983984
v -1.07139677 2.10455533 1.40499582
v -1.02409325 2.10052209 1.43369631
v -0.98265313 2.10797679 1.47450213
v -0.94915441 2.12654561 1.52536712
v -0.92527684 2.15529743 1.58374069
v -0.91221774 2.19279052 1.64669574
v -0.91063197 2.23714481 1.71107545
v -0.92059902 2.28613620 1.77365155
v -0.94161911 2.33730805 1.83128621
v -0.97263821 2.38809440 1.88108939
v -1.01210089 2.43594860 1.92056375
v -1.05802833 2.47847104 1.94772988
v -1.10811753 2.51352948 1.96122556
v -1.15985681 2.53936593 1.96037406
v -1.29073813 2.38174164 2.09685403
v -1.33810285 2.38629215 2.06839665
v -1.37922579 2.38029651 2.02695509
v -1.41204489 2.36405538 1.97460739
v -1.43491446 2.33838315 1.91397850
v -1.44668771 2.30456714 1.84810859
v -1.44677430 2.26430301 1.78030066
v -1.43516987 2.21960979 1.71395489
v -1.41245633 2.17272857 1.65239812
v -1.37977262 2.12601018 1.59871707
v -1.33875764 2.08179727 1.55560353
v -1.29146806 2.04230686 1.52521940
v -1.24027516 2.00951917 1.50908826
v -1.18774599 1.98507830 1.50801899
v -1.13651456 1.97020983 1.52206522
v -1.08914984 1.96565932 1.55052260
v -1.04802689 1.97165496 1.59196416
v -1.01520779 1.98789609 1.64431186
v -0.99233823 2.01356832 1.70494075
v -0.98056497 2.04738433 1.77081066
v -0.98047839 2.08764846 1.83861858
v -0.99208282 2.13234168 1.90496436
v -1.01479636 2.17922290 1.96652113
v -1.04748007 2.22594129 2.02020218
v -1.08849505 2.27015420 2.06331572
v -1.13578463 2.30964461 2.09369985
v -1.18697752 2.34243230 2.10983099
v -1.23950670 2.36687316 2.11090026
v -1.36528681 2.20010760 2.23248509
v -1.41272503 2.20512556 2.20429587
v -1.45356480 2.20059981 2.16232513
v -1.48575826 2.18675730 2.10867748
v -1.50769108 2.16429215 2.04604301
v -1.51826347 2.13433085 1.97756250
v -1.51694528 2.09837579 1.90666983
v -1.50380261 2.05822990 1.83691986
v -1.47949449 2.01590628 1.77181014
v -1.44523982 1.97352719 1.71460556
v -1.40275629 1.93321771 1.66817458
v -1.35417419 1.89699912 1.63484545
v -1.30192963 1.86668758 1.61628942
v -1.24864237 1.84380302 1.61343699
v -1.19698446 1.82949298 1.62643117
v -1.14954625 1.82447503 1.65462039
v -1.10870647 1.82900077 1.69659113
v -1.07651301 1.84284328 1.75023878
v -1.05458019 1.86530844 1.81287325
v -1.04400780 1.89526974 1.88135376
v -1.04532599 1.93122480 1.95224643
v -1.05846866 1.97137068 2.02199640
v -1.08277678 2.01369431 2.08710612
v -1.11703145 2.05607339 2.14431070
v -1.15951498 2.09638287 2.19074168
v -1.20809708 2.13260146 2.22407082
v -1.26034164 2.16291300 2.24262684
v -1.31362890 2.18579756 2.24547927
v -1.43400510 2.01108406 2.35163156
v -1.48152656 2.01651816 2.32372802
v -1.52211672 2.01346568 2.28133186
v -1.55374021 2.00207969 2.22656902
v -1.57481129 1.98293113 2.16218553
v -1.58427339 1.95698019 2.09140984
v -1.58165202 1.92552816 2.01779094
v -1.56707864 1.89015218 1.94502039
v -1.54128402 1.85262614 1.87674722
v -1.50556160 1.81483175 1.81639492
v -1.46170265 1.77866419 1.76698981
v -1.41190646 1.74593705 1.73100927
v -1.35867000 1.71829139 1.71025751
v -1.30466277 1.69711350 1.70577512
v -1.25259293 1.68346532 1.71778685
v -1.20507147 1.67803123 1.74569039
v -1.16448132 1.68108371 1.78808654
v -1.13285783 1.69246970 1.84284938
v -1.11178674 1.71161826 1.90723288
v -1.10232464 1.73756919 1.97800857
v -1.10494601 1.76902122 2.05162747
v -1.11951939 1.80439721 2.12439801
v -1.14531402 1.84192325 2.19267118
v -1.18103644 1.87971764 2.25302348
v -1.22489538 1.91588520 2.30242859
v -1.27469158 1.94861234 2.33840913
v -1.32792804 1.97625799 2.35916089
v -1.38193526 1.99743588 2.36364329
v -1.49664128 1.81599198 2.45393843
v -1.54425303 1.82179024 2.42633040
v -1.58462639 1.82020745 2.38360908
v -1.61573686 1.81132298 2.32791669
v -1.63602443 1.79558233 2.26204589
v -1.64447181 1.77377480 2.18929971
v -1.64065540 1.74699391 2.11332594
v -1.62476657 1.71658257 2.03793423
v -1.59760207 1.68406574 1.96690503
v -1.56052402 1.65107393 1.90380005
v -1.51539168 1.61926150 1.85178363
v -1.46446817 1.59022365 1.81346409
v -1.41030701 1.56541647 1.79076294
v -1.35562406 1.54608388 1.78481850
v -1.30316136 1.53319532 1.79592885
v -1.25554961 1.52739705 1.82353688
v -1.21517625 1.52897984 1.86625820
v -1.18406578 1.53786431 1.92195058
v -1.16377821 1.55360496 1.98782139
v -1.15533084 1.57541249 2.06056757
v -1.15914725 1.60219338 2.13654134
v -1.17503607 1.63260472 2.21193305
v -1.20220058 1.66512156 2.28296225
v -1.23927863 1.69811336 2.34606723
v -1.28441097 1.72992580 2.39808365
v -1.33533448 1.75896364 2.43640319
v -1.38949564 1.78377083 2.45910434
v -1.44417858 1.80310341 2.46504878
v -1.55298546 1.61616143 2.53917517
v -1.60069175 1.62227207 2.51186476
v -1.64088014 1.62214899 2.46891442
v -1.67153541 1.61579835 2.41247787
v -1.69112038 1.60353860 2.34538508
v -1.69865298 1.58598449 2.27100034
v -1.69375550 1.56401627 2.19305363
v -1.67667350 1.53873550 2.11545352
v -1.64826356 1.51140987 2.04209119
v -1.60995027 1.48340961 1.97664536
v -1.56365482 1.45613876 1.92239773
v -1.51169864 1.43096480 1.88206852
v -1.45668706 1.40915005 1.85768000
v -1.40137856 1.39178841 1.85045511
v -1.34854656 1.37975044 1.86075614
v -1.30084027 1.37363979 1.88806656
v -1.26065188 1.37376287 1.93101689
v -1.22999661 1.38011351 1.98745344
v -1.21041164 1.39237326 2.05454624
v -1.20287904 1.40992737 2.12893097
v -1.20777653 1.43189560 2.20687768
v -1.22485852 1.45717637 2.28447780
v -1.25326846 1.48450199 2.35784012
v -1.29158175 1.51250225 2.42328595
v -1.33787721 1.53977310 2.47753358
v -1.38983338 1.56494706 2.51786279
v -1.44484497 1.58676181 2.54225131
v -1.50015346 1.60412346 2.54947620
v -1.60287016 1.41292131 2.60723450
v -1.65067235 1.41929360 2.58021612
v -1.69070636 1.42061443 2.53712829
v -1.72096473 1.41681757 2.48013162
v -1.73993016 1.40809341 2.41208416
v -1.74665166 1.39487941 2.33639808
v -1.74079217 1.37783819 2.25686862
v -1.72264553 1.35782426 2.17748370
v -1.69312167 1.33584120 2.10222402
v -1.65370104 1.31299133 2.03486342
v -1.60636037 1.29042044 1.97877963
v -1.55347351 1.26926033 1.93678493
v -1.49769243 1.25057206 1.91098511
v -1.44181422 1.23529274 1.90267388
v -1.38864085 1.22418852 1.91226800
v -1.34083866 1.21781624 1.93928638
v -1.30080465 1.21649541 1.98237421
v -1.27054628 1.22029227 2.03937088
v -1.25158085 1.22901643 2.10741835
v -1.24485935 1.24223042 2.18310442
v -1.25071884 1.25927165 2.26263388
v -1.26886548 1.27928558 2.34201880
v -1.29838934 1.30126864 2.41727848
v -1.33780996 1.32411851 2.48463909
v -1.38515064 1.34668940 2.54072288
v -1.43803750 1.36784950 2.58271758
v -1.49381858 1.38653777 2.60851740
v -1.54969679 1.40181710 2.61682863
v -1.64617044 1.20758926 2.65813018
v -1.69406697 1.21417434 2.63139069
v -1.73397574 1.21691812 2.58825181
v -1.76389556 1.21568303 2.53087668
v -1.78232613 1.21053098 2.46214234
v -1.78834326 1.20172034 2.38549542
v -1.78164522 1.18969289 2.30477931
v -1.76256789 1.17505175 2.22404145
v -1.73206788 1.15853108 2.14733038
v -1.69167459 1.14095931 2.07849271
v -1.64341350 1.12321754 2.02098025
v -1.58970464 1.10619544 1.97767692
v -1.53324118 1.09074655 1.95075412
v -1.47685444 1.07764555 1.94156187
v -1.42337188 1.06754938 1.95056112
v -1.37547536 1.06096430 1.97730060
v -1.33556658 1.05822052 2.02043949
v -1.30564676 1.05945561 2.07781461
v -1.28721619 1.06460766 2.14654895
v -1.28119907 1.07341830 2.22319588
v -1.28789710 1.08544575 2.30391199
v -1.30697443 1.10008689 2.38464985
v -1.33747445 1.11660755 2.46136092
v -1.37786774 1.13417933 2.53019859
v -1.42612882 1.15192109 2.58771104
v -1.47983769 1.16894320 2.63101438
v -1.53630115 1.18439209 2.65793718
v -1.59268789 1.19749309 2.66712943
v -1.68280379 1.00146185 2.69199371
v -1.73079015 1.00821362 2.66551272
v -1.77060115 1.01235493 2.62240377
v -1.80024049 1.01367810 2.56482852
v -1.81822194 1.01211679 2.49567405
v -1.82364382 1.00774928 2.41840805
v -1.81623427 1.00079460 2.33690495
v -1.79636483 0.99160146 2.25525166
v -1.76503183 0.98063085 2.17754262
v -1.72380645 0.96843289 2.10767449
v -1.67475590 0.95561923 2.04915074
v -1.62033977 0.94283240 2.00490600
v -1.56328671 0.93071359 1.97715888
v -1.50645762 0.91987049 1.96730075
v -1.45270213 0.91084680 1.97582592
v -1.40471576 0.90409503 2.00230692
v -1.36490476 0.89995372 2.04541587
v -1.33526542 0.89863055 2.10299111
v -1.31728398 0.90019186 2.17214558
v -1.31186209 0.90455936 2.24941158
v -1.31927164 0.91151405 2.33091468
v -1.33914108 0.92070719 2.41256797
v -1.37047408 0.93167780 2.49027701
v -1.41169946 0.94387576 2.56014514
v -1.46075002 0.95668942 2.61866890
v -1.51516615 0.96947624 2.66291364
v -1.57221920 0.98159506 2.69066075
v -1.62904829 0.99243816 2.70051889
v -1.71272951 0.79580527 2.70907030
v -1.76079830 0.80268124 2.68282045
v -1.80053715 0.80819086 2.63981670
v -1.82995341 0.81205789 2.58221546
v -1.84757202 0.81408839 2.51290509
v -1.85250950 0.81418056 2.43536110
v -1.84451828 0.81232978 2.35347187
v -1.82399906 0.80862884 2.27134367
v -1.79198077 0.80326334 2.19309475
v -1.75006893 0.79650231 2.12264883
v -1.70036518 0.78868479 2.06353837
v -1.64536187 0.78020278 2.01872742
v -1.58781710 0.77148160 1.99046298
v -1.53061641 0.76295857 1.98016235
v -1.47662807 0.75506106 1.98834204
v -1.42855929 0.74818510 2.01459190
v -1.38882043 0.74267547 2.05759564
v -1.35940417 0.73880845 2.11519688
v -1.34178556 0.73677795 2.18450725
v -1.33684808 0.73668578 2.26205124
v -1.34483930 0.73853656 2.34394047
v -1.36535852 0.74223750 2.42606868
v -1.39737681 0.74760300 2.50431760
v -1.43928865 0.75436403 2.57476351
v -1.48899240 0.76218155 2.63387397
v -1.54399571 0.77066356 2.67868493
v -1.60154048 0.77938474 2.70694937
v -1.65874117 0.78790777 2.71725000
v -1.73594795 0.59184651 2.70971377
v -1.78408888 0.59880854 2.68366124
v -1.82377925 0.60565427 2.64083208
v -1.85302882 0.61204042 2.58337393
v -1.87037089 0.61764677 2.51416798
v -1.87493585 0.62219220 2.43668451
v -1.86649480 0.62544876 2.35480885
v -1.84547101 0.62725318 2.27264660
v -1.81291869 0.62751495 2.19431772
v -1.77047017 0.62622097 2.12374994
v -1.72025398 0.62343611 2.06448182
v -1.66478818 0.61930003 2.01948533
v -1.60685405 0.61402011 1.99101676
v -1.54935665 0.60786112 1.98050365
v -1.49517913 0.60113189 1.98847318
v -1.44703820 0.59416986 2.01452571
v -1.40734783 0.58732413 2.05735487
v -1.37809826 0.58093797 2.11481302
v -1.36075620 0.57533162 2.18401897
v -1.35619124 0.57078620 2.26150244
v -1.36463229 0.56752963 2.34337810
v -1.38565608 0.56572522 2.42554035
v -1.41820839 0.56546344 2.50386923
v -1.46065691 0.56675742 2.57443701
v -1.51087310 0.56954228 2.63370513
v -1.56633890 0.57367837 2.67870162
v -1.62427303 0.57895829 2.70717019
v -1.68177044 0.58511728 2.71768330
v -1.75249925 0.39076497 2.69438080
v -1.80069931 0.39778012 2.66848587
v -1.84036276 0.40592745 2.62589469
v -1.86950069 0.41479841 2.56874296
v -1.88665201 0.42394817 2.49989651
v -1.89095669 0.43291794 2.42280758
v -1.88219886 0.44125792 2.34134174
v -1.86081769 0.44854992 2.25958402
v -1.82788530 0.45442828 2.18163411
v -1.78505308 0.45859824 2.11140072
v -1.73446880 0.46085071 2.05240566
v -1.67866898 0.46107272 2.00760718
v -1.62045164 0.45925315 1.97925168
v -1.56273606 0.45548325 1.96876100
v -1.50841633 0.44995204 1.97666121
v -1.46021626 0.44293689 2.00255614
v -1.42055281 0.43478956 2.04514732
v -1.39141488 0.42591860 2.10229905
v -1.37426356 0.41676884 2.17114550
v -1.36995888 0.40779907 2.24823443
v -1.37871671 0.39945909 2.32970027
v -1.40009788 0.39216709 2.41145798
v -1.43303027 0.38628873 2.48940790
v -1.47586249 0.38211877 2.55964129
v -1.52644677 0.37986630 2.61863635
v -1.58224659 0.37964429 2.66343482
v -1.64046393 0.38146386 2.69179033
v -1.69817951 0.38523376 2.70228100
v -1.76246190 0.19368490 2.66362434
v -1.81070545 0.20072610 2.63784204
v -1.85036136 0.21013898 2.59554627
v -1.87944110 0.22145154 2.53885791
v -1.89648650 0.23409650 2.47061954
v -1.90064283 0.24743981 2.39425294
v -1.89170167 0.26081238 2.31358743
v -1.87011137 0.27354364 2.23266792
v -1.83695456 0.28499520 2.15555206
v -1.79389386 0.29459283 2.08610676
v -1.74308851 0.30185527 2.02781429
v -1.68708611 0.30641834 1.98359768
v -1.62869485 0.30805324 1.95567414
v -1.57084270 0.30667798 1.94544387
v -1.51643063 0.30236152 1.95341985
v -1.46818707 0.29532032 1.97920215
v -1.42853117 0.28590744 2.02149792
v -1.39945142 0.27459488 2.07818628
v -1.38240603 0.26194992 2.14642465
v -1.37824970 0.24860660 2.22279125
v -1.38719086 0.23523404 2.30345676
v -1.40878115 0.22250278 2.38437627
v -1.44193796 0.21105122 2.46149213
v -1.48499866 0.20145358 2.53093743
v -1.53580401 0.19419115 2.58922990
v -1.59180641 0.18962808 2.63344651
v -1.65019768 0.18799318 2.66137005
v -1.70804982 0.18936844 2.67160033
v -1.76595098 0.00166834 2.61808646
v -1.81421994 0.00871508 2.59236735
v -1.85388547 0.01935667 2.55041856
v -1.88295857 0.03305950 2.49434358
v -1.89998141 0.04913645 2.42695425
v -1.90410037 0.06678136 2.35162975
v -1.89510893 0.08510944 2.27214716
v -1.87345794 0.10320163 2.19249207
v -1.84023309 0.12015072 2.11665873
v -1.79710039 0.13510682 2.04844972
v -1.74622272 0.14731997 1.99128534
v -1.69015127 0.15617773 1.94803204
v -1.63169772 0.16123596 1.92085873
v -1.57379317 0.16224100 1.91112799
v -1.51934118 0.15914247 1.91932777
v -1.47107223 0.15209573 1.94504688
v -1.43140669 0.14145414 1.98699566
v -1.40233359 0.12775131 2.04307064
v -1.38531076 0.11167435 2.11045997
v -1.38119179 0.09402945 2.18578447
v -1.39018323 0.07570137 2.26526706
v -1.41183422 0.05760918 2.34492215
v -1.44505908 0.04066009 2.42075550
v -1.48819177 0.02570399 2.48896450
v -1.53906945 0.01349084 2.54612888
v -1.59514089 0.00463308 2.58938218
v -1.65359444 -0.00042515 2.61655549
v -1.71149899 -0.00143019 2.62628623
v -1.76311613 -0.18429107 2.55849054
v -1.81139016 -0.17725218 2.53278153
v -1.85108025 -0.16541881 2.49122567
v -1.88019615 -0.14938432 2.43590676
v -1.89727788 -0.12995276 2.36959870
v -1.90146889 -0.10809850 2.29562647
v -1.89255902 -0.08491742 2.21769933
v -1.87099505 -0.06157189 2.13972490
v -1.83785829 -0.03923257 2.06561311
v -1.79481035 -0.01901965 1.99908026
v -1.74400984 -0.00194668 1.94346258
v -1.68800411 0.01113023 1.90154896
v -1.62960151 0.01955534 1.87544113
v -1.57173060 0.02290619 1.86644826
v -1.51729327 0.02101474 1.87502127
v -1.46901924 0.01397586 1.90073028
v -1.42932915 0.00214248 1.94228614
v -1.40021325 -0.01389200 1.99760506
v -1.38313152 -0.03332356 2.06391311
v -1.37894051 -0.05517782 2.13788535
v -1.38785038 -0.07835891 2.21581248
v -1.40941435 -0.10170443 2.29378692
v -1.44255112 -0.12404375 2.36789870
v -1.48559905 -0.14425667 2.43443155
v -1.53639956 -0.16132964 2.49004924
v -1.59240530 -0.17440655 2.53196285
v -1.65080789 -0.18283166 2.55807068
v -1.70867880 -0.18618251 2.56706356
v -1.75413930 -0.36327361 2.48563307
v -1.80239609 -0.35624832 2.45987836
v -1.84212344 -0.34325950 2.41875605
v -1.87132926 -0.32495846 2.36432817
v -1.88854903 -0.30226290 2.29932397
v -1.89291929 -0.27631086 2.22700302
v -1.88422090 -0.24840369 2.15099181
v -1.86289002 -0.21994078 2.07510186
v -1.82999629 -0.19234936 2.00313860
v -1.78718912 -0.16701299 1.93871057
v -1.73661505 -0.14520214 1.88504846
v -1.68081007 -0.12801050 1.84484311
v -1.62257248 -0.11630012 1.82011059
v -1.56482256 -0.11065822 1.81209109
v -1.51045612 -0.11136771 1.82118674
v -1.46219932 -0.11839300 1.84694145
v -1.42247197 -0.13138182 1.88806377
v -1.39326616 -0.14968285 1.94249165
v -1.37604638 -0.17237842 2.00749585
v -1.37167612 -0.19833045 2.07981679
v -1.38037452 -0.22623762 2.15582800
v -1.40170539 -0.25470054 2.23171796
v -1.43459913 -0.28229196 2.30368122
v -1.47740629 -0.30762833 2.36810925
v -1.52798036 -0.32943918 2.42177136
v -1.58378534 -0.34663082 2.46197671
v -1.64202293 -0.35834120 2.48670923
v -1.69977286 -0.36398309 2.49472873
v -1.73923229 -0.53443812 2.40037494
v -1.78744781 -0.52742412 2.37451705
v -1.82722298 -0.51331495 2.33386395
v -1.85656333 -0.49281813 2.28045418
v -1.87399760 -0.46696143 2.21696591
v -1.87865156 -0.43704142 2.14658271
v -1.87029184 -0.40455842 2.07283390
v -1.84933765 -0.37114126 1.99941754
v -1.81683970 -0.33846562 1.93001504
v -1.77442758 -0.30816998 1.86810653
v -1.72422801 -0.28177350 1.81679636
v -1.66875821 -0.26059982 1.77865744
v -1.61079966 -0.24571065 1.75560220
v -1.55325865 -0.23785262 1.74878675
v -1.49902053 -0.23741975 1.75855282
v -1.45080501 -0.24443376 1.78441072
v -1.41102984 -0.25854292 1.82506381
v -1.38168949 -0.27903975 1.87847359
v -1.36425523 -0.30489645 1.94196186
v -1.35960126 -0.33481645 2.01234505
v -1.36796098 -0.36729945 2.08609386
v -1.38891517 -0.40071661 2.15951022
v -1.42141312 -0.43339226 2.22891272
v -1.46382524 -0.46368789 2.29082123
v -1.51402481 -0.49008437 2.34213140
v -1.56949461 -0.51125806 2.38027033
v -1.62745316 -0.52614722 2.40332556
v -1.68499417 -0.53400525 2.41014102
v -1.71863414 -0.69702583 2.30363252
v -1.76678293 -0.69001245 2.27761332
v -1.80661442 -0.67481623 2.23746068
v -1.83613130 -0.65219920 2.18518804
v -1.85385346 -0.62329546 2.12341656
v -1.85889226 -0.58955436 2.05524372
v -1.85099501 -0.55266782 1.98408799
v -1.83055772 -0.51448550 1.91351741
v -1.79860520 -0.47692200 1.84707070
v -1.75673968 -0.44186093 1.78807976
v -1.70706048 -0.41106038 1.73950265
v -1.65205871 -0.38606484 1.70377522
v -1.59449240 -0.36812767 1.68268901
v -1.53724817 -0.35814832 1.67730135
v -1.48319646 -0.35662721 1.68788242
v -1.43504768 -0.36364059 1.71390162
v -1.39521618 -0.37883680 1.75405425
v -1.36569931 -0.40145384 1.80632690
v -1.34797714 -0.43035758 1.86809838
v -1.34293835 -0.46409868 1.93627122
v -1.35083560 -0.50098521 2.00742695
v -1.37127289 -0.53916754 2.07799753
v -1.40322541 -0.57673103 2.14444424
v -1.44509092 -0.61179211 2.20343518
v -1.49477013 -0.64259265 2.25201229
v -1.54977189 -0.66758820 2.28773971
v -1.60733820 -0.68552537 2.30882593
v -1.66458244 -0.69550472 2.31421359
v -1.69260829 -0.85036336 2.19636849
v -1.74066383 -0.84333136 2.17013035
v -1.78055819 -0.82707906 2.13050554
v -1.81029089 -0.80242143 2.07948099
v -1.82837101 -0.77059490 2.01961531
v -1.83389193 -0.73319540 1.95391041
v -1.82657683 -0.69209828 1.88566100
v -1.80679250 -0.64936432 1.81828939
v -1.77553101 -0.60713640 1.75517388
v -1.73435995 -0.56753198 1.69947934
v -1.68534381 -0.53253701 1.65399853
v -1.63094045 -0.50390627 1.62101205
v -1.57387790 -0.48307543 1.60217398
v -1.51701750 -0.47108904 1.59842893
v -1.46321047 -0.46854814 1.60996470
v -1.41515493 -0.47558015 1.63620284
v -1.37526057 -0.49183244 1.67582766
v -1.34552787 -0.51649007 1.72685220
v -1.32744775 -0.54831660 1.78671788
v -1.32192682 -0.58571611 1.85242278
v -1.32924193 -0.62681323 1.92067220
v -1.34902626 -0.66954718 1.98804380
v -1.38028775 -0.71177511 2.05115932
v -1.42145881 -0.75137952 2.10685385
v -1.47047495 -0.78637450 2.15233466
v -1.52487831 -0.81500524 2.18532114
v -1.58194086 -0.83583607 2.20415922
v -1.63880126 -0.84782247 2.20790426
v -1.66143974 -0.99386484 2.07958256
v -1.70937482 -0.98678634 2.05306951
v -1.74933680 -0.96950615 2.01399663
v -1.77932182 -0.94289077 1.96432317
v -1.79782632 -0.90827480 1.90653998
v -1.80392239 -0.86739404 1.84354455
v -1.79730436 -0.82229842 1.77849573
v -1.77830408 -0.77524922 1.71465534
v -1.74787430 -0.72860569 1.65522460
v -1.70754091 -0.68470671 1.60318363
v -1.65932637 -0.64575358 1.56114196
v -1.60564838 -0.61369957 1.53120775
v -1.54919858 -0.59015199 1.51488203
v -1.49280758 -0.57629163 1.51298342
v -1.43930307 -0.57281349 1.52560714
v -1.39136800 -0.57989199 1.55212019
v -1.35140601 -0.59717218 1.59119308
v -1.32142099 -0.62378756 1.64086653
v -1.30291649 -0.65840353 1.69864972
v -1.29682042 -0.69928428 1.76164515
v -1.30343845 -0.74437991 1.82669397
v -1.32243873 -0.79142911 1.89053436
v -1.35286851 -0.83807264 1.94996510
v -1.39320191 -0.88197162 2.00200608
v -1.44141644 -0.92092475 2.04404774
v -1.49509443 -0.95297876 2.07398195
v -1.55154424 -0.97652634 2.09030767
v -1.60793523 -0.99038670 2.09220628
v -1.62543202 -1.12703315 1.95430213
v -1.67321908 -1.11987170 1.92746106
v -1.71325185 -1.10158869 1.88896167
v -1.74352292 -1.07310090 1.84073446
v -1.76251436 -1.03583683 1.78519776
v -1.76927387 -0.99166506 1.72513641
v -1.76346249 -0.94280054 1.66356213
v -1.74537164 -0.89169356 1.60356252
v -1.71590846 -0.84090681 1.54814621
v -1.67655036 -0.79298697 1.50009199
v -1.62927093 -0.75033693 1.46180952
v -1.57644094 -0.71509535 1.43521843
v -1.52070952 -0.68902938 1.42165212
v -1.46487127 -0.67344608 1.42179085
v -1.41172615 -0.66912687 1.43562766
v -1.36393909 -0.67628832 1.46246873
v -1.32390632 -0.69457134 1.50096813
v -1.29363525 -0.72305913 1.54919533
v -1.27464381 -0.76032319 1.60473203
v -1.26788431 -0.80449496 1.66479338
v -1.27369568 -0.85335948 1.72636766
v -1.29178653 -0.90446647 1.78636727
v -1.32124971 -0.95525321 1.84178359
v -1.36060781 -1.00317305 1.88983780
v -1.40788724 -1.04582309 1.92812027
v -1.46071723 -1.08106468 1.95471136
v -1.51644865 -1.10713064 1.96827768
v -1.57228690 -1.12271394 1.96813895
v -1.58490417 -1.24946043 1.82157311
v -1.63251576 -1.24217117 1.79435494
v -1.67262109 -1.22290701 1.75644879
v -1.70320912 -1.19263395 1.70975544
v -1.72274602 -1.15287001 1.65661629
v -1.73025215 -1.10560912 1.59969595
v -1.72535111 -1.05322112 1.54184865
v -1.70828865 -0.99833299 1.48597510
v -1.67992037 -0.94369703 1.43487702
v -1.64166877 -0.89205293 1.39111669
v -1.59545194 -0.84599033 1.35688844
v -1.54358738 -0.80781900 1.33390860
v -1.48867581 -0.77945302 1.32332950
v -1.43347071 -0.76231477 1.32568160
v -1.38074030 -0.75726364 1.34084696
v -1.33312871 -0.76455291 1.36806513
v -1.29302338 -0.78381706 1.40597128
v -1.26243535 -0.81409012 1.45266463
v -1.24289845 -0.85385406 1.50580378
v -1.23539232 -0.90111496 1.56272412
v -1.24029336 -0.95350295 1.62057142
v -1.25735581 -1.00839108 1.67644497
v -1.28572410 -1.06302704 1.72754305
v -1.32397570 -1.11467114 1.77130338
v -1.37019253 -1.16073374 1.80553163
v -1.42205709 -1.19890507 1.82851147
v -1.47696866 -1.22727105 1.83909057
v -1.53217376 -1.24440930 1.83673847
v -1.54018764 -1.36082761 1.68245075
v -1.58759680 -1.35335759 1.65481163
v -1.62777533 -1.33313044 1.61751746
v -1.65870850 -1.30116042 1.57243834
v -1.67884520 -1.25905065 1.52183471
v -1.68717570 -1.20891269 1.46824406
v -1.68328226 -1.15326066 1.41435365
v -1.66736012 -1.09488520 1.36286575
v -1.64020768 -1.03671349 1.31636220
v -1.60318648 -0.98166249 1.27717487
v -1.55815291 -0.93249271 1.24726879
v -1.50736515 -0.89166972 1.22814356
v -1.45336991 -0.86124054 1.22075820
v -1.39887474 -0.84273104 1.22548306
v -1.34661224 -0.83706935 1.24208119
v -1.29920308 -0.84453937 1.26972031
v -1.25902456 -0.86476653 1.30701448
v -1.22809138 -0.89673654 1.35209360
v -1.20795468 -0.93884631 1.40269723
v -1.19962418 -0.98898427 1.45628788
v -1.20351762 -1.04463630 1.51017829
v -1.21943976 -1.10301176 1.56166619
v -1.24659220 -1.16118347 1.60816974
v -1.28361340 -1.21623447 1.64735707
v -1.32864697 -1.26540425 1.67726315
v -1.37943473 -1.30622724 1.69638838
v -1.43342997 -1.33665642 1.70377374
v -1.48792515 -1.35516592 1.69904888
v -1.49162328 -1.46090325 1.53799085
v -1.53880397 -1.45319193 1.50989332
v -1.57905543 -1.43201632 1.47322965
v -1.61035928 -1.39843825 1.42983830
v -1.63114581 -1.35414147 1.38189509
v -1.64037270 -1.30134720 1.33180409
v -1.63757728 -1.24270276 1.28207708
v -1.62289972 -1.18114884 1.23520758
v -1.59707602 -1.11977200 1.19354581
v -1.56140108 -1.06164994 1.15918088
v -1.51766379 -1.00969713 1.13383599
v -1.46805732 -0.96651872 1.11878203
v -1.41506915 -0.93427984 1.11477387
v -1.36135633 -0.91459708 1.12201250
v -1.30961225 -0.90845743 1.14013494
v -1.26243155 -0.91616875 1.16823247
v -1.22218010 -0.93734436 1.20489614
v -1.19087625 -0.97092243 1.24828749
v -1.17008972 -1.01521922 1.29623070
v -1.16086282 -1.06801349 1.34632170
v -1.16365824 -1.12665793 1.39604871
v -1.17833580 -1.18821185 1.44291821
v -1.20415951 -1.24958869 1.48457998
v -1.23983445 -1.30771075 1.51894491
v -1.28357174 -1.35966355 1.54428980
v -1.33317820 -1.40284197 1.55934376
v -1.38616637 -1.43508085 1.56335192
v -1.43987919 -1.45476360 1.55611329
v -1.43955825 -1.54954158 1.38924119
v -1.48648579 -1.54152142 1.36065533
v -1.52680931 -1.51940837 1.32464124
v -1.55850681 -1.48431127 1.28300482
v -1.57998885 -1.43799003 1.23783389
v -1.59017823 -1.38276739 1.19139352
v -1.58856400 -1.32141246 1.14601241
v -1.57522712 -1.25700181 1.10396617
v -1.55083636 -1.19276527 1.06736316
v -1.51661475 -1.13192393 1.03803882
v -1.47427833 -1.07752862 1.01746360
v -1.42595001 -1.03230696 1.00666921
v -1.37405318 -0.99852655 1.00619694
v -1.32119016 -0.97788127 1.01607046
v -1.27001173 -0.97140637 1.03579468
v -1.22308418 -0.97942653 1.06438054
v -1.18276066 -1.00153958 1.10039463
v -1.15106316 -1.03663669 1.14203105
v -1.12958112 -1.08295792 1.18720198
v -1.11939175 -1.13818056 1.23364236
v -1.12100597 -1.19953550 1.27902346
v -1.13434285 -1.26394614 1.32106971
v -1.15873362 -1.32818268 1.35767271
v -1.19295522 -1.38902402 1.38699705
v -1.23529165 -1.44341933 1.40757228
v -1.28361996 -1.48864099 1.41836666
v -1.33551680 -1.52242140 1.41883894
v -1.38837981 -1.54306668 1.40896541
v -1.38434309 -1.62667981 1.23723343
v -1.43099460 -1.61827703 1.20813785
v -1.47138899 -1.59523420 1.17279381
v -1.50350071 -1.55870679 1.13297361
v -1.52571955 -1.51052644 1.09067400
v -1.53693136 -1.45310911 1.04801607
v -1.53657395 -1.38933395 1.00713885
v -1.52466522 -1.32239890 0.97009211
v -1.50180233 -1.25566038 0.93873352
v -1.46913172 -1.19246493 0.91463553
v -1.42829164 -1.13598143 0.89900652
v -1.38132998 -1.08904220 0.89263018
v -1.33060158 -1.05400098 0.89582627
v -1.27865019 -1.03261486 0.90843450
v -1.22808086 -1.02595625 0.92982266
v -1.18142935 -1.03435904 0.95891825
v -1.14103497 -1.05740187 0.99426229
v -1.10892325 -1.09392928 1.03408249
v -1.08670441 -1.14210963 1.07638209
v -1.07549259 -1.19952696 1.11904003
v -1.07585001 -1.26330212 1.15991724
v -1.08775874 -1.33023716 1.19696399
v -1.11062163 -1.39697569 1.22832258
v -1.14329223 -1.46017114 1.25242056
v -1.18413231 -1.51665464 1.26804958
v -1.23109398 -1.56359386 1.27442591
v -1.28182237 -1.59863509 1.27122983
v -1.33377376 -1.62002120 1.25862159
v -1.32632888 -1.69233479 1.08297541
v -1.37268365 -1.68347023 1.05335824
v -1.41314768 -1.65950223 1.01870685
v -1.44569194 -1.62163264 0.98075881
v -1.46868452 -1.57176039 0.94141699
v -1.48097248 -1.51238630 0.90265416
v -1.48193965 -1.44648762 0.86641404
v -1.47153752 -1.37736880 0.83451387
v -1.45028771 -1.30849573 0.80855325
v -1.41925578 -1.24332200 0.78983396
v -1.37999778 -1.18511569 0.77929467
v -1.33448229 -1.13679552 0.77746385
v -1.28499163 -1.10078445 0.78443331
v -1.23400748 -1.07888824 0.79985357
v -1.18408639 -1.07220484 0.82295140
v -1.13773162 -1.08106940 0.85256857
v -1.09726759 -1.10503740 0.88721996
v -1.06472333 -1.14290699 0.92516800
v -1.04173075 -1.19277924 0.96450982
v -1.02944279 -1.25215333 1.00327265
v -1.02847562 -1.31805201 1.03951277
v -1.03887775 -1.38717083 1.07141294
v -1.06012755 -1.45604390 1.09737356
v -1.09115949 -1.52121763 1.11609285
v -1.13041749 -1.57942394 1.12663214
v -1.17593298 -1.62774411 1.12846296
v -1.22542364 -1.66375518 1.12149350
v -1.27640779 -1.68565139 1.10607324
v -1.26586442 -1.74659900 0.92744402
v -1.31190435 -1.73718920 0.89730376
v -1.35243708 -1.71229798 0.86337048
v -1.38543013 -1.67317349 0.82734572
v -1.40922908 -1.62177760 0.79103594
v -1.42264057 -1.56068751 0.75626184
v -1.42499207 -1.49296653 0.72476714
v -1.41616568 -1.42201049 0.69813113
v -1.39660400 -1.35137740 0.67768944
v -1.36728791 -1.28460911 0.66446710
v -1.32968746 -1.22505366 0.65912714
v -1.28568809 -1.17569741 0.66193733
v -1.23749611 -1.13901528 0.67275675
v -1.18752806 -1.11684667 0.69104286
v -1.13828956 -1.11030321 0.71587874
v -1.09224963 -1.11971302 0.74601899
v -1.05171690 -1.14460424 0.77995228
v -1.01872385 -1.18372873 0.81597703
v -0.99492490 -1.23512462 0.85228682
v -0.98151341 -1.29621471 0.88706092
v -0.97916191 -1.36393568 0.91855561
v -0.98798829 -1.43489173 0.94519162
v -1.00754998 -1.50552482 0.96563331
v -1.03686607 -1.57229311 0.97885565
v -1.07446652 -1.63184856 0.98419561
v -1.11846589 -1.68120481 0.98138542
v -1.16665787 -1.71788694 0.97056601
v -1.21662592 -1.74005554 0.95227989
v -1.20329368 -1.78963604 0.77157864
v -1.24900365 -1.77959431 0.74092489
v -1.28960469 -1.75377970 0.70773867
v -1.32306091 -1.71348664 0.67368408
v -1.34769466 -1.66073562 0.64046874
v -1.36227071 -1.59817177 0.60975823
v -1.36605815 -1.52893233 0.58309249
v -1.35886707 -1.45648923 0.56180865
v -1.34105806 -1.38447508 0.54697398
v -1.31352413 -1.31650097 0.53933234
v -1.27764594 -1.25597540 0.53926692
v -1.23522260 -1.20593339 0.54678101
v -1.18838136 -1.16888424 0.56149781
v -1.13947106 -1.14668575 0.58267935
v -1.09094426 -1.14045106 0.60926352
v -1.04523429 -1.15049279 0.63991727
v -1.00463325 -1.17630740 0.67310349
v -0.97117703 -1.21660045 0.70715809
v -0.94654328 -1.26935148 0.74037342
v -0.93196723 -1.33191532 0.77108393
v -0.92817979 -1.40115477 0.79774967
v -0.93537087 -1.47359787 0.81903351
v -0.95317988 -1.54561202 0.83386819
v -0.98071381 -1.61358613 0.84150982
v -1.01659199 -1.67411170 0.84157524
v -1.05901534 -1.72415371 0.83406115
v -1.10585657 -1.76120286 0.81934436
v -1.15476688 -1.78340134 0.79816281
v -1.13895334 -1.82167554 0.61627527
v -1.18432154 -1.81091327 0.58512928
v -1.22499138 -1.78417358 0.55272314
v -1.25892348 -1.74279731 0.52068183
v -1.28441637 -1.68885923 0.49061202
v -1.30019171 -1.62506403 0.46402154
v -1.30545847 -1.55461066 0.44224376
v -1.29995255 -1.48103195 0.42637069
v -1.28395004 -1.40801745 0.41719829
v -1.25825337 -1.33922840 0.41518649
v -1.22415108 -1.27811418 0.42043618
v -1.18335320 -1.22773930 0.43268411
v -1.13790551 -1.19062978 0.45131613
v -1.09008694 -1.16864644 0.47539793
v -1.04229532 -1.16289162 0.50372197
v -0.99692712 -1.17365389 0.53486795
v -0.95625728 -1.20039358 0.56727410
v -0.92232518 -1.24176985 0.59931541
v -0.89683229 -1.29570793 0.62938522
v -0.88105695 -1.35950313 0.65597570
v -0.87579019 -1.42995650 0.67775348
v -0.88129611 -1.50353521 0.69362655
v -0.89729862 -1.57654971 0.70279895
v -0.92299529 -1.64533876 0.70481074
v -0.95709758 -1.70645298 0.69956106
v -0.99789546 -1.75682786 0.68731313
v -1.04334315 -1.79393738 0.66868111
v -1.09116172 -1.81592072 0.64459931
v -1.07317054 -1.84300771 0.46238125
v -1.11818881 -1.83143569 0.43077635
v -1.15892903 -1.80376846 0.39918782
v -1.19334831 -1.76139337 0.36919965
v -1.21972073 -1.70643529 0.34231557
v -1.23672387 -1.64165005 0.31988367
v -1.24350511 -1.57028624 0.30302876
v -1.23972441 -1.49592235 0.29259603
v -1.22557137 -1.42228729 0.28910862
v -1.20175566 -1.35307344 0.29274139
v -1.16947151 -1.29175146 0.30331219
v -1.13033777 -1.24139629 0.32029096
v -1.08631679 -1.20453296 0.34282630
v -1.03961595 -1.18300994 0.36978820
v -0.99257704 -1.17790649 0.39982468
v -0.94755876 -1.18947851 0.43142959
v -0.90681854 -1.21714574 0.46301812
v -0.87239926 -1.25952083 0.49300628
v -0.84602684 -1.31447890 0.51989036
v -0.82902371 -1.37926415 0.54232227
v -0.82224247 -1.45062795 0.55917717
v -0.82602316 -1.52499184 0.56960990
v -0.84017621 -1.59862690 0.57309732
v -0.86399192 -1.66784075 0.56946454
v -0.89627607 -1.72916274 0.55889374
v -0.93540980 -1.77951790 0.54191498
v -0.97943078 -1.81638124 0.51937964
v -1.02613162 -1.83790426 0.49241773
v -1.00626082 -1.85397748 0.31069079
v -1.05092490 -1.84150730 0.27867256
v -1.09173849 -1.81291007 0.24794403
v -1.12665501 -1.76961979 0.22004608
v -1.15392361 -1.71380721 0.19637761
v -1.17217692 -1.64827100 0.17812546
v -1.18049966 -1.57629742 0.16620488
v -1.17847448 -1.50149553 0.16121360
v -1.16620293 -1.42761620 0.16340192
v -1.14430036 -1.35836407 0.17266009
v -1.11386506 -1.29721170 0.18852389
v -1.07642318 -1.24722555 0.21019782
v -1.03385221 -1.21091212 0.23659507
v -0.98828684 -1.19009233 0.26639198
v -0.94201190 -1.18581016 0.29809439
v -0.89734782 -1.19828034 0.33011262
v -0.85653424 -1.22687756 0.36084114
v -0.82161772 -1.27016784 0.38873910
v -0.79434912 -1.32598043 0.41240757
v -0.77609580 -1.39151664 0.43065971
v -0.76777306 -1.46349022 0.44258030
v -0.76979825 -1.53829211 0.44757158
v -0.78206979 -1.61217143 0.44538326
v -0.80397236 -1.68142357 0.43612508
v -0.83440766 -1.74257593 0.42026129
v -0.87184954 -1.79256209 0.39858736
v -0.91442051 -1.82887551 0.37219010
v -0.95998588 -1.84969531 0.34239320
v -0.93852630 -1.85497834 0.16194116
v -0.98283606 -1.84152390 0.12956749
v -1.02372760 -1.81199512 0.09974643
v -1.05915042 -1.76787269 0.07397332
v -1.08732829 -1.71136911 0.05354054
v -1.10684825 -1.64531769 0.03947267
v -1.11673149 -1.57303054 0.03247513
v -1.11648241 -1.49813242 0.03289881
v -1.10611352 -1.42437905 0.04072247
v -1.08614474 -1.35546873 0.05555379
v -1.05757741 -1.29485691 0.07664906
v -1.02184399 -1.24558291 0.10295049
v -0.98073632 -1.21011754 0.13313921
v -0.93631571 -1.19023919 0.16570144
v -0.89080959 -1.18694463 0.19900435
v -0.84649982 -1.20039908 0.23137802
v -0.80560829 -1.22992786 0.26119908
v -0.77018547 -1.27405029 0.28697219
v -0.74200760 -1.33055387 0.30740497
v -0.72248764 -1.39660528 0.32147284
v -0.71260440 -1.46889244 0.32847038
v -0.71285347 -1.54379055 0.32804670
v -0.72322237 -1.61754392 0.32022304
v -0.74319114 -1.68645425 0.30539173
v -0.77175848 -1.74706607 0.28429645
v -0.80749189 -1.79634007 0.25799502
v -0.84859956 -1.83180544 0.22780630
v -0.89302018 -1.85168379 0.19524408
v -0.87025408 -1.84644603 0.01680973
v -0.91421370 -1.83192501 -0.01584937
v -0.95518957 -1.80146490 -0.04471041
v -0.99112697 -1.75659311 -0.06832616
v -1.02022387 -1.69955969 -0.08551244
v -1.04102121 -1.63322455 -0.09540745
v -1.05247613 -1.56091399 -0.09751502
v -1.05401423 -1.48625398 -0.09172946
v -1.04555840 -1.41298828 -0.07834089
v -1.02753263 -1.34479073 -0.05802066
v -1.00084082 -1.28508105 -0.03178772
v -0.96682140 -1.23685333 -0.00095750
v -0.92718026 -1.20252591 0.03292406
v -0.88390515 -1.18382011 0.06815798
v -0.83916608 -1.18167391 0.10297749
v -0.79520646 -1.19619494 0.13563659
v -0.75423059 -1.22665505 0.16449763
v -0.71829319 -1.27152684 0.18811338
v -0.68919629 -1.32856026 0.20529966
v -0.66839896 -1.39489540 0.21519467
v -0.65694403 -1.46720596 0.21730224
v -0.65540593 -1.54186597 0.21151668
v -0.66386176 -1.61513167 0.19812811
v -0.68188753 -1.68332922 0.17780789
v -0.70857934 -1.74303889 0.15157494
v -0.74259876 -1.79126661 0.12074472
v -0.78223990 -1.82559404 0.08686316
v -0.82551501 -1.84429984 0.05162924
v -0.80171487 -1.82885198 -0.12408827
v -0.84533296 -1.81318735 -0.15695113
v -0.88640151 -1.78179890 -0.18479455
v -0.92286119 -1.73626059 -0.20622235
v -0.95288375 -1.67885590 -0.22016004
v -0.97496374 -1.61246333 -0.22590875
v -0.98799397 -1.54041209 -0.22318020
v -0.99132106 -1.46631514 -0.21211121
v -0.98477816 -1.39388799 -0.19325682
v -0.96869338 -1.32676245 -0.16756249
v -0.94387326 -1.26830447 -0.13631662
v -0.91156239 -1.22144539 -0.10108602
v -0.87338097 -1.18853490 -0.06363729
v -0.83124358 -1.17122329 -0.02584827
v -0.78726316 -1.17037862 0.01038614
v -0.74364508 -1.18604326 0.04324899
v -0.70257653 -1.21743171 0.07109241
v -0.66611685 -1.26297002 0.09252021
v -0.63609428 -1.32037471 0.10645791
v -0.61401430 -1.38676728 0.11220661
v -0.60098406 -1.45881851 0.10947806
v -0.59765698 -1.53291547 0.09840907
v -0.60419987 -1.60534262 0.07955469
v -0.62028466 -1.67246816 0.05386035
v -0.64510478 -1.73092614 0.02261448
v -0.67741565 -1.77778522 -0.01261612
v -0.71559707 -1.81069570 -0.05006485
v -0.75773446 -1.82800732 -0.08785387
v -0.73316194 -1.80269677 -0.26020125
v -0.77645155 -1.78581827 -0.29317509
v -0.81762324 -1.75350819 -0.31993855
v -0.85461249 -1.70738667 -0.33914958
v -0.88556450 -1.64976645 -0.34984487
v -0.90892722 -1.58353684 -0.35148810
v -0.92352914 -1.51201887 -0.34399689
v -0.92863805 -1.43879875 -0.32774686
v -0.92399778 -1.36754805 -0.30355288
v -0.90984100 -1.30183957 -0.27262811
v -0.88687760 -1.24496821 -0.23652327
v -0.85625906 -1.19978573 -0.19704879
v -0.81952072 -1.16855779 -0.15618409
v -0.77850479 -1.15285026 -0.11597830
v -0.73526799 -1.15345080 -0.07844751
v -0.69197838 -1.17032929 -0.04547366
v -0.65080669 -1.20263938 -0.01871021
v -0.61381743 -1.24876090 0.00050082
v -0.58286542 -1.30638112 0.01119611
v -0.55950270 -1.37261073 0.01283934
v -0.54490078 -1.44412870 0.00534813
v -0.53979187 -1.51734881 -0.01090189
v -0.54443214 -1.58859952 -0.03509588
v -0.55858892 -1.65430800 -0.06602065
v -0.58155232 -1.71117936 -0.10212549
v -0.61217086 -1.75636183 -0.14159997
v -0.64890920 -1.78758978 -0.18246467
v -0.68992513 -1.80329731 -0.22267045
v -0.66483019 -1.76850353 -0.39104184
v -0.70780886 -1.75034913 -0.42402370
v -0.74909632 -1.71712876 -0.44964051
v -0.78662221 -1.67050824 -0.46660773
v -0.81850486 -1.61282531 -0.47407455
v -0.84314551 -1.54697243 -0.47166656
v -0.85930860 -1.47625174 -0.45950450
v -0.86618363 -1.40420948 -0.43819823
v -0.86342586 -1.33445814 -0.40881613
v -0.85117358 -1.27049534 -0.37283155
v -0.83004116 -1.21552845 -0.33204890
v -0.80108828 -1.17231374 -0.28851320
v -0.76576676 -1.14301817 -0.24440750
v -0.72584776 -1.12911074 -0.20194346
v -0.68333298 -1.13128884 -0.16325039
v -0.64035430 -1.14944324 -0.13026852
v -0.59906685 -1.18266361 -0.10465172
v -0.56154095 -1.22928413 -0.08768450
v -0.52965831 -1.28696706 -0.08021768
v -0.50501765 -1.35281994 -0.08262567
v -0.48885457 -1.42354063 -0.09478773
v -0.48197954 -1.49558289 -0.11609400
v -0.48473731 -1.56533423 -0.14547610
v -0.49698959 -1.62929703 -0.18146068
v -0.51812201 -1.68426392 -0.22224333
v -0.54707489 -1.72747863 -0.26577903
v -0.58239641 -1.75677420 -0.30988473
v -0.62231541 -1.77068163 -0.35234877
v -0.59693563 -1.72681150 -0.51618692
v -0.63962532 -1.70732868 -0.54906466
v -0.68104338 -1.67321497 -0.57346438
v -0.71911293 -1.62618096 -0.58816258
v -0.75192501 -1.56858515 -0.59242225
v -0.77783428 -1.50331563 -0.58602976
v -0.79554154 -1.43364527 -0.56930568
v -0.80415887 -1.36306765 -0.54308862
v -0.80325418 -1.29512182 -0.50869321
v -0.79287281 -1.23321487 -0.46784418
v -0.77353534 -1.18045107 -0.42258987
v -0.74621144 -1.13947622 -0.37519952
v -0.71227122 -1.11234497 -0.32804948
v -0.67341660 -1.10041779 -0.28350405
v -0.63159592 -1.10429277 -0.24379693
v -0.58890622 -1.12377558 -0.21091920
v -0.54748816 -1.15788930 -0.18651947
v -0.50941861 -1.20492330 -0.17182127
v -0.47660654 -1.26251911 -0.16756161
v -0.45069727 -1.32778864 -0.17395409
v -0.43299001 -1.39745899 -0.19067817
v -0.42437267 -1.46803661 -0.21689523
v -0.42527737 -1.53598244 -0.25129064
v -0.43565874 -1.59788939 -0.29213968
v -0.45499620 -1.65065319 -0.33739399
v -0.48232011 -1.69162804 -0.38478433
v -0.51626033 -1.71875929 -0.43193437
v -0.55511494 -1.73068647 -0.47647980
v -0.52967504 -1.67816964 -0.63527672
v -0.57210197 -1.65731667 -0.66793027
v -0.61366771 -1.62233296 -0.69103945
v -0.65228797 -1.57497276 -0.70344548
v -0.68602618 -1.51761090 -0.70452627
v -0.71319055 -1.45312374 -0.69422762
v -0.73241897 -1.38474495 -0.67306594
v -0.74274722 -1.31590331 -0.64210238
v -0.74365742 -1.25005084 -0.60288957
v -0.73510391 -1.19048965 -0.55739382
v -0.71751561 -1.14020639 -0.50789646
v -0.69177447 -1.10172247 -0.45687949
v -0.65917126 -1.07696764 -0.40690114
v -0.62134083 -1.06718321 -0.36046751
v -0.58018017 -1.07285980 -0.31990698
v -0.53775324 -1.09371278 -0.28725344
v -0.49618750 -1.12869649 -0.26414425
v -0.45756723 -1.17605669 -0.25173822
v -0.42382903 -1.23341855 -0.25065743
v -0.39666465 -1.29790570 -0.26095609
v -0.37743624 -1.36628450 -0.28211776
v -0.36710798 -1.43512614 -0.31308132
v -0.36619779 -1.50097861 -0.35229413
v -0.37475129 -1.56053980 -0.39778988
v -0.39233959 -1.61082306 -0.44728725
v -0.41808073 -1.64930698 -0.49830421
v -0.45068395 -1.67406181 -0.54828256
v -0.48851437 -1.68384624 -0.59471619
v -0.46322585 -1.62313057 -0.74801332
v -0.50542034 -1.60087754 -0.78031613
v -0.54715301 -1.56505440 -0.80205918
v -0.58633121 -1.51745745 -0.81215219
v -0.62099038 -1.46047342 -0.81008905
v -0.64939257 -1.39695971 -0.79597321
v -0.67011357 -1.33010117 -0.77051251
v -0.68211435 -1.26325037 -0.73498365
v -0.68479313 -1.19975949 -0.69116819
v -0.67801559 -1.14281222 -0.64126323
v -0.66212159 -1.09526413 -0.58777121
v -0.63790811 -1.05949949 -0.53337443
v -0.60658933 -1.03731169 -0.48080059
v -0.56973569 -1.02981331 -0.43268596
v -0.52919519 -1.03738035 -0.39144319
v -0.48700070 -1.05963338 -0.35914039
v -0.44526803 -1.09545652 -0.33739734
v -0.40608983 -1.14305347 -0.32730433
v -0.37143065 -1.20003750 -0.32936747
v -0.34302846 -1.26355121 -0.34348330
v -0.32230746 -1.33040974 -0.36894400
v -0.31030668 -1.39726054 -0.40447287
v -0.30762790 -1.46075143 -0.44828832
v -0.31440544 -1.51769870 -0.49819328
v -0.33029944 -1.56524678 -0.55168531
v -0.35451292 -1.60101142 -0.60608208
v -0.38583171 -1.62319923 -0.65865592
v -0.42268535 -1.63069761 -0.70677056
v -0.39774637 -1.56224465 -0.85415846
v -0.43974259 -1.53857447 -0.88597905
v -0.48166355 -1.50195030 -0.90627922
v -0.52140716 -1.45420863 -0.91404105
v -0.55698051 -1.39774341 -0.90887531
v -0.58659980 -1.33538606 -0.89104105
v -0.60877980 -1.27026344 -0.86143255
v -0.62240831 -1.20564105 -0.82153449
v -0.62680194 -1.14475934 -0.77334754
v -0.62174038 -1.09067117 -0.71928799
v -0.60747742 -1.04608875 -0.66206662
v -0.58472829 -1.01324763 -0.60455273
v -0.55463371 -0.99379460 -0.54963032
v -0.51870275 -0.98870511 -0.50005343
v -0.47873713 -0.99823437 -0.45830804
v -0.43674091 -1.02190454 -0.42648745
v -0.39481995 -1.05852871 -0.40618728
v -0.35507634 -1.10627039 -0.39842546
v -0.31950299 -1.16273560 -0.40359119
v -0.28988370 -1.22509295 -0.42142545
v -0.26770370 -1.29021558 -0.45103396
v -0.25407519 -1.35483797 -0.49093201
v -0.24968156 -1.41571968 -0.53911896
v -0.25474313 -1.46980784 -0.59317851
v -0.26900608 -1.51439026 -0.65039989
v -0.29175521 -1.54723139 -0.70791378
v -0.32184980 -1.56668442 -0.76283618
v -0.35778076 -1.57177391 -0.81241308
v -0.33337617 -1.49605460 -0.95353067
v -0.37521186 -1.47096368 -0.98473434
v -0.41734446 -1.43358532 -1.00351485
v -0.45766125 -1.38579382 -1.00893047
v -0.49414060 -1.32998566 -1.00070964
v -0.52495327 -1.26895927 -0.97926458
v -0.54855419 -1.20577479 -0.94567065
v -0.56375990 -1.14360054 -0.90161238
v -0.56980794 -1.08555421 -0.84929903
v -0.56639502 -1.03454647 -0.79135381
v -0.55369228 -0.99313507 -0.73068235
v -0.53233670 -0.96339655 -0.67032696
v -0.50339913 -0.94682212 -0.61331411
v -0.46833062 -0.94424290 -0.56250267
v -0.42888966 -0.95578821 -0.52044053
v -0.38705397 -0.98087913 -0.48923686
v -0.34492138 -1.01825749 -0.47045635
v -0.30460458 -1.06604899 -0.46504073
v -0.26812523 -1.12185716 -0.47326156
v -0.23731256 -1.18288354 -0.49470661
v -0.21371165 -1.24606802 -0.52830055
v -0.19850593 -1.30824227 -0.57235882
v -0.19245790 -1.36628861 -0.62467217
v -0.19587081 -1.41729634 -0.68261738
v -0.20857355 -1.45870774 -0.74328885
v -0.22992913 -1.48844626 -0.80364424
v -0.25886670 -1.50502069 -0.86065709
v -0.29393521 -1.50759991 -0.91146853
v -0.27023675 -1.42509037 -1.04600187
v -0.31195288 -1.39858917 -1.07645246
v -0.35432229 -1.36051228 -1.09363765
v -0.39522039 -1.31276905 -1.09669570
v -0.43259638 -1.25775351 -1.08547326
v -0.46457608 -1.19822438 -1.06053308
v -0.48955589 -1.13716669 -1.02312577
v -0.50628321 -1.07764214 -0.97512707
v -0.51391927 -1.02263553 -0.91894385
v -0.51208117 -0.97490512 -0.85739336
v -0.50086108 -0.93684431 -0.79356201
v -0.48082161 -0.91036164 -0.73065056
v -0.45296763 -0.89678505 -0.67181367
v -0.41869585 -0.89679533 -0.62000165
v -0.37972482 -0.91039197 -0.57781257
v -0.33800868 -0.93689318 -0.54736198
v -0.29563928 -0.97497006 -0.53017679
v -0.25474118 -1.02271329 -0.52711874
v -0.21736518 -1.07772883 -0.53834118
v -0.18538548 -1.13725796 -0.56328135
v -0.16040568 -1.19831565 -0.60068867
v -0.14367835 -1.25784020 -0.64868737
v -0.13604229 -1.31284681 -0.70487059
v -0.13788039 -1.36057722 -0.76642108
v -0.14910049 -1.39863803 -0.83025243
v -0.16913996 -1.42512070 -0.89316387
v -0.19699394 -1.43869729 -0.95200077
v -0.23126571 -1.43868701 -1.00381279
v -0.20843237 -1.34986453 -1.13149339
v -0.25007279 -1.32197788 -1.16105513
v -0.29270584 -1.28326725 -1.17657169
v -0.33419371 -1.23567377 -1.17726501
v -0.37245604 -1.18158396 -1.16310033
v -0.40557418 -1.12371013 -1.13478792
v -0.43188746 -1.06495430 -1.09374749
v -0.45007642 -1.00826273 -1.04203696
v -0.45922899 -0.95647819 -0.98224934
v -0.45888622 -0.91219735 -0.91738261
v -0.44906530 -0.87764066 -0.85068946
v -0.43025869 -0.85454092 -0.78551417
v -0.40340943 -0.84405645 -0.72512491
v -0.36986385 -0.84671299 -0.67254983
v -0.33130408 -0.86237732 -0.63042527
v -0.28966366 -0.89026398 -0.60086353
v -0.24703061 -0.92897461 -0.58534697
v -0.20554274 -0.97656809 -0.58465365
v -0.16728042 -1.03065789 -0.59881833
v -0.13416227 -1.08853173 -0.62713074
v -0.10784899 -1.14728756 -0.66817118
v -0.08966003 -1.20397912 -0.71988170
v -0.08050746 -1.25576367 -0.77966932
v -0.08085023 -1.30004450 -0.84453605
v -0.09067116 -1.33460120 -0.91122920
v -0.10947777 -1.35770094 -0.97640449
v -0.13632703 -1.36818541 -1.03679376
v -0.16987260 -1.36552887 -1.08936884
v -0.14805115 -1.27086825 -1.20997161
v -0.18966217 -1.24163543 -1.23851090
v -0.23258713 -1.20236508 -1.25228912
v -0.27467359 -1.15502638 -1.25061537
v -0.31381116 -1.10199309 -1.23357358
v -0.34803731 -1.04592452 -1.20201830
v -0.37563581 -0.98963219 -1.15753184
v -0.39522274 -0.93593881 -1.10234493
v -0.40581595 -0.88753681 -1.03922488
v -0.40688423 -0.84685327 -0.97133679
v -0.39837404 -0.81592822 -0.90208486
v -0.38071209 -0.79631238 -0.83494166
v -0.35478403 -0.78898936 -0.77327403
v -0.32189001 -0.79432638 -0.72017426
v -0.28367947 -0.81205581 -0.67830497
v -0.24206845 -0.84128863 -0.64976568
v -0.19914349 -0.88055898 -0.63598746
v -0.15705703 -0.92789768 -0.63766121
v -0.11791946 -0.98093097 -0.65470300
v -0.08369331 -1.03699954 -0.68625829
v -0.05609481 -1.09329188 -0.73074475
v -0.03650788 -1.14698525 -0.78593166
v -0.02591467 -1.19538725 -0.84905171
v -0.02484638 -1.23607080 -0.91693980
v -0.03335658 -1.26699584 -0.98619173
v -0.05101853 -1.28661169 -1.05333493
v -0.07694659 -1.29393470 -1.11500255
v -0.10984061 -1.28859768 -1.16810233
v -0.08916628 -1.18856771 -1.28144307
v -0.13079628 -1.15804237 -1.30883033
v -0.17404264 -1.11829554 -1.32080532
v -0.21673681 -1.07132029 -1.31676757
v -0.25673791 -1.01947214 -1.29691954
v -0.29204014 -0.96535100 -1.26225650
v -0.32087328 -0.91167070 -1.21451659
v -0.34179152 -0.86112301 -1.15609370
v -0.35374594 -0.81624261 -1.08991740
v -0.35613709 -0.77927997 -1.01930603
v -0.34884507 -0.75208857 -0.94780035
v -0.33223553 -0.73603189 -0.87898595
v -0.30714134 -0.73191508 -0.81631348
v -0.27482083 -0.73994458 -0.76292559
v -0.23689469 -0.75971775 -0.72149937
v -0.19526469 -0.79024308 -0.69411211
v -0.15201833 -0.82998991 -0.68213712
v -0.10932416 -0.87696517 -0.68617487
v -0.06932306 -0.92881331 -0.70602290
v -0.03402084 -0.98293446 -0.74068594
v -0.00518770 -1.03661475 -0.78842585
v 0.01573055 -1.08716244 -0.84684874
v 0.02768497 -1.13204285 -0.91302505
v 0.03007612 -1.16900548 -0.98363641
v 0.02278410 -1.19619688 -1.05514209
v 0.00617456 -1.21225356 -1.12395649
v -0.01891963 -1.21637037 -1.18662896
v -0.05124014 -1.20834088 -1.24001685
v -0.03183747 -1.10340122 -1.34594937
v -0.07353645 -1.07165104 -1.37206072
v -0.11713466 -1.03152002 -1.38217361
v -0.16044591 -0.98502052 -1.37578094
v -0.20129838 -0.93448419 -1.35320325
v -0.23764358 -0.88244516 -1.31557270
v -0.26765899 -0.83151287 -1.26477623
v -0.28983952 -0.78424128 -1.20336098
v -0.30307295 -0.74300078 -1.13440659
v -0.30669569 -0.70985935 -1.06137070
v -0.30052609 -0.68647883 -0.98791565
v -0.28487351 -0.67403163 -0.91772477
v -0.26052284 -0.67314189 -0.85431773
v -0.22869513 -0.68385424 -0.80087402
v -0.19098635 -0.70563151 -0.76007354
v -0.14928738 -0.73738169 -0.73396219
v -0.10568917 -0.77751271 -0.72384930
v -0.06237792 -0.82401222 -0.73024197
v -0.02152544 -0.87454854 -0.75281966
v 0.01481975 -0.92658757 -0.79045021
v 0.04483516 -0.97751986 -0.84124669
v 0.06701570 -1.02479146 -0.90266193
v 0.08024912 -1.06603195 -0.97161632
v 0.08387186 -1.09917338 -1.04465221
v 0.07770226 -1.12255390 -1.11810727
v 0.06204968 -1.13500110 -1.18829814
v 0.03769902 -1.13589084 -1.25170518
v 0.00587131 -1.12517849 -1.30514889
v 0.02388753 -1.01577700 -1.40356177
v -0.01793160 -0.98288313 -1.42828066
v -0.06191281 -0.94246898 -1.43647971
v -0.10585069 -0.89656110 -1.42774780
v -0.14754203 -0.84746150 -1.40252278
v -0.18489623 -0.79763223 -1.36206953
v -0.21604020 -0.74957195 -1.30841655
v -0.23941227 -0.70569059 -1.24425422
v -0.25384044 -0.66818855 -1.17279991
v -0.25860124 -0.63894635 -1.09763664
v -0.25345593 -0.61943030 -1.02253341
v -0.23866253 -0.61061902 -0.95125621
v -0.21496284 -0.61295434 -0.88737917
v -0.18354525 -0.62631918 -0.83410536
v -0.14598518 -0.65004334 -0.79410614
v -0.10416605 -0.68293722 -0.76938725
v -0.06018484 -0.72335136 -0.76118819
v -0.01624696 -0.76925924 -0.76992010
v 0.02544437 -0.81835884 -0.79514513
v 0.06279857 -0.86818811 -0.83559838
v 0.09394255 -0.91624839 -0.88925136
v 0.11731461 -0.96012975 -0.95341369
v 0.13174279 -0.99763179 -1.02486800
v 0.13650358 -1.02687399 -1.10003127
v 0.13135828 -1.04639004 -1.17513450
v 0.11656488 -1.05520132 -1.24641170
v 0.09286518 -1.05286600 -1.31028874
v 0.06144760 -1.03950116 -1.36356255
v 0.07797128 -0.92607150 -1.45437562
v 0.03598006 -0.89212790 -1.47759429
v -0.00841571 -0.85154003 -1.48383596
v -0.05298987 -0.80634313 -1.47278766
v -0.09550727 -0.75880356 -1.44500338
v -0.13383591 -0.71130517 -1.40187636
v -0.16605383 -0.66622971 -1.34556915
v -0.19054549 -0.62583746 -1.27890524
v -0.20608279 -0.59215385 -1.20522744
v -0.21188661 -0.56686792 -1.12823025
v -0.20766592 -0.55124762 -1.05177464
v -0.19363238 -0.54607620 -0.97969441
v -0.17048967 -0.55161300 -0.91560397
v -0.13939827 -0.56758036 -0.86271707
v -0.10191724 -0.59317762 -0.82368569
v -0.05992603 -0.62712122 -0.80046702
v -0.01553025 -0.66770910 -0.79422535
v 0.02904390 -0.71290600 -0.80527365
v 0.07156130 -0.76044556 -0.83305793
v 0.10988994 -0.80794396 -0.87618495
v 0.14210786 -0.85301942 -0.93249216
v 0.16659953 -0.89341167 -0.99915607
v 0.18213682 -0.92709527 -1.07283387
v 0.18794064 -0.95238120 -1.14983106
v 0.18371996 -0.96800150 -1.22628667
v 0.16968641 -0.97317292 -1.29836690
v 0.14654370 -0.96763613 -1.36245734
v 0.11545231 -0.95166876 -1.41534424
v 0.13038486 -0.83462860 -1.49850477
v 0.08816933 -0.79974116 -1.52012555
v 0.04332729 -0.75909677 -1.52437540
v -0.00189272 -0.71473350 -1.51104122
v -0.04522316 -0.66887590 -1.48079165
v -0.08449127 -0.62382348 -1.43514351
v -0.11772798 -0.58183535 -1.37638580
v -0.14326666 -0.54501696 -1.30746487
v -0.15982670 -0.51521455 -1.23183671
v -0.16657771 -0.49392253 -1.15329363
v -0.16318116 -0.48220858 -1.07577411
v -0.14980737 -0.48066008 -1.00316530
v -0.12712696 -0.48935467 -0.93910811
v -0.09627722 -0.50785639 -0.88681463
v -0.05880509 -0.53523746 -0.84890708
v -0.01658956 -0.57012489 -0.82728630
v 0.02825248 -0.61076929 -0.82303645
v 0.07347249 -0.65513256 -0.83637063
v 0.11680293 -0.70099016 -0.86662021
v 0.15607104 -0.74604258 -0.91226834
v 0.18930775 -0.78803071 -0.97102605
v 0.21484643 -0.82484910 -1.03994698
v 0.23140647 -0.85465151 -1.11557514
v 0.23815748 -0.87594353 -1.19411822
v 0.23476093 -0.88765748 -1.27163774
v 0.22138714 -0.88920598 -1.34424655
v 0.19870673 -0.88051139 -1.40830374
v 0.16785699 -0.86200967 -1.46059722
v 0.18110611 -0.74175933 -1.53607592
v 0.13861418 -0.70604493 -1.55601237
v 0.09329434 -0.66546844 -1.55824591
v 0.04741912 -0.62206451 -1.54266454
v 0.00328889 -0.57800962 -1.51004957
v -0.03688347 -0.53551285 -1.46203645
v -0.07108356 -0.49670518 -1.40103277
v -0.09759644 -0.46353257 -1.33009750
v -0.11509264 -0.43765845 -1.25278763
v -0.12269484 -0.42038025 -1.17297981
v -0.12002182 -0.41256437 -1.09467592
v -0.10720762 -0.41460273 -1.02180246
v -0.08489479 -0.42639312 -0.95801360
v -0.05420221 -0.44734432 -0.90650799
v -0.01666892 -0.47640575 -0.86986832
v 0.02582301 -0.51212015 -0.84993187
v 0.07114284 -0.55269665 -0.84769834
v 0.11701806 -0.59610057 -0.86327971
v 0.16114829 -0.64015547 -0.89589468
v 0.20132066 -0.68265223 -0.94390780
v 0.23552075 -0.72145991 -1.00491148
v 0.26203363 -0.75463251 -1.07584675
v 0.27952983 -0.78050664 -1.15315662
v 0.28713202 -0.79778484 -1.23296444
v 0.28445900 -0.80560072 -1.31126833
v 0.27164480 -0.80356236 -1.38414179
v 0.24933198 -0.79177197 -1.44793064
v 0.21863940 -0.77082077 -1.49943626
v 0.23011777 -0.64774248 -1.56722319
v 0.18729792 -0.61132787 -1.58540102
v 0.14146928 -0.57095020 -1.58560439
v 0.09492989 -0.52863417 -1.56782309
v 0.05001342 -0.48650168 -1.53294877
v 0.00897218 -0.44666543 -1.48273015
v -0.02613586 -0.41112298 -1.41968542
v -0.05355024 -0.38165657 -1.34697590
v -0.07189627 -0.35974377 -1.26824754
v -0.08025402 -0.34648339 -1.18744813
v -0.07820439 -0.34254035 -1.10862926
v -0.06585016 -0.34811238 -1.03574326
v -0.04381082 -0.36292006 -0.97244493
v -0.01319152 -0.38622088 -0.92190832
v 0.02447237 -0.41684644 -0.88666754
v 0.06729221 -0.45326105 -0.86848971
v 0.11312085 -0.49363872 -0.86828634
v 0.15966025 -0.53595475 -0.88606763
v 0.20457672 -0.57808724 -0.92094196
v 0.24561796 -0.61792349 -0.97116057
v 0.28072600 -0.65346594 -1.03420530
v 0.30814037 -0.68293235 -1.10691482
v 0.32648641 -0.70484515 -1.18564318
v 0.33484416 -0.71810553 -1.26644260
v 0.33279453 -0.72204857 -1.34526146
v 0.32044030 -0.71647654 -1.41814746
v 0.29840096 -0.70166886 -1.48144579
v 0.26778166 -0.67836804 -1.53198240
v 0.27740569 -0.55282574 -1.59208276
v 0.23420742 -0.51584643 -1.60844059
v 0.18783981 -0.47580429 -1.60661118
v 0.14062793 -0.43470720 -1.58668626
v 0.09493918 -0.39461593 -1.54966494
v 0.05306459 -0.35754084 -1.49740364
v 0.01710391 -0.32534102 -1.43252295
v -0.01113962 -0.29963111 -1.35827625
v -0.03024977 -0.28170030 -1.27838660
v -0.03926826 -0.27244773 -1.19685998
v -0.03774288 -0.27233735 -1.11778450
v -0.02575011 -0.28137471 -1.04512531
v -0.00389132 -0.29910662 -0.98252585
v 0.02673739 -0.32464395 -0.93312513
v 0.06460019 -0.35670613 -0.89940030
v 0.10779846 -0.39368544 -0.88304247
v 0.15416606 -0.43372758 -0.88487188
v 0.20137794 -0.47482467 -0.90479680
v 0.24706669 -0.51491594 -0.94181812
v 0.28894129 -0.55199103 -0.99407942
v 0.32490196 -0.58419085 -1.05896012
v 0.35314549 -0.60990076 -1.13320681
v 0.37225564 -0.62783157 -1.21309646
v 0.38127413 -0.63708414 -1.29462308
v 0.37974875 -0.63719452 -1.37369857
v 0.36775598 -0.62815716 -1.44635775
v 0.34589720 -0.61042525 -1.50895721
v 0.31526848 -0.58488793 -1.55835793
v 0.32295702 -0.45722769 -1.61078800
v 0.27933127 -0.41982674 -1.62527793
v 0.23239575 -0.38026181 -1.62142486
v 0.18450401 -0.34051687 -1.59942199
v 0.13805753 -0.30258488 -1.56037265
v 0.09538533 -0.26836791 -1.50623492
v 0.05862718 -0.23958176 -1.43972349
v 0.02962628 -0.21766987 -1.36417354
v 0.00983687 -0.20373099 -1.28337345
v 0.00025126 -0.19846409 -1.20137486
v 0.00135011 -0.20213327 -1.12228955
v 0.01307833 -0.21455453 -1.05008317
v 0.03484782 -0.23510503 -0.98837644
v 0.06556695 -0.26275428 -0.94026362
v 0.10369535 -0.29611582 -0.90815726
v 0.14732110 -0.33351678 -0.89366733
v 0.19425662 -0.37308170 -0.89752040
v 0.24214836 -0.41282665 -0.91952327
v 0.28859485 -0.45075864 -0.95857262
v 0.33126704 -0.48497560 -1.01271035
v 0.36802519 -0.51376176 -1.07922177
v 0.39702609 -0.53567365 -1.15477172
v 0.41681550 -0.54961252 -1.23557182
v 0.42640112 -0.55487942 -1.31757040
v 0.42530226 -0.55121024 -1.39665572
v 0.41357404 -0.53878898 -1.46886210
v 0.39180456 -0.51823848 -1.53056882
v 0.36108542 -0.49058924 -1.57868165
v 0.36675855 -0.36114029 -1.62346487
v 0.32265818 -0.32346709 -1.63605289
v 0.27512743 -0.28452522 -1.63019742
v 0.22654969 -0.24626739 -1.60619206
v 0.17936086 -0.21061200 -1.56524055
v 0.13592718 -0.17934696 -1.50939637
v 0.09842660 -0.15404003 -1.44145978
v 0.06873954 -0.13596022 -1.36483740
v 0.04835466 -0.12601410 -1.28337139
v 0.03829412 -0.12470044 -1.20114681
v 0.03906240 -0.13208509 -1.12228674
v 0.05062099 -0.14779776 -1.05074555
v 0.07239028 -0.17105055 -0.99011061
v 0.10327867 -0.20067747 -0.94342242
v 0.14173729 -0.23519290 -0.91302211
v 0.18583767 -0.27286610 -0.90043409
v 0.23336841 -0.31180797 -0.90628956
v 0.28194615 -0.35006580 -0.93029492
v 0.32913498 -0.38572119 -0.97124643
v 0.37256866 -0.41698623 -1.02709061
v 0.41006924 -0.44229315 -1.09502720
v 0.43975630 -0.46037297 -1.17164958
v 0.46014119 -0.47031908 -1.25311559
v 0.47020173 -0.47163275 -1.33534017
v 0.46943344 -0.46424810 -1.41420024
v 0.45787485 -0.44853543 -1.48574143
v 0.43610556 -0.42528264 -1.54637637
v 0.40521717 -0.39565572 -1.59306456
v 0.40879509 -0.26473204 -1.63022788
v 0.36417531 -0.22694112 -1.64089415
v 0.31602406 -0.18877144 -1.63306999
v 0.26675586 -0.15213698 -1.60714775
v 0.21884122 -0.11887474 -1.56442726
v 0.17468278 -0.09065264 -1.50705071
v 0.13649483 -0.06888585 -1.43789520
v 0.10619227 -0.05466585 -1.36042848
v 0.08529459 -0.04870568 -1.27853505
v 0.07484970 -0.05130422 -1.19632139
v 0.07538135 -0.06233116 -1.11791004
v 0.08686287 -0.08123356 -1.04723287
v 0.10871854 -0.10706359 -0.98783392
v 0.13985242 -0.13852601 -0.94269172
v 0.17870332 -0.17404318 -0.91406987
v 0.22332311 -0.21183410 -0.90340359
v 0.27147436 -0.25000378 -0.91122775
v 0.32074256 -0.28663824 -0.93715000
v 0.36865720 -0.31990048 -0.97987048
v 0.41281564 -0.34812258 -1.03724703
v 0.45100359 -0.36988937 -1.10640254
v 0.48130615 -0.38410937 -1.18386926
v 0.50220383 -0.39006954 -1.26576269
v 0.51264872 -0.38747100 -1.34797635
v 0.51211707 -0.37644406 -1.42638770
v 0.50063555 -0.35754165 -1.49706487
v 0.47877988 -0.33171163 -1.55646382
v 0.44764600 -0.30024920 -1.60160603
v 0.44904808 -0.16815172 -1.63117663
v 0.40386693 -0.13040148 -1.63991564
v 0.35507244 -0.09315549 -1.63016927
v 0.30511139 -0.05828141 -1.60242624
v 0.25648901 -0.02752798 -1.55807771
v 0.21164345 -0.00243730 -1.49934750
v 0.17282344 0.01573248 -1.42918059
v 0.14197559 0.02607024 -1.35109543
v 0.12064673 0.02805762 -1.26900754
v 0.10990638 0.02159495 -1.18703316
v 0.11029311 0.00700630 -1.10928282
v 0.12178752 -0.01497679 -1.03965524
v 0.14381325 -0.04325200 -0.98164185
v 0.17526581 -0.07640150 -0.93815168
v 0.21456806 -0.11276303 -0.91136550
v 0.25974921 -0.15051326 -0.90262649
v 0.30854370 -0.18775925 -0.91237286
v 0.35850476 -0.22263333 -0.94011589
v 0.40712713 -0.25338676 -0.98446441
v 0.45197269 -0.27847744 -1.04319463
v 0.49079270 -0.29664722 -1.11336154
v 0.52164055 -0.30698499 -1.19144670
v 0.54296941 -0.30897237 -1.27353459
v 0.55370976 -0.30250970 -1.35550897
v 0.55332303 -0.28792105 -1.43325931
v 0.54182862 -0.26593796 -1.50288689
v 0.51980290 -0.23766274 -1.56090028
v 0.48835033 -0.20451325 -1.60439045
v 0.48749428 -0.07153244 -1.62639304
v 0.44171313 -0.03398396 -1.63321367
v 0.39225569 0.00218540 -1.62160453
v 0.34160195 0.03516196 -1.59214774
v 0.29229191 0.06329214 -1.54632040
v 0.24679817 0.08516537 -1.48642047
v 0.20740198 0.09968484 -1.41545159
v 0.17607884 0.10612247 -1.33697243
v 0.15439942 0.10415547 -1.25491828
v 0.14345080 0.09388246 -1.17340365
v 0.14378201 0.07581857 -1.09651605
v 0.15537643 0.05086961 -1.02811093
v 0.17765267 0.02028662 -0.97161841
v 0.20949371 -0.01439684 -0.92987127
v 0.24930290 -0.05144161 -0.90496288
v 0.29508405 -0.08899009 -0.89814224
v 0.34454149 -0.12515945 -0.90975139
v 0.39519523 -0.15813601 -0.93920817
v 0.44450527 -0.18626619 -0.98503552
v 0.48999901 -0.20813942 -1.04493544
v 0.52939520 -0.22265889 -1.11590432
v 0.56071834 -0.22909652 -1.19438348
v 0.58239776 -0.22712952 -1.27643764
v 0.59334638 -0.21685651 -1.35795226
v 0.59301517 -0.19879262 -1.43483986
v 0.58142075 -0.17384366 -1.50324498
v 0.55914451 -0.14326067 -1.55973750
v 0.52730347 -0.10857720 -1.60148464
v 0.52410477 0.02500380 -1.61593923
v 0.47768883 0.06218802 -1.62086479
v 0.42755225 0.09712741 -1.60746550
v 0.37620911 0.12806995 -1.57641327
v 0.32623395 0.15346406 -1.52926517
v 0.28013274 0.17203637 -1.46838541
v 0.24021719 0.18285559 -1.39682676
v 0.20848883 0.18537920 -1.31817746
v 0.18653865 0.17948065 -1.23638132
v 0.17546733 0.16545572 -1.15553995
v 0.17583003 0.14400768 -1.07970706
v 0.18760856 0.11621203 -1.01268522
v 0.21021230 0.08346254 -0.95783521
v 0.24250779 0.04740143 -0.91790742
v 0.28287562 0.00983694 -0.89490400
v 0.32929157 -0.02734728 -0.88997844
v 0.37942814 -0.06228667 -0.90337773
v 0.43077129 -0.09322921 -0.93442997
v 0.48074645 -0.11862332 -0.98157807
v 0.52684766 -0.13719563 -1.04245783
v 0.56676321 -0.14801485 -1.11401648
v 0.59849157 -0.15053846 -1.19266577
v 0.62044174 -0.14463991 -1.27446191
v 0.63151306 -0.13061498 -1.35530329
v 0.63115037 -0.10916694 -1.43113618
v 0.61937184 -0.08137129 -1.49815801
v 0.59676810 -0.04862181 -1.55300802
v 0.56447260 -0.01256069 -1.59293581
v 0.55884413 0.12134137 -1.59985628
v 0.51176292 0.15799864 -1.60292443
v 0.46093514 0.19155538 -1.58782099
v 0.40890952 0.22032891 -1.55530330
v 0.35829484 0.24287641 -1.50700193
v 0.31162912 0.25806726 -1.44533892
v 0.27125239 0.26513971 -1.37340631
v 0.23918929 0.26373913 -1.29481110
v 0.21704762 0.25393576 -1.21349438
v 0.20593763 0.23622116 -1.13353371
v 0.20641644 0.21148363 -1.05893865
v 0.21846004 0.18096361 -0.99344972
v 0.24146450 0.14619149 -0.94035079
v 0.27427630 0.10891091 -0.90230448
v 0.31525010 0.07099126 -0.88121857
v 0.36233131 0.03433399 -0.87815042
v 0.41315908 0.00077725 -0.89325386
v 0.46518470 -0.02799629 -0.92577155
v 0.51579939 -0.05054379 -0.97407292
v 0.56246510 -0.06573463 -1.03573593
v 0.60284184 -0.07280709 -1.10766854
v 0.63490493 -0.07140651 -1.18626375
v 0.65704661 -0.06160313 -1.26758047
v 0.66815659 -0.04388853 -1.34754114
v 0.66767778 -0.01915100 -1.42213620
v 0.65563419 0.01136902 -1.48762514
v 0.63262972 0.04614113 -1.54072406
v 0.59981793 0.08342172 -1.57877038
v 0.59166986 0.21736615 -1.57816368
v 0.54389776 0.25333484 -1.57942639
v 0.49237138 0.28535811 -1.56271829
v 0.43967446 0.31183018 -1.52887720
v 0.38844945 0.33142363 -1.47960006
v 0.34126498 0.34315596 -1.41735783
v 0.30048708 0.34643887 -1.34527159
v 0.26816053 0.34110773 -1.26695604
v 0.24590631 0.32742987 -1.18633827
v 0.23484034 0.30609116 -1.10746077
v 0.23551751 0.27816161 -1.03427879
v 0.24790387 0.24504172 -0.97046199
v 0.27137832 0.20839227 -0.91921041
v 0.30476375 0.17005100 -0.88309401
v 0.34638607 0.13194051 -0.86392382
v 0.39415817 0.09597182 -0.86266112
v 0.44568455 0.06394855 -0.87936922
v 0.49838147 0.03747648 -0.91321031
v 0.54960648 0.01788304 -0.96248745
v 0.59679095 0.00615070 -1.02472968
v 0.63756884 0.00286780 -1.09681592
v 0.66989540 0.00819893 -1.17513146
v 0.69214962 0.02187679 -1.25574924
v 0.70321559 0.04321550 -1.33462674
v 0.70253842 0.07114505 -1.40780871
v 0.69015205 0.10426494 -1.47162551
v 0.66667760 0.14091439 -1.52287710
v 0.63329218 0.17925566 -1.55899350
v 0.62253211 0.31296057 -1.55085971
v 0.57404886 0.34808141 -1.55038308
v 0.52182168 0.37842351 -1.53218344
v 0.46846946 0.40246539 -1.49717341
v 0.41666750 0.41900150 -1.44710853
v 0.36901338 0.42720263 -1.38449927
v 0.32789666 0.42665755 -1.31248511
v 0.29537911 0.41739360 -1.23467715
v 0.27309130 0.39987530 -1.15497699
v 0.26215083 0.37498110 -1.07738115
v 0.26310630 0.34395929 -1.00578060
v 0.27590980 0.30836545 -0.94376569
v 0.29991931 0.26998439 -0.89444610
v 0.33393089 0.23074070 -0.86029493
v 0.37623906 0.19260222 -0.84302466
v 0.42472232 0.15748138 -0.84350129
v 0.47694950 0.12713927 -0.86170093
v 0.53030172 0.10309739 -0.89671096
v 0.58210367 0.08656129 -0.94677584
v 0.62975780 0.07836016 -1.00938510
v 0.67087452 0.07890524 -1.08139926
v 0.70339206 0.08816919 -1.15920722
v 0.72567987 0.10568749 -1.23890737
v 0.73662034 0.13058169 -1.31650322
v 0.73566487 0.16160349 -1.38810377
v 0.72286137 0.19719734 -1.45011868
v 0.69885186 0.23557840 -1.49943827
v 0.66484028 0.27482209 -1.53358944
v 0.65137368 0.40799880 -1.51792250
v 0.60216483 0.44211623 -1.51578664
v 0.54924041 0.47063397 -1.49622225
v 0.49525427 0.49212202 -1.46021038
v 0.44291349 0.50550288 -1.40955680
v 0.39484267 0.51010558 -1.34680150
v 0.35345227 0.50569931 -1.27509130
v 0.32081779 0.49250503 -1.19802203
v 0.29857564 0.47118436 -1.11945829
v 0.28784116 0.44280639 -1.04333957
v 0.28915260 0.40879413 -0.97348279
v 0.30244421 0.37085308 -0.91339087
v 0.32704949 0.33088578 -0.86607705
v 0.36173462 0.29089634 -0.83391386
v 0.40476036 0.25289001 -0.81851409
v 0.45396921 0.21877258 -0.82064995
v 0.50689363 0.19025484 -0.84021434
v 0.56087978 0.16876679 -0.87622621
v 0.61322055 0.15538593 -0.92687979
v 0.66129138 0.15078323 -0.98963509
v 0.70268177 0.15518950 -1.06134529
v 0.73531626 0.16838377 -1.13841456
v 0.75755840 0.18970445 -1.21697831
v 0.76829289 0.21808241 -1.29309702
v 0.76698145 0.25209468 -1.36295380
v 0.75368984 0.29003572 -1.42304572
v 0.72908456 0.33000303 -1.47035954
v 0.69439942 0.36999247 -1.50252273
v 0.67813028 0.50234217 -1.47931200
v 0.62818765 0.53530571 -1.47561078
v 0.57457578 0.56186187 -1.45482204
v 0.51998298 0.58067903 -1.41798821
v 0.46714677 0.59081362 -1.36695630
v 0.41871657 0.59175744 -1.30428526
v 0.37712088 0.58346316 -1.23311768
v 0.34444548 0.56634670 -1.15702219
v 0.32232884 0.54126635 -1.07981454
v 0.31188000 0.50947974 -1.00536625
v 0.31362289 0.47258079 -0.93741046
v 0.32747013 0.43241976 -0.87935476
v 0.35272735 0.39101049 -0.83411031
v 0.38812806 0.35042941 -0.80394585
v 0.43189710 0.31271144 -0.79037395
v 0.48183973 0.27974791 -0.79407517
v 0.53545160 0.25319175 -0.81486391
v 0.59004440 0.23437459 -0.85169773
v 0.64288061 0.22424000 -0.90272964
v 0.69131081 0.22329618 -0.96540069
v 0.73290650 0.23159046 -1.03656827
v 0.76558190 0.24870691 -1.11266376
v 0.78769854 0.27378726 -1.18987141
v 0.79814738 0.30557387 -1.26431970
v 0.79640449 0.34247283 -1.33227549
v 0.78255725 0.38263386 -1.39033119
v 0.75730003 0.42404313 -1.43557564
v 0.72189932 0.46462420 -1.46574010
v 0.70273104 0.59583487 -1.43497257
v 0.65205310 0.62750052 -1.42981330
v 0.59777022 0.65196546 -1.40795406
v 0.54260439 0.66800292 -1.37049097
v 0.48932183 0.67480870 -1.31930258
v 0.44059437 0.67204155 -1.25695568
v 0.39886540 0.65984021 -1.18657663
v 0.36622739 0.63881652 -1.11169450
v 0.34431694 0.61002468 -1.03606421
v 0.33423274 0.57490844 -0.96347818
v 0.33648044 0.53522868 -0.89757616
v 0.35094734 0.49297511 -0.84166277
v 0.37690801 0.45026649 -0.79854174
v 0.41306067 0.40924441 -0.77037532
v 0.45759247 0.37196590 -0.75857591
v 0.50827042 0.34030025 -0.76373518
v 0.56255329 0.31583531 -0.78559442
v 0.61771913 0.29979785 -0.82305751
v 0.67100168 0.29299207 -0.87424591
v 0.71972914 0.29575922 -0.93659280
v 0.76145811 0.30796056 -1.00697186
v 0.79409613 0.32898425 -1.08185398
v 0.81600658 0.35777609 -1.15748427
v 0.82609078 0.39289232 -1.23007031
v 0.82384308 0.43257208 -1.29597232
v 0.80937618 0.47482566 -1.35188571
v 0.78341551 0.51753428 -1.39500675
v 0.74726285 0.55855635 -1.42317316
v 0.72509937 0.68830007 -1.38483633
v 0.67369150 0.71853183 -1.37833933
v 0.61876107 0.74078512 -1.35557658
v 0.56306251 0.75394407 -1.31768949
v 0.50938878 0.75734883 -1.26657788
v 0.46043131 0.75082868 -1.20480471
v 0.41864502 0.73471056 -1.13546753
v 0.38612526 0.70980271 -1.06204319
v 0.36450271 0.67735410 -0.98821352
v 0.35486160 0.63899185 -0.91768062
v 0.35768539 0.59663960 -0.85398132
v 0.37283248 0.55242106 -0.80030977
v 0.39954332 0.50855354 -0.75935727
v 0.43647853 0.46723675 -0.73317736
v 0.48178602 0.43054247 -0.72308282
v 0.53319389 0.40031071 -0.72957981
v 0.58812432 0.37805742 -0.75234257
v 0.64382288 0.36489847 -0.79022965
v 0.69749661 0.36149370 -0.84134126
v 0.74645409 0.36801385 -0.90311444
v 0.78824037 0.38413197 -0.97245162
v 0.82076013 0.40903982 -1.04587595
v 0.84238268 0.44148843 -1.11970563
v 0.85202379 0.47985068 -1.19023852
v 0.84920000 0.52220294 -1.25393782
v 0.83405292 0.56642147 -1.30760938
v 0.80734207 0.61028899 -1.34856187
v 0.77040686 0.65160579 -1.37474178
v 0.74515395 0.77953660 -1.32882704
v 0.69302870 0.80820792 -1.32112508
v 0.63748137 0.82814007 -1.29763842
v 0.58129735 0.83833358 -1.25954477
v 0.52729393 0.83827731 -1.20875432
v 0.47817907 0.82797407 -1.14781389
v 0.43641559 0.80794052 -1.07977931
v 0.40409769 0.77918121 -1.00806211
v 0.38284592 0.74313827 -0.93625849
v 0.37372594 0.70161903 -0.86796898
v 0.37719506 0.65670544 -0.80661790
v 0.39307932 0.61064966 -0.75528166
v 0.42058222 0.56576111 -0.71653446
v 0.45832465 0.52429071 -0.69231926
v 0.50441405 0.48831793 -0.68385030
v 0.55653930 0.45964662 -0.69155226
v 0.61208663 0.43971446 -0.71503892
v 0.66827065 0.42952095 -0.75313257
v 0.72227407 0.42957722 -0.80392302
v 0.77138894 0.43988046 -0.86486345
v 0.81315242 0.45991402 -0.93289803
v 0.84547032 0.48867332 -1.00461523
v 0.86672208 0.52471627 -1.07641886
v 0.87584206 0.56623551 -1.14470837
v 0.87237295 0.61114910 -1.20605944
v 0.85648868 0.65720488 -1.25739568
v 0.82898578 0.70209342 -1.29614288
v 0.79124335 0.74356383 -1.32035808
v 0.76281004 0.86931620 -1.26686454
v 0.70998717 0.89631146 -1.25810211
v 0.65386095 0.91382567 -1.23408304
v 0.59724578 0.92098058 -1.19601174
v 0.54298058 0.91741743 -1.14579728
v 0.49378644 0.90331488 -1.08595761
v 0.45213016 0.87938009 -1.01949335
v 0.42010055 0.84681326 -0.94973729
v 0.39930371 0.80724742 -0.88018728
v 0.39078249 0.76266656 -0.81433087
v 0.39496417 0.71530617 -0.75547036
v 0.41163907 0.66754108 -0.70655726
v 0.43997103 0.62176643 -0.67004429
v 0.47853939 0.58027757 -0.64776235
v 0.52541014 0.54515490 -0.64082876
v 0.57823301 0.51815964 -0.64959119
v 0.63435923 0.50064543 -0.67361026
v 0.69097440 0.49349052 -0.71168156
v 0.74523960 0.49705367 -0.76189602
v 0.79443374 0.51115622 -0.82173569
v 0.83609003 0.53509101 -0.88819995
v 0.86811964 0.56765784 -0.95795602
v 0.88891648 0.60722368 -1.02750602
v 0.89743770 0.65180454 -1.09336243
v 0.89325602 0.69916493 -1.15222295
v 0.87658112 0.74693002 -1.20113604
v 0.84824915 0.79270467 -1.23764901
v 0.80968080 0.83419354 -1.25993095
v 0.77798093 0.95738134 -1.19886959
v 0.72448741 0.98259735 -1.18920197
v 0.66782759 0.99761119 -1.16485291
v 0.61084262 1.00167002 -1.12704339
v 0.55638997 0.99457029 -1.07766932
v 0.50720012 0.97666802 -1.01920654
v 0.46573966 0.94886091 -0.95458661
v 0.43408759 0.91254332 -0.88704984
v 0.41383106 0.86953636 -0.81998280
v 0.40598584 0.82199658 -0.75674853
v 0.41094532 0.77230784 -0.70051785
v 0.42846079 0.72296172 -0.65411040
v 0.45765397 0.67643265 -0.61985324
v 0.49706099 0.63505379 -0.59946417
v 0.54470582 0.60090004 -0.59396559
v 0.59819933 0.57568403 -0.60363322
v 0.65485916 0.56067019 -0.62798227
v 0.71184412 0.55661136 -0.66579180
v 0.76629677 0.56371109 -0.71516586
v 0.81548662 0.58161336 -0.77362864
v 0.85694708 0.60942047 -0.83824858
v 0.88859916 0.64573806 -0.90578535
v 0.90885568 0.68874502 -0.97285238
v 0.91670090 0.73628479 -1.03608666
v 0.91174143 0.78597354 -1.09231734
v 0.89422595 0.83531966 -1.13872479
v 0.86503277 0.88184873 -1.17298195
v 0.82562575 0.92322759 -1.19337101
v 0.79057956 1.04344382 -1.12476903
v 0.73644941 1.06679118 -1.11436117
v 0.67930840 1.07923831 -1.08989426
v 0.62202182 1.08016104 -1.05259516
v 0.56746227 1.06951312 -1.00433420
v 0.51836558 1.04782846 -0.94753140
v 0.47719366 1.01619443 -0.88503507
v 0.44601106 0.97619729 -0.81997905
v 0.42638139 0.92984267 -0.75562552
v 0.41928897 0.87945497 -0.69520142
v 0.42508944 0.82756086 -0.64173669
v 0.44349194 0.77676251 -0.59791226
v 0.47357370 0.72960716 -0.56592568
v 0.51382628 0.68845940 -0.54738087
v 0.56223127 0.65538252 -0.54320777
v 0.61636142 0.63203515 -0.55361562
v 0.67350242 0.61958803 -0.57808253
v 0.73078900 0.61866529 -0.61538163
v 0.78534855 0.62931322 -0.66364259
v 0.83444524 0.65099788 -0.72044540
v 0.87561716 0.68263191 -0.78294172
v 0.90679976 0.72262905 -0.84799775
v 0.92642943 0.76898367 -0.91235128
v 0.93352185 0.81937137 -0.97277537
v 0.92772138 0.87126548 -1.02624010
v 0.90931888 0.92206383 -1.07006453
v 0.87923712 0.96921917 -1.10205112
v 0.83898454 1.01036694 -1.12059592
v 0.80052031 1.12718401 -1.04450112
v 0.74579429 1.14858844 -1.03352638
v 0.68823131 1.15842010 -1.00916196
v 0.63071783 1.15618597 -0.97262961
v 0.57613780 1.14199809 -0.92576120
v 0.52722810 1.11656790 -0.87090692
v 0.48644126 1.08117058 -0.81081738
v 0.45582251 1.03758109 -0.74850574
v 0.43690720 0.98798520 -0.68709654
v 0.43064382 0.93486984 -0.62966911
v 0.43734644 0.88089845 -0.57910310
v 0.45667897 0.82877737 -0.53793410
v 0.48767199 0.78112018 -0.50822649
v 0.52877138 0.74031660 -0.49146995
v 0.57791626 0.70841269 -0.48850470
v 0.63264228 0.68700826 -0.49947944
v 0.69020525 0.67717661 -0.52384386
v 0.74771874 0.67941073 -0.56037621
v 0.80229877 0.69359861 -0.60724462
v 0.85120847 0.71902880 -0.66209890
v 0.89199531 0.75442612 -0.72218844
v 0.92261406 0.79801561 -0.78450009
v 0.94152937 0.84761151 -0.84590928
v 0.94779275 0.90072686 -0.90333671
v 0.94109013 0.95469826 -0.95390272
v 0.92175760 1.00681933 -0.99507172
v 0.89076457 1.05447653 -1.02477933
v 0.84966518 1.09528011 -1.04153588
v 0.80772087 1.20825085 -0.95802113
v 0.75244607 1.22765431 -0.94665967
v 0.69452666 1.23484074 -0.92262459
v 0.63686697 1.22944976 -0.88712113
v 0.58235828 1.21175171 -0.84192956
v 0.53373390 1.18263403 -0.78931598
v 0.49343206 1.14355682 -0.73191867
v 0.46347365 1.09647956 -0.67261575
v 0.44536091 1.04376290 -0.61438093
v 0.44000210 0.98805029 -0.56013434
v 0.44766592 0.93213537 -0.51259613
v 0.46796809 0.87882197 -0.47415007
v 0.49989056 0.83078343 -0.44672401
v 0.54183261 0.79042861 -0.43169319
v 0.59169110 0.75978106 -0.42981133
v 0.64696590 0.74037760 -0.44117279
v 0.70488530 0.73319117 -0.46520787
v 0.76254500 0.73858215 -0.50071134
v 0.81705368 0.75628020 -0.54590290
v 0.86567806 0.78539788 -0.59851648
v 0.90597991 0.82447509 -0.65591379
v 0.93593832 0.87155235 -0.71521671
v 0.95405105 0.92426901 -0.77345153
v 0.95940987 0.97998162 -0.82769812
v 0.95174604 1.03589654 -0.87523633
v 0.93144387 1.08920994 -0.91368239
v 0.89952140 1.13724848 -0.94110846
v 0.85757935 1.17760330 -0.95613927
v 0.81210416 1.28626249 -0.86530676
v 0.75633345 1.30362422 -0.85374388
v 0.69812886 1.30815586 -0.83026952
v 0.64040903 1.29963015 -0.79606077
v 0.58606825 1.27847463 -0.75283301
v 0.53783142 1.24575012 -0.70275386
v 0.49811731 1.20309756 -0.64833449
v 0.46891736 1.15265572 -0.59230372
v 0.45169579 1.09695398 -0.53747117
v 0.44731615 1.03878545 -0.48658636
v 0.45599805 0.98106694 -0.44220088
v 0.47730615 0.92669271 -0.40654040
v 0.51017197 0.87838929 -0.38139309
v 0.55294748 0.83857883 -0.36801993
v 0.60348775 0.80925759 -0.36709151
v 0.65925846 0.79189586 -0.37865439
v 0.71746304 0.78736423 -0.40212875
v 0.77518288 0.79588993 -0.43633750
v 0.82952365 0.81704546 -0.47956526
v 0.87776049 0.84976997 -0.52964441
v 0.91747460 0.89242253 -0.58406378
v 0.94667454 0.94286437 -0.64009455
v 0.96389612 0.99856611 -0.69492711
v 0.96827576 1.05673464 -0.74581191
v 0.95959386 1.11445315 -0.79019739
v 0.93828576 1.16882738 -0.82585787
v 0.90541994 1.21713080 -0.85100519
v 0.86264442 1.25694125 -0.86437835
v 0.81360034 1.36080777 -0.76636365
v 0.75739170 1.37610502 -0.75478792
v 0.69897816 1.37799344 -0.73210799
v 0.64128883 1.36637834 -0.69946113
v 0.58721649 1.34184215 -0.65848440
v 0.53947256 1.30561522 -0.61123253
v 0.50045111 1.25951411 -0.56007494
v 0.47210885 1.20585054 -0.50757687
v 0.45586697 1.14731541 -0.45637081
v 0.45253990 1.08684392 -0.40902443
v 0.46229449 1.02746836 -0.36791188
v 0.48464159 0.97216608 -0.33509472
v 0.51846063 0.92371016 -0.31221854
v 0.56205578 0.88453037 -0.30043043
v 0.61324100 0.85659137 -0.30032152
v 0.66944965 0.84129413 -0.31189725
v 0.72786318 0.83940571 -0.33457718
v 0.78555251 0.85102081 -0.36722404
v 0.83962485 0.87555700 -0.40820077
v 0.88736878 0.91178393 -0.45545264
v 0.92639023 0.95788503 -0.50661023
v 0.95473249 1.01154861 -0.55910830
v 0.97097438 1.07008374 -0.61031436
v 0.97430144 1.13055523 -0.65766074
v 0.96454685 1.18993078 -0.69877329
v 0.94219975 1.24523307 -0.73159045
v 0.90838071 1.29368899 -0.75446664
v 0.86478556 1.33286877 -0.76625474
v 0.81214878 1.43144823 -0.66123062
v 0.75556452 1.44467682 -0.64983183
v 0.69702238 1.44395542 -0.62818008
v 0.63945789 1.42932023 -0.59736107
v 0.58575758 1.40150510 -0.55892021
v 0.53861420 1.36190480 -0.51478507
v 0.50039173 1.31250507 -0.46716878
v 0.47300680 1.25578299 -0.41845901
v 0.45783260 1.19458287 -0.37109828
v 0.45563003 1.13197353 -0.32746146
v 0.46650954 1.07109446 -0.28973667
v 0.48992557 1.01499839 -0.25981559
v 0.52470397 0.96649822 -0.23919859
v 0.56910078 0.92802594 -0.22891950
v 0.62088977 0.90151071 -0.22949375
v 0.67747403 0.88828213 -0.24089254
v 0.73601617 0.88900353 -0.26254429
v 0.79358066 0.90363872 -0.29336330
v 0.84728097 0.93145385 -0.33180416
v 0.89442435 0.97105415 -0.37593930
v 0.93264682 1.02045388 -0.42355559
v 0.96003175 1.07717595 -0.47226536
v 0.97520595 1.13837608 -0.51962609
v 0.97740852 1.20098542 -0.56326291
v 0.96652901 1.26186449 -0.60098770
v 0.94311297 1.31796056 -0.63090878
v 0.90833458 1.36646073 -0.65152578
v 0.86393777 1.40493301 -0.66180487
v 0.80770000 1.49772089 -0.54998472
v 0.75080597 1.50889549 -0.53895180
v 0.69221872 1.50561989 -0.51855951
v 0.63487608 1.48805833 -0.48983040
v 0.58165344 1.45709142 -0.45420508
v 0.53521961 1.41427198 -0.41346994
v 0.49790298 1.36174715 -0.36966761
v 0.47157475 1.30215074 -0.32499453
v 0.45755513 1.23847118 -0.28169079
v 0.45654713 1.17390161 -0.24192782
v 0.46860129 1.11167982 -0.20769950
v 0.49311316 1.05492588 -0.18072219
v 0.52885362 1.00648567 -0.16234863
v 0.57403049 0.96878817 -0.15350016
v 0.62637842 0.94372371 -0.15462047
v 0.68327246 0.93254911 -0.16565339
v 0.74185970 0.93582471 -0.18604567
v 0.79920234 0.95338627 -0.21477478
v 0.85242498 0.98435318 -0.25040010
v 0.89885881 1.02717262 -0.29113524
v 0.93617545 1.07969745 -0.33493757
v 0.96250368 1.13929386 -0.37961065
v 0.97652330 1.20297342 -0.42291439
v 0.97753130 1.26754299 -0.46267736
v 0.96547714 1.32976478 -0.49690568
v 0.94096526 1.38651872 -0.52388300
v 0.90522480 1.43495893 -0.54225655
v 0.86004793 1.47265643 -0.55110503
v 0.80021764 1.55914160 -0.43274589
v 0.74308223 1.56829576 -0.42226474
v 0.68453555 1.56254379 -0.40335821
v 0.62751337 1.54217413 -0.37697436
v 0.57487502 1.50820819 -0.34443619
v 0.52926001 1.46234916 -0.30737529
v 0.49295566 1.40689661 -0.26765005
v 0.46778243 1.34463117 -0.22725247
v 0.45500261 1.27867507 -0.18820824
v 0.45525703 1.21233564 -0.15247520
v 0.46853293 1.14893941 -0.12184517
v 0.49416460 1.09166533 -0.09785405
v 0.53086677 1.04338537 -0.08170486
v 0.57679904 1.00652048 -0.07420739
v 0.62965816 0.98291922 -0.07573760
v 0.68679357 0.97376506 -0.08621875
v 0.74534025 0.97951703 -0.10512528
v 0.80236243 0.99988669 -0.13150912
v 0.85500078 1.03385263 -0.16404730
v 0.90061579 1.07971166 -0.20110820
v 0.93692013 1.13516421 -0.24083344
v 0.96209336 1.19742965 -0.28123102
v 0.97487319 1.26338575 -0.32027525
v 0.97461877 1.32972518 -0.35600829
v 0.96134287 1.39312141 -0.38663832
v 0.93571119 1.45039548 -0.41062944
v 0.89900902 1.49867545 -0.42677863
v 0.85307676 1.53554034 -0.43427610
v 0.78968018 1.61520894 -0.30968129
v 0.73237346 1.62239480 -0.29993259
v 0.67395408 1.61426631 -0.28273057
v 0.61735144 1.59123109 -0.25893782
v 0.56540382 1.55444421 -0.22974740
v 0.52071611 1.50575032 -0.19662305
v 0.48552912 1.44759113 -0.16122575
v 0.46160729 1.38288298 -0.12533048
v 0.45015014 1.31487063 -0.09073717
v 0.45173220 1.24696448 -0.05918047
v 0.46627412 1.18256964 -0.03224278
v 0.49304672 1.12491513 -0.01127486
v 0.53070750 1.07689199 0.00267188
v 0.57736800 1.04090830 0.00889808
v 0.63068847 1.01876843 0.00709153
v 0.68799519 1.01158258 -0.00265717
v 0.74641457 1.01971106 -0.01985919
v 0.80301721 1.04274628 -0.04365194
v 0.85496482 1.07953316 -0.07284236
v 0.89965254 1.12822706 -0.10596671
v 0.93483952 1.18638625 -0.14136401
v 0.95876136 1.25109439 -0.17725928
v 0.97021851 1.31910674 -0.21185259
v 0.96863645 1.38701289 -0.24340929
v 0.95409453 1.45140774 -0.27034698
v 0.92732193 1.50906225 -0.29131490
v 0.88966115 1.55708539 -0.30526164
v 0.84300064 1.59306907 -0.31148783
v 0.77608274 1.66540873 -0.18100908
v 0.71867542 1.67069646 -0.17216615
v 0.66047007 1.66031270 -0.15687729
v 0.60438534 1.63477813 -0.13590916
v 0.55323356 1.59537316 -0.11031317
v 0.50957969 1.54407373 -0.08137282
v 0.47561272 1.48345219 -0.05053929
v 0.45303589 1.41654837 -0.01935872
v 0.44298131 1.34671710 0.01060538
v 0.44595314 1.27746002 0.03785048
v 0.46180238 1.21224996 0.06101040
v 0.48973427 1.15435682 0.07892381
v 0.52834819 1.10668363 0.09069244
v 0.57570787 1.07162089 0.09572617
v 0.62943852 1.05092681 0.09377260
v 0.68684583 1.04563908 0.08492967
v 0.74505119 1.05602284 0.06964081
v 0.80113592 1.08155741 0.04867268
v 0.85228770 1.12096238 0.02307669
v 0.89594157 1.17226182 -0.00586366
v 0.92990854 1.23288336 -0.03669719
v 0.95248536 1.29978718 -0.06787776
v 0.96253995 1.36961845 -0.09784186
v 0.95956811 1.43887553 -0.12508696
v 0.94371888 1.50408559 -0.14824688
v 0.91578699 1.56197872 -0.16616029
v 0.87717307 1.60965192 -0.17792892
v 0.82981338 1.64471465 -0.18296265
v 0.75943861 1.70921893 -0.04700170
v 0.70200110 1.71269594 -0.03922846
v 0.64409537 1.70019862 -0.02604887
v 0.58862506 1.67235362 -0.00812381
v 0.53837167 1.63055722 0.01364787
v 0.49585512 1.57690526 0.03817446
v 0.46320737 1.51408808 0.06422609
v 0.44206551 1.44525558 0.09049642
v 0.43348968 1.37385933 0.11566815
v 0.43790992 1.30347942 0.13847906
v 0.45510457 1.23764499 0.15778532
v 0.48421142 1.17965727 0.17261884
v 0.52377093 1.13242400 0.18223579
v 0.57179943 1.09831364 0.18615394
v 0.62588855 1.07903664 0.18417682
v 0.68332606 1.07555963 0.17640358
v 0.74123179 1.08805696 0.16322399
v 0.79670211 1.11590195 0.14529894
v 0.84695550 1.15769835 0.12352725
v 0.88947205 1.21135031 0.09900066
v 0.92211980 1.27416749 0.07294903
v 0.94326166 1.34299999 0.04667870
v 0.95183748 1.41439624 0.02150697
v 0.94741724 1.48477616 -0.00130394
v 0.93022259 1.55061058 -0.02061020
v 0.90111574 1.60859830 -0.03544371
v 0.86155623 1.65583158 -0.04506066
v 0.81352774 1.68994193 -0.04897882
v 0.73978066 1.74611497 0.09201141
v 0.68238212 1.74788482 0.09856242
v 0.62485941 1.73343492 0.10945152
v 0.57009697 1.70348984 0.12413267
v 0.52084081 1.65955116 0.14186971
v 0.47956085 1.60382214 0.16177322
v 0.44832702 1.53909727 0.18284516
v 0.42870553 1.46862214 0.20402890
v 0.42168028 1.39593064 0.22426218
v 0.42760355 1.32466785 0.24253044
v 0.44617831 1.25840717 0.25791763
v 0.47647315 1.20047119 0.26965216
v 0.51696897 1.15376506 0.27714562
v 0.56563513 1.12063083 0.28002226
v 0.62003130 1.10272997 0.27813782
v 0.67742985 1.10096012 0.27158681
v 0.73495255 1.11541003 0.26069771
v 0.78971499 1.14535511 0.24601656
v 0.83897115 1.18929379 0.22827952
v 0.88025112 1.24502281 0.20837601
v 0.91148494 1.30974767 0.18730407
v 0.93110643 1.38022281 0.16612033
v 0.93813168 1.45291430 0.14588704
v 0.93220842 1.52417710 0.12761878
v 0.91363365 1.59043778 0.11223160
v 0.88333881 1.64837376 0.10049707
v 0.84284300 1.69507989 0.09300361
v 0.79417684 1.72821412 0.09012697
v 0.71716259 1.77557551 0.23564179
v 0.65987000 1.77575659 0.24083117
v 0.60281047 1.75953287 0.24926558
v 0.54884521 1.72771787 0.26052209
v 0.50068026 1.68190692 0.27403625
v 0.46073082 1.62439717 0.28913040
v 0.43100011 1.55807241 0.30504767
v 0.41297896 1.48625844 0.32098988
v 0.40757102 1.41255631 0.33615764
v 0.41504747 1.34066175 0.34979036
v 0.43503341 1.27417985 0.36120446
v 0.46652667 1.21644430 0.36982756
v 0.50794803 1.17035019 0.37522729
v 0.55722045 1.13820888 0.37713286
v 0.61187322 1.12163207 0.37544874
v 0.66916582 1.12145098 0.37025936
v 0.72622535 1.13767471 0.36182495
v 0.78019061 1.16948971 0.35056844
v 0.82835555 1.21530066 0.33705428
v 0.86830500 1.27281041 0.32196012
v 0.89803571 1.33913517 0.30604286
v 0.91605686 1.41094914 0.29010064
v 0.92146480 1.48465127 0.27493289
v 0.91398834 1.55654583 0.26130016
v 0.89400240 1.62302773 0.24988607
v 0.86250915 1.68076328 0.24126296
v 0.82108779 1.72685739 0.23586324
v 0.77181536 1.75899870 0.23395766
v 0.69165995 1.79708836 0.38344057
v 0.63453726 1.79581242 0.38714364
v 0.57801683 1.77800969 0.39297816
v 0.52493283 1.74457285 0.40065157
v 0.47794712 1.69717859 0.40977909
v 0.43941575 1.63820344 0.41990304
v 0.41127084 1.57060466 0.43051574
v 0.39492371 1.49777194 0.44108504
v 0.39119406 1.42335742 0.45108096
v 0.40026892 1.35109255 0.46000224
v 0.42169323 1.28460099 0.46740154
v 0.45439269 1.22721691 0.47290784
v 0.49672761 1.18181778 0.47624501
v 0.54657514 1.15068011 0.47724573
v 0.60143572 1.13536527 0.47585980
v 0.65855841 1.13664121 0.47215674
v 0.71507884 1.15444395 0.46632222
v 0.76816284 1.18788078 0.45864880
v 0.81514855 1.23527505 0.44952128
v 0.85367992 1.29425020 0.43939734
v 0.88182483 1.36184897 0.42878463
v 0.89817196 1.43468169 0.41821533
v 0.90190161 1.50909622 0.40821942
v 0.89282675 1.58136109 0.39929814
v 0.87140244 1.64785265 0.39189883
v 0.83870298 1.70523673 0.38639254
v 0.79636807 1.75063585 0.38305536
v 0.74652053 1.78177352 0.38205465
v 0.66337096 1.81015677 0.53489780
v 0.60647832 1.80756720 0.53700598
v 0.55056777 1.78839434 0.54011610
v 0.49844289 1.75359959 0.54407221
v 0.45271745 1.70492772 0.54867591
v 0.41568431 1.64481933 0.55369638
v 0.38920046 1.57628850 0.55888185
v 0.37459392 1.50277167 0.56397231
v 0.37259711 1.42795526 0.56871250
v 0.38331018 1.35559089 0.57286473
v 0.40619591 1.28930721 0.57622079
v 0.44010673 1.23242796 0.57861239
v 0.48334220 1.18780530 0.57991960
v 0.53373432 1.15767680 0.58007688
v 0.58875621 1.14355323 0.57907635
v 0.64564885 1.14614280 0.57696816
v 0.70155941 1.16531566 0.57385804
v 0.75368429 1.20011040 0.56990194
v 0.79940973 1.24878228 0.56529823
v 0.83644287 1.30889067 0.56027776
v 0.86292672 1.37742149 0.55509229
v 0.87753326 1.45093833 0.55000183
v 0.87953007 1.52575474 0.54526164
v 0.86881700 1.59811911 0.54110941
v 0.84593127 1.66440279 0.53775335
v 0.81202045 1.72128204 0.53536175
v 0.76878498 1.76590470 0.53405454
v 0.71839286 1.79603320 0.53389726
v 0.63241710 1.81430574 0.68944250
v 0.57581014 1.81055577 0.68986447
v 0.52057426 1.79023364 0.69014782
v 0.46947924 1.75435839 0.69027833
v 0.42508718 1.70472896 0.69024946
v 0.38962409 1.64383396 0.69006265
v 0.36486824 1.57472694 0.68972729
v 0.35206098 1.50087321 0.68926017
v 0.35184453 1.42597609 0.68868473
v 0.36422975 1.35379125 0.68802982
v 0.38859558 1.28793834 0.68732827
v 0.42372021 1.23171949 0.68661528
v 0.46784237 1.18795375 0.68592659
v 0.51874956 1.15883572 0.68529673
v 0.57388911 1.14582549 0.68475729
v 0.63049607 1.14957547 0.68433531
v 0.68573194 1.16989760 0.68405197
v 0.73682697 1.20577285 0.68392146
v 0.78121902 1.25540228 0.68395033
v 0.81668211 1.31629728 0.68413713
v 0.84143797 1.38540430 0.68447250
v 0.85424522 1.45925803 0.68493962
v 0.85446167 1.53415515 0.68551506
v 0.84207646 1.60633999 0.68616997
v 0.81771063 1.67219290 0.68687151
v 0.78258599 1.72841175 0.68758451
v 0.73846384 1.77217749 0.68827320
v 0.68755664 1.80129552 0.68890306
v 0.59894342 1.80908854 0.84644352
v 0.54267264 1.80433929 0.84510607
v 0.48816955 1.78309844 0.84248355
v 0.43816717 1.74643108 0.83870749
v 0.39517284 1.69617587 0.83396722
v 0.36134246 1.63485282 0.82850045
v 0.33837243 1.56553692 0.82258130
v 0.32741456 1.49170396 0.81650658
v 0.32901834 1.41705623 0.81058090
v 0.34310333 1.34533688 0.80510140
v 0.36896326 1.28014222 0.80034285
v 0.40530140 1.22474139 0.79654386
v 0.45029561 1.18191240 0.79389493
v 0.50168969 1.15380289 0.79252889
v 0.55690653 1.14182238 0.79251422
v 0.61317732 1.14657162 0.79385168
v 0.66768040 1.16781248 0.79647419
v 0.71768278 1.20447984 0.80025026
v 0.76067711 1.25473505 0.80499052
v 0.79450750 1.31605810 0.81045730
v 0.81747752 1.38537400 0.81637645
v 0.82843539 1.45920696 0.82245117
v 0.82683161 1.53385469 0.82837685
v 0.81274662 1.60557404 0.83385634
v 0.78688669 1.67076869 0.83861489
v 0.75054855 1.72616953 0.84241388
v 0.70555434 1.76899852 0.84506282
v 0.65416026 1.79710803 0.84642886
v 0.56311868 1.79409311 1.00521110
v 0.50722892 1.78851163 1.00205973
v 0.45350939 1.76658992 0.99647643
v 0.40465382 1.72942722 0.98874118
v 0.36311202 1.67888702 0.97924186
v 0.33096709 1.61750362 0.96845479
v 0.30983089 1.54835505 0.95692089
v 0.30076329 1.47490869 0.94521852
v 0.30421897 1.40084746 0.93393448
v 0.32002465 1.32988510 0.92363460
v 0.34738778 1.26557995 0.91483536
v 0.38493624 1.21115654 0.90797799
v 0.43078719 1.16934389 0.90340635
v 0.48264150 1.14223867 0.90134968
v 0.53789895 1.13120003 0.90191110
v 0.59378871 1.13678151 0.90506248
v 0.64750824 1.15870322 0.91064577
v 0.69636381 1.19586592 0.91838102
v 0.73790560 1.24640612 0.92788035
v 0.77005054 1.30778952 0.93866741
v 0.79118674 1.37693809 0.95020131
v 0.80025434 1.45038445 0.96190368
v 0.79679866 1.52444568 0.97318772
v 0.78099297 1.59540804 0.98348760
v 0.75362985 1.65971319 0.99228684
v 0.71608139 1.71413660 0.99914421
v 0.67023043 1.75594925 1.00371585
v 0.61837613 1.78305447 1.00577253
v 0.52513511 1.76894850 1.16499921
v 0.46966515 1.76270571 1.15999853
v 0.41677211 1.74034591 1.15142425
v 0.36910827 1.70299029 1.13970630
v 0.32906369 1.65251204 1.12543229
v 0.29864637 1.59144233 1.10931796
v 0.27938157 1.52284347 1.09217136
v 0.27223530 1.45015528 1.07485229
v 0.27756590 1.37702265 1.05822920
v 0.29510608 1.30711276 1.04313564
v 0.32397630 1.24393119 1.03032847
v 0.36272889 1.19064611 1.02044988
v 0.40942062 1.14992947 1.01399525
v 0.46171019 1.12382297 1.01128821
v 0.51697557 1.11363570 1.01246453
v 0.57244553 1.11987849 1.01746521
v 0.62533856 1.14223830 1.02603949
v 0.67300241 1.17959391 1.03775744
v 0.71304699 1.23007217 1.05203145
v 0.74346431 1.29114187 1.06814578
v 0.76272911 1.35974074 1.08529238
v 0.76987538 1.43242893 1.10261145
v 0.76454478 1.50556155 1.11923454
v 0.74700460 1.57547144 1.13432810
v 0.71813437 1.63865302 1.14713527
v 0.67938179 1.69193809 1.15701386
v 0.63269005 1.73265473 1.16346849
v 0.58040049 1.75876123 1.16617553
v 0.48520800 1.73333114 1.32500870
v 0.43019025 1.72659981 1.31814251
v 0.37815838 1.70404710 1.30657200
v 0.33172150 1.66680391 1.29087737
v 0.29320814 1.61673775 1.27184561
v 0.26454951 1.55635917 1.25043106
v 0.24718270 1.48869578 1.22770753
v 0.24197852 1.41714052 1.20481446
v 0.24919796 1.34528146 1.18289983
v 0.26847899 1.27672192 1.16306251
v 0.29885479 1.21489976 1.14629723
v 0.33880218 1.16291501 1.13344468
v 0.38631803 1.12337438 1.12514933
v 0.43901971 1.09826063 1.12182715
v 0.49426452 1.08883304 1.12364473
v 0.54928227 1.09556437 1.13051092
v 0.60131413 1.11811708 1.14208143
v 0.64775102 1.15536027 1.15777606
v 0.68626438 1.20542643 1.17680781
v 0.71492300 1.26580502 1.19822237
v 0.73228982 1.33346840 1.22094590
v 0.73749399 1.40502367 1.24383896
v 0.73027455 1.47688272 1.26575360
v 0.71099352 1.54544226 1.28559092
v 0.68061773 1.60726442 1.30235620
v 0.64067034 1.65924918 1.31520875
v 0.59315449 1.69878980 1.32350410
v 0.54045281 1.72390356 1.32682628
v 0.44357498 1.68697085 1.48439113
v 0.38903524 1.67992359 1.47566225
v 0.33789070 1.65742318 1.46111524
v 0.29270595 1.62059788 1.44147954
v 0.25574675 1.57129427 1.41773977
v 0.22886639 1.51198463 1.39108635
v 0.21341275 1.44564300 1.36285578
v 0.21016076 1.37559602 1.33446367
v 0.21927347 1.30535615 1.30733371
v 0.24029394 1.23844550 1.28282631
v 0.27216812 1.17821925 1.26217038
v 0.31329769 1.12769740 1.24640169
v 0.36162026 1.08941333 1.23631095
v 0.41471272 1.06528675 1.23240415
v 0.46991280 1.05652748 1.23487720
v 0.52445254 1.06357473 1.24360608
v 0.57559708 1.08607515 1.25815309
v 0.62078183 1.12290044 1.27778879
v 0.65774103 1.17220406 1.30152855
v 0.68462139 1.23151369 1.32818198
v 0.70007503 1.29785532 1.35641255
v 0.70332702 1.36790230 1.38480466
v 0.69421431 1.43814217 1.41193462
v 0.67319384 1.50505282 1.43644202
v 0.64131966 1.56527907 1.45709795
v 0.60019009 1.61580092 1.47286664
v 0.55186752 1.65408499 1.48295738
v 0.49877506 1.67821157 1.48686418
v 0.40049502 1.62965662 1.64225340
v 0.34645240 1.62246395 1.63168330
v 0.29621261 1.60025862 1.61420412
v 0.25229489 1.56415410 1.59069235
v 0.21690147 1.51596082 1.56232697
v 0.19180711 1.45809539 1.53053034
v 0.17827015 1.39345942 1.49689687
v 0.17696939 1.32529404 1.46311308
v 0.18797006 1.25701734 1.43087304
v 0.21072054 1.19205300 1.40179340
v 0.24408001 1.13365860 1.37733232
v 0.28637571 1.08476228 1.35871640
v 0.33548674 1.04781591 1.34687911
v 0.38895048 1.02467213 1.34241402
v 0.44408603 1.01649146 1.34554503
v 0.49812866 1.02368413 1.35611514
v 0.54836844 1.04588946 1.37359431
v 0.59228616 1.08199398 1.39710608
v 0.62767958 1.13018727 1.42547146
v 0.65277394 1.18805270 1.45726809
v 0.66631090 1.25268866 1.49090157
v 0.66761166 1.32085404 1.52468535
v 0.65661099 1.38913074 1.55692539
v 0.63386052 1.45409509 1.58600503
v 0.60050104 1.51248949 1.61046611
v 0.55820534 1.56138580 1.62908203
v 0.50909431 1.59833218 1.64091932
v 0.45563057 1.62147596 1.64538441
v 0.35624722 1.56124203 1.79766302
v 0.30271407 1.55407051 1.78529116
v 0.25338768 1.53239832 1.76494820
v 0.21074149 1.49731219 1.73765421
v 0.17691397 1.45057147 1.70477784
v 0.15360135 1.39451996 1.66796764
v 0.14197264 1.33196830 1.62906943
v 0.14261095 1.26605310 1.59003372
v 0.15548426 1.20007962 1.55281794
v 0.17994706 1.13735605 1.51928823
v 0.21477268 1.08102760 1.49112591
v 0.25821482 1.03391882 1.46974316
v 0.30809511 0.99839194 1.45621221
v 0.36191234 0.97622844 1.45121154
v 0.41696789 0.96853967 1.45499192
v 0.47050105 0.97571118 1.46736378
v 0.51982744 0.99738338 1.48770674
v 0.56247362 1.03246951 1.51500072
v 0.59630115 1.07921022 1.54787709
v 0.61961376 1.13526174 1.58468729
v 0.63124247 1.19781339 1.62358551
v 0.63060417 1.26372859 1.66262121
v 0.61773086 1.32970208 1.69983700
v 0.59326805 1.39242565 1.73336671
v 0.55844243 1.44875410 1.76152903
v 0.51500029 1.49586288 1.78291177
v 0.46512000 1.53138975 1.79644273
v 0.41130277 1.55355326 1.80144339
v 0.31112924 1.48165020 1.94965404
v 0.25811126 1.47466069 1.93553711
v 0.20969817 1.45375273 1.91242195
v 0.16831761 1.41997473 1.88146765
v 0.13604457 1.37502046 1.84422638
v 0.11449737 1.32114412 1.80256559
v 0.10475645 1.26104729 1.75857432
v 0.10731028 1.19774348 1.71445847
v 0.12203079 1.13440700 1.67243019
v 0.14817984 1.07421381 1.63459697
v 0.18444621 1.02018224 1.60285591
v 0.22901134 0.97502168 1.57879864
v 0.27964056 0.94099665 1.56363150
v 0.33379510 0.91981331 1.55811503
v 0.38875943 0.91253388 1.56252585
v 0.44177741 0.91952339 1.57664278
v 0.49019050 0.94043135 1.59975794
v 0.53157106 0.97420935 1.63071224
v 0.56384409 1.01916362 1.66795351
v 0.58539130 1.07303996 1.70961430
v 0.59513222 1.13313679 1.75360557
v 0.59257839 1.19644060 1.79772142
v 0.57785788 1.25977708 1.83974970
v 0.55170883 1.31997027 1.87758292
v 0.51544246 1.37400184 1.90932398
v 0.47087733 1.41916240 1.93338125
v 0.42024811 1.45318743 1.94854839
v 0.36609357 1.47437077 1.95406486
v 0.26545556 1.39087827 2.09723368
v 0.21295195 1.38422430 2.08144454
v 0.16544345 1.36430261 2.05567090
v 0.12531232 1.33211216 2.02120514
v 0.09457092 1.28926712 1.97977553
v 0.07476074 1.23791592 1.93345952
v 0.06687514 1.18063351 1.88457960
v 0.07130955 1.12029229 1.83558679
v 0.08784161 1.05991801 1.78893781
v 0.11564233 1.00253808 1.74697183
v 0.15331766 0.95102978 1.71179320
v 0.19897841 0.90797595 1.68516593
v 0.25033495 0.87553549 1.66842521
v 0.30481206 0.85533509 1.66241050
v 0.35967802 0.84838770 1.66742340
v 0.41218163 0.85504168 1.68321254
v 0.45969013 0.87496337 1.70898618
v 0.49982126 0.90715381 1.74345194
v 0.53056266 0.94999885 1.78488155
v 0.55037284 1.00135006 1.83119755
v 0.55825844 1.05863246 1.88007748
v 0.55382402 1.11897368 1.92907029
v 0.53729197 1.17934797 1.97571927
v 0.50949125 1.23672789 2.01768525
v 0.47181592 1.28823619 2.05286388
v 0.42615517 1.33129002 2.07949115
v 0.37479863 1.36373049 2.09623187
v 0.32032152 1.38393088 2.10224658
v 0.21955550 1.28900136 2.23938944
v 0.16755919 1.28282762 2.22201598
v 0.12093816 1.26410322 2.19371841
v 0.08203019 1.23376708 2.15591570
v 0.05278629 1.19334037 2.11050343
v 0.03467286 1.14485027 2.05975876
v 0.02859820 1.09072827 2.00622623
v 0.03486691 1.03368826 1.95259020
v 0.05316465 0.97659049 1.90154020
v 0.08257390 0.92229805 1.85563608
v 0.12161995 0.87353342 1.81717968
v 0.16834487 0.83274184 1.78809936
v 0.22040568 0.80196878 1.76985332
v 0.27519184 0.78275732 1.76335650
v 0.32995613 0.77607082 1.76893467
v 0.38195244 0.78224456 1.78630813
v 0.42857347 0.80096895 1.81460569
v 0.46748144 0.83130510 1.85240840
v 0.49672534 0.87173180 1.89782068
v 0.51483876 0.92022190 1.94856535
v 0.52091343 0.97434391 2.00209787
v 0.51464472 1.03138391 2.05573391
v 0.49634698 1.08848169 2.10678391
v 0.46693773 1.14277412 2.15268802
v 0.42789168 1.19153876 2.19114442
v 0.38116676 1.23233034 2.22022475
v 0.32910595 1.26310340 2.23847079
v 0.27431979 1.28231485 2.24496761
v 0.17377098 1.17617580 2.37509672
v 0.12226889 1.17061687 2.35624054
v 0.07651015 1.15328797 2.32557302
v 0.03878928 1.12505805 2.28463194
v 0.01099777 1.08734267 2.23547027
v -0.00547080 1.04203304 2.18055318
v -0.00979064 0.99140117 2.12263444
v -0.00174511 0.93798596 2.06461833
v 0.01826233 0.88446587 2.00941403
v 0.04922844 0.83352462 1.95978971
v 0.08960043 0.78771662 1.91823375
v 0.13735391 0.74933886 1.88682992
v 0.19009429 0.72031578 1.86715296
v 0.24517697 0.70210271 1.86018954
v 0.29983986 0.69561292 1.86628884
v 0.35134194 0.70117186 1.88514501
v 0.39710068 0.71850076 1.91581254
v 0.43482155 0.74673068 1.95675361
v 0.46261306 0.78444606 2.00591528
v 0.47908164 0.82975569 2.06083237
v 0.48340147 0.88038755 2.11875112
v 0.47535595 0.93380276 2.17676722
v 0.45534851 0.98732286 2.23197152
v 0.42438240 1.03826411 2.28159584
v 0.38401040 1.08407211 2.32315181
v 0.33625693 1.12244987 2.35455563
v 0.28351654 1.15147295 2.37423260
v 0.22843387 1.16968602 2.38119602
v 0.12845404 1.05264188 2.50332695
v 0.07742751 1.04782100 2.48310195
v 0.03249818 1.03207138 2.45023618
v -0.00408103 1.00618276 2.40637768
v -0.03047587 0.97145330 2.35372568
v -0.04536279 0.92962449 2.29492039
v -0.04799531 0.88279380 2.23291054
v -0.03824142 0.83330952 2.17080557
v -0.01659021 0.78365298 2.11171968
v 0.01587262 0.73631419 2.05861568
v 0.05751926 0.69366690 2.01415643
v 0.10626138 0.65784963 1.98057130
v 0.15965482 0.63065840 1.95954439
v 0.21502224 0.61345670 1.95213008
v 0.26958727 0.60710709 1.95870015
v 0.32061380 0.61192796 1.97892515
v 0.36554314 0.62767759 2.01179091
v 0.40212234 0.65356621 2.05564942
v 0.42851718 0.68829567 2.10830141
v 0.44340410 0.73012448 2.16710671
v 0.44603662 0.77695517 2.22911655
v 0.43628273 0.82643945 2.29122153
v 0.41463152 0.87609598 2.35030742
v 0.38216869 0.92343478 2.40341142
v 0.34052205 0.96608207 2.44787067
v 0.29177994 1.00189934 2.48145580
v 0.23838649 1.02909057 2.50248271
v 0.18301907 1.04629227 2.50989702
v 0.08396429 0.91872568 2.62305603
v 0.03338943 0.91475380 2.60158687
v -0.01075062 0.90075135 2.56671058
v -0.04624251 0.87742047 2.52017601
v -0.07130653 0.84593106 2.46431659
v -0.08468585 0.80786214 2.40193334
v -0.08570959 0.76512264 2.33615442
v -0.07432640 0.71985570 2.27027827
v -0.05110710 0.67433119 2.20760818
v -0.01721599 0.63083191 2.15128670
v 0.02564749 0.59153908 2.10413802
v 0.07533398 0.55842301 2.06852638
v 0.12935199 0.53314428 2.04623748
v 0.18499284 0.51697048 2.03838899
v 0.23946646 0.51071262 2.04537447
v 0.29004132 0.51468450 2.06684362
v 0.33418137 0.52868695 2.10171991
v 0.36967327 0.55201783 2.14825449
v 0.39473728 0.58350724 2.20411391
v 0.40811660 0.62157616 2.26649716
v 0.40914034 0.66431565 2.33227607
v 0.39775716 0.70958259 2.39815223
v 0.37453785 0.75510710 2.46082231
v 0.34064674 0.79860639 2.51714379
v 0.29778326 0.83789922 2.56429247
v 0.24809677 0.87101529 2.59990412
v 0.19407876 0.89629401 2.62219301
v 0.13843791 0.91246782 2.63004150
v 0.04066605 0.77484029 2.73327308
v -0.00948577 0.77181522 2.71069362
v -0.05288339 0.75971072 2.67400866
v -0.08735068 0.73913377 2.62505773
v -0.11115930 0.71111618 2.56629544
v -0.12311539 0.67706287 2.50066837
v -0.12261942 0.63868140 2.43146733
v -0.10969626 0.59789640 2.36216236
v -0.08499392 0.55675299 2.29622870
v -0.04975110 0.51731427 2.23697254
v -0.00573501 0.48155786 2.18736522
v 0.04484720 0.45127674 2.14989427
v 0.09945913 0.42798934 2.12643863
v 0.15536230 0.41286337 2.11817447
v 0.20975349 0.40665733 2.12551619
v 0.25990531 0.40968240 2.14809565
v 0.30330294 0.42178689 2.18478061
v 0.33777023 0.44236384 2.23373154
v 0.36157885 0.47038143 2.29249383
v 0.37353494 0.50443475 2.35812090
v 0.37303897 0.54281621 2.42732194
v 0.36011580 0.58360122 2.49662691
v 0.33541347 0.62474463 2.56256057
v 0.30017065 0.66418335 2.62181673
v 0.25615456 0.69993976 2.67142405
v 0.20557235 0.73022087 2.70889501
v 0.15096042 0.75350828 2.73235064
v 0.09505725 0.76863424 2.74061480
v -0.00107454 0.62148618 2.83298941
v -0.05083622 0.61949195 2.80944107
v -0.09354442 0.60941803 2.77116145
v -0.12705758 0.59176956 2.72007005
v -0.14969520 0.56743151 2.65872879
v -0.16032213 0.53762429 2.59021359
v -0.15840550 0.50384257 2.51796008
v -0.14404142 0.46778029 2.44559137
v -0.11795016 0.43124577 2.37673631
v -0.08144005 0.39607100 2.31484758
v -0.03634185 0.36401980 2.26302856
v 0.01508303 0.33669935 2.22387765
v 0.07025591 0.31547960 2.19935805
v 0.12641021 0.30142460 2.19069928
v 0.18073012 0.29523913 2.19833552
v 0.23049180 0.29723336 2.22188385
v 0.27320001 0.30730728 2.26016348
v 0.30671316 0.32495575 2.31125488
v 0.32935078 0.34929380 2.37259614
v 0.33997771 0.37910102 2.44111134
v 0.33806108 0.41288275 2.51336485
v 0.32369700 0.44894503 2.58573356
v 0.29760574 0.48547955 2.65458862
v 0.26109563 0.52065431 2.71647734
v 0.21599743 0.55270551 2.76829637
v 0.16457256 0.58002597 2.80744728
v 0.10939967 0.60124572 2.83196687
v 0.05324537 0.61530071 2.84062565
v -0.04089261 0.45925078 2.92124761
v -0.09030079 0.45835717 2.89687771
v -0.13237814 0.45042741 2.85722758
v -0.16501472 0.43585914 2.80428545
v -0.18657399 0.41538287 2.74070604
v -0.19597488 0.39002537 2.66967751
v -0.19274600 0.36105816 2.59476151
v -0.17704925 0.32993379 2.51971465
v -0.14967173 0.29821296 2.44830010
v -0.11198627 0.26748628 2.38409886
v -0.06588257 0.23929452 2.33033027
v -0.01367247 0.21505133 2.28969051
v 0.04202601 0.19597237 2.26421741
v 0.09841990 0.18301433 2.25518832
v 0.15268139 0.17682699 2.26305598
v 0.20208957 0.17772060 2.28742588
v 0.24416692 0.18565035 2.32707601
v 0.27680349 0.20021862 2.38001815
v 0.29836276 0.22069489 2.44359755
v 0.30776366 0.24605240 2.51462609
v 0.30453477 0.27501960 2.58954208
v 0.28883802 0.30614398 2.66458894
v 0.26146051 0.33786481 2.73600350
v 0.22377505 0.36859149 2.80020473
v 0.17767135 0.39678325 2.85397332
v 0.12546125 0.42102644 2.89461309
v 0.06976277 0.44010540 2.92008618
v 0.01336888 0.45306344 2.92911528
v -0.07842769 0.28880718 2.99713070
v -0.12752221 0.28906940 2.97209079
v -0.16903218 0.28337774 2.93130238
v -0.20087611 0.27201759 2.87681077
v -0.22145721 0.25555862 2.81134840
v -0.22974348 0.23482613 2.73819783
v -0.22531938 0.21085974 2.66102713
v -0.20840678 0.18486123 2.58370596
v -0.17985374 0.15813427 2.51011153
v -0.14109202 0.13201907 2.44393418
v -0.09406530 0.10782514 2.38849230
v -0.04113170 0.08676567 2.34656599
v 0.01505448 0.06989667 2.32025761
v 0.07167581 0.05806403 2.31088637
v 0.12589308 0.05186108 2.31892218
v 0.17498760 0.05159886 2.34396209
v 0.21649756 0.05729052 2.38475051
v 0.24834149 0.06865067 2.43924212
v 0.26892260 0.08510964 2.50470448
v 0.27720886 0.10584213 2.57785505
v 0.27278477 0.12980852 2.65502575
v 0.25587217 0.15580703 2.73234692
v 0.22731912 0.18253399 2.80594135
v 0.18855740 0.20864919 2.87211870
v 0.14153068 0.23284312 2.92756058
v 0.08859708 0.25390259 2.96948689
v 0.03241091 0.27077159 2.99579527
v -0.02421043 0.28260423 3.00516651
v -0.11332692 0.11091207 3.05977118
v -0.16215025 0.11237063 3.03421539
v -0.20316056 0.10899085 2.99252690
v -0.23430140 0.10094221 2.93679617
v -0.25401126 0.08862832 2.86981776
v -0.26130179 0.07266662 2.79495025
v -0.25580741 0.05385752 2.71594781
v -0.23780365 0.03314418 2.63677195
v -0.20819328 0.01156524 2.56139287
v -0.16846109 -0.00979722 2.49359041
v -0.12059941 -0.02987201 2.43676446
v -0.06700824 -0.04765249 2.39376450
v -0.01037485 -0.06224708 2.36674674
v 0.04646091 -0.07292395 2.35706597
v 0.10064907 -0.07914770 2.36520760
v 0.14947240 -0.08060625 2.39076340
v 0.19048271 -0.07722648 2.43245188
v 0.22162355 -0.06917784 2.48818261
v 0.24133341 -0.05686394 2.55516102
v 0.24862394 -0.04090225 2.63002853
v 0.24312957 -0.02209315 2.70903098
v 0.22512580 -0.00137980 2.78820684
v 0.19551543 0.02019913 2.86358591
v 0.15578324 0.04156159 2.93138838
v 0.10792156 0.06163638 2.98821433
v 0.05433039 0.07941687 3.03121428
v -0.00230299 0.09401146 3.05823204
v -0.05913876 0.10468832 3.06791282
v -0.14524825 -0.07359728 3.10836001
v -0.19384497 -0.07091656 3.08244342
v -0.23442689 -0.07193105 3.04009698
v -0.26495906 -0.07658987 2.98344413
v -0.28391047 -0.08465941 2.91532566
v -0.29033082 -0.09573503 2.83915733
v -0.28389816 -0.10926135 2.75875853
v -0.26493506 -0.12456011 2.67816079
v -0.23439240 -0.14086417 2.60140563
v -0.19380173 -0.15735596 2.53234186
v -0.14519842 -0.17320852 2.47443263
v -0.09101965 -0.18762695 2.43058175
v -0.03398217 -0.19988823 2.40298809
v 0.02305393 -0.20937753 2.39303531
v 0.07722861 -0.21561903 2.40122249
v 0.12582533 -0.21829975 2.42713907
v 0.16640725 -0.21728527 2.46948551
v 0.19693941 -0.21262645 2.52613837
v 0.21589083 -0.20455691 2.59425683
v 0.22231117 -0.19348128 2.67042516
v 0.21587852 -0.17995496 2.75082396
v 0.19691542 -0.16465620 2.83142170
v 0.16637276 -0.14835215 2.90817687
v 0.12578208 -0.13186035 2.97724064
v 0.07717877 -0.11600779 3.03514986
v 0.02300000 -0.10158937 3.07900074
v -0.03403748 -0.08932808 3.10659440
v -0.09107357 -0.07983878 3.11654718
v -0.17386374 -0.26380676 3.14215527
v -0.22227994 -0.25989257 3.11603236
v -0.26250761 -0.25850883 3.07327192
v -0.29252955 -0.25972493 3.01601814
v -0.31084036 -0.26347988 2.94714195
v -0.31652183 -0.26958540 2.87009710
v -0.30928909 -0.27773533 2.78874694
v -0.28950481 -0.28752099 2.70717070
v -0.25816106 -0.29845170 2.62945896
v -0.21682954 -0.30997934 2.55950851
v -0.16758280 -0.32152587 2.50082695
v -0.11289026 -0.33251229 2.45635683
v -0.05549444 -0.34238771 2.42832806
v 0.00172659 -0.35065693 2.41814613
v 0.05590354 -0.35690528 2.42632159
v 0.10431974 -0.36081947 2.45244449
v 0.14454741 -0.36220321 2.49520493
v 0.17456935 -0.36098711 2.55245872
v 0.19288015 -0.35723216 2.62133490
v 0.19856163 -0.35112664 2.69837975
v 0.19132889 -0.34297671 2.77972992
v 0.17154461 -0.33319105 2.86130615
v 0.14020086 -0.32226034 2.93901789
v 0.09886934 -0.31073270 3.00896835
v 0.04962260 -0.29918617 3.06764990
v -0.00506994 -0.28819975 3.11212002
v -0.06246576 -0.27832433 3.14014879
v -0.11968680 -0.27005512 3.15033073
v -0.19886271 -0.45873007 3.16049058
v -0.24714547 -0.45358532 3.13431370
v -0.28709517 -0.44979080 3.09138302
v -0.31670857 -0.44753678 3.03385127
v -0.33450074 -0.44693628 2.96460332
v -0.33957949 -0.44801941 2.88711157
v -0.33169016 -0.45073187 2.80526177
v -0.31122836 -0.45493764 2.72315821
v -0.27922012 -0.46042582 2.64491791
v -0.23727047 -0.46692121 2.57446416
v -0.18748294 -0.47409812 2.51532981
v -0.13235409 -0.48159665 2.47048010
v -0.07464830 -0.48904080 2.44216399
v -0.01725919 -0.49605728 2.43180135
v 0.03693552 -0.50229428 2.43991182
v 0.08521828 -0.50743902 2.46608870
v 0.12516798 -0.51123354 2.50901938
v 0.15478138 -0.51348757 2.56655114
v 0.17257354 -0.51408807 2.63579908
v 0.17765230 -0.51300493 2.71329083
v 0.16976297 -0.51029247 2.79514063
v 0.14930117 -0.50608670 2.87724419
v 0.11729293 -0.50059852 2.95548449
v 0.07534328 -0.49410313 3.02593824
v 0.02555575 -0.48692623 3.08507259
v -0.02957311 -0.47942770 3.12992230
v -0.08727890 -0.47198355 3.15823842
v -0.14466801 -0.46496706 3.16860106
v -0.21995490 -0.65731414 3.16278307
v -0.26815171 -0.65095550 3.13670096
v -0.30790119 -0.64475773 3.09384163
v -0.33721013 -0.63903161 3.03635423
v -0.35460886 -0.63406426 2.96712142
v -0.35922494 -0.63010477 2.88961481
v -0.35082689 -0.62735169 2.80772092
v -0.32983584 -0.62594307 2.72554624
v -0.29730435 -0.62594954 2.64721135
v -0.25486369 -0.62737077 2.57664430
v -0.20464202 -0.63013551 2.51738361
v -0.14915766 -0.63410511 2.47240086
v -0.09119282 -0.63908052 2.44395167
v -0.03365411 -0.64481226 2.43346261
v 0.02057324 -0.65101291 2.44145963
v 0.06877005 -0.65737154 2.46754173
v 0.10851953 -0.66356931 2.51040106
v 0.13782847 -0.66929543 2.56788846
v 0.15522720 -0.67426278 2.63712127
v 0.15984328 -0.67822227 2.71462788
v 0.15144523 -0.68097535 2.79652177
v 0.13045417 -0.68238397 2.87869645
v 0.09792268 -0.68237751 2.95703134
v 0.05548203 -0.68095627 3.02759839
v 0.00526036 -0.67819154 3.08685908
v -0.05022400 -0.67422194 3.13184183
v -0.10818884 -0.66924652 3.16029102
v -0.16572755 -0.66351479 3.17078009
v -0.23687349 -0.85844531 3.14854076
v -0.28503177 -0.85090267 3.12269725
v -0.32465953 -0.84232885 3.08014680
v -0.35376967 -0.83315378 3.02302309
v -0.37090249 -0.82383753 2.95419053
v -0.37519887 -0.81484726 2.87710067
v -0.36644337 -0.80663378 2.79561912
v -0.34507503 -0.79960895 2.71383170
v -0.31216536 -0.79412502 2.63583958
v -0.26936457 -0.79045698 2.56555361
v -0.21881888 -0.78878876 2.50649822
v -0.16306287 -0.78920401 2.46163470
v -0.10489236 -0.79168191 2.43321268
v -0.04722427 -0.79609821 2.42265736
v 0.00704967 -0.80223145 2.43049805
v 0.05520795 -0.80977409 2.45634156
v 0.09483571 -0.81834791 2.49889200
v 0.12394585 -0.82752299 2.55601571
v 0.14107867 -0.83683923 2.62484828
v 0.14537505 -0.84582950 2.70193814
v 0.13661955 -0.85404298 2.78341969
v 0.11525121 -0.86106781 2.86520710
v 0.08234154 -0.86655174 2.94319922
v 0.03954075 -0.87021978 3.01348519
v -0.01100494 -0.87188800 3.07254058
v -0.06676095 -0.87147275 3.11740411
v -0.12493146 -0.86899485 3.14582613
v -0.18259955 -0.86457855 3.15638144
v -0.24937803 -1.06095625 3.11736953
v -0.29754461 -1.05227202 3.09190221
v -0.33712924 -1.04136842 3.04989230
v -0.36614699 -1.02879222 2.99344633
v -0.38314280 -1.01517404 2.92539475
v -0.38726441 -1.00119674 2.84914995
v -0.37830516 -0.98756121 2.76853516
v -0.35671429 -0.97495118 2.68759273
v -0.32357448 -0.96399899 2.61038147
v -0.28054747 -0.95525382 2.54077307
v -0.22979083 -0.94915418 2.48225798
v -0.17384971 -0.94600594 2.43777040
v -0.11552922 -0.94596697 2.40954111
v -0.05775381 -0.94903921 2.39898566
v -0.00342057 -0.95506862 2.40663333
v 0.04474600 -0.96375285 2.43210064
v 0.08433064 -0.97465644 2.47411056
v 0.11334839 -0.98723264 2.53055652
v 0.13034420 -1.00085083 2.59860810
v 0.13446581 -1.01482813 2.67485290
v 0.12550656 -1.02846366 2.75546770
v 0.10391569 -1.04107368 2.83641012
v 0.07077587 -1.05202588 2.91362138
v 0.02774887 -1.06077105 2.98322978
v -0.02300777 -1.06687069 3.04174487
v -0.07894889 -1.07001893 3.08623246
v -0.13726938 -1.07005790 3.11446174
v -0.19504479 -1.06698566 3.12501720
v -0.25725718 -1.26363354 3.06897924
v -0.30547780 -1.25386189 3.04401836
v -0.34509732 -1.24069316 3.00277300
v -0.37412906 -1.22478766 2.94731137
v -0.39111724 -1.20694298 2.88041455
v -0.39521000 -1.18805391 2.80543703
v -0.38620213 -1.16906764 2.72613849
v -0.36454530 -1.15093621 2.64649529
v -0.33132549 -1.13456882 2.57050108
v -0.28820847 -1.12078618 2.50196652
v -0.23735631 -1.11027942 2.44432823
v -0.18131895 -1.10357539 2.40047641
v -0.12290634 -1.10101027 2.37261000
v -0.06504753 -1.10271267 2.36212633
v -0.01064380 -1.10859722 2.36955108
v 0.03757681 -1.11836887 2.39451196
v 0.07719633 -1.13153760 2.43575733
v 0.10622807 -1.14744310 2.49121896
v 0.12321625 -1.16528778 2.55811577
v 0.12730902 -1.18417685 2.63309330
v 0.11830114 -1.20316312 2.71239184
v 0.09664432 -1.22129455 2.79203503
v 0.06342450 -1.23766195 2.86802924
v 0.02030748 -1.25144458 2.93656380
v -0.03054467 -1.26195134 2.99420210
v -0.08658203 -1.26865537 3.03805391
v -0.14499464 -1.27122049 3.06592032
v -0.20285345 -1.26951810 3.07640400
v -0.26033128 -1.46522589 3.00318925
v -0.30865016 -1.45443193 2.97885660
v -0.34838138 -1.43908017 2.93859058
v -0.37753262 -1.41994042 2.88441030
v -0.39464214 -1.39797243 2.81903259
v -0.39885199 -1.37427777 2.74573576
v -0.38995106 -1.35004458 2.66819521
v -0.36838569 -1.32648802 2.59029916
v -0.33523726 -1.30478931 2.51595364
v -0.29216797 -1.28603651 2.44888664
v -0.24133748 -1.27116998 2.39246118
v -0.18529466 -1.26093517 2.34950667
v -0.12684973 -1.25584531 2.32217703
v -0.06893335 -1.25615562 2.31184269
v -0.01444970 -1.26185055 2.31902184
v 0.03386919 -1.27264452 2.34335449
v 0.07360040 -1.28799627 2.38362051
v 0.10275165 -1.30713602 2.43780079
v 0.11986117 -1.32910401 2.50317850
v 0.12407101 -1.35279867 2.57647533
v 0.11517009 -1.37703186 2.65401588
v 0.09360472 -1.40058842 2.73191193
v 0.06045629 -1.42228713 2.80625745
v 0.01738699 -1.44103993 2.87332445
v -0.03344349 -1.45590646 2.92974991
v -0.08948631 -1.46614127 2.97270442
v -0.14793125 -1.47123113 3.00003405
v -0.20584763 -1.47092082 3.01036840
v -0.25845467 -1.66445293 2.91993301
v -0.30691411 -1.65271170 2.89634099
v -0.34683200 -1.63527556 2.85725836
v -0.37620668 -1.61301884 2.80464489
v -0.39356518 -1.58705758 2.74113882
v -0.39803708 -1.55869359 2.66992462
v -0.38939813 -1.52934915 2.59457328
v -0.36808153 -1.50049572 2.51886321
v -0.33515618 -1.47358013 2.44659083
v -0.29227309 -1.44995205 2.38138020
v -0.24158261 -1.43079627 2.32650123
v -0.18562656 -1.41707335 2.28470580
v -0.12721082 -1.40947142 2.25808969
v -0.06926459 -1.40837167 2.24798755
v -0.01469355 -1.41382924 2.25490595
v 0.03376590 -1.42557047 2.27849796
v 0.07368379 -1.44300661 2.31758059
v 0.10305847 -1.46526333 2.37019407
v 0.12041697 -1.49122459 2.43370013
v 0.12488887 -1.51958858 2.50491433
v 0.11624992 -1.54893302 2.58026568
v 0.09493332 -1.57778645 2.65597575
v 0.06200797 -1.60470204 2.72824812
v 0.01912488 -1.62833013 2.79345876
v -0.03156560 -1.64748591 2.84833772
v -0.08752165 -1.66120882 2.89013316
v -0.14593739 -1.66881075 2.91674927
v -0.20388362 -1.66991050 2.92685140
v -0.25151780 -1.86001442 2.81926183
v -0.30015778 -1.84740996 2.79651267
v -0.34033493 -1.82800352 2.75880535
v -0.37003462 -1.80276823 2.70803069
v -0.38776758 -1.77296949 2.64673473
v -0.39264459 -1.74010153 2.57799112
v -0.38442112 -1.70581248 2.50524693
v -0.36350951 -1.67182175 2.43214988
v -0.33095836 -1.63983377 2.36236535
v -0.28839992 -1.61145255 2.29939262
v -0.23796826 -1.58810124 2.24638942
v -0.18219221 -1.57095078 2.20601355
v -0.12386864 -1.56086116 2.18028962
v -0.06592212 -1.55833832 2.17050753
v -0.01125834 -1.56350876 2.17715781
v 0.03738164 -1.57611322 2.19990698
v 0.07755880 -1.59551965 2.23761429
v 0.10725849 -1.62075494 2.28838895
v 0.12499144 -1.65055369 2.34968491
v 0.12986846 -1.68342165 2.41842853
v 0.12164498 -1.71771070 2.49117271
v 0.10073337 -1.75170143 2.56426977
v 0.06818222 -1.78368941 2.63405430
v 0.02562378 -1.81207063 2.69702702
v -0.02480788 -1.83542194 2.75003022
v -0.08058392 -1.85257240 2.79040609
v -0.13890750 -1.86266202 2.81613003
v -0.19685402 -1.86518486 2.82591211
v -0.23944907 -2.05059993 2.70134778
v -0.28830687 -2.03722422 2.67953276
v -0.32881296 -2.01597583 2.64337930
v -0.35893619 -1.98792027 2.59470029
v -0.37716605 -1.95446434 2.53593669
v -0.38258843 -1.91728567 2.47003516
v -0.37493143 -1.87824855 2.40030028
v -0.35457899 -1.83931047 2.33022885
v -0.32255168 -1.80242395 2.26333453
v -0.28045548 -1.76943862 2.20297169
v -0.23040126 -1.74200852 2.15216718
v -0.17489896 -1.72150910 2.11346854
v -0.11673169 -1.70896828 2.08881628
v -0.05881620 -1.70501493 2.07944658
v -0.00405662 -1.70984726 2.08582927
v 0.04480119 -1.72322298 2.10764429
v 0.08530727 -1.74447136 2.14379775
v 0.11543050 -1.77252693 2.19247676
v 0.13366037 -1.80598286 2.25124036
v 0.13908275 -1.84316153 2.31714189
v 0.13142574 -1.88219865 2.38687677
v 0.11107331 -1.92113672 2.45694820
v 0.07904600 -1.95802325 2.52384252
v 0.03694979 -1.99100857 2.58420536
v -0.01310443 -2.01843868 2.63500987
v -0.06860673 -2.03893810 2.67370851
v -0.12677400 -2.05147891 2.69836077
v -0.18468949 -2.05543227 2.70773047
v -0.22221633 -2.23489887 2.56648547
v -0.27132628 -2.22085070 2.54568438
v -0.31222752 -2.19790173 2.51124882
v -0.34286909 -2.16720270 2.46490552
v -0.36171451 -2.13029300 2.40897833
v -0.36781878 -2.08902343 2.34627167
v -0.36087581 -2.04546342 2.27992992
v -0.34123374 -2.00179725 2.21327973
v -0.30987752 -1.96021453 2.14966322
v -0.26837947 -1.92280039 2.09227038
v -0.21882048 -1.89143093 2.04397914
v -0.16368565 -1.86767914 2.00721101
v -0.10573966 -1.85273604 1.98380971
v -0.04788817 -1.84735093 1.97494867
v 0.00696790 -1.85179386 1.98107222
v 0.05607785 -1.86584203 2.00187331
v 0.09697909 -1.88879100 2.03630887
v 0.12762067 -1.91949003 2.08265218
v 0.14646608 -1.95639974 2.13857937
v 0.15257035 -1.99766931 2.20128602
v 0.14562738 -2.04122931 2.26762777
v 0.12598531 -2.08489548 2.33427796
v 0.09462909 -2.12647820 2.39789448
v 0.05313104 -2.16389234 2.45528731
v 0.00357205 -2.19526180 2.50357856
v -0.05156278 -2.21901359 2.54034668
v -0.10950877 -2.23395670 2.56374799
v -0.16736026 -2.23934180 2.57260902
v -0.19982812 -2.41161066 2.41509295
v -0.24922127 -2.39699457 2.39537363
v -0.29057999 -2.37249804 2.36280451
v -0.32183038 -2.33934943 2.31901876
v -0.34140541 -2.29921095 2.26621195
v -0.34832351 -2.25409530 2.20703206
v -0.34223777 -2.20626479 2.14444661
v -0.32345336 -2.15811782 2.08159389
v -0.29291220 -2.11206868 2.02162561
v -0.25214577 -2.07042648 1.96754881
v -0.20319825 -2.03527933 1.92207514
v -0.14852409 -2.00838965 1.88748484
v -0.09086487 -1.99110581 1.86551241
v -0.03311186 -1.98429448 1.85725964
v 0.02183895 -1.98829721 1.86314036
v 0.07123211 -2.00291330 1.88285968
v 0.11259083 -2.02740983 1.91542880
v 0.14384122 -2.06055844 1.95921455
v 0.16341624 -2.10069692 2.01202136
v 0.17033434 -2.14581257 2.07120125
v 0.16424860 -2.19364308 2.13378670
v 0.14546419 -2.24179005 2.19663942
v 0.11492304 -2.28783919 2.25660770
v 0.07415660 -2.32948139 2.31068450
v 0.02520909 -2.36462854 2.35615817
v -0.02946508 -2.39151822 2.39074847
v -0.08712430 -2.40880206 2.41272090
v -0.14487730 -2.41561339 2.42097367
v -0.17233453 -2.57945513 2.24771150
v -0.22203849 -2.56438024 2.22912948
v -0.26391270 -2.53849951 2.19855904
v -0.29585742 -2.50311070 2.15753313
v -0.31627082 -2.45998836 2.10810895
v -0.32412927 -2.41129482 2.05276484
v -0.31903873 -2.35947177 1.99427598
v -0.30125445 -2.30711785 1.93557525
v -0.27166821 -2.25685829 1.87960615
v -0.23176359 -2.21121332 1.82917521
v -0.18354157 -2.17247177 1.78681123
v -0.12942021 -2.14257631 1.75463853
v -0.07211338 -2.12302601 1.73427038
v -0.01449468 -2.11480121 1.72672813
v 0.04054665 -2.11831433 1.73238997
v 0.09025061 -2.13338922 1.75097200
v 0.13212482 -2.15926995 1.78154243
v 0.16406954 -2.19465876 1.82256835
v 0.18448294 -2.23778110 1.87199253
v 0.19234139 -2.28647465 1.92733664
v 0.18725085 -2.33829769 1.98582549
v 0.16946657 -2.39065161 2.04452622
v 0.13988033 -2.44091117 2.10049532
v 0.09997571 -2.48655614 2.15092627
v 0.05175369 -2.52529769 2.19329025
v -0.00236767 -2.55519315 2.22546294
v -0.05967450 -2.57474345 2.24583109
v -0.11729321 -2.58296825 2.25337335
v -0.13982779 -2.73718299 2.06500440
v -0.18986645 -2.72176187 2.04760267
v -0.23230948 -2.69466916 2.01914612
v -0.26502860 -2.65726340 1.98106169
v -0.28638314 -2.61142028 1.93525909
v -0.29530229 -2.55943855 1.88403505
v -0.29133882 -2.50392481 1.82995817
v -0.27469146 -2.44766273 1.77574008
v -0.24619499 -2.39347354 1.72409950
v -0.20727834 -2.34407451 1.67762590
v -0.15989295 -2.30194272 1.63864968
v -0.10641491 -2.26919081 1.60912525
v -0.04952586 -2.24746112 1.59053310
v 0.00792157 -2.23784327 1.58380552
v 0.06304672 -2.24081952 1.58927985
v 0.11308538 -2.25624064 1.60668158
v 0.15552841 -2.28333335 1.63513813
v 0.18824752 -2.32073910 1.67322256
v 0.20960206 -2.36658223 1.71902516
v 0.21852122 -2.41856395 1.77024919
v 0.21455775 -2.47407770 1.82432608
v 0.19791039 -2.53033977 1.87854417
v 0.16941392 -2.58452896 1.93018475
v 0.13049727 -2.63392799 1.97665834
v 0.08311187 -2.67605979 2.01563457
v 0.02963384 -2.70881169 2.04515899
v -0.02725522 -2.73054138 2.06375114
v -0.08470265 -2.74015924 2.07047873
v -0.10244240 -2.88358617 1.86775457
v -0.15283585 -2.86793369 1.85156350
v -0.19589599 -2.83980865 1.82531847
v -0.22946360 -2.80062136 1.79033551
v -0.25185545 -2.75233684 1.74836882
v -0.26194873 -2.69737626 1.70152277
v -0.25923732 -2.63849559 1.65214643
v -0.24385717 -2.57864735 1.60271573
v -0.21657952 -2.52083257 1.55570934
v -0.17877218 -2.46795034 1.51348434
v -0.13233097 -2.42265238 1.47815809
v -0.07958464 -2.38721013 1.45150198
v -0.02317811 -2.36340081 1.43485265
v 0.03406015 -2.35241832 1.42904499
v 0.08925998 -2.35481336 1.43437021
v 0.13965344 -2.37046584 1.45056128
v 0.18271358 -2.39859088 1.47680631
v 0.21628118 -2.43777817 1.51178927
v 0.23867303 -2.48606270 1.55375597
v 0.24876631 -2.54102327 1.60060201
v 0.24605490 -2.59990394 1.64997835
v 0.23067476 -2.65975219 1.69940905
v 0.20339711 -2.71756696 1.74641545
v 0.16558977 -2.77044919 1.78864044
v 0.11914855 -2.81574715 1.82396670
v 0.06640222 -2.85118940 1.85062281
v 0.00999570 -2.87499872 1.86727213
v -0.04724257 -2.88598121 1.87307979
v -0.06035496 -3.01750814 1.65686123
v -0.11111937 -3.00174035 1.64189859
v -0.15483962 -2.97276857 1.61794471
v -0.18932340 -2.93204557 1.58620075
v -0.21284155 -2.88161338 1.54825848
v -0.22421477 -2.82400086 1.50602048
v -0.22287276 -2.76209697 1.46160474
v -0.20888282 -2.69900580 1.41723846
v -0.18294645 -2.63789103 1.37514635
v -0.14636423 -2.58181719 1.33743907
v -0.10097052 -2.53359607 1.30600743
v -0.04904157 -2.49564567 1.28242754
v 0.00681870 -2.46986899 1.26788180
v 0.06380921 -2.45755857 1.26309960
v 0.11907223 -2.45933171 1.26832072
v 0.16983663 -2.47509950 1.28328336
v 0.21355688 -2.50407128 1.30723724
v 0.24804066 -2.54479428 1.33898120
v 0.27155881 -2.59522647 1.37692348
v 0.28293204 -2.65283899 1.41916147
v 0.28159003 -2.71474289 1.46357721
v 0.26760009 -2.77783405 1.50794349
v 0.24166372 -2.83894883 1.55003561
v 0.20508149 -2.89502266 1.58774289
v 0.15968779 -2.94324379 1.61917452
v 0.10775883 -2.98119418 1.64275441
v 0.05189857 -3.00697087 1.65730015
v -0.00509195 -3.01928128 1.66208236
v -0.01378366 -3.13785390 1.43333544
v -0.06493116 -3.12208691 1.41960648
v -0.10934898 -3.09245844 1.39800514
v -0.14480984 -3.05045418 1.36961459
v -0.16953556 -2.99818038 1.33585846
v -0.18228632 -2.93825829 1.29842942
v -0.18242272 -2.87369264 1.25920432
v -0.16993792 -2.80772103 1.22015006
v -0.14545798 -2.74365155 1.18322500
v -0.11021040 -2.68469690 1.15028070
v -0.06596266 -2.63381333 1.12296914
v -0.01493353 -2.59355234 1.10265982
v 0.04031820 -2.56593279 1.09037115
v 0.09702195 -2.55233964 1.08671933
v 0.15233438 -2.55345451 1.09188747
v 0.20348188 -2.56922149 1.10561643
v 0.24789970 -2.59884996 1.12721777
v 0.28336056 -2.64085423 1.15560832
v 0.30808629 -2.69312802 1.18936445
v 0.32083704 -2.75305011 1.22679349
v 0.32097344 -2.81761576 1.26601859
v 0.30848865 -2.88358737 1.30507285
v 0.28400870 -2.94765686 1.34199791
v 0.24876113 -3.00661150 1.37494221
v 0.20451339 -3.05749508 1.40225377
v 0.15348425 -3.09775607 1.42256309
v 0.09823253 -3.12537561 1.43485176
v 0.04152877 -3.13896876 1.43850358
v 0.03701272 -3.24359968 1.19829461
v -0.01452599 -3.22794862 1.18579235
v -0.05967313 -3.19785647 1.16658653
v -0.09616483 -3.15483217 1.14164023
v -0.12217126 -3.10103313 1.11220435
v -0.13638833 -3.03915706 1.07975493
v -0.13810314 -2.97230669 1.04591912
v -0.12722971 -2.90383417 1.01239359
v -0.10431328 -2.83717300 0.98085946
v -0.07050297 -2.77566586 0.95289796
v -0.02749417 -2.72239696 0.92991121
v 0.02255648 -2.68003743 0.91305187
v 0.07713923 -2.65071136 0.90316532
v 0.13351707 -2.63588927 0.90074732
v 0.18886298 -2.63631441 0.90591912
v 0.24040169 -2.65196546 0.91842139
v 0.28554883 -2.68205761 0.93762721
v 0.32204053 -2.72508192 0.96257351
v 0.34804696 -2.77888096 0.99200939
v 0.36226403 -2.84075703 1.02445881
v 0.36397884 -2.90760740 1.05829462
v 0.35310541 -2.97607992 1.09182014
v 0.33018898 -3.04274109 1.12335428
v 0.29637867 -3.10424823 1.15131578
v 0.25336987 -3.15751713 1.17430253
v 0.20331922 -3.19987666 1.19116187
v 0.14873647 -3.22920273 1.20104842
v 0.09235863 -3.24402482 1.20346642
v 0.09173601 -3.33380225 0.95295610
v 0.03980202 -3.31838020 0.94166159
v -0.00610031 -3.28801888 0.92487591
v -0.04366924 -3.24424072 0.90344077
v -0.07102090 -3.18924095 0.87843102
v -0.08678376 -3.12577747 0.85110075
v -0.09016742 -3.05703263 0.82282042
v -0.08100221 -2.98645356 0.79500811
v -0.05974769 -2.91757940 0.76905845
v -0.02746967 -2.85386379 0.74627268
v 0.01421330 -2.79850169 0.72779335
v 0.06321107 -2.75426919 0.71454711
v 0.11706667 -2.72338429 0.70719817
v 0.17307957 -2.70739570 0.70611505
v 0.22844105 -2.70710513 0.71135204
v 0.28037505 -2.72252718 0.72264656
v 0.32627737 -2.75288850 0.73943224
v 0.36384630 -2.79666666 0.76086737
v 0.39119796 -2.85166644 0.78587712
v 0.40696083 -2.91512991 0.81320739
v 0.41034449 -2.98387476 0.84148773
v 0.40117927 -3.05445382 0.86930004
v 0.37992475 -3.12332798 0.89524969
v 0.34764673 -3.18704360 0.91803547
v 0.30596376 -3.24240570 0.93651479
v 0.25696599 -3.28663819 0.94976103
v 0.20311039 -3.31752309 0.95710997
v 0.14709749 -3.33351169 0.95819310
v 0.15005038 -3.40760767 0.69862973
v 0.09772101 -3.39252468 0.68851253
v 0.05104358 -3.36208873 0.67415335
v 0.01235869 -3.31782602 0.65627225
v -0.01639383 -3.26195606 0.63576583
v -0.03377223 -3.19728040 0.61366240
v -0.03890506 -3.12704216 0.59107030
v -0.03153495 -3.05476336 0.56912239
v -0.01203146 -2.98406838 0.54891924
v 0.01862741 -2.91850215 0.53147391
v 0.05890430 -2.86135244 0.51766120
v 0.10677957 -2.81548497 0.50817371
v 0.15985254 -2.78319973 0.50348721
v 0.21546192 -2.76611564 0.50383668
v 0.27081922 -2.76508935 0.50920460
v 0.32314859 -2.78017235 0.51932181
v 0.36982602 -2.81060830 0.53368098
v 0.40851091 -2.85487101 0.55156209
v 0.43726344 -2.91074097 0.57206850
v 0.45464183 -2.97541662 0.59417194
v 0.45977466 -3.04565487 0.61676404
v 0.45240455 -3.11793366 0.63871195
v 0.43290107 -3.18862864 0.65891510
v 0.40224220 -3.25419487 0.67636042
v 0.36196530 -3.31134458 0.69017314
v 0.31409003 -3.35721205 0.69966062
v 0.26101706 -3.38949729 0.70434713
v 0.20540768 -3.40658139 0.70399766
v 0.21158431 -3.46425946 0.43670950
v 0.15886339 -3.44962158 0.42772815
v 0.11139695 -3.41930419 0.41578388
v 0.07156514 -3.37482751 0.40147562
v 0.04136532 -3.31842180 0.38552085
v 0.02231181 -3.25291548 0.36871960
v 0.01536005 -3.18159330 0.35191437
v 0.02085862 -3.10803166 0.33594783
v 0.03853180 -3.03591925 0.32162062
v 0.06749339 -2.96887207 0.30965116
v 0.10629113 -2.91025217 0.30063965
v 0.15297954 -2.86299898 0.29503796
v 0.20521747 -2.82948198 0.29312699
v 0.26038548 -2.81138184 0.29500256
v 0.31571723 -2.80960620 0.30057062
v 0.36843816 -2.82424407 0.30955197
v 0.41590460 -2.85456147 0.32149624
v 0.45573640 -2.89903815 0.33580450
v 0.48593623 -2.95544385 0.35175928
v 0.50498974 -3.02095018 0.36856052
v 0.51194150 -3.09227236 0.38536576
v 0.50644293 -3.16583400 0.40133229
v 0.48876975 -3.23794641 0.41565951
v 0.45980816 -3.30499358 0.42762897
v 0.42101042 -3.36361349 0.43664048
v 0.37432201 -3.41086668 0.44224217
v 0.32208408 -3.44438368 0.44415314
v 0.26691607 -3.46248381 0.44227757
v 0.27593294 -3.50310609 0.16866441
v 0.22282809 -3.48901454 0.16076707
v 0.17456473 -3.45900611 0.15120851
v 0.13356298 -3.41458554 0.14046804
v 0.10187883 -3.35798026 0.12908423
v 0.08110107 -3.29202871 0.11762790
v 0.07227158 -3.22003796 0.10667354
v 0.07583310 -3.14561793 0.09677043
v 0.09160704 -3.07250036 0.08841517
v 0.11880244 -3.00435166 0.08202671
v 0.15605561 -2.94458909 0.07792540
v 0.20149850 -2.89620941 0.07631690
v 0.25285243 -2.86163856 0.07728187
v 0.30754230 -2.84261008 0.08077191
v 0.36282573 -2.84007813 0.08661203
v 0.41593058 -2.85416968 0.09450937
v 0.46419394 -2.88417811 0.10406793
v 0.50519569 -2.92859868 0.11480840
v 0.53687984 -2.98520396 0.12619222
v 0.55765760 -3.05115551 0.13764854
v 0.56648709 -3.12314626 0.14860290
v 0.56292557 -3.19756629 0.15850601
v 0.54715162 -3.27068386 0.16686127
v 0.51995623 -3.33883256 0.17324973
v 0.48270306 -3.39859512 0.17735104
v 0.43726017 -3.44697481 0.17895954
v 0.38590623 -3.48154566 0.17799457
v 0.33121636 -3.50057414 0.17450453
v 0.34266071 -3.52360768 -0.10397145
v 0.28918324 -3.51015800 -0.11084638
v 0.24012102 -3.48064486 -0.11806549
v 0.19793425 -3.43654817 -0.12526679
v 0.16473835 -3.38007913 -0.13208918
v 0.14219789 -3.31406932 -0.13819056
v 0.13144315 -3.24182875 -0.14326497
v 0.13301341 -3.16697986 -0.14705797
v 0.14682994 -3.09327591 -0.14937935
v 0.17219992 -3.02441269 -0.15011272
v 0.20785119 -2.96384332 -0.14922130
v 0.25199605 -2.91460498 -0.14674979
v 0.30242089 -2.87916669 -0.14282212
v 0.35659720 -2.85930548 -0.13763524
v 0.41180835 -2.85601727 -0.13144924
v 0.46528582 -2.86946695 -0.12457432
v 0.51434804 -2.89898009 -0.11735521
v 0.55653481 -2.94307678 -0.11015391
v 0.58973071 -2.99954582 -0.10333152
v 0.61227117 -3.06555563 -0.09723014
v 0.62302591 -3.13779620 -0.09215573
v 0.62145565 -3.21264509 -0.08836273
v 0.60763912 -3.28634904 -0.08604134
v 0.58226914 -3.35521226 -0.08530798
v 0.54661787 -3.41578163 -0.08619940
v 0.50247301 -3.46501997 -0.08867091
v 0.45204817 -3.50045826 -0.09259858
v 0.39787186 -3.52031947 -0.09778546
v 0.41130441 -3.52534195 -0.37960956
v 0.35746909 -3.51262326 -0.38553266
v 0.30761197 -3.48378639 -0.39047504
v 0.26423309 -3.44027733 -0.39418887
v 0.22950764 -3.38427782 -0.39648794
v 0.20517692 -3.31859589 -0.39725694
v 0.19246095 -3.24652513 -0.39645733
v 0.19199738 -3.17167945 -0.39412919
v 0.20380944 -3.09781194 -0.39038928
v 0.22730484 -3.02862661 -0.38542512
v 0.26130542 -2.96759272 -0.37948564
v 0.30410623 -2.91777074 -0.37286866
v 0.35356108 -2.88165897 -0.36590600
v 0.40719009 -2.86106820 -0.35894679
v 0.46230408 -2.85703094 -0.35233999
v 0.51613940 -2.86974963 -0.34641689
v 0.56599652 -2.89858650 -0.34147451
v 0.60937540 -2.94209556 -0.33776068
v 0.64410084 -2.99809507 -0.33546161
v 0.66843157 -3.06377699 -0.33469261
v 0.68114753 -3.13584776 -0.33549222
v 0.68161111 -3.21069343 -0.33782036
v 0.66979904 -3.28456095 -0.34156027
v 0.64630364 -3.35374627 -0.34652443
v 0.61230307 -3.41478017 -0.35246392
v 0.56950225 -3.46460215 -0.35908089
v 0.52004740 -3.50071392 -0.36604355
v 0.46641839 -3.52130469 -0.37300276
v 0.48137633 -3.50800917 -0.65661813
v 0.42720125 -3.49610349 -0.66166820
v 0.37655892 -3.46811729 -0.66441231
v 0.33198876 -3.42545392 -0.66471285
v 0.29572571 -3.37025269 -0.66255477
v 0.26958813 -3.30528163 -0.65804626
v 0.25488669 -3.23379866 -0.65141342
v 0.25235858 -3.15938823 -0.64298883
v 0.26213055 -3.08578159 -0.63319495
v 0.28371261 -3.01666969 -0.62252287
v 0.31602254 -2.95551809 -0.61150774
v 0.35744019 -2.90539317 -0.60070191
v 0.40588870 -2.86880842 -0.59064722
v 0.45893866 -2.84759835 -0.58184786
v 0.51392993 -2.84282651 -0.57474507
v 0.56810501 -2.85473220 -0.56969500
v 0.61874734 -2.88271840 -0.56695090
v 0.66331750 -2.92538177 -0.56665035
v 0.69958055 -2.98058300 -0.56880844
v 0.72571812 -3.04555405 -0.57331694
v 0.74041956 -3.11703703 -0.57994978
v 0.74294768 -3.19144745 -0.58837437
v 0.73317571 -3.26505409 -0.59816826
v 0.71159364 -3.33416599 -0.60884033
v 0.67928371 -3.39531760 -0.61985546
v 0.63786607 -3.44544251 -0.63066129
v 0.58941756 -3.48202726 -0.64071598
v 0.53636759 -3.50323734 -0.64951534
v 0.55236784 -3.47143626 -0.93333390
v 0.49787415 -3.46041790 -0.93759710
v 0.44646191 -3.43344908 -0.93823631
v 0.40070914 -3.39188213 -0.93521946
v 0.36291007 -3.33780138 -0.92869785
v 0.33496011 -3.27391868 -0.91899848
v 0.31826078 -3.20343736 -0.90660773
v 0.31364945 -3.12989165 -0.89214692
v 0.32135737 -3.05696945 -0.87634118
v 0.34099802 -2.98832737 -0.85998307
v 0.37158653 -2.92740742 -0.84389286
v 0.41158908 -2.87726438 -0.82887737
v 0.45899976 -2.84041263 -0.81568955
v 0.51144121 -2.81870006 -0.80499068
v 0.56628380 -2.81321545 -0.79731726
v 0.62077748 -2.82423380 -0.79305406
v 0.67218972 -2.85120262 -0.79241486
v 0.71794249 -2.89276957 -0.79543170
v 0.75574156 -2.94685032 -0.80195332
v 0.78369152 -3.01073303 -0.81165268
v 0.80039085 -3.08121435 -0.82404343
v 0.80500218 -3.15476005 -0.83850424
v 0.79729426 -3.22768226 -0.85430998
v 0.77765361 -3.29632433 -0.87066809
v 0.74706510 -3.35724428 -0.88675831
v 0.70706255 -3.40738733 -0.90177380
v 0.65965187 -3.44423908 -0.91496162
v 0.60721042 -3.46595164 -0.92566048
v 0.62375308 -3.41557979 -1.20807424
v 0.56896478 -3.40551487 -1.21164321
v 0.51680332 -3.37972138 -1.21028489
v 0.46988428 -3.33949273 -1.20406741
v 0.43056038 -3.28684614 -1.19330252
v 0.40080348 -3.22442154 -1.17853003
v 0.38210572 -3.15534915 -1.16049069
v 0.37540469 -3.08309255 -1.14008906
v 0.38103639 -3.01127500 -1.11834818
v 0.39871844 -2.94349771 -1.09635822
v 0.42756418 -2.88315933 -1.07522184
v 0.46612716 -2.83328548 -1.05599892
v 0.51247369 -2.79637704 -1.03965336
v 0.56427974 -2.77428475 -1.02700482
v 0.61894755 -2.76811641 -1.01868753
v 0.67373584 -2.77818134 -1.01511856
v 0.72589730 -2.80397482 -1.01647687
v 0.77281635 -2.84420347 -1.02269436
v 0.81214025 -2.89685006 -1.03345925
v 0.84189714 -2.95927466 -1.04823174
v 0.86059490 -3.02834705 -1.06627108
v 0.86729594 -3.10060365 -1.08667270
v 0.86166423 -3.17242121 -1.10841359
v 0.84398219 -3.24019849 -1.13040355
v 0.81513645 -3.30053687 -1.15153993
v 0.77657346 -3.35041072 -1.17076285
v 0.73022694 -3.38731916 -1.18710840
v 0.67842089 -3.40941145 -1.19975695
v 0.69499290 -3.34052806 -1.47914961
v 0.63993656 -3.33147402 -1.48212254
v 0.58705172 -3.30700410 -1.47888712
v 0.53899024 -3.26834531 -1.46960559
v 0.49816212 -3.21743618 -1.45474337
v 0.46661466 -3.15682950 -1.43504570
v 0.44592979 -3.08956433 -1.41150032
v 0.43714472 -3.01901365 -1.38528788
v 0.44069997 -2.94871515 -1.35772279
v 0.45641728 -2.88219389 -1.33018728
v 0.48350850 -2.82278553 -1.30406209
v 0.52061518 -2.77346905 -1.28065724
v 0.56587663 -2.73671738 -1.26114636
v 0.61702324 -2.71437341 -1.24650780
v 0.67149033 -2.70755756 -1.23747560
v 0.72654667 -2.71661160 -1.23450268
v 0.77943151 -2.74108152 -1.23773810
v 0.82749299 -2.77974031 -1.24701963
v 0.86832111 -2.83064944 -1.26188185
v 0.89986856 -2.89125612 -1.28157952
v 0.92055344 -2.95852129 -1.30512490
v 0.92933851 -3.02907197 -1.33133734
v 0.92578326 -3.09937047 -1.35890243
v 0.91006595 -3.16589173 -1.38643794
v 0.88297472 -3.22530009 -1.41256313
v 0.84586805 -3.27461657 -1.43596798
v 0.80060660 -3.31136824 -1.45547886
v 0.74945999 -3.33371221 -1.47011741
v 0.76553896 -3.24650203 -1.74487626
v 0.71024342 -3.23850731 -1.74735593
v 0.65666593 -3.21549856 -1.74237579
v 0.60749308 -3.17862952 -1.73018555
v 0.56519061 -3.12974896 -1.71139649
v 0.53187972 -3.07130797 -1.68695077
v 0.50923079 -3.00623701 -1.65807420
v 0.49837950 -2.93779902 -1.62621476
v 0.49987000 -2.86942576 -1.59297004
v 0.51362755 -2.80454575 -1.56000705
v 0.53896228 -2.74641235 -1.52897870
v 0.57460380 -2.69794060 -1.50144087
v 0.61876490 -2.66156109 -1.47877444
v 0.66923115 -2.63909804 -1.46211598
v 0.72347198 -2.63167783 -1.45230083
v 0.77876751 -2.63967255 -1.44982115
v 0.83234501 -2.66268131 -1.45480130
v 0.88151786 -2.69955034 -1.46699153
v 0.92382033 -2.74843090 -1.48578059
v 0.95713121 -2.80687189 -1.51022632
v 0.97978015 -2.87194285 -1.53910289
v 0.99063143 -2.94038084 -1.57096232
v 0.98914093 -3.00875411 -1.60420705
v 0.97538339 -3.07363412 -1.63717004
v 0.95004866 -3.13176752 -1.66819839
v 0.91440714 -3.18023926 -1.69573621
v 0.87024604 -3.21661877 -1.71840265
v 0.81977978 -3.23908182 -1.73506110
v 0.83483789 -3.13385519 -2.00358889
v 0.77933402 -3.12695895 -2.00568174
v 0.72509921 -3.10553757 -1.99910011
v 0.67485302 -3.07066519 -1.98417403
v 0.63111500 -3.02409047 -1.96165196
v 0.59607837 -2.96814886 -1.93266325
v 0.57150001 -2.90564550 -1.89866151
v 0.55861236 -2.83971457 -1.86135173
v 0.55806169 -2.77366213 -1.82260479
v 0.56987560 -2.71080032 -1.78436361
v 0.59346168 -2.65428130 -1.74854577
v 0.62763725 -2.60693916 -1.71694732
v 0.67068858 -2.57114783 -1.69115274
v 0.72045691 -2.54870205 -1.67245548
v 0.77444665 -2.54072734 -1.66179310
v 0.82995052 -2.54762358 -1.65970026
v 0.88418533 -2.56904497 -1.66628189
v 0.93443152 -2.60391734 -1.68120797
v 0.97816953 -2.65049206 -1.70373004
v 1.01320617 -2.70643368 -1.73271875
v 1.03778453 -2.76893704 -1.76672049
v 1.05067217 -2.83486796 -1.80403026
v 1.05122285 -2.90092040 -1.84277721
v 1.03940894 -2.96378221 -1.88101839
v 1.01582285 -3.02030123 -1.91683623
v 0.98164729 -3.06764338 -1.94843468
v 0.93859596 -3.10343470 -1.97422926
v 0.88882762 -3.12588048 -1.99292651
v 0.90233565 -3.00307237 -2.25365348
v 0.84665599 -2.99730430 -2.25546858
v 0.79180346 -2.97758437 -2.24743837
v 0.74052860 -2.94490143 -2.22996554
v 0.69540253 -2.90089434 -2.20392622
v 0.65868808 -2.84776979 -2.17062616
v 0.63222626 -2.78819168 -2.13173514
v 0.61734396 -2.72514750 -2.08920333
v 0.61478746 -2.66179854 -2.04516346
v 0.62468495 -2.60132139 -2.00182386
v 0.64654012 -2.54674863 -1.96135776
v 0.67925707 -2.50081675 -1.92579430
v 0.72119523 -2.46582899 -1.89691679
v 0.77025164 -2.44353976 -1.87617325
v 0.82396642 -2.43506675 -1.86460387
v 0.87964608 -2.44083482 -1.86278877
v 0.93449861 -2.46055475 -1.87081897
v 0.98577348 -2.49323769 -1.88829181
v 1.03089954 -2.53724478 -1.91433113
v 1.06761399 -2.59036932 -1.94763119
v 1.09407582 -2.64994744 -1.98652221
v 1.10895811 -2.71299162 -2.02905401
v 1.11151461 -2.77634058 -2.07309389
v 1.10161712 -2.83681773 -2.11643349
v 1.07976195 -2.89139049 -2.15689959
v 1.04704501 -2.93732237 -2.19246305
v 1.00510685 -2.97231013 -2.22134056
v 0.95605043 -2.99459936 -2.24208410
v 0.96748187 -2.85476739 -2.49347978
v 0.91166035 -2.85014759 -2.49512789
v 0.85623362 -2.83223052 -2.48581049
v 0.80398102 -2.80191459 -2.46599481
v 0.75752269 -2.76071998 -2.43667448
v 0.71918827 -2.71071237 -2.39931974
v 0.69089998 -2.65439933 -2.35580372
v 0.67407634 -2.59460465 -2.30830849
v 0.66956094 -2.53432667 -2.25921567
v 0.67758021 -2.47658798 -2.21098697
v 0.69773202 -2.42428385 -2.16604078
v 0.72900589 -2.38003702 -2.12663089
v 0.76983360 -2.34606622 -2.09473347
v 0.81816789 -2.32407487 -2.07194800
v 0.87158507 -2.31516572 -2.05941703
v 0.92740659 -2.31978552 -2.05776893
v 0.98283332 -2.33770260 -2.06708632
v 1.03508592 -2.36801852 -2.08690201
v 1.08154425 -2.40921313 -2.11622234
v 1.11987868 -2.45922074 -2.15357708
v 1.14816696 -2.51553378 -2.19709310
v 1.16499060 -2.57532847 -2.24458832
v 1.16950600 -2.63560645 -2.29368114
v 1.16148673 -2.69334513 -2.34190985
v 1.14133492 -2.74564926 -2.38685604
v 1.11006105 -2.78989609 -2.42626593
v 1.06923334 -2.82386690 -2.45816335
v 1.02089905 -2.84585824 -2.48094882
v 1.02973419 -2.68967971 -2.72153373
v 0.97380581 -2.68621872 -2.72312630
v 0.91785196 -2.67019267 -2.71269031
v 0.86467842 -2.64240517 -2.69074906
v 0.81695151 -2.60424961 -2.65840277
v 0.77706447 -2.55763926 -2.61727343
v 0.74701740 -2.50491135 -2.56942343
v 0.72831698 -2.44870990 -2.51725217
v 0.72190093 -2.39185307 -2.46337573
v 0.72809099 -2.33719190 -2.41049571
v 0.74657674 -2.28746733 -2.36126372
v 0.77643125 -2.24517276 -2.31814848
v 0.81615748 -2.21242902 -2.28331194
v 0.86376339 -2.19087800 -2.25850098
v 0.91686182 -2.18160038 -2.24495970
v 0.97279020 -2.18506137 -2.24336713
v 1.02874404 -2.20108742 -2.25380312
v 1.08191759 -2.22887492 -2.27574437
v 1.12964450 -2.26703048 -2.30809065
v 1.16953154 -2.31364083 -2.34922000
v 1.19957861 -2.36636873 -2.39707000
v 1.21827903 -2.42257019 -2.44924126
v 1.22469507 -2.47942702 -2.50311770
v 1.21850502 -2.53408819 -2.55599772
v 1.20001926 -2.58381276 -2.60522971
v 1.17016476 -2.62610733 -2.64834495
v 1.13043853 -2.65885107 -2.68318149
v 1.08283262 -2.68040208 -2.70799245
v 1.08856264 -2.50866996 -2.93634940
v 1.03256313 -2.50636877 -2.93799764
v 0.97613242 -2.49230832 -2.92661758
v 0.92210018 -2.46719368 -2.90277988
v 0.87317581 -2.43228417 -2.86767985
v 0.83181259 -2.38933033 -2.82307756
v 0.80008462 -2.34048603 -2.77120956
v 0.77958290 -2.28820052 -2.71467671
v 0.77133546 -2.23509563 -2.65631381
v 0.77575586 -2.18383425 -2.59904743
v 0.79262245 -2.13698684 -2.54574914
v 0.82108946 -2.09690253 -2.49909153
v 0.85972944 -2.06559132 -2.46141422
v 0.90660482 -2.04462327 -2.43460650
v 0.95936507 -2.03504981 -2.42001262
v 1.01536458 -2.03735100 -2.41836438
v 1.07179529 -2.05141144 -2.42974444
v 1.12582753 -2.07652609 -2.45358214
v 1.17475190 -2.11143559 -2.48868217
v 1.21611512 -2.15438944 -2.53328446
v 1.24784309 -2.20323374 -2.58515247
v 1.26834481 -2.25551925 -2.64168531
v 1.27659225 -2.30862414 -2.70004821
v 1.27217185 -2.35988552 -2.75731459
v 1.25530526 -2.40673292 -2.81061288
v 1.22683825 -2.44681723 -2.85727049
v 1.18819827 -2.47812845 -2.89494780
v 1.14132289 -2.49909650 -2.92175552
v 1.14345391 -2.31271448 -3.13654054
v 1.08741943 -2.31156470 -3.13835444
v 1.03056488 -2.29953053 -3.12620950
v 0.97574118 -2.27721544 -3.10071472
v 0.92569741 -2.24573838 -3.06314852
v 0.88294297 -2.20667776 -3.01539463
v 0.84962177 -2.16199222 -2.95984761
v 0.82740465 -2.11392250 -2.89929284
v 0.81740569 -2.06487901 -2.83676678
v 0.82012626 -2.01732099 -2.77540475
v 0.83542994 -1.97363321 -2.71828369
v 0.86254936 -1.93600634 -2.66826790
v 0.90012462 -1.90632716 -2.62786538
v 0.94627155 -1.88608391 -2.59910208
v 0.99867614 -1.87629167 -2.58342030
v 1.05471061 -1.87744145 -2.58160640
v 1.11156517 -1.88947562 -2.59375134
v 1.16638887 -1.91179071 -2.61924611
v 1.21643264 -1.94326777 -2.65681231
v 1.25918707 -1.98232839 -2.70456621
v 1.29250828 -2.02701393 -2.76011322
v 1.31472540 -2.07508365 -2.82066800
v 1.32472436 -2.12412714 -2.88319406
v 1.32200379 -2.17168516 -2.94455609
v 1.30670010 -2.21537294 -3.00167714
v 1.27958069 -2.25299981 -3.05169293
v 1.24200543 -2.28267899 -3.09209546
v 1.19585850 -2.30292224 -3.12085876
v 1.19391553 -2.10289887 -3.32081152
v 1.13788234 -2.10288292 -3.32289896
v 1.08065932 -2.09292162 -3.31017166
v 1.02511588 -2.07351447 -3.28326782
v 0.97403719 -2.04563463 -3.24353652
v 0.92998455 -2.01068012 -3.19297003
v 0.89516694 -1.97040369 -3.13410398
v 0.87133027 -1.92682497 -3.06989016
v 0.85966981 -1.88212919 -3.00354851
v 0.86077026 -1.83855757 -2.93840569
v 0.87457643 -1.79829499 -2.87772822
v 0.90039604 -1.76336036 -2.82455874
v 0.93693437 -1.73550547 -2.78156337
v 0.98235924 -1.71612707 -2.75089808
v 1.03439286 -1.70619688 -2.73410057
v 1.09042605 -1.70621283 -2.73201313
v 1.14764907 -1.71617413 -2.74474042
v 1.20319251 -1.73558128 -2.77164426
v 1.25427120 -1.76346112 -2.81137557
v 1.29832384 -1.79841563 -2.86194206
v 1.33314144 -1.83869206 -2.92080811
v 1.35697811 -1.88227078 -2.98502193
v 1.36863858 -1.92696656 -3.05136358
v 1.36753813 -1.97053818 -3.11650640
v 1.35373196 -2.01080076 -3.17718386
v 1.32791235 -2.04573539 -3.23035335
v 1.29137402 -2.07359028 -3.27334872
v 1.24594915 -2.09296868 -3.30401400
v 1.23947991 -1.88041055 -3.48796761
v 1.18348404 -1.88150198 -3.49043350
v 1.12594988 -1.87364594 -3.47730842
v 1.06976242 -1.85723636 -3.44925051
v 1.01773913 -1.83309608 -3.40766672
v 0.97248869 -1.80243561 -3.35464223
v 0.93628014 -1.76679237 -3.29283591
v 0.91092913 -1.72795369 -3.22534699
v 0.89770685 -1.68786708 -3.15555964
v 0.89727634 -1.64854267 -3.08697330
v 0.90965918 -1.61195233 -3.02302717
v 0.93423444 -1.57993086 -2.96692777
v 0.96976981 -1.55408396 -2.92148816
v 1.01448342 -1.53570769 -2.88898688
v 1.06613311 -1.52572352 -2.87105367
v 1.12212898 -1.52463209 -2.86858778
v 1.17966314 -1.53248813 -2.88171287
v 1.23585060 -1.54889771 -2.90977077
v 1.28787388 -1.57303799 -2.95135457
v 1.33312432 -1.60369847 -3.00437905
v 1.36933288 -1.63934170 -3.06618537
v 1.39468389 -1.67818038 -3.13367429
v 1.40790617 -1.71826699 -3.20346164
v 1.40833668 -1.75759140 -3.27204798
v 1.39595384 -1.79418174 -3.33599412
v 1.37137858 -1.82620321 -3.39209352
v 1.33584320 -1.85205011 -3.43753312
v 1.29112960 -1.87042638 -3.47003441
v 1.27970820 -1.64653055 -3.63692455
v 1.22378517 -1.64869439 -3.63986994
v 1.16599869 -1.64296182 -3.62653241
v 1.10924641 -1.62962029 -3.59758073
v 1.05637412 -1.60933880 -3.55446668
v 1.01003306 -1.58313435 -3.49935217
v 0.97254697 -1.55232094 -3.43500087
v 0.94579556 -1.51844369 -3.36463963
v 0.93112025 -1.48320134 -3.29179665
v 0.92925692 -1.44836109 -3.22012458
v 0.94029902 -1.41566997 -3.15321736
v 0.96369283 -1.38676726 -3.09443000
v 0.99826531 -1.36310225 -3.04671034
v 1.04228284 -1.34586161 -3.01245124
v 1.09353819 -1.33590986 -2.99337060
v 1.14946122 -1.33374602 -2.99042520
v 1.20724770 -1.33947860 -3.00376274
v 1.26399998 -1.35282013 -3.03271441
v 1.31687227 -1.37310161 -3.07582846
v 1.36321333 -1.39930606 -3.13094297
v 1.40069942 -1.43011947 -3.19529427
v 1.42745083 -1.46399672 -3.26565552
v 1.44212614 -1.49923907 -3.33849850
v 1.44398947 -1.53407933 -3.41017057
v 1.43294737 -1.56677044 -3.47707779
v 1.40955356 -1.59567316 -3.53586515
v 1.37498108 -1.61933816 -3.58358481
v 1.33096355 -1.63657880 -3.61784391
v 1.31419397 -1.40262437 -3.76671713
v 1.25837848 -1.40581756 -3.77023849
v 1.20039959 -1.40221260 -3.75687333
v 1.14316460 -1.39199026 -3.72729182
v 1.08954353 -1.37566314 -3.68297730
v 1.04222515 -1.35404994 -3.62615190
v 1.00358221 -1.32823443 -3.55966507
v 0.97555242 -1.29951112 -3.48685075
v 0.95954131 -1.26932032 -3.41136013
v 0.95635175 -1.23917591 -3.33697865
v 0.96614368 -1.21058946 -3.26743610
v 0.98842609 -1.18499442 -3.20621963
v 1.02208164 -1.16367423 -3.15639890
v 1.06542270 -1.14769796 -3.12047211
v 1.11627598 -1.13786675 -3.10024079
v 1.17209148 -1.13467356 -3.09671943
v 1.23007037 -1.13827852 -3.11008460
v 1.28730535 -1.14850086 -3.13966611
v 1.34092642 -1.16482798 -3.18398062
v 1.38824480 -1.18644119 -3.24080603
v 1.42688775 -1.21225669 -3.30729285
v 1.45491754 -1.24098000 -3.38010718
v 1.47092864 -1.27117080 -3.45559779
v 1.47411820 -1.30131521 -3.52997927
v 1.46432627 -1.32990166 -3.59952182
v 1.44204387 -1.35549670 -3.66073829
v 1.40838832 -1.37681690 -3.71055903
v 1.36504725 -1.39279316 -3.74648582
v 1.34256660 -1.15013223 -3.87650704
v 1.28689222 -1.15430410 -3.88069546
v 1.22878148 -1.15281702 -3.86748574
v 1.17114831 -1.14574557 -3.83754027
v 1.11688267 -1.13344435 -3.79236063
v 1.06870566 -1.11653018 -3.73421232
v 1.02903309 -1.09585121 -3.66601114
v 0.99985430 -1.07244438 -3.59117698
v 0.98263244 -1.04748340 -3.51346234
v 0.97823108 -1.02221991 -3.43676416
v 0.98687093 -0.99792074 -3.36492840
v 1.00811874 -0.97580434 -3.30155721
v 1.04090907 -0.95697973 -3.24982828
v 1.08359767 -0.94239085 -3.21233552
v 1.13404396 -0.93276924 -3.19095897
v 1.18971834 -0.92859738 -3.18677054
v 1.24782908 -0.93008445 -3.19998026
v 1.30546225 -0.93715590 -3.22992574
v 1.35972789 -0.94945712 -3.27510538
v 1.40790489 -0.96637129 -3.33325368
v 1.44757747 -0.98705026 -3.40145486
v 1.47675626 -1.01045709 -3.47628902
v 1.49397812 -1.03541807 -3.55400366
v 1.49837948 -1.06068156 -3.63070184
v 1.48973963 -1.08498073 -3.70253760
v 1.46849182 -1.10709713 -3.76590880
v 1.43570149 -1.12592174 -3.81763773
v 1.39301289 -1.14051063 -3.85513049
v 1.36449442 -0.89055857 -3.96558952
v 1.30899335 -0.89565138 -3.97053008
v 1.25081156 -0.89625888 -3.95765593
v 1.19286653 -0.89235060 -3.92761264
v 1.13806387 -0.88412254 -3.88190669
v 1.08915161 -0.87198727 -3.82282998
v 1.04858242 -0.85655331 -3.75334486
v 1.01839060 -0.83859458 -3.67693561
v 1.00009010 -0.81901161 -3.59743369
v 0.99459858 -0.79878637 -3.51882568
v 1.00219141 -0.77893303 -3.44505330
v 1.02248785 -0.76044714 -3.37981581
v 1.05447016 -0.74425564 -3.32638449
v 1.09653461 -0.73117044 -3.28743861
v 1.14657191 -0.72184770 -3.26493108
v 1.20207298 -0.71675490 -3.25999052
v 1.26025477 -0.71614740 -3.27286467
v 1.31819980 -0.72005567 -3.30290796
v 1.37300246 -0.72828374 -3.34861391
v 1.42191472 -0.74041901 -3.40769061
v 1.46248391 -0.75585297 -3.47717573
v 1.49267573 -0.77381170 -3.55358499
v 1.51097623 -0.79339467 -3.63308690
v 1.51646775 -0.81361991 -3.71169492
v 1.50887492 -0.83347324 -3.78546730
v 1.48857847 -0.85195914 -3.85070479
v 1.45659616 -0.86815064 -3.90413611
v 1.41453172 -0.88123583 -3.94308199
v 1.37968753 -0.62546104 -4.03339911
v 1.32439034 -0.63141059 -4.03917023
v 1.26619810 -0.63407616 -4.02680766
v 1.20802882 -0.63332408 -3.99693132
v 1.15279935 -0.62919206 -3.95103932
v 1.10327913 -0.62188731 -3.89143289
v 1.06195130 -0.61177611 -3.82110093
v 1.03088822 -0.59936547 -3.74357020
v 1.01164753 -0.58527773 -3.66272839
v 1.00519402 -0.57021930 -3.58262927
v 1.01185130 -0.55494527 -3.50728933
v 1.03128556 -0.54022154 -3.44048642
v 1.06252227 -0.52678643 -3.38557034
v 1.10399510 -0.51531362 -3.34529480
v 1.15362442 -0.50637842 -3.32167938
v 1.20892162 -0.50042886 -3.31590826
v 1.26711386 -0.49776330 -3.32827083
v 1.32528314 -0.49851538 -3.35814717
v 1.38051261 -0.50264739 -3.40403917
v 1.43003283 -0.50995215 -3.46364560
v 1.47136066 -0.52006335 -3.53397755
v 1.50242374 -0.53247398 -3.61150829
v 1.52166443 -0.54656172 -3.69235009
v 1.52811794 -0.56162016 -3.77244922
v 1.52146066 -0.57689419 -3.84778916
v 1.50202640 -0.59161792 -3.91459206
v 1.47078969 -0.60505303 -3.96950814
v 1.42931686 -0.61652583 -4.00978369
v 1.38790036 -0.35643901 -4.07951417
v 1.33283572 -0.36317529 -4.08618707
v 1.27469303 -0.36784970 -4.07450687
v 1.21638780 -0.37022783 -4.04505925
v 1.16084371 -0.37019045 -3.99932085
v 1.11084597 -0.36773942 -3.93958518
v 1.06890167 -0.36299766 -3.86884762
v 1.03711408 -0.35620292 -3.79065527
v 1.01707715 -0.34769593 -3.70892901
v 1.00979563 -0.33790327 -3.62776694
v 1.01563463 -0.32731598 -3.55123886
v 1.03430138 -0.31646495 -3.48318221
v 1.06485983 -0.30589429 -3.42700963
v 1.10577766 -0.29613407 -3.38553786
v 1.15500308 -0.28767370 -3.36084645
v 1.21006772 -0.28093742 -3.35417355
v 1.26821041 -0.27626301 -3.36585375
v 1.32651563 -0.27388488 -3.39530136
v 1.38205972 -0.27392226 -3.44103977
v 1.43205746 -0.27637329 -3.50077544
v 1.47400176 -0.28111506 -3.57151299
v 1.50578936 -0.28790979 -3.64970535
v 1.52582628 -0.29641678 -3.73143161
v 1.53310781 -0.30620944 -3.81259368
v 1.52726880 -0.31679673 -3.88912176
v 1.50860206 -0.32764776 -3.95717841
v 1.47804361 -0.33821842 -4.01335099
v 1.43712578 -0.34797864 -4.05482276
v 1.38764652 -0.09781991 -4.10322192
v 1.33270818 -0.10491417 -4.11037059
v 1.27461240 -0.11056341 -4.09909422
v 1.21627235 -0.11448435 -4.06995826
v 1.16061344 -0.11648037 -4.02442369
v 1.11042665 -0.11645139 -3.96477382
v 1.06822854 -0.11439886 -3.89399974
v 1.03613511 -0.11042569 -3.81565035
v 1.01575566 -0.10473114 -3.73365443
v 1.00811209 -0.09760073 -3.65212359
v 1.01358769 -0.08939203 -3.57514612
v 1.03190789 -0.08051664 -3.50658200
v 1.06215403 -0.07141962 -3.44986933
v 1.10280945 -0.06255713 -3.40785190
v 1.15183552 -0.05437358 -3.38263665
v 1.20677386 -0.04727931 -3.37548798
v 1.26486964 -0.04163007 -3.38676435
v 1.32320969 -0.03770914 -3.41590032
v 1.37886859 -0.03571312 -3.46143488
v 1.42905539 -0.03574210 -3.52108475
v 1.47125349 -0.03779463 -3.59185884
v 1.50334692 -0.04176779 -3.67020822
v 1.52372638 -0.04746235 -3.75220414
v 1.53136994 -0.05459275 -3.83373499
v 1.52589434 -0.06280146 -3.91071245
v 1.50757415 -0.07167685 -3.97927657
v 1.47732800 -0.08077386 -4.03598925
v 1.43667258 -0.08963635 -4.07800667
f 1 2 29
f 2 30 29
f 2 3 30
f 3 31 30
f 3 4 31
f 4 32 31
f 4 5 32
f 5 33 32
f 5 6 33
f 6 34 33
f 6 7 34
f 7 35 34
f 7 8 35
f 8 36 35
f 8 9 36
f 9 37 36
f 9 10 37
f 10 38 37
f 10 11 38
f 11 39 38
f 11 12 39
f 12 40 39
f 12 13 40
f 13 41 40
f 13 14 41
f 14 42 41
f 14 15 42
f 15 43 42
f 15 16 43
f 16 44 43
f 16 17 44
f 17 45 44
f 17 18 45
f 18 46 45
f 18 19 46
f 19 47 46
f 19 20 47
f 20 48 47
f 20 21 48
f 21 49 48
f 21 22 49
f 22 50 49
f 22 23 50
f 23 51 50
f 23 24 51
f 24 52 51
f 24 25 52
f 25 53 52
f 25 26 53
f 26 54 53
f 26 27 54
f 27 55 54
f 27 28 55
f 28 56 55
f 28 1 56
f 1 29 56
f 29 30 57
f 30 58 57
f 30 31 58
f 31 59 58
f 31 32 59
f 32 60 59
f 32 33 60
f 33 61 60
f 33 34 61
f 34 62 61
f 34 35 62
f 35 63 62
f 35 36 63
f 36 64 63
f 36 37 64
f 37 65 64
f 37 38 65
f 38 66 65
f 38 39 66
f 39 67 66
f 39 40 67
f 40 68 67
f 40 41 68
f 41 69 68
f 41 42 69
f 42 70 69
f 42 43 70
f 43 71 70
f 43 44 71
f 44 72 71
f 44 45 72
f 45 73 72
f 45 46 73
f 46 74 73
f 46 47 74
f 47 75 74
f 47 48 75
f 48 76 75
f 48 49 76
f 49 77 76
f 49 50 77
f 50 78 77
f 50 51 78
f 51 79 78
f 51 52 79
f 52 80 79
f 52 53 80
f 53 81 80
f 53 54 81
f 54 82 81
f 54 55 82
f 55 83 82
f 55 56 83
f 56 84 83
f 56 29 84
f 29 57 84
f 57 58 85
f 58 86 85
f 58 59 86
f 59 87 86
f 59 60 87
f 60 88 87
f 60 61 88
f 61 89 88
f 61 62 89
f 62 90 89
f 62 63 90
f 63 91 90
f 63 64 91
f 64 92 91
f 64 65 92
f 65 93 92
f 65 66 93
f 66 94 93
f 66 67 94
f 67 95 94
f 67 68 95
f 68 96 95
f 68 69 96
f 69 97 96
f 69 70 97
f 70 98 97
f 70 71 98
f 71 99 98
f 71 72 99
f 72 100 99
f 72 73 100
f 73 101 100
f 73 74 101
f 74 102 101
f 74 75 102
f 75 103 102
f 75 76 103
f 76 104 103
f 76 77 104
f 77 105 104
f 77 78 105
f 78 106 105
f 78 79 106
f 79 107 106
f 79 80 107
f 80 108 107
f 80 81 108
f 81 109 108
f 81 82 109
f 82 110 109
f 82 83 110
f 83 111 110
f 83 84 111
f 84 112 111
f 84 57 112
f 57 85 112
f 85 86 113
f 86 114 113
f 86 87 114
f 87 115 114
f 87 88 115
f 88 116 115
f 88 89 116
f 89 117 116
f 89 90 117
f 90 118 117
f 90 91 118
f 91 119 118
f 91 92 119
f 92 120 119
f 92 93 120
f 93 121 120
f 93 94 121
f 94 122 121
f 94 95 122
f 95 123 122
f 95 96 123
f 96 124 123
f 96 97 124
f 97 125 124
f 97 98 125
f 98 126 125
f 98 99 126
f 99 127 126
f 99 100 127
f 100 128 127
f 100 101 128
f 101 129 128
f 101 102 129
f 102 130 129
f 102 103 130
f 103 131 130
f 103 104 131
f 104 132 131
f 104 105 132
f 105 133 132
f 105 106 133
f 106 134 133
f 106 107 134
f 107 135 134
f 107 108 135
f 108 136 135
f 108 109 136
f 109 137 136
f 109 110 137
f 110 138 137
f 110 111 138
f 111 139 138
f 111 112 139
f 112 140 139
f 112 85 140
f 85 113 140
f 113 114 141
f 114 142 141
f 114 115 142
f 115 143 142
f 115 116 143
f 116 144 143
f 116 117 144
f 117 145 144
f 117 118 145
f 118 146 145
f 118 119 146
f 119 147 146
f 119 120 147
f 120 148 147
f 120 121 148
f 121 149 148
f 121 122 149
f 122 150 149
f 122 123 150
f 123 151 150
f 123 124 151
f 124 152 151
f 124 125 152
f 125 153 152
f 125 126 153
f 126 154 153
f 126 127 154
f 127 155 154
f 127 128 155
f 128 156 155
f 128 129 156
f 129 157 156
f 129 130 157
f 130 158 157
f 130 131 158
f 131 159 158
f 131 132 159
f 132 160 159
f 132 133 160
f 133 161 160
f 133 134 161
f 134 162 161
f 134 135 162
f 135 163 162
f 135 136 163
f 136 164 163
f 136 137 164
f 137 165 164
f 137 138 165
f 138 166 165
f 138 139 166
f 139 167 166
f 139 140 167
f 140 168 167
f 140 113 168
f 113 141 168
f 141 142 169
f 142 170 169
f 142 143 170
f 143 171 170
f 143 144 171
f 144 172 171
f 144 145 172
f 145 173 172
f 145 146 173
f 146 174 173
f 146 147 174
f 147 175 174
f 147 148 175
f 148 176 175
f 148 149 176
f 149 177 176
f 149 150 177
f 150 178 177
f 150 151 178
f 151 179 178
f 151 152 179
f 152 180 179
f 152 153 180
f 153 181 180
f 153 154 181
f 154 182 181
f 154 155 182
f 155 183 182
f 155 156 183
f 156 184 183
f 156 157 184
f 157 185 184
f 157 158 185
f 158 186 185
f 158 159 186
f 159 187 186
f 159 160 187
f 160 188 187
f 160 161 188
f 161 189 188
f 161 162 189
f 162 190 189
f 162 163 190
f 163 191 190
f 163 164 191
f 164 192 191
f 164 165 192
f 165 193 192
f 165 166 193
f 166 194 193
f 166 167 194
f 167 195 194
f 167 168 195
f 168 196 195
f 168 141 196
f 141 169 196
f 169 170 197
f 170 198 197
f 170 171 198
f 171 199 198
f 171 172 199
f 172 200 199
f 172 173 200
f 173 201 200
f 173 174 201
f 174 202 201
f 174 175 202
f 175 203 202
f 175 176 203
f 176 204 203
f 176 177 204
f 177 205 204
f 177 178 205
f 178 206 205
f 178 179 206
f 179 207 206
f 179 180 207
f 180 208 207
f 180 181 208
f 181 209 208
f 181 182 209
f 182 210 209
f 182 183 210
f 183 211 210
f 183 184 211
f 184 212 211
f 184 185 212
f 185 213 212
f 185 186 213
f 186 214 213
f 186 187 214
f 187 215 214
f 187 188 215
f 188 216 215
f 188 189 216
f 189 217 216
f 189 190 217
f 190 218 217
f 190 191 218
f 191 219 218
f 191 192 219
f 192 220 219
f 192 193 220
f 193 221 220
f 193 194 221
f 194 222 221
f 194 195 222
f 195 223 222
f 195 196 223
f 196 224 223
f 196 169 224
f 169 197 224
f 197 198 225
f 198 226 225
f 198 199 226
f 199 227 226
f 199 200 227
f 200 228 227
f 200 201 228
f 201 229 228
f 201 202 229
f 202 230 229
f 202 203 230
f 203 231 230
f 203 204 231
f 204 232 231
f 204 205 232
f 205 233 232
f 205 206 233
f 206 234 233
f 206 207 234
f 207 235 234
f 207 208 235
f 208 236 235
f 208 209 236
f 209 237 236
f 209 210 237
f 210 238 237
f 210 211 238
f 211 239 238
f 211 212 239
f 212 240 239
f 212 213 240
f 213 241 240
f 213 214 241
f 214 242 241
f 214 215 242
f 215 243 242
f 215 216 243
f 216 244 243
f 216 217 244
f 217 245 244
f 217 218 245
f 218 246 245
f 218 219 246
f 219 247 246
f 219 220 247
f 220 248 247
f 220 221 248
f 221 249 248
f 221 222 249
f 222 250 249
f 222 223 250
f 223 251 250
f 223 224 251
f 224 252 251
f 224 197 252
f 197 225 252
f 225 226 253
f 226 254 253
f 226 227 254
f 227 255 254
f 227 228 255
f 228 256 255
f 228 229 256
f 229 257 256
f 229 230 257
f 230 258 257
f 230 231 258
f 231 259 258
f 231 232 259
f 232 260 259
f 232 233 260
f 233 261 260
f 233 234 261
f 234 262 261
f 234 235 262
f 235 263 262
f 235 236 263
f 236 264 263
f 236 237 264
f 237 265 264
f 237 238 265
f 238 266 265
f 238 239 266
f 239 267 266
f 239 240 267
f 240 268 267
f 240 241 268
f 241 269 268
f 241 242 269
f 242 270 269
f 242 243 270
f 243 271 270
f 243 244 271
f 244 272 271
f 244 245 272
f 245 273 272
f 245 246 273
f 246 274 273
f 246 247 274
f 247 275 274
f 247 248 275
f 248 276 275
f 248 249 276
f 249 277 276
f 249 250 277
f 250 278 277
f 250 251 278
f 251 279 278
f 251 252 279
f 252 280 279
f 252 225 280
f 225 253 280
f 253 254 281
f 254 282 281
f 254 255 282
f 255 283 282
f 255 256 283
f 256 284 283
f 256 257 284
f 257 285 284
f 257 258 285
f 258 286 285
f 258 259 286
f 259 287 286
f 259 260 287
f 260 288 287
f 260 261 288
f 261 289 288
f 261 262 289
f 262 290 289
f 262 263 290
f 263 291 290
f 263 264 291
f 264 292 291
f 264 265 292
f 265 293 292
f 265 266 293
f 266 294 293
f 266 267 294
f 267 295 294
f 267 268 295
f 268 296 295
f 268 269 296
f 269 297 296
f 269 270 297
f 270 298 297
f 270 271 298
f 271 299 298
f 271 272 299
f 272 300 299
f 272 273 300
f 273 301 300
f 273 274 301
f 274 302 301
f 274 275 302
f 275 303 302
f 275 276 303
f 276 304 303
f 276 277 304
f 277 305 304
f 277 278 305
f 278 306 305
f 278 279 306
f 279 307 306
f 279 280 307
f 280 308 307
f 280 253 308
f 253 281 308
f 281 282 309
f 282 310 309
f 282 283 310
f 283 311 310
f 283 284 311
f 284 312 311
f 284 285 312
f 285 313 312
f 285 286 313
f 286 314 313
f 286 287 314
f 287 315 314
f 287 288 315
f 288 316 315
f 288 289 316
f 289 317 316
f 289 290 317
f 290 318 317
f 290 291 318
f 291 319 318
f 291 292 319
f 292 320 319
f 292 293 320
f 293 321 320
f 293 294 321
f 294 322 321
f 294 295 322
f 295 323 322
f 295 296 323
f 296 324 323
f 296 297 324
f 297 325 324
f 297 298 325
f 298 326 325
f 298 299 326
f 299 327 326
f 299 300 327
f 300 328 327
f 300 301 328
f 301 329 328
f 301 302 329
f 302 330 329
f 302 303 330
f 303 331 330
f 303 304 331
f 304 332 331
f 304 305 332
f 305 333 332
f 305 306 333
f 306 334 333
f 306 307 334
f 307 335 334
f 307 308 335
f 308 336 335
f 308 281 336
f 281 309 336
f 309 310 337
f 310 338 337
f 310 311 338
f 311 339 338
f 311 312 339
f 312 340 339
f 312 313 340
f 313 341 340
f 313 314 341
f 314 342 341
f 314 315 342
f 315 343 342
f 315 316 343
f 316 344 343
f 316 317 344
f 317 345 344
f 317 318 345
f 318 346 345
f 318 319 346
f 319 347 346
f 319 320 347
f 320 348 347
f 320 321 348
f 321 349 348
f 321 322 349
f 322 350 349
f 322 323 350
f 323 351 350
f 323 324 351
f 324 352 351
f 324 325 352
f 325 353 352
f 325 326 353
f 326 354 353
f 326 327 354
f 327 355 354
f 327 328 355
f 328 356 355
f 328 329 356
f 329 357 356
f 329 330 357
f 330 358 357
f 330 331 358
f 331 359 358
f 331 332 359
f 332 360 359
f 332 333 360
f 333 361 360
f 333 334 361
f 334 362 361
f 334 335 362
f 335 363 362
f 335 336 363
f 336 364 363
f 336 309 364
f 309 337 364
f 337 338 365
f 338 366 365
f 338 339 366
f 339 367 366
f 339 340 367
f 340 368 367
f 340 341 368
f 341 369 368
f 341 342 369
f 342 370 369
f 342 343 370
f 343 371 370
f 343 344 371
f 344 372 371
f 344 345 372
f 345 373 372
f 345 346 373
f 346 374 373
f 346 347 374
f 347 375 374
f 347 348 375
f 348 376 375
f 348 349 376
f 349 377 376
f 349 350 377
f 350 378 377
f 350 351 378
f 351 379 378
f 351 352 379
f 352 380 379
f 352 353 380
f 353 381 380
f 353 354 381
f 354 382 381
f 354 355 382
f 355 383 382
f 355 356 383
f 356 384 383
f 356 357 384
f 357 385 384
f 357 358 385
f 358 386 385
f 358 359 386
f 359 387 386
f 359 360 387
f 360 388 387
f 360 361 388
f 361 389 388
f 361 362 389
f 362 390 389
f 362 363 390
f 363 391 390
f 363 364 391
f 364 392 391
f 364 337 392
f 337 365 392
f 365 366 393
f 366 394 393
f 366 367 394
f 367 395 394
f 367 368 395
f 368 396 395
f 368 369 396
f 369 397 396
f 369 370 397
f 370 398 397
f 370 371 398
f 371 399 398
f 371 372 399
f 372 400 399
f 372 373 400
f 373 401 400
f 373 374 401
f 374 402 401
f 374 375 402
f 375 403 402
f 375 376 403
f 376 404 403
f 376 377 404
f 377 405 404
f 377 378 405
f 378 406 405
f 378 379 406
f 379 407 406
f 379 380 407
f 380 408 407
f 380 381 408
f 381 409 408
f 381 382 409
f 382 410 409
f 382 383 410
f 383 411 410
f 383 384 411
f 384 412 411
f 384 385 412
f 385 413 412
f 385 386 413
f 386 414 413
f 386 387 414
f 387 415 414
f 387 388 415
f 388 416 415
f 388 389 416
f 389 417 416
f 389 390 417
f 390 418 417
f 390 391 418
f 391 419 418
f 391 392 419
f 392 420 419
f 392 365 420
f 365 393 420
f 393 394 421
f 394 422 421
f 394 395 422
f 395 423 422
f 395 396 423
f 396 424 423
f 396 397 424
f 397 425 424
f 397 398 425
f 398 426 425
f 398 399 426
f 399 427 426
f 399 400 427
f 400 428 427
f 400 401 428
f 401 429 428
f 401 402 429
f 402 430 429
f 402 403 430
f 403 431 430
f 403 404 431
f 404 432 431
f 404 405 432
f 405 433 432
f 405 406 433
f 406 434 433
f 406 407 434
f 407 435 434
f 407 408 435
f 408 436 435
f 408 409 436
f 409 437 436
f 409 410 437
f 410 438 437
f 410 411 438
f 411 439 438
f 411 412 439
f 412 440 439
f 412 413 440
f 413 441 440
f 413 414 441
f 414 442 441
f 414 415 442
f 415 443 442
f 415 416 443
f 416 444 443
f 416 417 444
f 417 445 444
f 417 418 445
f 418 446 445
f 418 419 446
f 419 447 446
f 419 420 447
f 420 448 447
f 420 393 448
f 393 421 448
f 421 422 449
f 422 450 449
f 422 423 450
f 423 451 450
f 423 424 451
f 424 452 451
f 424 425 452
f 425 453 452
f 425 426 453
f 426 454 453
f 426 427 454
f 427 455 454
f 427 428 455
f 428 456 455
f 428 429 456
f 429 457 456
f 429 430 457
f 430 458 457
f 430 431 458
f 431 459 458
f 431 432 459
f 432 460 459
f 432 433 460
f 433 461 460
f 433 434 461
f 434 462 461
f 434 435 462
f 435 463 462
f 435 436 463
f 436 464 463
f 436 437 464
f 437 465 464
f 437 438 465
f 438 466 465
f 438 439 466
f 439 467 466
f 439 440 467
f 440 468 467
f 440 441 468
f 441 469 468
f 441 442 469
f 442 470 469
f 442 443 470
f 443 471 470
f 443 444 471
f 444 472 471
f 444 445 472
f 445 473 472
f 445 446 473
f 446 474 473
f 446 447 474
f 447 475 474
f 447 448 475
f 448 476 475
f 448 421 476
f 421 449 476
f 449 450 477
f 450 478 477
f 450 451 478
f 451 479 478
f 451 452 479
f 452 480 479
f 452 453 480
f 453 481 480
f 453 454 481
f 454 482 481
f 454 455 482
f 455 483 482
f 455 456 483
f 456 484 483
f 456 457 484
f 457 485 484
f 457 458 485
f 458 486 485
f 458 459 486
f 459 487 486
f 459 460 487
f 460 488 487
f 460 461 488
f 461 489 488
f 461 462 489
f 462 490 489
f 462 463 490
f 463 491 490
f 463 464 491
f 464 492 491
f 464 465 492
f 465 493 492
f 465 466 493
f 466 494 493
f 466 467 494
f 467 495 494
f 467 468 495
f 468 496 495
f 468 469 496
f 469 497 496
f 469 470 497
f 470 498 497
f 470 471 498
f 471 499 498
f 471 472 499
f 472 500 499
f 472 473 500
f 473 501 500
f 473 474 501
f 474 502 501
f 474 475 502
f 475 503 502
f 475 476 503
f 476 504 503
f 476 449 504
f 449 477 504
f 477 478 505
f 478 506 505
f 478 479 506
f 479 507 506
f 479 480 507
f 480 508 507
f 480 481 508
f 481 509 508
f 481 482 509
f 482 510 509
f 482 483 510
f 483 511 510
f 483 484 511
f 484 512 511
f 484 485 512
f 485 513 512
f 485 486 513
f 486 514 513
f 486 487 514
f 487 515 514
f 487 488 515
f 488 516 515
f 488 489 516
f 489 517 516
f 489 490 517
f 490 518 517
f 490 491 518
f 491 519 518
f 491 492 519
f 492 520 519
f 492 493 520
f 493 521 520
f 493 494 521
f 494 522 521
f 494 495 522
f 495 523 522
f 495 496 523
f 496 524 523
f 496 497 524
f 497 525 524
f 497 498 525
f 498 526 525
f 498 499 526
f 499 527 526
f 499 500 527
f 500 528 527
f 500 501 528
f 501 529 528
f 501 502 529
f 502 530 529
f 502 503 530
f 503 531 530
f 503 504 531
f 504 532 531
f 504 477 532
f 477 505 532
f 505 506 533
f 506 534 533
f 506 507 534
f 507 535 534
f 507 508 535
f 508 536 535
f 508 509 536
f 509 537 536
f 509 510 537
f 510 538 537
f 510 511 538
f 511 539 538
f 511 512 539
f 512 540 539
f 512 513 540
f 513 541 540
f 513 514 541
f 514 542 541
f 514 515 542
f 515 543 542
f 515 516 543
f 516 544 543
f 516 517 544
f 517 545 544
f 517 518 545
f 518 546 545
f 518 519 546
f 519 547 546
f 519 520 547
f 520 548 547
f 520 521 548
f 521 549 548
f 521 522 549
f 522 550 549
f 522 523 550
f 523 551 550
f 523 524 551
f 524 552 551
f 524 525 552
f 525 553 552
f 525 526 553
f 526 554 553
f 526 527 554
f 527 555 554
f 527 528 555
f 528 556 555
f 528 529 556
f 529 557 556
f 529 530 557
f 530 558 557
f 530 531 558
f 531 559 558
f 531 532 559
f 532 560 559
f 532 505 560
f 505 533 560
f 533 534 561
f 534 562 561
f 534 535 562
f 535 563 562
f 535 536 563
f 536 564 563
f 536 537 564
f 537 565 564
f 537 538 565
f 538 566 565
f 538 539 566
f 539 567 566
f 539 540 567
f 540 568 567
f 540 541 568
f 541 569 568
f 541 542 569
f 542 570 569
f 542 543 570
f 543 571 570
f 543 544 571
f 544 572 571
f 544 545 572
f 545 573 572
f 545 546 573
f 546 574 573
f 546 547 574
f 547 575 574
f 547 548 575
f 548 576 575
f 548 549 576
f 549 577 576
f 549 550 577
f 550 578 577
f 550 551 578
f 551 579 578
f 551 552 579
f 552 580 579
f 552 553 580
f 553 581 580
f 553 554 581
f 554 582 581
f 554 555 582
f 555 583 582
f 555 556 583
f 556 584 583
f 556 557 584
f 557 585 584
f 557 558 585
f 558 586 585
f 558 559 586
f 559 587 586
f 559 560 587
f 560 588 587
f 560 533 588
f 533 561 588
f 561 562 589
f 562 590 589
f 562 563 590
f 563 591 590
f 563 564 591
f 564 592 591
f 564 565 592
f 565 593 592
f 565 566 593
f 566 594 593
f 566 567 594
f 567 595 594
f 567 568 595
f 568 596 595
f 568 569 596
f 569 597 596
f 569 570 597
f 570 598 597
f 570 571 598
f 571 599 598
f 571 572 599
f 572 600 599
f 572 573 600
f 573 601 600
f 573 574 601
f 574 602 601
f 574 575 602
f 575 603 602
f 575 576 603
f 576 604 603
f 576 577 604
f 577 605 604
f 577 578 605
f 578 606 605
f 578 579 606
f 579 607 606
f 579 580 607
f 580 608 607
f 580 581 608
f 581 609 608
f 581 582 609
f 582 610 609
f 582 583 610
f 583 611 610
f 583 584 611
f 584 612 611
f 584 585 612
f 585 613 612
f 585 586 613
f 586 614 613
f 586 587 614
f 587 615 614
f 587 588 615
f 588 616 615
f 588 561 616
f 561 589 616
f 589 590 617
f 590 618 617
f 590 591 618
f 591 619 618
f 591 592 619
f 592 620 619
f 592 593 620
f 593 621 620
f 593 594 621
f 594 622 621
f 594 595 622
f 595 623 622
f 595 596 623
f 596 624 623
f 596 597 624
f 597 625 624
f 597 598 625
f 598 626 625
f 598 599 626
f 599 627 626
f 599 600 627
f 600 628 627
f 600 601 628
f 601 629 628
f 601 602 629
f 602 630 629
f 602 603 630
f 603 631 630
f 603 604 631
f 604 632 631
f 604 605 632
f 605 633 632
f 605 606 633
f 606 634 633
f 606 607 634
f 607 635 634
f 607 608 635
f 608 636 635
f 608 609 636
f 609 637 636
f 609 610 637
f 610 638 637
f 610 611 638
f 611 639 638
f 611 612 639
f 612 640 639
f 612 613 640
f 613 641 640
f 613 614 641
f 614 642 641
f 614 615 642
f 615 643 642
f 615 616 643
f 616 644 643
f 616 589 644
f 589 617 644
f 617 618 645
f 618 646 645
f 618 619 646
f 619 647 646
f 619 620 647
f 620 648 647
f 620 621 648
f 621 649 648
f 621 622 649
f 622 650 649
f 622 623 650
f 623 651 650
f 623 624 651
f 624 652 651
f 624 625 652
f 625 653 652
f 625 626 653
f 626 654 653
f 626 627 654
f 627 655 654
f 627 628 655
f 628 656 655
f 628 629 656
f 629 657 656
f 629 630 657
f 630 658 657
f 630 631 658
f 631 659 658
f 631 632 659
f 632 660 659
f 632 633 660
f 633 661 660
f 633 634 661
f 634 662 661
f 634 635 662
f 635 663 662
f 635 636 663
f 636 664 663
f 636 637 664
f 637 665 664
f 637 638 665
f 638 666 665
f 638 639 666
f 639 667 666
f 639 640 667
f 640 668 667
f 640 641 668
f 641 669 668
f 641 642 669
f 642 670 669
f 642 643 670
f 643 671 670
f 643 644 671
f 644 672 671
f 644 617 672
f 617 645 672
f 645 646 673
f 646 674 673
f 646 647 674
f 647 675 674
f 647 648 675
f 648 676 675
f 648 649 676
f 649 677 676
f 649 650 677
f 650 678 677
f 650 651 678
f 651 679 678
f 651 652 679
f 652 680 679
f 652 653 680
f 653 681 680
f 653 654 681
f 654 682 681
f 654 655 682
f 655 683 682
f 655 656 683
f 656 684 683
f 656 657 684
f 657 685 684
f 657 658 685
f 658 686 685
f 658 659 686
f 659 687 686
f 659 660 687
f 660 688 687
f 660 661 688
f 661 689 688
f 661 662 689
f 662 690 689
f 662 663 690
f 663 691 690
f 663 664 691
f 664 692 691
f 664 665 692
f 665 693 692
f 665 666 693
f 666 694 693
f 666 667 694
f 667 695 694
f 667 668 695
f 668 696 695
f 668 669 696
f 669 697 696
f 669 670 697
f 670 698 697
f 670 671 698
f 671 699 698
f 671 672 699
f 672 700 699
f 672 645 700
f 645 673 700
f 673 674 701
f 674 702 701
f 674 675 702
f 675 703 702
f 675 676 703
f 676 704 703
f 676 677 704
f 677 705 704
f 677 678 705
f 678 706 705
f 678 679 706
f 679 707 706
f 679 680 707
f 680 708 707
f 680 681 708
f 681 709 708
f 681 682 709
f 682 710 709
f 682 683 710
f 683 711 710
f 683 684 711
f 684 712 711
f 684 685 712
f 685 713 712
f 685 686 713
f 686 714 713
f 686 687 714
f 687 715 714
f 687 688 715
f 688 716 715
f 688 689 716
f 689 717 716
f 689 690 717
f 690 718 717
f 690 691 718
f 691 719 718
f 691 692 719
f 692 720 719
f 692 693 720
f 693 721 720
f 693 694 721
f 694 722 721
f 694 695 722
f 695 723 722
f 695 696 723
f 696 724 723
f 696 697 724
f 697 725 724
f 697 698 725
f 698 726 725
f 698 699 726
f 699 727 726
f 699 700 727
f 700 728 727
f 700 673 728
f 673 701 728
f 701 702 729
f 702 730 729
f 702 703 730
f 703 731 730
f 703 704 731
f 704 732 731
f 704 705 732
f 705 733 732
f 705 706 733
f 706 734 733
f 706 707 734
f 707 735 734
f 707 708 735
f 708 736 735
f 708 709 736
f 709 737 736
f 709 710 737
f 710 738 737
f 710 711 738
f 711 739 738
f 711 712 739
f 712 740 739
f 712 713 740
f 713 741 740
f 713 714 741
f 714 742 741
f 714 715 742
f 715 743 742
f 715 716 743
f 716 744 743
f 716 717 744
f 717 745 744
f 717 718 745
f 718 746 745
f 718 719 746
f 719 747 746
f 719 720 747
f 720 748 747
f 720 721 748
f 721 749 748
f 721 722 749
f 722 750 749
f 722 723 750
f 723 751 750
f 723 724 751
f 724 752 751
f 724 725 752
f 725 753 752
f 725 726 753
f 726 754 753
f 726 727 754
f 727 755 754
f 727 728 755
f 728 756 755
f 728 701 756
f 701 729 756
f 729 730 757
f 730 758 757
f 730 731 758
f 731 759 758
f 731 732 759
f 732 760 759
f 732 733 760
f 733 761 760
f 733 734 761
f 734 762 761
f 734 735 762
f 735 763 762
f 735 736 763
f 736 764 763
f 736 737 764
f 737 765 764
f 737 738 765
f 738 766 765
f 738 739 766
f 739 767 766
f 739 740 767
f 740 768 767
f 740 741 768
f 741 769 768
f 741 742 769
f 742 770 769
f 742 743 770
f 743 771 770
f 743 744 771
f 744 772 771
f 744 745 772
f 745 773 772
f 745 746 773
f 746 774 773
f 746 747 774
f 747 775 774
f 747 748 775
f 748 776 775
f 748 749 776
f 749 777 776
f 749 750 777
f 750 778 777
f 750 751 778
f 751 779 778
f 751 752 779
f 752 780 779
f 752 753 780
f 753 781 780
f 753 754 781
f 754 782 781
f 754 755 782
f 755 783 782
f 755 756 783
f 756 784 783
f 756 729 784
f 729 757 784
f 757 758 785
f 758 786 785
f 758 759 786
f 759 787 786
f 759 760 787
f 760 788 787
f 760 761 788
f 761 789 788
f 761 762 789
f 762 790 789
f 762 763 790
f 763 791 790
f 763 764 791
f 764 792 791
f 764 765 792
f 765 793 792
f 765 766 793
f 766 794 793
f 766 767 794
f 767 795 794
f 767 768 795
f 768 796 795
f 768 769 796
f 769 797 796
f 769 770 797
f 770 798 797
f 770 771 798
f 771 799 798
f 771 772 799
f 772 800 799
f 772 773 800
f 773 801 800
f 773 774 801
f 774 802 801
f 774 775 802
f 775 803 802
f 775 776 803
f 776 804 803
f 776 777 804
f 777 805 804
f 777 778 805
f 778 806 805
f 778 779 806
f 779 807 806
f 779 780 807
f 780 808 807
f 780 781 808
f 781 809 808
f 781 782 809
f 782 810 809
f 782 783 810
f 783 811 810
f 783 784 811
f 784 812 811
f 784 757 812
f 757 785 812
f 785 786 813
f 786 814 813
f 786 787 814
f 787 815 814
f 787 788 815
f 788 816 815
f 788 789 816
f 789 817 816
f 789 790 817
f 790 818 817
f 790 791 818
f 791 819 818
f 791 792 819
f 792 820 819
f 792 793 820
f 793 821 820
f 793 794 821
f 794 822 821
f 794 795 822
f 795 823 822
f 795 796 823
f 796 824 823
f 796 797 824
f 797 825 824
f 797 798 825
f 798 826 825
f 798 799 826
f 799 827 826
f 799 800 827
f 800 828 827
f 800 801 828
f 801 829 828
f 801 802 829
f 802 830 829
f 802 803 830
f 803 831 830
f 803 804 831
f 804 832 831
f 804 805 832
f 805 833 832
f 805 806 833
f 806 834 833
f 806 807 834
f 807 835 834
f 807 808 835
f 808 836 835
f 808 809 836
f 809 837 836
f 809 810 837
f 810 838 837
f 810 811 838
f 811 839 838
f 811 812 839
f 812 840 839
f 812 785 840
f 785 813 840
f 813 814 841
f 814 842 841
f 814 815 842
f 815 843 842
f 815 816 843
f 816 844 843
f 816 817 844
f 817 845 844
f 817 818 845
f 818 846 845
f 818 819 846
f 819 847 846
f 819 820 847
f 820 848 847
f 820 821 848
f 821 849 848
f 821 822 849
f 822 850 849
f 822 823 850
f 823 851 850
f 823 824 851
f 824 852 851
f 824 825 852
f 825 853 852
f 825 826 853
f 826 854 853
f 826 827 854
f 827 855 854
f 827 828 855
f 828 856 855
f 828 829 856
f 829 857 856
f 829 830 857
f 830 858 857
f 830 831 858
f 831 859 858
f 831 832 859
f 832 860 859
f 832 833 860
f 833 861 860
f 833 834 861
f 834 862 861
f 834 835 862
f 835 863 862
f 835 836 863
f 836 864 863
f 836 837 864
f 837 865 864
f 837 838 865
f 838 866 865
f 838 839 866
f 839 867 866
f 839 840 867
f 840 868 867
f 840 813 868
f 813 841 868
f 841 842 869
f 842 870 869
f 842 843 870
f 843 871 870
f 843 844 871
f 844 872 871
f 844 845 872
f 845 873 872
f 845 846 873
f 846 874 873
f 846 847 874
f 847 875 874
f 847 848 875
f 848 876 875
f 848 849 876
f 849 877 876
f 849 850 877
f 850 878 877
f 850 851 878
f 851 879 878
f 851 852 879
f 852 880 879
f 852 853 880
f 853 881 880
f 853 854 881
f 854 882 881
f 854 855 882
f 855 883 882
f 855 856 883
f 856 884 883
f 856 857 884
f 857 885 884
f 857 858 885
f 858 886 885
f 858 859 886
f 859 887 886
f 859 860 887
f 860 888 887
f 860 861 888
f 861 889 888
f 861 862 889
f 862 890 889
f 862 863 890
f 863 891 890
f 863 864 891
f 864 892 891
f 864 865 892
f 865 893 892
f 865 866 893
f 866 894 893
f 866 867 894
f 867 895 894
f 867 868 895
f 868 896 895
f 868 841 896
f 841 869 896
f 869 870 897
f 870 898 897
f 870 871 898
f 871 899 898
f 871 872 899
f 872 900 899
f 872 873 900
f 873 901 900
f 873 874 901
f 874 902 901
f 874 875 902
f 875 903 902
f 875 876 903
f 876 904 903
f 876 877 904
f 877 905 904
f 877 878 905
f 878 906 905
f 878 879 906
f 879 907 906
f 879 880 907
f 880 908 907
f 880 881 908
f 881 909 908
f 881 882 909
f 882 910 909
f 882 883 910
f 883 911 910
f 883 884 911
f 884 912 911
f 884 885 912
f 885 913 912
f 885 886 913
f 886 914 913
f 886 887 914
f 887 915 914
f 887 888 915
f 888 916 915
f 888 889 916
f 889 917 916
f 889 890 917
f 890 918 917
f 890 891 918
f 891 919 918
f 891 892 919
f 892 920 919
f 892 893 920
f 893 921 920
f 893 894 921
f 894 922 921
f 894 895 922
f 895 923 922
f 895 896 923
f 896 924 923
f 896 869 924
f 869 897 924
f 897 898 925
f 898 926 925
f 898 899 926
f 899 927 926
f 899 900 927
f 900 928 927
f 900 901 928
f 901 929 928
f 901 902 929
f 902 930 929
f 902 903 930
f 903 931 930
f 903 904 931
f 904 932 931
f 904 905 932
f 905 933 932
f 905 906 933
f 906 934 933
f 906 907 934
f 907 935 934
f 907 908 935
f 908 936 935
f 908 909 936
f 909 937 936
f 909 910 937
f 910 938 937
f 910 911 938
f 911 939 938
f 911 912 939
f 912 940 939
f 912 913 940
f 913 941 940
f 913 914 941
f 914 942 941
f 914 915 942
f 915 943 942
f 915 916 943
f 916 944 943
f 916 917 944
f 917 945 944
f 917 918 945
f 918 946 945
f 918 919 946
f 919 947 946
f 919 920 947
f 920 948 947
f 920 921 948
f 921 949 948
f 921 922 949
f 922 950 949
f 922 923 950
f 923 951 950
f 923 924 951
f 924 952 951
f 924 897 952
f 897 925 952
f 925 926 953
f 926 954 953
f 926 927 954
f 927 955 954
f 927 928 955
f 928 956 955
f 928 929 956
f 929 957 956
f 929 930 957
f 930 958 957
f 930 931 958
f 931 959 958
f 931 932 959
f 932 960 959
f 932 933 960
f 933 961 960
f 933 934 961
f 934 962 961
f 934 935 962
f 935 963 962
f 935 936 963
f 936 964 963
f 936 937 964
f 937 965 964
f 937 938 965
f 938 966 965
f 938 939 966
f 939 967 966
f 939 940 967
f 940 968 967
f 940 941 968
f 941 969 968
f 941 942 969
f 942 970 969
f 942 943 970
f 943 971 970
f 943 944 971
f 944 972 971
f 944 945 972
f 945 973 972
f 945 946 973
f 946 974 973
f 946 947 974
f 947 975 974
f 947 948 975
f 948 976 975
f 948 949 976
f 949 977 976
f 949 950 977
f 950 978 977
f 950 951 978
f 951 979 978
f 951 952 979
f 952 980 979
f 952 925 980
f 925 953 980
f 953 954 981
f 954 982 981
f 954 955 982
f 955 983 982
f 955 956 983
f 956 984 983
f 956 957 984
f 957 985 984
f 957 958 985
f 958 986 985
f 958 959 986
f 959 987 986
f 959 960 987
f 960 988 987
f 960 961 988
f 961 989 988
f 961 962 989
f 962 990 989
f 962 963 990
f 963 991 990
f 963 964 991
f 964 992 991
f 964 965 992
f 965 993 992
f 965 966 993
f 966 994 993
f 966 967 994
f 967 995 994
f 967 968 995
f 968 996 995
f 968 969 996
f 969 997 996
f 969 970 997
f 970 998 997
f 970 971 998
f 971 999 998
f 971 972 999
f 972 1000 999
f 972 973 1000
f 973 1001 1000
f 973 974 1001
f 974 1002 1001
f 974 975 1002
f 975 1003 1002
f 975 976 1003
f 976 1004 1003
f 976 977 1004
f 977 1005 1004
f 977 978 1005
f 978 1006 1005
f 978 979 1006
f 979 1007 1006
f 979 980 1007
f 980 1008 1007
f 980 953 1008
f 953 981 1008
f 981 982 1009
f 982 1010 1009
f 982 983 1010
f 983 1011 1010
f 983 984 1011
f 984 1012 1011
f 984 985 1012
f 985 1013 1012
f 985 986 1013
f 986 1014 1013
f 986 987 1014
f 987 1015 1014
f 987 988 1015
f 988 1016 1015
f 988 989 1016
f 989 1017 1016
f 989 990 1017
f 990 1018 1017
f 990 991 1018
f 991 1019 1018
f 991 992 1019
f 992 1020 1019
f 992 993 1020
f 993 1021 1020
f 993 994 1021
f 994 1022 1021
f 994 995 1022
f 995 1023 1022
f 995 996 1023
f 996 1024 1023
f 996 997 1024
f 997 1025 1024
f 997 998 1025
f 998 1026 1025
f 998 999 1026
f 999 1027 1026
f 999 1000 1027
f 1000 1028 1027
f 1000 1001 1028
f 1001 1029 1028
f 1001 1002 1029
f 1002 1030 1029
f 1002 1003 1030
f 1003 1031 1030
f 1003 1004 1031
f 1004 1032 1031
f 1004 1005 1032
f 1005 1033 1032
f 1005 1006 1033
f 1006 1034 1033
f 1006 1007 1034
f 1007 1035 1034
f 1007 1008 1035
f 1008 1036 1035
f 1008 981 1036
f 981 1009 1036
f 1009 1010 1037
f 1010 1038 1037
f 1010 1011 1038
f 1011 1039 1038
f 1011 1012 1039
f 1012 1040 1039
f 1012 1013 1040
f 1013 1041 1040
f 1013 1014 1041
f 1014 1042 1041
f 1014 1015 1042
f 1015 1043 1042
f 1015 1016 1043
f 1016 1044 1043
f 1016 1017 1044
f 1017 1045 1044
f 1017 1018 1045
f 1018 1046 1045
f 1018 1019 1046
f 1019 1047 1046
f 1019 1020 1047
f 1020 1048 1047
f 1020 1021 1048
f 1021 1049 1048
f 1021 1022 1049
f 1022 1050 1049
f 1022 1023 1050
f 1023 1051 1050
f 1023 1024 1051
f 1024 1052 1051
f 1024 1025 1052
f 1025 1053 1052
f 1025 1026 1053
f 1026 1054 1053
f 1026 1027 1054
f 1027 1055 1054
f 1027 1028 1055
f 1028 1056 1055
f 1028 1029 1056
f 1029 1057 1056
f 1029 1030 1057
f 1030 1058 1057
f 1030 1031 1058
f 1031 1059 1058
f 1031 1032 1059
f 1032 1060 1059
f 1032 1033 1060
f 1033 1061 1060
f 1033 1034 1061
f 1034 1062 1061
f 1034 1035 1062
f 1035 1063 1062
f 1035 1036 1063
f 1036 1064 1063
f 1036 1009 1064
f 1009 1037 1064
f 1037 1038 1065
f 1038 1066 1065
f 1038 1039 1066
f 1039 1067 1066
f 1039 1040 1067
f 1040 1068 1067
f 1040 1041 1068
f 1041 1069 1068
f 1041 1042 1069
f 1042 1070 1069
f 1042 1043 1070
f 1043 1071 1070
f 1043 1044 1071
f 1044 1072 1071
f 1044 1045 1072
f 1045 1073 1072
f 1045 1046 1073
f 1046 1074 1073
f 1046 1047 1074
f 1047 1075 1074
f 1047 1048 1075
f 1048 1076 1075
f 1048 1049 1076
f 1049 1077 1076
f 1049 1050 1077
f 1050 1078 1077
f 1050 1051 1078
f 1051 1079 1078
f 1051 1052 1079
f 1052 1080 1079
f 1052 1053 1080
f 1053 1081 1080
f 1053 1054 1081
f 1054 1082 1081
f 1054 1055 1082
f 1055 1083 1082
f 1055 1056 1083
f 1056 1084 1083
f 1056 1057 1084
f 1057 1085 1084
f 1057 1058 1085
f 1058 1086 1085
f 1058 1059 1086
f 1059 1087 1086
f 1059 1060 1087
f 1060 1088 1087
f 1060 1061 1088
f 1061 1089 1088
f 1061 1062 1089
f 1062 1090 1089
f 1062 1063 1090
f 1063 1091 1090
f 1063 1064 1091
f 1064 1092 1091
f 1064 1037 1092
f 1037 1065 1092
f 1065 1066 1093
f 1066 1094 1093
f 1066 1067 1094
f 1067 1095 1094
f 1067 1068 1095
f 1068 1096 1095
f 1068 1069 1096
f 1069 1097 1096
f 1069 1070 1097
f 1070 1098 1097
f 1070 1071 1098
f 1071 1099 1098
f 1071 1072 1099
f 1072 1100 1099
f 1072 1073 1100
f 1073 1101 1100
f 1073 1074 1101
f 1074 1102 1101
f 1074 1075 1102
f 1075 1103 1102
f 1075 1076 1103
f 1076 1104 1103
f 1076 1077 1104
f 1077 1105 1104
f 1077 1078 1105
f 1078 1106 1105
f 1078 1079 1106
f 1079 1107 1106
f 1079 1080 1107
f 1080 1108 1107
f 1080 1081 1108
f 1081 1109 1108
f 1081 1082 1109
f 1082 1110 1109
f 1082 1083 1110
f 1083 1111 1110
f 1083 1084 1111
f 1084 1112 1111
f 1084 1085 1112
f 1085 1113 1112
f 1085 1086 1113
f 1086 1114 1113
f 1086 1087 1114
f 1087 1115 1114
f 1087 1088 1115
f 1088 1116 1115
f 1088 1089 1116
f 1089 1117 1116
f 1089 1090 1117
f 1090 1118 1117
f 1090 1091 1118
f 1091 1119 1118
f 1091 1092 1119
f 1092 1120 1119
f 1092 1065 1120
f 1065 1093 1120
f 1093 1094 1121
f 1094 1122 1121
f 1094 1095 1122
f 1095 1123 1122
f 1095 1096 1123
f 1096 1124 1123
f 1096 1097 1124
f 1097 1125 1124
f 1097 1098 1125
f 1098 1126 1125
f 1098 1099 1126
f 1099 1127 1126
f 1099 1100 1127
f 1100 1128 1127
f 1100 1101 1128
f 1101 1129 1128
f 1101 1102 1129
f 1102 1130 1129
f 1102 1103 1130
f 1103 1131 1130
f 1103 1104 1131
f 1104 1132 1131
f 1104 1105 1132
f 1105 1133 1132
f 1105 1106 1133
f 1106 1134 1133
f 1106 1107 1134
f 1107 1135 1134
f 1107 1108 1135
f 1108 1136 1135
f 1108 1109 1136
f 1109 1137 1136
f 1109 1110 1137
f 1110 1138 1137
f 1110 1111 1138
f 1111 1139 1138
f 1111 1112 1139
f 1112 1140 1139
f 1112 1113 1140
f 1113 1141 1140
f 1113 1114 1141
f 1114 1142 1141
f 1114 1115 1142
f 1115 1143 1142
f 1115 1116 1143
f 1116 1144 1143
f 1116 1117 1144
f 1117 1145 1144
f 1117 1118 1145
f 1118 1146 1145
f 1118 1119 1146
f 1119 1147 1146
f 1119 1120 1147
f 1120 1148 1147
f 1120 1093 1148
f 1093 1121 1148
f 1121 1122 1149
f 1122 1150 1149
f 1122 1123 1150
f 1123 1151 1150
f 1123 1124 1151
f 1124 1152 1151
f 1124 1125 1152
f 1125 1153 1152
f 1125 1126 1153
f 1126 1154 1153
f 1126 1127 1154
f 1127 1155 1154
f 1127 1128 1155
f 1128 1156 1155
f 1128 1129 1156
f 1129 1157 1156
f 1129 1130 1157
f 1130 1158 1157
f 1130 1131 1158
f 1131 1159 1158
f 1131 1132 1159
f 1132 1160 1159
f 1132 1133 1160
f 1133 1161 1160
f 1133 1134 1161
f 1134 1162 1161
f 1134 1135 1162
f 1135 1163 1162
f 1135 1136 1163
f 1136 1164 1163
f 1136 1137 1164
f 1137 1165 1164
f 1137 1138 1165
f 1138 1166 1165
f 1138 1139 1166
f 1139 1167 1166
f 1139 1140 1167
f 1140 1168 1167
f 1140 1141 1168
f 1141 1169 1168
f 1141 1142 1169
f 1142 1170 1169
f 1142 1143 1170
f 1143 1171 1170
f 1143 1144 1171
f 1144 1172 1171
f 1144 1145 1172
f 1145 1173 1172
f 1145 1146 1173
f 1146 1174 1173
f 1146 1147 1174
f 1147 1175 1174
f 1147 1148 1175
f 1148 1176 1175
f 1148 1121 1176
f 1121 1149 1176
f 1149 1150 1177
f 1150 1178 1177
f 1150 1151 1178
f 1151 1179 1178
f 1151 1152 1179
f 1152 1180 1179
f 1152 1153 1180
f 1153 1181 1180
f 1153 1154 1181
f 1154 1182 1181
f 1154 1155 1182
f 1155 1183 1182
f 1155 1156 1183
f 1156 1184 1183
f 1156 1157 1184
f 1157 1185 1184
f 1157 1158 1185
f 1158 1186 1185
f 1158 1159 1186
f 1159 1187 1186
f 1159 1160 1187
f 1160 1188 1187
f 1160 1161 1188
f 1161 1189 1188
f 1161 1162 1189
f 1162 1190 1189
f 1162 1163 1190
f 1163 1191 1190
f 1163 1164 1191
f 1164 1192 1191
f 1164 1165 1192
f 1165 1193 1192
f 1165 1166 1193
f 1166 1194 1193
f 1166 1167 1194
f 1167 1195 1194
f 1167 1168 1195
f 1168 1196 1195
f 1168 1169 1196
f 1169 1197 1196
f 1169 1170 1197
f 1170 1198 1197
f 1170 1171 1198
f 1171 1199 1198
f 1171 1172 1199
f 1172 1200 1199
f 1172 1173 1200
f 1173 1201 1200
f 1173 1174 1201
f 1174 1202 1201
f 1174 1175 1202
f 1175 1203 1202
f 1175 1176 1203
f 1176 1204 1203
f 1176 1149 1204
f 1149 1177 1204
f 1177 1178 1205
f 1178 1206 1205
f 1178 1179 1206
f 1179 1207 1206
f 1179 1180 1207
f 1180 1208 1207
f 1180 1181 1208
f 1181 1209 1208
f 1181 1182 1209
f 1182 1210 1209
f 1182 1183 1210
f 1183 1211 1210
f 1183 1184 1211
f 1184 1212 1211
f 1184 1185 1212
f 1185 1213 1212
f 1185 1186 1213
f 1186 1214 1213
f 1186 1187 1214
f 1187 1215 1214
f 1187 1188 1215
f 1188 1216 1215
f 1188 1189 1216
f 1189 1217 1216
f 1189 1190 1217
f 1190 1218 1217
f 1190 1191 1218
f 1191 1219 1218
f 1191 1192 1219
f 1192 1220 1219
f 1192 1193 1220
f 1193 1221 1220
f 1193 1194 1221
f 1194 1222 1221
f 1194 1195 1222
f 1195 1223 1222
f 1195 1196 1223
f 1196 1224 1223
f 1196 1197 1224
f 1197 1225 1224
f 1197 1198 1225
f 1198 1226 1225
f 1198 1199 1226
f 1199 1227 1226
f 1199 1200 1227
f 1200 1228 1227
f 1200 1201 1228
f 1201 1229 1228
f 1201 1202 1229
f 1202 1230 1229
f 1202 1203 1230
f 1203 1231 1230
f 1203 1204 1231
f 1204 1232 1231
f 1204 1177 1232
f 1177 1205 1232
f 1205 1206 1233
f 1206 1234 1233
f 1206 1207 1234
f 1207 1235 1234
f 1207 1208 1235
f 1208 1236 1235
f 1208 1209 1236
f 1209 1237 1236
f 1209 1210 1237
f 1210 1238 1237
f 1210 1211 1238
f 1211 1239 1238
f 1211 1212 1239
f 1212 1240 1239
f 1212 1213 1240
f 1213 1241 1240
f 1213 1214 1241
f 1214 1242 1241
f 1214 1215 1242
f 1215 1243 1242
f 1215 1216 1243
f 1216 1244 1243
f 1216 1217 1244
f 1217 1245 1244
f 1217 1218 1245
f 1218 1246 1245
f 1218 1219 1246
f 1219 1247 1246
f 1219 1220 1247
f 1220 1248 1247
f 1220 1221 1248
f 1221 1249 1248
f 1221 1222 1249
f 1222 1250 1249
f 1222 1223 1250
f 1223 1251 1250
f 1223 1224 1251
f 1224 1252 1251
f 1224 1225 1252
f 1225 1253 1252
f 1225 1226 1253
f 1226 1254 1253
f 1226 1227 1254
f 1227 1255 1254
f 1227 1228 1255
f 1228 1256 1255
f 1228 1229 1256
f 1229 1257 1256
f 1229 1230 1257
f 1230 1258 1257
f 1230 1231 1258
f 1231 1259 1258
f 1231 1232 1259
f 1232 1260 1259
f 1232 1205 1260
f 1205 1233 1260
f 1233 1234 1261
f 1234 1262 1261
f 1234 1235 1262
f 1235 1263 1262
f 1235 1236 1263
f 1236 1264 1263
f 1236 1237 1264
f 1237 1265 1264
f 1237 1238 1265
f 1238 1266 1265
f 1238 1239 1266
f 1239 1267 1266
f 1239 1240 1267
f 1240 1268 1267
f 1240 1241 1268
f 1241 1269 1268
f 1241 1242 1269
f 1242 1270 1269
f 1242 1243 1270
f 1243 1271 1270
f 1243 1244 1271
f 1244 1272 1271
f 1244 1245 1272
f 1245 1273 1272
f 1245 1246 1273
f 1246 1274 1273
f 1246 1247 1274
f 1247 1275 1274
f 1247 1248 1275
f 1248 1276 1275
f 1248 1249 1276
f 1249 1277 1276
f 1249 1250 1277
f 1250 1278 1277
f 1250 1251 1278
f 1251 1279 1278
f 1251 1252 1279
f 1252 1280 1279
f 1252 1253 1280
f 1253 1281 1280
f 1253 1254 1281
f 1254 1282 1281
f 1254 1255 1282
f 1255 1283 1282
f 1255 1256 1283
f 1256 1284 1283
f 1256 1257 1284
f 1257 1285 1284
f 1257 1258 1285
f 1258 1286 1285
f 1258 1259 1286
f 1259 1287 1286
f 1259 1260 1287
f 1260 1288 1287
f 1260 1233 1288
f 1233 1261 1288
f 1261 1262 1289
f 1262 1290 1289
f 1262 1263 1290
f 1263 1291 1290
f 1263 1264 1291
f 1264 1292 1291
f 1264 1265 1292
f 1265 1293 1292
f 1265 1266 1293
f 1266 1294 1293
f 1266 1267 1294
f 1267 1295 1294
f 1267 1268 1295
f 1268 1296 1295
f 1268 1269 1296
f 1269 1297 1296
f 1269 1270 1297
f 1270 1298 1297
f 1270 1271 1298
f 1271 1299 1298
f 1271 1272 1299
f 1272 1300 1299
f 1272 1273 1300
f 1273 1301 1300
f 1273 1274 1301
f 1274 1302 1301
f 1274 1275 1302
f 1275 1303 1302
f 1275 1276 1303
f 1276 1304 1303
f 1276 1277 1304
f 1277 1305 1304
f 1277 1278 1305
f 1278 1306 1305
f 1278 1279 1306
f 1279 1307 1306
f 1279 1280 1307
f 1280 1308 1307
f 1280 1281 1308
f 1281 1309 1308
f 1281 1282 1309
f 1282 1310 1309
f 1282 1283 1310
f 1283 1311 1310
f 1283 1284 1311
f 1284 1312 1311
f 1284 1285 1312
f 1285 1313 1312
f 1285 1286 1313
f 1286 1314 1313
f 1286 1287 1314
f 1287 1315 1314
f 1287 1288 1315
f 1288 1316 1315
f 1288 1261 1316
f 1261 1289 1316
f 1289 1290 1317
f 1290 1318 1317
f 1290 1291 1318
f 1291 1319 1318
f 1291 1292 1319
f 1292 1320 1319
f 1292 1293 1320
f 1293 1321 1320
f 1293 1294 1321
f 1294 1322 1321
f 1294 1295 1322
f 1295 1323 1322
f 1295 1296 1323
f 1296 1324 1323
f 1296 1297 1324
f 1297 1325 1324
f 1297 1298 1325
f 1298 1326 1325
f 1298 1299 1326
f 1299 1327 1326
f 1299 1300 1327
f 1300 1328 1327
f 1300 1301 1328
f 1301 1329 1328
f 1301 1302 1329
f 1302 1330 1329
f 1302 1303 1330
f 1303 1331 1330
f 1303 1304 1331
f 1304 1332 1331
f 1304 1305 1332
f 1305 1333 1332
f 1305 1306 1333
f 1306 1334 1333
f 1306 1307 1334
f 1307 1335 1334
f 1307 1308 1335
f 1308 1336 1335
f 1308 1309 1336
f 1309 1337 1336
f 1309 1310 1337
f 1310 1338 1337
f 1310 1311 1338
f 1311 1339 1338
f 1311 1312 1339
f 1312 1340 1339
f 1312 1313 1340
f 1313 1341 1340
f 1313 1314 1341
f 1314 1342 1341
f 1314 1315 1342
f 1315 1343 1342
f 1315 1316 1343
f 1316 1344 1343
f 1316 1289 1344
f 1289 1317 1344
f 1317 1318 1345
f 1318 1346 1345
f 1318 1319 1346
f 1319 1347 1346
f 1319 1320 1347
f 1320 1348 1347
f 1320 1321 1348
f 1321 1349 1348
f 1321 1322 1349
f 1322 1350 1349
f 1322 1323 1350
f 1323 1351 1350
f 1323 1324 1351
f 1324 1352 1351
f 1324 1325 1352
f 1325 1353 1352
f 1325 1326 1353
f 1326 1354 1353
f 1326 1327 1354
f 1327 1355 1354
f 1327 1328 1355
f 1328 1356 1355
f 1328 1329 1356
f 1329 1357 1356
f 1329 1330 1357
f 1330 1358 1357
f 1330 1331 1358
f 1331 1359 1358
f 1331 1332 1359
f 1332 1360 1359
f 1332 1333 1360
f 1333 1361 1360
f 1333 1334 1361
f 1334 1362 1361
f 1334 1335 1362
f 1335 1363 1362
f 1335 1336 1363
f 1336 1364 1363
f 1336 1337 1364
f 1337 1365 1364
f 1337 1338 1365
f 1338 1366 1365
f 1338 1339 1366
f 1339 1367 1366
f 1339 1340 1367
f 1340 1368 1367
f 1340 1341 1368
f 1341 1369 1368
f 1341 1342 1369
f 1342 1370 1369
f 1342 1343 1370
f 1343 1371 1370
f 1343 1344 1371
f 1344 1372 1371
f 1344 1317 1372
f 1317 1345 1372
f 1345 1346 1373
f 1346 1374 1373
f 1346 1347 1374
f 1347 1375 1374
f 1347 1348 1375
f 1348 1376 1375
f 1348 1349 1376
f 1349 1377 1376
f 1349 1350 1377
f 1350 1378 1377
f 1350 1351 1378
f 1351 1379 1378
f 1351 1352 1379
f 1352 1380 1379
f 1352 1353 1380
f 1353 1381 1380
f 1353 1354 1381
f 1354 1382 1381
f 1354 1355 1382
f 1355 1383 1382
f 1355 1356 1383
f 1356 1384 1383
f 1356 1357 1384
f 1357 1385 1384
f 1357 1358 1385
f 1358 1386 1385
f 1358 1359 1386
f 1359 1387 1386
f 1359 1360 1387
f 1360 1388 1387
f 1360 1361 1388
f 1361 1389 1388
f 1361 1362 1389
f 1362 1390 1389
f 1362 1363 1390
f 1363 1391 1390
f 1363 1364 1391
f 1364 1392 1391
f 1364 1365 1392
f 1365 1393 1392
f 1365 1366 1393
f 1366 1394 1393
f 1366 1367 1394
f 1367 1395 1394
f 1367 1368 1395
f 1368 1396 1395
f 1368 1369 1396
f 1369 1397 1396
f 1369 1370 1397
f 1370 1398 1397
f 1370 1371 1398
f 1371 1399 1398
f 1371 1372 1399
f 1372 1400 1399
f 1372 1345 1400
f 1345 1373 1400
f 1373 1374 1401
f 1374 1402 1401
f 1374 1375 1402
f 1375 1403 1402
f 1375 1376 1403
f 1376 1404 1403
f 1376 1377 1404
f 1377 1405 1404
f 1377 1378 1405
f 1378 1406 1405
f 1378 1379 1406
f 1379 1407 1406
f 1379 1380 1407
f 1380 1408 1407
f 1380 1381 1408
f 1381 1409 1408
f 1381 1382 1409
f 1382 1410 1409
f 1382 1383 1410
f 1383 1411 1410
f 1383 1384 1411
f 1384 1412 1411
f 1384 1385 1412
f 1385 1413 1412
f 1385 1386 1413
f 1386 1414 1413
f 1386 1387 1414
f 1387 1415 1414
f 1387 1388 1415
f 1388 1416 1415
f 1388 1389 1416
f 1389 1417 1416
f 1389 1390 1417
f 1390 1418 1417
f 1390 1391 1418
f 1391 1419 1418
f 1391 1392 1419
f 1392 1420 1419
f 1392 1393 1420
f 1393 1421 1420
f 1393 1394 1421
f 1394 1422 1421
f 1394 1395 1422
f 1395 1423 1422
f 1395 1396 1423
f 1396 1424 1423
f 1396 1397 1424
f 1397 1425 1424
f 1397 1398 1425
f 1398 1426 1425
f 1398 1399 1426
f 1399 1427 1426
f 1399 1400 1427
f 1400 1428 1427
f 1400 1373 1428
f 1373 1401 1428
f 1401 1402 1429
f 1402 1430 1429
f 1402 1403 1430
f 1403 1431 1430
f 1403 1404 1431
f 1404 1432 1431
f 1404 1405 1432
f 1405 1433 1432
f 1405 1406 1433
f 1406 1434 1433
f 1406 1407 1434
f 1407 1435 1434
f 1407 1408 1435
f 1408 1436 1435
f 1408 1409 1436
f 1409 1437 1436
f 1409 1410 1437
f 1410 1438 1437
f 1410 1411 1438
f 1411 1439 1438
f 1411 1412 1439
f 1412 1440 1439
f 1412 1413 1440
f 1413 1441 1440
f 1413 1414 1441
f 1414 1442 1441
f 1414 1415 1442
f 1415 1443 1442
f 1415 1416 1443
f 1416 1444 1443
f 1416 1417 1444
f 1417 1445 1444
f 1417 1418 1445
f 1418 1446 1445
f 1418 1419 1446
f 1419 1447 1446
f 1419 1420 1447
f 1420 1448 1447
f 1420 1421 1448
f 1421 1449 1448
f 1421 1422 1449
f 1422 1450 1449
f 1422 1423 1450
f 1423 1451 1450
f 1423 1424 1451
f 1424 1452 1451
f 1424 1425 1452
f 1425 1453 1452
f 1425 1426 1453
f 1426 1454 1453
f 1426 1427 1454
f 1427 1455 1454
f 1427 1428 1455
f 1428 1456 1455
f 1428 1401 1456
f 1401 1429 1456
f 1429 1430 1457
f 1430 1458 1457
f 1430 1431 1458
f 1431 1459 1458
f 1431 1432 1459
f 1432 1460 1459
f 1432 1433 1460
f 1433 1461 1460
f 1433 1434 1461
f 1434 1462 1461
f 1434 1435 1462
f 1435 1463 1462
f 1435 1436 1463
f 1436 1464 1463
f 1436 1437 1464
f 1437 1465 1464
f 1437 1438 1465
f 1438 1466 1465
f 1438 1439 1466
f 1439 1467 1466
f 1439 1440 1467
f 1440 1468 1467
f 1440 1441 1468
f 1441 1469 1468
f 1441 1442 1469
f 1442 1470 1469
f 1442 1443 1470
f 1443 1471 1470
f 1443 1444 1471
f 1444 1472 1471
f 1444 1445 1472
f 1445 1473 1472
f 1445 1446 1473
f 1446 1474 1473
f 1446 1447 1474
f 1447 1475 1474
f 1447 1448 1475
f 1448 1476 1475
f 1448 1449 1476
f 1449 1477 1476
f 1449 1450 1477
f 1450 1478 1477
f 1450 1451 1478
f 1451 1479 1478
f 1451 1452 1479
f 1452 1480 1479
f 1452 1453 1480
f 1453 1481 1480
f 1453 1454 1481
f 1454 1482 1481
f 1454 1455 1482
f 1455 1483 1482
f 1455 1456 1483
f 1456 1484 1483
f 1456 1429 1484
f 1429 1457 1484
f 1457 1458 1485
f 1458 1486 1485
f 1458 1459 1486
f 1459 1487 1486
f 1459 1460 1487
f 1460 1488 1487
f 1460 1461 1488
f 1461 1489 1488
f 1461 1462 1489
f 1462 1490 1489
f 1462 1463 1490
f 1463 1491 1490
f 1463 1464 1491
f 1464 1492 1491
f 1464 1465 1492
f 1465 1493 1492
f 1465 1466 1493
f 1466 1494 1493
f 1466 1467 1494
f 1467 1495 1494
f 1467 1468 1495
f 1468 1496 1495
f 1468 1469 1496
f 1469 1497 1496
f 1469 1470 1497
f 1470 1498 1497
f 1470 1471 1498
f 1471 1499 1498
f 1471 1472 1499
f 1472 1500 1499
f 1472 1473 1500
f 1473 1501 1500
f 1473 1474 1501
f 1474 1502 1501
f 1474 1475 1502
f 1475 1503 1502
f 1475 1476 1503
f 1476 1504 1503
f 1476 1477 1504
f 1477 1505 1504
f 1477 1478 1505
f 1478 1506 1505
f 1478 1479 1506
f 1479 1507 1506
f 1479 1480 1507
f 1480 1508 1507
f 1480 1481 1508
f 1481 1509 1508
f 1481 1482 1509
f 1482 1510 1509
f 1482 1483 1510
f 1483 1511 1510
f 1483 1484 1511
f 1484 1512 1511
f 1484 1457 1512
f 1457 1485 1512
f 1485 1486 1513
f 1486 1514 1513
f 1486 1487 1514
f 1487 1515 1514
f 1487 1488 1515
f 1488 1516 1515
f 1488 1489 1516
f 1489 1517 1516
f 1489 1490 1517
f 1490 1518 1517
f 1490 1491 1518
f 1491 1519 1518
f 1491 1492 1519
f 1492 1520 1519
f 1492 1493 1520
f 1493 1521 1520
f 1493 1494 1521
f 1494 1522 1521
f 1494 1495 1522
f 1495 1523 1522
f 1495 1496 1523
f 1496 1524 1523
f 1496 1497 1524
f 1497 1525 1524
f 1497 1498 1525
f 1498 1526 1525
f 1498 1499 1526
f 1499 1527 1526
f 1499 1500 1527
f 1500 1528 1527
f 1500 1501 1528
f 1501 1529 1528
f 1501 1502 1529
f 1502 1530 1529
f 1502 1503 1530
f 1503 1531 1530
f 1503 1504 1531
f 1504 1532 1531
f 1504 1505 1532
f 1505 1533 1532
f 1505 1506 1533
f 1506 1534 1533
f 1506 1507 1534
f 1507 1535 1534
f 1507 1508 1535
f 1508 1536 1535
f 1508 1509 1536
f 1509 1537 1536
f 1509 1510 1537
f 1510 1538 1537
f 1510 1511 1538
f 1511 1539 1538
f 1511 1512 1539
f 1512 1540 1539
f 1512 1485 1540
f 1485 1513 1540
f 1513 1514 1541
f 1514 1542 1541
f 1514 1515 1542
f 1515 1543 1542
f 1515 1516 1543
f 1516 1544 1543
f 1516 1517 1544
f 1517 1545 1544
f 1517 1518 1545
f 1518 1546 1545
f 1518 1519 1546
f 1519 1547 1546
f 1519 1520 1547
f 1520 1548 1547
f 1520 1521 1548
f 1521 1549 1548
f 1521 1522 1549
f 1522 1550 1549
f 1522 1523 1550
f 1523 1551 1550
f 1523 1524 1551
f 1524 1552 1551
f 1524 1525 1552
f 1525 1553 1552
f 1525 1526 1553
f 1526 1554 1553
f 1526 1527 1554
f 1527 1555 1554
f 1527 1528 1555
f 1528 1556 1555
f 1528 1529 1556
f 1529 1557 1556
f 1529 1530 1557
f 1530 1558 1557
f 1530 1531 1558
f 1531 1559 1558
f 1531 1532 1559
f 1532 1560 1559
f 1532 1533 1560
f 1533 1561 1560
f 1533 1534 1561
f 1534 1562 1561
f 1534 1535 1562
f 1535 1563 1562
f 1535 1536 1563
f 1536 1564 1563
f 1536 1537 1564
f 1537 1565 1564
f 1537 1538 1565
f 1538 1566 1565
f 1538 1539 1566
f 1539 1567 1566
f 1539 1540 1567
f 1540 1568 1567
f 1540 1513 1568
f 1513 1541 1568
f 1541 1542 1569
f 1542 1570 1569
f 1542 1543 1570
f 1543 1571 1570
f 1543 1544 1571
f 1544 1572 1571
f 1544 1545 1572
f 1545 1573 1572
f 1545 1546 1573
f 1546 1574 1573
f 1546 1547 1574
f 1547 1575 1574
f 1547 1548 1575
f 1548 1576 1575
f 1548 1549 1576
f 1549 1577 1576
f 1549 1550 1577
f 1550 1578 1577
f 1550 1551 1578
f 1551 1579 1578
f 1551 1552 1579
f 1552 1580 1579
f 1552 1553 1580
f 1553 1581 1580
f 1553 1554 1581
f 1554 1582 1581
f 1554 1555 1582
f 1555 1583 1582
f 1555 1556 1583
f 1556 1584 1583
f 1556 1557 1584
f 1557 1585 1584
f 1557 1558 1585
f 1558 1586 1585
f 1558 1559 1586
f 1559 1587 1586
f 1559 1560 1587
f 1560 1588 1587
f 1560 1561 1588
f 1561 1589 1588
f 1561 1562 1589
f 1562 1590 1589
f 1562 1563 1590
f 1563 1591 1590
f 1563 1564 1591
f 1564 1592 1591
f 1564 1565 1592
f 1565 1593 1592
f 1565 1566 1593
f 1566 1594 1593
f 1566 1567 1594
f 1567 1595 1594
f 1567 1568 1595
f 1568 1596 1595
f 1568 1541 1596
f 1541 1569 1596
f 1569 1570 1597
f 1570 1598 1597
f 1570 1571 1598
f 1571 1599 1598
f 1571 1572 1599
f 1572 1600 1599
f 1572 1573 1600
f 1573 1601 1600
f 1573 1574 1601
f 1574 1602 1601
f 1574 1575 1602
f 1575 1603 1602
f 1575 1576 1603
f 1576 1604 1603
f 1576 1577 1604
f 1577 1605 1604
f 1577 1578 1605
f 1578 1606 1605
f 1578 1579 1606
f 1579 1607 1606
f 1579 1580 1607
f 1580 1608 1607
f 1580 1581 1608
f 1581 1609 1608
f 1581 1582 1609
f 1582 1610 1609
f 1582 1583 1610
f 1583 1611 1610
f 1583 1584 1611
f 1584 1612 1611
f 1584 1585 1612
f 1585 1613 1612
f 1585 1586 1613
f 1586 1614 1613
f 1586 1587 1614
f 1587 1615 1614
f 1587 1588 1615
f 1588 1616 1615
f 1588 1589 1616
f 1589 1617 1616
f 1589 1590 1617
f 1590 1618 1617
f 1590 1591 1618
f 1591 1619 1618
f 1591 1592 1619
f 1592 1620 1619
f 1592 1593 1620
f 1593 1621 1620
f 1593 1594 1621
f 1594 1622 1621
f 1594 1595 1622
f 1595 1623 1622
f 1595 1596 1623
f 1596 1624 1623
f 1596 1569 1624
f 1569 1597 1624
f 1597 1598 1625
f 1598 1626 1625
f 1598 1599 1626
f 1599 1627 1626
f 1599 1600 1627
f 1600 1628 1627
f 1600 1601 1628
f 1601 1629 1628
f 1601 1602 1629
f 1602 1630 1629
f 1602 1603 1630
f 1603 1631 1630
f 1603 1604 1631
f 1604 1632 1631
f 1604 1605 1632
f 1605 1633 1632
f 1605 1606 1633
f 1606 1634 1633
f 1606 1607 1634
f 1607 1635 1634
f 1607 1608 1635
f 1608 1636 1635
f 1608 1609 1636
f 1609 1637 1636
f 1609 1610 1637
f 1610 1638 1637
f 1610 1611 1638
f 1611 1639 1638
f 1611 1612 1639
f 1612 1640 1639
f 1612 1613 1640
f 1613 1641 1640
f 1613 1614 1641
f 1614 1642 1641
f 1614 1615 1642
f 1615 1643 1642
f 1615 1616 1643
f 1616 1644 1643
f 1616 1617 1644
f 1617 1645 1644
f 1617 1618 1645
f 1618 1646 1645
f 1618 1619 1646
f 1619 1647 1646
f 1619 1620 1647
f 1620 1648 1647
f 1620 1621 1648
f 1621 1649 1648
f 1621 1622 1649
f 1622 1650 1649
f 1622 1623 1650
f 1623 1651 1650
f 1623 1624 1651
f 1624 1652 1651
f 1624 1597 1652
f 1597 1625 1652
f 1625 1626 1653
f 1626 1654 1653
f 1626 1627 1654
f 1627 1655 1654
f 1627 1628 1655
f 1628 1656 1655
f 1628 1629 1656
f 1629 1657 1656
f 1629 1630 1657
f 1630 1658 1657
f 1630 1631 1658
f 1631 1659 1658
f 1631 1632 1659
f 1632 1660 1659
f 1632 1633 1660
f 1633 1661 1660
f 1633 1634 1661
f 1634 1662 1661
f 1634 1635 1662
f 1635 1663 1662
f 1635 1636 1663
f 1636 1664 1663
f 1636 1637 1664
f 1637 1665 1664
f 1637 1638 1665
f 1638 1666 1665
f 1638 1639 1666
f 1639 1667 1666
f 1639 1640 1667
f 1640 1668 1667
f 1640 1641 1668
f 1641 1669 1668
f 1641 1642 1669
f 1642 1670 1669
f 1642 1643 1670
f 1643 1671 1670
f 1643 1644 1671
f 1644 1672 1671
f 1644 1645 1672
f 1645 1673 1672
f 1645 1646 1673
f 1646 1674 1673
f 1646 1647 1674
f 1647 1675 1674
f 1647 1648 1675
f 1648 1676 1675
f 1648 1649 1676
f 1649 1677 1676
f 1649 1650 1677
f 1650 1678 1677
f 1650 1651 1678
f 1651 1679 1678
f 1651 1652 1679
f 1652 1680 1679
f 1652 1625 1680
f 1625 1653 1680
f 1653 1654 1681
f 1654 1682 1681
f 1654 1655 1682
f 1655 1683 1682
f 1655 1656 1683
f 1656 1684 1683
f 1656 1657 1684
f 1657 1685 1684
f 1657 1658 1685
f 1658 1686 1685
f 1658 1659 1686
f 1659 1687 1686
f 1659 1660 1687
f 1660 1688 1687
f 1660 1661 1688
f 1661 1689 1688
f 1661 1662 1689
f 1662 1690 1689
f 1662 1663 1690
f 1663 1691 1690
f 1663 1664 1691
f 1664 1692 1691
f 1664 1665 1692
f 1665 1693 1692
f 1665 1666 1693
f 1666 1694 1693
f 1666 1667 1694
f 1667 1695 1694
f 1667 1668 1695
f 1668 1696 1695
f 1668 1669 1696
f 1669 1697 1696
f 1669 1670 1697
f 1670 1698 1697
f 1670 1671 1698
f 1671 1699 1698
f 1671 1672 1699
f 1672 1700 1699
f 1672 1673 1700
f 1673 1701 1700
f 1673 1674 1701
f 1674 1702 1701
f 1674 1675 1702
f 1675 1703 1702
f 1675 1676 1703
f 1676 1704 1703
f 1676 1677 1704
f 1677 1705 1704
f 1677 1678 1705
f 1678 1706 1705
f 1678 1679 1706
f 1679 1707 1706
f 1679 1680 1707
f 1680 1708 1707
f 1680 1653 1708
f 1653 1681 1708
f 1681 1682 1709
f 1682 1710 1709
f 1682 1683 1710
f 1683 1711 1710
f 1683 1684 1711
f 1684 1712 1711
f 1684 1685 1712
f 1685 1713 1712
f 1685 1686 1713
f 1686 1714 1713
f 1686 1687 1714
f 1687 1715 1714
f 1687 1688 1715
f 1688 1716 1715
f 1688 1689 1716
f 1689 1717 1716
f 1689 1690 1717
f 1690 1718 1717
f 1690 1691 1718
f 1691 1719 1718
f 1691 1692 1719
f 1692 1720 1719
f 1692 1693 1720
f 1693 1721 1720
f 1693 1694 1721
f 1694 1722 1721
f 1694 1695 1722
f 1695 1723 1722
f 1695 1696 1723
f 1696 1724 1723
f 1696 1697 1724
f 1697 1725 1724
f 1697 1698 1725
f 1698 1726 1725
f 1698 1699 1726
f 1699 1727 1726
f 1699 1700 1727
f 1700 1728 1727
f 1700 1701 1728
f 1701 1729 1728
f 1701 1702 1729
f 1702 1730 1729
f 1702 1703 1730
f 1703 1731 1730
f 1703 1704 1731
f 1704 1732 1731
f 1704 1705 1732
f 1705 1733 1732
f 1705 1706 1733
f 1706 1734 1733
f 1706 1707 1734
f 1707 1735 1734
f 1707 1708 1735
f 1708 1736 1735
f 1708 1681 1736
f 1681 1709 1736
f 1709 1710 1737
f 1710 1738 1737
f 1710 1711 1738
f 1711 1739 1738
f 1711 1712 1739
f 1712 1740 1739
f 1712 1713 1740
f 1713 1741 1740
f 1713 1714 1741
f 1714 1742 1741
f 1714 1715 1742
f 1715 1743 1742
f 1715 1716 1743
f 1716 1744 1743
f 1716 1717 1744
f 1717 1745 1744
f 1717 1718 1745
f 1718 1746 1745
f 1718 1719 1746
f 1719 1747 1746
f 1719 1720 1747
f 1720 1748 1747
f 1720 1721 1748
f 1721 1749 1748
f 1721 1722 1749
f 1722 1750 1749
f 1722 1723 1750
f 1723 1751 1750
f 1723 1724 1751
f 1724 1752 1751
f 1724 1725 1752
f 1725 1753 1752
f 1725 1726 1753
f 1726 1754 1753
f 1726 1727 1754
f 1727 1755 1754
f 1727 1728 1755
f 1728 1756 1755
f 1728 1729 1756
f 1729 1757 1756
f 1729 1730 1757
f 1730 1758 1757
f 1730 1731 1758
f 1731 1759 1758
f 1731 1732 1759
f 1732 1760 1759
f 1732 1733 1760
f 1733 1761 1760
f 1733 1734 1761
f 1734 1762 1761
f 1734 1735 1762
f 1735 1763 1762
f 1735 1736 1763
f 1736 1764 1763
f 1736 1709 1764
f 1709 1737 1764
f 1737 1738 1765
f 1738 1766 1765
f 1738 1739 1766
f 1739 1767 1766
f 1739 1740 1767
f 1740 1768 1767
f 1740 1741 1768
f 1741 1769 1768
f 1741 1742 1769
f 1742 1770 1769
f 1742 1743 1770
f 1743 1771 1770
f 1743 1744 1771
f 1744 1772 1771
f 1744 1745 1772
f 1745 1773 1772
f 1745 1746 1773
f 1746 1774 1773
f 1746 1747 1774
f 1747 1775 1774
f 1747 1748 1775
f 1748 1776 1775
f 1748 1749 1776
f 1749 1777 1776
f 1749 1750 1777
f 1750 1778 1777
f 1750 1751 1778
f 1751 1779 1778
f 1751 1752 1779
f 1752 1780 1779
f 1752 1753 1780
f 1753 1781 1780
f 1753 1754 1781
f 1754 1782 1781
f 1754 1755 1782
f 1755 1783 1782
f 1755 1756 1783
f 1756 1784 1783
f 1756 1757 1784
f 1757 1785 1784
f 1757 1758 1785
f 1758 1786 1785
f 1758 1759 1786
f 1759 1787 1786
f 1759 1760 1787
f 1760 1788 1787
f 1760 1761 1788
f 1761 1789 1788
f 1761 1762 1789
f 1762 1790 1789
f 1762 1763 1790
f 1763 1791 1790
f 1763 1764 1791
f 1764 1792 1791
f 1764 1737 1792
f 1737 1765 1792
f 1765 1766 1793
f 1766 1794 1793
f 1766 1767 1794
f 1767 1795 1794
f 1767 1768 1795
f 1768 1796 1795
f 1768 1769 1796
f 1769 1797 1796
f 1769 1770 1797
f 1770 1798 1797
f 1770 1771 1798
f 1771 1799 1798
f 1771 1772 1799
f 1772 1800 1799
f 1772 1773 1800
f 1773 1801 1800
f 1773 1774 1801
f 1774 1802 1801
f 1774 1775 1802
f 1775 1803 1802
f 1775 1776 1803
f 1776 1804 1803
f 1776 1777 1804
f 1777 1805 1804
f 1777 1778 1805
f 1778 1806 1805
f 1778 1779 1806
f 1779 1807 1806
f 1779 1780 1807
f 1780 1808 1807
f 1780 1781 1808
f 1781 1809 1808
f 1781 1782 1809
f 1782 1810 1809
f 1782 1783 1810
f 1783 1811 1810
f 1783 1784 1811
f 1784 1812 1811
f 1784 1785 1812
f 1785 1813 1812
f 1785 1786 1813
f 1786 1814 1813
f 1786 1787 1814
f 1787 1815 1814
f 1787 1788 1815
f 1788 1816 1815
f 1788 1789 1816
f 1789 1817 1816
f 1789 1790 1817
f 1790 1818 1817
f 1790 1791 1818
f 1791 1819 1818
f 1791 1792 1819
f 1792 1820 1819
f 1792 1765 1820
f 1765 1793 1820
f 1793 1794 1821
f 1794 1822 1821
f 1794 1795 1822
f 1795 1823 1822
f 1795 1796 1823
f 1796 1824 1823
f 1796 1797 1824
f 1797 1825 1824
f 1797 1798 1825
f 1798 1826 1825
f 1798 1799 1826
f 1799 1827 1826
f 1799 1800 1827
f 1800 1828 1827
f 1800 1801 1828
f 1801 1829 1828
f 1801 1802 1829
f 1802 1830 1829
f 1802 1803 1830
f 1803 1831 1830
f 1803 1804 1831
f 1804 1832 1831
f 1804 1805 1832
f 1805 1833 1832
f 1805 1806 1833
f 1806 1834 1833
f 1806 1807 1834
f 1807 1835 1834
f 1807 1808 1835
f 1808 1836 1835
f 1808 1809 1836
f 1809 1837 1836
f 1809 1810 1837
f 1810 1838 1837
f 1810 1811 1838
f 1811 1839 1838
f 1811 1812 1839
f 1812 1840 1839
f 1812 1813 1840
f 1813 1841 1840
f 1813 1814 1841
f 1814 1842 1841
f 1814 1815 1842
f 1815 1843 1842
f 1815 1816 1843
f 1816 1844 1843
f 1816 1817 1844
f 1817 1845 1844
f 1817 1818 1845
f 1818 1846 1845
f 1818 1819 1846
f 1819 1847 1846
f 1819 1820 1847
f 1820 1848 1847
f 1820 1793 1848
f 1793 1821 1848
f 1821 1822 1849
f 1822 1850 1849
f 1822 1823 1850
f 1823 1851 1850
f 1823 1824 1851
f 1824 1852 1851
f 1824 1825 1852
f 1825 1853 1852
f 1825 1826 1853
f 1826 1854 1853
f 1826 1827 1854
f 1827 1855 1854
f 1827 1828 1855
f 1828 1856 1855
f 1828 1829 1856
f 1829 1857 1856
f 1829 1830 1857
f 1830 1858 1857
f 1830 1831 1858
f 1831 1859 1858
f 1831 1832 1859
f 1832 1860 1859
f 1832 1833 1860
f 1833 1861 1860
f 1833 1834 1861
f 1834 1862 1861
f 1834 1835 1862
f 1835 1863 1862
f 1835 1836 1863
f 1836 1864 1863
f 1836 1837 1864
f 1837 1865 1864
f 1837 1838 1865
f 1838 1866 1865
f 1838 1839 1866
f 1839 1867 1866
f 1839 1840 1867
f 1840 1868 1867
f 1840 1841 1868
f 1841 1869 1868
f 1841 1842 1869
f 1842 1870 1869
f 1842 1843 1870
f 1843 1871 1870
f 1843 1844 1871
f 1844 1872 1871
f 1844 1845 1872
f 1845 1873 1872
f 1845 1846 1873
f 1846 1874 1873
f 1846 1847 1874
f 1847 1875 1874
f 1847 1848 1875
f 1848 1876 1875
f 1848 1821 1876
f 1821 1849 1876
f 1849 1850 1877
f 1850 1878 1877
f 1850 1851 1878
f 1851 1879 1878
f 1851 1852 1879
f 1852 1880 1879
f 1852 1853 1880
f 1853 1881 1880
f 1853 1854 1881
f 1854 1882 1881
f 1854 1855 1882
f 1855 1883 1882
f 1855 1856 1883
f 1856 1884 1883
f 1856 1857 1884
f 1857 1885 1884
f 1857 1858 1885
f 1858 1886 1885
f 1858 1859 1886
f 1859 1887 1886
f 1859 1860 1887
f 1860 1888 1887
f 1860 1861 1888
f 1861 1889 1888
f 1861 1862 1889
f 1862 1890 1889
f 1862 1863 1890
f 1863 1891 1890
f 1863 1864 1891
f 1864 1892 1891
f 1864 1865 1892
f 1865 1893 1892
f 1865 1866 1893
f 1866 1894 1893
f 1866 1867 1894
f 1867 1895 1894
f 1867 1868 1895
f 1868 1896 1895
f 1868 1869 1896
f 1869 1897 1896
f 1869 1870 1897
f 1870 1898 1897
f 1870 1871 1898
f 1871 1899 1898
f 1871 1872 1899
f 1872 1900 1899
f 1872 1873 1900
f 1873 1901 1900
f 1873 1874 1901
f 1874 1902 1901
f 1874 1875 1902
f 1875 1903 1902
f 1875 1876 1903
f 1876 1904 1903
f 1876 1849 1904
f 1849 1877 1904
f 1877 1878 1905
f 1878 1906 1905
f 1878 1879 1906
f 1879 1907 1906
f 1879 1880 1907
f 1880 1908 1907
f 1880 1881 1908
f 1881 1909 1908
f 1881 1882 1909
f 1882 1910 1909
f 1882 1883 1910
f 1883 1911 1910
f 1883 1884 1911
f 1884 1912 1911
f 1884 1885 1912
f 1885 1913 1912
f 1885 1886 1913
f 1886 1914 1913
f 1886 1887 1914
f 1887 1915 1914
f 1887 1888 1915
f 1888 1916 1915
f 1888 1889 1916
f 1889 1917 1916
f 1889 1890 1917
f 1890 1918 1917
f 1890 1891 1918
f 1891 1919 1918
f 1891 1892 1919
f 1892 1920 1919
f 1892 1893 1920
f 1893 1921 1920
f 1893 1894 1921
f 1894 1922 1921
f 1894 1895 1922
f 1895 1923 1922
f 1895 1896 1923
f 1896 1924 1923
f 1896 1897 1924
f 1897 1925 1924
f 1897 1898 1925
f 1898 1926 1925
f 1898 1899 1926
f 1899 1927 1926
f 1899 1900 1927
f 1900 1928 1927
f 1900 1901 1928
f 1901 1929 1928
f 1901 1902 1929
f 1902 1930 1929
f 1902 1903 1930
f 1903 1931 1930
f 1903 1904 1931
f 1904 1932 1931
f 1904 1877 1932
f 1877 1905 1932
f 1905 1906 1933
f 1906 1934 1933
f 1906 1907 1934
f 1907 1935 1934
f 1907 1908 1935
f 1908 1936 1935
f 1908 1909 1936
f 1909 1937 1936
f 1909 1910 1937
f 1910 1938 1937
f 1910 1911 1938
f 1911 1939 1938
f 1911 1912 1939
f 1912 1940 1939
f 1912 1913 1940
f 1913 1941 1940
f 1913 1914 1941
f 1914 1942 1941
f 1914 1915 1942
f 1915 1943 1942
f 1915 1916 1943
f 1916 1944 1943
f 1916 1917 1944
f 1917 1945 1944
f 1917 1918 1945
f 1918 1946 1945
f 1918 1919 1946
f 1919 1947 1946
f 1919 1920 1947
f 1920 1948 1947
f 1920 1921 1948
f 1921 1949 1948
f 1921 1922 1949
f 1922 1950 1949
f 1922 1923 1950
f 1923 1951 1950
f 1923 1924 1951
f 1924 1952 1951
f 1924 1925 1952
f 1925 1953 1952
f 1925 1926 1953
f 1926 1954 1953
f 1926 1927 1954
f 1927 1955 1954
f 1927 1928 1955
f 1928 1956 1955
f 1928 1929 1956
f 1929 1957 1956
f 1929 1930 1957
f 1930 1958 1957
f 1930 1931 1958
f 1931 1959 1958
f 1931 1932 1959
f 1932 1960 1959
f 1932 1905 1960
f 1905 1933 1960
f 1933 1934 1961
f 1934 1962 1961
f 1934 1935 1962
f 1935 1963 1962
f 1935 1936 1963
f 1936 1964 1963
f 1936 1937 1964
f 1937 1965 1964
f 1937 1938 1965
f 1938 1966 1965
f 1938 1939 1966
f 1939 1967 1966
f 1939 1940 1967
f 1940 1968 1967
f 1940 1941 1968
f 1941 1969 1968
f 1941 1942 1969
f 1942 1970 1969
f 1942 1943 1970
f 1943 1971 1970
f 1943 1944 1971
f 1944 1972 1971
f 1944 1945 1972
f 1945 1973 1972
f 1945 1946 1973
f 1946 1974 1973
f 1946 1947 1974
f 1947 1975 1974
f 1947 1948 1975
f 1948 1976 1975
f 1948 1949 1976
f 1949 1977 1976
f 1949 1950 1977
f 1950 1978 1977
f 1950 1951 1978
f 1951 1979 1978
f 1951 1952 1979
f 1952 1980 1979
f 1952 1953 1980
f 1953 1981 1980
f 1953 1954 1981
f 1954 1982 1981
f 1954 1955 1982
f 1955 1983 1982
f 1955 1956 1983
f 1956 1984 1983
f 1956 1957 1984
f 1957 1985 1984
f 1957 1958 1985
f 1958 1986 1985
f 1958 1959 1986
f 1959 1987 1986
f 1959 1960 1987
f 1960 1988 1987
f 1960 1933 1988
f 1933 1961 1988
f 1961 1962 1989
f 1962 1990 1989
f 1962 1963 1990
f 1963 1991 1990
f 1963 1964 1991
f 1964 1992 1991
f 1964 1965 1992
f 1965 1993 1992
f 1965 1966 1993
f 1966 1994 1993
f 1966 1967 1994
f 1967 1995 1994
f 1967 1968 1995
f 1968 1996 1995
f 1968 1969 1996
f 1969 1997 1996
f 1969 1970 1997
f 1970 1998 1997
f 1970 1971 1998
f 1971 1999 1998
f 1971 1972 1999
f 1972 2000 1999
f 1972 1973 2000
f 1973 2001 2000
f 1973 1974 2001
f 1974 2002 2001
f 1974 1975 2002
f 1975 2003 2002
f 1975 1976 2003
f 1976 2004 2003
f 1976 1977 2004
f 1977 2005 2004
f 1977 1978 2005
f 1978 2006 2005
f 1978 1979 2006
f 1979 2007 2006
f 1979 1980 2007
f 1980 2008 2007
f 1980 1981 2008
f 1981 2009 2008
f 1981 1982 2009
f 1982 2010 2009
f 1982 1983 2010
f 1983 2011 2010
f 1983 1984 2011
f 1984 2012 2011
f 1984 1985 2012
f 1985 2013 2012
f 1985 1986 2013
f 1986 2014 2013
f 1986 1987 2014
f 1987 2015 2014
f 1987 1988 2015
f 1988 2016 2015
f 1988 1961 2016
f 1961 1989 2016
f 1989 1990 2017
f 1990 2018 2017
f 1990 1991 2018
f 1991 2019 2018
f 1991 1992 2019
f 1992 2020 2019
f 1992 1993 2020
f 1993 2021 2020
f 1993 1994 2021
f 1994 2022 2021
f 1994 1995 2022
f 1995 2023 2022
f 1995 1996 2023
f 1996 2024 2023
f 1996 1997 2024
f 1997 2025 2024
f 1997 1998 2025
f 1998 2026 2025
f 1998 1999 2026
f 1999 2027 2026
f 1999 2000 2027
f 2000 2028 2027
f 2000 2001 2028
f 2001 2029 2028
f 2001 2002 2029
f 2002 2030 2029
f 2002 2003 2030
f 2003 2031 2030
f 2003 2004 2031
f 2004 2032 2031
f 2004 2005 2032
f 2005 2033 2032
f 2005 2006 2033
f 2006 2034 2033
f 2006 2007 2034
f 2007 2035 2034
f 2007 2008 2035
f 2008 2036 2035
f 2008 2009 2036
f 2009 2037 2036
f 2009 2010 2037
f 2010 2038 2037
f 2010 2011 2038
f 2011 2039 2038
f 2011 2012 2039
f 2012 2040 2039
f 2012 2013 2040
f 2013 2041 2040
f 2013 2014 2041
f 2014 2042 2041
f 2014 2015 2042
f 2015 2043 2042
f 2015 2016 2043
f 2016 2044 2043
f 2016 1989 2044
f 1989 2017 2044
f 2017 2018 2045
f 2018 2046 2045
f 2018 2019 2046
f 2019 2047 2046
f 2019 2020 2047
f 2020 2048 2047
f 2020 2021 2048
f 2021 2049 2048
f 2021 2022 2049
f 2022 2050 2049
f 2022 2023 2050
f 2023 2051 2050
f 2023 2024 2051
f 2024 2052 2051
f 2024 2025 2052
f 2025 2053 2052
f 2025 2026 2053
f 2026 2054 2053
f 2026 2027 2054
f 2027 2055 2054
f 2027 2028 2055
f 2028 2056 2055
f 2028 2029 2056
f 2029 2057 2056
f 2029 2030 2057
f 2030 2058 2057
f 2030 2031 2058
f 2031 2059 2058
f 2031 2032 2059
f 2032 2060 2059
f 2032 2033 2060
f 2033 2061 2060
f 2033 2034 2061
f 2034 2062 2061
f 2034 2035 2062
f 2035 2063 2062
f 2035 2036 2063
f 2036 2064 2063
f 2036 2037 2064
f 2037 2065 2064
f 2037 2038 2065
f 2038 2066 2065
f 2038 2039 2066
f 2039 2067 2066
f 2039 2040 2067
f 2040 2068 2067
f 2040 2041 2068
f 2041 2069 2068
f 2041 2042 2069
f 2042 2070 2069
f 2042 2043 2070
f 2043 2071 2070
f 2043 2044 2071
f 2044 2072 2071
f 2044 2017 2072
f 2017 2045 2072
f 2045 2046 2073
f 2046 2074 2073
f 2046 2047 2074
f 2047 2075 2074
f 2047 2048 2075
f 2048 2076 2075
f 2048 2049 2076
f 2049 2077 2076
f 2049 2050 2077
f 2050 2078 2077
f 2050 2051 2078
f 2051 2079 2078
f 2051 2052 2079
f 2052 2080 2079
f 2052 2053 2080
f 2053 2081 2080
f 2053 2054 2081
f 2054 2082 2081
f 2054 2055 2082
f 2055 2083 2082
f 2055 2056 2083
f 2056 2084 2083
f 2056 2057 2084
f 2057 2085 2084
f 2057 2058 2085
f 2058 2086 2085
f 2058 2059 2086
f 2059 2087 2086
f 2059 2060 2087
f 2060 2088 2087
f 2060 2061 2088
f 2061 2089 2088
f 2061 2062 2089
f 2062 2090 2089
f 2062 2063 2090
f 2063 2091 2090
f 2063 2064 2091
f 2064 2092 2091
f 2064 2065 2092
f 2065 2093 2092
f 2065 2066 2093
f 2066 2094 2093
f 2066 2067 2094
f 2067 2095 2094
f 2067 2068 2095
f 2068 2096 2095
f 2068 2069 2096
f 2069 2097 2096
f 2069 2070 2097
f 2070 2098 2097
f 2070 2071 2098
f 2071 2099 2098
f 2071 2072 2099
f 2072 2100 2099
f 2072 2045 2100
f 2045 2073 2100
f 2073 2074 2101
f 2074 2102 2101
f 2074 2075 2102
f 2075 2103 2102
f 2075 2076 2103
f 2076 2104 2103
f 2076 2077 2104
f 2077 2105 2104
f 2077 2078 2105
f 2078 2106 2105
f 2078 2079 2106
f 2079 2107 2106
f 2079 2080 2107
f 2080 2108 2107
f 2080 2081 2108
f 2081 2109 2108
f 2081 2082 2109
f 2082 2110 2109
f 2082 2083 2110
f 2083 2111 2110
f 2083 2084 2111
f 2084 2112 2111
f 2084 2085 2112
f 2085 2113 2112
f 2085 2086 2113
f 2086 2114 2113
f 2086 2087 2114
f 2087 2115 2114
f 2087 2088 2115
f 2088 2116 2115
f 2088 2089 2116
f 2089 2117 2116
f 2089 2090 2117
f 2090 2118 2117
f 2090 2091 2118
f 2091 2119 2118
f 2091 2092 2119
f 2092 2120 2119
f 2092 2093 2120
f 2093 2121 2120
f 2093 2094 2121
f 2094 2122 2121
f 2094 2095 2122
f 2095 2123 2122
f 2095 2096 2123
f 2096 2124 2123
f 2096 2097 2124
f 2097 2125 2124
f 2097 2098 2125
f 2098 2126 2125
f 2098 2099 2126
f 2099 2127 2126
f 2099 2100 2127
f 2100 2128 2127
f 2100 2073 2128
f 2073 2101 2128
f 2101 2102 2129
f 2102 2130 2129
f 2102 2103 2130
f 2103 2131 2130
f 2103 2104 2131
f 2104 2132 2131
f 2104 2105 2132
f 2105 2133 2132
f 2105 2106 2133
f 2106 2134 2133
f 2106 2107 2134
f 2107 2135 2134
f 2107 2108 2135
f 2108 2136 2135
f 2108 2109 2136
f 2109 2137 2136
f 2109 2110 2137
f 2110 2138 2137
f 2110 2111 2138
f 2111 2139 2138
f 2111 2112 2139
f 2112 2140 2139
f 2112 2113 2140
f 2113 2141 2140
f 2113 2114 2141
f 2114 2142 2141
f 2114 2115 2142
f 2115 2143 2142
f 2115 2116 2143
f 2116 2144 2143
f 2116 2117 2144
f 2117 2145 2144
f 2117 2118 2145
f 2118 2146 2145
f 2118 2119 2146
f 2119 2147 2146
f 2119 2120 2147
f 2120 2148 2147
f 2120 2121 2148
f 2121 2149 2148
f 2121 2122 2149
f 2122 2150 2149
f 2122 2123 2150
f 2123 2151 2150
f 2123 2124 2151
f 2124 2152 2151
f 2124 2125 2152
f 2125 2153 2152
f 2125 2126 2153
f 2126 2154 2153
f 2126 2127 2154
f 2127 2155 2154
f 2127 2128 2155
f 2128 2156 2155
f 2128 2101 2156
f 2101 2129 2156
f 2129 2130 2157
f 2130 2158 2157
f 2130 2131 2158
f 2131 2159 2158
f 2131 2132 2159
f 2132 2160 2159
f 2132 2133 2160
f 2133 2161 2160
f 2133 2134 2161
f 2134 2162 2161
f 2134 2135 2162
f 2135 2163 2162
f 2135 2136 2163
f 2136 2164 2163
f 2136 2137 2164
f 2137 2165 2164
f 2137 2138 2165
f 2138 2166 2165
f 2138 2139 2166
f 2139 2167 2166
f 2139 2140 2167
f 2140 2168 2167
f 2140 2141 2168
f 2141 2169 2168
f 2141 2142 2169
f 2142 2170 2169
f 2142 2143 2170
f 2143 2171 2170
f 2143 2144 2171
f 2144 2172 2171
f 2144 2145 2172
f 2145 2173 2172
f 2145 2146 2173
f 2146 2174 2173
f 2146 2147 2174
f 2147 2175 2174
f 2147 2148 2175
f 2148 2176 2175
f 2148 2149 2176
f 2149 2177 2176
f 2149 2150 2177
f 2150 2178 2177
f 2150 2151 2178
f 2151 2179 2178
f 2151 2152 2179
f 2152 2180 2179
f 2152 2153 2180
f 2153 2181 2180
f 2153 2154 2181
f 2154 2182 2181
f 2154 2155 2182
f 2155 2183 2182
f 2155 2156 2183
f 2156 2184 2183
f 2156 2129 2184
f 2129 2157 2184
f 2157 2158 2185
f 2158 2186 2185
f 2158 2159 2186
f 2159 2187 2186
f 2159 2160 2187
f 2160 2188 2187
f 2160 2161 2188
f 2161 2189 2188
f 2161 2162 2189
f 2162 2190 2189
f 2162 2163 2190
f 2163 2191 2190
f 2163 2164 2191
f 2164 2192 2191
f 2164 2165 2192
f 2165 2193 2192
f 2165 2166 2193
f 2166 2194 2193
f 2166 2167 2194
f 2167 2195 2194
f 2167 2168 2195
f 2168 2196 2195
f 2168 2169 2196
f 2169 2197 2196
f 2169 2170 2197
f 2170 2198 2197
f 2170 2171 2198
f 2171 2199 2198
f 2171 2172 2199
f 2172 2200 2199
f 2172 2173 2200
f 2173 2201 2200
f 2173 2174 2201
f 2174 2202 2201
f 2174 2175 2202
f 2175 2203 2202
f 2175 2176 2203
f 2176 2204 2203
f 2176 2177 2204
f 2177 2205 2204
f 2177 2178 2205
f 2178 2206 2205
f 2178 2179 2206
f 2179 2207 2206
f 2179 2180 2207
f 2180 2208 2207
f 2180 2181 2208
f 2181 2209 2208
f 2181 2182 2209
f 2182 2210 2209
f 2182 2183 2210
f 2183 2211 2210
f 2183 2184 2211
f 2184 2212 2211
f 2184 2157 2212
f 2157 2185 2212
f 2185 2186 2213
f 2186 2214 2213
f 2186 2187 2214
f 2187 2215 2214
f 2187 2188 2215
f 2188 2216 2215
f 2188 2189 2216
f 2189 2217 2216
f 2189 2190 2217
f 2190 2218 2217
f 2190 2191 2218
f 2191 2219 2218
f 2191 2192 2219
f 2192 2220 2219
f 2192 2193 2220
f 2193 2221 2220
f 2193 2194 2221
f 2194 2222 2221
f 2194 2195 2222
f 2195 2223 2222
f 2195 2196 2223
f 2196 2224 2223
f 2196 2197 2224
f 2197 2225 2224
f 2197 2198 2225
f 2198 2226 2225
f 2198 2199 2226
f 2199 2227 2226
f 2199 2200 2227
f 2200 2228 2227
f 2200 2201 2228
f 2201 2229 2228
f 2201 2202 2229
f 2202 2230 2229
f 2202 2203 2230
f 2203 2231 2230
f 2203 2204 2231
f 2204 2232 2231
f 2204 2205 2232
f 2205 2233 2232
f 2205 2206 2233
f 2206 2234 2233
f 2206 2207 2234
f 2207 2235 2234
f 2207 2208 2235
f 2208 2236 2235
f 2208 2209 2236
f 2209 2237 2236
f 2209 2210 2237
f 2210 2238 2237
f 2210 2211 2238
f 2211 2239 2238
f 2211 2212 2239
f 2212 2240 2239
f 2212 2185 2240
f 2185 2213 2240
f 2213 2214 2241
f 2214 2242 2241
f 2214 2215 2242
f 2215 2243 2242
f 2215 2216 2243
f 2216 2244 2243
f 2216 2217 2244
f 2217 2245 2244
f 2217 2218 2245
f 2218 2246 2245
f 2218 2219 2246
f 2219 2247 2246
f 2219 2220 2247
f 2220 2248 2247
f 2220 2221 2248
f 2221 2249 2248
f 2221 2222 2249
f 2222 2250 2249
f 2222 2223 2250
f 2223 2251 2250
f 2223 2224 2251
f 2224 2252 2251
f 2224 2225 2252
f 2225 2253 2252
f 2225 2226 2253
f 2226 2254 2253
f 2226 2227 2254
f 2227 2255 2254
f 2227 2228 2255
f 2228 2256 2255
f 2228 2229 2256
f 2229 2257 2256
f 2229 2230 2257
f 2230 2258 2257
f 2230 2231 2258
f 2231 2259 2258
f 2231 2232 2259
f 2232 2260 2259
f 2232 2233 2260
f 2233 2261 2260
f 2233 2234 2261
f 2234 2262 2261
f 2234 2235 2262
f 2235 2263 2262
f 2235 2236 2263
f 2236 2264 2263
f 2236 2237 2264
f 2237 2265 2264
f 2237 2238 2265
f 2238 2266 2265
f 2238 2239 2266
f 2239 2267 2266
f 2239 2240 2267
f 2240 2268 2267
f 2240 2213 2268
f 2213 2241 2268
f 2241 2242 2269
f 2242 2270 2269
f 2242 2243 2270
f 2243 2271 2270
f 2243 2244 2271
f 2244 2272 2271
f 2244 2245 2272
f 2245 2273 2272
f 2245 2246 2273
f 2246 2274 2273
f 2246 2247 2274
f 2247 2275 2274
f 2247 2248 2275
f 2248 2276 2275
f 2248 2249 2276
f 2249 2277 2276
f 2249 2250 2277
f 2250 2278 2277
f 2250 2251 2278
f 2251 2279 2278
f 2251 2252 2279
f 2252 2280 2279
f 2252 2253 2280
f 2253 2281 2280
f 2253 2254 2281
f 2254 2282 2281
f 2254 2255 2282
f 2255 2283 2282
f 2255 2256 2283
f 2256 2284 2283
f 2256 2257 2284
f 2257 2285 2284
f 2257 2258 2285
f 2258 2286 2285
f 2258 2259 2286
f 2259 2287 2286
f 2259 2260 2287
f 2260 2288 2287
f 2260 2261 2288
f 2261 2289 2288
f 2261 2262 2289
f 2262 2290 2289
f 2262 2263 2290
f 2263 2291 2290
f 2263 2264 2291
f 2264 2292 2291
f 2264 2265 2292
f 2265 2293 2292
f 2265 2266 2293
f 2266 2294 2293
f 2266 2267 2294
f 2267 2295 2294
f 2267 2268 2295
f 2268 2296 2295
f 2268 2241 2296
f 2241 2269 2296
f 2269 2270 2297
f 2270 2298 2297
f 2270 2271 2298
f 2271 2299 2298
f 2271 2272 2299
f 2272 2300 2299
f 2272 2273 2300
f 2273 2301 2300
f 2273 2274 2301
f 2274 2302 2301
f 2274 2275 2302
f 2275 2303 2302
f 2275 2276 2303
f 2276 2304 2303
f 2276 2277 2304
f 2277 2305 2304
f 2277 2278 2305
f 2278 2306 2305
f 2278 2279 2306
f 2279 2307 2306
f 2279 2280 2307
f 2280 2308 2307
f 2280 2281 2308
f 2281 2309 2308
f 2281 2282 2309
f 2282 2310 2309
f 2282 2283 2310
f 2283 2311 2310
f 2283 2284 2311
f 2284 2312 2311
f 2284 2285 2312
f 2285 2313 2312
f 2285 2286 2313
f 2286 2314 2313
f 2286 2287 2314
f 2287 2315 2314
f 2287 2288 2315
f 2288 2316 2315
f 2288 2289 2316
f 2289 2317 2316
f 2289 2290 2317
f 2290 2318 2317
f 2290 2291 2318
f 2291 2319 2318
f 2291 2292 2319
f 2292 2320 2319
f 2292 2293 2320
f 2293 2321 2320
f 2293 2294 2321
f 2294 2322 2321
f 2294 2295 2322
f 2295 2323 2322
f 2295 2296 2323
f 2296 2324 2323
f 2296 2269 2324
f 2269 2297 2324
f 2297 2298 2325
f 2298 2326 2325
f 2298 2299 2326
f 2299 2327 2326
f 2299 2300 2327
f 2300 2328 2327
f 2300 2301 2328
f 2301 2329 2328
f 2301 2302 2329
f 2302 2330 2329
f 2302 2303 2330
f 2303 2331 2330
f 2303 2304 2331
f 2304 2332 2331
f 2304 2305 2332
f 2305 2333 2332
f 2305 2306 2333
f 2306 2334 2333
f 2306 2307 2334
f 2307 2335 2334
f 2307 2308 2335
f 2308 2336 2335
f 2308 2309 2336
f 2309 2337 2336
f 2309 2310 2337
f 2310 2338 2337
f 2310 2311 2338
f 2311 2339 2338
f 2311 2312 2339
f 2312 2340 2339
f 2312 2313 2340
f 2313 2341 2340
f 2313 2314 2341
f 2314 2342 2341
f 2314 2315 2342
f 2315 2343 2342
f 2315 2316 2343
f 2316 2344 2343
f 2316 2317 2344
f 2317 2345 2344
f 2317 2318 2345
f 2318 2346 2345
f 2318 2319 2346
f 2319 2347 2346
f 2319 2320 2347
f 2320 2348 2347
f 2320 2321 2348
f 2321 2349 2348
f 2321 2322 2349
f 2322 2350 2349
f 2322 2323 2350
f 2323 2351 2350
f 2323 2324 2351
f 2324 2352 2351
f 2324 2297 2352
f 2297 2325 2352
f 2325 2326 2353
f 2326 2354 2353
f 2326 2327 2354
f 2327 2355 2354
f 2327 2328 2355
f 2328 2356 2355
f 2328 2329 2356
f 2329 2357 2356
f 2329 2330 2357
f 2330 2358 2357
f 2330 2331 2358
f 2331 2359 2358
f 2331 2332 2359
f 2332 2360 2359
f 2332 2333 2360
f 2333 2361 2360
f 2333 2334 2361
f 2334 2362 2361
f 2334 2335 2362
f 2335 2363 2362
f 2335 2336 2363
f 2336 2364 2363
f 2336 2337 2364
f 2337 2365 2364
f 2337 2338 2365
f 2338 2366 2365
f 2338 2339 2366
f 2339 2367 2366
f 2339 2340 2367
f 2340 2368 2367
f 2340 2341 2368
f 2341 2369 2368
f 2341 2342 2369
f 2342 2370 2369
f 2342 2343 2370
f 2343 2371 2370
f 2343 2344 2371
f 2344 2372 2371
f 2344 2345 2372
f 2345 2373 2372
f 2345 2346 2373
f 2346 2374 2373
f 2346 2347 2374
f 2347 2375 2374
f 2347 2348 2375
f 2348 2376 2375
f 2348 2349 2376
f 2349 2377 2376
f 2349 2350 2377
f 2350 2378 2377
f 2350 2351 2378
f 2351 2379 2378
f 2351 2352 2379
f 2352 2380 2379
f 2352 2325 2380
f 2325 2353 2380
f 2353 2354 2381
f 2354 2382 2381
f 2354 2355 2382
f 2355 2383 2382
f 2355 2356 2383
f 2356 2384 2383
f 2356 2357 2384
f 2357 2385 2384
f 2357 2358 2385
f 2358 2386 2385
f 2358 2359 2386
f 2359 2387 2386
f 2359 2360 2387
f 2360 2388 2387
f 2360 2361 2388
f 2361 2389 2388
f 2361 2362 2389
f 2362 2390 2389
f 2362 2363 2390
f 2363 2391 2390
f 2363 2364 2391
f 2364 2392 2391
f 2364 2365 2392
f 2365 2393 2392
f 2365 2366 2393
f 2366 2394 2393
f 2366 2367 2394
f 2367 2395 2394
f 2367 2368 2395
f 2368 2396 2395
f 2368 2369 2396
f 2369 2397 2396
f 2369 2370 2397
f 2370 2398 2397
f 2370 2371 2398
f 2371 2399 2398
f 2371 2372 2399
f 2372 2400 2399
f 2372 2373 2400
f 2373 2401 2400
f 2373 2374 2401
f 2374 2402 2401
f 2374 2375 2402
f 2375 2403 2402
f 2375 2376 2403
f 2376 2404 2403
f 2376 2377 2404
f 2377 2405 2404
f 2377 2378 2405
f 2378 2406 2405
f 2378 2379 2406
f 2379 2407 2406
f 2379 2380 2407
f 2380 2408 2407
f 2380 2353 2408
f 2353 2381 2408
f 2381 2382 2409
f 2382 2410 2409
f 2382 2383 2410
f 2383 2411 2410
f 2383 2384 2411
f 2384 2412 2411
f 2384 2385 2412
f 2385 2413 2412
f 2385 2386 2413
f 2386 2414 2413
f 2386 2387 2414
f 2387 2415 2414
f 2387 2388 2415
f 2388 2416 2415
f 2388 2389 2416
f 2389 2417 2416
f 2389 2390 2417
f 2390 2418 2417
f 2390 2391 2418
f 2391 2419 2418
f 2391 2392 2419
f 2392 2420 2419
f 2392 2393 2420
f 2393 2421 2420
f 2393 2394 2421
f 2394 2422 2421
f 2394 2395 2422
f 2395 2423 2422
f 2395 2396 2423
f 2396 2424 2423
f 2396 2397 2424
f 2397 2425 2424
f 2397 2398 2425
f 2398 2426 2425
f 2398 2399 2426
f 2399 2427 2426
f 2399 2400 2427
f 2400 2428 2427
f 2400 2401 2428
f 2401 2429 2428
f 2401 2402 2429
f 2402 2430 2429
f 2402 2403 2430
f 2403 2431 2430
f 2403 2404 2431
f 2404 2432 2431
f 2404 2405 2432
f 2405 2433 2432
f 2405 2406 2433
f 2406 2434 2433
f 2406 2407 2434
f 2407 2435 2434
f 2407 2408 2435
f 2408 2436 2435
f 2408 2381 2436
f 2381 2409 2436
f 2409 2410 2437
f 2410 2438 2437
f 2410 2411 2438
f 2411 2439 2438
f 2411 2412 2439
f 2412 2440 2439
f 2412 2413 2440
f 2413 2441 2440
f 2413 2414 2441
f 2414 2442 2441
f 2414 2415 2442
f 2415 2443 2442
f 2415 2416 2443
f 2416 2444 2443
f 2416 2417 2444
f 2417 2445 2444
f 2417 2418 2445
f 2418 2446 2445
f 2418 2419 2446
f 2419 2447 2446
f 2419 2420 2447
f 2420 2448 2447
f 2420 2421 2448
f 2421 2449 2448
f 2421 2422 2449
f 2422 2450 2449
f 2422 2423 2450
f 2423 2451 2450
f 2423 2424 2451
f 2424 2452 2451
f 2424 2425 2452
f 2425 2453 2452
f 2425 2426 2453
f 2426 2454 2453
f 2426 2427 2454
f 2427 2455 2454
f 2427 2428 2455
f 2428 2456 2455
f 2428 2429 2456
f 2429 2457 2456
f 2429 2430 2457
f 2430 2458 2457
f 2430 2431 2458
f 2431 2459 2458
f 2431 2432 2459
f 2432 2460 2459
f 2432 2433 2460
f 2433 2461 2460
f 2433 2434 2461
f 2434 2462 2461
f 2434 2435 2462
f 2435 2463 2462
f 2435 2436 2463
f 2436 2464 2463
f 2436 2409 2464
f 2409 2437 2464
f 2437 2438 2465
f 2438 2466 2465
f 2438 2439 2466
f 2439 2467 2466
f 2439 2440 2467
f 2440 2468 2467
f 2440 2441 2468
f 2441 2469 2468
f 2441 2442 2469
f 2442 2470 2469
f 2442 2443 2470
f 2443 2471 2470
f 2443 2444 2471
f 2444 2472 2471
f 2444 2445 2472
f 2445 2473 2472
f 2445 2446 2473
f 2446 2474 2473
f 2446 2447 2474
f 2447 2475 2474
f 2447 2448 2475
f 2448 2476 2475
f 2448 2449 2476
f 2449 2477 2476
f 2449 2450 2477
f 2450 2478 2477
f 2450 2451 2478
f 2451 2479 2478
f 2451 2452 2479
f 2452 2480 2479
f 2452 2453 2480
f 2453 2481 2480
f 2453 2454 2481
f 2454 2482 2481
f 2454 2455 2482
f 2455 2483 2482
f 2455 2456 2483
f 2456 2484 2483
f 2456 2457 2484
f 2457 2485 2484
f 2457 2458 2485
f 2458 2486 2485
f 2458 2459 2486
f 2459 2487 2486
f 2459 2460 2487
f 2460 2488 2487
f 2460 2461 2488
f 2461 2489 2488
f 2461 2462 2489
f 2462 2490 2489
f 2462 2463 2490
f 2463 2491 2490
f 2463 2464 2491
f 2464 2492 2491
f 2464 2437 2492
f 2437 2465 2492
f 2465 2466 2493
f 2466 2494 2493
f 2466 2467 2494
f 2467 2495 2494
f 2467 2468 2495
f 2468 2496 2495
f 2468 2469 2496
f 2469 2497 2496
f 2469 2470 2497
f 2470 2498 2497
f 2470 2471 2498
f 2471 2499 2498
f 2471 2472 2499
f 2472 2500 2499
f 2472 2473 2500
f 2473 2501 2500
f 2473 2474 2501
f 2474 2502 2501
f 2474 2475 2502
f 2475 2503 2502
f 2475 2476 2503
f 2476 2504 2503
f 2476 2477 2504
f 2477 2505 2504
f 2477 2478 2505
f 2478 2506 2505
f 2478 2479 2506
f 2479 2507 2506
f 2479 2480 2507
f 2480 2508 2507
f 2480 2481 2508
f 2481 2509 2508
f 2481 2482 2509
f 2482 2510 2509
f 2482 2483 2510
f 2483 2511 2510
f 2483 2484 2511
f 2484 2512 2511
f 2484 2485 2512
f 2485 2513 2512
f 2485 2486 2513
f 2486 2514 2513
f 2486 2487 2514
f 2487 2515 2514
f 2487 2488 2515
f 2488 2516 2515
f 2488 2489 2516
f 2489 2517 2516
f 2489 2490 2517
f 2490 2518 2517
f 2490 2491 2518
f 2491 2519 2518
f 2491 2492 2519
f 2492 2520 2519
f 2492 2465 2520
f 2465 2493 2520
f 2493 2494 2521
f 2494 2522 2521
f 2494 2495 2522
f 2495 2523 2522
f 2495 2496 2523
f 2496 2524 2523
f 2496 2497 2524
f 2497 2525 2524
f 2497 2498 2525
f 2498 2526 2525
f 2498 2499 2526
f 2499 2527 2526
f 2499 2500 2527
f 2500 2528 2527
f 2500 2501 2528
f 2501 2529 2528
f 2501 2502 2529
f 2502 2530 2529
f 2502 2503 2530
f 2503 2531 2530
f 2503 2504 2531
f 2504 2532 2531
f 2504 2505 2532
f 2505 2533 2532
f 2505 2506 2533
f 2506 2534 2533
f 2506 2507 2534
f 2507 2535 2534
f 2507 2508 2535
f 2508 2536 2535
f 2508 2509 2536
f 2509 2537 2536
f 2509 2510 2537
f 2510 2538 2537
f 2510 2511 2538
f 2511 2539 2538
f 2511 2512 2539
f 2512 2540 2539
f 2512 2513 2540
f 2513 2541 2540
f 2513 2514 2541
f 2514 2542 2541
f 2514 2515 2542
f 2515 2543 2542
f 2515 2516 2543
f 2516 2544 2543
f 2516 2517 2544
f 2517 2545 2544
f 2517 2518 2545
f 2518 2546 2545
f 2518 2519 2546
f 2519 2547 2546
f 2519 2520 2547
f 2520 2548 2547
f 2520 2493 2548
f 2493 2521 2548
f 2521 2522 2549
f 2522 2550 2549
f 2522 2523 2550
f 2523 2551 2550
f 2523 2524 2551
f 2524 2552 2551
f 2524 2525 2552
f 2525 2553 2552
f 2525 2526 2553
f 2526 2554 2553
f 2526 2527 2554
f 2527 2555 2554
f 2527 2528 2555
f 2528 2556 2555
f 2528 2529 2556
f 2529 2557 2556
f 2529 2530 2557
f 2530 2558 2557
f 2530 2531 2558
f 2531 2559 2558
f 2531 2532 2559
f 2532 2560 2559
f 2532 2533 2560
f 2533 2561 2560
f 2533 2534 2561
f 2534 2562 2561
f 2534 2535 2562
f 2535 2563 2562
f 2535 2536 2563
f 2536 2564 2563
f 2536 2537 2564
f 2537 2565 2564
f 2537 2538 2565
f 2538 2566 2565
f 2538 2539 2566
f 2539 2567 2566
f 2539 2540 2567
f 2540 2568 2567
f 2540 2541 2568
f 2541 2569 2568
f 2541 2542 2569
f 2542 2570 2569
f 2542 2543 2570
f 2543 2571 2570
f 2543 2544 2571
f 2544 2572 2571
f 2544 2545 2572
f 2545 2573 2572
f 2545 2546 2573
f 2546 2574 2573
f 2546 2547 2574
f 2547 2575 2574
f 2547 2548 2575
f 2548 2576 2575
f 2548 2521 2576
f 2521 2549 2576
f 2549 2550 2577
f 2550 2578 2577
f 2550 2551 2578
f 2551 2579 2578
f 2551 2552 2579
f 2552 2580 2579
f 2552 2553 2580
f 2553 2581 2580
f 2553 2554 2581
f 2554 2582 2581
f 2554 2555 2582
f 2555 2583 2582
f 2555 2556 2583
f 2556 2584 2583
f 2556 2557 2584
f 2557 2585 2584
f 2557 2558 2585
f 2558 2586 2585
f 2558 2559 2586
f 2559 2587 2586
f 2559 2560 2587
f 2560 2588 2587
f 2560 2561 2588
f 2561 2589 2588
f 2561 2562 2589
f 2562 2590 2589
f 2562 2563 2590
f 2563 2591 2590
f 2563 2564 2591
f 2564 2592 2591
f 2564 2565 2592
f 2565 2593 2592
f 2565 2566 2593
f 2566 2594 2593
f 2566 2567 2594
f 2567 2595 2594
f 2567 2568 2595
f 2568 2596 2595
f 2568 2569 2596
f 2569 2597 2596
f 2569 2570 2597
f 2570 2598 2597
f 2570 2571 2598
f 2571 2599 2598
f 2571 2572 2599
f 2572 2600 2599
f 2572 2573 2600
f 2573 2601 2600
f 2573 2574 2601
f 2574 2602 2601
f 2574 2575 2602
f 2575 2603 2602
f 2575 2576 2603
f 2576 2604 2603
f 2576 2549 2604
f 2549 2577 2604
f 2577 2578 2605
f 2578 2606 2605
f 2578 2579 2606
f 2579 2607 2606
f 2579 2580 2607
f 2580 2608 2607
f 2580 2581 2608
f 2581 2609 2608
f 2581 2582 2609
f 2582 2610 2609
f 2582 2583 2610
f 2583 2611 2610
f 2583 2584 2611
f 2584 2612 2611
f 2584 2585 2612
f 2585 2613 2612
f 2585 2586 2613
f 2586 2614 2613
f 2586 2587 2614
f 2587 2615 2614
f 2587 2588 2615
f 2588 2616 2615
f 2588 2589 2616
f 2589 2617 2616
f 2589 2590 2617
f 2590 2618 2617
f 2590 2591 2618
f 2591 2619 2618
f 2591 2592 2619
f 2592 2620 2619
f 2592 2593 2620
f 2593 2621 2620
f 2593 2594 2621
f 2594 2622 2621
f 2594 2595 2622
f 2595 2623 2622
f 2595 2596 2623
f 2596 2624 2623
f 2596 2597 2624
f 2597 2625 2624
f 2597 2598 2625
f 2598 2626 2625
f 2598 2599 2626
f 2599 2627 2626
f 2599 2600 2627
f 2600 2628 2627
f 2600 2601 2628
f 2601 2629 2628
f 2601 2602 2629
f 2602 2630 2629
f 2602 2603 2630
f 2603 2631 2630
f 2603 2604 2631
f 2604 2632 2631
f 2604 2577 2632
f 2577 2605 2632
f 2605 2606 2633
f 2606 2634 2633
f 2606 2607 2634
f 2607 2635 2634
f 2607 2608 2635
f 2608 2636 2635
f 2608 2609 2636
f 2609 2637 2636
f 2609 2610 2637
f 2610 2638 2637
f 2610 2611 2638
f 2611 2639 2638
f 2611 2612 2639
f 2612 2640 2639
f 2612 2613 2640
f 2613 2641 2640
f 2613 2614 2641
f 2614 2642 2641
f 2614 2615 2642
f 2615 2643 2642
f 2615 2616 2643
f 2616 2644 2643
f 2616 2617 2644
f 2617 2645 2644
f 2617 2618 2645
f 2618 2646 2645
f 2618 2619 2646
f 2619 2647 2646
f 2619 2620 2647
f 2620 2648 2647
f 2620 2621 2648
f 2621 2649 2648
f 2621 2622 2649
f 2622 2650 2649
f 2622 2623 2650
f 2623 2651 2650
f 2623 2624 2651
f 2624 2652 2651
f 2624 2625 2652
f 2625 2653 2652
f 2625 2626 2653
f 2626 2654 2653
f 2626 2627 2654
f 2627 2655 2654
f 2627 2628 2655
f 2628 2656 2655
f 2628 2629 2656
f 2629 2657 2656
f 2629 2630 2657
f 2630 2658 2657
f 2630 2631 2658
f 2631 2659 2658
f 2631 2632 2659
f 2632 2660 2659
f 2632 2605 2660
f 2605 2633 2660
f 2633 2634 2661
f 2634 2662 2661
f 2634 2635 2662
f 2635 2663 2662
f 2635 2636 2663
f 2636 2664 2663
f 2636 2637 2664
f 2637 2665 2664
f 2637 2638 2665
f 2638 2666 2665
f 2638 2639 2666
f 2639 2667 2666
f 2639 2640 2667
f 2640 2668 2667
f 2640 2641 2668
f 2641 2669 2668
f 2641 2642 2669
f 2642 2670 2669
f 2642 2643 2670
f 2643 2671 2670
f 2643 2644 2671
f 2644 2672 2671
f 2644 2645 2672
f 2645 2673 2672
f 2645 2646 2673
f 2646 2674 2673
f 2646 2647 2674
f 2647 2675 2674
f 2647 2648 2675
f 2648 2676 2675
f 2648 2649 2676
f 2649 2677 2676
f 2649 2650 2677
f 2650 2678 2677
f 2650 2651 2678
f 2651 2679 2678
f 2651 2652 2679
f 2652 2680 2679
f 2652 2653 2680
f 2653 2681 2680
f 2653 2654 2681
f 2654 2682 2681
f 2654 2655 2682
f 2655 2683 2682
f 2655 2656 2683
f 2656 2684 2683
f 2656 2657 2684
f 2657 2685 2684
f 2657 2658 2685
f 2658 2686 2685
f 2658 2659 2686
f 2659 2687 2686
f 2659 2660 2687
f 2660 2688 2687
f 2660 2633 2688
f 2633 2661 2688
f 2661 2662 2689
f 2662 2690 2689
f 2662 2663 2690
f 2663 2691 2690
f 2663 2664 2691
f 2664 2692 2691
f 2664 2665 2692
f 2665 2693 2692
f 2665 2666 2693
f 2666 2694 2693
f 2666 2667 2694
f 2667 2695 2694
f 2667 2668 2695
f 2668 2696 2695
f 2668 2669 2696
f 2669 2697 2696
f 2669 2670 2697
f 2670 2698 2697
f 2670 2671 2698
f 2671 2699 2698
f 2671 2672 2699
f 2672 2700 2699
f 2672 2673 2700
f 2673 2701 2700
f 2673 2674 2701
f 2674 2702 2701
f 2674 2675 2702
f 2675 2703 2702
f 2675 2676 2703
f 2676 2704 2703
f 2676 2677 2704
f 2677 2705 2704
f 2677 2678 2705
f 2678 2706 2705
f 2678 2679 2706
f 2679 2707 2706
f 2679 2680 2707
f 2680 2708 2707
f 2680 2681 2708
f 2681 2709 2708
f 2681 2682 2709
f 2682 2710 2709
f 2682 2683 2710
f 2683 2711 2710
f 2683 2684 2711
f 2684 2712 2711
f 2684 2685 2712
f 2685 2713 2712
f 2685 2686 2713
f 2686 2714 2713
f 2686 2687 2714
f 2687 2715 2714
f 2687 2688 2715
f 2688 2716 2715
f 2688 2661 2716
f 2661 2689 2716
f 2689 2690 2717
f 2690 2718 2717
f 2690 2691 2718
f 2691 2719 2718
f 2691 2692 2719
f 2692 2720 2719
f 2692 2693 2720
f 2693 2721 2720
f 2693 2694 2721
f 2694 2722 2721
f 2694 2695 2722
f 2695 2723 2722
f 2695 2696 2723
f 2696 2724 2723
f 2696 2697 2724
f 2697 2725 2724
f 2697 2698 2725
f 2698 2726 2725
f 2698 2699 2726
f 2699 2727 2726
f 2699 2700 2727
f 2700 2728 2727
f 2700 2701 2728
f 2701 2729 2728
f 2701 2702 2729
f 2702 2730 2729
f 2702 2703 2730
f 2703 2731 2730
f 2703 2704 2731
f 2704 2732 2731
f 2704 2705 2732
f 2705 2733 2732
f 2705 2706 2733
f 2706 2734 2733
f 2706 2707 2734
f 2707 2735 2734
f 2707 2708 2735
f 2708 2736 2735
f 2708 2709 2736
f 2709 2737 2736
f 2709 2710 2737
f 2710 2738 2737
f 2710 2711 2738
f 2711 2739 2738
f 2711 2712 2739
f 2712 2740 2739
f 2712 2713 2740
f 2713 2741 2740
f 2713 2714 2741
f 2714 2742 2741
f 2714 2715 2742
f 2715 2743 2742
f 2715 2716 2743
f 2716 2744 2743
f 2716 2689 2744
f 2689 2717 2744
f 2717 2718 2745
f 2718 2746 2745
f 2718 2719 2746
f 2719 2747 2746
f 2719 2720 2747
f 2720 2748 2747
f 2720 2721 2748
f 2721 2749 2748
f 2721 2722 2749
f 2722 2750 2749
f 2722 2723 2750
f 2723 2751 2750
f 2723 2724 2751
f 2724 2752 2751
f 2724 2725 2752
f 2725 2753 2752
f 2725 2726 2753
f 2726 2754 2753
f 2726 2727 2754
f 2727 2755 2754
f 2727 2728 2755
f 2728 2756 2755
f 2728 2729 2756
f 2729 2757 2756
f 2729 2730 2757
f 2730 2758 2757
f 2730 2731 2758
f 2731 2759 2758
f 2731 2732 2759
f 2732 2760 2759
f 2732 2733 2760
f 2733 2761 2760
f 2733 2734 2761
f 2734 2762 2761
f 2734 2735 2762
f 2735 2763 2762
f 2735 2736 2763
f 2736 2764 2763
f 2736 2737 2764
f 2737 2765 2764
f 2737 2738 2765
f 2738 2766 2765
f 2738 2739 2766
f 2739 2767 2766
f 2739 2740 2767
f 2740 2768 2767
f 2740 2741 2768
f 2741 2769 2768
f 2741 2742 2769
f 2742 2770 2769
f 2742 2743 2770
f 2743 2771 2770
f 2743 2744 2771
f 2744 2772 2771
f 2744 2717 2772
f 2717 2745 2772
f 2745 2746 2773
f 2746 2774 2773
f 2746 2747 2774
f 2747 2775 2774
f 2747 2748 2775
f 2748 2776 2775
f 2748 2749 2776
f 2749 2777 2776
f 2749 2750 2777
f 2750 2778 2777
f 2750 2751 2778
f 2751 2779 2778
f 2751 2752 2779
f 2752 2780 2779
f 2752 2753 2780
f 2753 2781 2780
f 2753 2754 2781
f 2754 2782 2781
f 2754 2755 2782
f 2755 2783 2782
f 2755 2756 2783
f 2756 2784 2783
f 2756 2757 2784
f 2757 2785 2784
f 2757 2758 2785
f 2758 2786 2785
f 2758 2759 2786
f 2759 2787 2786
f 2759 2760 2787
f 2760 2788 2787
f 2760 2761 2788
f 2761 2789 2788
f 2761 2762 2789
f 2762 2790 2789
f 2762 2763 2790
f 2763 2791 2790
f 2763 2764 2791
f 2764 2792 2791
f 2764 2765 2792
f 2765 2793 2792
f 2765 2766 2793
f 2766 2794 2793
f 2766 2767 2794
f 2767 2795 2794
f 2767 2768 2795
f 2768 2796 2795
f 2768 2769 2796
f 2769 2797 2796
f 2769 2770 2797
f 2770 2798 2797
f 2770 2771 2798
f 2771 2799 2798
f 2771 2772 2799
f 2772 2800 2799
f 2772 2745 2800
f 2745 2773 2800
f 2773 2774 2801
f 2774 2802 2801
f 2774 2775 2802
f 2775 2803 2802
f 2775 2776 2803
f 2776 2804 2803
f 2776 2777 2804
f 2777 2805 2804
f 2777 2778 2805
f 2778 2806 2805
f 2778 2779 2806
f 2779 2807 2806
f 2779 2780 2807
f 2780 2808 2807
f 2780 2781 2808
f 2781 2809 2808
f 2781 2782 2809
f 2782 2810 2809
f 2782 2783 2810
f 2783 2811 2810
f 2783 2784 2811
f 2784 2812 2811
f 2784 2785 2812
f 2785 2813 2812
f 2785 2786 2813
f 2786 2814 2813
f 2786 2787 2814
f 2787 2815 2814
f 2787 2788 2815
f 2788 2816 2815
f 2788 2789 2816
f 2789 2817 2816
f 2789 2790 2817
f 2790 2818 2817
f 2790 2791 2818
f 2791 2819 2818
f 2791 2792 2819
f 2792 2820 2819
f 2792 2793 2820
f 2793 2821 2820
f 2793 2794 2821
f 2794 2822 2821
f 2794 2795 2822
f 2795 2823 2822
f 2795 2796 2823
f 2796 2824 2823
f 2796 2797 2824
f 2797 2825 2824
f 2797 2798 2825
f 2798 2826 2825
f 2798 2799 2826
f 2799 2827 2826
f 2799 2800 2827
f 2800 2828 2827
f 2800 2773 2828
f 2773 2801 2828
f 2801 2802 2829
f 2802 2830 2829
f 2802 2803 2830
f 2803 2831 2830
f 2803 2804 2831
f 2804 2832 2831
f 2804 2805 2832
f 2805 2833 2832
f 2805 2806 2833
f 2806 2834 2833
f 2806 2807 2834
f 2807 2835 2834
f 2807 2808 2835
f 2808 2836 2835
f 2808 2809 2836
f 2809 2837 2836
f 2809 2810 2837
f 2810 2838 2837
f 2810 2811 2838
f 2811 2839 2838
f 2811 2812 2839
f 2812 2840 2839
f 2812 2813 2840
f 2813 2841 2840
f 2813 2814 2841
f 2814 2842 2841
f 2814 2815 2842
f 2815 2843 2842
f 2815 2816 2843
f 2816 2844 2843
f 2816 2817 2844
f 2817 2845 2844
f 2817 2818 2845
f 2818 2846 2845
f 2818 2819 2846
f 2819 2847 2846
f 2819 2820 2847
f 2820 2848 2847
f 2820 2821 2848
f 2821 2849 2848
f 2821 2822 2849
f 2822 2850 2849
f 2822 2823 2850
f 2823 2851 2850
f 2823 2824 2851
f 2824 2852 2851
f 2824 2825 2852
f 2825 2853 2852
f 2825 2826 2853
f 2826 2854 2853
f 2826 2827 2854
f 2827 2855 2854
f 2827 2828 2855
f 2828 2856 2855
f 2828 2801 2856
f 2801 2829 2856
f 2829 2830 2857
f 2830 2858 2857
f 2830 2831 2858
f 2831 2859 2858
f 2831 2832 2859
f 2832 2860 2859
f 2832 2833 2860
f 2833 2861 2860
f 2833 2834 2861
f 2834 2862 2861
f 2834 2835 2862
f 2835 2863 2862
f 2835 2836 2863
f 2836 2864 2863
f 2836 2837 2864
f 2837 2865 2864
f 2837 2838 2865
f 2838 2866 2865
f 2838 2839 2866
f 2839 2867 2866
f 2839 2840 2867
f 2840 2868 2867
f 2840 2841 2868
f 2841 2869 2868
f 2841 2842 2869
f 2842 2870 2869
f 2842 2843 2870
f 2843 2871 2870
f 2843 2844 2871
f 2844 2872 2871
f 2844 2845 2872
f 2845 2873 2872
f 2845 2846 2873
f 2846 2874 2873
f 2846 2847 2874
f 2847 2875 2874
f 2847 2848 2875
f 2848 2876 2875
f 2848 2849 2876
f 2849 2877 2876
f 2849 2850 2877
f 2850 2878 2877
f 2850 2851 2878
f 2851 2879 2878
f 2851 2852 2879
f 2852 2880 2879
f 2852 2853 2880
f 2853 2881 2880
f 2853 2854 2881
f 2854 2882 2881
f 2854 2855 2882
f 2855 2883 2882
f 2855 2856 2883
f 2856 2884 2883
f 2856 2829 2884
f 2829 2857 2884
f 2857 2858 2885
f 2858 2886 2885
f 2858 2859 2886
f 2859 2887 2886
f 2859 2860 2887
f 2860 2888 2887
f 2860 2861 2888
f 2861 2889 2888
f 2861 2862 2889
f 2862 2890 2889
f 2862 2863 2890
f 2863 2891 2890
f 2863 2864 2891
f 2864 2892 2891
f 2864 2865 2892
f 2865 2893 2892
f 2865 2866 2893
f 2866 2894 2893
f 2866 2867 2894
f 2867 2895 2894
f 2867 2868 2895
f 2868 2896 2895
f 2868 2869 2896
f 2869 2897 2896
f 2869 2870 2897
f 2870 2898 2897
f 2870 2871 2898
f 2871 2899 2898
f 2871 2872 2899
f 2872 2900 2899
f 2872 2873 2900
f 2873 2901 2900
f 2873 2874 2901
f 2874 2902 2901
f 2874 2875 2902
f 2875 2903 2902
f 2875 2876 2903
f 2876 2904 2903
f 2876 2877 2904
f 2877 2905 2904
f 2877 2878 2905
f 2878 2906 2905
f 2878 2879 2906
f 2879 2907 2906
f 2879 2880 2907
f 2880 2908 2907
f 2880 2881 2908
f 2881 2909 2908
f 2881 2882 2909
f 2882 2910 2909
f 2882 2883 2910
f 2883 2911 2910
f 2883 2884 2911
f 2884 2912 2911
f 2884 2857 2912
f 2857 2885 2912
f 2885 2886 2913
f 2886 2914 2913
f 2886 2887 2914
f 2887 2915 2914
f 2887 2888 2915
f 2888 2916 2915
f 2888 2889 2916
f 2889 2917 2916
f 2889 2890 2917
f 2890 2918 2917
f 2890 2891 2918
f 2891 2919 2918
f 2891 2892 2919
f 2892 2920 2919
f 2892 2893 2920
f 2893 2921 2920
f 2893 2894 2921
f 2894 2922 2921
f 2894 2895 2922
f 2895 2923 2922
f 2895 2896 2923
f 2896 2924 2923
f 2896 2897 2924
f 2897 2925 2924
f 2897 2898 2925
f 2898 2926 2925
f 2898 2899 2926
f 2899 2927 2926
f 2899 2900 2927
f 2900 2928 2927
f 2900 2901 2928
f 2901 2929 2928
f 2901 2902 2929
f 2902 2930 2929
f 2902 2903 2930
f 2903 2931 2930
f 2903 2904 2931
f 2904 2932 2931
f 2904 2905 2932
f 2905 2933 2932
f 2905 2906 2933
f 2906 2934 2933
f 2906 2907 2934
f 2907 2935 2934
f 2907 2908 2935
f 2908 2936 2935
f 2908 2909 2936
f 2909 2937 2936
f 2909 2910 2937
f 2910 2938 2937
f 2910 2911 2938
f 2911 2939 2938
f 2911 2912 2939
f 2912 2940 2939
f 2912 2885 2940
f 2885 2913 2940
f 2913 2914 2941
f 2914 2942 2941
f 2914 2915 2942
f 2915 2943 2942
f 2915 2916 2943
f 2916 2944 2943
f 2916 2917 2944
f 2917 2945 2944
f 2917 2918 2945
f 2918 2946 2945
f 2918 2919 2946
f 2919 2947 2946
f 2919 2920 2947
f 2920 2948 2947
f 2920 2921 2948
f 2921 2949 2948
f 2921 2922 2949
f 2922 2950 2949
f 2922 2923 2950
f 2923 2951 2950
f 2923 2924 2951
f 2924 2952 2951
f 2924 2925 2952
f 2925 2953 2952
f 2925 2926 2953
f 2926 2954 2953
f 2926 2927 2954
f 2927 2955 2954
f 2927 2928 2955
f 2928 2956 2955
f 2928 2929 2956
f 2929 2957 2956
f 2929 2930 2957
f 2930 2958 2957
f 2930 2931 2958
f 2931 2959 2958
f 2931 2932 2959
f 2932 2960 2959
f 2932 2933 2960
f 2933 2961 2960
f 2933 2934 2961
f 2934 2962 2961
f 2934 2935 2962
f 2935 2963 2962
f 2935 2936 2963
f 2936 2964 2963
f 2936 2937 2964
f 2937 2965 2964
f 2937 2938 2965
f 2938 2966 2965
f 2938 2939 2966
f 2939 2967 2966
f 2939 2940 2967
f 2940 2968 2967
f 2940 2913 2968
f 2913 2941 2968
f 2941 2942 2969
f 2942 2970 2969
f 2942 2943 2970
f 2943 2971 2970
f 2943 2944 2971
f 2944 2972 2971
f 2944 2945 2972
f 2945 2973 2972
f 2945 2946 2973
f 2946 2974 2973
f 2946 2947 2974
f 2947 2975 2974
f 2947 2948 2975
f 2948 2976 2975
f 2948 2949 2976
f 2949 2977 2976
f 2949 2950 2977
f 2950 2978 2977
f 2950 2951 2978
f 2951 2979 2978
f 2951 2952 2979
f 2952 2980 2979
f 2952 2953 2980
f 2953 2981 2980
f 2953 2954 2981
f 2954 2982 2981
f 2954 2955 2982
f 2955 2983 2982
f 2955 2956 2983
f 2956 2984 2983
f 2956 2957 2984
f 2957 2985 2984
f 2957 2958 2985
f 2958 2986 2985
f 2958 2959 2986
f 2959 2987 2986
f 2959 2960 2987
f 2960 2988 2987
f 2960 2961 2988
f 2961 2989 2988
f 2961 2962 2989
f 2962 2990 2989
f 2962 2963 2990
f 2963 2991 2990
f 2963 2964 2991
f 2964 2992 2991
f 2964 2965 2992
f 2965 2993 2992
f 2965 2966 2993
f 2966 2994 2993
f 2966 2967 2994
f 2967 2995 2994
f 2967 2968 2995
f 2968 2996 2995
f 2968 2941 2996
f 2941 2969 2996
f 2969 2970 2997
f 2970 2998 2997
f 2970 2971 2998
f 2971 2999 2998
f 2971 2972 2999
f 2972 3000 2999
f 2972 2973 3000
f 2973 3001 3000
f 2973 2974 3001
f 2974 3002 3001
f 2974 2975 3002
f 2975 3003 3002
f 2975 2976 3003
f 2976 3004 3003
f 2976 2977 3004
f 2977 3005 3004
f 2977 2978 3005
f 2978 3006 3005
f 2978 2979 3006
f 2979 3007 3006
f 2979 2980 3007
f 2980 3008 3007
f 2980 2981 3008
f 2981 3009 3008
f 2981 2982 3009
f 2982 3010 3009
f 2982 2983 3010
f 2983 3011 3010
f 2983 2984 3011
f 2984 3012 3011
f 2984 2985 3012
f 2985 3013 3012
f 2985 2986 3013
f 2986 3014 3013
f 2986 2987 3014
f 2987 3015 3014
f 2987 2988 3015
f 2988 3016 3015
f 2988 2989 3016
f 2989 3017 3016
f 2989 2990 3017
f 2990 3018 3017
f 2990 2991 3018
f 2991 3019 3018
f 2991 2992 3019
f 2992 3020 3019
f 2992 2993 3020
f 2993 3021 3020
f 2993 2994 3021
f 2994 3022 3021
f 2994 2995 3022
f 2995 3023 3022
f 2995 2996 3023
f 2996 3024 3023
f 2996 2969 3024
f 2969 2997 3024
f 2997 2998 3025
f 2998 3026 3025
f 2998 2999 3026
f 2999 3027 3026
f 2999 3000 3027
f 3000 3028 3027
f 3000 3001 3028
f 3001 3029 3028
f 3001 3002 3029
f 3002 3030 3029
f 3002 3003 3030
f 3003 3031 3030
f 3003 3004 3031
f 3004 3032 3031
f 3004 3005 3032
f 3005 3033 3032
f 3005 3006 3033
f 3006 3034 3033
f 3006 3007 3034
f 3007 3035 3034
f 3007 3008 3035
f 3008 3036 3035
f 3008 3009 3036
f 3009 3037 3036
f 3009 3010 3037
f 3010 3038 3037
f 3010 3011 3038
f 3011 3039 3038
f 3011 3012 3039
f 3012 3040 3039
f 3012 3013 3040
f 3013 3041 3040
f 3013 3014 3041
f 3014 3042 3041
f 3014 3015 3042
f 3015 3043 3042
f 3015 3016 3043
f 3016 3044 3043
f 3016 3017 3044
f 3017 3045 3044
f 3017 3018 3045
f 3018 3046 3045
f 3018 3019 3046
f 3019 3047 3046
f 3019 3020 3047
f 3020 3048 3047
f 3020 3021 3048
f 3021 3049 3048
f 3021 3022 3049
f 3022 3050 3049
f 3022 3023 3050
f 3023 3051 3050
f 3023 3024 3051
f 3024 3052 3051
f 3024 2997 3052
f 2997 3025 3052
f 3025 3026 3053
f 3026 3054 3053
f 3026 3027 3054
f 3027 3055 3054
f 3027 3028 3055
f 3028 3056 3055
f 3028 3029 3056
f 3029 3057 3056
f 3029 3030 3057
f 3030 3058 3057
f 3030 3031 3058
f 3031 3059 3058
f 3031 3032 3059
f 3032 3060 3059
f 3032 3033 3060
f 3033 3061 3060
f 3033 3034 3061
f 3034 3062 3061
f 3034 3035 3062
f 3035 3063 3062
f 3035 3036 3063
f 3036 3064 3063
f 3036 3037 3064
f 3037 3065 3064
f 3037 3038 3065
f 3038 3066 3065
f 3038 3039 3066
f 3039 3067 3066
f 3039 3040 3067
f 3040 3068 3067
f 3040 3041 3068
f 3041 3069 3068
f 3041 3042 3069
f 3042 3070 3069
f 3042 3043 3070
f 3043 3071 3070
f 3043 3044 3071
f 3044 3072 3071
f 3044 3045 3072
f 3045 3073 3072
f 3045 3046 3073
f 3046 3074 3073
f 3046 3047 3074
f 3047 3075 3074
f 3047 3048 3075
f 3048 3076 3075
f 3048 3049 3076
f 3049 3077 3076
f 3049 3050 3077
f 3050 3078 3077
f 3050 3051 3078
f 3051 3079 3078
f 3051 3052 3079
f 3052 3080 3079
f 3052 3025 3080
f 3025 3053 3080
f 3053 3054 3081
f 3054 3082 3081
f 3054 3055 3082
f 3055 3083 3082
f 3055 3056 3083
f 3056 3084 3083
f 3056 3057 3084
f 3057 3085 3084
f 3057 3058 3085
f 3058 3086 3085
f 3058 3059 3086
f 3059 3087 3086
f 3059 3060 3087
f 3060 3088 3087
f 3060 3061 3088
f 3061 3089 3088
f 3061 3062 3089
f 3062 3090 3089
f 3062 3063 3090
f 3063 3091 3090
f 3063 3064 3091
f 3064 3092 3091
f 3064 3065 3092
f 3065 3093 3092
f 3065 3066 3093
f 3066 3094 3093
f 3066 3067 3094
f 3067 3095 3094
f 3067 3068 3095
f 3068 3096 3095
f 3068 3069 3096
f 3069 3097 3096
f 3069 3070 3097
f 3070 3098 3097
f 3070 3071 3098
f 3071 3099 3098
f 3071 3072 3099
f 3072 3100 3099
f 3072 3073 3100
f 3073 3101 3100
f 3073 3074 3101
f 3074 3102 3101
f 3074 3075 3102
f 3075 3103 3102
f 3075 3076 3103
f 3076 3104 3103
f 3076 3077 3104
f 3077 3105 3104
f 3077 3078 3105
f 3078 3106 3105
f 3078 3079 3106
f 3079 3107 3106
f 3079 3080 3107
f 3080 3108 3107
f 3080 3053 3108
f 3053 3081 3108
f 3081 3082 3109
f 3082 3110 3109
f 3082 3083 3110
f 3083 3111 3110
f 3083 3084 3111
f 3084 3112 3111
f 3084 3085 3112
f 3085 3113 3112
f 3085 3086 3113
f 3086 3114 3113
f 3086 3087 3114
f 3087 3115 3114
f 3087 3088 3115
f 3088 3116 3115
f 3088 3089 3116
f 3089 3117 3116
f 3089 3090 3117
f 3090 3118 3117
f 3090 3091 3118
f 3091 3119 3118
f 3091 3092 3119
f 3092 3120 3119
f 3092 3093 3120
f 3093 3121 3120
f 3093 3094 3121
f 3094 3122 3121
f 3094 3095 3122
f 3095 3123 3122
f 3095 3096 3123
f 3096 3124 3123
f 3096 3097 3124
f 3097 3125 3124
f 3097 3098 3125
f 3098 3126 3125
f 3098 3099 3126
f 3099 3127 3126
f 3099 3100 3127
f 3100 3128 3127
f 3100 3101 3128
f 3101 3129 3128
f 3101 3102 3129
f 3102 3130 3129
f 3102 3103 3130
f 3103 3131 3130
f 3103 3104 3131
f 3104 3132 3131
f 3104 3105 3132
f 3105 3133 3132
f 3105 3106 3133
f 3106 3134 3133
f 3106 3107 3134
f 3107 3135 3134
f 3107 3108 3135
f 3108 3136 3135
f 3108 3081 3136
f 3081 3109 3136
f 3109 3110 3137
f 3110 3138 3137
f 3110 3111 3138
f 3111 3139 3138
f 3111 3112 3139
f 3112 3140 3139
f 3112 3113 3140
f 3113 3141 3140
f 3113 3114 3141
f 3114 3142 3141
f 3114 3115 3142
f 3115 3143 3142
f 3115 3116 3143
f 3116 3144 3143
f 3116 3117 3144
f 3117 3145 3144
f 3117 3118 3145
f 3118 3146 3145
f 3118 3119 3146
f 3119 3147 3146
f 3119 3120 3147
f 3120 3148 3147
f 3120 3121 3148
f 3121 3149 3148
f 3121 3122 3149
f 3122 3150 3149
f 3122 3123 3150
f 3123 3151 3150
f 3123 3124 3151
f 3124 3152 3151
f 3124 3125 3152
f 3125 3153 3152
f 3125 3126 3153
f 3126 3154 3153
f 3126 3127 3154
f 3127 3155 3154
f 3127 3128 3155
f 3128 3156 3155
f 3128 3129 3156
f 3129 3157 3156
f 3129 3130 3157
f 3130 3158 3157
f 3130 3131 3158
f 3131 3159 3158
f 3131 3132 3159
f 3132 3160 3159
f 3132 3133 3160
f 3133 3161 3160
f 3133 3134 3161
f 3134 3162 3161
f 3134 3135 3162
f 3135 3163 3162
f 3135 3136 3163
f 3136 3164 3163
f 3136 3109 3164
f 3109 3137 3164
f 3137 3138 3165
f 3138 3166 3165
f 3138 3139 3166
f 3139 3167 3166
f 3139 3140 3167
f 3140 3168 3167
f 3140 3141 3168
f 3141 3169 3168
f 3141 3142 3169
f 3142 3170 3169
f 3142 3143 3170
f 3143 3171 3170
f 3143 3144 3171
f 3144 3172 3171
f 3144 3145 3172
f 3145 3173 3172
f 3145 3146 3173
f 3146 3174 3173
f 3146 3147 3174
f 3147 3175 3174
f 3147 3148 3175
f 3148 3176 3175
f 3148 3149 3176
f 3149 3177 3176
f 3149 3150 3177
f 3150 3178 3177
f 3150 3151 3178
f 3151 3179 3178
f 3151 3152 3179
f 3152 3180 3179
f 3152 3153 3180
f 3153 3181 3180
f 3153 3154 3181
f 3154 3182 3181
f 3154 3155 3182
f 3155 3183 3182
f 3155 3156 3183
f 3156 3184 3183
f 3156 3157 3184
f 3157 3185 3184
f 3157 3158 3185
f 3158 3186 3185
f 3158 3159 3186
f 3159 3187 3186
f 3159 3160 3187
f 3160 3188 3187
f 3160 3161 3188
f 3161 3189 3188
f 3161 3162 3189
f 3162 3190 3189
f 3162 3163 3190
f 3163 3191 3190
f 3163 3164 3191
f 3164 3192 3191
f 3164 3137 3192
f 3137 3165 3192
f 3165 3166 3193
f 3166 3194 3193
f 3166 3167 3194
f 3167 3195 3194
f 3167 3168 3195
f 3168 3196 3195
f 3168 3169 3196
f 3169 3197 3196
f 3169 3170 3197
f 3170 3198 3197
f 3170 3171 3198
f 3171 3199 3198
f 3171 3172 3199
f 3172 3200 3199
f 3172 3173 3200
f 3173 3201 3200
f 3173 3174 3201
f 3174 3202 3201
f 3174 3175 3202
f 3175 3203 3202
f 3175 3176 3203
f 3176 3204 3203
f 3176 3177 3204
f 3177 3205 3204
f 3177 3178 3205
f 3178 3206 3205
f 3178 3179 3206
f 3179 3207 3206
f 3179 3180 3207
f 3180 3208 3207
f 3180 3181 3208
f 3181 3209 3208
f 3181 3182 3209
f 3182 3210 3209
f 3182 3183 3210
f 3183 3211 3210
f 3183 3184 3211
f 3184 3212 3211
f 3184 3185 3212
f 3185 3213 3212
f 3185 3186 3213
f 3186 3214 3213
f 3186 3187 3214
f 3187 3215 3214
f 3187 3188 3215
f 3188 3216 3215
f 3188 3189 3216
f 3189 3217 3216
f 3189 3190 3217
f 3190 3218 3217
f 3190 3191 3218
f 3191 3219 3218
f 3191 3192 3219
f 3192 3220 3219
f 3192 3165 3220
f 3165 3193 3220
f 3193 3194 3221
f 3194 3222 3221
f 3194 3195 3222
f 3195 3223 3222
f 3195 3196 3223
f 3196 3224 3223
f 3196 3197 3224
f 3197 3225 3224
f 3197 3198 3225
f 3198 3226 3225
f 3198 3199 3226
f 3199 3227 3226
f 3199 3200 3227
f 3200 3228 3227
f 3200 3201 3228
f 3201 3229 3228
f 3201 3202 3229
f 3202 3230 3229
f 3202 3203 3230
f 3203 3231 3230
f 3203 3204 3231
f 3204 3232 3231
f 3204 3205 3232
f 3205 3233 3232
f 3205 3206 3233
f 3206 3234 3233
f 3206 3207 3234
f 3207 3235 3234
f 3207 3208 3235
f 3208 3236 3235
f 3208 3209 3236
f 3209 3237 3236
f 3209 3210 3237
f 3210 3238 3237
f 3210 3211 3238
f 3211 3239 3238
f 3211 3212 3239
f 3212 3240 3239
f 3212 3213 3240
f 3213 3241 3240
f 3213 3214 3241
f 3214 3242 3241
f 3214 3215 3242
f 3215 3243 3242
f 3215 3216 3243
f 3216 3244 3243
f 3216 3217 3244
f 3217 3245 3244
f 3217 3218 3245
f 3218 3246 3245
f 3218 3219 3246
f 3219 3247 3246
f 3219 3220 3247
f 3220 3248 3247
f 3220 3193 3248
f 3193 3221 3248
f 3221 3222 3249
f 3222 3250 3249
f 3222 3223 3250
f 3223 3251 3250
f 3223 3224 3251
f 3224 3252 3251
f 3224 3225 3252
f 3225 3253 3252
f 3225 3226 3253
f 3226 3254 3253
f 3226 3227 3254
f 3227 3255 3254
f 3227 3228 3255
f 3228 3256 3255
f 3228 3229 3256
f 3229 3257 3256
f 3229 3230 3257
f 3230 3258 3257
f 3230 3231 3258
f 3231 3259 3258
f 3231 3232 3259
f 3232 3260 3259
f 3232 3233 3260
f 3233 3261 3260
f 3233 3234 3261
f 3234 3262 3261
f 3234 3235 3262
f 3235 3263 3262
f 3235 3236 3263
f 3236 3264 3263
f 3236 3237 3264
f 3237 3265 3264
f 3237 3238 3265
f 3238 3266 3265
f 3238 3239 3266
f 3239 3267 3266
f 3239 3240 3267
f 3240 3268 3267
f 3240 3241 3268
f 3241 3269 3268
f 3241 3242 3269
f 3242 3270 3269
f 3242 3243 3270
f 3243 3271 3270
f 3243 3244 3271
f 3244 3272 3271
f 3244 3245 3272
f 3245 3273 3272
f 3245 3246 3273
f 3246 3274 3273
f 3246 3247 3274
f 3247 3275 3274
f 3247 3248 3275
f 3248 3276 3275
f 3248 3221 3276
f 3221 3249 3276
f 3249 3250 3277
f 3250 3278 3277
f 3250 3251 3278
f 3251 3279 3278
f 3251 3252 3279
f 3252 3280 3279
f 3252 3253 3280
f 3253 3281 3280
f 3253 3254 3281
f 3254 3282 3281
f 3254 3255 3282
f 3255 3283 3282
f 3255 3256 3283
f 3256 3284 3283
f 3256 3257 3284
f 3257 3285 3284
f 3257 3258 3285
f 3258 3286 3285
f 3258 3259 3286
f 3259 3287 3286
f 3259 3260 3287
f 3260 3288 3287
f 3260 3261 3288
f 3261 3289 3288
f 3261 3262 3289
f 3262 3290 3289
f 3262 3263 3290
f 3263 3291 3290
f 3263 3264 3291
f 3264 3292 3291
f 3264 3265 3292
f 3265 3293 3292
f 3265 3266 3293
f 3266 3294 3293
f 3266 3267 3294
f 3267 3295 3294
f 3267 3268 3295
f 3268 3296 3295
f 3268 3269 3296
f 3269 3297 3296
f 3269 3270 3297
f 3270 3298 3297
f 3270 3271 3298
f 3271 3299 3298
f 3271 3272 3299
f 3272 3300 3299
f 3272 3273 3300
f 3273 3301 3300
f 3273 3274 3301
f 3274 3302 3301
f 3274 3275 3302
f 3275 3303 3302
f 3275 3276 3303
f 3276 3304 3303
f 3276 3249 3304
f 3249 3277 3304
f 3277 3278 3305
f 3278 3306 3305
f 3278 3279 3306
f 3279 3307 3306
f 3279 3280 3307
f 3280 3308 3307
f 3280 3281 3308
f 3281 3309 3308
f 3281 3282 3309
f 3282 3310 3309
f 3282 3283 3310
f 3283 3311 3310
f 3283 3284 3311
f 3284 3312 3311
f 3284 3285 3312
f 3285 3313 3312
f 3285 3286 3313
f 3286 3314 3313
f 3286 3287 3314
f 3287 3315 3314
f 3287 3288 3315
f 3288 3316 3315
f 3288 3289 3316
f 3289 3317 3316
f 3289 3290 3317
f 3290 3318 3317
f 3290 3291 3318
f 3291 3319 3318
f 3291 3292 3319
f 3292 3320 3319
f 3292 3293 3320
f 3293 3321 3320
f 3293 3294 3321
f 3294 3322 3321
f 3294 3295 3322
f 3295 3323 3322
f 3295 3296 3323
f 3296 3324 3323
f 3296 3297 3324
f 3297 3325 3324
f 3297 3298 3325
f 3298 3326 3325
f 3298 3299 3326
f 3299 3327 3326
f 3299 3300 3327
f 3300 3328 3327
f 3300 3301 3328
f 3301 3329 3328
f 3301 3302 3329
f 3302 3330 3329
f 3302 3303 3330
f 3303 3331 3330
f 3303 3304 3331
f 3304 3332 3331
f 3304 3277 3332
f 3277 3305 3332
f 3305 3306 3333
f 3306 3334 3333
f 3306 3307 3334
f 3307 3335 3334
f 3307 3308 3335
f 3308 3336 3335
f 3308 3309 3336
f 3309 3337 3336
f 3309 3310 3337
f 3310 3338 3337
f 3310 3311 3338
f 3311 3339 3338
f 3311 3312 3339
f 3312 3340 3339
f 3312 3313 3340
f 3313 3341 3340
f 3313 3314 3341
f 3314 3342 3341
f 3314 3315 3342
f 3315 3343 3342
f 3315 3316 3343
f 3316 3344 3343
f 3316 3317 3344
f 3317 3345 3344
f 3317 3318 3345
f 3318 3346 3345
f 3318 3319 3346
f 3319 3347 3346
f 3319 3320 3347
f 3320 3348 3347
f 3320 3321 3348
f 3321 3349 3348
f 3321 3322 3349
f 3322 3350 3349
f 3322 3323 3350
f 3323 3351 3350
f 3323 3324 3351
f 3324 3352 3351
f 3324 3325 3352
f 3325 3353 3352
f 3325 3326 3353
f 3326 3354 3353
f 3326 3327 3354
f 3327 3355 3354
f 3327 3328 3355
f 3328 3356 3355
f 3328 3329 3356
f 3329 3357 3356
f 3329 3330 3357
f 3330 3358 3357
f 3330 3331 3358
f 3331 3359 3358
f 3331 3332 3359
f 3332 3360 3359
f 3332 3305 3360
f 3305 3333 3360
f 3333 3334 3361
f 3334 3362 3361
f 3334 3335 3362
f 3335 3363 3362
f 3335 3336 3363
f 3336 3364 3363
f 3336 3337 3364
f 3337 3365 3364
f 3337 3338 3365
f 3338 3366 3365
f 3338 3339 3366
f 3339 3367 3366
f 3339 3340 3367
f 3340 3368 3367
f 3340 3341 3368
f 3341 3369 3368
f 3341 3342 3369
f 3342 3370 3369
f 3342 3343 3370
f 3343 3371 3370
f 3343 3344 3371
f 3344 3372 3371
f 3344 3345 3372
f 3345 3373 3372
f 3345 3346 3373
f 3346 3374 3373
f 3346 3347 3374
f 3347 3375 3374
f 3347 3348 3375
f 3348 3376 3375
f 3348 3349 3376
f 3349 3377 3376
f 3349 3350 3377
f 3350 3378 3377
f 3350 3351 3378
f 3351 3379 3378
f 3351 3352 3379
f 3352 3380 3379
f 3352 3353 3380
f 3353 3381 3380
f 3353 3354 3381
f 3354 3382 3381
f 3354 3355 3382
f 3355 3383 3382
f 3355 3356 3383
f 3356 3384 3383
f 3356 3357 3384
f 3357 3385 3384
f 3357 3358 3385
f 3358 3386 3385
f 3358 3359 3386
f 3359 3387 3386
f 3359 3360 3387
f 3360 3388 3387
f 3360 3333 3388
f 3333 3361 3388
f 3361 3362 3389
f 3362 3390 3389
f 3362 3363 3390
f 3363 3391 3390
f 3363 3364 3391
f 3364 3392 3391
f 3364 3365 3392
f 3365 3393 3392
f 3365 3366 3393
f 3366 3394 3393
f 3366 3367 3394
f 3367 3395 3394
f 3367 3368 3395
f 3368 3396 3395
f 3368 3369 3396
f 3369 3397 3396
f 3369 3370 3397
f 3370 3398 3397
f 3370 3371 3398
f 3371 3399 3398
f 3371 3372 3399
f 3372 3400 3399
f 3372 3373 3400
f 3373 3401 3400
f 3373 3374 3401
f 3374 3402 3401
f 3374 3375 3402
f 3375 3403 3402
f 3375 3376 3403
f 3376 3404 3403
f 3376 3377 3404
f 3377 3405 3404
f 3377 3378 3405
f 3378 3406 3405
f 3378 3379 3406
f 3379 3407 3406
f 3379 3380 3407
f 3380 3408 3407
f 3380 3381 3408
f 3381 3409 3408
f 3381 3382 3409
f 3382 3410 3409
f 3382 3383 3410
f 3383 3411 3410
f 3383 3384 3411
f 3384 3412 3411
f 3384 3385 3412
f 3385 3413 3412
f 3385 3386 3413
f 3386 3414 3413
f 3386 3387 3414
f 3387 3415 3414
f 3387 3388 3415
f 3388 3416 3415
f 3388 3361 3416
f 3361 3389 3416
f 3389 3390 3417
f 3390 3418 3417
f 3390 3391 3418
f 3391 3419 3418
f 3391 3392 3419
f 3392 3420 3419
f 3392 3393 3420
f 3393 3421 3420
f 3393 3394 3421
f 3394 3422 3421
f 3394 3395 3422
f 3395 3423 3422
f 3395 3396 3423
f 3396 3424 3423
f 3396 3397 3424
f 3397 3425 3424
f 3397 3398 3425
f 3398 3426 3425
f 3398 3399 3426
f 3399 3427 3426
f 3399 3400 3427
f 3400 3428 3427
f 3400 3401 3428
f 3401 3429 3428
f 3401 3402 3429
f 3402 3430 3429
f 3402 3403 3430
f 3403 3431 3430
f 3403 3404 3431
f 3404 3432 3431
f 3404 3405 3432
f 3405 3433 3432
f 3405 3406 3433
f 3406 3434 3433
f 3406 3407 3434
f 3407 3435 3434
f 3407 3408 3435
f 3408 3436 3435
f 3408 3409 3436
f 3409 3437 3436
f 3409 3410 3437
f 3410 3438 3437
f 3410 3411 3438
f 3411 3439 3438
f 3411 3412 3439
f 3412 3440 3439
f 3412 3413 3440
f 3413 3441 3440
f 3413 3414 3441
f 3414 3442 3441
f 3414 3415 3442
f 3415 3443 3442
f 3415 3416 3443
f 3416 3444 3443
f 3416 3389 3444
f 3389 3417 3444
f 3417 3418 3445
f 3418 3446 3445
f 3418 3419 3446
f 3419 3447 3446
f 3419 3420 3447
f 3420 3448 3447
f 3420 3421 3448
f 3421 3449 3448
f 3421 3422 3449
f 3422 3450 3449
f 3422 3423 3450
f 3423 3451 3450
f 3423 3424 3451
f 3424 3452 3451
f 3424 3425 3452
f 3425 3453 3452
f 3425 3426 3453
f 3426 3454 3453
f 3426 3427 3454
f 3427 3455 3454
f 3427 3428 3455
f 3428 3456 3455
f 3428 3429 3456
f 3429 3457 3456
f 3429 3430 3457
f 3430 3458 3457
f 3430 3431 3458
f 3431 3459 3458
f 3431 3432 3459
f 3432 3460 3459
f 3432 3433 3460
f 3433 3461 3460
f 3433 3434 3461
f 3434 3462 3461
f 3434 3435 3462
f 3435 3463 3462
f 3435 3436 3463
f 3436 3464 3463
f 3436 3437 3464
f 3437 3465 3464
f 3437 3438 3465
f 3438 3466 3465
f 3438 3439 3466
f 3439 3467 3466
f 3439 3440 3467
f 3440 3468 3467
f 3440 3441 3468
f 3441 3469 3468
f 3441 3442 3469
f 3442 3470 3469
f 3442 3443 3470
f 3443 3471 3470
f 3443 3444 3471
f 3444 3472 3471
f 3444 3417 3472
f 3417 3445 3472
f 3445 3446 3473
f 3446 3474 3473
f 3446 3447 3474
f 3447 3475 3474
f 3447 3448 3475
f 3448 3476 3475
f 3448 3449 3476
f 3449 3477 3476
f 3449 3450 3477
f 3450 3478 3477
f 3450 3451 3478
f 3451 3479 3478
f 3451 3452 3479
f 3452 3480 3479
f 3452 3453 3480
f 3453 3481 3480
f 3453 3454 3481
f 3454 3482 3481
f 3454 3455 3482
f 3455 3483 3482
f 3455 3456 3483
f 3456 3484 3483
f 3456 3457 3484
f 3457 3485 3484
f 3457 3458 3485
f 3458 3486 3485
f 3458 3459 3486
f 3459 3487 3486
f 3459 3460 3487
f 3460 3488 3487
f 3460 3461 3488
f 3461 3489 3488
f 3461 3462 3489
f 3462 3490 3489
f 3462 3463 3490
f 3463 3491 3490
f 3463 3464 3491
f 3464 3492 3491
f 3464 3465 3492
f 3465 3493 3492
f 3465 3466 3493
f 3466 3494 3493
f 3466 3467 3494
f 3467 3495 3494
f 3467 3468 3495
f 3468 3496 3495
f 3468 3469 3496
f 3469 3497 3496
f 3469 3470 3497
f 3470 3498 3497
f 3470 3471 3498
f 3471 3499 3498
f 3471 3472 3499
f 3472 3500 3499
f 3472 3445 3500
f 3445 3473 3500
f 3473 3474 3501
f 3474 3502 3501
f 3474 3475 3502
f 3475 3503 3502
f 3475 3476 3503
f 3476 3504 3503
f 3476 3477 3504
f 3477 3505 3504
f 3477 3478 3505
f 3478 3506 3505
f 3478 3479 3506
f 3479 3507 3506
f 3479 3480 3507
f 3480 3508 3507
f 3480 3481 3508
f 3481 3509 3508
f 3481 3482 3509
f 3482 3510 3509
f 3482 3483 3510
f 3483 3511 3510
f 3483 3484 3511
f 3484 3512 3511
f 3484 3485 3512
f 3485 3513 3512
f 3485 3486 3513
f 3486 3514 3513
f 3486 3487 3514
f 3487 3515 3514
f 3487 3488 3515
f 3488 3516 3515
f 3488 3489 3516
f 3489 3517 3516
f 3489 3490 3517
f 3490 3518 3517
f 3490 3491 3518
f 3491 3519 3518
f 3491 3492 3519
f 3492 3520 3519
f 3492 3493 3520
f 3493 3521 3520
f 3493 3494 3521
f 3494 3522 3521
f 3494 3495 3522
f 3495 3523 3522
f 3495 3496 3523
f 3496 3524 3523
f 3496 3497 3524
f 3497 3525 3524
f 3497 3498 3525
f 3498 3526 3525
f 3498 3499 3526
f 3499 3527 3526
f 3499 3500 3527
f 3500 3528 3527
f 3500 3473 3528
f 3473 3501 3528
f 3501 3502 3529
f 3502 3530 3529
f 3502 3503 3530
f 3503 3531 3530
f 3503 3504 3531
f 3504 3532 3531
f 3504 3505 3532
f 3505 3533 3532
f 3505 3506 3533
f 3506 3534 3533
f 3506 3507 3534
f 3507 3535 3534
f 3507 3508 3535
f 3508 3536 3535
f 3508 3509 3536
f 3509 3537 3536
f 3509 3510 3537
f 3510 3538 3537
f 3510 3511 3538
f 3511 3539 3538
f 3511 3512 3539
f 3512 3540 3539
f 3512 3513 3540
f 3513 3541 3540
f 3513 3514 3541
f 3514 3542 3541
f 3514 3515 3542
f 3515 3543 3542
f 3515 3516 3543
f 3516 3544 3543
f 3516 3517 3544
f 3517 3545 3544
f 3517 3518 3545
f 3518 3546 3545
f 3518 3519 3546
f 3519 3547 3546
f 3519 3520 3547
f 3520 3548 3547
f 3520 3521 3548
f 3521 3549 3548
f 3521 3522 3549
f 3522 3550 3549
f 3522 3523 3550
f 3523 3551 3550
f 3523 3524 3551
f 3524 3552 3551
f 3524 3525 3552
f 3525 3553 3552
f 3525 3526 3553
f 3526 3554 3553
f 3526 3527 3554
f 3527 3555 3554
f 3527 3528 3555
f 3528 3556 3555
f 3528 3501 3556
f 3501 3529 3556
f 3529 3530 3557
f 3530 3558 3557
f 3530 3531 3558
f 3531 3559 3558
f 3531 3532 3559
f 3532 3560 3559
f 3532 3533 3560
f 3533 3561 3560
f 3533 3534 3561
f 3534 3562 3561
f 3534 3535 3562
f 3535 3563 3562
f 3535 3536 3563
f 3536 3564 3563
f 3536 3537 3564
f 3537 3565 3564
f 3537 3538 3565
f 3538 3566 3565
f 3538 3539 3566
f 3539 3567 3566
f 3539 3540 3567
f 3540 3568 3567
f 3540 3541 3568
f 3541 3569 3568
f 3541 3542 3569
f 3542 3570 3569
f 3542 3543 3570
f 3543 3571 3570
f 3543 3544 3571
f 3544 3572 3571
f 3544 3545 3572
f 3545 3573 3572
f 3545 3546 3573
f 3546 3574 3573
f 3546 3547 3574
f 3547 3575 3574
f 3547 3548 3575
f 3548 3576 3575
f 3548 3549 3576
f 3549 3577 3576
f 3549 3550 3577
f 3550 3578 3577
f 3550 3551 3578
f 3551 3579 3578
f 3551 3552 3579
f 3552 3580 3579
f 3552 3553 3580
f 3553 3581 3580
f 3553 3554 3581
f 3554 3582 3581
f 3554 3555 3582
f 3555 3583 3582
f 3555 3556 3583
f 3556 3584 3583
f 3556 3529 3584
f 3529 3557 3584
f 3557 3558 3585
f 3558 3586 3585
f 3558 3559 3586
f 3559 3587 3586
f 3559 3560 3587
f 3560 3588 3587
f 3560 3561 3588
f 3561 3589 3588
f 3561 3562 3589
f 3562 3590 3589
f 3562 3563 3590
f 3563 3591 3590
f 3563 3564 3591
f 3564 3592 3591
f 3564 3565 3592
f 3565 3593 3592
f 3565 3566 3593
f 3566 3594 3593
f 3566 3567 3594
f 3567 3595 3594
f 3567 3568 3595
f 3568 3596 3595
f 3568 3569 3596
f 3569 3597 3596
f 3569 3570 3597
f 3570 3598 3597
f 3570 3571 3598
f 3571 3599 3598
f 3571 3572 3599
f 3572 3600 3599
f 3572 3573 3600
f 3573 3601 3600
f 3573 3574 3601
f 3574 3602 3601
f 3574 3575 3602
f 3575 3603 3602
f 3575 3576 3603
f 3576 3604 3603
f 3576 3577 3604
f 3577 3605 3604
f 3577 3578 3605
f 3578 3606 3605
f 3578 3579 3606
f 3579 3607 3606
f 3579 3580 3607
f 3580 3608 3607
f 3580 3581 3608
f 3581 3609 3608
f 3581 3582 3609
f 3582 3610 3609
f 3582 3583 3610
f 3583 3611 3610
f 3583 3584 3611
f 3584 3612 3611
f 3584 3557 3612
f 3557 3585 3612
f 3585 3586 3613
f 3586 3614 3613
f 3586 3587 3614
f 3587 3615 3614
f 3587 3588 3615
f 3588 3616 3615
f 3588 3589 3616
f 3589 3617 3616
f 3589 3590 3617
f 3590 3618 3617
f 3590 3591 3618
f 3591 3619 3618
f 3591 3592 3619
f 3592 3620 3619
f 3592 3593 3620
f 3593 3621 3620
f 3593 3594 3621
f 3594 3622 3621
f 3594 3595 3622
f 3595 3623 3622
f 3595 3596 3623
f 3596 3624 3623
f 3596 3597 3624
f 3597 3625 3624
f 3597 3598 3625
f 3598 3626 3625
f 3598 3599 3626
f 3599 3627 3626
f 3599 3600 3627
f 3600 3628 3627
f 3600 3601 3628
f 3601 3629 3628
f 3601 3602 3629
f 3602 3630 3629
f 3602 3603 3630
f 3603 3631 3630
f 3603 3604 3631
f 3604 3632 3631
f 3604 3605 3632
f 3605 3633 3632
f 3605 3606 3633
f 3606 3634 3633
f 3606 3607 3634
f 3607 3635 3634
f 3607 3608 3635
f 3608 3636 3635
f 3608 3609 3636
f 3609 3637 3636
f 3609 3610 3637
f 3610 3638 3637
f 3610 3611 3638
f 3611 3639 3638
f 3611 3612 3639
f 3612 3640 3639
f 3612 3585 3640
f 3585 3613 3640
f 3613 3614 3641
f 3614 3642 3641
f 3614 3615 3642
f 3615 3643 3642
f 3615 3616 3643
f 3616 3644 3643
f 3616 3617 3644
f 3617 3645 3644
f 3617 3618 3645
f 3618 3646 3645
f 3618 3619 3646
f 3619 3647 3646
f 3619 3620 3647
f 3620 3648 3647
f 3620 3621 3648
f 3621 3649 3648
f 3621 3622 3649
f 3622 3650 3649
f 3622 3623 3650
f 3623 3651 3650
f 3623 3624 3651
f 3624 3652 3651
f 3624 3625 3652
f 3625 3653 3652
f 3625 3626 3653
f 3626 3654 3653
f 3626 3627 3654
f 3627 3655 3654
f 3627 3628 3655
f 3628 3656 3655
f 3628 3629 3656
f 3629 3657 3656
f 3629 3630 3657
f 3630 3658 3657
f 3630 3631 3658
f 3631 3659 3658
f 3631 3632 3659
f 3632 3660 3659
f 3632 3633 3660
f 3633 3661 3660
f 3633 3634 3661
f 3634 3662 3661
f 3634 3635 3662
f 3635 3663 3662
f 3635 3636 3663
f 3636 3664 3663
f 3636 3637 3664
f 3637 3665 3664
f 3637 3638 3665
f 3638 3666 3665
f 3638 3639 3666
f 3639 3667 3666
f 3639 3640 3667
f 3640 3668 3667
f 3640 3613 3668
f 3613 3641 3668
f 3641 3642 3669
f 3642 3670 3669
f 3642 3643 3670
f 3643 3671 3670
f 3643 3644 3671
f 3644 3672 3671
f 3644 3645 3672
f 3645 3673 3672
f 3645 3646 3673
f 3646 3674 3673
f 3646 3647 3674
f 3647 3675 3674
f 3647 3648 3675
f 3648 3676 3675
f 3648 3649 3676
f 3649 3677 3676
f 3649 3650 3677
f 3650 3678 3677
f 3650 3651 3678
f 3651 3679 3678
f 3651 3652 3679
f 3652 3680 3679
f 3652 3653 3680
f 3653 3681 3680
f 3653 3654 3681
f 3654 3682 3681
f 3654 3655 3682
f 3655 3683 3682
f 3655 3656 3683
f 3656 3684 3683
f 3656 3657 3684
f 3657 3685 3684
f 3657 3658 3685
f 3658 3686 3685
f 3658 3659 3686
f 3659 3687 3686
f 3659 3660 3687
f 3660 3688 3687
f 3660 3661 3688
f 3661 3689 3688
f 3661 3662 3689
f 3662 3690 3689
f 3662 3663 3690
f 3663 3691 3690
f 3663 3664 3691
f 3664 3692 3691
f 3664 3665 3692
f 3665 3693 3692
f 3665 3666 3693
f 3666 3694 3693
f 3666 3667 3694
f 3667 3695 3694
f 3667 3668 3695
f 3668 3696 3695
f 3668 3641 3696
f 3641 3669 3696
f 3669 3670 3697
f 3670 3698 3697
f 3670 3671 3698
f 3671 3699 3698
f 3671 3672 3699
f 3672 3700 3699
f 3672 3673 3700
f 3673 3701 3700
f 3673 3674 3701
f 3674 3702 3701
f 3674 3675 3702
f 3675 3703 3702
f 3675 3676 3703
f 3676 3704 3703
f 3676 3677 3704
f 3677 3705 3704
f 3677 3678 3705
f 3678 3706 3705
f 3678 3679 3706
f 3679 3707 3706
f 3679 3680 3707
f 3680 3708 3707
f 3680 3681 3708
f 3681 3709 3708
f 3681 3682 3709
f 3682 3710 3709
f 3682 3683 3710
f 3683 3711 3710
f 3683 3684 3711
f 3684 3712 3711
f 3684 3685 3712
f 3685 3713 3712
f 3685 3686 3713
f 3686 3714 3713
f 3686 3687 3714
f 3687 3715 3714
f 3687 3688 3715
f 3688 3716 3715
f 3688 3689 3716
f 3689 3717 3716
f 3689 3690 3717
f 3690 3718 3717
f 3690 3691 3718
f 3691 3719 3718
f 3691 3692 3719
f 3692 3720 3719
f 3692 3693 3720
f 3693 3721 3720
f 3693 3694 3721
f 3694 3722 3721
f 3694 3695 3722
f 3695 3723 3722
f 3695 3696 3723
f 3696 3724 3723
f 3696 3669 3724
f 3669 3697 3724
f 3697 3698 3725
f 3698 3726 3725
f 3698 3699 3726
f 3699 3727 3726
f 3699 3700 3727
f 3700 3728 3727
f 3700 3701 3728
f 3701 3729 3728
f 3701 3702 3729
f 3702 3730 3729
f 3702 3703 3730
f 3703 3731 3730
f 3703 3704 3731
f 3704 3732 3731
f 3704 3705 3732
f 3705 3733 3732
f 3705 3706 3733
f 3706 3734 3733
f 3706 3707 3734
f 3707 3735 3734
f 3707 3708 3735
f 3708 3736 3735
f 3708 3709 3736
f 3709 3737 3736
f 3709 3710 3737
f 3710 3738 3737
f 3710 3711 3738
f 3711 3739 3738
f 3711 3712 3739
f 3712 3740 3739
f 3712 3713 3740
f 3713 3741 3740
f 3713 3714 3741
f 3714 3742 3741
f 3714 3715 3742
f 3715 3743 3742
f 3715 3716 3743
f 3716 3744 3743
f 3716 3717 3744
f 3717 3745 3744
f 3717 3718 3745
f 3718 3746 3745
f 3718 3719 3746
f 3719 3747 3746
f 3719 3720 3747
f 3720 3748 3747
f 3720 3721 3748
f 3721 3749 3748
f 3721 3722 3749
f 3722 3750 3749
f 3722 3723 3750
f 3723 3751 3750
f 3723 3724 3751
f 3724 3752 3751
f 3724 3697 3752
f 3697 3725 3752
f 3725 3726 3753
f 3726 3754 3753
f 3726 3727 3754
f 3727 3755 3754
f 3727 3728 3755
f 3728 3756 3755
f 3728 3729 3756
f 3729 3757 3756
f 3729 3730 3757
f 3730 3758 3757
f 3730 3731 3758
f 3731 3759 3758
f 3731 3732 3759
f 3732 3760 3759
f 3732 3733 3760
f 3733 3761 3760
f 3733 3734 3761
f 3734 3762 3761
f 3734 3735 3762
f 3735 3763 3762
f 3735 3736 3763
f 3736 3764 3763
f 3736 3737 3764
f 3737 3765 3764
f 3737 3738 3765
f 3738 3766 3765
f 3738 3739 3766
f 3739 3767 3766
f 3739 3740 3767
f 3740 3768 3767
f 3740 3741 3768
f 3741 3769 3768
f 3741 3742 3769
f 3742 3770 3769
f 3742 3743 3770
f 3743 3771 3770
f 3743 3744 3771
f 3744 3772 3771
f 3744 3745 3772
f 3745 3773 3772
f 3745 3746 3773
f 3746 3774 3773
f 3746 3747 3774
f 3747 3775 3774
f 3747 3748 3775
f 3748 3776 3775
f 3748 3749 3776
f 3749 3777 3776
f 3749 3750 3777
f 3750 3778 3777
f 3750 3751 3778
f 3751 3779 3778
f 3751 3752 3779
f 3752 3780 3779
f 3752 3725 3780
f 3725 3753 3780
f 3753 3754 3781
f 3754 3782 3781
f 3754 3755 3782
f 3755 3783 3782
f 3755 3756 3783
f 3756 3784 3783
f 3756 3757 3784
f 3757 3785 3784
f 3757 3758 3785
f 3758 3786 3785
f 3758 3759 3786
f 3759 3787 3786
f 3759 3760 3787
f 3760 3788 3787
f 3760 3761 3788
f 3761 3789 3788
f 3761 3762 3789
f 3762 3790 3789
f 3762 3763 3790
f 3763 3791 3790
f 3763 3764 3791
f 3764 3792 3791
f 3764 3765 3792
f 3765 3793 3792
f 3765 3766 3793
f 3766 3794 3793
f 3766 3767 3794
f 3767 3795 3794
f 3767 3768 3795
f 3768 3796 3795
f 3768 3769 3796
f 3769 3797 3796
f 3769 3770 3797
f 3770 3798 3797
f 3770 3771 3798
f 3771 3799 3798
f 3771 3772 3799
f 3772 3800 3799
f 3772 3773 3800
f 3773 3801 3800
f 3773 3774 3801
f 3774 3802 3801
f 3774 3775 3802
f 3775 3803 3802
f 3775 3776 3803
f 3776 3804 3803
f 3776 3777 3804
f 3777 3805 3804
f 3777 3778 3805
f 3778 3806 3805
f 3778 3779 3806
f 3779 3807 3806
f 3779 3780 3807
f 3780 3808 3807
f 3780 3753 3808
f 3753 3781 3808
f 3781 3782 3809
f 3782 3810 3809
f 3782 3783 3810
f 3783 3811 3810
f 3783 3784 3811
f 3784 3812 3811
f 3784 3785 3812
f 3785 3813 3812
f 3785 3786 3813
f 3786 3814 3813
f 3786 3787 3814
f 3787 3815 3814
f 3787 3788 3815
f 3788 3816 3815
f 3788 3789 3816
f 3789 3817 3816
f 3789 3790 3817
f 3790 3818 3817
f 3790 3791 3818
f 3791 3819 3818
f 3791 3792 3819
f 3792 3820 3819
f 3792 3793 3820
f 3793 3821 3820
f 3793 3794 3821
f 3794 3822 3821
f 3794 3795 3822
f 3795 3823 3822
f 3795 3796 3823
f 3796 3824 3823
f 3796 3797 3824
f 3797 3825 3824
f 3797 3798 3825
f 3798 3826 3825
f 3798 3799 3826
f 3799 3827 3826
f 3799 3800 3827
f 3800 3828 3827
f 3800 3801 3828
f 3801 3829 3828
f 3801 3802 3829
f 3802 3830 3829
f 3802 3803 3830
f 3803 3831 3830
f 3803 3804 3831
f 3804 3832 3831
f 3804 3805 3832
f 3805 3833 3832
f 3805 3806 3833
f 3806 3834 3833
f 3806 3807 3834
f 3807 3835 3834
f 3807 3808 3835
f 3808 3836 3835
f 3808 3781 3836
f 3781 3809 3836
f 3809 3810 3837
f 3810 3838 3837
f 3810 3811 3838
f 3811 3839 3838
f 3811 3812 3839
f 3812 3840 3839
f 3812 3813 3840
f 3813 3841 3840
f 3813 3814 3841
f 3814 3842 3841
f 3814 3815 3842
f 3815 3843 3842
f 3815 3816 3843
f 3816 3844 3843
f 3816 3817 3844
f 3817 3845 3844
f 3817 3818 3845
f 3818 3846 3845
f 3818 3819 3846
f 3819 3847 3846
f 3819 3820 3847
f 3820 3848 3847
f 3820 3821 3848
f 3821 3849 3848
f 3821 3822 3849
f 3822 3850 3849
f 3822 3823 3850
f 3823 3851 3850
f 3823 3824 3851
f 3824 3852 3851
f 3824 3825 3852
f 3825 3853 3852
f 3825 3826 3853
f 3826 3854 3853
f 3826 3827 3854
f 3827 3855 3854
f 3827 3828 3855
f 3828 3856 3855
f 3828 3829 3856
f 3829 3857 3856
f 3829 3830 3857
f 3830 3858 3857
f 3830 3831 3858
f 3831 3859 3858
f 3831 3832 3859
f 3832 3860 3859
f 3832 3833 3860
f 3833 3861 3860
f 3833 3834 3861
f 3834 3862 3861
f 3834 3835 3862
f 3835 3863 3862
f 3835 3836 3863
f 3836 3864 3863
f 3836 3809 3864
f 3809 3837 3864
f 3837 3838 3865
f 3838 3866 3865
f 3838 3839 3866
f 3839 3867 3866
f 3839 3840 3867
f 3840 3868 3867
f 3840 3841 3868
f 3841 3869 3868
f 3841 3842 3869
f 3842 3870 3869
f 3842 3843 3870
f 3843 3871 3870
f 3843 3844 3871
f 3844 3872 3871
f 3844 3845 3872
f 3845 3873 3872
f 3845 3846 3873
f 3846 3874 3873
f 3846 3847 3874
f 3847 3875 3874
f 3847 3848 3875
f 3848 3876 3875
f 3848 3849 3876
f 3849 3877 3876
f 3849 3850 3877
f 3850 3878 3877
f 3850 3851 3878
f 3851 3879 3878
f 3851 3852 3879
f 3852 3880 3879
f 3852 3853 3880
f 3853 3881 3880
f 3853 3854 3881
f 3854 3882 3881
f 3854 3855 3882
f 3855 3883 3882
f 3855 3856 3883
f 3856 3884 3883
f 3856 3857 3884
f 3857 3885 3884
f 3857 3858 3885
f 3858 3886 3885
f 3858 3859 3886
f 3859 3887 3886
f 3859 3860 3887
f 3860 3888 3887
f 3860 3861 3888
f 3861 3889 3888
f 3861 3862 3889
f 3862 3890 3889
f 3862 3863 3890
f 3863 3891 3890
f 3863 3864 3891
f 3864 3892 3891
f 3864 3837 3892
f 3837 3865 3892
f 3865 3866 3893
f 3866 3894 3893
f 3866 3867 3894
f 3867 3895 3894
f 3867 3868 3895
f 3868 3896 3895
f 3868 3869 3896
f 3869 3897 3896
f 3869 3870 3897
f 3870 3898 3897
f 3870 3871 3898
f 3871 3899 3898
f 3871 3872 3899
f 3872 3900 3899
f 3872 3873 3900
f 3873 3901 3900
f 3873 3874 3901
f 3874 3902 3901
f 3874 3875 3902
f 3875 3903 3902
f 3875 3876 3903
f 3876 3904 3903
f 3876 3877 3904
f 3877 3905 3904
f 3877 3878 3905
f 3878 3906 3905
f 3878 3879 3906
f 3879 3907 3906
f 3879 3880 3907
f 3880 3908 3907
f 3880 3881 3908
f 3881 3909 3908
f 3881 3882 3909
f 3882 3910 3909
f 3882 3883 3910
f 3883 3911 3910
f 3883 3884 3911
f 3884 3912 3911
f 3884 3885 3912
f 3885 3913 3912
f 3885 3886 3913
f 3886 3914 3913
f 3886 3887 3914
f 3887 3915 3914
f 3887 3888 3915
f 3888 3916 3915
f 3888 3889 3916
f 3889 3917 3916
f 3889 3890 3917
f 3890 3918 3917
f 3890 3891 3918
f 3891 3919 3918
f 3891 3892 3919
f 3892 3920 3919
f 3892 3865 3920
f 3865 3893 3920
f 3893 3894 3921
f 3894 3922 3921
f 3894 3895 3922
f 3895 3923 3922
f 3895 3896 3923
f 3896 3924 3923
f 3896 3897 3924
f 3897 3925 3924
f 3897 3898 3925
f 3898 3926 3925
f 3898 3899 3926
f 3899 3927 3926
f 3899 3900 3927
f 3900 3928 3927
f 3900 3901 3928
f 3901 3929 3928
f 3901 3902 3929
f 3902 3930 3929
f 3902 3903 3930
f 3903 3931 3930
f 3903 3904 3931
f 3904 3932 3931
f 3904 3905 3932
f 3905 3933 3932
f 3905 3906 3933
f 3906 3934 3933
f 3906 3907 3934
f 3907 3935 3934
f 3907 3908 3935
f 3908 3936 3935
f 3908 3909 3936
f 3909 3937 3936
f 3909 3910 3937
f 3910 3938 3937
f 3910 3911 3938
f 3911 3939 3938
f 3911 3912 3939
f 3912 3940 3939
f 3912 3913 3940
f 3913 3941 3940
f 3913 3914 3941
f 3914 3942 3941
f 3914 3915 3942
f 3915 3943 3942
f 3915 3916 3943
f 3916 3944 3943
f 3916 3917 3944
f 3917 3945 3944
f 3917 3918 3945
f 3918 3946 3945
f 3918 3919 3946
f 3919 3947 3946
f 3919 3920 3947
f 3920 3948 3947
f 3920 3893 3948
f 3893 3921 3948
f 3921 3922 3949
f 3922 3950 3949
f 3922 3923 3950
f 3923 3951 3950
f 3923 3924 3951
f 3924 3952 3951
f 3924 3925 3952
f 3925 3953 3952
f 3925 3926 3953
f 3926 3954 3953
f 3926 3927 3954
f 3927 3955 3954
f 3927 3928 3955
f 3928 3956 3955
f 3928 3929 3956
f 3929 3957 3956
f 3929 3930 3957
f 3930 3958 3957
f 3930 3931 3958
f 3931 3959 3958
f 3931 3932 3959
f 3932 3960 3959
f 3932 3933 3960
f 3933 3961 3960
f 3933 3934 3961
f 3934 3962 3961
f 3934 3935 3962
f 3935 3963 3962
f 3935 3936 3963
f 3936 3964 3963
f 3936 3937 3964
f 3937 3965 3964
f 3937 3938 3965
f 3938 3966 3965
f 3938 3939 3966
f 3939 3967 3966
f 3939 3940 3967
f 3940 3968 3967
f 3940 3941 3968
f 3941 3969 3968
f 3941 3942 3969
f 3942 3970 3969
f 3942 3943 3970
f 3943 3971 3970
f 3943 3944 3971
f 3944 3972 3971
f 3944 3945 3972
f 3945 3973 3972
f 3945 3946 3973
f 3946 3974 3973
f 3946 3947 3974
f 3947 3975 3974
f 3947 3948 3975
f 3948 3976 3975
f 3948 3921 3976
f 3921 3949 3976
f 3949 3950 3977
f 3950 3978 3977
f 3950 3951 3978
f 3951 3979 3978
f 3951 3952 3979
f 3952 3980 3979
f 3952 3953 3980
f 3953 3981 3980
f 3953 3954 3981
f 3954 3982 3981
f 3954 3955 3982
f 3955 3983 3982
f 3955 3956 3983
f 3956 3984 3983
f 3956 3957 3984
f 3957 3985 3984
f 3957 3958 3985
f 3958 3986 3985
f 3958 3959 3986
f 3959 3987 3986
f 3959 3960 3987
f 3960 3988 3987
f 3960 3961 3988
f 3961 3989 3988
f 3961 3962 3989
f 3962 3990 3989
f 3962 3963 3990
f 3963 3991 3990
f 3963 3964 3991
f 3964 3992 3991
f 3964 3965 3992
f 3965 3993 3992
f 3965 3966 3993
f 3966 3994 3993
f 3966 3967 3994
f 3967 3995 3994
f 3967 3968 3995
f 3968 3996 3995
f 3968 3969 3996
f 3969 3997 3996
f 3969 3970 3997
f 3970 3998 3997
f 3970 3971 3998
f 3971 3999 3998
f 3971 3972 3999
f 3972 4000 3999
f 3972 3973 4000
f 3973 4001 4000
f 3973 3974 4001
f 3974 4002 4001
f 3974 3975 4002
f 3975 4003 4002
f 3975 3976 4003
f 3976 4004 4003
f 3976 3949 4004
f 3949 3977 4004
f 3977 3978 4005
f 3978 4006 4005
f 3978 3979 4006
f 3979 4007 4006
f 3979 3980 4007
f 3980 4008 4007
f 3980 3981 4008
f 3981 4009 4008
f 3981 3982 4009
f 3982 4010 4009
f 3982 3983 4010
f 3983 4011 4010
f 3983 3984 4011
f 3984 4012 4011
f 3984 3985 4012
f 3985 4013 4012
f 3985 3986 4013
f 3986 4014 4013
f 3986 3987 4014
f 3987 4015 4014
f 3987 3988 4015
f 3988 4016 4015
f 3988 3989 4016
f 3989 4017 4016
f 3989 3990 4017
f 3990 4018 4017
f 3990 3991 4018
f 3991 4019 4018
f 3991 3992 4019
f 3992 4020 4019
f 3992 3993 4020
f 3993 4021 4020
f 3993 3994 4021
f 3994 4022 4021
f 3994 3995 4022
f 3995 4023 4022
f 3995 3996 4023
f 3996 4024 4023
f 3996 3997 4024
f 3997 4025 4024
f 3997 3998 4025
f 3998 4026 4025
f 3998 3999 4026
f 3999 4027 4026
f 3999 4000 4027
f 4000 4028 4027
f 4000 4001 4028
f 4001 4029 4028
f 4001 4002 4029
f 4002 4030 4029
f 4002 4003 4030
f 4003 4031 4030
f 4003 4004 4031
f 4004 4032 4031
f 4004 3977 4032
f 3977 4005 4032
f 4005 4006 4033
f 4006 4034 4033
f 4006 4007 4034
f 4007 4035 4034
f 4007 4008 4035
f 4008 4036 4035
f 4008 4009 4036
f 4009 4037 4036
f 4009 4010 4037
f 4010 4038 4037
f 4010 4011 4038
f 4011 4039 4038
f 4011 4012 4039
f 4012 4040 4039
f 4012 4013 4040
f 4013 4041 4040
f 4013 4014 4041
f 4014 4042 4041
f 4014 4015 4042
f 4015 4043 4042
f 4015 4016 4043
f 4016 4044 4043
f 4016 4017 4044
f 4017 4045 4044
f 4017 4018 4045
f 4018 4046 4045
f 4018 4019 4046
f 4019 4047 4046
f 4019 4020 4047
f 4020 4048 4047
f 4020 4021 4048
f 4021 4049 4048
f 4021 4022 4049
f 4022 4050 4049
f 4022 4023 4050
f 4023 4051 4050
f 4023 4024 4051
f 4024 4052 4051
f 4024 4025 4052
f 4025 4053 4052
f 4025 4026 4053
f 4026 4054 4053
f 4026 4027 4054
f 4027 4055 4054
f 4027 4028 4055
f 4028 4056 4055
f 4028 4029 4056
f 4029 4057 4056
f 4029 4030 4057
f 4030 4058 4057
f 4030 4031 4058
f 4031 4059 4058
f 4031 4032 4059
f 4032 4060 4059
f 4032 4005 4060
f 4005 4033 4060
f 4033 4034 4061
f 4034 4062 4061
f 4034 4035 4062
f 4035 4063 4062
f 4035 4036 4063
f 4036 4064 4063
f 4036 4037 4064
f 4037 4065 4064
f 4037 4038 4065
f 4038 4066 4065
f 4038 4039 4066
f 4039 4067 4066
f 4039 4040 4067
f 4040 4068 4067
f 4040 4041 4068
f 4041 4069 4068
f 4041 4042 4069
f 4042 4070 4069
f 4042 4043 4070
f 4043 4071 4070
f 4043 4044 4071
f 4044 4072 4071
f 4044 4045 4072
f 4045 4073 4072
f 4045 4046 4073
f 4046 4074 4073
f 4046 4047 4074
f 4047 4075 4074
f 4047 4048 4075
f 4048 4076 4075
f 4048 4049 4076
f 4049 4077 4076
f 4049 4050 4077
f 4050 4078 4077
f 4050 4051 4078
f 4051 4079 4078
f 4051 4052 4079
f 4052 4080 4079
f 4052 4053 4080
f 4053 4081 4080
f 4053 4054 4081
f 4054 4082 4081
f 4054 4055 4082
f 4055 4083 4082
f 4055 4056 4083
f 4056 4084 4083
f 4056 4057 4084
f 4057 4085 4084
f 4057 4058 4085
f 4058 4086 4085
f 4058 4059 4086
f 4059 4087 4086
f 4059 4060 4087
f 4060 4088 4087
f 4060 4033 4088
f 4033 4061 4088
f 4061 4062 4089
f 4062 4090 4089
f 4062 4063 4090
f 4063 4091 4090
f 4063 4064 4091
f 4064 4092 4091
f 4064 4065 4092
f 4065 4093 4092
f 4065 4066 4093
f 4066 4094 4093
f 4066 4067 4094
f 4067 4095 4094
f 4067 4068 4095
f 4068 4096 4095
f 4068 4069 4096
f 4069 4097 4096
f 4069 4070 4097
f 4070 4098 4097
f 4070 4071 4098
f 4071 4099 4098
f 4071 4072 4099
f 4072 4100 4099
f 4072 4073 4100
f 4073 4101 4100
f 4073 4074 4101
f 4074 4102 4101
f 4074 4075 4102
f 4075 4103 4102
f 4075 4076 4103
f 4076 4104 4103
f 4076 4077 4104
f 4077 4105 4104
f 4077 4078 4105
f 4078 4106 4105
f 4078 4079 4106
f 4079 4107 4106
f 4079 4080 4107
f 4080 4108 4107
f 4080 4081 4108
f 4081 4109 4108
f 4081 4082 4109
f 4082 4110 4109
f 4082 4083 4110
f 4083 4111 4110
f 4083 4084 4111
f 4084 4112 4111
f 4084 4085 4112
f 4085 4113 4112
f 4085 4086 4113
f 4086 4114 4113
f 4086 4087 4114
f 4087 4115 4114
f 4087 4088 4115
f 4088 4116 4115
f 4088 4061 4116
f 4061 4089 4116
f 4089 4090 4117
f 4090 4118 4117
f 4090 4091 4118
f 4091 4119 4118
f 4091 4092 4119
f 4092 4120 4119
f 4092 4093 4120
f 4093 4121 4120
f 4093 4094 4121
f 4094 4122 4121
f 4094 4095 4122
f 4095 4123 4122
f 4095 4096 4123
f 4096 4124 4123
f 4096 4097 4124
f 4097 4125 4124
f 4097 4098 4125
f 4098 4126 4125
f 4098 4099 4126
f 4099 4127 4126
f 4099 4100 4127
f 4100 4128 4127
f 4100 4101 4128
f 4101 4129 4128
f 4101 4102 4129
f 4102 4130 4129
f 4102 4103 4130
f 4103 4131 4130
f 4103 4104 4131
f 4104 4132 4131
f 4104 4105 4132
f 4105 4133 4132
f 4105 4106 4133
f 4106 4134 4133
f 4106 4107 4134
f 4107 4135 4134
f 4107 4108 4135
f 4108 4136 4135
f 4108 4109 4136
f 4109 4137 4136
f 4109 4110 4137
f 4110 4138 4137
f 4110 4111 4138
f 4111 4139 4138
f 4111 4112 4139
f 4112 4140 4139
f 4112 4113 4140
f 4113 4141 4140
f 4113 4114 4141
f 4114 4142 4141
f 4114 4115 4142
f 4115 4143 4142
f 4115 4116 4143
f 4116 4144 4143
f 4116 4089 4144
f 4089 4117 4144
f 4117 4118 4145
f 4118 4146 4145
f 4118 4119 4146
f 4119 4147 4146
f 4119 4120 4147
f 4120 4148 4147
f 4120 4121 4148
f 4121 4149 4148
f 4121 4122 4149
f 4122 4150 4149
f 4122 4123 4150
f 4123 4151 4150
f 4123 4124 4151
f 4124 4152 4151
f 4124 4125 4152
f 4125 4153 4152
f 4125 4126 4153
f 4126 4154 4153
f 4126 4127 4154
f 4127 4155 4154
f 4127 4128 4155
f 4128 4156 4155
f 4128 4129 4156
f 4129 4157 4156
f 4129 4130 4157
f 4130 4158 4157
f 4130 4131 4158
f 4131 4159 4158
f 4131 4132 4159
f 4132 4160 4159
f 4132 4133 4160
f 4133 4161 4160
f 4133 4134 4161
f 4134 4162 4161
f 4134 4135 4162
f 4135 4163 4162
f 4135 4136 4163
f 4136 4164 4163
f 4136 4137 4164
f 4137 4165 4164
f 4137 4138 4165
f 4138 4166 4165
f 4138 4139 4166
f 4139 4167 4166
f 4139 4140 4167
f 4140 4168 4167
f 4140 4141 4168
f 4141 4169 4168
f 4141 4142 4169
f 4142 4170 4169
f 4142 4143 4170
f 4143 4171 4170
f 4143 4144 4171
f 4144 4172 4171
f 4144 4117 4172
f 4117 4145 4172
f 4145 4146 4173
f 4146 4174 4173
f 4146 4147 4174
f 4147 4175 4174
f 4147 4148 4175
f 4148 4176 4175
f 4148 4149 4176
f 4149 4177 4176
f 4149 4150 4177
f 4150 4178 4177
f 4150 4151 4178
f 4151 4179 4178
f 4151 4152 4179
f 4152 4180 4179
f 4152 4153 4180
f 4153 4181 4180
f 4153 4154 4181
f 4154 4182 4181
f 4154 4155 4182
f 4155 4183 4182
f 4155 4156 4183
f 4156 4184 4183
f 4156 4157 4184
f 4157 4185 4184
f 4157 4158 4185
f 4158 4186 4185
f 4158 4159 4186
f 4159 4187 4186
f 4159 4160 4187
f 4160 4188 4187
f 4160 4161 4188
f 4161 4189 4188
f 4161 4162 4189
f 4162 4190 4189
f 4162 4163 4190
f 4163 4191 4190
f 4163 4164 4191
f 4164 4192 4191
f 4164 4165 4192
f 4165 4193 4192
f 4165 4166 4193
f 4166 4194 4193
f 4166 4167 4194
f 4167 4195 4194
f 4167 4168 4195
f 4168 4196 4195
f 4168 4169 4196
f 4169 4197 4196
f 4169 4170 4197
f 4170 4198 4197
f 4170 4171 4198
f 4171 4199 4198
f 4171 4172 4199
f 4172 4200 4199
f 4172 4145 4200
f 4145 4173 4200
f 4173 4174 4201
f 4174 4202 4201
f 4174 4175 4202
f 4175 4203 4202
f 4175 4176 4203
f 4176 4204 4203
f 4176 4177 4204
f 4177 4205 4204
f 4177 4178 4205
f 4178 4206 4205
f 4178 4179 4206
f 4179 4207 4206
f 4179 4180 4207
f 4180 4208 4207
f 4180 4181 4208
f 4181 4209 4208
f 4181 4182 4209
f 4182 4210 4209
f 4182 4183 4210
f 4183 4211 4210
f 4183 4184 4211
f 4184 4212 4211
f 4184 4185 4212
f 4185 4213 4212
f 4185 4186 4213
f 4186 4214 4213
f 4186 4187 4214
f 4187 4215 4214
f 4187 4188 4215
f 4188 4216 4215
f 4188 4189 4216
f 4189 4217 4216
f 4189 4190 4217
f 4190 4218 4217
f 4190 4191 4218
f 4191 4219 4218
f 4191 4192 4219
f 4192 4220 4219
f 4192 4193 4220
f 4193 4221 4220
f 4193 4194 4221
f 4194 4222 4221
f 4194 4195 4222
f 4195 4223 4222
f 4195 4196 4223
f 4196 4224 4223
f 4196 4197 4224
f 4197 4225 4224
f 4197 4198 4225
f 4198 4226 4225
f 4198 4199 4226
f 4199 4227 4226
f 4199 4200 4227
f 4200 4228 4227
f 4200 4173 4228
f 4173 4201 4228
f 4201 4202 4229
f 4202 4230 4229
f 4202 4203 4230
f 4203 4231 4230
f 4203 4204 4231
f 4204 4232 4231
f 4204 4205 4232
f 4205 4233 4232
f 4205 4206 4233
f 4206 4234 4233
f 4206 4207 4234
f 4207 4235 4234
f 4207 4208 4235
f 4208 4236 4235
f 4208 4209 4236
f 4209 4237 4236
f 4209 4210 4237
f 4210 4238 4237
f 4210 4211 4238
f 4211 4239 4238
f 4211 4212 4239
f 4212 4240 4239
f 4212 4213 4240
f 4213 4241 4240
f 4213 4214 4241
f 4214 4242 4241
f 4214 4215 4242
f 4215 4243 4242
f 4215 4216 4243
f 4216 4244 4243
f 4216 4217 4244
f 4217 4245 4244
f 4217 4218 4245
f 4218 4246 4245
f 4218 4219 4246
f 4219 4247 4246
f 4219 4220 4247
f 4220 4248 4247
f 4220 4221 4248
f 4221 4249 4248
f 4221 4222 4249
f 4222 4250 4249
f 4222 4223 4250
f 4223 4251 4250
f 4223 4224 4251
f 4224 4252 4251
f 4224 4225 4252
f 4225 4253 4252
f 4225 4226 4253
f 4226 4254 4253
f 4226 4227 4254
f 4227 4255 4254
f 4227 4228 4255
f 4228 4256 4255
f 4228 4201 4256
f 4201 4229 4256
f 4229 4230 4257
f 4230 4258 4257
f 4230 4231 4258
f 4231 4259 4258
f 4231 4232 4259
f 4232 4260 4259
f 4232 4233 4260
f 4233 4261 4260
f 4233 4234 4261
f 4234 4262 4261
f 4234 4235 4262
f 4235 4263 4262
f 4235 4236 4263
f 4236 4264 4263
f 4236 4237 4264
f 4237 4265 4264
f 4237 4238 4265
f 4238 4266 4265
f 4238 4239 4266
f 4239 4267 4266
f 4239 4240 4267
f 4240 4268 4267
f 4240 4241 4268
f 4241 4269 4268
f 4241 4242 4269
f 4242 4270 4269
f 4242 4243 4270
f 4243 4271 4270
f 4243 4244 4271
f 4244 4272 4271
f 4244 4245 4272
f 4245 4273 4272
f 4245 4246 4273
f 4246 4274 4273
f 4246 4247 4274
f 4247 4275 4274
f 4247 4248 4275
f 4248 4276 4275
f 4248 4249 4276
f 4249 4277 4276
f 4249 4250 4277
f 4250 4278 4277
f 4250 4251 4278
f 4251 4279 4278
f 4251 4252 4279
f 4252 4280 4279
f 4252 4253 4280
f 4253 4281 4280
f 4253 4254 4281
f 4254 4282 4281
f 4254 4255 4282
f 4255 4283 4282
f 4255 4256 4283
f 4256 4284 4283
f 4256 4229 4284
f 4229 4257 4284
f 4257 4258 4285
f 4258 4286 4285
f 4258 4259 4286
f 4259 4287 4286
f 4259 4260 4287
f 4260 4288 4287
f 4260 4261 4288
f 4261 4289 4288
f 4261 4262 4289
f 4262 4290 4289
f 4262 4263 4290
f 4263 4291 4290
f 4263 4264 4291
f 4264 4292 4291
f 4264 4265 4292
f 4265 4293 4292
f 4265 4266 4293
f 4266 4294 4293
f 4266 4267 4294
f 4267 4295 4294
f 4267 4268 4295
f 4268 4296 4295
f 4268 4269 4296
f 4269 4297 4296
f 4269 4270 4297
f 4270 4298 4297
f 4270 4271 4298
f 4271 4299 4298
f 4271 4272 4299
f 4272 4300 4299
f 4272 4273 4300
f 4273 4301 4300
f 4273 4274 4301
f 4274 4302 4301
f 4274 4275 4302
f 4275 4303 4302
f 4275 4276 4303
f 4276 4304 4303
f 4276 4277 4304
f 4277 4305 4304
f 4277 4278 4305
f 4278 4306 4305
f 4278 4279 4306
f 4279 4307 4306
f 4279 4280 4307
f 4280 4308 4307
f 4280 4281 4308
f 4281 4309 4308
f 4281 4282 4309
f 4282 4310 4309
f 4282 4283 4310
f 4283 4311 4310
f 4283 4284 4311
f 4284 4312 4311
f 4284 4257 4312
f 4257 4285 4312
f 4285 4286 4313
f 4286 4314 4313
f 4286 4287 4314
f 4287 4315 4314
f 4287 4288 4315
f 4288 4316 4315
f 4288 4289 4316
f 4289 4317 4316
f 4289 4290 4317
f 4290 4318 4317
f 4290 4291 4318
f 4291 4319 4318
f 4291 4292 4319
f 4292 4320 4319
f 4292 4293 4320
f 4293 4321 4320
f 4293 4294 4321
f 4294 4322 4321
f 4294 4295 4322
f 4295 4323 4322
f 4295 4296 4323
f 4296 4324 4323
f 4296 4297 4324
f 4297 4325 4324
f 4297 4298 4325
f 4298 4326 4325
f 4298 4299 4326
f 4299 4327 4326
f 4299 4300 4327
f 4300 4328 4327
f 4300 4301 4328
f 4301 4329 4328
f 4301 4302 4329
f 4302 4330 4329
f 4302 4303 4330
f 4303 4331 4330
f 4303 4304 4331
f 4304 4332 4331
f 4304 4305 4332
f 4305 4333 4332
f 4305 4306 4333
f 4306 4334 4333
f 4306 4307 4334
f 4307 4335 4334
f 4307 4308 4335
f 4308 4336 4335
f 4308 4309 4336
f 4309 4337 4336
f 4309 4310 4337
f 4310 4338 4337
f 4310 4311 4338
f 4311 4339 4338
f 4311 4312 4339
f 4312 4340 4339
f 4312 4285 4340
f 4285 4313 4340
f 4313 4314 4341
f 4314 4342 4341
f 4314 4315 4342
f 4315 4343 4342
f 4315 4316 4343
f 4316 4344 4343
f 4316 4317 4344
f 4317 4345 4344
f 4317 4318 4345
f 4318 4346 4345
f 4318 4319 4346
f 4319 4347 4346
f 4319 4320 4347
f 4320 4348 4347
f 4320 4321 4348
f 4321 4349 4348
f 4321 4322 4349
f 4322 4350 4349
f 4322 4323 4350
f 4323 4351 4350
f 4323 4324 4351
f 4324 4352 4351
f 4324 4325 4352
f 4325 4353 4352
f 4325 4326 4353
f 4326 4354 4353
f 4326 4327 4354
f 4327 4355 4354
f 4327 4328 4355
f 4328 4356 4355
f 4328 4329 4356
f 4329 4357 4356
f 4329 4330 4357
f 4330 4358 4357
f 4330 4331 4358
f 4331 4359 4358
f 4331 4332 4359
f 4332 4360 4359
f 4332 4333 4360
f 4333 4361 4360
f 4333 4334 4361
f 4334 4362 4361
f 4334 4335 4362
f 4335 4363 4362
f 4335 4336 4363
f 4336 4364 4363
f 4336 4337 4364
f 4337 4365 4364
f 4337 4338 4365
f 4338 4366 4365
f 4338 4339 4366
f 4339 4367 4366
f 4339 4340 4367
f 4340 4368 4367
f 4340 4313 4368
f 4313 4341 4368
f 4341 4342 4369
f 4342 4370 4369
f 4342 4343 4370
f 4343 4371 4370
f 4343 4344 4371
f 4344 4372 4371
f 4344 4345 4372
f 4345 4373 4372
f 4345 4346 4373
f 4346 4374 4373
f 4346 4347 4374
f 4347 4375 4374
f 4347 4348 4375
f 4348 4376 4375
f 4348 4349 4376
f 4349 4377 4376
f 4349 4350 4377
f 4350 4378 4377
f 4350 4351 4378
f 4351 4379 4378
f 4351 4352 4379
f 4352 4380 4379
f 4352 4353 4380
f 4353 4381 4380
f 4353 4354 4381
f 4354 4382 4381
f 4354 4355 4382
f 4355 4383 4382
f 4355 4356 4383
f 4356 4384 4383
f 4356 4357 4384
f 4357 4385 4384
f 4357 4358 4385
f 4358 4386 4385
f 4358 4359 4386
f 4359 4387 4386
f 4359 4360 4387
f 4360 4388 4387
f 4360 4361 4388
f 4361 4389 4388
f 4361 4362 4389
f 4362 4390 4389
f 4362 4363 4390
f 4363 4391 4390
f 4363 4364 4391
f 4364 4392 4391
f 4364 4365 4392
f 4365 4393 4392
f 4365 4366 4393
f 4366 4394 4393
f 4366 4367 4394
f 4367 4395 4394
f 4367 4368 4395
f 4368 4396 4395
f 4368 4341 4396
f 4341 4369 4396
f 4369 4370 4397
f 4370 4398 4397
f 4370 4371 4398
f 4371 4399 4398
f 4371 4372 4399
f 4372 4400 4399
f 4372 4373 4400
f 4373 4401 4400
f 4373 4374 4401
f 4374 4402 4401
f 4374 4375 4402
f 4375 4403 4402
f 4375 4376 4403
f 4376 4404 4403
f 4376 4377 4404
f 4377 4405 4404
f 4377 4378 4405
f 4378 4406 4405
f 4378 4379 4406
f 4379 4407 4406
f 4379 4380 4407
f 4380 4408 4407
f 4380 4381 4408
f 4381 4409 4408
f 4381 4382 4409
f 4382 4410 4409
f 4382 4383 4410
f 4383 4411 4410
f 4383 4384 4411
f 4384 4412 4411
f 4384 4385 4412
f 4385 4413 4412
f 4385 4386 4413
f 4386 4414 4413
f 4386 4387 4414
f 4387 4415 4414
f 4387 4388 4415
f 4388 4416 4415
f 4388 4389 4416
f 4389 4417 4416
f 4389 4390 4417
f 4390 4418 4417
f 4390 4391 4418
f 4391 4419 4418
f 4391 4392 4419
f 4392 4420 4419
f 4392 4393 4420
f 4393 4421 4420
f 4393 4394 4421
f 4394 4422 4421
f 4394 4395 4422
f 4395 4423 4422
f 4395 4396 4423
f 4396 4424 4423
f 4396 4369 4424
f 4369 4397 4424
f 4397 4398 4425
f 4398 4426 4425
f 4398 4399 4426
f 4399 4427 4426
f 4399 4400 4427
f 4400 4428 4427
f 4400 4401 4428
f 4401 4429 4428
f 4401 4402 4429
f 4402 4430 4429
f 4402 4403 4430
f 4403 4431 4430
f 4403 4404 4431
f 4404 4432 4431
f 4404 4405 4432
f 4405 4433 4432
f 4405 4406 4433
f 4406 4434 4433
f 4406 4407 4434
f 4407 4435 4434
f 4407 4408 4435
f 4408 4436 4435
f 4408 4409 4436
f 4409 4437 4436
f 4409 4410 4437
f 4410 4438 4437
f 4410 4411 4438
f 4411 4439 4438
f 4411 4412 4439
f 4412 4440 4439
f 4412 4413 4440
f 4413 4441 4440
f 4413 4414 4441
f 4414 4442 4441
f 4414 4415 4442
f 4415 4443 4442
f 4415 4416 4443
f 4416 4444 4443
f 4416 4417 4444
f 4417 4445 4444
f 4417 4418 4445
f 4418 4446 4445
f 4418 4419 4446
f 4419 4447 4446
f 4419 4420 4447
f 4420 4448 4447
f 4420 4421 4448
f 4421 4449 4448
f 4421 4422 4449
f 4422 4450 4449
f 4422 4423 4450
f 4423 4451 4450
f 4423 4424 4451
f 4424 4452 4451
f 4424 4397 4452
f 4397 4425 4452
f 4425 4426 4453
f 4426 4454 4453
f 4426 4427 4454
f 4427 4455 4454
f 4427 4428 4455
f 4428 4456 4455
f 4428 4429 4456
f 4429 4457 4456
f 4429 4430 4457
f 4430 4458 4457
f 4430 4431 4458
f 4431 4459 4458
f 4431 4432 4459
f 4432 4460 4459
f 4432 4433 4460
f 4433 4461 4460
f 4433 4434 4461
f 4434 4462 4461
f 4434 4435 4462
f 4435 4463 4462
f 4435 4436 4463
f 4436 4464 4463
f 4436 4437 4464
f 4437 4465 4464
f 4437 4438 4465
f 4438 4466 4465
f 4438 4439 4466
f 4439 4467 4466
f 4439 4440 4467
f 4440 4468 4467
f 4440 4441 4468
f 4441 4469 4468
f 4441 4442 4469
f 4442 4470 4469
f 4442 4443 4470
f 4443 4471 4470
f 4443 4444 4471
f 4444 4472 4471
f 4444 4445 4472
f 4445 4473 4472
f 4445 4446 4473
f 4446 4474 4473
f 4446 4447 4474
f 4447 4475 4474
f 4447 4448 4475
f 4448 4476 4475
f 4448 4449 4476
f 4449 4477 4476
f 4449 4450 4477
f 4450 4478 4477
f 4450 4451 4478
f 4451 4479 4478
f 4451 4452 4479
f 4452 4480 4479
f 4452 4425 4480
f 4425 4453 4480
f 4453 4454 4481
f 4454 4482 4481
f 4454 4455 4482
f 4455 4483 4482
f 4455 4456 4483
f 4456 4484 4483
f 4456 4457 4484
f 4457 4485 4484
f 4457 4458 4485
f 4458 4486 4485
f 4458 4459 4486
f 4459 4487 4486
f 4459 4460 4487
f 4460 4488 4487
f 4460 4461 4488
f 4461 4489 4488
f 4461 4462 4489
f 4462 4490 4489
f 4462 4463 4490
f 4463 4491 4490
f 4463 4464 4491
f 4464 4492 4491
f 4464 4465 4492
f 4465 4493 4492
f 4465 4466 4493
f 4466 4494 4493
f 4466 4467 4494
f 4467 4495 4494
f 4467 4468 4495
f 4468 4496 4495
f 4468 4469 4496
f 4469 4497 4496
f 4469 4470 4497
f 4470 4498 4497
f 4470 4471 4498
f 4471 4499 4498
f 4471 4472 4499
f 4472 4500 4499
f 4472 4473 4500
f 4473 4501 4500
f 4473 4474 4501
f 4474 4502 4501
f 4474 4475 4502
f 4475 4503 4502
f 4475 4476 4503
f 4476 4504 4503
f 4476 4477 4504
f 4477 4505 4504
f 4477 4478 4505
f 4478 4506 4505
f 4478 4479 4506
f 4479 4507 4506
f 4479 4480 4507
f 4480 4508 4507
f 4480 4453 4508
f 4453 4481 4508
f 4481 4482 4509
f 4482 4510 4509
f 4482 4483 4510
f 4483 4511 4510
f 4483 4484 4511
f 4484 4512 4511
f 4484 4485 4512
f 4485 4513 4512
f 4485 4486 4513
f 4486 4514 4513
f 4486 4487 4514
f 4487 4515 4514
f 4487 4488 4515
f 4488 4516 4515
f 4488 4489 4516
f 4489 4517 4516
f 4489 4490 4517
f 4490 4518 4517
f 4490 4491 4518
f 4491 4519 4518
f 4491 4492 4519
f 4492 4520 4519
f 4492 4493 4520
f 4493 4521 4520
f 4493 4494 4521
f 4494 4522 4521
f 4494 4495 4522
f 4495 4523 4522
f 4495 4496 4523
f 4496 4524 4523
f 4496 4497 4524
f 4497 4525 4524
f 4497 4498 4525
f 4498 4526 4525
f 4498 4499 4526
f 4499 4527 4526
f 4499 4500 4527
f 4500 4528 4527
f 4500 4501 4528
f 4501 4529 4528
f 4501 4502 4529
f 4502 4530 4529
f 4502 4503 4530
f 4503 4531 4530
f 4503 4504 4531
f 4504 4532 4531
f 4504 4505 4532
f 4505 4533 4532
f 4505 4506 4533
f 4506 4534 4533
f 4506 4507 4534
f 4507 4535 4534
f 4507 4508 4535
f 4508 4536 4535
f 4508 4481 4536
f 4481 4509 4536
f 4509 4510 4537
f 4510 4538 4537
f 4510 4511 4538
f 4511 4539 4538
f 4511 4512 4539
f 4512 4540 4539
f 4512 4513 4540
f 4513 4541 4540
f 4513 4514 4541
f 4514 4542 4541
f 4514 4515 4542
f 4515 4543 4542
f 4515 4516 4543
f 4516 4544 4543
f 4516 4517 4544
f 4517 4545 4544
f 4517 4518 4545
f 4518 4546 4545
f 4518 4519 4546
f 4519 4547 4546
f 4519 4520 4547
f 4520 4548 4547
f 4520 4521 4548
f 4521 4549 4548
f 4521 4522 4549
f 4522 4550 4549
f 4522 4523 4550
f 4523 4551 4550
f 4523 4524 4551
f 4524 4552 4551
f 4524 4525 4552
f 4525 4553 4552
f 4525 4526 4553
f 4526 4554 4553
f 4526 4527 4554
f 4527 4555 4554
f 4527 4528 4555
f 4528 4556 4555
f 4528 4529 4556
f 4529 4557 4556
f 4529 4530 4557
f 4530 4558 4557
f 4530 4531 4558
f 4531 4559 4558
f 4531 4532 4559
f 4532 4560 4559
f 4532 4533 4560
f 4533 4561 4560
f 4533 4534 4561
f 4534 4562 4561
f 4534 4535 4562
f 4535 4563 4562
f 4535 4536 4563
f 4536 4564 4563
f 4536 4509 4564
f 4509 4537 4564
f 4537 4538 4565
f 4538 4566 4565
f 4538 4539 4566
f 4539 4567 4566
f 4539 4540 4567
f 4540 4568 4567
f 4540 4541 4568
f 4541 4569 4568
f 4541 4542 4569
f 4542 4570 4569
f 4542 4543 4570
f 4543 4571 4570
f 4543 4544 4571
f 4544 4572 4571
f 4544 4545 4572
f 4545 4573 4572
f 4545 4546 4573
f 4546 4574 4573
f 4546 4547 4574
f 4547 4575 4574
f 4547 4548 4575
f 4548 4576 4575
f 4548 4549 4576
f 4549 4577 4576
f 4549 4550 4577
f 4550 4578 4577
f 4550 4551 4578
f 4551 4579 4578
f 4551 4552 4579
f 4552 4580 4579
f 4552 4553 4580
f 4553 4581 4580
f 4553 4554 4581
f 4554 4582 4581
f 4554 4555 4582
f 4555 4583 4582
f 4555 4556 4583
f 4556 4584 4583
f 4556 4557 4584
f 4557 4585 4584
f 4557 4558 4585
f 4558 4586 4585
f 4558 4559 4586
f 4559 4587 4586
f 4559 4560 4587
f 4560 4588 4587
f 4560 4561 4588
f 4561 4589 4588
f 4561 4562 4589
f 4562 4590 4589
f 4562 4563 4590
f 4563 4591 4590
f 4563 4564 4591
f 4564 4592 4591
f 4564 4537 4592
f 4537 4565 4592
f 4565 4566 4593
f 4566 4594 4593
f 4566 4567 4594
f 4567 4595 4594
f 4567 4568 4595
f 4568 4596 4595
f 4568 4569 4596
f 4569 4597 4596
f 4569 4570 4597
f 4570 4598 4597
f 4570 4571 4598
f 4571 4599 4598
f 4571 4572 4599
f 4572 4600 4599
f 4572 4573 4600
f 4573 4601 4600
f 4573 4574 4601
f 4574 4602 4601
f 4574 4575 4602
f 4575 4603 4602
f 4575 4576 4603
f 4576 4604 4603
f 4576 4577 4604
f 4577 4605 4604
f 4577 4578 4605
f 4578 4606 4605
f 4578 4579 4606
f 4579 4607 4606
f 4579 4580 4607
f 4580 4608 4607
f 4580 4581 4608
f 4581 4609 4608
f 4581 4582 4609
f 4582 4610 4609
f 4582 4583 4610
f 4583 4611 4610
f 4583 4584 4611
f 4584 4612 4611
f 4584 4585 4612
f 4585 4613 4612
f 4585 4586 4613
f 4586 4614 4613
f 4586 4587 4614
f 4587 4615 4614
f 4587 4588 4615
f 4588 4616 4615
f 4588 4589 4616
f 4589 4617 4616
f 4589 4590 4617
f 4590 4618 4617
f 4590 4591 4618
f 4591 4619 4618
f 4591 4592 4619
f 4592 4620 4619
f 4592 4565 4620
f 4565 4593 4620
f 4593 4594 4621
f 4594 4622 4621
f 4594 4595 4622
f 4595 4623 4622
f 4595 4596 4623
f 4596 4624 4623
f 4596 4597 4624
f 4597 4625 4624
f 4597 4598 4625
f 4598 4626 4625
f 4598 4599 4626
f 4599 4627 4626
f 4599 4600 4627
f 4600 4628 4627
f 4600 4601 4628
f 4601 4629 4628
f 4601 4602 4629
f 4602 4630 4629
f 4602 4603 4630
f 4603 4631 4630
f 4603 4604 4631
f 4604 4632 4631
f 4604 4605 4632
f 4605 4633 4632
f 4605 4606 4633
f 4606 4634 4633
f 4606 4607 4634
f 4607 4635 4634
f 4607 4608 4635
f 4608 4636 4635
f 4608 4609 4636
f 4609 4637 4636
f 4609 4610 4637
f 4610 4638 4637
f 4610 4611 4638
f 4611 4639 4638
f 4611 4612 4639
f 4612 4640 4639
f 4612 4613 4640
f 4613 4641 4640
f 4613 4614 4641
f 4614 4642 4641
f 4614 4615 4642
f 4615 4643 4642
f 4615 4616 4643
f 4616 4644 4643
f 4616 4617 4644
f 4617 4645 4644
f 4617 4618 4645
f 4618 4646 4645
f 4618 4619 4646
f 4619 4647 4646
f 4619 4620 4647
f 4620 4648 4647
f 4620 4593 4648
f 4593 4621 4648
f 4621 4622 4649
f 4622 4650 4649
f 4622 4623 4650
f 4623 4651 4650
f 4623 4624 4651
f 4624 4652 4651
f 4624 4625 4652
f 4625 4653 4652
f 4625 4626 4653
f 4626 4654 4653
f 4626 4627 4654
f 4627 4655 4654
f 4627 4628 4655
f 4628 4656 4655
f 4628 4629 4656
f 4629 4657 4656
f 4629 4630 4657
f 4630 4658 4657
f 4630 4631 4658
f 4631 4659 4658
f 4631 4632 4659
f 4632 4660 4659
f 4632 4633 4660
f 4633 4661 4660
f 4633 4634 4661
f 4634 4662 4661
f 4634 4635 4662
f 4635 4663 4662
f 4635 4636 4663
f 4636 4664 4663
f 4636 4637 4664
f 4637 4665 4664
f 4637 4638 4665
f 4638 4666 4665
f 4638 4639 4666
f 4639 4667 4666
f 4639 4640 4667
f 4640 4668 4667
f 4640 4641 4668
f 4641 4669 4668
f 4641 4642 4669
f 4642 4670 4669
f 4642 4643 4670
f 4643 4671 4670
f 4643 4644 4671
f 4644 4672 4671
f 4644 4645 4672
f 4645 4673 4672
f 4645 4646 4673
f 4646 4674 4673
f 4646 4647 4674
f 4647 4675 4674
f 4647 4648 4675
f 4648 4676 4675
f 4648 4621 4676
f 4621 4649 4676
f 4649 4650 4677
f 4650 4678 4677
f 4650 4651 4678
f 4651 4679 4678
f 4651 4652 4679
f 4652 4680 4679
f 4652 4653 4680
f 4653 4681 4680
f 4653 4654 4681
f 4654 4682 4681
f 4654 4655 4682
f 4655 4683 4682
f 4655 4656 4683
f 4656 4684 4683
f 4656 4657 4684
f 4657 4685 4684
f 4657 4658 4685
f 4658 4686 4685
f 4658 4659 4686
f 4659 4687 4686
f 4659 4660 4687
f 4660 4688 4687
f 4660 4661 4688
f 4661 4689 4688
f 4661 4662 4689
f 4662 4690 4689
f 4662 4663 4690
f 4663 4691 4690
f 4663 4664 4691
f 4664 4692 4691
f 4664 4665 4692
f 4665 4693 4692
f 4665 4666 4693
f 4666 4694 4693
f 4666 4667 4694
f 4667 4695 4694
f 4667 4668 4695
f 4668 4696 4695
f 4668 4669 4696
f 4669 4697 4696
f 4669 4670 4697
f 4670 4698 4697
f 4670 4671 4698
f 4671 4699 4698
f 4671 4672 4699
f 4672 4700 4699
f 4672 4673 4700
f 4673 4701 4700
f 4673 4674 4701
f 4674 4702 4701
f 4674 4675 4702
f 4675 4703 4702
f 4675 4676 4703
f 4676 4704 4703
f 4676 4649 4704
f 4649 4677 4704
f 4677 4678 4705
f 4678 4706 4705
f 4678 4679 4706
f 4679 4707 4706
f 4679 4680 4707
f 4680 4708 4707
f 4680 4681 4708
f 4681 4709 4708
f 4681 4682 4709
f 4682 4710 4709
f 4682 4683 4710
f 4683 4711 4710
f 4683 4684 4711
f 4684 4712 4711
f 4684 4685 4712
f 4685 4713 4712
f 4685 4686 4713
f 4686 4714 4713
f 4686 4687 4714
f 4687 4715 4714
f 4687 4688 4715
f 4688 4716 4715
f 4688 4689 4716
f 4689 4717 4716
f 4689 4690 4717
f 4690 4718 4717
f 4690 4691 4718
f 4691 4719 4718
f 4691 4692 4719
f 4692 4720 4719
f 4692 4693 4720
f 4693 4721 4720
f 4693 4694 4721
f 4694 4722 4721
f 4694 4695 4722
f 4695 4723 4722
f 4695 4696 4723
f 4696 4724 4723
f 4696 4697 4724
f 4697 4725 4724
f 4697 4698 4725
f 4698 4726 4725
f 4698 4699 4726
f 4699 4727 4726
f 4699 4700 4727
f 4700 4728 4727
f 4700 4701 4728
f 4701 4729 4728
f 4701 4702 4729
f 4702 4730 4729
f 4702 4703 4730
f 4703 4731 4730
f 4703 4704 4731
f 4704 4732 4731
f 4704 4677 4732
f 4677 4705 4732
f 4705 4706 4733
f 4706 4734 4733
f 4706 4707 4734
f 4707 4735 4734
f 4707 4708 4735
f 4708 4736 4735
f 4708 4709 4736
f 4709 4737 4736
f 4709 4710 4737
f 4710 4738 4737
f 4710 4711 4738
f 4711 4739 4738
f 4711 4712 4739
f 4712 4740 4739
f 4712 4713 4740
f 4713 4741 4740
f 4713 4714 4741
f 4714 4742 4741
f 4714 4715 4742
f 4715 4743 4742
f 4715 4716 4743
f 4716 4744 4743
f 4716 4717 4744
f 4717 4745 4744
f 4717 4718 4745
f 4718 4746 4745
f 4718 4719 4746
f 4719 4747 4746
f 4719 4720 4747
f 4720 4748 4747
f 4720 4721 4748
f 4721 4749 4748
f 4721 4722 4749
f 4722 4750 4749
f 4722 4723 4750
f 4723 4751 4750
f 4723 4724 4751
f 4724 4752 4751
f 4724 4725 4752
f 4725 4753 4752
f 4725 4726 4753
f 4726 4754 4753
f 4726 4727 4754
f 4727 4755 4754
f 4727 4728 4755
f 4728 4756 4755
f 4728 4729 4756
f 4729 4757 4756
f 4729 4730 4757
f 4730 4758 4757
f 4730 4731 4758
f 4731 4759 4758
f 4731 4732 4759
f 4732 4760 4759
f 4732 4705 4760
f 4705 4733 4760
f 4733 4734 4761
f 4734 4762 4761
f 4734 4735 4762
f 4735 4763 4762
f 4735 4736 4763
f 4736 4764 4763
f 4736 4737 4764
f 4737 4765 4764
f 4737 4738 4765
f 4738 4766 4765
f 4738 4739 4766
f 4739 4767 4766
f 4739 4740 4767
f 4740 4768 4767
f 4740 4741 4768
f 4741 4769 4768
f 4741 4742 4769
f 4742 4770 4769
f 4742 4743 4770
f 4743 4771 4770
f 4743 4744 4771
f 4744 4772 4771
f 4744 4745 4772
f 4745 4773 4772
f 4745 4746 4773
f 4746 4774 4773
f 4746 4747 4774
f 4747 4775 4774
f 4747 4748 4775
f 4748 4776 4775
f 4748 4749 4776
f 4749 4777 4776
f 4749 4750 4777
f 4750 4778 4777
f 4750 4751 4778
f 4751 4779 4778
f 4751 4752 4779
f 4752 4780 4779
f 4752 4753 4780
f 4753 4781 4780
f 4753 4754 4781
f 4754 4782 4781
f 4754 4755 4782
f 4755 4783 4782
f 4755 4756 4783
f 4756 4784 4783
f 4756 4757 4784
f 4757 4785 4784
f 4757 4758 4785
f 4758 4786 4785
f 4758 4759 4786
f 4759 4787 4786
f 4759 4760 4787
f 4760 4788 4787
f 4760 4733 4788
f 4733 4761 4788
f 4761 4762 4789
f 4762 4790 4789
f 4762 4763 4790
f 4763 4791 4790
f 4763 4764 4791
f 4764 4792 4791
f 4764 4765 4792
f 4765 4793 4792
f 4765 4766 4793
f 4766 4794 4793
f 4766 4767 4794
f 4767 4795 4794
f 4767 4768 4795
f 4768 4796 4795
f 4768 4769 4796
f 4769 4797 4796
f 4769 4770 4797
f 4770 4798 4797
f 4770 4771 4798
f 4771 4799 4798
f 4771 4772 4799
f 4772 4800 4799
f 4772 4773 4800
f 4773 4801 4800
f 4773 4774 4801
f 4774 4802 4801
f 4774 4775 4802
f 4775 4803 4802
f 4775 4776 4803
f 4776 4804 4803
f 4776 4777 4804
f 4777 4805 4804
f 4777 4778 4805
f 4778 4806 4805
f 4778 4779 4806
f 4779 4807 4806
f 4779 4780 4807
f 4780 4808 4807
f 4780 4781 4808
f 4781 4809 4808
f 4781 4782 4809
f 4782 4810 4809
f 4782 4783 4810
f 4783 4811 4810
f 4783 4784 4811
f 4784 4812 4811
f 4784 4785 4812
f 4785 4813 4812
f 4785 4786 4813
f 4786 4814 4813
f 4786 4787 4814
f 4787 4815 4814
f 4787 4788 4815
f 4788 4816 4815
f 4788 4761 4816
f 4761 4789 4816
f 4789 4790 4817
f 4790 4818 4817
f 4790 4791 4818
f 4791 4819 4818
f 4791 4792 4819
f 4792 4820 4819
f 4792 4793 4820
f 4793 4821 4820
f 4793 4794 4821
f 4794 4822 4821
f 4794 4795 4822
f 4795 4823 4822
f 4795 4796 4823
f 4796 4824 4823
f 4796 4797 4824
f 4797 4825 4824
f 4797 4798 4825
f 4798 4826 4825
f 4798 4799 4826
f 4799 4827 4826
f 4799 4800 4827
f 4800 4828 4827
f 4800 4801 4828
f 4801 4829 4828
f 4801 4802 4829
f 4802 4830 4829
f 4802 4803 4830
f 4803 4831 4830
f 4803 4804 4831
f 4804 4832 4831
f 4804 4805 4832
f 4805 4833 4832
f 4805 4806 4833
f 4806 4834 4833
f 4806 4807 4834
f 4807 4835 4834
f 4807 4808 4835
f 4808 4836 4835
f 4808 4809 4836
f 4809 4837 4836
f 4809 4810 4837
f 4810 4838 4837
f 4810 4811 4838
f 4811 4839 4838
f 4811 4812 4839
f 4812 4840 4839
f 4812 4813 4840
f 4813 4841 4840
f 4813 4814 4841
f 4814 4842 4841
f 4814 4815 4842
f 4815 4843 4842
f 4815 4816 4843
f 4816 4844 4843
f 4816 4789 4844
f 4789 4817 4844
f 4817 4818 4845
f 4818 4846 4845
f 4818 4819 4846
f 4819 4847 4846
f 4819 4820 4847
f 4820 4848 4847
f 4820 4821 4848
f 4821 4849 4848
f 4821 4822 4849
f 4822 4850 4849
f 4822 4823 4850
f 4823 4851 4850
f 4823 4824 4851
f 4824 4852 4851
f 4824 4825 4852
f 4825 4853 4852
f 4825 4826 4853
f 4826 4854 4853
f 4826 4827 4854
f 4827 4855 4854
f 4827 4828 4855
f 4828 4856 4855
f 4828 4829 4856
f 4829 4857 4856
f 4829 4830 4857
f 4830 4858 4857
f 4830 4831 4858
f 4831 4859 4858
f 4831 4832 4859
f 4832 4860 4859
f 4832 4833 4860
f 4833 4861 4860
f 4833 4834 4861
f 4834 4862 4861
f 4834 4835 4862
f 4835 4863 4862
f 4835 4836 4863
f 4836 4864 4863
f 4836 4837 4864
f 4837 4865 4864
f 4837 4838 4865
f 4838 4866 4865
f 4838 4839 4866
f 4839 4867 4866
f 4839 4840 4867
f 4840 4868 4867
f 4840 4841 4868
f 4841 4869 4868
f 4841 4842 4869
f 4842 4870 4869
f 4842 4843 4870
f 4843 4871 4870
f 4843 4844 4871
f 4844 4872 4871
f 4844 4817 4872
f 4817 4845 4872
f 4845 4846 4873
f 4846 4874 4873
f 4846 4847 4874
f 4847 4875 4874
f 4847 4848 4875
f 4848 4876 4875
f 4848 4849 4876
f 4849 4877 4876
f 4849 4850 4877
f 4850 4878 4877
f 4850 4851 4878
f 4851 4879 4878
f 4851 4852 4879
f 4852 4880 4879
f 4852 4853 4880
f 4853 4881 4880
f 4853 4854 4881
f 4854 4882 4881
f 4854 4855 4882
f 4855 4883 4882
f 4855 4856 4883
f 4856 4884 4883
f 4856 4857 4884
f 4857 4885 4884
f 4857 4858 4885
f 4858 4886 4885
f 4858 4859 4886
f 4859 4887 4886
f 4859 4860 4887
f 4860 4888 4887
f 4860 4861 4888
f 4861 4889 4888
f 4861 4862 4889
f 4862 4890 4889
f 4862 4863 4890
f 4863 4891 4890
f 4863 4864 4891
f 4864 4892 4891
f 4864 4865 4892
f 4865 4893 4892
f 4865 4866 4893
f 4866 4894 4893
f 4866 4867 4894
f 4867 4895 4894
f 4867 4868 4895
f 4868 4896 4895
f 4868 4869 4896
f 4869 4897 4896
f 4869 4870 4897
f 4870 4898 4897
f 4870 4871 4898
f 4871 4899 4898
f 4871 4872 4899
f 4872 4900 4899
f 4872 4845 4900
f 4845 4873 4900
f 4873 4874 4901
f 4874 4902 4901
f 4874 4875 4902
f 4875 4903 4902
f 4875 4876 4903
f 4876 4904 4903
f 4876 4877 4904
f 4877 4905 4904
f 4877 4878 4905
f 4878 4906 4905
f 4878 4879 4906
f 4879 4907 4906
f 4879 4880 4907
f 4880 4908 4907
f 4880 4881 4908
f 4881 4909 4908
f 4881 4882 4909
f 4882 4910 4909
f 4882 4883 4910
f 4883 4911 4910
f 4883 4884 4911
f 4884 4912 4911
f 4884 4885 4912
f 4885 4913 4912
f 4885 4886 4913
f 4886 4914 4913
f 4886 4887 4914
f 4887 4915 4914
f 4887 4888 4915
f 4888 4916 4915
f 4888 4889 4916
f 4889 4917 4916
f 4889 4890 4917
f 4890 4918 4917
f 4890 4891 4918
f 4891 4919 4918
f 4891 4892 4919
f 4892 4920 4919
f 4892 4893 4920
f 4893 4921 4920
f 4893 4894 4921
f 4894 4922 4921
f 4894 4895 4922
f 4895 4923 4922
f 4895 4896 4923
f 4896 4924 4923
f 4896 4897 4924
f 4897 4925 4924
f 4897 4898 4925
f 4898 4926 4925
f 4898 4899 4926
f 4899 4927 4926
f 4899 4900 4927
f 4900 4928 4927
f 4900 4873 4928
f 4873 4901 4928
f 4901 4902 4929
f 4902 4930 4929
f 4902 4903 4930
f 4903 4931 4930
f 4903 4904 4931
f 4904 4932 4931
f 4904 4905 4932
f 4905 4933 4932
f 4905 4906 4933
f 4906 4934 4933
f 4906 4907 4934
f 4907 4935 4934
f 4907 4908 4935
f 4908 4936 4935
f 4908 4909 4936
f 4909 4937 4936
f 4909 4910 4937
f 4910 4938 4937
f 4910 4911 4938
f 4911 4939 4938
f 4911 4912 4939
f 4912 4940 4939
f 4912 4913 4940
f 4913 4941 4940
f 4913 4914 4941
f 4914 4942 4941
f 4914 4915 4942
f 4915 4943 4942
f 4915 4916 4943
f 4916 4944 4943
f 4916 4917 4944
f 4917 4945 4944
f 4917 4918 4945
f 4918 4946 4945
f 4918 4919 4946
f 4919 4947 4946
f 4919 4920 4947
f 4920 4948 4947
f 4920 4921 4948
f 4921 4949 4948
f 4921 4922 4949
f 4922 4950 4949
f 4922 4923 4950
f 4923 4951 4950
f 4923 4924 4951
f 4924 4952 4951
f 4924 4925 4952
f 4925 4953 4952
f 4925 4926 4953
f 4926 4954 4953
f 4926 4927 4954
f 4927 4955 4954
f 4927 4928 4955
f 4928 4956 4955
f 4928 4901 4956
f 4901 4929 4956
f 4929 4930 4957
f 4930 4958 4957
f 4930 4931 4958
f 4931 4959 4958
f 4931 4932 4959
f 4932 4960 4959
f 4932 4933 4960
f 4933 4961 4960
f 4933 4934 4961
f 4934 4962 4961
f 4934 4935 4962
f 4935 4963 4962
f 4935 4936 4963
f 4936 4964 4963
f 4936 4937 4964
f 4937 4965 4964
f 4937 4938 4965
f 4938 4966 4965
f 4938 4939 4966
f 4939 4967 4966
f 4939 4940 4967
f 4940 4968 4967
f 4940 4941 4968
f 4941 4969 4968
f 4941 4942 4969
f 4942 4970 4969
f 4942 4943 4970
f 4943 4971 4970
f 4943 4944 4971
f 4944 4972 4971
f 4944 4945 4972
f 4945 4973 4972
f 4945 4946 4973
f 4946 4974 4973
f 4946 4947 4974
f 4947 4975 4974
f 4947 4948 4975
f 4948 4976 4975
f 4948 4949 4976
f 4949 4977 4976
f 4949 4950 4977
f 4950 4978 4977
f 4950 4951 4978
f 4951 4979 4978
f 4951 4952 4979
f 4952 4980 4979
f 4952 4953 4980
f 4953 4981 4980
f 4953 4954 4981
f 4954 4982 4981
f 4954 4955 4982
f 4955 4983 4982
f 4955 4956 4983
f 4956 4984 4983
f 4956 4929 4984
f 4929 4957 4984
f 4957 4958 4985
f 4958 4986 4985
f 4958 4959 4986
f 4959 4987 4986
f 4959 4960 4987
f 4960 4988 4987
f 4960 4961 4988
f 4961 4989 4988
f 4961 4962 4989
f 4962 4990 4989
f 4962 4963 4990
f 4963 4991 4990
f 4963 4964 4991
f 4964 4992 4991
f 4964 4965 4992
f 4965 4993 4992
f 4965 4966 4993
f 4966 4994 4993
f 4966 4967 4994
f 4967 4995 4994
f 4967 4968 4995
f 4968 4996 4995
f 4968 4969 4996
f 4969 4997 4996
f 4969 4970 4997
f 4970 4998 4997
f 4970 4971 4998
f 4971 4999 4998
f 4971 4972 4999
f 4972 5000 4999
f 4972 4973 5000
f 4973 5001 5000
f 4973 4974 5001
f 4974 5002 5001
f 4974 4975 5002
f 4975 5003 5002
f 4975 4976 5003
f 4976 5004 5003
f 4976 4977 5004
f 4977 5005 5004
f 4977 4978 5005
f 4978 5006 5005
f 4978 4979 5006
f 4979 5007 5006
f 4979 4980 5007
f 4980 5008 5007
f 4980 4981 5008
f 4981 5009 5008
f 4981 4982 5009
f 4982 5010 5009
f 4982 4983 5010
f 4983 5011 5010
f 4983 4984 5011
f 4984 5012 5011
f 4984 4957 5012
f 4957 4985 5012
f 4985 4986 1
f 4986 2 1
f 4986 4987 2
f 4987 3 2
f 4987 4988 3
f 4988 4 3
f 4988 4989 4
f 4989 5 4
f 4989 4990 5
f 4990 6 5
f 4990 4991 6
f 4991 7 6
f 4991 4992 7
f 4992 8 7
f 4992 4993 8
f 4993 9 8
f 4993 4994 9
f 4994 10 9
f 4994 4995 10
f 4995 11 10
f 4995 4996 11
f 4996 12 11
f 4996 4997 12
f 4997 13 12
f 4997 4998 13
f 4998 14 13
f 4998 4999 14
f 4999 15 14
f 4999 5000 15
f 5000 16 15
f 5000 5001 16
f 5001 17 16
f 5001 5002 17
f 5002 18 17
f 5002 5003 18
f 5003 19 18
f 5003 5004 19
f 5004 20 19
f 5004 5005 20
f 5005 21 20
f 5005 5006 21
f 5006 22 21
f 5006 5007 22
f 5007 23 22
f 5007 5008 23
f 5008 24 23
f 5008 5009 24
f 5009 25 24
f 5009 5010 25
f 5010 26 25
f 5010 5011 26
f 5011 27 26
f 5011 5012 27
f 5012 28 27
f 5012 4985 28
f 4985 1 28

