# https://github.com/mikedh/trimesh
v 0.09405780 0.29525285 0.87811432
v 0.68737794 0.48876954 0.18532535
v -0.70224616 -0.49934179 -0.18933400
v -0.08732219 -0.27410938 -0.81523132
v 0.19038793 -0.95613553 -0.14509881
v 0.65529269 -0.41539478 0.48326629
v -0.66946690 0.42437991 -0.49371950
v -0.17675398 0.88766532 0.13470808
v 0.24636865 0.62140449 -0.66493104
v 0.74258939 -0.22846153 -0.40112748
v -0.75865185 0.23340323 0.40980401
v -0.22872584 -0.57690484 0.61731440
v 0.45420789 0.44715647 0.58617751
v -0.45669167 -0.44960169 -0.58938295
v -0.29058258 -0.78244408 -0.18196985
v 0.05566346 -0.72310292 -0.59125402
v 0.43539394 -0.08302183 0.76088228
v 0.84235005 0.04603306 0.41945373
v 0.48777706 -0.76351116 0.20447179
v -0.78561088 -0.04293235 -0.39120008
v -0.43777484 0.08347582 -0.76504307
v -0.05566346 0.72310292 0.59125402
v 0.31184800 0.83970492 0.19528677
v -0.49044441 0.76768632 -0.20558992
v 0.53703263 0.62451365 -0.25291124
v 0.08801138 0.18846364 -0.89163415
v -0.24279834 0.56411891 -0.62569035
v 0.03234793 0.91156656 -0.30038013
v 0.89711730 0.16330920 -0.13538759
v 0.40009132 -0.30663072 -0.74202870
v 0.53896556 -0.65389840 -0.31411358
v 0.87698801 -0.40393555 0.05153135
v 0.56940718 0.20394812 -0.59679184
v -0.37280845 0.28572107 0.69142856
v -0.83668911 -0.15230899 0.12626813
v -0.81791569 0.37672718 -0.04806029
v -0.54191283 0.65747415 0.31583127
v -0.08801138 -0.18846364 0.89163415
v -0.53996932 -0.62792873 0.25429425
v -0.03234793 -0.91156656 0.30038013
v 0.26056681 -0.60540227 0.67147963
v -0.57252090 -0.20506338 0.60005532
v 0.28935300 0.38509568 0.74770750
v 0.61698660 0.50593196 0.41733279
v -0.60414581 -0.49540245 -0.40864721
v -0.28380954 -0.37771796 -0.73338281
v -0.50885456 -0.66837875 -0.19236043
v -0.06250275 -0.85659956 -0.16300779
v -0.42177577 -0.70154000 -0.43297440
v -0.01713819 -0.47189552 -0.67732811
v 0.11250435 -0.77050402 -0.34001824
v -0.21404018 -0.60066358 -0.60862285
v -0.13038807 -0.78451523 -0.39250588
v 0.27929458 0.10164860 0.84110920
v 0.58947926 -0.26922665 0.67276366
v 0.45017456 0.18426688 0.68166681
v 0.77671735 0.27979150 0.30420720
v 0.75983972 -0.19582116 0.46093146
v 0.65427404 0.25832397 0.51551971
v 0.64435915 -0.02107817 0.60758852
v 0.35494555 -0.88110453 0.03754899
v 0.61783147 -0.63753949 0.37160812
v -0.72591374 -0.26149087 -0.28430958
v -0.71014005 0.18301287 -0.43078281
v -0.66842621 -0.26391161 -0.52667058
v -0.27394381 -0.09970120 -0.82499511
v -0.57721096 0.26362347 -0.65876203
v -0.46294893 -0.18949572 -0.70101012
v -0.65829686 0.02153410 -0.62073087
v 0.01705099 0.46949449 0.67388183
v -0.11307970 0.77444444 0.34175712
v 0.21311520 0.59806781 0.60599268
v 0.49781975 0.65388457 0.18818898
v 0.06010965 0.82380221 0.15676657
v 0.40593540 0.67519271 0.41671345
v 0.14044557 0.84502894 0.42278189
v -0.60497310 0.62427095 -0.36387417
v -0.34814545 0.86422420 -0.03682962
v 0.66181525 0.60192601 -0.03682153
v 0.40896732 0.64123243 -0.46409269
v 0.45054175 0.77071075 -0.03518885
v -0.00207460 -0.04740273 -0.81720731
v 0.15298859 0.37034463 -0.71595159
v -0.18780320 0.13869620 -0.85225727
v -0.46688436 0.51434394 -0.58209214
v -0.01131961 0.58574456 -0.63829016
v -0.38368550 0.37184604 -0.78667742
v -0.41299800 0.75263353 -0.47532183
v -0.08834195 0.40034692 -0.78294259
v -0.07209510 0.86220704 -0.07345366
v 0.12719946 0.70536151 -0.44202091
v 0.18751221 0.94581535 -0.05404535
v -0.24360907 0.86364930 -0.25949043
v 0.30097046 0.78619713 -0.28405980
v -0.11597790 0.75935504 -0.48939517
v 0.80370857 0.33758930 0.03076194
v 0.83275115 -0.03969188 -0.27772667
v 0.91948491 0.11065861 0.15015776
v 0.72489855 0.40955614 -0.19996988
v 0.14481207 -0.27653481 -0.74293756
v 0.56847479 -0.26396839 -0.56230482
v 0.24814594 -0.55406579 -0.72120518
v 0.26544493 -0.06657912 -0.88184217
v 0.38231225 -0.82250270 -0.23970021
v 0.69267272 -0.47727778 -0.38660078
v 0.31363271 -0.70771721 -0.46169854
v 0.51957335 -0.71726664 -0.05548319
v 0.49723012 -0.51078250 -0.55301380
v 0.77691052 -0.41758148 0.27960641
v 0.82283073 -0.31924999 -0.18560646
v 0.90884453 -0.18918776 0.24896338
v 0.68902615 -0.60133029 0.13313822
v 0.93779458 -0.12719543 -0.04432653
v 0.71600231 -0.54356474 -0.14015449
v 0.42627559 0.41638718 -0.64794018
v 0.70914915 -0.01297089 -0.53959956
v 0.55990335 0.41923521 -0.42998417
v 0.34592326 0.20223232 -0.76154583
v 0.74195982 0.18791955 -0.38119377
v 0.51362485 -0.04877796 -0.70525390
v -0.15057735 0.28754426 0.77251551
v -0.58107576 0.26981959 0.57476902
v -0.23037586 0.51438836 0.66955866
v -0.75113952 -0.31550822 -0.02874986
v -0.77828248 0.03709571 0.25956110
v -0.92360104 -0.11115398 -0.15082995
v -0.72609428 0.39026826 -0.26131788
v -0.76901094 0.29836845 0.17346630
v -0.91291303 0.19003468 -0.25007788
v -0.70393003 0.61433728 -0.13601804
v -0.94199268 0.12776483 0.04452496
v -0.37498785 0.80674507 0.23510800
v -0.67825674 0.46734463 0.37855481
v -0.31499396 0.71078889 0.46370244
v -0.53431701 0.73762014 0.05705760
v -0.51663298 0.53071420 0.57459345
v -0.73148969 0.55532224 0.14318608
v 0.00206405 0.04716155 0.81304931
v -0.15377099 -0.37223860 0.71961302
v 0.18699160 -0.13809682 0.84857423
v -0.24643604 0.06181129 0.81869221
v -0.64804148 -0.58939866 0.03605519
v -0.40113226 -0.62894760 0.45520153
v -0.46812274 -0.80078535 0.03656198
v -0.74057836 -0.41841499 0.20429530
v 0.07172827 -0.85782008 0.07307992
v -0.12784997 -0.70896878 0.44428144
v -0.17408420 -0.87808418 0.05017509
v 0.24255632 -0.85991703 0.25836904
v -0.30227675 -0.78960944 0.28529269
v 0.45675970 -0.50319009 0.56946913
v 0.01088621 -0.56331766 0.61385141
v 0.36927567 -0.35788086 0.75713267
v 0.39748729 -0.72436735 0.45747047
v 0.09515622 -0.43122774 0.84333500
v 0.12492387 -0.81792802 0.52714475
v -0.69439026 0.01270094 0.52836935
v -0.41810894 -0.40840997 0.63552684
v -0.53366747 0.05068137 0.73277425
v -0.75800867 -0.19198432 0.38943912
v -0.34742465 -0.20311006 0.76485114
v -0.57579143 -0.43113163 0.44218561
v 0.18676036 0.32833481 0.78049823
v 0.38063693 0.42515930 0.67954558
v 0.67612519 0.51491150 0.30978513
v 0.50516224 0.45028833 0.47631808
v -0.67174102 -0.51157269 -0.30777641
v -0.52010765 -0.46361027 -0.49041012
v -0.19104487 -0.33586721 -0.79840381
v -0.39504822 -0.44125625 -0.70527385
v -0.61204127 -0.59283804 -0.19338229
v -0.43739981 -0.79714598 -0.20541204
v -0.55290905 -0.57988647 -0.29750604
v 0.05405743 -0.85120607 -0.14552661
v -0.19800699 -0.91773195 -0.19320318
v -0.44402011 -0.57756501 -0.51841276
v -0.36918761 -0.77766874 -0.31536584
v -0.49418550 -0.57224848 -0.40361564
v -0.46996357 -0.68900952 -0.31061376
v -0.04858414 -0.35568071 -0.70496928
v 0.01848552 -0.63239347 -0.68170371
v -0.16497537 -0.47956254 -0.79280779
v 0.15456919 -0.88996733 -0.25850419
v 0.08277094 -0.72245368 -0.44266526
v 0.02917302 -0.90359449 -0.28096073
v -0.35773911 -0.55908251 -0.63804073
v -0.07465698 -0.59837358 -0.54375691
v -0.24123117 -0.47369580 -0.65019771
v -0.31265208 -0.64430130 -0.51848963
v -0.12043077 -0.57181985 -0.68930443
v -0.23079795 -0.85357630 -0.31100410
v -0.03759776 -0.70893816 -0.45939097
v -0.08950604 -0.76595927 -0.25753944
v -0.25855372 -0.70799667 -0.39206892
v -0.00603244 -0.86294054 -0.40577032
v -0.18823804 -0.75840092 -0.54721120
v 0.18180196 0.18860673 0.82654154
v 0.36583994 0.00817903 0.81694925
v 0.28709149 0.24574120 0.80214137
v 0.64522159 -0.35595375 0.59675333
v 0.48333351 -0.16484649 0.67901779
v 0.45306410 0.31383444 0.63611291
v 0.44381805 0.05328021 0.72197094
v 0.39132290 0.29562540 0.74979306
v 0.38621374 0.15164893 0.79723630
v 0.70168805 0.36907564 0.23436063
v 0.82988547 0.17038042 0.36975374
v 0.66861994 0.37496717 0.34492870
v 0.67816985 -0.29366865 0.45274865
v 0.82099469 -0.08016251 0.45231285
v 0.64742489 -0.22231077 0.54174419
v 0.56889461 0.36226145 0.56557886
v 0.71217080 0.14872829 0.44823250
v 0.65880151 0.39339697 0.48412727
v 0.58923440 0.23621066 0.64291934
v 0.68641225 0.25819147 0.39400938
v 0.55414172 -0.05347597 0.70257298
v 0.70727907 0.01087907 0.49365669
v 0.63959250 -0.14791440 0.66250062
v 0.58403251 0.08962117 0.69122362
v 0.67357389 -0.10359411 0.51322525
v 0.64749597 0.11829029 0.55997957
v 0.26428167 -0.88285604 -0.04955321
v 0.43101093 -0.83843274 0.12470669
v 0.65962371 -0.54304622 0.44377487
v 0.52175466 -0.66396106 0.27091060
v -0.69858410 -0.36744302 -0.23332393
v -0.76978604 -0.15804165 -0.34297657
v -0.68763296 -0.38562981 -0.35473716
v -0.67516994 0.29236960 -0.45074590
v -0.76153911 0.07435722 -0.41955682
v -0.56347852 -0.35881259 -0.56019434
v -0.68643203 -0.14335306 -0.43203281
v -0.65481520 -0.39101658 -0.48119788
v -0.68278085 -0.25682553 -0.39192491
v -0.18597272 -0.19293359 -0.84550341
v -0.37969100 -0.00848869 -0.84787975
v -0.28449737 -0.24352072 -0.79489334
v -0.64103782 0.35364566 -0.59288384
v -0.49763311 0.16972353 -0.69910678
v -0.66583520 0.22863244 -0.55714934
v -0.46348218 -0.32105097 -0.65074013
v -0.45402352 -0.05450537 -0.73857245
v -0.39938022 -0.30171231 -0.76523127
v -0.57765417 -0.23156841 -0.63028404
v -0.39416586 -0.15477137 -0.81365136
v -0.68171710 -0.01048588 -0.47581530
v -0.54886608 0.05296686 -0.69588423
v -0.67001041 0.10304606 -0.51051008
v -0.66497564 -0.12148363 -0.57509667
v -0.63572241 0.14701939 -0.65849192
v -0.57255452 -0.08785985 -0.67763900
v 0.05504173 0.40295623 0.79867070
v -0.01662578 0.56877168 0.61312108
v 0.15407788 0.44788491 0.74043866
v -0.13643487 0.78555483 0.22817603
v -0.09202956 0.80326607 0.49218102
v 0.33872203 0.52936220 0.60412307
v 0.08489199 0.68040687 0.61830260
v 0.25893190 0.50845401 0.69790704
v 0.12429539 0.59016952 0.71142417
v 0.62192253 0.60240926 0.19650440
v 0.41735802 0.76062051 0.19599999
v 0.54254744 0.56901930 0.29193072
v -0.06011604 0.94660693 0.16183684
v 0.19248770 0.89215089 0.18781780
v -0.02962306 0.91753389 0.28529500
v 0.44600092 0.58014156 0.52072543
v 0.35554231 0.74892584 0.30370981
v 0.48015546 0.55600222 0.39215691
v 0.31560154 0.65037942 0.52338088
v 0.47261265 0.69289332 0.31236463
v 0.03705911 0.69878151 0.45280947
v 0.21766340 0.80499989 0.29330508
v 0.00543428 0.77737395 0.36553535
v 0.17602565 0.70919787 0.51170959
v 0.10085467 0.86307663 0.29019333
v 0.27645602 0.75701846 0.41921582
v -0.65534655 0.53952498 -0.44089732
v -0.53719096 0.68360460 -0.27892559
v -0.27034461 0.90310983 0.05069002
v -0.44732943 0.87017663 -0.12942821
v 0.69889686 0.56367376 0.07908763
v 0.56591121 0.58037347 -0.13912350
v 0.56369204 0.61429740 0.07771697
v 0.31717183 0.60759211 -0.54068686
v 0.48368101 0.64581327 -0.36438322
v 0.37779256 0.79657152 0.07829489
v 0.51227048 0.72204825 -0.15064467
v 0.49526742 0.74140522 0.08285159
v 0.52220595 0.64604725 -0.03385220
v -0.04126408 -0.14940080 -0.77294280
v 0.04336058 0.06858745 -0.91269150
v -0.15086436 -0.08191346 -0.92384142
v 0.20411496 0.50623553 -0.71858206
v 0.11816125 0.27484721 -0.77129664
v -0.33370429 0.11822028 -0.86122608
v -0.04818269 0.14767353 -0.78959494
v -0.22376007 0.01864074 -0.81243283
v -0.09851552 0.04575326 -0.89280761
v -0.57410431 0.47622781 -0.54566171
v -0.38809293 0.59232506 -0.66327163
v -0.51854440 0.38851158 -0.61661332
v -0.53217286 0.56555375 -0.47185260
v 0.10440486 0.56758754 -0.61304860
v -0.14259190 0.64386892 -0.70778313
v 0.08003326 0.52965026 -0.75324467
v -0.41551405 0.22573776 -0.78311773
v -0.32406446 0.49390461 -0.73437569
v -0.46309707 0.30382538 -0.69230019
v -0.28090830 0.25024056 -0.81325977
v -0.42959595 0.44855256 -0.68546412
v -0.45724059 0.76779146 -0.33990083
v -0.33867687 0.68372895 -0.57916348
v -0.49046932 0.65940792 -0.40155374
v -0.44384381 0.63364114 -0.53412415
v -0.00252530 0.27940582 -0.78507086
v -0.18181033 0.52689792 -0.76589905
v 0.03975374 0.42731694 -0.83093698
v -0.15083453 0.29563220 -0.89453702
v -0.04595857 0.46121105 -0.66191757
v -0.22038186 0.36768883 -0.74652965
v -0.11651862 0.82820258 0.02640666
v -0.02435013 0.94819177 -0.19347218
v -0.00628435 0.96751037 0.04885293
v -0.23194127 0.97132604 -0.06264715
v 0.18984455 0.69161696 -0.56700264
v 0.07966321 0.77496063 -0.36237273
v 0.27380348 0.70425997 -0.47248900
v 0.06549677 0.71848837 -0.59883886
v 0.23973246 0.85225759 0.06972575
v 0.09744749 0.82809449 -0.15897894
v 0.12348340 0.91153279 0.06094400
v 0.32221034 0.85499472 -0.04431645
v 0.04763183 0.86773389 -0.06196363
v -0.39147392 0.86868369 -0.24760042
v -0.09868219 0.80369345 -0.25319216
v -0.28675490 0.83698272 -0.14330543
v -0.32342705 0.80258559 -0.36162804
v -0.16608670 0.92354496 -0.17507040
v 0.42520792 0.71455922 -0.27205649
v 0.17568492 0.87482680 -0.30151114
v 0.36584371 0.73739019 -0.38520542
v 0.38346359 0.79569617 -0.16412246
v 0.23456294 0.82629153 -0.40568495
v 0.24342126 0.85351583 -0.17106834
v -0.19661032 0.71915910 -0.60869433
v -0.04127351 0.78276920 -0.37348958
v -0.05865986 0.62620872 -0.52700519
v -0.24744562 0.71926396 -0.45905991
v 0.01012798 0.81217394 -0.51625390
v -0.19641663 0.88777209 -0.41036654
v 0.71455145 0.39662077 0.10404277
v 0.87145838 0.25940277 -0.05141700
v 0.81694320 0.31913235 0.17315001
v 0.70291193 0.44839849 -0.00247986
v 0.75502095 -0.12910314 -0.32582187
v 0.88675741 0.06065884 -0.21392243
v 0.90062248 0.08001793 0.29158600
v 0.92869820 0.14013803 0.00715376
v 0.88636811 0.20713770 0.24038796
v 0.90092231 0.23830343 0.09294079
v 0.64767238 0.53095265 -0.23251056
v 0.77233073 0.27755207 -0.16124150
v 0.71885329 0.52198916 -0.12425104
v 0.73338505 0.35877694 -0.08186724
v 0.03623047 -0.30499413 -0.86155020
v 0.28518654 -0.31206467 -0.79682391
v 0.07400676 -0.42868198 -0.81545501
v 0.08258473 -0.18695426 -0.89510932
v 0.68825739 -0.25932184 -0.50810067
v 0.49831634 -0.29107834 -0.66393454
v 0.13473931 -0.57014512 -0.58474403
v 0.31112049 -0.40906580 -0.69939071
v 0.10309774 -0.49133518 -0.67184031
v 0.19960289 -0.41972427 -0.75870464
v 0.15693461 0.05531977 -0.79084772
v 0.31923180 -0.18048838 -0.77471172
v 0.11860714 -0.05427949 -0.81585924
v 0.20791991 -0.18535008 -0.83593581
v 0.27777236 -0.85396768 -0.18622598
v 0.47127021 -0.75222333 -0.28315584
v 0.25247713 -0.83038268 -0.30475260
v 0.37221724 -0.86009534 -0.10205951
v 0.74370540 -0.36299746 -0.40804796
v 0.58114567 -0.53678380 -0.33077361
v 0.61394611 -0.35849383 -0.46646183
v 0.19411639 -0.73848608 -0.54187273
v 0.43258058 -0.68991883 -0.39283710
v 0.23295626 -0.82140280 -0.44276534
v 0.27883777 -0.62639557 -0.58035486
v 0.35881886 -0.78913967 -0.36308643
v 0.50499443 -0.74143907 0.07215893
v 0.53015084 -0.68757027 -0.18269800
v 0.46230892 -0.83687480 -0.01104231
v 0.47620979 -0.80710810 -0.15187058
v 0.44439153 -0.40528078 -0.64004147
v 0.53718491 -0.60439530 -0.44782574
v 0.55679591 -0.40069961 -0.58182512
v 0.37562687 -0.53127252 -0.63417119
v 0.55872799 -0.46470375 -0.44243592
v 0.41366057 -0.62346838 -0.51819648
v 0.68630541 -0.39935463 0.36633321
v 0.84728778 -0.42172614 0.17302913
v 0.79436666 -0.31707599 0.38279388
v 0.66911311 -0.50405428 0.31137313
v 0.75029310 -0.26233424 -0.28191945
v 0.87147760 -0.36992714 -0.07203540
v 0.85579232 -0.18554183 -0.23950307
v 0.72678005 -0.38056887 -0.27284466
v 0.89519745 -0.07285979 0.34196239
v 0.91295415 -0.30353039 0.15335173
v 0.87185685 -0.20179030 0.37513824
v 0.91445175 -0.03927690 0.19962323
v 0.88106177 -0.32136791 0.27736413
v 0.60396531 -0.70071541 0.17334968
v 0.74532767 -0.48339589 0.08950668
v 0.67757269 -0.64130077 0.25907717
v 0.64538542 -0.70739129 0.03953656
v 0.70328220 -0.48952346 0.19766537
v 0.93803345 0.01886732 -0.09200474
v 0.92771443 -0.27192338 0.00381685
v 0.92589289 -0.08607994 -0.17229527
v 0.92893132 -0.00827100 0.05293223
v 0.92054360 -0.23682328 -0.12262221
v 0.92360946 -0.15824127 0.10235055
v 0.64410459 -0.61476295 -0.23329719
v 0.75863695 -0.45489598 -0.04532832
v 0.72983608 -0.52938627 -0.27039783
v 0.65953858 -0.67708435 -0.10384759
v 0.73821245 -0.41472538 -0.15620937
v 0.70054445 -0.57084243 -0.00349830
v 0.32570412 0.49675239 -0.63131632
v 0.50914329 0.31504242 -0.63484209
v 0.42168671 0.53395740 -0.56142887
v 0.29648139 0.40965988 -0.71337240
v 0.75207496 -0.12714273 -0.48576699
v 0.60347351 0.09241593 -0.53810800
v 0.73938381 -0.02539402 -0.38988215
v 0.62171765 -0.13949135 -0.53862769
v 0.54979216 0.52096358 -0.34382899
v 0.56570251 0.31427815 -0.51282788
v 0.51163957 0.55326615 -0.46912265
v 0.68624157 0.44393748 -0.33985021
v 0.52043128 0.43905638 -0.56250768
v 0.22748666 0.20189001 -0.85174620
v 0.46436783 0.20584765 -0.68801078
v 0.27348427 0.32067920 -0.81910510
v 0.30360853 0.07164580 -0.81037400
v 0.39811349 0.31818568 -0.72797315
v 0.78074829 0.16820277 -0.25065231
v 0.67305877 0.20116769 -0.50216330
v 0.75547695 0.07178944 -0.31652612
v 0.73137272 0.29790022 -0.28976706
v 0.75190766 0.09259228 -0.47535269
v 0.69519284 0.32765492 -0.43493007
v 0.45256944 -0.17482673 -0.71598087
v 0.56154180 0.08198322 -0.67400173
v 0.56512250 -0.16605583 -0.65914512
v 0.39244352 -0.05737802 -0.79032928
v 0.57418333 -0.02917124 -0.58595293
v 0.43860276 0.07940404 -0.74980756
v -0.03257909 0.27425624 0.77472152
v -0.29336382 0.32101265 0.81967161
v -0.07288243 0.42216933 0.80306641
v -0.67732219 0.25520167 0.50002784
v -0.52224580 0.30505611 0.69581709
v -0.13669772 0.57843206 0.59324317
v -0.32989455 0.43375021 0.74159430
v -0.11444585 0.54541710 0.74579067
v -0.17714266 0.37249496 0.67333170
v -0.71139061 -0.39486630 -0.10358253
v -0.80834827 -0.24061710 0.04769344
v -0.75764908 -0.29596958 -0.16058270
v -0.75168109 0.12853205 0.32438058
v -0.82253936 -0.05626599 0.19843039
v -0.88482111 -0.07861402 -0.28647014
v -0.91240425 -0.13767932 -0.00702825
v -0.84205285 -0.19678155 -0.22836942
v -0.85587940 -0.22638911 -0.08829408
v -0.68326951 0.39758807 -0.36471272
v -0.78592809 0.39118517 -0.16049854
v -0.73671116 0.29406247 -0.35501052
v -0.68814015 0.51838768 -0.32022740
v -0.74697415 0.26117380 0.28067237
v -0.80836610 0.34313741 0.06681867
v -0.79367851 0.17207512 0.22211982
v -0.87949126 0.07158147 -0.33596268
v -0.89693642 0.29820497 -0.15066118
v -0.82826711 0.19170150 -0.35638266
v -0.93937426 0.04034736 -0.20506377
v -0.83701182 0.30530066 -0.26349691
v -0.59821533 0.69404434 -0.17169932
v -0.71839057 0.46592534 -0.08627179
v -0.67347279 0.63742034 -0.25750953
v -0.69956155 0.48693368 -0.19661964
v -0.92157571 -0.01853630 0.09039052
v -0.91143774 0.26715250 -0.00374988
v -0.87960154 0.08177625 0.16368112
v -0.95424846 0.00849642 -0.05437485
v -0.87451970 0.22498295 0.11649153
v -0.94878156 0.16255398 -0.10514002
v -0.28414479 0.87355874 0.19049823
v -0.48911296 0.78070325 0.29387640
v -0.27033413 0.88911329 0.32630689
v -0.36885395 0.85232365 0.10113732
v -0.73888303 0.36064369 0.40540207
v -0.59833908 0.55266474 0.34055967
v -0.62567130 0.36534038 0.47537035
v -0.74744692 0.39139081 0.28060333
v -0.17071274 0.64945046 0.47654181
v -0.45686723 0.72865338 0.41489240
v -0.22571314 0.79586358 0.42899880
v -0.29818310 0.66985392 0.62061898
v -0.33428979 0.73519362 0.33826563
v -0.51660663 0.75848824 -0.07381820
v -0.54234150 0.70338074 0.18689909
v -0.47182784 0.85410601 0.01126967
v -0.63270166 0.69348892 -0.03875954
v -0.48601492 0.82372642 0.15499759
v -0.46144676 0.42083499 0.66460552
v -0.53479914 0.60171103 0.44583684
v -0.55367497 0.39845361 0.57856388
v -0.35130262 0.49686923 0.59310454
v -0.57505389 0.47828229 0.45536379
v -0.40979470 0.61764176 0.51335368
v -0.73121884 0.43845545 0.04369010
v -0.63797247 0.60891018 0.23107612
v -0.73430700 0.41253131 0.15538296
v -0.71945621 0.58625278 0.00359274
v -0.72541995 0.52618303 0.26876169
v -0.64657666 0.66377761 0.10180667
v 0.04674872 0.16925849 0.87567896
v -0.03899830 -0.06168723 0.82087039
v 0.14089897 0.07650265 0.86281684
v -0.08133008 0.18411401 0.88151059
v -0.18016784 -0.44684311 0.63427677
v -0.13137855 -0.30559113 0.85757251
v 0.31596488 -0.11193580 0.81544410
v 0.05478824 -0.16791866 0.89784350
v 0.24017884 -0.02000854 0.87204644
v 0.10167688 -0.04722148 0.92145775
v -0.33849533 0.19137965 0.82146044
v -0.15921563 -0.05612384 0.80234253
v -0.18452381 0.16449364 0.74187246
v -0.13166238 0.06025411 0.90566196
v -0.69436505 -0.56001876 -0.07857480
v -0.58265390 -0.59754404 0.14323952
v -0.57445747 -0.62602930 -0.07920122
v -0.72290008 -0.46114925 0.00255037
v -0.32444814 -0.62153101 0.55309087
v -0.50199365 -0.67026440 0.37817913
v -0.39229180 -0.82714301 -0.08129976
v -0.50999536 -0.71884146 0.14997562
v -0.49249135 -0.73724950 -0.08238719
v -0.53746469 -0.66492461 0.03484136
v -0.74441770 -0.26752099 0.15541402
v -0.64150630 -0.52589779 0.23029697
v -0.72950515 -0.35687886 0.08143413
v -0.71450361 -0.51883067 0.12349921
v 0.13200577 -0.93828363 -0.02991651
v 0.02190039 -0.85279916 0.17400796
v 0.00618888 -0.95281171 -0.04811074
v 0.21662033 -0.90716485 0.05850898
v -0.16757166 -0.61047527 0.50048092
v -0.08857420 -0.86164635 0.40290710
v -0.29316882 -0.75407028 0.50590680
v -0.25419872 -0.90368568 -0.07393324
v -0.09886387 -0.84013068 0.16128967
v -0.10958848 -0.80896292 -0.05408630
v -0.30134516 -0.79962834 0.04144668
v -0.05287473 -0.96324652 0.06878405
v 0.37066352 -0.82250526 0.23443821
v 0.11221091 -0.91387483 0.28790323
v 0.30779601 -0.89839771 0.15382070
v 0.17141642 -0.95318147 0.18068840
v -0.44908063 -0.75467717 0.28733073
v -0.15450346 -0.76935325 0.26515943
v -0.34083442 -0.68698176 0.35887255
v -0.37987993 -0.78826000 0.16258865
v -0.22726986 -0.80060032 0.39307131
v -0.26030945 -0.91273142 0.18293680
v 0.58337309 -0.48391639 0.55447128
v 0.37031040 -0.56518454 0.63288032
v 0.50882679 -0.38123080 0.60505788
v 0.52219985 -0.55495518 0.46301000
v -0.11610627 -0.63120121 0.68175742
v 0.13861726 -0.62592158 0.68805423
v -0.08126790 -0.53782097 0.76486468
v -0.06650716 -0.72957221 0.60807692
v 0.41736768 -0.22674479 0.78661126
v 0.31208692 -0.47564972 0.70723291
v 0.44994964 -0.29519971 0.67264564
v 0.28355829 -0.25260125 0.82093178
v 0.43201749 -0.45108096 0.68932793
v 0.45928036 -0.77121663 0.34141715
v 0.32615926 -0.65845809 0.55775739
v 0.47654479 -0.64068718 0.39015354
v 0.32647815 -0.81015691 0.36503952
v 0.44634566 -0.63721285 0.53713490
v 0.00248912 -0.27540290 0.77382349
v 0.17146363 -0.49691254 0.72231229
v -0.03581188 -0.38494548 0.74854376
v 0.14104879 -0.27645236 0.83650183
v 0.05178574 -0.51968883 0.74584330
v 0.23564113 -0.39314766 0.79821947
v 0.04068221 -0.77155481 0.36813876
v 0.18542137 -0.67823227 0.57405398
v -0.00912372 -0.73164121 0.46506372
v 0.18367364 -0.83017579 0.38374305
v 0.06609745 -0.70560686 0.59382513
v 0.26457879 -0.76906590 0.49084528
v -0.74719832 0.12631831 0.48261716
v -0.62132749 -0.09515009 0.55402813
v -0.63359126 0.14215537 0.54891445
v -0.76040909 0.02611613 0.40096892
v -0.33317617 -0.50814849 0.64579948
v -0.52841996 -0.32697024 0.65887784
v -0.31745067 -0.43863396 0.76382721
v -0.41787642 -0.52913265 0.55635588
v -0.46993853 0.18153638 0.74345939
v -0.55904785 -0.08161912 0.67100833
v -0.56195488 0.16512505 0.65545049
v -0.36703029 0.05366243 0.73915040
v -0.59096084 0.03002362 0.60307434
v -0.75253104 -0.16212370 0.24159341
v -0.66665100 -0.19925250 0.49738252
v -0.75148017 -0.07140964 0.31485156
v -0.75111671 -0.30594227 0.29758956
v -0.74735797 -0.09203202 0.47247640
v -0.20005971 -0.17754913 0.74905537
v -0.49043912 -0.21740469 0.72663820
v -0.26498105 -0.31070858 0.79363733
v -0.32467241 -0.07661648 0.86659649
v -0.37089822 -0.29643432 0.67820849
v -0.43450379 -0.07866197 0.74280023
v -0.56243447 -0.53294298 0.35173524
v -0.57871068 -0.32150488 0.52462021
v -0.52217421 -0.56465788 0.47878187
v -0.67275486 -0.43521277 0.33317113
v -0.53114694 -0.44809653 0.57408969
v -0.68153021 -0.32121552 0.42638238
v 0.14033964 0.30850859 0.81720464
v 0.24317389 0.36497364 0.78273293
v 0.42939674 0.44832011 0.64971078
v 0.32889068 0.39768731 0.70040649
v 0.68384362 0.50299846 0.24688838
v 0.65624776 0.51813238 0.36923062
v 0.47027154 0.43942595 0.51899064
v 0.56083281 0.47875410 0.44980637
v -0.69065029 -0.50800508 -0.24934579
v -0.64277822 -0.50749766 -0.36165213
v -0.48596005 -0.45408544 -0.53630445
v -0.56084079 -0.47876090 -0.44981277
v -0.14907624 -0.32771425 -0.86807829
v -0.22695122 -0.34062544 -0.73051508
v -0.42823209 -0.44710413 -0.64794857
v -0.34736237 -0.42002287 -0.73974385
v -0.67271996 -0.55954046 -0.19598506
v -0.55106333 -0.62091915 -0.18979836
v -0.64835603 -0.55870892 -0.25245613
v -0.36918069 -0.80849063 -0.19779050
v -0.47622767 -0.73325686 -0.19941440
v -0.57970201 -0.53977692 -0.35316413
v -0.52861695 -0.62127420 -0.24400664
v -0.61639871 -0.55165296 -0.30529239
v -0.58316647 -0.58733883 -0.24651305
v 0.11496339 -0.87694340 -0.14153109
v -0.00412721 -0.96112162 -0.17354887
v -0.25053289 -0.85950693 -0.19016517
v -0.11585285 -0.80901812 -0.16200195
v -0.45109112 -0.51351674 -0.55515410
v -0.43487053 -0.64122441 -0.47834433
v -0.47784254 -0.51376450 -0.49875185
v -0.32834122 -0.78008966 -0.24607137
v -0.40107877 -0.75075250 -0.37920081
v -0.40763295 -0.79640582 -0.26390347
v -0.54047169 -0.52673885 -0.40026843
v -0.45963787 -0.63499444 -0.41806292
v -0.50703243 -0.51763926 -0.44699441
v -0.52195029 -0.57429190 -0.34944460
v -0.46909509 -0.57420436 -0.45930432
v -0.48984291 -0.67873195 -0.25066470
v -0.44815236 -0.69798599 -0.37212477
v -0.45677492 -0.74645993 -0.26067616
v -0.50499828 -0.62458828 -0.29968087
v -0.43273924 -0.75476713 -0.32233267
v -0.48223053 -0.62955105 -0.35787848
v -0.06678709 -0.31538908 -0.75435437
v -0.03257902 -0.40544040 -0.67928157
v -0.12864423 -0.38493422 -0.83248514
v 0.03794013 -0.69322834 -0.65091364
v -0.00032743 -0.55229592 -0.68516105
v -0.21330553 -0.40161931 -0.71715622
v -0.08264952 -0.45626762 -0.70168221
v -0.18009067 -0.40953911 -0.80330090
v -0.10553637 -0.42746416 -0.77249943
v 0.17461677 -0.93577785 -0.20589121
v 0.13275563 -0.82864084 -0.30154651
v 0.09759490 -0.83023703 -0.19060925
v 0.07027784 -0.72646428 -0.51573800
v 0.09597727 -0.73328794 -0.38407223
v -0.01967359 -0.93702746 -0.23413063
v 0.07011802 -0.79992249 -0.29949329
v 0.04235484 -0.87890946 -0.21061552
v 0.08257426 -0.80187791 -0.24112606
v -0.41729645 -0.51359162 -0.62614653
v -0.27021799 -0.55180391 -0.59233165
v -0.37959829 -0.50450694 -0.67737548
v -0.40909735 -0.57920047 -0.58826175
v -0.01409781 -0.66618910 -0.57422861
v -0.15849940 -0.67243474 -0.64473155
v -0.02981977 -0.58552207 -0.57959400
v -0.26147813 -0.42565633 -0.68933210
v -0.22551690 -0.53009321 -0.62318502
v -0.32444191 -0.47261521 -0.69769292
v -0.20348634 -0.47224987 -0.71105435
v -0.29751080 -0.51562007 -0.64586722
v -0.37561505 -0.69003348 -0.48934637
v -0.25246407 -0.59686788 -0.54044022
v -0.39594591 -0.64049081 -0.54330702
v -0.33770779 -0.60807030 -0.58212930
v -0.06195933 -0.48412685 -0.63635441
v -0.17812871 -0.62236433 -0.68817462
v -0.04503880 -0.52316538 -0.59602686
v -0.14500600 -0.53713172 -0.75448954
v -0.09645986 -0.58714953 -0.61376366
v -0.19310411 -0.54996292 -0.70620800
v -0.25719526 -0.80132746 -0.23908290
v -0.18916493 -0.86365801 -0.37256500
v -0.21872305 -0.90269599 -0.25750380
v -0.27702590 -0.75185048 -0.28879614
v 0.00702794 -0.76075110 -0.55478719
v -0.07760923 -0.69816377 -0.39944934
v 0.02565108 -0.81302518 -0.51236604
v -0.05480774 -0.63417963 -0.48791119
v -0.07502261 -0.79473764 -0.20787462
v -0.10818309 -0.76912382 -0.31947717
v -0.13990581 -0.83949450 -0.22912600
v -0.03622218 -0.87333175 -0.28247638
v -0.16621800 -0.86576290 -0.30301165
v -0.34471733 -0.72242312 -0.42178938
v -0.21371342 -0.81477215 -0.42867733
v -0.30924889 -0.73560092 -0.35239317
v -0.28293557 -0.67203692 -0.45056573
v -0.24313303 -0.77061232 -0.35024353
v 0.05711710 -0.81746504 -0.37250884
v -0.06246959 -0.73160119 -0.35485495
v 0.04292004 -0.82896014 -0.44690147
v 0.01198646 -0.90426335 -0.35095518
v -0.02293748 -0.78999722 -0.43871288
v -0.05008750 -0.79468624 -0.31936587
v -0.20411889 -0.68514125 -0.58624701
v -0.16270719 -0.79431518 -0.48020241
v -0.13192286 -0.69846147 -0.56680333
v -0.23647945 -0.65471397 -0.49836134
v -0.10277538 -0.69606559 -0.47586377
v -0.22577970 -0.73287500 -0.46587275
v 0.13780147 0.23698285 0.84077386
v 0.23551543 0.14915775 0.85384875
v 0.18497417 0.25944278 0.80654162
v 0.41210246 -0.03903381 0.81030403
v 0.31668832 0.05382385 0.81371665
v 0.28892006 0.31606609 0.77685188
v 0.28388716 0.17423870 0.82358695
v 0.24276480 0.29518121 0.81246328
v 0.24019303 0.22270852 0.83634454
v 0.65224521 -0.38744676 0.54030859
v 0.62660565 -0.31718430 0.64448483
v 0.45033957 -0.12225834 0.70407729
v 0.53619174 -0.21563286 0.67862131
v 0.45382324 0.37967124 0.61177908
v 0.45199150 0.24898277 0.65953906
v 0.43362992 0.38189155 0.68208139
v 0.43985812 -0.01386676 0.74145803
v 0.44738434 0.11915260 0.70232080
v 0.42123238 0.03252805 0.79720392
v 0.33266379 0.33294233 0.73216469
v 0.43363809 0.24462331 0.73455229
v 0.38764623 0.36225774 0.71764265
v 0.33221116 0.26517283 0.76059448
v 0.43463431 0.31328136 0.70987989
v 0.32524133 0.12377686 0.80108906
v 0.43110609 0.17327152 0.75806419
v 0.37762807 0.07994556 0.81067038
v 0.32971865 0.19493389 0.78373967
v 0.42719506 0.10364277 0.77896016
v 0.39035401 0.22454933 0.77666966
v 0.68377842 0.42083733 0.20709582
v 0.73743425 0.32541470 0.26802838
v 0.67675861 0.43062223 0.26538949
v 0.84054233 0.10911719 0.39657437
v 0.80879204 0.22795707 0.33882018
v 0.66897291 0.45539710 0.39479926
v 0.70092322 0.31903156 0.31573251
v 0.67394158 0.44343210 0.32885250
v 0.68065266 0.36949061 0.28728901
v 0.65650985 -0.34759276 0.46030951
v 0.71715970 -0.24592351 0.45629620
v 0.65021265 -0.31744441 0.51189299
v 0.83604939 -0.01749419 0.43829546
v 0.79572500 -0.14027283 0.46015959
v 0.64377865 -0.25457866 0.62875104
v 0.68238498 -0.20337744 0.48787714
v 0.64800908 -0.28734747 0.56965956
v 0.65843839 -0.25650890 0.49356886
v 0.48290519 0.38267337 0.54416478
v 0.64294697 0.32571270 0.56784968
v 0.53702970 0.40832698 0.52053665
v 0.49173303 0.32561967 0.58044667
v 0.78332444 0.10087460 0.43955851
v 0.66241781 0.19653794 0.46652866
v 0.77469393 0.16036765 0.41378494
v 0.64775999 0.45682628 0.45764687
v 0.65827666 0.32526524 0.50152980
v 0.60142894 0.43992478 0.49908788
v 0.66543877 0.38473049 0.41288400
v 0.62913969 0.38743430 0.53918995
v 0.50138098 0.20290495 0.64288417
v 0.64455558 0.25630149 0.59876933
v 0.49863008 0.26553691 0.61445389
v 0.58299958 0.30202707 0.60804404
v 0.73007092 0.26860823 0.35029690
v 0.65994023 0.25411036 0.44610945
v 0.75624300 0.21695532 0.38333390
v 0.67292884 0.31399117 0.36710747
v 0.70106032 0.20454903 0.42199598
v 0.66034415 0.31660912 0.42870131
v 0.46703366 -0.06458729 0.69154646
v 0.63000251 -0.03906301 0.68805086
v 0.51859965 -0.11103320 0.69167663
v 0.48021562 0.00105814 0.68739644
v 0.78073770 0.02797989 0.46357883
v 0.65527516 -0.00474237 0.53285470
v 0.76782946 -0.03307380 0.47752792
v 0.71512140 0.08041047 0.47452547
v 0.62402620 -0.21199324 0.67803681
v 0.64377708 -0.08333395 0.63617173
v 0.58003403 -0.16298513 0.69775923
v 0.64515252 -0.18693729 0.60126042
v 0.61175142 -0.10256829 0.70065599
v 0.49895398 0.13451212 0.66542103
v 0.63668471 0.03449989 0.67185756
v 0.49162310 0.06807974 0.67952014
v 0.59029245 0.16393207 0.67123219
v 0.57289947 0.01740515 0.70183288
v 0.71527482 -0.14834675 0.48769223
v 0.64871365 -0.06225536 0.55035853
v 0.74525570 -0.09266749 0.48536106
v 0.65605865 -0.16141190 0.52376266
v 0.69213222 -0.04704548 0.50490160
v 0.64476612 -0.12238073 0.57335760
v 0.65034870 0.18759386 0.53750891
v 0.64543521 0.04913141 0.58313516
v 0.66359110 0.13036087 0.49169002
v 0.64397202 0.18280768 0.62450692
v 0.66119281 0.06277705 0.51396030
v 0.64133550 0.10851056 0.64898937
v 0.22584146 -0.90671148 -0.09438190
v 0.31652944 -0.90326456 -0.00667733
v 0.47241817 -0.82257242 0.16963402
v 0.38579183 -0.84387378 0.07970311
v 0.65930722 -0.47918668 0.46529631
v 0.64832832 -0.59937537 0.41374782
v 0.49464379 -0.69779777 0.23348038
v 0.56992251 -0.65381659 0.32033498
v -0.70108080 -0.43148623 -0.21233618
v -0.70676590 -0.31188138 -0.25688164
v -0.69589349 -0.44279778 -0.27289319
v -0.78257697 -0.10159227 -0.36922587
v -0.74933557 -0.21119933 -0.31391261
v -0.66815742 -0.45484197 -0.39431800
v -0.69192913 -0.31493781 -0.31168110
v -0.68669949 -0.45182639 -0.33507777
v -0.69224178 -0.37578173 -0.29218053
v -0.67312222 0.35638828 -0.47195721
v -0.68733452 0.23569607 -0.43731979
v -0.77839387 0.01628776 -0.40806979
v -0.73722913 0.12996100 -0.42633203
v -0.50024311 -0.39641262 -0.56370211
v -0.63221760 -0.32027727 -0.55837353
v -0.54190812 -0.41203625 -0.52526525
v -0.72741745 -0.09367504 -0.40818659
v -0.67381334 -0.19991897 -0.47455432
v -0.72163703 -0.14938446 -0.38544582
v -0.63456131 -0.44751805 -0.44832192
v -0.66505686 -0.32861545 -0.50669552
v -0.59002749 -0.43158501 -0.48962654
v -0.67822978 -0.39212575 -0.42082043
v -0.61477479 -0.37858817 -0.52687884
v -0.69923397 -0.25726268 -0.33550095
v -0.67648619 -0.26048139 -0.45729426
v -0.71081734 -0.20392335 -0.36030798
v -0.68409536 -0.31920151 -0.37319921
v -0.68426498 -0.19964864 -0.41188620
v -0.67906359 -0.32558436 -0.44085414
v -0.14638006 -0.25173580 -0.89311477
v -0.21980368 -0.13920711 -0.79688661
v -0.18881085 -0.26482407 -0.82327068
v -0.41098472 0.03892794 -0.80810624
v -0.33447468 -0.05684680 -0.85941792
v -0.28557138 -0.31240278 -0.76784792
v -0.28059682 -0.17221922 -0.81404132
v -0.22632823 -0.27519575 -0.75745486
v -0.22393058 -0.20762988 -0.77971922
v -0.65873736 0.39130323 -0.54568658
v -0.61374451 0.31067406 -0.63125672
v -0.66859697 0.32641993 -0.52636642
v -0.46536314 0.12633694 -0.72756569
v -0.53619936 0.21563593 -0.67863096
v -0.67362876 0.20076775 -0.48161680
v -0.64299388 0.25426832 -0.62798458
v -0.66964928 0.26087634 -0.50197260
v -0.66027608 0.29278704 -0.58044338
v -0.46087922 -0.38557432 -0.62129093
v -0.46424469 -0.25573252 -0.67741872
v -0.43122254 -0.37977141 -0.67829470
v -0.50696984 -0.33570930 -0.59843235
v -0.44669697 0.01408236 -0.75298611
v -0.45951263 -0.12238275 -0.72136024
v -0.41889383 -0.03234747 -0.79277811
v -0.35250824 -0.35280339 -0.77584063
v -0.43179204 -0.24358192 -0.73142521
v -0.39828012 -0.37219517 -0.73732899
v -0.35218448 -0.28111565 -0.80632323
v -0.43239993 -0.31167084 -0.70623052
v -0.63724144 -0.25339309 -0.59197475
v -0.51256835 -0.20743239 -0.65722892
v -0.57326298 -0.29698295 -0.59788917
v -0.51136416 -0.27231823 -0.63014590
v -0.34464300 -0.13116054 -0.84887655
v -0.42927082 -0.17253388 -0.75483702
v -0.38798715 -0.08213862 -0.83290865
v -0.34954212 -0.20665378 -0.83085997
v -0.42499892 -0.10310996 -0.77495566
v -0.39767850 -0.22876271 -0.79124288
v -0.72501532 -0.02598293 -0.43049254
v -0.66654782 0.00482395 -0.54202137
v -0.71524268 0.03080865 -0.44482319
v -0.68606974 -0.07714381 -0.45524797
v -0.48380174 0.06690619 -0.71637529
v -0.61948916 0.03841114 -0.67656881
v -0.52331064 0.11204184 -0.69795987
v -0.49509555 -0.00109092 -0.70869607
v -0.68506283 0.14208084 -0.46709294
v -0.66497814 0.06381622 -0.56415707
v -0.70049002 0.08710119 -0.45620662
v -0.66694522 0.16409035 -0.53245393
v -0.67555077 0.04591841 -0.49280565
v -0.66724249 -0.19246689 -0.55147151
v -0.66220136 -0.05040767 -0.59828297
v -0.67117161 -0.13185005 -0.49730683
v -0.63938663 -0.18150601 -0.62006014
v -0.66874593 -0.06349419 -0.51983151
v -0.61131113 0.20767369 -0.66422122
v -0.65040793 0.08419228 -0.64272425
v -0.56903817 0.15989538 -0.68453163
v -0.65755359 0.19053059 -0.61281780
v -0.59778354 0.10022639 -0.68465820
v -0.66304396 0.12584999 -0.58961114
v -0.51008720 -0.13751350 -0.68026864
v -0.62945988 -0.03410840 -0.66423361
v -0.50417823 -0.06981837 -0.69687381
v -0.57810227 -0.16054669 -0.65737051
v -0.56333154 -0.01711447 -0.69011165
v -0.63676889 -0.10773791 -0.64436826
v 0.07523333 0.35527482 0.84975393
v 0.03522396 0.43835619 0.73442924
v 0.12633000 0.37800949 0.81750925
v -0.03531303 0.64522686 0.60584218
v 0.00030211 0.50959193 0.63218381
v 0.22256416 0.41905179 0.74828473
v 0.09177472 0.50664339 0.77915380
v 0.16946106 0.38536661 0.75588713
v 0.11044462 0.44734451 0.80842656
v -0.15501302 0.83072062 0.18277636
v -0.12278712 0.76641890 0.27890363
v -0.07550614 0.78050940 0.55410619
v -0.10402020 0.79473774 0.41625763
v 0.41131260 0.50622694 0.61716787
v 0.28581693 0.58365803 0.62652532
v 0.35913389 0.47730864 0.64085772
v 0.01312053 0.62000815 0.53442246
v 0.15245900 0.64680828 0.62016085
v 0.03013508 0.59171340 0.58572265
v 0.27621553 0.44964712 0.72818415
v 0.23710622 0.55733472 0.65521052
v 0.31465068 0.45835231 0.67663747
v 0.20249683 0.46995342 0.70759665
v 0.30128765 0.52216579 0.65406640
v 0.07044602 0.55043863 0.72351709
v 0.16614235 0.58048514 0.64186703
v 0.04943369 0.57421589 0.65418721
v 0.14008193 0.51889197 0.72886884
v 0.10624409 0.64670598 0.67601968
v 0.18307125 0.52138920 0.66951645
v 0.68247297 0.56765260 0.19882643
v 0.53558045 0.60347357 0.18446571
v 0.66287331 0.57121892 0.25810885
v 0.36035978 0.78917320 0.19306465
v 0.47845413 0.73668497 0.20034670
v 0.58352366 0.54333536 0.35549234
v 0.50991472 0.59929380 0.23537379
v 0.62981448 0.56365955 0.31193701
v 0.58405526 0.58823398 0.24688876
v -0.10691788 0.81557209 0.13162630
v 0.00389857 0.90787713 0.16393456
v -0.09812148 0.83471668 0.19163771
v 0.24280350 0.83298961 0.18429823
v 0.13162341 0.91914639 0.18405460
v -0.07798254 0.88964265 0.33308478
v 0.01777778 0.84673278 0.21156913
v -0.08928078 0.86700490 0.26070986
v -0.04581441 0.95069920 0.22781869
v 0.45271199 0.51536193 0.55714890
v 0.43045763 0.63471752 0.47349027
v 0.46775797 0.50292183 0.48822600
v 0.39540753 0.55981840 0.56857646
v 0.33692154 0.80047521 0.25250178
v 0.37837354 0.70825211 0.35773410
v 0.38449485 0.75120016 0.24892376
v 0.52939517 0.51594376 0.39206525
v 0.46221416 0.63855361 0.42040618
v 0.48903558 0.49926593 0.43112858
v 0.50387957 0.55440903 0.33734629
v 0.46697332 0.57160717 0.45722684
v 0.27098947 0.64066507 0.58009684
v 0.35515949 0.65245506 0.46269714
v 0.32694619 0.58869317 0.56357881
v 0.37523072 0.60698146 0.51488215
v 0.48765036 0.67569391 0.24954271
v 0.44537446 0.69365948 0.36981813
v 0.45229982 0.73914673 0.25812227
v 0.49045658 0.60660292 0.29105139
v 0.41645667 0.72636769 0.31020434
v 0.47820975 0.62430193 0.35489454
v -0.00632416 0.68456890 0.49923037
v 0.08772778 0.78918902 0.45152877
v -0.02397625 0.75994073 0.47891238
v 0.05990181 0.69312310 0.53325982
v 0.26408844 0.82280411 0.24549065
v 0.18086161 0.82574806 0.35621140
v 0.20428577 0.84311160 0.24050671
v 0.29734627 0.80700012 0.30997987
v -0.06156648 0.88114495 0.40152700
v 0.06665616 0.78063146 0.37863653
v -0.04317477 0.83388016 0.44955391
v -0.01127688 0.85073272 0.33017932
v 0.02102220 0.72403249 0.40208037
v 0.19289628 0.64747166 0.55401470
v 0.16037224 0.78291625 0.47331120
v 0.13643449 0.72234819 0.58618746
v 0.24745676 0.68510562 0.52149513
v 0.11461945 0.77628181 0.53070341
v 0.07924985 0.83951806 0.21958756
v 0.12221535 0.86888571 0.36091607
v 0.15270086 0.91627024 0.25008065
v 0.03301161 0.79592364 0.25743897
v 0.16891399 0.87980524 0.30792638
v 0.04896151 0.77682138 0.31218640
v 0.33743015 0.70715140 0.41287293
v 0.19977135 0.76161868 0.40071161
v 0.32111116 0.76381733 0.36591038
v 0.29976848 0.71201894 0.47737159
v 0.24612470 0.78009441 0.35455314
v 0.22168863 0.71959548 0.45743125
v -0.66586967 0.48395629 -0.46992766
v -0.63502132 0.58707313 -0.40525561
v -0.51114537 0.72107668 -0.24126941
v -0.56993062 0.65382589 -0.32033954
v -0.23990083 0.96315722 0.10025748
v -0.29541306 0.84300578 0.00623187
v -0.47113683 0.82034136 -0.16917392
v -0.40745929 0.89126878 -0.08417953
v 0.69500961 0.52690881 0.13376693
v 0.69059422 0.59168035 0.02127020
v 0.67439844 0.59589832 0.14134893
v 0.54032246 0.58942985 -0.19068788
v 0.61416568 0.59295872 -0.09050340
v 0.52029121 0.62151354 0.13025072
v 0.61637404 0.61367968 0.02268862
v 0.59499535 0.61166059 0.13605589
v 0.65257471 0.61239729 0.08135552
v 0.27954267 0.60659174 -0.59304677
v 0.37126789 0.63926840 -0.51497400
v 0.52476396 0.65253521 -0.31644461
v 0.43815259 0.63165589 -0.40651459
v 0.34831650 0.82487587 0.13706062
v 0.41152836 0.77924836 0.02184606
v 0.39561788 0.77501851 0.13623754
v 0.52782582 0.67620733 -0.20382150
v 0.48643343 0.75458159 -0.09359471
v 0.52995831 0.63611484 -0.14191911
v 0.49869744 0.69934964 0.13762585
v 0.47950875 0.76675313 0.02400716
v 0.46375372 0.76367359 0.14208404
v 0.51155158 0.65177481 0.07734016
v 0.43906828 0.77478718 0.08112848
v 0.57147241 0.60604609 -0.03421491
v 0.50725484 0.73500171 -0.03589629
v 0.54007923 0.60856852 -0.08598931
v 0.53506781 0.62119414 0.02138146
v 0.52105785 0.68742138 -0.09069799
v 0.51101301 0.69454537 0.02256813
v -0.06297738 -0.20803117 -0.78973103
v -0.02165605 -0.09763024 -0.78071142
v -0.12168631 -0.18885947 -0.89709585
v 0.06720726 0.13152120 -0.92268576
v 0.01953413 0.00740413 -0.86959386
v -0.20209771 -0.08578231 -0.82123108
v -0.06862097 -0.06094239 -0.83195009
v -0.17053799 -0.14034397 -0.89200629
v -0.09472862 -0.12290094 -0.87285934
v 0.22808035 0.57082930 -0.70234958
v 0.17762483 0.43577614 -0.71819819
v 0.10439971 0.23509214 -0.83259083
v 0.13325151 0.31710242 -0.73019769
v -0.39543312 0.10251833 -0.82916757
v -0.24629435 0.12236588 -0.81448461
v -0.35972955 0.05539537 -0.86187493
v 0.01554492 0.16914482 -0.84948850
v -0.12892999 0.16083329 -0.91931068
v -0.00529224 0.10566538 -0.80735463
v -0.24776640 -0.03925889 -0.81665809
v -0.20399047 0.07652305 -0.82307769
v -0.30746180 0.00588540 -0.85536881
v -0.18773886 -0.02848506 -0.85728408
v -0.27686021 0.06631486 -0.83762688
v -0.04487476 -0.00268266 -0.79500027
v -0.15254746 0.09851686 -0.92571996
v -0.02471410 0.04958600 -0.78476034
v -0.12654730 -0.01696437 -0.92589550
v -0.07208187 0.09982367 -0.84013561
v -0.17239991 0.03348285 -0.89846551
v -0.63649365 0.46131920 -0.53237954
v -0.51172706 0.48757953 -0.55507172
v -0.61361624 0.42026055 -0.57504692
v -0.62074576 0.51287746 -0.49931757
v -0.31950113 0.59148253 -0.65911076
v -0.43054604 0.55405432 -0.62361019
v -0.54891010 0.32794114 -0.63909527
v -0.49062739 0.44927404 -0.59677454
v -0.58351707 0.37495387 -0.61062861
v -0.54697217 0.43261878 -0.58261029
v -0.56955050 0.59607269 -0.41985419
v -0.49743077 0.53765424 -0.52450937
v -0.59760531 0.55796898 -0.46098405
v -0.55388078 0.52236592 -0.50922743
v 0.16657116 0.57736684 -0.62075655
v 0.05300956 0.64899618 -0.70411616
v 0.14528603 0.51370218 -0.63346516
v -0.19834589 0.61112597 -0.67476928
v -0.06726162 0.56028563 -0.61321600
v 0.11368479 0.42779181 -0.70405068
v 0.03471208 0.59556408 -0.73915140
v 0.12746261 0.46307875 -0.65795558
v 0.09310695 0.55128809 -0.68189534
v -0.42740614 0.15392746 -0.77509084
v -0.40151010 0.29887444 -0.78812644
v -0.45269154 0.19499207 -0.73230187
v -0.38229719 0.17602966 -0.83712578
v -0.28183962 0.53032851 -0.67788140
v -0.35883419 0.43970252 -0.77148049
v -0.35989232 0.54892810 -0.70721897
v -0.51184536 0.27995318 -0.66609022
v -0.42515134 0.33683823 -0.73830199
v -0.48026980 0.23653337 -0.69550997
v -0.48932370 0.34512735 -0.65241235
v -0.43930460 0.26529353 -0.73593633
v -0.22466859 0.18641047 -0.79854672
v -0.33985069 0.31780824 -0.82145117
v -0.30948056 0.18737488 -0.84424502
v -0.36436372 0.24949734 -0.83657662
v -0.44865013 0.48208325 -0.63317743
v -0.40874157 0.41261262 -0.73809010
v -0.41175877 0.52209800 -0.67869237
v -0.46820910 0.41213336 -0.64130220
v -0.38874239 0.48506708 -0.73088381
v -0.44658658 0.37489757 -0.68886518
v -0.47474235 0.76885431 -0.27228832
v -0.43727535 0.76348720 -0.40823009
v -0.49287874 0.71704868 -0.30543584
v -0.28886291 0.62156545 -0.60328038
v -0.38106150 0.72844912 -0.53538327
v -0.36735050 0.64581454 -0.62799858
v -0.53901423 0.63289369 -0.37750405
v -0.45347888 0.70483059 -0.43740850
v -0.51374077 0.67134211 -0.33998324
v -0.50975635 0.61056013 -0.43537797
v -0.47366619 0.71167198 -0.37094949
v -0.45566836 0.57325435 -0.55863026
v -0.43046471 0.69480973 -0.50734815
v -0.41907455 0.61713449 -0.60098462
v -0.48194636 0.59058893 -0.49538580
v -0.40360240 0.67810792 -0.57304159
v -0.46750769 0.64667572 -0.46664242
v 0.04293765 0.25118674 -0.88824175
v -0.04159119 0.31682684 -0.73390984
v 0.06567368 0.31481422 -0.88401257
v -0.02497700 0.20645262 -0.76491699
v -0.20972976 0.53625344 -0.67984361
v -0.14121491 0.48757675 -0.81782494
v -0.16552791 0.59634649 -0.75146946
v -0.23364818 0.47053658 -0.69159808
v 0.10027863 0.39882941 -0.77330315
v -0.02345871 0.36772783 -0.71710672
v 0.08527140 0.36450385 -0.84017266
v 0.06146994 0.49018436 -0.81045469
v 0.01762193 0.35296935 -0.81534412
v -0.17210481 0.21701766 -0.88352713
v -0.12173625 0.36024859 -0.86065517
v -0.09917924 0.22425587 -0.87085788
v -0.20420539 0.25477107 -0.79805557
v -0.06839135 0.27287848 -0.79515098
v -0.02866058 0.51174743 -0.63838861
v -0.06566456 0.42905090 -0.71430065
v -0.09068580 0.54752846 -0.68617890
v 0.01317955 0.51881198 -0.74121667
v -0.11676861 0.52772403 -0.76219456
v -0.00638445 0.43686851 -0.72518877
v -0.30563745 0.37885028 -0.78468185
v -0.16991966 0.41933875 -0.83534252
v -0.26806557 0.42494760 -0.73481803
v -0.24815434 0.30810042 -0.77354136
v -0.20018149 0.43976477 -0.74908794
v -0.18791116 0.33426263 -0.81751678
v -0.14464766 0.85291654 0.07776595
v -0.09306818 0.83005772 -0.02217591
v -0.08774043 0.85694621 0.08646833
v -0.21010413 0.95974310 0.04207320
v 0.00412309 0.95102388 -0.25260929
v -0.04998139 0.91045404 -0.13120396
v 0.02841255 0.86950561 0.10382937
v -0.04344854 0.96359222 -0.01677559
v -0.03395099 0.97610300 0.10763161
v -0.06726343 0.91415187 0.03765438
v -0.27504829 0.86189113 -0.04635421
v -0.14076435 0.87624491 -0.06564733
v -0.25410173 0.94520105 -0.00439702
v -0.17550725 0.92646372 -0.01483339
v 0.22069564 0.66676131 -0.62390959
v 0.15730291 0.69977059 -0.50233987
v 0.26361551 0.67198654 -0.57331593
v 0.13875569 0.59853536 -0.56410027
v 0.05752485 0.84402575 -0.33468876
v 0.10171687 0.72675697 -0.39523860
v 0.34291539 0.67676654 -0.47098108
v 0.21843716 0.77787268 -0.50405020
v 0.29378800 0.65159477 -0.50365621
v 0.24410650 0.73356208 -0.54568802
v 0.02726878 0.69225716 -0.66008912
v 0.09404619 0.68290944 -0.49545059
v 0.08617042 0.64139793 -0.60821592
v 0.11458358 0.63038533 -0.52115529
v 0.27534965 0.84691835 0.13140454
v 0.21501285 0.89887800 0.01022873
v 0.21551553 0.86715852 0.12673912
v 0.32035883 0.85627819 0.07684202
v 0.06440843 0.83603250 -0.21735412
v 0.14347591 0.90856559 -0.11324980
v 0.04086745 0.89879415 -0.17801245
v 0.08999897 0.86253576 0.11068930
v 0.15735154 0.94412476 0.00495502
v 0.16462779 0.94181004 0.12925013
v 0.05356496 0.83993567 0.04921508
v 0.19249639 0.93030354 0.06901551
v 0.38205748 0.80271438 -0.03924196
v 0.24393628 0.85619148 -0.04671867
v 0.35544592 0.83734025 0.01806850
v 0.27977175 0.85214471 0.01367836
v -0.01433840 0.98227706 -0.07693581
v 0.10957486 0.87253564 -0.05616835
v 0.01417304 0.95668221 -0.13143084
v 0.02225280 0.92253169 -0.00950644
v 0.07146460 0.83204758 -0.10894629
v 0.08000958 0.84330631 -0.00235831
v -0.45176148 0.83425877 -0.23085098
v -0.30026587 0.82348959 -0.24120216
v -0.42296571 0.87687252 -0.19018401
v -0.43286581 0.83294738 -0.29998890
v -0.03814071 0.86655458 -0.27924281
v -0.18842216 0.93367368 -0.28738821
v -0.06107326 0.83029555 -0.21485184
v -0.31609149 0.84832652 -0.09091294
v -0.26283896 0.84100159 -0.19799239
v -0.37471771 0.87958153 -0.14098040
v -0.25862178 0.89232806 -0.10436987
v -0.33749951 0.85405712 -0.19351970
v -0.37687537 0.79878190 -0.42817713
v -0.27181745 0.79890346 -0.29773428
v -0.40850899 0.82297185 -0.36766811
v -0.35990489 0.84241830 -0.30864069
v -0.10901762 0.83057297 -0.11367853
v -0.21793503 0.94794208 -0.23117695
v -0.08352141 0.81352955 -0.16011247
v -0.20218260 0.96558530 -0.12250165
v -0.13076319 0.86213057 -0.21682598
v -0.24122236 0.92752927 -0.16743743
v 0.49909817 0.69420703 -0.27217855
v 0.37607937 0.77694198 -0.28791406
v 0.45372849 0.67986929 -0.31747036
v 0.47268768 0.72530266 -0.21434072
v 0.09212045 0.78917503 -0.26591745
v 0.24293928 0.84055871 -0.29648551
v 0.11926495 0.78257212 -0.31724279
v 0.13497094 0.85387278 -0.22725773
v 0.39033548 0.69401850 -0.42795325
v 0.33493528 0.76682149 -0.33588550
v 0.41778207 0.67919325 -0.36817590
v 0.31402721 0.70877960 -0.42230607
v 0.39838368 0.73008288 -0.32960336
v 0.41051240 0.77098530 -0.09807743
v 0.35100839 0.81201401 -0.23056650
v 0.44137851 0.74862739 -0.15525427
v 0.35733596 0.83529137 -0.10583855
v 0.40413317 0.75397790 -0.21839439
v 0.18575595 0.79735817 -0.44467585
v 0.26257193 0.78697514 -0.33505104
v 0.15148914 0.79275288 -0.37972596
v 0.25561050 0.76627969 -0.44153907
v 0.20843840 0.86554032 -0.35930029
v 0.28623507 0.74229959 -0.37562547
v 0.21848882 0.90736450 -0.11546180
v 0.26986670 0.81229268 -0.22576465
v 0.18494611 0.92687618 -0.18176869
v 0.27733379 0.83875155 -0.10630409
v 0.21841446 0.89789644 -0.24434310
v 0.31560357 0.83103215 -0.16889312
v -0.21666609 0.62636069 -0.60616631
v -0.16380573 0.78104560 -0.57786652
v -0.17313220 0.69513091 -0.67069717
v -0.24720801 0.64668716 -0.54756638
v -0.00677608 0.89699895 -0.36018543
v -0.07278282 0.72202541 -0.40259424
v 0.02179804 0.88478602 -0.41796810
v -0.06841748 0.77077150 -0.30349470
v -0.03509631 0.59535164 -0.57002860
v -0.08533525 0.68458537 -0.50535973
v -0.09759702 0.63730944 -0.61276837
v -0.00108381 0.70410191 -0.58971208
v -0.13144542 0.71838498 -0.60629828
v -0.33447189 0.75342758 -0.47840411
v -0.19980151 0.80752252 -0.51793927
v -0.28897866 0.69662157 -0.51268045
v -0.28251884 0.75451675 -0.40852354
v -0.22120316 0.71284929 -0.52579702
v 0.07256754 0.75881361 -0.47895763
v -0.04889808 0.69820099 -0.44689127
v 0.04921534 0.83289444 -0.45718732
v 0.03892949 0.78299884 -0.57103132
v -0.01718731 0.80516303 -0.44560238
v -0.02647262 0.69782634 -0.51181338
v -0.22361754 0.88620005 -0.33636189
v -0.15902767 0.84468732 -0.46454787
v -0.14931354 0.87553162 -0.33833423
v -0.24539341 0.78982912 -0.36055876
v -0.10827382 0.79097663 -0.37152164
v -0.22375382 0.79988106 -0.43679813
v 0.69025351 0.43470281 0.14149730
v 0.75713983 0.36761136 0.06839316
v 0.71166666 0.38476585 0.17004921
v 0.69402890 0.46760407 0.09042590
v 0.88893385 0.21274063 -0.09367507
v 0.84317643 0.30158626 -0.00952447
v 0.80339156 0.30180442 0.24137267
v 0.81713921 0.33124302 0.10209664
v 0.75595068 0.34456198 0.20464050
v 0.76262247 0.35884865 0.13704930
v 0.70989778 0.54303180 -0.01980636
v 0.73076674 0.38293713 0.01339093
v 0.70276326 0.50514955 0.03686306
v 0.70399343 0.41947148 0.05082614
v 0.73717655 -0.17485668 -0.35691653
v 0.79202775 -0.08560440 -0.30218429
v 0.89666518 0.11230577 -0.17579687
v 0.86566184 0.00948678 -0.24836320
v 0.88046809 0.06358050 0.35966558
v 0.91172126 0.09556414 0.22101598
v 0.87678801 0.12746073 0.33569751
v 0.92241005 0.15339314 -0.06524406
v 0.92573421 0.12557084 0.07905224
v 0.91217282 0.20323218 -0.02278234
v 0.84233662 0.24835837 0.27748234
v 0.90925929 0.15984416 0.19648208
v 0.86518416 0.19017244 0.30843355
v 0.86101666 0.26754704 0.20846790
v 0.89744606 0.14423175 0.26715618
v 0.86363010 0.29395528 0.06176030
v 0.91656303 0.17548407 0.12248864
v 0.89364341 0.25111382 0.02011577
v 0.86821475 0.28296072 0.13554476
v 0.91885333 0.19007232 0.05028133
v 0.89765049 0.22371879 0.16741136
v 0.55926088 0.54617803 -0.22938676
v 0.72141675 0.49374439 -0.22711959
v 0.60664647 0.55740120 -0.18474352
v 0.84158137 0.22562339 -0.15063638
v 0.72571902 0.33208832 -0.17476930
v 0.82633465 0.27094877 -0.10938178
v 0.70099407 0.57081937 -0.08166207
v 0.72390888 0.46580715 -0.16338341
v 0.66424189 0.57442963 -0.13726359
v 0.71223770 0.48494362 -0.06123108
v 0.70051400 0.54027208 -0.18389584
v 0.76732863 0.34839023 -0.02715711
v 0.71753130 0.37743331 -0.13733971
v 0.80074890 0.31225828 -0.06755080
v 0.71332742 0.40049887 -0.04216629
v 0.75470709 0.31942584 -0.12149392
v 0.71254717 0.42839433 -0.10016204
v -0.02432747 -0.25732875 -0.74564431
v 0.09677129 -0.29859727 -0.82255411
v -0.00904746 -0.32241025 -0.75450139
v -0.00523198 -0.21488981 -0.78993161
v 0.32983496 -0.29760317 -0.74014490
v 0.22662000 -0.31491841 -0.82499370
v 0.02723585 -0.47720965 -0.78453886
v 0.10907108 -0.33922399 -0.75814306
v 0.00816046 -0.39881740 -0.77430536
v 0.05615498 -0.37394657 -0.85529425
v 0.03992856 -0.11952818 -0.90240234
v 0.11297981 -0.22907572 -0.79443920
v 0.01625277 -0.17077554 -0.84944989
v 0.06051529 -0.25107271 -0.89578374
v 0.74571400 -0.25388777 -0.47291619
v 0.60136746 -0.25114064 -0.51432014
v 0.44380449 -0.29482554 -0.69328029
v 0.55742937 -0.28925263 -0.63852383
v 0.09401573 -0.61890865 -0.56657412
v 0.19304568 -0.57895610 -0.66715196
v 0.08140778 -0.60906347 -0.64047078
v 0.35507713 -0.35919551 -0.72098592
v 0.28135016 -0.47966074 -0.71117220
v 0.29688283 -0.35978188 -0.74305398
v 0.04836016 -0.54687045 -0.76610741
v 0.16542814 -0.50247790 -0.67051365
v 0.06640492 -0.58962826 -0.71439531
v 0.09003839 -0.46541565 -0.74598563
v 0.11689067 -0.52135851 -0.61622893
v 0.17032200 -0.34356580 -0.74777555
v 0.22709234 -0.49353163 -0.75308127
v 0.25268652 -0.38260577 -0.81196133
v 0.12348509 -0.37938320 -0.70356516
v 0.27030021 -0.43726482 -0.76899220
v 0.14211056 -0.43324265 -0.67723738
v 0.12001296 0.11369504 -0.80798226
v 0.21353549 -0.00155195 -0.85741863
v 0.10524060 0.06254686 -0.86178035
v 0.35921610 -0.24255902 -0.75942006
v 0.29390219 -0.12594366 -0.82772934
v 0.30101025 -0.24347103 -0.78138083
v 0.06571848 -0.05771165 -0.92729540
v 0.18120258 -0.05795298 -0.81699385
v 0.08748268 0.00434436 -0.91012163
v 0.10236197 -0.11813624 -0.86042141
v 0.13543039 0.00109211 -0.78838728
v 0.17427276 -0.23223313 -0.78446198
v 0.24000638 -0.12961311 -0.87299999
v 0.25707018 -0.25907409 -0.85266759
v 0.13103933 -0.16650449 -0.77371313
v 0.27896775 -0.19301312 -0.84947821
v 0.15352204 -0.11166632 -0.78320346
v 0.23274725 -0.89192374 -0.16434366
v 0.33736637 -0.85864527 -0.21777417
v 0.22491487 -0.90266930 -0.22965356
v 0.27204624 -0.87167763 -0.11833293
v 0.51947200 -0.72181347 -0.30706337
v 0.41899171 -0.77278104 -0.25664139
v 0.19868852 -0.88223346 -0.35647848
v 0.31880443 -0.83116926 -0.27397393
v 0.21444271 -0.90365536 -0.29623515
v 0.26356033 -0.83704150 -0.24362994
v 0.36447871 -0.87269571 -0.03245189
v 0.37817209 -0.84337333 -0.17117806
v 0.32623306 -0.89500495 -0.07756767
v 0.33323026 -0.88002144 -0.14845566
v 0.74527934 -0.29508982 -0.40567835
v 0.72897781 -0.42667616 -0.40330374
v 0.73128029 -0.31743036 -0.46850619
v 0.54887418 -0.58167124 -0.31592207
v 0.63696529 -0.51025418 -0.35886844
v 0.57953603 -0.30513031 -0.50413973
v 0.65763534 -0.41942150 -0.43171768
v 0.65335152 -0.31196750 -0.48917208
v 0.70202271 -0.37437032 -0.45505469
v 0.11055708 -0.64575325 -0.50054296
v 0.25862708 -0.73238117 -0.50755041
v 0.12915856 -0.69466316 -0.46609902
v 0.16348282 -0.65245867 -0.56697170
v 0.50391560 -0.69674355 -0.36645579
v 0.38644772 -0.72359862 -0.44236920
v 0.45130737 -0.72008222 -0.33820369
v 0.17680011 -0.83116722 -0.40616997
v 0.26818740 -0.74514357 -0.44204963
v 0.15236642 -0.76294430 -0.43915832
v 0.24383348 -0.82890515 -0.37317410
v 0.21708166 -0.79314307 -0.50129066
v 0.26661848 -0.59728847 -0.65523022
v 0.29363695 -0.66121239 -0.51604695
v 0.22508376 -0.65871829 -0.64264211
v 0.24655463 -0.70818082 -0.58350222
v 0.37331618 -0.81175074 -0.30321336
v 0.33792466 -0.75235946 -0.41567708
v 0.40821404 -0.75709389 -0.31718711
v 0.30000112 -0.79668798 -0.32808832
v 0.39868286 -0.74305858 -0.38045991
v 0.28209419 -0.76498035 -0.38229948
v 0.49672755 -0.75263614 0.13739414
v 0.51274417 -0.72991228 0.00807243
v 0.48673758 -0.81842525 0.10141146
v 0.53472349 -0.67127334 -0.24753872
v 0.52527922 -0.70307028 -0.11891885
v 0.52046848 -0.74619540 -0.24031281
v 0.39943343 -0.84002462 0.01302490
v 0.50577039 -0.79666421 -0.03501573
v 0.44854619 -0.84132491 0.05738223
v 0.40873994 -0.83160182 -0.05561991
v 0.49744799 -0.80898651 0.03273758
v 0.41962827 -0.79678029 -0.19156693
v 0.51265938 -0.78191244 -0.10480733
v 0.47580332 -0.78295772 -0.21875689
v 0.41552148 -0.81708013 -0.12432299
v 0.51768851 -0.76564436 -0.17231704
v 0.47117335 -0.82534415 -0.08178869
v 0.42623818 -0.35980349 -0.69621440
v 0.46792072 -0.45502146 -0.59343088
v 0.46901745 -0.34680104 -0.64887047
v 0.39201921 -0.42286020 -0.69563058
v 0.54112123 -0.63312907 -0.38192893
v 0.52268315 -0.56334934 -0.50612386
v 0.54946283 -0.55847503 -0.37963823
v 0.48885770 -0.65415755 -0.42404594
v 0.56520334 -0.33176762 -0.57422064
v 0.53435963 -0.46231327 -0.57537724
v 0.53624761 -0.35138730 -0.63356633
v 0.56528121 -0.36541553 -0.50373148
v 0.50361752 -0.40590588 -0.61561311
v 0.29814671 -0.51633848 -0.64422582
v 0.43148107 -0.51462864 -0.58613059
v 0.34222433 -0.46829969 -0.66621169
v 0.32086425 -0.56875764 -0.59600657
v 0.41641195 -0.47419921 -0.64636911
v 0.60425715 -0.45655995 -0.40311440
v 0.55037661 -0.50673153 -0.51605034
v 0.56573634 -0.49712466 -0.38358248
v 0.57780402 -0.40591555 -0.44787495
v 0.55221031 -0.53567440 -0.44815559
v 0.55978018 -0.43534860 -0.51154179
v 0.37293743 -0.68370232 -0.50278849
v 0.44835868 -0.55826042 -0.52725930
v 0.42278850 -0.65635805 -0.45445267
v 0.34867106 -0.62973102 -0.55359726
v 0.46856891 -0.60553973 -0.47655075
v 0.39958883 -0.58470952 -0.58291442
v 0.66060507 -0.40079225 0.41681029
v 0.72962264 -0.40782490 0.32391553
v 0.68565489 -0.34824729 0.41159228
v 0.66113538 -0.45933744 0.39587240
v 0.86665497 -0.41507969 0.11320477
v 0.81747166 -0.42277550 0.22916779
v 0.78352599 -0.25800870 0.42584273
v 0.79222079 -0.37095963 0.33348701
v 0.73291928 -0.30446434 0.41850816
v 0.73713890 -0.35927986 0.37368757
v 0.66966189 -0.59081806 0.35382074
v 0.70125973 -0.44857227 0.28739056
v 0.66623757 -0.52414686 0.37603763
v 0.67320043 -0.44827700 0.33676730
v 0.73479668 -0.24192164 -0.33481723
v 0.78478511 -0.28970245 -0.23492974
v 0.75642701 -0.19669903 -0.30539272
v 0.73336091 -0.30467692 -0.33583693
v 0.87887924 -0.38890316 -0.01063811
v 0.85302411 -0.34664508 -0.13101035
v 0.85132337 -0.11283042 -0.26100549
v 0.84627052 -0.25521995 -0.21408518
v 0.80225429 -0.15599343 -0.28391768
v 0.79980213 -0.22509563 -0.26114707
v 0.73820977 -0.44403272 -0.34063062
v 0.75169811 -0.34056578 -0.22359539
v 0.73679404 -0.37306038 -0.33876264
v 0.73364043 -0.31885349 -0.27554403
v 0.87774427 -0.01317685 0.38495873
v 0.90366483 -0.13146666 0.29582735
v 0.86951082 -0.07761093 0.40327289
v 0.89968104 0.00358613 0.31739901
v 0.90427078 -0.35777267 0.10319571
v 0.91252742 -0.24659729 0.20168937
v 0.89189021 -0.36833311 0.16556031
v 0.82636506 -0.20172136 0.42579297
v 0.89660240 -0.19682756 0.31401283
v 0.85341461 -0.14149400 0.41772453
v 0.84215987 -0.26383851 0.38357049
v 0.88743248 -0.13795158 0.36014145
v 0.91743408 0.03521983 0.17514405
v 0.91214586 -0.11380270 0.22425007
v 0.91036622 0.01982858 0.24588579
v 0.90767292 -0.05606881 0.27089556
v 0.83983228 -0.37666894 0.28274492
v 0.90122171 -0.25683521 0.26494683
v 0.87141388 -0.37531571 0.22653732
v 0.84671235 -0.32297817 0.33521422
v 0.90097167 -0.31383407 0.21632896
v 0.88038756 -0.26275149 0.32771343
v 0.51532539 -0.69192685 0.17859453
v 0.67963131 -0.68377206 0.16089656
v 0.56262929 -0.68300564 0.22399631
v 0.53388356 -0.69612185 0.11733863
v 0.81758273 -0.45065997 0.07221304
v 0.69531048 -0.52482611 0.10760182
v 0.80049001 -0.45735474 0.13060937
v 0.65769450 -0.64936531 0.32041414
v 0.68528667 -0.62256933 0.19525927
v 0.61976055 -0.67905734 0.27578642
v 0.67475085 -0.57143804 0.28686864
v 0.65689264 -0.68898083 0.22116855
v 0.56249100 -0.69087329 -0.00946553
v 0.69143863 -0.67678751 0.09026464
v 0.55049445 -0.69669575 0.05419202
v 0.62881235 -0.70893795 0.10792948
v 0.73883874 -0.45445672 0.23739765
v 0.68513756 -0.53542453 0.16346593
v 0.77340379 -0.45832873 0.18637364
v 0.68160903 -0.49332723 0.25236799
v 0.72606152 -0.48780825 0.14450649
v 0.67778231 -0.55128157 0.22266154
v 0.92709713 0.09250514 -0.11502988
v 0.93959751 -0.05452202 -0.06820291
v 0.92469522 0.04055847 -0.15579450
v 0.93520684 0.07965949 -0.04250917
v 0.91168167 -0.34190332 0.02811673
v 0.93444715 -0.19965935 -0.02037714
v 0.91168979 -0.32593517 -0.03502723
v 0.92214959 -0.28829441 0.07873929
v 0.89111355 -0.06307182 -0.23016732
v 0.93834265 -0.10744685 -0.10885332
v 0.91389613 -0.01198158 -0.19500742
v 0.90066302 -0.13856247 -0.20911887
v 0.93608443 -0.03377045 -0.13274647
v 0.92472497 0.05083222 0.10128079
v 0.93382481 -0.06738035 0.00462283
v 0.93163974 0.06538273 0.03036606
v 0.92110546 -0.02375884 0.12619743
v 0.93627430 0.00517689 -0.01886198
v 0.88328729 -0.28361632 -0.15749332
v 0.93565822 -0.18309441 -0.08392587
v 0.90343614 -0.30674467 -0.09787686
v 0.89801741 -0.21311581 -0.18455200
v 0.92821635 -0.25549352 -0.05968411
v 0.92735607 -0.16217523 -0.14811964
v 0.91675703 -0.17370477 0.17527040
v 0.93114510 -0.14289481 0.02950641
v 0.92112751 -0.23085232 0.12798167
v 0.91844623 -0.09869629 0.15089088
v 0.92845538 -0.21516077 0.05374386
v 0.92568141 -0.08320320 0.07759202
v 0.55850823 -0.59945706 -0.25888628
v 0.71485026 -0.60835578 -0.19590292
v 0.61277330 -0.57562949 -0.28400748
v 0.56521984 -0.62901973 -0.20012601
v 0.82462068 -0.43558921 0.00091226
v 0.71474401 -0.48321201 -0.08927727
v 0.81916670 -0.41736131 -0.05860226
v 0.75770008 -0.47271313 0.02225714
v 0.72226875 -0.51108889 -0.33378090
v 0.72473675 -0.53809268 -0.20440545
v 0.67797126 -0.55440754 -0.31394020
v 0.72994514 -0.45324745 -0.27229899
v 0.70420219 -0.58767427 -0.25811960
v 0.56909430 -0.67673328 -0.07636288
v 0.71285348 -0.63093070 -0.12668701
v 0.56955886 -0.65587208 -0.13894753
v 0.65653158 -0.69655549 -0.03235608
v 0.65629248 -0.65009323 -0.17046886
v 0.77909557 -0.36825253 -0.17044016
v 0.71568254 -0.47001687 -0.14598211
v 0.80329774 -0.39431514 -0.11647893
v 0.72750900 -0.39503908 -0.21263986
v 0.75035287 -0.43579184 -0.10158664
v 0.72016660 -0.46052174 -0.20672932
v 0.69428863 -0.58550488 0.06421697
v 0.70765712 -0.55687819 -0.07121785
v 0.70560808 -0.51420485 0.04218393
v 0.70072355 -0.66297719 0.01817290
v 0.71213327 -0.50023210 -0.02392209
v 0.70789691 -0.64761648 -0.05449964
v 0.28391028 0.54985372 -0.63943931
v 0.38444636 0.46807179 -0.65495502
v 0.32264678 0.55424876 -0.58820532
v 0.27537313 0.51924766 -0.69820476
v 0.55452350 0.26594024 -0.63254875
v 0.45915011 0.35888516 -0.62954893
v 0.41634610 0.58893052 -0.51408812
v 0.42500658 0.47642552 -0.60607922
v 0.37880561 0.58649292 -0.56575202
v 0.38323105 0.52900375 -0.61275875
v 0.24524236 0.42965646 -0.78877349
v 0.36303863 0.41535313 -0.68472897
v 0.26356913 0.48073034 -0.75241901
v 0.30925577 0.45065882 -0.66795396
v 0.74938332 -0.17943955 -0.44378752
v 0.74160159 -0.07093712 -0.52052715
v 0.73970848 -0.12580204 -0.39477992
v 0.73551627 -0.19806028 -0.50784112
v 0.57462087 0.14387209 -0.55500368
v 0.65656739 0.04213418 -0.54089189
v 0.76266687 -0.03146538 -0.32545040
v 0.75325140 -0.02015862 -0.48030595
v 0.74221915 -0.07710451 -0.35520534
v 0.74738723 -0.07454354 -0.43713015
v 0.58334983 -0.19765722 -0.53955435
v 0.66970925 -0.07917798 -0.54383499
v 0.65737246 -0.19865696 -0.52651026
v 0.71038806 -0.13863420 -0.53273464
v 0.54374144 0.57221806 -0.29917286
v 0.55533415 0.47027610 -0.38741459
v 0.53720241 0.60367706 -0.36720081
v 0.57658924 0.50732697 -0.27922278
v 0.56777225 0.26004285 -0.55442677
v 0.56326204 0.36728793 -0.47162413
v 0.55853578 0.32654342 -0.59380255
v 0.44997143 0.58413967 -0.45626684
v 0.55169235 0.49741944 -0.46144319
v 0.49977727 0.60237015 -0.41834531
v 0.45715440 0.53272071 -0.50519254
v 0.54571361 0.55114161 -0.41545291
v 0.73112886 0.44168563 -0.27829551
v 0.60184152 0.41802666 -0.37487112
v 0.67140534 0.49133520 -0.28758547
v 0.59171357 0.46486175 -0.32856533
v 0.46274381 0.41821853 -0.59193430
v 0.55604934 0.44081941 -0.50772290
v 0.51701624 0.37842516 -0.60145669
v 0.46144344 0.47700346 -0.55075044
v 0.55851488 0.38484516 -0.55142725
v 0.51814021 0.49818499 -0.51791905
v 0.13959291 0.17247819 -0.77016723
v 0.29188243 0.20475674 -0.81635683
v 0.16191758 0.22848799 -0.77029651
v 0.19107392 0.12506020 -0.82318033
v 0.53618052 0.21248414 -0.66606521
v 0.41962301 0.21128297 -0.75043212
v 0.48607491 0.25966920 -0.66105215
v 0.21918142 0.36314058 -0.79971922
v 0.30362937 0.25361342 -0.77116082
v 0.18987614 0.29408191 -0.78747043
v 0.28629514 0.36766713 -0.76746954
v 0.25464242 0.26532139 -0.85007670
v 0.28797879 0.00464650 -0.85358030
v 0.32192686 0.13599886 -0.77874463
v 0.25093180 0.06968107 -0.88266484
v 0.27668575 0.14091619 -0.86329733
v 0.41526012 0.37023203 -0.69270125
v 0.37388100 0.26089242 -0.74956464
v 0.44611921 0.31107619 -0.66917136
v 0.34099328 0.35847362 -0.70873808
v 0.43436978 0.26260103 -0.71184566
v 0.32001128 0.30352563 -0.73439441
v 0.84603258 0.16779944 -0.19791685
v 0.73800990 0.17242211 -0.30532235
v 0.83814686 0.11750076 -0.23485043
v 0.78244400 0.22457209 -0.20751284
v 0.58657219 0.19138716 -0.51948589
v 0.74369124 0.20438497 -0.46371789
v 0.63836042 0.14541717 -0.52160734
v 0.59640811 0.24986755 -0.48973764
v 0.79278937 0.01763944 -0.29759958
v 0.73684971 0.12647524 -0.34253866
v 0.81965556 0.06664905 -0.26837622
v 0.74235720 0.02338396 -0.35051895
v 0.77007034 0.11984773 -0.28468143
v 0.72759250 0.35300028 -0.24503999
v 0.73604750 0.24316452 -0.33484855
v 0.73381758 0.28074072 -0.21976716
v 0.73787248 0.38388195 -0.32678895
v 0.73794449 0.22712966 -0.26360291
v 0.74183454 0.04027626 -0.51546718
v 0.74885938 0.14168461 -0.42840620
v 0.70105769 0.09616952 -0.52831886
v 0.74714574 0.03146643 -0.43202230
v 0.73043528 0.15157604 -0.50171795
v 0.73935343 0.08016431 -0.38489661
v 0.60601782 0.36377384 -0.41923160
v 0.74467284 0.26574085 -0.42215893
v 0.60377100 0.30822826 -0.45663863
v 0.69502539 0.38820252 -0.38980639
v 0.68878535 0.26555801 -0.47219498
v 0.74240933 0.32494553 -0.37497904
v 0.43042631 -0.24178165 -0.73510505
v 0.48010653 -0.11162467 -0.70658726
v 0.47310564 -0.23159573 -0.68683301
v 0.40047730 -0.18451057 -0.77417174
v 0.56872876 0.14485276 -0.63829012
v 0.54325663 0.01641278 -0.69716753
v 0.57232409 0.08575693 -0.59192605
v 0.51726145 0.14626168 -0.68780071
v 0.56926361 -0.21734887 -0.61192399
v 0.54690544 -0.10877172 -0.69187653
v 0.54045741 -0.23275504 -0.67265812
v 0.57303452 -0.14692680 -0.57572806
v 0.51192824 -0.17170905 -0.69278583
v 0.31437920 -0.05890594 -0.79495935
v 0.44788352 -0.05240677 -0.73844231
v 0.35459106 -0.11980467 -0.78104804
v 0.34131622 0.00757996 -0.78592179
v 0.42903143 -0.11858136 -0.76355259
v 0.61972232 -0.02075034 -0.54672273
v 0.56693098 -0.04022846 -0.66977280
v 0.58449705 0.03155336 -0.55779288
v 0.58926702 -0.08288735 -0.55431945
v 0.57208868 0.02449924 -0.63274445
v 0.57183677 -0.09559306 -0.62349830
v 0.40234778 0.14508334 -0.77589059
v 0.46870323 0.01505022 -0.71617708
v 0.45115800 0.14309610 -0.71788943
v 0.37371791 0.07609081 -0.78618022
v 0.49288104 0.07957754 -0.70231113
v 0.42074732 0.01153824 -0.77939046
v 0.02615810 0.27669258 0.80175359
v -0.10244666 0.31610918 0.87079464
v 0.00899891 0.32067998 0.75045223
v -0.34033490 0.30707705 0.76370661
v -0.19946734 0.27718620 0.72614641
v -0.02448912 0.42908321 0.70541837
v -0.12070231 0.37539848 0.83899062
v -0.00754747 0.36885935 0.71614170
v -0.05191457 0.34570890 0.79070878
v -0.73505723 0.25025954 0.46615789
v -0.61875215 0.25840077 0.52918841
v -0.45466797 0.30204230 0.71025045
v -0.55483541 0.28790661 0.63555250
v -0.10447826 0.68778385 0.62962528
v -0.17077975 0.51217916 0.59020249
v -0.08709439 0.65160862 0.68520985
v -0.34580898 0.34981987 0.70216690
v -0.29426690 0.50168188 0.74382200
v -0.31786414 0.38520839 0.79556710
v -0.04486519 0.50734840 0.71074121
v -0.15503785 0.47091803 0.62839972
v -0.06601312 0.58614936 0.71018026
v -0.09570387 0.49470098 0.79292526
v -0.12754027 0.56885814 0.67237196
v -0.16123691 0.32523979 0.70788873
v -0.20101853 0.43686636 0.66661558
v -0.23151352 0.35054663 0.74392581
v -0.13549472 0.41628039 0.77199089
v -0.26598602 0.43028575 0.75671852
v -0.14537873 0.44320610 0.69281207
v -0.70771974 -0.44570256 -0.14507776
v -0.72565197 -0.35232317 -0.06554884
v -0.70550616 -0.38143515 -0.16857719
v -0.82763132 -0.19806964 0.08721507
v -0.78119227 -0.27941585 0.00882430
v -0.74605257 -0.28026428 -0.22414562
v -0.75881904 -0.30760182 -0.09480988
v -0.71816926 -0.32734123 -0.19441283
v -0.72450760 -0.34091387 -0.13019975
v -0.75583012 0.17928126 0.36594797
v -0.75908897 0.08204429 0.28961707
v -0.83482949 -0.10456095 0.16367360
v -0.80202472 -0.00878938 0.23010536
v -0.84275926 -0.06085747 -0.34426176
v -0.91077725 -0.09546519 -0.22078714
v -0.83296696 -0.12109036 -0.31891967
v -0.88290492 -0.14682360 0.06244977
v -0.92477569 -0.12544082 -0.07897039
v -0.86658328 -0.19307483 0.02164370
v -0.78184535 -0.23052285 -0.25755532
v -0.89091868 -0.15661996 -0.19251885
v -0.81195680 -0.17847276 -0.28945828
v -0.80210932 -0.24924254 -0.19420536
v -0.86968935 -0.13977087 -0.25889342
v -0.80160967 -0.27284527 -0.05732507
v -0.89807510 -0.17194439 -0.12001793
v -0.83866521 -0.23566494 -0.01887822
v -0.80881495 -0.26360167 -0.12627133
v -0.89043453 -0.18419366 -0.04872620
v -0.85678592 -0.21353424 -0.15979014
v -0.67732107 0.41093392 -0.42735729
v -0.69927915 0.39086432 -0.31044456
v -0.67971956 0.34523270 -0.40802936
v -0.67982853 0.47232489 -0.40706542
v -0.80688883 0.38645502 -0.10539796
v -0.75737714 0.39169615 -0.21232105
v -0.72760483 0.23959432 -0.39544984
v -0.73567907 0.34448381 -0.30968566
v -0.69628893 0.28924761 -0.39759167
v -0.70029767 0.34132353 -0.35501116
v -0.66884557 0.59009785 -0.35338943
v -0.69226132 0.44281629 -0.28370283
v -0.67884963 0.53406911 -0.38315612
v -0.68466266 0.45590958 -0.34250127
v -0.75339003 0.24804324 0.34328947
v -0.75214753 0.27765433 0.22515950
v -0.74987905 0.19499632 0.30274910
v -0.81827010 0.36208368 0.00990449
v -0.79031603 0.32116228 0.12137943
v -0.79056343 0.10477758 0.24237722
v -0.78587121 0.23700461 0.19880567
v -0.76215868 0.14819708 0.26972785
v -0.75982907 0.21384564 0.24809528
v -0.84015210 0.01261251 -0.36847165
v -0.90272916 0.13133054 -0.29552105
v -0.82605348 0.07373201 -0.38311769
v -0.88926638 -0.00354462 -0.31372482
v -0.86554252 0.34244992 -0.09877602
v -0.91158257 0.24634195 -0.20148054
v -0.84731437 0.34992417 -0.15728576
v -0.76702076 0.18723501 -0.39521522
v -0.87851710 0.19285737 -0.30767890
v -0.80091134 0.13278909 -0.39202553
v -0.78454263 0.24578773 -0.35732812
v -0.85998547 0.13368493 -0.34900279
v -0.93748028 -0.03598940 -0.17897100
v -0.93207650 0.11628932 -0.22915000
v -0.92043187 -0.02004782 -0.24860448
v -0.91770879 0.05668875 -0.27389077
v -0.77952085 0.34961897 -0.26243997
v -0.88304323 0.25165461 -0.25960261
v -0.81780327 0.35222576 -0.21260043
v -0.78878366 0.30088128 -0.31228020
v -0.87310592 0.30412763 -0.20963822
v -0.84030887 0.25079001 -0.31279463
v -0.53382730 0.71676935 -0.18500667
v -0.66828976 0.67236141 -0.15821155
v -0.56774025 0.68921011 -0.22603111
v -0.75923067 0.41849572 -0.06705909
v -0.70727187 0.53385467 -0.10945288
v -0.74566640 0.42603163 -0.12166425
v -0.64429340 0.63613392 -0.31388543
v -0.69234507 0.62898175 -0.19727043
v -0.60801158 0.66618427 -0.27055827
v -0.68772086 0.58242218 -0.29238281
v -0.64189407 0.67324961 -0.21611869
v -0.70763145 0.43526124 -0.22737037
v -0.70231526 0.54884864 -0.16756433
v -0.72694733 0.43079805 -0.17517863
v -0.69291958 0.50151345 -0.25655576
v -0.70866723 0.47612180 -0.14104454
v -0.69699609 0.56690930 -0.22897355
v -0.88739126 -0.08854332 0.11010336
v -0.93862463 0.05446557 0.06813229
v -0.87847981 -0.03853140 0.14800804
v -0.92438093 -0.07873736 0.04201709
v -0.87263602 0.32726023 -0.02691255
v -0.93347961 0.19945262 0.02035604
v -0.86612439 0.30964523 0.03327660
v -0.91147484 0.28495713 -0.07782781
v -0.82711943 0.05854241 0.21363816
v -0.91941541 0.10527955 0.10665764
v -0.85767195 0.01124446 0.18301029
v -0.83904323 0.12908258 0.19481179
v -0.90713270 0.03272598 0.12864082
v -0.94493047 -0.05194292 -0.10349381
v -0.95422915 0.06885263 -0.00472384
v -0.94194060 -0.06610564 -0.03070181
v -0.95103033 0.02453071 -0.13029734
v -0.94662641 -0.00523413 0.01907053
v -0.81985520 0.26324879 0.14618315
v -0.91678513 0.17940122 0.08223301
v -0.84785547 0.28787331 0.09185534
v -0.83657863 0.19853527 0.17192569
v -0.89950796 0.24759147 0.05783817
v -0.88513919 0.15479237 0.14137666
v -0.93678843 0.17750027 -0.17910011
v -0.95149088 0.14601711 -0.03015114
v -0.93131215 0.23340479 -0.12939672
v -0.94828470 0.10190273 -0.15579302
v -0.93872103 0.21753973 -0.05433809
v -0.95575494 0.08590630 -0.08011283
v -0.24723652 0.94744890 0.17457459
v -0.31485991 0.80136314 0.20324597
v -0.22903507 0.91920524 0.23386057
v -0.27768895 0.88975772 0.12078736
v -0.51806303 0.71985569 0.30623052
v -0.44252379 0.81618322 0.27105530
v -0.17893284 0.79451261 0.32103368
v -0.30554223 0.79659278 0.26257667
v -0.20491270 0.86349619 0.28307022
v -0.28009242 0.88954576 0.25891187
v -0.36025429 0.86258090 0.03207576
v -0.37378896 0.83359837 0.16919405
v -0.30414521 0.83440799 0.07231590
v -0.31066866 0.82043895 0.13840436
v -0.75269752 0.29802701 0.40971629
v -0.71401547 0.41791859 0.39502589
v -0.71526487 0.31047847 0.45824566
v -0.75409619 0.31329145 0.34533249
v -0.56718492 0.60107610 0.32646140
v -0.63697435 0.51026144 0.35887354
v -0.60079177 0.31632162 0.52263015
v -0.65332832 0.41667460 0.42889025
v -0.65235727 0.31149276 0.48842768
v -0.68706883 0.36639581 0.44536150
v -0.74205248 0.33619572 0.22072626
v -0.73730988 0.44349143 0.34021539
v -0.74613174 0.32428244 0.28023557
v -0.75074176 0.38012252 0.34517552
v -0.11879186 0.69385181 0.53782562
v -0.26887385 0.76139802 0.52765950
v -0.12780712 0.68739463 0.46122204
v -0.14958018 0.59697331 0.51875619
v -0.51124665 0.70687989 0.37178705
v -0.36535669 0.68410701 0.41822616
v -0.47702405 0.76111440 0.35747542
v -0.15550086 0.73103584 0.35723835
v -0.28753582 0.79890207 0.47394137
v -0.13882032 0.69511493 0.40011506
v -0.25240455 0.85804227 0.38629167
v -0.19709018 0.72010093 0.45512579
v -0.27050033 0.60598474 0.66477009
v -0.31072061 0.69968141 0.54607032
v -0.20182498 0.59065036 0.57623540
v -0.23840152 0.68476259 0.56420688
v -0.35339801 0.76844002 0.28703550
v -0.32140752 0.71558550 0.39535954
v -0.42091675 0.78065297 0.32705727
v -0.30146709 0.80058103 0.32969153
v -0.39368509 0.73374382 0.37569058
v -0.29755381 0.80690362 0.40325066
v -0.50445060 0.76433802 -0.13953032
v -0.52664432 0.74969970 -0.00829127
v -0.48403537 0.81388161 -0.10084846
v -0.55042644 0.71769184 -0.12097448
v -0.54303729 0.68171020 0.25138742
v -0.53951919 0.72213004 0.12214266
v -0.51757901 0.74205276 0.23897867
v -0.42326089 0.89013474 -0.01380188
v -0.50361727 0.79327272 0.03486666
v -0.46085069 0.86440409 -0.05895633
v -0.43331436 0.88159970 0.05896391
v -0.49489069 0.80482765 -0.03256928
v -0.68359247 0.66910762 -0.08924036
v -0.57504193 0.70628882 0.00967674
v -0.61831063 0.69709806 -0.10612696
v -0.56455305 0.71448806 -0.05557598
v -0.44466042 0.84431074 0.20299450
v -0.51047693 0.77858375 0.10436116
v -0.48885553 0.80443577 0.22475781
v -0.44050362 0.86620493 0.13179759
v -0.51502716 0.76170832 0.17143118
v -0.48001431 0.84083068 0.08332335
v -0.41538325 0.35064044 0.67848405
v -0.49599945 0.48232613 0.62904114
v -0.49724194 0.36767081 0.68791813
v -0.36522898 0.39396232 0.64809184
v -0.53918382 0.63086224 0.38056149
v -0.52804151 0.56912460 0.51131247
v -0.56130889 0.57051540 0.38782299
v -0.50578297 0.67680583 0.43872728
v -0.56774459 0.33325931 0.57680243
v -0.53769255 0.46519682 0.57896600
v -0.54155330 0.35486396 0.63983490
v -0.58204141 0.37624985 0.51866678
v -0.52330789 0.42177593 0.63968227
v -0.31895441 0.55237381 0.68918643
v -0.44079939 0.52574262 0.59878873
v -0.33806458 0.46260748 0.65811384
v -0.32678553 0.57925357 0.60700535
v -0.40102914 0.45668166 0.62249139
v -0.61690001 0.46611255 0.41154876
v -0.54730893 0.50390712 0.51317398
v -0.58655583 0.51541919 0.39769858
v -0.59852591 0.42047297 0.46393717
v -0.55471937 0.53810832 0.45019186
v -0.56448679 0.43900900 0.51584281
v -0.34744266 0.63696302 0.46841683
v -0.47418208 0.59041366 0.55762702
v -0.43670480 0.67796241 0.46941121
v -0.33320382 0.60179582 0.52903939
v -0.49443698 0.63896948 0.50285947
v -0.37715070 0.55187631 0.55018201
v -0.76576631 0.40450058 -0.00084715
v -0.72703971 0.49152468 0.09081311
v -0.76306397 0.38877725 0.05458873
v -0.72691867 0.45350925 -0.02135294
v -0.57856054 0.62097958 0.26818116
v -0.70292098 0.59820366 0.19263373
v -0.61833978 0.58085855 0.28658743
v -0.58273371 0.64851050 0.20632710
v -0.74618791 0.35269817 0.16324106
v -0.73362607 0.48180109 0.14964216
v -0.75504563 0.37062961 0.10948233
v -0.73958122 0.40159432 0.21616838
v -0.73237663 0.42535155 0.09915292
v -0.71232382 0.60071426 -0.06588510
v -0.72603958 0.57134394 0.07306784
v -0.71366857 0.52007885 -0.04266582
v -0.69573407 0.65825648 -0.01804350
v -0.72026830 0.50594648 0.02419537
v -0.70755189 0.50067500 0.32697983
v -0.73220149 0.54363500 0.20651081
v -0.66511878 0.54389748 0.30798875
v -0.74397609 0.46195974 0.27753310
v -0.68812342 0.57425614 0.25222606
v -0.74058189 0.47357661 0.21258968
v -0.58179257 0.69183330 0.07806677
v -0.70476432 0.62377117 0.12524942
v -0.58410433 0.67262183 0.14249599
v -0.64297349 0.68217086 0.03168789
v -0.64533182 0.63923610 0.16762188
v -0.70285635 0.64300515 0.05411157
v 0.07094183 0.23433987 0.88960451
v 0.02341420 0.10555638 0.84409370
v 0.11949725 0.18546200 0.88095765
v 0.00520390 0.21373657 0.78569231
v -0.06255361 -0.12241423 0.85879588
v -0.01802374 -0.00683163 0.80235611
v 0.21086986 0.08950573 0.85687700
v 0.07619730 0.06767094 0.92380435
v 0.16047221 0.13206036 0.83935680
v 0.09913422 0.12861677 0.91345398
v -0.12502786 0.25350411 0.87915735
v -0.03590178 0.10747380 0.81139536
v -0.05594563 0.23211357 0.82814081
v -0.01503191 0.15794735 0.78564159
v -0.20247439 -0.50674385 0.62349870
v -0.16428713 -0.40305408 0.66426929
v -0.11216650 -0.25258176 0.89453120
v -0.14441804 -0.34367572 0.79138853
v 0.38976279 -0.10104827 0.81727768
v 0.26051224 -0.12942973 0.86150256
v 0.34033629 -0.05240897 0.81541068
v -0.01446733 -0.15741952 0.79060103
v 0.12401647 -0.15470394 0.88427578
v 0.00534820 -0.10678269 0.81589163
v 0.26173098 0.04147159 0.86268647
v 0.21447355 -0.08045557 0.86537568
v 0.29818301 -0.00570778 0.82955491
v 0.18682593 0.02834655 0.85311530
v 0.28037491 -0.06715671 0.84826041
v 0.05102135 0.00305011 0.90389299
v 0.14228247 -0.09188761 0.86342783
v 0.02712570 -0.05442460 0.86133732
v 0.12225005 0.01638830 0.89445425
v 0.07939336 -0.10994911 0.92535326
v 0.16344275 -0.03174322 0.85178508
v -0.34983992 0.23622780 0.73959785
v -0.30739519 0.13172571 0.86573024
v -0.32228325 0.26067761 0.83660258
v -0.13336860 -0.12634758 0.89789851
v -0.18890626 0.00137295 0.75852376
v -0.11259202 -0.06691598 0.92197864
v -0.16497694 0.21984567 0.74261828
v -0.21244984 0.11473147 0.77276572
v -0.23552986 0.23736586 0.78122122
v -0.14378365 0.18269800 0.84896114
v -0.27451522 0.18993249 0.83591991
v -0.06096904 0.05354086 0.86028022
v -0.16982153 0.05431305 0.76567972
v -0.08696652 -0.00431873 0.90475177
v -0.10880289 0.12556973 0.91456168
v -0.14776910 -0.00119161 0.86021520
v -0.15705265 0.11423436 0.80121510
v -0.70192742 -0.53215342 -0.13509838
v -0.67641971 -0.57953606 -0.02083363
v -0.65962876 -0.58284784 -0.13825331
v -0.71365209 -0.48082526 -0.09298264
v -0.55834790 -0.60909354 0.19704933
v -0.61417442 -0.59296716 0.09050469
v -0.53937401 -0.64430889 -0.13502795
v -0.61233724 -0.60966054 -0.02254003
v -0.59408991 -0.61072979 -0.13584884
v -0.63867412 -0.59935253 -0.07962255
v -0.72138970 -0.37802337 -0.01321910
v -0.70903241 -0.54236983 0.01978222
v -0.71597995 -0.42661360 -0.05169153
v -0.71606677 -0.51471218 -0.03756089
v -0.29694511 -0.64435405 0.62996586
v -0.34649978 -0.59662139 0.48061895
v -0.52334064 -0.65076534 0.31558632
v -0.46276083 -0.66713197 0.42934591
v -0.33944599 -0.80386891 -0.13357013
v -0.43622313 -0.82600906 -0.02315698
v -0.41942533 -0.82165751 -0.14443603
v -0.52593601 -0.67378626 0.20309174
v -0.49142017 -0.76231729 0.09455421
v -0.54138387 -0.64982907 0.14497880
v -0.50093967 -0.70249404 -0.13824464
v -0.48249956 -0.77153554 -0.02415690
v -0.46834215 -0.77122946 -0.14348983
v -0.52671873 -0.67109948 -0.07963324
v -0.45623492 -0.80507971 -0.08430043
v -0.58342932 -0.61872638 0.03493078
v -0.50442751 -0.73090497 0.03569622
v -0.55995452 -0.63096426 0.08915378
v -0.55425704 -0.64347214 -0.02214827
v -0.52342537 -0.69054479 0.09111009
v -0.51530960 -0.70038509 -0.02275788
v -0.78151650 -0.20952032 0.13988525
v -0.73820352 -0.33780122 0.17777585
v -0.76974100 -0.25239214 0.10189048
v -0.57934022 -0.56578765 0.23762252
v -0.70937790 -0.48550489 0.22332946
v -0.61215729 -0.56246467 0.18642175
v -0.73491798 -0.33367483 0.02601004
v -0.73552118 -0.38689628 0.14078307
v -0.75264989 -0.29350170 0.06349319
v -0.72516430 -0.40714471 0.04286599
v -0.73662654 -0.31177334 0.11858329
v -0.68671070 -0.55918842 0.07999813
v -0.73136509 -0.47060493 0.16506624
v -0.65164968 -0.56354001 0.13466145
v -0.72592828 -0.49426517 0.06240806
v -0.68451945 -0.52793626 0.17969702
v -0.73274646 -0.44053846 0.10300143
v 0.16294055 -0.96078078 -0.08760063
v 0.10062394 -0.89744620 0.02397627
v 0.08726955 -0.85234726 -0.08600428
v 0.20632449 -0.94247791 -0.04131633
v -0.00383759 -0.88517176 0.23511777
v 0.04611679 -0.84005695 0.12105915
v -0.03144244 -0.96222875 -0.11490162
v 0.03906677 -0.86641427 0.01508378
v 0.03138726 -0.90239495 -0.09950407
v 0.06221079 -0.84548333 -0.03482589
v 0.28698689 -0.89930192 0.04836624
v 0.15630591 -0.97298970 0.07289535
v 0.23910372 -0.88941181 0.00413750
v 0.18366968 -0.96955136 0.01552326
v -0.19591874 -0.59190583 0.55386496
v -0.14549117 -0.64722541 0.46461959
v -0.26844466 -0.68429661 0.58381846
v -0.06180440 -0.90681682 0.35958784
v -0.11024078 -0.78765947 0.42835975
v -0.32865017 -0.64861318 0.45138835
v -0.19671786 -0.70052847 0.45393227
v -0.31221615 -0.69246670 0.53524854
v -0.23325821 -0.70096199 0.52143721
v -0.26816253 -0.82481228 -0.12797465
v -0.22488405 -0.94014533 -0.01069833
v -0.23074645 -0.92844236 -0.13569603
v -0.29846581 -0.79776093 -0.07159071
v -0.07157612 -0.92907032 0.24154236
v -0.12692737 -0.80377142 0.10018754
v -0.04372218 -0.96157798 0.19044722
v -0.08519837 -0.81652755 -0.10478506
v -0.13928508 -0.83572424 -0.00438611
v -0.15083337 -0.86289429 -0.11842005
v -0.05877446 -0.92162421 -0.05400153
v -0.18942401 -0.91545521 -0.06791398
v -0.39030844 -0.82004989 0.04008943
v -0.26096062 -0.91594520 0.04997917
v -0.34231528 -0.80640780 -0.01740103
v -0.27637110 -0.84178683 -0.01351210
v 0.01330217 -0.91128839 0.07137570
v -0.10269263 -0.81773302 0.05264050
v -0.01408942 -0.95103763 0.13065538
v -0.02365302 -0.98058012 0.01010461
v -0.07797555 -0.90785328 0.11887211
v -0.08184959 -0.86270016 0.00241254
v 0.44528342 -0.82229587 0.22754068
v 0.31759939 -0.87102737 0.25512610
v 0.40016335 -0.82959974 0.17993106
v 0.03549676 -0.80648407 0.25988540
v 0.18124140 -0.89809140 0.27643585
v 0.06171905 -0.83907513 0.21712369
v 0.33390700 -0.89613980 0.09603696
v 0.27634627 -0.88422068 0.20816722
v 0.36340922 -0.85303692 0.13672580
v 0.25736416 -0.88798887 0.10386234
v 0.34178401 -0.86489923 0.19597640
v 0.12394997 -0.94433815 0.12924929
v 0.20327008 -0.88415461 0.21562095
v 0.09167143 -0.89291383 0.17573626
v 0.19531695 -0.93279627 0.11834178
v 0.14402692 -0.94957923 0.23881933
v 0.22868948 -0.87933881 0.15873809
v -0.50635913 -0.70430647 0.27613825
v -0.35555420 -0.73453907 0.27220067
v -0.47958314 -0.71861003 0.33556066
v -0.48905310 -0.75041414 0.22176163
v -0.09898198 -0.84795629 0.28572416
v -0.25256450 -0.87386155 0.30823223
v -0.11801704 -0.77438376 0.31392336
v -0.12349296 -0.78125909 0.20793164
v -0.36950925 -0.65698935 0.40511993
v -0.31856426 -0.72934066 0.31946803
v -0.43078252 -0.70032823 0.37963271
v -0.31556172 -0.71224308 0.42436968
v -0.39338966 -0.72093078 0.32547155
v -0.43415603 -0.81539052 0.10372624
v -0.32701273 -0.75650305 0.21480450
v -0.46574549 -0.78995653 0.16382532
v -0.33727046 -0.78838722 0.09989540
v -0.41743542 -0.77879547 0.22558295
v -0.16337778 -0.70129979 0.39110539
v -0.28151522 -0.84375158 0.35922335
v -0.13802104 -0.72227338 0.34596652
v -0.26459555 -0.79321544 0.45705976
v -0.18924289 -0.78583097 0.32621161
v -0.30192163 -0.78297988 0.39621090
v -0.22166992 -0.92057534 0.11714287
v -0.28556742 -0.85955149 0.23889953
v -0.16583491 -0.83109846 0.16298582
v -0.28245174 -0.85422998 0.10826584
v -0.21119190 -0.86820467 0.23626312
v -0.30160323 -0.79416713 0.16140093
v 0.64572145 -0.46800735 0.54009791
v 0.49734938 -0.47388031 0.53947621
v 0.62735566 -0.42967057 0.58792274
v 0.63464482 -0.52436125 0.51049774
v 0.31186722 -0.57735012 0.64336249
v 0.43255893 -0.55664462 0.62652568
v 0.55252876 -0.33010307 0.64330846
v 0.47326921 -0.43337893 0.57566093
v 0.59621717 -0.38311465 0.62391879
v 0.54780580 -0.43327812 0.58349823
v 0.57330522 -0.60000226 0.42262206
v 0.47983190 -0.51863228 0.50595247
v 0.61061205 -0.57011303 0.47101725
v 0.55472494 -0.52316205 0.51000354
v -0.15491398 -0.53696086 0.57731402
v -0.05007292 -0.61304290 0.66510933
v -0.14606994 -0.51647393 0.63688310
v -0.13950437 -0.60176483 0.56714394
v 0.19222656 -0.59227164 0.65395144
v 0.07641767 -0.63655498 0.69669054
v -0.12643580 -0.47577340 0.78301776
v -0.03136712 -0.53817381 0.66792464
v -0.13781488 -0.50068912 0.71139347
v -0.10071197 -0.59631757 0.73759288
v -0.10459452 -0.75950530 0.55102086
v -0.02464108 -0.62554926 0.59648102
v -0.12388984 -0.68158402 0.56348253
v -0.09320886 -0.69378762 0.65789529
v 0.42894191 -0.15448056 0.77787592
v 0.39743574 -0.29584158 0.78012884
v 0.44313778 -0.19087688 0.71684710
v 0.36950420 -0.17013909 0.80911263
v 0.28920474 -0.54418722 0.69559600
v 0.33852044 -0.41481079 0.72780667
v 0.33946408 -0.51776980 0.66707574
v 0.50135550 -0.27421576 0.65243924
v 0.42753433 -0.33872622 0.74244020
v 0.46322288 -0.22813775 0.67082321
v 0.47238256 -0.33317851 0.62982483
v 0.43731757 -0.26409358 0.73260761
v 0.24115441 -0.20008896 0.85714277
v 0.32134282 -0.30050078 0.77671590
v 0.29961847 -0.18140388 0.81734180
v 0.34530085 -0.23644408 0.79280840
v 0.44664195 -0.47992542 0.63034330
v 0.40620796 -0.41005502 0.73351500
v 0.40772470 -0.51698292 0.67204310
v 0.45472676 -0.40026575 0.62283555
v 0.37411527 -0.46681558 0.70338303
v 0.44286300 -0.37177172 0.68312152
v 0.47644821 -0.77161698 0.27326671
v 0.43283805 -0.75573963 0.40408753
v 0.48247684 -0.70191583 0.29898981
v 0.41838061 -0.80507406 0.28995023
v 0.29641157 -0.63780840 0.61904549
v 0.35948946 -0.68721133 0.50507501
v 0.34649892 -0.60915676 0.59235207
v 0.52796757 -0.61992305 0.36976741
v 0.45602064 -0.70878119 0.43986019
v 0.49550581 -0.64751318 0.32791572
v 0.49210780 -0.58942160 0.42030451
v 0.47152374 -0.70845301 0.36927164
v 0.29176297 -0.85752568 0.31958153
v 0.35635118 -0.75528117 0.40485910
v 0.34843595 -0.81557329 0.29880536
v 0.38713652 -0.77991542 0.34843237
v 0.45362876 -0.57068844 0.55612980
v 0.42779645 -0.69050291 0.50420332
v 0.41496881 -0.61108832 0.59509667
v 0.46806845 -0.57358260 0.48112089
v 0.38841616 -0.65259292 0.55147990
v 0.46360967 -0.64128383 0.46275162
v -0.03863784 -0.22603271 0.79929253
v 0.04701377 -0.35813412 0.82959560
v -0.06138568 -0.29425921 0.82629318
v 0.02729847 -0.22564124 0.83601178
v 0.21535080 -0.55062575 0.69806433
v 0.13501633 -0.46617475 0.78192682
v 0.15460188 -0.55698336 0.70186710
v 0.25078671 -0.50505131 0.74232809
v -0.10809026 -0.42989792 0.83354288
v 0.02503086 -0.39237212 0.76516560
v -0.08577750 -0.36666725 0.84515924
v -0.05783104 -0.46116640 0.76247735
v -0.01615050 -0.32349643 0.74726293
v 0.16264235 -0.20508586 0.83495012
v 0.11998925 -0.35507879 0.84830422
v 0.10257107 -0.23192521 0.90064039
v 0.21368455 -0.26659747 0.83510109
v 0.07627293 -0.30432563 0.88678603
v 0.03027549 -0.54058244 0.67435937
v 0.07418181 -0.48470244 0.80695150
v 0.09897945 -0.59760252 0.74893320
v -0.01201137 -0.47282686 0.67551863
v 0.11866255 -0.53628351 0.77455706
v 0.00624092 -0.42704753 0.70888623
v 0.29917640 -0.37084154 0.76809401
v 0.15883457 -0.39198225 0.78084710
v 0.27834812 -0.44124788 0.76300441
v 0.26291798 -0.32643048 0.81956226
v 0.20264465 -0.44517592 0.75830519
v 0.18450626 -0.32820587 0.80270358
v 0.00609751 -0.80717279 0.32411618
v 0.08227210 -0.81616170 0.45508370
v -0.02037479 -0.82701613 0.39067791
v 0.07477650 -0.84241043 0.33170285
v 0.22247303 -0.64314799 0.62241238
v 0.15661554 -0.74676189 0.55250129
v 0.16170423 -0.64924729 0.62642636
v 0.26534117 -0.69412288 0.58773140
v -0.07822050 -0.81792462 0.51626807
v 0.05217512 -0.74499285 0.47684091
v -0.04950744 -0.83783782 0.45990081
v -0.03662494 -0.73664684 0.53722738
v 0.01575217 -0.73793196 0.40839460
v 0.21132287 -0.83747609 0.31786845
v 0.15674552 -0.83256552 0.45788131
v 0.15441992 -0.90547397 0.34990494
v 0.25678451 -0.82649277 0.37729580
v 0.12075155 -0.88213062 0.41433666
v 0.03707386 -0.62889743 0.60214754
v 0.09640396 -0.77338190 0.57090917
v 0.10652272 -0.69559440 0.66880893
v 0.00098775 -0.64169355 0.53744271
v 0.13357742 -0.73003690 0.61613221
v 0.02587750 -0.68213892 0.50030761
v 0.32740129 -0.73750044 0.46829085
v 0.18676701 -0.75484200 0.48415036
v 0.30006339 -0.72334281 0.53234601
v 0.29932696 -0.79940581 0.43282815
v 0.22392498 -0.72162064 0.53226675
v 0.21969946 -0.78538741 0.42888346
v -0.75684234 0.18122561 0.44820478
v -0.72638015 0.06948112 0.50984328
v -0.71940807 0.19372265 0.49671913
v -0.76062323 0.12935901 0.40594205
v -0.59379053 -0.14867174 0.57351890
v -0.65657673 -0.04213478 0.54089958
v -0.60474545 0.20490672 0.55934367
v -0.66532315 0.07865942 0.54027327
v -0.65637210 0.19835466 0.52570904
v -0.69525599 0.13568113 0.52138678
v -0.75288050 0.03106162 0.32127429
v -0.75233317 0.02013404 0.47972045
v -0.75485653 0.07841733 0.36125324
v -0.76153548 0.07595467 0.44540515
v -0.30158462 -0.58408391 0.67924648
v -0.35879909 -0.43684569 0.61126152
v -0.28041767 -0.52875972 0.71099512
v -0.32933903 -0.56574483 0.60040571
v -0.55301947 -0.26521893 0.63083309
v -0.48493763 -0.37904145 0.66490668
v -0.22085780 -0.38693553 0.71034540
v -0.34793629 -0.39807452 0.65624438
v -0.25185591 -0.45936630 0.71898091
v -0.32865415 -0.47892684 0.70985204
v -0.41152052 -0.58210464 0.50812968
v -0.42008062 -0.47090360 0.59905457
v -0.35315830 -0.54678399 0.52744736
v -0.35728411 -0.49318716 0.57127147
v -0.41946472 0.23562425 0.71638427
v -0.50891649 0.11832298 0.74898775
v -0.50157615 0.24553268 0.72816519
v -0.37310905 0.17190129 0.72126556
v -0.56669250 -0.14433413 0.63600480
v -0.54882591 -0.01658104 0.70431465
v -0.58466304 -0.08760579 0.60468760
v -0.57182312 0.21832611 0.61467531
v -0.55031661 0.10945015 0.69619192
v -0.54580475 0.23505794 0.67931347
v -0.59002460 0.15128308 0.59279801
v -0.53194355 0.17842250 0.71987229
v -0.33631977 0.06301699 0.85043967
v -0.45755606 0.05353855 0.75438979
v -0.35028098 0.11834844 0.77155435
v -0.41318245 0.11420081 0.73534595
v -0.63268877 0.02118450 0.55816180
v -0.56377102 0.04000423 0.66603963
v -0.60600695 -0.03271454 0.57832004
v -0.61040001 0.08585996 0.57419911
v -0.57468806 -0.02461056 0.63561943
v -0.57664476 0.09639680 0.62874066
v -0.78565002 -0.15582335 0.18379124
v -0.75070584 -0.17538828 0.31057479
v -0.78074422 -0.10945342 0.21876610
v -0.75065737 -0.21544890 0.19908267
v -0.60763209 -0.19825860 0.53813717
v -0.73128068 -0.20097423 0.45597947
v -0.64415933 -0.14673815 0.52634566
v -0.75930330 -0.01689438 0.28502949
v -0.75532393 -0.12964622 0.35112676
v -0.77042087 -0.06264560 0.25225552
v -0.75467580 -0.02377199 0.35633543
v -0.75162172 -0.11697653 0.27786130
v -0.74649281 -0.36216999 0.25140528
v -0.75516745 -0.24948109 0.34354675
v -0.74220032 -0.28394776 0.22227767
v -0.74637437 -0.22972426 0.26661417
v -0.72671901 -0.03945560 0.50496409
v -0.75657258 -0.14314395 0.43281875
v -0.68776755 -0.09434641 0.51830338
v -0.76150732 -0.03207128 0.44032659
v -0.71375755 -0.14811517 0.49026242
v -0.76031263 -0.08243680 0.39580766
v -0.14999041 -0.18532513 0.82753269
v -0.30344678 -0.21286917 0.84870079
v -0.16022337 -0.22609723 0.76223660
v -0.17482492 -0.11442503 0.75317674
v -0.54398097 -0.21557539 0.67575524
v -0.39672138 -0.19975185 0.70947603
v -0.51377274 -0.27446584 0.69872064
v -0.53517011 -0.15132556 0.71161379
v -0.19277646 -0.31939274 0.70337640
v -0.32553476 -0.27191040 0.82679634
v -0.17299525 -0.26793663 0.71746057
v -0.29635879 -0.38059112 0.79444712
v -0.23119189 -0.24088741 0.77179143
v -0.29217164 -0.00471415 0.86600807
v -0.34065641 -0.14391121 0.82405163
v -0.22500204 -0.06248066 0.79145565
v -0.34761491 -0.00771985 0.80042530
v -0.26753627 -0.13625635 0.83474969
v -0.39310404 -0.35047841 0.65574238
v -0.35560638 -0.24814048 0.71292729
v -0.46000144 -0.32075619 0.68999448
v -0.34265956 -0.36022531 0.71220135
v -0.42892465 -0.25930915 0.70292218
v -0.33754887 -0.32015976 0.77464147
v -0.49569838 -0.01591704 0.75742559
v -0.37484246 -0.13516514 0.72284911
v -0.52009130 -0.08397074 0.74108330
v -0.39712109 -0.01089033 0.73562532
v -0.46600809 -0.14780618 0.74151913
v -0.35713958 -0.07271538 0.75130486
v -0.55219545 -0.58111482 0.30382436
v -0.57038889 -0.48302497 0.39791713
v -0.53422004 -0.60032564 0.36516223
v -0.59445540 -0.52304697 0.28787475
v -0.57659989 -0.26408596 0.56304691
v -0.57853169 -0.37724486 0.48440954
v -0.55543497 -0.32473056 0.59050595
v -0.61488837 -0.25760993 0.50491262
v -0.47681365 -0.61898544 0.48348459
v -0.54934373 -0.49530186 0.45947877
v -0.51348714 -0.61889434 0.42982133
v -0.48463961 -0.56474915 0.53556592
v -0.54290819 -0.54830828 0.41331714
v -0.72283232 -0.43667357 0.27513753
v -0.61527047 -0.42735414 0.38323566
v -0.66019228 -0.48312947 0.28278254
v -0.73261848 -0.38114853 0.32446206
v -0.60682484 -0.47673345 0.33695627
v -0.49034794 -0.44316659 0.62724505
v -0.55368217 -0.43894279 0.50556146
v -0.53119901 -0.38880610 0.61795582
v -0.48918652 -0.50568204 0.58386286
v -0.55564365 -0.38286674 0.54859246
v -0.52786245 -0.50753279 0.52763714
v -0.73622261 -0.26272533 0.41736845
v -0.61953997 -0.37189077 0.42858596
v -0.67728203 -0.26112296 0.46430891
v -0.73712302 -0.32263176 0.37230901
v -0.61919019 -0.31609983 0.46830033
v -0.68067236 -0.38018571 0.38175647
f 1 2103 759
f 2103 533 2105
f 759 2105 197
f 2103 2105 759
f 533 2104 2112
f 2104 138 2110
f 2112 2110 535
f 2104 2110 2112
f 197 2111 760
f 2111 535 2109
f 760 2109 54
f 2111 2109 760
f 533 2112 2105
f 2112 535 2111
f 2105 2111 197
f 2112 2111 2105
f 138 2108 2132
f 2108 534 2134
f 2132 2134 542
f 2108 2134 2132
f 534 2107 2126
f 2107 38 2124
f 2126 2124 540
f 2107 2124 2126
f 542 2136 2133
f 2136 540 2125
f 2133 2125 140
f 2136 2125 2133
f 534 2126 2134
f 2126 540 2136
f 2134 2136 542
f 2126 2136 2134
f 54 2127 763
f 2127 541 2129
f 763 2129 198
f 2127 2129 763
f 541 2128 2131
f 2128 140 2122
f 2131 2122 539
f 2128 2122 2131
f 198 2123 762
f 2123 539 2121
f 762 2121 17
f 2123 2121 762
f 541 2131 2129
f 2131 539 2123
f 2129 2123 198
f 2131 2123 2129
f 138 2132 2110
f 2132 542 2135
f 2110 2135 535
f 2132 2135 2110
f 542 2133 2137
f 2133 140 2128
f 2137 2128 541
f 2133 2128 2137
f 535 2130 2109
f 2130 541 2127
f 2109 2127 54
f 2130 2127 2109
f 542 2137 2135
f 2137 541 2130
f 2135 2130 535
f 2137 2130 2135
f 38 2119 2371
f 2119 538 2373
f 2371 2373 601
f 2119 2373 2371
f 538 2120 2381
f 2120 139 2379
f 2381 2379 603
f 2120 2379 2381
f 601 2383 2372
f 2383 603 2380
f 2372 2380 155
f 2383 2380 2372
f 538 2381 2373
f 2381 603 2383
f 2373 2383 601
f 2381 2383 2373
f 139 2118 2319
f 2118 537 2321
f 2319 2321 589
f 2118 2321 2319
f 537 2117 2315
f 2117 12 2313
f 2315 2313 587
f 2117 2313 2315
f 589 2322 2320
f 2322 587 2314
f 2320 2314 152
f 2322 2314 2320
f 537 2315 2321
f 2315 587 2322
f 2321 2322 589
f 2315 2322 2321
f 155 2390 2376
f 2390 605 2393
f 2376 2393 602
f 2390 2393 2376
f 605 2389 2391
f 2389 152 2318
f 2391 2318 588
f 2389 2318 2391
f 602 2377 2375
f 2377 588 2317
f 2375 2317 41
f 2377 2317 2375
f 605 2391 2393
f 2391 588 2377
f 2393 2377 602
f 2391 2377 2393
f 139 2319 2379
f 2319 589 2382
f 2379 2382 603
f 2319 2382 2379
f 589 2320 2392
f 2320 152 2389
f 2392 2389 605
f 2320 2389 2392
f 603 2394 2380
f 2394 605 2390
f 2380 2390 155
f 2394 2390 2380
f 589 2392 2382
f 2392 605 2394
f 2382 2394 603
f 2392 2394 2382
f 17 2327 770
f 2327 591 2329
f 770 2329 201
f 2327 2329 770
f 591 2328 2338
f 2328 153 2335
f 2338 2335 593
f 2328 2335 2338
f 201 2336 771
f 2336 593 2334
f 771 2334 55
f 2336 2334 771
f 591 2338 2329
f 2338 593 2336
f 2329 2336 201
f 2338 2336 2329
f 153 2332 2344
f 2332 592 2347
f 2344 2347 595
f 2332 2347 2344
f 592 2331 2333
f 2331 41 2303
f 2333 2303 584
f 2331 2303 2333
f 595 2345 2343
f 2345 584 2304
f 2343 2304 151
f 2345 2304 2343
f 592 2333 2347
f 2333 584 2345
f 2347 2345 595
f 2333 2345 2347
f 55 2305 769
f 2305 585 2307
f 769 2307 200
f 2305 2307 769
f 585 2306 2308
f 2306 151 2300
f 2308 2300 583
f 2306 2300 2308
f 200 2301 768
f 2301 583 2299
f 768 2299 6
f 2301 2299 768
f 585 2308 2307
f 2308 583 2301
f 2307 2301 200
f 2308 2301 2307
f 153 2344 2335
f 2344 595 2348
f 2335 2348 593
f 2344 2348 2335
f 595 2343 2346
f 2343 151 2306
f 2346 2306 585
f 2343 2306 2346
f 593 2337 2334
f 2337 585 2305
f 2334 2305 55
f 2337 2305 2334
f 595 2346 2348
f 2346 585 2337
f 2348 2337 593
f 2346 2337 2348
f 38 2371 2124
f 2371 601 2374
f 2124 2374 540
f 2371 2374 2124
f 601 2372 2388
f 2372 155 2385
f 2388 2385 604
f 2372 2385 2388
f 540 2386 2125
f 2386 604 2384
f 2125 2384 140
f 2386 2384 2125
f 601 2388 2374
f 2388 604 2386
f 2374 2386 540
f 2388 2386 2374
f 155 2376 2396
f 2376 602 2399
f 2396 2399 606
f 2376 2399 2396
f 602 2375 2378
f 2375 41 2331
f 2378 2331 592
f 2375 2331 2378
f 606 2397 2395
f 2397 592 2332
f 2395 2332 153
f 2397 2332 2395
f 602 2378 2399
f 2378 592 2397
f 2399 2397 606
f 2378 2397 2399
f 140 2339 2122
f 2339 594 2341
f 2122 2341 539
f 2339 2341 2122
f 594 2340 2342
f 2340 153 2328
f 2342 2328 591
f 2340 2328 2342
f 539 2330 2121
f 2330 591 2327
f 2121 2327 17
f 2330 2327 2121
f 594 2342 2341
f 2342 591 2330
f 2341 2330 539
f 2342 2330 2341
f 155 2396 2385
f 2396 606 2400
f 2385 2400 604
f 2396 2400 2385
f 606 2395 2398
f 2395 153 2340
f 2398 2340 594
f 2395 2340 2398
f 604 2387 2384
f 2387 594 2339
f 2384 2339 140
f 2387 2339 2384
f 606 2398 2400
f 2398 594 2387
f 2400 2387 604
f 2398 2387 2400
f 1 759 643
f 759 197 761
f 643 761 163
f 759 761 643
f 197 760 767
f 760 54 765
f 767 765 199
f 760 765 767
f 163 766 644
f 766 199 764
f 644 764 43
f 766 764 644
f 197 767 761
f 767 199 766
f 761 766 163
f 767 766 761
f 54 763 783
f 763 198 785
f 783 785 205
f 763 785 783
f 198 762 777
f 762 17 775
f 777 775 203
f 762 775 777
f 205 787 784
f 787 203 776
f 784 776 56
f 787 776 784
f 198 777 785
f 777 203 787
f 785 787 205
f 777 787 785
f 43 778 646
f 778 204 780
f 646 780 164
f 778 780 646
f 204 779 782
f 779 56 773
f 782 773 202
f 779 773 782
f 164 774 645
f 774 202 772
f 645 772 13
f 774 772 645
f 204 782 780
f 782 202 774
f 780 774 164
f 782 774 780
f 54 783 765
f 783 205 786
f 765 786 199
f 783 786 765
f 205 784 788
f 784 56 779
f 788 779 204
f 784 779 788
f 199 781 764
f 781 204 778
f 764 778 43
f 781 778 764
f 205 788 786
f 788 204 781
f 786 781 199
f 788 781 786
f 17 770 829
f 770 201 831
f 829 831 217
f 770 831 829
f 201 771 839
f 771 55 837
f 839 837 219
f 771 837 839
f 217 841 830
f 841 219 838
f 830 838 60
f 841 838 830
f 201 839 831
f 839 219 841
f 831 841 217
f 839 841 831
f 55 769 803
f 769 200 805
f 803 805 211
f 769 805 803
f 200 768 800
f 768 6 798
f 800 798 209
f 768 798 800
f 211 806 804
f 806 209 799
f 804 799 58
f 806 799 804
f 200 800 805
f 800 209 806
f 805 806 211
f 800 806 805
f 60 848 834
f 848 221 851
f 834 851 218
f 848 851 834
f 221 847 849
f 847 58 802
f 849 802 210
f 847 802 849
f 218 835 833
f 835 210 801
f 833 801 18
f 835 801 833
f 221 849 851
f 849 210 835
f 851 835 218
f 849 835 851
f 55 803 837
f 803 211 840
f 837 840 219
f 803 840 837
f 211 804 850
f 804 58 847
f 850 847 221
f 804 847 850
f 219 852 838
f 852 221 848
f 838 848 60
f 852 848 838
f 211 850 840
f 850 221 852
f 840 852 219
f 850 852 840
f 13 807 649
f 807 212 809
f 649 809 166
f 807 809 649
f 212 808 818
f 808 59 815
f 818 815 214
f 808 815 818
f 166 816 650
f 816 214 814
f 650 814 44
f 816 814 650
f 212 818 809
f 818 214 816
f 809 816 166
f 818 816 809
f 59 812 824
f 812 213 827
f 824 827 216
f 812 827 824
f 213 811 813
f 811 18 792
f 813 792 207
f 811 792 813
f 216 825 823
f 825 207 793
f 823 793 57
f 825 793 823
f 213 813 827
f 813 207 825
f 827 825 216
f 813 825 827
f 44 794 648
f 794 208 796
f 648 796 165
f 794 796 648
f 208 795 797
f 795 57 790
f 797 790 206
f 795 790 797
f 165 791 647
f 791 206 789
f 647 789 2
f 791 789 647
f 208 797 796
f 797 206 791
f 796 791 165
f 797 791 796
f 59 824 815
f 824 216 828
f 815 828 214
f 824 828 815
f 216 823 826
f 823 57 795
f 826 795 208
f 823 795 826
f 214 817 814
f 817 208 794
f 814 794 44
f 817 794 814
f 216 826 828
f 826 208 817
f 828 817 214
f 826 817 828
f 17 829 775
f 829 217 832
f 775 832 203
f 829 832 775
f 217 830 846
f 830 60 843
f 846 843 220
f 830 843 846
f 203 844 776
f 844 220 842
f 776 842 56
f 844 842 776
f 217 846 832
f 846 220 844
f 832 844 203
f 846 844 832
f 60 834 854
f 834 218 857
f 854 857 222
f 834 857 854
f 218 833 836
f 833 18 811
f 836 811 213
f 833 811 836
f 222 855 853
f 855 213 812
f 853 812 59
f 855 812 853
f 218 836 857
f 836 213 855
f 857 855 222
f 836 855 857
f 56 819 773
f 819 215 821
f 773 821 202
f 819 821 773
f 215 820 822
f 820 59 808
f 822 808 212
f 820 808 822
f 202 810 772
f 810 212 807
f 772 807 13
f 810 807 772
f 215 822 821
f 822 212 810
f 821 810 202
f 822 810 821
f 60 854 843
f 854 222 858
f 843 858 220
f 854 858 843
f 222 853 856
f 853 59 820
f 856 820 215
f 853 820 856
f 220 845 842
f 845 215 819
f 842 819 56
f 845 819 842
f 222 856 858
f 856 215 845
f 858 845 220
f 856 845 858
f 1 643 967
f 643 163 969
f 967 969 253
f 643 969 967
f 163 644 974
f 644 43 972
f 974 972 255
f 644 972 974
f 253 975 968
f 975 255 973
f 968 973 70
f 975 973 968
f 163 974 969
f 974 255 975
f 969 975 253
f 974 975 969
f 43 646 986
f 646 164 988
f 986 988 260
f 646 988 986
f 164 645 982
f 645 13 980
f 982 980 258
f 645 980 982
f 260 990 987
f 990 258 981
f 987 981 72
f 990 981 987
f 164 982 988
f 982 258 990
f 988 990 260
f 982 990 988
f 70 991 971
f 991 261 993
f 971 993 254
f 991 993 971
f 261 992 995
f 992 72 984
f 995 984 259
f 992 984 995
f 254 985 970
f 985 259 983
f 970 983 22
f 985 983 970
f 261 995 993
f 995 259 985
f 993 985 254
f 995 985 993
f 43 986 972
f 986 260 989
f 972 989 255
f 986 989 972
f 260 987 996
f 987 72 992
f 996 992 261
f 987 992 996
f 255 994 973
f 994 261 991
f 973 991 70
f 994 991 973
f 260 996 989
f 996 261 994
f 989 994 255
f 996 994 989
f 13 649 1015
f 649 166 1017
f 1015 1017 268
f 649 1017 1015
f 166 650 1024
f 650 44 1022
f 1024 1022 270
f 650 1022 1024
f 268 1026 1016
f 1026 270 1023
f 1016 1023 75
f 1026 1023 1016
f 166 1024 1017
f 1024 270 1026
f 1017 1026 268
f 1024 1026 1017
f 44 648 1002
f 648 165 1004
f 1002 1004 264
f 648 1004 1002
f 165 647 999
f 647 2 997
f 999 997 262
f 647 997 999
f 264 1005 1003
f 1005 262 998
f 1003 998 73
f 1005 998 1003
f 165 999 1004
f 999 262 1005
f 1004 1005 264
f 999 1005 1004
f 75 1032 1020
f 1032 272 1035
f 1020 1035 269
f 1032 1035 1020
f 272 1031 1033
f 1031 73 1001
f 1033 1001 263
f 1031 1001 1033
f 269 1021 1019
f 1021 263 1000
f 1019 1000 23
f 1021 1000 1019
f 272 1033 1035
f 1033 263 1021
f 1035 1021 269
f 1033 1021 1035
f 44 1002 1022
f 1002 264 1025
f 1022 1025 270
f 1002 1025 1022
f 264 1003 1034
f 1003 73 1031
f 1034 1031 272
f 1003 1031 1034
f 270 1036 1023
f 1036 272 1032
f 1023 1032 75
f 1036 1032 1023
f 264 1034 1025
f 1034 272 1036
f 1025 1036 270
f 1034 1036 1025
f 22 1037 978
f 1037 273 1039
f 978 1039 257
f 1037 1039 978
f 273 1038 1049
f 1038 76 1046
f 1049 1046 275
f 1038 1046 1049
f 257 1047 979
f 1047 275 1045
f 979 1045 71
f 1047 1045 979
f 273 1049 1039
f 1049 275 1047
f 1039 1047 257
f 1049 1047 1039
f 76 1042 1056
f 1042 274 1059
f 1056 1059 277
f 1042 1059 1056
f 274 1041 1043
f 1041 23 1009
f 1043 1009 266
f 1041 1009 1043
f 277 1057 1055
f 1057 266 1010
f 1055 1010 74
f 1057 1010 1055
f 274 1043 1059
f 1043 266 1057
f 1059 1057 277
f 1043 1057 1059
f 71 1011 977
f 1011 267 1013
f 977 1013 256
f 1011 1013 977
f 267 1012 1014
f 1012 74 1007
f 1014 1007 265
f 1012 1007 1014
f 256 1008 976
f 1008 265 1006
f 976 1006 8
f 1008 1006 976
f 267 1014 1013
f 1014 265 1008
f 1013 1008 256
f 1014 1008 1013
f 76 1056 1046
f 1056 277 1060
f 1046 1060 275
f 1056 1060 1046
f 277 1055 1058
f 1055 74 1012
f 1058 1012 267
f 1055 1012 1058
f 275 1048 1045
f 1048 267 1011
f 1045 1011 71
f 1048 1011 1045
f 277 1058 1060
f 1058 267 1048
f 1060 1048 275
f 1058 1048 1060
f 13 1015 980
f 1015 268 1018
f 980 1018 258
f 1015 1018 980
f 268 1016 1030
f 1016 75 1028
f 1030 1028 271
f 1016 1028 1030
f 258 1029 981
f 1029 271 1027
f 981 1027 72
f 1029 1027 981
f 268 1030 1018
f 1030 271 1029
f 1018 1029 258
f 1030 1029 1018
f 75 1020 1061
f 1020 269 1063
f 1061 1063 278
f 1020 1063 1061
f 269 1019 1044
f 1019 23 1041
f 1044 1041 274
f 1019 1041 1044
f 278 1065 1062
f 1065 274 1042
f 1062 1042 76
f 1065 1042 1062
f 269 1044 1063
f 1044 274 1065
f 1063 1065 278
f 1044 1065 1063
f 72 1050 984
f 1050 276 1052
f 984 1052 259
f 1050 1052 984
f 276 1051 1054
f 1051 76 1038
f 1054 1038 273
f 1051 1038 1054
f 259 1040 983
f 1040 273 1037
f 983 1037 22
f 1040 1037 983
f 276 1054 1052
f 1054 273 1040
f 1052 1040 259
f 1054 1040 1052
f 75 1061 1028
f 1061 278 1064
f 1028 1064 271
f 1061 1064 1028
f 278 1062 1066
f 1062 76 1051
f 1066 1051 276
f 1062 1051 1066
f 271 1053 1027
f 1053 276 1050
f 1027 1050 72
f 1053 1050 1027
f 278 1066 1064
f 1066 276 1053
f 1064 1053 271
f 1066 1053 1064
f 1 967 1819
f 967 253 1821
f 1819 1821 463
f 967 1821 1819
f 253 968 1826
f 968 70 1824
f 1826 1824 465
f 968 1824 1826
f 463 1827 1820
f 1827 465 1825
f 1820 1825 121
f 1827 1825 1820
f 253 1826 1821
f 1826 465 1827
f 1821 1827 463
f 1826 1827 1821
f 70 971 1838
f 971 254 1840
f 1838 1840 470
f 971 1840 1838
f 254 970 1834
f 970 22 1832
f 1834 1832 468
f 970 1832 1834
f 470 1842 1839
f 1842 468 1833
f 1839 1833 123
f 1842 1833 1839
f 254 1834 1840
f 1834 468 1842
f 1840 1842 470
f 1834 1842 1840
f 121 1843 1823
f 1843 471 1845
f 1823 1845 464
f 1843 1845 1823
f 471 1844 1847
f 1844 123 1836
f 1847 1836 469
f 1844 1836 1847
f 464 1837 1822
f 1837 469 1835
f 1822 1835 34
f 1837 1835 1822
f 471 1847 1845
f 1847 469 1837
f 1845 1837 464
f 1847 1837 1845
f 70 1838 1824
f 1838 470 1841
f 1824 1841 465
f 1838 1841 1824
f 470 1839 1848
f 1839 123 1844
f 1848 1844 471
f 1839 1844 1848
f 465 1846 1825
f 1846 471 1843
f 1825 1843 121
f 1846 1843 1825
f 470 1848 1841
f 1848 471 1846
f 1841 1846 465
f 1848 1846 1841
f 22 978 1999
f 978 257 2001
f 1999 2001 511
f 978 2001 1999
f 257 979 2008
f 979 71 2006
f 2008 2006 513
f 979 2006 2008
f 511 2010 2000
f 2010 513 2007
f 2000 2007 134
f 2010 2007 2000
f 257 2008 2001
f 2008 513 2010
f 2001 2010 511
f 2008 2010 2001
f 71 977 1977
f 977 256 1979
f 1977 1979 505
f 977 1979 1977
f 256 976 1973
f 976 8 1971
f 1973 1971 503
f 976 1971 1973
f 505 1980 1978
f 1980 503 1972
f 1978 1972 132
f 1980 1972 1978
f 256 1973 1979
f 1973 503 1980
f 1979 1980 505
f 1973 1980 1979
f 134 2016 2004
f 2016 515 2019
f 2004 2019 512
f 2016 2019 2004
f 515 2015 2017
f 2015 132 1976
f 2017 1976 504
f 2015 1976 2017
f 512 2005 2003
f 2005 504 1975
f 2003 1975 37
f 2005 1975 2003
f 515 2017 2019
f 2017 504 2005
f 2019 2005 512
f 2017 2005 2019
f 71 1977 2006
f 1977 505 2009
f 2006 2009 513
f 1977 2009 2006
f 505 1978 2018
f 1978 132 2015
f 2018 2015 515
f 1978 2015 2018
f 513 2020 2007
f 2020 515 2016
f 2007 2016 134
f 2020 2016 2007
f 505 2018 2009
f 2018 515 2020
f 2009 2020 513
f 2018 2020 2009
f 34 2043 1830
f 2043 521 2045
f 1830 2045 467
f 2043 2045 1830
f 521 2044 2055
f 2044 136 2052
f 2055 2052 523
f 2044 2052 2055
f 467 2053 1831
f 2053 523 2051
f 1831 2051 122
f 2053 2051 1831
f 521 2055 2045
f 2055 523 2053
f 2045 2053 467
f 2055 2053 2045
f 136 2048 2062
f 2048 522 2065
f 2062 2065 525
f 2048 2065 2062
f 522 2047 2049
f 2047 37 1989
f 2049 1989 508
f 2047 1989 2049
f 525 2063 2061
f 2063 508 1990
f 2061 1990 133
f 2063 1990 2061
f 522 2049 2065
f 2049 508 2063
f 2065 2063 525
f 2049 2063 2065
f 122 1991 1829
f 1991 509 1993
f 1829 1993 466
f 1991 1993 1829
f 509 1992 1994
f 1992 133 1986
f 1994 1986 507
f 1992 1986 1994
f 466 1987 1828
f 1987 507 1985
f 1828 1985 11
f 1987 1985 1828
f 509 1994 1993
f 1994 507 1987
f 1993 1987 466
f 1994 1987 1993
f 136 2062 2052
f 2062 525 2066
f 2052 2066 523
f 2062 2066 2052
f 525 2061 2064
f 2061 133 1992
f 2064 1992 509
f 2061 1992 2064
f 523 2054 2051
f 2054 509 1991
f 2051 1991 122
f 2054 1991 2051
f 525 2064 2066
f 2064 509 2054
f 2066 2054 523
f 2064 2054 2066
f 22 1999 1832
f 1999 511 2002
f 1832 2002 468
f 1999 2002 1832
f 511 2000 2014
f 2000 134 2012
f 2014 2012 514
f 2000 2012 2014
f 468 2013 1833
f 2013 514 2011
f 1833 2011 123
f 2013 2011 1833
f 511 2014 2002
f 2014 514 2013
f 2002 2013 468
f 2014 2013 2002
f 134 2004 2067
f 2004 512 2069
f 2067 2069 526
f 2004 2069 2067
f 512 2003 2050
f 2003 37 2047
f 2050 2047 522
f 2003 2047 2050
f 526 2071 2068
f 2071 522 2048
f 2068 2048 136
f 2071 2048 2068
f 512 2050 2069
f 2050 522 2071
f 2069 2071 526
f 2050 2071 2069
f 123 2056 1836
f 2056 524 2058
f 1836 2058 469
f 2056 2058 1836
f 524 2057 2060
f 2057 136 2044
f 2060 2044 521
f 2057 2044 2060
f 469 2046 1835
f 2046 521 2043
f 1835 2043 34
f 2046 2043 1835
f 524 2060 2058
f 2060 521 2046
f 2058 2046 469
f 2060 2046 2058
f 134 2067 2012
f 2067 526 2070
f 2012 2070 514
f 2067 2070 2012
f 526 2068 2072
f 2068 136 2057
f 2072 2057 524
f 2068 2057 2072
f 514 2059 2011
f 2059 524 2056
f 2011 2056 123
f 2059 2056 2011
f 526 2072 2070
f 2072 524 2059
f 2070 2059 514
f 2072 2059 2070
f 1 1819 2103
f 1819 463 2106
f 2103 2106 533
f 1819 2106 2103
f 463 1820 2115
f 1820 121 2113
f 2115 2113 536
f 1820 2113 2115
f 533 2116 2104
f 2116 536 2114
f 2104 2114 138
f 2116 2114 2104
f 463 2115 2106
f 2115 536 2116
f 2106 2116 533
f 2115 2116 2106
f 121 1823 2144
f 1823 464 2146
f 2144 2146 545
f 1823 2146 2144
f 464 1822 2140
f 1822 34 2138
f 2140 2138 543
f 1822 2138 2140
f 545 2148 2145
f 2148 543 2139
f 2145 2139 141
f 2148 2139 2145
f 464 2140 2146
f 2140 543 2148
f 2146 2148 545
f 2140 2148 2146
f 138 2149 2108
f 2149 546 2151
f 2108 2151 534
f 2149 2151 2108
f 546 2150 2153
f 2150 141 2142
f 2153 2142 544
f 2150 2142 2153
f 534 2143 2107
f 2143 544 2141
f 2107 2141 38
f 2143 2141 2107
f 546 2153 2151
f 2153 544 2143
f 2151 2143 534
f 2153 2143 2151
f 121 2144 2113
f 2144 545 2147
f 2113 2147 536
f 2144 2147 2113
f 545 2145 2154
f 2145 141 2150
f 2154 2150 546
f 2145 2150 2154
f 536 2152 2114
f 2152 546 2149
f 2114 2149 138
f 2152 2149 2114
f 545 2154 2147
f 2154 546 2152
f 2147 2152 536
f 2154 2152 2147
f 34 1830 2459
f 1830 467 2461
f 2459 2461 621
f 1830 2461 2459
f 467 1831 2468
f 1831 122 2466
f 2468 2466 623
f 1831 2466 2468
f 621 2470 2460
f 2470 623 2467
f 2460 2467 159
f 2470 2467 2460
f 467 2468 2461
f 2468 623 2470
f 2461 2470 621
f 2468 2470 2461
f 122 1829 2437
f 1829 466 2439
f 2437 2439 615
f 1829 2439 2437
f 466 1828 2433
f 1828 11 2431
f 2433 2431 613
f 1828 2431 2433
f 615 2440 2438
f 2440 613 2432
f 2438 2432 157
f 2440 2432 2438
f 466 2433 2439
f 2433 613 2440
f 2439 2440 615
f 2433 2440 2439
f 159 2476 2464
f 2476 625 2479
f 2464 2479 622
f 2476 2479 2464
f 625 2475 2477
f 2475 157 2436
f 2477 2436 614
f 2475 2436 2477
f 622 2465 2463
f 2465 614 2435
f 2463 2435 42
f 2465 2435 2463
f 625 2477 2479
f 2477 614 2465
f 2479 2465 622
f 2477 2465 2479
f 122 2437 2466
f 2437 615 2469
f 2466 2469 623
f 2437 2469 2466
f 615 2438 2478
f 2438 157 2475
f 2478 2475 625
f 2438 2475 2478
f 623 2480 2467
f 2480 625 2476
f 2467 2476 159
f 2480 2476 2467
f 615 2478 2469
f 2478 625 2480
f 2469 2480 623
f 2478 2480 2469
f 38 2503 2119
f 2503 631 2505
f 2119 2505 538
f 2503 2505 2119
f 631 2504 2515
f 2504 161 2512
f 2515 2512 633
f 2504 2512 2515
f 538 2513 2120
f 2513 633 2511
f 2120 2511 139
f 2513 2511 2120
f 631 2515 2505
f 2515 633 2513
f 2505 2513 538
f 2515 2513 2505
f 161 2508 2522
f 2508 632 2525
f 2522 2525 635
f 2508 2525 2522
f 632 2507 2509
f 2507 42 2449
f 2509 2449 618
f 2507 2449 2509
f 635 2523 2521
f 2523 618 2450
f 2521 2450 158
f 2523 2450 2521
f 632 2509 2525
f 2509 618 2523
f 2525 2523 635
f 2509 2523 2525
f 139 2451 2118
f 2451 619 2453
f 2118 2453 537
f 2451 2453 2118
f 619 2452 2454
f 2452 158 2446
f 2454 2446 617
f 2452 2446 2454
f 537 2447 2117
f 2447 617 2445
f 2117 2445 12
f 2447 2445 2117
f 619 2454 2453
f 2454 617 2447
f 2453 2447 537
f 2454 2447 2453
f 161 2522 2512
f 2522 635 2526
f 2512 2526 633
f 2522 2526 2512
f 635 2521 2524
f 2521 158 2452
f 2524 2452 619
f 2521 2452 2524
f 633 2514 2511
f 2514 619 2451
f 2511 2451 139
f 2514 2451 2511
f 635 2524 2526
f 2524 619 2514
f 2526 2514 633
f 2524 2514 2526
f 34 2459 2138
f 2459 621 2462
f 2138 2462 543
f 2459 2462 2138
f 621 2460 2474
f 2460 159 2472
f 2474 2472 624
f 2460 2472 2474
f 543 2473 2139
f 2473 624 2471
f 2139 2471 141
f 2473 2471 2139
f 621 2474 2462
f 2474 624 2473
f 2462 2473 543
f 2474 2473 2462
f 159 2464 2527
f 2464 622 2529
f 2527 2529 636
f 2464 2529 2527
f 622 2463 2510
f 2463 42 2507
f 2510 2507 632
f 2463 2507 2510
f 636 2531 2528
f 2531 632 2508
f 2528 2508 161
f 2531 2508 2528
f 622 2510 2529
f 2510 632 2531
f 2529 2531 636
f 2510 2531 2529
f 141 2516 2142
f 2516 634 2518
f 2142 2518 544
f 2516 2518 2142
f 634 2517 2520
f 2517 161 2504
f 2520 2504 631
f 2517 2504 2520
f 544 2506 2141
f 2506 631 2503
f 2141 2503 38
f 2506 2503 2141
f 634 2520 2518
f 2520 631 2506
f 2518 2506 544
f 2520 2506 2518
f 159 2527 2472
f 2527 636 2530
f 2472 2530 624
f 2527 2530 2472
f 636 2528 2532
f 2528 161 2517
f 2532 2517 634
f 2528 2517 2532
f 624 2519 2471
f 2519 634 2516
f 2471 2516 141
f 2519 2516 2471
f 636 2532 2530
f 2532 634 2519
f 2530 2519 624
f 2532 2519 2530
f 2 789 1359
f 789 206 1361
f 1359 1361 353
f 789 1361 1359
f 206 790 1367
f 790 57 1365
f 1367 1365 355
f 790 1365 1367
f 353 1368 1360
f 1368 355 1366
f 1360 1366 96
f 1368 1366 1360
f 206 1367 1361
f 1367 355 1368
f 1361 1368 353
f 1367 1368 1361
f 57 793 1383
f 793 207 1385
f 1383 1385 361
f 793 1385 1383
f 207 792 1379
f 792 18 1377
f 1379 1377 359
f 792 1377 1379
f 361 1387 1384
f 1387 359 1378
f 1384 1378 98
f 1387 1378 1384
f 207 1379 1385
f 1379 359 1387
f 1385 1387 361
f 1379 1387 1385
f 96 1388 1364
f 1388 362 1390
f 1364 1390 354
f 1388 1390 1364
f 362 1389 1392
f 1389 98 1381
f 1392 1381 360
f 1389 1381 1392
f 354 1382 1363
f 1382 360 1380
f 1363 1380 29
f 1382 1380 1363
f 362 1392 1390
f 1392 360 1382
f 1390 1382 354
f 1392 1382 1390
f 57 1383 1365
f 1383 361 1386
f 1365 1386 355
f 1383 1386 1365
f 361 1384 1393
f 1384 98 1389
f 1393 1389 362
f 1384 1389 1393
f 355 1391 1366
f 1391 362 1388
f 1366 1388 96
f 1391 1388 1366
f 361 1393 1386
f 1393 362 1391
f 1386 1391 355
f 1393 1391 1386
f 18 801 1583
f 801 210 1585
f 1583 1585 411
f 801 1585 1583
f 210 802 1592
f 802 58 1590
f 1592 1590 413
f 802 1590 1592
f 411 1594 1584
f 1594 413 1591
f 1584 1591 111
f 1594 1591 1584
f 210 1592 1585
f 1592 413 1594
f 1585 1594 411
f 1592 1594 1585
f 58 799 1561
f 799 209 1563
f 1561 1563 405
f 799 1563 1561
f 209 798 1557
f 798 6 1555
f 1557 1555 403
f 798 1555 1557
f 405 1564 1562
f 1564 403 1556
f 1562 1556 109
f 1564 1556 1562
f 209 1557 1563
f 1557 403 1564
f 1563 1564 405
f 1557 1564 1563
f 111 1600 1588
f 1600 415 1603
f 1588 1603 412
f 1600 1603 1588
f 415 1599 1601
f 1599 109 1560
f 1601 1560 404
f 1599 1560 1601
f 412 1589 1587
f 1589 404 1559
f 1587 1559 32
f 1589 1559 1587
f 415 1601 1603
f 1601 404 1589
f 1603 1589 412
f 1601 1589 1603
f 58 1561 1590
f 1561 405 1593
f 1590 1593 413
f 1561 1593 1590
f 405 1562 1602
f 1562 109 1599
f 1602 1599 415
f 1562 1599 1602
f 413 1604 1591
f 1604 415 1600
f 1591 1600 111
f 1604 1600 1591
f 405 1602 1593
f 1602 415 1604
f 1593 1604 413
f 1602 1604 1593
f 29 1627 1375
f 1627 421 1629
f 1375 1629 358
f 1627 1629 1375
f 421 1628 1639
f 1628 113 1636
f 1639 1636 423
f 1628 1636 1639
f 358 1637 1376
f 1637 423 1635
f 1376 1635 97
f 1637 1635 1376
f 421 1639 1629
f 1639 423 1637
f 1629 1637 358
f 1639 1637 1629
f 113 1632 1646
f 1632 422 1649
f 1646 1649 425
f 1632 1649 1646
f 422 1631 1633
f 1631 32 1573
f 1633 1573 408
f 1631 1573 1633
f 425 1647 1645
f 1647 408 1574
f 1645 1574 110
f 1647 1574 1645
f 422 1633 1649
f 1633 408 1647
f 1649 1647 425
f 1633 1647 1649
f 97 1575 1374
f 1575 409 1577
f 1374 1577 357
f 1575 1577 1374
f 409 1576 1578
f 1576 110 1570
f 1578 1570 407
f 1576 1570 1578
f 357 1571 1373
f 1571 407 1569
f 1373 1569 10
f 1571 1569 1373
f 409 1578 1577
f 1578 407 1571
f 1577 1571 357
f 1578 1571 1577
f 113 1646 1636
f 1646 425 1650
f 1636 1650 423
f 1646 1650 1636
f 425 1645 1648
f 1645 110 1576
f 1648 1576 409
f 1645 1576 1648
f 423 1638 1635
f 1638 409 1575
f 1635 1575 97
f 1638 1575 1635
f 425 1648 1650
f 1648 409 1638
f 1650 1638 423
f 1648 1638 1650
f 18 1583 1377
f 1583 411 1586
f 1377 1586 359
f 1583 1586 1377
f 411 1584 1598
f 1584 111 1596
f 1598 1596 414
f 1584 1596 1598
f 359 1597 1378
f 1597 414 1595
f 1378 1595 98
f 1597 1595 1378
f 411 1598 1586
f 1598 414 1597
f 1586 1597 359
f 1598 1597 1586
f 111 1588 1651
f 1588 412 1653
f 1651 1653 426
f 1588 1653 1651
f 412 1587 1634
f 1587 32 1631
f 1634 1631 422
f 1587 1631 1634
f 426 1655 1652
f 1655 422 1632
f 1652 1632 113
f 1655 1632 1652
f 412 1634 1653
f 1634 422 1655
f 1653 1655 426
f 1634 1655 1653
f 98 1640 1381
f 1640 424 1642
f 1381 1642 360
f 1640 1642 1381
f 424 1641 1644
f 1641 113 1628
f 1644 1628 421
f 1641 1628 1644
f 360 1630 1380
f 1630 421 1627
f 1380 1627 29
f 1630 1627 1380
f 424 1644 1642
f 1644 421 1630
f 1642 1630 360
f 1644 1630 1642
f 111 1651 1596
f 1651 426 1654
f 1596 1654 414
f 1651 1654 1596
f 426 1652 1656
f 1652 113 1641
f 1656 1641 424
f 1652 1641 1656
f 414 1643 1595
f 1643 424 1640
f 1595 1640 98
f 1643 1640 1595
f 426 1656 1654
f 1656 424 1643
f 1654 1643 414
f 1656 1643 1654
f 6 2299 863
f 2299 583 2302
f 863 2302 225
f 2299 2302 863
f 583 2300 2312
f 2300 151 2310
f 2312 2310 586
f 2300 2310 2312
f 225 2311 864
f 2311 586 2309
f 864 2309 62
f 2311 2309 864
f 583 2312 2302
f 2312 586 2311
f 2302 2311 225
f 2312 2311 2302
f 151 2304 2365
f 2304 584 2367
f 2365 2367 600
f 2304 2367 2365
f 584 2303 2355
f 2303 41 2353
f 2355 2353 597
f 2303 2353 2355
f 600 2369 2366
f 2369 597 2354
f 2366 2354 154
f 2369 2354 2366
f 584 2355 2367
f 2355 597 2369
f 2367 2369 600
f 2355 2369 2367
f 62 2356 866
f 2356 598 2358
f 866 2358 226
f 2356 2358 866
f 598 2357 2360
f 2357 154 2350
f 2360 2350 596
f 2357 2350 2360
f 226 2351 865
f 2351 596 2349
f 865 2349 19
f 2351 2349 865
f 598 2360 2358
f 2360 596 2351
f 2358 2351 226
f 2360 2351 2358
f 151 2365 2310
f 2365 600 2368
f 2310 2368 586
f 2365 2368 2310
f 600 2366 2370
f 2366 154 2357
f 2370 2357 598
f 2366 2357 2370
f 586 2359 2309
f 2359 598 2356
f 2309 2356 62
f 2359 2356 2309
f 600 2370 2368
f 2370 598 2359
f 2368 2359 586
f 2370 2359 2368
f 41 2317 2405
f 2317 588 2407
f 2405 2407 608
f 2317 2407 2405
f 588 2318 2421
f 2318 152 2419
f 2421 2419 611
f 2318 2419 2421
f 608 2423 2406
f 2423 611 2420
f 2406 2420 156
f 2423 2420 2406
f 588 2421 2407
f 2421 611 2423
f 2407 2423 608
f 2421 2423 2407
f 152 2314 2324
f 2314 587 2326
f 2324 2326 590
f 2314 2326 2324
f 587 2313 2316
f 2313 12 2221
f 2316 2221 565
f 2313 2221 2316
f 590 2325 2323
f 2325 565 2222
f 2323 2222 147
f 2325 2222 2323
f 587 2316 2326
f 2316 565 2325
f 2326 2325 590
f 2316 2325 2326
f 156 2410 2402
f 2410 609 2413
f 2402 2413 607
f 2410 2413 2402
f 609 2409 2411
f 2409 147 2225
f 2411 2225 566
f 2409 2225 2411
f 607 2403 2401
f 2403 566 2224
f 2401 2224 40
f 2403 2224 2401
f 609 2411 2413
f 2411 566 2403
f 2413 2403 607
f 2411 2403 2413
f 152 2324 2419
f 2324 590 2422
f 2419 2422 611
f 2324 2422 2419
f 590 2323 2412
f 2323 147 2409
f 2412 2409 609
f 2323 2409 2412
f 611 2424 2420
f 2424 609 2410
f 2420 2410 156
f 2424 2410 2420
f 590 2412 2422
f 2412 609 2424
f 2422 2424 611
f 2412 2424 2422
f 19 2252 861
f 2252 573 2254
f 861 2254 224
f 2252 2254 861
f 573 2253 2262
f 2253 149 2259
f 2262 2259 575
f 2253 2259 2262
f 224 2260 862
f 2260 575 2258
f 862 2258 61
f 2260 2258 862
f 573 2262 2254
f 2262 575 2260
f 2254 2260 224
f 2262 2260 2254
f 149 2256 2264
f 2256 574 2267
f 2264 2267 576
f 2256 2267 2264
f 574 2255 2257
f 2255 40 2211
f 2257 2211 562
f 2255 2211 2257
f 576 2265 2263
f 2265 562 2212
f 2263 2212 146
f 2265 2212 2263
f 574 2257 2267
f 2257 562 2265
f 2267 2265 576
f 2257 2265 2267
f 61 2217 860
f 2217 564 2219
f 860 2219 223
f 2217 2219 860
f 564 2218 2220
f 2218 146 2208
f 2220 2208 561
f 2218 2208 2220
f 223 2210 859
f 2210 561 2207
f 859 2207 5
f 2210 2207 859
f 564 2220 2219
f 2220 561 2210
f 2219 2210 223
f 2220 2210 2219
f 149 2264 2259
f 2264 576 2268
f 2259 2268 575
f 2264 2268 2259
f 576 2263 2266
f 2263 146 2218
f 2266 2218 564
f 2263 2218 2266
f 575 2261 2258
f 2261 564 2217
f 2258 2217 61
f 2261 2217 2258
f 576 2266 2268
f 2266 564 2261
f 2268 2261 575
f 2266 2261 2268
f 41 2405 2353
f 2405 608 2408
f 2353 2408 597
f 2405 2408 2353
f 608 2406 2429
f 2406 156 2426
f 2429 2426 612
f 2406 2426 2429
f 597 2427 2354
f 2427 612 2425
f 2354 2425 154
f 2427 2425 2354
f 608 2429 2408
f 2429 612 2427
f 2408 2427 597
f 2429 2427 2408
f 156 2402 2415
f 2402 607 2418
f 2415 2418 610
f 2402 2418 2415
f 607 2401 2404
f 2401 40 2255
f 2404 2255 574
f 2401 2255 2404
f 610 2416 2414
f 2416 574 2256
f 2414 2256 149
f 2416 2256 2414
f 607 2404 2418
f 2404 574 2416
f 2418 2416 610
f 2404 2416 2418
f 154 2362 2350
f 2362 599 2364
f 2350 2364 596
f 2362 2364 2350
f 599 2361 2363
f 2361 149 2253
f 2363 2253 573
f 2361 2253 2363
f 596 2352 2349
f 2352 573 2252
f 2349 2252 19
f 2352 2252 2349
f 599 2363 2364
f 2363 573 2352
f 2364 2352 596
f 2363 2352 2364
f 156 2415 2426
f 2415 610 2430
f 2426 2430 612
f 2415 2430 2426
f 610 2414 2417
f 2414 149 2361
f 2417 2361 599
f 2414 2361 2417
f 612 2428 2425
f 2428 599 2362
f 2425 2362 154
f 2428 2362 2425
f 610 2417 2430
f 2417 599 2428
f 2430 2428 612
f 2417 2428 2430
f 12 2445 2169
f 2445 617 2448
f 2169 2448 551
f 2445 2448 2169
f 617 2446 2458
f 2446 158 2456
f 2458 2456 620
f 2446 2456 2458
f 551 2457 2170
f 2457 620 2455
f 2170 2455 143
f 2457 2455 2170
f 617 2458 2448
f 2458 620 2457
f 2448 2457 551
f 2458 2457 2448
f 158 2450 2551
f 2450 618 2553
f 2551 2553 641
f 2450 2553 2551
f 618 2449 2539
f 2449 42 2537
f 2539 2537 638
f 2449 2537 2539
f 641 2555 2552
f 2555 638 2538
f 2552 2538 162
f 2555 2538 2552
f 618 2539 2553
f 2539 638 2555
f 2553 2555 641
f 2539 2555 2553
f 143 2541 2172
f 2541 639 2543
f 2172 2543 552
f 2541 2543 2172
f 639 2542 2545
f 2542 162 2534
f 2545 2534 637
f 2542 2534 2545
f 552 2535 2171
f 2535 637 2533
f 2171 2533 39
f 2535 2533 2171
f 639 2545 2543
f 2545 637 2535
f 2543 2535 552
f 2545 2535 2543
f 158 2551 2456
f 2551 641 2554
f 2456 2554 620
f 2551 2554 2456
f 641 2552 2556
f 2552 162 2542
f 2556 2542 639
f 2552 2542 2556
f 620 2544 2455
f 2544 639 2541
f 2455 2541 143
f 2544 2541 2455
f 641 2556 2554
f 2556 639 2544
f 2554 2544 620
f 2556 2544 2554
f 42 2435 2485
f 2435 614 2487
f 2485 2487 627
f 2435 2487 2485
f 614 2436 2499
f 2436 157 2497
f 2499 2497 630
f 2436 2497 2499
f 627 2501 2486
f 2501 630 2498
f 2486 2498 160
f 2501 2498 2486
f 614 2499 2487
f 2499 630 2501
f 2487 2501 627
f 2499 2501 2487
f 157 2432 2442
f 2432 613 2444
f 2442 2444 616
f 2432 2444 2442
f 613 2431 2434
f 2431 11 1858
f 2434 1858 475
f 2431 1858 2434
f 616 2443 2441
f 2443 475 1859
f 2441 1859 125
f 2443 1859 2441
f 613 2434 2444
f 2434 475 2443
f 2444 2443 616
f 2434 2443 2444
f 160 2489 2482
f 2489 628 2492
f 2482 2492 626
f 2489 2492 2482
f 628 2488 2490
f 2488 125 1861
f 2490 1861 476
f 2488 1861 2490
f 626 2483 2481
f 2483 476 1860
f 2481 1860 35
f 2483 1860 2481
f 628 2490 2492
f 2490 476 2483
f 2492 2483 626
f 2490 2483 2492
f 157 2442 2497
f 2442 616 2500
f 2497 2500 630
f 2442 2500 2497
f 616 2441 2491
f 2441 125 2488
f 2491 2488 628
f 2441 2488 2491
f 630 2502 2498
f 2502 628 2489
f 2498 2489 160
f 2502 2489 2498
f 616 2491 2500
f 2491 628 2502
f 2500 2502 630
f 2491 2502 2500
f 39 2193 2159
f 2193 558 2195
f 2159 2195 548
f 2193 2195 2159
f 558 2194 2205
f 2194 145 2202
f 2205 2202 560
f 2194 2202 2205
f 548 2203 2160
f 2203 560 2201
f 2160 2201 142
f 2203 2201 2160
f 558 2205 2195
f 2205 560 2203
f 2195 2203 548
f 2205 2203 2195
f 145 2191 2197
f 2191 557 2200
f 2197 2200 559
f 2191 2200 2197
f 557 2190 2192
f 2190 35 1852
f 2192 1852 473
f 2190 1852 2192
f 559 2198 2196
f 2198 473 1853
f 2196 1853 124
f 2198 1853 2196
f 557 2192 2200
f 2192 473 2198
f 2200 2198 559
f 2192 2198 2200
f 142 2166 2156
f 2166 550 2168
f 2156 2168 547
f 2166 2168 2156
f 550 2165 2167
f 2165 124 1850
f 2167 1850 472
f 2165 1850 2167
f 547 2158 2155
f 2158 472 1849
f 2155 1849 3
f 2158 1849 2155
f 550 2167 2168
f 2167 472 2158
f 2168 2158 547
f 2167 2158 2168
f 145 2197 2202
f 2197 559 2206
f 2202 2206 560
f 2197 2206 2202
f 559 2196 2199
f 2196 124 2165
f 2199 2165 550
f 2196 2165 2199
f 560 2204 2201
f 2204 550 2166
f 2201 2166 142
f 2204 2166 2201
f 559 2199 2206
f 2199 550 2204
f 2206 2204 560
f 2199 2204 2206
f 42 2485 2537
f 2485 627 2540
f 2537 2540 638
f 2485 2540 2537
f 627 2486 2559
f 2486 160 2557
f 2559 2557 642
f 2486 2557 2559
f 638 2561 2538
f 2561 642 2558
f 2538 2558 162
f 2561 2558 2538
f 627 2559 2540
f 2559 642 2561
f 2540 2561 638
f 2559 2561 2540
f 160 2482 2494
f 2482 626 2496
f 2494 2496 629
f 2482 2496 2494
f 626 2481 2484
f 2481 35 2190
f 2484 2190 557
f 2481 2190 2484
f 629 2495 2493
f 2495 557 2191
f 2493 2191 145
f 2495 2191 2493
f 626 2484 2496
f 2484 557 2495
f 2496 2495 629
f 2484 2495 2496
f 162 2547 2534
f 2547 640 2550
f 2534 2550 637
f 2547 2550 2534
f 640 2546 2548
f 2546 145 2194
f 2548 2194 558
f 2546 2194 2548
f 637 2536 2533
f 2536 558 2193
f 2533 2193 39
f 2536 2193 2533
f 640 2548 2550
f 2548 558 2536
f 2550 2536 637
f 2548 2536 2550
f 160 2494 2557
f 2494 629 2560
f 2557 2560 642
f 2494 2560 2557
f 629 2493 2549
f 2493 145 2546
f 2549 2546 640
f 2493 2546 2549
f 642 2562 2558
f 2562 640 2547
f 2558 2547 162
f 2562 2547 2558
f 629 2549 2560
f 2549 640 2562
f 2560 2562 642
f 2549 2562 2560
f 11 1985 1893
f 1985 507 1988
f 1893 1988 485
f 1985 1988 1893
f 507 1986 1998
f 1986 133 1996
f 1998 1996 510
f 1986 1996 1998
f 485 1997 1894
f 1997 510 1995
f 1894 1995 128
f 1997 1995 1894
f 507 1998 1988
f 1998 510 1997
f 1988 1997 485
f 1998 1997 1988
f 133 1990 2091
f 1990 508 2093
f 2091 2093 531
f 1990 2093 2091
f 508 1989 2079
f 1989 37 2077
f 2079 2077 528
f 1989 2077 2079
f 531 2095 2092
f 2095 528 2078
f 2092 2078 137
f 2095 2078 2092
f 508 2079 2093
f 2079 528 2095
f 2093 2095 531
f 2079 2095 2093
f 128 2081 1897
f 2081 529 2083
f 1897 2083 486
f 2081 2083 1897
f 529 2082 2085
f 2082 137 2074
f 2085 2074 527
f 2082 2074 2085
f 486 2075 1896
f 2075 527 2073
f 1896 2073 36
f 2075 2073 1896
f 529 2085 2083
f 2085 527 2075
f 2083 2075 486
f 2085 2075 2083
f 133 2091 1996
f 2091 531 2094
f 1996 2094 510
f 2091 2094 1996
f 531 2092 2096
f 2092 137 2082
f 2096 2082 529
f 2092 2082 2096
f 510 2084 1995
f 2084 529 2081
f 1995 2081 128
f 2084 2081 1995
f 531 2096 2094
f 2096 529 2084
f 2094 2084 510
f 2096 2084 2094
f 37 1975 2025
f 1975 504 2027
f 2025 2027 517
f 1975 2027 2025
f 504 1976 2039
f 1976 132 2037
f 2039 2037 520
f 1976 2037 2039
f 517 2041 2026
f 2041 520 2038
f 2026 2038 135
f 2041 2038 2026
f 504 2039 2027
f 2039 520 2041
f 2027 2041 517
f 2039 2041 2027
f 132 1972 1982
f 1972 503 1984
f 1982 1984 506
f 1972 1984 1982
f 503 1971 1974
f 1971 8 1071
f 1974 1071 281
f 1971 1071 1974
f 506 1983 1981
f 1983 281 1072
f 1981 1072 78
f 1983 1072 1981
f 503 1974 1984
f 1974 281 1983
f 1984 1983 506
f 1974 1983 1984
f 135 2029 2022
f 2029 518 2032
f 2022 2032 516
f 2029 2032 2022
f 518 2028 2030
f 2028 78 1074
f 2030 1074 282
f 2028 1074 2030
f 516 2023 2021
f 2023 282 1073
f 2021 1073 24
f 2023 1073 2021
f 518 2030 2032
f 2030 282 2023
f 2032 2023 516
f 2030 2023 2032
f 132 1982 2037
f 1982 506 2040
f 2037 2040 520
f 1982 2040 2037
f 506 1981 2031
f 1981 78 2028
f 2031 2028 518
f 1981 2028 2031
f 520 2042 2038
f 2042 518 2029
f 2038 2029 135
f 2042 2029 2038
f 506 2031 2040
f 2031 518 2042
f 2040 2042 520
f 2031 2042 2040
f 36 1927 1883
f 1927 494 1929
f 1883 1929 482
f 1927 1929 1883
f 494 1928 1939
f 1928 130 1936
f 1939 1936 496
f 1928 1936 1939
f 482 1937 1884
f 1937 496 1935
f 1884 1935 127
f 1937 1935 1884
f 494 1939 1929
f 1939 496 1937
f 1929 1937 482
f 1939 1937 1929
f 130 1925 1931
f 1925 493 1934
f 1931 1934 495
f 1925 1934 1931
f 493 1924 1926
f 1924 24 1069
f 1926 1069 280
f 1924 1069 1926
f 495 1932 1930
f 1932 280 1070
f 1930 1070 77
f 1932 1070 1930
f 493 1926 1934
f 1926 280 1932
f 1934 1932 495
f 1926 1932 1934
f 127 1890 1880
f 1890 484 1892
f 1880 1892 481
f 1890 1892 1880
f 484 1889 1891
f 1889 77 1068
f 1891 1068 279
f 1889 1068 1891
f 481 1882 1879
f 1882 279 1067
f 1879 1067 7
f 1882 1067 1879
f 484 1891 1892
f 1891 279 1882
f 1892 1882 481
f 1891 1882 1892
f 130 1931 1936
f 1931 495 1940
f 1936 1940 496
f 1931 1940 1936
f 495 1930 1933
f 1930 77 1889
f 1933 1889 484
f 1930 1889 1933
f 496 1938 1935
f 1938 484 1890
f 1935 1890 127
f 1938 1890 1935
f 495 1933 1940
f 1933 484 1938
f 1940 1938 496
f 1933 1938 1940
f 37 2025 2077
f 2025 517 2080
f 2077 2080 528
f 2025 2080 2077
f 517 2026 2099
f 2026 135 2097
f 2099 2097 532
f 2026 2097 2099
f 528 2101 2078
f 2101 532 2098
f 2078 2098 137
f 2101 2098 2078
f 517 2099 2080
f 2099 532 2101
f 2080 2101 528
f 2099 2101 2080
f 135 2022 2034
f 2022 516 2036
f 2034 2036 519
f 2022 2036 2034
f 516 2021 2024
f 2021 24 1924
f 2024 1924 493
f 2021 1924 2024
f 519 2035 2033
f 2035 493 1925
f 2033 1925 130
f 2035 1925 2033
f 516 2024 2036
f 2024 493 2035
f 2036 2035 519
f 2024 2035 2036
f 137 2087 2074
f 2087 530 2090
f 2074 2090 527
f 2087 2090 2074
f 530 2086 2088
f 2086 130 1928
f 2088 1928 494
f 2086 1928 2088
f 527 2076 2073
f 2076 494 1927
f 2073 1927 36
f 2076 1927 2073
f 530 2088 2090
f 2088 494 2076
f 2090 2076 527
f 2088 2076 2090
f 135 2034 2097
f 2034 519 2100
f 2097 2100 532
f 2034 2100 2097
f 519 2033 2089
f 2033 130 2086
f 2089 2086 530
f 2033 2086 2089
f 532 2102 2098
f 2102 530 2087
f 2098 2087 137
f 2102 2087 2098
f 519 2089 2100
f 2089 530 2102
f 2100 2102 532
f 2089 2102 2100
f 8 1006 1227
f 1006 265 1229
f 1227 1229 323
f 1006 1229 1227
f 265 1007 1235
f 1007 74 1233
f 1235 1233 325
f 1007 1233 1235
f 323 1236 1228
f 1236 325 1234
f 1228 1234 90
f 1236 1234 1228
f 265 1235 1229
f 1235 325 1236
f 1229 1236 323
f 1235 1236 1229
f 74 1010 1262
f 1010 266 1264
f 1262 1264 333
f 1010 1264 1262
f 266 1009 1257
f 1009 23 1255
f 1257 1255 331
f 1009 1255 1257
f 333 1266 1263
f 1266 331 1256
f 1263 1256 92
f 1266 1256 1263
f 266 1257 1264
f 1257 331 1266
f 1264 1266 333
f 1257 1266 1264
f 90 1271 1232
f 1271 335 1273
f 1232 1273 324
f 1271 1273 1232
f 335 1272 1275
f 1272 92 1260
f 1275 1260 332
f 1272 1260 1275
f 324 1261 1231
f 1261 332 1259
f 1231 1259 28
f 1261 1259 1231
f 335 1275 1273
f 1275 332 1261
f 1273 1261 324
f 1275 1261 1273
f 74 1262 1233
f 1262 333 1265
f 1233 1265 325
f 1262 1265 1233
f 333 1263 1276
f 1263 92 1272
f 1276 1272 335
f 1263 1272 1276
f 325 1274 1234
f 1274 335 1271
f 1234 1271 90
f 1274 1271 1234
f 333 1276 1265
f 1276 335 1274
f 1265 1274 325
f 1276 1274 1265
f 23 1000 1088
f 1000 263 1090
f 1088 1090 288
f 1000 1090 1088
f 263 1001 1096
f 1001 73 1094
f 1096 1094 290
f 1001 1094 1096
f 288 1098 1089
f 1098 290 1095
f 1089 1095 81
f 1098 1095 1089
f 263 1096 1090
f 1096 290 1098
f 1090 1098 288
f 1096 1098 1090
f 73 998 1080
f 998 262 1082
f 1080 1082 285
f 998 1082 1080
f 262 997 1077
f 997 2 1075
f 1077 1075 283
f 997 1075 1077
f 285 1083 1081
f 1083 283 1076
f 1081 1076 79
f 1083 1076 1081
f 262 1077 1082
f 1077 283 1083
f 1082 1083 285
f 1077 1083 1082
f 81 1100 1092
f 1100 291 1103
f 1092 1103 289
f 1100 1103 1092
f 291 1099 1101
f 1099 79 1079
f 1101 1079 284
f 1099 1079 1101
f 289 1093 1091
f 1093 284 1078
f 1091 1078 25
f 1093 1078 1091
f 291 1101 1103
f 1101 284 1093
f 1103 1093 289
f 1101 1093 1103
f 73 1080 1094
f 1080 285 1097
f 1094 1097 290
f 1080 1097 1094
f 285 1081 1102
f 1081 79 1099
f 1102 1099 291
f 1081 1099 1102
f 290 1104 1095
f 1104 291 1100
f 1095 1100 81
f 1104 1100 1095
f 285 1102 1097
f 1102 291 1104
f 1097 1104 290
f 1102 1104 1097
f 28 1303 1245
f 1303 342 1305
f 1245 1305 328
f 1303 1305 1245
f 342 1304 1321
f 1304 94 1318
f 1321 1318 345
f 1304 1318 1321
f 328 1319 1246
f 1319 345 1317
f 1246 1317 91
f 1319 1317 1246
f 342 1321 1305
f 1321 345 1319
f 1305 1319 328
f 1321 1319 1305
f 94 1300 1308
f 1300 341 1311
f 1308 1311 343
f 1300 1311 1308
f 341 1299 1301
f 1299 25 1086
f 1301 1086 287
f 1299 1086 1301
f 343 1309 1307
f 1309 287 1087
f 1307 1087 80
f 1309 1087 1307
f 341 1301 1311
f 1301 287 1309
f 1311 1309 343
f 1301 1309 1311
f 91 1248 1242
f 1248 329 1250
f 1242 1250 327
f 1248 1250 1242
f 329 1247 1249
f 1247 80 1085
f 1249 1085 286
f 1247 1085 1249
f 327 1243 1241
f 1243 286 1084
f 1241 1084 9
f 1243 1084 1241
f 329 1249 1250
f 1249 286 1243
f 1250 1243 327
f 1249 1243 1250
f 94 1308 1318
f 1308 343 1322
f 1318 1322 345
f 1308 1322 1318
f 343 1307 1310
f 1307 80 1247
f 1310 1247 329
f 1307 1247 1310
f 345 1320 1317
f 1320 329 1248
f 1317 1248 91
f 1320 1248 1317
f 343 1310 1322
f 1310 329 1320
f 1322 1320 345
f 1310 1320 1322
f 23 1088 1255
f 1088 288 1258
f 1255 1258 331
f 1088 1258 1255
f 288 1089 1269
f 1089 81 1267
f 1269 1267 334
f 1089 1267 1269
f 331 1270 1256
f 1270 334 1268
f 1256 1268 92
f 1270 1268 1256
f 288 1269 1258
f 1269 334 1270
f 1258 1270 331
f 1269 1270 1258
f 81 1092 1312
f 1092 289 1314
f 1312 1314 344
f 1092 1314 1312
f 289 1091 1302
f 1091 25 1299
f 1302 1299 341
f 1091 1299 1302
f 344 1316 1313
f 1316 341 1300
f 1313 1300 94
f 1316 1300 1313
f 289 1302 1314
f 1302 341 1316
f 1314 1316 344
f 1302 1316 1314
f 92 1323 1260
f 1323 346 1325
f 1260 1325 332
f 1323 1325 1260
f 346 1324 1327
f 1324 94 1304
f 1327 1304 342
f 1324 1304 1327
f 332 1306 1259
f 1306 342 1303
f 1259 1303 28
f 1306 1303 1259
f 346 1327 1325
f 1327 342 1306
f 1325 1306 332
f 1327 1306 1325
f 81 1312 1267
f 1312 344 1315
f 1267 1315 334
f 1312 1315 1267
f 344 1313 1328
f 1313 94 1324
f 1328 1324 346
f 1313 1324 1328
f 334 1326 1268
f 1326 346 1323
f 1268 1323 92
f 1326 1323 1268
f 344 1328 1315
f 1328 346 1326
f 1315 1326 334
f 1328 1326 1315
f 4 1411 689
f 1411 367 1413
f 689 1413 180
f 1411 1413 689
f 367 1412 1420
f 1412 100 1418
f 1420 1418 369
f 1412 1418 1420
f 180 1419 690
f 1419 369 1417
f 690 1417 50
f 1419 1417 690
f 367 1420 1413
f 1420 369 1419
f 1413 1419 180
f 1420 1419 1413
f 100 1416 1440
f 1416 368 1442
f 1440 1442 376
f 1416 1442 1440
f 368 1415 1434
f 1415 30 1432
f 1434 1432 374
f 1415 1432 1434
f 376 1444 1441
f 1444 374 1433
f 1441 1433 102
f 1444 1433 1441
f 368 1434 1442
f 1434 374 1444
f 1442 1444 376
f 1434 1444 1442
f 50 1435 693
f 1435 375 1437
f 693 1437 181
f 1435 1437 693
f 375 1436 1439
f 1436 102 1430
f 1439 1430 373
f 1436 1430 1439
f 181 1431 692
f 1431 373 1429
f 692 1429 16
f 1431 1429 692
f 375 1439 1437
f 1439 373 1431
f 1437 1431 181
f 1439 1431 1437
f 100 1440 1418
f 1440 376 1443
f 1418 1443 369
f 1440 1443 1418
f 376 1441 1445
f 1441 102 1436
f 1445 1436 375
f 1441 1436 1445
f 369 1438 1417
f 1438 375 1435
f 1417 1435 50
f 1438 1435 1417
f 376 1445 1443
f 1445 375 1438
f 1443 1438 369
f 1445 1438 1443
f 30 1427 1525
f 1427 372 1527
f 1525 1527 397
f 1427 1527 1525
f 372 1428 1535
f 1428 101 1533
f 1535 1533 399
f 1428 1533 1535
f 397 1537 1526
f 1537 399 1534
f 1526 1534 108
f 1537 1534 1526
f 372 1535 1527
f 1535 399 1537
f 1527 1537 397
f 1535 1537 1527
f 101 1426 1482
f 1426 371 1484
f 1482 1484 387
f 1426 1484 1482
f 371 1425 1479
f 1425 10 1477
f 1479 1477 385
f 1425 1477 1479
f 387 1485 1483
f 1485 385 1478
f 1483 1478 105
f 1485 1478 1483
f 371 1479 1484
f 1479 385 1485
f 1484 1485 387
f 1479 1485 1484
f 108 1544 1530
f 1544 401 1547
f 1530 1547 398
f 1544 1547 1530
f 401 1543 1545
f 1543 105 1481
f 1545 1481 386
f 1543 1481 1545
f 398 1531 1529
f 1531 386 1480
f 1529 1480 31
f 1531 1480 1529
f 401 1545 1547
f 1545 386 1531
f 1547 1531 398
f 1545 1531 1547
f 101 1482 1533
f 1482 387 1536
f 1533 1536 399
f 1482 1536 1533
f 387 1483 1546
f 1483 105 1543
f 1546 1543 401
f 1483 1543 1546
f 399 1548 1534
f 1548 401 1544
f 1534 1544 108
f 1548 1544 1534
f 387 1546 1536
f 1546 401 1548
f 1536 1548 399
f 1546 1548 1536
f 16 1486 701
f 1486 388 1488
f 701 1488 184
f 1486 1488 701
f 388 1487 1497
f 1487 106 1494
f 1497 1494 390
f 1487 1494 1497
f 184 1495 702
f 1495 390 1493
f 702 1493 51
f 1495 1493 702
f 388 1497 1488
f 1497 390 1495
f 1488 1495 184
f 1497 1495 1488
f 106 1491 1503
f 1491 389 1506
f 1503 1506 392
f 1491 1506 1503
f 389 1490 1492
f 1490 31 1467
f 1492 1467 382
f 1490 1467 1492
f 392 1504 1502
f 1504 382 1468
f 1502 1468 104
f 1504 1468 1502
f 389 1492 1506
f 1492 382 1504
f 1506 1504 392
f 1492 1504 1506
f 51 1469 699
f 1469 383 1471
f 699 1471 183
f 1469 1471 699
f 383 1470 1472
f 1470 104 1464
f 1472 1464 381
f 1470 1464 1472
f 183 1465 698
f 1465 381 1463
f 698 1463 5
f 1465 1463 698
f 383 1472 1471
f 1472 381 1465
f 1471 1465 183
f 1472 1465 1471
f 106 1503 1494
f 1503 392 1507
f 1494 1507 390
f 1503 1507 1494
f 392 1502 1505
f 1502 104 1470
f 1505 1470 383
f 1502 1470 1505
f 390 1496 1493
f 1496 383 1469
f 1493 1469 51
f 1496 1469 1493
f 392 1505 1507
f 1505 383 1496
f 1507 1496 390
f 1505 1496 1507
f 30 1525 1432
f 1525 397 1528
f 1432 1528 374
f 1525 1528 1432
f 397 1526 1542
f 1526 108 1539
f 1542 1539 400
f 1526 1539 1542
f 374 1540 1433
f 1540 400 1538
f 1433 1538 102
f 1540 1538 1433
f 397 1542 1528
f 1542 400 1540
f 1528 1540 374
f 1542 1540 1528
f 108 1530 1550
f 1530 398 1553
f 1550 1553 402
f 1530 1553 1550
f 398 1529 1532
f 1529 31 1490
f 1532 1490 389
f 1529 1490 1532
f 402 1551 1549
f 1551 389 1491
f 1549 1491 106
f 1551 1491 1549
f 398 1532 1553
f 1532 389 1551
f 1553 1551 402
f 1532 1551 1553
f 102 1498 1430
f 1498 391 1500
f 1430 1500 373
f 1498 1500 1430
f 391 1499 1501
f 1499 106 1487
f 1501 1487 388
f 1499 1487 1501
f 373 1489 1429
f 1489 388 1486
f 1429 1486 16
f 1489 1486 1429
f 391 1501 1500
f 1501 388 1489
f 1500 1489 373
f 1501 1489 1500
f 108 1550 1539
f 1550 402 1554
f 1539 1554 400
f 1550 1554 1539
f 402 1549 1552
f 1549 106 1499
f 1552 1499 391
f 1549 1499 1552
f 400 1541 1538
f 1541 391 1498
f 1538 1498 102
f 1541 1498 1538
f 402 1552 1554
f 1552 391 1541
f 1554 1541 400
f 1552 1541 1554
f 4 689 655
f 689 180 691
f 655 691 169
f 689 691 655
f 180 690 697
f 690 50 695
f 697 695 182
f 690 695 697
f 169 696 656
f 696 182 694
f 656 694 46
f 696 694 656
f 180 697 691
f 697 182 696
f 691 696 169
f 697 696 691
f 50 693 723
f 693 181 725
f 723 725 190
f 693 725 723
f 181 692 713
f 692 16 711
f 713 711 187
f 692 711 713
f 190 727 724
f 727 187 712
f 724 712 52
f 727 712 724
f 181 713 725
f 713 187 727
f 725 727 190
f 713 727 725
f 46 714 658
f 714 188 716
f 658 716 170
f 714 716 658
f 188 715 718
f 715 52 708
f 718 708 186
f 715 708 718
f 170 709 657
f 709 186 707
f 657 707 14
f 709 707 657
f 188 718 716
f 718 186 709
f 716 709 170
f 718 709 716
f 50 723 695
f 723 190 726
f 695 726 182
f 723 726 695
f 190 724 728
f 724 52 715
f 728 715 188
f 724 715 728
f 182 717 694
f 717 188 714
f 694 714 46
f 717 714 694
f 190 728 726
f 728 188 717
f 726 717 182
f 728 717 726
f 16 701 733
f 701 184 735
f 733 735 192
f 701 735 733
f 184 702 749
f 702 51 747
f 749 747 195
f 702 747 749
f 192 751 734
f 751 195 748
f 734 748 53
f 751 748 734
f 184 749 735
f 749 195 751
f 735 751 192
f 749 751 735
f 51 699 704
f 699 183 706
f 704 706 185
f 699 706 704
f 183 698 700
f 698 5 668
f 700 668 174
f 698 668 700
f 185 705 703
f 705 174 669
f 703 669 48
f 705 669 703
f 183 700 706
f 700 174 705
f 706 705 185
f 700 705 706
f 53 738 730
f 738 193 741
f 730 741 191
f 738 741 730
f 193 737 739
f 737 48 671
f 739 671 175
f 737 671 739
f 191 731 729
f 731 175 670
f 729 670 15
f 731 670 729
f 193 739 741
f 739 175 731
f 741 731 191
f 739 731 741
f 51 704 747
f 704 185 750
f 747 750 195
f 704 750 747
f 185 703 740
f 703 48 737
f 740 737 193
f 703 737 740
f 195 752 748
f 752 193 738
f 748 738 53
f 752 738 748
f 185 740 750
f 740 193 752
f 750 752 195
f 740 752 750
f 14 672 653
f 672 176 674
f 653 674 168
f 672 674 653
f 176 673 682
f 673 49 679
f 682 679 178
f 673 679 682
f 168 680 654
f 680 178 678
f 654 678 45
f 680 678 654
f 176 682 674
f 682 178 680
f 674 680 168
f 682 680 674
f 49 676 684
f 676 177 687
f 684 687 179
f 676 687 684
f 177 675 677
f 675 15 662
f 677 662 172
f 675 662 677
f 179 685 683
f 685 172 663
f 683 663 47
f 685 663 683
f 177 677 687
f 677 172 685
f 687 685 179
f 677 685 687
f 45 664 652
f 664 173 666
f 652 666 167
f 664 666 652
f 173 665 667
f 665 47 660
f 667 660 171
f 665 660 667
f 167 661 651
f 661 171 659
f 651 659 3
f 661 659 651
f 173 667 666
f 667 171 661
f 666 661 167
f 667 661 666
f 49 684 679
f 684 179 688
f 679 688 178
f 684 688 679
f 179 683 686
f 683 47 665
f 686 665 173
f 683 665 686
f 178 681 678
f 681 173 664
f 678 664 45
f 681 664 678
f 179 686 688
f 686 173 681
f 688 681 178
f 686 681 688
f 16 733 711
f 733 192 736
f 711 736 187
f 733 736 711
f 192 734 757
f 734 53 754
f 757 754 196
f 734 754 757
f 187 755 712
f 755 196 753
f 712 753 52
f 755 753 712
f 192 757 736
f 757 196 755
f 736 755 187
f 757 755 736
f 53 730 743
f 730 191 746
f 743 746 194
f 730 746 743
f 191 729 732
f 729 15 675
f 732 675 177
f 729 675 732
f 194 744 742
f 744 177 676
f 742 676 49
f 744 676 742
f 191 732 746
f 732 177 744
f 746 744 194
f 732 744 746
f 52 720 708
f 720 189 722
f 708 722 186
f 720 722 708
f 189 719 721
f 719 49 673
f 721 673 176
f 719 673 721
f 186 710 707
f 710 176 672
f 707 672 14
f 710 672 707
f 189 721 722
f 721 176 710
f 722 710 186
f 721 710 722
f 53 743 754
f 743 194 758
f 754 758 196
f 743 758 754
f 194 742 745
f 742 49 719
f 745 719 189
f 742 719 745
f 196 756 753
f 756 189 720
f 753 720 52
f 756 720 753
f 194 745 758
f 745 189 756
f 758 756 196
f 745 756 758
f 4 655 897
f 655 169 899
f 897 899 236
f 655 899 897
f 169 656 904
f 656 46 902
f 904 902 238
f 656 902 904
f 236 905 898
f 905 238 903
f 898 903 66
f 905 903 898
f 169 904 899
f 904 238 905
f 899 905 236
f 904 905 899
f 46 658 922
f 658 170 924
f 922 924 244
f 658 924 922
f 170 657 917
f 657 14 915
f 917 915 242
f 657 915 917
f 244 926 923
f 926 242 916
f 923 916 68
f 926 916 923
f 170 917 924
f 917 242 926
f 924 926 244
f 917 926 924
f 66 931 901
f 931 246 933
f 901 933 237
f 931 933 901
f 246 932 935
f 932 68 920
f 935 920 243
f 932 920 935
f 237 921 900
f 921 243 919
f 900 919 21
f 921 919 900
f 246 935 933
f 935 243 921
f 933 921 237
f 935 921 933
f 46 922 902
f 922 244 925
f 902 925 238
f 922 925 902
f 244 923 936
f 923 68 932
f 936 932 246
f 923 932 936
f 238 934 903
f 934 246 931
f 903 931 66
f 934 931 903
f 244 936 925
f 936 246 934
f 925 934 238
f 936 934 925
f 14 653 880
f 653 168 882
f 880 882 232
f 653 882 880
f 168 654 888
f 654 45 886
f 888 886 234
f 654 886 888
f 232 890 881
f 890 234 887
f 881 887 65
f 890 887 881
f 168 888 882
f 888 234 890
f 882 890 232
f 888 890 882
f 45 652 872
f 652 167 874
f 872 874 229
f 652 874 872
f 167 651 869
f 651 3 867
f 869 867 227
f 651 867 869
f 229 875 873
f 875 227 868
f 873 868 63
f 875 868 873
f 167 869 874
f 869 227 875
f 874 875 229
f 869 875 874
f 65 892 884
f 892 235 895
f 884 895 233
f 892 895 884
f 235 891 893
f 891 63 871
f 893 871 228
f 891 871 893
f 233 885 883
f 885 228 870
f 883 870 20
f 885 870 883
f 235 893 895
f 893 228 885
f 895 885 233
f 893 885 895
f 45 872 886
f 872 229 889
f 886 889 234
f 872 889 886
f 229 873 894
f 873 63 891
f 894 891 235
f 873 891 894
f 234 896 887
f 896 235 892
f 887 892 65
f 896 892 887
f 229 894 889
f 894 235 896
f 889 896 234
f 894 896 889
f 21 941 909
f 941 248 943
f 909 943 240
f 941 943 909
f 248 942 959
f 942 69 956
f 959 956 251
f 942 956 959
f 240 957 910
f 957 251 955
f 910 955 67
f 957 955 910
f 248 959 943
f 959 251 957
f 943 957 240
f 959 957 943
f 69 938 946
f 938 247 949
f 946 949 249
f 938 949 946
f 247 937 939
f 937 20 878
f 939 878 231
f 937 878 939
f 249 947 945
f 947 231 879
f 945 879 64
f 947 879 945
f 247 939 949
f 939 231 947
f 949 947 249
f 939 947 949
f 67 912 907
f 912 241 914
f 907 914 239
f 912 914 907
f 241 911 913
f 911 64 877
f 913 877 230
f 911 877 913
f 239 908 906
f 908 230 876
f 906 876 7
f 908 876 906
f 241 913 914
f 913 230 908
f 914 908 239
f 913 908 914
f 69 946 956
f 946 249 960
f 956 960 251
f 946 960 956
f 249 945 948
f 945 64 911
f 948 911 241
f 945 911 948
f 251 958 955
f 958 241 912
f 955 912 67
f 958 912 955
f 249 948 960
f 948 241 958
f 960 958 251
f 948 958 960
f 14 880 915
f 880 232 918
f 915 918 242
f 880 918 915
f 232 881 929
f 881 65 927
f 929 927 245
f 881 927 929
f 242 930 916
f 930 245 928
f 916 928 68
f 930 928 916
f 232 929 918
f 929 245 930
f 918 930 242
f 929 930 918
f 65 884 950
f 884 233 952
f 950 952 250
f 884 952 950
f 233 883 940
f 883 20 937
f 940 937 247
f 883 937 940
f 250 954 951
f 954 247 938
f 951 938 69
f 954 938 951
f 233 940 952
f 940 247 954
f 952 954 250
f 940 954 952
f 68 961 920
f 961 252 963
f 920 963 243
f 961 963 920
f 252 962 965
f 962 69 942
f 965 942 248
f 962 942 965
f 243 944 919
f 944 248 941
f 919 941 21
f 944 941 919
f 252 965 963
f 965 248 944
f 963 944 243
f 965 944 963
f 65 950 927
f 950 250 953
f 927 953 245
f 950 953 927
f 250 951 966
f 951 69 962
f 966 962 252
f 951 962 966
f 245 964 928
f 964 252 961
f 928 961 68
f 964 961 928
f 250 966 953
f 966 252 964
f 953 964 245
f 966 964 953
f 4 897 1105
f 897 236 1107
f 1105 1107 292
f 897 1107 1105
f 236 898 1112
f 898 66 1110
f 1112 1110 294
f 898 1110 1112
f 292 1113 1106
f 1113 294 1111
f 1106 1111 82
f 1113 1111 1106
f 236 1112 1107
f 1112 294 1113
f 1107 1113 292
f 1112 1113 1107
f 66 901 1124
f 901 237 1126
f 1124 1126 299
f 901 1126 1124
f 237 900 1120
f 900 21 1118
f 1120 1118 297
f 900 1118 1120
f 299 1128 1125
f 1128 297 1119
f 1125 1119 84
f 1128 1119 1125
f 237 1120 1126
f 1120 297 1128
f 1126 1128 299
f 1120 1128 1126
f 82 1129 1109
f 1129 300 1131
f 1109 1131 293
f 1129 1131 1109
f 300 1130 1133
f 1130 84 1122
f 1133 1122 298
f 1130 1122 1133
f 293 1123 1108
f 1123 298 1121
f 1108 1121 26
f 1123 1121 1108
f 300 1133 1131
f 1133 298 1123
f 1131 1123 293
f 1133 1123 1131
f 66 1124 1110
f 1124 299 1127
f 1110 1127 294
f 1124 1127 1110
f 299 1125 1134
f 1125 84 1130
f 1134 1130 300
f 1125 1130 1134
f 294 1132 1111
f 1132 300 1129
f 1111 1129 82
f 1132 1129 1111
f 299 1134 1127
f 1134 300 1132
f 1127 1132 294
f 1134 1132 1127
f 21 909 1158
f 909 240 1160
f 1158 1160 308
f 909 1160 1158
f 240 910 1167
f 910 67 1165
f 1167 1165 310
f 910 1165 1167
f 308 1169 1159
f 1169 310 1166
f 1159 1166 87
f 1169 1166 1159
f 240 1167 1160
f 1167 310 1169
f 1160 1169 308
f 1167 1169 1160
f 67 907 1141
f 907 239 1143
f 1141 1143 303
f 907 1143 1141
f 239 906 1137
f 906 7 1135
f 1137 1135 301
f 906 1135 1137
f 303 1144 1142
f 1144 301 1136
f 1142 1136 85
f 1144 1136 1142
f 239 1137 1143
f 1137 301 1144
f 1143 1144 303
f 1137 1144 1143
f 87 1175 1163
f 1175 312 1178
f 1163 1178 309
f 1175 1178 1163
f 312 1174 1176
f 1174 85 1140
f 1176 1140 302
f 1174 1140 1176
f 309 1164 1162
f 1164 302 1139
f 1162 1139 27
f 1164 1139 1162
f 312 1176 1178
f 1176 302 1164
f 1178 1164 309
f 1176 1164 1178
f 67 1141 1165
f 1141 303 1168
f 1165 1168 310
f 1141 1168 1165
f 303 1142 1177
f 1142 85 1174
f 1177 1174 312
f 1142 1174 1177
f 310 1179 1166
f 1179 312 1175
f 1166 1175 87
f 1179 1175 1166
f 303 1177 1168
f 1177 312 1179
f 1168 1179 310
f 1177 1179 1168
f 26 1197 1116
f 1197 317 1199
f 1116 1199 296
f 1197 1199 1116
f 317 1198 1209
f 1198 89 1206
f 1209 1206 319
f 1198 1206 1209
f 296 1207 1117
f 1207 319 1205
f 1117 1205 83
f 1207 1205 1117
f 317 1209 1199
f 1209 319 1207
f 1199 1207 296
f 1209 1207 1199
f 89 1202 1216
f 1202 318 1219
f 1216 1219 321
f 1202 1219 1216
f 318 1201 1203
f 1201 27 1152
f 1203 1152 306
f 1201 1152 1203
f 321 1217 1215
f 1217 306 1153
f 1215 1153 86
f 1217 1153 1215
f 318 1203 1219
f 1203 306 1217
f 1219 1217 321
f 1203 1217 1219
f 83 1154 1115
f 1154 307 1156
f 1115 1156 295
f 1154 1156 1115
f 307 1155 1157
f 1155 86 1150
f 1157 1150 305
f 1155 1150 1157
f 295 1151 1114
f 1151 305 1149
f 1114 1149 9
f 1151 1149 1114
f 307 1157 1156
f 1157 305 1151
f 1156 1151 295
f 1157 1151 1156
f 89 1216 1206
f 1216 321 1220
f 1206 1220 319
f 1216 1220 1206
f 321 1215 1218
f 1215 86 1155
f 1218 1155 307
f 1215 1155 1218
f 319 1208 1205
f 1208 307 1154
f 1205 1154 83
f 1208 1154 1205
f 321 1218 1220
f 1218 307 1208
f 1220 1208 319
f 1218 1208 1220
f 21 1158 1118
f 1158 308 1161
f 1118 1161 297
f 1158 1161 1118
f 308 1159 1173
f 1159 87 1171
f 1173 1171 311
f 1159 1171 1173
f 297 1172 1119
f 1172 311 1170
f 1119 1170 84
f 1172 1170 1119
f 308 1173 1161
f 1173 311 1172
f 1161 1172 297
f 1173 1172 1161
f 87 1163 1221
f 1163 309 1223
f 1221 1223 322
f 1163 1223 1221
f 309 1162 1204
f 1162 27 1201
f 1204 1201 318
f 1162 1201 1204
f 322 1225 1222
f 1225 318 1202
f 1222 1202 89
f 1225 1202 1222
f 309 1204 1223
f 1204 318 1225
f 1223 1225 322
f 1204 1225 1223
f 84 1210 1122
f 1210 320 1212
f 1122 1212 298
f 1210 1212 1122
f 320 1211 1214
f 1211 89 1198
f 1214 1198 317
f 1211 1198 1214
f 298 1200 1121
f 1200 317 1197
f 1121 1197 26
f 1200 1197 1121
f 320 1214 1212
f 1214 317 1200
f 1212 1200 298
f 1214 1200 1212
f 87 1221 1171
f 1221 322 1224
f 1171 1224 311
f 1221 1224 1171
f 322 1222 1226
f 1222 89 1211
f 1226 1211 320
f 1222 1211 1226
f 311 1213 1170
f 1213 320 1210
f 1170 1210 84
f 1213 1210 1170
f 322 1226 1224
f 1226 320 1213
f 1224 1213 311
f 1226 1213 1224
f 4 1105 1411
f 1105 292 1414
f 1411 1414 367
f 1105 1414 1411
f 292 1106 1423
f 1106 82 1421
f 1423 1421 370
f 1106 1421 1423
f 367 1424 1412
f 1424 370 1422
f 1412 1422 100
f 1424 1422 1412
f 292 1423 1414
f 1423 370 1424
f 1414 1424 367
f 1423 1424 1414
f 82 1109 1452
f 1109 293 1454
f 1452 1454 379
f 1109 1454 1452
f 293 1108 1448
f 1108 26 1446
f 1448 1446 377
f 1108 1446 1448
f 379 1456 1453
f 1456 377 1447
f 1453 1447 103
f 1456 1447 1453
f 293 1448 1454
f 1448 377 1456
f 1454 1456 379
f 1448 1456 1454
f 100 1457 1416
f 1457 380 1459
f 1416 1459 368
f 1457 1459 1416
f 380 1458 1461
f 1458 103 1450
f 1461 1450 378
f 1458 1450 1461
f 368 1451 1415
f 1451 378 1449
f 1415 1449 30
f 1451 1449 1415
f 380 1461 1459
f 1461 378 1451
f 1459 1451 368
f 1461 1451 1459
f 82 1452 1421
f 1452 379 1455
f 1421 1455 370
f 1452 1455 1421
f 379 1453 1462
f 1453 103 1458
f 1462 1458 380
f 1453 1458 1462
f 370 1460 1422
f 1460 380 1457
f 1422 1457 100
f 1460 1457 1422
f 379 1462 1455
f 1462 380 1460
f 1455 1460 370
f 1462 1460 1455
f 26 1116 1737
f 1116 296 1739
f 1737 1739 446
f 1116 1739 1737
f 296 1117 1746
f 1117 83 1744
f 1746 1744 448
f 1117 1744 1746
f 446 1748 1738
f 1748 448 1745
f 1738 1745 118
f 1748 1745 1738
f 296 1746 1739
f 1746 448 1748
f 1739 1748 446
f 1746 1748 1739
f 83 1115 1697
f 1115 295 1699
f 1697 1699 436
f 1115 1699 1697
f 295 1114 1690
f 1114 9 1687
f 1690 1687 433
f 1114 1687 1690
f 436 1700 1698
f 1700 433 1688
f 1698 1688 115
f 1700 1688 1698
f 295 1690 1699
f 1690 433 1700
f 1699 1700 436
f 1690 1700 1699
f 118 1754 1742
f 1754 450 1757
f 1742 1757 447
f 1754 1757 1742
f 450 1753 1755
f 1753 115 1692
f 1755 1692 434
f 1753 1692 1755
f 447 1743 1741
f 1743 434 1691
f 1741 1691 33
f 1743 1691 1741
f 450 1755 1757
f 1755 434 1743
f 1757 1743 447
f 1755 1743 1757
f 83 1697 1744
f 1697 436 1747
f 1744 1747 448
f 1697 1747 1744
f 436 1698 1756
f 1698 115 1753
f 1756 1753 450
f 1698 1753 1756
f 448 1758 1745
f 1758 450 1754
f 1745 1754 118
f 1758 1754 1745
f 436 1756 1747
f 1756 450 1758
f 1747 1758 448
f 1756 1758 1747
f 30 1789 1427
f 1789 457 1791
f 1427 1791 372
f 1789 1791 1427
f 457 1790 1801
f 1790 120 1798
f 1801 1798 459
f 1790 1798 1801
f 372 1799 1428
f 1799 459 1797
f 1428 1797 101
f 1799 1797 1428
f 457 1801 1791
f 1801 459 1799
f 1791 1799 372
f 1801 1799 1791
f 120 1794 1808
f 1794 458 1811
f 1808 1811 461
f 1794 1811 1808
f 458 1793 1795
f 1793 33 1705
f 1795 1705 438
f 1793 1705 1795
f 461 1809 1807
f 1809 438 1706
f 1807 1706 116
f 1809 1706 1807
f 458 1795 1811
f 1795 438 1809
f 1811 1809 461
f 1795 1809 1811
f 101 1711 1426
f 1711 440 1713
f 1426 1713 371
f 1711 1713 1426
f 440 1712 1714
f 1712 116 1702
f 1714 1702 437
f 1712 1702 1714
f 371 1704 1425
f 1704 437 1701
f 1425 1701 10
f 1704 1701 1425
f 440 1714 1713
f 1714 437 1704
f 1713 1704 371
f 1714 1704 1713
f 120 1808 1798
f 1808 461 1812
f 1798 1812 459
f 1808 1812 1798
f 461 1807 1810
f 1807 116 1712
f 1810 1712 440
f 1807 1712 1810
f 459 1800 1797
f 1800 440 1711
f 1797 1711 101
f 1800 1711 1797
f 461 1810 1812
f 1810 440 1800
f 1812 1800 459
f 1810 1800 1812
f 26 1737 1446
f 1737 446 1740
f 1446 1740 377
f 1737 1740 1446
f 446 1738 1752
f 1738 118 1750
f 1752 1750 449
f 1738 1750 1752
f 377 1751 1447
f 1751 449 1749
f 1447 1749 103
f 1751 1749 1447
f 446 1752 1740
f 1752 449 1751
f 1740 1751 377
f 1752 1751 1740
f 118 1742 1813
f 1742 447 1815
f 1813 1815 462
f 1742 1815 1813
f 447 1741 1796
f 1741 33 1793
f 1796 1793 458
f 1741 1793 1796
f 462 1817 1814
f 1817 458 1794
f 1814 1794 120
f 1817 1794 1814
f 447 1796 1815
f 1796 458 1817
f 1815 1817 462
f 1796 1817 1815
f 103 1802 1450
f 1802 460 1804
f 1450 1804 378
f 1802 1804 1450
f 460 1803 1806
f 1803 120 1790
f 1806 1790 457
f 1803 1790 1806
f 378 1792 1449
f 1792 457 1789
f 1449 1789 30
f 1792 1789 1449
f 460 1806 1804
f 1806 457 1792
f 1804 1792 378
f 1806 1792 1804
f 118 1813 1750
f 1813 462 1816
f 1750 1816 449
f 1813 1816 1750
f 462 1814 1818
f 1814 120 1803
f 1818 1803 460
f 1814 1803 1818
f 449 1805 1749
f 1805 460 1802
f 1749 1802 103
f 1805 1802 1749
f 462 1818 1816
f 1818 460 1805
f 1816 1805 449
f 1818 1805 1816
f 5 1463 859
f 1463 381 1466
f 859 1466 223
f 1463 1466 859
f 381 1464 1476
f 1464 104 1474
f 1476 1474 384
f 1464 1474 1476
f 223 1475 860
f 1475 384 1473
f 860 1473 61
f 1475 1473 860
f 381 1476 1466
f 1476 384 1475
f 1466 1475 223
f 1476 1475 1466
f 104 1468 1519
f 1468 382 1521
f 1519 1521 396
f 1468 1521 1519
f 382 1467 1513
f 1467 31 1511
f 1513 1511 394
f 1467 1511 1513
f 396 1523 1520
f 1523 394 1512
f 1520 1512 107
f 1523 1512 1520
f 382 1513 1521
f 1513 394 1523
f 1521 1523 396
f 1513 1523 1521
f 61 1514 862
f 1514 395 1516
f 862 1516 224
f 1514 1516 862
f 395 1515 1518
f 1515 107 1509
f 1518 1509 393
f 1515 1509 1518
f 224 1510 861
f 1510 393 1508
f 861 1508 19
f 1510 1508 861
f 395 1518 1516
f 1518 393 1510
f 1516 1510 224
f 1518 1510 1516
f 104 1519 1474
f 1519 396 1522
f 1474 1522 384
f 1519 1522 1474
f 396 1520 1524
f 1520 107 1515
f 1524 1515 395
f 1520 1515 1524
f 384 1517 1473
f 1517 395 1514
f 1473 1514 61
f 1517 1514 1473
f 396 1524 1522
f 1524 395 1517
f 1522 1517 384
f 1524 1517 1522
f 31 1480 1657
f 1480 386 1659
f 1657 1659 427
f 1480 1659 1657
f 386 1481 1667
f 1481 105 1665
f 1667 1665 429
f 1481 1665 1667
f 427 1669 1658
f 1669 429 1666
f 1658 1666 114
f 1669 1666 1658
f 386 1667 1659
f 1667 429 1669
f 1659 1669 427
f 1667 1669 1659
f 105 1478 1579
f 1478 385 1581
f 1579 1581 410
f 1478 1581 1579
f 385 1477 1572
f 1477 10 1569
f 1572 1569 407
f 1477 1569 1572
f 410 1582 1580
f 1582 407 1570
f 1580 1570 110
f 1582 1570 1580
f 385 1572 1581
f 1572 407 1582
f 1581 1582 410
f 1572 1582 1581
f 114 1676 1662
f 1676 431 1679
f 1662 1679 428
f 1676 1679 1662
f 431 1675 1677
f 1675 110 1574
f 1677 1574 408
f 1675 1574 1677
f 428 1663 1661
f 1663 408 1573
f 1661 1573 32
f 1663 1573 1661
f 431 1677 1679
f 1677 408 1663
f 1679 1663 428
f 1677 1663 1679
f 105 1579 1665
f 1579 410 1668
f 1665 1668 429
f 1579 1668 1665
f 410 1580 1678
f 1580 110 1675
f 1678 1675 431
f 1580 1675 1678
f 429 1680 1666
f 1680 431 1676
f 1666 1676 114
f 1680 1676 1666
f 410 1678 1668
f 1678 431 1680
f 1668 1680 429
f 1678 1680 1668
f 19 1605 865
f 1605 416 1607
f 865 1607 226
f 1605 1607 865
f 416 1606 1616
f 1606 112 1613
f 1616 1613 418
f 1606 1613 1616
f 226 1614 866
f 1614 418 1612
f 866 1612 62
f 1614 1612 866
f 416 1616 1607
f 1616 418 1614
f 1607 1614 226
f 1616 1614 1607
f 112 1610 1622
f 1610 417 1625
f 1622 1625 420
f 1610 1625 1622
f 417 1609 1611
f 1609 32 1559
f 1611 1559 404
f 1609 1559 1611
f 420 1623 1621
f 1623 404 1560
f 1621 1560 109
f 1623 1560 1621
f 417 1611 1625
f 1611 404 1623
f 1625 1623 420
f 1611 1623 1625
f 62 1565 864
f 1565 406 1567
f 864 1567 225
f 1565 1567 864
f 406 1566 1568
f 1566 109 1556
f 1568 1556 403
f 1566 1556 1568
f 225 1558 863
f 1558 403 1555
f 863 1555 6
f 1558 1555 863
f 406 1568 1567
f 1568 403 1558
f 1567 1558 225
f 1568 1558 1567
f 112 1622 1613
f 1622 420 1626
f 1613 1626 418
f 1622 1626 1613
f 420 1621 1624
f 1621 109 1566
f 1624 1566 406
f 1621 1566 1624
f 418 1615 1612
f 1615 406 1565
f 1612 1565 62
f 1615 1565 1612
f 420 1624 1626
f 1624 406 1615
f 1626 1615 418
f 1624 1615 1626
f 31 1657 1511
f 1657 427 1660
f 1511 1660 394
f 1657 1660 1511
f 427 1658 1674
f 1658 114 1671
f 1674 1671 430
f 1658 1671 1674
f 394 1672 1512
f 1672 430 1670
f 1512 1670 107
f 1672 1670 1512
f 427 1674 1660
f 1674 430 1672
f 1660 1672 394
f 1674 1672 1660
f 114 1662 1682
f 1662 428 1685
f 1682 1685 432
f 1662 1685 1682
f 428 1661 1664
f 1661 32 1609
f 1664 1609 417
f 1661 1609 1664
f 432 1683 1681
f 1683 417 1610
f 1681 1610 112
f 1683 1610 1681
f 428 1664 1685
f 1664 417 1683
f 1685 1683 432
f 1664 1683 1685
f 107 1617 1509
f 1617 419 1619
f 1509 1619 393
f 1617 1619 1509
f 419 1618 1620
f 1618 112 1606
f 1620 1606 416
f 1618 1606 1620
f 393 1608 1508
f 1608 416 1605
f 1508 1605 19
f 1608 1605 1508
f 419 1620 1619
f 1620 416 1608
f 1619 1608 393
f 1620 1608 1619
f 114 1682 1671
f 1682 432 1686
f 1671 1686 430
f 1682 1686 1671
f 432 1681 1684
f 1681 112 1618
f 1684 1618 419
f 1681 1618 1684
f 430 1673 1670
f 1673 419 1617
f 1670 1617 107
f 1673 1617 1670
f 432 1684 1686
f 1684 419 1673
f 1686 1673 430
f 1684 1673 1686
f 3 659 2155
f 659 171 2157
f 2155 2157 547
f 659 2157 2155
f 171 660 2163
f 660 47 2161
f 2163 2161 549
f 660 2161 2163
f 547 2164 2156
f 2164 549 2162
f 2156 2162 142
f 2164 2162 2156
f 171 2163 2157
f 2163 549 2164
f 2157 2164 547
f 2163 2164 2157
f 47 663 2179
f 663 172 2181
f 2179 2181 555
f 663 2181 2179
f 172 662 2175
f 662 15 2173
f 2175 2173 553
f 662 2173 2175
f 555 2183 2180
f 2183 553 2174
f 2180 2174 144
f 2183 2174 2180
f 172 2175 2181
f 2175 553 2183
f 2181 2183 555
f 2175 2183 2181
f 142 2184 2160
f 2184 556 2186
f 2160 2186 548
f 2184 2186 2160
f 556 2185 2188
f 2185 144 2177
f 2188 2177 554
f 2185 2177 2188
f 548 2178 2159
f 2178 554 2176
f 2159 2176 39
f 2178 2176 2159
f 556 2188 2186
f 2188 554 2178
f 2186 2178 548
f 2188 2178 2186
f 47 2179 2161
f 2179 555 2182
f 2161 2182 549
f 2179 2182 2161
f 555 2180 2189
f 2180 144 2185
f 2189 2185 556
f 2180 2185 2189
f 549 2187 2162
f 2187 556 2184
f 2162 2184 142
f 2187 2184 2162
f 555 2189 2182
f 2189 556 2187
f 2182 2187 549
f 2189 2187 2182
f 15 670 2230
f 670 175 2232
f 2230 2232 568
f 670 2232 2230
f 175 671 2239
f 671 48 2237
f 2239 2237 570
f 671 2237 2239
f 568 2241 2231
f 2241 570 2238
f 2231 2238 148
f 2241 2238 2231
f 175 2239 2232
f 2239 570 2241
f 2232 2241 568
f 2239 2241 2232
f 48 669 2213
f 669 174 2215
f 2213 2215 563
f 669 2215 2213
f 174 668 2209
f 668 5 2207
f 2209 2207 561
f 668 2207 2209
f 563 2216 2214
f 2216 561 2208
f 2214 2208 146
f 2216 2208 2214
f 174 2209 2215
f 2209 561 2216
f 2215 2216 563
f 2209 2216 2215
f 148 2247 2235
f 2247 572 2250
f 2235 2250 569
f 2247 2250 2235
f 572 2246 2248
f 2246 146 2212
f 2248 2212 562
f 2246 2212 2248
f 569 2236 2234
f 2236 562 2211
f 2234 2211 40
f 2236 2211 2234
f 572 2248 2250
f 2248 562 2236
f 2250 2236 569
f 2248 2236 2250
f 48 2213 2237
f 2213 563 2240
f 2237 2240 570
f 2213 2240 2237
f 563 2214 2249
f 2214 146 2246
f 2249 2246 572
f 2214 2246 2249
f 570 2251 2238
f 2251 572 2247
f 2238 2247 148
f 2251 2247 2238
f 563 2249 2240
f 2249 572 2251
f 2240 2251 570
f 2249 2251 2240
f 39 2269 2171
f 2269 577 2271
f 2171 2271 552
f 2269 2271 2171
f 577 2270 2281
f 2270 150 2278
f 2281 2278 579
f 2270 2278 2281
f 552 2279 2172
f 2279 579 2277
f 2172 2277 143
f 2279 2277 2172
f 577 2281 2271
f 2281 579 2279
f 2271 2279 552
f 2281 2279 2271
f 150 2274 2288
f 2274 578 2291
f 2288 2291 581
f 2274 2291 2288
f 578 2273 2275
f 2273 40 2224
f 2275 2224 566
f 2273 2224 2275
f 581 2289 2287
f 2289 566 2225
f 2287 2225 147
f 2289 2225 2287
f 578 2275 2291
f 2275 566 2289
f 2291 2289 581
f 2275 2289 2291
f 143 2226 2170
f 2226 567 2228
f 2170 2228 551
f 2226 2228 2170
f 567 2227 2229
f 2227 147 2222
f 2229 2222 565
f 2227 2222 2229
f 551 2223 2169
f 2223 565 2221
f 2169 2221 12
f 2223 2221 2169
f 567 2229 2228
f 2229 565 2223
f 2228 2223 551
f 2229 2223 2228
f 150 2288 2278
f 2288 581 2292
f 2278 2292 579
f 2288 2292 2278
f 581 2287 2290
f 2287 147 2227
f 2290 2227 567
f 2287 2227 2290
f 579 2280 2277
f 2280 567 2226
f 2277 2226 143
f 2280 2226 2277
f 581 2290 2292
f 2290 567 2280
f 2292 2280 579
f 2290 2280 2292
f 15 2230 2173
f 2230 568 2233
f 2173 2233 553
f 2230 2233 2173
f 568 2231 2245
f 2231 148 2243
f 2245 2243 571
f 2231 2243 2245
f 553 2244 2174
f 2244 571 2242
f 2174 2242 144
f 2244 2242 2174
f 568 2245 2233
f 2245 571 2244
f 2233 2244 553
f 2245 2244 2233
f 148 2235 2293
f 2235 569 2295
f 2293 2295 582
f 2235 2295 2293
f 569 2234 2276
f 2234 40 2273
f 2276 2273 578
f 2234 2273 2276
f 582 2297 2294
f 2297 578 2274
f 2294 2274 150
f 2297 2274 2294
f 569 2276 2295
f 2276 578 2297
f 2295 2297 582
f 2276 2297 2295
f 144 2282 2177
f 2282 580 2284
f 2177 2284 554
f 2282 2284 2177
f 580 2283 2286
f 2283 150 2270
f 2286 2270 577
f 2283 2270 2286
f 554 2272 2176
f 2272 577 2269
f 2176 2269 39
f 2272 2269 2176
f 580 2286 2284
f 2286 577 2272
f 2284 2272 554
f 2286 2272 2284
f 148 2293 2243
f 2293 582 2296
f 2243 2296 571
f 2293 2296 2243
f 582 2294 2298
f 2294 150 2283
f 2298 2283 580
f 2294 2283 2298
f 571 2285 2242
f 2285 580 2282
f 2242 2282 144
f 2285 2282 2242
f 582 2298 2296
f 2298 580 2285
f 2296 2285 571
f 2298 2285 2296
f 7 876 1879
f 876 230 1881
f 1879 1881 481
f 876 1881 1879
f 230 877 1887
f 877 64 1885
f 1887 1885 483
f 877 1885 1887
f 481 1888 1880
f 1888 483 1886
f 1880 1886 127
f 1888 1886 1880
f 230 1887 1881
f 1887 483 1888
f 1881 1888 481
f 1887 1888 1881
f 64 879 1909
f 879 231 1911
f 1909 1911 490
f 879 1911 1909
f 231 878 1904
f 878 20 1902
f 1904 1902 488
f 878 1902 1904
f 490 1913 1910
f 1913 488 1903
f 1910 1903 129
f 1913 1903 1910
f 231 1904 1911
f 1904 488 1913
f 1911 1913 490
f 1904 1913 1911
f 127 1918 1884
f 1918 492 1920
f 1884 1920 482
f 1918 1920 1884
f 492 1919 1922
f 1919 129 1907
f 1922 1907 489
f 1919 1907 1922
f 482 1908 1883
f 1908 489 1906
f 1883 1906 36
f 1908 1906 1883
f 492 1922 1920
f 1922 489 1908
f 1920 1908 482
f 1922 1908 1920
f 64 1909 1885
f 1909 490 1912
f 1885 1912 483
f 1909 1912 1885
f 490 1910 1923
f 1910 129 1919
f 1923 1919 492
f 1910 1919 1923
f 483 1921 1886
f 1921 492 1918
f 1886 1918 127
f 1921 1918 1886
f 490 1923 1912
f 1923 492 1921
f 1912 1921 483
f 1923 1921 1912
f 20 870 1862
f 870 228 1864
f 1862 1864 477
f 870 1864 1862
f 228 871 1870
f 871 63 1868
f 1870 1868 479
f 871 1868 1870
f 477 1872 1863
f 1872 479 1869
f 1863 1869 126
f 1872 1869 1863
f 228 1870 1864
f 1870 479 1872
f 1864 1872 477
f 1870 1872 1864
f 63 868 1854
f 868 227 1856
f 1854 1856 474
f 868 1856 1854
f 227 867 1851
f 867 3 1849
f 1851 1849 472
f 867 1849 1851
f 474 1857 1855
f 1857 472 1850
f 1855 1850 124
f 1857 1850 1855
f 227 1851 1856
f 1851 472 1857
f 1856 1857 474
f 1851 1857 1856
f 126 1874 1866
f 1874 480 1877
f 1866 1877 478
f 1874 1877 1866
f 480 1873 1875
f 1873 124 1853
f 1875 1853 473
f 1873 1853 1875
f 478 1867 1865
f 1867 473 1852
f 1865 1852 35
f 1867 1852 1865
f 480 1875 1877
f 1875 473 1867
f 1877 1867 478
f 1875 1867 1877
f 63 1854 1868
f 1854 474 1871
f 1868 1871 479
f 1854 1871 1868
f 474 1855 1876
f 1855 124 1873
f 1876 1873 480
f 1855 1873 1876
f 479 1878 1869
f 1878 480 1874
f 1869 1874 126
f 1878 1874 1869
f 474 1876 1871
f 1876 480 1878
f 1871 1878 479
f 1876 1878 1871
f 36 1945 1896
f 1945 498 1947
f 1896 1947 486
f 1945 1947 1896
f 498 1946 1963
f 1946 131 1960
f 1963 1960 501
f 1946 1960 1963
f 486 1961 1897
f 1961 501 1959
f 1897 1959 128
f 1961 1959 1897
f 498 1963 1947
f 1963 501 1961
f 1947 1961 486
f 1963 1961 1947
f 131 1942 1950
f 1942 497 1953
f 1950 1953 499
f 1942 1953 1950
f 497 1941 1943
f 1941 35 1860
f 1943 1860 476
f 1941 1860 1943
f 499 1951 1949
f 1951 476 1861
f 1949 1861 125
f 1951 1861 1949
f 497 1943 1953
f 1943 476 1951
f 1953 1951 499
f 1943 1951 1953
f 128 1899 1894
f 1899 487 1901
f 1894 1901 485
f 1899 1901 1894
f 487 1898 1900
f 1898 125 1859
f 1900 1859 475
f 1898 1859 1900
f 485 1895 1893
f 1895 475 1858
f 1893 1858 11
f 1895 1858 1893
f 487 1900 1901
f 1900 475 1895
f 1901 1895 485
f 1900 1895 1901
f 131 1950 1960
f 1950 499 1964
f 1960 1964 501
f 1950 1964 1960
f 499 1949 1952
f 1949 125 1898
f 1952 1898 487
f 1949 1898 1952
f 501 1962 1959
f 1962 487 1899
f 1959 1899 128
f 1962 1899 1959
f 499 1952 1964
f 1952 487 1962
f 1964 1962 501
f 1952 1962 1964
f 20 1862 1902
f 1862 477 1905
f 1902 1905 488
f 1862 1905 1902
f 477 1863 1916
f 1863 126 1914
f 1916 1914 491
f 1863 1914 1916
f 488 1917 1903
f 1917 491 1915
f 1903 1915 129
f 1917 1915 1903
f 477 1916 1905
f 1916 491 1917
f 1905 1917 488
f 1916 1917 1905
f 126 1866 1954
f 1866 478 1956
f 1954 1956 500
f 1866 1956 1954
f 478 1865 1944
f 1865 35 1941
f 1944 1941 497
f 1865 1941 1944
f 500 1958 1955
f 1958 497 1942
f 1955 1942 131
f 1958 1942 1955
f 478 1944 1956
f 1944 497 1958
f 1956 1958 500
f 1944 1958 1956
f 129 1965 1907
f 1965 502 1967
f 1907 1967 489
f 1965 1967 1907
f 502 1966 1969
f 1966 131 1946
f 1969 1946 498
f 1966 1946 1969
f 489 1948 1906
f 1948 498 1945
f 1906 1945 36
f 1948 1945 1906
f 502 1969 1967
f 1969 498 1948
f 1967 1948 489
f 1969 1948 1967
f 126 1954 1914
f 1954 500 1957
f 1914 1957 491
f 1954 1957 1914
f 500 1955 1970
f 1955 131 1966
f 1970 1966 502
f 1955 1966 1970
f 491 1968 1915
f 1968 502 1965
f 1915 1965 129
f 1968 1965 1915
f 500 1970 1957
f 1970 502 1968
f 1957 1968 491
f 1970 1968 1957
f 9 1149 1241
f 1149 305 1244
f 1241 1244 327
f 1149 1244 1241
f 305 1150 1253
f 1150 86 1251
f 1253 1251 330
f 1150 1251 1253
f 327 1254 1242
f 1254 330 1252
f 1242 1252 91
f 1254 1252 1242
f 305 1253 1244
f 1253 330 1254
f 1244 1254 327
f 1253 1254 1244
f 86 1153 1337
f 1153 306 1339
f 1337 1339 349
f 1153 1339 1337
f 306 1152 1331
f 1152 27 1329
f 1331 1329 347
f 1152 1329 1331
f 349 1341 1338
f 1341 347 1330
f 1338 1330 95
f 1341 1330 1338
f 306 1331 1339
f 1331 347 1341
f 1339 1341 349
f 1331 1341 1339
f 91 1347 1246
f 1347 351 1349
f 1246 1349 328
f 1347 1349 1246
f 351 1348 1351
f 1348 95 1334
f 1351 1334 348
f 1348 1334 1351
f 328 1335 1245
f 1335 348 1333
f 1245 1333 28
f 1335 1333 1245
f 351 1351 1349
f 1351 348 1335
f 1349 1335 328
f 1351 1335 1349
f 86 1337 1251
f 1337 349 1340
f 1251 1340 330
f 1337 1340 1251
f 349 1338 1352
f 1338 95 1348
f 1352 1348 351
f 1338 1348 1352
f 330 1350 1252
f 1350 351 1347
f 1252 1347 91
f 1350 1347 1252
f 349 1352 1340
f 1352 351 1350
f 1340 1350 330
f 1352 1350 1340
f 27 1139 1183
f 1139 302 1185
f 1183 1185 314
f 1139 1185 1183
f 302 1140 1193
f 1140 85 1191
f 1193 1191 316
f 1140 1191 1193
f 314 1195 1184
f 1195 316 1192
f 1184 1192 88
f 1195 1192 1184
f 302 1193 1185
f 1193 316 1195
f 1185 1195 314
f 1193 1195 1185
f 85 1136 1146
f 1136 301 1148
f 1146 1148 304
f 1136 1148 1146
f 301 1135 1138
f 1135 7 1067
f 1138 1067 279
f 1135 1067 1138
f 304 1147 1145
f 1147 279 1068
f 1145 1068 77
f 1147 1068 1145
f 301 1138 1148
f 1138 279 1147
f 1148 1147 304
f 1138 1147 1148
f 88 1187 1181
f 1187 315 1190
f 1181 1190 313
f 1187 1190 1181
f 315 1186 1188
f 1186 77 1070
f 1188 1070 280
f 1186 1070 1188
f 313 1182 1180
f 1182 280 1069
f 1180 1069 24
f 1182 1069 1180
f 315 1188 1190
f 1188 280 1182
f 1190 1182 313
f 1188 1182 1190
f 85 1146 1191
f 1146 304 1194
f 1191 1194 316
f 1146 1194 1191
f 304 1145 1189
f 1145 77 1186
f 1189 1186 315
f 1145 1186 1189
f 316 1196 1192
f 1196 315 1187
f 1192 1187 88
f 1196 1187 1192
f 304 1189 1194
f 1189 315 1196
f 1194 1196 316
f 1189 1196 1194
f 28 1281 1231
f 1281 337 1283
f 1231 1283 324
f 1281 1283 1231
f 337 1282 1297
f 1282 93 1294
f 1297 1294 340
f 1282 1294 1297
f 324 1295 1232
f 1295 340 1293
f 1232 1293 90
f 1295 1293 1232
f 337 1297 1283
f 1297 340 1295
f 1283 1295 324
f 1297 1295 1283
f 93 1278 1285
f 1278 336 1288
f 1285 1288 338
f 1278 1288 1285
f 336 1277 1279
f 1277 24 1073
f 1279 1073 282
f 1277 1073 1279
f 338 1286 1284
f 1286 282 1074
f 1284 1074 78
f 1286 1074 1284
f 336 1279 1288
f 1279 282 1286
f 1288 1286 338
f 1279 1286 1288
f 90 1238 1228
f 1238 326 1240
f 1228 1240 323
f 1238 1240 1228
f 326 1237 1239
f 1237 78 1072
f 1239 1072 281
f 1237 1072 1239
f 323 1230 1227
f 1230 281 1071
f 1227 1071 8
f 1230 1071 1227
f 326 1239 1240
f 1239 281 1230
f 1240 1230 323
f 1239 1230 1240
f 93 1285 1294
f 1285 338 1298
f 1294 1298 340
f 1285 1298 1294
f 338 1284 1287
f 1284 78 1237
f 1287 1237 326
f 1284 1237 1287
f 340 1296 1293
f 1296 326 1238
f 1293 1238 90
f 1296 1238 1293
f 338 1287 1298
f 1287 326 1296
f 1298 1296 340
f 1287 1296 1298
f 27 1183 1329
f 1183 314 1332
f 1329 1332 347
f 1183 1332 1329
f 314 1184 1344
f 1184 88 1342
f 1344 1342 350
f 1184 1342 1344
f 347 1346 1330
f 1346 350 1343
f 1330 1343 95
f 1346 1343 1330
f 314 1344 1332
f 1344 350 1346
f 1332 1346 347
f 1344 1346 1332
f 88 1181 1289
f 1181 313 1291
f 1289 1291 339
f 1181 1291 1289
f 313 1180 1280
f 1180 24 1277
f 1280 1277 336
f 1180 1277 1280
f 339 1292 1290
f 1292 336 1278
f 1290 1278 93
f 1292 1278 1290
f 313 1280 1291
f 1280 336 1292
f 1291 1292 339
f 1280 1292 1291
f 95 1354 1334
f 1354 352 1357
f 1334 1357 348
f 1354 1357 1334
f 352 1353 1355
f 1353 93 1282
f 1355 1282 337
f 1353 1282 1355
f 348 1336 1333
f 1336 337 1281
f 1333 1281 28
f 1336 1281 1333
f 352 1355 1357
f 1355 337 1336
f 1357 1336 348
f 1355 1336 1357
f 88 1289 1342
f 1289 339 1345
f 1342 1345 350
f 1289 1345 1342
f 339 1290 1356
f 1290 93 1353
f 1356 1353 352
f 1290 1353 1356
f 350 1358 1343
f 1358 352 1354
f 1343 1354 95
f 1358 1354 1343
f 339 1356 1345
f 1356 352 1358
f 1345 1358 350
f 1356 1358 1345
f 10 1701 1373
f 1701 437 1703
f 1373 1703 357
f 1701 1703 1373
f 437 1702 1710
f 1702 116 1708
f 1710 1708 439
f 1702 1708 1710
f 357 1709 1374
f 1709 439 1707
f 1374 1707 97
f 1709 1707 1374
f 437 1710 1703
f 1710 439 1709
f 1703 1709 357
f 1710 1709 1703
f 116 1706 1777
f 1706 438 1779
f 1777 1779 455
f 1706 1779 1777
f 438 1705 1765
f 1705 33 1763
f 1765 1763 452
f 1705 1763 1765
f 455 1781 1778
f 1781 452 1764
f 1778 1764 119
f 1781 1764 1778
f 438 1765 1779
f 1765 452 1781
f 1779 1781 455
f 1765 1781 1779
f 97 1767 1376
f 1767 453 1769
f 1376 1769 358
f 1767 1769 1376
f 453 1768 1771
f 1768 119 1760
f 1771 1760 451
f 1768 1760 1771
f 358 1761 1375
f 1761 451 1759
f 1375 1759 29
f 1761 1759 1375
f 453 1771 1769
f 1771 451 1761
f 1769 1761 358
f 1771 1761 1769
f 116 1777 1708
f 1777 455 1780
f 1708 1780 439
f 1777 1780 1708
f 455 1778 1782
f 1778 119 1768
f 1782 1768 453
f 1778 1768 1782
f 439 1770 1707
f 1770 453 1767
f 1707 1767 97
f 1770 1767 1707
f 455 1782 1780
f 1782 453 1770
f 1780 1770 439
f 1782 1770 1780
f 33 1691 1719
f 1691 434 1721
f 1719 1721 442
f 1691 1721 1719
f 434 1692 1733
f 1692 115 1731
f 1733 1731 445
f 1692 1731 1733
f 442 1735 1720
f 1735 445 1732
f 1720 1732 117
f 1735 1732 1720
f 434 1733 1721
f 1733 445 1735
f 1721 1735 442
f 1733 1735 1721
f 115 1688 1694
f 1688 433 1696
f 1694 1696 435
f 1688 1696 1694
f 433 1687 1689
f 1687 9 1084
f 1689 1084 286
f 1687 1084 1689
f 435 1695 1693
f 1695 286 1085
f 1693 1085 80
f 1695 1085 1693
f 433 1689 1696
f 1689 286 1695
f 1696 1695 435
f 1689 1695 1696
f 117 1723 1716
f 1723 443 1726
f 1716 1726 441
f 1723 1726 1716
f 443 1722 1724
f 1722 80 1087
f 1724 1087 287
f 1722 1087 1724
f 441 1717 1715
f 1717 287 1086
f 1715 1086 25
f 1717 1086 1715
f 443 1724 1726
f 1724 287 1717
f 1726 1717 441
f 1724 1717 1726
f 115 1694 1731
f 1694 435 1734
f 1731 1734 445
f 1694 1734 1731
f 435 1693 1725
f 1693 80 1722
f 1725 1722 443
f 1693 1722 1725
f 445 1736 1732
f 1736 443 1723
f 1732 1723 117
f 1736 1723 1732
f 435 1725 1734
f 1725 443 1736
f 1734 1736 445
f 1725 1736 1734
f 29 1397 1363
f 1397 364 1399
f 1363 1399 354
f 1397 1399 1363
f 364 1398 1409
f 1398 99 1406
f 1409 1406 366
f 1398 1406 1409
f 354 1407 1364
f 1407 366 1405
f 1364 1405 96
f 1407 1405 1364
f 364 1409 1399
f 1409 366 1407
f 1399 1407 354
f 1409 1407 1399
f 99 1395 1401
f 1395 363 1404
f 1401 1404 365
f 1395 1404 1401
f 363 1394 1396
f 1394 25 1078
f 1396 1078 284
f 1394 1078 1396
f 365 1402 1400
f 1402 284 1079
f 1400 1079 79
f 1402 1079 1400
f 363 1396 1404
f 1396 284 1402
f 1404 1402 365
f 1396 1402 1404
f 96 1370 1360
f 1370 356 1372
f 1360 1372 353
f 1370 1372 1360
f 356 1369 1371
f 1369 79 1076
f 1371 1076 283
f 1369 1076 1371
f 353 1362 1359
f 1362 283 1075
f 1359 1075 2
f 1362 1075 1359
f 356 1371 1372
f 1371 283 1362
f 1372 1362 353
f 1371 1362 1372
f 99 1401 1406
f 1401 365 1410
f 1406 1410 366
f 1401 1410 1406
f 365 1400 1403
f 1400 79 1369
f 1403 1369 356
f 1400 1369 1403
f 366 1408 1405
f 1408 356 1370
f 1405 1370 96
f 1408 1370 1405
f 365 1403 1410
f 1403 356 1408
f 1410 1408 366
f 1403 1408 1410
f 33 1719 1763
f 1719 442 1766
f 1763 1766 452
f 1719 1766 1763
f 442 1720 1785
f 1720 117 1783
f 1785 1783 456
f 1720 1783 1785
f 452 1787 1764
f 1787 456 1784
f 1764 1784 119
f 1787 1784 1764
f 442 1785 1766
f 1785 456 1787
f 1766 1787 452
f 1785 1787 1766
f 117 1716 1728
f 1716 441 1730
f 1728 1730 444
f 1716 1730 1728
f 441 1715 1718
f 1715 25 1394
f 1718 1394 363
f 1715 1394 1718
f 444 1729 1727
f 1729 363 1395
f 1727 1395 99
f 1729 1395 1727
f 441 1718 1730
f 1718 363 1729
f 1730 1729 444
f 1718 1729 1730
f 119 1773 1760
f 1773 454 1776
f 1760 1776 451
f 1773 1776 1760
f 454 1772 1774
f 1772 99 1398
f 1774 1398 364
f 1772 1398 1774
f 451 1762 1759
f 1762 364 1397
f 1759 1397 29
f 1762 1397 1759
f 454 1774 1776
f 1774 364 1762
f 1776 1762 451
f 1774 1762 1776
f 117 1728 1783
f 1728 444 1786
f 1783 1786 456
f 1728 1786 1783
f 444 1727 1775
f 1727 99 1772
f 1775 1772 454
f 1727 1772 1775
f 456 1788 1784
f 1788 454 1773
f 1784 1773 119
f 1788 1773 1784
f 444 1775 1786
f 1775 454 1788
f 1786 1788 456
f 1775 1788 1786

