# https://github.com/mikedh/trimesh
v 0.41381979 -0.64307130 -0.47610981
v -0.53699521 0.20029020 -0.66309484
v 0.52614251 -0.19624232 0.64969365
v -0.39192172 0.60904195 0.45091555
v -0.62820722 -0.54643877 0.69516727
v -0.69426214 -0.79456863 -0.01974128
v 0.68023106 0.77851035 0.01934231
v 0.59496443 0.51752292 -0.65838116
v -0.36667167 1.10801558 -0.37473236
v -1.16358837 0.25839740 0.04121915
v 1.14007218 -0.25317518 -0.04038611
v 0.34726854 -1.04938281 0.35490268
v -0.08036640 -0.25443377 -0.67367680
v 0.07782102 0.24637528 0.65233995
v -0.04465371 -0.44034610 0.80582781
v -0.61514016 0.05704511 0.69144040
v -0.17443039 -0.84947550 -0.28887626
v -0.69611809 -0.33598822 -0.38605623
v -0.78083047 -0.79324090 0.39273997
v 0.71573984 0.34545885 0.39693815
v 0.16890579 0.82257072 0.27972690
v 0.61514016 -0.05704511 -0.69144040
v 0.04617914 0.45538882 -0.83335578
v 0.75609983 0.76811720 -0.38030102
v -0.53456776 0.76459858 -0.61468092
v -0.46074779 1.03371972 0.05984619
v 0.20304513 1.12657826 -0.20746808
v 0.15439237 0.97667461 -0.63159421
v -0.96146186 0.25932900 -0.35159092
v -0.97443228 0.55003536 0.31384938
v -1.06154235 -0.16344428 0.42920143
v -1.05037613 -0.30313605 0.01214298
v -0.90934363 0.79935347 -0.19341892
v 0.94224417 -0.53186622 -0.30348209
v 0.98856297 -0.26663881 0.36150136
v 1.07998350 0.31168066 -0.01248526
v 1.02792094 0.15826763 -0.41560767
v 0.46074779 -1.03371972 -0.05984619
v 0.51763681 -0.74038204 0.59521260
v -0.15439237 -0.97667461 0.63159421
v -0.20998138 -1.16506343 0.21455542
v 0.88054269 -0.77403617 0.18729291
v 0.18022832 -0.48765337 -0.62662029
v -0.31029560 -0.02506079 -0.66753457
v 0.33439092 0.02700683 0.71937049
v -0.17119254 0.46320480 0.59520460
v 0.23845074 -0.30473894 0.70100272
v -0.34795036 -0.51109767 0.77772309
v 0.01919234 -0.09782978 0.78688445
v -0.51822047 0.35339025 0.58803367
v -0.61727715 -0.24360802 0.68838908
v -0.26609232 0.15715052 0.68557029
v -0.32729118 -0.19188950 0.74570065
v 0.12875267 -0.81328445 -0.41604176
v -0.43608465 -0.82079288 -0.15295194
v -0.13132203 -0.56895382 -0.49609896
v -0.66367446 -0.07844735 -0.56036049
v -0.74646434 -0.60216996 -0.22168048
v -0.42200075 -0.31509533 -0.55906305
v -0.47059890 -0.62252361 -0.36025587
v -0.76766572 -0.73015496 0.59156582
v -0.73628114 -0.79295412 0.18448008
v 0.65321468 0.07721099 0.55152898
v 0.73469976 0.59267951 0.21818671
v 0.41347209 0.30872723 0.54776435
v -0.12229764 0.77251032 0.39518345
v 0.46994784 0.88452974 0.16482909
v 0.12037974 0.52154626 0.45476196
v 0.46108807 0.60994237 0.35297508
v 0.51061400 -0.34820317 -0.57940249
v 0.62647254 0.24723698 -0.69864380
v 0.25713476 -0.15186030 -0.66249170
v -0.25731958 0.32885323 -0.75647375
v 0.33087383 0.48601429 -0.73955441
v -0.01809444 0.09223342 -0.74187068
v 0.34557811 0.20261105 -0.78736561
v 0.79345543 0.85452922 -0.19880547
v 0.72917869 0.69354854 -0.56190759
v -0.53514659 0.47940804 -0.63832884
v -0.49120044 1.01874374 -0.53940891
v -0.24656694 0.60482738 -0.71219456
v -0.44059820 0.84442289 0.27049354
v -0.41067371 1.06334989 -0.15679216
v -0.14152118 0.94517823 0.17596991
v 0.43142590 0.91600747 -0.08842741
v -0.08415205 1.15767065 -0.30143307
v 0.20077078 1.05082185 0.04407644
v 0.52431043 1.02081836 -0.31959416
v -0.12690099 1.07576387 -0.07406320
v 0.39482711 0.76694960 -0.66855555
v -0.10594546 1.03509088 -0.49931804
v 0.10439299 0.74372665 -0.75603825
v 0.47196959 0.88828608 -0.51361651
v -0.18690889 0.84438251 -0.60481520
v 0.17806360 1.04748293 -0.41685473
v -0.80889678 0.24736902 -0.54149768
v -1.13875363 0.27795835 -0.17072632
v -0.90511014 -0.04185924 -0.40278716
v -0.80169364 0.53677209 -0.50974502
v -0.66858606 0.57869934 0.38387565
v -1.08702476 0.40579606 0.17614570
v -0.81944350 0.31064950 0.52216198
v -0.73862457 0.82190401 0.19154481
v -0.92128270 -0.38550459 0.61151902
v -1.11166901 0.04925468 0.23323893
v -0.81532037 -0.05240603 0.54298772
v -0.94955726 -0.49307466 0.42362784
v -1.00519727 0.18377255 0.36766959
v -0.94034933 -0.58419001 -0.00374655
v -1.18741630 -0.02987808 0.02834480
v -0.95366117 -0.34898941 -0.20417276
v -0.97752341 -0.57551390 0.20954612
v -1.09855032 -0.02392054 -0.18535322
v -1.12255319 -0.25012950 0.22838393
v -0.69629306 1.03776304 -0.30887718
v -1.03632350 0.52588475 -0.07498736
v -0.74419060 0.80605945 -0.41649391
v -0.66652540 0.88885981 -0.06570841
v -0.99532157 0.55472820 -0.29210003
v -0.92863823 0.66807936 0.05447891
v 0.70309204 -0.60856624 -0.40368762
v 1.00731495 -0.37603967 -0.16322921
v 0.77608108 -0.29421088 -0.49453078
v 0.79614823 -0.24347039 0.53296345
v 1.12080640 -0.27357761 0.16803560
v 0.96677012 0.04471087 0.43022675
v 0.92552904 0.57498293 0.00368750
v 1.16870213 0.02940719 -0.02789807
v 1.01862865 0.37276406 0.21808188
v 0.95776760 0.56388273 -0.20531118
v 1.17338826 0.02555011 0.19798027
v 0.87509406 0.36617726 -0.58086043
v 1.19799321 -0.05307945 -0.25135058
v 0.84372291 0.05423165 -0.56190327
v 0.87043626 0.45198966 -0.38832944
v 1.06618866 -0.19492314 -0.38997832
v 1.09986632 0.24507437 -0.22376827
v 0.43413108 -0.83202841 -0.26652323
v 0.41679139 -1.07919030 0.15912785
v 0.13675710 -0.91336036 -0.17004618
v 0.69953884 -0.77841138 -0.18140885
v 0.57670221 -0.51663541 0.68789685
v 0.46657403 -0.96766888 0.51236557
v 0.26152765 -0.64152591 0.75540770
v 0.78549136 -0.52592389 0.49944305
v -0.38903182 -0.75569229 0.65874247
v 0.10752370 -1.05051031 0.50675622
v -0.09886883 -0.70437093 0.71603104
v -0.45608151 -0.85838339 0.49632646
v 0.19342005 -0.87379746 0.62588457
v -0.46556505 -0.98849203 0.09542476
v 0.08002208 -1.10085510 0.28663950
v -0.18928567 -0.99070953 -0.04155504
v -0.49431722 -0.96242238 0.30131176
v 0.13399141 -1.13587064 0.07820137
v -0.18801265 -1.10600955 0.44014589
v 1.11679691 -0.56672117 0.08081034
v 0.66138431 -0.98573464 0.29339158
v 0.98498431 -0.70861576 -0.05778448
v 0.97520606 -0.54351711 0.28619667
v 0.68974451 -0.91982417 0.06799743
v 0.68218160 -0.73889528 0.38178994
v 0.26912713 -0.50956728 -0.49413596
v 0.04389817 -0.34686697 -0.61331176
v -0.41371839 0.08419069 -0.65249388
v -0.19837866 -0.13712134 -0.67136116
v 0.42968941 -0.08744076 0.67768249
v 0.18902262 0.13065435 0.63969806
v -0.28196833 0.53388090 0.51771328
v -0.04661719 0.36835166 0.65129985
v 0.41711601 -0.27758589 0.74492317
v 0.10920749 -0.38895278 0.79088150
v 0.28310390 -0.14821321 0.70831997
v -0.45914091 -0.49775975 0.69342586
v -0.19667844 -0.47642796 0.79290535
v 0.05277073 0.08400349 0.77023282
v -0.01249130 -0.26184609 0.77276874
v 0.15617945 -0.03175339 0.66885040
v 0.14644981 -0.22495894 0.80718489
v -0.43140600 0.45853725 0.49250285
v -0.61131287 0.22436154 0.69017767
v -0.35082601 0.41303595 0.59921730
v -0.64846528 -0.40796883 0.72041399
v -0.59059438 -0.09286361 0.66117397
v -0.50118806 -0.38714163 0.75633328
v -0.09553342 0.20343061 0.67501337
v -0.40834089 0.10154160 0.64474906
v -0.22707149 0.31773835 0.66320375
v -0.12991453 0.03374941 0.75026092
v -0.39787621 0.25883374 0.64861389
v -0.18984431 -0.31353904 0.77634281
v -0.47414712 -0.07216232 0.73038602
v -0.31732758 -0.32694024 0.71609595
v -0.16293135 -0.14970609 0.78378041
v -0.52928459 -0.24427297 0.80506605
v -0.31088534 -0.01872718 0.74973774
v 0.24647505 -0.65286265 -0.40146996
v -0.02520114 -0.78398399 -0.33063770
v 0.15566764 -0.65542518 -0.52530333
v -0.55227002 -0.79227654 -0.08570159
v -0.30882844 -0.83581836 -0.21952901
v -0.10690536 -0.41640282 -0.58845603
v -0.15382537 -0.71321531 -0.39651385
v 0.01825591 -0.51169306 -0.53997549
v -0.00571830 -0.66335209 -0.44190089
v -0.64877239 0.06683827 -0.66188059
v -0.67435053 -0.20869246 -0.46683241
v -0.51533738 -0.05458130 -0.65618172
v -0.77882796 -0.75588357 -0.12984429
v -0.71432456 -0.46156518 -0.30330512
v -0.62709219 -0.76153388 -0.19901087
v -0.24839480 -0.28020416 -0.60544595
v -0.61348270 -0.35576018 -0.51426681
v -0.35857246 -0.16472782 -0.60288238
v -0.27240329 -0.43565023 -0.51975436
v -0.58649223 -0.21370972 -0.60557518
v -0.31832376 -0.72256957 -0.31937786
v -0.63950498 -0.52037514 -0.40781390
v -0.44476013 -0.70994455 -0.25030258
v -0.29631460 -0.58691143 -0.42193704
v -0.65745233 -0.66259798 -0.31528891
v -0.46187377 -0.48516891 -0.47569960
v -0.62596986 -0.57195635 0.57919055
v -0.72986007 -0.71863734 0.46142513
v -0.70177426 -0.77841225 0.08234673
v -0.75895153 -0.79407613 0.28642607
v 0.61974497 -0.06384779 0.63226669
v 0.68514125 0.21203188 0.47430250
v 0.49371332 0.05229101 0.62864770
v 0.74398159 0.72206377 0.12403479
v 0.72575493 0.46895099 0.30815851
v 0.26186067 0.29539447 0.63826813
v 0.59216654 0.34339888 0.49639802
v 0.37206891 0.17092808 0.62557451
v 0.56036926 0.20419087 0.57860223
v -0.25823542 0.68401350 0.42062580
v 0.02676208 0.83254339 0.35111716
v -0.14791617 0.62278830 0.49914586
v 0.57358963 0.82286127 0.08900998
v 0.29426331 0.79639904 0.20917546
v 0.60077879 0.72957917 0.19066018
v 0.09890387 0.38523652 0.54441214
v 0.14231208 0.65983363 0.36683617
v -0.01959865 0.54932859 0.57969122
v 0.29296691 0.46853731 0.55899043
v 0.00613889 0.71214230 0.47440314
v 0.61728464 0.50229410 0.39364394
v 0.33558060 0.76174121 0.33669184
v 0.62816871 0.63308518 0.30124562
v 0.44661783 0.46914352 0.45998699
v 0.46150063 0.73666644 0.25972382
v 0.31868329 0.63121716 0.45378891
v 0.48250462 -0.51284948 -0.55083820
v 0.53825310 -0.19754744 -0.60769254
v 0.32479487 -0.38238886 -0.55475564
v 0.57979095 0.36476376 -0.64412009
v 0.67075869 0.10546845 -0.75091841
v 0.09693877 -0.20642319 -0.68494321
v 0.45746003 -0.11375600 -0.72230565
v 0.23430764 -0.32786380 -0.68433824
v 0.40291443 -0.26211129 -0.65682714
v -0.39058740 0.25993141 -0.69754601
v -0.10417523 0.37102991 -0.75443784
v -0.28764510 0.15059065 -0.71968193
v 0.52149810 0.56536188 -0.78760195
v 0.18851618 0.45665594 -0.75999935
v 0.51090000 0.39464359 -0.77098937
v -0.05030092 -0.08007191 -0.73418398
v 0.01295196 0.27150247 -0.80126697
v -0.17057483 0.03468016 -0.73049974
v 0.13672563 -0.03551880 -0.78959524
v -0.14205569 0.21820921 -0.78296587
v 0.46269344 0.07041914 -0.71274254
v 0.17680520 0.29200418 -0.72302112
v 0.46665051 0.21536637 -0.70979674
v 0.28813353 0.01735665 -0.69486897
v 0.35331506 0.36401788 -0.79730695
v 0.16646774 0.15295543 -0.80079220
v 0.72886527 0.80846176 -0.08552561
v 0.72315745 0.75662548 -0.27291749
v 0.65583755 0.59924682 -0.60682619
v 0.77506708 0.76314922 -0.49000547
v -0.52569896 0.33542689 -0.63794880
v -0.53552657 0.61929343 -0.62756927
v -0.40338235 0.41025524 -0.70464890
v -0.38434518 0.95654332 -0.40925693
v -0.48390032 0.83728565 -0.54475641
v -0.10841196 0.54379085 -0.78550310
v -0.40141669 0.70768072 -0.68857781
v -0.26326191 0.49014379 -0.76722249
v -0.40555820 0.56188169 -0.69997792
v -0.39501609 0.68873706 0.34363765
v -0.48668060 1.01277593 0.18032724
v -0.28661286 0.81924351 0.33653171
v -0.40530636 1.13023633 -0.27430981
v -0.41700509 1.00524923 -0.04895170
v 0.01331627 0.89200560 0.22972691
v -0.27807788 0.92557563 0.11186419
v -0.13661528 0.88995760 0.29316202
v -0.29474765 0.91121734 0.22673162
v 0.60889573 0.93559828 -0.03961663
v 0.33989370 1.07035090 -0.15281843
v 0.44872420 0.89948838 0.03079415
v 0.60080448 0.88538519 -0.14014974
v -0.21185226 1.06656974 -0.31819197
v 0.05944291 1.14377654 -0.25484564
v -0.25880126 1.14617915 -0.23523190
v 0.19787450 1.00191911 0.17663676
v 0.19592213 1.05656172 -0.07981690
v 0.29708258 0.85958929 0.09243849
v 0.02558921 1.01745444 0.11412028
v 0.35058829 1.06640584 -0.02791261
v 0.68966289 0.95631305 -0.37615165
v 0.35219109 1.04207010 -0.25546901
v 0.58433048 0.83295131 -0.23043883
v 0.51741513 1.05093513 -0.21543218
v -0.29335344 1.07152498 -0.00921167
v 0.03399099 1.10242633 -0.13933119
v -0.30087430 1.20063344 -0.12932349
v -0.14056718 1.05869281 0.05299368
v -0.09975002 1.04943911 -0.17397862
v 0.03285131 1.08880037 -0.01713477
v 0.47119383 0.60840896 -0.63001449
v 0.29882296 0.93993215 -0.70260795
v 0.38842735 0.66941949 -0.75508149
v 0.56764232 0.74002403 -0.62368286
v -0.24314610 1.11519837 -0.45658397
v 0.02021663 0.96470341 -0.54040517
v -0.26757666 0.94663788 -0.47781294
v -0.09839743 1.13130407 -0.41553177
v 0.06758197 0.53705409 -0.70883419
v 0.12465767 0.82882590 -0.66883532
v 0.23077811 0.63893806 -0.78139072
v -0.07948869 0.70477578 -0.76884510
v 0.24067215 0.72236454 -0.68044458
v 0.61908989 0.83582909 -0.45118514
v 0.29724066 0.87222338 -0.53481523
v 0.61855984 0.81992632 -0.55568288
v 0.50785575 0.97273138 -0.42796524
v 0.44149094 0.84294215 -0.60082791
v -0.36346802 0.82653147 -0.62514131
v -0.02529615 0.96934107 -0.65960080
v -0.34935338 0.98162029 -0.60852694
v -0.24343620 0.81740070 -0.74021630
v -0.15552053 0.99077638 -0.58429244
v -0.04548509 0.76585322 -0.65153550
v 0.19056814 1.08790613 -0.31532972
v 0.16912688 1.02863681 -0.52905673
v 0.04718441 1.03581312 -0.33913838
v 0.35424961 1.05899546 -0.37839840
v 0.04132190 1.16889983 -0.51396473
v 0.34001488 1.01412596 -0.48719841
v -0.72679600 0.24188965 -0.65174617
v -0.87936905 0.25128085 -0.44020271
v -0.72912249 0.08363914 -0.54556924
v -0.71365869 0.39036636 -0.63042192
v -1.24497190 0.28994277 -0.06929720
v -1.03863619 0.26605051 -0.26118053
v -0.81038884 -0.19453266 -0.40006632
v -0.94756491 0.11323138 -0.38224863
v -0.75913276 -0.05803409 -0.46505523
v -0.82885185 0.09838553 -0.45599947
v -0.65796528 0.63869570 -0.55224714
v -0.96450542 0.43178370 -0.46867273
v -0.65410874 0.49832839 -0.56449539
v -0.87126367 0.42519480 -0.56858643
v -0.59757682 0.66913945 0.47027985
v -0.78958976 0.54736074 0.33942807
v -0.63705922 0.50109975 0.51935945
v -0.59601976 0.76071233 0.35147364
v -1.10609179 0.32628381 0.10670750
v -0.98093762 0.45233660 0.23107566
v -0.69154444 0.17745755 0.58466373
v -0.79958397 0.38254977 0.37447658
v -0.63740582 0.31775119 0.53120360
v -0.77548147 0.46869698 0.47150230
v -0.57827174 0.89401216 0.12128346
v -0.76298426 0.61407677 0.22475311
v -0.56168254 0.79677101 0.22143190
v -0.73442046 0.72844589 0.30352833
v -0.69356968 -0.42029145 0.58797104
v -0.93607072 -0.25598942 0.48820968
v -0.70293377 -0.28708230 0.60044955
v -0.85090871 -0.56208018 0.60612589
v -1.11524906 0.14924724 0.13605266
v -1.08856295 -0.05456998 0.32923905
v -1.11262490 0.22709527 0.20762603
v -0.76849625 -0.00006677 0.65571478
v -0.95781192 -0.10861073 0.50063576
v -0.75874156 -0.15438496 0.64891736
v -0.78620829 0.11698589 0.51273115
v -0.91681940 -0.22111387 0.60957134
v -0.87262897 -0.64655696 0.41144811
v -1.01265073 -0.33240839 0.42963543
v -0.83247231 -0.58668294 0.48740134
v -0.90401770 -0.42616588 0.49669432
v -1.01007691 0.36637319 0.34865550
v -1.07014625 0.01450359 0.41216007
v -1.09281511 0.30637802 0.28572305
v -0.95888731 0.25731539 0.46414869
v -1.09743942 0.12063308 0.31133050
v -1.02287552 0.07201697 0.51383954
v -0.88299657 -0.74622348 -0.01275491
v -0.98804291 -0.43618187 0.00436447
v -0.83520156 -0.58740909 -0.11161695
v -0.89186916 -0.73697975 0.09860828
v -1.27111689 0.12455147 0.03765775
v -1.10733602 -0.16853949 0.01985937
v -1.15176962 0.12283338 -0.07049816
v -1.22537516 0.01126416 0.14192713
v -0.83455483 -0.34740491 -0.30120717
v -1.01769734 -0.33042116 -0.09534818
v -0.82250849 -0.45894425 -0.20579536
v -0.95769719 -0.20137746 -0.31272476
v -0.91558981 -0.45031234 -0.10116850
v -0.86513757 -0.67186072 0.29526118
v -1.10815219 -0.47691507 0.11896298
v -0.83932791 -0.67335425 0.19320628
v -0.94929822 -0.52635690 0.31204081
v -1.03764807 -0.62734048 0.11206523
v -1.04384862 0.12216027 -0.27402215
v -1.08981507 -0.16862003 -0.08598086
v -1.08135758 0.12180169 -0.17217364
v -1.03234861 -0.03389180 -0.30302834
v -1.10471981 -0.02598603 -0.07660254
v -1.05736362 -0.19213488 -0.20069598
v -1.07382415 -0.20365785 0.32236732
v -1.18580956 -0.30268537 0.12904984
v -1.09653477 -0.09629278 0.22661468
v -1.02065593 -0.36626091 0.32130941
v -1.24941181 -0.15223378 0.13957106
v -1.08668012 -0.42722740 0.22660596
v -0.47459708 0.96491284 -0.30781044
v -0.75921027 0.86281656 -0.23529780
v -0.59827082 1.03608820 -0.42737482
v -0.50443549 0.96860301 -0.21157482
v -1.07772540 0.38661914 -0.01745058
v -0.97558777 0.66010257 -0.13292413
v -1.15891950 0.43165768 -0.12993222
v -1.07384240 0.47243045 0.04897311
v -0.64529838 0.79151937 -0.51852456
v -0.83224015 0.80885544 -0.30839506
v -0.60099334 0.87763571 -0.45954166
v -0.76149630 0.66166397 -0.45622644
v -0.69651294 0.88649374 -0.35217409
v -0.60672907 1.02326034 -0.00604859
v -0.80353382 0.86734103 -0.13049100
v -0.57161511 1.02936297 -0.11658667
v -0.67441574 0.82417719 0.05540593
v -0.72123993 1.01610724 -0.19051263
v -1.06818506 0.44139844 -0.35213297
v -0.93658083 0.66453315 -0.23907291
v -1.15398751 0.45141324 -0.25079433
v -0.92986166 0.56479448 -0.41491300
v -0.99750326 0.53017313 -0.17850718
v -0.85676533 0.67049876 -0.34914051
v -0.96940897 0.62363553 0.18228954
v -0.95249057 0.75878464 -0.06915029
v -1.05220001 0.56330608 0.11957326
v -0.87646956 0.77868392 0.12699101
v -1.01869864 0.61874136 -0.01078528
v -0.89548676 0.87786870 -0.00728723
v 0.52612265 -0.58912831 -0.41404699
v 0.82377694 -0.57106003 -0.35412442
v 0.62494907 -0.49157411 -0.50948671
v 1.18121728 -0.34844492 -0.11395505
v 1.02832251 -0.47418704 -0.24223794
v 0.70866317 -0.18185040 -0.59913670
v 0.85855204 -0.41076222 -0.40209365
v 0.72295878 -0.36039993 -0.60250204
v 0.69649354 -0.42095708 -0.42347666
v 0.69427764 -0.23106701 0.62258570
v 0.89344041 -0.25530176 0.44724668
v 0.72702248 -0.08339824 0.54399790
v 1.18926928 -0.27697013 0.06619670
v 1.05525608 -0.27030776 0.26535985
v 0.86386289 0.20736903 0.42646497
v 1.01009061 -0.12070303 0.40747156
v 0.79623594 0.06087055 0.48778515
v 0.86936260 -0.10319420 0.47828678
v 0.84348948 0.71283590 0.01218423
v 1.00385323 0.44316150 -0.00443431
v 0.83279602 0.58571724 0.11129548
v 0.85444545 0.70605536 -0.09447058
v 1.21424450 -0.11897878 -0.03597287
v 1.12505523 0.17123640 -0.02017715
v 1.14845231 -0.12247960 0.07029512
v 0.88962349 0.37032865 0.32108253
v 1.08485078 0.35222422 0.10163980
v 0.86270921 0.48137549 0.21585376
v 1.01671940 0.21378822 0.33199777
v 0.96033994 0.47232169 0.10611318
v 0.91203804 0.70828335 -0.31126775
v 1.06964817 0.46034411 -0.11482948
v 0.87091972 0.69869891 -0.20047845
v 0.99143014 0.59939808 -0.10707372
v 1.11272767 -0.13022110 0.29210369
v 1.16172725 0.17974653 0.09165437
v 1.13420974 -0.12775484 0.18058876
v 1.09597154 0.03598053 0.32170377
v 1.15871381 0.02725611 0.08034655
v 1.12252821 0.20397602 0.21306474
v 0.72666284 0.44034535 -0.61602563
v 0.99405026 0.27184522 -0.51844903
v 0.75927138 0.31009091 -0.64857341
v 0.80853773 0.53409141 -0.57594387
v 1.15830169 -0.15500872 -0.14130478
v 1.03722356 0.05199632 -0.31371130
v 1.09505936 -0.22351001 -0.20434813
v 1.17395721 -0.01079150 -0.13597172
v 0.68598002 0.00005960 -0.58530830
v 0.94392623 0.10703617 -0.49337790
v 0.74925393 0.15245447 -0.64080302
v 0.84828946 -0.12622342 -0.55321782
v 0.88850518 0.21428519 -0.59074588
v 0.80731573 0.59816442 -0.38065265
v 0.93685735 0.30752878 -0.39747871
v 0.89370149 0.62983406 -0.52325020
v 1.02096040 0.56609139 -0.33559665
v 0.97050911 0.45751081 -0.53322668
v 0.97415206 -0.35334260 -0.33625506
v 1.12269103 -0.01521572 -0.43239736
v 1.12661851 -0.31585502 -0.29456115
v 0.93851699 -0.25184906 -0.45428845
v 1.00482280 -0.11045245 -0.28505627
v 0.97192016 -0.06842939 -0.48824222
v 1.14460724 0.29216822 -0.12456586
v 1.13203785 0.21469847 -0.33984336
v 1.19376171 0.14545313 -0.13335442
v 1.05078650 0.41311585 -0.21912104
v 1.13780768 0.09991718 -0.23514433
v 1.09770487 0.39390982 -0.34556494
v 0.44180445 -0.77031570 -0.38434040
v 0.42851599 -0.89173614 -0.15877581
v 0.26534631 -0.75845600 -0.31156121
v 0.58468974 -0.74625160 -0.34479232
v 0.36238325 -1.01054106 0.24525961
v 0.47360727 -1.14169671 0.05559616
v -0.01351216 -0.90512751 -0.23310633
v 0.31152775 -1.03691271 -0.12532029
v 0.14096884 -0.91831811 -0.30250429
v 0.29847997 -0.92275587 -0.22960267
v 0.81925317 -0.65936398 -0.24132831
v 0.59258648 -0.91614285 -0.12428575
v 0.65961486 -0.65424884 -0.27261196
v 0.63707188 -0.90371406 -0.25115262
v 0.54599284 -0.34837557 0.66257592
v 0.51026978 -0.59008598 0.59797151
v 0.39701396 -0.40377835 0.69352427
v 0.68371287 -0.37398620 0.60396880
v 0.40268392 -1.00218406 0.42878431
v 0.51387276 -0.88914652 0.57849823
v 0.10455613 -0.52445014 0.75756554
v 0.42112647 -0.74242824 0.72238737
v 0.27140523 -0.50530512 0.79095452
v 0.37133177 -0.51446260 0.64090442
v 0.93099257 -0.41678088 0.45238816
v 0.69363461 -0.67332040 0.58218533
v 0.83245667 -0.40625618 0.54326100
v 0.67872900 -0.51708517 0.58574266
v -0.52700519 -0.68047300 0.70463763
v -0.26310976 -0.82759813 0.61863724
v -0.38104355 -0.65669419 0.74072780
v -0.52552351 -0.68511457 0.57740586
v 0.21739623 -0.99709567 0.40823042
v -0.02296073 -1.09564741 0.61375705
v 0.28902197 -1.02250749 0.51610792
v -0.07256604 -0.57666100 0.76110962
v -0.12774349 -0.84934295 0.68539191
v -0.20727183 -0.57385798 0.70180089
v 0.07780005 -0.68980374 0.75251199
v -0.27297530 -0.81932071 0.77177422
v -0.62819706 -0.84812462 0.45782234
v -0.33299561 -0.97714275 0.59914792
v -0.63827165 -0.84605513 0.57339098
v -0.44708144 -0.85361613 0.60843606
v 0.35819871 -0.81454899 0.61607845
v 0.02258001 -0.86525940 0.58877707
v 0.33856426 -0.95130481 0.58973374
v 0.23130923 -0.77668123 0.70334183
v 0.15357584 -0.97838729 0.57698620
v 0.04907671 -0.82632710 0.70298253
v -0.57016992 -0.87609417 0.03709701
v -0.32423146 -1.02102935 0.14577659
v -0.45592206 -0.91391682 -0.03128811
v -0.61044181 -0.89958741 0.14239784
v 0.24062450 -1.21142352 0.36140651
v -0.05697600 -1.09630921 0.24426941
v 0.26381627 -1.16838960 0.23979018
v 0.10030416 -1.15322628 0.42358387
v -0.18861348 -0.95502676 -0.16836972
v -0.20314736 -1.09552569 0.08276039
v -0.32446530 -0.93881943 -0.10095873
v -0.02693078 -1.07079705 -0.12010332
v -0.34006914 -1.03440908 0.02707511
v -0.65738492 -0.91155518 0.35854681
v -0.36517922 -1.08049964 0.26489022
v -0.63818945 -0.90972618 0.25167886
v -0.53448137 -1.02372927 0.45040239
v -0.50189045 -1.01940255 0.20896829
v 0.28626708 -1.04564082 0.00898915
v -0.03165638 -1.02670820 0.12976148
v 0.26526966 -1.05855377 0.11401970
v 0.13027992 -0.98121349 -0.04911539
v 0.11106247 -1.16845389 0.19370918
v -0.03356434 -1.11243256 0.01750668
v -0.16504138 -1.00378867 0.51627664
v -0.17747932 -1.01318528 0.29367187
v -0.03643198 -1.03057543 0.45314355
v -0.31513125 -0.93990823 0.45154331
v -0.05253550 -1.15328261 0.37759938
v -0.36193852 -1.08198073 0.38661146
v 1.11932947 -0.40154403 0.01812424
v 0.92957657 -0.62897046 0.12665510
v 1.05688914 -0.46497196 -0.04819994
v 1.11029010 -0.41354490 0.12448014
v 0.49724213 -1.01095293 0.32249738
v 0.80623520 -0.91625879 0.24987198
v 0.54486417 -1.04623305 0.22853178
v 0.56847994 -0.98449622 0.40609370
v 0.93493053 -0.60145503 -0.17580615
v 0.99925839 -0.79604139 0.07254561
v 1.08474709 -0.58073049 -0.12327195
v 0.85785010 -0.76214179 -0.12429325
v 0.93272722 -0.56652368 0.00987508
v 1.03106974 -0.42606155 0.33989770
v 0.98735435 -0.70055855 0.25203343
v 1.10258770 -0.43130682 0.23962369
v 0.89914783 -0.54613902 0.40120820
v 1.03504869 -0.55012853 0.18522609
v 0.54158237 -0.91338916 0.00539913
v 0.79188474 -0.85476692 0.12859923
v 0.56446739 -1.01649138 0.11512882
v 0.72766946 -0.88925649 -0.05978093
v 0.69896581 -0.98472670 0.18462901
v 0.85087737 -0.83413697 0.00692421
v 0.59700004 -0.73227690 0.47971480
v 0.76994988 -0.74831543 0.28531276
v 0.64519701 -0.94218670 0.49334141
v 0.81898138 -0.71161274 0.49066680
v 0.74774216 -0.95169624 0.37807685
v 0.92144223 -0.72111447 0.37549700
v 0.32692198 -0.55432329 -0.46962692
v 0.23819743 -0.52232620 -0.58139916
v -0.01726189 -0.30840164 -0.65721705
v 0.10616892 -0.40380001 -0.60449857
v -0.47376291 0.14087473 -0.65738386
v -0.36018293 0.02975596 -0.65600187
v -0.13950889 -0.19364450 -0.66848182
v -0.25699153 -0.08135195 -0.67525216
v 0.47553575 -0.14140189 0.65984382
v 0.38619726 -0.03190510 0.70338183
v 0.12722961 0.17660032 0.60964345
v 0.26532416 0.08398969 0.69714636
v -0.35072411 0.59468178 0.50381894
v -0.23231971 0.50943735 0.56705263
v 0.01824089 0.32589240 0.69449060
v -0.10463471 0.39796484 0.59576318
v 0.47305250 -0.23555693 0.69550894
v 0.30962261 -0.28007477 0.69241027
v 0.43012277 -0.18304927 0.72152561
v 0.03176181 -0.40462844 0.77920151
v 0.19469362 -0.38008621 0.81966816
v 0.31556627 -0.06548936 0.73166975
v 0.24992837 -0.21899753 0.67647359
v 0.37937476 -0.12613050 0.73972392
v 0.35338258 -0.21401632 0.73781876
v -0.55403264 -0.53416210 0.71151010
v -0.43904839 -0.54603465 0.79506544
v -0.11654011 -0.44156734 0.76987473
v -0.24943493 -0.45269231 0.72011458
v 0.06638479 0.16996499 0.71517157
v 0.03653317 -0.00865920 0.79696851
v 0.11715738 0.10175212 0.65506320
v -0.02882141 -0.35625634 0.80447025
v 0.00292355 -0.17841523 0.76529608
v 0.04669205 -0.31949796 0.76985064
v 0.23746092 -0.00431840 0.68713051
v 0.10011797 -0.06835413 0.78887337
v 0.16947203 0.04752028 0.64345133
v 0.21216841 -0.08597755 0.67040586
v 0.10933207 0.02172943 0.72076226
v 0.19609090 -0.26838708 0.75368995
v 0.08484196 -0.16597169 0.82285258
v 0.13245702 -0.32045923 0.83000532
v 0.19700937 -0.16743958 0.68403627
v 0.06534474 -0.24799255 0.80223274
v 0.15148439 -0.12126446 0.73217269
v -0.40936563 0.52837415 0.46903161
v -0.46746186 0.40295598 0.53196289
v -0.38280903 0.52848544 0.53870188
v -0.62454304 0.14112321 0.70351781
v -0.57207331 0.29638801 0.64744250
v -0.25721597 0.43090444 0.58754946
v -0.41451442 0.36511164 0.56576339
v -0.31531285 0.47348160 0.55684568
v -0.40337400 0.44849881 0.55828654
v -0.64561591 -0.48299307 0.71585606
v -0.63721884 -0.32605814 0.70927623
v -0.54562898 -0.45112803 0.70082844
v -0.59846331 -0.02063683 0.67131493
v -0.59831557 -0.16566370 0.66852029
v -0.45306383 -0.47926193 0.81850663
v -0.53563723 -0.30015307 0.68988617
v -0.47639007 -0.44146672 0.71919103
v -0.53652206 -0.37133504 0.68992531
v -0.00996986 0.24513562 0.72365273
v -0.19074339 0.19020785 0.71769960
v -0.07130779 0.28184353 0.65936476
v -0.02515371 0.14945559 0.73592187
v -0.54394062 0.08643339 0.71640732
v -0.36215580 0.13738685 0.70990292
v -0.49638852 0.15643229 0.65832562
v -0.20152751 0.39541871 0.63687966
v -0.24701222 0.23575506 0.67466839
v -0.13265401 0.33099583 0.63450075
v -0.27996470 0.35382394 0.61047838
v -0.16261736 0.26377557 0.68061967
v -0.05389136 -0.03016061 0.73821919
v -0.20504727 0.09934559 0.73861984
v -0.03963810 0.05623513 0.73429851
v -0.11198041 0.11954570 0.70913613
v -0.42734546 0.28558516 0.57700739
v -0.33834443 0.21189354 0.68118715
v -0.45357288 0.21985232 0.60645421
v -0.38051943 0.34088573 0.63410973
v -0.40308603 0.17738912 0.64628979
v -0.30712859 0.28200835 0.64236846
v -0.11667842 -0.36983938 0.77827845
v -0.26921389 -0.26218087 0.79076015
v -0.19508188 -0.39767839 0.79209221
v -0.10500787 -0.29884423 0.80464883
v -0.58198653 -0.00902313 0.76126488
v -0.37594792 -0.12511906 0.69455257
v -0.58609280 -0.09087545 0.76298565
v -0.43053298 0.01767742 0.67119855
v -0.32852368 -0.41036817 0.73783891
v -0.31893064 -0.25837173 0.72315422
v -0.25927653 -0.39775273 0.75163241
v -0.44484169 -0.39073358 0.80790640
v -0.26834905 -0.33650230 0.78263885
v -0.07105975 -0.12109470 0.76674701
v -0.24805717 -0.17213942 0.76851670
v -0.08929699 -0.21272576 0.80153754
v -0.14943304 -0.05918548 0.78277625
v -0.17398264 -0.22925552 0.76864606
v -0.54833287 -0.23241802 0.70872837
v -0.39397243 -0.20190698 0.72114167
v -0.56967407 -0.16598186 0.73858485
v -0.52390131 -0.32352538 0.79373254
v -0.50986551 -0.15768340 0.78039108
v -0.42007649 -0.29242868 0.76641932
v -0.28687268 0.07022385 0.71398814
v -0.32710891 -0.10950061 0.76612265
v -0.37299197 0.04525209 0.71697169
v -0.21774827 0.00737010 0.74044368
v -0.37148227 -0.04304407 0.70007613
v -0.23023175 -0.08170288 0.74475801
v 0.31544298 -0.62693861 -0.42266817
v 0.20046244 -0.76103494 -0.42703141
v 0.25901199 -0.58394495 -0.44990630
v -0.10039103 -0.83427038 -0.31714918
v 0.04694787 -0.77842794 -0.36223484
v 0.16825345 -0.57292377 -0.57698595
v 0.14253429 -0.73562124 -0.47177303
v 0.22778520 -0.60884464 -0.53612222
v 0.21506275 -0.68932594 -0.48407672
v -0.62139664 -0.79304520 -0.05343816
v -0.49160298 -0.80159745 -0.11838371
v -0.24128936 -0.83750016 -0.25211438
v -0.37619853 -0.83544648 -0.18759564
v -0.09395172 -0.33679731 -0.63221753
v -0.11935696 -0.49375006 -0.54312623
v -0.03152630 -0.39496927 -0.62287720
v -0.16443304 -0.78265685 -0.34388987
v -0.14279911 -0.64204335 -0.44722818
v -0.09180620 -0.77629538 -0.37628191
v 0.09198601 -0.47948402 -0.55749672
v -0.05804905 -0.55834155 -0.53556615
v 0.03128694 -0.43040018 -0.57915875
v 0.08084594 -0.55664722 -0.51072337
v -0.04520332 -0.47868934 -0.58138123
v 0.05635609 -0.70487625 -0.41174047
v -0.07050080 -0.63711038 -0.48462806
v -0.01558720 -0.72692247 -0.38740423
v 0.06892289 -0.63207154 -0.46194809
v -0.08165180 -0.70925969 -0.43227640
v 0.00630057 -0.59049941 -0.49342565
v -0.60509865 0.13936053 -0.67855700
v -0.66270385 -0.00814289 -0.61534214
v -0.53548670 0.07766988 -0.67103975
v -0.68537693 -0.27260605 -0.42636691
v -0.66627870 -0.14440156 -0.51037016
v -0.39232128 -0.03767286 -0.63497455
v -0.61985743 -0.06999367 -0.63767702
v -0.46119307 0.01777375 -0.65266031
v -0.58949600 0.00520199 -0.66867361
v -0.75276175 -0.79474516 -0.07449119
v -0.76939680 -0.68307452 -0.17887854
v -0.67293972 -0.79184762 -0.10874170
v -0.70529656 -0.39861615 -0.34487892
v -0.72692438 -0.52804156 -0.26227853
v -0.50647969 -0.75983042 -0.16797097
v -0.72172747 -0.71441591 -0.22094317
v -0.58662102 -0.77567408 -0.13955486
v -0.71202572 -0.76991182 -0.16742438
v -0.16434570 -0.26492179 -0.63259779
v -0.32285558 -0.28728863 -0.56256165
v -0.22458475 -0.20990682 -0.64155636
v -0.17792758 -0.34643163 -0.59520558
v -0.65080140 -0.34227034 -0.44306099
v -0.53918210 -0.35054285 -0.56246147
v -0.64282136 -0.27794252 -0.48766159
v -0.33254478 -0.09477330 -0.63110495
v -0.38963807 -0.23827114 -0.58154856
v -0.28099287 -0.15185790 -0.63971511
v -0.43282780 -0.11184692 -0.62731223
v -0.30200044 -0.22021880 -0.59989986
v -0.20361670 -0.50338011 -0.51009196
v -0.33607237 -0.36535882 -0.52349874
v -0.19120462 -0.42667589 -0.55419645
v -0.26105780 -0.35909884 -0.56372439
v -0.63194360 -0.14528102 -0.58753054
v -0.51375200 -0.27298214 -0.59604502
v -0.63713272 -0.21252559 -0.53618732
v -0.55876594 -0.13487591 -0.64096956
v -0.60203778 -0.28631335 -0.56128871
v -0.47622884 -0.19198811 -0.61775845
v -0.24530387 -0.77705716 -0.30141099
v -0.38019810 -0.65003312 -0.32798268
v -0.31517904 -0.78299952 -0.27094977
v -0.23630593 -0.71572871 -0.35638920
v -0.66308247 -0.41995946 -0.39282112
v -0.57857154 -0.59971752 -0.40132563
v -0.67600054 -0.48783151 -0.35193094
v -0.62572360 -0.43752907 -0.46047353
v -0.43775350 -0.76031578 -0.20071311
v -0.45746020 -0.66730886 -0.30409920
v -0.37961211 -0.77571585 -0.23627975
v -0.53107889 -0.73337600 -0.22538290
v -0.37960587 -0.71114493 -0.28242861
v -0.21578179 -0.58033558 -0.46032653
v -0.37110011 -0.58694173 -0.38020590
v -0.22647649 -0.64980310 -0.40990494
v -0.28487468 -0.51220813 -0.47169967
v -0.30798720 -0.65597075 -0.37174379
v -0.70969890 -0.63715521 -0.26944620
v -0.57460319 -0.65792222 -0.34711265
v -0.69215199 -0.56057340 -0.31111238
v -0.65186349 -0.72380403 -0.26012256
v -0.65047396 -0.59271699 -0.36314414
v -0.55703703 -0.70317468 -0.28718522
v -0.44553045 -0.40267850 -0.52227410
v -0.47029509 -0.55933776 -0.42096597
v -0.55748274 -0.43821953 -0.51413886
v -0.35137648 -0.44292511 -0.48000932
v -0.57076868 -0.52226539 -0.45978823
v -0.36318381 -0.51761740 -0.43170744
v -0.60646654 -0.54144521 0.61359238
v -0.72378320 -0.67532489 0.61185504
v -0.77167418 -0.77201884 0.43739802
v -0.72957931 -0.70641658 0.51061057
v -0.69779311 -0.78596056 0.03243431
v -0.71459548 -0.78091821 0.13226815
v -0.76511142 -0.78892345 0.33668108
v -0.75402548 -0.80040865 0.23709589
v 0.57699485 -0.13288793 0.64704143
v 0.64126774 0.00787950 0.59543801
v 0.51522072 -0.07473039 0.64564363
v 0.70259845 0.27945584 0.43708026
v 0.66732125 0.14462751 0.51116876
v 0.40294628 0.03869313 0.65217118
v 0.59343502 0.06701008 0.61049501
v 0.45448335 -0.01751517 0.64316500
v 0.56127168 -0.00495292 0.63665836
v 0.71779973 0.75783322 0.07103144
v 0.74450956 0.66097949 0.17309246
v 0.72301861 0.40863220 0.35354472
v 0.72806182 0.52886780 0.26268892
v 0.15236828 0.24561445 0.58649445
v 0.34299878 0.30521277 0.59766028
v 0.22692278 0.21209204 0.64823524
v 0.64669360 0.34010996 0.44026443
v 0.51336621 0.33375895 0.53553096
v 0.63529708 0.27468917 0.48195346
v 0.35642924 0.10158023 0.67643298
v 0.39082075 0.23899437 0.58331375
v 0.30182589 0.16311676 0.68714407
v 0.42626972 0.11015225 0.61780738
v 0.32588672 0.23763669 0.64734806
v 0.61169603 0.14062619 0.56870596
v 0.48982972 0.26027104 0.56829087
v 0.62375865 0.20806446 0.52493219
v 0.53201605 0.12841897 0.61028432
v 0.57839638 0.27507012 0.53924748
v 0.45799240 0.18463622 0.59410236
v -0.33840936 0.67258399 0.45344128
v -0.19551586 0.74225575 0.41649404
v -0.27097654 0.61091915 0.47068885
v 0.10608463 0.88158537 0.33513605
v -0.04626945 0.76717916 0.35700032
v -0.15984972 0.54430804 0.54816732
v -0.13541515 0.69887928 0.44820946
v -0.22159639 0.59230263 0.52155604
v -0.20921960 0.67059729 0.47092459
v 0.62372194 0.79601281 0.05363813
v 0.52710917 0.85949310 0.12693401
v 0.64747170 0.76187942 0.10462627
v 0.22005158 0.76378515 0.22992380
v 0.38839629 0.86253478 0.19367819
v 0.69096268 0.68396279 0.21152512
v 0.52019637 0.78040845 0.17252003
v 0.67793482 0.73304941 0.15940831
v 0.57808649 0.76438909 0.13752453
v 0.08836781 0.31678018 0.59464246
v 0.10962120 0.45347565 0.49882429
v 0.03270285 0.40970931 0.64612265
v 0.16867906 0.32842442 0.56426731
v 0.15466016 0.73614060 0.32345120
v 0.13115121 0.58967290 0.41074849
v 0.09523235 0.80526631 0.39032455
v -0.09181634 0.47859958 0.55646838
v 0.05878398 0.56541041 0.54234666
v -0.03349366 0.46075701 0.62000778
v -0.08106679 0.55816778 0.51211848
v 0.04616723 0.48889680 0.59377846
v 0.35275876 0.38349932 0.54949109
v 0.19856476 0.49089072 0.49743605
v 0.27922759 0.38409235 0.60295996
v 0.18464458 0.41203707 0.53518252
v -0.05625213 0.70357606 0.41098098
v 0.07139337 0.64517649 0.49076367
v 0.01668659 0.77819352 0.41472850
v -0.06911117 0.63379814 0.46320997
v 0.08339292 0.72438377 0.44149416
v -0.00676668 0.63418479 0.52992948
v 0.65889715 0.41730872 0.39034168
v 0.55086969 0.57100320 0.38211027
v 0.66808789 0.48212140 0.34781156
v 0.60520504 0.42318174 0.44537381
v 0.22742628 0.72042571 0.27944435
v 0.40391894 0.69058915 0.34844576
v 0.31846019 0.79115089 0.27377048
v 0.22402295 0.67852575 0.33786439
v 0.68696003 0.61674065 0.26081310
v 0.54784745 0.62728683 0.33094975
v 0.67762301 0.54880638 0.30458181
v 0.62065672 0.68915324 0.24766967
v 0.62493052 0.56944161 0.34888384
v 0.43207165 0.39051419 0.50649698
v 0.45608818 0.54244101 0.40824922
v 0.53098390 0.41738963 0.48970029
v 0.36544021 0.46065305 0.49922154
v 0.54363832 0.49744054 0.43793311
v 0.46919439 0.81492416 0.21512899
v 0.45884874 0.66933437 0.30502224
v 0.40775683 0.83322801 0.25379770
v 0.52303214 0.72226410 0.22196797
v 0.40963024 0.76739190 0.30476690
v 0.53570616 0.67624771 0.27618791
v 0.21042802 0.56593685 0.44890535
v 0.38952568 0.61608409 0.39908358
v 0.21870631 0.62750900 0.39584151
v 0.30691269 0.55183273 0.50819051
v 0.32942331 0.70162673 0.39761739
v 0.37772013 0.53833488 0.44898639
v 0.45315000 -0.58488729 -0.51919766
v 0.50066837 -0.43158027 -0.56975127
v 0.37024472 -0.51113982 -0.52102094
v 0.57147043 -0.12913080 -0.64373407
v 0.51991005 -0.26936251 -0.58840686
v 0.25683274 -0.43026243 -0.58667406
v 0.45166772 -0.39783692 -0.61647328
v 0.29320001 -0.44027641 -0.51779418
v 0.41395798 -0.46026680 -0.57293521
v 0.58323504 0.43632519 -0.64668843
v 0.59495571 0.30443254 -0.66223394
v 0.65404275 0.02255338 -0.73366012
v 0.65834536 0.18228496 -0.73559382
v 0.00928047 -0.22818505 -0.67361378
v 0.19971734 -0.19915660 -0.75146536
v 0.06937547 -0.27420606 -0.64149711
v 0.49915476 -0.07931682 -0.65742125
v 0.34390907 -0.13046480 -0.67413544
v 0.49700804 -0.15662752 -0.65914724
v 0.21110490 -0.41421058 -0.66714672
v 0.24813409 -0.23682580 -0.67773256
v 0.13815643 -0.34472536 -0.66081949
v 0.27044101 -0.34178776 -0.58971147
v 0.17117466 -0.27765604 -0.71643545
v 0.47902919 -0.32012421 -0.64679142
v 0.31286821 -0.19593865 -0.62989599
v 0.49289260 -0.23891107 -0.65902703
v 0.36271384 -0.32493471 -0.60443792
v 0.43546042 -0.19163636 -0.69819741
v 0.28707220 -0.26359238 -0.60041992
v -0.44772228 0.22294373 -0.65826699
v -0.32418381 0.29324637 -0.72497354
v -0.39970991 0.17010633 -0.67050840
v -0.03318145 0.42271380 -0.81402886
v -0.18582401 0.36277070 -0.78232671
v -0.30123715 0.06251564 -0.69844636
v -0.27130904 0.23773215 -0.73434400
v -0.35175516 0.11694783 -0.68586984
v -0.34109492 0.20657464 -0.71216366
v 0.52006989 0.50141744 -0.66789384
v 0.40899176 0.50865389 -0.74063638
v 0.55391721 0.45798076 -0.71147418
v 0.11058302 0.41899611 -0.73052169
v 0.27902385 0.50639239 -0.80553732
v 0.60834142 0.34089405 -0.78352719
v 0.40069790 0.42386797 -0.72390217
v 0.58876312 0.40749187 -0.75710323
v 0.52484377 0.48636837 -0.79234006
v -0.06587695 -0.16866477 -0.70970054
v -0.03403380 0.00806679 -0.74244503
v -0.12627222 -0.10966843 -0.70602707
v 0.02361571 -0.14031726 -0.69092460
v 0.03033817 0.37500474 -0.84680642
v -0.00288863 0.17628425 -0.75615544
v -0.04651701 0.31830023 -0.76696462
v -0.24252043 0.00441041 -0.70177100
v -0.09725237 0.06639768 -0.76629402
v -0.18434820 -0.05169159 -0.69993318
v -0.22878757 0.09271218 -0.72291878
v -0.11254976 -0.02236893 -0.74197461
v 0.21159770 -0.10251928 -0.76221577
v 0.05447221 0.03048569 -0.74617589
v 0.11651117 -0.12438256 -0.73782797
v 0.03836440 -0.05442812 -0.71070314
v -0.20182835 0.27623986 -0.77574226
v -0.07919741 0.15492958 -0.76810812
v -0.12341041 0.29857235 -0.77331724
v -0.21528824 0.18297492 -0.74750235
v -0.06161163 0.23382486 -0.75640158
v -0.15792171 0.12641759 -0.76328635
v 0.51261838 0.00794765 -0.67052819
v 0.41971752 0.13968600 -0.77541562
v 0.53902791 0.08357790 -0.70171577
v 0.46596276 -0.01913215 -0.72643338
v 0.11515007 0.36499490 -0.76808388
v 0.25431101 0.24766731 -0.74698599
v 0.18061505 0.36818746 -0.73335244
v 0.10830042 0.30821458 -0.82987884
v 0.60159506 0.25499389 -0.77757054
v 0.41655047 0.21347800 -0.76246935
v 0.57391809 0.16721841 -0.74408724
v 0.48564179 0.29989894 -0.73576776
v 0.45982840 0.14220869 -0.70380517
v 0.26754741 -0.06549320 -0.66589010
v 0.31742594 0.10625921 -0.74344414
v 0.37845062 -0.04591434 -0.72746440
v 0.21790870 -0.00737553 -0.74098921
v 0.40667531 0.04712192 -0.76639910
v 0.34392131 0.42960178 -0.77242080
v 0.35421934 0.28695977 -0.80316902
v 0.27746714 0.42565871 -0.80436628
v 0.39856440 0.35008521 -0.72385916
v 0.26780514 0.33582024 -0.78105253
v 0.40639095 0.28290174 -0.74145038
v 0.07431876 0.12664845 -0.80191225
v 0.22961094 0.15933865 -0.71136763
v 0.09389846 0.22368752 -0.84284076
v 0.15636297 0.06193020 -0.81907737
v 0.17002241 0.22403716 -0.75115000
v 0.22039950 0.07821369 -0.71295245
v 0.70040428 0.78890167 -0.03255568
v 0.76620738 0.83732029 -0.14182126
v 0.69776792 0.71948406 -0.30704712
v 0.77847381 0.82636089 -0.24478343
v 0.65062141 0.58086608 -0.65826606
v 0.70592323 0.65866067 -0.59675699
v 0.81543908 0.81580329 -0.46220470
v 0.71903642 0.69620841 -0.50323192
v -0.53098483 0.26925609 -0.64995134
v -0.52720714 0.40448641 -0.63430722
v -0.45589291 0.29615680 -0.66321083
v -0.53185826 0.68661860 -0.61751985
v -0.53998872 0.55357191 -0.63849387
v -0.32943916 0.36815112 -0.72679353
v -0.47320919 0.44834687 -0.67610904
v -0.39897254 0.33642710 -0.70464598
v -0.46563250 0.37243955 -0.67107840
v -0.36359995 0.99491069 -0.37993554
v -0.45407428 1.03083355 -0.49148050
v -0.52006149 0.81966423 -0.59190879
v -0.47545979 0.90112448 -0.52895125
v -0.03366952 0.51861044 -0.83849251
v -0.17573563 0.56407851 -0.73370447
v -0.10483363 0.44913762 -0.75938992
v -0.47186600 0.74219990 -0.65696693
v -0.32414021 0.65894069 -0.70476333
v -0.47214083 0.66631187 -0.66110245
v -0.26234160 0.41200554 -0.76788224
v -0.25678039 0.55334934 -0.74504200
v -0.18279096 0.43179674 -0.76560434
v -0.33319955 0.44751715 -0.73218693
v -0.17742771 0.49366629 -0.74135831
v -0.47341798 0.52244513 -0.67177989
v -0.33839597 0.60742013 -0.73497206
v -0.47039685 0.59007845 -0.66277854
v -0.40327032 0.48417636 -0.70025535
v -0.40882833 0.64235265 -0.70349121
v -0.33836871 0.53126298 -0.73984822
v -0.39085394 0.64547768 0.39330331
v -0.41190135 0.75442760 0.30467384
v -0.35054519 0.73258407 0.40671573
v -0.48208228 1.04231929 0.12073392
v -0.47028608 0.94028641 0.23104741
v -0.20154081 0.78310133 0.35979139
v -0.34689287 0.79288046 0.28913460
v -0.27171774 0.74926099 0.37850515
v -0.35231160 0.77151572 0.34939853
v -0.39033124 1.13191864 -0.32847220
v -0.41113088 1.10415737 -0.21561301
v -0.43517947 1.01228451 0.00334718
v -0.41016111 1.02458731 -0.10118913
v 0.09905733 0.93483347 0.27764014
v -0.06761632 0.96910051 0.21400667
v 0.01972948 0.85773852 0.28694601
v -0.39171916 1.04937495 0.09369397
v -0.22598073 0.99882016 0.15283275
v -0.37013662 0.95509240 0.14184951
v -0.13103534 0.84134689 0.34850761
v -0.13912937 0.91821391 0.23333711
v -0.05352400 0.83156636 0.31079268
v -0.20523098 0.82658383 0.30475485
v -0.06106928 0.90616113 0.26520291
v -0.34299925 0.81915300 0.23196067
v -0.22202309 0.94773369 0.20533534
v -0.35068376 0.87072122 0.18555146
v -0.29538540 0.87943723 0.28584020
v -0.28598177 0.91818191 0.16723521
v -0.21224216 0.88225281 0.25420343
v 0.64532611 0.85423301 -0.00923450
v 0.49421974 0.88767285 -0.06274670
v 0.59998847 0.89150840 0.02663255
v 0.68070515 0.88402312 -0.06409599
v 0.26519488 1.07205170 -0.17573541
v 0.42716189 1.09049067 -0.13132190
v 0.47053529 0.91483309 0.09771655
v 0.42234458 0.87169450 -0.02885321
v 0.54466535 0.91948539 0.06354688
v 0.53452341 0.93186703 -0.00319906
v 0.71105501 0.89252846 -0.17263656
v 0.49383755 0.86506459 -0.10921397
v 0.70863976 0.90427920 -0.12076645
v 0.61457895 0.92444307 -0.09318446
v -0.29356619 1.11352918 -0.35401599
v -0.16260485 1.20272652 -0.33582035
v -0.30224536 1.08849854 -0.29481456
v 0.12610246 1.09337139 -0.22273674
v -0.01107990 1.05512380 -0.25495728
v -0.32136910 1.05529112 -0.18665009
v -0.18298518 1.22923537 -0.28634139
v -0.30972089 1.06339218 -0.23788155
v -0.23303709 1.09796603 -0.27632662
v 0.18442100 0.91665321 0.23230455
v 0.20402394 1.05087490 0.11179087
v 0.23296225 0.83432504 0.18132424
v 0.10372333 0.96472215 0.20870673
v 0.20333008 1.11231662 -0.14522393
v 0.19463616 1.03434437 -0.01896916
v 0.26274733 1.04725160 -0.11399656
v 0.37481567 0.86457750 0.12523444
v 0.27438475 1.03404449 0.07597617
v 0.29071201 0.81447530 0.14747821
v 0.36115052 0.85647216 0.06094414
v 0.25320992 0.93188995 0.13218126
v -0.06112980 1.00975671 0.14987678
v 0.10790827 0.99337172 0.07632310
v 0.01927090 0.94983164 0.17220828
v 0.10572168 0.97577022 0.13965519
v 0.39506930 0.99033543 -0.06029850
v 0.28385424 1.09296513 0.00872554
v 0.35858881 1.11003357 -0.09506324
v 0.36362986 0.88658920 0.00241879
v 0.27504817 1.07857570 -0.05563009
v 0.32152912 0.95442579 0.03654722
v 0.73063175 0.86600028 -0.38165664
v 0.61978614 1.01231914 -0.35554129
v 0.66139615 0.79459416 -0.30025139
v 0.28451377 1.10478804 -0.23647742
v 0.42819218 1.01268552 -0.28149481
v 0.34089829 1.04000426 -0.20184114
v 0.67665370 0.83658651 -0.21404273
v 0.60581980 1.00330882 -0.29656913
v 0.64179504 0.78191757 -0.24715217
v 0.57717930 0.83643870 -0.18188023
v 0.63746008 0.89625645 -0.29973020
v 0.47356332 0.98305627 -0.14852870
v 0.53784144 1.06941159 -0.27676552
v 0.44367875 1.10214274 -0.19070748
v 0.50768637 0.87323010 -0.15950607
v 0.43904205 1.06336771 -0.23996530
v 0.55262197 0.93299536 -0.22320974
v -0.40239920 1.12703289 0.02660217
v -0.19647028 1.01024303 -0.03966139
v -0.39164482 1.13918793 -0.03246957
v -0.27929977 0.97436741 0.05252795
v 0.11513800 1.09661398 -0.17004503
v -0.04886707 1.13171666 -0.11064305
v 0.04699308 1.13366971 -0.19819728
v 0.11950599 1.12141363 -0.11380102
v -0.34160464 1.07532930 -0.13696336
v -0.19486916 1.05760541 -0.09335758
v -0.36767518 1.11184801 -0.08775992
v -0.28412377 1.19328944 -0.18715860
v -0.30244428 1.15444781 -0.06813562
v -0.14042546 0.99663801 0.11489627
v -0.13690642 1.09370613 -0.01196497
v -0.21881718 1.02055029 0.08626757
v -0.05690005 1.02488389 0.08243965
v -0.20539659 1.00760152 0.02064649
v -0.09138648 1.08974403 -0.23225100
v -0.11186046 1.05153877 -0.12393639
v -0.02364699 1.09282208 -0.21228987
v -0.19278766 1.20374133 -0.22320583
v -0.03668448 1.12899049 -0.16506344
v -0.19476250 1.13289079 -0.15530377
v 0.11322858 1.04469950 0.01285327
v -0.04885038 1.08802785 -0.04640605
v 0.11894942 1.10462548 -0.05036484
v 0.02982102 1.07476226 0.04947692
v 0.03294104 1.07972822 -0.07784524
v -0.05244696 1.04295038 0.01746922
v 0.52799127 0.56026844 -0.63951286
v 0.42914842 0.67643273 -0.64069735
v 0.49524255 0.58962144 -0.70385298
v 0.59874864 0.64455117 -0.66032581
v 0.22890207 0.97638606 -0.67843891
v 0.35458527 0.86379185 -0.69613864
v 0.34400318 0.55106650 -0.71653813
v 0.41810088 0.76771194 -0.75881699
v 0.46129519 0.62894404 -0.78408578
v 0.46492301 0.68533578 -0.74101773
v 0.63752043 0.70529087 -0.58334462
v 0.45828800 0.71821190 -0.61591862
v 0.61127042 0.66737696 -0.61400636
v 0.53135145 0.68956910 -0.64387157
v -0.30868715 1.12434737 -0.42024320
v -0.17403805 1.08217053 -0.48211416
v -0.31745133 1.03175410 -0.43169662
v -0.22508150 1.08134274 -0.38154961
v 0.08418816 0.96412088 -0.58044133
v -0.04159274 0.99040807 -0.51547368
v -0.37069842 0.97764737 -0.50516450
v -0.20547854 1.07651642 -0.53111704
v -0.32178760 0.93949107 -0.43791389
v -0.26528355 1.06365881 -0.48470904
v -0.09740057 1.22129867 -0.38254168
v -0.09773539 1.03455241 -0.43802269
v -0.15602669 1.09082446 -0.36288917
v -0.15905354 1.04942002 -0.40723725
v 0.05716940 0.49507856 -0.76055281
v 0.08423958 0.62923439 -0.72489554
v 0.12505188 0.49284730 -0.72613538
v -0.01723102 0.58985308 -0.81357365
v 0.13283580 0.86001629 -0.62119851
v 0.11878348 0.81485246 -0.73632752
v 0.19902699 0.84639363 -0.65755330
v 0.28415707 0.56368703 -0.76465807
v 0.16969714 0.70094816 -0.77920157
v 0.21606203 0.56342533 -0.79639042
v 0.28548589 0.60378472 -0.70917147
v 0.14880074 0.60281489 -0.76559514
v -0.17231050 0.67997834 -0.76987776
v 0.01141141 0.64888447 -0.68302586
v -0.09894708 0.65634992 -0.81779220
v -0.00161523 0.60911814 -0.72885612
v 0.34905507 0.82158493 -0.74476831
v 0.17847516 0.74761654 -0.73154592
v 0.27345096 0.84133732 -0.70505979
v 0.31005531 0.69383943 -0.71296096
v 0.18140225 0.76687713 -0.66764061
v 0.23263243 0.67274107 -0.71888101
v 0.74944179 0.87451998 -0.45341617
v 0.57553835 0.90945747 -0.50892308
v 0.69060042 0.79552521 -0.46713785
v 0.66676918 0.91250801 -0.42417772
v 0.24660354 0.99018001 -0.62380447
v 0.40838427 0.93999224 -0.56021708
v 0.29466951 0.89344150 -0.60541729
v 0.68226935 0.76592496 -0.56567709
v 0.54374400 0.85488755 -0.53423793
v 0.67217355 0.76426870 -0.50491833
v 0.57365111 0.75435409 -0.57073756
v 0.62935801 0.84213425 -0.51086302
v 0.49573968 0.95740612 -0.35961382
v 0.50411296 0.95733884 -0.48547709
v 0.57616862 0.93214325 -0.38914466
v 0.56214606 0.89948803 -0.43800357
v 0.39022095 0.75115772 -0.59220608
v 0.46640312 0.88389239 -0.56848130
v 0.33860487 0.80679994 -0.58923457
v 0.51231652 0.80453487 -0.62204677
v 0.36669666 0.85765569 -0.56639960
v 0.51805596 0.81452851 -0.56667880
v -0.44418069 0.78918661 -0.61471405
v -0.30467777 0.93248891 -0.68594985
v -0.41949874 0.82261724 -0.57799761
v -0.37232657 0.74800678 -0.63949595
v 0.06040874 0.90504040 -0.60043286
v -0.10729871 0.88185124 -0.61552840
v -0.00156165 0.96194827 -0.59438840
v 0.05259540 0.90828628 -0.67274140
v -0.42702109 1.01746947 -0.58426101
v -0.26566975 0.91592884 -0.61099497
v -0.42794668 0.92536634 -0.58728878
v -0.29310604 0.92256926 -0.51651276
v -0.37317717 0.94363516 -0.64572999
v -0.23914942 0.68924624 -0.70803760
v -0.22530139 0.87769423 -0.70546727
v -0.30268352 0.71073662 -0.66640468
v -0.16502906 0.78299558 -0.77733200
v -0.30656120 0.82480972 -0.68287542
v -0.13658196 1.06104224 -0.56683015
v -0.16394576 0.87382665 -0.56796298
v -0.06814957 1.01982606 -0.58615368
v -0.21395646 0.96886521 -0.52953465
v -0.09266780 0.99325604 -0.62959923
v -0.22420950 0.88350367 -0.53400992
v 0.02607739 0.75991995 -0.70560110
v -0.11358847 0.78961167 -0.61638464
v 0.04092819 0.86770105 -0.71889248
v -0.05896769 0.70499341 -0.67666565
v -0.03692884 0.88601837 -0.67351108
v -0.13835135 0.79191868 -0.69471485
v 0.19357490 1.08934013 -0.25821101
v 0.19149974 1.10942621 -0.38082427
v 0.12711676 1.12623943 -0.28825927
v 0.28200661 1.10634412 -0.29645775
v 0.17325890 1.07364916 -0.62045893
v 0.16340558 0.97686989 -0.44417523
v 0.10192211 1.09341693 -0.58725714
v 0.23062044 0.92707989 -0.52064131
v -0.01516808 1.08267590 -0.31792333
v 0.10995072 1.03096907 -0.37326039
v 0.05295974 1.08571794 -0.29839869
v -0.02428845 1.18811553 -0.41260521
v 0.12251990 1.11422665 -0.34401507
v 0.42806188 1.01550339 -0.34103105
v 0.26586926 1.05884228 -0.40016262
v 0.36379867 1.08191935 -0.32558449
v 0.43989163 1.03673431 -0.41145768
v 0.26743038 1.05798282 -0.34141996
v -0.03429159 1.04683058 -0.48239465
v 0.10575466 1.02972702 -0.43126993
v 0.03050930 1.07492232 -0.53533407
v -0.03123162 1.16983745 -0.47141877
v 0.10972981 1.11622478 -0.53143461
v 0.04503314 1.11065330 -0.42484298
v 0.40518050 0.94604116 -0.49838511
v 0.26393597 1.05653395 -0.46252671
v 0.32775321 0.96986400 -0.52809786
v 0.41838931 0.98080787 -0.45180326
v 0.24065185 0.96623715 -0.48072853
v 0.33717267 1.00681895 -0.42047773
v -0.64355789 0.22564651 -0.67356156
v -0.77644529 0.24704394 -0.60056834
v -0.68929691 0.15470347 -0.65825798
v -0.63357128 0.29772947 -0.65829961
v -0.92070015 0.25535795 -0.39580095
v -0.84131537 0.24830538 -0.48763478
v -0.69491735 0.00351221 -0.55140855
v -0.76650804 0.16413090 -0.54210969
v -0.69823196 0.07642523 -0.60784582
v -0.73599391 0.16114678 -0.60294095
v -0.59571553 0.41865630 -0.60855582
v -0.79973326 0.33357027 -0.61431308
v -0.61409542 0.36082083 -0.63279994
v -0.73070732 0.32201939 -0.65033178
v -1.23188682 0.28020528 -0.01225799
v -1.20153830 0.28646500 -0.12274800
v -1.00006524 0.26271789 -0.30659163
v -1.08294382 0.27071283 -0.21603543
v -0.75017155 -0.26512577 -0.39169175
v -0.86365690 -0.11971572 -0.40436860
v -0.73397259 -0.19950843 -0.42905101
v -0.95143833 0.18643027 -0.36554936
v -0.93333373 0.03660908 -0.39531833
v -0.90347686 0.18078620 -0.40703423
v -0.70008819 -0.06678545 -0.50250035
v -0.83284384 -0.05022289 -0.43559018
v -0.71509703 -0.13279160 -0.46478387
v -0.73604958 0.01167616 -0.49912609
v -0.78689580 -0.12597240 -0.43421346
v -0.80472477 0.16797398 -0.48890918
v -0.86844179 0.02964358 -0.43096639
v -0.85190873 0.17415496 -0.44701350
v -0.77100507 0.09010124 -0.49458575
v -0.89031503 0.10605582 -0.42078041
v -0.79822300 0.02028323 -0.46298122
v -0.59154288 0.69352481 -0.57710947
v -0.70413232 0.56813226 -0.51303790
v -0.59993176 0.63221032 -0.59280281
v -0.95417284 0.33836459 -0.40365630
v -0.92207518 0.50850442 -0.51272777
v -0.91659731 0.33629288 -0.45210103
v -0.59137770 0.48593636 -0.59748534
v -0.72636510 0.51719938 -0.53781133
v -0.59856720 0.56064222 -0.59846561
v -0.68143664 0.44592430 -0.59502062
v -0.65140024 0.56368395 -0.55451658
v -0.84669894 0.33653752 -0.55963613
v -0.85614255 0.49519488 -0.55157217
v -0.88158073 0.33591052 -0.50443615
v -0.80329431 0.41374051 -0.60920795
v -0.92126453 0.42989408 -0.51982458
v -0.77324732 0.47439352 -0.57917894
v -0.45408136 0.59175549 0.42708837
v -0.61703068 0.60380223 0.41265096
v -0.50885371 0.55653698 0.48311983
v -0.48919237 0.68091315 0.40268846
v -0.80675264 0.50406537 0.30059769
v -0.78329924 0.60490707 0.38855331
v -0.61522433 0.45436160 0.59180618
v -0.62668612 0.51914257 0.43091564
v -0.56819757 0.51478278 0.54336358
v -0.62819859 0.59329591 0.50372240
v -0.55147646 0.85762583 0.33102397
v -0.60768824 0.63932174 0.35319839
v -0.52669988 0.77729407 0.37360324
v -0.60690404 0.72800365 0.41660984
v -1.09735269 0.28318729 0.07194173
v -1.09425670 0.36465919 0.14061700
v -1.00481083 0.51281799 0.27811867
v -1.06984384 0.44475040 0.21134444
v -0.62466473 0.11341376 0.60782030
v -0.78039696 0.25097879 0.57355766
v -0.62742337 0.19174892 0.60941881
v -0.87377916 0.45670339 0.34350931
v -0.80207091 0.34563103 0.44042653
v -0.78653322 0.45787609 0.35375815
v -0.63923491 0.37006243 0.61716845
v -0.74004378 0.32073493 0.53758557
v -0.63804580 0.27961005 0.61820520
v -0.63435298 0.40376181 0.52314799
v -0.65721381 0.24579776 0.55179178
v -0.72496970 0.52872554 0.42905241
v -0.80844331 0.39477945 0.50370700
v -0.80919093 0.52643010 0.41707777
v -0.65218272 0.44752639 0.45721965
v -0.81221881 0.43597642 0.43293452
v -0.69405693 0.38495193 0.49549393
v -0.49740306 0.91846158 0.08721339
v -0.67955671 0.88888665 0.16103653
v -0.51349216 0.91246919 0.14334470
v -0.85435036 0.57960848 0.26402927
v -0.74508153 0.70614160 0.20729220
v -0.76791451 0.57565667 0.27759201
v -0.55461106 0.90538654 0.27098600
v -0.66026692 0.82539740 0.21123133
v -0.53736201 0.91652818 0.20632411
v -0.57551556 0.77596297 0.28245360
v -0.56391575 0.83599430 0.17012452
v -0.70494325 0.65541138 0.34712744
v -0.74661160 0.78592218 0.25076351
v -0.78861464 0.65659417 0.33290350
v -0.61429114 0.68722567 0.30221134
v -0.77234153 0.68823715 0.26980300
v -0.63583204 0.75327824 0.25730532
v -0.64072293 -0.46458860 0.61804192
v -0.83639443 -0.42267377 0.62648203
v -0.67222057 -0.41446665 0.65074878
v -0.66286873 -0.49845421 0.58632188
v -1.01975359 -0.21543543 0.46962087
v -0.90631063 -0.30990758 0.53356607
v -0.71925296 -0.28925143 0.69968508
v -0.80247247 -0.33202761 0.60402436
v -0.70167546 -0.35680837 0.68107823
v -0.68937763 -0.34915693 0.58665960
v -0.81103585 -0.64719178 0.60007524
v -0.88778863 -0.47499155 0.61004460
v -0.77045298 -0.59793400 0.62367958
v -0.80842016 -0.51275199 0.62861110
v -1.13837131 0.20250728 0.08966068
v -1.10678777 0.09899247 0.18320971
v -1.10365522 0.23538680 0.12075229
v -1.06885135 -0.10746180 0.37613364
v -1.10977077 -0.00226935 0.28330338
v -1.09463673 0.31408356 0.19110692
v -1.12023675 0.13846569 0.22213963
v -1.11498483 0.27834143 0.15771736
v -1.11440807 0.18767255 0.17138036
v -0.64316573 0.02661644 0.62658942
v -0.77371589 -0.02682170 0.58211655
v -0.67227667 -0.04819374 0.65517222
v -0.73805926 0.09252301 0.62693212
v -1.00048731 -0.13454409 0.46140273
v -0.98734686 -0.08907403 0.58283891
v -0.93620366 -0.18095354 0.48881120
v -0.71956859 -0.20897207 0.70047701
v -0.75228021 -0.09716196 0.56737042
v -0.70162425 -0.12813738 0.68365428
v -0.73051798 -0.22355371 0.62439526
v -0.77368672 -0.07950593 0.66092890
v -0.80693537 0.21052701 0.52037976
v -0.78548156 0.03215960 0.51775360
v -0.80604986 0.15958416 0.59674905
v -0.79938170 0.06331211 0.59646289
v -0.93505833 -0.30792097 0.62118335
v -0.86962680 -0.13317009 0.57867221
v -0.94599504 -0.24418642 0.55780704
v -0.76957544 -0.24534168 0.57930568
v -0.98146967 -0.17076541 0.57917962
v -0.74890008 -0.16752135 0.56405141
v -0.82899079 -0.72102899 0.40309773
v -0.91281418 -0.57063589 0.41829737
v -0.82926406 -0.70790712 0.45264814
v -1.03932573 -0.24912792 0.43041798
v -0.98277178 -0.41368116 0.42738411
v -1.00915526 -0.30430871 0.47601407
v -0.76825469 -0.62840585 0.51515268
v -0.92066910 -0.55826990 0.47099271
v -0.78388103 -0.65567464 0.47618658
v -0.80630273 -0.55090737 0.52183803
v -0.87861647 -0.63535306 0.46354150
v -0.87458383 -0.38984903 0.52896370
v -0.95782842 -0.47490038 0.47581930
v -0.92376589 -0.34183322 0.49435612
v -0.84188427 -0.47107770 0.52645969
v -0.98738839 -0.39131568 0.47766980
v -0.87264420 -0.50899034 0.49454092
v -1.02874773 0.47321922 0.34364549
v -0.98836577 0.26767261 0.35155747
v -0.98196950 0.40504954 0.28451874
v -0.98186623 0.40931134 0.39550899
v -1.07459909 -0.07512078 0.42414063
v -1.04302559 0.10163578 0.39169923
v -1.08533222 -0.02072986 0.37199201
v -0.98708725 -0.04658958 0.44514310
v -1.09859790 0.35940191 0.23226004
v -1.05645165 0.24555539 0.33036196
v -1.04212306 0.38376930 0.25934992
v -1.09816491 0.26484861 0.24488384
v -1.00401822 0.32121907 0.30289845
v -0.79637673 0.25448376 0.44188063
v -1.02288229 0.22839755 0.43138250
v -0.86480223 0.32000177 0.41203136
v -0.83067245 0.17568499 0.46849148
v -1.03603170 0.32847175 0.42724273
v -1.10970767 0.08482914 0.27297968
v -1.09365290 0.15879903 0.35369720
v -1.09170345 0.03245213 0.31996783
v -1.10181763 0.17367275 0.25839945
v -1.09822701 0.06903798 0.36596325
v -1.10512863 0.21425696 0.30140943
v -0.96342563 0.00644668 0.55855412
v -0.98914019 0.12726523 0.42688322
v -0.99242718 -0.02154500 0.50865994
v -0.89906496 0.09620718 0.51453069
v -0.97750745 0.03977890 0.43117458
v -1.02004099 0.17102419 0.50324440
v -0.80410832 -0.78998352 -0.01677572
v -0.92125196 -0.66899221 -0.00818770
v -0.83273978 -0.75270540 -0.07145641
v -0.80389155 -0.77970378 0.03845302
v -1.01947444 -0.36948082 0.00826869
v -0.96061423 -0.50637030 0.00039755
v -0.78923308 -0.59312204 -0.16557817
v -0.88481315 -0.58425840 -0.05814261
v -0.81707873 -0.67539055 -0.12166291
v -0.86749436 -0.67071525 -0.06499387
v -0.77802950 -0.73464821 0.13726111
v -0.96187805 -0.69214551 0.04899500
v -0.79075955 -0.75674326 0.08990444
v -0.90055565 -0.75242847 0.04449028
v -1.24477416 0.19868093 0.04046204
v -1.23965202 0.04536048 0.03316905
v -1.26081135 0.20770294 -0.01585452
v -1.21408780 0.14060005 0.09173311
v -1.07891990 -0.23611078 0.01599001
v -1.14159701 -0.10032285 0.02390527
v -1.14228692 0.19897880 -0.11972027
v -1.16627630 0.04722375 -0.02158357
v -1.20951096 0.20505846 -0.07069018
v -1.22216464 0.12501220 -0.01892601
v -1.11870847 0.02968876 0.18151164
v -1.26588526 -0.01008419 0.08848227
v -1.16506982 0.08304786 0.13852332
v -1.26621682 0.06795779 0.09198573
v -0.76208826 -0.34050999 -0.34294241
v -0.90017907 -0.35075223 -0.25496232
v -0.76575468 -0.40055954 -0.29903563
v -0.82901479 -0.27312440 -0.35342614
v -1.03079770 -0.31559118 -0.04090301
v -0.99320396 -0.34212555 -0.15039889
v -0.99205828 -0.37957324 -0.04466197
v -0.77164308 -0.51943636 -0.20978086
v -0.88908592 -0.40600604 -0.20551296
v -0.76668094 -0.45910754 -0.25376245
v -0.81953694 -0.51645862 -0.15759283
v -0.83100045 -0.40497509 -0.25378849
v -0.93862169 -0.12192099 -0.36099060
v -0.96329458 -0.27799986 -0.26005779
v -0.89028292 -0.19957335 -0.36015187
v -0.90267258 -0.27794941 -0.30946778
v -0.91134242 -0.50648132 -0.05275361
v -0.93661241 -0.40159866 -0.15209141
v -0.94933699 -0.44216891 -0.04845026
v -0.86620570 -0.51213078 -0.10513540
v -0.96907451 -0.39217077 -0.09858812
v -0.87367978 -0.45705073 -0.15429974
v -0.81565093 -0.72416594 0.33968029
v -0.88923719 -0.60282730 0.24419617
v -0.81630141 -0.73652787 0.29233039
v -0.86615456 -0.65731961 0.35158407
v -1.06811091 -0.38239909 0.06244589
v -1.08976860 -0.55231159 0.17327885
v -1.04151631 -0.45393535 0.05892237
v -0.78331896 -0.72826972 0.18771531
v -0.90702138 -0.62561874 0.20122428
v -0.80360270 -0.73639702 0.24030144
v -0.86299428 -0.70259578 0.14770233
v -0.84608634 -0.66788579 0.24191277
v -0.95317338 -0.51195347 0.36852901
v -0.93529505 -0.53462103 0.25397018
v -0.91263754 -0.58617186 0.36136557
v -0.90951409 -0.60018807 0.30439478
v -0.99641678 -0.61056638 0.05283536
v -1.03172568 -0.61553090 0.16671002
v -1.01851229 -0.53030833 0.05572873
v -0.97833108 -0.69352901 0.10683915
v -1.07667068 -0.55319358 0.11591682
v -0.95358369 -0.66640087 0.15854797
v -0.99891767 0.19083327 -0.31218082
v -1.07884773 0.05010334 -0.23175518
v -1.03010513 0.19252909 -0.26469935
v -1.00362784 0.11863212 -0.33074578
v -1.06636033 -0.23580396 -0.03628381
v -1.10219580 -0.09759478 -0.13624202
v -1.08690446 -0.16677924 -0.03234247
v -1.06213908 -0.25150559 -0.09138578
v -1.08981844 0.19441218 -0.16845330
v -1.09252513 0.05042398 -0.17908839
v -1.05743270 0.19321426 -0.21599692
v -1.10364085 0.12094827 -0.12069078
v -1.06603963 0.12235167 -0.22325943
v -0.97593258 -0.03821140 -0.35614432
v -1.07423593 -0.02909523 -0.24564771
v -0.99762220 0.04124980 -0.34620966
v -1.00181770 -0.11843793 -0.30997897
v -1.04698589 0.04582755 -0.29072303
v -1.12488120 -0.02739221 -0.02501722
v -1.10445367 -0.02503511 -0.13029064
v -1.10327705 -0.09679367 -0.02845510
v -1.11535411 0.04685102 -0.07277370
v -1.10069447 -0.09687224 -0.08149210
v -1.09886283 0.04816310 -0.12505088
v -1.01310802 -0.27338040 -0.20406564
v -1.08673847 -0.10818536 -0.19450184
v -1.04598028 -0.26465975 -0.14838461
v -1.01441062 -0.19809978 -0.25846339
v -1.08295431 -0.18170594 -0.14358208
v -1.05199122 -0.11378509 -0.25358207
v -1.05725160 -0.18211803 0.37106162
v -1.06036248 -0.21889582 0.26642350
v -1.08665880 -0.12996226 0.32744691
v -1.04037104 -0.26645282 0.37421292
v -1.10476087 -0.30017234 0.06720633
v -1.20731714 -0.28858325 0.18854715
v -1.14053177 -0.23178727 0.07178341
v -1.14557072 -0.38932098 0.12385395
v -1.09728968 -0.02385458 0.22849674
v -1.10942061 -0.17152201 0.22751376
v -1.09790868 -0.07610110 0.27852862
v -1.15620161 -0.04476475 0.18578681
v -1.07768152 -0.14828591 0.27199450
v -0.98947725 -0.43050322 0.37324450
v -1.03982714 -0.30009602 0.26754777
v -1.01789815 -0.35001235 0.37503780
v -0.98676351 -0.44711837 0.31724945
v -1.04956388 -0.28597662 0.32258575
v -1.22845921 -0.08996306 0.08297517
v -1.21332177 -0.20810744 0.19029740
v -1.18270440 -0.16193192 0.07705552
v -1.25615886 -0.07020308 0.14292599
v -1.22121708 -0.22889367 0.13469184
v -1.19473677 -0.12535717 0.18987116
v -1.04040870 -0.50646819 0.21986292
v -1.11431295 -0.34065886 0.22946229
v -1.14047138 -0.46943393 0.18057877
v -0.97899172 -0.46051037 0.26048354
v -1.18012015 -0.38047916 0.18572872
v -1.01422793 -0.38145549 0.26506035
v -0.40933535 0.99915197 -0.32852726
v -0.60442050 1.04477593 -0.32248576
v -0.43148837 0.96524064 -0.36021772
v -0.44177991 1.04328373 -0.29194667
v -0.85127004 0.85037890 -0.21961807
v -0.71141216 0.92300555 -0.26373202
v -0.54598269 1.02951469 -0.48421435
v -0.64845463 1.03901744 -0.36903207
v -0.51037858 1.04727716 -0.44024268
v -0.56106822 1.05197787 -0.38326565
v -0.49904926 1.10374074 -0.20113265
v -0.59219252 0.99818765 -0.25619691
v -0.47406783 1.08302045 -0.25002774
v -0.48330091 0.95446903 -0.25636694
v -1.11919677 0.32380401 0.01122073
v -1.05081948 0.45304367 -0.04574750
v -1.18122056 0.34851580 -0.04272148
v -1.08482881 0.35448126 0.04373649
v -0.93737866 0.72422459 -0.16169986
v -1.01494100 0.59761668 -0.10462986
v -1.20561051 0.37120935 -0.15809197
v -1.05055291 0.46083570 -0.09730171
v -1.21889820 0.36729184 -0.10158709
v -1.11383364 0.40716412 -0.07107561
v -1.07515786 0.43730545 0.11142200
v -1.06261049 0.50300508 -0.01360007
v -1.09559057 0.40102808 0.07837857
v -1.07624882 0.42906514 0.01527703
v -0.59171391 0.77996679 -0.56756357
v -0.69610802 0.80023107 -0.46821246
v -0.58389160 0.84430070 -0.55113089
v -0.64969220 0.71200511 -0.53392842
v -0.87253017 0.80600833 -0.25191567
v -0.78950777 0.80889251 -0.36322768
v -0.82406269 0.86657300 -0.28116965
v -0.52565793 0.90624312 -0.47727141
v -0.69483590 0.87033404 -0.45285438
v -0.54417489 0.86068847 -0.50441244
v -0.57470916 0.91413625 -0.42557380
v -0.64213997 0.86057956 -0.50384557
v -0.75866153 0.58274938 -0.46860895
v -0.75593236 0.73577850 -0.43835209
v -0.71160907 0.65174428 -0.50520262
v -0.70514795 0.72639172 -0.48744073
v -0.66761699 0.91940771 -0.31770414
v -0.74444697 0.87493473 -0.39708969
v -0.73093389 0.87800759 -0.29448839
v -0.62221375 0.91854160 -0.37217687
v -0.78736038 0.87404659 -0.34061244
v -0.65204022 0.88653393 -0.40791426
v -0.49614595 0.95665258 0.02515529
v -0.62252029 0.92963039 -0.03640020
v -0.50521052 1.00865422 -0.02826835
v -0.59954364 0.96876248 0.06028712
v -0.84853662 0.82668461 -0.16020295
v -0.81832867 0.98012240 -0.10858715
v -0.77238638 0.85534232 -0.18133878
v -0.51328291 1.09597566 -0.14340428
v -0.59250421 0.91356908 -0.08624735
v -0.51362414 1.06113721 -0.08542371
v -0.53728103 0.99884876 -0.16610582
v -0.59671578 1.03999900 -0.06303058
v -0.70930714 0.82811594 0.12099844
v -0.65776641 0.84007609 -0.00470842
v -0.68349134 0.93488019 0.09538198
v -0.66019184 0.94381675 0.02705970
v -0.72122814 1.04475280 -0.25356135
v -0.69745583 0.95597058 -0.12565136
v -0.75629906 0.95581615 -0.21820850
v -0.58073598 0.94924266 -0.19320602
v -0.79906235 0.98312969 -0.16701923
v -0.57757425 0.91627300 -0.13681481
v -1.00310387 0.34290222 -0.34865600
v -1.07901317 0.52305808 -0.33632364
v -1.04879195 0.34855197 -0.30350934
v -1.01509569 0.43605430 -0.40989828
v -0.91410172 0.72343735 -0.21454134
v -0.93260013 0.58931925 -0.25623160
v -0.96088345 0.66568323 -0.18707971
v -0.88228703 0.73357482 -0.27248319
v -1.15649666 0.36526665 -0.21141197
v -1.09858983 0.51767826 -0.27905242
v -1.10079210 0.35623911 -0.25803442
v -1.17421963 0.44813832 -0.19227411
v -1.11424711 0.44779035 -0.30290499
v -0.87255278 0.55537580 -0.46680848
v -0.97122167 0.56452588 -0.35590099
v -0.98419729 0.51914425 -0.45871323
v -0.81262442 0.59191674 -0.42009817
v -1.03713200 0.52405316 -0.39921265
v -1.01055714 0.52480902 -0.12631208
v -0.99658645 0.54225840 -0.23407249
v -0.99149242 0.59708019 -0.15680307
v -1.07289506 0.48222626 -0.15500680
v -0.96060084 0.59235771 -0.20696361
v -1.09520859 0.50425065 -0.21728252
v -0.80440132 0.74027327 -0.38387118
v -0.89822137 0.59569148 -0.31173851
v -0.84568044 0.73942402 -0.32947700
v -0.81059832 0.66728942 -0.40341381
v -0.89858827 0.66908382 -0.29503106
v -0.85966796 0.59627933 -0.36721948
v -1.00729934 0.60890014 0.25590359
v -0.93044632 0.63406671 0.11461838
v -0.96242813 0.52866676 0.20457817
v -0.93980179 0.67540782 0.22343018
v -0.93855587 0.78547845 -0.13239016
v -0.94581358 0.71659166 -0.00597936
v -0.96943481 0.71242849 -0.10212555
v -0.85441062 0.79271292 -0.09761557
v -1.07832047 0.48767546 0.14930833
v -0.99694522 0.62198863 0.08693077
v -1.02222519 0.50964179 0.17795092
v -1.05865390 0.51479227 0.08325071
v -0.96520931 0.56672133 0.14413748
v -0.72326006 0.71701433 0.14277218
v -0.94023908 0.75119231 0.09330251
v -0.80728803 0.68383233 0.17675005
v -0.73705906 0.76787631 0.08553425
v -0.97141092 0.73725797 0.16288957
v -1.03233601 0.57427647 -0.04353525
v -1.01284788 0.66996552 0.02313695
v -0.99585116 0.63880653 -0.07214837
v -1.04335006 0.54353425 0.01921807
v -0.99894677 0.69707737 -0.04017615
v -1.04466249 0.59676123 0.05405224
v -0.81702474 0.93256778 -0.04034825
v -0.89075026 0.74967253 0.02438597
v -0.85065950 0.87526675 -0.07128871
v -0.77968547 0.85139289 0.02616853
v -0.86322541 0.76271855 -0.03633476
v -0.91234546 0.85229807 0.06267941
v 0.48373478 -0.63039961 -0.45497903
v 0.66237600 -0.64817540 -0.44297650
v 0.50123977 -0.54820955 -0.47589093
v 0.85021223 -0.53121926 -0.31679082
v 0.70023473 -0.54076006 -0.34734940
v 0.54169755 -0.40005987 -0.52107815
v 0.70858573 -0.58698766 -0.48723064
v 0.51778129 -0.46910601 -0.49515083
v 0.57020314 -0.53852269 -0.45721863
v 1.15943624 -0.29920883 -0.07601189
v 1.04510652 -0.34827998 -0.13430098
v 0.96182108 -0.49087762 -0.26621967
v 1.12090886 -0.46597891 -0.22143218
v 0.70919513 -0.12876105 -0.69007128
v 0.69901444 -0.22480585 -0.51374507
v 0.68220645 -0.20849136 -0.66262984
v 0.88537659 -0.46276509 -0.34806862
v 0.84907310 -0.36588537 -0.46623599
v 0.84953264 -0.49455086 -0.38209333
v 0.58264028 -0.33729897 -0.56252747
v 0.69993162 -0.30335033 -0.50844714
v 0.63332756 -0.27754239 -0.61363369
v 0.68432817 -0.43557071 -0.56436229
v 0.72872978 -0.27254471 -0.61183606
v 0.69251222 -0.50505407 -0.40984339
v 0.72790307 -0.35545000 -0.45352577
v 0.75614076 -0.49191759 -0.38973435
v 0.72790761 -0.49948865 -0.51030740
v 0.81386844 -0.43686189 -0.43381382
v 0.71742985 -0.39791549 -0.51218009
v 0.61366785 -0.21516636 0.64227800
v 0.75133005 -0.23905295 0.58114210
v 0.65915904 -0.14793943 0.62947721
v 0.94383465 -0.26177435 0.40574627
v 0.84263180 -0.24869391 0.48839780
v 0.69053064 -0.00349004 0.54792774
v 0.76166940 -0.16309481 0.53868758
v 0.67869057 -0.07428632 0.59083406
v 0.71539567 -0.15663678 0.58606646
v 1.17467184 -0.26719114 0.01168866
v 1.16267282 -0.27719888 0.11877754
v 1.02519396 -0.26931922 0.31429538
v 1.08463834 -0.27113642 0.21637346
v 0.79093691 0.27953307 0.41297683
v 0.92262769 0.12788995 0.43197903
v 0.76985687 0.20926249 0.45002752
v 1.00314081 -0.19656115 0.38541382
v 0.99706207 -0.03910876 0.42231080
v 0.94764829 -0.18962492 0.42693433
v 0.71273338 0.06799175 0.51157665
v 0.88718582 0.05349986 0.46401187
v 0.74149882 0.13769434 0.48194396
v 0.75534694 -0.01198228 0.51221191
v 0.83500263 0.13367372 0.46075907
v 0.81925993 -0.17100797 0.49773999
v 0.92510649 -0.03157779 0.45908639
v 0.88336169 -0.18058486 0.46351749
v 0.79121887 -0.09246347 0.50755254
v 0.94474438 -0.11253954 0.44650479
v 0.84006870 -0.02134654 0.48725235
v 0.76676152 0.75329274 0.01599657
v 0.89145274 0.64735270 0.00792286
v 0.79633021 0.71979514 0.06833215
v 0.77346754 0.75019518 -0.03699773
v 1.04509085 0.37876479 -0.00847645
v 0.96211734 0.50716263 -0.00039818
v 0.78425099 0.58937791 0.16453294
v 0.87922771 0.58057023 0.05777558
v 0.79421118 0.65648842 0.11825794
v 0.84321583 0.65194397 0.06317489
v 0.79910040 0.75454425 -0.14097847
v 0.92087646 0.66264171 -0.04690651
v 0.77925510 0.74573369 -0.08859645
v 0.85743818 0.71640315 -0.04236014
v 1.18696063 -0.18945319 -0.03858278
v 1.19955370 -0.04389323 -0.03209615
v 1.20568537 -0.19862162 0.01516132
v 1.10603001 0.24204356 -0.01639180
v 1.14338330 0.10047983 -0.02394268
v 1.13507615 -0.19772274 0.11896452
v 1.15891410 -0.04692565 0.02144733
v 1.17566042 -0.19931949 0.06871178
v 1.18795997 -0.12151349 0.01839633
v 0.80350119 0.35901378 0.36157838
v 0.96164361 0.37470171 0.27237123
v 0.80319280 0.42014309 0.31365563
v 0.88479239 0.29150070 0.37720529
v 1.08681269 0.33274085 0.04312574
v 1.06102027 0.36548600 0.16066817
v 1.04056050 0.39813076 0.04684552
v 0.78558072 0.52881856 0.21356998
v 0.94709762 0.43249740 0.21892241
v 0.79498724 0.47605806 0.26313150
v 0.84102312 0.52999885 0.16172451
v 0.88180361 0.42973321 0.26930384
v 0.99884418 0.12974351 0.38415196
v 1.02510010 0.29583649 0.27674325
v 0.95018422 0.21300133 0.38438413
v 0.96340750 0.29665080 0.33028984
v 0.92780334 0.51562953 0.05370646
v 0.99772515 0.42780245 0.16201518
v 0.98438705 0.45849404 0.05023907
v 0.88891542 0.52555755 0.10789179
v 1.02831882 0.41614610 0.10461529
v 0.91948119 0.48101096 0.16238868
v 0.75620679 0.67138918 -0.31492460
v 0.94471734 0.64043814 -0.25943174
v 0.82479947 0.74419545 -0.29537368
v 1.06136909 0.37998543 -0.06205174
v 1.03759077 0.52586706 -0.16498231
v 1.02932527 0.44862200 -0.05823268
v 0.83957950 0.78057644 -0.20119764
v 0.90977450 0.62751770 -0.20183506
v 0.86318241 0.79099405 -0.25811757
v 0.84991845 0.69195026 -0.14546439
v 0.91300631 0.72071125 -0.26104651
v 0.96449143 0.59100374 -0.05114250
v 0.98368456 0.58686941 -0.15894736
v 0.99713267 0.51917661 -0.05455892
v 0.93149529 0.66032758 -0.10172442
v 1.03439093 0.53147024 -0.11136488
v 0.91706769 0.64088209 -0.15247662
v 1.05320025 -0.20120342 0.32914516
v 1.15251183 -0.05352442 0.24757950
v 1.08046747 -0.20194193 0.27764063
v 1.07115372 -0.12661391 0.35299895
v 1.12430783 0.24861787 0.03825552
v 1.17745411 0.10425859 0.14554467
v 1.14004375 0.17493316 0.03392371
v 1.13360170 0.26842733 0.09753438
v 1.10950304 -0.19792371 0.17149595
v 1.16381097 -0.05371408 0.19077367
v 1.09647372 -0.20034784 0.22397165
v 1.13257551 -0.12411923 0.12385499
v 1.13121189 -0.12983163 0.23690838
v 1.03854896 0.04066307 0.37899474
v 1.14315950 0.03096199 0.26140860
v 1.06474566 -0.04402523 0.36950383
v 1.06033173 0.12535564 0.32808418
v 1.11743071 -0.04891098 0.31028388
v 1.14519912 0.02788698 0.02546909
v 1.17651784 0.02666862 0.13879193
v 1.14401067 0.10036735 0.02950568
v 1.14459587 -0.04807934 0.07468164
v 1.16798535 0.10279452 0.08647411
v 1.15646914 -0.05068798 0.13160649
v 1.07810959 0.29092064 0.21715861
v 1.15646421 0.11512659 0.20698118
v 1.11635743 0.28246697 0.15836843
v 1.07366017 0.20967036 0.27355968
v 1.15581920 0.19393174 0.15324277
v 1.11343577 0.12043103 0.26839326
v 0.68737190 0.49841380 -0.66303956
v 0.81575568 0.41224393 -0.61102304
v 0.69503249 0.42853165 -0.67283205
v 0.69348866 0.52147933 -0.61340588
v 1.07758812 0.22765369 -0.49625505
v 0.89321386 0.30542921 -0.52585570
v 0.66008862 0.26545817 -0.64213035
v 0.80366987 0.33252304 -0.60492564
v 0.68373519 0.34768558 -0.66366458
v 0.74136978 0.37548999 -0.63090487
v 0.77052717 0.61486659 -0.57010338
v 0.84344640 0.45126723 -0.57957480
v 0.74952014 0.58168843 -0.60673451
v 0.78645577 0.49882077 -0.61153205
v 1.14263115 -0.20326508 -0.08999619
v 1.18672589 -0.10614223 -0.19644209
v 1.18762942 -0.25329675 -0.12994001
v 1.16813954 -0.13527891 -0.08826139
v 0.97477329 0.09800324 -0.34302714
v 1.14575369 0.00234293 -0.29248914
v 1.00837323 -0.28933202 -0.17604662
v 1.17352368 -0.14505216 -0.23270627
v 1.15515123 -0.28836845 -0.16339899
v 1.20191071 -0.20240849 -0.18483705
v 1.21192488 0.00965433 -0.08471057
v 1.14900578 -0.03049280 -0.18642741
v 1.20559195 -0.06470405 -0.08758157
v 1.14811967 -0.08183963 -0.13650800
v 0.70087275 -0.02900455 -0.68280916
v 0.81476680 0.02824477 -0.61300180
v 0.67143868 0.04813367 -0.65435556
v 0.68194045 -0.08548796 -0.57926293
v 1.07480785 0.14453861 -0.49567772
v 0.94298219 0.08507165 -0.55665008
v 0.96227978 0.18599364 -0.50242608
v 0.64193243 0.18642552 -0.62490070
v 0.81353688 0.10507367 -0.61357025
v 0.64565330 0.11791542 -0.62911686
v 0.76637904 0.23452794 -0.65504677
v 0.71616683 0.07359504 -0.61179202
v 0.83155065 -0.21694906 -0.53625376
v 0.84221784 -0.03448252 -0.55515156
v 0.73629557 -0.14577400 -0.54510732
v 0.78785168 -0.06239891 -0.58785970
v 0.89263668 0.29395124 -0.59300155
v 0.86569504 0.13256800 -0.57605592
v 0.90831849 0.23446110 -0.53559102
v 0.79667633 0.25398148 -0.59970614
v 0.93240441 0.16222857 -0.55022549
v 0.80122223 0.17922528 -0.60345905
v 0.77972074 0.67817552 -0.37914011
v 0.83835739 0.52409003 -0.38417752
v 0.86021175 0.73432584 -0.46954072
v 0.82113259 0.62315270 -0.33330903
v 0.97755468 0.23432131 -0.40483662
v 0.90260865 0.37993785 -0.39252307
v 1.04681639 0.31566535 -0.49377866
v 0.76683759 0.62724671 -0.51420245
v 0.93232519 0.56533785 -0.47695569
v 0.83916946 0.70192046 -0.50977281
v 0.80850526 0.55241225 -0.52326350
v 0.89735187 0.64890117 -0.47342594
v 0.98173357 0.56116561 -0.26658010
v 0.92952416 0.49925137 -0.35938543
v 0.97281684 0.64196154 -0.32558085
v 0.88132585 0.56606089 -0.34896748
v 0.87297060 0.38912992 -0.52798799
v 0.96995496 0.48091284 -0.48184339
v 0.98892063 0.36594328 -0.52922388
v 0.84418400 0.47236451 -0.52789779
v 1.00844322 0.39966000 -0.48785551
v 0.93720276 0.54664565 -0.53112726
v 0.97731539 -0.44956058 -0.32646490
v 1.00031344 -0.27090832 -0.35580721
v 0.98566455 -0.40657371 -0.28558935
v 0.95201550 -0.39686744 -0.38348471
v 1.08288310 0.07569988 -0.42741030
v 1.11962302 -0.10909969 -0.42046473
v 1.00698858 0.01923350 -0.34514013
v 1.05137246 0.04962378 -0.47413356
v 1.06736766 -0.34918506 -0.22565750
v 1.13174688 -0.26305657 -0.35390745
v 1.11851598 -0.41190154 -0.27836159
v 1.00492611 -0.24236186 -0.22409217
v 1.06485272 -0.34068206 -0.32125138
v 0.86035516 -0.27492819 -0.47737995
v 0.97802714 -0.21838192 -0.41246563
v 0.88494552 -0.32745537 -0.42162854
v 0.86772963 -0.18352249 -0.48939138
v 0.98526120 -0.31237507 -0.40630579
v 1.08655672 -0.08305942 -0.26728472
v 1.12587809 -0.16347814 -0.36411912
v 1.00360728 -0.02983337 -0.29414769
v 1.02178144 -0.16105713 -0.23962928
v 1.06682974 -0.06706425 -0.35550071
v 1.06008055 -0.20552325 -0.28912315
v 0.93360085 -0.00624711 -0.54126295
v 0.97859268 -0.12590816 -0.42233123
v 0.95383476 0.02070718 -0.48887973
v 0.89840305 -0.09613635 -0.51415188
v 1.00996075 -0.04109956 -0.44548959
v 0.97483327 -0.16344448 -0.48094085
v 1.09778773 0.29827769 -0.06678213
v 1.14951112 0.27476596 -0.17951956
v 1.12718175 0.22907418 -0.07094318
v 1.10800548 0.37655447 -0.11979257
v 0.98019975 0.16884538 -0.34401888
v 1.12651926 0.23255289 -0.28304586
v 1.09797140 0.13131522 -0.33085578
v 0.98629345 0.25260283 -0.35476165
v 1.18909918 0.08708063 -0.08031664
v 1.15682484 0.19841716 -0.18143642
v 1.15787821 0.15853281 -0.07543804
v 1.19602256 0.06684223 -0.13608367
v 1.17326115 0.21990525 -0.12940263
v 1.00897952 0.49116855 -0.21322119
v 1.08065124 0.33036807 -0.22253058
v 1.08626132 0.44712032 -0.17199532
v 1.01817556 0.47894215 -0.27090932
v 1.12402547 0.36239383 -0.17690047
v 1.17610063 0.02556789 -0.24490812
v 1.11278807 0.17204263 -0.22820434
v 1.17930845 0.08174329 -0.29917894
v 1.13868318 0.04408649 -0.18297182
v 1.16291917 0.16001436 -0.29350751
v 1.14898619 0.12055682 -0.18260034
v 0.96492729 0.41982198 -0.36398391
v 1.09145580 0.31499615 -0.28083184
v 0.98297508 0.33800377 -0.36217062
v 1.06309987 0.48170760 -0.34179198
v 1.12261419 0.30588077 -0.34503792
v 1.05482208 0.39672312 -0.27566931
v 0.43265837 -0.71451581 -0.43536971
v 0.44116108 -0.80801894 -0.32631658
v 0.33903982 -0.70853966 -0.39336677
v 0.48187262 -0.67072469 -0.39666306
v 0.44111575 -0.95374477 -0.11047416
v 0.42740407 -0.85454844 -0.20997985
v 0.20124053 -0.78193458 -0.35925534
v 0.37798519 -0.86394706 -0.31505000
v 0.25266222 -0.69671543 -0.35196064
v 0.36155577 -0.79175923 -0.35856627
v 0.68710508 -0.72287266 -0.39935676
v 0.48556833 -0.75512913 -0.29146259
v 0.55087451 -0.66079417 -0.37814832
v 0.47996570 -0.70832462 -0.34045335
v 0.35261656 -1.02255011 0.29673448
v 0.38386289 -1.03092484 0.20131262
v 0.47559470 -1.10629563 -0.00365803
v 0.45131312 -1.12738551 0.11134157
v -0.09220774 -0.87019185 -0.25844195
v 0.07079748 -1.01469398 -0.22407509
v -0.01919485 -0.83449528 -0.27917027
v 0.35946659 -0.96297368 -0.08597959
v 0.21459500 -0.94849598 -0.14513248
v 0.37059857 -0.95628440 -0.14202654
v 0.13726266 -0.88133105 -0.36507008
v 0.13976126 -0.92238420 -0.23439686
v 0.05574415 -0.86605928 -0.32368419
v 0.19824955 -0.79846556 -0.29438787
v 0.06428289 -0.95384541 -0.27915850
v 0.38448203 -0.91822245 -0.26001430
v 0.20530548 -0.87637245 -0.18987426
v 0.38108413 -0.94620305 -0.20163670
v 0.28156347 -0.83828585 -0.27246492
v 0.30895077 -0.99192690 -0.18066693
v 0.19838213 -0.82463912 -0.23760320
v 0.86568992 -0.58730146 -0.26753366
v 0.78874408 -0.74752223 -0.21943974
v 0.82942262 -0.62176538 -0.29982647
v 0.56471225 -1.04274892 -0.09901521
v 0.60869017 -0.79619045 -0.14424308
v 0.55832742 -0.99214088 -0.15586075
v 0.67338237 -0.62606809 -0.33158626
v 0.67223128 -0.70762558 -0.22578148
v 0.73691344 -0.61354817 -0.31107850
v 0.68561645 -0.76701940 -0.33730109
v 0.77391016 -0.68963496 -0.27035097
v 0.50550860 -0.82522819 -0.24699427
v 0.62447886 -0.78065887 -0.19978209
v 0.53338831 -0.90975061 -0.20479838
v 0.62085545 -0.83709438 -0.30470568
v 0.62527932 -0.92696462 -0.18863694
v 0.65724419 -0.77864549 -0.26597028
v 0.53297180 -0.27026366 0.65238349
v 0.56528485 -0.43370057 0.68012027
v 0.49058059 -0.31869059 0.71367279
v 0.60959320 -0.28646162 0.63338566
v 0.48504521 -0.62618387 0.56316705
v 0.55749717 -0.57152079 0.65919623
v 0.30347751 -0.33913875 0.66951813
v 0.49571859 -0.46967363 0.70826989
v 0.41334519 -0.34854661 0.73003026
v 0.50219368 -0.40168328 0.72377107
v 0.76564335 -0.31935130 0.58812700
v 0.61184894 -0.42999451 0.62503697
v 0.69572197 -0.30660151 0.61919471
v 0.60516118 -0.35557138 0.62359357
v 0.39007249 -1.06734692 0.40759742
v 0.44286961 -1.00539685 0.47935280
v 0.54955637 -0.86615084 0.62547843
v 0.46858910 -0.88810265 0.52130757
v 0.03198621 -0.49268246 0.79657199
v 0.17785998 -0.57089727 0.74257372
v 0.10522811 -0.45082768 0.76224743
v 0.47550358 -0.74792147 0.66203143
v 0.34794433 -0.70733181 0.75651955
v 0.43805981 -0.61821480 0.61338142
v 0.25488392 -0.40029331 0.74605337
v 0.27508159 -0.59278755 0.79814250
v 0.19619046 -0.46344963 0.82172704
v 0.30490952 -0.40952108 0.67002120
v 0.18817824 -0.52357805 0.78627798
v 0.46354143 -0.51154577 0.65776508
v 0.34836703 -0.62531815 0.75662849
v 0.43243768 -0.54246145 0.60929492
v 0.37397670 -0.44900572 0.64938870
v 0.39714031 -0.62398840 0.68337906
v 0.32457587 -0.50960723 0.70968997
v 0.94815019 -0.33622887 0.40110846
v 0.87792647 -0.48415736 0.48817850
v 0.90586846 -0.33235654 0.44680915
v 0.54843160 -0.64298115 0.53505009
v 0.74806365 -0.60357844 0.54504670
v 0.60617732 -0.63879191 0.59897415
v 0.81957057 -0.32575480 0.54170530
v 0.81627725 -0.47213670 0.52588884
v 0.86307544 -0.32885941 0.49384751
v 0.76483808 -0.39393345 0.58004324
v 0.88508743 -0.41301258 0.49941160
v 0.63385239 -0.52083790 0.64039869
v 0.72856987 -0.51876926 0.53944377
v 0.64294543 -0.60220865 0.64283630
v 0.67111171 -0.43916779 0.58600504
v 0.70292179 -0.60826771 0.59837526
v 0.74363702 -0.45622736 0.55700019
v -0.58446345 -0.62019288 0.70791301
v -0.45963330 -0.72448364 0.68620978
v -0.48783227 -0.58079897 0.69332127
v -0.57909689 -0.62339612 0.63865301
v -0.20945036 -0.89341443 0.62078633
v -0.32225318 -0.78502887 0.63266275
v -0.38895986 -0.62308363 0.81018022
v -0.36813274 -0.67596104 0.66812914
v -0.41870830 -0.57087977 0.71169879
v -0.42367030 -0.62452581 0.67526708
v -0.63657058 -0.70424004 0.58247548
v -0.49936477 -0.78258588 0.67112396
v -0.56840212 -0.62057391 0.57094618
v -0.54529338 -0.70766245 0.66076588
v 0.27886110 -1.01571038 0.37963835
v 0.16249509 -1.01039626 0.45013825
v 0.32822410 -1.06676685 0.44634631
v -0.09200673 -1.05365903 0.63434707
v 0.04576580 -1.08977702 0.56719184
v 0.37125155 -0.97910615 0.50591828
v 0.18857628 -0.98796429 0.48742839
v 0.34605649 -1.01034652 0.47094091
v 0.25850084 -1.03646344 0.47231611
v -0.05792819 -0.50164961 0.77064742
v -0.08917610 -0.66610818 0.76737517
v -0.13506823 -0.53232319 0.78429708
v 0.01670716 -0.57192035 0.78883936
v -0.15081130 -0.97639474 0.70525985
v -0.10639633 -0.72987680 0.65954071
v -0.21640491 -0.92029596 0.71496717
v -0.27143513 -0.53845031 0.73042372
v -0.15279125 -0.63111700 0.70157450
v -0.20189711 -0.52648744 0.74417944
v -0.31863364 -0.67389012 0.79151333
v -0.14910296 -0.60403921 0.76715007
v 0.16475439 -0.65016012 0.73611729
v -0.01232817 -0.70101383 0.73789803
v 0.09409820 -0.62418564 0.77771648
v 0.00165285 -0.62330594 0.74583290
v -0.31815149 -0.74884595 0.67883028
v -0.16880137 -0.70709392 0.69189437
v -0.27142884 -0.83511578 0.69984600
v -0.33448189 -0.74850104 0.76912899
v -0.20114189 -0.85032633 0.74029120
v -0.24046652 -0.69539616 0.74308991
v -0.69761959 -0.81404890 0.42206347
v -0.60261582 -0.95224490 0.53286648
v -0.67188634 -0.77396785 0.45447922
v -0.22629921 -0.90865261 0.57244294
v -0.38780839 -0.89263202 0.53199131
v -0.29503727 -0.89455656 0.60617288
v -0.71469351 -0.80232477 0.59256032
v -0.54621354 -0.85877023 0.53666431
v -0.70005494 -0.79597015 0.52586206
v -0.55413697 -0.72869289 0.55132253
v -0.66247627 -0.88644930 0.53774580
v -0.43741479 -0.84200373 0.66382827
v -0.43128450 -0.81733819 0.52567652
v -0.36795814 -0.87674051 0.64031464
v -0.48834377 -0.76688839 0.59293943
v -0.39614839 -0.92653943 0.61189073
v -0.48422539 -0.76133741 0.52967302
v 0.47717636 -0.84781081 0.66037767
v 0.29098762 -0.89058918 0.65512792
v 0.43118305 -0.84552963 0.59409660
v 0.39657477 -0.79672160 0.68114387
v -0.06582881 -0.98624370 0.65430574
v 0.11299164 -0.92863946 0.64818638
v 0.00155971 -0.96074921 0.59364749
v -0.04859628 -0.83922415 0.62158907
v 0.40764803 -0.97130899 0.55775430
v 0.26446860 -0.91178774 0.60823253
v 0.41090266 -0.88851137 0.56389858
v 0.30342788 -0.95505788 0.53470195
v 0.35452144 -0.89646131 0.61344890
v 0.23659929 -0.68189659 0.70048757
v 0.21832674 -0.85052343 0.68362811
v 0.31273263 -0.73433311 0.68852934
v 0.15771505 -0.74829359 0.74288102
v 0.29463998 -0.79273542 0.65632051
v 0.12184577 -0.94656359 0.50567334
v 0.17729553 -0.94498060 0.61421106
v 0.06271305 -0.93847107 0.53939421
v 0.22445956 -1.01642672 0.55552946
v 0.08577840 -0.91941224 0.58279156
v 0.23987397 -0.94522995 0.57131870
v -0.02687287 -0.78310104 0.72712521
v 0.12179311 -0.84664627 0.66090685
v -0.03738632 -0.79261156 0.65668066
v 0.06159830 -0.73644391 0.70685242
v 0.03639619 -0.87323873 0.66379657
v 0.13824950 -0.79133565 0.69420339
v -0.61077127 -0.80849198 0.00874003
v -0.51746233 -0.92941909 0.06569761
v -0.55756483 -0.82847215 -0.02474943
v -0.63257425 -0.82151614 0.05956393
v -0.27704809 -1.11996834 0.18359011
v -0.40770176 -1.04081140 0.12533930
v -0.44916940 -0.87329269 -0.09327947
v -0.45847497 -0.94626551 0.03132152
v -0.50501211 -0.85254415 -0.05892048
v -0.51593721 -0.89946457 0.00308783
v -0.67876769 -0.85200086 0.16479754
v -0.53608396 -0.93906843 0.11855691
v -0.65704870 -0.83844501 0.11197430
v -0.59320908 -0.89229875 0.08994429
v 0.27557029 -1.04526875 0.33231446
v 0.15147315 -1.12038956 0.31283057
v 0.30683654 -1.10503308 0.29929286
v 0.22850054 -1.09776858 0.38734543
v -0.11965658 -1.03748244 0.21135129
v 0.01239424 -1.18028659 0.28520128
v 0.36498981 -1.19853001 0.21198485
v 0.16183543 -1.08715814 0.25324553
v 0.33987836 -1.16693450 0.26104404
v 0.25673933 -1.20964032 0.30443185
v 0.11100140 -1.17497636 0.49747726
v 0.08614284 -1.08013877 0.33832682
v 0.17454056 -1.15160187 0.44688988
v 0.17189619 -1.20177238 0.39979868
v -0.18301018 -0.90964086 -0.23052743
v -0.19006593 -0.97898077 -0.10414286
v -0.25108669 -0.89923546 -0.19543125
v -0.09738126 -0.90573509 -0.19594554
v -0.21403056 -1.17085356 0.15286650
v -0.19231144 -1.02199024 0.01874259
v -0.26176235 -1.04332567 0.11356921
v -0.38280176 -0.88299880 -0.12790277
v -0.26653124 -1.00444779 -0.07380156
v -0.31623057 -0.88596955 -0.16042378
v -0.38943946 -0.92355967 -0.06571789
v -0.26066200 -0.95931588 -0.13607141
v 0.06308265 -1.04201437 -0.15466474
v -0.10907133 -1.00407853 -0.07714573
v -0.02005060 -0.98826209 -0.17917588
v -0.10232450 -0.94441558 -0.13516762
v -0.40662868 -1.01931178 0.06206278
v -0.26496939 -1.02025006 -0.00814503
v -0.33409775 -1.03421998 0.08857056
v -0.39736807 -0.96884849 -0.00264321
v -0.25933481 -1.01695721 0.05245197
v -0.33519249 -0.99498409 -0.03810029
v -0.72504245 -0.85937542 0.37873698
v -0.57738434 -0.94306274 0.33121743
v -0.71285272 -0.85641353 0.32361092
v -0.62600018 -0.85671354 0.39824177
v -0.29948664 -1.16292878 0.24892231
v -0.42307788 -1.00059008 0.27813265
v -0.33962033 -1.03610550 0.20108448
v -0.69107097 -0.85441141 0.21860327
v -0.58847986 -0.97459183 0.28808065
v -0.69813150 -0.85055392 0.26884706
v -0.62238978 -0.90195699 0.19612692
v -0.65622081 -0.92263368 0.30855139
v -0.52021734 -0.98792196 0.50098612
v -0.50108288 -0.96772528 0.36348982
v -0.58489065 -0.93588157 0.45572532
v -0.55765446 -0.90219049 0.37664018
v -0.48741937 -1.01181964 0.15287452
v -0.50205880 -0.99826354 0.25835228
v -0.41337617 -1.02686809 0.17768246
v -0.55479039 -0.95424991 0.17430532
v -0.41395980 -1.00261804 0.22625620
v -0.57610562 -0.97264297 0.23269503
v 0.35443643 -0.99269957 -0.02343141
v 0.21934427 -1.12786023 0.04427895
v 0.36019465 -1.04770795 0.02986217
v 0.30228414 -1.05455087 -0.05685062
v -0.11362982 -1.08224958 0.16781763
v 0.04616193 -1.06906815 0.10451817
v -0.04350818 -1.04959932 0.18349941
v -0.12325314 -1.15657589 0.11736929
v 0.37478633 -1.17978116 0.15026727
v 0.20603686 -1.11821538 0.09870778
v 0.37041433 -1.12013118 0.08841372
v 0.26337475 -1.10614578 0.17349076
v 0.27276304 -1.04115277 0.06144893
v 0.13096565 -0.92949916 -0.10715624
v 0.13285376 -1.06133061 0.01161078
v 0.22201951 -1.03548580 -0.08753008
v 0.05694197 -1.02563899 -0.08250039
v 0.22485521 -1.10305846 -0.02260248
v 0.09566969 -1.14081943 0.24313642
v 0.12423748 -1.16788830 0.13764957
v 0.02530604 -1.16949351 0.22718395
v 0.17273179 -1.07851502 0.19998552
v 0.03661012 -1.12670214 0.16472887
v 0.18841739 -1.09598269 0.15024417
v -0.11842157 -1.09261245 -0.01344276
v 0.04521773 -1.00711904 0.04295517
v -0.12507888 -1.16154682 0.05296014
v -0.03120396 -1.12460418 -0.05177141
v -0.03219123 -1.05515125 0.07607331
v 0.05020717 -0.99841025 -0.01672318
v -0.15260783 -0.94567875 0.54650518
v -0.18243002 -1.09060164 0.49588818
v -0.09373748 -1.00561249 0.54009875
v -0.24959884 -1.00337192 0.56348636
v -0.19103929 -1.07507100 0.25482874
v -0.18089888 -1.04801163 0.35974296
v -0.11769006 -1.04272006 0.26688261
v -0.29084901 -1.14103387 0.30575327
v 0.03762249 -1.14851423 0.52925195
v -0.11181532 -1.08873931 0.45598544
v -0.03073659 -1.08293039 0.53932226
v 0.02895084 -1.08440645 0.43699195
v -0.09896116 -1.00668088 0.47928076
v -0.37788538 -0.88231079 0.46481123
v -0.25612303 -1.02525880 0.44883515
v -0.33254980 -0.98405773 0.53582644
v -0.41869757 -0.98153049 0.45213613
v -0.26345044 -1.05777537 0.52627121
v 0.01587899 -1.13342003 0.33282413
v -0.12211643 -1.14504264 0.41456051
v -0.05667535 -1.16189096 0.31933408
v 0.02176170 -1.06451479 0.36968151
v -0.12227156 -1.11196823 0.34331779
v -0.04356602 -1.07446967 0.41100215
v -0.44769403 -1.06207732 0.35667172
v -0.24609847 -0.98010379 0.37040540
v -0.38254521 -1.13767064 0.34236185
v -0.46029152 -1.08481268 0.43053896
v -0.26134308 -1.03390082 0.33364850
v -0.32277341 -0.96382184 0.40252085
v 1.12338486 -0.32501570 -0.01126272
v 1.12671527 -0.48576490 0.04905162
v 1.16737056 -0.38145280 -0.04706429
v 1.13651618 -0.33532590 0.04110465
v 0.85487255 -0.66047986 0.14746737
v 1.04784918 -0.61699365 0.10802235
v 0.99042940 -0.40284333 -0.10264132
v 1.11315628 -0.52693181 0.01424699
v 1.13505831 -0.41547478 -0.08120210
v 1.16075521 -0.46275507 -0.01647657
v 1.15421944 -0.35538596 0.15135304
v 1.07900440 -0.47331624 0.09993687
v 1.16053889 -0.34970637 0.09672323
v 1.09762890 -0.40124044 0.07004156
v 0.43913773 -1.07189700 0.35244627
v 0.58950591 -1.01899519 0.31452815
v 0.45677179 -1.07868774 0.30185393
v 0.45142014 -1.00982806 0.37685728
v 0.89954915 -0.89860747 0.23207354
v 0.70113180 -0.90966753 0.25992093
v 0.45799844 -1.01294919 0.18458787
v 0.59307615 -0.99967709 0.25657919
v 0.46194698 -1.05533004 0.24363509
v 0.51975096 -1.02645410 0.27570187
v 0.51871258 -0.97809369 0.46002937
v 0.61606638 -0.98712181 0.35060009
v 0.49651185 -1.01882315 0.42828150
v 0.54582427 -1.02339614 0.37285250
v 0.95693931 -0.57845812 -0.24310967
v 0.94169384 -0.64173151 -0.11600393
v 0.96604966 -0.53065608 -0.20534798
v 0.91122991 -0.65487404 -0.21663745
v 0.94579113 -0.79153365 0.13341075
v 1.01527199 -0.76921653 0.00641847
v 0.89945711 -0.66100255 0.09475372
v 1.04766665 -0.47381213 -0.14506389
v 1.06799931 -0.66631889 -0.09312648
v 1.09715949 -0.54700112 -0.19099563
v 0.96876976 -0.47108425 -0.07618238
v 1.02369234 -0.60105956 -0.15287092
v 0.78136453 -0.77461704 -0.15424205
v 0.89900798 -0.71825123 -0.08921103
v 0.82609168 -0.69976040 -0.18086698
v 0.92380715 -0.70112881 -0.15490721
v 1.01079920 -0.56229580 0.04262701
v 1.04269210 -0.68970649 -0.02381870
v 0.91548990 -0.58725736 0.06632628
v 0.96756096 -0.50405184 -0.01782206
v 0.97038783 -0.67714859 0.03902756
v 1.00207917 -0.57243560 -0.05184892
v 0.99677238 -0.34073786 0.34645531
v 1.02735031 -0.49801420 0.32022056
v 1.03651575 -0.34447214 0.29995674
v 0.98180895 -0.42175533 0.39645701
v 0.84748255 -0.67071368 0.19890570
v 0.99078572 -0.62608730 0.27221807
v 0.97088667 -0.67261328 0.18902729
v 1.11944232 -0.35356345 0.20463830
v 1.04743525 -0.49357317 0.26605866
v 1.07768534 -0.34876129 0.25261801
v 1.11800603 -0.42668453 0.18306934
v 1.07049178 -0.43020608 0.29101022
v 0.84619428 -0.53859874 0.45270690
v 0.94188253 -0.54747240 0.34514975
v 0.93741542 -0.49446776 0.43690920
v 0.98783398 -0.49914333 0.38023686
v 1.08313866 -0.56250253 0.13538422
v 0.99961143 -0.54390433 0.23478298
v 1.06500241 -0.64134817 0.16842857
v 1.05663887 -0.47491970 0.15265819
v 1.03657817 -0.63920938 0.22333310
v 1.05326929 -0.48494116 0.20896202
v 0.54066185 -1.04248670 -0.02741231
v 0.65554923 -0.97895362 0.03833148
v 0.50458078 -1.00739694 0.02823312
v 0.55395695 -0.89510201 -0.05570315
v 0.91156960 -0.88809433 0.17210352
v 0.78155853 -0.93608234 0.10370798
v 0.79389970 -0.87916621 0.18638962
v 0.91005510 -0.84433927 0.10397289
v 0.45790346 -0.97772794 0.12793202
v 0.64075064 -0.98795917 0.09327030
v 0.47265060 -0.97648669 0.07860917
v 0.56365611 -1.04788216 0.17425994
v 0.55235283 -0.96268008 0.05834456
v 0.73094430 -0.85337733 -0.12468945
v 0.70527767 -0.90075580 0.00504852
v 0.62434307 -0.85397713 -0.08712777
v 0.76994004 -0.80213208 -0.08935002
v 0.65066945 -0.93020345 -0.02666940
v 0.68850752 -0.99735453 0.24205779
v 0.69430249 -0.95164844 0.12508326
v 0.72617761 -0.91774844 0.20951782
v 0.60118681 -0.98267060 0.20000984
v 0.75911592 -0.93398143 0.15866966
v 0.61792667 -0.98028872 0.14637342
v 0.88125192 -0.74167854 -0.02412593
v 0.79173209 -0.90369826 0.03909918
v 0.89188454 -0.78804084 0.03754108
v 0.87191075 -0.81452463 -0.05990148
v 0.81757999 -0.84123034 0.06851651
v 0.77911145 -0.85076608 -0.02614926
v 0.55654612 -0.73361042 0.53383113
v 0.63932760 -0.73495750 0.43002112
v 0.60568212 -0.87580955 0.57169880
v 0.61592176 -0.67499570 0.50617528
v 0.82067241 -0.75810421 0.23694337
v 0.72510888 -0.74291244 0.33359977
v 0.85481627 -0.89891304 0.29166276
v 0.83642651 -0.69544423 0.25831975
v 0.52468831 -0.90457149 0.47639105
v 0.70363284 -0.88135287 0.45858772
v 0.58255645 -0.92139425 0.53998949
v 0.57627905 -0.91663334 0.42673631
v 0.65583281 -0.87893034 0.51458945
v 0.79632999 -0.61168358 0.49187595
v 0.73717689 -0.71752307 0.42747612
v 0.76113751 -0.69710609 0.54036504
v 0.84514946 -0.61560802 0.43691246
v 0.68095503 -0.70146995 0.47071713
v 0.66638552 -0.91771180 0.31711812
v 0.75387201 -0.88601180 0.40211703
v 0.78248787 -0.93993492 0.31525914
v 0.62391341 -0.92105072 0.37319352
v 0.80414986 -0.89268454 0.34787558
v 0.70027841 -0.95212007 0.43809192
v 0.94281914 -0.62526827 0.32721670
v 0.78444329 -0.72190632 0.37434694
v 0.96113058 -0.71565247 0.31556540
v 0.89407590 -0.62014522 0.38191732
v 0.81666598 -0.71405512 0.31817297
v 0.87330649 -0.71891116 0.43462205
f 1 2103 759
f 2103 533 2105
f 759 2105 197
f 2103 2105 759
f 533 2104 2112
f 2104 138 2110
f 2112 2110 535
f 2104 2110 2112
f 197 2111 760
f 2111 535 2109
f 760 2109 54
f 2111 2109 760
f 533 2112 2105
f 2112 535 2111
f 2105 2111 197
f 2112 2111 2105
f 138 2108 2132
f 2108 534 2134
f 2132 2134 542
f 2108 2134 2132
f 534 2107 2126
f 2107 38 2124
f 2126 2124 540
f 2107 2124 2126
f 542 2136 2133
f 2136 540 2125
f 2133 2125 140
f 2136 2125 2133
f 534 2126 2134
f 2126 540 2136
f 2134 2136 542
f 2126 2136 2134
f 54 2127 763
f 2127 541 2129
f 763 2129 198
f 2127 2129 763
f 541 2128 2131
f 2128 140 2122
f 2131 2122 539
f 2128 2122 2131
f 198 2123 762
f 2123 539 2121
f 762 2121 17
f 2123 2121 762
f 541 2131 2129
f 2131 539 2123
f 2129 2123 198
f 2131 2123 2129
f 138 2132 2110
f 2132 542 2135
f 2110 2135 535
f 2132 2135 2110
f 542 2133 2137
f 2133 140 2128
f 2137 2128 541
f 2133 2128 2137
f 535 2130 2109
f 2130 541 2127
f 2109 2127 54
f 2130 2127 2109
f 542 2137 2135
f 2137 541 2130
f 2135 2130 535
f 2137 2130 2135
f 38 2119 2371
f 2119 538 2373
f 2371 2373 601
f 2119 2373 2371
f 538 2120 2381
f 2120 139 2379
f 2381 2379 603
f 2120 2379 2381
f 601 2383 2372
f 2383 603 2380
f 2372 2380 155
f 2383 2380 2372
f 538 2381 2373
f 2381 603 2383
f 2373 2383 601
f 2381 2383 2373
f 139 2118 2319
f 2118 537 2321
f 2319 2321 589
f 2118 2321 2319
f 537 2117 2315
f 2117 12 2313
f 2315 2313 587
f 2117 2313 2315
f 589 2322 2320
f 2322 587 2314
f 2320 2314 152
f 2322 2314 2320
f 537 2315 2321
f 2315 587 2322
f 2321 2322 589
f 2315 2322 2321
f 155 2390 2376
f 2390 605 2393
f 2376 2393 602
f 2390 2393 2376
f 605 2389 2391
f 2389 152 2318
f 2391 2318 588
f 2389 2318 2391
f 602 2377 2375
f 2377 588 2317
f 2375 2317 41
f 2377 2317 2375
f 605 2391 2393
f 2391 588 2377
f 2393 2377 602
f 2391 2377 2393
f 139 2319 2379
f 2319 589 2382
f 2379 2382 603
f 2319 2382 2379
f 589 2320 2392
f 2320 152 2389
f 2392 2389 605
f 2320 2389 2392
f 603 2394 2380
f 2394 605 2390
f 2380 2390 155
f 2394 2390 2380
f 589 2392 2382
f 2392 605 2394
f 2382 2394 603
f 2392 2394 2382
f 17 2327 770
f 2327 591 2329
f 770 2329 201
f 2327 2329 770
f 591 2328 2338
f 2328 153 2335
f 2338 2335 593
f 2328 2335 2338
f 201 2336 771
f 2336 593 2334
f 771 2334 55
f 2336 2334 771
f 591 2338 2329
f 2338 593 2336
f 2329 2336 201
f 2338 2336 2329
f 153 2332 2344
f 2332 592 2347
f 2344 2347 595
f 2332 2347 2344
f 592 2331 2333
f 2331 41 2303
f 2333 2303 584
f 2331 2303 2333
f 595 2345 2343
f 2345 584 2304
f 2343 2304 151
f 2345 2304 2343
f 592 2333 2347
f 2333 584 2345
f 2347 2345 595
f 2333 2345 2347
f 55 2305 769
f 2305 585 2307
f 769 2307 200
f 2305 2307 769
f 585 2306 2308
f 2306 151 2300
f 2308 2300 583
f 2306 2300 2308
f 200 2301 768
f 2301 583 2299
f 768 2299 6
f 2301 2299 768
f 585 2308 2307
f 2308 583 2301
f 2307 2301 200
f 2308 2301 2307
f 153 2344 2335
f 2344 595 2348
f 2335 2348 593
f 2344 2348 2335
f 595 2343 2346
f 2343 151 2306
f 2346 2306 585
f 2343 2306 2346
f 593 2337 2334
f 2337 585 2305
f 2334 2305 55
f 2337 2305 2334
f 595 2346 2348
f 2346 585 2337
f 2348 2337 593
f 2346 2337 2348
f 38 2371 2124
f 2371 601 2374
f 2124 2374 540
f 2371 2374 2124
f 601 2372 2388
f 2372 155 2385
f 2388 2385 604
f 2372 2385 2388
f 540 2386 2125
f 2386 604 2384
f 2125 2384 140
f 2386 2384 2125
f 601 2388 2374
f 2388 604 2386
f 2374 2386 540
f 2388 2386 2374
f 155 2376 2396
f 2376 602 2399
f 2396 2399 606
f 2376 2399 2396
f 602 2375 2378
f 2375 41 2331
f 2378 2331 592
f 2375 2331 2378
f 606 2397 2395
f 2397 592 2332
f 2395 2332 153
f 2397 2332 2395
f 602 2378 2399
f 2378 592 2397
f 2399 2397 606
f 2378 2397 2399
f 140 2339 2122
f 2339 594 2341
f 2122 2341 539
f 2339 2341 2122
f 594 2340 2342
f 2340 153 2328
f 2342 2328 591
f 2340 2328 2342
f 539 2330 2121
f 2330 591 2327
f 2121 2327 17
f 2330 2327 2121
f 594 2342 2341
f 2342 591 2330
f 2341 2330 539
f 2342 2330 2341
f 155 2396 2385
f 2396 606 2400
f 2385 2400 604
f 2396 2400 2385
f 606 2395 2398
f 2395 153 2340
f 2398 2340 594
f 2395 2340 2398
f 604 2387 2384
f 2387 594 2339
f 2384 2339 140
f 2387 2339 2384
f 606 2398 2400
f 2398 594 2387
f 2400 2387 604
f 2398 2387 2400
f 1 759 643
f 759 197 761
f 643 761 163
f 759 761 643
f 197 760 767
f 760 54 765
f 767 765 199
f 760 765 767
f 163 766 644
f 766 199 764
f 644 764 43
f 766 764 644
f 197 767 761
f 767 199 766
f 761 766 163
f 767 766 761
f 54 763 783
f 763 198 785
f 783 785 205
f 763 785 783
f 198 762 777
f 762 17 775
f 777 775 203
f 762 775 777
f 205 787 784
f 787 203 776
f 784 776 56
f 787 776 784
f 198 777 785
f 777 203 787
f 785 787 205
f 777 787 785
f 43 778 646
f 778 204 780
f 646 780 164
f 778 780 646
f 204 779 782
f 779 56 773
f 782 773 202
f 779 773 782
f 164 774 645
f 774 202 772
f 645 772 13
f 774 772 645
f 204 782 780
f 782 202 774
f 780 774 164
f 782 774 780
f 54 783 765
f 783 205 786
f 765 786 199
f 783 786 765
f 205 784 788
f 784 56 779
f 788 779 204
f 784 779 788
f 199 781 764
f 781 204 778
f 764 778 43
f 781 778 764
f 205 788 786
f 788 204 781
f 786 781 199
f 788 781 786
f 17 770 829
f 770 201 831
f 829 831 217
f 770 831 829
f 201 771 839
f 771 55 837
f 839 837 219
f 771 837 839
f 217 841 830
f 841 219 838
f 830 838 60
f 841 838 830
f 201 839 831
f 839 219 841
f 831 841 217
f 839 841 831
f 55 769 803
f 769 200 805
f 803 805 211
f 769 805 803
f 200 768 800
f 768 6 798
f 800 798 209
f 768 798 800
f 211 806 804
f 806 209 799
f 804 799 58
f 806 799 804
f 200 800 805
f 800 209 806
f 805 806 211
f 800 806 805
f 60 848 834
f 848 221 851
f 834 851 218
f 848 851 834
f 221 847 849
f 847 58 802
f 849 802 210
f 847 802 849
f 218 835 833
f 835 210 801
f 833 801 18
f 835 801 833
f 221 849 851
f 849 210 835
f 851 835 218
f 849 835 851
f 55 803 837
f 803 211 840
f 837 840 219
f 803 840 837
f 211 804 850
f 804 58 847
f 850 847 221
f 804 847 850
f 219 852 838
f 852 221 848
f 838 848 60
f 852 848 838
f 211 850 840
f 850 221 852
f 840 852 219
f 850 852 840
f 13 807 649
f 807 212 809
f 649 809 166
f 807 809 649
f 212 808 818
f 808 59 815
f 818 815 214
f 808 815 818
f 166 816 650
f 816 214 814
f 650 814 44
f 816 814 650
f 212 818 809
f 818 214 816
f 809 816 166
f 818 816 809
f 59 812 824
f 812 213 827
f 824 827 216
f 812 827 824
f 213 811 813
f 811 18 792
f 813 792 207
f 811 792 813
f 216 825 823
f 825 207 793
f 823 793 57
f 825 793 823
f 213 813 827
f 813 207 825
f 827 825 216
f 813 825 827
f 44 794 648
f 794 208 796
f 648 796 165
f 794 796 648
f 208 795 797
f 795 57 790
f 797 790 206
f 795 790 797
f 165 791 647
f 791 206 789
f 647 789 2
f 791 789 647
f 208 797 796
f 797 206 791
f 796 791 165
f 797 791 796
f 59 824 815
f 824 216 828
f 815 828 214
f 824 828 815
f 216 823 826
f 823 57 795
f 826 795 208
f 823 795 826
f 214 817 814
f 817 208 794
f 814 794 44
f 817 794 814
f 216 826 828
f 826 208 817
f 828 817 214
f 826 817 828
f 17 829 775
f 829 217 832
f 775 832 203
f 829 832 775
f 217 830 846
f 830 60 843
f 846 843 220
f 830 843 846
f 203 844 776
f 844 220 842
f 776 842 56
f 844 842 776
f 217 846 832
f 846 220 844
f 832 844 203
f 846 844 832
f 60 834 854
f 834 218 857
f 854 857 222
f 834 857 854
f 218 833 836
f 833 18 811
f 836 811 213
f 833 811 836
f 222 855 853
f 855 213 812
f 853 812 59
f 855 812 853
f 218 836 857
f 836 213 855
f 857 855 222
f 836 855 857
f 56 819 773
f 819 215 821
f 773 821 202
f 819 821 773
f 215 820 822
f 820 59 808
f 822 808 212
f 820 808 822
f 202 810 772
f 810 212 807
f 772 807 13
f 810 807 772
f 215 822 821
f 822 212 810
f 821 810 202
f 822 810 821
f 60 854 843
f 854 222 858
f 843 858 220
f 854 858 843
f 222 853 856
f 853 59 820
f 856 820 215
f 853 820 856
f 220 845 842
f 845 215 819
f 842 819 56
f 845 819 842
f 222 856 858
f 856 215 845
f 858 845 220
f 856 845 858
f 1 643 967
f 643 163 969
f 967 969 253
f 643 969 967
f 163 644 974
f 644 43 972
f 974 972 255
f 644 972 974
f 253 975 968
f 975 255 973
f 968 973 70
f 975 973 968
f 163 974 969
f 974 255 975
f 969 975 253
f 974 975 969
f 43 646 986
f 646 164 988
f 986 988 260
f 646 988 986
f 164 645 982
f 645 13 980
f 982 980 258
f 645 980 982
f 260 990 987
f 990 258 981
f 987 981 72
f 990 981 987
f 164 982 988
f 982 258 990
f 988 990 260
f 982 990 988
f 70 991 971
f 991 261 993
f 971 993 254
f 991 993 971
f 261 992 995
f 992 72 984
f 995 984 259
f 992 984 995
f 254 985 970
f 985 259 983
f 970 983 22
f 985 983 970
f 261 995 993
f 995 259 985
f 993 985 254
f 995 985 993
f 43 986 972
f 986 260 989
f 972 989 255
f 986 989 972
f 260 987 996
f 987 72 992
f 996 992 261
f 987 992 996
f 255 994 973
f 994 261 991
f 973 991 70
f 994 991 973
f 260 996 989
f 996 261 994
f 989 994 255
f 996 994 989
f 13 649 1015
f 649 166 1017
f 1015 1017 268
f 649 1017 1015
f 166 650 1024
f 650 44 1022
f 1024 1022 270
f 650 1022 1024
f 268 1026 1016
f 1026 270 1023
f 1016 1023 75
f 1026 1023 1016
f 166 1024 1017
f 1024 270 1026
f 1017 1026 268
f 1024 1026 1017
f 44 648 1002
f 648 165 1004
f 1002 1004 264
f 648 1004 1002
f 165 647 999
f 647 2 997
f 999 997 262
f 647 997 999
f 264 1005 1003
f 1005 262 998
f 1003 998 73
f 1005 998 1003
f 165 999 1004
f 999 262 1005
f 1004 1005 264
f 999 1005 1004
f 75 1032 1020
f 1032 272 1035
f 1020 1035 269
f 1032 1035 1020
f 272 1031 1033
f 1031 73 1001
f 1033 1001 263
f 1031 1001 1033
f 269 1021 1019
f 1021 263 1000
f 1019 1000 23
f 1021 1000 1019
f 272 1033 1035
f 1033 263 1021
f 1035 1021 269
f 1033 1021 1035
f 44 1002 1022
f 1002 264 1025
f 1022 1025 270
f 1002 1025 1022
f 264 1003 1034
f 1003 73 1031
f 1034 1031 272
f 1003 1031 1034
f 270 1036 1023
f 1036 272 1032
f 1023 1032 75
f 1036 1032 1023
f 264 1034 1025
f 1034 272 1036
f 1025 1036 270
f 1034 1036 1025
f 22 1037 978
f 1037 273 1039
f 978 1039 257
f 1037 1039 978
f 273 1038 1049
f 1038 76 1046
f 1049 1046 275
f 1038 1046 1049
f 257 1047 979
f 1047 275 1045
f 979 1045 71
f 1047 1045 979
f 273 1049 1039
f 1049 275 1047
f 1039 1047 257
f 1049 1047 1039
f 76 1042 1056
f 1042 274 1059
f 1056 1059 277
f 1042 1059 1056
f 274 1041 1043
f 1041 23 1009
f 1043 1009 266
f 1041 1009 1043
f 277 1057 1055
f 1057 266 1010
f 1055 1010 74
f 1057 1010 1055
f 274 1043 1059
f 1043 266 1057
f 1059 1057 277
f 1043 1057 1059
f 71 1011 977
f 1011 267 1013
f 977 1013 256
f 1011 1013 977
f 267 1012 1014
f 1012 74 1007
f 1014 1007 265
f 1012 1007 1014
f 256 1008 976
f 1008 265 1006
f 976 1006 8
f 1008 1006 976
f 267 1014 1013
f 1014 265 1008
f 1013 1008 256
f 1014 1008 1013
f 76 1056 1046
f 1056 277 1060
f 1046 1060 275
f 1056 1060 1046
f 277 1055 1058
f 1055 74 1012
f 1058 1012 267
f 1055 1012 1058
f 275 1048 1045
f 1048 267 1011
f 1045 1011 71
f 1048 1011 1045
f 277 1058 1060
f 1058 267 1048
f 1060 1048 275
f 1058 1048 1060
f 13 1015 980
f 1015 268 1018
f 980 1018 258
f 1015 1018 980
f 268 1016 1030
f 1016 75 1028
f 1030 1028 271
f 1016 1028 1030
f 258 1029 981
f 1029 271 1027
f 981 1027 72
f 1029 1027 981
f 268 1030 1018
f 1030 271 1029
f 1018 1029 258
f 1030 1029 1018
f 75 1020 1061
f 1020 269 1063
f 1061 1063 278
f 1020 1063 1061
f 269 1019 1044
f 1019 23 1041
f 1044 1041 274
f 1019 1041 1044
f 278 1065 1062
f 1065 274 1042
f 1062 1042 76
f 1065 1042 1062
f 269 1044 1063
f 1044 274 1065
f 1063 1065 278
f 1044 1065 1063
f 72 1050 984
f 1050 276 1052
f 984 1052 259
f 1050 1052 984
f 276 1051 1054
f 1051 76 1038
f 1054 1038 273
f 1051 1038 1054
f 259 1040 983
f 1040 273 1037
f 983 1037 22
f 1040 1037 983
f 276 1054 1052
f 1054 273 1040
f 1052 1040 259
f 1054 1040 1052
f 75 1061 1028
f 1061 278 1064
f 1028 1064 271
f 1061 1064 1028
f 278 1062 1066
f 1062 76 1051
f 1066 1051 276
f 1062 1051 1066
f 271 1053 1027
f 1053 276 1050
f 1027 1050 72
f 1053 1050 1027
f 278 1066 1064
f 1066 276 1053
f 1064 1053 271
f 1066 1053 1064
f 1 967 1819
f 967 253 1821
f 1819 1821 463
f 967 1821 1819
f 253 968 1826
f 968 70 1824
f 1826 1824 465
f 968 1824 1826
f 463 1827 1820
f 1827 465 1825
f 1820 1825 121
f 1827 1825 1820
f 253 1826 1821
f 1826 465 1827
f 1821 1827 463
f 1826 1827 1821
f 70 971 1838
f 971 254 1840
f 1838 1840 470
f 971 1840 1838
f 254 970 1834
f 970 22 1832
f 1834 1832 468
f 970 1832 1834
f 470 1842 1839
f 1842 468 1833
f 1839 1833 123
f 1842 1833 1839
f 254 1834 1840
f 1834 468 1842
f 1840 1842 470
f 1834 1842 1840
f 121 1843 1823
f 1843 471 1845
f 1823 1845 464
f 1843 1845 1823
f 471 1844 1847
f 1844 123 1836
f 1847 1836 469
f 1844 1836 1847
f 464 1837 1822
f 1837 469 1835
f 1822 1835 34
f 1837 1835 1822
f 471 1847 1845
f 1847 469 1837
f 1845 1837 464
f 1847 1837 1845
f 70 1838 1824
f 1838 470 1841
f 1824 1841 465
f 1838 1841 1824
f 470 1839 1848
f 1839 123 1844
f 1848 1844 471
f 1839 1844 1848
f 465 1846 1825
f 1846 471 1843
f 1825 1843 121
f 1846 1843 1825
f 470 1848 1841
f 1848 471 1846
f 1841 1846 465
f 1848 1846 1841
f 22 978 1999
f 978 257 2001
f 1999 2001 511
f 978 2001 1999
f 257 979 2008
f 979 71 2006
f 2008 2006 513
f 979 2006 2008
f 511 2010 2000
f 2010 513 2007
f 2000 2007 134
f 2010 2007 2000
f 257 2008 2001
f 2008 513 2010
f 2001 2010 511
f 2008 2010 2001
f 71 977 1977
f 977 256 1979
f 1977 1979 505
f 977 1979 1977
f 256 976 1973
f 976 8 1971
f 1973 1971 503
f 976 1971 1973
f 505 1980 1978
f 1980 503 1972
f 1978 1972 132
f 1980 1972 1978
f 256 1973 1979
f 1973 503 1980
f 1979 1980 505
f 1973 1980 1979
f 134 2016 2004
f 2016 515 2019
f 2004 2019 512
f 2016 2019 2004
f 515 2015 2017
f 2015 132 1976
f 2017 1976 504
f 2015 1976 2017
f 512 2005 2003
f 2005 504 1975
f 2003 1975 37
f 2005 1975 2003
f 515 2017 2019
f 2017 504 2005
f 2019 2005 512
f 2017 2005 2019
f 71 1977 2006
f 1977 505 2009
f 2006 2009 513
f 1977 2009 2006
f 505 1978 2018
f 1978 132 2015
f 2018 2015 515
f 1978 2015 2018
f 513 2020 2007
f 2020 515 2016
f 2007 2016 134
f 2020 2016 2007
f 505 2018 2009
f 2018 515 2020
f 2009 2020 513
f 2018 2020 2009
f 34 2043 1830
f 2043 521 2045
f 1830 2045 467
f 2043 2045 1830
f 521 2044 2055
f 2044 136 2052
f 2055 2052 523
f 2044 2052 2055
f 467 2053 1831
f 2053 523 2051
f 1831 2051 122
f 2053 2051 1831
f 521 2055 2045
f 2055 523 2053
f 2045 2053 467
f 2055 2053 2045
f 136 2048 2062
f 2048 522 2065
f 2062 2065 525
f 2048 2065 2062
f 522 2047 2049
f 2047 37 1989
f 2049 1989 508
f 2047 1989 2049
f 525 2063 2061
f 2063 508 1990
f 2061 1990 133
f 2063 1990 2061
f 522 2049 2065
f 2049 508 2063
f 2065 2063 525
f 2049 2063 2065
f 122 1991 1829
f 1991 509 1993
f 1829 1993 466
f 1991 1993 1829
f 509 1992 1994
f 1992 133 1986
f 1994 1986 507
f 1992 1986 1994
f 466 1987 1828
f 1987 507 1985
f 1828 1985 11
f 1987 1985 1828
f 509 1994 1993
f 1994 507 1987
f 1993 1987 466
f 1994 1987 1993
f 136 2062 2052
f 2062 525 2066
f 2052 2066 523
f 2062 2066 2052
f 525 2061 2064
f 2061 133 1992
f 2064 1992 509
f 2061 1992 2064
f 523 2054 2051
f 2054 509 1991
f 2051 1991 122
f 2054 1991 2051
f 525 2064 2066
f 2064 509 2054
f 2066 2054 523
f 2064 2054 2066
f 22 1999 1832
f 1999 511 2002
f 1832 2002 468
f 1999 2002 1832
f 511 2000 2014
f 2000 134 2012
f 2014 2012 514
f 2000 2012 2014
f 468 2013 1833
f 2013 514 2011
f 1833 2011 123
f 2013 2011 1833
f 511 2014 2002
f 2014 514 2013
f 2002 2013 468
f 2014 2013 2002
f 134 2004 2067
f 2004 512 2069
f 2067 2069 526
f 2004 2069 2067
f 512 2003 2050
f 2003 37 2047
f 2050 2047 522
f 2003 2047 2050
f 526 2071 2068
f 2071 522 2048
f 2068 2048 136
f 2071 2048 2068
f 512 2050 2069
f 2050 522 2071
f 2069 2071 526
f 2050 2071 2069
f 123 2056 1836
f 2056 524 2058
f 1836 2058 469
f 2056 2058 1836
f 524 2057 2060
f 2057 136 2044
f 2060 2044 521
f 2057 2044 2060
f 469 2046 1835
f 2046 521 2043
f 1835 2043 34
f 2046 2043 1835
f 524 2060 2058
f 2060 521 2046
f 2058 2046 469
f 2060 2046 2058
f 134 2067 2012
f 2067 526 2070
f 2012 2070 514
f 2067 2070 2012
f 526 2068 2072
f 2068 136 2057
f 2072 2057 524
f 2068 2057 2072
f 514 2059 2011
f 2059 524 2056
f 2011 2056 123
f 2059 2056 2011
f 526 2072 2070
f 2072 524 2059
f 2070 2059 514
f 2072 2059 2070
f 1 1819 2103
f 1819 463 2106
f 2103 2106 533
f 1819 2106 2103
f 463 1820 2115
f 1820 121 2113
f 2115 2113 536
f 1820 2113 2115
f 533 2116 2104
f 2116 536 2114
f 2104 2114 138
f 2116 2114 2104
f 463 2115 2106
f 2115 536 2116
f 2106 2116 533
f 2115 2116 2106
f 121 1823 2144
f 1823 464 2146
f 2144 2146 545
f 1823 2146 2144
f 464 1822 2140
f 1822 34 2138
f 2140 2138 543
f 1822 2138 2140
f 545 2148 2145
f 2148 543 2139
f 2145 2139 141
f 2148 2139 2145
f 464 2140 2146
f 2140 543 2148
f 2146 2148 545
f 2140 2148 2146
f 138 2149 2108
f 2149 546 2151
f 2108 2151 534
f 2149 2151 2108
f 546 2150 2153
f 2150 141 2142
f 2153 2142 544
f 2150 2142 2153
f 534 2143 2107
f 2143 544 2141
f 2107 2141 38
f 2143 2141 2107
f 546 2153 2151
f 2153 544 2143
f 2151 2143 534
f 2153 2143 2151
f 121 2144 2113
f 2144 545 2147
f 2113 2147 536
f 2144 2147 2113
f 545 2145 2154
f 2145 141 2150
f 2154 2150 546
f 2145 2150 2154
f 536 2152 2114
f 2152 546 2149
f 2114 2149 138
f 2152 2149 2114
f 545 2154 2147
f 2154 546 2152
f 2147 2152 536
f 2154 2152 2147
f 34 1830 2459
f 1830 467 2461
f 2459 2461 621
f 1830 2461 2459
f 467 1831 2468
f 1831 122 2466
f 2468 2466 623
f 1831 2466 2468
f 621 2470 2460
f 2470 623 2467
f 2460 2467 159
f 2470 2467 2460
f 467 2468 2461
f 2468 623 2470
f 2461 2470 621
f 2468 2470 2461
f 122 1829 2437
f 1829 466 2439
f 2437 2439 615
f 1829 2439 2437
f 466 1828 2433
f 1828 11 2431
f 2433 2431 613
f 1828 2431 2433
f 615 2440 2438
f 2440 613 2432
f 2438 2432 157
f 2440 2432 2438
f 466 2433 2439
f 2433 613 2440
f 2439 2440 615
f 2433 2440 2439
f 159 2476 2464
f 2476 625 2479
f 2464 2479 622
f 2476 2479 2464
f 625 2475 2477
f 2475 157 2436
f 2477 2436 614
f 2475 2436 2477
f 622 2465 2463
f 2465 614 2435
f 2463 2435 42
f 2465 2435 2463
f 625 2477 2479
f 2477 614 2465
f 2479 2465 622
f 2477 2465 2479
f 122 2437 2466
f 2437 615 2469
f 2466 2469 623
f 2437 2469 2466
f 615 2438 2478
f 2438 157 2475
f 2478 2475 625
f 2438 2475 2478
f 623 2480 2467
f 2480 625 2476
f 2467 2476 159
f 2480 2476 2467
f 615 2478 2469
f 2478 625 2480
f 2469 2480 623
f 2478 2480 2469
f 38 2503 2119
f 2503 631 2505
f 2119 2505 538
f 2503 2505 2119
f 631 2504 2515
f 2504 161 2512
f 2515 2512 633
f 2504 2512 2515
f 538 2513 2120
f 2513 633 2511
f 2120 2511 139
f 2513 2511 2120
f 631 2515 2505
f 2515 633 2513
f 2505 2513 538
f 2515 2513 2505
f 161 2508 2522
f 2508 632 2525
f 2522 2525 635
f 2508 2525 2522
f 632 2507 2509
f 2507 42 2449
f 2509 2449 618
f 2507 2449 2509
f 635 2523 2521
f 2523 618 2450
f 2521 2450 158
f 2523 2450 2521
f 632 2509 2525
f 2509 618 2523
f 2525 2523 635
f 2509 2523 2525
f 139 2451 2118
f 2451 619 2453
f 2118 2453 537
f 2451 2453 2118
f 619 2452 2454
f 2452 158 2446
f 2454 2446 617
f 2452 2446 2454
f 537 2447 2117
f 2447 617 2445
f 2117 2445 12
f 2447 2445 2117
f 619 2454 2453
f 2454 617 2447
f 2453 2447 537
f 2454 2447 2453
f 161 2522 2512
f 2522 635 2526
f 2512 2526 633
f 2522 2526 2512
f 635 2521 2524
f 2521 158 2452
f 2524 2452 619
f 2521 2452 2524
f 633 2514 2511
f 2514 619 2451
f 2511 2451 139
f 2514 2451 2511
f 635 2524 2526
f 2524 619 2514
f 2526 2514 633
f 2524 2514 2526
f 34 2459 2138
f 2459 621 2462
f 2138 2462 543
f 2459 2462 2138
f 621 2460 2474
f 2460 159 2472
f 2474 2472 624
f 2460 2472 2474
f 543 2473 2139
f 2473 624 2471
f 2139 2471 141
f 2473 2471 2139
f 621 2474 2462
f 2474 624 2473
f 2462 2473 543
f 2474 2473 2462
f 159 2464 2527
f 2464 622 2529
f 2527 2529 636
f 2464 2529 2527
f 622 2463 2510
f 2463 42 2507
f 2510 2507 632
f 2463 2507 2510
f 636 2531 2528
f 2531 632 2508
f 2528 2508 161
f 2531 2508 2528
f 622 2510 2529
f 2510 632 2531
f 2529 2531 636
f 2510 2531 2529
f 141 2516 2142
f 2516 634 2518
f 2142 2518 544
f 2516 2518 2142
f 634 2517 2520
f 2517 161 2504
f 2520 2504 631
f 2517 2504 2520
f 544 2506 2141
f 2506 631 2503
f 2141 2503 38
f 2506 2503 2141
f 634 2520 2518
f 2520 631 2506
f 2518 2506 544
f 2520 2506 2518
f 159 2527 2472
f 2527 636 2530
f 2472 2530 624
f 2527 2530 2472
f 636 2528 2532
f 2528 161 2517
f 2532 2517 634
f 2528 2517 2532
f 624 2519 2471
f 2519 634 2516
f 2471 2516 141
f 2519 2516 2471
f 636 2532 2530
f 2532 634 2519
f 2530 2519 624
f 2532 2519 2530
f 2 789 1359
f 789 206 1361
f 1359 1361 353
f 789 1361 1359
f 206 790 1367
f 790 57 1365
f 1367 1365 355
f 790 1365 1367
f 353 1368 1360
f 1368 355 1366
f 1360 1366 96
f 1368 1366 1360
f 206 1367 1361
f 1367 355 1368
f 1361 1368 353
f 1367 1368 1361
f 57 793 1383
f 793 207 1385
f 1383 1385 361
f 793 1385 1383
f 207 792 1379
f 792 18 1377
f 1379 1377 359
f 792 1377 1379
f 361 1387 1384
f 1387 359 1378
f 1384 1378 98
f 1387 1378 1384
f 207 1379 1385
f 1379 359 1387
f 1385 1387 361
f 1379 1387 1385
f 96 1388 1364
f 1388 362 1390
f 1364 1390 354
f 1388 1390 1364
f 362 1389 1392
f 1389 98 1381
f 1392 1381 360
f 1389 1381 1392
f 354 1382 1363
f 1382 360 1380
f 1363 1380 29
f 1382 1380 1363
f 362 1392 1390
f 1392 360 1382
f 1390 1382 354
f 1392 1382 1390
f 57 1383 1365
f 1383 361 1386
f 1365 1386 355
f 1383 1386 1365
f 361 1384 1393
f 1384 98 1389
f 1393 1389 362
f 1384 1389 1393
f 355 1391 1366
f 1391 362 1388
f 1366 1388 96
f 1391 1388 1366
f 361 1393 1386
f 1393 362 1391
f 1386 1391 355
f 1393 1391 1386
f 18 801 1583
f 801 210 1585
f 1583 1585 411
f 801 1585 1583
f 210 802 1592
f 802 58 1590
f 1592 1590 413
f 802 1590 1592
f 411 1594 1584
f 1594 413 1591
f 1584 1591 111
f 1594 1591 1584
f 210 1592 1585
f 1592 413 1594
f 1585 1594 411
f 1592 1594 1585
f 58 799 1561
f 799 209 1563
f 1561 1563 405
f 799 1563 1561
f 209 798 1557
f 798 6 1555
f 1557 1555 403
f 798 1555 1557
f 405 1564 1562
f 1564 403 1556
f 1562 1556 109
f 1564 1556 1562
f 209 1557 1563
f 1557 403 1564
f 1563 1564 405
f 1557 1564 1563
f 111 1600 1588
f 1600 415 1603
f 1588 1603 412
f 1600 1603 1588
f 415 1599 1601
f 1599 109 1560
f 1601 1560 404
f 1599 1560 1601
f 412 1589 1587
f 1589 404 1559
f 1587 1559 32
f 1589 1559 1587
f 415 1601 1603
f 1601 404 1589
f 1603 1589 412
f 1601 1589 1603
f 58 1561 1590
f 1561 405 1593
f 1590 1593 413
f 1561 1593 1590
f 405 1562 1602
f 1562 109 1599
f 1602 1599 415
f 1562 1599 1602
f 413 1604 1591
f 1604 415 1600
f 1591 1600 111
f 1604 1600 1591
f 405 1602 1593
f 1602 415 1604
f 1593 1604 413
f 1602 1604 1593
f 29 1627 1375
f 1627 421 1629
f 1375 1629 358
f 1627 1629 1375
f 421 1628 1639
f 1628 113 1636
f 1639 1636 423
f 1628 1636 1639
f 358 1637 1376
f 1637 423 1635
f 1376 1635 97
f 1637 1635 1376
f 421 1639 1629
f 1639 423 1637
f 1629 1637 358
f 1639 1637 1629
f 113 1632 1646
f 1632 422 1649
f 1646 1649 425
f 1632 1649 1646
f 422 1631 1633
f 1631 32 1573
f 1633 1573 408
f 1631 1573 1633
f 425 1647 1645
f 1647 408 1574
f 1645 1574 110
f 1647 1574 1645
f 422 1633 1649
f 1633 408 1647
f 1649 1647 425
f 1633 1647 1649
f 97 1575 1374
f 1575 409 1577
f 1374 1577 357
f 1575 1577 1374
f 409 1576 1578
f 1576 110 1570
f 1578 1570 407
f 1576 1570 1578
f 357 1571 1373
f 1571 407 1569
f 1373 1569 10
f 1571 1569 1373
f 409 1578 1577
f 1578 407 1571
f 1577 1571 357
f 1578 1571 1577
f 113 1646 1636
f 1646 425 1650
f 1636 1650 423
f 1646 1650 1636
f 425 1645 1648
f 1645 110 1576
f 1648 1576 409
f 1645 1576 1648
f 423 1638 1635
f 1638 409 1575
f 1635 1575 97
f 1638 1575 1635
f 425 1648 1650
f 1648 409 1638
f 1650 1638 423
f 1648 1638 1650
f 18 1583 1377
f 1583 411 1586
f 1377 1586 359
f 1583 1586 1377
f 411 1584 1598
f 1584 111 1596
f 1598 1596 414
f 1584 1596 1598
f 359 1597 1378
f 1597 414 1595
f 1378 1595 98
f 1597 1595 1378
f 411 1598 1586
f 1598 414 1597
f 1586 1597 359
f 1598 1597 1586
f 111 1588 1651
f 1588 412 1653
f 1651 1653 426
f 1588 1653 1651
f 412 1587 1634
f 1587 32 1631
f 1634 1631 422
f 1587 1631 1634
f 426 1655 1652
f 1655 422 1632
f 1652 1632 113
f 1655 1632 1652
f 412 1634 1653
f 1634 422 1655
f 1653 1655 426
f 1634 1655 1653
f 98 1640 1381
f 1640 424 1642
f 1381 1642 360
f 1640 1642 1381
f 424 1641 1644
f 1641 113 1628
f 1644 1628 421
f 1641 1628 1644
f 360 1630 1380
f 1630 421 1627
f 1380 1627 29
f 1630 1627 1380
f 424 1644 1642
f 1644 421 1630
f 1642 1630 360
f 1644 1630 1642
f 111 1651 1596
f 1651 426 1654
f 1596 1654 414
f 1651 1654 1596
f 426 1652 1656
f 1652 113 1641
f 1656 1641 424
f 1652 1641 1656
f 414 1643 1595
f 1643 424 1640
f 1595 1640 98
f 1643 1640 1595
f 426 1656 1654
f 1656 424 1643
f 1654 1643 414
f 1656 1643 1654
f 6 2299 863
f 2299 583 2302
f 863 2302 225
f 2299 2302 863
f 583 2300 2312
f 2300 151 2310
f 2312 2310 586
f 2300 2310 2312
f 225 2311 864
f 2311 586 2309
f 864 2309 62
f 2311 2309 864
f 583 2312 2302
f 2312 586 2311
f 2302 2311 225
f 2312 2311 2302
f 151 2304 2365
f 2304 584 2367
f 2365 2367 600
f 2304 2367 2365
f 584 2303 2355
f 2303 41 2353
f 2355 2353 597
f 2303 2353 2355
f 600 2369 2366
f 2369 597 2354
f 2366 2354 154
f 2369 2354 2366
f 584 2355 2367
f 2355 597 2369
f 2367 2369 600
f 2355 2369 2367
f 62 2356 866
f 2356 598 2358
f 866 2358 226
f 2356 2358 866
f 598 2357 2360
f 2357 154 2350
f 2360 2350 596
f 2357 2350 2360
f 226 2351 865
f 2351 596 2349
f 865 2349 19
f 2351 2349 865
f 598 2360 2358
f 2360 596 2351
f 2358 2351 226
f 2360 2351 2358
f 151 2365 2310
f 2365 600 2368
f 2310 2368 586
f 2365 2368 2310
f 600 2366 2370
f 2366 154 2357
f 2370 2357 598
f 2366 2357 2370
f 586 2359 2309
f 2359 598 2356
f 2309 2356 62
f 2359 2356 2309
f 600 2370 2368
f 2370 598 2359
f 2368 2359 586
f 2370 2359 2368
f 41 2317 2405
f 2317 588 2407
f 2405 2407 608
f 2317 2407 2405
f 588 2318 2421
f 2318 152 2419
f 2421 2419 611
f 2318 2419 2421
f 608 2423 2406
f 2423 611 2420
f 2406 2420 156
f 2423 2420 2406
f 588 2421 2407
f 2421 611 2423
f 2407 2423 608
f 2421 2423 2407
f 152 2314 2324
f 2314 587 2326
f 2324 2326 590
f 2314 2326 2324
f 587 2313 2316
f 2313 12 2221
f 2316 2221 565
f 2313 2221 2316
f 590 2325 2323
f 2325 565 2222
f 2323 2222 147
f 2325 2222 2323
f 587 2316 2326
f 2316 565 2325
f 2326 2325 590
f 2316 2325 2326
f 156 2410 2402
f 2410 609 2413
f 2402 2413 607
f 2410 2413 2402
f 609 2409 2411
f 2409 147 2225
f 2411 2225 566
f 2409 2225 2411
f 607 2403 2401
f 2403 566 2224
f 2401 2224 40
f 2403 2224 2401
f 609 2411 2413
f 2411 566 2403
f 2413 2403 607
f 2411 2403 2413
f 152 2324 2419
f 2324 590 2422
f 2419 2422 611
f 2324 2422 2419
f 590 2323 2412
f 2323 147 2409
f 2412 2409 609
f 2323 2409 2412
f 611 2424 2420
f 2424 609 2410
f 2420 2410 156
f 2424 2410 2420
f 590 2412 2422
f 2412 609 2424
f 2422 2424 611
f 2412 2424 2422
f 19 2252 861
f 2252 573 2254
f 861 2254 224
f 2252 2254 861
f 573 2253 2262
f 2253 149 2259
f 2262 2259 575
f 2253 2259 2262
f 224 2260 862
f 2260 575 2258
f 862 2258 61
f 2260 2258 862
f 573 2262 2254
f 2262 575 2260
f 2254 2260 224
f 2262 2260 2254
f 149 2256 2264
f 2256 574 2267
f 2264 2267 576
f 2256 2267 2264
f 574 2255 2257
f 2255 40 2211
f 2257 2211 562
f 2255 2211 2257
f 576 2265 2263
f 2265 562 2212
f 2263 2212 146
f 2265 2212 2263
f 574 2257 2267
f 2257 562 2265
f 2267 2265 576
f 2257 2265 2267
f 61 2217 860
f 2217 564 2219
f 860 2219 223
f 2217 2219 860
f 564 2218 2220
f 2218 146 2208
f 2220 2208 561
f 2218 2208 2220
f 223 2210 859
f 2210 561 2207
f 859 2207 5
f 2210 2207 859
f 564 2220 2219
f 2220 561 2210
f 2219 2210 223
f 2220 2210 2219
f 149 2264 2259
f 2264 576 2268
f 2259 2268 575
f 2264 2268 2259
f 576 2263 2266
f 2263 146 2218
f 2266 2218 564
f 2263 2218 2266
f 575 2261 2258
f 2261 564 2217
f 2258 2217 61
f 2261 2217 2258
f 576 2266 2268
f 2266 564 2261
f 2268 2261 575
f 2266 2261 2268
f 41 2405 2353
f 2405 608 2408
f 2353 2408 597
f 2405 2408 2353
f 608 2406 2429
f 2406 156 2426
f 2429 2426 612
f 2406 2426 2429
f 597 2427 2354
f 2427 612 2425
f 2354 2425 154
f 2427 2425 2354
f 608 2429 2408
f 2429 612 2427
f 2408 2427 597
f 2429 2427 2408
f 156 2402 2415
f 2402 607 2418
f 2415 2418 610
f 2402 2418 2415
f 607 2401 2404
f 2401 40 2255
f 2404 2255 574
f 2401 2255 2404
f 610 2416 2414
f 2416 574 2256
f 2414 2256 149
f 2416 2256 2414
f 607 2404 2418
f 2404 574 2416
f 2418 2416 610
f 2404 2416 2418
f 154 2362 2350
f 2362 599 2364
f 2350 2364 596
f 2362 2364 2350
f 599 2361 2363
f 2361 149 2253
f 2363 2253 573
f 2361 2253 2363
f 596 2352 2349
f 2352 573 2252
f 2349 2252 19
f 2352 2252 2349
f 599 2363 2364
f 2363 573 2352
f 2364 2352 596
f 2363 2352 2364
f 156 2415 2426
f 2415 610 2430
f 2426 2430 612
f 2415 2430 2426
f 610 2414 2417
f 2414 149 2361
f 2417 2361 599
f 2414 2361 2417
f 612 2428 2425
f 2428 599 2362
f 2425 2362 154
f 2428 2362 2425
f 610 2417 2430
f 2417 599 2428
f 2430 2428 612
f 2417 2428 2430
f 12 2445 2169
f 2445 617 2448
f 2169 2448 551
f 2445 2448 2169
f 617 2446 2458
f 2446 158 2456
f 2458 2456 620
f 2446 2456 2458
f 551 2457 2170
f 2457 620 2455
f 2170 2455 143
f 2457 2455 2170
f 617 2458 2448
f 2458 620 2457
f 2448 2457 551
f 2458 2457 2448
f 158 2450 2551
f 2450 618 2553
f 2551 2553 641
f 2450 2553 2551
f 618 2449 2539
f 2449 42 2537
f 2539 2537 638
f 2449 2537 2539
f 641 2555 2552
f 2555 638 2538
f 2552 2538 162
f 2555 2538 2552
f 618 2539 2553
f 2539 638 2555
f 2553 2555 641
f 2539 2555 2553
f 143 2541 2172
f 2541 639 2543
f 2172 2543 552
f 2541 2543 2172
f 639 2542 2545
f 2542 162 2534
f 2545 2534 637
f 2542 2534 2545
f 552 2535 2171
f 2535 637 2533
f 2171 2533 39
f 2535 2533 2171
f 639 2545 2543
f 2545 637 2535
f 2543 2535 552
f 2545 2535 2543
f 158 2551 2456
f 2551 641 2554
f 2456 2554 620
f 2551 2554 2456
f 641 2552 2556
f 2552 162 2542
f 2556 2542 639
f 2552 2542 2556
f 620 2544 2455
f 2544 639 2541
f 2455 2541 143
f 2544 2541 2455
f 641 2556 2554
f 2556 639 2544
f 2554 2544 620
f 2556 2544 2554
f 42 2435 2485
f 2435 614 2487
f 2485 2487 627
f 2435 2487 2485
f 614 2436 2499
f 2436 157 2497
f 2499 2497 630
f 2436 2497 2499
f 627 2501 2486
f 2501 630 2498
f 2486 2498 160
f 2501 2498 2486
f 614 2499 2487
f 2499 630 2501
f 2487 2501 627
f 2499 2501 2487
f 157 2432 2442
f 2432 613 2444
f 2442 2444 616
f 2432 2444 2442
f 613 2431 2434
f 2431 11 1858
f 2434 1858 475
f 2431 1858 2434
f 616 2443 2441
f 2443 475 1859
f 2441 1859 125
f 2443 1859 2441
f 613 2434 2444
f 2434 475 2443
f 2444 2443 616
f 2434 2443 2444
f 160 2489 2482
f 2489 628 2492
f 2482 2492 626
f 2489 2492 2482
f 628 2488 2490
f 2488 125 1861
f 2490 1861 476
f 2488 1861 2490
f 626 2483 2481
f 2483 476 1860
f 2481 1860 35
f 2483 1860 2481
f 628 2490 2492
f 2490 476 2483
f 2492 2483 626
f 2490 2483 2492
f 157 2442 2497
f 2442 616 2500
f 2497 2500 630
f 2442 2500 2497
f 616 2441 2491
f 2441 125 2488
f 2491 2488 628
f 2441 2488 2491
f 630 2502 2498
f 2502 628 2489
f 2498 2489 160
f 2502 2489 2498
f 616 2491 2500
f 2491 628 2502
f 2500 2502 630
f 2491 2502 2500
f 39 2193 2159
f 2193 558 2195
f 2159 2195 548
f 2193 2195 2159
f 558 2194 2205
f 2194 145 2202
f 2205 2202 560
f 2194 2202 2205
f 548 2203 2160
f 2203 560 2201
f 2160 2201 142
f 2203 2201 2160
f 558 2205 2195
f 2205 560 2203
f 2195 2203 548
f 2205 2203 2195
f 145 2191 2197
f 2191 557 2200
f 2197 2200 559
f 2191 2200 2197
f 557 2190 2192
f 2190 35 1852
f 2192 1852 473
f 2190 1852 2192
f 559 2198 2196
f 2198 473 1853
f 2196 1853 124
f 2198 1853 2196
f 557 2192 2200
f 2192 473 2198
f 2200 2198 559
f 2192 2198 2200
f 142 2166 2156
f 2166 550 2168
f 2156 2168 547
f 2166 2168 2156
f 550 2165 2167
f 2165 124 1850
f 2167 1850 472
f 2165 1850 2167
f 547 2158 2155
f 2158 472 1849
f 2155 1849 3
f 2158 1849 2155
f 550 2167 2168
f 2167 472 2158
f 2168 2158 547
f 2167 2158 2168
f 145 2197 2202
f 2197 559 2206
f 2202 2206 560
f 2197 2206 2202
f 559 2196 2199
f 2196 124 2165
f 2199 2165 550
f 2196 2165 2199
f 560 2204 2201
f 2204 550 2166
f 2201 2166 142
f 2204 2166 2201
f 559 2199 2206
f 2199 550 2204
f 2206 2204 560
f 2199 2204 2206
f 42 2485 2537
f 2485 627 2540
f 2537 2540 638
f 2485 2540 2537
f 627 2486 2559
f 2486 160 2557
f 2559 2557 642
f 2486 2557 2559
f 638 2561 2538
f 2561 642 2558
f 2538 2558 162
f 2561 2558 2538
f 627 2559 2540
f 2559 642 2561
f 2540 2561 638
f 2559 2561 2540
f 160 2482 2494
f 2482 626 2496
f 2494 2496 629
f 2482 2496 2494
f 626 2481 2484
f 2481 35 2190
f 2484 2190 557
f 2481 2190 2484
f 629 2495 2493
f 2495 557 2191
f 2493 2191 145
f 2495 2191 2493
f 626 2484 2496
f 2484 557 2495
f 2496 2495 629
f 2484 2495 2496
f 162 2547 2534
f 2547 640 2550
f 2534 2550 637
f 2547 2550 2534
f 640 2546 2548
f 2546 145 2194
f 2548 2194 558
f 2546 2194 2548
f 637 2536 2533
f 2536 558 2193
f 2533 2193 39
f 2536 2193 2533
f 640 2548 2550
f 2548 558 2536
f 2550 2536 637
f 2548 2536 2550
f 160 2494 2557
f 2494 629 2560
f 2557 2560 642
f 2494 2560 2557
f 629 2493 2549
f 2493 145 2546
f 2549 2546 640
f 2493 2546 2549
f 642 2562 2558
f 2562 640 2547
f 2558 2547 162
f 2562 2547 2558
f 629 2549 2560
f 2549 640 2562
f 2560 2562 642
f 2549 2562 2560
f 11 1985 1893
f 1985 507 1988
f 1893 1988 485
f 1985 1988 1893
f 507 1986 1998
f 1986 133 1996
f 1998 1996 510
f 1986 1996 1998
f 485 1997 1894
f 1997 510 1995
f 1894 1995 128
f 1997 1995 1894
f 507 1998 1988
f 1998 510 1997
f 1988 1997 485
f 1998 1997 1988
f 133 1990 2091
f 1990 508 2093
f 2091 2093 531
f 1990 2093 2091
f 508 1989 2079
f 1989 37 2077
f 2079 2077 528
f 1989 2077 2079
f 531 2095 2092
f 2095 528 2078
f 2092 2078 137
f 2095 2078 2092
f 508 2079 2093
f 2079 528 2095
f 2093 2095 531
f 2079 2095 2093
f 128 2081 1897
f 2081 529 2083
f 1897 2083 486
f 2081 2083 1897
f 529 2082 2085
f 2082 137 2074
f 2085 2074 527
f 2082 2074 2085
f 486 2075 1896
f 2075 527 2073
f 1896 2073 36
f 2075 2073 1896
f 529 2085 2083
f 2085 527 2075
f 2083 2075 486
f 2085 2075 2083
f 133 2091 1996
f 2091 531 2094
f 1996 2094 510
f 2091 2094 1996
f 531 2092 2096
f 2092 137 2082
f 2096 2082 529
f 2092 2082 2096
f 510 2084 1995
f 2084 529 2081
f 1995 2081 128
f 2084 2081 1995
f 531 2096 2094
f 2096 529 2084
f 2094 2084 510
f 2096 2084 2094
f 37 1975 2025
f 1975 504 2027
f 2025 2027 517
f 1975 2027 2025
f 504 1976 2039
f 1976 132 2037
f 2039 2037 520
f 1976 2037 2039
f 517 2041 2026
f 2041 520 2038
f 2026 2038 135
f 2041 2038 2026
f 504 2039 2027
f 2039 520 2041
f 2027 2041 517
f 2039 2041 2027
f 132 1972 1982
f 1972 503 1984
f 1982 1984 506
f 1972 1984 1982
f 503 1971 1974
f 1971 8 1071
f 1974 1071 281
f 1971 1071 1974
f 506 1983 1981
f 1983 281 1072
f 1981 1072 78
f 1983 1072 1981
f 503 1974 1984
f 1974 281 1983
f 1984 1983 506
f 1974 1983 1984
f 135 2029 2022
f 2029 518 2032
f 2022 2032 516
f 2029 2032 2022
f 518 2028 2030
f 2028 78 1074
f 2030 1074 282
f 2028 1074 2030
f 516 2023 2021
f 2023 282 1073
f 2021 1073 24
f 2023 1073 2021
f 518 2030 2032
f 2030 282 2023
f 2032 2023 516
f 2030 2023 2032
f 132 1982 2037
f 1982 506 2040
f 2037 2040 520
f 1982 2040 2037
f 506 1981 2031
f 1981 78 2028
f 2031 2028 518
f 1981 2028 2031
f 520 2042 2038
f 2042 518 2029
f 2038 2029 135
f 2042 2029 2038
f 506 2031 2040
f 2031 518 2042
f 2040 2042 520
f 2031 2042 2040
f 36 1927 1883
f 1927 494 1929
f 1883 1929 482
f 1927 1929 1883
f 494 1928 1939
f 1928 130 1936
f 1939 1936 496
f 1928 1936 1939
f 482 1937 1884
f 1937 496 1935
f 1884 1935 127
f 1937 1935 1884
f 494 1939 1929
f 1939 496 1937
f 1929 1937 482
f 1939 1937 1929
f 130 1925 1931
f 1925 493 1934
f 1931 1934 495
f 1925 1934 1931
f 493 1924 1926
f 1924 24 1069
f 1926 1069 280
f 1924 1069 1926
f 495 1932 1930
f 1932 280 1070
f 1930 1070 77
f 1932 1070 1930
f 493 1926 1934
f 1926 280 1932
f 1934 1932 495
f 1926 1932 1934
f 127 1890 1880
f 1890 484 1892
f 1880 1892 481
f 1890 1892 1880
f 484 1889 1891
f 1889 77 1068
f 1891 1068 279
f 1889 1068 1891
f 481 1882 1879
f 1882 279 1067
f 1879 1067 7
f 1882 1067 1879
f 484 1891 1892
f 1891 279 1882
f 1892 1882 481
f 1891 1882 1892
f 130 1931 1936
f 1931 495 1940
f 1936 1940 496
f 1931 1940 1936
f 495 1930 1933
f 1930 77 1889
f 1933 1889 484
f 1930 1889 1933
f 496 1938 1935
f 1938 484 1890
f 1935 1890 127
f 1938 1890 1935
f 495 1933 1940
f 1933 484 1938
f 1940 1938 496
f 1933 1938 1940
f 37 2025 2077
f 2025 517 2080
f 2077 2080 528
f 2025 2080 2077
f 517 2026 2099
f 2026 135 2097
f 2099 2097 532
f 2026 2097 2099
f 528 2101 2078
f 2101 532 2098
f 2078 2098 137
f 2101 2098 2078
f 517 2099 2080
f 2099 532 2101
f 2080 2101 528
f 2099 2101 2080
f 135 2022 2034
f 2022 516 2036
f 2034 2036 519
f 2022 2036 2034
f 516 2021 2024
f 2021 24 1924
f 2024 1924 493
f 2021 1924 2024
f 519 2035 2033
f 2035 493 1925
f 2033 1925 130
f 2035 1925 2033
f 516 2024 2036
f 2024 493 2035
f 2036 2035 519
f 2024 2035 2036
f 137 2087 2074
f 2087 530 2090
f 2074 2090 527
f 2087 2090 2074
f 530 2086 2088
f 2086 130 1928
f 2088 1928 494
f 2086 1928 2088
f 527 2076 2073
f 2076 494 1927
f 2073 1927 36
f 2076 1927 2073
f 530 2088 2090
f 2088 494 2076
f 2090 2076 527
f 2088 2076 2090
f 135 2034 2097
f 2034 519 2100
f 2097 2100 532
f 2034 2100 2097
f 519 2033 2089
f 2033 130 2086
f 2089 2086 530
f 2033 2086 2089
f 532 2102 2098
f 2102 530 2087
f 2098 2087 137
f 2102 2087 2098
f 519 2089 2100
f 2089 530 2102
f 2100 2102 532
f 2089 2102 2100
f 8 1006 1227
f 1006 265 1229
f 1227 1229 323
f 1006 1229 1227
f 265 1007 1235
f 1007 74 1233
f 1235 1233 325
f 1007 1233 1235
f 323 1236 1228
f 1236 325 1234
f 1228 1234 90
f 1236 1234 1228
f 265 1235 1229
f 1235 325 1236
f 1229 1236 323
f 1235 1236 1229
f 74 1010 1262
f 1010 266 1264
f 1262 1264 333
f 1010 1264 1262
f 266 1009 1257
f 1009 23 1255
f 1257 1255 331
f 1009 1255 1257
f 333 1266 1263
f 1266 331 1256
f 1263 1256 92
f 1266 1256 1263
f 266 1257 1264
f 1257 331 1266
f 1264 1266 333
f 1257 1266 1264
f 90 1271 1232
f 1271 335 1273
f 1232 1273 324
f 1271 1273 1232
f 335 1272 1275
f 1272 92 1260
f 1275 1260 332
f 1272 1260 1275
f 324 1261 1231
f 1261 332 1259
f 1231 1259 28
f 1261 1259 1231
f 335 1275 1273
f 1275 332 1261
f 1273 1261 324
f 1275 1261 1273
f 74 1262 1233
f 1262 333 1265
f 1233 1265 325
f 1262 1265 1233
f 333 1263 1276
f 1263 92 1272
f 1276 1272 335
f 1263 1272 1276
f 325 1274 1234
f 1274 335 1271
f 1234 1271 90
f 1274 1271 1234
f 333 1276 1265
f 1276 335 1274
f 1265 1274 325
f 1276 1274 1265
f 23 1000 1088
f 1000 263 1090
f 1088 1090 288
f 1000 1090 1088
f 263 1001 1096
f 1001 73 1094
f 1096 1094 290
f 1001 1094 1096
f 288 1098 1089
f 1098 290 1095
f 1089 1095 81
f 1098 1095 1089
f 263 1096 1090
f 1096 290 1098
f 1090 1098 288
f 1096 1098 1090
f 73 998 1080
f 998 262 1082
f 1080 1082 285
f 998 1082 1080
f 262 997 1077
f 997 2 1075
f 1077 1075 283
f 997 1075 1077
f 285 1083 1081
f 1083 283 1076
f 1081 1076 79
f 1083 1076 1081
f 262 1077 1082
f 1077 283 1083
f 1082 1083 285
f 1077 1083 1082
f 81 1100 1092
f 1100 291 1103
f 1092 1103 289
f 1100 1103 1092
f 291 1099 1101
f 1099 79 1079
f 1101 1079 284
f 1099 1079 1101
f 289 1093 1091
f 1093 284 1078
f 1091 1078 25
f 1093 1078 1091
f 291 1101 1103
f 1101 284 1093
f 1103 1093 289
f 1101 1093 1103
f 73 1080 1094
f 1080 285 1097
f 1094 1097 290
f 1080 1097 1094
f 285 1081 1102
f 1081 79 1099
f 1102 1099 291
f 1081 1099 1102
f 290 1104 1095
f 1104 291 1100
f 1095 1100 81
f 1104 1100 1095
f 285 1102 1097
f 1102 291 1104
f 1097 1104 290
f 1102 1104 1097
f 28 1303 1245
f 1303 342 1305
f 1245 1305 328
f 1303 1305 1245
f 342 1304 1321
f 1304 94 1318
f 1321 1318 345
f 1304 1318 1321
f 328 1319 1246
f 1319 345 1317
f 1246 1317 91
f 1319 1317 1246
f 342 1321 1305
f 1321 345 1319
f 1305 1319 328
f 1321 1319 1305
f 94 1300 1308
f 1300 341 1311
f 1308 1311 343
f 1300 1311 1308
f 341 1299 1301
f 1299 25 1086
f 1301 1086 287
f 1299 1086 1301
f 343 1309 1307
f 1309 287 1087
f 1307 1087 80
f 1309 1087 1307
f 341 1301 1311
f 1301 287 1309
f 1311 1309 343
f 1301 1309 1311
f 91 1248 1242
f 1248 329 1250
f 1242 1250 327
f 1248 1250 1242
f 329 1247 1249
f 1247 80 1085
f 1249 1085 286
f 1247 1085 1249
f 327 1243 1241
f 1243 286 1084
f 1241 1084 9
f 1243 1084 1241
f 329 1249 1250
f 1249 286 1243
f 1250 1243 327
f 1249 1243 1250
f 94 1308 1318
f 1308 343 1322
f 1318 1322 345
f 1308 1322 1318
f 343 1307 1310
f 1307 80 1247
f 1310 1247 329
f 1307 1247 1310
f 345 1320 1317
f 1320 329 1248
f 1317 1248 91
f 1320 1248 1317
f 343 1310 1322
f 1310 329 1320
f 1322 1320 345
f 1310 1320 1322
f 23 1088 1255
f 1088 288 1258
f 1255 1258 331
f 1088 1258 1255
f 288 1089 1269
f 1089 81 1267
f 1269 1267 334
f 1089 1267 1269
f 331 1270 1256
f 1270 334 1268
f 1256 1268 92
f 1270 1268 1256
f 288 1269 1258
f 1269 334 1270
f 1258 1270 331
f 1269 1270 1258
f 81 1092 1312
f 1092 289 1314
f 1312 1314 344
f 1092 1314 1312
f 289 1091 1302
f 1091 25 1299
f 1302 1299 341
f 1091 1299 1302
f 344 1316 1313
f 1316 341 1300
f 1313 1300 94
f 1316 1300 1313
f 289 1302 1314
f 1302 341 1316
f 1314 1316 344
f 1302 1316 1314
f 92 1323 1260
f 1323 346 1325
f 1260 1325 332
f 1323 1325 1260
f 346 1324 1327
f 1324 94 1304
f 1327 1304 342
f 1324 1304 1327
f 332 1306 1259
f 1306 342 1303
f 1259 1303 28
f 1306 1303 1259
f 346 1327 1325
f 1327 342 1306
f 1325 1306 332
f 1327 1306 1325
f 81 1312 1267
f 1312 344 1315
f 1267 1315 334
f 1312 1315 1267
f 344 1313 1328
f 1313 94 1324
f 1328 1324 346
f 1313 1324 1328
f 334 1326 1268
f 1326 346 1323
f 1268 1323 92
f 1326 1323 1268
f 344 1328 1315
f 1328 346 1326
f 1315 1326 334
f 1328 1326 1315
f 4 1411 689
f 1411 367 1413
f 689 1413 180
f 1411 1413 689
f 367 1412 1420
f 1412 100 1418
f 1420 1418 369
f 1412 1418 1420
f 180 1419 690
f 1419 369 1417
f 690 1417 50
f 1419 1417 690
f 367 1420 1413
f 1420 369 1419
f 1413 1419 180
f 1420 1419 1413
f 100 1416 1440
f 1416 368 1442
f 1440 1442 376
f 1416 1442 1440
f 368 1415 1434
f 1415 30 1432
f 1434 1432 374
f 1415 1432 1434
f 376 1444 1441
f 1444 374 1433
f 1441 1433 102
f 1444 1433 1441
f 368 1434 1442
f 1434 374 1444
f 1442 1444 376
f 1434 1444 1442
f 50 1435 693
f 1435 375 1437
f 693 1437 181
f 1435 1437 693
f 375 1436 1439
f 1436 102 1430
f 1439 1430 373
f 1436 1430 1439
f 181 1431 692
f 1431 373 1429
f 692 1429 16
f 1431 1429 692
f 375 1439 1437
f 1439 373 1431
f 1437 1431 181
f 1439 1431 1437
f 100 1440 1418
f 1440 376 1443
f 1418 1443 369
f 1440 1443 1418
f 376 1441 1445
f 1441 102 1436
f 1445 1436 375
f 1441 1436 1445
f 369 1438 1417
f 1438 375 1435
f 1417 1435 50
f 1438 1435 1417
f 376 1445 1443
f 1445 375 1438
f 1443 1438 369
f 1445 1438 1443
f 30 1427 1525
f 1427 372 1527
f 1525 1527 397
f 1427 1527 1525
f 372 1428 1535
f 1428 101 1533
f 1535 1533 399
f 1428 1533 1535
f 397 1537 1526
f 1537 399 1534
f 1526 1534 108
f 1537 1534 1526
f 372 1535 1527
f 1535 399 1537
f 1527 1537 397
f 1535 1537 1527
f 101 1426 1482
f 1426 371 1484
f 1482 1484 387
f 1426 1484 1482
f 371 1425 1479
f 1425 10 1477
f 1479 1477 385
f 1425 1477 1479
f 387 1485 1483
f 1485 385 1478
f 1483 1478 105
f 1485 1478 1483
f 371 1479 1484
f 1479 385 1485
f 1484 1485 387
f 1479 1485 1484
f 108 1544 1530
f 1544 401 1547
f 1530 1547 398
f 1544 1547 1530
f 401 1543 1545
f 1543 105 1481
f 1545 1481 386
f 1543 1481 1545
f 398 1531 1529
f 1531 386 1480
f 1529 1480 31
f 1531 1480 1529
f 401 1545 1547
f 1545 386 1531
f 1547 1531 398
f 1545 1531 1547
f 101 1482 1533
f 1482 387 1536
f 1533 1536 399
f 1482 1536 1533
f 387 1483 1546
f 1483 105 1543
f 1546 1543 401
f 1483 1543 1546
f 399 1548 1534
f 1548 401 1544
f 1534 1544 108
f 1548 1544 1534
f 387 1546 1536
f 1546 401 1548
f 1536 1548 399
f 1546 1548 1536
f 16 1486 701
f 1486 388 1488
f 701 1488 184
f 1486 1488 701
f 388 1487 1497
f 1487 106 1494
f 1497 1494 390
f 1487 1494 1497
f 184 1495 702
f 1495 390 1493
f 702 1493 51
f 1495 1493 702
f 388 1497 1488
f 1497 390 1495
f 1488 1495 184
f 1497 1495 1488
f 106 1491 1503
f 1491 389 1506
f 1503 1506 392
f 1491 1506 1503
f 389 1490 1492
f 1490 31 1467
f 1492 1467 382
f 1490 1467 1492
f 392 1504 1502
f 1504 382 1468
f 1502 1468 104
f 1504 1468 1502
f 389 1492 1506
f 1492 382 1504
f 1506 1504 392
f 1492 1504 1506
f 51 1469 699
f 1469 383 1471
f 699 1471 183
f 1469 1471 699
f 383 1470 1472
f 1470 104 1464
f 1472 1464 381
f 1470 1464 1472
f 183 1465 698
f 1465 381 1463
f 698 1463 5
f 1465 1463 698
f 383 1472 1471
f 1472 381 1465
f 1471 1465 183
f 1472 1465 1471
f 106 1503 1494
f 1503 392 1507
f 1494 1507 390
f 1503 1507 1494
f 392 1502 1505
f 1502 104 1470
f 1505 1470 383
f 1502 1470 1505
f 390 1496 1493
f 1496 383 1469
f 1493 1469 51
f 1496 1469 1493
f 392 1505 1507
f 1505 383 1496
f 1507 1496 390
f 1505 1496 1507
f 30 1525 1432
f 1525 397 1528
f 1432 1528 374
f 1525 1528 1432
f 397 1526 1542
f 1526 108 1539
f 1542 1539 400
f 1526 1539 1542
f 374 1540 1433
f 1540 400 1538
f 1433 1538 102
f 1540 1538 1433
f 397 1542 1528
f 1542 400 1540
f 1528 1540 374
f 1542 1540 1528
f 108 1530 1550
f 1530 398 1553
f 1550 1553 402
f 1530 1553 1550
f 398 1529 1532
f 1529 31 1490
f 1532 1490 389
f 1529 1490 1532
f 402 1551 1549
f 1551 389 1491
f 1549 1491 106
f 1551 1491 1549
f 398 1532 1553
f 1532 389 1551
f 1553 1551 402
f 1532 1551 1553
f 102 1498 1430
f 1498 391 1500
f 1430 1500 373
f 1498 1500 1430
f 391 1499 1501
f 1499 106 1487
f 1501 1487 388
f 1499 1487 1501
f 373 1489 1429
f 1489 388 1486
f 1429 1486 16
f 1489 1486 1429
f 391 1501 1500
f 1501 388 1489
f 1500 1489 373
f 1501 1489 1500
f 108 1550 1539
f 1550 402 1554
f 1539 1554 400
f 1550 1554 1539
f 402 1549 1552
f 1549 106 1499
f 1552 1499 391
f 1549 1499 1552
f 400 1541 1538
f 1541 391 1498
f 1538 1498 102
f 1541 1498 1538
f 402 1552 1554
f 1552 391 1541
f 1554 1541 400
f 1552 1541 1554
f 4 689 655
f 689 180 691
f 655 691 169
f 689 691 655
f 180 690 697
f 690 50 695
f 697 695 182
f 690 695 697
f 169 696 656
f 696 182 694
f 656 694 46
f 696 694 656
f 180 697 691
f 697 182 696
f 691 696 169
f 697 696 691
f 50 693 723
f 693 181 725
f 723 725 190
f 693 725 723
f 181 692 713
f 692 16 711
f 713 711 187
f 692 711 713
f 190 727 724
f 727 187 712
f 724 712 52
f 727 712 724
f 181 713 725
f 713 187 727
f 725 727 190
f 713 727 725
f 46 714 658
f 714 188 716
f 658 716 170
f 714 716 658
f 188 715 718
f 715 52 708
f 718 708 186
f 715 708 718
f 170 709 657
f 709 186 707
f 657 707 14
f 709 707 657
f 188 718 716
f 718 186 709
f 716 709 170
f 718 709 716
f 50 723 695
f 723 190 726
f 695 726 182
f 723 726 695
f 190 724 728
f 724 52 715
f 728 715 188
f 724 715 728
f 182 717 694
f 717 188 714
f 694 714 46
f 717 714 694
f 190 728 726
f 728 188 717
f 726 717 182
f 728 717 726
f 16 701 733
f 701 184 735
f 733 735 192
f 701 735 733
f 184 702 749
f 702 51 747
f 749 747 195
f 702 747 749
f 192 751 734
f 751 195 748
f 734 748 53
f 751 748 734
f 184 749 735
f 749 195 751
f 735 751 192
f 749 751 735
f 51 699 704
f 699 183 706
f 704 706 185
f 699 706 704
f 183 698 700
f 698 5 668
f 700 668 174
f 698 668 700
f 185 705 703
f 705 174 669
f 703 669 48
f 705 669 703
f 183 700 706
f 700 174 705
f 706 705 185
f 700 705 706
f 53 738 730
f 738 193 741
f 730 741 191
f 738 741 730
f 193 737 739
f 737 48 671
f 739 671 175
f 737 671 739
f 191 731 729
f 731 175 670
f 729 670 15
f 731 670 729
f 193 739 741
f 739 175 731
f 741 731 191
f 739 731 741
f 51 704 747
f 704 185 750
f 747 750 195
f 704 750 747
f 185 703 740
f 703 48 737
f 740 737 193
f 703 737 740
f 195 752 748
f 752 193 738
f 748 738 53
f 752 738 748
f 185 740 750
f 740 193 752
f 750 752 195
f 740 752 750
f 14 672 653
f 672 176 674
f 653 674 168
f 672 674 653
f 176 673 682
f 673 49 679
f 682 679 178
f 673 679 682
f 168 680 654
f 680 178 678
f 654 678 45
f 680 678 654
f 176 682 674
f 682 178 680
f 674 680 168
f 682 680 674
f 49 676 684
f 676 177 687
f 684 687 179
f 676 687 684
f 177 675 677
f 675 15 662
f 677 662 172
f 675 662 677
f 179 685 683
f 685 172 663
f 683 663 47
f 685 663 683
f 177 677 687
f 677 172 685
f 687 685 179
f 677 685 687
f 45 664 652
f 664 173 666
f 652 666 167
f 664 666 652
f 173 665 667
f 665 47 660
f 667 660 171
f 665 660 667
f 167 661 651
f 661 171 659
f 651 659 3
f 661 659 651
f 173 667 666
f 667 171 661
f 666 661 167
f 667 661 666
f 49 684 679
f 684 179 688
f 679 688 178
f 684 688 679
f 179 683 686
f 683 47 665
f 686 665 173
f 683 665 686
f 178 681 678
f 681 173 664
f 678 664 45
f 681 664 678
f 179 686 688
f 686 173 681
f 688 681 178
f 686 681 688
f 16 733 711
f 733 192 736
f 711 736 187
f 733 736 711
f 192 734 757
f 734 53 754
f 757 754 196
f 734 754 757
f 187 755 712
f 755 196 753
f 712 753 52
f 755 753 712
f 192 757 736
f 757 196 755
f 736 755 187
f 757 755 736
f 53 730 743
f 730 191 746
f 743 746 194
f 730 746 743
f 191 729 732
f 729 15 675
f 732 675 177
f 729 675 732
f 194 744 742
f 744 177 676
f 742 676 49
f 744 676 742
f 191 732 746
f 732 177 744
f 746 744 194
f 732 744 746
f 52 720 708
f 720 189 722
f 708 722 186
f 720 722 708
f 189 719 721
f 719 49 673
f 721 673 176
f 719 673 721
f 186 710 707
f 710 176 672
f 707 672 14
f 710 672 707
f 189 721 722
f 721 176 710
f 722 710 186
f 721 710 722
f 53 743 754
f 743 194 758
f 754 758 196
f 743 758 754
f 194 742 745
f 742 49 719
f 745 719 189
f 742 719 745
f 196 756 753
f 756 189 720
f 753 720 52
f 756 720 753
f 194 745 758
f 745 189 756
f 758 756 196
f 745 756 758
f 4 655 897
f 655 169 899
f 897 899 236
f 655 899 897
f 169 656 904
f 656 46 902
f 904 902 238
f 656 902 904
f 236 905 898
f 905 238 903
f 898 903 66
f 905 903 898
f 169 904 899
f 904 238 905
f 899 905 236
f 904 905 899
f 46 658 922
f 658 170 924
f 922 924 244
f 658 924 922
f 170 657 917
f 657 14 915
f 917 915 242
f 657 915 917
f 244 926 923
f 926 242 916
f 923 916 68
f 926 916 923
f 170 917 924
f 917 242 926
f 924 926 244
f 917 926 924
f 66 931 901
f 931 246 933
f 901 933 237
f 931 933 901
f 246 932 935
f 932 68 920
f 935 920 243
f 932 920 935
f 237 921 900
f 921 243 919
f 900 919 21
f 921 919 900
f 246 935 933
f 935 243 921
f 933 921 237
f 935 921 933
f 46 922 902
f 922 244 925
f 902 925 238
f 922 925 902
f 244 923 936
f 923 68 932
f 936 932 246
f 923 932 936
f 238 934 903
f 934 246 931
f 903 931 66
f 934 931 903
f 244 936 925
f 936 246 934
f 925 934 238
f 936 934 925
f 14 653 880
f 653 168 882
f 880 882 232
f 653 882 880
f 168 654 888
f 654 45 886
f 888 886 234
f 654 886 888
f 232 890 881
f 890 234 887
f 881 887 65
f 890 887 881
f 168 888 882
f 888 234 890
f 882 890 232
f 888 890 882
f 45 652 872
f 652 167 874
f 872 874 229
f 652 874 872
f 167 651 869
f 651 3 867
f 869 867 227
f 651 867 869
f 229 875 873
f 875 227 868
f 873 868 63
f 875 868 873
f 167 869 874
f 869 227 875
f 874 875 229
f 869 875 874
f 65 892 884
f 892 235 895
f 884 895 233
f 892 895 884
f 235 891 893
f 891 63 871
f 893 871 228
f 891 871 893
f 233 885 883
f 885 228 870
f 883 870 20
f 885 870 883
f 235 893 895
f 893 228 885
f 895 885 233
f 893 885 895
f 45 872 886
f 872 229 889
f 886 889 234
f 872 889 886
f 229 873 894
f 873 63 891
f 894 891 235
f 873 891 894
f 234 896 887
f 896 235 892
f 887 892 65
f 896 892 887
f 229 894 889
f 894 235 896
f 889 896 234
f 894 896 889
f 21 941 909
f 941 248 943
f 909 943 240
f 941 943 909
f 248 942 959
f 942 69 956
f 959 956 251
f 942 956 959
f 240 957 910
f 957 251 955
f 910 955 67
f 957 955 910
f 248 959 943
f 959 251 957
f 943 957 240
f 959 957 943
f 69 938 946
f 938 247 949
f 946 949 249
f 938 949 946
f 247 937 939
f 937 20 878
f 939 878 231
f 937 878 939
f 249 947 945
f 947 231 879
f 945 879 64
f 947 879 945
f 247 939 949
f 939 231 947
f 949 947 249
f 939 947 949
f 67 912 907
f 912 241 914
f 907 914 239
f 912 914 907
f 241 911 913
f 911 64 877
f 913 877 230
f 911 877 913
f 239 908 906
f 908 230 876
f 906 876 7
f 908 876 906
f 241 913 914
f 913 230 908
f 914 908 239
f 913 908 914
f 69 946 956
f 946 249 960
f 956 960 251
f 946 960 956
f 249 945 948
f 945 64 911
f 948 911 241
f 945 911 948
f 251 958 955
f 958 241 912
f 955 912 67
f 958 912 955
f 249 948 960
f 948 241 958
f 960 958 251
f 948 958 960
f 14 880 915
f 880 232 918
f 915 918 242
f 880 918 915
f 232 881 929
f 881 65 927
f 929 927 245
f 881 927 929
f 242 930 916
f 930 245 928
f 916 928 68
f 930 928 916
f 232 929 918
f 929 245 930
f 918 930 242
f 929 930 918
f 65 884 950
f 884 233 952
f 950 952 250
f 884 952 950
f 233 883 940
f 883 20 937
f 940 937 247
f 883 937 940
f 250 954 951
f 954 247 938
f 951 938 69
f 954 938 951
f 233 940 952
f 940 247 954
f 952 954 250
f 940 954 952
f 68 961 920
f 961 252 963
f 920 963 243
f 961 963 920
f 252 962 965
f 962 69 942
f 965 942 248
f 962 942 965
f 243 944 919
f 944 248 941
f 919 941 21
f 944 941 919
f 252 965 963
f 965 248 944
f 963 944 243
f 965 944 963
f 65 950 927
f 950 250 953
f 927 953 245
f 950 953 927
f 250 951 966
f 951 69 962
f 966 962 252
f 951 962 966
f 245 964 928
f 964 252 961
f 928 961 68
f 964 961 928
f 250 966 953
f 966 252 964
f 953 964 245
f 966 964 953
f 4 897 1105
f 897 236 1107
f 1105 1107 292
f 897 1107 1105
f 236 898 1112
f 898 66 1110
f 1112 1110 294
f 898 1110 1112
f 292 1113 1106
f 1113 294 1111
f 1106 1111 82
f 1113 1111 1106
f 236 1112 1107
f 1112 294 1113
f 1107 1113 292
f 1112 1113 1107
f 66 901 1124
f 901 237 1126
f 1124 1126 299
f 901 1126 1124
f 237 900 1120
f 900 21 1118
f 1120 1118 297
f 900 1118 1120
f 299 1128 1125
f 1128 297 1119
f 1125 1119 84
f 1128 1119 1125
f 237 1120 1126
f 1120 297 1128
f 1126 1128 299
f 1120 1128 1126
f 82 1129 1109
f 1129 300 1131
f 1109 1131 293
f 1129 1131 1109
f 300 1130 1133
f 1130 84 1122
f 1133 1122 298
f 1130 1122 1133
f 293 1123 1108
f 1123 298 1121
f 1108 1121 26
f 1123 1121 1108
f 300 1133 1131
f 1133 298 1123
f 1131 1123 293
f 1133 1123 1131
f 66 1124 1110
f 1124 299 1127
f 1110 1127 294
f 1124 1127 1110
f 299 1125 1134
f 1125 84 1130
f 1134 1130 300
f 1125 1130 1134
f 294 1132 1111
f 1132 300 1129
f 1111 1129 82
f 1132 1129 1111
f 299 1134 1127
f 1134 300 1132
f 1127 1132 294
f 1134 1132 1127
f 21 909 1158
f 909 240 1160
f 1158 1160 308
f 909 1160 1158
f 240 910 1167
f 910 67 1165
f 1167 1165 310
f 910 1165 1167
f 308 1169 1159
f 1169 310 1166
f 1159 1166 87
f 1169 1166 1159
f 240 1167 1160
f 1167 310 1169
f 1160 1169 308
f 1167 1169 1160
f 67 907 1141
f 907 239 1143
f 1141 1143 303
f 907 1143 1141
f 239 906 1137
f 906 7 1135
f 1137 1135 301
f 906 1135 1137
f 303 1144 1142
f 1144 301 1136
f 1142 1136 85
f 1144 1136 1142
f 239 1137 1143
f 1137 301 1144
f 1143 1144 303
f 1137 1144 1143
f 87 1175 1163
f 1175 312 1178
f 1163 1178 309
f 1175 1178 1163
f 312 1174 1176
f 1174 85 1140
f 1176 1140 302
f 1174 1140 1176
f 309 1164 1162
f 1164 302 1139
f 1162 1139 27
f 1164 1139 1162
f 312 1176 1178
f 1176 302 1164
f 1178 1164 309
f 1176 1164 1178
f 67 1141 1165
f 1141 303 1168
f 1165 1168 310
f 1141 1168 1165
f 303 1142 1177
f 1142 85 1174
f 1177 1174 312
f 1142 1174 1177
f 310 1179 1166
f 1179 312 1175
f 1166 1175 87
f 1179 1175 1166
f 303 1177 1168
f 1177 312 1179
f 1168 1179 310
f 1177 1179 1168
f 26 1197 1116
f 1197 317 1199
f 1116 1199 296
f 1197 1199 1116
f 317 1198 1209
f 1198 89 1206
f 1209 1206 319
f 1198 1206 1209
f 296 1207 1117
f 1207 319 1205
f 1117 1205 83
f 1207 1205 1117
f 317 1209 1199
f 1209 319 1207
f 1199 1207 296
f 1209 1207 1199
f 89 1202 1216
f 1202 318 1219
f 1216 1219 321
f 1202 1219 1216
f 318 1201 1203
f 1201 27 1152
f 1203 1152 306
f 1201 1152 1203
f 321 1217 1215
f 1217 306 1153
f 1215 1153 86
f 1217 1153 1215
f 318 1203 1219
f 1203 306 1217
f 1219 1217 321
f 1203 1217 1219
f 83 1154 1115
f 1154 307 1156
f 1115 1156 295
f 1154 1156 1115
f 307 1155 1157
f 1155 86 1150
f 1157 1150 305
f 1155 1150 1157
f 295 1151 1114
f 1151 305 1149
f 1114 1149 9
f 1151 1149 1114
f 307 1157 1156
f 1157 305 1151
f 1156 1151 295
f 1157 1151 1156
f 89 1216 1206
f 1216 321 1220
f 1206 1220 319
f 1216 1220 1206
f 321 1215 1218
f 1215 86 1155
f 1218 1155 307
f 1215 1155 1218
f 319 1208 1205
f 1208 307 1154
f 1205 1154 83
f 1208 1154 1205
f 321 1218 1220
f 1218 307 1208
f 1220 1208 319
f 1218 1208 1220
f 21 1158 1118
f 1158 308 1161
f 1118 1161 297
f 1158 1161 1118
f 308 1159 1173
f 1159 87 1171
f 1173 1171 311
f 1159 1171 1173
f 297 1172 1119
f 1172 311 1170
f 1119 1170 84
f 1172 1170 1119
f 308 1173 1161
f 1173 311 1172
f 1161 1172 297
f 1173 1172 1161
f 87 1163 1221
f 1163 309 1223
f 1221 1223 322
f 1163 1223 1221
f 309 1162 1204
f 1162 27 1201
f 1204 1201 318
f 1162 1201 1204
f 322 1225 1222
f 1225 318 1202
f 1222 1202 89
f 1225 1202 1222
f 309 1204 1223
f 1204 318 1225
f 1223 1225 322
f 1204 1225 1223
f 84 1210 1122
f 1210 320 1212
f 1122 1212 298
f 1210 1212 1122
f 320 1211 1214
f 1211 89 1198
f 1214 1198 317
f 1211 1198 1214
f 298 1200 1121
f 1200 317 1197
f 1121 1197 26
f 1200 1197 1121
f 320 1214 1212
f 1214 317 1200
f 1212 1200 298
f 1214 1200 1212
f 87 1221 1171
f 1221 322 1224
f 1171 1224 311
f 1221 1224 1171
f 322 1222 1226
f 1222 89 1211
f 1226 1211 320
f 1222 1211 1226
f 311 1213 1170
f 1213 320 1210
f 1170 1210 84
f 1213 1210 1170
f 322 1226 1224
f 1226 320 1213
f 1224 1213 311
f 1226 1213 1224
f 4 1105 1411
f 1105 292 1414
f 1411 1414 367
f 1105 1414 1411
f 292 1106 1423
f 1106 82 1421
f 1423 1421 370
f 1106 1421 1423
f 367 1424 1412
f 1424 370 1422
f 1412 1422 100
f 1424 1422 1412
f 292 1423 1414
f 1423 370 1424
f 1414 1424 367
f 1423 1424 1414
f 82 1109 1452
f 1109 293 1454
f 1452 1454 379
f 1109 1454 1452
f 293 1108 1448
f 1108 26 1446
f 1448 1446 377
f 1108 1446 1448
f 379 1456 1453
f 1456 377 1447
f 1453 1447 103
f 1456 1447 1453
f 293 1448 1454
f 1448 377 1456
f 1454 1456 379
f 1448 1456 1454
f 100 1457 1416
f 1457 380 1459
f 1416 1459 368
f 1457 1459 1416
f 380 1458 1461
f 1458 103 1450
f 1461 1450 378
f 1458 1450 1461
f 368 1451 1415
f 1451 378 1449
f 1415 1449 30
f 1451 1449 1415
f 380 1461 1459
f 1461 378 1451
f 1459 1451 368
f 1461 1451 1459
f 82 1452 1421
f 1452 379 1455
f 1421 1455 370
f 1452 1455 1421
f 379 1453 1462
f 1453 103 1458
f 1462 1458 380
f 1453 1458 1462
f 370 1460 1422
f 1460 380 1457
f 1422 1457 100
f 1460 1457 1422
f 379 1462 1455
f 1462 380 1460
f 1455 1460 370
f 1462 1460 1455
f 26 1116 1737
f 1116 296 1739
f 1737 1739 446
f 1116 1739 1737
f 296 1117 1746
f 1117 83 1744
f 1746 1744 448
f 1117 1744 1746
f 446 1748 1738
f 1748 448 1745
f 1738 1745 118
f 1748 1745 1738
f 296 1746 1739
f 1746 448 1748
f 1739 1748 446
f 1746 1748 1739
f 83 1115 1697
f 1115 295 1699
f 1697 1699 436
f 1115 1699 1697
f 295 1114 1690
f 1114 9 1687
f 1690 1687 433
f 1114 1687 1690
f 436 1700 1698
f 1700 433 1688
f 1698 1688 115
f 1700 1688 1698
f 295 1690 1699
f 1690 433 1700
f 1699 1700 436
f 1690 1700 1699
f 118 1754 1742
f 1754 450 1757
f 1742 1757 447
f 1754 1757 1742
f 450 1753 1755
f 1753 115 1692
f 1755 1692 434
f 1753 1692 1755
f 447 1743 1741
f 1743 434 1691
f 1741 1691 33
f 1743 1691 1741
f 450 1755 1757
f 1755 434 1743
f 1757 1743 447
f 1755 1743 1757
f 83 1697 1744
f 1697 436 1747
f 1744 1747 448
f 1697 1747 1744
f 436 1698 1756
f 1698 115 1753
f 1756 1753 450
f 1698 1753 1756
f 448 1758 1745
f 1758 450 1754
f 1745 1754 118
f 1758 1754 1745
f 436 1756 1747
f 1756 450 1758
f 1747 1758 448
f 1756 1758 1747
f 30 1789 1427
f 1789 457 1791
f 1427 1791 372
f 1789 1791 1427
f 457 1790 1801
f 1790 120 1798
f 1801 1798 459
f 1790 1798 1801
f 372 1799 1428
f 1799 459 1797
f 1428 1797 101
f 1799 1797 1428
f 457 1801 1791
f 1801 459 1799
f 1791 1799 372
f 1801 1799 1791
f 120 1794 1808
f 1794 458 1811
f 1808 1811 461
f 1794 1811 1808
f 458 1793 1795
f 1793 33 1705
f 1795 1705 438
f 1793 1705 1795
f 461 1809 1807
f 1809 438 1706
f 1807 1706 116
f 1809 1706 1807
f 458 1795 1811
f 1795 438 1809
f 1811 1809 461
f 1795 1809 1811
f 101 1711 1426
f 1711 440 1713
f 1426 1713 371
f 1711 1713 1426
f 440 1712 1714
f 1712 116 1702
f 1714 1702 437
f 1712 1702 1714
f 371 1704 1425
f 1704 437 1701
f 1425 1701 10
f 1704 1701 1425
f 440 1714 1713
f 1714 437 1704
f 1713 1704 371
f 1714 1704 1713
f 120 1808 1798
f 1808 461 1812
f 1798 1812 459
f 1808 1812 1798
f 461 1807 1810
f 1807 116 1712
f 1810 1712 440
f 1807 1712 1810
f 459 1800 1797
f 1800 440 1711
f 1797 1711 101
f 1800 1711 1797
f 461 1810 1812
f 1810 440 1800
f 1812 1800 459
f 1810 1800 1812
f 26 1737 1446
f 1737 446 1740
f 1446 1740 377
f 1737 1740 1446
f 446 1738 1752
f 1738 118 1750
f 1752 1750 449
f 1738 1750 1752
f 377 1751 1447
f 1751 449 1749
f 1447 1749 103
f 1751 1749 1447
f 446 1752 1740
f 1752 449 1751
f 1740 1751 377
f 1752 1751 1740
f 118 1742 1813
f 1742 447 1815
f 1813 1815 462
f 1742 1815 1813
f 447 1741 1796
f 1741 33 1793
f 1796 1793 458
f 1741 1793 1796
f 462 1817 1814
f 1817 458 1794
f 1814 1794 120
f 1817 1794 1814
f 447 1796 1815
f 1796 458 1817
f 1815 1817 462
f 1796 1817 1815
f 103 1802 1450
f 1802 460 1804
f 1450 1804 378
f 1802 1804 1450
f 460 1803 1806
f 1803 120 1790
f 1806 1790 457
f 1803 1790 1806
f 378 1792 1449
f 1792 457 1789
f 1449 1789 30
f 1792 1789 1449
f 460 1806 1804
f 1806 457 1792
f 1804 1792 378
f 1806 1792 1804
f 118 1813 1750
f 1813 462 1816
f 1750 1816 449
f 1813 1816 1750
f 462 1814 1818
f 1814 120 1803
f 1818 1803 460
f 1814 1803 1818
f 449 1805 1749
f 1805 460 1802
f 1749 1802 103
f 1805 1802 1749
f 462 1818 1816
f 1818 460 1805
f 1816 1805 449
f 1818 1805 1816
f 5 1463 859
f 1463 381 1466
f 859 1466 223
f 1463 1466 859
f 381 1464 1476
f 1464 104 1474
f 1476 1474 384
f 1464 1474 1476
f 223 1475 860
f 1475 384 1473
f 860 1473 61
f 1475 1473 860
f 381 1476 1466
f 1476 384 1475
f 1466 1475 223
f 1476 1475 1466
f 104 1468 1519
f 1468 382 1521
f 1519 1521 396
f 1468 1521 1519
f 382 1467 1513
f 1467 31 1511
f 1513 1511 394
f 1467 1511 1513
f 396 1523 1520
f 1523 394 1512
f 1520 1512 107
f 1523 1512 1520
f 382 1513 1521
f 1513 394 1523
f 1521 1523 396
f 1513 1523 1521
f 61 1514 862
f 1514 395 1516
f 862 1516 224
f 1514 1516 862
f 395 1515 1518
f 1515 107 1509
f 1518 1509 393
f 1515 1509 1518
f 224 1510 861
f 1510 393 1508
f 861 1508 19
f 1510 1508 861
f 395 1518 1516
f 1518 393 1510
f 1516 1510 224
f 1518 1510 1516
f 104 1519 1474
f 1519 396 1522
f 1474 1522 384
f 1519 1522 1474
f 396 1520 1524
f 1520 107 1515
f 1524 1515 395
f 1520 1515 1524
f 384 1517 1473
f 1517 395 1514
f 1473 1514 61
f 1517 1514 1473
f 396 1524 1522
f 1524 395 1517
f 1522 1517 384
f 1524 1517 1522
f 31 1480 1657
f 1480 386 1659
f 1657 1659 427
f 1480 1659 1657
f 386 1481 1667
f 1481 105 1665
f 1667 1665 429
f 1481 1665 1667
f 427 1669 1658
f 1669 429 1666
f 1658 1666 114
f 1669 1666 1658
f 386 1667 1659
f 1667 429 1669
f 1659 1669 427
f 1667 1669 1659
f 105 1478 1579
f 1478 385 1581
f 1579 1581 410
f 1478 1581 1579
f 385 1477 1572
f 1477 10 1569
f 1572 1569 407
f 1477 1569 1572
f 410 1582 1580
f 1582 407 1570
f 1580 1570 110
f 1582 1570 1580
f 385 1572 1581
f 1572 407 1582
f 1581 1582 410
f 1572 1582 1581
f 114 1676 1662
f 1676 431 1679
f 1662 1679 428
f 1676 1679 1662
f 431 1675 1677
f 1675 110 1574
f 1677 1574 408
f 1675 1574 1677
f 428 1663 1661
f 1663 408 1573
f 1661 1573 32
f 1663 1573 1661
f 431 1677 1679
f 1677 408 1663
f 1679 1663 428
f 1677 1663 1679
f 105 1579 1665
f 1579 410 1668
f 1665 1668 429
f 1579 1668 1665
f 410 1580 1678
f 1580 110 1675
f 1678 1675 431
f 1580 1675 1678
f 429 1680 1666
f 1680 431 1676
f 1666 1676 114
f 1680 1676 1666
f 410 1678 1668
f 1678 431 1680
f 1668 1680 429
f 1678 1680 1668
f 19 1605 865
f 1605 416 1607
f 865 1607 226
f 1605 1607 865
f 416 1606 1616
f 1606 112 1613
f 1616 1613 418
f 1606 1613 1616
f 226 1614 866
f 1614 418 1612
f 866 1612 62
f 1614 1612 866
f 416 1616 1607
f 1616 418 1614
f 1607 1614 226
f 1616 1614 1607
f 112 1610 1622
f 1610 417 1625
f 1622 1625 420
f 1610 1625 1622
f 417 1609 1611
f 1609 32 1559
f 1611 1559 404
f 1609 1559 1611
f 420 1623 1621
f 1623 404 1560
f 1621 1560 109
f 1623 1560 1621
f 417 1611 1625
f 1611 404 1623
f 1625 1623 420
f 1611 1623 1625
f 62 1565 864
f 1565 406 1567
f 864 1567 225
f 1565 1567 864
f 406 1566 1568
f 1566 109 1556
f 1568 1556 403
f 1566 1556 1568
f 225 1558 863
f 1558 403 1555
f 863 1555 6
f 1558 1555 863
f 406 1568 1567
f 1568 403 1558
f 1567 1558 225
f 1568 1558 1567
f 112 1622 1613
f 1622 420 1626
f 1613 1626 418
f 1622 1626 1613
f 420 1621 1624
f 1621 109 1566
f 1624 1566 406
f 1621 1566 1624
f 418 1615 1612
f 1615 406 1565
f 1612 1565 62
f 1615 1565 1612
f 420 1624 1626
f 1624 406 1615
f 1626 1615 418
f 1624 1615 1626
f 31 1657 1511
f 1657 427 1660
f 1511 1660 394
f 1657 1660 1511
f 427 1658 1674
f 1658 114 1671
f 1674 1671 430
f 1658 1671 1674
f 394 1672 1512
f 1672 430 1670
f 1512 1670 107
f 1672 1670 1512
f 427 1674 1660
f 1674 430 1672
f 1660 1672 394
f 1674 1672 1660
f 114 1662 1682
f 1662 428 1685
f 1682 1685 432
f 1662 1685 1682
f 428 1661 1664
f 1661 32 1609
f 1664 1609 417
f 1661 1609 1664
f 432 1683 1681
f 1683 417 1610
f 1681 1610 112
f 1683 1610 1681
f 428 1664 1685
f 1664 417 1683
f 1685 1683 432
f 1664 1683 1685
f 107 1617 1509
f 1617 419 1619
f 1509 1619 393
f 1617 1619 1509
f 419 1618 1620
f 1618 112 1606
f 1620 1606 416
f 1618 1606 1620
f 393 1608 1508
f 1608 416 1605
f 1508 1605 19
f 1608 1605 1508
f 419 1620 1619
f 1620 416 1608
f 1619 1608 393
f 1620 1608 1619
f 114 1682 1671
f 1682 432 1686
f 1671 1686 430
f 1682 1686 1671
f 432 1681 1684
f 1681 112 1618
f 1684 1618 419
f 1681 1618 1684
f 430 1673 1670
f 1673 419 1617
f 1670 1617 107
f 1673 1617 1670
f 432 1684 1686
f 1684 419 1673
f 1686 1673 430
f 1684 1673 1686
f 3 659 2155
f 659 171 2157
f 2155 2157 547
f 659 2157 2155
f 171 660 2163
f 660 47 2161
f 2163 2161 549
f 660 2161 2163
f 547 2164 2156
f 2164 549 2162
f 2156 2162 142
f 2164 2162 2156
f 171 2163 2157
f 2163 549 2164
f 2157 2164 547
f 2163 2164 2157
f 47 663 2179
f 663 172 2181
f 2179 2181 555
f 663 2181 2179
f 172 662 2175
f 662 15 2173
f 2175 2173 553
f 662 2173 2175
f 555 2183 2180
f 2183 553 2174
f 2180 2174 144
f 2183 2174 2180
f 172 2175 2181
f 2175 553 2183
f 2181 2183 555
f 2175 2183 2181
f 142 2184 2160
f 2184 556 2186
f 2160 2186 548
f 2184 2186 2160
f 556 2185 2188
f 2185 144 2177
f 2188 2177 554
f 2185 2177 2188
f 548 2178 2159
f 2178 554 2176
f 2159 2176 39
f 2178 2176 2159
f 556 2188 2186
f 2188 554 2178
f 2186 2178 548
f 2188 2178 2186
f 47 2179 2161
f 2179 555 2182
f 2161 2182 549
f 2179 2182 2161
f 555 2180 2189
f 2180 144 2185
f 2189 2185 556
f 2180 2185 2189
f 549 2187 2162
f 2187 556 2184
f 2162 2184 142
f 2187 2184 2162
f 555 2189 2182
f 2189 556 2187
f 2182 2187 549
f 2189 2187 2182
f 15 670 2230
f 670 175 2232
f 2230 2232 568
f 670 2232 2230
f 175 671 2239
f 671 48 2237
f 2239 2237 570
f 671 2237 2239
f 568 2241 2231
f 2241 570 2238
f 2231 2238 148
f 2241 2238 2231
f 175 2239 2232
f 2239 570 2241
f 2232 2241 568
f 2239 2241 2232
f 48 669 2213
f 669 174 2215
f 2213 2215 563
f 669 2215 2213
f 174 668 2209
f 668 5 2207
f 2209 2207 561
f 668 2207 2209
f 563 2216 2214
f 2216 561 2208
f 2214 2208 146
f 2216 2208 2214
f 174 2209 2215
f 2209 561 2216
f 2215 2216 563
f 2209 2216 2215
f 148 2247 2235
f 2247 572 2250
f 2235 2250 569
f 2247 2250 2235
f 572 2246 2248
f 2246 146 2212
f 2248 2212 562
f 2246 2212 2248
f 569 2236 2234
f 2236 562 2211
f 2234 2211 40
f 2236 2211 2234
f 572 2248 2250
f 2248 562 2236
f 2250 2236 569
f 2248 2236 2250
f 48 2213 2237
f 2213 563 2240
f 2237 2240 570
f 2213 2240 2237
f 563 2214 2249
f 2214 146 2246
f 2249 2246 572
f 2214 2246 2249
f 570 2251 2238
f 2251 572 2247
f 2238 2247 148
f 2251 2247 2238
f 563 2249 2240
f 2249 572 2251
f 2240 2251 570
f 2249 2251 2240
f 39 2269 2171
f 2269 577 2271
f 2171 2271 552
f 2269 2271 2171
f 577 2270 2281
f 2270 150 2278
f 2281 2278 579
f 2270 2278 2281
f 552 2279 2172
f 2279 579 2277
f 2172 2277 143
f 2279 2277 2172
f 577 2281 2271
f 2281 579 2279
f 2271 2279 552
f 2281 2279 2271
f 150 2274 2288
f 2274 578 2291
f 2288 2291 581
f 2274 2291 2288
f 578 2273 2275
f 2273 40 2224
f 2275 2224 566
f 2273 2224 2275
f 581 2289 2287
f 2289 566 2225
f 2287 2225 147
f 2289 2225 2287
f 578 2275 2291
f 2275 566 2289
f 2291 2289 581
f 2275 2289 2291
f 143 2226 2170
f 2226 567 2228
f 2170 2228 551
f 2226 2228 2170
f 567 2227 2229
f 2227 147 2222
f 2229 2222 565
f 2227 2222 2229
f 551 2223 2169
f 2223 565 2221
f 2169 2221 12
f 2223 2221 2169
f 567 2229 2228
f 2229 565 2223
f 2228 2223 551
f 2229 2223 2228
f 150 2288 2278
f 2288 581 2292
f 2278 2292 579
f 2288 2292 2278
f 581 2287 2290
f 2287 147 2227
f 2290 2227 567
f 2287 2227 2290
f 579 2280 2277
f 2280 567 2226
f 2277 2226 143
f 2280 2226 2277
f 581 2290 2292
f 2290 567 2280
f 2292 2280 579
f 2290 2280 2292
f 15 2230 2173
f 2230 568 2233
f 2173 2233 553
f 2230 2233 2173
f 568 2231 2245
f 2231 148 2243
f 2245 2243 571
f 2231 2243 2245
f 553 2244 2174
f 2244 571 2242
f 2174 2242 144
f 2244 2242 2174
f 568 2245 2233
f 2245 571 2244
f 2233 2244 553
f 2245 2244 2233
f 148 2235 2293
f 2235 569 2295
f 2293 2295 582
f 2235 2295 2293
f 569 2234 2276
f 2234 40 2273
f 2276 2273 578
f 2234 2273 2276
f 582 2297 2294
f 2297 578 2274
f 2294 2274 150
f 2297 2274 2294
f 569 2276 2295
f 2276 578 2297
f 2295 2297 582
f 2276 2297 2295
f 144 2282 2177
f 2282 580 2284
f 2177 2284 554
f 2282 2284 2177
f 580 2283 2286
f 2283 150 2270
f 2286 2270 577
f 2283 2270 2286
f 554 2272 2176
f 2272 577 2269
f 2176 2269 39
f 2272 2269 2176
f 580 2286 2284
f 2286 577 2272
f 2284 2272 554
f 2286 2272 2284
f 148 2293 2243
f 2293 582 2296
f 2243 2296 571
f 2293 2296 2243
f 582 2294 2298
f 2294 150 2283
f 2298 2283 580
f 2294 2283 2298
f 571 2285 2242
f 2285 580 2282
f 2242 2282 144
f 2285 2282 2242
f 582 2298 2296
f 2298 580 2285
f 2296 2285 571
f 2298 2285 2296
f 7 876 1879
f 876 230 1881
f 1879 1881 481
f 876 1881 1879
f 230 877 1887
f 877 64 1885
f 1887 1885 483
f 877 1885 1887
f 481 1888 1880
f 1888 483 1886
f 1880 1886 127
f 1888 1886 1880
f 230 1887 1881
f 1887 483 1888
f 1881 1888 481
f 1887 1888 1881
f 64 879 1909
f 879 231 1911
f 1909 1911 490
f 879 1911 1909
f 231 878 1904
f 878 20 1902
f 1904 1902 488
f 878 1902 1904
f 490 1913 1910
f 1913 488 1903
f 1910 1903 129
f 1913 1903 1910
f 231 1904 1911
f 1904 488 1913
f 1911 1913 490
f 1904 1913 1911
f 127 1918 1884
f 1918 492 1920
f 1884 1920 482
f 1918 1920 1884
f 492 1919 1922
f 1919 129 1907
f 1922 1907 489
f 1919 1907 1922
f 482 1908 1883
f 1908 489 1906
f 1883 1906 36
f 1908 1906 1883
f 492 1922 1920
f 1922 489 1908
f 1920 1908 482
f 1922 1908 1920
f 64 1909 1885
f 1909 490 1912
f 1885 1912 483
f 1909 1912 1885
f 490 1910 1923
f 1910 129 1919
f 1923 1919 492
f 1910 1919 1923
f 483 1921 1886
f 1921 492 1918
f 1886 1918 127
f 1921 1918 1886
f 490 1923 1912
f 1923 492 1921
f 1912 1921 483
f 1923 1921 1912
f 20 870 1862
f 870 228 1864
f 1862 1864 477
f 870 1864 1862
f 228 871 1870
f 871 63 1868
f 1870 1868 479
f 871 1868 1870
f 477 1872 1863
f 1872 479 1869
f 1863 1869 126
f 1872 1869 1863
f 228 1870 1864
f 1870 479 1872
f 1864 1872 477
f 1870 1872 1864
f 63 868 1854
f 868 227 1856
f 1854 1856 474
f 868 1856 1854
f 227 867 1851
f 867 3 1849
f 1851 1849 472
f 867 1849 1851
f 474 1857 1855
f 1857 472 1850
f 1855 1850 124
f 1857 1850 1855
f 227 1851 1856
f 1851 472 1857
f 1856 1857 474
f 1851 1857 1856
f 126 1874 1866
f 1874 480 1877
f 1866 1877 478
f 1874 1877 1866
f 480 1873 1875
f 1873 124 1853
f 1875 1853 473
f 1873 1853 1875
f 478 1867 1865
f 1867 473 1852
f 1865 1852 35
f 1867 1852 1865
f 480 1875 1877
f 1875 473 1867
f 1877 1867 478
f 1875 1867 1877
f 63 1854 1868
f 1854 474 1871
f 1868 1871 479
f 1854 1871 1868
f 474 1855 1876
f 1855 124 1873
f 1876 1873 480
f 1855 1873 1876
f 479 1878 1869
f 1878 480 1874
f 1869 1874 126
f 1878 1874 1869
f 474 1876 1871
f 1876 480 1878
f 1871 1878 479
f 1876 1878 1871
f 36 1945 1896
f 1945 498 1947
f 1896 1947 486
f 1945 1947 1896
f 498 1946 1963
f 1946 131 1960
f 1963 1960 501
f 1946 1960 1963
f 486 1961 1897
f 1961 501 1959
f 1897 1959 128
f 1961 1959 1897
f 498 1963 1947
f 1963 501 1961
f 1947 1961 486
f 1963 1961 1947
f 131 1942 1950
f 1942 497 1953
f 1950 1953 499
f 1942 1953 1950
f 497 1941 1943
f 1941 35 1860
f 1943 1860 476
f 1941 1860 1943
f 499 1951 1949
f 1951 476 1861
f 1949 1861 125
f 1951 1861 1949
f 497 1943 1953
f 1943 476 1951
f 1953 1951 499
f 1943 1951 1953
f 128 1899 1894
f 1899 487 1901
f 1894 1901 485
f 1899 1901 1894
f 487 1898 1900
f 1898 125 1859
f 1900 1859 475
f 1898 1859 1900
f 485 1895 1893
f 1895 475 1858
f 1893 1858 11
f 1895 1858 1893
f 487 1900 1901
f 1900 475 1895
f 1901 1895 485
f 1900 1895 1901
f 131 1950 1960
f 1950 499 1964
f 1960 1964 501
f 1950 1964 1960
f 499 1949 1952
f 1949 125 1898
f 1952 1898 487
f 1949 1898 1952
f 501 1962 1959
f 1962 487 1899
f 1959 1899 128
f 1962 1899 1959
f 499 1952 1964
f 1952 487 1962
f 1964 1962 501
f 1952 1962 1964
f 20 1862 1902
f 1862 477 1905
f 1902 1905 488
f 1862 1905 1902
f 477 1863 1916
f 1863 126 1914
f 1916 1914 491
f 1863 1914 1916
f 488 1917 1903
f 1917 491 1915
f 1903 1915 129
f 1917 1915 1903
f 477 1916 1905
f 1916 491 1917
f 1905 1917 488
f 1916 1917 1905
f 126 1866 1954
f 1866 478 1956
f 1954 1956 500
f 1866 1956 1954
f 478 1865 1944
f 1865 35 1941
f 1944 1941 497
f 1865 1941 1944
f 500 1958 1955
f 1958 497 1942
f 1955 1942 131
f 1958 1942 1955
f 478 1944 1956
f 1944 497 1958
f 1956 1958 500
f 1944 1958 1956
f 129 1965 1907
f 1965 502 1967
f 1907 1967 489
f 1965 1967 1907
f 502 1966 1969
f 1966 131 1946
f 1969 1946 498
f 1966 1946 1969
f 489 1948 1906
f 1948 498 1945
f 1906 1945 36
f 1948 1945 1906
f 502 1969 1967
f 1969 498 1948
f 1967 1948 489
f 1969 1948 1967
f 126 1954 1914
f 1954 500 1957
f 1914 1957 491
f 1954 1957 1914
f 500 1955 1970
f 1955 131 1966
f 1970 1966 502
f 1955 1966 1970
f 491 1968 1915
f 1968 502 1965
f 1915 1965 129
f 1968 1965 1915
f 500 1970 1957
f 1970 502 1968
f 1957 1968 491
f 1970 1968 1957
f 9 1149 1241
f 1149 305 1244
f 1241 1244 327
f 1149 1244 1241
f 305 1150 1253
f 1150 86 1251
f 1253 1251 330
f 1150 1251 1253
f 327 1254 1242
f 1254 330 1252
f 1242 1252 91
f 1254 1252 1242
f 305 1253 1244
f 1253 330 1254
f 1244 1254 327
f 1253 1254 1244
f 86 1153 1337
f 1153 306 1339
f 1337 1339 349
f 1153 1339 1337
f 306 1152 1331
f 1152 27 1329
f 1331 1329 347
f 1152 1329 1331
f 349 1341 1338
f 1341 347 1330
f 1338 1330 95
f 1341 1330 1338
f 306 1331 1339
f 1331 347 1341
f 1339 1341 349
f 1331 1341 1339
f 91 1347 1246
f 1347 351 1349
f 1246 1349 328
f 1347 1349 1246
f 351 1348 1351
f 1348 95 1334
f 1351 1334 348
f 1348 1334 1351
f 328 1335 1245
f 1335 348 1333
f 1245 1333 28
f 1335 1333 1245
f 351 1351 1349
f 1351 348 1335
f 1349 1335 328
f 1351 1335 1349
f 86 1337 1251
f 1337 349 1340
f 1251 1340 330
f 1337 1340 1251
f 349 1338 1352
f 1338 95 1348
f 1352 1348 351
f 1338 1348 1352
f 330 1350 1252
f 1350 351 1347
f 1252 1347 91
f 1350 1347 1252
f 349 1352 1340
f 1352 351 1350
f 1340 1350 330
f 1352 1350 1340
f 27 1139 1183
f 1139 302 1185
f 1183 1185 314
f 1139 1185 1183
f 302 1140 1193
f 1140 85 1191
f 1193 1191 316
f 1140 1191 1193
f 314 1195 1184
f 1195 316 1192
f 1184 1192 88
f 1195 1192 1184
f 302 1193 1185
f 1193 316 1195
f 1185 1195 314
f 1193 1195 1185
f 85 1136 1146
f 1136 301 1148
f 1146 1148 304
f 1136 1148 1146
f 301 1135 1138
f 1135 7 1067
f 1138 1067 279
f 1135 1067 1138
f 304 1147 1145
f 1147 279 1068
f 1145 1068 77
f 1147 1068 1145
f 301 1138 1148
f 1138 279 1147
f 1148 1147 304
f 1138 1147 1148
f 88 1187 1181
f 1187 315 1190
f 1181 1190 313
f 1187 1190 1181
f 315 1186 1188
f 1186 77 1070
f 1188 1070 280
f 1186 1070 1188
f 313 1182 1180
f 1182 280 1069
f 1180 1069 24
f 1182 1069 1180
f 315 1188 1190
f 1188 280 1182
f 1190 1182 313
f 1188 1182 1190
f 85 1146 1191
f 1146 304 1194
f 1191 1194 316
f 1146 1194 1191
f 304 1145 1189
f 1145 77 1186
f 1189 1186 315
f 1145 1186 1189
f 316 1196 1192
f 1196 315 1187
f 1192 1187 88
f 1196 1187 1192
f 304 1189 1194
f 1189 315 1196
f 1194 1196 316
f 1189 1196 1194
f 28 1281 1231
f 1281 337 1283
f 1231 1283 324
f 1281 1283 1231
f 337 1282 1297
f 1282 93 1294
f 1297 1294 340
f 1282 1294 1297
f 324 1295 1232
f 1295 340 1293
f 1232 1293 90
f 1295 1293 1232
f 337 1297 1283
f 1297 340 1295
f 1283 1295 324
f 1297 1295 1283
f 93 1278 1285
f 1278 336 1288
f 1285 1288 338
f 1278 1288 1285
f 336 1277 1279
f 1277 24 1073
f 1279 1073 282
f 1277 1073 1279
f 338 1286 1284
f 1286 282 1074
f 1284 1074 78
f 1286 1074 1284
f 336 1279 1288
f 1279 282 1286
f 1288 1286 338
f 1279 1286 1288
f 90 1238 1228
f 1238 326 1240
f 1228 1240 323
f 1238 1240 1228
f 326 1237 1239
f 1237 78 1072
f 1239 1072 281
f 1237 1072 1239
f 323 1230 1227
f 1230 281 1071
f 1227 1071 8
f 1230 1071 1227
f 326 1239 1240
f 1239 281 1230
f 1240 1230 323
f 1239 1230 1240
f 93 1285 1294
f 1285 338 1298
f 1294 1298 340
f 1285 1298 1294
f 338 1284 1287
f 1284 78 1237
f 1287 1237 326
f 1284 1237 1287
f 340 1296 1293
f 1296 326 1238
f 1293 1238 90
f 1296 1238 1293
f 338 1287 1298
f 1287 326 1296
f 1298 1296 340
f 1287 1296 1298
f 27 1183 1329
f 1183 314 1332
f 1329 1332 347
f 1183 1332 1329
f 314 1184 1344
f 1184 88 1342
f 1344 1342 350
f 1184 1342 1344
f 347 1346 1330
f 1346 350 1343
f 1330 1343 95
f 1346 1343 1330
f 314 1344 1332
f 1344 350 1346
f 1332 1346 347
f 1344 1346 1332
f 88 1181 1289
f 1181 313 1291
f 1289 1291 339
f 1181 1291 1289
f 313 1180 1280
f 1180 24 1277
f 1280 1277 336
f 1180 1277 1280
f 339 1292 1290
f 1292 336 1278
f 1290 1278 93
f 1292 1278 1290
f 313 1280 1291
f 1280 336 1292
f 1291 1292 339
f 1280 1292 1291
f 95 1354 1334
f 1354 352 1357
f 1334 1357 348
f 1354 1357 1334
f 352 1353 1355
f 1353 93 1282
f 1355 1282 337
f 1353 1282 1355
f 348 1336 1333
f 1336 337 1281
f 1333 1281 28
f 1336 1281 1333
f 352 1355 1357
f 1355 337 1336
f 1357 1336 348
f 1355 1336 1357
f 88 1289 1342
f 1289 339 1345
f 1342 1345 350
f 1289 1345 1342
f 339 1290 1356
f 1290 93 1353
f 1356 1353 352
f 1290 1353 1356
f 350 1358 1343
f 1358 352 1354
f 1343 1354 95
f 1358 1354 1343
f 339 1356 1345
f 1356 352 1358
f 1345 1358 350
f 1356 1358 1345
f 10 1701 1373
f 1701 437 1703
f 1373 1703 357
f 1701 1703 1373
f 437 1702 1710
f 1702 116 1708
f 1710 1708 439
f 1702 1708 1710
f 357 1709 1374
f 1709 439 1707
f 1374 1707 97
f 1709 1707 1374
f 437 1710 1703
f 1710 439 1709
f 1703 1709 357
f 1710 1709 1703
f 116 1706 1777
f 1706 438 1779
f 1777 1779 455
f 1706 1779 1777
f 438 1705 1765
f 1705 33 1763
f 1765 1763 452
f 1705 1763 1765
f 455 1781 1778
f 1781 452 1764
f 1778 1764 119
f 1781 1764 1778
f 438 1765 1779
f 1765 452 1781
f 1779 1781 455
f 1765 1781 1779
f 97 1767 1376
f 1767 453 1769
f 1376 1769 358
f 1767 1769 1376
f 453 1768 1771
f 1768 119 1760
f 1771 1760 451
f 1768 1760 1771
f 358 1761 1375
f 1761 451 1759
f 1375 1759 29
f 1761 1759 1375
f 453 1771 1769
f 1771 451 1761
f 1769 1761 358
f 1771 1761 1769
f 116 1777 1708
f 1777 455 1780
f 1708 1780 439
f 1777 1780 1708
f 455 1778 1782
f 1778 119 1768
f 1782 1768 453
f 1778 1768 1782
f 439 1770 1707
f 1770 453 1767
f 1707 1767 97
f 1770 1767 1707
f 455 1782 1780
f 1782 453 1770
f 1780 1770 439
f 1782 1770 1780
f 33 1691 1719
f 1691 434 1721
f 1719 1721 442
f 1691 1721 1719
f 434 1692 1733
f 1692 115 1731
f 1733 1731 445
f 1692 1731 1733
f 442 1735 1720
f 1735 445 1732
f 1720 1732 117
f 1735 1732 1720
f 434 1733 1721
f 1733 445 1735
f 1721 1735 442
f 1733 1735 1721
f 115 1688 1694
f 1688 433 1696
f 1694 1696 435
f 1688 1696 1694
f 433 1687 1689
f 1687 9 1084
f 1689 1084 286
f 1687 1084 1689
f 435 1695 1693
f 1695 286 1085
f 1693 1085 80
f 1695 1085 1693
f 433 1689 1696
f 1689 286 1695
f 1696 1695 435
f 1689 1695 1696
f 117 1723 1716
f 1723 443 1726
f 1716 1726 441
f 1723 1726 1716
f 443 1722 1724
f 1722 80 1087
f 1724 1087 287
f 1722 1087 1724
f 441 1717 1715
f 1717 287 1086
f 1715 1086 25
f 1717 1086 1715
f 443 1724 1726
f 1724 287 1717
f 1726 1717 441
f 1724 1717 1726
f 115 1694 1731
f 1694 435 1734
f 1731 1734 445
f 1694 1734 1731
f 435 1693 1725
f 1693 80 1722
f 1725 1722 443
f 1693 1722 1725
f 445 1736 1732
f 1736 443 1723
f 1732 1723 117
f 1736 1723 1732
f 435 1725 1734
f 1725 443 1736
f 1734 1736 445
f 1725 1736 1734
f 29 1397 1363
f 1397 364 1399
f 1363 1399 354
f 1397 1399 1363
f 364 1398 1409
f 1398 99 1406
f 1409 1406 366
f 1398 1406 1409
f 354 1407 1364
f 1407 366 1405
f 1364 1405 96
f 1407 1405 1364
f 364 1409 1399
f 1409 366 1407
f 1399 1407 354
f 1409 1407 1399
f 99 1395 1401
f 1395 363 1404
f 1401 1404 365
f 1395 1404 1401
f 363 1394 1396
f 1394 25 1078
f 1396 1078 284
f 1394 1078 1396
f 365 1402 1400
f 1402 284 1079
f 1400 1079 79
f 1402 1079 1400
f 363 1396 1404
f 1396 284 1402
f 1404 1402 365
f 1396 1402 1404
f 96 1370 1360
f 1370 356 1372
f 1360 1372 353
f 1370 1372 1360
f 356 1369 1371
f 1369 79 1076
f 1371 1076 283
f 1369 1076 1371
f 353 1362 1359
f 1362 283 1075
f 1359 1075 2
f 1362 1075 1359
f 356 1371 1372
f 1371 283 1362
f 1372 1362 353
f 1371 1362 1372
f 99 1401 1406
f 1401 365 1410
f 1406 1410 366
f 1401 1410 1406
f 365 1400 1403
f 1400 79 1369
f 1403 1369 356
f 1400 1369 1403
f 366 1408 1405
f 1408 356 1370
f 1405 1370 96
f 1408 1370 1405
f 365 1403 1410
f 1403 356 1408
f 1410 1408 366
f 1403 1408 1410
f 33 1719 1763
f 1719 442 1766
f 1763 1766 452
f 1719 1766 1763
f 442 1720 1785
f 1720 117 1783
f 1785 1783 456
f 1720 1783 1785
f 452 1787 1764
f 1787 456 1784
f 1764 1784 119
f 1787 1784 1764
f 442 1785 1766
f 1785 456 1787
f 1766 1787 452
f 1785 1787 1766
f 117 1716 1728
f 1716 441 1730
f 1728 1730 444
f 1716 1730 1728
f 441 1715 1718
f 1715 25 1394
f 1718 1394 363
f 1715 1394 1718
f 444 1729 1727
f 1729 363 1395
f 1727 1395 99
f 1729 1395 1727
f 441 1718 1730
f 1718 363 1729
f 1730 1729 444
f 1718 1729 1730
f 119 1773 1760
f 1773 454 1776
f 1760 1776 451
f 1773 1776 1760
f 454 1772 1774
f 1772 99 1398
f 1774 1398 364
f 1772 1398 1774
f 451 1762 1759
f 1762 364 1397
f 1759 1397 29
f 1762 1397 1759
f 454 1774 1776
f 1774 364 1762
f 1776 1762 451
f 1774 1762 1776
f 117 1728 1783
f 1728 444 1786
f 1783 1786 456
f 1728 1786 1783
f 444 1727 1775
f 1727 99 1772
f 1775 1772 454
f 1727 1772 1775
f 456 1788 1784
f 1788 454 1773
f 1784 1773 119
f 1788 1773 1784
f 444 1775 1786
f 1775 454 1788
f 1786 1788 456
f 1775 1788 1786

