# https://github.com/mikedh/trimesh
v 0.49739613 -0.95388612 -0.44447965
v -0.46623031 -0.98251546 0.18925252
v 0.47905102 1.00953333 -0.19445671
v -0.49883581 0.95664707 0.44576616
v 0.51302211 0.52058774 0.85421606
v 0.48990943 -0.67261326 0.66654589
v -0.50338128 0.69110923 -0.68487501
v -0.51450701 -0.52209454 -0.85668852
v -1.11830033 -0.00815340 0.03987967
v -0.45707172 -0.11830676 0.95043531
v 0.46964058 0.12156004 -0.97657102
v 1.12153717 0.00817700 -0.03999509
v 0.00323925 -1.11632727 -0.13739861
v -0.00385335 1.32795938 0.16344649
v 0.56433641 0.87439242 0.36773870
v 0.00872075 0.82289406 0.72479344
v 0.56884009 -0.93300579 0.14494247
v 0.01523098 -1.06461863 0.55047013
v 0.57760616 -0.10583546 0.87350240
v -0.01549285 1.08292292 -0.55993452
v -0.67668018 1.10988402 -0.17242051
v -0.00872075 -0.82289406 -0.72479344
v -0.56964702 -0.88262077 -0.37119925
v -0.68710811 0.12589963 -1.03910003
v -0.90315606 -0.58577731 0.13432385
v -0.90170946 0.52780714 0.27031772
v -0.91836357 0.39382251 -0.37240716
v -0.91043021 -0.29508692 -0.45447573
v -0.59389009 -0.70807535 0.73307465
v -0.55531101 0.47013161 0.82028590
v 0.01742305 0.22206245 1.04143612
v 0.02112200 -0.50873879 1.04008123
v -0.89773833 -0.07455792 0.58459865
v 0.55013404 -0.46574874 -0.81263867
v 0.60410101 0.72024949 -0.74567861
v -0.02148516 0.51748568 -1.05796364
v -0.02072610 -0.26416081 -1.23887044
v 0.90170946 -0.52780714 -0.27031772
v 1.07437540 0.69682833 -0.15978882
v 0.91043021 0.29508692 0.45447573
v 0.92700570 -0.39752852 0.37591165
v 1.06793058 0.08869253 -0.69542622
v 0.24056460 -1.02007870 -0.28266904
v -0.28431742 -1.28445931 0.03237788
v 0.24216719 1.09403743 -0.02757784
v -0.22963309 0.97372525 0.26982426
v 0.60608026 1.09269879 0.10374754
v 0.63991317 0.83243422 0.71847251
v 0.33038341 1.17303817 0.29754144
v -0.28517234 1.06341918 0.70551566
v 0.26015376 0.69110808 0.80584351
v 0.00310685 1.09251781 0.48678996
v 0.31619335 0.93936833 0.60536617
v 0.52523798 -0.92781090 -0.14056354
v 0.64791603 -0.98230557 0.49773752
v 0.29476519 -1.05592356 0.00388699
v -0.23951208 -1.03542692 0.36658095
v 0.26679104 -0.87132491 0.61932133
v 0.00900940 -1.09461953 0.19268078
v 0.30447282 -0.99885449 0.34017255
v 0.53715629 0.19680661 0.84998364
v 0.65326471 -0.47760184 0.94227342
v 0.25407016 1.09836249 -0.38886256
v -0.28300720 0.92428599 -0.65696507
v -0.00925714 1.12472011 -0.19797925
v -0.50137061 0.88565020 0.13417619
v -0.55186208 0.83667816 -0.42394763
v -0.33154642 1.18768321 -0.00437202
v -0.31284542 1.02632165 -0.34952684
v 0.24321788 -0.90696930 -0.60172043
v -0.30502962 -0.81032245 -0.94484945
v -0.00328789 -1.15618058 -0.51515600
v -0.52607385 -0.94845567 -0.09005221
v -0.54768792 -0.71246254 -0.61492516
v -0.32842638 -1.16608965 -0.29577894
v -0.31528079 -0.93665724 -0.60361904
v -0.55641781 0.40679707 -0.80258081
v -0.51274735 -0.18786351 -0.81135949
v -0.83736081 -0.96074057 0.19817123
v -0.99176687 -0.29874508 0.08676373
v -0.85966404 -0.85513469 -0.13652260
v -0.84526252 0.88188381 0.42592543
v -1.03023074 0.27287109 0.16169921
v -0.82928888 0.82272328 0.07126810
v -0.82754520 0.62803482 -0.61190092
v -1.20571314 0.23423331 -0.20284178
v -0.87613538 0.78198358 -0.30473813
v -0.88130379 0.29429076 -0.73429106
v -1.00739420 0.51036963 -0.05535269
v -0.85975486 -0.48561925 -0.77855192
v -1.03480640 -0.15888982 -0.21858970
v -0.81455846 -0.64440976 -0.45394378
v -0.83914440 -0.10724784 -0.74783730
v -1.08171129 -0.52493559 -0.19186233
v -1.01223686 0.05341334 -0.45783333
v -0.53425898 -0.86289960 0.45494124
v -0.52940925 -0.40527657 0.85800913
v -0.31615777 -0.96853393 0.70128103
v -0.75711444 -0.64617616 0.42235215
v -0.53255707 0.71529069 0.64261967
v -0.51415430 0.17627761 0.90059694
v -0.29781042 0.71185465 0.84836690
v -0.80191678 0.54846465 0.59672312
v 0.25520972 0.36184138 0.93450660
v -0.27003914 0.06284538 1.21906478
v 0.01557983 0.62418527 1.05296505
v 0.30659017 0.05988623 0.98667646
v -0.31180015 0.40276891 1.08604947
v 0.26964164 -0.60234084 0.85623869
v -0.23181174 -0.30881983 1.00656620
v 0.01986191 -0.85962386 0.86901799
v 0.31188228 -0.29969496 0.95598236
v -0.31293914 -0.66482190 0.96878629
v 0.01924901 -0.12840483 1.04370902
v -0.98904006 -0.04144251 0.31339219
v -0.82843121 -0.11813961 0.94032223
v -0.92791497 -0.34023924 0.37042646
v -1.07327340 0.27126822 0.50942271
v -0.75428428 -0.37912098 0.65757057
v -0.84817559 0.22891991 0.81829735
v 0.62223444 -0.83573860 -0.75083050
v 0.59234797 -0.20308628 -1.03756161
v 0.29867241 -0.71391506 -0.85082244
v 0.56673244 0.91534857 -0.48259359
v 0.56158793 0.42991019 -0.91016085
v 0.30586647 0.93700702 -0.67845352
v -0.28603107 0.63895247 -0.90828280
v 0.24590178 0.32759059 -1.06774755
v -0.01921539 0.83164210 -0.84073044
v -0.32045863 0.30793617 -0.98227060
v 0.30275260 0.64318117 -0.93725116
v -0.24361272 -0.34539893 -0.89204164
v 0.23000567 -0.05352851 -1.03833768
v -0.01472196 -0.58981576 -0.99498563
v -0.34484693 -0.06735892 -1.10979536
v 0.31365811 -0.40516894 -1.09252105
v -0.01977834 0.13193579 -1.07240963
v 0.72090778 -0.75214135 -0.36326342
v 1.20794290 -0.31994066 -0.18959190
v 0.87761287 -0.87066469 -0.07542101
v 0.80423787 -0.55005214 -0.59845029
v 0.71322156 0.81831019 -0.16879222
v 0.94669994 0.28516979 -0.08282110
v 0.86478662 0.86023028 0.13733611
v 0.77793408 0.66394514 -0.43396628
v 0.73326801 0.41417511 0.66401162
v 1.21330785 0.18629791 0.25629586
v 0.81691614 0.64627496 0.45525768
v 0.88804269 0.11349735 0.79141498
v 1.02214903 0.49603106 0.18129782
v 0.71830402 -0.54513027 0.53112614
v 1.03194394 -0.20047525 0.17360792
v 0.87094558 -0.77735148 0.30293300
v 0.87608336 -0.29254752 0.72994147
v 1.00448678 -0.50889667 0.05519294
v 1.00931548 -0.05325919 0.45651199
v 0.70561578 0.10062534 -0.80091888
v 0.94409704 0.03955932 -0.29915132
v 0.85322972 -0.23028401 -0.82317344
v 0.77502609 0.38954630 -0.67565289
v 1.01417574 -0.25633138 -0.48137237
v 1.04370152 0.38269478 -0.41664881
v 0.41745143 -1.13366097 -0.41339788
v 0.14172066 -1.22182072 -0.24175169
v -0.39402231 -1.15368536 0.12076544
v -0.12721241 -1.17676708 -0.05846006
v 0.36917292 1.08092710 -0.11314925
v 0.12008028 1.11079195 0.05518252
v -0.38978110 1.05851743 0.38599623
v -0.14298271 1.23270123 0.24390453
v 0.50354568 0.97934334 -0.04933512
v 0.60439961 1.01120516 0.25218317
v 0.38780680 1.02649691 0.03201473
v 0.51373273 0.59889741 0.70833453
v 0.56911031 0.81208725 0.50296559
v 0.18200281 1.35072588 0.25156154
v 0.40314524 0.90157503 0.29715580
v 0.29784381 1.18747869 0.13190439
v 0.51770748 1.25395284 0.22242152
v -0.41351215 1.04604684 0.59029437
v -0.12884027 0.95504154 0.73284209
v -0.25539222 1.01849089 0.46385610
v 0.38366170 0.60727235 0.82899112
v 0.13261065 0.75031377 0.75805949
v 0.40426410 0.70192979 0.71032974
v -0.00016245 1.04106052 0.28857367
v 0.00663414 1.05092208 0.67287869
v -0.12490961 1.05572739 0.38011376
v 0.13866188 0.96374022 0.33584846
v -0.12429578 0.99986488 0.54771843
v 0.46096497 0.94229618 0.50301115
v 0.18430912 1.02436275 0.77649432
v 0.49333223 0.93397552 0.69244340
v 0.31025537 1.01069705 0.43837301
v 0.30675180 0.86671097 0.75517716
v 0.15792432 0.99579754 0.53610769
v 0.58715971 -1.07865545 -0.32868157
v 0.62576086 -1.06493453 -0.00012469
v 0.38877313 -0.98888038 -0.21486146
v 0.57877409 -0.83838444 0.60637361
v 0.59664583 -0.94215151 0.30288120
v 0.15076771 -1.08797327 -0.06617559
v 0.43127620 -0.99705539 0.07385085
v 0.30971139 -1.20166601 -0.16238723
v 0.47550250 -1.14793011 -0.07962631
v -0.33119504 -0.94394549 0.25929850
v -0.12037868 -1.08262251 0.46960434
v -0.22871757 -1.01127904 0.18615915
v 0.35502218 -0.72153006 0.60184982
v 0.15010156 -0.99495496 0.60462479
v 0.38954708 -0.81088827 0.49478937
v 0.00721196 -1.29980379 0.03311997
v 0.01121496 -1.01129919 0.34030194
v -0.12903131 -1.21529111 0.12258750
v 0.18417270 -1.29529178 0.11762708
v -0.10690908 -0.99818277 0.26125712
v 0.51293641 -1.13588934 0.28557149
v 0.15573967 -0.96445611 0.41244693
v 0.47506785 -1.01949164 0.42414648
v 0.36093099 -1.23800122 0.20586268
v 0.26780066 -0.87673256 0.44830768
v 0.15437398 -1.03092903 0.26240305
v 0.60287390 0.40414240 0.97734579
v 0.63762799 0.05485334 0.98616862
v 0.58129770 -0.60025513 0.81611453
v 0.60373800 -0.27293137 0.89232083
v 0.36495359 1.04016139 -0.28572867
v 0.12371545 1.11263164 -0.48262127
v 0.24598137 1.08761122 -0.20021060
v -0.39120942 0.79507527 -0.66319608
v -0.15426222 1.02253405 -0.62138435
v -0.00613705 1.10607428 -0.02818360
v -0.01220079 1.10019582 -0.37021564
v 0.12106917 1.14029911 -0.11502299
v 0.11778592 1.09973703 -0.28783720
v -0.54824043 1.00715788 0.30689525
v -0.63133336 1.07441794 0.00012580
v -0.36845213 0.93719203 0.20363074
v -0.54227315 0.78551092 -0.56813208
v -0.56319505 0.88933004 -0.28590025
v -0.41895042 0.87209479 -0.53213649
v -0.17323208 1.25008111 0.07603574
v -0.49553628 1.14561648 -0.08485461
v -0.32652943 1.26691926 0.17120523
v -0.15658178 1.10124404 -0.10000536
v -0.50132339 1.21026537 0.08395020
v -0.16942972 1.04923508 -0.44870241
v -0.43648570 0.96659049 -0.24300843
v -0.29504647 0.96593058 -0.49391812
v -0.16260109 1.08587066 -0.27638738
v -0.44575283 0.95658184 -0.39797366
v -0.30685990 1.05253618 -0.17502238
v 0.36737719 -0.92934090 -0.52443607
v 0.11557958 -0.85674536 -0.65741545
v 0.28457458 -1.13486862 -0.51685856
v -0.43184165 -0.68353316 -0.93309522
v -0.14782534 -0.83639883 -0.84503323
v 0.00017562 -1.12543518 -0.31196166
v -0.00601936 -0.95353383 -0.61052347
v 0.12606690 -1.06550873 -0.38363553
v 0.12928031 -1.03996159 -0.56968310
v -0.59344875 -1.15419534 0.05814341
v -0.61499671 -1.02893489 -0.25660476
v -0.43000729 -1.13819858 -0.03549852
v -0.57375993 -0.66887569 -0.79110001
v -0.62062672 -0.88559817 -0.54849452
v -0.40903657 -0.71021630 -0.71871542
v -0.15811167 -1.17341881 -0.21853957
v -0.43654693 -0.97627300 -0.32177597
v -0.26590097 -1.06012521 -0.11775804
v -0.14627799 -1.01667435 -0.35429518
v -0.44192903 -1.07040788 -0.18986500
v -0.15728403 -0.87416135 -0.66263764
v -0.50658456 -1.03555092 -0.55279186
v -0.27705308 -0.78279880 -0.68206333
v -0.17593456 -1.10936182 -0.59724732
v -0.43447240 -0.82254221 -0.60982746
v -0.31390831 -1.02259697 -0.44353441
v -0.54463761 0.56239947 -0.76464549
v -0.56988960 0.25762954 -0.84229311
v -0.56291303 -0.37735424 -0.91256343
v -0.64330617 -0.05534182 -0.99495060
v -0.65495924 -1.00094839 0.19899005
v -0.86052933 -0.74752692 0.16137633
v -0.69005537 -0.98598189 0.04245963
v -1.20736628 -0.18258922 0.07369583
v -1.08531859 -0.50358485 0.12609457
v -0.67894273 -0.83438890 -0.24910968
v -0.90857727 -0.73414084 0.00643772
v -0.69521094 -0.92215169 -0.11393523
v -0.73531035 -0.78536084 0.02296320
v -0.68788225 0.95711852 0.45333214
v -0.89650494 0.70622752 0.34963319
v -0.65603456 0.88863545 0.26386030
v -1.07265124 0.13525495 0.10201735
v -0.95674698 0.39723323 0.21426536
v -0.65461386 0.82894096 -0.03812054
v -0.95602559 0.73890663 0.19233062
v -0.67050888 0.87888879 0.10775722
v -0.77575047 0.78871662 0.22252014
v -0.61365650 0.61723788 -0.60702890
v -0.90632992 0.52155036 -0.50195471
v -0.63964673 0.69348061 -0.48087762
v -0.64191493 0.47945262 -0.66939044
v -1.03967407 0.09541014 -0.06710732
v -0.99815802 0.30410720 -0.27939576
v -1.03127158 0.23664668 -0.00627227
v -0.84335083 1.01839019 -0.26028257
v -0.79783806 0.51231460 -0.30236051
v -0.73971444 0.85118727 -0.38603211
v -0.72560663 0.68361514 -0.09558391
v -0.94286569 0.78055462 -0.50667890
v -0.85170556 0.23003440 -0.95465520
v -0.80000299 0.30803123 -0.48229040
v -0.74479963 0.37134585 -0.80866965
v -0.94573531 0.50977662 -0.74517634
v -1.11004471 0.60483924 0.13036858
v -1.00023027 0.46869634 -0.22639980
v -1.08716565 0.41491709 0.05935046
v -0.90148334 0.65242433 0.00726423
v -1.15732363 0.39896806 -0.13154400
v -0.90649524 0.61632614 -0.16901414
v -0.70358364 -0.52447155 -0.85163143
v -0.90813677 -0.39135769 -0.61710433
v -0.64797635 -0.57035515 -0.64708519
v -0.66884840 -0.32048494 -0.80111583
v -1.07498614 -0.08506710 -0.09203919
v -0.96334340 -0.22520795 -0.33397202
v -1.19174603 -0.27071825 -0.07428184
v -1.03355549 0.02113600 -0.19609103
v -0.78581567 -0.87210562 -0.46908295
v -0.85966471 -0.46302943 -0.45207543
v -0.67851208 -0.67969588 -0.53666837
v -0.81628114 -0.72853777 -0.29293127
v -0.74591412 -0.50835540 -0.54150647
v -0.66337014 0.00269452 -0.76586671
v -0.96624719 -0.22560865 -0.65720078
v -0.68145959 -0.15442465 -0.80237063
v -0.73205061 0.07555853 -0.63115156
v -0.78693152 -0.26633289 -0.70675253
v -0.97858573 -0.55252644 -0.01854505
v -0.96497253 -0.39221962 -0.32304503
v -1.01670617 -0.39659727 -0.04105089
v -0.84916997 -0.60524314 -0.14357968
v -1.07318215 -0.33611152 -0.20920457
v -1.00376916 -0.62479664 -0.34907607
v -1.00268762 0.23681966 -0.43063350
v -1.11800487 -0.14628545 -0.53121142
v -1.16000357 0.14608773 -0.35427742
v -0.91129732 0.16319914 -0.56812199
v -1.09218625 -0.05882896 -0.35791836
v -0.90867002 -0.02571464 -0.59003098
v -0.46782351 -0.86397130 0.30025748
v -0.58077649 -0.81313298 0.60762405
v -0.40264037 -0.98781530 0.42748820
v -0.59285064 -0.79813718 0.29532028
v -0.46125043 -0.24373257 0.84655497
v -0.57818563 -0.56865891 0.82295336
v -0.15144725 -1.04632816 0.64211536
v -0.47066353 -0.85947791 0.73781116
v -0.28947332 -1.05385914 0.55088953
v -0.45269826 -0.95831696 0.59982169
v -0.97582089 -0.72439477 0.32781711
v -0.63580048 -0.63257479 0.53426656
v -0.81650559 -0.81288451 0.32868102
v -0.60597711 -0.70605799 0.41086954
v -0.55714167 0.89923041 0.59006565
v -0.60425536 0.65921030 0.81215091
v -0.39281278 0.82066774 0.62966558
v -0.63406343 0.74247403 0.50923618
v -0.58083676 0.03587706 1.10634234
v -0.60027213 0.36048209 0.96717405
v -0.13991076 0.76518872 0.78127870
v -0.48850249 0.67068164 0.95003362
v -0.26045931 0.78299661 0.69706711
v -0.41818748 0.71410972 0.74363381
v -0.84908441 0.53533270 0.42726781
v -0.77043414 0.57930248 0.80929676
v -0.73385488 0.62956053 0.46075378
v -0.66458735 0.63424706 0.62063398
v 0.43479121 0.50252802 1.02773423
v 0.15822428 0.33546779 1.12988599
v 0.30312874 0.61591084 1.02520321
v 0.40225853 0.28360747 0.90592783
v -0.38218056 -0.03629220 1.10494952
v -0.11318661 0.14671371 1.10724308
v -0.41657963 0.12884124 1.08049222
v 0.01162156 0.71107051 0.85563647
v 0.01641844 0.40724447 1.03800089
v 0.14740009 0.66982908 0.93627632
v -0.15662323 0.71286425 1.00774362
v 0.14239363 0.47508827 0.97330051
v 0.44160755 -0.02218439 0.93250343
v 0.16378598 0.14043585 1.01578979
v 0.48924775 0.14907705 1.06275924
v 0.32504470 0.24519176 1.11198463
v -0.42174563 0.42038439 0.90838009
v -0.14232134 0.31656399 1.09381620
v -0.42753686 0.28764408 1.00628795
v -0.29725755 0.54857604 0.94033254
v -0.25248854 0.20547756 0.99696696
v -0.13074678 0.44885730 0.93652435
v 0.35634357 -0.59684383 0.71167169
v 0.15455423 -0.57479898 0.97469224
v 0.27913871 -0.76683836 0.76782406
v 0.39306874 -0.47858286 0.78747928
v -0.32330058 -0.19902053 0.91541787
v -0.11333515 -0.41799245 1.05500108
v -0.39610980 -0.37158800 0.97025250
v -0.21927373 -0.12015396 0.97104951
v 0.01799774 -0.99140797 0.72670024
v 0.02108500 -0.70009331 0.98328607
v 0.15759644 -0.90895574 0.77406133
v -0.15037405 -0.92781412 0.79694741
v 0.15917505 -0.75999774 0.90526143
v 0.52244367 -0.23878009 1.07573262
v 0.16199719 -0.37399412 0.93251749
v 0.48171666 -0.39210717 0.97673784
v 0.37253579 -0.14296718 1.17035316
v 0.27262732 -0.42128638 0.84945822
v -0.46904047 -0.70632473 0.87270632
v -0.14673693 -0.60186032 1.03359633
v -0.44841591 -0.55423211 0.95573390
v -0.31927496 -0.82894957 0.84758113
v -0.28361236 -0.50081630 1.03800184
v -0.14874055 -0.77367628 0.93270984
v 0.02156341 0.05440545 1.22588831
v 0.01885683 -0.29020826 0.97542862
v -0.11659600 -0.04189049 1.15610217
v 0.19747062 -0.04049443 1.22283483
v -0.09849318 -0.20405449 0.96071407
v 0.16306525 -0.21081728 0.98474587
v -1.20574069 -0.02919808 0.20880058
v -1.08068211 -0.06608421 0.51143894
v -1.00559144 -0.17270220 0.20314619
v -1.18746989 0.13278083 0.28111444
v -0.64564110 -0.12168454 0.97343321
v -0.85359570 -0.09326629 0.73763984
v -0.58692846 -0.23931751 0.78752073
v -0.67914273 0.04373978 0.94942390
v -0.91747478 -0.46268759 0.25406600
v -0.91478787 -0.20914946 0.47737879
v -1.11152092 -0.36976106 0.26367492
v -1.01574184 -0.59293310 0.47734179
v -1.10993285 -0.21991045 0.39566122
v -0.95660599 0.39725043 0.37230902
v -0.97180886 0.08694211 0.54468980
v -1.06669181 0.27631991 0.33021636
v -0.99246410 0.44195309 0.59050198
v -1.01143161 0.10111262 0.39732493
v -0.63441612 -0.50194586 0.64932268
v -0.97097670 -0.26729477 0.73042432
v -0.60238788 -0.36737589 0.70917594
v -0.74428668 -0.50490647 0.53180679
v -0.81071910 -0.26686835 0.80960433
v -1.01404872 -0.43316979 0.61805906
v -0.66648573 0.34105969 0.78620880
v -0.90004496 0.07097204 0.71556975
v -0.68326835 0.20475687 0.87862988
v -0.80448901 0.38417314 0.68712875
v -0.72643775 0.05186204 0.76037726
v -0.84043668 0.21883395 0.58225575
v 0.49885309 -0.80515225 -0.52833254
v 0.55409789 -0.60449118 -0.74473664
v 0.38822960 -0.81109252 -0.62231889
v 0.49284432 -0.03044196 -0.93873971
v 0.58992876 -0.35427057 -0.95050853
v 0.16395070 -0.89666608 -0.91552069
v 0.44451125 -0.61028457 -0.86448000
v 0.28837926 -0.86692998 -0.77178927
v 0.47484112 -0.81085322 -0.84437706
v 0.51550853 0.95203547 -0.33086258
v 0.59687499 0.83567216 -0.62446674
v 0.42112870 1.03317353 -0.44711749
v 0.50826546 0.26857612 -0.93284391
v 0.59421232 0.58442152 -0.84576474
v 0.14822944 1.02409672 -0.62847227
v 0.46066330 0.84121650 -0.72213482
v 0.28927745 1.05314608 -0.55051678
v 0.45239196 0.95766854 -0.59941584
v -0.39266549 0.65767983 -0.78421204
v -0.15883831 0.59073179 -1.00170966
v -0.29195613 0.80204983 -0.80308079
v -0.42273789 0.51470669 -0.84691887
v 0.35625445 0.21930659 -1.00872596
v 0.11647668 0.42957875 -1.08424458
v 0.41429826 0.38865047 -1.01480428
v -0.01761534 0.97034342 -0.71125997
v -0.02063700 0.68521836 -0.96239409
v -0.15748981 0.90834072 -0.77353759
v 0.14383387 0.88746099 -0.76228602
v -0.15906735 0.75948351 -0.90464891
v -0.44457595 0.20319107 -0.91539984
v -0.17623729 0.40686947 -1.01448895
v -0.45199136 0.36791140 -0.91646625
v -0.30036419 0.46414770 -0.93588138
v 0.45907472 0.69131738 -0.85416384
v 0.14361920 0.58907254 -1.01163541
v 0.44811250 0.55385711 -0.95508723
v 0.30538883 0.79289632 -0.81071755
v 0.28342046 0.50047743 -1.03729951
v 0.14227142 0.74002701 -0.89214378
v -0.40597152 -0.46921847 -0.95961192
v -0.15963329 -0.33845518 -1.13994780
v -0.27204370 -0.55275083 -0.92007137
v -0.38123265 -0.26878343 -0.85857537
v 0.35807798 0.03400340 -1.03526483
v 0.10684083 -0.13848824 -1.04516580
v 0.37569692 -0.11619689 -0.97445379
v 0.23582470 0.12922328 -1.04434514
v -0.01280851 -0.78369500 -0.94302607
v -0.01518753 -0.37671307 -0.96018123
v -0.14171694 -0.64400317 -0.90017729
v 0.14058986 -0.63988904 -0.90458189
v -0.14108646 -0.47072697 -0.96436564
v -0.50740700 0.02548986 -1.07144628
v -0.18819006 -0.16136077 -1.16714229
v -0.51581503 -0.15717228 -1.12046953
v -0.31672618 0.12154926 -0.99502248
v -0.34269537 -0.25850624 -1.17236796
v 0.38947643 -0.38821935 -0.83887684
v 0.16382651 -0.36439774 -1.25909507
v 0.50084745 -0.33696698 -1.17883814
v 0.29379838 -0.54219228 -0.92938993
v 0.28282014 -0.23016170 -1.11673321
v 0.12393932 -0.42548711 -0.88776331
v -0.02051441 0.31571856 -1.06117211
v -0.01834949 -0.04629658 -1.04317555
v 0.10851379 0.22481483 -1.05845630
v -0.17175554 0.22205244 -1.03722625
v 0.10940121 0.03930555 -1.08476253
v -0.16788754 0.03442796 -1.03964187
v 0.61113621 -0.85033418 -0.40275453
v 0.80423355 -0.63354014 -0.31364774
v 0.73099626 -0.99017527 -0.29401026
v 0.62666544 -0.73381115 -0.50329461
v 1.20735400 -0.15224017 -0.11482862
v 1.06651656 -0.44280863 -0.23884847
v 0.70766825 -0.89612400 0.04121009
v 0.86743133 -0.67043264 -0.17450747
v 0.67672116 -0.88703172 -0.10875559
v 0.80685972 -0.82034584 -0.23144368
v 0.70105403 -0.52713441 -0.73641695
v 0.99497701 -0.62731540 -0.50068243
v 0.75462184 -0.72017122 -0.70471391
v 0.81252050 -0.69704632 -0.51014431
v 0.61365361 0.93782263 -0.18644056
v 0.81228399 0.70561703 -0.15232881
v 0.62233402 0.88921861 -0.03829268
v 0.63759950 0.85838124 -0.31761130
v 1.12733725 0.17048648 -0.06881098
v 1.09498352 0.50806935 -0.12721746
v 0.62699451 0.77054697 0.23004945
v 1.04586599 0.84507170 -0.00741048
v 0.81442014 1.08027487 0.13347193
v 0.82364363 0.87970672 -0.02572178
v 0.69168950 0.68818027 -0.58123041
v 0.83037948 0.61642721 -0.27895755
v 0.66762871 0.77789173 -0.45267105
v 0.76612146 0.76272382 -0.30839909
v 0.62508582 0.46595701 0.75661613
v 0.81466819 0.35107780 0.55358982
v 0.64041603 0.56370048 0.63953526
v 0.74527428 0.35710511 0.89265523
v 1.20998211 0.09574976 0.10359740
v 1.07386980 0.25104653 0.37228933
v 1.06953567 0.24295682 0.06666444
v 0.71505041 0.79356966 0.42684050
v 1.00737526 0.54258874 0.52975258
v 0.77043301 0.77177718 0.60937312
v 0.80678211 0.72005980 0.28952244
v 0.82587244 0.56284859 0.59955330
v 0.71713420 -0.00291290 0.82793779
v 0.87670571 0.20470165 0.59629842
v 0.68777333 0.15585540 0.80980461
v 0.81848916 0.27701341 0.73509482
v 0.90522048 0.51110315 0.01715471
v 1.06352905 0.43227859 0.35603892
v 1.00737284 0.39295652 0.04067405
v 0.80495712 0.57373057 0.13610407
v 1.03180458 0.32315242 0.20113849
v 0.90101429 0.56083682 0.31334150
v 0.72321876 -0.72743956 0.71540787
v 0.92222084 -0.53069484 0.51075561
v 0.70925202 -0.76894401 0.53320591
v 0.71176704 -0.53162586 0.74223239
v 1.16115498 -0.10655835 0.07494848
v 1.08851224 -0.33163528 0.30468694
v 1.04344608 -0.23944037 0.00634632
v 1.04575696 -0.02138551 0.19840595
v 0.73264587 -0.88470816 0.22611580
v 0.86394114 -0.55476127 0.32741191
v 0.66038231 -0.75990002 0.34463134
v 0.76546110 -0.72116320 0.10083392
v 0.80485552 -0.66630242 0.43251474
v 0.73990389 -0.19983824 0.82933953
v 0.86628543 -0.33355247 0.52224949
v 0.66492213 -0.33152014 0.72194228
v 0.77225902 -0.07970864 0.66581802
v 0.80730510 -0.43515903 0.63610257
v 0.94727983 -0.51615220 -0.11125275
v 1.09921848 -0.51508107 0.24880555
v 0.98190976 -0.37474615 -0.05360434
v 1.00429169 -0.72682912 -0.00809267
v 1.01924249 -0.35136689 0.11584939
v 0.91716829 -0.62358275 0.17100411
v 0.95407280 0.12483575 0.45332036
v 1.10191902 -0.26025662 0.47325133
v 0.98644428 0.05313333 0.32326585
v 1.01229798 0.02864723 0.65732020
v 1.02160269 -0.12865790 0.31200832
v 0.92202692 -0.16512065 0.57481104
v 0.60492313 0.11401038 -0.91204272
v 0.80573909 0.08803734 -0.69628426
v 0.61249234 -0.03944721 -0.85624839
v 0.63123030 0.25738139 -0.84696345
v 1.12581942 0.02726271 -0.19496045
v 1.09030575 0.06667270 -0.51599338
v 1.06569803 -0.11916451 -0.25228691
v 0.95302961 0.16367513 -0.19252782
v 0.61549063 -0.31496405 -0.72605329
v 1.03604442 -0.08169612 -0.82369446
v 0.80042973 -0.23986694 -1.02929029
v 0.79512720 -0.37970253 -0.67913265
v 0.81370515 -0.05809226 -0.85172184
v 0.69018345 0.54606860 -0.70640035
v 0.82625729 0.22745577 -0.62155808
v 0.66367431 0.40475240 -0.78132690
v 0.78395218 0.53181462 -0.56014853
v 0.76069203 0.25040070 -0.75964605
v 1.05430801 -0.43782321 -0.41033444
v 0.89895167 -0.08042400 -0.50385402
v 1.02556448 -0.26566613 -0.31748455
v 0.89086653 -0.39671078 -0.53005288
v 1.00214670 -0.10018440 -0.39367750
v 0.79667854 -0.20744015 -0.55194005
v 1.05417837 0.53162796 -0.29192179
v 1.05109111 0.24031270 -0.54850815
v 1.17187908 0.38983994 -0.27799308
v 0.86357349 0.50410576 -0.40583119
v 1.17020478 0.23185209 -0.41714654
v 0.86213402 0.36827660 -0.52546759
v 0.47736218 -1.08104560 -0.44663906
v 0.31734158 -1.05772615 -0.33799951
v 0.07061443 -1.19866902 -0.19192736
v 0.19569690 -1.11991959 -0.26509708
v -0.43134536 -1.06246615 0.15649774
v -0.34714105 -1.23869100 0.07946559
v -0.05799106 -1.10267713 -0.09525599
v -0.20695676 -1.26061768 -0.01588839
v 0.42594770 1.04917093 -0.15453940
v 0.30748425 1.09718504 -0.07038758
v 0.06328244 1.20329053 0.10394759
v 0.17823011 1.08563752 0.01368300
v -0.42952247 0.97270667 0.40187832
v -0.31407368 1.04683398 0.33451888
v -0.08042200 1.36515101 0.21858397
v -0.18102884 1.03597827 0.24522726
v 0.50233925 1.01618856 -0.12350240
v 0.52050836 0.97435349 0.02099279
v 0.44253706 1.04089525 -0.08158124
v 0.51548061 0.83033599 0.27592796
v 0.67569211 1.17359172 0.20021908
v 0.31405096 1.05471281 0.00246424
v 0.48052966 1.03817957 0.06421314
v 0.37822522 1.05178028 -0.03888471
v 0.44358280 0.99889141 -0.00844408
v 0.51278850 0.56036984 0.77797303
v 0.55005734 0.67922343 0.68643061
v 0.60068876 0.89402124 0.46098245
v 0.62014783 0.84629249 0.62127774
v 0.08842870 1.35531167 0.20919432
v 0.26685394 1.29210368 0.28320330
v 0.15207617 1.25376616 0.14706924
v 0.46462769 0.85883583 0.32005057
v 0.36947642 1.02248832 0.29674952
v 0.49364516 0.94793019 0.27526127
v 0.25323921 1.07305781 0.04563432
v 0.34946106 1.31386698 0.23805388
v 0.20286461 1.13756390 0.09088349
v 0.33994203 1.08532686 0.07794923
v 0.25030519 1.30080533 0.19368095
v 0.57221178 1.18717374 0.16286647
v 0.43453420 1.25463436 0.27105458
v 0.58930450 1.17600167 0.24902640
v 0.44769415 1.13312581 0.11706996
v 0.48018895 1.11772194 0.28136986
v 0.40893609 1.24154756 0.17781395
v -0.45925593 1.00230812 0.51646598
v -0.35572000 1.07089739 0.65703623
v -0.37029181 0.97130165 0.44729569
v -0.05665945 0.88341877 0.72662725
v -0.20694728 1.02121939 0.72968560
v -0.26353212 1.08420359 0.39416651
v -0.26498175 1.02287423 0.56729152
v -0.32338630 1.04486308 0.42843647
v -0.31647584 0.98847711 0.50186222
v 0.44620991 0.56321920 0.83932110
v 0.32251324 0.65130934 0.81973841
v 0.45414064 0.60883398 0.77504945
v 0.07053671 0.78005381 0.73561078
v 0.19627360 0.72343252 0.78424148
v 0.51564086 0.76673365 0.71872678
v 0.32877133 0.68824773 0.74869251
v 0.45645274 0.64627038 0.70504273
v 0.39177841 0.65135492 0.76438404
v -0.00203892 1.31536888 0.26168783
v 0.00131717 1.01270358 0.36351448
v -0.06645596 1.13756548 0.26993307
v 0.08395943 1.24064225 0.28715994
v 0.00848692 1.01970122 0.76794554
v 0.00448662 0.99653220 0.53678776
v -0.06618426 1.06992494 0.75067460
v -0.17880384 1.00896043 0.32132982
v -0.06385364 1.09124898 0.43896465
v -0.11615369 0.99167938 0.27487038
v -0.19971261 1.09323780 0.44429760
v -0.05733950 0.98364781 0.31275974
v 0.21638949 1.01732776 0.30632580
v 0.07761486 1.04534121 0.41438911
v 0.15757314 1.13189489 0.30061933
v 0.06975076 0.98667992 0.30810027
v -0.20559316 1.06203995 0.64092151
v -0.06093364 1.02995642 0.51025600
v -0.14005281 1.08295041 0.70574276
v -0.18791391 0.99880758 0.50057464
v -0.06156649 1.02190581 0.60614424
v -0.12984826 1.07134013 0.48252487
v 0.53455599 0.94385410 0.45104340
v 0.37619768 0.91105410 0.53670800
v 0.51431992 0.87304224 0.50130372
v 0.44114464 0.94401217 0.40356010
v 0.09045269 0.92809015 0.75900300
v 0.26321054 1.01519902 0.71115078
v 0.15116851 0.84718423 0.74211704
v 0.09560034 1.06208620 0.74031988
v 0.57695018 0.90059118 0.71892688
v 0.40240724 0.94072147 0.64963280
v 0.52631389 0.85730953 0.58364631
v 0.47617273 0.86503019 0.75050766
v 0.44401776 0.87448428 0.55314545
v 0.27465132 0.93445255 0.31855326
v 0.31562556 0.98300037 0.52500789
v 0.34618777 0.91911499 0.35107432
v 0.21848197 0.98050917 0.38215317
v 0.39607026 1.00578435 0.48420228
v 0.26548508 0.72867798 0.73426206
v 0.34466568 0.99966908 0.75128405
v 0.20815904 0.77882275 0.73154506
v 0.35621894 0.77723330 0.72861797
v 0.25139543 0.95524025 0.77587298
v 0.41891781 0.94837612 0.76426371
v 0.08300148 1.05433489 0.51744745
v 0.23179163 0.95023439 0.55989789
v 0.08251243 0.98416387 0.57907539
v 0.16131090 1.06860875 0.46997845
v 0.16852289 0.99905547 0.64166155
v 0.24426045 1.04721630 0.50865709
v 0.56172466 -1.05370220 -0.40452633
v 0.54617795 -0.98355614 -0.22376716
v 0.50341111 -1.10859278 -0.37185636
v 0.61233633 -1.02308715 0.07849364
v 0.57507889 -0.99695501 -0.07571419
v 0.31573114 -1.00814251 -0.24970481
v 0.45873804 -0.96179139 -0.17831750
v 0.39371419 -1.03375008 -0.29974047
v 0.47002638 -1.00901592 -0.26164635
v 0.53144319 -0.75040895 0.63711011
v 0.62315812 -0.92419946 0.56382718
v 0.56048281 -0.90221855 0.21347867
v 0.63754084 -0.98690072 0.40567458
v 0.07759079 -1.09960003 -0.10120032
v 0.22337902 -1.07496737 -0.03123881
v 0.14912298 -1.17086236 -0.15089153
v 0.49826261 -0.96325268 0.10879395
v 0.36405544 -1.02937159 0.03898516
v 0.53143209 -1.04694905 0.03995254
v 0.27861714 -1.12845947 -0.23173358
v 0.29989094 -1.11712379 -0.07339114
v 0.22677655 -1.21761884 -0.20306426
v 0.36119979 -1.11624305 -0.19543321
v 0.22542627 -1.14297676 -0.11132688
v 0.51306292 -1.05247135 -0.11470109
v 0.37692063 -1.09215707 -0.03493885
v 0.55332944 -1.11177714 -0.04005301
v 0.44031186 -1.09060139 -0.15594142
v 0.45268562 -1.06931788 0.00211823
v 0.39361729 -1.17782130 -0.12131817
v -0.38445257 -0.93343246 0.21861554
v -0.28749046 -0.98836433 0.31085053
v -0.34236112 -0.98914920 0.18616403
v -0.05342132 -1.08057527 0.51300472
v -0.18331540 -1.06817330 0.42049946
v -0.26225924 -1.17218653 0.12172918
v -0.22491277 -0.98352201 0.26264896
v -0.30309009 -1.06992242 0.15489398
v -0.27695872 -0.96563568 0.22031422
v 0.40748866 -0.67674997 0.61394300
v 0.31298614 -0.79373899 0.61060118
v 0.43520897 -0.73712465 0.57431760
v 0.08370399 -1.03613047 0.58145602
v 0.21204577 -0.94002959 0.61785896
v 0.52210704 -0.91795921 0.51327532
v 0.31762049 -0.80767716 0.53347498
v 0.47383119 -0.81810816 0.54272367
v 0.36769230 -0.75669261 0.54211619
v 0.00484993 -1.14684689 -0.05572002
v 0.00870933 -1.26648123 0.12669434
v -0.06404207 -1.25318884 -0.01501790
v 0.08424873 -1.17506077 -0.02048717
v 0.01330949 -1.05302166 0.44593522
v 0.00960186 -0.99727485 0.25377067
v -0.05156810 -1.05701007 0.40602612
v -0.20771352 -1.27143932 0.08047929
v -0.05654843 -1.15007677 0.15907638
v -0.14019697 -1.30852618 0.03319832
v -0.18132495 -1.09788956 0.15565326
v -0.06515294 -1.30373915 0.08206705
v 0.24798469 -1.18183974 0.05646950
v 0.09286913 -1.23355015 0.16451726
v 0.16674953 -1.18787534 0.01755173
v 0.09576055 -1.30648748 0.07561022
v -0.17064958 -1.01747778 0.31213847
v -0.04929501 -1.01255208 0.22106012
v -0.11393882 -1.04448309 0.36051942
v -0.16534819 -0.99240384 0.22122839
v -0.04896762 -1.00838360 0.30127088
v -0.11122937 -1.04312649 0.18773540
v 0.51829322 -0.98043062 0.20058464
v 0.42673376 -1.13099194 0.33536707
v 0.56475132 -1.04938552 0.29886814
v 0.46474803 -1.05173406 0.16945347
v 0.09130153 -1.02774303 0.48486791
v 0.21687558 -0.93009369 0.35723920
v 0.15483260 -0.99011186 0.50905885
v 0.08428138 -0.99739299 0.37999971
v 0.56868918 -1.01979315 0.46805010
v 0.38496116 -1.00697551 0.37947262
v 0.58770985 -1.07259840 0.39656058
v 0.42609496 -0.90101377 0.45886992
v 0.51208086 -1.11664722 0.37021517
v 0.32961281 -1.15538259 0.09721727
v 0.34342222 -1.15234136 0.28959033
v 0.40113935 -1.11190536 0.13455628
v 0.27364531 -1.27172821 0.16239379
v 0.44044574 -1.19476877 0.24767289
v 0.26770162 -0.87540021 0.53095808
v 0.27671579 -0.90688608 0.38380076
v 0.21455178 -0.93801334 0.52449794
v 0.32424246 -0.83371864 0.46562611
v 0.21345372 -0.92332810 0.43226843
v 0.34486886 -0.89529679 0.41541411
v 0.08238885 -1.05793004 0.22709808
v 0.22740716 -1.01092698 0.29948946
v 0.07938782 -0.98150964 0.28977990
v 0.17477361 -1.19789321 0.20519056
v 0.14904886 -0.95893124 0.32455385
v 0.25788312 -1.17095591 0.24667782
v 0.57801358 0.48332807 0.94926817
v 0.55965290 0.28794633 0.89615422
v 0.62285324 -0.03070747 0.95256762
v 0.58703849 0.13155730 0.91826348
v 0.53264097 -0.63738574 0.73665935
v 0.62711628 -0.55070573 0.89279517
v 0.56813525 -0.18013125 0.84948294
v 0.64397584 -0.37969109 0.94049622
v 0.41923329 1.01787840 -0.23839329
v 0.31169287 1.07156984 -0.33701950
v 0.36446643 1.05301581 -0.19818413
v 0.05447862 1.10196169 -0.52315796
v 0.19089082 1.11231507 -0.43787640
v 0.24998676 1.11733381 -0.11603284
v 0.24730332 1.08143372 -0.28879622
v 0.30834252 1.08846372 -0.15757823
v 0.30467406 1.06226713 -0.24236113
v -0.44435342 0.73797431 -0.66948531
v -0.33933490 0.86055995 -0.66200467
v -0.08536064 1.05663725 -0.59296402
v -0.22080847 0.97887588 -0.64339170
v -0.00483838 1.14411611 0.05558735
v -0.00785856 1.14276476 -0.11431818
v 0.05615200 1.09879430 0.01316767
v -0.01397009 1.10528745 -0.46806882
v -0.01056173 1.09696936 -0.27913934
v 0.05444660 1.11601163 -0.42869022
v 0.18414007 1.12714344 -0.07134568
v 0.05590242 1.13693826 -0.15725909
v 0.11910743 1.11168726 -0.02820436
v 0.18465888 1.11807591 -0.15851518
v 0.05669195 1.13443100 -0.07140954
v 0.18493520 1.10265406 -0.33826857
v 0.05377978 1.10467226 -0.24117178
v 0.12164362 1.11511330 -0.38489852
v 0.18193476 1.09195485 -0.24342048
v 0.05361186 1.10402187 -0.32984435
v 0.11853541 1.11164365 -0.20006670
v -0.50543041 0.94810353 0.36398600
v -0.54055356 0.97342775 0.22146287
v -0.47071337 1.03658707 0.34770341
v -0.69738314 1.16518274 -0.08939555
v -0.53197501 0.92223026 0.07003918
v -0.29976166 0.95715132 0.23707491
v -0.43553537 0.91314460 0.16929832
v -0.38992834 1.02380982 0.29685825
v -0.46550673 0.99931349 0.25913043
v -0.52479295 0.74101867 -0.62913761
v -0.55196960 0.81862049 -0.49941652
v -0.46330921 0.78471874 -0.61139969
v -0.61162387 0.98454117 -0.23295746
v -0.54904692 0.84991386 -0.34936488
v -0.34924028 0.88808314 -0.58658355
v -0.49767493 0.87500312 -0.48925650
v -0.40448738 0.83241507 -0.59636592
v -0.48204249 0.83228563 -0.55212885
v -0.09095015 1.28892600 0.11862470
v -0.25269895 1.21606373 0.03533910
v -0.17378682 1.36451439 0.17584789
v -0.08021358 1.11878042 0.01950592
v -0.58405203 1.12910275 -0.12752578
v -0.41184005 1.16448321 -0.04410221
v -0.61932706 1.22010673 -0.04656040
v -0.25948780 1.05098151 0.21582318
v -0.35506955 1.32266965 0.08689479
v -0.23488353 1.26114718 0.21032355
v -0.33746583 1.04289620 0.18259156
v -0.26575041 1.34743183 0.13124098
v -0.08555569 1.13640817 -0.15156154
v -0.22625272 1.07827003 -0.05152083
v -0.08126114 1.10866806 -0.06416183
v -0.15419176 1.09841743 -0.01622992
v -0.47783696 0.98021060 0.10682593
v -0.44627237 1.29310916 0.04136745
v -0.57311027 1.15152177 0.04148486
v -0.41137955 1.01893943 0.14569472
v -0.53366179 1.26059690 -0.00249714
v -0.41702485 1.24786376 0.12853269
v -0.09583320 1.07875413 -0.50893389
v -0.23855596 1.02307230 -0.39295130
v -0.16347525 1.04537921 -0.53747416
v -0.09143455 1.08204429 -0.41225126
v -0.51705910 0.97809610 -0.20010703
v -0.38504819 1.02051077 -0.30260667
v -0.49517320 0.92009982 -0.26204719
v -0.44248860 1.00136053 -0.16133738
v -0.29011177 0.94868273 -0.57540626
v -0.30189090 0.98939295 -0.41871827
v -0.22906024 1.00144383 -0.55996563
v -0.35676819 0.91735147 -0.51233446
v -0.23369834 1.01089943 -0.47326612
v -0.08627619 1.10784614 -0.23781321
v -0.23813686 1.05862535 -0.31362022
v -0.08750616 1.08188054 -0.31941330
v -0.16340111 1.11994642 -0.19183883
v -0.16429086 1.05699323 -0.35774330
v -0.50414854 0.90405663 -0.41493101
v -0.38056335 0.99547180 -0.37513751
v -0.49930186 0.91124961 -0.33690678
v -0.43392935 0.91758026 -0.46730693
v -0.44558024 0.97163549 -0.32213772
v -0.36752138 0.95410385 -0.44270035
v -0.30072742 1.05413143 -0.08869770
v -0.31637774 1.06159456 -0.26678511
v -0.37092987 1.02816868 -0.12442296
v -0.23300393 1.08285308 -0.13827531
v -0.37375645 1.01386503 -0.21017195
v -0.24110269 1.09476193 -0.23062652
v 0.43028896 -0.93908884 -0.48389056
v 0.30585285 -0.92077202 -0.56492861
v 0.40095362 -1.05172975 -0.48433377
v 0.05343980 -0.83321875 -0.68533686
v 0.17923369 -0.88446158 -0.63196888
v 0.27079823 -1.11409727 -0.40503447
v 0.25438491 -0.98196862 -0.54460505
v 0.35605858 -1.15042744 -0.47172216
v 0.32498181 -1.01504456 -0.51535085
v -0.47624868 -0.60113501 -0.89582403
v -0.37509674 -0.75750073 -0.95339096
v -0.07478643 -0.82705074 -0.77993009
v -0.22662195 -0.83529159 -0.90550299
v 0.00190223 -1.22718243 -0.24414346
v -0.00134351 -1.03295471 -0.37078371
v 0.06949969 -1.18966677 -0.28229619
v -0.00732412 -0.87999193 -0.66272930
v -0.00492691 -1.09432818 -0.58946612
v 0.05642715 -0.91219297 -0.64000761
v 0.18255089 -1.03010443 -0.32806368
v 0.06530105 -1.11598504 -0.44891495
v 0.12545997 -1.07113317 -0.29689311
v 0.21142382 -1.15734565 -0.47035137
v 0.06035405 -1.03536193 -0.32920271
v 0.18516671 -0.95652230 -0.57724356
v 0.06788992 -1.14753776 -0.56850758
v 0.12106635 -0.93613872 -0.61006776
v 0.20578461 -1.09379464 -0.54817952
v 0.05977204 -0.99212077 -0.58847722
v 0.14210594 -1.17247464 -0.52807522
v -0.55132548 -1.11528343 0.13554588
v -0.55354214 -1.03619030 -0.02232509
v -0.50406798 -1.18562266 0.09292440
v -0.55512192 -0.89419020 -0.29714728
v -0.58602394 -1.01784946 -0.17364887
v -0.36798560 -1.23584760 -0.00288744
v -0.47286218 -1.02161406 -0.06318854
v -0.44356089 -1.23346772 0.04560176
v -0.51632655 -1.16270099 0.00982883
v -0.59728945 -0.65271158 -0.90617298
v -0.52573828 -0.64919370 -0.65608224
v -0.53247167 -0.71384681 -0.90873143
v -0.64708489 -0.96307384 -0.49658791
v -0.56672256 -0.77338503 -0.56775513
v -0.36785390 -0.77006293 -0.83769305
v -0.46912318 -0.69756404 -0.65388804
v -0.45284472 -0.75288129 -0.88352820
v -0.48716784 -0.68975847 -0.75248567
v -0.07454101 -1.14246049 -0.17634043
v -0.24586322 -1.19046684 -0.26092654
v -0.13175313 -1.08621629 -0.12741531
v -0.08254447 -1.21973385 -0.28232046
v -0.48450520 -0.89557819 -0.33374284
v -0.39251013 -1.08623178 -0.31524933
v -0.52796225 -1.01382815 -0.29439681
v -0.27900998 -1.18225703 -0.05027828
v -0.29798917 -1.12034838 -0.20299108
v -0.19823900 -1.11162578 -0.08881121
v -0.34098118 -1.08864454 -0.07818751
v -0.21027997 -1.09279918 -0.16271027
v -0.07833393 -1.05502590 -0.41822826
v -0.23352261 -1.09787693 -0.33057982
v -0.07539258 -1.06648806 -0.33302112
v -0.16375943 -1.17633284 -0.31242159
v -0.48069783 -0.99730880 -0.13681920
v -0.39533160 -1.14144435 -0.24660070
v -0.54236230 -1.08232497 -0.22918972
v -0.40057039 -1.01385433 -0.10474731
v -0.47743607 -1.11131415 -0.27975679
v -0.34476139 -1.04671040 -0.14990945
v -0.08137631 -0.83496198 -0.68284169
v -0.23285961 -0.89813596 -0.62914766
v -0.14314254 -0.80220480 -0.70271593
v -0.08249749 -0.91651812 -0.63885265
v -0.55482980 -0.97965113 -0.46814987
v -0.41465186 -1.00418023 -0.59156922
v -0.57308604 -0.97279592 -0.55858262
v -0.44523688 -0.95276921 -0.40730369
v -0.28236381 -0.77500509 -0.78094419
v -0.29538025 -0.85672152 -0.64385428
v -0.20910363 -0.78235691 -0.73486469
v -0.33927885 -0.74027175 -0.69396834
v -0.21849959 -0.83024424 -0.67434771
v -0.09106494 -1.15676186 -0.56771666
v -0.25030962 -1.02614928 -0.60462852
v -0.08566388 -1.02175276 -0.60119244
v -0.16545920 -1.09608933 -0.48206452
v -0.16072392 -0.95282077 -0.61196647
v -0.49353857 -0.77038971 -0.61498923
v -0.37463349 -0.87579381 -0.60479579
v -0.51686970 -0.84192595 -0.57317335
v -0.41541464 -0.75465515 -0.65474532
v -0.46807794 -0.92187034 -0.58311898
v -0.35776040 -0.80992359 -0.65268957
v -0.29534463 -1.00485788 -0.34255432
v -0.34968692 -1.08908280 -0.58166516
v -0.35790927 -0.95023511 -0.36296127
v -0.22258097 -0.99890478 -0.38932286
v -0.41477113 -1.05327352 -0.50706440
v -0.26084210 -1.11830669 -0.54318733
v -0.52597574 0.62940979 -0.72744113
v -0.55547558 0.48779405 -0.79080377
v -0.61997455 0.19656726 -0.92699372
v -0.55458871 0.32698803 -0.80995055
v -0.52008691 -0.43489047 -0.85413555
v -0.55388975 -0.28498114 -0.88692587
v -0.70936072 0.03497240 -1.08486882
v -0.54303820 -0.12169669 -0.84943689
v -0.55519373 -0.98997267 0.19362545
v -0.75640738 -0.99913081 0.20215693
v -0.64234177 -1.10468540 0.13437662
v -0.84923866 -0.63952780 0.14194707
v -0.87232389 -0.87115129 0.18357777
v -0.59401808 -0.95069659 -0.02686798
v -0.77811778 -0.99578059 0.12006346
v -0.65286331 -1.08278048 0.05076031
v -0.72395438 -1.06934203 0.12965913
v -1.20688223 -0.09518899 0.05826981
v -1.07594324 -0.24218000 0.07968445
v -1.01681369 -0.56215321 0.13406576
v -1.04090240 -0.39608783 0.10561512
v -0.60161120 -0.82703129 -0.29863638
v -0.77893880 -0.86003940 -0.19940435
v -0.65661194 -0.93852426 -0.25582974
v -0.90464735 -0.65656556 0.07251184
v -0.90020806 -0.80745224 -0.06476468
v -0.81745925 -0.68484466 0.07814815
v -0.60163102 -0.92652170 -0.10056541
v -0.79211656 -0.90919001 -0.12765107
v -0.67619464 -1.00398747 -0.18906898
v -0.63628520 -0.87588089 -0.03408388
v -0.74672992 -0.95368553 -0.19902691
v -0.79522985 -0.88009259 0.10447598
v -0.80110802 -0.82585250 -0.05216430
v -0.79229388 -0.76390135 0.08927670
v -0.70836966 -0.87359715 0.03194953
v -0.80233623 -0.74624463 0.01477849
v -0.70361519 -0.83665871 -0.04233097
v -0.59107429 0.95958340 0.45066385
v -0.77721526 0.93428315 0.44663090
v -0.56820024 0.90715594 0.34850220
v -0.89676080 0.61112671 0.30725884
v -0.88394761 0.80179133 0.39173524
v -0.62617496 0.96666448 0.21313960
v -0.73236475 0.87138694 0.33397959
v -0.60708729 0.95291045 0.28681638
v -0.64309886 0.88261267 0.33881597
v -1.09240351 0.06452672 0.07126393
v -1.05439249 0.20502926 0.13240375
v -0.92198645 0.45835908 0.24015525
v -0.99632275 0.33689044 0.18891183
v -0.74746992 1.07376119 -0.11042229
v -0.70084399 0.78512043 0.01300413
v -0.64855639 0.94889619 -0.02064441
v -1.01664002 0.68743902 0.25621460
v -0.82820008 0.72664337 0.12112065
v -0.98829401 0.77105247 0.29036859
v -0.58001211 0.87892156 0.12105152
v -0.75982888 0.86567080 0.09154225
v -0.56752458 0.84538190 0.04955150
v -0.69911857 0.93137128 0.19500020
v -0.62157189 0.80076988 0.03110177
v -0.83370528 0.85845744 0.32737555
v -0.79023505 0.79357662 0.14619758
v -0.92366902 0.82896621 0.31457105
v -0.70851438 0.83007154 0.24069719
v -0.85993472 0.76314020 0.20760849
v -0.75298218 0.86937114 0.17146397
v -0.57168803 0.66807687 -0.65964380
v -0.67357512 0.58732941 -0.57507920
v -0.58517404 0.70779547 -0.59460217
v -0.58634809 0.59701131 -0.69217929
v -0.80616242 0.40196755 -0.38382022
v -0.96869072 0.64061747 -0.62063690
v -0.59317530 0.76066435 -0.45041212
v -0.71393473 0.65103203 -0.53204900
v -0.59131424 0.73753498 -0.52286705
v -0.62412667 0.65282744 -0.54143170
v -0.59656047 0.44123822 -0.73175813
v -0.71512547 0.53867313 -0.63101313
v -0.59362658 0.51934115 -0.71504909
v -0.62526112 0.54577979 -0.63571775
v -1.07643775 0.04527283 -0.01534945
v -1.07394067 0.15285627 -0.12424952
v -1.06607422 0.11610482 0.01617661
v -1.01544053 0.37020447 -0.34576970
v -1.12758229 0.27982151 -0.25116795
v -1.01845625 0.25158688 0.07617283
v -1.11850065 0.23707879 -0.09701686
v -1.04551653 0.18550160 0.04690382
v -1.02923471 0.16473218 -0.03659444
v -0.76765257 1.07784023 -0.21815107
v -0.88410785 0.91905612 -0.29134287
v -0.70854004 0.97482486 -0.28253994
v -0.77734852 0.96147675 -0.14279455
v -0.82723612 0.44011937 -0.32483219
v -0.83166204 0.63317760 -0.30284424
v -0.84411923 0.51433652 -0.39253450
v -0.60447764 0.79505624 -0.38252753
v -0.89853541 0.90936872 -0.38493083
v -0.64165169 0.86384088 -0.33068881
v -0.67619152 0.75597958 -0.42929232
v -0.81125122 0.95673567 -0.33623515
v -0.79022128 0.76405981 -0.01882418
v -0.76289726 0.69992319 -0.18252228
v -0.68065493 0.74345985 -0.06649315
v -0.77787501 0.82869920 -0.16634505
v -0.89579394 0.71136650 -0.56994420
v -0.94018490 0.80906300 -0.41518854
v -0.96531116 0.67212258 -0.52701889
v -0.77808790 0.73582765 -0.49482558
v -0.91306268 0.66614386 -0.41412447
v -0.85103131 0.83316930 -0.45114650
v -0.77717657 0.17915206 -1.00970289
v -0.89097654 0.27092325 -0.86220913
v -0.71619469 0.25252827 -0.91872855
v -0.82832223 0.33763371 -0.41510011
v -0.83518001 0.30122009 -0.59522771
v -0.84528257 0.40456288 -0.48922156
v -0.60900905 0.36747048 -0.75913902
v -0.90424173 0.37091771 -0.85919086
v -0.64753106 0.30906053 -0.81933148
v -0.67973384 0.42172506 -0.72369897
v -0.81806711 0.31358574 -0.90271250
v -0.89718619 0.57999311 -0.68565602
v -0.94440289 0.41105213 -0.76575089
v -0.96671753 0.53941717 -0.64390394
v -0.78063577 0.49540979 -0.70658224
v -0.91568213 0.41897106 -0.63183077
v -0.85514794 0.44472240 -0.79328504
v -1.01120397 0.57102327 0.20906934
v -1.09434220 0.57519159 0.03347691
v -0.99388896 0.47605037 0.17051822
v -1.05524606 0.68907605 0.16583131
v -0.99666500 0.44755764 -0.31332356
v -0.97204663 0.47406370 -0.13631922
v -0.99582912 0.38357559 -0.25254437
v -0.91528574 0.50436852 -0.27355351
v -0.99370037 0.32055318 0.10569195
v -1.15791640 0.51265502 0.00121329
v -0.98483380 0.39215216 0.13601750
v -1.05344421 0.32033594 0.02493122
v -1.11316146 0.51296265 0.09470272
v -0.87541800 0.74369378 0.03901607
v -0.93637127 0.57161164 -0.02323487
v -0.89308392 0.66795543 0.09206952
v -0.88287355 0.73016967 -0.05126577
v -0.98871597 0.62397339 0.06398193
v -1.20405776 0.32333425 -0.17013070
v -1.08346603 0.45912304 -0.09209712
v -1.05806227 0.34378453 -0.20725507
v -1.16472221 0.33318643 -0.06860721
v -1.00213686 0.40575938 -0.16875741
v -1.18233124 0.42938231 -0.03506041
v -0.76584988 0.59720727 -0.20085232
v -0.96382642 0.56830681 -0.11367903
v -0.81888973 0.54149227 -0.23051825
v -0.80657486 0.64826969 -0.12954277
v -0.98095826 0.55946447 -0.20319366
v -0.94361316 0.66220495 -0.08431502
v -0.60680438 -0.52471545 -0.85668557
v -0.79255462 -0.51314569 -0.82824393
v -0.67294875 -0.63161987 -0.86661870
v -0.58219959 -0.41382916 -0.81500278
v -0.90684068 -0.34001561 -0.53049386
v -0.89713749 -0.44281163 -0.70449343
v -0.58623653 -0.62901284 -0.61877937
v -0.75894127 -0.54114361 -0.72045147
v -0.61190466 -0.61674495 -0.71509161
v -0.72719178 -0.59229482 -0.80128345
v -0.63931420 -0.27316034 -0.87888056
v -0.74574426 -0.39110993 -0.77800979
v -0.62090185 -0.35063752 -0.86133023
v -0.65668798 -0.39966270 -0.79059404
v -1.09358652 -0.04710267 -0.02705767
v -1.05786389 -0.12253327 -0.15610869
v -1.16641321 -0.13428633 -0.01446288
v -1.06723296 0.00676543 -0.08012797
v -0.92957627 -0.25781955 -0.39064475
v -1.00193913 -0.19307319 -0.27787263
v -1.12523351 -0.29694323 0.01347296
v -1.07370777 -0.20458208 -0.14646463
v -1.21665472 -0.22985451 -0.00024850
v -1.11787254 -0.17048335 -0.08280676
v -1.11974561 0.11960414 -0.20048687
v -1.02183674 -0.06739769 -0.20478426
v -1.03036502 0.05807522 -0.13053637
v -1.04781204 -0.03110356 -0.14387894
v -0.68850547 -0.90140533 -0.42807610
v -0.81762446 -0.76830400 -0.47076464
v -0.71153479 -0.89175626 -0.51707796
v -0.69155208 -0.80859092 -0.33346243
v -0.87111507 -0.37269583 -0.44609095
v -0.83149408 -0.54773091 -0.44968686
v -0.82728891 -0.40174617 -0.49762006
v -0.61526378 -0.69913900 -0.57849800
v -0.74298306 -0.66018386 -0.49437063
v -0.64261840 -0.76832014 -0.53547595
v -0.65330345 -0.61540917 -0.58343015
v -0.72851313 -0.76942705 -0.50504478
v -0.77050971 -0.72672448 -0.20010762
v -0.90638873 -0.76322264 -0.41477508
v -0.70996304 -0.74416375 -0.25742132
v -0.82099351 -0.81549507 -0.38528559
v -0.77725708 -0.48532397 -0.63258330
v -0.77870424 -0.57381237 -0.49896167
v -0.79633764 -0.43862501 -0.55882156
v -0.69128777 -0.53422664 -0.58844184
v -0.80434645 -0.48732430 -0.49872043
v -0.71954257 -0.59815780 -0.54423321
v -0.75816051 0.06499199 -0.99893192
v -0.70966174 -0.04692627 -0.71985082
v -0.65886919 -0.02422444 -0.87775529
v -0.78639513 0.10783496 -0.89467016
v -1.02697480 -0.28775512 -0.60272260
v -0.83752579 -0.15333552 -0.65395229
v -0.99996745 -0.33045823 -0.67982644
v -0.59114073 -0.17118004 -0.80386311
v -0.77041997 -0.13370902 -0.78869735
v -0.57747650 -0.09368602 -0.77756624
v -0.71163176 -0.24937859 -0.84498758
v -0.63079470 -0.06949863 -0.73541842
v -0.76854058 0.16741735 -0.65154588
v -0.79841570 -0.00916943 -0.69987354
v -0.78515357 0.14189151 -0.77127554
v -0.68811686 0.03934827 -0.68666467
v -0.84683227 -0.38021088 -0.76362597
v -0.80061187 -0.18558424 -0.71623345
v -0.93629003 -0.36195788 -0.73437803
v -0.72038878 -0.29040177 -0.74619984
v -0.87063238 -0.24629591 -0.68148855
v -0.76451237 -0.21862286 -0.78682575
v -1.02937655 -0.62353311 0.06501701
v -0.93131435 -0.48860503 -0.09199369
v -1.04566318 -0.53691668 0.05201136
v -1.00218240 -0.68143245 -0.00662809
v -0.92951226 -0.34019779 -0.38627242
v -1.06381776 -0.47451639 -0.27202800
v -0.97264264 -0.30983666 -0.33150935
v -0.91488474 -0.42928809 -0.38931660
v -0.99224154 -0.34245074 0.02411983
v -1.05462100 -0.46044921 -0.11318068
v -0.98599504 -0.42055344 0.03630288
v -1.15828751 -0.35559802 -0.05973437
v -0.94340281 -0.44782230 -0.02829286
v -0.86323151 -0.72928275 -0.14180341
v -0.93347155 -0.55447915 -0.16187202
v -0.94589488 -0.71851722 -0.07795020
v -0.81643780 -0.65129628 -0.21129431
v -0.90935003 -0.57833892 -0.08301435
v -1.03728574 -0.24097127 -0.21077235
v -1.12754210 -0.44780288 -0.21013666
v -1.00700979 -0.27582997 -0.27188902
v -1.13876916 -0.30677275 -0.14510434
v -1.01410662 -0.36353601 -0.26654600
v -1.16263799 -0.40875507 -0.13693438
v -0.91117405 -0.63931851 -0.40651219
v -1.06491190 -0.58672971 -0.27577331
v -0.89755203 -0.52152537 -0.39107748
v -0.95189729 -0.71380404 -0.33602031
v -0.97825595 -0.49928240 -0.33360797
v -0.95217526 -0.63559249 -0.24621994
v -0.99791059 0.33002376 -0.41684575
v -0.97558249 0.14041816 -0.43018949
v -0.99703080 0.27018426 -0.35241785
v -0.91764605 0.28164894 -0.46972176
v -1.01969371 -0.23007209 -0.49652411
v -1.10088642 -0.04232427 -0.51042233
v -1.00087658 -0.18330407 -0.41023183
v -1.06457498 -0.19120516 -0.60950792
v -1.20543397 0.19347435 -0.28450946
v -1.08729258 0.09804867 -0.41012632
v -1.05930065 0.22693027 -0.31017865
v -1.16735942 0.08433848 -0.28778896
v -1.00452615 0.18030477 -0.36733464
v -0.77012338 0.19395722 -0.55602926
v -0.96868605 0.10975046 -0.51756898
v -0.82218306 0.23073229 -0.50423124
v -0.81221249 0.11630032 -0.59809386
v -0.98470985 0.20546317 -0.51499300
v -0.99820055 -0.10408589 -0.26832413
v -1.16337074 -0.00201899 -0.45210430
v -0.99048750 -0.14133283 -0.33386854
v -1.05701859 -0.01694453 -0.27214065
v -1.11968042 -0.10216910 -0.44709662
v -1.18642829 0.04278304 -0.37557157
v -0.88400245 -0.06633907 -0.67444940
v -0.94228988 0.01312875 -0.51513871
v -0.90139891 -0.11665111 -0.59900081
v -0.89029140 0.03021793 -0.66777335
v -0.99618789 -0.08107979 -0.55701893
v -0.94987173 0.07164294 -0.60447368
v -0.45290742 -0.89336306 0.23913718
v -0.49994286 -0.86400732 0.37454028
v -0.40210173 -0.90982428 0.28159350
v -0.52650979 -0.88135951 0.24136879
v -0.59105152 -0.76587850 0.67417744
v -0.56202453 -0.84649948 0.53403024
v -0.32327144 -1.02234518 0.40070384
v -0.47415856 -0.93402483 0.44593733
v -0.36531295 -0.96569957 0.33905029
v -0.43753253 -0.92342652 0.36070053
v -0.72606083 -0.90070463 0.26076930
v -0.54284551 -0.79742308 0.35795998
v -0.61741545 -0.88593503 0.24912357
v -0.52352591 -0.82130989 0.29423102
v -0.44532164 -0.17756549 0.86960155
v -0.49419107 -0.32126541 0.85257967
v -0.58973804 -0.64193752 0.78334290
v -0.55823747 -0.48915154 0.84877725
v -0.06739367 -1.06715311 0.60199930
v -0.23465510 -1.01187240 0.67455121
v -0.13735777 -1.07930208 0.56119823
v -0.53916401 -0.79100678 0.74342831
v -0.39526604 -0.91786030 0.72269974
v -0.53420011 -0.84701415 0.68016506
v -0.26786548 -1.06214044 0.46230525
v -0.30486123 -1.01882632 0.62987888
v -0.20544606 -1.07905475 0.51456630
v -0.35248408 -1.03321346 0.49360899
v -0.22216290 -1.05586721 0.59943878
v -0.50385149 -0.92400826 0.53304998
v -0.38780526 -0.97027581 0.65474414
v -0.52298468 -0.89318651 0.60975917
v -0.43248559 -0.98638533 0.51759213
v -0.46414280 -0.91422656 0.67198038
v -0.37343946 -1.01246932 0.57900489
v -0.89432189 -0.62052513 0.21383695
v -0.91375112 -0.72652769 0.40323286
v -0.92865685 -0.74709472 0.24417944
v -0.62608867 -0.67875597 0.63761631
v -0.65908759 -0.60586378 0.45423280
v -0.61679577 -0.72615938 0.57547211
v -0.84163777 -0.90037773 0.27051939
v -0.78404216 -0.72424516 0.37716708
v -0.91812976 -0.85317055 0.26640982
v -0.69141955 -0.79931049 0.30857126
v -0.92766436 -0.79887621 0.34063384
v -0.57245772 -0.78228316 0.43259397
v -0.65808461 -0.65620282 0.40356527
v -0.59830873 -0.76096173 0.50572557
v -0.59213076 -0.74259067 0.34917081
v -0.62296658 -0.67239872 0.47334636
v -0.66760619 -0.71745656 0.35452805
v -0.57955819 1.02041794 0.56749582
v -0.51087022 0.75376342 0.57962254
v -0.51403973 1.02539926 0.62317190
v -0.65587541 0.97942775 0.55236924
v -0.63040876 0.61049272 0.88938724
v -0.55142377 0.67021510 0.70374743
v -0.34963280 0.94928794 0.67668686
v -0.45374966 0.75308763 0.62382543
v -0.43427805 0.99907810 0.65957283
v -0.47077288 0.85727788 0.61012206
v -0.74450252 0.82130352 0.47957268
v -0.57199566 0.71476196 0.56479846
v -0.71127841 0.90929727 0.52129761
v -0.59671607 0.81645741 0.54725274
v -0.54003445 -0.04985685 1.07395854
v -0.54137846 0.11157987 0.98861463
v -0.54148873 0.39224371 0.83592550
v -0.57236312 0.27119149 0.96172015
v -0.06424489 0.78156695 0.74097411
v -0.21556585 0.73371148 0.80816046
v -0.12614007 0.80215588 0.71038225
v -0.53831357 0.57882747 0.90453602
v -0.39652002 0.70674725 0.91539149
v -0.55562896 0.67446165 0.89229854
v -0.26474931 0.88710635 0.68302004
v -0.27837114 0.74826537 0.76979546
v -0.19194508 0.83673087 0.69120491
v -0.32301381 0.79450449 0.65784085
v -0.20147330 0.77636457 0.74073060
v -0.47776794 0.71773385 0.69572895
v -0.35782062 0.71067575 0.79254414
v -0.50074958 0.67917627 0.76659196
v -0.39940178 0.75632453 0.67610420
v -0.45095626 0.69373957 0.83988736
v -0.34116273 0.75623960 0.72676480
v -0.86162149 0.52312275 0.34293338
v -0.81998992 0.53780669 0.50643929
v -0.81690306 0.57826708 0.36556174
v -0.67328207 0.53508173 0.83716138
v -0.80338992 0.57487335 0.71228697
v -0.69541669 0.62915392 0.82251820
v -0.76442887 0.72515116 0.43358606
v -0.76636953 0.59009625 0.52619258
v -0.78485845 0.64455691 0.39522974
v -0.67842713 0.67930860 0.48042283
v -0.79298609 0.58464457 0.44545458
v -0.60067040 0.67789894 0.63437753
v -0.72973264 0.59013233 0.60689017
v -0.62771443 0.63802466 0.70321264
v -0.63959131 0.67847476 0.55620450
v -0.71391020 0.60851143 0.70862394
v -0.70644383 0.63784538 0.54442090
v 0.49445919 0.53223584 0.97431640
v 0.33300849 0.42061050 0.96409850
v 0.41816487 0.57233076 0.94611575
v 0.51997446 0.45433297 1.00474652
v 0.08632034 0.28334702 1.11341139
v 0.21129049 0.35149785 1.03090658
v 0.27152726 0.63559100 0.88011857
v 0.28786918 0.49672486 1.01375486
v 0.34214888 0.60484821 0.91142778
v 0.37426090 0.56715089 1.04109652
v 0.47148516 0.24103214 0.88111244
v 0.32984808 0.32393807 0.92357291
v 0.48423807 0.33200519 0.91950606
v 0.40865685 0.37624595 0.94216408
v -0.42092530 -0.07922470 1.02252289
v -0.33388867 0.01180947 1.18088871
v -0.49151779 -0.00138106 1.13598765
v -0.04441444 0.17841894 1.03311530
v -0.19243256 0.10989269 1.19123775
v -0.46043156 0.15134417 0.96993646
v -0.35383659 0.09925971 1.17305618
v -0.50310158 0.08521284 1.10897367
v -0.42995791 0.05011554 1.17616373
v 0.01006873 0.76120533 0.78281402
v 0.01407281 0.69849387 0.98962617
v 0.07391014 0.73750980 0.81302724
v -0.06493443 0.74073997 0.82083682
v 0.01853766 0.34254401 1.13844937
v 0.01451087 0.46307134 0.94689486
v 0.08611598 0.37825327 1.09870558
v 0.20240823 0.67039486 0.85572205
v 0.08723464 0.67783902 1.03925845
v 0.13846485 0.70559104 0.83594458
v 0.22424919 0.64853103 0.98643628
v 0.07758235 0.68846804 0.89176162
v -0.23183473 0.71714973 0.93084458
v -0.07157423 0.68239035 1.05218257
v -0.14302592 0.71717025 0.85893798
v -0.06732943 0.70829445 0.92260866
v 0.19783632 0.41223561 0.94232900
v 0.08294988 0.54936620 1.01790285
v 0.14087921 0.38383265 0.98462019
v 0.22973497 0.57050245 1.05151278
v 0.07575051 0.41745415 0.95041713
v 0.16125686 0.63461481 1.06358359
v 0.50779850 -0.06344195 0.90133450
v 0.37516462 0.01889588 0.96228431
v 0.54267655 0.01408273 0.97449432
v 0.09115618 0.18043571 1.02623704
v 0.23583570 0.10045075 1.00405284
v 0.16402946 0.23572024 1.08800651
v 0.52610766 0.17843653 0.96946515
v 0.38956485 0.10095651 1.01593871
v 0.56619731 0.10244066 1.02941284
v 0.45427344 0.22681910 1.00442390
v 0.46463212 0.05795862 0.99500742
v 0.29390758 0.31435267 1.03907493
v 0.31327300 0.14561323 1.03880975
v 0.24277238 0.29175440 1.12637033
v 0.37591916 0.27268304 1.02791323
v 0.23954962 0.18970854 1.06248346
v 0.40819398 0.19764172 1.09017019
v -0.47046883 0.42889958 0.83283844
v -0.37655022 0.41975284 1.01120061
v -0.51301316 0.39677430 0.94804186
v -0.42974129 0.50940155 0.88055562
v -0.05960042 0.26733933 1.06539129
v -0.22937728 0.36515301 1.10924141
v -0.11797947 0.21347179 1.01733155
v -0.06553914 0.38489654 1.13101528
v -0.46771551 0.22770880 0.94215897
v -0.37951409 0.35110231 1.06801327
v -0.52736293 0.33302248 1.01742828
v -0.38778518 0.19256393 0.95784882
v -0.46156258 0.38651533 1.03951021
v -0.33072477 0.70019364 0.99430421
v -0.28003154 0.44009145 0.93013660
v -0.39702946 0.62083866 0.96746991
v -0.24200794 0.65889313 1.02214512
v -0.34296662 0.45975957 0.87894208
v -0.26496553 0.14298364 1.11697495
v -0.28292985 0.30065554 1.04860905
v -0.18458875 0.17641764 1.04567920
v -0.32766503 0.16787348 1.02853578
v -0.19601162 0.25356934 1.02315207
v -0.33111589 0.24088446 0.98418587
v -0.06167382 0.51702945 0.96641585
v -0.21730945 0.43200354 1.01691724
v -0.05955776 0.42769262 0.98303207
v -0.14759143 0.58992125 1.00294974
v -0.14688294 0.41613976 1.09020574
v -0.20683463 0.48692688 0.91937664
v 0.40815071 -0.61427852 0.66896696
v 0.31504085 -0.59985634 0.78137027
v 0.35799094 -0.66346448 0.66102255
v 0.43698994 -0.56907180 0.72233617
v 0.08890361 -0.54549272 1.01360280
v 0.21570840 -0.59442216 0.92226510
v 0.27568772 -0.82821167 0.69969700
v 0.27714701 -0.69051309 0.82097996
v 0.31955272 -0.74372220 0.68092693
v 0.32025118 -0.67781510 0.73897698
v 0.52659263 -0.49469696 0.88607872
v 0.32069533 -0.51753385 0.78902910
v 0.47687114 -0.53125692 0.79537818
v 0.37007694 -0.53167703 0.74030673
v -0.37620473 -0.15516345 0.90410387
v -0.27968397 -0.25173977 0.95965902
v -0.39482102 -0.22281309 0.88670324
v -0.33313203 -0.11828816 0.95320611
v -0.04690822 -0.46599655 1.05431696
v -0.17586572 -0.36521793 1.03965260
v -0.46842130 -0.39265447 0.92276868
v -0.31607489 -0.34327624 0.99881816
v -0.43097239 -0.30440939 0.90592206
v -0.35805436 -0.28077534 0.94232186
v -0.25026043 -0.03997334 1.11896654
v -0.21664116 -0.20300900 0.95011377
v -0.29260823 -0.08084942 1.02605548
v -0.26839915 -0.15795106 0.93171140
v 0.01677149 -1.03987365 0.64401353
v 0.01901004 -0.92965494 0.80117777
v 0.08684307 -1.00663453 0.67311657
v -0.06704239 -1.02371817 0.68766578
v 0.02133415 -0.60933918 1.02322220
v 0.02056337 -0.78308246 0.93027674
v 0.09068107 -0.64447884 0.99209817
v 0.21838442 -0.90453804 0.70503530
v 0.08999498 -0.89084627 0.82698631
v 0.15530284 -0.96212950 0.69464778
v 0.22324864 -0.84660805 0.78100778
v 0.08877938 -0.95508519 0.75465740
v -0.23424434 -0.95190630 0.75201351
v -0.06544602 -0.89719571 0.83627558
v -0.15166537 -0.99215947 0.72291188
v -0.06628912 -0.96448748 0.76553067
v 0.22066672 -0.68917878 0.89472069
v 0.09079716 -0.81515210 0.89365666
v 0.15837386 -0.67234586 0.94988510
v 0.22402236 -0.77359921 0.84531294
v 0.09111966 -0.73425594 0.94916067
v 0.15939033 -0.83976953 0.84498706
v 0.52698943 -0.15985239 0.92333834
v 0.43565520 -0.28916066 1.07684015
v 0.57311332 -0.26034381 0.99384491
v 0.47461758 -0.12043907 0.98972491
v 0.09748538 -0.44423251 0.99881571
v 0.22334271 -0.31985214 0.89473132
v 0.16029912 -0.47428885 0.96338846
v 0.57482009 -0.44127808 0.97759798
v 0.39199701 -0.34306957 0.96423158
v 0.59523352 -0.36266210 1.02186242
v 0.43102826 -0.43550482 0.86888361
v 0.52042251 -0.32952503 1.06350125
v 0.34150828 -0.03292084 1.08586569
v 0.35312454 -0.23682577 1.09596350
v 0.41210149 -0.07751293 1.04563450
v 0.45106738 -0.19250591 1.13045183
v 0.27158765 -0.50871277 0.85393119
v 0.28260361 -0.35130874 0.87314543
v 0.21923629 -0.49598058 0.91383414
v 0.32837002 -0.44423970 0.80867365
v 0.21900507 -0.39950046 0.89364840
v 0.35024978 -0.38755100 0.86262942
v -0.53835782 -0.71493394 0.81043220
v -0.39283625 -0.68858459 0.92464254
v -0.53205256 -0.64436980 0.85865134
v -0.47208863 -0.78662816 0.80909200
v -0.06202482 -0.56054579 1.04821186
v -0.23067199 -0.63602421 1.00559298
v -0.13137221 -0.51450205 1.05866611
v -0.06312504 -0.65407565 1.01324167
v -0.49919384 -0.48451037 0.92015350
v -0.38402304 -0.61338429 0.96908914
v -0.51952917 -0.56712294 0.89695135
v -0.42697081 -0.46600822 0.97593292
v -0.46116437 -0.63318079 0.91952152
v -0.31896050 -0.90231849 0.77741003
v -0.31734363 -0.74974981 0.91179036
v -0.39714696 -0.84846913 0.79650324
v -0.23564674 -0.88145749 0.82514342
v -0.39632916 -0.77130165 0.86447127
v -0.26092553 -0.40728329 1.03909415
v -0.30027683 -0.58624062 1.01089424
v -0.19891952 -0.46320755 1.05699580
v -0.34619558 -0.43982750 1.01625494
v -0.21684420 -0.55399220 1.04148319
v -0.36833563 -0.53087011 1.00319066
v -0.06462670 -0.81988430 0.90437038
v -0.23180815 -0.72202622 0.95448863
v -0.06391498 -0.74046261 0.96284860
v -0.15008097 -0.85372407 0.86785681
v -0.14847343 -0.69096712 0.98819784
v -0.23482713 -0.80411871 0.89326232
v 0.01846427 0.13780803 1.07578585
v 0.02163491 -0.04681778 1.20095665
v -0.04965704 0.10418895 1.18054125
v 0.09776298 0.10014922 1.10269975
v 0.02024040 -0.39901789 1.02197249
v 0.01805441 -0.19968856 0.95627339
v -0.04412453 -0.35463139 1.02467132
v 0.09129801 -0.33530002 0.96316182
v -0.19414567 0.00882878 1.20812131
v -0.04528348 -0.08711155 1.09532110
v -0.12570089 0.05933007 1.23798674
v -0.17057334 -0.08336299 1.04923391
v -0.05128212 0.00511690 1.23488893
v 0.26066205 0.01440174 1.11010207
v 0.10497143 -0.09157168 1.17035574
v 0.17995683 0.05837076 1.11522766
v 0.28614662 -0.09209882 1.20139466
v 0.10968383 0.00731973 1.23279302
v -0.16256471 -0.25458577 0.98408295
v -0.04028442 -0.16230927 0.96994197
v -0.10610779 -0.30554348 1.01136696
v -0.15653097 -0.16040747 0.95403902
v -0.04090261 -0.24736594 0.97156446
v -0.10147961 -0.12313546 0.99805048
v 0.23543338 -0.25356890 0.96655974
v 0.09180417 -0.16949690 1.00961742
v 0.15623020 -0.28129759 0.92140397
v 0.26830397 -0.18763952 1.11276897
v 0.08723642 -0.24091274 0.94208717
v 0.18599054 -0.13945813 1.13744519
v -1.20607415 -0.01893781 0.12543077
v -1.07375128 -0.03534582 0.26186107
v -1.20920902 -0.10612671 0.14155908
v -1.16436053 0.05940562 0.15613825
v -1.01162469 -0.07251685 0.56533054
v -1.03726841 -0.05318270 0.40764111
v -1.00229679 -0.23664727 0.14541835
v -1.00092697 -0.10739022 0.25926614
v -1.07574765 -0.17361443 0.14078010
v -1.07501668 -0.10463951 0.20153224
v -1.06940988 0.20096899 0.21073901
v -1.12166408 0.03986961 0.31013294
v -1.11465983 0.13267012 0.18420653
v -1.21366268 0.05247610 0.24842431
v -0.54597146 -0.11975443 0.96010136
v -0.74711316 -0.12212407 0.97461205
v -0.51906166 -0.17855132 0.86039230
v -0.63112887 -0.04663154 1.06629549
v -0.84331447 -0.08051902 0.63431409
v -0.86423469 -0.10785055 0.85588227
v -0.53764874 -0.30705337 0.78987068
v -0.71854761 -0.19175369 0.88520325
v -0.51735098 -0.23864086 0.80743766
v -0.60997354 -0.18371326 0.86763057
v -0.58275921 0.11169556 0.90887199
v -0.76793530 -0.03495718 0.96634313
v -0.64095884 0.04053081 1.04015700
v -0.71306319 -0.04164401 1.03484100
v -0.90840228 -0.52245827 0.19438424
v -0.92528974 -0.40260493 0.31311326
v -1.01353263 -0.49031284 0.19765356
v -0.93624411 -0.57772490 0.28543986
v -0.90437278 -0.14223325 0.52928105
v -0.92394224 -0.27545428 0.42510575
v -1.00987060 -0.14476203 0.50200982
v -1.07018501 -0.33895083 0.17261519
v -1.00749704 -0.35185655 0.31854234
v -1.10373697 -0.43881528 0.19580189
v -1.08240101 -0.27124491 0.23733464
v -1.00981886 -0.41993764 0.25897936
v -0.91033299 -0.64633523 0.46526082
v -0.98198455 -0.46188883 0.42519411
v -1.00249735 -0.66363256 0.40484993
v -0.96671525 -0.52441240 0.35734589
v -1.06793932 -0.12704657 0.35925746
v -1.00675919 -0.28223311 0.37986568
v -1.10060901 -0.14365984 0.45577062
v -1.08164322 -0.19973932 0.30031576
v -1.00764201 -0.21452885 0.43990052
v -1.11358525 -0.29559449 0.33051645
v -0.92103821 0.45941671 0.31801672
v -1.05505895 0.35196891 0.45592856
v -0.96511215 0.40074385 0.29435991
v -0.90537199 0.46833894 0.40130058
v -1.02271498 0.00505517 0.61866868
v -0.92445405 0.15873581 0.47817495
v -1.03983203 0.01331313 0.53664598
v -1.03186699 0.27034391 0.23958682
v -1.11975883 0.28663058 0.43674194
v -1.00052132 0.33642499 0.26737649
v -1.13330824 0.20852208 0.30876006
v -1.00668217 0.33703827 0.35050991
v -0.89909061 0.50088001 0.59775853
v -1.05483961 0.36369623 0.56134841
v -0.88698016 0.47604121 0.48756504
v -0.96855407 0.41619122 0.47272824
v -0.98831794 0.02778153 0.35021517
v -1.04780333 0.18286861 0.45344455
v -0.98132508 0.02010592 0.42442941
v -1.15322333 0.12226062 0.36115676
v -0.93771405 0.08897193 0.44450791
v -1.15610571 0.20763374 0.40597216
v -0.62534161 -0.60826271 0.69970577
v -0.65710218 -0.41851904 0.61924340
v -0.61481872 -0.53960371 0.73978770
v -0.64122573 -0.57272423 0.59749485
v -0.88940376 -0.15644844 0.62258913
v -0.90974698 -0.34869552 0.73602209
v -0.92263381 -0.17875863 0.74476183
v -0.93259941 -0.23380989 0.58835533
v -0.56825888 -0.38607860 0.78156534
v -0.65496184 -0.36153735 0.66310245
v -0.59516221 -0.46405488 0.76723693
v -0.58744111 -0.30007325 0.73893390
v -0.62045292 -0.43520869 0.68225997
v -0.74750769 -0.57215791 0.47588746
v -0.74611860 -0.44108284 0.59133653
v -0.66314842 -0.54687304 0.51238010
v -0.90272316 -0.56719062 0.52820643
v -0.66248116 -0.48390978 0.56783725
v -0.83420083 -0.19862469 0.88861353
v -0.77981306 -0.32518589 0.72865284
v -0.91115735 -0.19525059 0.84589640
v -0.68560125 -0.25029286 0.79213822
v -0.92213520 -0.27714235 0.80016963
v -0.66323735 -0.30521131 0.71762783
v -0.98120266 -0.38810910 0.49017826
v -0.90793302 -0.41987236 0.66472611
v -0.96447010 -0.31255873 0.54394361
v -1.01896698 -0.51510978 0.54989777
v -0.99919571 -0.35208821 0.67925379
v -0.90192707 -0.49207194 0.59436990
v -0.58870741 0.39057632 0.77381517
v -0.76671617 0.29329299 0.81643449
v -0.64290707 0.35467333 0.88320040
v -0.67843869 0.42879422 0.75640889
v -0.89773502 -0.00431527 0.64700466
v -0.89005053 0.15101685 0.77944133
v -0.81031731 -0.01092744 0.67172489
v -0.99407122 0.08394248 0.66750332
v -0.58981828 0.18813308 0.88120675
v -0.78013650 0.22125333 0.86802742
v -0.66248960 0.28922548 0.94997468
v -0.62577967 0.11542561 0.83904485
v -0.73346087 0.29838817 0.90378188
v -0.89281064 0.51801143 0.71371775
v -0.75979211 0.28459236 0.69064594
v -0.80718056 0.48790126 0.76272745
v -0.93974657 0.43274341 0.67384246
v -0.69842523 0.34454900 0.70150145
v -0.78617795 -0.02595074 0.85679202
v -0.79091454 0.13600850 0.79502925
v -0.78438895 -0.01798846 0.74626621
v -0.69860665 0.04764458 0.84336622
v -0.79379386 0.05981729 0.72474642
v -0.69344029 0.12344856 0.80331792
v -0.92508177 0.23718330 0.53541306
v -0.85310849 0.22592956 0.69953407
v -0.90158071 0.15477774 0.56270442
v -0.94191610 0.33246624 0.60643249
v -0.93658270 0.16018376 0.69599719
v -0.80643486 0.29258559 0.62006347
v 0.49756575 -0.87605530 -0.48720990
v 0.53450152 -0.78863023 -0.60643412
v 0.43842019 -0.87455447 -0.53149810
v 0.58520832 -0.56672026 -0.82561799
v 0.60340682 -0.73339667 -0.77009011
v 0.31248612 -0.84843102 -0.60479239
v 0.49874293 -0.82776289 -0.68568320
v 0.37571547 -0.86435199 -0.57062915
v 0.44109145 -0.80322797 -0.57165491
v 0.49205144 0.04542698 -0.97853546
v 0.50907057 -0.10492111 -0.92961700
v 0.50282097 -0.36423355 -0.77623198
v 0.65994103 -0.31268679 -1.10887401
v 0.07141049 -0.86873966 -0.82361927
v 0.24366270 -0.82934345 -0.91349612
v 0.13321271 -0.84713256 -0.75021321
v 0.51864328 -0.55767677 -0.87148374
v 0.35974737 -0.64120460 -0.83049949
v 0.49865295 -0.60530014 -0.80079932
v 0.24892352 -0.83407822 -0.64219148
v 0.32481853 -0.87311657 -0.89823905
v 0.19107800 -0.83295107 -0.68808251
v 0.33914179 -0.83417387 -0.69068665
v 0.23180576 -0.89324882 -0.85225003
v 0.55851420 -0.83903610 -0.81331220
v 0.38434794 -0.76336225 -0.85130002
v 0.50989922 -0.69158610 -0.78059905
v 0.45781785 -0.86694373 -0.77499046
v 0.42777617 -0.65807991 -0.79671540
v 0.39948285 -0.88551512 -0.85100174
v 0.49388113 0.97418400 -0.26077149
v 0.54203058 0.93674383 -0.40607097
v 0.44266398 1.00160333 -0.30999941
v 0.60274943 0.78103653 -0.68752056
v 0.58524993 0.88148068 -0.55609880
v 0.33931696 1.07308913 -0.42059271
v 0.49769334 0.98038501 -0.46807136
v 0.39365187 1.04061309 -0.36535190
v 0.47147383 0.99506074 -0.38868165
v 0.48560908 0.19362952 -0.94827283
v 0.53579457 0.34831116 -0.92435414
v 0.60140995 0.65464255 -0.79884658
v 0.58130638 0.50936550 -0.88385258
v 0.06699237 1.06079868 -0.59841466
v 0.22765777 0.98169872 -0.65443633
v 0.13726296 1.07855708 -0.56081086
v 0.53595352 0.78629668 -0.73900152
v 0.38347934 0.89049003 -0.70114908
v 0.53383138 0.84642949 -0.67969557
v 0.27480241 1.08964676 -0.47427759
v 0.29882190 0.99864327 -0.61740091
v 0.20746227 1.08964442 -0.51961617
v 0.35913323 1.05270367 -0.50292027
v 0.21913727 1.04148738 -0.59127503
v 0.51689976 0.94793736 -0.54685441
v 0.38012280 0.95105455 -0.64177359
v 0.52811717 0.90195210 -0.61574326
v 0.44064387 1.00499219 -0.52735582
v 0.45782165 0.90177573 -0.66282870
v 0.37192919 1.00837467 -0.57666327
v -0.44507536 0.66985119 -0.72948719
v -0.34156258 0.65035529 -0.84714997
v -0.39410348 0.73039184 -0.72770358
v -0.46520516 0.60581519 -0.76897541
v -0.09066316 0.55628895 -1.03366372
v -0.22462246 0.61898638 -0.96037728
v -0.28937144 0.86931983 -0.73442635
v -0.29090315 0.72478660 -0.86172917
v -0.34434182 0.80141597 -0.73374940
v -0.34509446 0.73039617 -0.79630264
v -0.50195062 0.47154751 -0.84461448
v -0.35262123 0.56905545 -0.86757863
v -0.48513512 0.54046338 -0.80916175
v -0.40711065 0.58488211 -0.81438945
v 0.41023930 0.16920081 -0.98589651
v 0.30322918 0.27293250 -1.04044797
v 0.43464882 0.24528949 -0.97614993
v 0.04783662 0.47521941 -1.07518368
v 0.18313329 0.38031039 -1.08261576
v 0.49167131 0.41214381 -0.96857016
v 0.33176322 0.36031470 -1.04839434
v 0.46440480 0.32802376 -0.97619838
v 0.38583019 0.30255630 -1.01542187
v -0.01667163 1.03368166 -0.64017871
v -0.01844317 0.90193295 -0.77728693
v -0.08678312 1.00593969 -0.67265195
v 0.06540462 0.99870988 -0.67086688
v -0.02120712 0.60571083 -1.01712936
v -0.01995017 0.75973122 -0.90253621
v -0.09061848 0.64403399 -0.99141337
v -0.22403994 0.92796292 -0.72329365
v -0.08821217 0.87319852 -0.81060363
v -0.15682695 0.97157169 -0.70146494
v -0.22745993 0.86257820 -0.79574047
v -0.08757030 0.94207790 -0.74437973
v 0.22465819 0.91295076 -0.72123833
v 0.06276773 0.86047913 -0.80205208
v 0.14624254 0.95668459 -0.69706401
v 0.06391894 0.93000202 -0.73815896
v -0.22638134 0.70702649 -0.91789133
v -0.08899846 0.79900386 -0.87595324
v -0.15992812 0.67894416 -0.95920712
v -0.22824825 0.78819214 -0.86125866
v -0.08987870 0.72425613 -0.93623407
v -0.15874572 0.83637332 -0.84156975
v -0.52573461 0.15947176 -0.92113976
v -0.39309814 0.26091395 -0.97164880
v -0.50250499 0.22826911 -0.87140188
v -0.10232398 0.46628160 -1.04839103
v -0.24566960 0.35182677 -0.98417486
v -0.16924690 0.50076332 -1.01716413
v -0.50958365 0.39119735 -0.86665021
v -0.38751883 0.33915033 -0.95321617
v -0.50569376 0.30810758 -0.86814575
v -0.43895336 0.44351223 -0.88485934
v -0.45283862 0.28673175 -0.92539124
v -0.29432312 0.55129873 -0.92541647
v -0.30831438 0.38327018 -0.95258263
v -0.23406153 0.52951986 -0.97562959
v -0.36130981 0.48880272 -0.88979414
v -0.23977620 0.43739033 -0.97840482
v -0.37325574 0.41300707 -0.91929074
v 0.53515213 0.71067682 -0.80560643
v 0.38112201 0.66805123 -0.89707002
v 0.53168530 0.64392502 -0.85805864
v 0.46055604 0.76741172 -0.78932680
v 0.06165549 0.55720798 -1.04197021
v 0.22379343 0.61705819 -0.97560654
v 0.13128153 0.51414691 -1.05793535
v 0.06158297 0.63809732 -0.98848932
v 0.51212149 0.49705776 -0.94398278
v 0.37641551 0.60123308 -0.94989139
v 0.52462775 0.57268859 -0.90575389
v 0.43502506 0.47479885 -0.99434261
v 0.45488379 0.62455751 -0.90699858
v 0.30590746 0.86539227 -0.74559552
v 0.30435675 0.71906727 -0.87447651
v 0.38294688 0.81813193 -0.76802409
v 0.22481064 0.84092411 -0.78719961
v 0.38215833 0.74372359 -0.83356191
v 0.26768273 0.41783074 -1.06600364
v 0.29432832 0.57462714 -0.99086832
v 0.20087168 0.46775339 -1.06736899
v 0.35272610 0.44812427 -1.03542525
v 0.21389101 0.54644739 -1.02729925
v 0.36684600 0.52872315 -0.99913353
v 0.06198194 0.78633159 -0.86736019
v 0.22232170 0.69247822 -0.91542742
v 0.06162968 0.71398721 -0.92842174
v 0.14317957 0.81446600 -0.82794885
v 0.14316473 0.66626144 -0.95286462
v 0.22402872 0.76714171 -0.85218610
v -0.44490607 -0.47889687 -0.87667353
v -0.32957926 -0.41627917 -0.95417048
v -0.38618687 -0.52856336 -0.87376418
v -0.48620090 -0.42482298 -0.93948587
v -0.09830929 -0.32270081 -1.26805203
v -0.19545363 -0.32515204 -0.95363705
v -0.28283819 -0.66206764 -0.91678144
v -0.28014502 -0.48339664 -0.98655359
v -0.33319359 -0.58901710 -0.88757235
v -0.33991835 -0.51510857 -0.94556448
v -0.44763774 -0.22884089 -0.83654634
v -0.31316458 -0.30755350 -0.87685919
v -0.47958177 -0.32881272 -0.91066434
v -0.40472731 -0.37262807 -0.93310448
v 0.41565803 0.07823332 -1.00972750
v 0.29574580 -0.01046038 -1.04598599
v 0.43151886 0.00121247 -0.99731912
v 0.35464144 0.12592569 -1.01475199
v 0.04846702 -0.19469872 -1.12738155
v 0.16572194 -0.09463902 -1.02588787
v 0.46789748 -0.15379822 -0.98566402
v 0.30197573 -0.08471149 -1.00112456
v 0.43222106 -0.07320745 -0.95273358
v 0.36662593 -0.04273361 -1.00291705
v 0.23820825 0.22321898 -1.04469962
v 0.23854944 0.03810278 -1.06660426
v 0.29525793 0.17375727 -1.02494804
v 0.29767901 0.08225050 -1.04383660
v -0.01166726 -0.88205582 -0.90709515
v -0.01281517 -0.63607211 -0.90118702
v -0.08669033 -0.86503640 -0.95361196
v 0.07524778 -0.85838969 -0.95120810
v -0.01986979 -0.36715953 -1.22025938
v -0.01422638 -0.45399281 -0.92833094
v -0.08234454 -0.36168772 -1.05058793
v -0.22473665 -0.74434869 -0.95012004
v -0.07829623 -0.60838490 -0.93277184
v -0.16017986 -0.81624666 -0.96704314
v -0.20477500 -0.59221145 -0.90077240
v -0.07991149 -0.70913694 -0.91853372
v 0.21468352 -0.66409474 -0.86198037
v 0.06523660 -0.62196721 -0.95901571
v 0.14996611 -0.75197024 -0.90061711
v 0.06485247 -0.68223726 -0.88866714
v -0.19377552 -0.40377403 -0.92298669
v -0.08111128 -0.53718938 -0.99534080
v -0.13042917 -0.35536097 -0.91158370
v -0.21700946 -0.53890110 -0.99326724
v -0.07196693 -0.39660321 -0.90294582
v -0.14734728 -0.57987464 -0.97184173
v -0.59522978 0.07436520 -1.05652368
v -0.42440738 -0.02137609 -1.08859030
v -0.63243126 -0.01641191 -1.13566852
v -0.45188544 0.11467056 -0.94232135
v -0.10685119 -0.21150261 -1.20293158
v -0.26679065 -0.11363556 -1.13584121
v -0.19115873 -0.27470663 -1.26795479
v -0.48998608 -0.16618541 -0.90290345
v -0.46124307 -0.11953206 -1.20286695
v -0.58643815 -0.10610279 -1.06621305
v -0.42442373 -0.21191512 -0.93842455
v -0.54774526 -0.06832623 -1.17299382
v -0.32531601 0.21817576 -1.00965646
v -0.31158044 0.03003584 -0.99070660
v -0.38276983 0.16335798 -0.95928652
v -0.38106646 0.07167549 -0.96688862
v -0.27372842 -0.29276979 -0.96773395
v -0.37091385 -0.17240542 -1.22994617
v -0.25145119 -0.30218425 -1.16663665
v -0.35121801 -0.25476540 -0.96037042
v -0.28240013 -0.22364350 -1.25253994
v -0.43246838 -0.20939504 -1.15500023
v 0.45116719 -0.41130337 -0.79867007
v 0.35445308 -0.39512044 -0.95186021
v 0.47966775 -0.37098431 -0.88641995
v 0.42579147 -0.50471957 -0.87246231
v 0.07070455 -0.31714717 -1.26388375
v 0.24896051 -0.39632817 -1.20394358
v 0.13617791 -0.24640001 -1.17425589
v 0.06666260 -0.39149435 -1.15040289
v 0.55675792 -0.27105939 -1.12152463
v 0.41714817 -0.38591897 -1.17392157
v 0.57300691 -0.36184603 -1.10548808
v 0.43340486 -0.21521747 -1.07053172
v 0.46422393 -0.38874396 -1.04550399
v 0.29851042 -0.63199107 -0.89745371
v 0.26041114 -0.40925646 -0.86496662
v 0.37912851 -0.59284677 -0.92384938
v 0.22662357 -0.61700751 -0.95716769
v 0.33173449 -0.44470248 -0.85015681
v 0.24049197 -0.12977695 -1.01380551
v 0.33180053 -0.35258799 -1.22973607
v 0.18889585 -0.18053409 -1.07007856
v 0.32666645 -0.16736188 -1.02540128
v 0.23332096 -0.30183436 -1.21790141
v 0.39275059 -0.28572326 -1.16738457
v 0.06110768 -0.51228335 -0.95754456
v 0.20136587 -0.40030825 -0.94230794
v 0.05510090 -0.39568725 -0.90946917
v 0.14389110 -0.57513106 -0.97780431
v 0.14133419 -0.40041938 -1.04902138
v 0.20302561 -0.47795974 -0.90244560
v -0.02124501 0.41882279 -1.07269717
v -0.01985925 0.21965081 -1.05186910
v 0.04658753 0.37442667 -1.08186775
v -0.09904671 0.36375780 -1.04490784
v -0.01842030 -0.13747989 -1.07322427
v -0.01952150 0.04224438 -1.08364095
v 0.04353923 -0.09135273 -1.03509699
v -0.09308055 -0.09535250 -1.04988518
v 0.17617352 0.27589795 -1.06646365
v 0.04394942 0.17707587 -1.05818555
v 0.11328303 0.32620500 -1.07975779
v 0.17223306 0.17649842 -1.04974154
v 0.04478194 0.27082691 -1.06371068
v -0.24654179 0.26553300 -1.01216473
v -0.09613574 0.17749423 -1.05725400
v -0.17220657 0.31006358 -1.01562836
v -0.25084546 0.17542984 -1.04036121
v -0.09615737 0.26554890 -1.03842666
v 0.17211204 -0.00782680 -1.07101140
v 0.04476616 0.08611638 -1.08280812
v 0.10679196 -0.05040517 -1.05175893
v 0.17370958 0.08489574 -1.06852565
v 0.04462245 -0.00445240 -1.07452192
v 0.10814524 0.13122354 -1.06360686
v -0.23781911 -0.01313966 -1.01281904
v -0.09670494 0.08436042 -1.07819031
v -0.16640443 -0.05397491 -1.03124078
v -0.24364856 0.07842045 -1.02296536
v -0.09307626 -0.00621143 -1.04613191
v -0.17388816 0.13038361 -1.06343175
v 0.55379304 -0.89905893 -0.42223882
v 0.66826016 -0.80330925 -0.38401927
v 0.61524975 -0.98227250 -0.37735974
v 0.55939066 -0.83534575 -0.47111111
v 0.84580262 -0.57639961 -0.28979894
v 0.76557271 -0.69441848 -0.33927555
v 0.64343986 -0.99331737 -0.21901629
v 0.70307686 -0.83653944 -0.32062346
v 0.66842239 -1.04918467 -0.31579394
v 0.66038353 -0.90633479 -0.34792238
v 0.62871406 -0.78563689 -0.62080319
v 0.66540298 -0.73404427 -0.42862057
v 0.55909414 -0.76498116 -0.51274939
v 0.61536221 -0.78667814 -0.45100040
v 1.16594390 -0.06887065 -0.07606140
v 1.22630373 -0.23845783 -0.15399125
v 0.97753458 -0.48597444 -0.25462419
v 1.15037685 -0.38898134 -0.21812188
v 0.69735720 -1.00177288 0.10301923
v 0.71485883 -0.80082056 -0.01326418
v 0.67826072 -0.99235629 0.02158993
v 0.87735014 -0.59325298 -0.22111063
v 0.90947656 -0.79795345 -0.13300698
v 0.84259636 -0.65738130 -0.24756147
v 0.59216698 -0.89734044 -0.12358830
v 0.77705242 -0.88529353 -0.09361730
v 0.61299490 -0.91311427 -0.05352159
v 0.74011513 -0.98598722 -0.20643508
v 0.65425029 -0.84286940 -0.03273691
v 0.75087354 -0.77316648 -0.29484957
v 0.88044945 -0.88417250 -0.16288771
v 0.79845053 -0.71658624 -0.27192579
v 0.77589443 -0.90901173 -0.26358761
v 0.83487058 -0.74089729 -0.20155742
v 0.82406370 -0.95143978 -0.18765017
v 0.64867994 -0.51552953 -0.80657101
v 0.72888478 -0.52156048 -0.64623057
v 0.62410638 -0.56463841 -0.73817448
v 0.95772315 -0.58146968 -0.38118273
v 0.92686742 -0.60790443 -0.57244860
v 0.86270661 -0.61069037 -0.38605870
v 0.70218807 -0.79246880 -0.74159195
v 0.78383194 -0.63388225 -0.65188245
v 0.63918396 -0.64968258 -0.71606167
v 0.73313724 -0.77770774 -0.63755436
v 0.67721373 -0.57723268 -0.67219919
v 0.71873397 -0.68180414 -0.40766780
v 0.89424149 -0.68855628 -0.61399001
v 0.78131298 -0.64164523 -0.39344436
v 0.71230080 -0.71322628 -0.50441019
v 0.91237275 -0.67266473 -0.51251924
v 0.82720699 -0.74688198 -0.63748703
v 0.54824629 0.97758460 -0.19120251
v 0.66999669 0.88499180 -0.17906287
v 0.56393195 0.96983790 -0.11797344
v 0.56050506 0.93826645 -0.25695330
v 0.92672715 0.69788129 -0.15489898
v 0.75124089 0.75023105 -0.15809624
v 0.60365011 0.96611217 0.02730365
v 0.66407119 0.84983176 -0.10246609
v 0.56088329 0.93023067 -0.04360884
v 0.61731728 0.91182999 -0.11056059
v 0.59688694 0.87680824 -0.39359566
v 0.69208466 0.85855597 -0.24856654
v 0.57591531 0.90349862 -0.32367481
v 0.62811501 0.90128791 -0.25344078
v 1.08593235 0.08564945 -0.05243020
v 1.06486348 0.23968610 -0.07886388
v 1.15803796 0.64023013 -0.15268603
v 0.96288366 0.36639986 -0.09769895
v 0.57692926 0.79310117 0.28638440
v 0.73322825 0.80956961 0.18770268
v 0.61393273 0.87752099 0.23920103
v 1.07319170 0.77888992 -0.08602148
v 0.97706388 0.87638897 0.07029400
v 0.94355310 0.79048259 -0.09020257
v 0.71616789 1.10291038 0.11971078
v 0.87066588 0.99934878 0.14030945
v 0.73472020 1.09088395 0.20543316
v 0.71113883 0.97892095 0.03809356
v 0.75103554 0.95918444 0.20017449
v 0.72177842 0.79880280 -0.09482605
v 0.93948400 0.96850261 0.06117468
v 0.81078087 0.78172584 -0.09135984
v 0.70621088 0.87093484 -0.03185216
v 0.95505493 0.88828671 -0.01759147
v 0.83458779 0.99239634 0.05021055
v 0.65716402 0.71244541 -0.66926382
v 0.72497456 0.66643012 -0.49964106
v 0.65122488 0.76669308 -0.60759456
v 0.89219241 0.61904758 -0.21332778
v 0.82449116 0.65555669 -0.36384298
v 0.81424508 0.65505165 -0.21409621
v 0.62037997 0.84777056 -0.46880778
v 0.71795597 0.71590298 -0.44028091
v 0.63876766 0.81241961 -0.53992383
v 0.65152918 0.81708218 -0.38419719
v 0.68205068 0.73617112 -0.51824001
v 0.74612015 0.79819369 -0.23981809
v 0.77508524 0.71597136 -0.37285831
v 0.78001738 0.72482985 -0.22633433
v 0.70413234 0.81400701 -0.31424481
v 0.80719460 0.69513133 -0.29639793
v 0.71145752 0.76458228 -0.37781503
v 0.56853098 0.49161971 0.80265124
v 0.68144915 0.44120958 0.71213530
v 0.57395236 0.53870332 0.73913185
v 0.63040831 0.44809606 0.88248864
v 0.85530971 0.32069432 0.50034870
v 0.77699625 0.38351198 0.61015035
v 0.64436703 0.69138499 0.68013678
v 0.67830769 0.48364991 0.64390723
v 0.57332512 0.57786024 0.67000631
v 0.62912965 0.51242361 0.69323003
v 0.65694138 0.28069192 0.90311306
v 0.71592132 0.37546912 0.74689652
v 0.68363266 0.38606304 0.94835193
v 0.67433789 0.41040450 0.81184296
v 1.16720655 0.05027362 0.02887919
v 1.23034112 0.14251145 0.18156111
v 1.07721500 0.12401716 0.01335687
v 0.98558167 0.27335274 0.41418044
v 1.15686164 0.22292668 0.32083804
v 1.09504102 0.28897559 -0.01311145
v 1.11843493 0.21310430 0.15256587
v 1.10501329 0.20876283 0.00022569
v 1.08861370 0.16602118 0.08063941
v 0.66334708 0.86846745 0.41243394
v 0.74179923 0.69705268 0.42710665
v 0.63857167 0.80031264 0.46405508
v 0.68519592 0.80115905 0.33039753
v 0.96827560 0.41426477 0.49584608
v 0.93987103 0.61912217 0.50829906
v 0.87367479 0.42427198 0.52552149
v 0.71924784 0.81729858 0.67626838
v 0.79806470 0.70912710 0.53102118
v 0.65436025 0.78235880 0.54526011
v 0.74885490 0.70541825 0.66876201
v 0.69106603 0.72987690 0.47908442
v 0.71652397 0.67580655 0.18608708
v 0.81810166 0.68888071 0.37437379
v 0.68671181 0.71979245 0.24899079
v 0.78397720 0.77872667 0.36791414
v 0.73079535 0.45631299 0.59476967
v 0.90863429 0.66955536 0.58221550
v 0.79274032 0.43664359 0.55629718
v 0.72580356 0.56090042 0.61782256
v 0.92544346 0.56069258 0.57380443
v 0.84254490 0.70040999 0.63726725
v 0.70733106 -0.06063472 0.93196040
v 0.72385291 0.04786466 0.73424574
v 0.68904586 0.02533394 0.91795709
v 0.88626895 0.24832978 0.52014356
v 0.91971747 0.16838329 0.71812875
v 0.85254886 0.28174096 0.57960412
v 0.60352881 0.17476733 0.82070905
v 0.78788359 0.13673989 0.80657528
v 0.62374418 0.10119219 0.83986519
v 0.75336210 0.26400224 0.89453795
v 0.66395798 0.07315244 0.77408217
v 0.76269631 0.34243550 0.68775687
v 0.89201090 0.20677082 0.79799972
v 0.80936056 0.31288855 0.63482104
v 0.78889809 0.31801912 0.81716379
v 0.84525644 0.23911723 0.66162551
v 0.83668234 0.23926086 0.86110210
v 1.10334848 0.66834077 -0.06968919
v 0.91305589 0.47902590 0.09019015
v 0.99986851 0.51340249 -0.04973353
v 1.01936159 0.69311341 0.00674171
v 1.07708349 0.39420828 0.44759780
v 0.96874838 0.43211066 0.24771788
v 1.14082727 0.36341211 0.38883233
v 1.06019339 0.49747074 0.45115069
v 0.97187471 0.33542157 -0.02362475
v 1.03124509 0.45024325 0.11067201
v 0.91285657 0.38935791 -0.03361003
v 1.09412749 0.33590068 0.05642555
v 0.89628185 0.42545453 0.02687969
v 0.79989784 0.67577665 0.13139956
v 0.92490268 0.54938927 0.16038611
v 0.91016211 0.69137402 0.07500550
v 0.80140246 0.63930215 0.20740316
v 0.84130095 0.53506028 0.07680217
v 1.15171271 0.26755374 0.23402346
v 1.01200959 0.40191919 0.18860521
v 1.16493597 0.31908752 0.31452852
v 1.03987643 0.28013206 0.13250322
v 1.04455171 0.37444993 0.27454813
v 1.06235196 0.37349695 0.12512279
v 0.84376507 0.59202150 0.37643828
v 0.97061790 0.53477697 0.25135460
v 0.94110487 0.54683188 0.41005413
v 0.89138549 0.66842775 0.31465961
v 0.94226725 0.48091448 0.32133499
v 0.92830282 0.61965725 0.24004685
v 0.62743689 -0.73322520 0.72396977
v 0.71632320 -0.62460395 0.61157629
v 0.66653739 -0.80620826 0.67727642
v 0.66787468 -0.68002052 0.78842079
v 0.86815764 -0.43287952 0.41333663
v 0.84013998 -0.55560390 0.53827487
v 0.69504633 -0.89129970 0.52776522
v 0.70254297 -0.64064396 0.52355946
v 0.69345950 -0.86493882 0.61318856
v 0.72647806 -0.75988551 0.63022183
v 0.69901286 -0.51701580 0.85742917
v 0.70371471 -0.53007789 0.62094449
v 0.69617129 -0.60905358 0.83856865
v 0.72779855 -0.63528297 0.73996998
v 1.25382085 -0.05273321 0.01787884
v 1.02645976 -0.14609821 0.11875621
v 1.24995270 -0.13613079 -0.01896679
v 1.25131131 -0.00793235 0.09394859
v 1.09387134 -0.39879840 0.37247633
v 1.03044192 -0.25571510 0.22953002
v 1.13952487 -0.28149417 -0.08522784
v 1.01759697 -0.21569112 0.08826464
v 1.20848068 -0.21441564 -0.05421470
v 1.09849280 -0.17581715 0.03905691
v 1.14330721 0.07540957 0.22912792
v 1.01872962 -0.10881425 0.18240028
v 1.21113399 0.03595166 0.16630528
v 1.09969917 -0.06198315 0.13932028
v 0.64709303 -0.90856583 0.18389053
v 0.81456395 -0.84676319 0.26842585
v 0.61385269 -0.84455194 0.24478207
v 0.76424795 -0.94527309 0.14038805
v 0.86262659 -0.45894838 0.33872903
v 0.88350910 -0.67265084 0.32172401
v 0.90280049 -0.55009204 0.41982261
v 0.66599203 -0.87596477 0.42145527
v 0.76619072 -0.77542841 0.32823462
v 0.62702109 -0.84414404 0.32314862
v 0.67825854 -0.75829049 0.43060460
v 0.68152755 -0.80374821 0.28246924
v 0.79754238 -0.77113853 0.01899858
v 0.82330133 -0.75534115 0.19697388
v 0.73571007 -0.80359500 0.07187149
v 0.80841422 -0.86123376 0.17287572
v 0.75252943 -0.59759751 0.47879290
v 0.85536374 -0.73607134 0.37773125
v 0.88841742 -0.61858335 0.48503818
v 0.69618729 -0.65837531 0.44274083
v 0.90782817 -0.66232492 0.41175033
v 0.71747821 -0.70241931 0.38034768
v 0.65512128 -0.15101630 0.85112944
v 0.82089235 -0.24961243 0.79438779
v 0.62048440 -0.21878109 0.79595219
v 0.77314210 -0.10601763 0.87959239
v 0.86375917 -0.35207822 0.43285875
v 0.88724639 -0.31999860 0.63233510
v 0.90404470 -0.43268718 0.52323114
v 0.67098457 -0.40486594 0.83639245
v 0.77105656 -0.31628549 0.73264120
v 0.63276640 -0.30201350 0.80064953
v 0.68181168 -0.42301421 0.72591121
v 0.68725354 -0.26344161 0.75836365
v 0.80581272 0.00925438 0.70635760
v 0.82939147 -0.18067299 0.70313346
v 0.74377556 -0.04253098 0.74220591
v 0.81597853 -0.14746214 0.80155565
v 0.75369902 -0.48723469 0.57599891
v 0.85920119 -0.37396802 0.69666673
v 0.88971176 -0.49644885 0.59261252
v 0.69846697 -0.44326354 0.63220823
v 0.91043261 -0.41656914 0.62820854
v 0.72094882 -0.37493172 0.66879412
v 0.90973584 -0.51372458 -0.18809051
v 0.96815310 -0.50886599 -0.02961667
v 0.94112057 -0.45077550 -0.16146493
v 0.91061548 -0.59463223 -0.14310270
v 1.03446496 -0.46453191 0.32520681
v 1.07140729 -0.52252155 0.15025349
v 1.10961242 -0.42740288 0.28140006
v 0.92377630 -0.50904724 0.27609110
v 1.05687678 -0.34093296 -0.11241152
v 0.99234028 -0.43934798 -0.00103980
v 0.98930281 -0.39393168 -0.13663472
v 1.00334737 -0.30510228 -0.02374561
v 0.96750100 -0.44583997 -0.08231059
v 0.96046348 -0.81594246 -0.04280642
v 1.01117862 -0.61727810 0.02509113
v 0.92719413 -0.69346714 -0.09558600
v 0.90557772 -0.74894687 0.05258413
v 0.94295977 -0.59509690 -0.06102095
v 1.02998311 -0.27658874 0.14553433
v 1.00868628 -0.42743482 0.08574067
v 1.03907638 -0.33761565 0.20353608
v 1.01610745 -0.29067292 0.05985315
v 1.05644008 -0.42774644 0.17790194
v 1.00972382 -0.36669719 0.02994197
v 0.82355202 -0.64220322 0.21598533
v 1.06783966 -0.62963677 0.12594693
v 0.84661635 -0.55982654 0.23832331
v 0.82170724 -0.66043206 0.13197316
v 1.02727524 -0.58588017 0.21278767
v 1.00767044 -0.70715881 0.09003876
v 0.91737369 0.20698576 0.44670096
v 0.97394271 0.03744384 0.45156530
v 0.94773719 0.17357193 0.38845145
v 0.91866579 0.16499885 0.52596960
v 1.03575779 -0.34254038 0.43265522
v 1.07530458 -0.15477142 0.47416260
v 1.11095140 -0.30105548 0.39268506
v 0.92615850 -0.28426163 0.47407909
v 1.06166307 0.11070335 0.28538335
v 0.99701468 0.00173029 0.38745569
v 0.99498216 0.14197418 0.33538358
v 1.00675178 0.01613873 0.25919893
v 0.97316693 0.08879998 0.38859271
v 0.96988190 0.07278381 0.73997110
v 1.01757007 -0.01417761 0.55629350
v 0.93582670 0.12110645 0.62187889
v 0.91318633 -0.03099502 0.68494595
v 0.95008589 0.07732754 0.53124098
v 1.03116036 -0.16550312 0.24337698
v 1.01224872 -0.09128145 0.38181980
v 1.04029254 -0.22285823 0.30461279
v 1.01840816 -0.07357717 0.25106802
v 1.05895884 -0.19007502 0.38723956
v 1.01322274 -0.03653718 0.32074223
v 0.82814751 -0.20857072 0.59792269
v 1.07322373 -0.12159439 0.57342346
v 0.85002118 -0.23854461 0.52130390
v 0.82745064 -0.11848227 0.60931487
v 1.03120396 -0.21516433 0.53930894
v 1.01435388 -0.07650643 0.64550844
v 0.53913942 0.11825587 -0.94808709
v 0.66176422 0.10817282 -0.86327403
v 0.55408779 0.04093929 -0.93613419
v 0.55257603 0.19007988 -0.91594544
v 0.92026241 0.08786595 -0.69219185
v 0.74427451 0.09288034 -0.73708144
v 0.59220867 -0.11350671 -0.92360938
v 0.65538113 0.02983360 -0.82470887
v 0.55065600 -0.03482054 -0.89361229
v 0.60803034 0.03550993 -0.88241090
v 0.59117282 0.33762119 -0.86850399
v 0.68492302 0.18278054 -0.84377998
v 0.56912245 0.26252172 -0.88823819
v 0.62054413 0.18689693 -0.88266624
v 1.08520525 0.01703992 -0.11286050
v 1.06269409 0.03498183 -0.25916449
v 1.07531929 -0.05486274 -0.14419801
v 1.13066805 0.09923353 -0.13236449
v 1.15212827 0.08258865 -0.64384875
v 0.95952205 0.04919650 -0.37708719
v 1.11395800 -0.20934070 -0.21951771
v 1.09156737 -0.03879982 -0.30181139
v 1.08548507 -0.12919766 -0.17938516
v 1.10229580 -0.04766085 -0.22562866
v 0.95160127 0.22467781 -0.13806319
v 0.95030073 0.10195849 -0.24615263
v 1.06540355 0.17194500 -0.13942640
v 1.06467961 0.10363333 -0.19959436
v 0.56455486 -0.37455237 -0.74206831
v 0.72172289 -0.27608164 -0.76852358
v 0.60111866 -0.33161987 -0.82579313
v 0.67220306 -0.42485311 -0.74945663
v 1.06499154 0.00511925 -0.76754774
v 0.96603914 -0.16391000 -0.84598661
v 0.93530950 0.01261301 -0.77533909
v 0.70210628 -0.22394935 -1.04896849
v 0.85749784 -0.24319366 -0.95410436
v 0.71982898 -0.31425834 -1.03219628
v 0.69939741 -0.12900446 -0.93775146
v 0.73768997 -0.30010866 -0.90899305
v 0.80584615 -0.46755437 -0.64419786
v 0.70655731 -0.26465241 -0.64225586
v 0.77078703 -0.46590315 -0.72833819
v 0.67555186 -0.33326505 -0.67852734
v 0.71356259 0.02355380 -0.77765439
v 0.92752979 -0.15950135 -0.93235524
v 0.80269149 0.01840820 -0.76367922
v 0.69647762 -0.04749939 -0.84079603
v 0.94488659 -0.07120306 -0.86269647
v 0.82251891 -0.14642756 -0.95284943
v 0.65637988 0.63845329 -0.73443504
v 0.72279066 0.46035710 -0.68114726
v 0.64913746 0.56972401 -0.78108213
v 0.69564820 0.62133281 -0.64820577
v 0.88728599 0.15607592 -0.62110667
v 0.82087817 0.31463313 -0.66412363
v 0.80896409 0.15673533 -0.65300617
v 0.61582963 0.41839846 -0.84699265
v 0.71454910 0.39442937 -0.72343032
v 0.63540837 0.49543527 -0.81911915
v 0.64636910 0.33017450 -0.81305858
v 0.67929862 0.47648525 -0.74696765
v 0.78277720 0.59915392 -0.49834117
v 0.78132257 0.46189436 -0.61923745
v 0.73096314 0.60279724 -0.56477699
v 0.73022764 0.53339524 -0.62590528
v 0.73952722 0.17608273 -0.78776462
v 0.77090446 0.32147095 -0.72032869
v 0.77409381 0.16587945 -0.71864993
v 0.69820706 0.25489487 -0.80670287
v 0.80238348 0.24115167 -0.69625679
v 0.70680172 0.32525894 -0.76476480
v 1.06726409 -0.53235463 -0.36850570
v 0.96077231 -0.32051478 -0.41518395
v 1.13199464 -0.47003853 -0.34525919
v 1.04916976 -0.54272394 -0.46503806
v 1.09620821 -0.00541844 -0.66312677
v 0.90633009 -0.15562378 -0.46880031
v 0.99429274 -0.01273008 -0.51314365
v 1.01111136 -0.08538141 -0.67894551
v 1.14569620 -0.30016658 -0.26601656
v 1.00502382 -0.25726126 -0.39199160
v 1.15742993 -0.38918547 -0.30930830
v 1.03488975 -0.19041366 -0.28194679
v 1.03690437 -0.34715670 -0.36103277
v 0.83257557 -0.46382473 -0.55353614
v 0.96143747 -0.33149228 -0.51164309
v 0.93002001 -0.49914065 -0.51122366
v 0.88000718 -0.40523405 -0.63100651
v 0.93292229 -0.40088011 -0.45533721
v 0.96803165 -0.02721128 -0.34302663
v 1.02457854 -0.17881528 -0.44339385
v 0.90853301 -0.01861452 -0.39294637
v 1.08934382 -0.11548834 -0.34115151
v 0.89087723 -0.08452798 -0.42230569
v 1.05638314 -0.18972381 -0.37095410
v 0.79051753 -0.20935353 -0.64821057
v 0.91658992 -0.23500606 -0.53049820
v 0.90120171 -0.15413255 -0.66970473
v 0.79158373 -0.28719740 -0.60864452
v 0.83411303 -0.14319531 -0.52059576
v 0.91830087 -0.32413083 -0.59122834
v 1.06480837 0.61241363 -0.22785276
v 1.04673995 0.45544940 -0.35421138
v 1.18116348 0.57140699 -0.23034401
v 0.89140205 0.55005436 -0.27176852
v 1.06008508 0.16672257 -0.62041114
v 1.04521558 0.31160942 -0.48090360
v 1.17689578 0.16870461 -0.58503856
v 0.88793192 0.22261140 -0.56017564
v 0.99670807 0.31567909 -0.16076375
v 1.19287206 0.41659660 -0.37715273
v 1.14319417 0.45450237 -0.20280156
v 1.01127788 0.25342177 -0.22173970
v 1.19045472 0.49505587 -0.30530545
v 0.83864433 0.59543638 -0.42862156
v 0.89592901 0.42141152 -0.38793252
v 0.85070604 0.56314984 -0.34355032
v 0.84398305 0.53028359 -0.49383609
v 0.89391272 0.48491934 -0.33043447
v 0.99461656 0.11832379 -0.33459150
v 1.19199845 0.33416276 -0.44975929
v 1.13995440 0.14879550 -0.47206385
v 1.01056988 0.18661471 -0.28058241
v 1.18788847 0.25290366 -0.51858968
v 1.17980773 0.31317285 -0.35017154
v 0.83643336 0.38680744 -0.61237898
v 0.89521564 0.35409742 -0.44722182
v 0.84790431 0.29877741 -0.57640582
v 0.84323877 0.46005287 -0.55569431
v 0.89183665 0.28902019 -0.50297967
v 0.86763156 0.43860646 -0.46822779
f 1 2103 759
f 2103 533 2105
f 759 2105 197
f 2103 2105 759
f 533 2104 2112
f 2104 138 2110
f 2112 2110 535
f 2104 2110 2112
f 197 2111 760
f 2111 535 2109
f 760 2109 54
f 2111 2109 760
f 533 2112 2105
f 2112 535 2111
f 2105 2111 197
f 2112 2111 2105
f 138 2108 2132
f 2108 534 2134
f 2132 2134 542
f 2108 2134 2132
f 534 2107 2126
f 2107 38 2124
f 2126 2124 540
f 2107 2124 2126
f 542 2136 2133
f 2136 540 2125
f 2133 2125 140
f 2136 2125 2133
f 534 2126 2134
f 2126 540 2136
f 2134 2136 542
f 2126 2136 2134
f 54 2127 763
f 2127 541 2129
f 763 2129 198
f 2127 2129 763
f 541 2128 2131
f 2128 140 2122
f 2131 2122 539
f 2128 2122 2131
f 198 2123 762
f 2123 539 2121
f 762 2121 17
f 2123 2121 762
f 541 2131 2129
f 2131 539 2123
f 2129 2123 198
f 2131 2123 2129
f 138 2132 2110
f 2132 542 2135
f 2110 2135 535
f 2132 2135 2110
f 542 2133 2137
f 2133 140 2128
f 2137 2128 541
f 2133 2128 2137
f 535 2130 2109
f 2130 541 2127
f 2109 2127 54
f 2130 2127 2109
f 542 2137 2135
f 2137 541 2130
f 2135 2130 535
f 2137 2130 2135
f 38 2119 2371
f 2119 538 2373
f 2371 2373 601
f 2119 2373 2371
f 538 2120 2381
f 2120 139 2379
f 2381 2379 603
f 2120 2379 2381
f 601 2383 2372
f 2383 603 2380
f 2372 2380 155
f 2383 2380 2372
f 538 2381 2373
f 2381 603 2383
f 2373 2383 601
f 2381 2383 2373
f 139 2118 2319
f 2118 537 2321
f 2319 2321 589
f 2118 2321 2319
f 537 2117 2315
f 2117 12 2313
f 2315 2313 587
f 2117 2313 2315
f 589 2322 2320
f 2322 587 2314
f 2320 2314 152
f 2322 2314 2320
f 537 2315 2321
f 2315 587 2322
f 2321 2322 589
f 2315 2322 2321
f 155 2390 2376
f 2390 605 2393
f 2376 2393 602
f 2390 2393 2376
f 605 2389 2391
f 2389 152 2318
f 2391 2318 588
f 2389 2318 2391
f 602 2377 2375
f 2377 588 2317
f 2375 2317 41
f 2377 2317 2375
f 605 2391 2393
f 2391 588 2377
f 2393 2377 602
f 2391 2377 2393
f 139 2319 2379
f 2319 589 2382
f 2379 2382 603
f 2319 2382 2379
f 589 2320 2392
f 2320 152 2389
f 2392 2389 605
f 2320 2389 2392
f 603 2394 2380
f 2394 605 2390
f 2380 2390 155
f 2394 2390 2380
f 589 2392 2382
f 2392 605 2394
f 2382 2394 603
f 2392 2394 2382
f 17 2327 770
f 2327 591 2329
f 770 2329 201
f 2327 2329 770
f 591 2328 2338
f 2328 153 2335
f 2338 2335 593
f 2328 2335 2338
f 201 2336 771
f 2336 593 2334
f 771 2334 55
f 2336 2334 771
f 591 2338 2329
f 2338 593 2336
f 2329 2336 201
f 2338 2336 2329
f 153 2332 2344
f 2332 592 2347
f 2344 2347 595
f 2332 2347 2344
f 592 2331 2333
f 2331 41 2303
f 2333 2303 584
f 2331 2303 2333
f 595 2345 2343
f 2345 584 2304
f 2343 2304 151
f 2345 2304 2343
f 592 2333 2347
f 2333 584 2345
f 2347 2345 595
f 2333 2345 2347
f 55 2305 769
f 2305 585 2307
f 769 2307 200
f 2305 2307 769
f 585 2306 2308
f 2306 151 2300
f 2308 2300 583
f 2306 2300 2308
f 200 2301 768
f 2301 583 2299
f 768 2299 6
f 2301 2299 768
f 585 2308 2307
f 2308 583 2301
f 2307 2301 200
f 2308 2301 2307
f 153 2344 2335
f 2344 595 2348
f 2335 2348 593
f 2344 2348 2335
f 595 2343 2346
f 2343 151 2306
f 2346 2306 585
f 2343 2306 2346
f 593 2337 2334
f 2337 585 2305
f 2334 2305 55
f 2337 2305 2334
f 595 2346 2348
f 2346 585 2337
f 2348 2337 593
f 2346 2337 2348
f 38 2371 2124
f 2371 601 2374
f 2124 2374 540
f 2371 2374 2124
f 601 2372 2388
f 2372 155 2385
f 2388 2385 604
f 2372 2385 2388
f 540 2386 2125
f 2386 604 2384
f 2125 2384 140
f 2386 2384 2125
f 601 2388 2374
f 2388 604 2386
f 2374 2386 540
f 2388 2386 2374
f 155 2376 2396
f 2376 602 2399
f 2396 2399 606
f 2376 2399 2396
f 602 2375 2378
f 2375 41 2331
f 2378 2331 592
f 2375 2331 2378
f 606 2397 2395
f 2397 592 2332
f 2395 2332 153
f 2397 2332 2395
f 602 2378 2399
f 2378 592 2397
f 2399 2397 606
f 2378 2397 2399
f 140 2339 2122
f 2339 594 2341
f 2122 2341 539
f 2339 2341 2122
f 594 2340 2342
f 2340 153 2328
f 2342 2328 591
f 2340 2328 2342
f 539 2330 2121
f 2330 591 2327
f 2121 2327 17
f 2330 2327 2121
f 594 2342 2341
f 2342 591 2330
f 2341 2330 539
f 2342 2330 2341
f 155 2396 2385
f 2396 606 2400
f 2385 2400 604
f 2396 2400 2385
f 606 2395 2398
f 2395 153 2340
f 2398 2340 594
f 2395 2340 2398
f 604 2387 2384
f 2387 594 2339
f 2384 2339 140
f 2387 2339 2384
f 606 2398 2400
f 2398 594 2387
f 2400 2387 604
f 2398 2387 2400
f 1 759 643
f 759 197 761
f 643 761 163
f 759 761 643
f 197 760 767
f 760 54 765
f 767 765 199
f 760 765 767
f 163 766 644
f 766 199 764
f 644 764 43
f 766 764 644
f 197 767 761
f 767 199 766
f 761 766 163
f 767 766 761
f 54 763 783
f 763 198 785
f 783 785 205
f 763 785 783
f 198 762 777
f 762 17 775
f 777 775 203
f 762 775 777
f 205 787 784
f 787 203 776
f 784 776 56
f 787 776 784
f 198 777 785
f 777 203 787
f 785 787 205
f 777 787 785
f 43 778 646
f 778 204 780
f 646 780 164
f 778 780 646
f 204 779 782
f 779 56 773
f 782 773 202
f 779 773 782
f 164 774 645
f 774 202 772
f 645 772 13
f 774 772 645
f 204 782 780
f 782 202 774
f 780 774 164
f 782 774 780
f 54 783 765
f 783 205 786
f 765 786 199
f 783 786 765
f 205 784 788
f 784 56 779
f 788 779 204
f 784 779 788
f 199 781 764
f 781 204 778
f 764 778 43
f 781 778 764
f 205 788 786
f 788 204 781
f 786 781 199
f 788 781 786
f 17 770 829
f 770 201 831
f 829 831 217
f 770 831 829
f 201 771 839
f 771 55 837
f 839 837 219
f 771 837 839
f 217 841 830
f 841 219 838
f 830 838 60
f 841 838 830
f 201 839 831
f 839 219 841
f 831 841 217
f 839 841 831
f 55 769 803
f 769 200 805
f 803 805 211
f 769 805 803
f 200 768 800
f 768 6 798
f 800 798 209
f 768 798 800
f 211 806 804
f 806 209 799
f 804 799 58
f 806 799 804
f 200 800 805
f 800 209 806
f 805 806 211
f 800 806 805
f 60 848 834
f 848 221 851
f 834 851 218
f 848 851 834
f 221 847 849
f 847 58 802
f 849 802 210
f 847 802 849
f 218 835 833
f 835 210 801
f 833 801 18
f 835 801 833
f 221 849 851
f 849 210 835
f 851 835 218
f 849 835 851
f 55 803 837
f 803 211 840
f 837 840 219
f 803 840 837
f 211 804 850
f 804 58 847
f 850 847 221
f 804 847 850
f 219 852 838
f 852 221 848
f 838 848 60
f 852 848 838
f 211 850 840
f 850 221 852
f 840 852 219
f 850 852 840
f 13 807 649
f 807 212 809
f 649 809 166
f 807 809 649
f 212 808 818
f 808 59 815
f 818 815 214
f 808 815 818
f 166 816 650
f 816 214 814
f 650 814 44
f 816 814 650
f 212 818 809
f 818 214 816
f 809 816 166
f 818 816 809
f 59 812 824
f 812 213 827
f 824 827 216
f 812 827 824
f 213 811 813
f 811 18 792
f 813 792 207
f 811 792 813
f 216 825 823
f 825 207 793
f 823 793 57
f 825 793 823
f 213 813 827
f 813 207 825
f 827 825 216
f 813 825 827
f 44 794 648
f 794 208 796
f 648 796 165
f 794 796 648
f 208 795 797
f 795 57 790
f 797 790 206
f 795 790 797
f 165 791 647
f 791 206 789
f 647 789 2
f 791 789 647
f 208 797 796
f 797 206 791
f 796 791 165
f 797 791 796
f 59 824 815
f 824 216 828
f 815 828 214
f 824 828 815
f 216 823 826
f 823 57 795
f 826 795 208
f 823 795 826
f 214 817 814
f 817 208 794
f 814 794 44
f 817 794 814
f 216 826 828
f 826 208 817
f 828 817 214
f 826 817 828
f 17 829 775
f 829 217 832
f 775 832 203
f 829 832 775
f 217 830 846
f 830 60 843
f 846 843 220
f 830 843 846
f 203 844 776
f 844 220 842
f 776 842 56
f 844 842 776
f 217 846 832
f 846 220 844
f 832 844 203
f 846 844 832
f 60 834 854
f 834 218 857
f 854 857 222
f 834 857 854
f 218 833 836
f 833 18 811
f 836 811 213
f 833 811 836
f 222 855 853
f 855 213 812
f 853 812 59
f 855 812 853
f 218 836 857
f 836 213 855
f 857 855 222
f 836 855 857
f 56 819 773
f 819 215 821
f 773 821 202
f 819 821 773
f 215 820 822
f 820 59 808
f 822 808 212
f 820 808 822
f 202 810 772
f 810 212 807
f 772 807 13
f 810 807 772
f 215 822 821
f 822 212 810
f 821 810 202
f 822 810 821
f 60 854 843
f 854 222 858
f 843 858 220
f 854 858 843
f 222 853 856
f 853 59 820
f 856 820 215
f 853 820 856
f 220 845 842
f 845 215 819
f 842 819 56
f 845 819 842
f 222 856 858
f 856 215 845
f 858 845 220
f 856 845 858
f 1 643 967
f 643 163 969
f 967 969 253
f 643 969 967
f 163 644 974
f 644 43 972
f 974 972 255
f 644 972 974
f 253 975 968
f 975 255 973
f 968 973 70
f 975 973 968
f 163 974 969
f 974 255 975
f 969 975 253
f 974 975 969
f 43 646 986
f 646 164 988
f 986 988 260
f 646 988 986
f 164 645 982
f 645 13 980
f 982 980 258
f 645 980 982
f 260 990 987
f 990 258 981
f 987 981 72
f 990 981 987
f 164 982 988
f 982 258 990
f 988 990 260
f 982 990 988
f 70 991 971
f 991 261 993
f 971 993 254
f 991 993 971
f 261 992 995
f 992 72 984
f 995 984 259
f 992 984 995
f 254 985 970
f 985 259 983
f 970 983 22
f 985 983 970
f 261 995 993
f 995 259 985
f 993 985 254
f 995 985 993
f 43 986 972
f 986 260 989
f 972 989 255
f 986 989 972
f 260 987 996
f 987 72 992
f 996 992 261
f 987 992 996
f 255 994 973
f 994 261 991
f 973 991 70
f 994 991 973
f 260 996 989
f 996 261 994
f 989 994 255
f 996 994 989
f 13 649 1015
f 649 166 1017
f 1015 1017 268
f 649 1017 1015
f 166 650 1024
f 650 44 1022
f 1024 1022 270
f 650 1022 1024
f 268 1026 1016
f 1026 270 1023
f 1016 1023 75
f 1026 1023 1016
f 166 1024 1017
f 1024 270 1026
f 1017 1026 268
f 1024 1026 1017
f 44 648 1002
f 648 165 1004
f 1002 1004 264
f 648 1004 1002
f 165 647 999
f 647 2 997
f 999 997 262
f 647 997 999
f 264 1005 1003
f 1005 262 998
f 1003 998 73
f 1005 998 1003
f 165 999 1004
f 999 262 1005
f 1004 1005 264
f 999 1005 1004
f 75 1032 1020
f 1032 272 1035
f 1020 1035 269
f 1032 1035 1020
f 272 1031 1033
f 1031 73 1001
f 1033 1001 263
f 1031 1001 1033
f 269 1021 1019
f 1021 263 1000
f 1019 1000 23
f 1021 1000 1019
f 272 1033 1035
f 1033 263 1021
f 1035 1021 269
f 1033 1021 1035
f 44 1002 1022
f 1002 264 1025
f 1022 1025 270
f 1002 1025 1022
f 264 1003 1034
f 1003 73 1031
f 1034 1031 272
f 1003 1031 1034
f 270 1036 1023
f 1036 272 1032
f 1023 1032 75
f 1036 1032 1023
f 264 1034 1025
f 1034 272 1036
f 1025 1036 270
f 1034 1036 1025
f 22 1037 978
f 1037 273 1039
f 978 1039 257
f 1037 1039 978
f 273 1038 1049
f 1038 76 1046
f 1049 1046 275
f 1038 1046 1049
f 257 1047 979
f 1047 275 1045
f 979 1045 71
f 1047 1045 979
f 273 1049 1039
f 1049 275 1047
f 1039 1047 257
f 1049 1047 1039
f 76 1042 1056
f 1042 274 1059
f 1056 1059 277
f 1042 1059 1056
f 274 1041 1043
f 1041 23 1009
f 1043 1009 266
f 1041 1009 1043
f 277 1057 1055
f 1057 266 1010
f 1055 1010 74
f 1057 1010 1055
f 274 1043 1059
f 1043 266 1057
f 1059 1057 277
f 1043 1057 1059
f 71 1011 977
f 1011 267 1013
f 977 1013 256
f 1011 1013 977
f 267 1012 1014
f 1012 74 1007
f 1014 1007 265
f 1012 1007 1014
f 256 1008 976
f 1008 265 1006
f 976 1006 8
f 1008 1006 976
f 267 1014 1013
f 1014 265 1008
f 1013 1008 256
f 1014 1008 1013
f 76 1056 1046
f 1056 277 1060
f 1046 1060 275
f 1056 1060 1046
f 277 1055 1058
f 1055 74 1012
f 1058 1012 267
f 1055 1012 1058
f 275 1048 1045
f 1048 267 1011
f 1045 1011 71
f 1048 1011 1045
f 277 1058 1060
f 1058 267 1048
f 1060 1048 275
f 1058 1048 1060
f 13 1015 980
f 1015 268 1018
f 980 1018 258
f 1015 1018 980
f 268 1016 1030
f 1016 75 1028
f 1030 1028 271
f 1016 1028 1030
f 258 1029 981
f 1029 271 1027
f 981 1027 72
f 1029 1027 981
f 268 1030 1018
f 1030 271 1029
f 1018 1029 258
f 1030 1029 1018
f 75 1020 1061
f 1020 269 1063
f 1061 1063 278
f 1020 1063 1061
f 269 1019 1044
f 1019 23 1041
f 1044 1041 274
f 1019 1041 1044
f 278 1065 1062
f 1065 274 1042
f 1062 1042 76
f 1065 1042 1062
f 269 1044 1063
f 1044 274 1065
f 1063 1065 278
f 1044 1065 1063
f 72 1050 984
f 1050 276 1052
f 984 1052 259
f 1050 1052 984
f 276 1051 1054
f 1051 76 1038
f 1054 1038 273
f 1051 1038 1054
f 259 1040 983
f 1040 273 1037
f 983 1037 22
f 1040 1037 983
f 276 1054 1052
f 1054 273 1040
f 1052 1040 259
f 1054 1040 1052
f 75 1061 1028
f 1061 278 1064
f 1028 1064 271
f 1061 1064 1028
f 278 1062 1066
f 1062 76 1051
f 1066 1051 276
f 1062 1051 1066
f 271 1053 1027
f 1053 276 1050
f 1027 1050 72
f 1053 1050 1027
f 278 1066 1064
f 1066 276 1053
f 1064 1053 271
f 1066 1053 1064
f 1 967 1819
f 967 253 1821
f 1819 1821 463
f 967 1821 1819
f 253 968 1826
f 968 70 1824
f 1826 1824 465
f 968 1824 1826
f 463 1827 1820
f 1827 465 1825
f 1820 1825 121
f 1827 1825 1820
f 253 1826 1821
f 1826 465 1827
f 1821 1827 463
f 1826 1827 1821
f 70 971 1838
f 971 254 1840
f 1838 1840 470
f 971 1840 1838
f 254 970 1834
f 970 22 1832
f 1834 1832 468
f 970 1832 1834
f 470 1842 1839
f 1842 468 1833
f 1839 1833 123
f 1842 1833 1839
f 254 1834 1840
f 1834 468 1842
f 1840 1842 470
f 1834 1842 1840
f 121 1843 1823
f 1843 471 1845
f 1823 1845 464
f 1843 1845 1823
f 471 1844 1847
f 1844 123 1836
f 1847 1836 469
f 1844 1836 1847
f 464 1837 1822
f 1837 469 1835
f 1822 1835 34
f 1837 1835 1822
f 471 1847 1845
f 1847 469 1837
f 1845 1837 464
f 1847 1837 1845
f 70 1838 1824
f 1838 470 1841
f 1824 1841 465
f 1838 1841 1824
f 470 1839 1848
f 1839 123 1844
f 1848 1844 471
f 1839 1844 1848
f 465 1846 1825
f 1846 471 1843
f 1825 1843 121
f 1846 1843 1825
f 470 1848 1841
f 1848 471 1846
f 1841 1846 465
f 1848 1846 1841
f 22 978 1999
f 978 257 2001
f 1999 2001 511
f 978 2001 1999
f 257 979 2008
f 979 71 2006
f 2008 2006 513
f 979 2006 2008
f 511 2010 2000
f 2010 513 2007
f 2000 2007 134
f 2010 2007 2000
f 257 2008 2001
f 2008 513 2010
f 2001 2010 511
f 2008 2010 2001
f 71 977 1977
f 977 256 1979
f 1977 1979 505
f 977 1979 1977
f 256 976 1973
f 976 8 1971
f 1973 1971 503
f 976 1971 1973
f 505 1980 1978
f 1980 503 1972
f 1978 1972 132
f 1980 1972 1978
f 256 1973 1979
f 1973 503 1980
f 1979 1980 505
f 1973 1980 1979
f 134 2016 2004
f 2016 515 2019
f 2004 2019 512
f 2016 2019 2004
f 515 2015 2017
f 2015 132 1976
f 2017 1976 504
f 2015 1976 2017
f 512 2005 2003
f 2005 504 1975
f 2003 1975 37
f 2005 1975 2003
f 515 2017 2019
f 2017 504 2005
f 2019 2005 512
f 2017 2005 2019
f 71 1977 2006
f 1977 505 2009
f 2006 2009 513
f 1977 2009 2006
f 505 1978 2018
f 1978 132 2015
f 2018 2015 515
f 1978 2015 2018
f 513 2020 2007
f 2020 515 2016
f 2007 2016 134
f 2020 2016 2007
f 505 2018 2009
f 2018 515 2020
f 2009 2020 513
f 2018 2020 2009
f 34 2043 1830
f 2043 521 2045
f 1830 2045 467
f 2043 2045 1830
f 521 2044 2055
f 2044 136 2052
f 2055 2052 523
f 2044 2052 2055
f 467 2053 1831
f 2053 523 2051
f 1831 2051 122
f 2053 2051 1831
f 521 2055 2045
f 2055 523 2053
f 2045 2053 467
f 2055 2053 2045
f 136 2048 2062
f 2048 522 2065
f 2062 2065 525
f 2048 2065 2062
f 522 2047 2049
f 2047 37 1989
f 2049 1989 508
f 2047 1989 2049
f 525 2063 2061
f 2063 508 1990
f 2061 1990 133
f 2063 1990 2061
f 522 2049 2065
f 2049 508 2063
f 2065 2063 525
f 2049 2063 2065
f 122 1991 1829
f 1991 509 1993
f 1829 1993 466
f 1991 1993 1829
f 509 1992 1994
f 1992 133 1986
f 1994 1986 507
f 1992 1986 1994
f 466 1987 1828
f 1987 507 1985
f 1828 1985 11
f 1987 1985 1828
f 509 1994 1993
f 1994 507 1987
f 1993 1987 466
f 1994 1987 1993
f 136 2062 2052
f 2062 525 2066
f 2052 2066 523
f 2062 2066 2052
f 525 2061 2064
f 2061 133 1992
f 2064 1992 509
f 2061 1992 2064
f 523 2054 2051
f 2054 509 1991
f 2051 1991 122
f 2054 1991 2051
f 525 2064 2066
f 2064 509 2054
f 2066 2054 523
f 2064 2054 2066
f 22 1999 1832
f 1999 511 2002
f 1832 2002 468
f 1999 2002 1832
f 511 2000 2014
f 2000 134 2012
f 2014 2012 514
f 2000 2012 2014
f 468 2013 1833
f 2013 514 2011
f 1833 2011 123
f 2013 2011 1833
f 511 2014 2002
f 2014 514 2013
f 2002 2013 468
f 2014 2013 2002
f 134 2004 2067
f 2004 512 2069
f 2067 2069 526
f 2004 2069 2067
f 512 2003 2050
f 2003 37 2047
f 2050 2047 522
f 2003 2047 2050
f 526 2071 2068
f 2071 522 2048
f 2068 2048 136
f 2071 2048 2068
f 512 2050 2069
f 2050 522 2071
f 2069 2071 526
f 2050 2071 2069
f 123 2056 1836
f 2056 524 2058
f 1836 2058 469
f 2056 2058 1836
f 524 2057 2060
f 2057 136 2044
f 2060 2044 521
f 2057 2044 2060
f 469 2046 1835
f 2046 521 2043
f 1835 2043 34
f 2046 2043 1835
f 524 2060 2058
f 2060 521 2046
f 2058 2046 469
f 2060 2046 2058
f 134 2067 2012
f 2067 526 2070
f 2012 2070 514
f 2067 2070 2012
f 526 2068 2072
f 2068 136 2057
f 2072 2057 524
f 2068 2057 2072
f 514 2059 2011
f 2059 524 2056
f 2011 2056 123
f 2059 2056 2011
f 526 2072 2070
f 2072 524 2059
f 2070 2059 514
f 2072 2059 2070
f 1 1819 2103
f 1819 463 2106
f 2103 2106 533
f 1819 2106 2103
f 463 1820 2115
f 1820 121 2113
f 2115 2113 536
f 1820 2113 2115
f 533 2116 2104
f 2116 536 2114
f 2104 2114 138
f 2116 2114 2104
f 463 2115 2106
f 2115 536 2116
f 2106 2116 533
f 2115 2116 2106
f 121 1823 2144
f 1823 464 2146
f 2144 2146 545
f 1823 2146 2144
f 464 1822 2140
f 1822 34 2138
f 2140 2138 543
f 1822 2138 2140
f 545 2148 2145
f 2148 543 2139
f 2145 2139 141
f 2148 2139 2145
f 464 2140 2146
f 2140 543 2148
f 2146 2148 545
f 2140 2148 2146
f 138 2149 2108
f 2149 546 2151
f 2108 2151 534
f 2149 2151 2108
f 546 2150 2153
f 2150 141 2142
f 2153 2142 544
f 2150 2142 2153
f 534 2143 2107
f 2143 544 2141
f 2107 2141 38
f 2143 2141 2107
f 546 2153 2151
f 2153 544 2143
f 2151 2143 534
f 2153 2143 2151
f 121 2144 2113
f 2144 545 2147
f 2113 2147 536
f 2144 2147 2113
f 545 2145 2154
f 2145 141 2150
f 2154 2150 546
f 2145 2150 2154
f 536 2152 2114
f 2152 546 2149
f 2114 2149 138
f 2152 2149 2114
f 545 2154 2147
f 2154 546 2152
f 2147 2152 536
f 2154 2152 2147
f 34 1830 2459
f 1830 467 2461
f 2459 2461 621
f 1830 2461 2459
f 467 1831 2468
f 1831 122 2466
f 2468 2466 623
f 1831 2466 2468
f 621 2470 2460
f 2470 623 2467
f 2460 2467 159
f 2470 2467 2460
f 467 2468 2461
f 2468 623 2470
f 2461 2470 621
f 2468 2470 2461
f 122 1829 2437
f 1829 466 2439
f 2437 2439 615
f 1829 2439 2437
f 466 1828 2433
f 1828 11 2431
f 2433 2431 613
f 1828 2431 2433
f 615 2440 2438
f 2440 613 2432
f 2438 2432 157
f 2440 2432 2438
f 466 2433 2439
f 2433 613 2440
f 2439 2440 615
f 2433 2440 2439
f 159 2476 2464
f 2476 625 2479
f 2464 2479 622
f 2476 2479 2464
f 625 2475 2477
f 2475 157 2436
f 2477 2436 614
f 2475 2436 2477
f 622 2465 2463
f 2465 614 2435
f 2463 2435 42
f 2465 2435 2463
f 625 2477 2479
f 2477 614 2465
f 2479 2465 622
f 2477 2465 2479
f 122 2437 2466
f 2437 615 2469
f 2466 2469 623
f 2437 2469 2466
f 615 2438 2478
f 2438 157 2475
f 2478 2475 625
f 2438 2475 2478
f 623 2480 2467
f 2480 625 2476
f 2467 2476 159
f 2480 2476 2467
f 615 2478 2469
f 2478 625 2480
f 2469 2480 623
f 2478 2480 2469
f 38 2503 2119
f 2503 631 2505
f 2119 2505 538
f 2503 2505 2119
f 631 2504 2515
f 2504 161 2512
f 2515 2512 633
f 2504 2512 2515
f 538 2513 2120
f 2513 633 2511
f 2120 2511 139
f 2513 2511 2120
f 631 2515 2505
f 2515 633 2513
f 2505 2513 538
f 2515 2513 2505
f 161 2508 2522
f 2508 632 2525
f 2522 2525 635
f 2508 2525 2522
f 632 2507 2509
f 2507 42 2449
f 2509 2449 618
f 2507 2449 2509
f 635 2523 2521
f 2523 618 2450
f 2521 2450 158
f 2523 2450 2521
f 632 2509 2525
f 2509 618 2523
f 2525 2523 635
f 2509 2523 2525
f 139 2451 2118
f 2451 619 2453
f 2118 2453 537
f 2451 2453 2118
f 619 2452 2454
f 2452 158 2446
f 2454 2446 617
f 2452 2446 2454
f 537 2447 2117
f 2447 617 2445
f 2117 2445 12
f 2447 2445 2117
f 619 2454 2453
f 2454 617 2447
f 2453 2447 537
f 2454 2447 2453
f 161 2522 2512
f 2522 635 2526
f 2512 2526 633
f 2522 2526 2512
f 635 2521 2524
f 2521 158 2452
f 2524 2452 619
f 2521 2452 2524
f 633 2514 2511
f 2514 619 2451
f 2511 2451 139
f 2514 2451 2511
f 635 2524 2526
f 2524 619 2514
f 2526 2514 633
f 2524 2514 2526
f 34 2459 2138
f 2459 621 2462
f 2138 2462 543
f 2459 2462 2138
f 621 2460 2474
f 2460 159 2472
f 2474 2472 624
f 2460 2472 2474
f 543 2473 2139
f 2473 624 2471
f 2139 2471 141
f 2473 2471 2139
f 621 2474 2462
f 2474 624 2473
f 2462 2473 543
f 2474 2473 2462
f 159 2464 2527
f 2464 622 2529
f 2527 2529 636
f 2464 2529 2527
f 622 2463 2510
f 2463 42 2507
f 2510 2507 632
f 2463 2507 2510
f 636 2531 2528
f 2531 632 2508
f 2528 2508 161
f 2531 2508 2528
f 622 2510 2529
f 2510 632 2531
f 2529 2531 636
f 2510 2531 2529
f 141 2516 2142
f 2516 634 2518
f 2142 2518 544
f 2516 2518 2142
f 634 2517 2520
f 2517 161 2504
f 2520 2504 631
f 2517 2504 2520
f 544 2506 2141
f 2506 631 2503
f 2141 2503 38
f 2506 2503 2141
f 634 2520 2518
f 2520 631 2506
f 2518 2506 544
f 2520 2506 2518
f 159 2527 2472
f 2527 636 2530
f 2472 2530 624
f 2527 2530 2472
f 636 2528 2532
f 2528 161 2517
f 2532 2517 634
f 2528 2517 2532
f 624 2519 2471
f 2519 634 2516
f 2471 2516 141
f 2519 2516 2471
f 636 2532 2530
f 2532 634 2519
f 2530 2519 624
f 2532 2519 2530
f 2 789 1359
f 789 206 1361
f 1359 1361 353
f 789 1361 1359
f 206 790 1367
f 790 57 1365
f 1367 1365 355
f 790 1365 1367
f 353 1368 1360
f 1368 355 1366
f 1360 1366 96
f 1368 1366 1360
f 206 1367 1361
f 1367 355 1368
f 1361 1368 353
f 1367 1368 1361
f 57 793 1383
f 793 207 1385
f 1383 1385 361
f 793 1385 1383
f 207 792 1379
f 792 18 1377
f 1379 1377 359
f 792 1377 1379
f 361 1387 1384
f 1387 359 1378
f 1384 1378 98
f 1387 1378 1384
f 207 1379 1385
f 1379 359 1387
f 1385 1387 361
f 1379 1387 1385
f 96 1388 1364
f 1388 362 1390
f 1364 1390 354
f 1388 1390 1364
f 362 1389 1392
f 1389 98 1381
f 1392 1381 360
f 1389 1381 1392
f 354 1382 1363
f 1382 360 1380
f 1363 1380 29
f 1382 1380 1363
f 362 1392 1390
f 1392 360 1382
f 1390 1382 354
f 1392 1382 1390
f 57 1383 1365
f 1383 361 1386
f 1365 1386 355
f 1383 1386 1365
f 361 1384 1393
f 1384 98 1389
f 1393 1389 362
f 1384 1389 1393
f 355 1391 1366
f 1391 362 1388
f 1366 1388 96
f 1391 1388 1366
f 361 1393 1386
f 1393 362 1391
f 1386 1391 355
f 1393 1391 1386
f 18 801 1583
f 801 210 1585
f 1583 1585 411
f 801 1585 1583
f 210 802 1592
f 802 58 1590
f 1592 1590 413
f 802 1590 1592
f 411 1594 1584
f 1594 413 1591
f 1584 1591 111
f 1594 1591 1584
f 210 1592 1585
f 1592 413 1594
f 1585 1594 411
f 1592 1594 1585
f 58 799 1561
f 799 209 1563
f 1561 1563 405
f 799 1563 1561
f 209 798 1557
f 798 6 1555
f 1557 1555 403
f 798 1555 1557
f 405 1564 1562
f 1564 403 1556
f 1562 1556 109
f 1564 1556 1562
f 209 1557 1563
f 1557 403 1564
f 1563 1564 405
f 1557 1564 1563
f 111 1600 1588
f 1600 415 1603
f 1588 1603 412
f 1600 1603 1588
f 415 1599 1601
f 1599 109 1560
f 1601 1560 404
f 1599 1560 1601
f 412 1589 1587
f 1589 404 1559
f 1587 1559 32
f 1589 1559 1587
f 415 1601 1603
f 1601 404 1589
f 1603 1589 412
f 1601 1589 1603
f 58 1561 1590
f 1561 405 1593
f 1590 1593 413
f 1561 1593 1590
f 405 1562 1602
f 1562 109 1599
f 1602 1599 415
f 1562 1599 1602
f 413 1604 1591
f 1604 415 1600
f 1591 1600 111
f 1604 1600 1591
f 405 1602 1593
f 1602 415 1604
f 1593 1604 413
f 1602 1604 1593
f 29 1627 1375
f 1627 421 1629
f 1375 1629 358
f 1627 1629 1375
f 421 1628 1639
f 1628 113 1636
f 1639 1636 423
f 1628 1636 1639
f 358 1637 1376
f 1637 423 1635
f 1376 1635 97
f 1637 1635 1376
f 421 1639 1629
f 1639 423 1637
f 1629 1637 358
f 1639 1637 1629
f 113 1632 1646
f 1632 422 1649
f 1646 1649 425
f 1632 1649 1646
f 422 1631 1633
f 1631 32 1573
f 1633 1573 408
f 1631 1573 1633
f 425 1647 1645
f 1647 408 1574
f 1645 1574 110
f 1647 1574 1645
f 422 1633 1649
f 1633 408 1647
f 1649 1647 425
f 1633 1647 1649
f 97 1575 1374
f 1575 409 1577
f 1374 1577 357
f 1575 1577 1374
f 409 1576 1578
f 1576 110 1570
f 1578 1570 407
f 1576 1570 1578
f 357 1571 1373
f 1571 407 1569
f 1373 1569 10
f 1571 1569 1373
f 409 1578 1577
f 1578 407 1571
f 1577 1571 357
f 1578 1571 1577
f 113 1646 1636
f 1646 425 1650
f 1636 1650 423
f 1646 1650 1636
f 425 1645 1648
f 1645 110 1576
f 1648 1576 409
f 1645 1576 1648
f 423 1638 1635
f 1638 409 1575
f 1635 1575 97
f 1638 1575 1635
f 425 1648 1650
f 1648 409 1638
f 1650 1638 423
f 1648 1638 1650
f 18 1583 1377
f 1583 411 1586
f 1377 1586 359
f 1583 1586 1377
f 411 1584 1598
f 1584 111 1596
f 1598 1596 414
f 1584 1596 1598
f 359 1597 1378
f 1597 414 1595
f 1378 1595 98
f 1597 1595 1378
f 411 1598 1586
f 1598 414 1597
f 1586 1597 359
f 1598 1597 1586
f 111 1588 1651
f 1588 412 1653
f 1651 1653 426
f 1588 1653 1651
f 412 1587 1634
f 1587 32 1631
f 1634 1631 422
f 1587 1631 1634
f 426 1655 1652
f 1655 422 1632
f 1652 1632 113
f 1655 1632 1652
f 412 1634 1653
f 1634 422 1655
f 1653 1655 426
f 1634 1655 1653
f 98 1640 1381
f 1640 424 1642
f 1381 1642 360
f 1640 1642 1381
f 424 1641 1644
f 1641 113 1628
f 1644 1628 421
f 1641 1628 1644
f 360 1630 1380
f 1630 421 1627
f 1380 1627 29
f 1630 1627 1380
f 424 1644 1642
f 1644 421 1630
f 1642 1630 360
f 1644 1630 1642
f 111 1651 1596
f 1651 426 1654
f 1596 1654 414
f 1651 1654 1596
f 426 1652 1656
f 1652 113 1641
f 1656 1641 424
f 1652 1641 1656
f 414 1643 1595
f 1643 424 1640
f 1595 1640 98
f 1643 1640 1595
f 426 1656 1654
f 1656 424 1643
f 1654 1643 414
f 1656 1643 1654
f 6 2299 863
f 2299 583 2302
f 863 2302 225
f 2299 2302 863
f 583 2300 2312
f 2300 151 2310
f 2312 2310 586
f 2300 2310 2312
f 225 2311 864
f 2311 586 2309
f 864 2309 62
f 2311 2309 864
f 583 2312 2302
f 2312 586 2311
f 2302 2311 225
f 2312 2311 2302
f 151 2304 2365
f 2304 584 2367
f 2365 2367 600
f 2304 2367 2365
f 584 2303 2355
f 2303 41 2353
f 2355 2353 597
f 2303 2353 2355
f 600 2369 2366
f 2369 597 2354
f 2366 2354 154
f 2369 2354 2366
f 584 2355 2367
f 2355 597 2369
f 2367 2369 600
f 2355 2369 2367
f 62 2356 866
f 2356 598 2358
f 866 2358 226
f 2356 2358 866
f 598 2357 2360
f 2357 154 2350
f 2360 2350 596
f 2357 2350 2360
f 226 2351 865
f 2351 596 2349
f 865 2349 19
f 2351 2349 865
f 598 2360 2358
f 2360 596 2351
f 2358 2351 226
f 2360 2351 2358
f 151 2365 2310
f 2365 600 2368
f 2310 2368 586
f 2365 2368 2310
f 600 2366 2370
f 2366 154 2357
f 2370 2357 598
f 2366 2357 2370
f 586 2359 2309
f 2359 598 2356
f 2309 2356 62
f 2359 2356 2309
f 600 2370 2368
f 2370 598 2359
f 2368 2359 586
f 2370 2359 2368
f 41 2317 2405
f 2317 588 2407
f 2405 2407 608
f 2317 2407 2405
f 588 2318 2421
f 2318 152 2419
f 2421 2419 611
f 2318 2419 2421
f 608 2423 2406
f 2423 611 2420
f 2406 2420 156
f 2423 2420 2406
f 588 2421 2407
f 2421 611 2423
f 2407 2423 608
f 2421 2423 2407
f 152 2314 2324
f 2314 587 2326
f 2324 2326 590
f 2314 2326 2324
f 587 2313 2316
f 2313 12 2221
f 2316 2221 565
f 2313 2221 2316
f 590 2325 2323
f 2325 565 2222
f 2323 2222 147
f 2325 2222 2323
f 587 2316 2326
f 2316 565 2325
f 2326 2325 590
f 2316 2325 2326
f 156 2410 2402
f 2410 609 2413
f 2402 2413 607
f 2410 2413 2402
f 609 2409 2411
f 2409 147 2225
f 2411 2225 566
f 2409 2225 2411
f 607 2403 2401
f 2403 566 2224
f 2401 2224 40
f 2403 2224 2401
f 609 2411 2413
f 2411 566 2403
f 2413 2403 607
f 2411 2403 2413
f 152 2324 2419
f 2324 590 2422
f 2419 2422 611
f 2324 2422 2419
f 590 2323 2412
f 2323 147 2409
f 2412 2409 609
f 2323 2409 2412
f 611 2424 2420
f 2424 609 2410
f 2420 2410 156
f 2424 2410 2420
f 590 2412 2422
f 2412 609 2424
f 2422 2424 611
f 2412 2424 2422
f 19 2252 861
f 2252 573 2254
f 861 2254 224
f 2252 2254 861
f 573 2253 2262
f 2253 149 2259
f 2262 2259 575
f 2253 2259 2262
f 224 2260 862
f 2260 575 2258
f 862 2258 61
f 2260 2258 862
f 573 2262 2254
f 2262 575 2260
f 2254 2260 224
f 2262 2260 2254
f 149 2256 2264
f 2256 574 2267
f 2264 2267 576
f 2256 2267 2264
f 574 2255 2257
f 2255 40 2211
f 2257 2211 562
f 2255 2211 2257
f 576 2265 2263
f 2265 562 2212
f 2263 2212 146
f 2265 2212 2263
f 574 2257 2267
f 2257 562 2265
f 2267 2265 576
f 2257 2265 2267
f 61 2217 860
f 2217 564 2219
f 860 2219 223
f 2217 2219 860
f 564 2218 2220
f 2218 146 2208
f 2220 2208 561
f 2218 2208 2220
f 223 2210 859
f 2210 561 2207
f 859 2207 5
f 2210 2207 859
f 564 2220 2219
f 2220 561 2210
f 2219 2210 223
f 2220 2210 2219
f 149 2264 2259
f 2264 576 2268
f 2259 2268 575
f 2264 2268 2259
f 576 2263 2266
f 2263 146 2218
f 2266 2218 564
f 2263 2218 2266
f 575 2261 2258
f 2261 564 2217
f 2258 2217 61
f 2261 2217 2258
f 576 2266 2268
f 2266 564 2261
f 2268 2261 575
f 2266 2261 2268
f 41 2405 2353
f 2405 608 2408
f 2353 2408 597
f 2405 2408 2353
f 608 2406 2429
f 2406 156 2426
f 2429 2426 612
f 2406 2426 2429
f 597 2427 2354
f 2427 612 2425
f 2354 2425 154
f 2427 2425 2354
f 608 2429 2408
f 2429 612 2427
f 2408 2427 597
f 2429 2427 2408
f 156 2402 2415
f 2402 607 2418
f 2415 2418 610
f 2402 2418 2415
f 607 2401 2404
f 2401 40 2255
f 2404 2255 574
f 2401 2255 2404
f 610 2416 2414
f 2416 574 2256
f 2414 2256 149
f 2416 2256 2414
f 607 2404 2418
f 2404 574 2416
f 2418 2416 610
f 2404 2416 2418
f 154 2362 2350
f 2362 599 2364
f 2350 2364 596
f 2362 2364 2350
f 599 2361 2363
f 2361 149 2253
f 2363 2253 573
f 2361 2253 2363
f 596 2352 2349
f 2352 573 2252
f 2349 2252 19
f 2352 2252 2349
f 599 2363 2364
f 2363 573 2352
f 2364 2352 596
f 2363 2352 2364
f 156 2415 2426
f 2415 610 2430
f 2426 2430 612
f 2415 2430 2426
f 610 2414 2417
f 2414 149 2361
f 2417 2361 599
f 2414 2361 2417
f 612 2428 2425
f 2428 599 2362
f 2425 2362 154
f 2428 2362 2425
f 610 2417 2430
f 2417 599 2428
f 2430 2428 612
f 2417 2428 2430
f 12 2445 2169
f 2445 617 2448
f 2169 2448 551
f 2445 2448 2169
f 617 2446 2458
f 2446 158 2456
f 2458 2456 620
f 2446 2456 2458
f 551 2457 2170
f 2457 620 2455
f 2170 2455 143
f 2457 2455 2170
f 617 2458 2448
f 2458 620 2457
f 2448 2457 551
f 2458 2457 2448
f 158 2450 2551
f 2450 618 2553
f 2551 2553 641
f 2450 2553 2551
f 618 2449 2539
f 2449 42 2537
f 2539 2537 638
f 2449 2537 2539
f 641 2555 2552
f 2555 638 2538
f 2552 2538 162
f 2555 2538 2552
f 618 2539 2553
f 2539 638 2555
f 2553 2555 641
f 2539 2555 2553
f 143 2541 2172
f 2541 639 2543
f 2172 2543 552
f 2541 2543 2172
f 639 2542 2545
f 2542 162 2534
f 2545 2534 637
f 2542 2534 2545
f 552 2535 2171
f 2535 637 2533
f 2171 2533 39
f 2535 2533 2171
f 639 2545 2543
f 2545 637 2535
f 2543 2535 552
f 2545 2535 2543
f 158 2551 2456
f 2551 641 2554
f 2456 2554 620
f 2551 2554 2456
f 641 2552 2556
f 2552 162 2542
f 2556 2542 639
f 2552 2542 2556
f 620 2544 2455
f 2544 639 2541
f 2455 2541 143
f 2544 2541 2455
f 641 2556 2554
f 2556 639 2544
f 2554 2544 620
f 2556 2544 2554
f 42 2435 2485
f 2435 614 2487
f 2485 2487 627
f 2435 2487 2485
f 614 2436 2499
f 2436 157 2497
f 2499 2497 630
f 2436 2497 2499
f 627 2501 2486
f 2501 630 2498
f 2486 2498 160
f 2501 2498 2486
f 614 2499 2487
f 2499 630 2501
f 2487 2501 627
f 2499 2501 2487
f 157 2432 2442
f 2432 613 2444
f 2442 2444 616
f 2432 2444 2442
f 613 2431 2434
f 2431 11 1858
f 2434 1858 475
f 2431 1858 2434
f 616 2443 2441
f 2443 475 1859
f 2441 1859 125
f 2443 1859 2441
f 613 2434 2444
f 2434 475 2443
f 2444 2443 616
f 2434 2443 2444
f 160 2489 2482
f 2489 628 2492
f 2482 2492 626
f 2489 2492 2482
f 628 2488 2490
f 2488 125 1861
f 2490 1861 476
f 2488 1861 2490
f 626 2483 2481
f 2483 476 1860
f 2481 1860 35
f 2483 1860 2481
f 628 2490 2492
f 2490 476 2483
f 2492 2483 626
f 2490 2483 2492
f 157 2442 2497
f 2442 616 2500
f 2497 2500 630
f 2442 2500 2497
f 616 2441 2491
f 2441 125 2488
f 2491 2488 628
f 2441 2488 2491
f 630 2502 2498
f 2502 628 2489
f 2498 2489 160
f 2502 2489 2498
f 616 2491 2500
f 2491 628 2502
f 2500 2502 630
f 2491 2502 2500
f 39 2193 2159
f 2193 558 2195
f 2159 2195 548
f 2193 2195 2159
f 558 2194 2205
f 2194 145 2202
f 2205 2202 560
f 2194 2202 2205
f 548 2203 2160
f 2203 560 2201
f 2160 2201 142
f 2203 2201 2160
f 558 2205 2195
f 2205 560 2203
f 2195 2203 548
f 2205 2203 2195
f 145 2191 2197
f 2191 557 2200
f 2197 2200 559
f 2191 2200 2197
f 557 2190 2192
f 2190 35 1852
f 2192 1852 473
f 2190 1852 2192
f 559 2198 2196
f 2198 473 1853
f 2196 1853 124
f 2198 1853 2196
f 557 2192 2200
f 2192 473 2198
f 2200 2198 559
f 2192 2198 2200
f 142 2166 2156
f 2166 550 2168
f 2156 2168 547
f 2166 2168 2156
f 550 2165 2167
f 2165 124 1850
f 2167 1850 472
f 2165 1850 2167
f 547 2158 2155
f 2158 472 1849
f 2155 1849 3
f 2158 1849 2155
f 550 2167 2168
f 2167 472 2158
f 2168 2158 547
f 2167 2158 2168
f 145 2197 2202
f 2197 559 2206
f 2202 2206 560
f 2197 2206 2202
f 559 2196 2199
f 2196 124 2165
f 2199 2165 550
f 2196 2165 2199
f 560 2204 2201
f 2204 550 2166
f 2201 2166 142
f 2204 2166 2201
f 559 2199 2206
f 2199 550 2204
f 2206 2204 560
f 2199 2204 2206
f 42 2485 2537
f 2485 627 2540
f 2537 2540 638
f 2485 2540 2537
f 627 2486 2559
f 2486 160 2557
f 2559 2557 642
f 2486 2557 2559
f 638 2561 2538
f 2561 642 2558
f 2538 2558 162
f 2561 2558 2538
f 627 2559 2540
f 2559 642 2561
f 2540 2561 638
f 2559 2561 2540
f 160 2482 2494
f 2482 626 2496
f 2494 2496 629
f 2482 2496 2494
f 626 2481 2484
f 2481 35 2190
f 2484 2190 557
f 2481 2190 2484
f 629 2495 2493
f 2495 557 2191
f 2493 2191 145
f 2495 2191 2493
f 626 2484 2496
f 2484 557 2495
f 2496 2495 629
f 2484 2495 2496
f 162 2547 2534
f 2547 640 2550
f 2534 2550 637
f 2547 2550 2534
f 640 2546 2548
f 2546 145 2194
f 2548 2194 558
f 2546 2194 2548
f 637 2536 2533
f 2536 558 2193
f 2533 2193 39
f 2536 2193 2533
f 640 2548 2550
f 2548 558 2536
f 2550 2536 637
f 2548 2536 2550
f 160 2494 2557
f 2494 629 2560
f 2557 2560 642
f 2494 2560 2557
f 629 2493 2549
f 2493 145 2546
f 2549 2546 640
f 2493 2546 2549
f 642 2562 2558
f 2562 640 2547
f 2558 2547 162
f 2562 2547 2558
f 629 2549 2560
f 2549 640 2562
f 2560 2562 642
f 2549 2562 2560
f 11 1985 1893
f 1985 507 1988
f 1893 1988 485
f 1985 1988 1893
f 507 1986 1998
f 1986 133 1996
f 1998 1996 510
f 1986 1996 1998
f 485 1997 1894
f 1997 510 1995
f 1894 1995 128
f 1997 1995 1894
f 507 1998 1988
f 1998 510 1997
f 1988 1997 485
f 1998 1997 1988
f 133 1990 2091
f 1990 508 2093
f 2091 2093 531
f 1990 2093 2091
f 508 1989 2079
f 1989 37 2077
f 2079 2077 528
f 1989 2077 2079
f 531 2095 2092
f 2095 528 2078
f 2092 2078 137
f 2095 2078 2092
f 508 2079 2093
f 2079 528 2095
f 2093 2095 531
f 2079 2095 2093
f 128 2081 1897
f 2081 529 2083
f 1897 2083 486
f 2081 2083 1897
f 529 2082 2085
f 2082 137 2074
f 2085 2074 527
f 2082 2074 2085
f 486 2075 1896
f 2075 527 2073
f 1896 2073 36
f 2075 2073 1896
f 529 2085 2083
f 2085 527 2075
f 2083 2075 486
f 2085 2075 2083
f 133 2091 1996
f 2091 531 2094
f 1996 2094 510
f 2091 2094 1996
f 531 2092 2096
f 2092 137 2082
f 2096 2082 529
f 2092 2082 2096
f 510 2084 1995
f 2084 529 2081
f 1995 2081 128
f 2084 2081 1995
f 531 2096 2094
f 2096 529 2084
f 2094 2084 510
f 2096 2084 2094
f 37 1975 2025
f 1975 504 2027
f 2025 2027 517
f 1975 2027 2025
f 504 1976 2039
f 1976 132 2037
f 2039 2037 520
f 1976 2037 2039
f 517 2041 2026
f 2041 520 2038
f 2026 2038 135
f 2041 2038 2026
f 504 2039 2027
f 2039 520 2041
f 2027 2041 517
f 2039 2041 2027
f 132 1972 1982
f 1972 503 1984
f 1982 1984 506
f 1972 1984 1982
f 503 1971 1974
f 1971 8 1071
f 1974 1071 281
f 1971 1071 1974
f 506 1983 1981
f 1983 281 1072
f 1981 1072 78
f 1983 1072 1981
f 503 1974 1984
f 1974 281 1983
f 1984 1983 506
f 1974 1983 1984
f 135 2029 2022
f 2029 518 2032
f 2022 2032 516
f 2029 2032 2022
f 518 2028 2030
f 2028 78 1074
f 2030 1074 282
f 2028 1074 2030
f 516 2023 2021
f 2023 282 1073
f 2021 1073 24
f 2023 1073 2021
f 518 2030 2032
f 2030 282 2023
f 2032 2023 516
f 2030 2023 2032
f 132 1982 2037
f 1982 506 2040
f 2037 2040 520
f 1982 2040 2037
f 506 1981 2031
f 1981 78 2028
f 2031 2028 518
f 1981 2028 2031
f 520 2042 2038
f 2042 518 2029
f 2038 2029 135
f 2042 2029 2038
f 506 2031 2040
f 2031 518 2042
f 2040 2042 520
f 2031 2042 2040
f 36 1927 1883
f 1927 494 1929
f 1883 1929 482
f 1927 1929 1883
f 494 1928 1939
f 1928 130 1936
f 1939 1936 496
f 1928 1936 1939
f 482 1937 1884
f 1937 496 1935
f 1884 1935 127
f 1937 1935 1884
f 494 1939 1929
f 1939 496 1937
f 1929 1937 482
f 1939 1937 1929
f 130 1925 1931
f 1925 493 1934
f 1931 1934 495
f 1925 1934 1931
f 493 1924 1926
f 1924 24 1069
f 1926 1069 280
f 1924 1069 1926
f 495 1932 1930
f 1932 280 1070
f 1930 1070 77
f 1932 1070 1930
f 493 1926 1934
f 1926 280 1932
f 1934 1932 495
f 1926 1932 1934
f 127 1890 1880
f 1890 484 1892
f 1880 1892 481
f 1890 1892 1880
f 484 1889 1891
f 1889 77 1068
f 1891 1068 279
f 1889 1068 1891
f 481 1882 1879
f 1882 279 1067
f 1879 1067 7
f 1882 1067 1879
f 484 1891 1892
f 1891 279 1882
f 1892 1882 481
f 1891 1882 1892
f 130 1931 1936
f 1931 495 1940
f 1936 1940 496
f 1931 1940 1936
f 495 1930 1933
f 1930 77 1889
f 1933 1889 484
f 1930 1889 1933
f 496 1938 1935
f 1938 484 1890
f 1935 1890 127
f 1938 1890 1935
f 495 1933 1940
f 1933 484 1938
f 1940 1938 496
f 1933 1938 1940
f 37 2025 2077
f 2025 517 2080
f 2077 2080 528
f 2025 2080 2077
f 517 2026 2099
f 2026 135 2097
f 2099 2097 532
f 2026 2097 2099
f 528 2101 2078
f 2101 532 2098
f 2078 2098 137
f 2101 2098 2078
f 517 2099 2080
f 2099 532 2101
f 2080 2101 528
f 2099 2101 2080
f 135 2022 2034
f 2022 516 2036
f 2034 2036 519
f 2022 2036 2034
f 516 2021 2024
f 2021 24 1924
f 2024 1924 493
f 2021 1924 2024
f 519 2035 2033
f 2035 493 1925
f 2033 1925 130
f 2035 1925 2033
f 516 2024 2036
f 2024 493 2035
f 2036 2035 519
f 2024 2035 2036
f 137 2087 2074
f 2087 530 2090
f 2074 2090 527
f 2087 2090 2074
f 530 2086 2088
f 2086 130 1928
f 2088 1928 494
f 2086 1928 2088
f 527 2076 2073
f 2076 494 1927
f 2073 1927 36
f 2076 1927 2073
f 530 2088 2090
f 2088 494 2076
f 2090 2076 527
f 2088 2076 2090
f 135 2034 2097
f 2034 519 2100
f 2097 2100 532
f 2034 2100 2097
f 519 2033 2089
f 2033 130 2086
f 2089 2086 530
f 2033 2086 2089
f 532 2102 2098
f 2102 530 2087
f 2098 2087 137
f 2102 2087 2098
f 519 2089 2100
f 2089 530 2102
f 2100 2102 532
f 2089 2102 2100
f 8 1006 1227
f 1006 265 1229
f 1227 1229 323
f 1006 1229 1227
f 265 1007 1235
f 1007 74 1233
f 1235 1233 325
f 1007 1233 1235
f 323 1236 1228
f 1236 325 1234
f 1228 1234 90
f 1236 1234 1228
f 265 1235 1229
f 1235 325 1236
f 1229 1236 323
f 1235 1236 1229
f 74 1010 1262
f 1010 266 1264
f 1262 1264 333
f 1010 1264 1262
f 266 1009 1257
f 1009 23 1255
f 1257 1255 331
f 1009 1255 1257
f 333 1266 1263
f 1266 331 1256
f 1263 1256 92
f 1266 1256 1263
f 266 1257 1264
f 1257 331 1266
f 1264 1266 333
f 1257 1266 1264
f 90 1271 1232
f 1271 335 1273
f 1232 1273 324
f 1271 1273 1232
f 335 1272 1275
f 1272 92 1260
f 1275 1260 332
f 1272 1260 1275
f 324 1261 1231
f 1261 332 1259
f 1231 1259 28
f 1261 1259 1231
f 335 1275 1273
f 1275 332 1261
f 1273 1261 324
f 1275 1261 1273
f 74 1262 1233
f 1262 333 1265
f 1233 1265 325
f 1262 1265 1233
f 333 1263 1276
f 1263 92 1272
f 1276 1272 335
f 1263 1272 1276
f 325 1274 1234
f 1274 335 1271
f 1234 1271 90
f 1274 1271 1234
f 333 1276 1265
f 1276 335 1274
f 1265 1274 325
f 1276 1274 1265
f 23 1000 1088
f 1000 263 1090
f 1088 1090 288
f 1000 1090 1088
f 263 1001 1096
f 1001 73 1094
f 1096 1094 290
f 1001 1094 1096
f 288 1098 1089
f 1098 290 1095
f 1089 1095 81
f 1098 1095 1089
f 263 1096 1090
f 1096 290 1098
f 1090 1098 288
f 1096 1098 1090
f 73 998 1080
f 998 262 1082
f 1080 1082 285
f 998 1082 1080
f 262 997 1077
f 997 2 1075
f 1077 1075 283
f 997 1075 1077
f 285 1083 1081
f 1083 283 1076
f 1081 1076 79
f 1083 1076 1081
f 262 1077 1082
f 1077 283 1083
f 1082 1083 285
f 1077 1083 1082
f 81 1100 1092
f 1100 291 1103
f 1092 1103 289
f 1100 1103 1092
f 291 1099 1101
f 1099 79 1079
f 1101 1079 284
f 1099 1079 1101
f 289 1093 1091
f 1093 284 1078
f 1091 1078 25
f 1093 1078 1091
f 291 1101 1103
f 1101 284 1093
f 1103 1093 289
f 1101 1093 1103
f 73 1080 1094
f 1080 285 1097
f 1094 1097 290
f 1080 1097 1094
f 285 1081 1102
f 1081 79 1099
f 1102 1099 291
f 1081 1099 1102
f 290 1104 1095
f 1104 291 1100
f 1095 1100 81
f 1104 1100 1095
f 285 1102 1097
f 1102 291 1104
f 1097 1104 290
f 1102 1104 1097
f 28 1303 1245
f 1303 342 1305
f 1245 1305 328
f 1303 1305 1245
f 342 1304 1321
f 1304 94 1318
f 1321 1318 345
f 1304 1318 1321
f 328 1319 1246
f 1319 345 1317
f 1246 1317 91
f 1319 1317 1246
f 342 1321 1305
f 1321 345 1319
f 1305 1319 328
f 1321 1319 1305
f 94 1300 1308
f 1300 341 1311
f 1308 1311 343
f 1300 1311 1308
f 341 1299 1301
f 1299 25 1086
f 1301 1086 287
f 1299 1086 1301
f 343 1309 1307
f 1309 287 1087
f 1307 1087 80
f 1309 1087 1307
f 341 1301 1311
f 1301 287 1309
f 1311 1309 343
f 1301 1309 1311
f 91 1248 1242
f 1248 329 1250
f 1242 1250 327
f 1248 1250 1242
f 329 1247 1249
f 1247 80 1085
f 1249 1085 286
f 1247 1085 1249
f 327 1243 1241
f 1243 286 1084
f 1241 1084 9
f 1243 1084 1241
f 329 1249 1250
f 1249 286 1243
f 1250 1243 327
f 1249 1243 1250
f 94 1308 1318
f 1308 343 1322
f 1318 1322 345
f 1308 1322 1318
f 343 1307 1310
f 1307 80 1247
f 1310 1247 329
f 1307 1247 1310
f 345 1320 1317
f 1320 329 1248
f 1317 1248 91
f 1320 1248 1317
f 343 1310 1322
f 1310 329 1320
f 1322 1320 345
f 1310 1320 1322
f 23 1088 1255
f 1088 288 1258
f 1255 1258 331
f 1088 1258 1255
f 288 1089 1269
f 1089 81 1267
f 1269 1267 334
f 1089 1267 1269
f 331 1270 1256
f 1270 334 1268
f 1256 1268 92
f 1270 1268 1256
f 288 1269 1258
f 1269 334 1270
f 1258 1270 331
f 1269 1270 1258
f 81 1092 1312
f 1092 289 1314
f 1312 1314 344
f 1092 1314 1312
f 289 1091 1302
f 1091 25 1299
f 1302 1299 341
f 1091 1299 1302
f 344 1316 1313
f 1316 341 1300
f 1313 1300 94
f 1316 1300 1313
f 289 1302 1314
f 1302 341 1316
f 1314 1316 344
f 1302 1316 1314
f 92 1323 1260
f 1323 346 1325
f 1260 1325 332
f 1323 1325 1260
f 346 1324 1327
f 1324 94 1304
f 1327 1304 342
f 1324 1304 1327
f 332 1306 1259
f 1306 342 1303
f 1259 1303 28
f 1306 1303 1259
f 346 1327 1325
f 1327 342 1306
f 1325 1306 332
f 1327 1306 1325
f 81 1312 1267
f 1312 344 1315
f 1267 1315 334
f 1312 1315 1267
f 344 1313 1328
f 1313 94 1324
f 1328 1324 346
f 1313 1324 1328
f 334 1326 1268
f 1326 346 1323
f 1268 1323 92
f 1326 1323 1268
f 344 1328 1315
f 1328 346 1326
f 1315 1326 334
f 1328 1326 1315
f 4 1411 689
f 1411 367 1413
f 689 1413 180
f 1411 1413 689
f 367 1412 1420
f 1412 100 1418
f 1420 1418 369
f 1412 1418 1420
f 180 1419 690
f 1419 369 1417
f 690 1417 50
f 1419 1417 690
f 367 1420 1413
f 1420 369 1419
f 1413 1419 180
f 1420 1419 1413
f 100 1416 1440
f 1416 368 1442
f 1440 1442 376
f 1416 1442 1440
f 368 1415 1434
f 1415 30 1432
f 1434 1432 374
f 1415 1432 1434
f 376 1444 1441
f 1444 374 1433
f 1441 1433 102
f 1444 1433 1441
f 368 1434 1442
f 1434 374 1444
f 1442 1444 376
f 1434 1444 1442
f 50 1435 693
f 1435 375 1437
f 693 1437 181
f 1435 1437 693
f 375 1436 1439
f 1436 102 1430
f 1439 1430 373
f 1436 1430 1439
f 181 1431 692
f 1431 373 1429
f 692 1429 16
f 1431 1429 692
f 375 1439 1437
f 1439 373 1431
f 1437 1431 181
f 1439 1431 1437
f 100 1440 1418
f 1440 376 1443
f 1418 1443 369
f 1440 1443 1418
f 376 1441 1445
f 1441 102 1436
f 1445 1436 375
f 1441 1436 1445
f 369 1438 1417
f 1438 375 1435
f 1417 1435 50
f 1438 1435 1417
f 376 1445 1443
f 1445 375 1438
f 1443 1438 369
f 1445 1438 1443
f 30 1427 1525
f 1427 372 1527
f 1525 1527 397
f 1427 1527 1525
f 372 1428 1535
f 1428 101 1533
f 1535 1533 399
f 1428 1533 1535
f 397 1537 1526
f 1537 399 1534
f 1526 1534 108
f 1537 1534 1526
f 372 1535 1527
f 1535 399 1537
f 1527 1537 397
f 1535 1537 1527
f 101 1426 1482
f 1426 371 1484
f 1482 1484 387
f 1426 1484 1482
f 371 1425 1479
f 1425 10 1477
f 1479 1477 385
f 1425 1477 1479
f 387 1485 1483
f 1485 385 1478
f 1483 1478 105
f 1485 1478 1483
f 371 1479 1484
f 1479 385 1485
f 1484 1485 387
f 1479 1485 1484
f 108 1544 1530
f 1544 401 1547
f 1530 1547 398
f 1544 1547 1530
f 401 1543 1545
f 1543 105 1481
f 1545 1481 386
f 1543 1481 1545
f 398 1531 1529
f 1531 386 1480
f 1529 1480 31
f 1531 1480 1529
f 401 1545 1547
f 1545 386 1531
f 1547 1531 398
f 1545 1531 1547
f 101 1482 1533
f 1482 387 1536
f 1533 1536 399
f 1482 1536 1533
f 387 1483 1546
f 1483 105 1543
f 1546 1543 401
f 1483 1543 1546
f 399 1548 1534
f 1548 401 1544
f 1534 1544 108
f 1548 1544 1534
f 387 1546 1536
f 1546 401 1548
f 1536 1548 399
f 1546 1548 1536
f 16 1486 701
f 1486 388 1488
f 701 1488 184
f 1486 1488 701
f 388 1487 1497
f 1487 106 1494
f 1497 1494 390
f 1487 1494 1497
f 184 1495 702
f 1495 390 1493
f 702 1493 51
f 1495 1493 702
f 388 1497 1488
f 1497 390 1495
f 1488 1495 184
f 1497 1495 1488
f 106 1491 1503
f 1491 389 1506
f 1503 1506 392
f 1491 1506 1503
f 389 1490 1492
f 1490 31 1467
f 1492 1467 382
f 1490 1467 1492
f 392 1504 1502
f 1504 382 1468
f 1502 1468 104
f 1504 1468 1502
f 389 1492 1506
f 1492 382 1504
f 1506 1504 392
f 1492 1504 1506
f 51 1469 699
f 1469 383 1471
f 699 1471 183
f 1469 1471 699
f 383 1470 1472
f 1470 104 1464
f 1472 1464 381
f 1470 1464 1472
f 183 1465 698
f 1465 381 1463
f 698 1463 5
f 1465 1463 698
f 383 1472 1471
f 1472 381 1465
f 1471 1465 183
f 1472 1465 1471
f 106 1503 1494
f 1503 392 1507
f 1494 1507 390
f 1503 1507 1494
f 392 1502 1505
f 1502 104 1470
f 1505 1470 383
f 1502 1470 1505
f 390 1496 1493
f 1496 383 1469
f 1493 1469 51
f 1496 1469 1493
f 392 1505 1507
f 1505 383 1496
f 1507 1496 390
f 1505 1496 1507
f 30 1525 1432
f 1525 397 1528
f 1432 1528 374
f 1525 1528 1432
f 397 1526 1542
f 1526 108 1539
f 1542 1539 400
f 1526 1539 1542
f 374 1540 1433
f 1540 400 1538
f 1433 1538 102
f 1540 1538 1433
f 397 1542 1528
f 1542 400 1540
f 1528 1540 374
f 1542 1540 1528
f 108 1530 1550
f 1530 398 1553
f 1550 1553 402
f 1530 1553 1550
f 398 1529 1532
f 1529 31 1490
f 1532 1490 389
f 1529 1490 1532
f 402 1551 1549
f 1551 389 1491
f 1549 1491 106
f 1551 1491 1549
f 398 1532 1553
f 1532 389 1551
f 1553 1551 402
f 1532 1551 1553
f 102 1498 1430
f 1498 391 1500
f 1430 1500 373
f 1498 1500 1430
f 391 1499 1501
f 1499 106 1487
f 1501 1487 388
f 1499 1487 1501
f 373 1489 1429
f 1489 388 1486
f 1429 1486 16
f 1489 1486 1429
f 391 1501 1500
f 1501 388 1489
f 1500 1489 373
f 1501 1489 1500
f 108 1550 1539
f 1550 402 1554
f 1539 1554 400
f 1550 1554 1539
f 402 1549 1552
f 1549 106 1499
f 1552 1499 391
f 1549 1499 1552
f 400 1541 1538
f 1541 391 1498
f 1538 1498 102
f 1541 1498 1538
f 402 1552 1554
f 1552 391 1541
f 1554 1541 400
f 1552 1541 1554
f 4 689 655
f 689 180 691
f 655 691 169
f 689 691 655
f 180 690 697
f 690 50 695
f 697 695 182
f 690 695 697
f 169 696 656
f 696 182 694
f 656 694 46
f 696 694 656
f 180 697 691
f 697 182 696
f 691 696 169
f 697 696 691
f 50 693 723
f 693 181 725
f 723 725 190
f 693 725 723
f 181 692 713
f 692 16 711
f 713 711 187
f 692 711 713
f 190 727 724
f 727 187 712
f 724 712 52
f 727 712 724
f 181 713 725
f 713 187 727
f 725 727 190
f 713 727 725
f 46 714 658
f 714 188 716
f 658 716 170
f 714 716 658
f 188 715 718
f 715 52 708
f 718 708 186
f 715 708 718
f 170 709 657
f 709 186 707
f 657 707 14
f 709 707 657
f 188 718 716
f 718 186 709
f 716 709 170
f 718 709 716
f 50 723 695
f 723 190 726
f 695 726 182
f 723 726 695
f 190 724 728
f 724 52 715
f 728 715 188
f 724 715 728
f 182 717 694
f 717 188 714
f 694 714 46
f 717 714 694
f 190 728 726
f 728 188 717
f 726 717 182
f 728 717 726
f 16 701 733
f 701 184 735
f 733 735 192
f 701 735 733
f 184 702 749
f 702 51 747
f 749 747 195
f 702 747 749
f 192 751 734
f 751 195 748
f 734 748 53
f 751 748 734
f 184 749 735
f 749 195 751
f 735 751 192
f 749 751 735
f 51 699 704
f 699 183 706
f 704 706 185
f 699 706 704
f 183 698 700
f 698 5 668
f 700 668 174
f 698 668 700
f 185 705 703
f 705 174 669
f 703 669 48
f 705 669 703
f 183 700 706
f 700 174 705
f 706 705 185
f 700 705 706
f 53 738 730
f 738 193 741
f 730 741 191
f 738 741 730
f 193 737 739
f 737 48 671
f 739 671 175
f 737 671 739
f 191 731 729
f 731 175 670
f 729 670 15
f 731 670 729
f 193 739 741
f 739 175 731
f 741 731 191
f 739 731 741
f 51 704 747
f 704 185 750
f 747 750 195
f 704 750 747
f 185 703 740
f 703 48 737
f 740 737 193
f 703 737 740
f 195 752 748
f 752 193 738
f 748 738 53
f 752 738 748
f 185 740 750
f 740 193 752
f 750 752 195
f 740 752 750
f 14 672 653
f 672 176 674
f 653 674 168
f 672 674 653
f 176 673 682
f 673 49 679
f 682 679 178
f 673 679 682
f 168 680 654
f 680 178 678
f 654 678 45
f 680 678 654
f 176 682 674
f 682 178 680
f 674 680 168
f 682 680 674
f 49 676 684
f 676 177 687
f 684 687 179
f 676 687 684
f 177 675 677
f 675 15 662
f 677 662 172
f 675 662 677
f 179 685 683
f 685 172 663
f 683 663 47
f 685 663 683
f 177 677 687
f 677 172 685
f 687 685 179
f 677 685 687
f 45 664 652
f 664 173 666
f 652 666 167
f 664 666 652
f 173 665 667
f 665 47 660
f 667 660 171
f 665 660 667
f 167 661 651
f 661 171 659
f 651 659 3
f 661 659 651
f 173 667 666
f 667 171 661
f 666 661 167
f 667 661 666
f 49 684 679
f 684 179 688
f 679 688 178
f 684 688 679
f 179 683 686
f 683 47 665
f 686 665 173
f 683 665 686
f 178 681 678
f 681 173 664
f 678 664 45
f 681 664 678
f 179 686 688
f 686 173 681
f 688 681 178
f 686 681 688
f 16 733 711
f 733 192 736
f 711 736 187
f 733 736 711
f 192 734 757
f 734 53 754
f 757 754 196
f 734 754 757
f 187 755 712
f 755 196 753
f 712 753 52
f 755 753 712
f 192 757 736
f 757 196 755
f 736 755 187
f 757 755 736
f 53 730 743
f 730 191 746
f 743 746 194
f 730 746 743
f 191 729 732
f 729 15 675
f 732 675 177
f 729 675 732
f 194 744 742
f 744 177 676
f 742 676 49
f 744 676 742
f 191 732 746
f 732 177 744
f 746 744 194
f 732 744 746
f 52 720 708
f 720 189 722
f 708 722 186
f 720 722 708
f 189 719 721
f 719 49 673
f 721 673 176
f 719 673 721
f 186 710 707
f 710 176 672
f 707 672 14
f 710 672 707
f 189 721 722
f 721 176 710
f 722 710 186
f 721 710 722
f 53 743 754
f 743 194 758
f 754 758 196
f 743 758 754
f 194 742 745
f 742 49 719
f 745 719 189
f 742 719 745
f 196 756 753
f 756 189 720
f 753 720 52
f 756 720 753
f 194 745 758
f 745 189 756
f 758 756 196
f 745 756 758
f 4 655 897
f 655 169 899
f 897 899 236
f 655 899 897
f 169 656 904
f 656 46 902
f 904 902 238
f 656 902 904
f 236 905 898
f 905 238 903
f 898 903 66
f 905 903 898
f 169 904 899
f 904 238 905
f 899 905 236
f 904 905 899
f 46 658 922
f 658 170 924
f 922 924 244
f 658 924 922
f 170 657 917
f 657 14 915
f 917 915 242
f 657 915 917
f 244 926 923
f 926 242 916
f 923 916 68
f 926 916 923
f 170 917 924
f 917 242 926
f 924 926 244
f 917 926 924
f 66 931 901
f 931 246 933
f 901 933 237
f 931 933 901
f 246 932 935
f 932 68 920
f 935 920 243
f 932 920 935
f 237 921 900
f 921 243 919
f 900 919 21
f 921 919 900
f 246 935 933
f 935 243 921
f 933 921 237
f 935 921 933
f 46 922 902
f 922 244 925
f 902 925 238
f 922 925 902
f 244 923 936
f 923 68 932
f 936 932 246
f 923 932 936
f 238 934 903
f 934 246 931
f 903 931 66
f 934 931 903
f 244 936 925
f 936 246 934
f 925 934 238
f 936 934 925
f 14 653 880
f 653 168 882
f 880 882 232
f 653 882 880
f 168 654 888
f 654 45 886
f 888 886 234
f 654 886 888
f 232 890 881
f 890 234 887
f 881 887 65
f 890 887 881
f 168 888 882
f 888 234 890
f 882 890 232
f 888 890 882
f 45 652 872
f 652 167 874
f 872 874 229
f 652 874 872
f 167 651 869
f 651 3 867
f 869 867 227
f 651 867 869
f 229 875 873
f 875 227 868
f 873 868 63
f 875 868 873
f 167 869 874
f 869 227 875
f 874 875 229
f 869 875 874
f 65 892 884
f 892 235 895
f 884 895 233
f 892 895 884
f 235 891 893
f 891 63 871
f 893 871 228
f 891 871 893
f 233 885 883
f 885 228 870
f 883 870 20
f 885 870 883
f 235 893 895
f 893 228 885
f 895 885 233
f 893 885 895
f 45 872 886
f 872 229 889
f 886 889 234
f 872 889 886
f 229 873 894
f 873 63 891
f 894 891 235
f 873 891 894
f 234 896 887
f 896 235 892
f 887 892 65
f 896 892 887
f 229 894 889
f 894 235 896
f 889 896 234
f 894 896 889
f 21 941 909
f 941 248 943
f 909 943 240
f 941 943 909
f 248 942 959
f 942 69 956
f 959 956 251
f 942 956 959
f 240 957 910
f 957 251 955
f 910 955 67
f 957 955 910
f 248 959 943
f 959 251 957
f 943 957 240
f 959 957 943
f 69 938 946
f 938 247 949
f 946 949 249
f 938 949 946
f 247 937 939
f 937 20 878
f 939 878 231
f 937 878 939
f 249 947 945
f 947 231 879
f 945 879 64
f 947 879 945
f 247 939 949
f 939 231 947
f 949 947 249
f 939 947 949
f 67 912 907
f 912 241 914
f 907 914 239
f 912 914 907
f 241 911 913
f 911 64 877
f 913 877 230
f 911 877 913
f 239 908 906
f 908 230 876
f 906 876 7
f 908 876 906
f 241 913 914
f 913 230 908
f 914 908 239
f 913 908 914
f 69 946 956
f 946 249 960
f 956 960 251
f 946 960 956
f 249 945 948
f 945 64 911
f 948 911 241
f 945 911 948
f 251 958 955
f 958 241 912
f 955 912 67
f 958 912 955
f 249 948 960
f 948 241 958
f 960 958 251
f 948 958 960
f 14 880 915
f 880 232 918
f 915 918 242
f 880 918 915
f 232 881 929
f 881 65 927
f 929 927 245
f 881 927 929
f 242 930 916
f 930 245 928
f 916 928 68
f 930 928 916
f 232 929 918
f 929 245 930
f 918 930 242
f 929 930 918
f 65 884 950
f 884 233 952
f 950 952 250
f 884 952 950
f 233 883 940
f 883 20 937
f 940 937 247
f 883 937 940
f 250 954 951
f 954 247 938
f 951 938 69
f 954 938 951
f 233 940 952
f 940 247 954
f 952 954 250
f 940 954 952
f 68 961 920
f 961 252 963
f 920 963 243
f 961 963 920
f 252 962 965
f 962 69 942
f 965 942 248
f 962 942 965
f 243 944 919
f 944 248 941
f 919 941 21
f 944 941 919
f 252 965 963
f 965 248 944
f 963 944 243
f 965 944 963
f 65 950 927
f 950 250 953
f 927 953 245
f 950 953 927
f 250 951 966
f 951 69 962
f 966 962 252
f 951 962 966
f 245 964 928
f 964 252 961
f 928 961 68
f 964 961 928
f 250 966 953
f 966 252 964
f 953 964 245
f 966 964 953
f 4 897 1105
f 897 236 1107
f 1105 1107 292
f 897 1107 1105
f 236 898 1112
f 898 66 1110
f 1112 1110 294
f 898 1110 1112
f 292 1113 1106
f 1113 294 1111
f 1106 1111 82
f 1113 1111 1106
f 236 1112 1107
f 1112 294 1113
f 1107 1113 292
f 1112 1113 1107
f 66 901 1124
f 901 237 1126
f 1124 1126 299
f 901 1126 1124
f 237 900 1120
f 900 21 1118
f 1120 1118 297
f 900 1118 1120
f 299 1128 1125
f 1128 297 1119
f 1125 1119 84
f 1128 1119 1125
f 237 1120 1126
f 1120 297 1128
f 1126 1128 299
f 1120 1128 1126
f 82 1129 1109
f 1129 300 1131
f 1109 1131 293
f 1129 1131 1109
f 300 1130 1133
f 1130 84 1122
f 1133 1122 298
f 1130 1122 1133
f 293 1123 1108
f 1123 298 1121
f 1108 1121 26
f 1123 1121 1108
f 300 1133 1131
f 1133 298 1123
f 1131 1123 293
f 1133 1123 1131
f 66 1124 1110
f 1124 299 1127
f 1110 1127 294
f 1124 1127 1110
f 299 1125 1134
f 1125 84 1130
f 1134 1130 300
f 1125 1130 1134
f 294 1132 1111
f 1132 300 1129
f 1111 1129 82
f 1132 1129 1111
f 299 1134 1127
f 1134 300 1132
f 1127 1132 294
f 1134 1132 1127
f 21 909 1158
f 909 240 1160
f 1158 1160 308
f 909 1160 1158
f 240 910 1167
f 910 67 1165
f 1167 1165 310
f 910 1165 1167
f 308 1169 1159
f 1169 310 1166
f 1159 1166 87
f 1169 1166 1159
f 240 1167 1160
f 1167 310 1169
f 1160 1169 308
f 1167 1169 1160
f 67 907 1141
f 907 239 1143
f 1141 1143 303
f 907 1143 1141
f 239 906 1137
f 906 7 1135
f 1137 1135 301
f 906 1135 1137
f 303 1144 1142
f 1144 301 1136
f 1142 1136 85
f 1144 1136 1142
f 239 1137 1143
f 1137 301 1144
f 1143 1144 303
f 1137 1144 1143
f 87 1175 1163
f 1175 312 1178
f 1163 1178 309
f 1175 1178 1163
f 312 1174 1176
f 1174 85 1140
f 1176 1140 302
f 1174 1140 1176
f 309 1164 1162
f 1164 302 1139
f 1162 1139 27
f 1164 1139 1162
f 312 1176 1178
f 1176 302 1164
f 1178 1164 309
f 1176 1164 1178
f 67 1141 1165
f 1141 303 1168
f 1165 1168 310
f 1141 1168 1165
f 303 1142 1177
f 1142 85 1174
f 1177 1174 312
f 1142 1174 1177
f 310 1179 1166
f 1179 312 1175
f 1166 1175 87
f 1179 1175 1166
f 303 1177 1168
f 1177 312 1179
f 1168 1179 310
f 1177 1179 1168
f 26 1197 1116
f 1197 317 1199
f 1116 1199 296
f 1197 1199 1116
f 317 1198 1209
f 1198 89 1206
f 1209 1206 319
f 1198 1206 1209
f 296 1207 1117
f 1207 319 1205
f 1117 1205 83
f 1207 1205 1117
f 317 1209 1199
f 1209 319 1207
f 1199 1207 296
f 1209 1207 1199
f 89 1202 1216
f 1202 318 1219
f 1216 1219 321
f 1202 1219 1216
f 318 1201 1203
f 1201 27 1152
f 1203 1152 306
f 1201 1152 1203
f 321 1217 1215
f 1217 306 1153
f 1215 1153 86
f 1217 1153 1215
f 318 1203 1219
f 1203 306 1217
f 1219 1217 321
f 1203 1217 1219
f 83 1154 1115
f 1154 307 1156
f 1115 1156 295
f 1154 1156 1115
f 307 1155 1157
f 1155 86 1150
f 1157 1150 305
f 1155 1150 1157
f 295 1151 1114
f 1151 305 1149
f 1114 1149 9
f 1151 1149 1114
f 307 1157 1156
f 1157 305 1151
f 1156 1151 295
f 1157 1151 1156
f 89 1216 1206
f 1216 321 1220
f 1206 1220 319
f 1216 1220 1206
f 321 1215 1218
f 1215 86 1155
f 1218 1155 307
f 1215 1155 1218
f 319 1208 1205
f 1208 307 1154
f 1205 1154 83
f 1208 1154 1205
f 321 1218 1220
f 1218 307 1208
f 1220 1208 319
f 1218 1208 1220
f 21 1158 1118
f 1158 308 1161
f 1118 1161 297
f 1158 1161 1118
f 308 1159 1173
f 1159 87 1171
f 1173 1171 311
f 1159 1171 1173
f 297 1172 1119
f 1172 311 1170
f 1119 1170 84
f 1172 1170 1119
f 308 1173 1161
f 1173 311 1172
f 1161 1172 297
f 1173 1172 1161
f 87 1163 1221
f 1163 309 1223
f 1221 1223 322
f 1163 1223 1221
f 309 1162 1204
f 1162 27 1201
f 1204 1201 318
f 1162 1201 1204
f 322 1225 1222
f 1225 318 1202
f 1222 1202 89
f 1225 1202 1222
f 309 1204 1223
f 1204 318 1225
f 1223 1225 322
f 1204 1225 1223
f 84 1210 1122
f 1210 320 1212
f 1122 1212 298
f 1210 1212 1122
f 320 1211 1214
f 1211 89 1198
f 1214 1198 317
f 1211 1198 1214
f 298 1200 1121
f 1200 317 1197
f 1121 1197 26
f 1200 1197 1121
f 320 1214 1212
f 1214 317 1200
f 1212 1200 298
f 1214 1200 1212
f 87 1221 1171
f 1221 322 1224
f 1171 1224 311
f 1221 1224 1171
f 322 1222 1226
f 1222 89 1211
f 1226 1211 320
f 1222 1211 1226
f 311 1213 1170
f 1213 320 1210
f 1170 1210 84
f 1213 1210 1170
f 322 1226 1224
f 1226 320 1213
f 1224 1213 311
f 1226 1213 1224
f 4 1105 1411
f 1105 292 1414
f 1411 1414 367
f 1105 1414 1411
f 292 1106 1423
f 1106 82 1421
f 1423 1421 370
f 1106 1421 1423
f 367 1424 1412
f 1424 370 1422
f 1412 1422 100
f 1424 1422 1412
f 292 1423 1414
f 1423 370 1424
f 1414 1424 367
f 1423 1424 1414
f 82 1109 1452
f 1109 293 1454
f 1452 1454 379
f 1109 1454 1452
f 293 1108 1448
f 1108 26 1446
f 1448 1446 377
f 1108 1446 1448
f 379 1456 1453
f 1456 377 1447
f 1453 1447 103
f 1456 1447 1453
f 293 1448 1454
f 1448 377 1456
f 1454 1456 379
f 1448 1456 1454
f 100 1457 1416
f 1457 380 1459
f 1416 1459 368
f 1457 1459 1416
f 380 1458 1461
f 1458 103 1450
f 1461 1450 378
f 1458 1450 1461
f 368 1451 1415
f 1451 378 1449
f 1415 1449 30
f 1451 1449 1415
f 380 1461 1459
f 1461 378 1451
f 1459 1451 368
f 1461 1451 1459
f 82 1452 1421
f 1452 379 1455
f 1421 1455 370
f 1452 1455 1421
f 379 1453 1462
f 1453 103 1458
f 1462 1458 380
f 1453 1458 1462
f 370 1460 1422
f 1460 380 1457
f 1422 1457 100
f 1460 1457 1422
f 379 1462 1455
f 1462 380 1460
f 1455 1460 370
f 1462 1460 1455
f 26 1116 1737
f 1116 296 1739
f 1737 1739 446
f 1116 1739 1737
f 296 1117 1746
f 1117 83 1744
f 1746 1744 448
f 1117 1744 1746
f 446 1748 1738
f 1748 448 1745
f 1738 1745 118
f 1748 1745 1738
f 296 1746 1739
f 1746 448 1748
f 1739 1748 446
f 1746 1748 1739
f 83 1115 1697
f 1115 295 1699
f 1697 1699 436
f 1115 1699 1697
f 295 1114 1690
f 1114 9 1687
f 1690 1687 433
f 1114 1687 1690
f 436 1700 1698
f 1700 433 1688
f 1698 1688 115
f 1700 1688 1698
f 295 1690 1699
f 1690 433 1700
f 1699 1700 436
f 1690 1700 1699
f 118 1754 1742
f 1754 450 1757
f 1742 1757 447
f 1754 1757 1742
f 450 1753 1755
f 1753 115 1692
f 1755 1692 434
f 1753 1692 1755
f 447 1743 1741
f 1743 434 1691
f 1741 1691 33
f 1743 1691 1741
f 450 1755 1757
f 1755 434 1743
f 1757 1743 447
f 1755 1743 1757
f 83 1697 1744
f 1697 436 1747
f 1744 1747 448
f 1697 1747 1744
f 436 1698 1756
f 1698 115 1753
f 1756 1753 450
f 1698 1753 1756
f 448 1758 1745
f 1758 450 1754
f 1745 1754 118
f 1758 1754 1745
f 436 1756 1747
f 1756 450 1758
f 1747 1758 448
f 1756 1758 1747
f 30 1789 1427
f 1789 457 1791
f 1427 1791 372
f 1789 1791 1427
f 457 1790 1801
f 1790 120 1798
f 1801 1798 459
f 1790 1798 1801
f 372 1799 1428
f 1799 459 1797
f 1428 1797 101
f 1799 1797 1428
f 457 1801 1791
f 1801 459 1799
f 1791 1799 372
f 1801 1799 1791
f 120 1794 1808
f 1794 458 1811
f 1808 1811 461
f 1794 1811 1808
f 458 1793 1795
f 1793 33 1705
f 1795 1705 438
f 1793 1705 1795
f 461 1809 1807
f 1809 438 1706
f 1807 1706 116
f 1809 1706 1807
f 458 1795 1811
f 1795 438 1809
f 1811 1809 461
f 1795 1809 1811
f 101 1711 1426
f 1711 440 1713
f 1426 1713 371
f 1711 1713 1426
f 440 1712 1714
f 1712 116 1702
f 1714 1702 437
f 1712 1702 1714
f 371 1704 1425
f 1704 437 1701
f 1425 1701 10
f 1704 1701 1425
f 440 1714 1713
f 1714 437 1704
f 1713 1704 371
f 1714 1704 1713
f 120 1808 1798
f 1808 461 1812
f 1798 1812 459
f 1808 1812 1798
f 461 1807 1810
f 1807 116 1712
f 1810 1712 440
f 1807 1712 1810
f 459 1800 1797
f 1800 440 1711
f 1797 1711 101
f 1800 1711 1797
f 461 1810 1812
f 1810 440 1800
f 1812 1800 459
f 1810 1800 1812
f 26 1737 1446
f 1737 446 1740
f 1446 1740 377
f 1737 1740 1446
f 446 1738 1752
f 1738 118 1750
f 1752 1750 449
f 1738 1750 1752
f 377 1751 1447
f 1751 449 1749
f 1447 1749 103
f 1751 1749 1447
f 446 1752 1740
f 1752 449 1751
f 1740 1751 377
f 1752 1751 1740
f 118 1742 1813
f 1742 447 1815
f 1813 1815 462
f 1742 1815 1813
f 447 1741 1796
f 1741 33 1793
f 1796 1793 458
f 1741 1793 1796
f 462 1817 1814
f 1817 458 1794
f 1814 1794 120
f 1817 1794 1814
f 447 1796 1815
f 1796 458 1817
f 1815 1817 462
f 1796 1817 1815
f 103 1802 1450
f 1802 460 1804
f 1450 1804 378
f 1802 1804 1450
f 460 1803 1806
f 1803 120 1790
f 1806 1790 457
f 1803 1790 1806
f 378 1792 1449
f 1792 457 1789
f 1449 1789 30
f 1792 1789 1449
f 460 1806 1804
f 1806 457 1792
f 1804 1792 378
f 1806 1792 1804
f 118 1813 1750
f 1813 462 1816
f 1750 1816 449
f 1813 1816 1750
f 462 1814 1818
f 1814 120 1803
f 1818 1803 460
f 1814 1803 1818
f 449 1805 1749
f 1805 460 1802
f 1749 1802 103
f 1805 1802 1749
f 462 1818 1816
f 1818 460 1805
f 1816 1805 449
f 1818 1805 1816
f 5 1463 859
f 1463 381 1466
f 859 1466 223
f 1463 1466 859
f 381 1464 1476
f 1464 104 1474
f 1476 1474 384
f 1464 1474 1476
f 223 1475 860
f 1475 384 1473
f 860 1473 61
f 1475 1473 860
f 381 1476 1466
f 1476 384 1475
f 1466 1475 223
f 1476 1475 1466
f 104 1468 1519
f 1468 382 1521
f 1519 1521 396
f 1468 1521 1519
f 382 1467 1513
f 1467 31 1511
f 1513 1511 394
f 1467 1511 1513
f 396 1523 1520
f 1523 394 1512
f 1520 1512 107
f 1523 1512 1520
f 382 1513 1521
f 1513 394 1523
f 1521 1523 396
f 1513 1523 1521
f 61 1514 862
f 1514 395 1516
f 862 1516 224
f 1514 1516 862
f 395 1515 1518
f 1515 107 1509
f 1518 1509 393
f 1515 1509 1518
f 224 1510 861
f 1510 393 1508
f 861 1508 19
f 1510 1508 861
f 395 1518 1516
f 1518 393 1510
f 1516 1510 224
f 1518 1510 1516
f 104 1519 1474
f 1519 396 1522
f 1474 1522 384
f 1519 1522 1474
f 396 1520 1524
f 1520 107 1515
f 1524 1515 395
f 1520 1515 1524
f 384 1517 1473
f 1517 395 1514
f 1473 1514 61
f 1517 1514 1473
f 396 1524 1522
f 1524 395 1517
f 1522 1517 384
f 1524 1517 1522
f 31 1480 1657
f 1480 386 1659
f 1657 1659 427
f 1480 1659 1657
f 386 1481 1667
f 1481 105 1665
f 1667 1665 429
f 1481 1665 1667
f 427 1669 1658
f 1669 429 1666
f 1658 1666 114
f 1669 1666 1658
f 386 1667 1659
f 1667 429 1669
f 1659 1669 427
f 1667 1669 1659
f 105 1478 1579
f 1478 385 1581
f 1579 1581 410
f 1478 1581 1579
f 385 1477 1572
f 1477 10 1569
f 1572 1569 407
f 1477 1569 1572
f 410 1582 1580
f 1582 407 1570
f 1580 1570 110
f 1582 1570 1580
f 385 1572 1581
f 1572 407 1582
f 1581 1582 410
f 1572 1582 1581
f 114 1676 1662
f 1676 431 1679
f 1662 1679 428
f 1676 1679 1662
f 431 1675 1677
f 1675 110 1574
f 1677 1574 408
f 1675 1574 1677
f 428 1663 1661
f 1663 408 1573
f 1661 1573 32
f 1663 1573 1661
f 431 1677 1679
f 1677 408 1663
f 1679 1663 428
f 1677 1663 1679
f 105 1579 1665
f 1579 410 1668
f 1665 1668 429
f 1579 1668 1665
f 410 1580 1678
f 1580 110 1675
f 1678 1675 431
f 1580 1675 1678
f 429 1680 1666
f 1680 431 1676
f 1666 1676 114
f 1680 1676 1666
f 410 1678 1668
f 1678 431 1680
f 1668 1680 429
f 1678 1680 1668
f 19 1605 865
f 1605 416 1607
f 865 1607 226
f 1605 1607 865
f 416 1606 1616
f 1606 112 1613
f 1616 1613 418
f 1606 1613 1616
f 226 1614 866
f 1614 418 1612
f 866 1612 62
f 1614 1612 866
f 416 1616 1607
f 1616 418 1614
f 1607 1614 226
f 1616 1614 1607
f 112 1610 1622
f 1610 417 1625
f 1622 1625 420
f 1610 1625 1622
f 417 1609 1611
f 1609 32 1559
f 1611 1559 404
f 1609 1559 1611
f 420 1623 1621
f 1623 404 1560
f 1621 1560 109
f 1623 1560 1621
f 417 1611 1625
f 1611 404 1623
f 1625 1623 420
f 1611 1623 1625
f 62 1565 864
f 1565 406 1567
f 864 1567 225
f 1565 1567 864
f 406 1566 1568
f 1566 109 1556
f 1568 1556 403
f 1566 1556 1568
f 225 1558 863
f 1558 403 1555
f 863 1555 6
f 1558 1555 863
f 406 1568 1567
f 1568 403 1558
f 1567 1558 225
f 1568 1558 1567
f 112 1622 1613
f 1622 420 1626
f 1613 1626 418
f 1622 1626 1613
f 420 1621 1624
f 1621 109 1566
f 1624 1566 406
f 1621 1566 1624
f 418 1615 1612
f 1615 406 1565
f 1612 1565 62
f 1615 1565 1612
f 420 1624 1626
f 1624 406 1615
f 1626 1615 418
f 1624 1615 1626
f 31 1657 1511
f 1657 427 1660
f 1511 1660 394
f 1657 1660 1511
f 427 1658 1674
f 1658 114 1671
f 1674 1671 430
f 1658 1671 1674
f 394 1672 1512
f 1672 430 1670
f 1512 1670 107
f 1672 1670 1512
f 427 1674 1660
f 1674 430 1672
f 1660 1672 394
f 1674 1672 1660
f 114 1662 1682
f 1662 428 1685
f 1682 1685 432
f 1662 1685 1682
f 428 1661 1664
f 1661 32 1609
f 1664 1609 417
f 1661 1609 1664
f 432 1683 1681
f 1683 417 1610
f 1681 1610 112
f 1683 1610 1681
f 428 1664 1685
f 1664 417 1683
f 1685 1683 432
f 1664 1683 1685
f 107 1617 1509
f 1617 419 1619
f 1509 1619 393
f 1617 1619 1509
f 419 1618 1620
f 1618 112 1606
f 1620 1606 416
f 1618 1606 1620
f 393 1608 1508
f 1608 416 1605
f 1508 1605 19
f 1608 1605 1508
f 419 1620 1619
f 1620 416 1608
f 1619 1608 393
f 1620 1608 1619
f 114 1682 1671
f 1682 432 1686
f 1671 1686 430
f 1682 1686 1671
f 432 1681 1684
f 1681 112 1618
f 1684 1618 419
f 1681 1618 1684
f 430 1673 1670
f 1673 419 1617
f 1670 1617 107
f 1673 1617 1670
f 432 1684 1686
f 1684 419 1673
f 1686 1673 430
f 1684 1673 1686
f 3 659 2155
f 659 171 2157
f 2155 2157 547
f 659 2157 2155
f 171 660 2163
f 660 47 2161
f 2163 2161 549
f 660 2161 2163
f 547 2164 2156
f 2164 549 2162
f 2156 2162 142
f 2164 2162 2156
f 171 2163 2157
f 2163 549 2164
f 2157 2164 547
f 2163 2164 2157
f 47 663 2179
f 663 172 2181
f 2179 2181 555
f 663 2181 2179
f 172 662 2175
f 662 15 2173
f 2175 2173 553
f 662 2173 2175
f 555 2183 2180
f 2183 553 2174
f 2180 2174 144
f 2183 2174 2180
f 172 2175 2181
f 2175 553 2183
f 2181 2183 555
f 2175 2183 2181
f 142 2184 2160
f 2184 556 2186
f 2160 2186 548
f 2184 2186 2160
f 556 2185 2188
f 2185 144 2177
f 2188 2177 554
f 2185 2177 2188
f 548 2178 2159
f 2178 554 2176
f 2159 2176 39
f 2178 2176 2159
f 556 2188 2186
f 2188 554 2178
f 2186 2178 548
f 2188 2178 2186
f 47 2179 2161
f 2179 555 2182
f 2161 2182 549
f 2179 2182 2161
f 555 2180 2189
f 2180 144 2185
f 2189 2185 556
f 2180 2185 2189
f 549 2187 2162
f 2187 556 2184
f 2162 2184 142
f 2187 2184 2162
f 555 2189 2182
f 2189 556 2187
f 2182 2187 549
f 2189 2187 2182
f 15 670 2230
f 670 175 2232
f 2230 2232 568
f 670 2232 2230
f 175 671 2239
f 671 48 2237
f 2239 2237 570
f 671 2237 2239
f 568 2241 2231
f 2241 570 2238
f 2231 2238 148
f 2241 2238 2231
f 175 2239 2232
f 2239 570 2241
f 2232 2241 568
f 2239 2241 2232
f 48 669 2213
f 669 174 2215
f 2213 2215 563
f 669 2215 2213
f 174 668 2209
f 668 5 2207
f 2209 2207 561
f 668 2207 2209
f 563 2216 2214
f 2216 561 2208
f 2214 2208 146
f 2216 2208 2214
f 174 2209 2215
f 2209 561 2216
f 2215 2216 563
f 2209 2216 2215
f 148 2247 2235
f 2247 572 2250
f 2235 2250 569
f 2247 2250 2235
f 572 2246 2248
f 2246 146 2212
f 2248 2212 562
f 2246 2212 2248
f 569 2236 2234
f 2236 562 2211
f 2234 2211 40
f 2236 2211 2234
f 572 2248 2250
f 2248 562 2236
f 2250 2236 569
f 2248 2236 2250
f 48 2213 2237
f 2213 563 2240
f 2237 2240 570
f 2213 2240 2237
f 563 2214 2249
f 2214 146 2246
f 2249 2246 572
f 2214 2246 2249
f 570 2251 2238
f 2251 572 2247
f 2238 2247 148
f 2251 2247 2238
f 563 2249 2240
f 2249 572 2251
f 2240 2251 570
f 2249 2251 2240
f 39 2269 2171
f 2269 577 2271
f 2171 2271 552
f 2269 2271 2171
f 577 2270 2281
f 2270 150 2278
f 2281 2278 579
f 2270 2278 2281
f 552 2279 2172
f 2279 579 2277
f 2172 2277 143
f 2279 2277 2172
f 577 2281 2271
f 2281 579 2279
f 2271 2279 552
f 2281 2279 2271
f 150 2274 2288
f 2274 578 2291
f 2288 2291 581
f 2274 2291 2288
f 578 2273 2275
f 2273 40 2224
f 2275 2224 566
f 2273 2224 2275
f 581 2289 2287
f 2289 566 2225
f 2287 2225 147
f 2289 2225 2287
f 578 2275 2291
f 2275 566 2289
f 2291 2289 581
f 2275 2289 2291
f 143 2226 2170
f 2226 567 2228
f 2170 2228 551
f 2226 2228 2170
f 567 2227 2229
f 2227 147 2222
f 2229 2222 565
f 2227 2222 2229
f 551 2223 2169
f 2223 565 2221
f 2169 2221 12
f 2223 2221 2169
f 567 2229 2228
f 2229 565 2223
f 2228 2223 551
f 2229 2223 2228
f 150 2288 2278
f 2288 581 2292
f 2278 2292 579
f 2288 2292 2278
f 581 2287 2290
f 2287 147 2227
f 2290 2227 567
f 2287 2227 2290
f 579 2280 2277
f 2280 567 2226
f 2277 2226 143
f 2280 2226 2277
f 581 2290 2292
f 2290 567 2280
f 2292 2280 579
f 2290 2280 2292
f 15 2230 2173
f 2230 568 2233
f 2173 2233 553
f 2230 2233 2173
f 568 2231 2245
f 2231 148 2243
f 2245 2243 571
f 2231 2243 2245
f 553 2244 2174
f 2244 571 2242
f 2174 2242 144
f 2244 2242 2174
f 568 2245 2233
f 2245 571 2244
f 2233 2244 553
f 2245 2244 2233
f 148 2235 2293
f 2235 569 2295
f 2293 2295 582
f 2235 2295 2293
f 569 2234 2276
f 2234 40 2273
f 2276 2273 578
f 2234 2273 2276
f 582 2297 2294
f 2297 578 2274
f 2294 2274 150
f 2297 2274 2294
f 569 2276 2295
f 2276 578 2297
f 2295 2297 582
f 2276 2297 2295
f 144 2282 2177
f 2282 580 2284
f 2177 2284 554
f 2282 2284 2177
f 580 2283 2286
f 2283 150 2270
f 2286 2270 577
f 2283 2270 2286
f 554 2272 2176
f 2272 577 2269
f 2176 2269 39
f 2272 2269 2176
f 580 2286 2284
f 2286 577 2272
f 2284 2272 554
f 2286 2272 2284
f 148 2293 2243
f 2293 582 2296
f 2243 2296 571
f 2293 2296 2243
f 582 2294 2298
f 2294 150 2283
f 2298 2283 580
f 2294 2283 2298
f 571 2285 2242
f 2285 580 2282
f 2242 2282 144
f 2285 2282 2242
f 582 2298 2296
f 2298 580 2285
f 2296 2285 571
f 2298 2285 2296
f 7 876 1879
f 876 230 1881
f 1879 1881 481
f 876 1881 1879
f 230 877 1887
f 877 64 1885
f 1887 1885 483
f 877 1885 1887
f 481 1888 1880
f 1888 483 1886
f 1880 1886 127
f 1888 1886 1880
f 230 1887 1881
f 1887 483 1888
f 1881 1888 481
f 1887 1888 1881
f 64 879 1909
f 879 231 1911
f 1909 1911 490
f 879 1911 1909
f 231 878 1904
f 878 20 1902
f 1904 1902 488
f 878 1902 1904
f 490 1913 1910
f 1913 488 1903
f 1910 1903 129
f 1913 1903 1910
f 231 1904 1911
f 1904 488 1913
f 1911 1913 490
f 1904 1913 1911
f 127 1918 1884
f 1918 492 1920
f 1884 1920 482
f 1918 1920 1884
f 492 1919 1922
f 1919 129 1907
f 1922 1907 489
f 1919 1907 1922
f 482 1908 1883
f 1908 489 1906
f 1883 1906 36
f 1908 1906 1883
f 492 1922 1920
f 1922 489 1908
f 1920 1908 482
f 1922 1908 1920
f 64 1909 1885
f 1909 490 1912
f 1885 1912 483
f 1909 1912 1885
f 490 1910 1923
f 1910 129 1919
f 1923 1919 492
f 1910 1919 1923
f 483 1921 1886
f 1921 492 1918
f 1886 1918 127
f 1921 1918 1886
f 490 1923 1912
f 1923 492 1921
f 1912 1921 483
f 1923 1921 1912
f 20 870 1862
f 870 228 1864
f 1862 1864 477
f 870 1864 1862
f 228 871 1870
f 871 63 1868
f 1870 1868 479
f 871 1868 1870
f 477 1872 1863
f 1872 479 1869
f 1863 1869 126
f 1872 1869 1863
f 228 1870 1864
f 1870 479 1872
f 1864 1872 477
f 1870 1872 1864
f 63 868 1854
f 868 227 1856
f 1854 1856 474
f 868 1856 1854
f 227 867 1851
f 867 3 1849
f 1851 1849 472
f 867 1849 1851
f 474 1857 1855
f 1857 472 1850
f 1855 1850 124
f 1857 1850 1855
f 227 1851 1856
f 1851 472 1857
f 1856 1857 474
f 1851 1857 1856
f 126 1874 1866
f 1874 480 1877
f 1866 1877 478
f 1874 1877 1866
f 480 1873 1875
f 1873 124 1853
f 1875 1853 473
f 1873 1853 1875
f 478 1867 1865
f 1867 473 1852
f 1865 1852 35
f 1867 1852 1865
f 480 1875 1877
f 1875 473 1867
f 1877 1867 478
f 1875 1867 1877
f 63 1854 1868
f 1854 474 1871
f 1868 1871 479
f 1854 1871 1868
f 474 1855 1876
f 1855 124 1873
f 1876 1873 480
f 1855 1873 1876
f 479 1878 1869
f 1878 480 1874
f 1869 1874 126
f 1878 1874 1869
f 474 1876 1871
f 1876 480 1878
f 1871 1878 479
f 1876 1878 1871
f 36 1945 1896
f 1945 498 1947
f 1896 1947 486
f 1945 1947 1896
f 498 1946 1963
f 1946 131 1960
f 1963 1960 501
f 1946 1960 1963
f 486 1961 1897
f 1961 501 1959
f 1897 1959 128
f 1961 1959 1897
f 498 1963 1947
f 1963 501 1961
f 1947 1961 486
f 1963 1961 1947
f 131 1942 1950
f 1942 497 1953
f 1950 1953 499
f 1942 1953 1950
f 497 1941 1943
f 1941 35 1860
f 1943 1860 476
f 1941 1860 1943
f 499 1951 1949
f 1951 476 1861
f 1949 1861 125
f 1951 1861 1949
f 497 1943 1953
f 1943 476 1951
f 1953 1951 499
f 1943 1951 1953
f 128 1899 1894
f 1899 487 1901
f 1894 1901 485
f 1899 1901 1894
f 487 1898 1900
f 1898 125 1859
f 1900 1859 475
f 1898 1859 1900
f 485 1895 1893
f 1895 475 1858
f 1893 1858 11
f 1895 1858 1893
f 487 1900 1901
f 1900 475 1895
f 1901 1895 485
f 1900 1895 1901
f 131 1950 1960
f 1950 499 1964
f 1960 1964 501
f 1950 1964 1960
f 499 1949 1952
f 1949 125 1898
f 1952 1898 487
f 1949 1898 1952
f 501 1962 1959
f 1962 487 1899
f 1959 1899 128
f 1962 1899 1959
f 499 1952 1964
f 1952 487 1962
f 1964 1962 501
f 1952 1962 1964
f 20 1862 1902
f 1862 477 1905
f 1902 1905 488
f 1862 1905 1902
f 477 1863 1916
f 1863 126 1914
f 1916 1914 491
f 1863 1914 1916
f 488 1917 1903
f 1917 491 1915
f 1903 1915 129
f 1917 1915 1903
f 477 1916 1905
f 1916 491 1917
f 1905 1917 488
f 1916 1917 1905
f 126 1866 1954
f 1866 478 1956
f 1954 1956 500
f 1866 1956 1954
f 478 1865 1944
f 1865 35 1941
f 1944 1941 497
f 1865 1941 1944
f 500 1958 1955
f 1958 497 1942
f 1955 1942 131
f 1958 1942 1955
f 478 1944 1956
f 1944 497 1958
f 1956 1958 500
f 1944 1958 1956
f 129 1965 1907
f 1965 502 1967
f 1907 1967 489
f 1965 1967 1907
f 502 1966 1969
f 1966 131 1946
f 1969 1946 498
f 1966 1946 1969
f 489 1948 1906
f 1948 498 1945
f 1906 1945 36
f 1948 1945 1906
f 502 1969 1967
f 1969 498 1948
f 1967 1948 489
f 1969 1948 1967
f 126 1954 1914
f 1954 500 1957
f 1914 1957 491
f 1954 1957 1914
f 500 1955 1970
f 1955 131 1966
f 1970 1966 502
f 1955 1966 1970
f 491 1968 1915
f 1968 502 1965
f 1915 1965 129
f 1968 1965 1915
f 500 1970 1957
f 1970 502 1968
f 1957 1968 491
f 1970 1968 1957
f 9 1149 1241
f 1149 305 1244
f 1241 1244 327
f 1149 1244 1241
f 305 1150 1253
f 1150 86 1251
f 1253 1251 330
f 1150 1251 1253
f 327 1254 1242
f 1254 330 1252
f 1242 1252 91
f 1254 1252 1242
f 305 1253 1244
f 1253 330 1254
f 1244 1254 327
f 1253 1254 1244
f 86 1153 1337
f 1153 306 1339
f 1337 1339 349
f 1153 1339 1337
f 306 1152 1331
f 1152 27 1329
f 1331 1329 347
f 1152 1329 1331
f 349 1341 1338
f 1341 347 1330
f 1338 1330 95
f 1341 1330 1338
f 306 1331 1339
f 1331 347 1341
f 1339 1341 349
f 1331 1341 1339
f 91 1347 1246
f 1347 351 1349
f 1246 1349 328
f 1347 1349 1246
f 351 1348 1351
f 1348 95 1334
f 1351 1334 348
f 1348 1334 1351
f 328 1335 1245
f 1335 348 1333
f 1245 1333 28
f 1335 1333 1245
f 351 1351 1349
f 1351 348 1335
f 1349 1335 328
f 1351 1335 1349
f 86 1337 1251
f 1337 349 1340
f 1251 1340 330
f 1337 1340 1251
f 349 1338 1352
f 1338 95 1348
f 1352 1348 351
f 1338 1348 1352
f 330 1350 1252
f 1350 351 1347
f 1252 1347 91
f 1350 1347 1252
f 349 1352 1340
f 1352 351 1350
f 1340 1350 330
f 1352 1350 1340
f 27 1139 1183
f 1139 302 1185
f 1183 1185 314
f 1139 1185 1183
f 302 1140 1193
f 1140 85 1191
f 1193 1191 316
f 1140 1191 1193
f 314 1195 1184
f 1195 316 1192
f 1184 1192 88
f 1195 1192 1184
f 302 1193 1185
f 1193 316 1195
f 1185 1195 314
f 1193 1195 1185
f 85 1136 1146
f 1136 301 1148
f 1146 1148 304
f 1136 1148 1146
f 301 1135 1138
f 1135 7 1067
f 1138 1067 279
f 1135 1067 1138
f 304 1147 1145
f 1147 279 1068
f 1145 1068 77
f 1147 1068 1145
f 301 1138 1148
f 1138 279 1147
f 1148 1147 304
f 1138 1147 1148
f 88 1187 1181
f 1187 315 1190
f 1181 1190 313
f 1187 1190 1181
f 315 1186 1188
f 1186 77 1070
f 1188 1070 280
f 1186 1070 1188
f 313 1182 1180
f 1182 280 1069
f 1180 1069 24
f 1182 1069 1180
f 315 1188 1190
f 1188 280 1182
f 1190 1182 313
f 1188 1182 1190
f 85 1146 1191
f 1146 304 1194
f 1191 1194 316
f 1146 1194 1191
f 304 1145 1189
f 1145 77 1186
f 1189 1186 315
f 1145 1186 1189
f 316 1196 1192
f 1196 315 1187
f 1192 1187 88
f 1196 1187 1192
f 304 1189 1194
f 1189 315 1196
f 1194 1196 316
f 1189 1196 1194
f 28 1281 1231
f 1281 337 1283
f 1231 1283 324
f 1281 1283 1231
f 337 1282 1297
f 1282 93 1294
f 1297 1294 340
f 1282 1294 1297
f 324 1295 1232
f 1295 340 1293
f 1232 1293 90
f 1295 1293 1232
f 337 1297 1283
f 1297 340 1295
f 1283 1295 324
f 1297 1295 1283
f 93 1278 1285
f 1278 336 1288
f 1285 1288 338
f 1278 1288 1285
f 336 1277 1279
f 1277 24 1073
f 1279 1073 282
f 1277 1073 1279
f 338 1286 1284
f 1286 282 1074
f 1284 1074 78
f 1286 1074 1284
f 336 1279 1288
f 1279 282 1286
f 1288 1286 338
f 1279 1286 1288
f 90 1238 1228
f 1238 326 1240
f 1228 1240 323
f 1238 1240 1228
f 326 1237 1239
f 1237 78 1072
f 1239 1072 281
f 1237 1072 1239
f 323 1230 1227
f 1230 281 1071
f 1227 1071 8
f 1230 1071 1227
f 326 1239 1240
f 1239 281 1230
f 1240 1230 323
f 1239 1230 1240
f 93 1285 1294
f 1285 338 1298
f 1294 1298 340
f 1285 1298 1294
f 338 1284 1287
f 1284 78 1237
f 1287 1237 326
f 1284 1237 1287
f 340 1296 1293
f 1296 326 1238
f 1293 1238 90
f 1296 1238 1293
f 338 1287 1298
f 1287 326 1296
f 1298 1296 340
f 1287 1296 1298
f 27 1183 1329
f 1183 314 1332
f 1329 1332 347
f 1183 1332 1329
f 314 1184 1344
f 1184 88 1342
f 1344 1342 350
f 1184 1342 1344
f 347 1346 1330
f 1346 350 1343
f 1330 1343 95
f 1346 1343 1330
f 314 1344 1332
f 1344 350 1346
f 1332 1346 347
f 1344 1346 1332
f 88 1181 1289
f 1181 313 1291
f 1289 1291 339
f 1181 1291 1289
f 313 1180 1280
f 1180 24 1277
f 1280 1277 336
f 1180 1277 1280
f 339 1292 1290
f 1292 336 1278
f 1290 1278 93
f 1292 1278 1290
f 313 1280 1291
f 1280 336 1292
f 1291 1292 339
f 1280 1292 1291
f 95 1354 1334
f 1354 352 1357
f 1334 1357 348
f 1354 1357 1334
f 352 1353 1355
f 1353 93 1282
f 1355 1282 337
f 1353 1282 1355
f 348 1336 1333
f 1336 337 1281
f 1333 1281 28
f 1336 1281 1333
f 352 1355 1357
f 1355 337 1336
f 1357 1336 348
f 1355 1336 1357
f 88 1289 1342
f 1289 339 1345
f 1342 1345 350
f 1289 1345 1342
f 339 1290 1356
f 1290 93 1353
f 1356 1353 352
f 1290 1353 1356
f 350 1358 1343
f 1358 352 1354
f 1343 1354 95
f 1358 1354 1343
f 339 1356 1345
f 1356 352 1358
f 1345 1358 350
f 1356 1358 1345
f 10 1701 1373
f 1701 437 1703
f 1373 1703 357
f 1701 1703 1373
f 437 1702 1710
f 1702 116 1708
f 1710 1708 439
f 1702 1708 1710
f 357 1709 1374
f 1709 439 1707
f 1374 1707 97
f 1709 1707 1374
f 437 1710 1703
f 1710 439 1709
f 1703 1709 357
f 1710 1709 1703
f 116 1706 1777
f 1706 438 1779
f 1777 1779 455
f 1706 1779 1777
f 438 1705 1765
f 1705 33 1763
f 1765 1763 452
f 1705 1763 1765
f 455 1781 1778
f 1781 452 1764
f 1778 1764 119
f 1781 1764 1778
f 438 1765 1779
f 1765 452 1781
f 1779 1781 455
f 1765 1781 1779
f 97 1767 1376
f 1767 453 1769
f 1376 1769 358
f 1767 1769 1376
f 453 1768 1771
f 1768 119 1760
f 1771 1760 451
f 1768 1760 1771
f 358 1761 1375
f 1761 451 1759
f 1375 1759 29
f 1761 1759 1375
f 453 1771 1769
f 1771 451 1761
f 1769 1761 358
f 1771 1761 1769
f 116 1777 1708
f 1777 455 1780
f 1708 1780 439
f 1777 1780 1708
f 455 1778 1782
f 1778 119 1768
f 1782 1768 453
f 1778 1768 1782
f 439 1770 1707
f 1770 453 1767
f 1707 1767 97
f 1770 1767 1707
f 455 1782 1780
f 1782 453 1770
f 1780 1770 439
f 1782 1770 1780
f 33 1691 1719
f 1691 434 1721
f 1719 1721 442
f 1691 1721 1719
f 434 1692 1733
f 1692 115 1731
f 1733 1731 445
f 1692 1731 1733
f 442 1735 1720
f 1735 445 1732
f 1720 1732 117
f 1735 1732 1720
f 434 1733 1721
f 1733 445 1735
f 1721 1735 442
f 1733 1735 1721
f 115 1688 1694
f 1688 433 1696
f 1694 1696 435
f 1688 1696 1694
f 433 1687 1689
f 1687 9 1084
f 1689 1084 286
f 1687 1084 1689
f 435 1695 1693
f 1695 286 1085
f 1693 1085 80
f 1695 1085 1693
f 433 1689 1696
f 1689 286 1695
f 1696 1695 435
f 1689 1695 1696
f 117 1723 1716
f 1723 443 1726
f 1716 1726 441
f 1723 1726 1716
f 443 1722 1724
f 1722 80 1087
f 1724 1087 287
f 1722 1087 1724
f 441 1717 1715
f 1717 287 1086
f 1715 1086 25
f 1717 1086 1715
f 443 1724 1726
f 1724 287 1717
f 1726 1717 441
f 1724 1717 1726
f 115 1694 1731
f 1694 435 1734
f 1731 1734 445
f 1694 1734 1731
f 435 1693 1725
f 1693 80 1722
f 1725 1722 443
f 1693 1722 1725
f 445 1736 1732
f 1736 443 1723
f 1732 1723 117
f 1736 1723 1732
f 435 1725 1734
f 1725 443 1736
f 1734 1736 445
f 1725 1736 1734
f 29 1397 1363
f 1397 364 1399
f 1363 1399 354
f 1397 1399 1363
f 364 1398 1409
f 1398 99 1406
f 1409 1406 366
f 1398 1406 1409
f 354 1407 1364
f 1407 366 1405
f 1364 1405 96
f 1407 1405 1364
f 364 1409 1399
f 1409 366 1407
f 1399 1407 354
f 1409 1407 1399
f 99 1395 1401
f 1395 363 1404
f 1401 1404 365
f 1395 1404 1401
f 363 1394 1396
f 1394 25 1078
f 1396 1078 284
f 1394 1078 1396
f 365 1402 1400
f 1402 284 1079
f 1400 1079 79
f 1402 1079 1400
f 363 1396 1404
f 1396 284 1402
f 1404 1402 365
f 1396 1402 1404
f 96 1370 1360
f 1370 356 1372
f 1360 1372 353
f 1370 1372 1360
f 356 1369 1371
f 1369 79 1076
f 1371 1076 283
f 1369 1076 1371
f 353 1362 1359
f 1362 283 1075
f 1359 1075 2
f 1362 1075 1359
f 356 1371 1372
f 1371 283 1362
f 1372 1362 353
f 1371 1362 1372
f 99 1401 1406
f 1401 365 1410
f 1406 1410 366
f 1401 1410 1406
f 365 1400 1403
f 1400 79 1369
f 1403 1369 356
f 1400 1369 1403
f 366 1408 1405
f 1408 356 1370
f 1405 1370 96
f 1408 1370 1405
f 365 1403 1410
f 1403 356 1408
f 1410 1408 366
f 1403 1408 1410
f 33 1719 1763
f 1719 442 1766
f 1763 1766 452
f 1719 1766 1763
f 442 1720 1785
f 1720 117 1783
f 1785 1783 456
f 1720 1783 1785
f 452 1787 1764
f 1787 456 1784
f 1764 1784 119
f 1787 1784 1764
f 442 1785 1766
f 1785 456 1787
f 1766 1787 452
f 1785 1787 1766
f 117 1716 1728
f 1716 441 1730
f 1728 1730 444
f 1716 1730 1728
f 441 1715 1718
f 1715 25 1394
f 1718 1394 363
f 1715 1394 1718
f 444 1729 1727
f 1729 363 1395
f 1727 1395 99
f 1729 1395 1727
f 441 1718 1730
f 1718 363 1729
f 1730 1729 444
f 1718 1729 1730
f 119 1773 1760
f 1773 454 1776
f 1760 1776 451
f 1773 1776 1760
f 454 1772 1774
f 1772 99 1398
f 1774 1398 364
f 1772 1398 1774
f 451 1762 1759
f 1762 364 1397
f 1759 1397 29
f 1762 1397 1759
f 454 1774 1776
f 1774 364 1762
f 1776 1762 451
f 1774 1762 1776
f 117 1728 1783
f 1728 444 1786
f 1783 1786 456
f 1728 1786 1783
f 444 1727 1775
f 1727 99 1772
f 1775 1772 454
f 1727 1772 1775
f 456 1788 1784
f 1788 454 1773
f 1784 1773 119
f 1788 1773 1784
f 444 1775 1786
f 1775 454 1788
f 1786 1788 456
f 1775 1788 1786

